batch_size,learning_rate,split_count,cnt_min,cnt_max,embedding_dim,category_embedding_dim,hidden_size,mcc_code_in,term_id_in,tr_type_in,num_epochs,loss,rnn_encoder_type,checkpoint,epoch_num,early_stop_epoch,recall_topk,metric_rankme,metric_coherence,metric_pseudo_condition_number,metric_alpha_req,metric_stable_rank,metric_ne_sum,metric_self_clustering,metric_ripser_sum_H0,metric_ripser_sq_sum_H0,metric_ripser_sum_H0_norm0.5,metric_ripser_sq_sum_H0_norm0.5,metric_ripser_sum_H0_norm0.7,metric_ripser_sq_sum_H0_norm0.7,metric_ripser_sum_H0_norm0.8,metric_ripser_sq_sum_H0_norm0.8,metric_ripser_sum_H0_norm0.9,metric_ripser_sq_sum_H0_norm0.9,metric_ripser_sum_H0_norm0.95,metric_ripser_sq_sum_H0_norm0.95,metric_ripser_sum_H0_norm0.99,metric_ripser_sq_sum_H0_norm0.99,metric_ripser_sum_H1,metric_ripser_sq_sum_H1,metric_ripser_sum_H1_norm0.5,metric_ripser_sq_sum_H1_norm0.5,metric_ripser_sum_H1_norm0.7,metric_ripser_sq_sum_H1_norm0.7,metric_ripser_sum_H1_norm0.8,metric_ripser_sq_sum_H1_norm0.8,metric_ripser_sum_H1_norm0.9,metric_ripser_sq_sum_H1_norm0.9,metric_ripser_sum_H1_norm0.95,metric_ripser_sq_sum_H1_norm0.95,metric_ripser_sum_H1_norm0.99,metric_ripser_sq_sum_H1_norm0.99,std_rankme,std_coherence,std_pseudo_condition_number,std_alpha_req,std_stable_rank,std_ne_sum,std_self_clustering,std_ripser_sum_H0,std_ripser_sq_sum_H0,std_ripser_sum_H0_norm0.5,std_ripser_sq_sum_H0_norm0.5,std_ripser_sum_H0_norm0.7,std_ripser_sq_sum_H0_norm0.7,std_ripser_sum_H0_norm0.8,std_ripser_sq_sum_H0_norm0.8,std_ripser_sum_H0_norm0.9,std_ripser_sq_sum_H0_norm0.9,std_ripser_sum_H0_norm0.95,std_ripser_sq_sum_H0_norm0.95,std_ripser_sum_H0_norm0.99,std_ripser_sq_sum_H0_norm0.99,std_ripser_sum_H1,std_ripser_sq_sum_H1,std_ripser_sum_H1_norm0.5,std_ripser_sq_sum_H1_norm0.5,std_ripser_sum_H1_norm0.7,std_ripser_sq_sum_H1_norm0.7,std_ripser_sum_H1_norm0.8,std_ripser_sq_sum_H1_norm0.8,std_ripser_sum_H1_norm0.9,std_ripser_sq_sum_H1_norm0.9,std_ripser_sum_H1_norm0.95,std_ripser_sq_sum_H1_norm0.95,std_ripser_sum_H1_norm0.99,std_ripser_sq_sum_H1_norm0.99,accuracy,roc_auc
16,0.001,3,10,100,32,16,256,184,440338,73,30,VicregLoss,gru,/home/dpetrovitch/dzagcoffee/train_trace/gender/checkpoints_2025-10-08 10:26:11.109161_VicregLoss_gru_catboost/model_16_0.001_3_10_100_256_32_16_256_VicregLoss_gruepoch=00.ckpt,0,30,0.07488426,8.919,1.6797,0.0,7.3771,1.0246,1.0323,0.9121,256.4102,23.9885,66.654,6.2358,11.0915,1.0377,10.4682,0.9794,10.1527,0.9498,10.0028,0.9358,9.8373,0.9203,7.0457,0.9551,1.8315,0.2483,0.3048,0.0413,0.2876,0.039,0.279,0.0378,0.2749,0.0373,0.2703,0.0366,0.0,0.0,0.0,0.0,0.0,0.0,0.0,0.0,0.0,0.0,0.0,0.0,0.0,0.0,0.0,0.0,0.0,0.0,0.0,0.0,0.0,0.0,0.0,0.0,0.0,0.0,0.0,0.0,0.0,0.0,0.0,0.0,0.0,0.0,0.0,0.528,0.5216
16,0.001,3,10,100,32,16,256,184,440338,73,30,VicregLoss,gru,/home/dpetrovitch/dzagcoffee/train_trace/gender/checkpoints_2025-10-08 10:26:11.109161_VicregLoss_gru_catboost/model_16_0.001_3_10_100_256_32_16_256_VicregLoss_gruepoch=01.ckpt,1,30,0.08451968,7.4822,1.6797,0.0,7.4202,1.0195,1.0293,0.9325,217.0893,19.6415,53.7395,4.8622,9.2154,0.8338,8.7043,0.7875,8.4556,0.765,8.3149,0.7523,8.1308,0.7356,5.0446,0.7172,1.2488,0.1776,0.2141,0.0304,0.2023,0.0288,0.1965,0.0279,0.1932,0.0275,0.1889,0.0269,0.0,0.0,0.0,0.0,0.0,0.0,0.0,0.0,0.0,0.0,0.0,0.0,0.0,0.0,0.0,0.0,0.0,0.0,0.0,0.0,0.0,0.0,0.0,0.0,0.0,0.0,0.0,0.0,0.0,0.0,0.0,0.0,0.0,0.0,0.0,0.556,0.4853
16,0.001,3,10,100,32,16,256,184,440338,73,30,VicregLoss,gru,/home/dpetrovitch/dzagcoffee/train_trace/gender/checkpoints_2025-10-08 10:26:11.109161_VicregLoss_gru_catboost/model_16_0.001_3_10_100_256_32_16_256_VicregLoss_gruepoch=02.ckpt,2,30,0.07991898,8.2882,1.6797,0.0,5.8793,1.0238,1.0246,0.9455,246.0735,28.3537,37.9977,4.3783,9.1226,1.0511,8.9153,1.0273,8.7646,1.0099,8.6832,1.0005,8.5622,0.9866,6.3423,0.7723,0.9794,0.1192,0.2351,0.0286,0.2298,0.028,0.2259,0.0275,0.2238,0.0273,0.2207,0.0269,0.0,0.0,0.0,0.0,0.0,0.0,0.0,0.0,0.0,0.0,0.0,0.0,0.0,0.0,0.0,0.0,0.0,0.0,0.0,0.0,0.0,0.0,0.0,0.0,0.0,0.0,0.0,0.0,0.0,0.0,0.0,0.0,0.0,0.0,0.0,0.544,0.5381
16,0.001,3,10,100,32,16,256,184,440338,73,30,VicregLoss,gru,/home/dpetrovitch/dzagcoffee/train_trace/gender/checkpoints_2025-10-08 10:26:11.109161_VicregLoss_gru_catboost/model_16_0.001_3_10_100_256_32_16_256_VicregLoss_gruepoch=03.ckpt,3,30,0.10164931,12.8524,1.6797,0.0,5.5489,1.0359,1.0377,0.8876,354.8461,28.7817,24.4985,1.9871,13.7542,1.1156,13.3445,1.0824,12.993,1.0539,12.8314,1.0408,12.6215,1.0237,11.4071,1.523,0.7875,0.1052,0.4422,0.059,0.429,0.0573,0.4177,0.0558,0.4125,0.0551,0.4057,0.0542,0.0,0.0,0.0,0.0,0.0,0.0,0.0,0.0,0.0,0.0,0.0,0.0,0.0,0.0,0.0,0.0,0.0,0.0,0.0,0.0,0.0,0.0,0.0,0.0,0.0,0.0,0.0,0.0,0.0,0.0,0.0,0.0,0.0,0.0,0.0,0.548,0.4728
16,0.001,3,10,100,32,16,256,184,440338,73,30,VicregLoss,gru,/home/dpetrovitch/dzagcoffee/train_trace/gender/checkpoints_2025-10-08 10:26:11.109161_VicregLoss_gru_catboost/model_16_0.001_3_10_100_256_32_16_256_VicregLoss_gruepoch=04.ckpt,4,30,0.0958912,9.3545,1.6797,0.0,9.5546,1.0282,1.043,0.9129,297.7116,26.1171,66.6269,5.8449,12.0612,1.0581,11.5702,1.015,11.2128,0.9837,11.0554,0.9698,10.7694,0.9448,7.4683,1.1172,1.6714,0.25,0.3026,0.0453,0.2902,0.0434,0.2813,0.0421,0.2773,0.0415,0.2702,0.0404,0.0,0.0,0.0,0.0,0.0,0.0,0.0,0.0,0.0,0.0,0.0,0.0,0.0,0.0,0.0,0.0,0.0,0.0,0.0,0.0,0.0,0.0,0.0,0.0,0.0,0.0,0.0,0.0,0.0,0.0,0.0,0.0,0.0,0.0,0.0,0.552,0.5362
16,0.001,3,10,100,32,16,256,184,440338,73,30,VicregLoss,gru,/home/dpetrovitch/dzagcoffee/train_trace/gender/checkpoints_2025-10-08 10:26:11.109161_VicregLoss_gru_catboost/model_16_0.001_3_10_100_256_32_16_256_VicregLoss_gruepoch=05.ckpt,5,30,0.102314815,14.4527,1.6797,0.0,6.4098,1.0512,1.0603,0.862,421.0382,29.9931,59.7103,4.2535,16.5089,1.176,15.9267,1.1346,15.4668,1.1018,15.2448,1.086,14.9718,1.0665,14.0355,2.0419,1.9905,0.2896,0.5503,0.0801,0.5309,0.0772,0.5156,0.075,0.5082,0.0739,0.4991,0.0726,0.0,0.0,0.0,0.0,0.0,0.0,0.0,0.0,0.0,0.0,0.0,0.0,0.0,0.0,0.0,0.0,0.0,0.0,0.0,0.0,0.0,0.0,0.0,0.0,0.0,0.0,0.0,0.0,0.0,0.0,0.0,0.0,0.0,0.0,0.0,0.536,0.4913
16,0.001,3,10,100,32,16,256,184,440338,73,30,VicregLoss,gru,/home/dpetrovitch/dzagcoffee/train_trace/gender/checkpoints_2025-10-08 10:26:11.109161_VicregLoss_gru_catboost/model_16_0.001_3_10_100_256_32_16_256_VicregLoss_gruepoch=06.ckpt,6,30,0.09982639,16.403,1.6797,0.0,7.964,1.0489,1.0613,0.8767,437.068,33.3775,66.8134,5.1023,16.6927,1.2748,16.2544,1.2413,15.915,1.2154,15.7006,1.199,15.3804,1.1746,10.592,1.6218,1.6192,0.2479,0.4045,0.0619,0.3939,0.0603,0.3857,0.0591,0.3805,0.0583,0.3727,0.0571,0.0,0.0,0.0,0.0,0.0,0.0,0.0,0.0,0.0,0.0,0.0,0.0,0.0,0.0,0.0,0.0,0.0,0.0,0.0,0.0,0.0,0.0,0.0,0.0,0.0,0.0,0.0,0.0,0.0,0.0,0.0,0.0,0.0,0.0,0.0,0.544,0.4837
16,0.001,3,10,100,32,16,256,184,440338,73,30,VicregLoss,gru,/home/dpetrovitch/dzagcoffee/train_trace/gender/checkpoints_2025-10-08 10:26:11.109161_VicregLoss_gru_catboost/model_16_0.001_3_10_100_256_32_16_256_VicregLoss_gruepoch=07.ckpt,7,30,0.08200232,21.1219,1.6797,0.0,6.475,1.0539,1.0466,0.8571,516.0502,36.1345,32.3477,2.265,19.308,1.352,18.8229,1.318,18.3944,1.288,18.1829,1.2732,17.8935,1.2529,14.9657,1.6697,0.9381,0.1047,0.5599,0.0625,0.5459,0.0609,0.5334,0.0595,0.5273,0.0588,0.5189,0.0579,0.0,0.0,0.0,0.0,0.0,0.0,0.0,0.0,0.0,0.0,0.0,0.0,0.0,0.0,0.0,0.0,0.0,0.0,0.0,0.0,0.0,0.0,0.0,0.0,0.0,0.0,0.0,0.0,0.0,0.0,0.0,0.0,0.0,0.0,0.0,0.524,0.5196
16,0.001,3,10,100,32,16,256,184,440338,73,30,VicregLoss,gru,/home/dpetrovitch/dzagcoffee/train_trace/gender/checkpoints_2025-10-08 10:26:11.109161_VicregLoss_gru_catboost/model_16_0.001_3_10_100_256_32_16_256_VicregLoss_gruepoch=08.ckpt,8,30,0.09236111,21.8238,1.6797,0.0,8.3668,1.0539,1.0599,0.8835,573.802,37.6213,79.6001,5.219,20.8351,1.3661,20.3527,1.3344,19.9444,1.3077,19.7346,1.2939,19.4035,1.2722,14.334,1.6518,1.9885,0.2291,0.5205,0.06,0.5084,0.0586,0.4982,0.0574,0.493,0.0568,0.4847,0.0559,0.0,0.0,0.0,0.0,0.0,0.0,0.0,0.0,0.0,0.0,0.0,0.0,0.0,0.0,0.0,0.0,0.0,0.0,0.0,0.0,0.0,0.0,0.0,0.0,0.0,0.0,0.0,0.0,0.0,0.0,0.0,0.0,0.0,0.0,0.0,0.528,0.4779
16,0.001,3,10,100,32,16,256,184,440338,73,30,VicregLoss,gru,/home/dpetrovitch/dzagcoffee/train_trace/gender/checkpoints_2025-10-08 10:26:11.109161_VicregLoss_gru_catboost/model_16_0.001_3_10_100_256_32_16_256_VicregLoss_gruepoch=09.ckpt,9,30,0.09626736,39.5939,1.677,0.0002,4.9804,1.0965,1.0907,0.7929,798.4226,48.4038,52.0521,3.1556,28.4249,1.7232,27.4513,1.6642,26.8573,1.6282,26.6178,1.6137,26.3477,1.5973,17.798,2.8773,1.1603,0.1876,0.6336,0.1024,0.6119,0.0989,0.5987,0.0968,0.5933,0.0959,0.5873,0.095,0.0,0.0,0.0,0.0,0.0,0.0,0.0,0.0,0.0,0.0,0.0,0.0,0.0,0.0,0.0,0.0,0.0,0.0,0.0,0.0,0.0,0.0,0.0,0.0,0.0,0.0,0.0,0.0,0.0,0.0,0.0,0.0,0.0,0.0,0.0,0.536,0.4751
16,0.001,3,10,100,32,16,256,184,440338,73,30,VicregLoss,gru,/home/dpetrovitch/dzagcoffee/train_trace/gender/checkpoints_2025-10-08 10:26:11.109161_VicregLoss_gru_catboost/model_16_0.001_3_10_100_256_32_16_256_VicregLoss_gruepoch=10.ckpt,10,30,0.08993056,23.2022,1.6797,0.0,10.5027,1.0691,1.0801,0.8611,593.9125,39.6406,72.9111,4.8664,21.1898,1.4143,20.6055,1.3753,20.2174,1.3494,20.0468,1.338,19.795,1.3212,16.5744,2.0367,2.0347,0.25,0.5913,0.0727,0.575,0.0707,0.5642,0.0693,0.5594,0.0687,0.5524,0.0679,0.0,0.0,0.0,0.0,0.0,0.0,0.0,0.0,0.0,0.0,0.0,0.0,0.0,0.0,0.0,0.0,0.0,0.0,0.0,0.0,0.0,0.0,0.0,0.0,0.0,0.0,0.0,0.0,0.0,0.0,0.0,0.0,0.0,0.0,0.0,0.5,0.4744
16,0.001,3,10,100,32,16,256,184,440338,73,30,VicregLoss,gru,/home/dpetrovitch/dzagcoffee/train_trace/gender/checkpoints_2025-10-08 10:26:11.109161_VicregLoss_gru_catboost/model_16_0.001_3_10_100_256_32_16_256_VicregLoss_gruepoch=11.ckpt,11,30,0.094444446,22.791,1.6797,0.0,12.6111,1.0531,1.065,0.8797,601.3226,41.5142,99.4728,6.8674,21.3715,1.4755,20.7489,1.4325,20.4317,1.4106,20.2852,1.4005,20.0666,1.3854,18.4436,2.2696,3.051,0.3754,0.6555,0.0807,0.6364,0.0783,0.6267,0.0771,0.6222,0.0766,0.6155,0.0757,0.0,0.0,0.0,0.0,0.0,0.0,0.0,0.0,0.0,0.0,0.0,0.0,0.0,0.0,0.0,0.0,0.0,0.0,0.0,0.0,0.0,0.0,0.0,0.0,0.0,0.0,0.0,0.0,0.0,0.0,0.0,0.0,0.0,0.0,0.0,0.524,0.4504
16,0.001,3,10,100,32,16,256,184,440338,73,30,VicregLoss,gru,/home/dpetrovitch/dzagcoffee/train_trace/gender/checkpoints_2025-10-08 10:26:11.109161_VicregLoss_gru_catboost/model_16_0.001_3_10_100_256_32_16_256_VicregLoss_gruepoch=12.ckpt,12,30,0.08923611,18.9313,1.6797,0.0,11.3075,1.0438,1.0482,0.9061,518.643,37.8854,77.6622,5.673,17.9208,1.3091,17.6476,1.2891,17.4345,1.2735,17.297,1.2635,17.1061,1.2496,12.3887,1.6135,1.8551,0.2416,0.4281,0.0558,0.4215,0.0549,0.4165,0.0542,0.4132,0.0538,0.4086,0.0532,0.0,0.0,0.0,0.0,0.0,0.0,0.0,0.0,0.0,0.0,0.0,0.0,0.0,0.0,0.0,0.0,0.0,0.0,0.0,0.0,0.0,0.0,0.0,0.0,0.0,0.0,0.0,0.0,0.0,0.0,0.0,0.0,0.0,0.0,0.0,0.536,0.4845
16,0.001,3,10,100,32,16,256,184,440338,73,30,VicregLoss,gru,/home/dpetrovitch/dzagcoffee/train_trace/gender/checkpoints_2025-10-08 10:26:11.109161_VicregLoss_gru_catboost/model_16_0.001_3_10_100_256_32_16_256_VicregLoss_gruepoch=13.ckpt,13,30,0.092418976,18.8996,1.6797,0.0,13.906,1.0441,1.0505,0.9038,542.9135,37.6954,88.6403,6.1544,19.1294,1.3282,18.758,1.3024,18.4583,1.2816,18.274,1.2688,18.0,1.2498,17.7966,1.989,2.9056,0.3247,0.6271,0.0701,0.6149,0.0687,0.6051,0.0676,0.599,0.0669,0.59,0.0659,0.0,0.0,0.0,0.0,0.0,0.0,0.0,0.0,0.0,0.0,0.0,0.0,0.0,0.0,0.0,0.0,0.0,0.0,0.0,0.0,0.0,0.0,0.0,0.0,0.0,0.0,0.0,0.0,0.0,0.0,0.0,0.0,0.0,0.0,0.0,0.592,0.4894
16,0.001,3,10,100,32,16,256,184,440338,73,30,VicregLoss,gru,/home/dpetrovitch/dzagcoffee/train_trace/gender/checkpoints_2025-10-08 10:26:11.109161_VicregLoss_gru_catboost/model_16_0.001_3_10_100_256_32_16_256_VicregLoss_gruepoch=14.ckpt,14,30,0.09707755,19.9212,1.6797,0.0,8.5832,1.0498,1.0531,0.8974,522.2034,36.6097,58.0224,4.0677,17.9713,1.2599,17.6486,1.2373,17.3828,1.2186,17.2306,1.208,17.0524,1.1955,12.8636,1.7696,1.4293,0.1966,0.4427,0.0609,0.4347,0.0598,0.4282,0.0589,0.4244,0.0584,0.4201,0.0578,0.0,0.0,0.0,0.0,0.0,0.0,0.0,0.0,0.0,0.0,0.0,0.0,0.0,0.0,0.0,0.0,0.0,0.0,0.0,0.0,0.0,0.0,0.0,0.0,0.0,0.0,0.0,0.0,0.0,0.0,0.0,0.0,0.0,0.0,0.0,0.48,0.381
16,0.001,3,10,100,32,16,256,184,440338,73,30,VicregLoss,gru,/home/dpetrovitch/dzagcoffee/train_trace/gender/checkpoints_2025-10-08 10:26:11.109161_VicregLoss_gru_catboost/model_16_0.001_3_10_100_256_32_16_256_VicregLoss_gruepoch=15.ckpt,15,30,0.09001736,18.7916,1.6797,0.0,9.2127,1.0364,1.0392,0.9146,492.3072,36.6648,67.3394,5.0151,16.7606,1.2483,16.5138,1.2299,16.3033,1.2142,16.1734,1.2045,16.0142,1.1927,10.9704,1.45,1.5006,0.1983,0.3735,0.0494,0.368,0.0486,0.3633,0.048,0.3604,0.0476,0.3569,0.0472,0.0,0.0,0.0,0.0,0.0,0.0,0.0,0.0,0.0,0.0,0.0,0.0,0.0,0.0,0.0,0.0,0.0,0.0,0.0,0.0,0.0,0.0,0.0,0.0,0.0,0.0,0.0,0.0,0.0,0.0,0.0,0.0,0.0,0.0,0.0,0.544,0.467
16,0.001,3,10,100,32,16,256,184,440338,73,30,VicregLoss,gru,/home/dpetrovitch/dzagcoffee/train_trace/gender/checkpoints_2025-10-08 10:26:11.109161_VicregLoss_gru_catboost/model_16_0.001_3_10_100_256_32_16_256_VicregLoss_gruepoch=16.ckpt,16,30,0.095052086,16.3176,1.6797,0.0,13.1898,1.034,1.0417,0.9213,459.1898,37.7412,94.2151,7.7436,15.6398,1.2855,15.3265,1.2597,15.1335,1.2438,15.0134,1.234,14.8695,1.2221,7.6219,1.2457,1.5638,0.2556,0.2596,0.0424,0.2544,0.0416,0.2512,0.0411,0.2492,0.0407,0.2468,0.0403,0.0,0.0,0.0,0.0,0.0,0.0,0.0,0.0,0.0,0.0,0.0,0.0,0.0,0.0,0.0,0.0,0.0,0.0,0.0,0.0,0.0,0.0,0.0,0.0,0.0,0.0,0.0,0.0,0.0,0.0,0.0,0.0,0.0,0.0,0.0,0.52,0.4845
16,0.001,3,10,100,32,16,256,184,440338,73,30,VicregLoss,gru,/home/dpetrovitch/dzagcoffee/train_trace/gender/checkpoints_2025-10-08 10:26:11.109161_VicregLoss_gru_catboost/model_16_0.001_3_10_100_256_32_16_256_VicregLoss_gruepoch=17.ckpt,17,30,0.09366319,43.0661,1.6765,0.0002,5.0581,1.1105,1.1025,0.7677,845.8683,54.6443,46.7225,3.0183,29.8865,1.9307,28.5676,1.8455,28.0183,1.81,27.7417,1.7922,27.4223,1.7715,19.7952,3.6603,1.0934,0.2022,0.6994,0.1293,0.6685,0.1236,0.6557,0.1212,0.6492,0.12,0.6417,0.1187,0.0,0.0,0.0,0.0,0.0,0.0,0.0,0.0,0.0,0.0,0.0,0.0,0.0,0.0,0.0,0.0,0.0,0.0,0.0,0.0,0.0,0.0,0.0,0.0,0.0,0.0,0.0,0.0,0.0,0.0,0.0,0.0,0.0,0.0,0.0,0.508,0.4727
16,0.001,3,10,100,32,16,256,184,440338,73,30,VicregLoss,gru,/home/dpetrovitch/dzagcoffee/train_trace/gender/checkpoints_2025-10-08 10:26:11.109161_VicregLoss_gru_catboost/model_16_0.001_3_10_100_256_32_16_256_VicregLoss_gruepoch=18.ckpt,18,30,0.08932292,34.4694,1.6784,1e-04,5.243,1.0601,1.0513,0.8745,747.2481,44.5564,117.7292,7.0199,26.896,1.6037,26.2458,1.565,25.8238,1.5398,25.5649,1.5244,25.134,1.4987,22.2898,2.3071,3.5118,0.3635,0.8023,0.083,0.7829,0.081,0.7703,0.0797,0.7626,0.0789,0.7497,0.0776,0.0,0.0,0.0,0.0,0.0,0.0,0.0,0.0,0.0,0.0,0.0,0.0,0.0,0.0,0.0,0.0,0.0,0.0,0.0,0.0,0.0,0.0,0.0,0.0,0.0,0.0,0.0,0.0,0.0,0.0,0.0,0.0,0.0,0.0,0.0,0.54,0.5286
16,0.001,3,10,100,32,16,256,184,440338,73,30,VicregLoss,gru,/home/dpetrovitch/dzagcoffee/train_trace/gender/checkpoints_2025-10-08 10:26:11.109161_VicregLoss_gru_catboost/model_16_0.001_3_10_100_256_32_16_256_VicregLoss_gruepoch=19.ckpt,19,30,0.09236111,27.5655,1.6797,0.0,9.7248,1.0536,1.0599,0.8744,656.7608,44.6885,108.7512,7.3999,23.3787,1.5908,22.8788,1.5568,22.4334,1.5265,22.2385,1.5132,21.8965,1.4899,15.7872,2.317,2.6142,0.3837,0.562,0.0825,0.55,0.0807,0.5393,0.0791,0.5346,0.0785,0.5263,0.0772,0.0,0.0,0.0,0.0,0.0,0.0,0.0,0.0,0.0,0.0,0.0,0.0,0.0,0.0,0.0,0.0,0.0,0.0,0.0,0.0,0.0,0.0,0.0,0.0,0.0,0.0,0.0,0.0,0.0,0.0,0.0,0.0,0.0,0.0,0.0,0.532,0.4722
16,0.001,3,10,100,32,16,256,184,440338,73,30,VicregLoss,gru,/home/dpetrovitch/dzagcoffee/train_trace/gender/checkpoints_2025-10-08 10:26:11.109161_VicregLoss_gru_catboost/model_16_0.001_3_10_100_256_32_16_256_VicregLoss_gruepoch=20.ckpt,20,30,0.091145836,26.1156,1.6797,0.0,9.4803,1.0459,1.0507,0.8893,633.5572,44.2647,100.5768,7.027,22.3811,1.5637,21.9396,1.5329,21.5491,1.5056,21.3634,1.4926,21.0337,1.4696,15.3754,2.2269,2.4408,0.3535,0.5432,0.0787,0.5324,0.0771,0.523,0.0757,0.5185,0.0751,0.5105,0.0739,0.0,0.0,0.0,0.0,0.0,0.0,0.0,0.0,0.0,0.0,0.0,0.0,0.0,0.0,0.0,0.0,0.0,0.0,0.0,0.0,0.0,0.0,0.0,0.0,0.0,0.0,0.0,0.0,0.0,0.0,0.0,0.0,0.0,0.0,0.0,0.528,0.4923
16,0.001,3,10,100,32,16,256,184,440338,73,30,VicregLoss,gru,/home/dpetrovitch/dzagcoffee/train_trace/gender/checkpoints_2025-10-08 10:26:11.109161_VicregLoss_gru_catboost/model_16_0.001_3_10_100_256_32_16_256_VicregLoss_gruepoch=21.ckpt,21,30,0.09163773,20.0522,1.6797,0.0,15.4002,1.0381,1.0545,0.9071,535.2227,39.8333,137.3213,10.22,19.6471,1.4622,18.6376,1.3871,18.3472,1.3655,18.1807,1.3531,17.9209,1.3337,10.9442,1.5941,2.8079,0.409,0.4017,0.0585,0.3811,0.0555,0.3752,0.0546,0.3718,0.0542,0.3664,0.0534,0.0,0.0,0.0,0.0,0.0,0.0,0.0,0.0,0.0,0.0,0.0,0.0,0.0,0.0,0.0,0.0,0.0,0.0,0.0,0.0,0.0,0.0,0.0,0.0,0.0,0.0,0.0,0.0,0.0,0.0,0.0,0.0,0.0,0.0,0.0,0.472,0.4393
16,0.001,3,10,100,32,16,256,184,440338,73,30,VicregLoss,gru,/home/dpetrovitch/dzagcoffee/train_trace/gender/checkpoints_2025-10-08 10:26:11.109161_VicregLoss_gru_catboost/model_16_0.001_3_10_100_256_32_16_256_VicregLoss_gruepoch=22.ckpt,22,30,0.09513889,22.4201,1.6797,0.0,11.2742,1.0441,1.0537,0.8992,572.308,39.3511,108.5308,7.4624,20.1363,1.3845,19.7053,1.3549,19.3973,1.3337,19.2207,1.3216,18.9534,1.3032,14.6602,2.0889,2.7801,0.3961,0.5158,0.0735,0.5048,0.0719,0.4969,0.0708,0.4924,0.0702,0.4855,0.0692,0.0,0.0,0.0,0.0,0.0,0.0,0.0,0.0,0.0,0.0,0.0,0.0,0.0,0.0,0.0,0.0,0.0,0.0,0.0,0.0,0.0,0.0,0.0,0.0,0.0,0.0,0.0,0.0,0.0,0.0,0.0,0.0,0.0,0.0,0.0,0.536,0.4733
16,0.001,3,10,100,32,16,256,184,440338,73,30,VicregLoss,gru,/home/dpetrovitch/dzagcoffee/train_trace/gender/checkpoints_2025-10-08 10:26:11.109161_VicregLoss_gru_catboost/model_16_0.001_3_10_100_256_32_16_256_VicregLoss_gruepoch=23.ckpt,23,30,0.09253472,27.1341,1.6794,0.0,5.885,1.0467,1.0444,0.891,634.0596,41.9993,36.8097,2.4382,22.0059,1.4576,21.6639,1.435,21.3843,1.4165,21.1971,1.4041,20.9376,1.3869,18.1826,2.2144,1.0556,0.1286,0.631,0.0769,0.6212,0.0757,0.6132,0.0747,0.6079,0.074,0.6004,0.0731,0.0,0.0,0.0,0.0,0.0,0.0,0.0,0.0,0.0,0.0,0.0,0.0,0.0,0.0,0.0,0.0,0.0,0.0,0.0,0.0,0.0,0.0,0.0,0.0,0.0,0.0,0.0,0.0,0.0,0.0,0.0,0.0,0.0,0.0,0.0,0.532,0.4947
16,0.001,3,10,100,32,16,256,184,440338,73,30,VicregLoss,gru,/home/dpetrovitch/dzagcoffee/train_trace/gender/checkpoints_2025-10-08 10:26:11.109161_VicregLoss_gru_catboost/model_16_0.001_3_10_100_256_32_16_256_VicregLoss_gruepoch=24.ckpt,24,30,0.09887153,27.4306,1.6796,0.0,5.9044,1.0465,1.0441,0.8876,635.0448,43.7451,35.2591,2.4288,22.0458,1.5186,21.6813,1.4935,21.3793,1.4727,21.1989,1.4603,20.9159,1.4408,17.2603,2.081,0.9583,0.1155,0.5992,0.0722,0.5893,0.071,0.5811,0.0701,0.5762,0.0695,0.5685,0.0685,0.0,0.0,0.0,0.0,0.0,0.0,0.0,0.0,0.0,0.0,0.0,0.0,0.0,0.0,0.0,0.0,0.0,0.0,0.0,0.0,0.0,0.0,0.0,0.0,0.0,0.0,0.0,0.0,0.0,0.0,0.0,0.0,0.0,0.0,0.0,0.516,0.4809
16,0.001,3,10,100,32,16,256,184,440338,73,30,VicregLoss,gru,/home/dpetrovitch/dzagcoffee/train_trace/gender/checkpoints_2025-10-08 10:26:11.109161_VicregLoss_gru_catboost/model_16_0.001_3_10_100_256_32_16_256_VicregLoss_gruepoch=25.ckpt,25,30,0.08888889,28.6842,1.6797,0.0,5.992,1.0473,1.0434,0.8894,668.3194,44.6057,39.0959,2.6094,23.5268,1.5703,23.087,1.5409,22.7801,1.5204,22.5225,1.5032,22.2194,1.483,17.0766,1.7669,0.999,0.1034,0.6011,0.0622,0.5899,0.061,0.5821,0.0602,0.5755,0.0595,0.5677,0.0587,0.0,0.0,0.0,0.0,0.0,0.0,0.0,0.0,0.0,0.0,0.0,0.0,0.0,0.0,0.0,0.0,0.0,0.0,0.0,0.0,0.0,0.0,0.0,0.0,0.0,0.0,0.0,0.0,0.0,0.0,0.0,0.0,0.0,0.0,0.0,0.516,0.4824
16,0.001,3,10,100,32,16,256,184,440338,73,30,VicregLoss,gru,/home/dpetrovitch/dzagcoffee/train_trace/gender/checkpoints_2025-10-08 10:26:11.109161_VicregLoss_gru_catboost/model_16_0.001_3_10_100_256_32_16_256_VicregLoss_gruepoch=26.ckpt,26,30,0.090335645,27.4252,1.6797,0.0,6.5002,1.0442,1.042,0.8954,651.9506,43.1636,53.5975,3.5485,22.9124,1.517,22.5665,1.4941,22.2537,1.4733,22.0029,1.4567,21.7048,1.437,17.2587,1.9577,1.4189,0.1609,0.6065,0.0688,0.5974,0.0678,0.5891,0.0668,0.5825,0.0661,0.5746,0.0652,0.0,0.0,0.0,0.0,0.0,0.0,0.0,0.0,0.0,0.0,0.0,0.0,0.0,0.0,0.0,0.0,0.0,0.0,0.0,0.0,0.0,0.0,0.0,0.0,0.0,0.0,0.0,0.0,0.0,0.0,0.0,0.0,0.0,0.0,0.0,0.532,0.4712
16,0.001,3,10,100,32,16,256,184,440338,73,30,VicregLoss,gru,/home/dpetrovitch/dzagcoffee/train_trace/gender/checkpoints_2025-10-08 10:26:11.109161_VicregLoss_gru_catboost/model_16_0.001_3_10_100_256_32_16_256_VicregLoss_gruepoch=27.ckpt,27,30,0.08981481,25.8069,1.6797,0.0,6.969,1.0418,1.0408,0.9011,632.1152,41.5639,61.7025,4.0572,22.1778,1.4583,21.8357,1.4358,21.5436,1.4166,21.3012,1.4006,21.0148,1.3818,18.277,1.9943,1.7841,0.1947,0.6412,0.07,0.6314,0.0689,0.6229,0.068,0.6159,0.0672,0.6076,0.0663,0.0,0.0,0.0,0.0,0.0,0.0,0.0,0.0,0.0,0.0,0.0,0.0,0.0,0.0,0.0,0.0,0.0,0.0,0.0,0.0,0.0,0.0,0.0,0.0,0.0,0.0,0.0,0.0,0.0,0.0,0.0,0.0,0.0,0.0,0.0,0.552,0.4981
16,0.001,3,10,100,32,16,256,184,440338,73,30,VicregLoss,gru,/home/dpetrovitch/dzagcoffee/train_trace/gender/checkpoints_2025-10-08 10:26:11.109161_VicregLoss_gru_catboost/model_16_0.001_3_10_100_256_32_16_256_VicregLoss_gruepoch=28.ckpt,28,30,0.09759838,24.95,1.6797,0.0,7.6733,1.0408,1.0409,0.9031,617.0255,41.4421,73.8824,4.9623,21.6072,1.4512,21.2796,1.4292,21.0167,1.4116,20.7666,1.3948,20.4929,1.3764,17.0494,2.0021,2.0415,0.2397,0.597,0.0701,0.588,0.069,0.5807,0.0682,0.5738,0.0674,0.5663,0.0665,0.0,0.0,0.0,0.0,0.0,0.0,0.0,0.0,0.0,0.0,0.0,0.0,0.0,0.0,0.0,0.0,0.0,0.0,0.0,0.0,0.0,0.0,0.0,0.0,0.0,0.0,0.0,0.0,0.0,0.0,0.0,0.0,0.0,0.0,0.0,0.528,0.475
16,0.001,3,10,100,32,16,256,184,440338,73,30,VicregLoss,gru,/home/dpetrovitch/dzagcoffee/train_trace/gender/checkpoints_2025-10-08 10:26:11.109161_VicregLoss_gru_catboost/model_16_0.001_3_10_100_256_32_16_256_VicregLoss_gruepoch=29.ckpt,29,30,0.09143519,23.5329,1.6797,0.0,8.4581,1.0396,1.0411,0.9064,592.4677,40.2734,90.8062,6.1726,20.6934,1.4066,20.4066,1.3872,20.1537,1.37,19.9211,1.3541,19.6443,1.3353,15.3101,1.7452,2.3465,0.2675,0.5347,0.061,0.5273,0.0601,0.5208,0.0594,0.5148,0.0587,0.5076,0.0579,0.0,0.0,0.0,0.0,0.0,0.0,0.0,0.0,0.0,0.0,0.0,0.0,0.0,0.0,0.0,0.0,0.0,0.0,0.0,0.0,0.0,0.0,0.0,0.0,0.0,0.0,0.0,0.0,0.0,0.0,0.0,0.0,0.0,0.0,0.0,0.564,0.4821
32,0.001,3,10,100,32,16,256,184,440338,73,30,VicregLoss,gru,/home/dpetrovitch/dzagcoffee/train_trace/gender/checkpoints_2025-10-08 10:26:11.109161_VicregLoss_gru_catboost/model_32_0.001_3_10_100_256_32_16_256_VicregLoss_gruepoch=00.ckpt,0,30,0.06538285,14.9344,1.6782,1e-04,5.1114,1.1305,1.1604,0.6729,402.6957,24.6745,27.1981,1.6665,18.0978,1.1089,17.5597,1.0759,17.0626,1.0455,16.6251,1.0187,16.0836,0.9855,15.1691,2.1254,1.0245,0.1435,0.6817,0.0955,0.6615,0.0927,0.6427,0.0901,0.6262,0.0877,0.6059,0.0849,0.0,0.0,0.0,0.0,0.0,0.0,0.0,0.0,0.0,0.0,0.0,0.0,0.0,0.0,0.0,0.0,0.0,0.0,0.0,0.0,0.0,0.0,0.0,0.0,0.0,0.0,0.0,0.0,0.0,0.0,0.0,0.0,0.0,0.0,0.0,0.532,0.5172
32,0.001,3,10,100,32,16,256,184,440338,73,30,VicregLoss,gru,/home/dpetrovitch/dzagcoffee/train_trace/gender/checkpoints_2025-10-08 10:26:11.109161_VicregLoss_gru_catboost/model_32_0.001_3_10_100_256_32_16_256_VicregLoss_gruepoch=01.ckpt,1,30,0.06934393,11.5072,1.6787,0.0,6.0063,1.0473,1.0488,0.8319,343.3106,25.6084,30.9896,2.3116,14.5609,1.0861,14.1087,1.0524,13.7662,1.0269,13.5923,1.0139,13.223,0.9863,12.6334,1.6208,1.1404,0.1463,0.5358,0.0687,0.5192,0.0666,0.5066,0.065,0.5002,0.0642,0.4866,0.0624,0.0,0.0,0.0,0.0,0.0,0.0,0.0,0.0,0.0,0.0,0.0,0.0,0.0,0.0,0.0,0.0,0.0,0.0,0.0,0.0,0.0,0.0,0.0,0.0,0.0,0.0,0.0,0.0,0.0,0.0,0.0,0.0,0.0,0.0,0.0,0.536,0.5294
32,0.001,3,10,100,32,16,256,184,440338,73,30,VicregLoss,gru,/home/dpetrovitch/dzagcoffee/train_trace/gender/checkpoints_2025-10-08 10:26:11.109161_VicregLoss_gru_catboost/model_32_0.001_3_10_100_256_32_16_256_VicregLoss_gruepoch=02.ckpt,2,30,0.06552449,12.649,1.6797,0.0,5.9925,1.0406,1.0437,0.8577,366.1582,27.2142,58.014,4.3118,15.2136,1.1307,14.5995,1.0851,14.1513,1.0518,13.8627,1.0303,13.1643,0.9784,12.7526,1.909,2.0205,0.3025,0.5299,0.0793,0.5085,0.0761,0.4929,0.0738,0.4828,0.0723,0.4585,0.0686,0.0,0.0,0.0,0.0,0.0,0.0,0.0,0.0,0.0,0.0,0.0,0.0,0.0,0.0,0.0,0.0,0.0,0.0,0.0,0.0,0.0,0.0,0.0,0.0,0.0,0.0,0.0,0.0,0.0,0.0,0.0,0.0,0.0,0.0,0.0,0.556,0.5479
32,0.001,3,10,100,32,16,256,184,440338,73,30,VicregLoss,gru,/home/dpetrovitch/dzagcoffee/train_trace/gender/checkpoints_2025-10-08 10:26:11.109161_VicregLoss_gru_catboost/model_32_0.001_3_10_100_256_32_16_256_VicregLoss_gruepoch=03.ckpt,3,30,0.060169958,53.3317,1.6712,0.0007,4.1317,1.6336,1.515,0.3695,1033.1172,55.8268,69.5715,3.7594,52.9322,2.8603,47.495,2.5665,44.257,2.3915,42.8215,2.314,40.9061,2.2105,37.2821,4.8973,2.5106,0.3298,1.9102,0.2509,1.714,0.2251,1.5971,0.2098,1.5453,0.203,1.4762,0.1939,0.0,0.0,0.0,0.0,0.0,0.0,0.0,0.0,0.0,0.0,0.0,0.0,0.0,0.0,0.0,0.0,0.0,0.0,0.0,0.0,0.0,0.0,0.0,0.0,0.0,0.0,0.0,0.0,0.0,0.0,0.0,0.0,0.0,0.0,0.0,0.496,0.4896
32,0.001,3,10,100,32,16,256,184,440338,73,30,VicregLoss,gru,/home/dpetrovitch/dzagcoffee/train_trace/gender/checkpoints_2025-10-08 10:26:11.109161_VicregLoss_gru_catboost/model_32_0.001_3_10_100_256_32_16_256_VicregLoss_gruepoch=04.ckpt,4,30,0.060891815,31.2055,1.6796,0.0,6.136,1.1489,1.2119,0.7193,682.9566,41.846,69.6253,4.2661,29.3044,1.7955,28.2657,1.7319,27.4621,1.6826,26.9858,1.6535,25.7123,1.5754,19.7814,2.6153,2.0167,0.2666,0.8488,0.1122,0.8187,0.1082,0.7954,0.1052,0.7816,0.1033,0.7447,0.0985,0.0,0.0,0.0,0.0,0.0,0.0,0.0,0.0,0.0,0.0,0.0,0.0,0.0,0.0,0.0,0.0,0.0,0.0,0.0,0.0,0.0,0.0,0.0,0.0,0.0,0.0,0.0,0.0,0.0,0.0,0.0,0.0,0.0,0.0,0.0,0.58,0.551
32,0.001,3,10,100,32,16,256,184,440338,73,30,VicregLoss,gru,/home/dpetrovitch/dzagcoffee/train_trace/gender/checkpoints_2025-10-08 10:26:11.109161_VicregLoss_gru_catboost/model_32_0.001_3_10_100_256_32_16_256_VicregLoss_gruepoch=05.ckpt,5,30,0.062404055,29.836,1.6797,0.0,7.1069,1.1638,1.2478,0.7299,725.5111,41.9235,71.4908,4.1311,30.3696,1.7549,29.1237,1.6829,28.223,1.6309,27.6108,1.5955,26.4044,1.5258,21.2182,2.5432,2.0908,0.2506,0.8882,0.1065,0.8517,0.1021,0.8254,0.0989,0.8075,0.0968,0.7722,0.0926,0.0,0.0,0.0,0.0,0.0,0.0,0.0,0.0,0.0,0.0,0.0,0.0,0.0,0.0,0.0,0.0,0.0,0.0,0.0,0.0,0.0,0.0,0.0,0.0,0.0,0.0,0.0,0.0,0.0,0.0,0.0,0.0,0.0,0.0,0.0,0.568,0.547
32,0.001,3,10,100,32,16,256,184,440338,73,30,VicregLoss,gru,/home/dpetrovitch/dzagcoffee/train_trace/gender/checkpoints_2025-10-08 10:26:11.109161_VicregLoss_gru_catboost/model_32_0.001_3_10_100_256_32_16_256_VicregLoss_gruepoch=06.ckpt,6,30,0.06653874,40.153,1.6786,1e-04,5.1555,1.1245,1.1318,0.7442,816.3255,49.83,55.5185,3.3889,31.6507,1.932,30.6822,1.8729,29.7155,1.8139,29.1785,1.7811,28.4302,1.7354,21.9306,3.7886,1.4915,0.2577,0.8503,0.1469,0.8243,0.1424,0.7983,0.1379,0.7839,0.1354,0.7638,0.1319,0.0,0.0,0.0,0.0,0.0,0.0,0.0,0.0,0.0,0.0,0.0,0.0,0.0,0.0,0.0,0.0,0.0,0.0,0.0,0.0,0.0,0.0,0.0,0.0,0.0,0.0,0.0,0.0,0.0,0.0,0.0,0.0,0.0,0.0,0.0,0.528,0.5115
32,0.001,3,10,100,32,16,256,184,440338,73,30,VicregLoss,gru,/home/dpetrovitch/dzagcoffee/train_trace/gender/checkpoints_2025-10-08 10:26:11.109161_VicregLoss_gru_catboost/model_32_0.001_3_10_100_256_32_16_256_VicregLoss_gruepoch=07.ckpt,7,30,0.06228527,24.642,1.6797,0.0,8.1568,1.0686,1.0897,0.843,608.2276,38.6439,101.3721,6.4407,23.7343,1.508,22.8197,1.4499,22.029,1.3996,21.6105,1.373,21.1295,1.3425,17.9826,1.937,2.9971,0.3228,0.7017,0.0756,0.6747,0.0727,0.6513,0.0702,0.6389,0.0688,0.6247,0.0673,0.0,0.0,0.0,0.0,0.0,0.0,0.0,0.0,0.0,0.0,0.0,0.0,0.0,0.0,0.0,0.0,0.0,0.0,0.0,0.0,0.0,0.0,0.0,0.0,0.0,0.0,0.0,0.0,0.0,0.0,0.0,0.0,0.0,0.0,0.0,0.548,0.4846
32,0.001,3,10,100,32,16,256,184,440338,73,30,VicregLoss,gru,/home/dpetrovitch/dzagcoffee/train_trace/gender/checkpoints_2025-10-08 10:26:11.109161_VicregLoss_gru_catboost/model_32_0.001_3_10_100_256_32_16_256_VicregLoss_gruepoch=08.ckpt,8,30,0.06684942,29.6223,1.6796,0.0,6.2637,1.0775,1.0867,0.817,659.4929,41.3556,62.375,3.9114,25.1676,1.5782,24.4452,1.5329,23.8141,1.4933,23.4333,1.4695,22.931,1.438,19.6947,2.1023,1.8627,0.1988,0.7516,0.0802,0.73,0.0779,0.7112,0.0759,0.6998,0.0747,0.6848,0.0731,0.0,0.0,0.0,0.0,0.0,0.0,0.0,0.0,0.0,0.0,0.0,0.0,0.0,0.0,0.0,0.0,0.0,0.0,0.0,0.0,0.0,0.0,0.0,0.0,0.0,0.0,0.0,0.0,0.0,0.0,0.0,0.0,0.0,0.0,0.0,0.564,0.5265
32,0.001,3,10,100,32,16,256,184,440338,73,30,VicregLoss,gru,/home/dpetrovitch/dzagcoffee/train_trace/gender/checkpoints_2025-10-08 10:26:11.109161_VicregLoss_gru_catboost/model_32_0.001_3_10_100_256_32_16_256_VicregLoss_gruepoch=09.ckpt,9,30,0.07162829,26.1312,1.6797,0.0,7.6223,1.0609,1.0759,0.8439,628.3084,42.4342,96.7219,6.5323,24.1006,1.6277,23.2297,1.5689,22.5872,1.5255,22.2499,1.5027,21.7802,1.471,17.2331,2.018,2.6529,0.3107,0.661,0.0774,0.6371,0.0746,0.6195,0.0725,0.6103,0.0715,0.5974,0.07,0.0,0.0,0.0,0.0,0.0,0.0,0.0,0.0,0.0,0.0,0.0,0.0,0.0,0.0,0.0,0.0,0.0,0.0,0.0,0.0,0.0,0.0,0.0,0.0,0.0,0.0,0.0,0.0,0.0,0.0,0.0,0.0,0.0,0.0,0.0,0.568,0.5293
32,0.001,3,10,100,32,16,256,184,440338,73,30,VicregLoss,gru,/home/dpetrovitch/dzagcoffee/train_trace/gender/checkpoints_2025-10-08 10:26:11.109161_VicregLoss_gru_catboost/model_32_0.001_3_10_100_256_32_16_256_VicregLoss_gruepoch=10.ckpt,10,30,0.07032621,24.8588,1.6797,0.0,7.6234,1.0564,1.0689,0.8564,601.8476,40.845,92.3592,6.2681,22.7798,1.546,22.0321,1.4952,21.4576,1.4562,21.1854,1.4378,20.7908,1.411,15.8814,1.8226,2.4371,0.2797,0.6011,0.069,0.5814,0.0667,0.5662,0.065,0.559,0.0642,0.5486,0.063,0.0,0.0,0.0,0.0,0.0,0.0,0.0,0.0,0.0,0.0,0.0,0.0,0.0,0.0,0.0,0.0,0.0,0.0,0.0,0.0,0.0,0.0,0.0,0.0,0.0,0.0,0.0,0.0,0.0,0.0,0.0,0.0,0.0,0.0,0.0,0.56,0.5532
32,0.001,3,10,100,32,16,256,184,440338,73,30,VicregLoss,gru,/home/dpetrovitch/dzagcoffee/train_trace/gender/checkpoints_2025-10-08 10:26:11.109161_VicregLoss_gru_catboost/model_32_0.001_3_10_100_256_32_16_256_VicregLoss_gruepoch=11.ckpt,11,30,0.06587171,19.1654,1.6797,0.0,10.79,1.045,1.0675,0.8874,526.7586,35.4854,116.7155,7.8626,20.7001,1.3945,19.6561,1.3241,19.0523,1.2835,18.6757,1.2581,18.278,1.2313,13.3694,1.5265,2.9623,0.3382,0.5254,0.06,0.4989,0.057,0.4836,0.0552,0.474,0.0541,0.4639,0.053,0.0,0.0,0.0,0.0,0.0,0.0,0.0,0.0,0.0,0.0,0.0,0.0,0.0,0.0,0.0,0.0,0.0,0.0,0.0,0.0,0.0,0.0,0.0,0.0,0.0,0.0,0.0,0.0,0.0,0.0,0.0,0.0,0.0,0.0,0.0,0.568,0.5297
32,0.001,3,10,100,32,16,256,184,440338,73,30,VicregLoss,gru,/home/dpetrovitch/dzagcoffee/train_trace/gender/checkpoints_2025-10-08 10:26:11.109161_VicregLoss_gru_catboost/model_32_0.001_3_10_100_256_32_16_256_VicregLoss_gruepoch=12.ckpt,12,30,0.0726197,23.938,1.6797,0.0,7.7739,1.0554,1.0645,0.8595,573.537,38.2621,75.2106,5.0175,21.5779,1.4395,20.9621,1.3984,20.3998,1.3609,20.0969,1.3407,19.6611,1.3116,16.0494,1.8471,2.1046,0.2422,0.6038,0.0695,0.5866,0.0675,0.5709,0.0657,0.5624,0.0647,0.5502,0.0633,0.0,0.0,0.0,0.0,0.0,0.0,0.0,0.0,0.0,0.0,0.0,0.0,0.0,0.0,0.0,0.0,0.0,0.0,0.0,0.0,0.0,0.0,0.0,0.0,0.0,0.0,0.0,0.0,0.0,0.0,0.0,0.0,0.0,0.0,0.0,0.516,0.4989
32,0.001,3,10,100,32,16,256,184,440338,73,30,VicregLoss,gru,/home/dpetrovitch/dzagcoffee/train_trace/gender/checkpoints_2025-10-08 10:26:11.109161_VicregLoss_gru_catboost/model_32_0.001_3_10_100_256_32_16_256_VicregLoss_gruepoch=13.ckpt,13,30,0.06705044,23.7472,1.6797,0.0,7.9402,1.0594,1.0687,0.8512,577.0818,39.9735,69.9619,4.8461,21.7748,1.5083,21.1144,1.4626,20.6189,1.4282,20.2964,1.4059,19.7733,1.3697,16.2468,1.9517,1.9697,0.2366,0.613,0.0736,0.5944,0.0714,0.5805,0.0697,0.5714,0.0686,0.5567,0.0669,0.0,0.0,0.0,0.0,0.0,0.0,0.0,0.0,0.0,0.0,0.0,0.0,0.0,0.0,0.0,0.0,0.0,0.0,0.0,0.0,0.0,0.0,0.0,0.0,0.0,0.0,0.0,0.0,0.0,0.0,0.0,0.0,0.0,0.0,0.0,0.532,0.523
32,0.001,3,10,100,32,16,256,184,440338,73,30,VicregLoss,gru,/home/dpetrovitch/dzagcoffee/train_trace/gender/checkpoints_2025-10-08 10:26:11.109161_VicregLoss_gru_catboost/model_32_0.001_3_10_100_256_32_16_256_VicregLoss_gruepoch=14.ckpt,14,30,0.06259595,19.0355,1.6797,0.0,14.3546,1.0487,1.0769,0.886,535.2074,35.848,112.5048,7.5355,21.9463,1.47,19.8912,1.3323,19.1447,1.2823,18.6873,1.2517,18.3378,1.2283,11.259,1.5996,2.3667,0.3363,0.4617,0.0656,0.4184,0.0595,0.4027,0.0572,0.3931,0.0559,0.3858,0.0548,0.0,0.0,0.0,0.0,0.0,0.0,0.0,0.0,0.0,0.0,0.0,0.0,0.0,0.0,0.0,0.0,0.0,0.0,0.0,0.0,0.0,0.0,0.0,0.0,0.0,0.0,0.0,0.0,0.0,0.0,0.0,0.0,0.0,0.0,0.0,0.52,0.4808
32,0.001,3,10,100,32,16,256,184,440338,73,30,VicregLoss,gru,/home/dpetrovitch/dzagcoffee/train_trace/gender/checkpoints_2025-10-08 10:26:11.109161_VicregLoss_gru_catboost/model_32_0.001_3_10_100_256_32_16_256_VicregLoss_gruepoch=15.ckpt,15,30,0.06147204,19.743,1.6797,0.0,11.9317,1.0481,1.0678,0.8899,522.3294,36.1612,100.2049,6.9372,19.8659,1.3753,19.0311,1.3175,18.4173,1.275,18.1005,1.2531,17.7115,1.2262,11.8694,1.3712,2.2771,0.263,0.4514,0.0521,0.4325,0.05,0.4185,0.0483,0.4113,0.0475,0.4025,0.0465,0.0,0.0,0.0,0.0,0.0,0.0,0.0,0.0,0.0,0.0,0.0,0.0,0.0,0.0,0.0,0.0,0.0,0.0,0.0,0.0,0.0,0.0,0.0,0.0,0.0,0.0,0.0,0.0,0.0,0.0,0.0,0.0,0.0,0.0,0.0,0.52,0.5015
32,0.001,3,10,100,32,16,256,184,440338,73,30,VicregLoss,gru,/home/dpetrovitch/dzagcoffee/train_trace/gender/checkpoints_2025-10-08 10:26:11.109161_VicregLoss_gru_catboost/model_32_0.001_3_10_100_256_32_16_256_VicregLoss_gruepoch=16.ckpt,16,30,0.066483915,21.7733,1.6797,0.0,8.9199,1.0489,1.0587,0.8826,529.7053,36.9825,92.461,6.4554,19.6155,1.3695,18.9479,1.3229,18.5001,1.2916,18.2394,1.2734,17.813,1.2437,10.0418,1.2057,1.7528,0.2105,0.3719,0.0446,0.3592,0.0431,0.3507,0.0421,0.3458,0.0415,0.3377,0.0405,0.0,0.0,0.0,0.0,0.0,0.0,0.0,0.0,0.0,0.0,0.0,0.0,0.0,0.0,0.0,0.0,0.0,0.0,0.0,0.0,0.0,0.0,0.0,0.0,0.0,0.0,0.0,0.0,0.0,0.0,0.0,0.0,0.0,0.0,0.0,0.532,0.5352
32,0.001,3,10,100,32,16,256,184,440338,73,30,VicregLoss,gru,/home/dpetrovitch/dzagcoffee/train_trace/gender/checkpoints_2025-10-08 10:26:11.109161_VicregLoss_gru_catboost/model_32_0.001_3_10_100_256_32_16_256_VicregLoss_gruepoch=17.ckpt,17,30,0.06245888,17.1833,1.6797,0.0,14.5173,1.0421,1.0614,0.904,483.9324,33.6041,105.6031,7.333,18.4719,1.2827,17.5192,1.2165,16.8615,1.1709,16.5591,1.1499,16.2343,1.1273,11.2864,1.4071,2.4629,0.3071,0.4308,0.0537,0.4086,0.0509,0.3932,0.049,0.3862,0.0481,0.3786,0.0472,0.0,0.0,0.0,0.0,0.0,0.0,0.0,0.0,0.0,0.0,0.0,0.0,0.0,0.0,0.0,0.0,0.0,0.0,0.0,0.0,0.0,0.0,0.0,0.0,0.0,0.0,0.0,0.0,0.0,0.0,0.0,0.0,0.0,0.0,0.0,0.524,0.4973
32,0.001,3,10,100,32,16,256,184,440338,73,30,VicregLoss,gru,/home/dpetrovitch/dzagcoffee/train_trace/gender/checkpoints_2025-10-08 10:26:11.109161_VicregLoss_gru_catboost/model_32_0.001_3_10_100_256_32_16_256_VicregLoss_gruepoch=18.ckpt,18,30,0.06395742,19.1446,1.6797,0.0,11.186,1.0499,1.066,0.8936,507.8112,33.5424,91.531,6.0459,18.7132,1.2361,17.8856,1.1814,17.3354,1.1451,17.094,1.1291,16.7728,1.1079,10.4165,1.4122,1.8775,0.2545,0.3839,0.052,0.3669,0.0497,0.3556,0.0482,0.3506,0.0475,0.3441,0.0466,0.0,0.0,0.0,0.0,0.0,0.0,0.0,0.0,0.0,0.0,0.0,0.0,0.0,0.0,0.0,0.0,0.0,0.0,0.0,0.0,0.0,0.0,0.0,0.0,0.0,0.0,0.0,0.0,0.0,0.0,0.0,0.0,0.0,0.0,0.0,0.572,0.5621
32,0.001,3,10,100,32,16,256,184,440338,73,30,VicregLoss,gru,/home/dpetrovitch/dzagcoffee/train_trace/gender/checkpoints_2025-10-08 10:26:11.109161_VicregLoss_gru_catboost/model_32_0.001_3_10_100_256_32_16_256_VicregLoss_gruepoch=19.ckpt,19,30,0.06671235,20.9132,1.6797,0.0,7.7762,1.0446,1.0499,0.895,506.6868,36.2213,69.2905,4.9533,18.0273,1.2887,17.5204,1.2525,17.1893,1.2288,16.9766,1.2136,16.7215,1.1954,7.984,1.079,1.0918,0.1476,0.2841,0.0384,0.2761,0.0373,0.2709,0.0366,0.2675,0.0362,0.2635,0.0356,0.0,0.0,0.0,0.0,0.0,0.0,0.0,0.0,0.0,0.0,0.0,0.0,0.0,0.0,0.0,0.0,0.0,0.0,0.0,0.0,0.0,0.0,0.0,0.0,0.0,0.0,0.0,0.0,0.0,0.0,0.0,0.0,0.0,0.0,0.0,0.532,0.5027
32,0.001,3,10,100,32,16,256,184,440338,73,30,VicregLoss,gru,/home/dpetrovitch/dzagcoffee/train_trace/gender/checkpoints_2025-10-08 10:26:11.109161_VicregLoss_gru_catboost/model_32_0.001_3_10_100_256_32_16_256_VicregLoss_gruepoch=20.ckpt,20,30,0.068178914,16.9861,1.6797,0.0,11.4608,1.0365,1.0462,0.9141,449.2196,33.2307,103.9858,7.6923,16.0663,1.1885,15.5713,1.1519,15.2085,1.125,15.0424,1.1127,14.81,1.0956,8.3136,1.2478,1.9244,0.2888,0.2973,0.0446,0.2882,0.0433,0.2815,0.0422,0.2784,0.0418,0.2741,0.0411,0.0,0.0,0.0,0.0,0.0,0.0,0.0,0.0,0.0,0.0,0.0,0.0,0.0,0.0,0.0,0.0,0.0,0.0,0.0,0.0,0.0,0.0,0.0,0.0,0.0,0.0,0.0,0.0,0.0,0.0,0.0,0.0,0.0,0.0,0.0,0.56,0.5081
32,0.001,3,10,100,32,16,256,184,440338,73,30,VicregLoss,gru,/home/dpetrovitch/dzagcoffee/train_trace/gender/checkpoints_2025-10-08 10:26:11.109161_VicregLoss_gru_catboost/model_32_0.001_3_10_100_256_32_16_256_VicregLoss_gruepoch=21.ckpt,21,30,0.06625091,17.0835,1.6797,0.0,11.0971,1.0362,1.045,0.9145,449.4834,34.2834,107.0949,8.1684,16.0084,1.221,15.5163,1.1835,15.1715,1.1572,15.0021,1.1443,14.7677,1.1264,8.0552,1.1573,1.9192,0.2757,0.2869,0.0412,0.2781,0.0399,0.2719,0.0391,0.2689,0.0386,0.2647,0.038,0.0,0.0,0.0,0.0,0.0,0.0,0.0,0.0,0.0,0.0,0.0,0.0,0.0,0.0,0.0,0.0,0.0,0.0,0.0,0.0,0.0,0.0,0.0,0.0,0.0,0.0,0.0,0.0,0.0,0.0,0.0,0.0,0.0,0.0,0.0,0.556,0.5381
32,0.001,3,10,100,32,16,256,184,440338,73,30,VicregLoss,gru,/home/dpetrovitch/dzagcoffee/train_trace/gender/checkpoints_2025-10-08 10:26:11.109161_VicregLoss_gru_catboost/model_32_0.001_3_10_100_256_32_16_256_VicregLoss_gruepoch=22.ckpt,22,30,0.062198464,15.0555,1.6797,0.0,13.0215,1.0319,1.0428,0.9259,417.6771,31.3054,107.0907,8.0266,14.945,1.1201,14.446,1.0827,14.0747,1.0549,13.9442,1.0451,13.7031,1.0271,7.4458,1.0822,1.9091,0.2775,0.2664,0.0387,0.2575,0.0374,0.2509,0.0365,0.2486,0.0361,0.2443,0.0355,0.0,0.0,0.0,0.0,0.0,0.0,0.0,0.0,0.0,0.0,0.0,0.0,0.0,0.0,0.0,0.0,0.0,0.0,0.0,0.0,0.0,0.0,0.0,0.0,0.0,0.0,0.0,0.0,0.0,0.0,0.0,0.0,0.0,0.0,0.0,0.54,0.5322
32,0.001,3,10,100,32,16,256,184,440338,73,30,VicregLoss,gru,/home/dpetrovitch/dzagcoffee/train_trace/gender/checkpoints_2025-10-08 10:26:11.109161_VicregLoss_gru_catboost/model_32_0.001_3_10_100_256_32_16_256_VicregLoss_gruepoch=23.ckpt,23,30,0.06668494,15.1257,1.6797,0.0,12.6466,1.0319,1.0422,0.9266,423.3132,31.1935,104.7895,7.7218,15.0981,1.1126,14.6175,1.0771,14.2437,1.0496,14.1075,1.0396,13.879,1.0227,7.9423,1.0508,1.9661,0.2601,0.2833,0.0375,0.2743,0.0363,0.2672,0.0354,0.2647,0.035,0.2604,0.0345,0.0,0.0,0.0,0.0,0.0,0.0,0.0,0.0,0.0,0.0,0.0,0.0,0.0,0.0,0.0,0.0,0.0,0.0,0.0,0.0,0.0,0.0,0.0,0.0,0.0,0.0,0.0,0.0,0.0,0.0,0.0,0.0,0.0,0.0,0.0,0.568,0.5355
32,0.001,3,10,100,32,16,256,184,440338,73,30,VicregLoss,gru,/home/dpetrovitch/dzagcoffee/train_trace/gender/checkpoints_2025-10-08 10:26:11.109161_VicregLoss_gru_catboost/model_32_0.001_3_10_100_256_32_16_256_VicregLoss_gruepoch=24.ckpt,24,30,0.063125916,15.886,1.6797,0.0,11.0832,1.0327,1.0402,0.9221,425.7838,31.6397,102.7971,7.6388,15.0147,1.1157,14.619,1.0863,14.2785,1.061,14.1276,1.0498,13.9299,1.0351,8.3198,1.1026,2.0086,0.2662,0.2934,0.0389,0.2857,0.0379,0.279,0.037,0.2761,0.0366,0.2722,0.0361,0.0,0.0,0.0,0.0,0.0,0.0,0.0,0.0,0.0,0.0,0.0,0.0,0.0,0.0,0.0,0.0,0.0,0.0,0.0,0.0,0.0,0.0,0.0,0.0,0.0,0.0,0.0,0.0,0.0,0.0,0.0,0.0,0.0,0.0,0.0,0.56,0.5516
32,0.001,3,10,100,32,16,256,184,440338,73,30,VicregLoss,gru,/home/dpetrovitch/dzagcoffee/train_trace/gender/checkpoints_2025-10-08 10:26:11.109161_VicregLoss_gru_catboost/model_32_0.001_3_10_100_256_32_16_256_VicregLoss_gruepoch=25.ckpt,25,30,0.065848865,14.8215,1.6797,0.0,10.2712,1.0311,1.0375,0.9256,406.5164,30.3998,103.8195,7.7638,14.2487,1.0655,13.8924,1.0389,13.5924,1.0165,13.45,1.0058,13.2673,0.9921,7.1123,0.9998,1.8164,0.2553,0.2493,0.035,0.2431,0.0342,0.2378,0.0334,0.2353,0.0331,0.2321,0.0326,0.0,0.0,0.0,0.0,0.0,0.0,0.0,0.0,0.0,0.0,0.0,0.0,0.0,0.0,0.0,0.0,0.0,0.0,0.0,0.0,0.0,0.0,0.0,0.0,0.0,0.0,0.0,0.0,0.0,0.0,0.0,0.0,0.0,0.0,0.0,0.544,0.5129
32,0.001,3,10,100,32,16,256,184,440338,73,30,VicregLoss,gru,/home/dpetrovitch/dzagcoffee/train_trace/gender/checkpoints_2025-10-08 10:26:11.109161_VicregLoss_gru_catboost/model_32_0.001_3_10_100_256_32_16_256_VicregLoss_gruepoch=26.ckpt,26,30,0.06387518,13.5316,1.6797,0.0,11.517,1.0278,1.0368,0.9376,379.6716,30.2736,101.585,8.1,13.1991,1.0524,12.8231,1.0225,12.5526,1.0009,12.429,0.991,12.2877,0.9798,6.1677,0.8762,1.6502,0.2344,0.2144,0.0305,0.2083,0.0296,0.2039,0.029,0.2019,0.0287,0.1996,0.0284,0.0,0.0,0.0,0.0,0.0,0.0,0.0,0.0,0.0,0.0,0.0,0.0,0.0,0.0,0.0,0.0,0.0,0.0,0.0,0.0,0.0,0.0,0.0,0.0,0.0,0.0,0.0,0.0,0.0,0.0,0.0,0.0,0.0,0.0,0.0,0.532,0.5239
32,0.001,3,10,100,32,16,256,184,440338,73,30,VicregLoss,gru,/home/dpetrovitch/dzagcoffee/train_trace/gender/checkpoints_2025-10-08 10:26:11.109161_VicregLoss_gru_catboost/model_32_0.001_3_10_100_256_32_16_256_VicregLoss_gruepoch=27.ckpt,27,30,0.06552449,12.9216,1.6797,0.0,10.825,1.0263,1.0343,0.9401,376.2192,30.0215,103.8122,8.284,13.0479,1.0412,12.7062,1.0139,12.4445,0.993,12.3392,0.9846,12.1971,0.9733,7.4144,0.9183,2.0459,0.2534,0.2571,0.0318,0.2504,0.031,0.2453,0.0304,0.2432,0.0301,0.2404,0.0298,0.0,0.0,0.0,0.0,0.0,0.0,0.0,0.0,0.0,0.0,0.0,0.0,0.0,0.0,0.0,0.0,0.0,0.0,0.0,0.0,0.0,0.0,0.0,0.0,0.0,0.0,0.0,0.0,0.0,0.0,0.0,0.0,0.0,0.0,0.0,0.572,0.569
32,0.001,3,10,100,32,16,256,184,440338,73,30,VicregLoss,gru,/home/dpetrovitch/dzagcoffee/train_trace/gender/checkpoints_2025-10-08 10:26:11.109161_VicregLoss_gru_catboost/model_32_0.001_3_10_100_256_32_16_256_VicregLoss_gruepoch=28.ckpt,28,30,0.06465643,14.839,1.6797,0.0,9.2866,1.0317,1.0391,0.9268,405.7321,30.5421,99.5563,7.4942,14.0637,1.0587,13.7336,1.0338,13.4443,1.012,13.3148,1.0023,13.1725,0.9916,6.4253,0.8583,1.5766,0.2106,0.2227,0.0298,0.2175,0.0291,0.2129,0.0284,0.2109,0.0282,0.2086,0.0279,0.0,0.0,0.0,0.0,0.0,0.0,0.0,0.0,0.0,0.0,0.0,0.0,0.0,0.0,0.0,0.0,0.0,0.0,0.0,0.0,0.0,0.0,0.0,0.0,0.0,0.0,0.0,0.0,0.0,0.0,0.0,0.0,0.0,0.0,0.0,0.572,0.5632
32,0.001,3,10,100,32,16,256,184,440338,73,30,VicregLoss,gru,/home/dpetrovitch/dzagcoffee/train_trace/gender/checkpoints_2025-10-08 10:26:11.109161_VicregLoss_gru_catboost/model_32_0.001_3_10_100_256_32_16_256_VicregLoss_gruepoch=29.ckpt,29,30,0.06581232,12.551,1.6797,0.0,11.6923,1.0279,1.0361,0.9358,377.6786,29.5743,102.1585,7.9996,13.1362,1.0286,12.8142,1.0034,12.549,0.9827,12.4358,0.9738,12.2883,0.9622,7.5033,0.9131,2.0296,0.247,0.261,0.0318,0.2546,0.031,0.2493,0.0303,0.2471,0.0301,0.2441,0.0297,0.0,0.0,0.0,0.0,0.0,0.0,0.0,0.0,0.0,0.0,0.0,0.0,0.0,0.0,0.0,0.0,0.0,0.0,0.0,0.0,0.0,0.0,0.0,0.0,0.0,0.0,0.0,0.0,0.0,0.0,0.0,0.0,0.0,0.0,0.0,0.536,0.5148
64,0.001,3,10,100,32,16,256,184,440338,73,30,VicregLoss,gru,/home/dpetrovitch/dzagcoffee/train_trace/gender/checkpoints_2025-10-08 10:26:11.109161_VicregLoss_gru_catboost/model_64_0.001_3_10_100_256_32_16_256_VicregLoss_gruepoch=00.ckpt,0,30,0.053766806,6.9534,1.6788,0.0,5.2446,1.0095,1.0078,0.969,231.5558,18.6666,158.9548,12.814,9.4807,0.7643,8.6357,0.6962,8.3809,0.6756,8.2756,0.6671,8.164,0.6581,7.2969,0.647,5.0091,0.4441,0.2988,0.0265,0.2721,0.0241,0.2641,0.0234,0.2608,0.0231,0.2573,0.0228,0.0,0.0,0.0,0.0,0.0,0.0,0.0,0.0,0.0,0.0,0.0,0.0,0.0,0.0,0.0,0.0,0.0,0.0,0.0,0.0,0.0,0.0,0.0,0.0,0.0,0.0,0.0,0.0,0.0,0.0,0.0,0.0,0.0,0.0,0.0,0.536,0.5446
64,0.001,3,10,100,32,16,256,184,440338,73,30,VicregLoss,gru,/home/dpetrovitch/dzagcoffee/train_trace/gender/checkpoints_2025-10-08 10:26:11.109161_VicregLoss_gru_catboost/model_64_0.001_3_10_100_256_32_16_256_VicregLoss_gruepoch=01.ckpt,1,30,0.04112736,19.2179,1.6735,1e-04,4.8163,1.1307,1.1201,0.7229,493.1752,30.444,28.515,1.7602,19.3768,1.1961,18.8249,1.1621,17.8072,1.0993,17.3922,1.0736,16.9504,1.0464,14.0974,1.8004,0.8151,0.1041,0.5539,0.0707,0.5381,0.0687,0.509,0.065,0.4972,0.0635,0.4845,0.0619,0.0,0.0,0.0,0.0,0.0,0.0,0.0,0.0,0.0,0.0,0.0,0.0,0.0,0.0,0.0,0.0,0.0,0.0,0.0,0.0,0.0,0.0,0.0,0.0,0.0,0.0,0.0,0.0,0.0,0.0,0.0,0.0,0.0,0.0,0.0,0.584,0.5847
64,0.001,3,10,100,32,16,256,184,440338,73,30,VicregLoss,gru,/home/dpetrovitch/dzagcoffee/train_trace/gender/checkpoints_2025-10-08 10:26:11.109161_VicregLoss_gru_catboost/model_64_0.001_3_10_100_256_32_16_256_VicregLoss_gruepoch=02.ckpt,2,30,0.04342016,17.5994,1.6792,1e-04,4.7693,1.1432,1.1298,0.7162,479.8256,29.8286,36.1876,2.2496,18.702,1.1626,18.0524,1.1222,17.216,1.0702,16.874,1.049,16.4779,1.0244,16.5769,1.9049,1.2502,0.1437,0.6461,0.0742,0.6237,0.0717,0.5948,0.0683,0.583,0.067,0.5693,0.0654,0.0,0.0,0.0,0.0,0.0,0.0,0.0,0.0,0.0,0.0,0.0,0.0,0.0,0.0,0.0,0.0,0.0,0.0,0.0,0.0,0.0,0.0,0.0,0.0,0.0,0.0,0.0,0.0,0.0,0.0,0.0,0.0,0.0,0.0,0.0,0.508,0.5385
64,0.001,3,10,100,32,16,256,184,440338,73,30,VicregLoss,gru,/home/dpetrovitch/dzagcoffee/train_trace/gender/checkpoints_2025-10-08 10:26:11.109161_VicregLoss_gru_catboost/model_64_0.001_3_10_100_256_32_16_256_VicregLoss_gruepoch=03.ckpt,3,30,0.043487202,16.1172,1.6794,0.0,5.3399,1.104,1.1001,0.7687,447.3589,28.2852,25.3976,1.6058,17.2835,1.0928,16.4438,1.0397,15.9289,1.0071,15.6236,0.9878,15.2321,0.9631,14.2346,1.782,0.8081,0.1012,0.5499,0.0688,0.5232,0.0655,0.5068,0.0634,0.4971,0.0622,0.4847,0.0607,0.0,0.0,0.0,0.0,0.0,0.0,0.0,0.0,0.0,0.0,0.0,0.0,0.0,0.0,0.0,0.0,0.0,0.0,0.0,0.0,0.0,0.0,0.0,0.0,0.0,0.0,0.0,0.0,0.0,0.0,0.0,0.0,0.0,0.0,0.0,0.516,0.5251
64,0.001,3,10,100,32,16,256,184,440338,73,30,VicregLoss,gru,/home/dpetrovitch/dzagcoffee/train_trace/gender/checkpoints_2025-10-08 10:26:11.109161_VicregLoss_gru_catboost/model_64_0.001_3_10_100_256_32_16_256_VicregLoss_gruepoch=04.ckpt,4,30,0.04222236,13.5351,1.6794,0.0,5.2694,1.0767,1.0708,0.825,392.8264,26.6939,27.2958,1.8548,14.2518,0.9685,13.744,0.934,13.3941,0.9102,13.221,0.8984,13.0218,0.8849,13.4217,1.653,0.9326,0.1149,0.4869,0.06,0.4696,0.0578,0.4576,0.0564,0.4517,0.0556,0.4449,0.0548,0.0,0.0,0.0,0.0,0.0,0.0,0.0,0.0,0.0,0.0,0.0,0.0,0.0,0.0,0.0,0.0,0.0,0.0,0.0,0.0,0.0,0.0,0.0,0.0,0.0,0.0,0.0,0.0,0.0,0.0,0.0,0.0,0.0,0.0,0.0,0.572,0.5525
64,0.001,3,10,100,32,16,256,184,440338,73,30,VicregLoss,gru,/home/dpetrovitch/dzagcoffee/train_trace/gender/checkpoints_2025-10-08 10:26:11.109161_VicregLoss_gru_catboost/model_64_0.001_3_10_100_256_32_16_256_VicregLoss_gruepoch=05.ckpt,5,30,0.048980087,15.2203,1.6789,1e-04,5.1588,1.1016,1.096,0.7869,427.0561,30.1008,27.7436,1.9555,15.8794,1.1193,15.1549,1.0682,14.6962,1.0359,14.478,1.0205,14.2142,1.0019,13.4048,2.926,0.8708,0.1901,0.4984,0.1088,0.4757,0.1038,0.4613,0.1007,0.4544,0.0992,0.4462,0.0974,0.0,0.0,0.0,0.0,0.0,0.0,0.0,0.0,0.0,0.0,0.0,0.0,0.0,0.0,0.0,0.0,0.0,0.0,0.0,0.0,0.0,0.0,0.0,0.0,0.0,0.0,0.0,0.0,0.0,0.0,0.0,0.0,0.0,0.0,0.0,0.5,0.5082
64,0.001,3,10,100,32,16,256,184,440338,73,30,VicregLoss,gru,/home/dpetrovitch/dzagcoffee/train_trace/gender/checkpoints_2025-10-08 10:26:11.109161_VicregLoss_gru_catboost/model_64_0.001_3_10_100_256_32_16_256_VicregLoss_gruepoch=06.ckpt,6,30,0.048971146,30.11,1.6747,0.0002,4.5092,1.5961,1.5878,0.4702,686.3067,38.3721,40.167,2.2458,30.4438,1.7021,28.592,1.5986,27.0643,1.5132,25.7679,1.4407,24.3269,1.3601,22.052,2.9897,1.2906,0.175,0.9782,0.1326,0.9187,0.1246,0.8696,0.1179,0.828,0.1122,0.7817,0.106,0.0,0.0,0.0,0.0,0.0,0.0,0.0,0.0,0.0,0.0,0.0,0.0,0.0,0.0,0.0,0.0,0.0,0.0,0.0,0.0,0.0,0.0,0.0,0.0,0.0,0.0,0.0,0.0,0.0,0.0,0.0,0.0,0.0,0.0,0.0,0.52,0.51
64,0.001,3,10,100,32,16,256,184,440338,73,30,VicregLoss,gru,/home/dpetrovitch/dzagcoffee/train_trace/gender/checkpoints_2025-10-08 10:26:11.109161_VicregLoss_gru_catboost/model_64_0.001_3_10_100_256_32_16_256_VicregLoss_gruepoch=07.ckpt,7,30,0.04928847,32.3706,1.6559,0.0004,4.3402,1.8006,1.7346,0.4371,696.6376,39.3948,35.5596,2.0109,31.7823,1.7973,30.3627,1.717,28.1832,1.5938,26.071,1.4743,24.3475,1.3768,22.2636,2.9489,1.1364,0.1505,1.0157,0.1345,0.9704,0.1285,0.9007,0.1193,0.8332,0.1104,0.7781,0.1031,0.0,0.0,0.0,0.0,0.0,0.0,0.0,0.0,0.0,0.0,0.0,0.0,0.0,0.0,0.0,0.0,0.0,0.0,0.0,0.0,0.0,0.0,0.0,0.0,0.0,0.0,0.0,0.0,0.0,0.0,0.0,0.0,0.0,0.0,0.0,0.564,0.5552
64,0.001,3,10,100,32,16,256,184,440338,73,30,VicregLoss,gru,/home/dpetrovitch/dzagcoffee/train_trace/gender/checkpoints_2025-10-08 10:26:11.109161_VicregLoss_gru_catboost/model_64_0.001_3_10_100_256_32_16_256_VicregLoss_gruepoch=08.ckpt,8,30,0.04908735,43.778,1.6552,0.0004,4.3547,1.3204,1.3207,0.5153,898.225,52.4481,55.0781,3.2161,39.9373,2.332,36.518,2.1323,33.5351,1.9581,32.0062,1.8689,30.7964,1.7982,31.0041,4.6129,1.9011,0.2829,1.3785,0.2051,1.2605,0.1875,1.1575,0.1722,1.1048,0.1644,1.063,0.1582,0.0,0.0,0.0,0.0,0.0,0.0,0.0,0.0,0.0,0.0,0.0,0.0,0.0,0.0,0.0,0.0,0.0,0.0,0.0,0.0,0.0,0.0,0.0,0.0,0.0,0.0,0.0,0.0,0.0,0.0,0.0,0.0,0.0,0.0,0.0,0.576,0.5585
64,0.001,3,10,100,32,16,256,184,440338,73,30,VicregLoss,gru,/home/dpetrovitch/dzagcoffee/train_trace/gender/checkpoints_2025-10-08 10:26:11.109161_VicregLoss_gru_catboost/model_64_0.001_3_10_100_256_32_16_256_VicregLoss_gruepoch=09.ckpt,9,30,0.046530858,42.2686,1.669,0.0002,4.6739,1.2003,1.2023,0.6131,884.4075,53.6827,51.6253,3.1336,36.7225,2.229,34.0257,2.0653,31.6174,1.9191,30.6041,1.8576,29.7001,1.8028,24.7209,3.7011,1.443,0.216,1.0265,0.1537,0.9511,0.1424,0.8838,0.1323,0.8554,0.1281,0.8302,0.1243,0.0,0.0,0.0,0.0,0.0,0.0,0.0,0.0,0.0,0.0,0.0,0.0,0.0,0.0,0.0,0.0,0.0,0.0,0.0,0.0,0.0,0.0,0.0,0.0,0.0,0.0,0.0,0.0,0.0,0.0,0.0,0.0,0.0,0.0,0.0,0.52,0.5145
64,0.001,3,10,100,32,16,256,184,440338,73,30,VicregLoss,gru,/home/dpetrovitch/dzagcoffee/train_trace/gender/checkpoints_2025-10-08 10:26:11.109161_VicregLoss_gru_catboost/model_64_0.001_3_10_100_256_32_16_256_VicregLoss_gruepoch=10.ckpt,10,30,0.046915226,35.956,1.6729,0.0002,4.8657,1.1203,1.1194,0.7285,745.3432,47.7105,44.1994,2.8293,28.5942,1.8304,26.9906,1.7277,25.7965,1.6513,25.1802,1.6118,24.5587,1.572,23.077,4.2117,1.3685,0.2498,0.8853,0.1616,0.8357,0.1525,0.7987,0.1458,0.7796,0.1423,0.7604,0.1388,0.0,0.0,0.0,0.0,0.0,0.0,0.0,0.0,0.0,0.0,0.0,0.0,0.0,0.0,0.0,0.0,0.0,0.0,0.0,0.0,0.0,0.0,0.0,0.0,0.0,0.0,0.0,0.0,0.0,0.0,0.0,0.0,0.0,0.0,0.0,0.532,0.567
64,0.001,3,10,100,32,16,256,184,440338,73,30,VicregLoss,gru,/home/dpetrovitch/dzagcoffee/train_trace/gender/checkpoints_2025-10-08 10:26:11.109161_VicregLoss_gru_catboost/model_64_0.001_3_10_100_256_32_16_256_VicregLoss_gruepoch=11.ckpt,11,30,0.046182245,33.8119,1.6782,1e-04,4.9392,1.1133,1.113,0.7451,697.719,45.5978,40.9414,2.6756,26.2687,1.7167,24.8303,1.6227,23.7589,1.5527,23.2546,1.5197,22.7853,1.4891,21.3269,4.6534,1.2514,0.2731,0.8029,0.1752,0.759,0.1656,0.7262,0.1585,0.7108,0.1551,0.6965,0.152,0.0,0.0,0.0,0.0,0.0,0.0,0.0,0.0,0.0,0.0,0.0,0.0,0.0,0.0,0.0,0.0,0.0,0.0,0.0,0.0,0.0,0.0,0.0,0.0,0.0,0.0,0.0,0.0,0.0,0.0,0.0,0.0,0.0,0.0,0.0,0.468,0.4825
64,0.001,3,10,100,32,16,256,184,440338,73,30,VicregLoss,gru,/home/dpetrovitch/dzagcoffee/train_trace/gender/checkpoints_2025-10-08 10:26:11.109161_VicregLoss_gru_catboost/model_64_0.001_3_10_100_256_32_16_256_VicregLoss_gruepoch=12.ckpt,12,30,0.054513194,29.535,1.6781,1e-04,5.1047,1.1085,1.1089,0.7553,629.1331,42.0591,35.4774,2.3718,23.3536,1.5612,22.1934,1.4837,21.3136,1.4249,20.932,1.3994,20.5697,1.3751,17.1727,4.2048,0.9684,0.2371,0.6375,0.1561,0.6058,0.1483,0.5818,0.1424,0.5714,0.1399,0.5615,0.1375,0.0,0.0,0.0,0.0,0.0,0.0,0.0,0.0,0.0,0.0,0.0,0.0,0.0,0.0,0.0,0.0,0.0,0.0,0.0,0.0,0.0,0.0,0.0,0.0,0.0,0.0,0.0,0.0,0.0,0.0,0.0,0.0,0.0,0.0,0.0,0.52,0.5139
64,0.001,3,10,100,32,16,256,184,440338,73,30,VicregLoss,gru,/home/dpetrovitch/dzagcoffee/train_trace/gender/checkpoints_2025-10-08 10:26:11.109161_VicregLoss_gru_catboost/model_64_0.001_3_10_100_256_32_16_256_VicregLoss_gruepoch=13.ckpt,13,30,0.053087458,28.5602,1.6781,1e-04,5.1222,1.1097,1.1093,0.7522,617.5157,41.3789,34.0309,2.2804,22.947,1.5376,21.685,1.4531,20.9351,1.4028,20.5651,1.378,20.1989,1.3535,17.4243,2.7906,0.9602,0.1538,0.6475,0.1037,0.6119,0.098,0.5907,0.0946,0.5803,0.0929,0.5699,0.0913,0.0,0.0,0.0,0.0,0.0,0.0,0.0,0.0,0.0,0.0,0.0,0.0,0.0,0.0,0.0,0.0,0.0,0.0,0.0,0.0,0.0,0.0,0.0,0.0,0.0,0.0,0.0,0.0,0.0,0.0,0.0,0.0,0.0,0.0,0.0,0.5,0.5249
64,0.001,3,10,100,32,16,256,184,440338,73,30,VicregLoss,gru,/home/dpetrovitch/dzagcoffee/train_trace/gender/checkpoints_2025-10-08 10:26:11.109161_VicregLoss_gru_catboost/model_64_0.001_3_10_100_256_32_16_256_VicregLoss_gruepoch=14.ckpt,14,30,0.053704232,26.1932,1.6783,1e-04,5.0772,1.083,1.083,0.8022,559.8736,38.1482,30.5836,2.0839,20.3842,1.3889,19.4497,1.3252,18.8149,1.282,18.516,1.2616,18.2429,1.243,13.9642,2.2488,0.7628,0.1228,0.5084,0.0819,0.4851,0.0781,0.4693,0.0756,0.4618,0.0744,0.455,0.0733,0.0,0.0,0.0,0.0,0.0,0.0,0.0,0.0,0.0,0.0,0.0,0.0,0.0,0.0,0.0,0.0,0.0,0.0,0.0,0.0,0.0,0.0,0.0,0.0,0.0,0.0,0.0,0.0,0.0,0.0,0.0,0.0,0.0,0.0,0.0,0.512,0.4875
64,0.001,3,10,100,32,16,256,184,440338,73,30,VicregLoss,gru,/home/dpetrovitch/dzagcoffee/train_trace/gender/checkpoints_2025-10-08 10:26:11.109161_VicregLoss_gru_catboost/model_64_0.001_3_10_100_256_32_16_256_VicregLoss_gruepoch=15.ckpt,15,30,0.047934245,39.0,1.6724,0.0002,4.721,1.1698,1.1676,0.6709,798.2517,49.4266,44.4068,2.7496,30.9684,1.9175,28.9442,1.7922,27.3357,1.6926,26.7323,1.6552,26.2037,1.6225,32.3363,5.4691,1.7989,0.3042,1.2545,0.2122,1.1725,0.1983,1.1073,0.1873,1.0829,0.1832,1.0615,0.1795,0.0,0.0,0.0,0.0,0.0,0.0,0.0,0.0,0.0,0.0,0.0,0.0,0.0,0.0,0.0,0.0,0.0,0.0,0.0,0.0,0.0,0.0,0.0,0.0,0.0,0.0,0.0,0.0,0.0,0.0,0.0,0.0,0.0,0.0,0.0,0.54,0.4936
64,0.001,3,10,100,32,16,256,184,440338,73,30,VicregLoss,gru,/home/dpetrovitch/dzagcoffee/train_trace/gender/checkpoints_2025-10-08 10:26:11.109161_VicregLoss_gru_catboost/model_64_0.001_3_10_100_256_32_16_256_VicregLoss_gruepoch=16.ckpt,16,30,0.04850186,27.359,1.6763,1e-04,4.8714,1.0807,1.0785,0.8263,601.3796,43.0023,43.7045,3.1251,21.4189,1.5316,20.5936,1.4726,20.0449,1.4333,19.8046,1.4161,19.5405,1.3973,17.1155,4.3709,1.2439,0.3177,0.6096,0.1557,0.5861,0.1497,0.5705,0.1457,0.5636,0.1439,0.5561,0.142,0.0,0.0,0.0,0.0,0.0,0.0,0.0,0.0,0.0,0.0,0.0,0.0,0.0,0.0,0.0,0.0,0.0,0.0,0.0,0.0,0.0,0.0,0.0,0.0,0.0,0.0,0.0,0.0,0.0,0.0,0.0,0.0,0.0,0.0,0.0,0.54,0.5289
64,0.001,3,10,100,32,16,256,184,440338,73,30,VicregLoss,gru,/home/dpetrovitch/dzagcoffee/train_trace/gender/checkpoints_2025-10-08 10:26:11.109161_VicregLoss_gru_catboost/model_64_0.001_3_10_100_256_32_16_256_VicregLoss_gruepoch=17.ckpt,17,30,0.053547803,33.6297,1.672,0.0002,4.8053,1.1314,1.1299,0.7253,662.5896,44.7831,35.4122,2.3934,24.1755,1.634,22.8664,1.5455,22.1646,1.4981,21.8323,1.4756,21.5056,1.4535,19.7204,5.8891,1.054,0.3147,0.7195,0.2149,0.6806,0.2032,0.6597,0.197,0.6498,0.194,0.6401,0.1911,0.0,0.0,0.0,0.0,0.0,0.0,0.0,0.0,0.0,0.0,0.0,0.0,0.0,0.0,0.0,0.0,0.0,0.0,0.0,0.0,0.0,0.0,0.0,0.0,0.0,0.0,0.0,0.0,0.0,0.0,0.0,0.0,0.0,0.0,0.0,0.552,0.5507
64,0.001,3,10,100,32,16,256,184,440338,73,30,VicregLoss,gru,/home/dpetrovitch/dzagcoffee/train_trace/gender/checkpoints_2025-10-08 10:26:11.109161_VicregLoss_gru_catboost/model_64_0.001_3_10_100_256_32_16_256_VicregLoss_gruepoch=18.ckpt,18,30,0.053967927,36.1114,1.6717,0.0002,4.7431,1.1625,1.1627,0.676,702.863,45.9461,38.4411,2.5129,26.7013,1.7455,24.7243,1.6162,23.607,1.5432,23.1983,1.5165,22.828,1.4923,22.6564,7.671,1.2391,0.4195,0.8607,0.2914,0.797,0.2698,0.761,0.2576,0.7478,0.2532,0.7358,0.2491,0.0,0.0,0.0,0.0,0.0,0.0,0.0,0.0,0.0,0.0,0.0,0.0,0.0,0.0,0.0,0.0,0.0,0.0,0.0,0.0,0.0,0.0,0.0,0.0,0.0,0.0,0.0,0.0,0.0,0.0,0.0,0.0,0.0,0.0,0.0,0.52,0.5285
64,0.001,3,10,100,32,16,256,184,440338,73,30,VicregLoss,gru,/home/dpetrovitch/dzagcoffee/train_trace/gender/checkpoints_2025-10-08 10:26:11.109161_VicregLoss_gru_catboost/model_64_0.001_3_10_100_256_32_16_256_VicregLoss_gruepoch=19.ckpt,19,30,0.056560174,33.9887,1.6737,0.0002,4.8413,1.1401,1.1391,0.7071,689.5547,45.9236,37.2515,2.4809,25.8635,1.7225,24.0903,1.6044,23.0117,1.5326,22.6412,1.5079,22.3283,1.487,18.5822,3.1955,1.0039,0.1726,0.697,0.1199,0.6492,0.1116,0.6201,0.1066,0.6101,0.1049,0.6017,0.1035,0.0,0.0,0.0,0.0,0.0,0.0,0.0,0.0,0.0,0.0,0.0,0.0,0.0,0.0,0.0,0.0,0.0,0.0,0.0,0.0,0.0,0.0,0.0,0.0,0.0,0.0,0.0,0.0,0.0,0.0,0.0,0.0,0.0,0.0,0.0,0.488,0.4785
64,0.001,3,10,100,32,16,256,184,440338,73,30,VicregLoss,gru,/home/dpetrovitch/dzagcoffee/train_trace/gender/checkpoints_2025-10-08 10:26:11.109161_VicregLoss_gru_catboost/model_64_0.001_3_10_100_256_32_16_256_VicregLoss_gruepoch=20.ckpt,20,30,0.05630542,33.9674,1.6747,0.0002,4.8598,1.1385,1.1388,0.71,688.2344,45.7632,37.315,2.4812,26.1027,1.7357,24.1712,1.6072,23.1107,1.5367,22.7043,1.5097,22.3699,1.4875,19.7394,5.3201,1.0702,0.2884,0.7487,0.2018,0.6933,0.1868,0.6628,0.1786,0.6512,0.1755,0.6416,0.1729,0.0,0.0,0.0,0.0,0.0,0.0,0.0,0.0,0.0,0.0,0.0,0.0,0.0,0.0,0.0,0.0,0.0,0.0,0.0,0.0,0.0,0.0,0.0,0.0,0.0,0.0,0.0,0.0,0.0,0.0,0.0,0.0,0.0,0.0,0.0,0.532,0.5073
64,0.001,3,10,100,32,16,256,184,440338,73,30,VicregLoss,gru,/home/dpetrovitch/dzagcoffee/train_trace/gender/checkpoints_2025-10-08 10:26:11.109161_VicregLoss_gru_catboost/model_64_0.001_3_10_100_256_32_16_256_VicregLoss_gruepoch=21.ckpt,21,30,0.054562356,34.2913,1.6726,0.0002,4.8908,1.1313,1.1322,0.7172,694.51,46.6716,38.3936,2.5801,26.105,1.7543,24.3582,1.6369,23.2039,1.5593,22.7871,1.5313,22.4706,1.51,22.2553,4.4276,1.2303,0.2448,0.8365,0.1664,0.7805,0.1553,0.7436,0.1479,0.7302,0.1453,0.7201,0.1433,0.0,0.0,0.0,0.0,0.0,0.0,0.0,0.0,0.0,0.0,0.0,0.0,0.0,0.0,0.0,0.0,0.0,0.0,0.0,0.0,0.0,0.0,0.0,0.0,0.0,0.0,0.0,0.0,0.0,0.0,0.0,0.0,0.0,0.0,0.0,0.536,0.5196
64,0.001,3,10,100,32,16,256,184,440338,73,30,VicregLoss,gru,/home/dpetrovitch/dzagcoffee/train_trace/gender/checkpoints_2025-10-08 10:26:11.109161_VicregLoss_gru_catboost/model_64_0.001_3_10_100_256_32_16_256_VicregLoss_gruepoch=22.ckpt,22,30,0.0566004,35.1391,1.6736,0.0002,4.8556,1.1454,1.1467,0.6961,708.0736,46.9198,38.8637,2.5753,27.0627,1.7933,24.9907,1.656,23.7659,1.5748,23.331,1.546,22.986,1.5231,21.8361,3.9905,1.1985,0.219,0.8346,0.1525,0.7707,0.1408,0.7329,0.1339,0.7195,0.1315,0.7089,0.1295,0.0,0.0,0.0,0.0,0.0,0.0,0.0,0.0,0.0,0.0,0.0,0.0,0.0,0.0,0.0,0.0,0.0,0.0,0.0,0.0,0.0,0.0,0.0,0.0,0.0,0.0,0.0,0.0,0.0,0.0,0.0,0.0,0.0,0.0,0.0,0.48,0.4874
64,0.001,3,10,100,32,16,256,184,440338,73,30,VicregLoss,gru,/home/dpetrovitch/dzagcoffee/train_trace/gender/checkpoints_2025-10-08 10:26:11.109161_VicregLoss_gru_catboost/model_64_0.001_3_10_100_256_32_16_256_VicregLoss_gruepoch=23.ckpt,23,30,0.061726794,35.9015,1.6737,0.0002,4.8194,1.1486,1.1497,0.6921,731.0716,48.9996,39.7518,2.6643,28.1458,1.8865,25.9081,1.7365,24.6194,1.6501,24.1323,1.6175,23.78,1.5938,24.6187,4.5055,1.3386,0.245,0.9478,0.1735,0.8724,0.1597,0.8291,0.1517,0.8127,0.1487,0.8008,0.1466,0.0,0.0,0.0,0.0,0.0,0.0,0.0,0.0,0.0,0.0,0.0,0.0,0.0,0.0,0.0,0.0,0.0,0.0,0.0,0.0,0.0,0.0,0.0,0.0,0.0,0.0,0.0,0.0,0.0,0.0,0.0,0.0,0.0,0.0,0.0,0.476,0.4825
64,0.001,3,10,100,32,16,256,184,440338,73,30,VicregLoss,gru,/home/dpetrovitch/dzagcoffee/train_trace/gender/checkpoints_2025-10-08 10:26:11.109161_VicregLoss_gru_catboost/model_64_0.001_3_10_100_256_32_16_256_VicregLoss_gruepoch=24.ckpt,24,30,0.054785825,31.1751,1.6735,1e-04,4.9582,1.1359,1.1365,0.7126,644.2174,44.2206,34.2996,2.3544,23.9604,1.6447,22.3849,1.5366,21.5752,1.481,21.2097,1.4559,20.9206,1.436,18.8804,3.3416,1.0052,0.1779,0.7022,0.1243,0.656,0.1161,0.6323,0.1119,0.6216,0.11,0.6131,0.1085,0.0,0.0,0.0,0.0,0.0,0.0,0.0,0.0,0.0,0.0,0.0,0.0,0.0,0.0,0.0,0.0,0.0,0.0,0.0,0.0,0.0,0.0,0.0,0.0,0.0,0.0,0.0,0.0,0.0,0.0,0.0,0.0,0.0,0.0,0.0,0.484,0.5093
64,0.001,3,10,100,32,16,256,184,440338,73,30,VicregLoss,gru,/home/dpetrovitch/dzagcoffee/train_trace/gender/checkpoints_2025-10-08 10:26:11.109161_VicregLoss_gru_catboost/model_64_0.001_3_10_100_256_32_16_256_VicregLoss_gruepoch=25.ckpt,25,30,0.059447404,28.8859,1.6767,1e-04,5.021,1.1084,1.1102,0.7621,597.7668,41.3449,32.7104,2.2624,21.9632,1.5191,20.6857,1.4307,19.9861,1.3824,19.6463,1.3588,19.3951,1.3415,18.1169,4.6446,0.9914,0.2542,0.6657,0.1707,0.6269,0.1607,0.6057,0.1553,0.5954,0.1527,0.5878,0.1507,0.0,0.0,0.0,0.0,0.0,0.0,0.0,0.0,0.0,0.0,0.0,0.0,0.0,0.0,0.0,0.0,0.0,0.0,0.0,0.0,0.0,0.0,0.0,0.0,0.0,0.0,0.0,0.0,0.0,0.0,0.0,0.0,0.0,0.0,0.0,0.504,0.4695
64,0.001,3,10,100,32,16,256,184,440338,73,30,VicregLoss,gru,/home/dpetrovitch/dzagcoffee/train_trace/gender/checkpoints_2025-10-08 10:26:11.109161_VicregLoss_gru_catboost/model_64_0.001_3_10_100_256_32_16_256_VicregLoss_gruepoch=26.ckpt,26,30,0.06041279,32.3913,1.6756,1e-04,4.9241,1.131,1.1324,0.7169,662.3186,44.9971,36.0289,2.4478,25.0433,1.7014,23.1194,1.5707,22.1972,1.508,21.8083,1.4816,21.5059,1.4611,18.317,5.0132,0.9964,0.2727,0.6926,0.1896,0.6394,0.175,0.6139,0.168,0.6031,0.1651,0.5948,0.1628,0.0,0.0,0.0,0.0,0.0,0.0,0.0,0.0,0.0,0.0,0.0,0.0,0.0,0.0,0.0,0.0,0.0,0.0,0.0,0.0,0.0,0.0,0.0,0.0,0.0,0.0,0.0,0.0,0.0,0.0,0.0,0.0,0.0,0.0,0.0,0.472,0.4916
64,0.001,3,10,100,32,16,256,184,440338,73,30,VicregLoss,gru,/home/dpetrovitch/dzagcoffee/train_trace/gender/checkpoints_2025-10-08 10:26:11.109161_VicregLoss_gru_catboost/model_64_0.001_3_10_100_256_32_16_256_VicregLoss_gruepoch=27.ckpt,27,30,0.05749428,31.7983,1.6769,1e-04,4.9767,1.1188,1.1189,0.7367,656.6954,44.9031,35.4447,2.4236,24.484,1.6742,22.8842,1.5648,22.0046,1.5046,21.6266,1.4788,21.3269,1.4583,15.6478,2.7367,0.8446,0.1477,0.5834,0.102,0.5453,0.0954,0.5243,0.0917,0.5153,0.0901,0.5082,0.0889,0.0,0.0,0.0,0.0,0.0,0.0,0.0,0.0,0.0,0.0,0.0,0.0,0.0,0.0,0.0,0.0,0.0,0.0,0.0,0.0,0.0,0.0,0.0,0.0,0.0,0.0,0.0,0.0,0.0,0.0,0.0,0.0,0.0,0.0,0.0,0.52,0.5244
64,0.001,3,10,100,32,16,256,184,440338,73,30,VicregLoss,gru,/home/dpetrovitch/dzagcoffee/train_trace/gender/checkpoints_2025-10-08 10:26:11.109161_VicregLoss_gru_catboost/model_64_0.001_3_10_100_256_32_16_256_VicregLoss_gruepoch=28.ckpt,28,30,0.058151282,30.6571,1.6776,1e-04,5.1167,1.1067,1.106,0.7537,625.9365,43.8692,33.8858,2.3749,22.9422,1.6079,21.6999,1.5209,20.9108,1.4656,20.5683,1.4415,20.2979,1.4226,15.3422,2.9754,0.8306,0.1611,0.5623,0.1091,0.5319,0.1032,0.5125,0.0994,0.5041,0.0978,0.4975,0.0965,0.0,0.0,0.0,0.0,0.0,0.0,0.0,0.0,0.0,0.0,0.0,0.0,0.0,0.0,0.0,0.0,0.0,0.0,0.0,0.0,0.0,0.0,0.0,0.0,0.0,0.0,0.0,0.0,0.0,0.0,0.0,0.0,0.0,0.0,0.0,0.52,0.5081
64,0.001,3,10,100,32,16,256,184,440338,73,30,VicregLoss,gru,/home/dpetrovitch/dzagcoffee/train_trace/gender/checkpoints_2025-10-08 10:26:11.109161_VicregLoss_gru_catboost/model_64_0.001_3_10_100_256_32_16_256_VicregLoss_gruepoch=29.ckpt,29,30,0.05829877,28.5825,1.6771,1e-04,5.0226,1.0967,1.0946,0.7787,601.5326,43.2832,32.9149,2.3684,21.9278,1.5778,20.8294,1.4988,20.135,1.4488,19.813,1.4256,19.5288,1.4052,21.9552,5.048,1.2014,0.2762,0.8003,0.184,0.7602,0.1748,0.7349,0.169,0.7232,0.1663,0.7128,0.1639,0.0,0.0,0.0,0.0,0.0,0.0,0.0,0.0,0.0,0.0,0.0,0.0,0.0,0.0,0.0,0.0,0.0,0.0,0.0,0.0,0.0,0.0,0.0,0.0,0.0,0.0,0.0,0.0,0.0,0.0,0.0,0.0,0.0,0.0,0.0,0.528,0.4924
128,0.001,3,10,100,32,16,256,184,440338,73,30,VicregLoss,gru,/home/dpetrovitch/dzagcoffee/train_trace/gender/checkpoints_2025-10-08 10:26:11.109161_VicregLoss_gru_catboost/model_128_0.001_3_10_100_256_32_16_256_VicregLoss_gruepoch=00.ckpt,0,30,0.04582134,21.812,1.6669,0.0002,4.3441,1.0881,1.0806,0.8121,497.6823,25.9314,44.4922,2.3182,25.6308,1.3355,24.3367,1.268,23.2818,1.2131,22.6981,1.1827,21.9778,1.1451,19.8709,2.0162,1.7764,0.1802,1.0234,0.1038,0.9717,0.0986,0.9296,0.0943,0.9063,0.092,0.8775,0.089,0.0,0.0,0.0,0.0,0.0,0.0,0.0,0.0,0.0,0.0,0.0,0.0,0.0,0.0,0.0,0.0,0.0,0.0,0.0,0.0,0.0,0.0,0.0,0.0,0.0,0.0,0.0,0.0,0.0,0.0,0.0,0.0,0.0,0.0,0.0,0.532,0.4655
128,0.001,3,10,100,32,16,256,184,440338,73,30,VicregLoss,gru,/home/dpetrovitch/dzagcoffee/train_trace/gender/checkpoints_2025-10-08 10:26:11.109161_VicregLoss_gru_catboost/model_128_0.001_3_10_100_256_32_16_256_VicregLoss_gruepoch=01.ckpt,1,30,0.04141396,20.4754,1.6759,0.0002,4.4476,1.0942,1.1164,0.7334,495.8856,27.1836,47.0784,2.5808,26.5441,1.4551,24.4027,1.3377,22.601,1.2389,21.7837,1.1941,20.7663,1.1384,18.8608,2.8324,1.7906,0.2689,1.0096,0.1516,0.9281,0.1394,0.8596,0.1291,0.8285,0.1244,0.7898,0.1186,0.0,0.0,0.0,0.0,0.0,0.0,0.0,0.0,0.0,0.0,0.0,0.0,0.0,0.0,0.0,0.0,0.0,0.0,0.0,0.0,0.0,0.0,0.0,0.0,0.0,0.0,0.0,0.0,0.0,0.0,0.0,0.0,0.0,0.0,0.0,0.5,0.4614
128,0.001,3,10,100,32,16,256,184,440338,73,30,VicregLoss,gru,/home/dpetrovitch/dzagcoffee/train_trace/gender/checkpoints_2025-10-08 10:26:11.109161_VicregLoss_gru_catboost/model_128_0.001_3_10_100_256_32_16_256_VicregLoss_gruepoch=02.ckpt,2,30,0.035070587,39.6813,1.6662,0.0005,4.1134,1.1693,1.1675,0.52,708.5138,35.8473,83.7271,4.2362,59.5666,3.0138,50.0275,2.5311,42.1062,2.1304,38.3106,1.9383,34.1797,1.7293,38.2069,3.588,4.515,0.424,3.2122,0.3017,2.6978,0.2533,2.2706,0.2132,2.0659,0.194,1.8432,0.1731,0.0,0.0,0.0,0.0,0.0,0.0,0.0,0.0,0.0,0.0,0.0,0.0,0.0,0.0,0.0,0.0,0.0,0.0,0.0,0.0,0.0,0.0,0.0,0.0,0.0,0.0,0.0,0.0,0.0,0.0,0.0,0.0,0.0,0.0,0.0,0.508,0.5019
128,0.001,3,10,100,32,16,256,184,440338,73,30,VicregLoss,gru,/home/dpetrovitch/dzagcoffee/train_trace/gender/checkpoints_2025-10-08 10:26:11.109161_VicregLoss_gru_catboost/model_128_0.001_3_10_100_256_32_16_256_VicregLoss_gruepoch=03.ckpt,3,30,0.04263038,20.3844,1.6762,0.0002,4.3004,1.0327,1.0332,0.8839,492.9494,28.0337,46.7383,2.658,22.559,1.2829,21.0914,1.1995,19.9176,1.1327,19.319,1.0987,18.57,1.0561,18.9376,2.2763,1.7955,0.2158,0.8666,0.1042,0.8103,0.0974,0.7652,0.092,0.7422,0.0892,0.7134,0.0858,0.0,0.0,0.0,0.0,0.0,0.0,0.0,0.0,0.0,0.0,0.0,0.0,0.0,0.0,0.0,0.0,0.0,0.0,0.0,0.0,0.0,0.0,0.0,0.0,0.0,0.0,0.0,0.0,0.0,0.0,0.0,0.0,0.0,0.0,0.0,0.52,0.464
128,0.001,3,10,100,32,16,256,184,440338,73,30,VicregLoss,gru,/home/dpetrovitch/dzagcoffee/train_trace/gender/checkpoints_2025-10-08 10:26:11.109161_VicregLoss_gru_catboost/model_128_0.001_3_10_100_256_32_16_256_VicregLoss_gruepoch=04.ckpt,4,30,0.044930443,43.8415,1.6559,0.0006,3.9993,1.5339,1.559,0.4049,770.2212,38.6822,76.4401,3.839,59.0322,2.9647,53.1035,2.667,47.7206,2.3966,44.8351,2.2517,41.2501,2.0717,41.8063,3.9514,4.149,0.3922,3.2042,0.3029,2.8824,0.2724,2.5902,0.2448,2.4336,0.23,2.239,0.2116,0.0,0.0,0.0,0.0,0.0,0.0,0.0,0.0,0.0,0.0,0.0,0.0,0.0,0.0,0.0,0.0,0.0,0.0,0.0,0.0,0.0,0.0,0.0,0.0,0.0,0.0,0.0,0.0,0.0,0.0,0.0,0.0,0.0,0.0,0.0,0.532,0.4688
128,0.001,3,10,100,32,16,256,184,440338,73,30,VicregLoss,gru,/home/dpetrovitch/dzagcoffee/train_trace/gender/checkpoints_2025-10-08 10:26:11.109161_VicregLoss_gru_catboost/model_128_0.001_3_10_100_256_32_16_256_VicregLoss_gruepoch=05.ckpt,5,30,0.04799719,33.6647,1.6276,0.0004,4.055,1.3307,1.3566,0.5235,665.9884,34.5642,50.9478,2.6441,38.1045,1.9776,35.4111,1.8378,33.1844,1.7222,31.9688,1.6592,30.444,1.58,29.5969,4.4646,2.2641,0.3415,1.6934,0.2554,1.5737,0.2374,1.4747,0.2225,1.4207,0.2143,1.353,0.2041,0.0,0.0,0.0,0.0,0.0,0.0,0.0,0.0,0.0,0.0,0.0,0.0,0.0,0.0,0.0,0.0,0.0,0.0,0.0,0.0,0.0,0.0,0.0,0.0,0.0,0.0,0.0,0.0,0.0,0.0,0.0,0.0,0.0,0.0,0.0,0.54,0.4775
128,0.001,3,10,100,32,16,256,184,440338,73,30,VicregLoss,gru,/home/dpetrovitch/dzagcoffee/train_trace/gender/checkpoints_2025-10-08 10:26:11.109161_VicregLoss_gru_catboost/model_128_0.001_3_10_100_256_32_16_256_VicregLoss_gruepoch=06.ckpt,6,30,0.044964705,34.3159,1.612,0.0005,3.9688,1.5512,1.5379,0.4741,685.2082,35.1979,47.04,2.4164,38.0489,1.9545,35.4064,1.8188,32.795,1.6846,31.2869,1.6072,29.8249,1.5321,29.4155,5.9518,2.0194,0.4086,1.6334,0.3305,1.52,0.3075,1.4079,0.2849,1.3431,0.2718,1.2804,0.2591,0.0,0.0,0.0,0.0,0.0,0.0,0.0,0.0,0.0,0.0,0.0,0.0,0.0,0.0,0.0,0.0,0.0,0.0,0.0,0.0,0.0,0.0,0.0,0.0,0.0,0.0,0.0,0.0,0.0,0.0,0.0,0.0,0.0,0.0,0.0,0.516,0.4866
128,0.001,3,10,100,32,16,256,184,440338,73,30,VicregLoss,gru,/home/dpetrovitch/dzagcoffee/train_trace/gender/checkpoints_2025-10-08 10:26:11.109161_VicregLoss_gru_catboost/model_128_0.001_3_10_100_256_32_16_256_VicregLoss_gruepoch=07.ckpt,7,30,0.05397221,33.2002,1.598,0.0005,3.9554,1.6341,1.6653,0.467,658.0197,33.638,44.3847,2.2689,35.4269,1.811,32.9756,1.6857,30.8521,1.5772,29.4859,1.5073,27.8618,1.4243,28.8994,8.8104,1.9493,0.5943,1.5559,0.4743,1.4482,0.4415,1.355,0.4131,1.295,0.3948,1.2237,0.3731,0.0,0.0,0.0,0.0,0.0,0.0,0.0,0.0,0.0,0.0,0.0,0.0,0.0,0.0,0.0,0.0,0.0,0.0,0.0,0.0,0.0,0.0,0.0,0.0,0.0,0.0,0.0,0.0,0.0,0.0,0.0,0.0,0.0,0.0,0.0,0.508,0.4581
128,0.001,3,10,100,32,16,256,184,440338,73,30,VicregLoss,gru,/home/dpetrovitch/dzagcoffee/train_trace/gender/checkpoints_2025-10-08 10:26:11.109161_VicregLoss_gru_catboost/model_128_0.001_3_10_100_256_32_16_256_VicregLoss_gruepoch=08.ckpt,8,30,0.05421635,32.2031,1.6268,0.0005,3.9069,1.8369,1.8913,0.4544,642.9524,33.0978,45.2462,2.3292,35.626,1.8339,32.9294,1.6951,30.6831,1.5795,29.4151,1.5142,27.5759,1.4195,26.3483,8.6217,1.8542,0.6067,1.46,0.4777,1.3495,0.4416,1.2574,0.4114,1.2054,0.3944,1.1301,0.3698,0.0,0.0,0.0,0.0,0.0,0.0,0.0,0.0,0.0,0.0,0.0,0.0,0.0,0.0,0.0,0.0,0.0,0.0,0.0,0.0,0.0,0.0,0.0,0.0,0.0,0.0,0.0,0.0,0.0,0.0,0.0,0.0,0.0,0.0,0.0,0.528,0.4943
128,0.001,3,10,100,32,16,256,184,440338,73,30,VicregLoss,gru,/home/dpetrovitch/dzagcoffee/train_trace/gender/checkpoints_2025-10-08 10:26:11.109161_VicregLoss_gru_catboost/model_128_0.001_3_10_100_256_32_16_256_VicregLoss_gruepoch=09.ckpt,9,30,0.052614447,30.6544,1.6362,0.0005,3.8949,1.8839,1.9097,0.46,618.9412,31.9514,41.0176,2.1174,32.9628,1.7016,30.8261,1.5913,29.1328,1.5039,28.1829,1.4549,26.7547,1.3812,25.021,8.0791,1.6582,0.5354,1.3325,0.4303,1.2462,0.4024,1.1777,0.3803,1.1393,0.3679,1.0816,0.3492,0.0,0.0,0.0,0.0,0.0,0.0,0.0,0.0,0.0,0.0,0.0,0.0,0.0,0.0,0.0,0.0,0.0,0.0,0.0,0.0,0.0,0.0,0.0,0.0,0.0,0.0,0.0,0.0,0.0,0.0,0.0,0.0,0.0,0.0,0.0,0.544,0.4927
128,0.001,3,10,100,32,16,256,184,440338,73,30,VicregLoss,gru,/home/dpetrovitch/dzagcoffee/train_trace/gender/checkpoints_2025-10-08 10:26:11.109161_VicregLoss_gru_catboost/model_128_0.001_3_10_100_256_32_16_256_VicregLoss_gruepoch=10.ckpt,10,30,0.056006715,30.0043,1.6154,0.0005,3.888,1.9566,1.9742,0.4621,614.9408,31.6244,41.4387,2.1311,33.3398,1.7146,31.1124,1.6,29.3332,1.5085,28.3541,1.4582,27.0762,1.3924,25.4362,9.179,1.7141,0.6185,1.3791,0.4977,1.2869,0.4644,1.2133,0.4378,1.1728,0.4232,1.12,0.4042,0.0,0.0,0.0,0.0,0.0,0.0,0.0,0.0,0.0,0.0,0.0,0.0,0.0,0.0,0.0,0.0,0.0,0.0,0.0,0.0,0.0,0.0,0.0,0.0,0.0,0.0,0.0,0.0,0.0,0.0,0.0,0.0,0.0,0.0,0.0,0.548,0.5138
128,0.001,3,10,100,32,16,256,184,440338,73,30,VicregLoss,gru,/home/dpetrovitch/dzagcoffee/train_trace/gender/checkpoints_2025-10-08 10:26:11.109161_VicregLoss_gru_catboost/model_128_0.001_3_10_100_256_32_16_256_VicregLoss_gruepoch=11.ckpt,11,30,0.052451685,29.6524,1.6369,0.0005,3.8971,1.8168,1.8115,0.4709,615.7249,32.0917,42.3848,2.2091,33.4566,1.7438,31.0062,1.616,29.0969,1.5165,28.12,1.4656,26.9202,1.4031,27.3891,7.4626,1.8854,0.5137,1.4882,0.4055,1.3792,0.3758,1.2943,0.3527,1.2509,0.3408,1.1975,0.3263,0.0,0.0,0.0,0.0,0.0,0.0,0.0,0.0,0.0,0.0,0.0,0.0,0.0,0.0,0.0,0.0,0.0,0.0,0.0,0.0,0.0,0.0,0.0,0.0,0.0,0.0,0.0,0.0,0.0,0.0,0.0,0.0,0.0,0.0,0.0,0.488,0.4884
128,0.001,3,10,100,32,16,256,184,440338,73,30,VicregLoss,gru,/home/dpetrovitch/dzagcoffee/train_trace/gender/checkpoints_2025-10-08 10:26:11.109161_VicregLoss_gru_catboost/model_128_0.001_3_10_100_256_32_16_256_VicregLoss_gruepoch=12.ckpt,12,30,0.06320244,29.8395,1.6424,0.0005,3.8914,2.0195,2.0245,0.4638,611.1839,31.6489,42.4412,2.1977,33.7575,1.7481,31.2982,1.6207,29.3825,1.5215,28.3726,1.4692,26.946,1.3953,25.9821,8.05,1.8042,0.559,1.4351,0.4446,1.3305,0.4122,1.2491,0.387,1.2062,0.3737,1.1455,0.3549,0.0,0.0,0.0,0.0,0.0,0.0,0.0,0.0,0.0,0.0,0.0,0.0,0.0,0.0,0.0,0.0,0.0,0.0,0.0,0.0,0.0,0.0,0.0,0.0,0.0,0.0,0.0,0.0,0.0,0.0,0.0,0.0,0.0,0.0,0.0,0.536,0.5421
128,0.001,3,10,100,32,16,256,184,440338,73,30,VicregLoss,gru,/home/dpetrovitch/dzagcoffee/train_trace/gender/checkpoints_2025-10-08 10:26:11.109161_VicregLoss_gru_catboost/model_128_0.001_3_10_100_256_32_16_256_VicregLoss_gruepoch=13.ckpt,13,30,0.055398505,29.2172,1.6373,0.0005,3.883,1.9368,1.9303,0.4655,604.7898,31.2331,41.3107,2.1334,33.1319,1.711,30.7403,1.5875,28.8674,1.4908,27.936,1.4427,26.7265,1.3802,24.925,7.6637,1.7025,0.5235,1.3655,0.4198,1.2669,0.3895,1.1897,0.3658,1.1513,0.354,1.1015,0.3387,0.0,0.0,0.0,0.0,0.0,0.0,0.0,0.0,0.0,0.0,0.0,0.0,0.0,0.0,0.0,0.0,0.0,0.0,0.0,0.0,0.0,0.0,0.0,0.0,0.0,0.0,0.0,0.0,0.0,0.0,0.0,0.0,0.0,0.0,0.0,0.536,0.4947
128,0.001,3,10,100,32,16,256,184,440338,73,30,VicregLoss,gru,/home/dpetrovitch/dzagcoffee/train_trace/gender/checkpoints_2025-10-08 10:26:11.109161_VicregLoss_gru_catboost/model_128_0.001_3_10_100_256_32_16_256_VicregLoss_gruepoch=14.ckpt,14,30,0.051822063,28.7112,1.6358,0.0005,3.8571,2.0128,2.0011,0.4647,601.7018,31.1333,41.0571,2.1244,32.8712,1.7008,30.5728,1.5819,28.7533,1.4878,27.8562,1.4413,26.6705,1.38,25.4026,8.1479,1.7333,0.556,1.3878,0.4451,1.2907,0.414,1.2139,0.3894,1.176,0.3772,1.126,0.3612,0.0,0.0,0.0,0.0,0.0,0.0,0.0,0.0,0.0,0.0,0.0,0.0,0.0,0.0,0.0,0.0,0.0,0.0,0.0,0.0,0.0,0.0,0.0,0.0,0.0,0.0,0.0,0.0,0.0,0.0,0.0,0.0,0.0,0.0,0.0,0.512,0.5034
128,0.001,3,10,100,32,16,256,184,440338,73,30,VicregLoss,gru,/home/dpetrovitch/dzagcoffee/train_trace/gender/checkpoints_2025-10-08 10:26:11.109161_VicregLoss_gru_catboost/model_128_0.001_3_10_100_256_32_16_256_VicregLoss_gruepoch=15.ckpt,15,30,0.05879506,28.3387,1.6409,0.0005,3.8761,1.8767,1.8764,0.4721,593.3788,30.824,40.3444,2.0958,32.311,1.6784,30.0481,1.5609,28.3175,1.471,27.4926,1.4281,26.4575,1.3744,24.7466,8.5828,1.6825,0.5836,1.3475,0.4674,1.2531,0.4346,1.181,0.4096,1.1466,0.3977,1.1034,0.3827,0.0,0.0,0.0,0.0,0.0,0.0,0.0,0.0,0.0,0.0,0.0,0.0,0.0,0.0,0.0,0.0,0.0,0.0,0.0,0.0,0.0,0.0,0.0,0.0,0.0,0.0,0.0,0.0,0.0,0.0,0.0,0.0,0.0,0.0,0.0,0.516,0.5042
128,0.001,3,10,100,32,16,256,184,440338,73,30,VicregLoss,gru,/home/dpetrovitch/dzagcoffee/train_trace/gender/checkpoints_2025-10-08 10:26:11.109161_VicregLoss_gru_catboost/model_128_0.001_3_10_100_256_32_16_256_VicregLoss_gruepoch=16.ckpt,16,30,0.057719987,27.1957,1.6473,0.0004,3.8839,1.6832,1.6819,0.4855,572.958,29.9088,38.825,2.0267,30.8351,1.6096,28.7604,1.5013,27.1798,1.4188,26.3904,1.3776,25.394,1.3256,23.1629,8.1714,1.5696,0.5537,1.2466,0.4398,1.1627,0.4102,1.0988,0.3876,1.0669,0.3764,1.0266,0.3622,0.0,0.0,0.0,0.0,0.0,0.0,0.0,0.0,0.0,0.0,0.0,0.0,0.0,0.0,0.0,0.0,0.0,0.0,0.0,0.0,0.0,0.0,0.0,0.0,0.0,0.0,0.0,0.0,0.0,0.0,0.0,0.0,0.0,0.0,0.0,0.508,0.4634
128,0.001,3,10,100,32,16,256,184,440338,73,30,VicregLoss,gru,/home/dpetrovitch/dzagcoffee/train_trace/gender/checkpoints_2025-10-08 10:26:11.109161_VicregLoss_gru_catboost/model_128_0.001_3_10_100_256_32_16_256_VicregLoss_gruepoch=17.ckpt,17,30,0.053124145,26.8858,1.6373,0.0004,3.8458,1.8096,1.8209,0.4728,571.4389,29.5926,39.1539,2.0276,31.1923,1.6153,28.988,1.5012,27.2766,1.4126,26.4014,1.3672,25.2928,1.3098,22.5873,8.1672,1.5476,0.5596,1.2329,0.4458,1.1458,0.4143,1.0782,0.3898,1.0436,0.3773,0.9997,0.3615,0.0,0.0,0.0,0.0,0.0,0.0,0.0,0.0,0.0,0.0,0.0,0.0,0.0,0.0,0.0,0.0,0.0,0.0,0.0,0.0,0.0,0.0,0.0,0.0,0.0,0.0,0.0,0.0,0.0,0.0,0.0,0.0,0.0,0.0,0.0,0.524,0.4864
128,0.001,3,10,100,32,16,256,184,440338,73,30,VicregLoss,gru,/home/dpetrovitch/dzagcoffee/train_trace/gender/checkpoints_2025-10-08 10:26:11.109161_VicregLoss_gru_catboost/model_128_0.001_3_10_100_256_32_16_256_VicregLoss_gruepoch=18.ckpt,18,30,0.052944254,27.2107,1.6254,0.0005,3.842,1.7759,1.7728,0.473,577.4392,29.8695,40.9342,2.1174,32.2382,1.6676,29.8287,1.543,27.921,1.4443,26.9299,1.393,25.702,1.3295,25.4407,6.776,1.8035,0.4803,1.4203,0.3783,1.3142,0.35,1.2301,0.3276,1.1865,0.316,1.1324,0.3016,0.0,0.0,0.0,0.0,0.0,0.0,0.0,0.0,0.0,0.0,0.0,0.0,0.0,0.0,0.0,0.0,0.0,0.0,0.0,0.0,0.0,0.0,0.0,0.0,0.0,0.0,0.0,0.0,0.0,0.0,0.0,0.0,0.0,0.0,0.0,0.548,0.5144
128,0.001,3,10,100,32,16,256,184,440338,73,30,VicregLoss,gru,/home/dpetrovitch/dzagcoffee/train_trace/gender/checkpoints_2025-10-08 10:26:11.109161_VicregLoss_gru_catboost/model_128_0.001_3_10_100_256_32_16_256_VicregLoss_gruepoch=19.ckpt,19,30,0.053710938,27.134,1.6258,0.0005,3.8495,1.9524,1.9658,0.4689,578.6152,29.8158,41.0188,2.1137,32.6205,1.6809,30.2637,1.5595,28.3301,1.4598,27.3432,1.409,26.0842,1.3441,23.7013,6.7867,1.6802,0.4811,1.3362,0.3826,1.2397,0.355,1.1605,0.3323,1.12,0.3207,1.0685,0.3059,0.0,0.0,0.0,0.0,0.0,0.0,0.0,0.0,0.0,0.0,0.0,0.0,0.0,0.0,0.0,0.0,0.0,0.0,0.0,0.0,0.0,0.0,0.0,0.0,0.0,0.0,0.0,0.0,0.0,0.0,0.0,0.0,0.0,0.0,0.0,0.536,0.524
128,0.001,3,10,100,32,16,256,184,440338,73,30,VicregLoss,gru,/home/dpetrovitch/dzagcoffee/train_trace/gender/checkpoints_2025-10-08 10:26:11.109161_VicregLoss_gru_catboost/model_128_0.001_3_10_100_256_32_16_256_VicregLoss_gruepoch=20.ckpt,20,30,0.056781966,27.1215,1.6461,0.0005,3.8571,1.9401,1.93,0.471,578.1792,29.7311,40.9214,2.1043,32.5069,1.6716,30.201,1.553,28.2867,1.4546,27.32,1.4048,26.1028,1.3423,23.562,6.8379,1.6676,0.484,1.3247,0.3844,1.2308,0.3572,1.1527,0.3345,1.1133,0.3231,1.0637,0.3087,0.0,0.0,0.0,0.0,0.0,0.0,0.0,0.0,0.0,0.0,0.0,0.0,0.0,0.0,0.0,0.0,0.0,0.0,0.0,0.0,0.0,0.0,0.0,0.0,0.0,0.0,0.0,0.0,0.0,0.0,0.0,0.0,0.0,0.0,0.0,0.576,0.5228
128,0.001,3,10,100,32,16,256,184,440338,73,30,VicregLoss,gru,/home/dpetrovitch/dzagcoffee/train_trace/gender/checkpoints_2025-10-08 10:26:11.109161_VicregLoss_gru_catboost/model_128_0.001_3_10_100_256_32_16_256_VicregLoss_gruepoch=21.ckpt,21,30,0.057171736,26.3894,1.6364,0.0005,3.8321,1.8823,1.8845,0.4711,565.2097,29.3104,39.5886,2.053,31.4925,1.6331,29.1341,1.5108,27.3262,1.4171,26.393,1.3687,25.2093,1.3073,23.9661,7.1251,1.6786,0.4991,1.3353,0.397,1.2353,0.3673,1.1587,0.3445,1.1191,0.3327,1.0689,0.3178,0.0,0.0,0.0,0.0,0.0,0.0,0.0,0.0,0.0,0.0,0.0,0.0,0.0,0.0,0.0,0.0,0.0,0.0,0.0,0.0,0.0,0.0,0.0,0.0,0.0,0.0,0.0,0.0,0.0,0.0,0.0,0.0,0.0,0.0,0.0,0.556,0.524
128,0.001,3,10,100,32,16,256,184,440338,73,30,VicregLoss,gru,/home/dpetrovitch/dzagcoffee/train_trace/gender/checkpoints_2025-10-08 10:26:11.109161_VicregLoss_gru_catboost/model_128_0.001_3_10_100_256_32_16_256_VicregLoss_gruepoch=22.ckpt,22,30,0.058572333,25.9347,1.6286,0.0005,3.8385,1.8752,1.8747,0.4719,556.6492,28.9158,39.0349,2.0277,31.078,1.6144,28.791,1.4956,26.9909,1.4021,26.0725,1.3544,24.9023,1.2936,22.7544,6.9668,1.5956,0.4885,1.2704,0.389,1.1769,0.3603,1.1033,0.3378,1.0658,0.3263,1.0179,0.3117,0.0,0.0,0.0,0.0,0.0,0.0,0.0,0.0,0.0,0.0,0.0,0.0,0.0,0.0,0.0,0.0,0.0,0.0,0.0,0.0,0.0,0.0,0.0,0.0,0.0,0.0,0.0,0.0,0.0,0.0,0.0,0.0,0.0,0.0,0.0,0.552,0.5008
128,0.001,3,10,100,32,16,256,184,440338,73,30,VicregLoss,gru,/home/dpetrovitch/dzagcoffee/train_trace/gender/checkpoints_2025-10-08 10:26:11.109161_VicregLoss_gru_catboost/model_128_0.001_3_10_100_256_32_16_256_VicregLoss_gruepoch=23.ckpt,23,30,0.057210285,25.7482,1.638,0.0005,3.8555,2.028,2.0368,0.4714,554.7727,28.6988,39.2893,2.0325,31.306,1.6195,29.0086,1.5006,27.1347,1.4037,26.2013,1.3554,24.9537,1.2909,24.0554,7.1515,1.7036,0.5065,1.3575,0.4036,1.2578,0.3739,1.1766,0.3498,1.1361,0.3378,1.082,0.3217,0.0,0.0,0.0,0.0,0.0,0.0,0.0,0.0,0.0,0.0,0.0,0.0,0.0,0.0,0.0,0.0,0.0,0.0,0.0,0.0,0.0,0.0,0.0,0.0,0.0,0.0,0.0,0.0,0.0,0.0,0.0,0.0,0.0,0.0,0.0,0.52,0.523
128,0.001,3,10,100,32,16,256,184,440338,73,30,VicregLoss,gru,/home/dpetrovitch/dzagcoffee/train_trace/gender/checkpoints_2025-10-08 10:26:11.109161_VicregLoss_gru_catboost/model_128_0.001_3_10_100_256_32_16_256_VicregLoss_gruepoch=24.ckpt,24,30,0.055706892,25.5128,1.6369,0.0004,3.8569,1.9359,1.9428,0.4727,550.5988,28.5263,38.9836,2.0197,31.0724,1.6098,28.7846,1.4913,26.8631,1.3918,25.9527,1.3446,24.8321,1.2865,21.2842,6.8197,1.507,0.4828,1.2011,0.3849,1.1127,0.3565,1.0384,0.3327,1.0032,0.3214,0.9599,0.3076,0.0,0.0,0.0,0.0,0.0,0.0,0.0,0.0,0.0,0.0,0.0,0.0,0.0,0.0,0.0,0.0,0.0,0.0,0.0,0.0,0.0,0.0,0.0,0.0,0.0,0.0,0.0,0.0,0.0,0.0,0.0,0.0,0.0,0.0,0.0,0.552,0.5264
128,0.001,3,10,100,32,16,256,184,440338,73,30,VicregLoss,gru,/home/dpetrovitch/dzagcoffee/train_trace/gender/checkpoints_2025-10-08 10:26:11.109161_VicregLoss_gru_catboost/model_128_0.001_3_10_100_256_32_16_256_VicregLoss_gruepoch=25.ckpt,25,30,0.055445623,25.22,1.6462,0.0004,3.8472,1.979,1.9752,0.4716,547.816,28.4731,38.498,2.001,30.8003,1.6009,28.5419,1.4835,26.697,1.3876,25.7937,1.3406,24.6771,1.2826,23.4437,7.1131,1.6475,0.4999,1.3181,0.3999,1.2214,0.3706,1.1425,0.3466,1.1038,0.3349,1.0561,0.3204,0.0,0.0,0.0,0.0,0.0,0.0,0.0,0.0,0.0,0.0,0.0,0.0,0.0,0.0,0.0,0.0,0.0,0.0,0.0,0.0,0.0,0.0,0.0,0.0,0.0,0.0,0.0,0.0,0.0,0.0,0.0,0.0,0.0,0.0,0.0,0.568,0.5566
128,0.001,3,10,100,32,16,256,184,440338,73,30,VicregLoss,gru,/home/dpetrovitch/dzagcoffee/train_trace/gender/checkpoints_2025-10-08 10:26:11.109161_VicregLoss_gru_catboost/model_128_0.001_3_10_100_256_32_16_256_VicregLoss_gruepoch=26.ckpt,26,30,0.05782278,24.919,1.6335,0.0004,3.8577,1.9514,1.9484,0.4722,542.4146,28.0036,38.6003,1.9928,30.7737,1.5888,28.5789,1.4755,26.7225,1.3796,25.8285,1.3335,24.6987,1.2751,24.472,6.528,1.7415,0.4646,1.3884,0.3704,1.2894,0.3439,1.2056,0.3216,1.1653,0.3108,1.1143,0.2973,0.0,0.0,0.0,0.0,0.0,0.0,0.0,0.0,0.0,0.0,0.0,0.0,0.0,0.0,0.0,0.0,0.0,0.0,0.0,0.0,0.0,0.0,0.0,0.0,0.0,0.0,0.0,0.0,0.0,0.0,0.0,0.0,0.0,0.0,0.0,0.556,0.5138
128,0.001,3,10,100,32,16,256,184,440338,73,30,VicregLoss,gru,/home/dpetrovitch/dzagcoffee/train_trace/gender/checkpoints_2025-10-08 10:26:11.109161_VicregLoss_gru_catboost/model_128_0.001_3_10_100_256_32_16_256_VicregLoss_gruepoch=27.ckpt,27,30,0.05930047,24.2943,1.5839,0.0004,3.8423,1.8796,1.8699,0.4743,531.7206,27.5798,38.4557,1.9947,30.4661,1.5802,28.1707,1.4612,26.3184,1.3651,25.3839,1.3166,24.2141,1.256,22.9139,6.9032,1.6572,0.4993,1.3129,0.3955,1.214,0.3657,1.1342,0.3417,1.0939,0.3296,1.0435,0.3144,0.0,0.0,0.0,0.0,0.0,0.0,0.0,0.0,0.0,0.0,0.0,0.0,0.0,0.0,0.0,0.0,0.0,0.0,0.0,0.0,0.0,0.0,0.0,0.0,0.0,0.0,0.0,0.0,0.0,0.0,0.0,0.0,0.0,0.0,0.0,0.556,0.5145
128,0.001,3,10,100,32,16,256,184,440338,73,30,VicregLoss,gru,/home/dpetrovitch/dzagcoffee/train_trace/gender/checkpoints_2025-10-08 10:26:11.109161_VicregLoss_gru_catboost/model_128_0.001_3_10_100_256_32_16_256_VicregLoss_gruepoch=28.ckpt,28,30,0.057090357,24.6198,1.6532,0.0004,3.8659,1.8707,1.8685,0.4781,530.5194,27.5153,38.2324,1.9829,30.4493,1.5792,28.2449,1.4649,26.4267,1.3706,25.5437,1.3248,24.4131,1.2662,21.5532,6.5117,1.5533,0.4693,1.2371,0.3737,1.1475,0.3467,1.0736,0.3244,1.0378,0.3135,0.9918,0.2997,0.0,0.0,0.0,0.0,0.0,0.0,0.0,0.0,0.0,0.0,0.0,0.0,0.0,0.0,0.0,0.0,0.0,0.0,0.0,0.0,0.0,0.0,0.0,0.0,0.0,0.0,0.0,0.0,0.0,0.0,0.0,0.0,0.0,0.0,0.0,0.56,0.5196
128,0.001,3,10,100,32,16,256,184,440338,73,30,VicregLoss,gru,/home/dpetrovitch/dzagcoffee/train_trace/gender/checkpoints_2025-10-08 10:26:11.109161_VicregLoss_gru_catboost/model_128_0.001_3_10_100_256_32_16_256_VicregLoss_gruepoch=29.ckpt,29,30,0.058225397,24.0141,1.6455,0.0004,3.8441,1.8913,1.8897,0.4761,520.5888,26.9313,37.3118,1.9302,29.8329,1.5433,27.6652,1.4312,25.9167,1.3407,25.0376,1.2953,23.937,1.2383,20.571,7.0181,1.4744,0.503,1.1788,0.4022,1.0932,0.373,1.0241,0.3494,0.9894,0.3375,0.9459,0.3227,0.0,0.0,0.0,0.0,0.0,0.0,0.0,0.0,0.0,0.0,0.0,0.0,0.0,0.0,0.0,0.0,0.0,0.0,0.0,0.0,0.0,0.0,0.0,0.0,0.0,0.0,0.0,0.0,0.0,0.0,0.0,0.0,0.0,0.0,0.0,0.572,0.5128
256,0.001,3,10,100,32,16,256,184,440338,73,30,VicregLoss,gru,/home/dpetrovitch/dzagcoffee/train_trace/gender/checkpoints_2025-10-08 10:26:11.109161_VicregLoss_gru_catboost/model_256_0.001_3_10_100_256_32_16_256_VicregLoss_gruepoch=00.ckpt,0,30,0.038496163,35.3672,1.6741,0.0003,4.5471,1.1204,1.1211,0.5087,566.9966,28.3555,107.1766,5.3599,71.7885,3.5901,58.0164,2.9014,47.045,2.3527,42.3902,2.1199,37.4506,1.8729,24.6446,1.94,4.6584,0.3667,3.1203,0.2456,2.5217,0.1985,2.0448,0.161,1.8425,0.145,1.6278,0.1281,0.0,0.0,0.0,0.0,0.0,0.0,0.0,0.0,0.0,0.0,0.0,0.0,0.0,0.0,0.0,0.0,0.0,0.0,0.0,0.0,0.0,0.0,0.0,0.0,0.0,0.0,0.0,0.0,0.0,0.0,0.0,0.0,0.0,0.0,0.0,0.56,0.5219
256,0.001,3,10,100,32,16,256,184,440338,73,30,VicregLoss,gru,/home/dpetrovitch/dzagcoffee/train_trace/gender/checkpoints_2025-10-08 10:26:11.109161_VicregLoss_gru_catboost/model_256_0.001_3_10_100_256_32_16_256_VicregLoss_gruepoch=01.ckpt,1,30,0.034432683,22.1034,1.6736,0.0002,4.4356,1.0371,1.0364,0.8049,492.4426,25.2975,57.5019,2.954,33.0728,1.699,28.8398,1.4815,25.6629,1.3183,24.2046,1.2434,22.6723,1.1647,19.1028,1.8762,2.2306,0.2191,1.283,0.126,1.1188,0.1099,0.9955,0.0978,0.9389,0.0922,0.8795,0.0864,0.0,0.0,0.0,0.0,0.0,0.0,0.0,0.0,0.0,0.0,0.0,0.0,0.0,0.0,0.0,0.0,0.0,0.0,0.0,0.0,0.0,0.0,0.0,0.0,0.0,0.0,0.0,0.0,0.0,0.0,0.0,0.0,0.0,0.0,0.0,0.576,0.5078
256,0.001,3,10,100,32,16,256,184,440338,73,30,VicregLoss,gru,/home/dpetrovitch/dzagcoffee/train_trace/gender/checkpoints_2025-10-08 10:26:11.109161_VicregLoss_gru_catboost/model_256_0.001_3_10_100_256_32_16_256_VicregLoss_gruepoch=02.ckpt,2,30,0.03617544,23.6259,1.6737,0.0002,4.4496,1.0389,1.0382,0.7661,499.964,25.4615,64.6038,3.2901,37.6151,1.9156,31.5743,1.608,27.6836,1.4098,25.794,1.3136,23.8769,1.216,20.3746,1.8851,2.6327,0.2436,1.5329,0.1418,1.2867,0.1191,1.1282,0.1044,1.0512,0.0973,0.973,0.09,0.0,0.0,0.0,0.0,0.0,0.0,0.0,0.0,0.0,0.0,0.0,0.0,0.0,0.0,0.0,0.0,0.0,0.0,0.0,0.0,0.0,0.0,0.0,0.0,0.0,0.0,0.0,0.0,0.0,0.0,0.0,0.0,0.0,0.0,0.0,0.536,0.491
256,0.001,3,10,100,32,16,256,184,440338,73,30,VicregLoss,gru,/home/dpetrovitch/dzagcoffee/train_trace/gender/checkpoints_2025-10-08 10:26:11.109161_VicregLoss_gru_catboost/model_256_0.001_3_10_100_256_32_16_256_VicregLoss_gruepoch=03.ckpt,3,30,0.035005115,14.9195,1.677,1e-04,4.4412,1.0147,1.0129,0.9418,392.6304,21.4416,36.5496,1.996,19.1217,1.0442,17.9552,0.9805,17.0661,0.932,16.597,0.9064,16.0233,0.875,13.5414,1.3377,1.2606,0.1245,0.6595,0.0651,0.6193,0.0612,0.5886,0.0581,0.5724,0.0565,0.5526,0.0546,0.0,0.0,0.0,0.0,0.0,0.0,0.0,0.0,0.0,0.0,0.0,0.0,0.0,0.0,0.0,0.0,0.0,0.0,0.0,0.0,0.0,0.0,0.0,0.0,0.0,0.0,0.0,0.0,0.0,0.0,0.0,0.0,0.0,0.0,0.0,0.524,0.4847
256,0.001,3,10,100,32,16,256,184,440338,73,30,VicregLoss,gru,/home/dpetrovitch/dzagcoffee/train_trace/gender/checkpoints_2025-10-08 10:26:11.109161_VicregLoss_gru_catboost/model_256_0.001_3_10_100_256_32_16_256_VicregLoss_gruepoch=04.ckpt,4,30,0.041136865,23.0757,1.6737,0.0002,4.3799,1.0516,1.0477,0.7708,496.502,25.5667,56.5067,2.9097,34.1021,1.756,29.2016,1.5037,25.8944,1.3334,24.2414,1.2483,22.6872,1.1682,18.9633,2.1079,2.1582,0.2399,1.3025,0.1448,1.1153,0.124,0.989,0.1099,0.9259,0.1029,0.8665,0.0963,0.0,0.0,0.0,0.0,0.0,0.0,0.0,0.0,0.0,0.0,0.0,0.0,0.0,0.0,0.0,0.0,0.0,0.0,0.0,0.0,0.0,0.0,0.0,0.0,0.0,0.0,0.0,0.0,0.0,0.0,0.0,0.0,0.0,0.0,0.0,0.548,0.4919
256,0.001,3,10,100,32,16,256,184,440338,73,30,VicregLoss,gru,/home/dpetrovitch/dzagcoffee/train_trace/gender/checkpoints_2025-10-08 10:26:11.109161_VicregLoss_gru_catboost/model_256_0.001_3_10_100_256_32_16_256_VicregLoss_gruepoch=05.ckpt,5,30,0.03439338,20.4839,1.6761,0.0002,4.4011,1.0396,1.0383,0.802,467.1704,24.5102,49.365,2.5899,28.162,1.4775,25.0947,1.3166,22.974,1.2053,21.9306,1.1506,20.7198,1.0871,15.6237,1.689,1.6509,0.1785,0.9418,0.1018,0.8392,0.0907,0.7683,0.0831,0.7334,0.0793,0.6929,0.0749,0.0,0.0,0.0,0.0,0.0,0.0,0.0,0.0,0.0,0.0,0.0,0.0,0.0,0.0,0.0,0.0,0.0,0.0,0.0,0.0,0.0,0.0,0.0,0.0,0.0,0.0,0.0,0.0,0.0,0.0,0.0,0.0,0.0,0.0,0.0,0.552,0.5206
256,0.001,3,10,100,32,16,256,184,440338,73,30,VicregLoss,gru,/home/dpetrovitch/dzagcoffee/train_trace/gender/checkpoints_2025-10-08 10:26:11.109161_VicregLoss_gru_catboost/model_256_0.001_3_10_100_256_32_16_256_VicregLoss_gruepoch=06.ckpt,6,30,0.03733857,20.0181,1.6743,0.0002,4.3719,1.0634,1.0639,0.783,468.0932,24.5999,44.2235,2.3241,26.5212,1.3938,23.7239,1.2468,21.7273,1.1418,20.7079,1.0883,19.6999,1.0353,18.1188,2.7313,1.7118,0.258,1.0266,0.1548,0.9183,0.1384,0.841,0.1268,0.8016,0.1208,0.7625,0.1149,0.0,0.0,0.0,0.0,0.0,0.0,0.0,0.0,0.0,0.0,0.0,0.0,0.0,0.0,0.0,0.0,0.0,0.0,0.0,0.0,0.0,0.0,0.0,0.0,0.0,0.0,0.0,0.0,0.0,0.0,0.0,0.0,0.0,0.0,0.0,0.532,0.4808
256,0.001,3,10,100,32,16,256,184,440338,73,30,VicregLoss,gru,/home/dpetrovitch/dzagcoffee/train_trace/gender/checkpoints_2025-10-08 10:26:11.109161_VicregLoss_gru_catboost/model_256_0.001_3_10_100_256_32_16_256_VicregLoss_gruepoch=07.ckpt,7,30,0.035755806,23.6612,1.6744,0.0002,4.2736,1.1396,1.1396,0.6511,519.8186,26.8765,50.154,2.5931,32.5952,1.6853,28.6721,1.4824,25.9431,1.3413,24.6442,1.2742,23.143,1.1966,22.5688,2.9879,2.1775,0.2883,1.4152,0.1874,1.2448,0.1648,1.1264,0.1491,1.07,0.1417,1.0048,0.133,0.0,0.0,0.0,0.0,0.0,0.0,0.0,0.0,0.0,0.0,0.0,0.0,0.0,0.0,0.0,0.0,0.0,0.0,0.0,0.0,0.0,0.0,0.0,0.0,0.0,0.0,0.0,0.0,0.0,0.0,0.0,0.0,0.0,0.0,0.0,0.54,0.5026
256,0.001,3,10,100,32,16,256,184,440338,73,30,VicregLoss,gru,/home/dpetrovitch/dzagcoffee/train_trace/gender/checkpoints_2025-10-08 10:26:11.109161_VicregLoss_gru_catboost/model_256_0.001_3_10_100_256_32_16_256_VicregLoss_gruepoch=08.ckpt,8,30,0.03656407,24.6251,1.6733,0.0003,4.1628,1.3021,1.3006,0.5591,542.6778,27.9448,44.8948,2.3118,33.3352,1.7166,29.7791,1.5335,27.1064,1.3958,25.6733,1.322,24.1035,1.2412,23.7925,5.8954,1.9683,0.4877,1.4615,0.3621,1.3056,0.3235,1.1884,0.2945,1.1256,0.2789,1.0568,0.2619,0.0,0.0,0.0,0.0,0.0,0.0,0.0,0.0,0.0,0.0,0.0,0.0,0.0,0.0,0.0,0.0,0.0,0.0,0.0,0.0,0.0,0.0,0.0,0.0,0.0,0.0,0.0,0.0,0.0,0.0,0.0,0.0,0.0,0.0,0.0,0.576,0.5403
256,0.001,3,10,100,32,16,256,184,440338,73,30,VicregLoss,gru,/home/dpetrovitch/dzagcoffee/train_trace/gender/checkpoints_2025-10-08 10:26:11.109161_VicregLoss_gru_catboost/model_256_0.001_3_10_100_256_32_16_256_VicregLoss_gruepoch=09.ckpt,9,30,0.037335802,25.5528,1.6696,0.0003,4.0758,1.4311,1.4333,0.5173,548.9782,27.9626,46.8445,2.3861,35.471,1.8067,32.1738,1.6388,29.2644,1.4906,27.6748,1.4096,25.6823,1.3081,22.6507,5.0453,1.9328,0.4305,1.4635,0.326,1.3275,0.2957,1.2074,0.269,1.1419,0.2543,1.0596,0.236,0.0,0.0,0.0,0.0,0.0,0.0,0.0,0.0,0.0,0.0,0.0,0.0,0.0,0.0,0.0,0.0,0.0,0.0,0.0,0.0,0.0,0.0,0.0,0.0,0.0,0.0,0.0,0.0,0.0,0.0,0.0,0.0,0.0,0.0,0.0,0.5,0.4945
256,0.001,3,10,100,32,16,256,184,440338,73,30,VicregLoss,gru,/home/dpetrovitch/dzagcoffee/train_trace/gender/checkpoints_2025-10-08 10:26:11.109161_VicregLoss_gru_catboost/model_256_0.001_3_10_100_256_32_16_256_VicregLoss_gruepoch=10.ckpt,10,30,0.0347189,23.4207,1.6713,0.0003,4.0897,1.3534,1.3521,0.5524,532.5774,27.4345,42.6264,2.1958,31.5389,1.6247,28.6721,1.477,26.4676,1.3634,25.2818,1.3023,23.7739,1.2247,22.8038,4.9144,1.8252,0.3933,1.3504,0.291,1.2277,0.2646,1.1333,0.2442,1.0825,0.2333,1.0179,0.2194,0.0,0.0,0.0,0.0,0.0,0.0,0.0,0.0,0.0,0.0,0.0,0.0,0.0,0.0,0.0,0.0,0.0,0.0,0.0,0.0,0.0,0.0,0.0,0.0,0.0,0.0,0.0,0.0,0.0,0.0,0.0,0.0,0.0,0.0,0.0,0.56,0.5387
256,0.001,3,10,100,32,16,256,184,440338,73,30,VicregLoss,gru,/home/dpetrovitch/dzagcoffee/train_trace/gender/checkpoints_2025-10-08 10:26:11.109161_VicregLoss_gru_catboost/model_256_0.001_3_10_100_256_32_16_256_VicregLoss_gruepoch=11.ckpt,11,30,0.035433054,23.3278,1.6728,0.0003,4.0501,1.3881,1.3888,0.5384,523.4513,26.939,41.911,2.1569,31.8164,1.6374,28.9203,1.4884,26.5287,1.3653,25.2538,1.2997,23.7498,1.2223,21.6082,4.6158,1.7301,0.3696,1.3134,0.2806,1.1938,0.255,1.0951,0.2339,1.0425,0.2227,0.9804,0.2094,0.0,0.0,0.0,0.0,0.0,0.0,0.0,0.0,0.0,0.0,0.0,0.0,0.0,0.0,0.0,0.0,0.0,0.0,0.0,0.0,0.0,0.0,0.0,0.0,0.0,0.0,0.0,0.0,0.0,0.0,0.0,0.0,0.0,0.0,0.0,0.564,0.5342
256,0.001,3,10,100,32,16,256,184,440338,73,30,VicregLoss,gru,/home/dpetrovitch/dzagcoffee/train_trace/gender/checkpoints_2025-10-08 10:26:11.109161_VicregLoss_gru_catboost/model_256_0.001_3_10_100_256_32_16_256_VicregLoss_gruepoch=12.ckpt,12,30,0.037887193,22.7388,1.6702,0.0003,4.0123,1.4876,1.492,0.5151,508.3476,26.0517,40.1567,2.0579,30.8882,1.583,28.2418,1.4473,26.0596,1.3355,24.8883,1.2755,23.3502,1.1966,21.5096,5.9932,1.6991,0.4734,1.307,0.3642,1.195,0.333,1.1027,0.3072,1.0531,0.2934,0.988,0.2753,0.0,0.0,0.0,0.0,0.0,0.0,0.0,0.0,0.0,0.0,0.0,0.0,0.0,0.0,0.0,0.0,0.0,0.0,0.0,0.0,0.0,0.0,0.0,0.0,0.0,0.0,0.0,0.0,0.0,0.0,0.0,0.0,0.0,0.0,0.0,0.58,0.5541
256,0.001,3,10,100,32,16,256,184,440338,73,30,VicregLoss,gru,/home/dpetrovitch/dzagcoffee/train_trace/gender/checkpoints_2025-10-08 10:26:11.109161_VicregLoss_gru_catboost/model_256_0.001_3_10_100_256_32_16_256_VicregLoss_gruepoch=13.ckpt,13,30,0.03637751,23.7575,1.6613,0.0004,3.981,1.5434,1.5319,0.5038,520.5946,26.4437,42.7037,2.1691,33.3879,1.6959,30.5298,1.5508,28.0432,1.4245,26.581,1.3502,24.848,1.2622,22.3566,5.5792,1.8339,0.4577,1.4338,0.3578,1.3111,0.3272,1.2043,0.3005,1.1415,0.2849,1.0671,0.2663,0.0,0.0,0.0,0.0,0.0,0.0,0.0,0.0,0.0,0.0,0.0,0.0,0.0,0.0,0.0,0.0,0.0,0.0,0.0,0.0,0.0,0.0,0.0,0.0,0.0,0.0,0.0,0.0,0.0,0.0,0.0,0.0,0.0,0.0,0.0,0.548,0.5198
256,0.001,3,10,100,32,16,256,184,440338,73,30,VicregLoss,gru,/home/dpetrovitch/dzagcoffee/train_trace/gender/checkpoints_2025-10-08 10:26:11.109161_VicregLoss_gru_catboost/model_256_0.001_3_10_100_256_32_16_256_VicregLoss_gruepoch=14.ckpt,14,30,0.038128566,22.6916,1.6703,0.0003,4.0111,1.4715,1.4695,0.5245,500.9404,25.7023,39.5925,2.0314,30.3375,1.5566,27.9329,1.4332,25.9832,1.3331,24.9218,1.2787,23.4589,1.2036,19.9872,5.7702,1.5797,0.4561,1.2105,0.3495,1.1145,0.3218,1.0367,0.2993,0.9944,0.2871,0.936,0.2702,0.0,0.0,0.0,0.0,0.0,0.0,0.0,0.0,0.0,0.0,0.0,0.0,0.0,0.0,0.0,0.0,0.0,0.0,0.0,0.0,0.0,0.0,0.0,0.0,0.0,0.0,0.0,0.0,0.0,0.0,0.0,0.0,0.0,0.0,0.0,0.56,0.5387
256,0.001,3,10,100,32,16,256,184,440338,73,30,VicregLoss,gru,/home/dpetrovitch/dzagcoffee/train_trace/gender/checkpoints_2025-10-08 10:26:11.109161_VicregLoss_gru_catboost/model_256_0.001_3_10_100_256_32_16_256_VicregLoss_gruepoch=15.ckpt,15,30,0.03940961,22.8513,1.6731,0.0003,3.9987,1.5027,1.5019,0.5132,502.1439,25.7793,39.5405,2.0299,30.8211,1.5823,28.3156,1.4537,26.2528,1.3478,25.087,1.2879,23.6145,1.2123,20.279,5.9833,1.5968,0.4711,1.2447,0.3672,1.1435,0.3374,1.0602,0.3128,1.0131,0.2989,0.9537,0.2814,0.0,0.0,0.0,0.0,0.0,0.0,0.0,0.0,0.0,0.0,0.0,0.0,0.0,0.0,0.0,0.0,0.0,0.0,0.0,0.0,0.0,0.0,0.0,0.0,0.0,0.0,0.0,0.0,0.0,0.0,0.0,0.0,0.0,0.0,0.0,0.568,0.5439
256,0.001,3,10,100,32,16,256,184,440338,73,30,VicregLoss,gru,/home/dpetrovitch/dzagcoffee/train_trace/gender/checkpoints_2025-10-08 10:26:11.109161_VicregLoss_gru_catboost/model_256_0.001_3_10_100_256_32_16_256_VicregLoss_gruepoch=16.ckpt,16,30,0.043276552,23.4123,1.6729,0.0003,4.0035,1.5024,1.5034,0.5158,507.4208,25.999,42.1596,2.1602,32.3865,1.6594,29.6877,1.5211,27.489,1.4085,26.2596,1.3455,24.703,1.2657,21.588,5.7684,1.7937,0.4793,1.3779,0.3682,1.263,0.3375,1.1695,0.3125,1.1172,0.2985,1.051,0.2808,0.0,0.0,0.0,0.0,0.0,0.0,0.0,0.0,0.0,0.0,0.0,0.0,0.0,0.0,0.0,0.0,0.0,0.0,0.0,0.0,0.0,0.0,0.0,0.0,0.0,0.0,0.0,0.0,0.0,0.0,0.0,0.0,0.0,0.0,0.0,0.54,0.52
256,0.001,3,10,100,32,16,256,184,440338,73,30,VicregLoss,gru,/home/dpetrovitch/dzagcoffee/train_trace/gender/checkpoints_2025-10-08 10:26:11.109161_VicregLoss_gru_catboost/model_256_0.001_3_10_100_256_32_16_256_VicregLoss_gruepoch=17.ckpt,17,30,0.0405279,23.5892,1.6648,0.0004,3.9441,1.8762,1.869,0.4764,501.3681,25.5947,40.7234,2.0789,32.3833,1.6532,29.9356,1.5282,27.8685,1.4227,26.7751,1.3669,25.2342,1.2882,18.5222,5.377,1.5045,0.4367,1.1963,0.3473,1.1059,0.321,1.0296,0.2989,0.9892,0.2872,0.9322,0.2706,0.0,0.0,0.0,0.0,0.0,0.0,0.0,0.0,0.0,0.0,0.0,0.0,0.0,0.0,0.0,0.0,0.0,0.0,0.0,0.0,0.0,0.0,0.0,0.0,0.0,0.0,0.0,0.0,0.0,0.0,0.0,0.0,0.0,0.0,0.0,0.54,0.51
256,0.001,3,10,100,32,16,256,184,440338,73,30,VicregLoss,gru,/home/dpetrovitch/dzagcoffee/train_trace/gender/checkpoints_2025-10-08 10:26:11.109161_VicregLoss_gru_catboost/model_256_0.001_3_10_100_256_32_16_256_VicregLoss_gruepoch=18.ckpt,18,30,0.034258854,22.3139,1.6596,0.0004,3.9507,1.6751,1.6886,0.4916,489.1692,24.9365,38.8757,1.9818,30.5687,1.5583,28.2395,1.4396,26.2455,1.3379,25.1262,1.2809,23.6911,1.2077,22.7642,6.5713,1.8091,0.5222,1.4226,0.4106,1.3142,0.3794,1.2214,0.3526,1.1693,0.3375,1.1025,0.3183,0.0,0.0,0.0,0.0,0.0,0.0,0.0,0.0,0.0,0.0,0.0,0.0,0.0,0.0,0.0,0.0,0.0,0.0,0.0,0.0,0.0,0.0,0.0,0.0,0.0,0.0,0.0,0.0,0.0,0.0,0.0,0.0,0.0,0.0,0.0,0.552,0.4835
256,0.001,3,10,100,32,16,256,184,440338,73,30,VicregLoss,gru,/home/dpetrovitch/dzagcoffee/train_trace/gender/checkpoints_2025-10-08 10:26:11.109161_VicregLoss_gru_catboost/model_256_0.001_3_10_100_256_32_16_256_VicregLoss_gruepoch=19.ckpt,19,30,0.03579511,23.4203,1.6727,0.0004,3.9358,1.7352,1.7369,0.4852,500.8287,25.6003,41.6704,2.13,32.8004,1.6766,30.1587,1.5416,27.9775,1.4301,26.7775,1.3688,25.1738,1.2868,21.1354,5.9264,1.7585,0.4931,1.3842,0.3881,1.2727,0.3569,1.1807,0.3311,1.13,0.3169,1.0624,0.2979,0.0,0.0,0.0,0.0,0.0,0.0,0.0,0.0,0.0,0.0,0.0,0.0,0.0,0.0,0.0,0.0,0.0,0.0,0.0,0.0,0.0,0.0,0.0,0.0,0.0,0.0,0.0,0.0,0.0,0.0,0.0,0.0,0.0,0.0,0.0,0.576,0.5196
256,0.001,3,10,100,32,16,256,184,440338,73,30,VicregLoss,gru,/home/dpetrovitch/dzagcoffee/train_trace/gender/checkpoints_2025-10-08 10:26:11.109161_VicregLoss_gru_catboost/model_256_0.001_3_10_100_256_32_16_256_VicregLoss_gruepoch=20.ckpt,20,30,0.041010644,22.3385,1.6677,0.0004,3.9268,1.6851,1.6832,0.4916,483.2218,24.7622,38.4141,1.9685,30.1664,1.5458,27.8422,1.4267,25.9398,1.3293,24.9069,1.2763,23.5261,1.2056,22.2545,6.6386,1.7691,0.5277,1.3893,0.4144,1.2823,0.3825,1.1946,0.3564,1.1471,0.3422,1.0835,0.3232,0.0,0.0,0.0,0.0,0.0,0.0,0.0,0.0,0.0,0.0,0.0,0.0,0.0,0.0,0.0,0.0,0.0,0.0,0.0,0.0,0.0,0.0,0.0,0.0,0.0,0.0,0.0,0.0,0.0,0.0,0.0,0.0,0.0,0.0,0.0,0.528,0.507
256,0.001,3,10,100,32,16,256,184,440338,73,30,VicregLoss,gru,/home/dpetrovitch/dzagcoffee/train_trace/gender/checkpoints_2025-10-08 10:26:11.109161_VicregLoss_gru_catboost/model_256_0.001_3_10_100_256_32_16_256_VicregLoss_gruepoch=21.ckpt,21,30,0.041021716,22.19,1.6697,0.0003,3.9528,1.569,1.5705,0.5075,479.2982,24.6167,38.979,2.002,30.2683,1.5546,27.8758,1.4317,25.9214,1.3313,24.8884,1.2783,23.5026,1.2071,20.4571,5.5745,1.6637,0.4533,1.2919,0.352,1.1898,0.3242,1.1064,0.3015,1.0623,0.2895,1.0031,0.2733,0.0,0.0,0.0,0.0,0.0,0.0,0.0,0.0,0.0,0.0,0.0,0.0,0.0,0.0,0.0,0.0,0.0,0.0,0.0,0.0,0.0,0.0,0.0,0.0,0.0,0.0,0.0,0.0,0.0,0.0,0.0,0.0,0.0,0.0,0.0,0.556,0.5163
256,0.001,3,10,100,32,16,256,184,440338,73,30,VicregLoss,gru,/home/dpetrovitch/dzagcoffee/train_trace/gender/checkpoints_2025-10-08 10:26:11.109161_VicregLoss_gru_catboost/model_256_0.001_3_10_100_256_32_16_256_VicregLoss_gruepoch=22.ckpt,22,30,0.039729595,22.7039,1.666,0.0004,3.9133,1.9974,1.9986,0.4758,487.3109,24.8426,39.8117,2.0296,31.529,1.6073,29.0819,1.4826,27.084,1.3807,26.0224,1.3266,24.6257,1.2554,19.7988,4.8814,1.6175,0.3988,1.281,0.3158,1.1816,0.2913,1.1004,0.2713,1.0573,0.2607,1.0005,0.2467,0.0,0.0,0.0,0.0,0.0,0.0,0.0,0.0,0.0,0.0,0.0,0.0,0.0,0.0,0.0,0.0,0.0,0.0,0.0,0.0,0.0,0.0,0.0,0.0,0.0,0.0,0.0,0.0,0.0,0.0,0.0,0.0,0.0,0.0,0.0,0.532,0.513
256,0.001,3,10,100,32,16,256,184,440338,73,30,VicregLoss,gru,/home/dpetrovitch/dzagcoffee/train_trace/gender/checkpoints_2025-10-08 10:26:11.109161_VicregLoss_gru_catboost/model_256_0.001_3_10_100_256_32_16_256_VicregLoss_gruepoch=23.ckpt,23,30,0.03780858,22.4456,1.6657,0.0004,3.916,1.8435,1.8451,0.4805,484.5854,24.8083,38.8464,1.9887,30.6946,1.5714,28.3543,1.4516,26.4671,1.355,25.4564,1.3032,24.1285,1.2353,24.3168,5.9931,1.9493,0.4804,1.5403,0.3796,1.4228,0.3507,1.3281,0.3273,1.2774,0.3148,1.2108,0.2984,0.0,0.0,0.0,0.0,0.0,0.0,0.0,0.0,0.0,0.0,0.0,0.0,0.0,0.0,0.0,0.0,0.0,0.0,0.0,0.0,0.0,0.0,0.0,0.0,0.0,0.0,0.0,0.0,0.0,0.0,0.0,0.0,0.0,0.0,0.0,0.54,0.5242
256,0.001,3,10,100,32,16,256,184,440338,73,30,VicregLoss,gru,/home/dpetrovitch/dzagcoffee/train_trace/gender/checkpoints_2025-10-08 10:26:11.109161_VicregLoss_gru_catboost/model_256_0.001_3_10_100_256_32_16_256_VicregLoss_gruepoch=24.ckpt,24,30,0.035973374,21.8694,1.6634,0.0003,3.912,1.7179,1.7201,0.4885,478.6726,24.644,38.3224,1.973,30.0388,1.5465,27.7674,1.4296,25.9107,1.334,24.9179,1.2829,23.5707,1.2135,22.9357,5.6898,1.8362,0.4555,1.4393,0.3571,1.3305,0.3301,1.2415,0.308,1.1939,0.2962,1.1294,0.2802,0.0,0.0,0.0,0.0,0.0,0.0,0.0,0.0,0.0,0.0,0.0,0.0,0.0,0.0,0.0,0.0,0.0,0.0,0.0,0.0,0.0,0.0,0.0,0.0,0.0,0.0,0.0,0.0,0.0,0.0,0.0,0.0,0.0,0.0,0.0,0.532,0.4916
256,0.001,3,10,100,32,16,256,184,440338,73,30,VicregLoss,gru,/home/dpetrovitch/dzagcoffee/train_trace/gender/checkpoints_2025-10-08 10:26:11.109161_VicregLoss_gru_catboost/model_256_0.001_3_10_100_256_32_16_256_VicregLoss_gruepoch=25.ckpt,25,30,0.03617544,22.1663,1.6646,0.0004,3.9091,2.014,2.011,0.4764,481.422,24.749,38.8197,1.9957,30.7267,1.5796,28.4458,1.4623,26.5505,1.3649,25.5647,1.3142,24.2079,1.2445,21.4039,5.3382,1.7259,0.4305,1.3661,0.3407,1.2647,0.3154,1.1804,0.2944,1.1366,0.2835,1.0763,0.2684,0.0,0.0,0.0,0.0,0.0,0.0,0.0,0.0,0.0,0.0,0.0,0.0,0.0,0.0,0.0,0.0,0.0,0.0,0.0,0.0,0.0,0.0,0.0,0.0,0.0,0.0,0.0,0.0,0.0,0.0,0.0,0.0,0.0,0.0,0.0,0.548,0.5321
256,0.001,3,10,100,32,16,256,184,440338,73,30,VicregLoss,gru,/home/dpetrovitch/dzagcoffee/train_trace/gender/checkpoints_2025-10-08 10:26:11.109161_VicregLoss_gru_catboost/model_256_0.001_3_10_100_256_32_16_256_VicregLoss_gruepoch=26.ckpt,26,30,0.040672388,21.9656,1.662,0.0003,3.9259,1.7031,1.7052,0.4894,477.7832,24.4884,39.621,2.0307,30.8863,1.5831,28.4661,1.459,26.4838,1.3574,25.4336,1.3036,23.9913,1.2297,22.7092,5.2157,1.8832,0.4325,1.468,0.3372,1.353,0.3107,1.2588,0.2891,1.2089,0.2776,1.1403,0.2619,0.0,0.0,0.0,0.0,0.0,0.0,0.0,0.0,0.0,0.0,0.0,0.0,0.0,0.0,0.0,0.0,0.0,0.0,0.0,0.0,0.0,0.0,0.0,0.0,0.0,0.0,0.0,0.0,0.0,0.0,0.0,0.0,0.0,0.0,0.0,0.544,0.525
256,0.001,3,10,100,32,16,256,184,440338,73,30,VicregLoss,gru,/home/dpetrovitch/dzagcoffee/train_trace/gender/checkpoints_2025-10-08 10:26:11.109161_VicregLoss_gru_catboost/model_256_0.001_3_10_100_256_32_16_256_VicregLoss_gruepoch=27.ckpt,27,30,0.03753787,21.9672,1.661,0.0004,3.9194,1.8064,1.8048,0.4828,479.3868,24.481,40.3078,2.0584,31.4796,1.6076,29.0473,1.4834,27.0518,1.3815,25.9679,1.3261,24.5321,1.2528,22.068,5.4007,1.8555,0.4541,1.4491,0.3546,1.3372,0.3272,1.2453,0.3048,1.1954,0.2926,1.1293,0.2764,0.0,0.0,0.0,0.0,0.0,0.0,0.0,0.0,0.0,0.0,0.0,0.0,0.0,0.0,0.0,0.0,0.0,0.0,0.0,0.0,0.0,0.0,0.0,0.0,0.0,0.0,0.0,0.0,0.0,0.0,0.0,0.0,0.0,0.0,0.0,0.548,0.5189
256,0.001,3,10,100,32,16,256,184,440338,73,30,VicregLoss,gru,/home/dpetrovitch/dzagcoffee/train_trace/gender/checkpoints_2025-10-08 10:26:11.109161_VicregLoss_gru_catboost/model_256_0.001_3_10_100_256_32_16_256_VicregLoss_gruepoch=28.ckpt,28,30,0.037196845,21.5999,1.665,0.0003,3.9354,1.6893,1.6886,0.4945,472.5658,24.1154,38.9307,1.9867,30.4592,1.5544,28.1724,1.4377,26.343,1.3443,25.3152,1.2919,24.0108,1.2253,20.9305,5.1477,1.7243,0.4241,1.3491,0.3318,1.2478,0.3069,1.1668,0.287,1.1212,0.2758,1.0635,0.2616,0.0,0.0,0.0,0.0,0.0,0.0,0.0,0.0,0.0,0.0,0.0,0.0,0.0,0.0,0.0,0.0,0.0,0.0,0.0,0.0,0.0,0.0,0.0,0.0,0.0,0.0,0.0,0.0,0.0,0.0,0.0,0.0,0.0,0.0,0.0,0.58,0.4968
256,0.001,3,10,100,32,16,256,184,440338,73,30,VicregLoss,gru,/home/dpetrovitch/dzagcoffee/train_trace/gender/checkpoints_2025-10-08 10:26:11.109161_VicregLoss_gru_catboost/model_256_0.001_3_10_100_256_32_16_256_VicregLoss_gruepoch=29.ckpt,29,30,0.037380643,21.568,1.6647,0.0003,3.9244,1.7216,1.7174,0.4901,469.9,24.0035,39.0292,1.9937,30.4081,1.5533,28.0114,1.4309,26.1468,1.3356,25.1762,1.2861,23.9722,1.2246,23.9502,4.9026,1.9893,0.4072,1.5499,0.3173,1.4277,0.2922,1.3327,0.2728,1.2832,0.2627,1.2218,0.2501,0.0,0.0,0.0,0.0,0.0,0.0,0.0,0.0,0.0,0.0,0.0,0.0,0.0,0.0,0.0,0.0,0.0,0.0,0.0,0.0,0.0,0.0,0.0,0.0,0.0,0.0,0.0,0.0,0.0,0.0,0.0,0.0,0.0,0.0,0.0,0.528,0.5164
128,0.0001,3,10,100,32,16,256,184,440338,73,30,VicregLoss,gru,/home/dpetrovitch/dzagcoffee/train_trace/gender/checkpoints_2025-10-08 10:26:11.109161_VicregLoss_gru_catboost/model_128_0.0001_3_10_100_256_32_16_256_VicregLoss_gruepoch=00.ckpt,0,30,0.045748528,51.8671,1.6771,0.0007,4.8498,3.0124,2.9612,0.1704,466.1404,23.2946,184.5855,9.2244,152.3248,7.6122,136.4237,6.8176,118.5678,5.9252,106.4491,5.3196,85.758,4.2856,21.3355,1.5634,8.4486,0.6191,6.972,0.5109,6.2442,0.4575,5.4269,0.3977,4.8722,0.357,3.9252,0.2876,0.0,0.0,0.0,0.0,0.0,0.0,0.0,0.0,0.0,0.0,0.0,0.0,0.0,0.0,0.0,0.0,0.0,0.0,0.0,0.0,0.0,0.0,0.0,0.0,0.0,0.0,0.0,0.0,0.0,0.0,0.0,0.0,0.0,0.0,0.0,0.552,0.5555
128,0.0001,3,10,100,32,16,256,184,440338,73,30,VicregLoss,gru,/home/dpetrovitch/dzagcoffee/train_trace/gender/checkpoints_2025-10-08 10:26:11.109161_VicregLoss_gru_catboost/model_128_0.0001_3_10_100_256_32_16_256_VicregLoss_gruepoch=01.ckpt,1,30,0.055094402,28.2518,1.6718,0.0003,4.469,1.5206,1.5481,0.4456,530.046,26.7242,65.2636,3.2905,49.8052,2.5111,45.4198,2.29,41.6086,2.0979,39.4807,1.9906,36.5533,1.843,20.0915,2.2742,2.4738,0.28,1.8879,0.2137,1.7216,0.1949,1.5772,0.1785,1.4965,0.1694,1.3856,0.1568,0.0,0.0,0.0,0.0,0.0,0.0,0.0,0.0,0.0,0.0,0.0,0.0,0.0,0.0,0.0,0.0,0.0,0.0,0.0,0.0,0.0,0.0,0.0,0.0,0.0,0.0,0.0,0.0,0.0,0.0,0.0,0.0,0.0,0.0,0.0,0.568,0.5533
128,0.0001,3,10,100,32,16,256,184,440338,73,30,VicregLoss,gru,/home/dpetrovitch/dzagcoffee/train_trace/gender/checkpoints_2025-10-08 10:26:11.109161_VicregLoss_gru_catboost/model_128_0.0001_3_10_100_256_32_16_256_VicregLoss_gruepoch=02.ckpt,2,30,0.053616706,27.2113,1.6735,0.0003,4.3896,1.6069,1.5925,0.4723,535.4847,26.9955,59.1835,2.9836,45.76,2.3069,41.5699,2.0957,37.9659,1.914,35.9992,1.8148,33.4476,1.6862,20.6291,2.9403,2.28,0.325,1.7629,0.2513,1.6014,0.2283,1.4626,0.2085,1.3868,0.1977,1.2885,0.1837,0.0,0.0,0.0,0.0,0.0,0.0,0.0,0.0,0.0,0.0,0.0,0.0,0.0,0.0,0.0,0.0,0.0,0.0,0.0,0.0,0.0,0.0,0.0,0.0,0.0,0.0,0.0,0.0,0.0,0.0,0.0,0.0,0.0,0.0,0.0,0.528,0.5382
128,0.0001,3,10,100,32,16,256,184,440338,73,30,VicregLoss,gru,/home/dpetrovitch/dzagcoffee/train_trace/gender/checkpoints_2025-10-08 10:26:11.109161_VicregLoss_gru_catboost/model_128_0.0001_3_10_100_256_32_16_256_VicregLoss_gruepoch=03.ckpt,3,30,0.054426227,26.0216,1.6736,0.0003,4.3836,1.4759,1.4615,0.5026,525.7182,26.63,57.0422,2.8894,43.3983,2.1983,39.1939,1.9853,35.7401,1.8104,33.9138,1.7179,31.6447,1.6029,20.8385,3.2857,2.261,0.3565,1.7202,0.2712,1.5536,0.245,1.4167,0.2234,1.3443,0.212,1.2543,0.1978,0.0,0.0,0.0,0.0,0.0,0.0,0.0,0.0,0.0,0.0,0.0,0.0,0.0,0.0,0.0,0.0,0.0,0.0,0.0,0.0,0.0,0.0,0.0,0.0,0.0,0.0,0.0,0.0,0.0,0.0,0.0,0.0,0.0,0.0,0.0,0.532,0.5447
128,0.0001,3,10,100,32,16,256,184,440338,73,30,VicregLoss,gru,/home/dpetrovitch/dzagcoffee/train_trace/gender/checkpoints_2025-10-08 10:26:11.109161_VicregLoss_gru_catboost/model_128_0.0001_3_10_100_256_32_16_256_VicregLoss_gruepoch=04.ckpt,4,30,0.054811712,24.741,1.6719,0.0003,4.3466,1.4336,1.4296,0.5185,506.3496,25.7384,51.2145,2.6033,39.1043,1.9877,35.3483,1.7968,32.3877,1.6463,30.8684,1.5691,29.0145,1.4748,21.5227,3.6223,2.1769,0.3664,1.6622,0.2797,1.5025,0.2529,1.3767,0.2317,1.3121,0.2208,1.2333,0.2076,0.0,0.0,0.0,0.0,0.0,0.0,0.0,0.0,0.0,0.0,0.0,0.0,0.0,0.0,0.0,0.0,0.0,0.0,0.0,0.0,0.0,0.0,0.0,0.0,0.0,0.0,0.0,0.0,0.0,0.0,0.0,0.0,0.0,0.0,0.0,0.54,0.5393
128,0.0001,3,10,100,32,16,256,184,440338,73,30,VicregLoss,gru,/home/dpetrovitch/dzagcoffee/train_trace/gender/checkpoints_2025-10-08 10:26:11.109161_VicregLoss_gru_catboost/model_128_0.0001_3_10_100_256_32_16_256_VicregLoss_gruepoch=05.ckpt,5,30,0.055017304,24.9824,1.666,0.0003,4.3488,1.5232,1.5163,0.4938,511.4292,25.8378,54.2179,2.7391,41.7311,2.1083,37.7025,1.9048,34.287,1.7322,32.4553,1.6397,30.25,1.5283,20.662,3.1619,2.1904,0.3352,1.686,0.258,1.5232,0.2331,1.3852,0.212,1.3112,0.2007,1.2221,0.187,0.0,0.0,0.0,0.0,0.0,0.0,0.0,0.0,0.0,0.0,0.0,0.0,0.0,0.0,0.0,0.0,0.0,0.0,0.0,0.0,0.0,0.0,0.0,0.0,0.0,0.0,0.0,0.0,0.0,0.0,0.0,0.0,0.0,0.0,0.0,0.52,0.516
128,0.0001,3,10,100,32,16,256,184,440338,73,30,VicregLoss,gru,/home/dpetrovitch/dzagcoffee/train_trace/gender/checkpoints_2025-10-08 10:26:11.109161_VicregLoss_gru_catboost/model_128_0.0001_3_10_100_256_32_16_256_VicregLoss_gruepoch=06.ckpt,6,30,0.052717242,24.4801,1.6737,0.0003,4.3452,1.4522,1.4608,0.5132,500.845,25.4651,51.6305,2.6251,39.3675,2.0016,35.5375,1.8069,32.4441,1.6496,30.8235,1.5672,28.8088,1.4648,18.7097,3.6801,1.9287,0.3794,1.4706,0.2893,1.3275,0.2611,1.212,0.2384,1.1514,0.2265,1.0762,0.2117,0.0,0.0,0.0,0.0,0.0,0.0,0.0,0.0,0.0,0.0,0.0,0.0,0.0,0.0,0.0,0.0,0.0,0.0,0.0,0.0,0.0,0.0,0.0,0.0,0.0,0.0,0.0,0.0,0.0,0.0,0.0,0.0,0.0,0.0,0.0,0.532,0.5162
128,0.0001,3,10,100,32,16,256,184,440338,73,30,VicregLoss,gru,/home/dpetrovitch/dzagcoffee/train_trace/gender/checkpoints_2025-10-08 10:26:11.109161_VicregLoss_gru_catboost/model_128_0.0001_3_10_100_256_32_16_256_VicregLoss_gruepoch=07.ckpt,7,30,0.057068944,23.6036,1.6708,0.0003,4.3327,1.5227,1.5225,0.5064,492.179,24.9919,49.0177,2.489,37.6006,1.9093,34.4346,1.7485,31.6034,1.6048,30.0884,1.5278,28.1268,1.4282,18.3165,4.3555,1.8242,0.4338,1.3993,0.3327,1.2815,0.3047,1.1761,0.2797,1.1197,0.2663,1.0467,0.2489,0.0,0.0,0.0,0.0,0.0,0.0,0.0,0.0,0.0,0.0,0.0,0.0,0.0,0.0,0.0,0.0,0.0,0.0,0.0,0.0,0.0,0.0,0.0,0.0,0.0,0.0,0.0,0.0,0.0,0.0,0.0,0.0,0.0,0.0,0.0,0.544,0.5249
128,0.0001,3,10,100,32,16,256,184,440338,73,30,VicregLoss,gru,/home/dpetrovitch/dzagcoffee/train_trace/gender/checkpoints_2025-10-08 10:26:11.109161_VicregLoss_gru_catboost/model_128_0.0001_3_10_100_256_32_16_256_VicregLoss_gruepoch=08.ckpt,8,30,0.052104753,23.5299,1.6738,0.0003,4.3086,1.4537,1.4519,0.518,489.9504,24.9918,47.5156,2.4237,36.1557,1.8443,32.9073,1.6786,30.2583,1.5434,28.8919,1.4737,27.2216,1.3885,18.763,4.3874,1.8196,0.4255,1.3846,0.3238,1.2602,0.2947,1.1588,0.271,1.1064,0.2587,1.0425,0.2438,0.0,0.0,0.0,0.0,0.0,0.0,0.0,0.0,0.0,0.0,0.0,0.0,0.0,0.0,0.0,0.0,0.0,0.0,0.0,0.0,0.0,0.0,0.0,0.0,0.0,0.0,0.0,0.0,0.0,0.0,0.0,0.0,0.0,0.0,0.0,0.524,0.515
128,0.0001,3,10,100,32,16,256,184,440338,73,30,VicregLoss,gru,/home/dpetrovitch/dzagcoffee/train_trace/gender/checkpoints_2025-10-08 10:26:11.109161_VicregLoss_gru_catboost/model_128_0.0001_3_10_100_256_32_16_256_VicregLoss_gruepoch=09.ckpt,9,30,0.056679174,23.4296,1.6722,0.0003,4.3006,1.4521,1.4492,0.5173,493.182,25.1749,47.7933,2.4396,36.4349,1.8598,33.0769,1.6884,30.4134,1.5525,29.018,1.4812,27.3343,1.3953,21.4966,4.7844,2.0832,0.4637,1.5881,0.3535,1.4417,0.3209,1.3256,0.295,1.2648,0.2815,1.1914,0.2652,0.0,0.0,0.0,0.0,0.0,0.0,0.0,0.0,0.0,0.0,0.0,0.0,0.0,0.0,0.0,0.0,0.0,0.0,0.0,0.0,0.0,0.0,0.0,0.0,0.0,0.0,0.0,0.0,0.0,0.0,0.0,0.0,0.0,0.0,0.0,0.516,0.5143
128,0.0001,3,10,100,32,16,256,184,440338,73,30,VicregLoss,gru,/home/dpetrovitch/dzagcoffee/train_trace/gender/checkpoints_2025-10-08 10:26:11.109161_VicregLoss_gru_catboost/model_128_0.0001_3_10_100_256_32_16_256_VicregLoss_gruepoch=10.ckpt,10,30,0.055197198,23.7698,1.6737,0.0003,4.2972,1.5144,1.5131,0.5029,494.4878,25.1537,48.3883,2.4614,37.3135,1.8981,34.0192,1.7305,31.2231,1.5883,29.7019,1.5109,27.8728,1.4178,19.5674,4.2482,1.9148,0.4157,1.4765,0.3206,1.3462,0.2923,1.2355,0.2682,1.1753,0.2552,1.103,0.2395,0.0,0.0,0.0,0.0,0.0,0.0,0.0,0.0,0.0,0.0,0.0,0.0,0.0,0.0,0.0,0.0,0.0,0.0,0.0,0.0,0.0,0.0,0.0,0.0,0.0,0.0,0.0,0.0,0.0,0.0,0.0,0.0,0.0,0.0,0.0,0.536,0.506
128,0.0001,3,10,100,32,16,256,184,440338,73,30,VicregLoss,gru,/home/dpetrovitch/dzagcoffee/train_trace/gender/checkpoints_2025-10-08 10:26:11.109161_VicregLoss_gru_catboost/model_128_0.0001_3_10_100_256_32_16_256_VicregLoss_gruepoch=11.ckpt,11,30,0.0555013,23.5401,1.672,0.0003,4.2955,1.5055,1.5045,0.5076,489.3776,24.8706,47.7658,2.4275,36.8025,1.8703,33.6323,1.7092,30.8614,1.5684,29.3845,1.4933,27.5629,1.4008,20.8467,4.6723,2.0347,0.456,1.5677,0.3514,1.4327,0.3211,1.3146,0.2946,1.2517,0.2805,1.1741,0.2632,0.0,0.0,0.0,0.0,0.0,0.0,0.0,0.0,0.0,0.0,0.0,0.0,0.0,0.0,0.0,0.0,0.0,0.0,0.0,0.0,0.0,0.0,0.0,0.0,0.0,0.0,0.0,0.0,0.0,0.0,0.0,0.0,0.0,0.0,0.0,0.56,0.539
128,0.0001,3,10,100,32,16,256,184,440338,73,30,VicregLoss,gru,/home/dpetrovitch/dzagcoffee/train_trace/gender/checkpoints_2025-10-08 10:26:11.109161_VicregLoss_gru_catboost/model_128_0.0001_3_10_100_256_32_16_256_VicregLoss_gruepoch=12.ckpt,12,30,0.060114276,24.1904,1.6731,0.0003,4.3006,1.5438,1.5454,0.4957,496.644,25.1444,50.328,2.548,38.8739,1.9681,35.3467,1.7896,32.2704,1.6338,30.6197,1.5502,28.5867,1.4473,20.9553,3.6761,2.1235,0.3725,1.6402,0.2877,1.4914,0.2616,1.3616,0.2389,1.292,0.2266,1.2062,0.2116,0.0,0.0,0.0,0.0,0.0,0.0,0.0,0.0,0.0,0.0,0.0,0.0,0.0,0.0,0.0,0.0,0.0,0.0,0.0,0.0,0.0,0.0,0.0,0.0,0.0,0.0,0.0,0.0,0.0,0.0,0.0,0.0,0.0,0.0,0.0,0.56,0.5521
128,0.0001,3,10,100,32,16,256,184,440338,73,30,VicregLoss,gru,/home/dpetrovitch/dzagcoffee/train_trace/gender/checkpoints_2025-10-08 10:26:11.109161_VicregLoss_gru_catboost/model_128_0.0001_3_10_100_256_32_16_256_VicregLoss_gruepoch=13.ckpt,13,30,0.055582684,24.0042,1.6741,0.0003,4.297,1.5238,1.5245,0.4996,495.607,25.1751,49.6837,2.5238,38.2521,1.9431,34.7884,1.7671,31.7937,1.615,30.1758,1.5328,28.2266,1.4338,20.6802,3.968,2.0732,0.3978,1.5961,0.3063,1.4516,0.2785,1.3267,0.2546,1.2591,0.2416,1.1778,0.226,0.0,0.0,0.0,0.0,0.0,0.0,0.0,0.0,0.0,0.0,0.0,0.0,0.0,0.0,0.0,0.0,0.0,0.0,0.0,0.0,0.0,0.0,0.0,0.0,0.0,0.0,0.0,0.0,0.0,0.0,0.0,0.0,0.0,0.0,0.0,0.536,0.5169
128,0.0001,3,10,100,32,16,256,184,440338,73,30,VicregLoss,gru,/home/dpetrovitch/dzagcoffee/train_trace/gender/checkpoints_2025-10-08 10:26:11.109161_VicregLoss_gru_catboost/model_128_0.0001_3_10_100_256_32_16_256_VicregLoss_gruepoch=14.ckpt,14,30,0.056683455,23.8816,1.6739,0.0003,4.2926,1.5373,1.5365,0.4976,492.1738,25.0092,49.0249,2.4911,37.8859,1.9251,34.504,1.7533,31.5316,1.6022,29.9284,1.5208,28.0068,1.4231,20.9288,4.3298,2.0847,0.4313,1.611,0.3333,1.4672,0.3035,1.3408,0.2774,1.2726,0.2633,1.1909,0.2464,0.0,0.0,0.0,0.0,0.0,0.0,0.0,0.0,0.0,0.0,0.0,0.0,0.0,0.0,0.0,0.0,0.0,0.0,0.0,0.0,0.0,0.0,0.0,0.0,0.0,0.0,0.0,0.0,0.0,0.0,0.0,0.0,0.0,0.0,0.0,0.544,0.5422
128,0.0001,3,10,100,32,16,256,184,440338,73,30,VicregLoss,gru,/home/dpetrovitch/dzagcoffee/train_trace/gender/checkpoints_2025-10-08 10:26:11.109161_VicregLoss_gru_catboost/model_128_0.0001_3_10_100_256_32_16_256_VicregLoss_gruepoch=15.ckpt,15,30,0.056846216,23.3527,1.6734,0.0003,4.3069,1.4549,1.4584,0.5211,486.3688,24.7719,48.2587,2.4579,36.7955,1.8741,33.5101,1.7067,30.6819,1.5627,29.1874,1.4866,27.4308,1.3971,20.2675,3.7918,2.011,0.3762,1.5333,0.2869,1.3964,0.2613,1.2785,0.2392,1.2163,0.2276,1.1431,0.2139,0.0,0.0,0.0,0.0,0.0,0.0,0.0,0.0,0.0,0.0,0.0,0.0,0.0,0.0,0.0,0.0,0.0,0.0,0.0,0.0,0.0,0.0,0.0,0.0,0.0,0.0,0.0,0.0,0.0,0.0,0.0,0.0,0.0,0.0,0.0,0.524,0.5045
128,0.0001,3,10,100,32,16,256,184,440338,73,30,VicregLoss,gru,/home/dpetrovitch/dzagcoffee/train_trace/gender/checkpoints_2025-10-08 10:26:11.109161_VicregLoss_gru_catboost/model_128_0.0001_3_10_100_256_32_16_256_VicregLoss_gruepoch=16.ckpt,16,30,0.057638604,23.5617,1.6739,0.0003,4.311,1.4659,1.4694,0.5174,488.7472,24.8773,49.306,2.5097,37.5574,1.9117,34.1589,1.7387,31.2448,1.5904,29.6777,1.5106,27.8574,1.4179,19.6063,3.6563,1.9779,0.3689,1.5066,0.281,1.3703,0.2555,1.2534,0.2337,1.1905,0.222,1.1175,0.2084,0.0,0.0,0.0,0.0,0.0,0.0,0.0,0.0,0.0,0.0,0.0,0.0,0.0,0.0,0.0,0.0,0.0,0.0,0.0,0.0,0.0,0.0,0.0,0.0,0.0,0.0,0.0,0.0,0.0,0.0,0.0,0.0,0.0,0.0,0.0,0.564,0.5411
128,0.0001,3,10,100,32,16,256,184,440338,73,30,VicregLoss,gru,/home/dpetrovitch/dzagcoffee/train_trace/gender/checkpoints_2025-10-08 10:26:11.109161_VicregLoss_gru_catboost/model_128_0.0001_3_10_100_256_32_16_256_VicregLoss_gruepoch=17.ckpt,17,30,0.05764289,23.6655,1.675,0.0003,4.2956,1.4922,1.4911,0.5084,490.1545,24.9689,48.9193,2.492,37.469,1.9087,34.1184,1.738,31.2137,1.5901,29.6718,1.5115,27.8435,1.4184,22.0878,3.9578,2.2044,0.395,1.6885,0.3025,1.5375,0.2755,1.4066,0.252,1.3371,0.2396,1.2547,0.2248,0.0,0.0,0.0,0.0,0.0,0.0,0.0,0.0,0.0,0.0,0.0,0.0,0.0,0.0,0.0,0.0,0.0,0.0,0.0,0.0,0.0,0.0,0.0,0.0,0.0,0.0,0.0,0.0,0.0,0.0,0.0,0.0,0.0,0.0,0.0,0.504,0.5249
128,0.0001,3,10,100,32,16,256,184,440338,73,30,VicregLoss,gru,/home/dpetrovitch/dzagcoffee/train_trace/gender/checkpoints_2025-10-08 10:26:11.109161_VicregLoss_gru_catboost/model_128_0.0001_3_10_100_256_32_16_256_VicregLoss_gruepoch=18.ckpt,18,30,0.057047527,23.4715,1.6744,0.0003,4.2978,1.4888,1.4929,0.5101,487.6918,24.8655,48.7966,2.488,37.2805,1.9008,33.9075,1.7288,31.0083,1.581,29.452,1.5016,27.6568,1.4101,18.8114,3.7018,1.8822,0.3704,1.438,0.283,1.3079,0.2574,1.1961,0.2354,1.136,0.2236,1.0668,0.2099,0.0,0.0,0.0,0.0,0.0,0.0,0.0,0.0,0.0,0.0,0.0,0.0,0.0,0.0,0.0,0.0,0.0,0.0,0.0,0.0,0.0,0.0,0.0,0.0,0.0,0.0,0.0,0.0,0.0,0.0,0.0,0.0,0.0,0.0,0.0,0.556,0.5055
128,0.0001,3,10,100,32,16,256,184,440338,73,30,VicregLoss,gru,/home/dpetrovitch/dzagcoffee/train_trace/gender/checkpoints_2025-10-08 10:26:11.109161_VicregLoss_gru_catboost/model_128_0.0001_3_10_100_256_32_16_256_VicregLoss_gruepoch=19.ckpt,19,30,0.055398505,23.0931,1.6739,0.0003,4.2922,1.4654,1.4691,0.5204,480.787,24.5053,47.1338,2.4024,35.992,1.8345,32.8773,1.6757,30.1386,1.5361,28.6788,1.4617,26.9746,1.3749,20.1483,4.5376,1.9752,0.4448,1.5083,0.3397,1.3778,0.3103,1.263,0.2844,1.2018,0.2707,1.1304,0.2546,0.0,0.0,0.0,0.0,0.0,0.0,0.0,0.0,0.0,0.0,0.0,0.0,0.0,0.0,0.0,0.0,0.0,0.0,0.0,0.0,0.0,0.0,0.0,0.0,0.0,0.0,0.0,0.0,0.0,0.0,0.0,0.0,0.0,0.0,0.0,0.552,0.5171
128,0.0001,3,10,100,32,16,256,184,440338,73,30,VicregLoss,gru,/home/dpetrovitch/dzagcoffee/train_trace/gender/checkpoints_2025-10-08 10:26:11.109161_VicregLoss_gru_catboost/model_128_0.0001_3_10_100_256_32_16_256_VicregLoss_gruepoch=20.ckpt,20,30,0.05489309,23.398,1.6714,0.0003,4.2844,1.531,1.5334,0.5023,486.4819,24.7115,48.7101,2.4743,37.4726,1.9035,34.1917,1.7368,31.2771,1.5888,29.6782,1.5075,27.8109,1.4127,21.2701,3.5855,2.1297,0.359,1.6384,0.2762,1.4949,0.252,1.3675,0.2305,1.2976,0.2187,1.216,0.205,0.0,0.0,0.0,0.0,0.0,0.0,0.0,0.0,0.0,0.0,0.0,0.0,0.0,0.0,0.0,0.0,0.0,0.0,0.0,0.0,0.0,0.0,0.0,0.0,0.0,0.0,0.0,0.0,0.0,0.0,0.0,0.0,0.0,0.0,0.0,0.528,0.5068
128,0.0001,3,10,100,32,16,256,184,440338,73,30,VicregLoss,gru,/home/dpetrovitch/dzagcoffee/train_trace/gender/checkpoints_2025-10-08 10:26:11.109161_VicregLoss_gru_catboost/model_128_0.0001_3_10_100_256_32_16_256_VicregLoss_gruepoch=21.ckpt,21,30,0.059141994,23.4183,1.6744,0.0003,4.2848,1.5197,1.5186,0.5046,484.4718,24.6431,48.1099,2.4472,36.9443,1.8792,33.7567,1.7171,30.9091,1.5722,29.3544,1.4931,27.543,1.401,19.297,3.8116,1.9163,0.3785,1.4715,0.2907,1.3446,0.2656,1.2311,0.2432,1.1692,0.2309,1.0971,0.2167,0.0,0.0,0.0,0.0,0.0,0.0,0.0,0.0,0.0,0.0,0.0,0.0,0.0,0.0,0.0,0.0,0.0,0.0,0.0,0.0,0.0,0.0,0.0,0.0,0.0,0.0,0.0,0.0,0.0,0.0,0.0,0.0,0.0,0.0,0.0,0.508,0.4981
128,0.0001,3,10,100,32,16,256,184,440338,73,30,VicregLoss,gru,/home/dpetrovitch/dzagcoffee/train_trace/gender/checkpoints_2025-10-08 10:26:11.109161_VicregLoss_gru_catboost/model_128_0.0001_3_10_100_256_32_16_256_VicregLoss_gruepoch=22.ckpt,22,30,0.05940327,22.8112,1.6679,0.0003,4.2783,1.48,1.4822,0.5148,477.6624,24.2364,47.0832,2.389,35.928,1.823,32.7769,1.6631,30.0226,1.5233,28.5502,1.4486,26.8333,1.3615,19.8442,4.4313,1.956,0.4368,1.4926,0.3333,1.3617,0.3041,1.2473,0.2785,1.1861,0.2649,1.1148,0.2489,0.0,0.0,0.0,0.0,0.0,0.0,0.0,0.0,0.0,0.0,0.0,0.0,0.0,0.0,0.0,0.0,0.0,0.0,0.0,0.0,0.0,0.0,0.0,0.0,0.0,0.0,0.0,0.0,0.0,0.0,0.0,0.0,0.0,0.0,0.0,0.528,0.4997
128,0.0001,3,10,100,32,16,256,184,440338,73,30,VicregLoss,gru,/home/dpetrovitch/dzagcoffee/train_trace/gender/checkpoints_2025-10-08 10:26:11.109161_VicregLoss_gru_catboost/model_128_0.0001_3_10_100_256_32_16_256_VicregLoss_gruepoch=23.ckpt,23,30,0.059386134,23.0357,1.6732,0.0003,4.2746,1.4958,1.4962,0.5097,482.8894,24.597,47.2981,2.4092,36.3461,1.8514,33.1293,1.6875,30.3579,1.5463,28.8597,1.47,27.117,1.3813,20.4807,3.9678,2.006,0.3886,1.5415,0.2986,1.4051,0.2722,1.2876,0.2494,1.224,0.2371,1.1501,0.2228,0.0,0.0,0.0,0.0,0.0,0.0,0.0,0.0,0.0,0.0,0.0,0.0,0.0,0.0,0.0,0.0,0.0,0.0,0.0,0.0,0.0,0.0,0.0,0.0,0.0,0.0,0.0,0.0,0.0,0.0,0.0,0.0,0.0,0.0,0.0,0.492,0.4973
128,0.0001,3,10,100,32,16,256,184,440338,73,30,VicregLoss,gru,/home/dpetrovitch/dzagcoffee/train_trace/gender/checkpoints_2025-10-08 10:26:11.109161_VicregLoss_gru_catboost/model_128_0.0001_3_10_100_256_32_16_256_VicregLoss_gruepoch=24.ckpt,24,30,0.05838816,23.2043,1.6746,0.0003,4.2762,1.4882,1.4886,0.5103,479.7445,24.3706,47.3391,2.4048,36.28,1.843,33.0225,1.6775,30.2094,1.5346,28.7112,1.4585,26.9721,1.3702,19.3963,4.3518,1.9139,0.4294,1.4668,0.3291,1.3351,0.2996,1.2214,0.274,1.1608,0.2604,1.0905,0.2447,0.0,0.0,0.0,0.0,0.0,0.0,0.0,0.0,0.0,0.0,0.0,0.0,0.0,0.0,0.0,0.0,0.0,0.0,0.0,0.0,0.0,0.0,0.0,0.0,0.0,0.0,0.0,0.0,0.0,0.0,0.0,0.0,0.0,0.0,0.0,0.536,0.5023
128,0.0001,3,10,100,32,16,256,184,440338,73,30,VicregLoss,gru,/home/dpetrovitch/dzagcoffee/train_trace/gender/checkpoints_2025-10-08 10:26:11.109161_VicregLoss_gru_catboost/model_128_0.0001_3_10_100_256_32_16_256_VicregLoss_gruepoch=25.ckpt,25,30,0.058469538,23.2667,1.6743,0.0003,4.2726,1.5715,1.5722,0.4946,480.4866,24.457,47.4272,2.4141,36.7606,1.8711,33.5596,1.7082,30.7698,1.5662,29.1957,1.4861,27.3593,1.3926,19.0202,3.9277,1.8774,0.3877,1.4552,0.3005,1.3285,0.2743,1.218,0.2515,1.1557,0.2387,1.083,0.2236,0.0,0.0,0.0,0.0,0.0,0.0,0.0,0.0,0.0,0.0,0.0,0.0,0.0,0.0,0.0,0.0,0.0,0.0,0.0,0.0,0.0,0.0,0.0,0.0,0.0,0.0,0.0,0.0,0.0,0.0,0.0,0.0,0.0,0.0,0.0,0.528,0.5077
128,0.0001,3,10,100,32,16,256,184,440338,73,30,VicregLoss,gru,/home/dpetrovitch/dzagcoffee/train_trace/gender/checkpoints_2025-10-08 10:26:11.109161_VicregLoss_gru_catboost/model_128_0.0001_3_10_100_256_32_16_256_VicregLoss_gruepoch=26.ckpt,26,30,0.054627538,22.6996,1.6724,0.0003,4.278,1.4702,1.472,0.5189,474.8648,24.1394,46.5637,2.367,35.5453,1.8069,32.4592,1.65,29.7643,1.513,28.3206,1.4397,26.6223,1.3533,21.3099,4.7136,2.0896,0.4622,1.5951,0.3528,1.4566,0.3222,1.3357,0.2954,1.2709,0.2811,1.1947,0.2643,0.0,0.0,0.0,0.0,0.0,0.0,0.0,0.0,0.0,0.0,0.0,0.0,0.0,0.0,0.0,0.0,0.0,0.0,0.0,0.0,0.0,0.0,0.0,0.0,0.0,0.0,0.0,0.0,0.0,0.0,0.0,0.0,0.0,0.0,0.0,0.524,0.5274
128,0.0001,3,10,100,32,16,256,184,440338,73,30,VicregLoss,gru,/home/dpetrovitch/dzagcoffee/train_trace/gender/checkpoints_2025-10-08 10:26:11.109161_VicregLoss_gru_catboost/model_128_0.0001_3_10_100_256_32_16_256_VicregLoss_gruepoch=27.ckpt,27,30,0.053856567,23.0143,1.6737,0.0003,4.2772,1.5004,1.5012,0.5085,479.0711,24.3116,47.3982,2.4053,36.3656,1.8455,33.1383,1.6817,30.3399,1.5397,28.8324,1.4632,27.047,1.3726,19.4948,4.2244,1.9288,0.418,1.4798,0.3207,1.3485,0.2922,1.2346,0.2675,1.1733,0.2542,1.1006,0.2385,0.0,0.0,0.0,0.0,0.0,0.0,0.0,0.0,0.0,0.0,0.0,0.0,0.0,0.0,0.0,0.0,0.0,0.0,0.0,0.0,0.0,0.0,0.0,0.0,0.0,0.0,0.0,0.0,0.0,0.0,0.0,0.0,0.0,0.0,0.0,0.508,0.5035
128,0.0001,3,10,100,32,16,256,184,440338,73,30,VicregLoss,gru,/home/dpetrovitch/dzagcoffee/train_trace/gender/checkpoints_2025-10-08 10:26:11.109161_VicregLoss_gru_catboost/model_128_0.0001_3_10_100_256_32_16_256_VicregLoss_gruepoch=28.ckpt,28,30,0.05826823,23.0048,1.6738,0.0003,4.2837,1.4909,1.4892,0.5114,477.0328,24.27,47.6258,2.4231,36.3604,1.8499,33.1637,1.6873,30.3587,1.5446,28.8466,1.4676,27.0505,1.3762,19.1995,3.683,1.9168,0.3677,1.4634,0.2807,1.3348,0.256,1.2219,0.2344,1.161,0.2227,1.0887,0.2088,0.0,0.0,0.0,0.0,0.0,0.0,0.0,0.0,0.0,0.0,0.0,0.0,0.0,0.0,0.0,0.0,0.0,0.0,0.0,0.0,0.0,0.0,0.0,0.0,0.0,0.0,0.0,0.0,0.0,0.0,0.0,0.0,0.0,0.0,0.0,0.52,0.5004
128,0.0001,3,10,100,32,16,256,184,440338,73,30,VicregLoss,gru,/home/dpetrovitch/dzagcoffee/train_trace/gender/checkpoints_2025-10-08 10:26:11.109161_VicregLoss_gru_catboost/model_128_0.0001_3_10_100_256_32_16_256_VicregLoss_gruepoch=29.ckpt,29,30,0.060623974,23.1242,1.6728,0.0003,4.2832,1.5282,1.5285,0.5056,476.6845,24.2,47.7396,2.4236,36.857,1.8711,33.6879,1.7102,30.8526,1.5663,29.2656,1.4857,27.4166,1.3919,22.2083,4.38,2.2241,0.4387,1.7171,0.3387,1.5695,0.3095,1.4374,0.2835,1.3635,0.2689,1.2773,0.2519,0.0,0.0,0.0,0.0,0.0,0.0,0.0,0.0,0.0,0.0,0.0,0.0,0.0,0.0,0.0,0.0,0.0,0.0,0.0,0.0,0.0,0.0,0.0,0.0,0.0,0.0,0.0,0.0,0.0,0.0,0.0,0.0,0.0,0.0,0.0,0.528,0.5288
128,0.0005,3,10,100,32,16,256,184,440338,73,30,VicregLoss,gru,/home/dpetrovitch/dzagcoffee/train_trace/gender/checkpoints_2025-10-08 10:26:11.109161_VicregLoss_gru_catboost/model_128_0.0005_3_10_100_256_32_16_256_VicregLoss_gruepoch=00.ckpt,0,30,0.04194507,23.2221,1.6753,0.0002,4.6427,1.0356,1.0355,0.806,465.5309,23.6009,65.9653,3.3442,38.8644,1.9703,33.0977,1.6779,28.7595,1.458,26.7547,1.3564,24.5687,1.2456,17.7413,1.5912,2.5139,0.2255,1.4811,0.1328,1.2613,0.1131,1.096,0.0983,1.0196,0.0914,0.9363,0.084,0.0,0.0,0.0,0.0,0.0,0.0,0.0,0.0,0.0,0.0,0.0,0.0,0.0,0.0,0.0,0.0,0.0,0.0,0.0,0.0,0.0,0.0,0.0,0.0,0.0,0.0,0.0,0.0,0.0,0.0,0.0,0.0,0.0,0.0,0.0,0.548,0.5341
128,0.0005,3,10,100,32,16,256,184,440338,73,30,VicregLoss,gru,/home/dpetrovitch/dzagcoffee/train_trace/gender/checkpoints_2025-10-08 10:26:11.109161_VicregLoss_gru_catboost/model_128_0.0005_3_10_100_256_32_16_256_VicregLoss_gruepoch=01.ckpt,1,30,0.05096543,19.1835,1.6718,0.0002,4.5913,1.0239,1.024,0.8486,426.236,21.8455,54.9797,2.8178,30.2209,1.5489,26.2631,1.346,23.3605,1.1973,22.0311,1.1291,20.6332,1.0575,12.218,1.2326,1.576,0.159,0.8663,0.0874,0.7528,0.076,0.6696,0.0676,0.6315,0.0637,0.5914,0.0597,0.0,0.0,0.0,0.0,0.0,0.0,0.0,0.0,0.0,0.0,0.0,0.0,0.0,0.0,0.0,0.0,0.0,0.0,0.0,0.0,0.0,0.0,0.0,0.0,0.0,0.0,0.0,0.0,0.0,0.0,0.0,0.0,0.0,0.0,0.0,0.544,0.5388
128,0.0005,3,10,100,32,16,256,184,440338,73,30,VicregLoss,gru,/home/dpetrovitch/dzagcoffee/train_trace/gender/checkpoints_2025-10-08 10:26:11.109161_VicregLoss_gru_catboost/model_128_0.0005_3_10_100_256_32_16_256_VicregLoss_gruepoch=02.ckpt,2,30,0.045722827,22.017,1.6752,0.0002,4.5625,1.0322,1.0307,0.7854,465.213,24.0407,57.2789,2.96,34.5825,1.7871,29.3616,1.5173,25.4223,1.3137,23.6172,1.2205,21.85,1.1291,14.1768,1.3114,1.7455,0.1615,1.0539,0.0975,0.8948,0.0828,0.7747,0.0717,0.7197,0.0666,0.6659,0.0616,0.0,0.0,0.0,0.0,0.0,0.0,0.0,0.0,0.0,0.0,0.0,0.0,0.0,0.0,0.0,0.0,0.0,0.0,0.0,0.0,0.0,0.0,0.0,0.0,0.0,0.0,0.0,0.0,0.0,0.0,0.0,0.0,0.0,0.0,0.0,0.528,0.5227
128,0.0005,3,10,100,32,16,256,184,440338,73,30,VicregLoss,gru,/home/dpetrovitch/dzagcoffee/train_trace/gender/checkpoints_2025-10-08 10:26:11.109161_VicregLoss_gru_catboost/model_128_0.0005_3_10_100_256_32_16_256_VicregLoss_gruepoch=03.ckpt,3,30,0.04324287,16.6915,1.6763,0.0002,4.5305,1.0197,1.0177,0.8803,410.2212,21.7062,42.1377,2.2296,23.1803,1.2265,20.9242,1.1072,19.3576,1.0243,18.5603,0.9821,17.663,0.9346,14.3403,1.3585,1.473,0.1395,0.8103,0.0768,0.7315,0.0693,0.6767,0.0641,0.6488,0.0615,0.6175,0.0585,0.0,0.0,0.0,0.0,0.0,0.0,0.0,0.0,0.0,0.0,0.0,0.0,0.0,0.0,0.0,0.0,0.0,0.0,0.0,0.0,0.0,0.0,0.0,0.0,0.0,0.0,0.0,0.0,0.0,0.0,0.0,0.0,0.0,0.0,0.0,0.58,0.549
128,0.0005,3,10,100,32,16,256,184,440338,73,30,VicregLoss,gru,/home/dpetrovitch/dzagcoffee/train_trace/gender/checkpoints_2025-10-08 10:26:11.109161_VicregLoss_gru_catboost/model_128_0.0005_3_10_100_256_32_16_256_VicregLoss_gruepoch=04.ckpt,4,30,0.0474104,18.1119,1.6762,0.0002,4.5385,1.0221,1.0208,0.8727,422.0337,22.1682,48.002,2.5214,25.8994,1.3604,22.673,1.1909,20.658,1.0851,19.6296,1.0311,18.506,0.9721,14.982,1.5264,1.704,0.1736,0.9194,0.0937,0.8049,0.082,0.7333,0.0747,0.6968,0.071,0.657,0.0669,0.0,0.0,0.0,0.0,0.0,0.0,0.0,0.0,0.0,0.0,0.0,0.0,0.0,0.0,0.0,0.0,0.0,0.0,0.0,0.0,0.0,0.0,0.0,0.0,0.0,0.0,0.0,0.0,0.0,0.0,0.0,0.0,0.0,0.0,0.0,0.576,0.5283
128,0.0005,3,10,100,32,16,256,184,440338,73,30,VicregLoss,gru,/home/dpetrovitch/dzagcoffee/train_trace/gender/checkpoints_2025-10-08 10:26:11.109161_VicregLoss_gru_catboost/model_128_0.0005_3_10_100_256_32_16_256_VicregLoss_gruepoch=05.ckpt,5,30,0.045842756,14.419,1.6743,1e-04,4.6056,1.0183,1.02,0.8878,379.9066,20.824,50.0967,2.746,22.5453,1.2358,20.0723,1.1002,18.3675,1.0068,17.6307,0.9664,16.7705,0.9192,11.4278,1.2229,1.5069,0.1613,0.6782,0.0726,0.6038,0.0646,0.5525,0.0591,0.5303,0.0568,0.5045,0.054,0.0,0.0,0.0,0.0,0.0,0.0,0.0,0.0,0.0,0.0,0.0,0.0,0.0,0.0,0.0,0.0,0.0,0.0,0.0,0.0,0.0,0.0,0.0,0.0,0.0,0.0,0.0,0.0,0.0,0.0,0.0,0.0,0.0,0.0,0.0,0.536,0.5535
128,0.0005,3,10,100,32,16,256,184,440338,73,30,VicregLoss,gru,/home/dpetrovitch/dzagcoffee/train_trace/gender/checkpoints_2025-10-08 10:26:11.109161_VicregLoss_gru_catboost/model_128_0.0005_3_10_100_256_32_16_256_VicregLoss_gruepoch=06.ckpt,6,30,0.048245613,17.7533,1.673,0.0002,4.5024,1.0234,1.0235,0.8501,423.7392,22.2825,46.7791,2.4599,26.0935,1.3721,23.0837,1.2139,20.5818,1.0823,19.5413,1.0276,18.4621,0.9708,14.1409,1.5453,1.5611,0.1706,0.8708,0.0952,0.7703,0.0842,0.6868,0.0751,0.6521,0.0713,0.6161,0.0673,0.0,0.0,0.0,0.0,0.0,0.0,0.0,0.0,0.0,0.0,0.0,0.0,0.0,0.0,0.0,0.0,0.0,0.0,0.0,0.0,0.0,0.0,0.0,0.0,0.0,0.0,0.0,0.0,0.0,0.0,0.0,0.0,0.0,0.0,0.0,0.564,0.5115
128,0.0005,3,10,100,32,16,256,184,440338,73,30,VicregLoss,gru,/home/dpetrovitch/dzagcoffee/train_trace/gender/checkpoints_2025-10-08 10:26:11.109161_VicregLoss_gru_catboost/model_128_0.0005_3_10_100_256_32_16_256_VicregLoss_gruepoch=07.ckpt,7,30,0.04810427,17.4812,1.6731,1e-04,4.5052,1.0258,1.0282,0.8436,423.5079,22.4739,50.0598,2.6565,26.5105,1.4068,23.3651,1.2399,20.842,1.106,19.7277,1.0469,18.5868,0.9863,14.3351,1.4984,1.6944,0.1771,0.8973,0.0938,0.7909,0.0827,0.7055,0.0737,0.6678,0.0698,0.6291,0.0658,0.0,0.0,0.0,0.0,0.0,0.0,0.0,0.0,0.0,0.0,0.0,0.0,0.0,0.0,0.0,0.0,0.0,0.0,0.0,0.0,0.0,0.0,0.0,0.0,0.0,0.0,0.0,0.0,0.0,0.0,0.0,0.0,0.0,0.0,0.0,0.568,0.5315
128,0.0005,3,10,100,32,16,256,184,440338,73,30,VicregLoss,gru,/home/dpetrovitch/dzagcoffee/train_trace/gender/checkpoints_2025-10-08 10:26:11.109161_VicregLoss_gru_catboost/model_128_0.0005_3_10_100_256_32_16_256_VicregLoss_gruepoch=08.ckpt,8,30,0.042287726,17.1108,1.6768,0.0002,4.5161,1.0279,1.0255,0.8474,414.7354,22.4089,43.7301,2.3628,23.96,1.2946,21.2098,1.146,19.3036,1.043,18.4556,0.9972,17.5621,0.9489,14.2913,1.5415,1.5069,0.1625,0.8256,0.0891,0.7309,0.0788,0.6652,0.0717,0.636,0.0686,0.6052,0.0653,0.0,0.0,0.0,0.0,0.0,0.0,0.0,0.0,0.0,0.0,0.0,0.0,0.0,0.0,0.0,0.0,0.0,0.0,0.0,0.0,0.0,0.0,0.0,0.0,0.0,0.0,0.0,0.0,0.0,0.0,0.0,0.0,0.0,0.0,0.0,0.544,0.5272
128,0.0005,3,10,100,32,16,256,184,440338,73,30,VicregLoss,gru,/home/dpetrovitch/dzagcoffee/train_trace/gender/checkpoints_2025-10-08 10:26:11.109161_VicregLoss_gru_catboost/model_128_0.0005_3_10_100_256_32_16_256_VicregLoss_gruepoch=09.ckpt,9,30,0.045213133,17.932,1.6746,0.0002,4.4661,1.03,1.0283,0.8156,421.1403,22.3838,43.1895,2.2955,25.3544,1.3476,21.9522,1.1668,19.8911,1.0572,18.951,1.0073,17.9474,0.9539,13.2613,1.5309,1.36,0.157,0.7984,0.0922,0.6913,0.0798,0.6264,0.0723,0.5967,0.0689,0.5651,0.0652,0.0,0.0,0.0,0.0,0.0,0.0,0.0,0.0,0.0,0.0,0.0,0.0,0.0,0.0,0.0,0.0,0.0,0.0,0.0,0.0,0.0,0.0,0.0,0.0,0.0,0.0,0.0,0.0,0.0,0.0,0.0,0.0,0.0,0.0,0.0,0.536,0.489
128,0.0005,3,10,100,32,16,256,184,440338,73,30,VicregLoss,gru,/home/dpetrovitch/dzagcoffee/train_trace/gender/checkpoints_2025-10-08 10:26:11.109161_VicregLoss_gru_catboost/model_128_0.0005_3_10_100_256_32_16_256_VicregLoss_gruepoch=10.ckpt,10,30,0.041636687,15.084,1.6759,1e-04,4.4968,1.0248,1.0215,0.8752,387.4178,21.1534,36.7581,2.007,20.1987,1.1029,18.4557,1.0077,17.1683,0.9374,16.5839,0.9055,15.9061,0.8685,11.4548,1.3304,1.0868,0.1262,0.5972,0.0694,0.5457,0.0634,0.5076,0.059,0.4903,0.057,0.4703,0.0546,0.0,0.0,0.0,0.0,0.0,0.0,0.0,0.0,0.0,0.0,0.0,0.0,0.0,0.0,0.0,0.0,0.0,0.0,0.0,0.0,0.0,0.0,0.0,0.0,0.0,0.0,0.0,0.0,0.0,0.0,0.0,0.0,0.0,0.0,0.0,0.532,0.4912
128,0.0005,3,10,100,32,16,256,184,440338,73,30,VicregLoss,gru,/home/dpetrovitch/dzagcoffee/train_trace/gender/checkpoints_2025-10-08 10:26:11.109161_VicregLoss_gru_catboost/model_128_0.0005_3_10_100_256_32_16_256_VicregLoss_gruepoch=11.ckpt,11,30,0.045136034,15.5396,1.6766,1e-04,4.5065,1.0271,1.0257,0.8622,398.1902,21.7692,40.4032,2.2089,22.0332,1.2046,19.6201,1.0726,18.0365,0.9861,17.349,0.9485,16.5828,0.9066,11.9317,1.5638,1.2107,0.1587,0.6602,0.0865,0.5879,0.0771,0.5405,0.0708,0.5199,0.0681,0.4969,0.0651,0.0,0.0,0.0,0.0,0.0,0.0,0.0,0.0,0.0,0.0,0.0,0.0,0.0,0.0,0.0,0.0,0.0,0.0,0.0,0.0,0.0,0.0,0.0,0.0,0.0,0.0,0.0,0.0,0.0,0.0,0.0,0.0,0.0,0.0,0.0,0.492,0.4776
128,0.0005,3,10,100,32,16,256,184,440338,73,30,VicregLoss,gru,/home/dpetrovitch/dzagcoffee/train_trace/gender/checkpoints_2025-10-08 10:26:11.109161_VicregLoss_gru_catboost/model_128_0.0005_3_10_100_256_32_16_256_VicregLoss_gruepoch=12.ckpt,12,30,0.04210783,16.4694,1.6762,0.0002,4.4564,1.0423,1.0367,0.8064,410.4692,22.0245,38.0543,2.0419,22.9162,1.2296,20.2485,1.0865,18.6688,1.0017,17.9352,0.9623,17.134,0.9194,12.5139,1.6007,1.1602,0.1484,0.6986,0.0894,0.6173,0.079,0.5692,0.0728,0.5468,0.0699,0.5224,0.0668,0.0,0.0,0.0,0.0,0.0,0.0,0.0,0.0,0.0,0.0,0.0,0.0,0.0,0.0,0.0,0.0,0.0,0.0,0.0,0.0,0.0,0.0,0.0,0.0,0.0,0.0,0.0,0.0,0.0,0.0,0.0,0.0,0.0,0.0,0.0,0.484,0.453
128,0.0005,3,10,100,32,16,256,184,440338,73,30,VicregLoss,gru,/home/dpetrovitch/dzagcoffee/train_trace/gender/checkpoints_2025-10-08 10:26:11.109161_VicregLoss_gru_catboost/model_128_0.0005_3_10_100_256_32_16_256_VicregLoss_gruepoch=13.ckpt,13,30,0.049324974,17.6844,1.6709,0.0002,4.4586,1.0568,1.0491,0.7684,427.9103,22.6955,40.7599,2.1618,25.4485,1.3497,22.0705,1.1706,20.0493,1.0634,19.1796,1.0172,18.2698,0.969,14.2363,1.8922,1.3561,0.1802,0.8467,0.1125,0.7343,0.0976,0.667,0.0887,0.6381,0.0848,0.6078,0.0808,0.0,0.0,0.0,0.0,0.0,0.0,0.0,0.0,0.0,0.0,0.0,0.0,0.0,0.0,0.0,0.0,0.0,0.0,0.0,0.0,0.0,0.0,0.0,0.0,0.0,0.0,0.0,0.0,0.0,0.0,0.0,0.0,0.0,0.0,0.0,0.54,0.4858
128,0.0005,3,10,100,32,16,256,184,440338,73,30,VicregLoss,gru,/home/dpetrovitch/dzagcoffee/train_trace/gender/checkpoints_2025-10-08 10:26:11.109161_VicregLoss_gru_catboost/model_128_0.0005_3_10_100_256_32_16_256_VicregLoss_gruepoch=14.ckpt,14,30,0.049059417,16.0804,1.6752,0.0002,4.4879,1.0429,1.0411,0.8239,407.9716,21.9055,36.6956,1.9703,22.0273,1.1827,19.8756,1.0672,18.4173,0.9889,17.7478,0.9529,17.0123,0.9135,13.1311,1.5383,1.1811,0.1384,0.709,0.0831,0.6397,0.0749,0.5928,0.0694,0.5712,0.0669,0.5476,0.0641,0.0,0.0,0.0,0.0,0.0,0.0,0.0,0.0,0.0,0.0,0.0,0.0,0.0,0.0,0.0,0.0,0.0,0.0,0.0,0.0,0.0,0.0,0.0,0.0,0.0,0.0,0.0,0.0,0.0,0.0,0.0,0.0,0.0,0.0,0.0,0.488,0.4925
128,0.0005,3,10,100,32,16,256,184,440338,73,30,VicregLoss,gru,/home/dpetrovitch/dzagcoffee/train_trace/gender/checkpoints_2025-10-08 10:26:11.109161_VicregLoss_gru_catboost/model_128_0.0005_3_10_100_256_32_16_256_VicregLoss_gruepoch=15.ckpt,15,30,0.049731877,19.4975,1.6742,0.0002,4.443,1.0879,1.0843,0.7167,461.2574,24.2818,42.7474,2.2503,28.3344,1.4916,24.6517,1.2977,22.2808,1.1729,21.2363,1.1179,20.1246,1.0594,18.6312,2.3767,1.7267,0.2203,1.1445,0.146,0.9957,0.127,0.9,0.1148,0.8578,0.1094,0.8129,0.1037,0.0,0.0,0.0,0.0,0.0,0.0,0.0,0.0,0.0,0.0,0.0,0.0,0.0,0.0,0.0,0.0,0.0,0.0,0.0,0.0,0.0,0.0,0.0,0.0,0.0,0.0,0.0,0.0,0.0,0.0,0.0,0.0,0.0,0.0,0.0,0.512,0.4877
128,0.0005,3,10,100,32,16,256,184,440338,73,30,VicregLoss,gru,/home/dpetrovitch/dzagcoffee/train_trace/gender/checkpoints_2025-10-08 10:26:11.109161_VicregLoss_gru_catboost/model_128_0.0005_3_10_100_256_32_16_256_VicregLoss_gruepoch=16.ckpt,16,30,0.056006715,22.0108,1.6661,0.0002,4.328,1.1823,1.1811,0.612,491.1328,25.1904,45.4701,2.3322,33.1156,1.6985,28.9256,1.4836,25.5794,1.312,24.0294,1.2325,22.5014,1.1541,22.7843,3.9213,2.1094,0.363,1.5363,0.2644,1.3419,0.2309,1.1867,0.2042,1.1148,0.1919,1.0439,0.1797,0.0,0.0,0.0,0.0,0.0,0.0,0.0,0.0,0.0,0.0,0.0,0.0,0.0,0.0,0.0,0.0,0.0,0.0,0.0,0.0,0.0,0.0,0.0,0.0,0.0,0.0,0.0,0.0,0.0,0.0,0.0,0.0,0.0,0.0,0.0,0.504,0.477
128,0.0005,3,10,100,32,16,256,184,440338,73,30,VicregLoss,gru,/home/dpetrovitch/dzagcoffee/train_trace/gender/checkpoints_2025-10-08 10:26:11.109161_VicregLoss_gru_catboost/model_128_0.0005_3_10_100_256_32_16_256_VicregLoss_gruepoch=17.ckpt,17,30,0.053368285,22.0883,1.6728,0.0002,4.2752,1.2791,1.2516,0.564,491.1544,25.185,42.8656,2.198,32.0847,1.6452,28.8184,1.4777,25.6204,1.3137,24.1969,1.2407,22.776,1.1679,20.117,4.4429,1.7557,0.3878,1.3141,0.2902,1.1804,0.2607,1.0494,0.2318,0.9911,0.2189,0.9329,0.206,0.0,0.0,0.0,0.0,0.0,0.0,0.0,0.0,0.0,0.0,0.0,0.0,0.0,0.0,0.0,0.0,0.0,0.0,0.0,0.0,0.0,0.0,0.0,0.0,0.0,0.0,0.0,0.0,0.0,0.0,0.0,0.0,0.0,0.0,0.0,0.532,0.496
128,0.0005,3,10,100,32,16,256,184,440338,73,30,VicregLoss,gru,/home/dpetrovitch/dzagcoffee/train_trace/gender/checkpoints_2025-10-08 10:26:11.109161_VicregLoss_gru_catboost/model_128_0.0005_3_10_100_256_32_16_256_VicregLoss_gruepoch=18.ckpt,18,30,0.056537826,21.6897,1.6709,0.0002,4.2831,1.2392,1.2329,0.5945,484.9381,24.9631,41.8243,2.153,30.9943,1.5955,27.7872,1.4304,24.8565,1.2795,23.6287,1.2163,22.3743,1.1518,19.8416,3.5654,1.7113,0.3075,1.2682,0.2279,1.1369,0.2043,1.017,0.1828,0.9668,0.1737,0.9155,0.1645,0.0,0.0,0.0,0.0,0.0,0.0,0.0,0.0,0.0,0.0,0.0,0.0,0.0,0.0,0.0,0.0,0.0,0.0,0.0,0.0,0.0,0.0,0.0,0.0,0.0,0.0,0.0,0.0,0.0,0.0,0.0,0.0,0.0,0.0,0.0,0.504,0.4776
128,0.0005,3,10,100,32,16,256,184,440338,73,30,VicregLoss,gru,/home/dpetrovitch/dzagcoffee/train_trace/gender/checkpoints_2025-10-08 10:26:11.109161_VicregLoss_gru_catboost/model_128_0.0005_3_10_100_256_32_16_256_VicregLoss_gruepoch=19.ckpt,19,30,0.056032415,22.9786,1.6726,0.0003,4.2324,1.3167,1.3133,0.5516,498.2802,25.4288,43.9675,2.2438,33.8158,1.7257,30.497,1.5564,27.1055,1.3833,25.5364,1.3032,23.9299,1.2212,19.6977,4.6638,1.7381,0.4115,1.3368,0.3165,1.2056,0.2854,1.0715,0.2537,1.0095,0.239,0.946,0.224,0.0,0.0,0.0,0.0,0.0,0.0,0.0,0.0,0.0,0.0,0.0,0.0,0.0,0.0,0.0,0.0,0.0,0.0,0.0,0.0,0.0,0.0,0.0,0.0,0.0,0.0,0.0,0.0,0.0,0.0,0.0,0.0,0.0,0.0,0.0,0.524,0.4907
128,0.0005,3,10,100,32,16,256,184,440338,73,30,VicregLoss,gru,/home/dpetrovitch/dzagcoffee/train_trace/gender/checkpoints_2025-10-08 10:26:11.109161_VicregLoss_gru_catboost/model_128_0.0005_3_10_100_256_32_16_256_VicregLoss_gruepoch=20.ckpt,20,30,0.0569019,22.0889,1.6563,0.0003,4.2128,1.3203,1.3183,0.5547,489.8003,25.0405,42.0898,2.1518,32.1988,1.6461,29.1091,1.4882,26.0535,1.332,24.6168,1.2585,23.2041,1.1863,21.3565,5.0026,1.8352,0.4299,1.4039,0.3289,1.2692,0.2973,1.136,0.2661,1.0734,0.2514,1.0118,0.237,0.0,0.0,0.0,0.0,0.0,0.0,0.0,0.0,0.0,0.0,0.0,0.0,0.0,0.0,0.0,0.0,0.0,0.0,0.0,0.0,0.0,0.0,0.0,0.0,0.0,0.0,0.0,0.0,0.0,0.0,0.0,0.0,0.0,0.0,0.0,0.528,0.453
128,0.0005,3,10,100,32,16,256,184,440338,73,30,VicregLoss,gru,/home/dpetrovitch/dzagcoffee/train_trace/gender/checkpoints_2025-10-08 10:26:11.109161_VicregLoss_gru_catboost/model_128_0.0005_3_10_100_256_32_16_256_VicregLoss_gruepoch=21.ckpt,21,30,0.051762093,22.5111,1.6654,0.0003,4.2096,1.3674,1.3505,0.5368,496.6527,25.3604,43.4473,2.2185,33.2849,1.6996,30.1265,1.5383,27.0978,1.3837,25.6422,1.3094,24.1372,1.2325,20.5247,4.2161,1.7955,0.3688,1.3755,0.2826,1.245,0.2557,1.1198,0.23,1.0597,0.2177,0.9975,0.2049,0.0,0.0,0.0,0.0,0.0,0.0,0.0,0.0,0.0,0.0,0.0,0.0,0.0,0.0,0.0,0.0,0.0,0.0,0.0,0.0,0.0,0.0,0.0,0.0,0.0,0.0,0.0,0.0,0.0,0.0,0.0,0.0,0.0,0.0,0.0,0.528,0.4389
128,0.0005,3,10,100,32,16,256,184,440338,73,30,VicregLoss,gru,/home/dpetrovitch/dzagcoffee/train_trace/gender/checkpoints_2025-10-08 10:26:11.109161_VicregLoss_gru_catboost/model_128_0.0005_3_10_100_256_32_16_256_VicregLoss_gruepoch=22.ckpt,22,30,0.056760553,22.3616,1.6624,0.0003,4.1854,1.3393,1.3396,0.5471,490.0897,24.9939,42.8922,2.1874,32.7658,1.671,29.5105,1.505,26.3851,1.3456,24.8926,1.2695,23.415,1.1941,20.1538,4.3216,1.7638,0.3782,1.3474,0.2889,1.2135,0.2602,1.085,0.2327,1.0236,0.2195,0.9629,0.2065,0.0,0.0,0.0,0.0,0.0,0.0,0.0,0.0,0.0,0.0,0.0,0.0,0.0,0.0,0.0,0.0,0.0,0.0,0.0,0.0,0.0,0.0,0.0,0.0,0.0,0.0,0.0,0.0,0.0,0.0,0.0,0.0,0.0,0.0,0.0,0.564,0.5087
128,0.0005,3,10,100,32,16,256,184,440338,73,30,VicregLoss,gru,/home/dpetrovitch/dzagcoffee/train_trace/gender/checkpoints_2025-10-08 10:26:11.109161_VicregLoss_gru_catboost/model_128_0.0005_3_10_100_256_32_16_256_VicregLoss_gruepoch=23.ckpt,23,30,0.051393744,22.3909,1.6668,0.0003,4.1869,1.3644,1.3619,0.5394,491.0688,25.0103,42.2919,2.1539,32.3341,1.6468,29.3386,1.4942,26.4579,1.3475,25.0443,1.2755,23.6355,1.2038,19.1281,4.0027,1.6474,0.3447,1.2595,0.2636,1.1428,0.2391,1.0306,0.2157,0.9755,0.2041,0.9207,0.1927,0.0,0.0,0.0,0.0,0.0,0.0,0.0,0.0,0.0,0.0,0.0,0.0,0.0,0.0,0.0,0.0,0.0,0.0,0.0,0.0,0.0,0.0,0.0,0.0,0.0,0.0,0.0,0.0,0.0,0.0,0.0,0.0,0.0,0.0,0.0,0.524,0.4602
128,0.0005,3,10,100,32,16,256,184,440338,73,30,VicregLoss,gru,/home/dpetrovitch/dzagcoffee/train_trace/gender/checkpoints_2025-10-08 10:26:11.109161_VicregLoss_gru_catboost/model_128_0.0005_3_10_100_256_32_16_256_VicregLoss_gruepoch=24.ckpt,24,30,0.051843476,22.7507,1.6664,0.0003,4.1667,1.4362,1.4319,0.52,493.4324,25.1042,42.5363,2.1641,33.2713,1.6927,30.3438,1.5438,27.4693,1.3976,25.9229,1.3189,24.3453,1.2386,19.7071,4.5299,1.6988,0.3905,1.3288,0.3054,1.2119,0.2786,1.0971,0.2522,1.0353,0.238,0.9723,0.2235,0.0,0.0,0.0,0.0,0.0,0.0,0.0,0.0,0.0,0.0,0.0,0.0,0.0,0.0,0.0,0.0,0.0,0.0,0.0,0.0,0.0,0.0,0.0,0.0,0.0,0.0,0.0,0.0,0.0,0.0,0.0,0.0,0.0,0.0,0.0,0.552,0.4891
128,0.0005,3,10,100,32,16,256,184,440338,73,30,VicregLoss,gru,/home/dpetrovitch/dzagcoffee/train_trace/gender/checkpoints_2025-10-08 10:26:11.109161_VicregLoss_gru_catboost/model_128_0.0005_3_10_100_256_32_16_256_VicregLoss_gruepoch=25.ckpt,25,30,0.05794699,22.7705,1.6671,0.0003,4.1508,1.4332,1.4328,0.5183,489.9251,24.8921,42.2287,2.1456,32.588,1.6557,29.6699,1.5075,26.8356,1.3635,25.3447,1.2877,23.8575,1.2122,19.8214,5.0402,1.7085,0.4344,1.3184,0.3353,1.2004,0.3052,1.0857,0.2761,1.0254,0.2607,0.9652,0.2454,0.0,0.0,0.0,0.0,0.0,0.0,0.0,0.0,0.0,0.0,0.0,0.0,0.0,0.0,0.0,0.0,0.0,0.0,0.0,0.0,0.0,0.0,0.0,0.0,0.0,0.0,0.0,0.0,0.0,0.0,0.0,0.0,0.0,0.0,0.0,0.524,0.4592
128,0.0005,3,10,100,32,16,256,184,440338,73,30,VicregLoss,gru,/home/dpetrovitch/dzagcoffee/train_trace/gender/checkpoints_2025-10-08 10:26:11.109161_VicregLoss_gru_catboost/model_128_0.0005_3_10_100_256_32_16_256_VicregLoss_gruepoch=26.ckpt,26,30,0.057111774,23.3871,1.6685,0.0003,4.1396,1.5361,1.5311,0.4959,497.3955,25.2178,43.5807,2.2095,34.1046,1.7291,31.213,1.5825,28.4394,1.4419,26.7446,1.3559,25.0242,1.2687,19.1486,4.0065,1.6778,0.351,1.3129,0.2747,1.2016,0.2514,1.0949,0.2291,1.0296,0.2154,0.9634,0.2016,0.0,0.0,0.0,0.0,0.0,0.0,0.0,0.0,0.0,0.0,0.0,0.0,0.0,0.0,0.0,0.0,0.0,0.0,0.0,0.0,0.0,0.0,0.0,0.0,0.0,0.0,0.0,0.0,0.0,0.0,0.0,0.0,0.0,0.0,0.0,0.552,0.4994
128,0.0005,3,10,100,32,16,256,184,440338,73,30,VicregLoss,gru,/home/dpetrovitch/dzagcoffee/train_trace/gender/checkpoints_2025-10-08 10:26:11.109161_VicregLoss_gru_catboost/model_128_0.0005_3_10_100_256_32_16_256_VicregLoss_gruepoch=27.ckpt,27,30,0.050909746,22.7579,1.6669,0.0003,4.1425,1.4656,1.466,0.512,489.8598,24.8579,42.379,2.1505,32.9613,1.6726,30.0588,1.5253,27.2088,1.3807,25.6674,1.3025,24.1162,1.2238,20.7568,4.8931,1.7957,0.4233,1.3967,0.3292,1.2737,0.3003,1.1529,0.2718,1.0876,0.2564,1.0219,0.2409,0.0,0.0,0.0,0.0,0.0,0.0,0.0,0.0,0.0,0.0,0.0,0.0,0.0,0.0,0.0,0.0,0.0,0.0,0.0,0.0,0.0,0.0,0.0,0.0,0.0,0.0,0.0,0.0,0.0,0.0,0.0,0.0,0.0,0.0,0.0,0.548,0.4587
128,0.0005,3,10,100,32,16,256,184,440338,73,30,VicregLoss,gru,/home/dpetrovitch/dzagcoffee/train_trace/gender/checkpoints_2025-10-08 10:26:11.109161_VicregLoss_gru_catboost/model_128_0.0005_3_10_100_256_32_16_256_VicregLoss_gruepoch=28.ckpt,28,30,0.061116535,23.1149,1.6694,0.0003,4.1323,1.5099,1.514,0.5059,494.6256,25.1683,43.5907,2.218,33.9368,1.7268,30.9639,1.5756,28.192,1.4345,26.6157,1.3543,24.9903,1.2716,23.7029,4.8125,2.0889,0.4241,1.6263,0.3302,1.4838,0.3013,1.351,0.2743,1.2754,0.259,1.1976,0.2431,0.0,0.0,0.0,0.0,0.0,0.0,0.0,0.0,0.0,0.0,0.0,0.0,0.0,0.0,0.0,0.0,0.0,0.0,0.0,0.0,0.0,0.0,0.0,0.0,0.0,0.0,0.0,0.0,0.0,0.0,0.0,0.0,0.0,0.0,0.0,0.52,0.464
128,0.0005,3,10,100,32,16,256,184,440338,73,30,VicregLoss,gru,/home/dpetrovitch/dzagcoffee/train_trace/gender/checkpoints_2025-10-08 10:26:11.109161_VicregLoss_gru_catboost/model_128_0.0005_3_10_100_256_32_16_256_VicregLoss_gruepoch=29.ckpt,29,30,0.053466797,22.9823,1.6693,0.0003,4.1333,1.4828,1.4849,0.5111,489.0355,24.8282,43.2562,2.1961,33.4618,1.6988,30.4696,1.5469,27.7214,1.4074,26.2021,1.3303,24.6262,1.2503,19.879,4.7059,1.7583,0.4162,1.3602,0.322,1.2386,0.2932,1.1269,0.2668,1.0651,0.2521,1.001,0.237,0.0,0.0,0.0,0.0,0.0,0.0,0.0,0.0,0.0,0.0,0.0,0.0,0.0,0.0,0.0,0.0,0.0,0.0,0.0,0.0,0.0,0.0,0.0,0.0,0.0,0.0,0.0,0.0,0.0,0.0,0.0,0.0,0.0,0.0,0.0,0.516,0.4532
128,0.001,3,10,100,32,16,256,184,440338,73,30,VicregLoss,gru,/home/dpetrovitch/dzagcoffee/train_trace/gender/checkpoints_2025-10-08 10:26:11.109161_VicregLoss_gru_catboost/model_128_0.001_3_10_100_256_32_16_256_VicregLoss_gruepoch=00.ckpt,0,30,0.053029913,31.2626,1.6714,0.0004,4.1687,1.8425,1.8129,0.4608,623.579,31.3493,62.6385,3.149,49.0206,2.4644,44.4847,2.2364,40.7006,2.0461,38.657,1.9434,36.0917,1.8144,26.3693,3.2452,2.6488,0.326,2.0729,0.2551,1.8811,0.2315,1.7211,0.2118,1.6347,0.2012,1.5262,0.1878,0.0,0.0,0.0,0.0,0.0,0.0,0.0,0.0,0.0,0.0,0.0,0.0,0.0,0.0,0.0,0.0,0.0,0.0,0.0,0.0,0.0,0.0,0.0,0.0,0.0,0.0,0.0,0.0,0.0,0.0,0.0,0.0,0.0,0.0,0.0,0.544,0.5375
128,0.001,3,10,100,32,16,256,184,440338,73,30,VicregLoss,gru,/home/dpetrovitch/dzagcoffee/train_trace/gender/checkpoints_2025-10-08 10:26:11.109161_VicregLoss_gru_catboost/model_128_0.001_3_10_100_256_32_16_256_VicregLoss_gruepoch=01.ckpt,1,30,0.05229321,30.0345,1.6702,0.0004,4.0903,1.3669,1.3629,0.5268,614.6738,31.0846,56.3064,2.8475,42.3315,2.1407,37.819,1.9125,34.0878,1.7239,32.1913,1.6279,30.2318,1.5288,26.3384,3.3637,2.4127,0.3081,1.8139,0.2317,1.6205,0.207,1.4606,0.1865,1.3794,0.1762,1.2954,0.1654,0.0,0.0,0.0,0.0,0.0,0.0,0.0,0.0,0.0,0.0,0.0,0.0,0.0,0.0,0.0,0.0,0.0,0.0,0.0,0.0,0.0,0.0,0.0,0.0,0.0,0.0,0.0,0.0,0.0,0.0,0.0,0.0,0.0,0.0,0.0,0.512,0.5068
128,0.001,3,10,100,32,16,256,184,440338,73,30,VicregLoss,gru,/home/dpetrovitch/dzagcoffee/train_trace/gender/checkpoints_2025-10-08 10:26:11.109161_VicregLoss_gru_catboost/model_128_0.001_3_10_100_256_32_16_256_VicregLoss_gruepoch=02.ckpt,2,30,0.050828367,28.9156,1.6702,0.0004,4.0144,1.5135,1.5171,0.5061,604.6735,30.9001,51.2067,2.6168,39.2162,2.004,35.9307,1.8361,32.9432,1.6835,31.3438,1.6017,29.5175,1.5084,25.4126,4.4686,2.1521,0.3784,1.6481,0.2898,1.5101,0.2655,1.3845,0.2435,1.3173,0.2316,1.2405,0.2181,0.0,0.0,0.0,0.0,0.0,0.0,0.0,0.0,0.0,0.0,0.0,0.0,0.0,0.0,0.0,0.0,0.0,0.0,0.0,0.0,0.0,0.0,0.0,0.0,0.0,0.0,0.0,0.0,0.0,0.0,0.0,0.0,0.0,0.0,0.0,0.556,0.532
128,0.001,3,10,100,32,16,256,184,440338,73,30,VicregLoss,gru,/home/dpetrovitch/dzagcoffee/train_trace/gender/checkpoints_2025-10-08 10:26:11.109161_VicregLoss_gru_catboost/model_128_0.001_3_10_100_256_32_16_256_VicregLoss_gruepoch=03.ckpt,3,30,0.05138946,27.4696,1.6712,0.0004,3.9718,1.4302,1.4076,0.5306,578.8144,29.8771,48.0533,2.4804,36.1607,1.8665,32.9296,1.6998,30.3968,1.569,29.1055,1.5024,27.4803,1.4185,22.7923,3.988,1.8922,0.3311,1.4239,0.2491,1.2967,0.2269,1.1969,0.2094,1.1461,0.2005,1.0821,0.1893,0.0,0.0,0.0,0.0,0.0,0.0,0.0,0.0,0.0,0.0,0.0,0.0,0.0,0.0,0.0,0.0,0.0,0.0,0.0,0.0,0.0,0.0,0.0,0.0,0.0,0.0,0.0,0.0,0.0,0.0,0.0,0.0,0.0,0.0,0.0,0.532,0.4743
128,0.001,3,10,100,32,16,256,184,440338,73,30,VicregLoss,gru,/home/dpetrovitch/dzagcoffee/train_trace/gender/checkpoints_2025-10-08 10:26:11.109161_VicregLoss_gru_catboost/model_128_0.001_3_10_100_256_32_16_256_VicregLoss_gruepoch=04.ckpt,4,30,0.049603377,29.6039,1.6726,0.0004,4.0405,1.2604,1.2587,0.5783,608.4422,31.1137,54.6963,2.797,40.0606,2.0486,35.7234,1.8268,31.8637,1.6294,29.825,1.5252,27.608,1.4118,30.0646,3.9332,2.7027,0.3536,1.9795,0.259,1.7652,0.2309,1.5745,0.206,1.4737,0.1928,1.3642,0.1785,0.0,0.0,0.0,0.0,0.0,0.0,0.0,0.0,0.0,0.0,0.0,0.0,0.0,0.0,0.0,0.0,0.0,0.0,0.0,0.0,0.0,0.0,0.0,0.0,0.0,0.0,0.0,0.0,0.0,0.0,0.0,0.0,0.0,0.0,0.0,0.56,0.5081
128,0.001,3,10,100,32,16,256,184,440338,73,30,VicregLoss,gru,/home/dpetrovitch/dzagcoffee/train_trace/gender/checkpoints_2025-10-08 10:26:11.109161_VicregLoss_gru_catboost/model_128_0.001_3_10_100_256_32_16_256_VicregLoss_gruepoch=05.ckpt,5,30,0.052974235,26.1179,1.6664,0.0003,3.9963,1.3144,1.3115,0.5631,574.198,29.5011,46.0518,2.366,34.7944,1.7877,31.2276,1.6044,28.1756,1.4476,26.7602,1.3749,25.2788,1.2988,27.8422,5.1998,2.233,0.417,1.6871,0.3151,1.5142,0.2828,1.3662,0.2552,1.2976,0.2423,1.2257,0.2289,0.0,0.0,0.0,0.0,0.0,0.0,0.0,0.0,0.0,0.0,0.0,0.0,0.0,0.0,0.0,0.0,0.0,0.0,0.0,0.0,0.0,0.0,0.0,0.0,0.0,0.0,0.0,0.0,0.0,0.0,0.0,0.0,0.0,0.0,0.0,0.576,0.5798
128,0.001,3,10,100,32,16,256,184,440338,73,30,VicregLoss,gru,/home/dpetrovitch/dzagcoffee/train_trace/gender/checkpoints_2025-10-08 10:26:11.109161_VicregLoss_gru_catboost/model_128_0.001_3_10_100_256_32_16_256_VicregLoss_gruepoch=06.ckpt,6,30,0.049586248,26.2702,1.645,0.0004,3.8934,1.5891,1.5888,0.4894,577.3435,29.5586,45.1888,2.3136,35.6181,1.8236,32.437,1.6607,29.7036,1.5208,28.2058,1.4441,26.4292,1.3531,27.6664,5.8721,2.1655,0.4596,1.7068,0.3623,1.5544,0.3299,1.4234,0.3021,1.3516,0.2869,1.2665,0.2688,0.0,0.0,0.0,0.0,0.0,0.0,0.0,0.0,0.0,0.0,0.0,0.0,0.0,0.0,0.0,0.0,0.0,0.0,0.0,0.0,0.0,0.0,0.0,0.0,0.0,0.0,0.0,0.0,0.0,0.0,0.0,0.0,0.0,0.0,0.0,0.572,0.5512
128,0.001,3,10,100,32,16,256,184,440338,73,30,VicregLoss,gru,/home/dpetrovitch/dzagcoffee/train_trace/gender/checkpoints_2025-10-08 10:26:11.109161_VicregLoss_gru_catboost/model_128_0.001_3_10_100_256_32_16_256_VicregLoss_gruepoch=07.ckpt,7,30,0.050905462,24.4222,1.6722,0.0003,4.032,1.3362,1.3297,0.5669,547.3955,28.9671,41.2599,2.1834,31.1273,1.6472,28.5023,1.5083,26.1775,1.3853,25.0374,1.3249,23.7748,1.2581,24.8429,5.6295,1.8725,0.4243,1.4127,0.3201,1.2935,0.2931,1.188,0.2692,1.1363,0.2575,1.079,0.2445,0.0,0.0,0.0,0.0,0.0,0.0,0.0,0.0,0.0,0.0,0.0,0.0,0.0,0.0,0.0,0.0,0.0,0.0,0.0,0.0,0.0,0.0,0.0,0.0,0.0,0.0,0.0,0.0,0.0,0.0,0.0,0.0,0.0,0.0,0.0,0.568,0.5183
128,0.001,3,10,100,32,16,256,184,440338,73,30,VicregLoss,gru,/home/dpetrovitch/dzagcoffee/train_trace/gender/checkpoints_2025-10-08 10:26:11.109161_VicregLoss_gru_catboost/model_128_0.001_3_10_100_256_32_16_256_VicregLoss_gruepoch=08.ckpt,8,30,0.05096971,26.4221,1.6658,0.0004,3.9027,1.4351,1.4471,0.5037,562.8118,28.7872,46.3825,2.3724,36.2079,1.852,32.6245,1.6687,29.4083,1.5042,27.6805,1.4158,25.6823,1.3136,29.7831,5.2333,2.4545,0.4313,1.9161,0.3367,1.7264,0.3034,1.5562,0.2735,1.4648,0.2574,1.3591,0.2388,0.0,0.0,0.0,0.0,0.0,0.0,0.0,0.0,0.0,0.0,0.0,0.0,0.0,0.0,0.0,0.0,0.0,0.0,0.0,0.0,0.0,0.0,0.0,0.0,0.0,0.0,0.0,0.0,0.0,0.0,0.0,0.0,0.0,0.0,0.0,0.556,0.5358
128,0.001,3,10,100,32,16,256,184,440338,73,30,VicregLoss,gru,/home/dpetrovitch/dzagcoffee/train_trace/gender/checkpoints_2025-10-08 10:26:11.109161_VicregLoss_gru_catboost/model_128_0.001_3_10_100_256_32_16_256_VicregLoss_gruepoch=09.ckpt,9,30,0.0542549,25.1422,1.6704,0.0004,3.8656,1.5376,1.5355,0.5035,554.7616,28.472,42.8325,2.1983,33.4476,1.7166,30.6655,1.5738,28.13,1.4437,26.8611,1.3786,25.3423,1.3006,29.9288,6.4661,2.3108,0.4992,1.8045,0.3899,1.6544,0.3574,1.5176,0.3279,1.4491,0.3131,1.3672,0.2954,0.0,0.0,0.0,0.0,0.0,0.0,0.0,0.0,0.0,0.0,0.0,0.0,0.0,0.0,0.0,0.0,0.0,0.0,0.0,0.0,0.0,0.0,0.0,0.0,0.0,0.0,0.0,0.0,0.0,0.0,0.0,0.0,0.0,0.0,0.0,0.516,0.5098
128,0.001,3,10,100,32,16,256,184,440338,73,30,VicregLoss,gru,/home/dpetrovitch/dzagcoffee/train_trace/gender/checkpoints_2025-10-08 10:26:11.109161_VicregLoss_gru_catboost/model_128_0.001_3_10_100_256_32_16_256_VicregLoss_gruepoch=10.ckpt,10,30,0.055968165,23.1754,1.6738,0.0004,3.898,1.4141,1.4134,0.5394,523.4391,27.1743,39.7015,2.0611,30.0587,1.5605,27.5297,1.4292,25.4741,1.3225,24.3968,1.2666,23.1438,1.2015,23.2677,4.697,1.7648,0.3563,1.3362,0.2697,1.2237,0.247,1.1324,0.2286,1.0845,0.2189,1.0288,0.2077,0.0,0.0,0.0,0.0,0.0,0.0,0.0,0.0,0.0,0.0,0.0,0.0,0.0,0.0,0.0,0.0,0.0,0.0,0.0,0.0,0.0,0.0,0.0,0.0,0.0,0.0,0.0,0.0,0.0,0.0,0.0,0.0,0.0,0.0,0.0,0.528,0.5172
128,0.001,3,10,100,32,16,256,184,440338,73,30,VicregLoss,gru,/home/dpetrovitch/dzagcoffee/train_trace/gender/checkpoints_2025-10-08 10:26:11.109161_VicregLoss_gru_catboost/model_128_0.001_3_10_100_256_32_16_256_VicregLoss_gruepoch=11.ckpt,11,30,0.060551155,24.8609,1.6711,0.0004,3.8648,1.7667,1.7931,0.4802,524.0719,26.7219,43.7447,2.2305,33.9685,1.732,30.9769,1.5795,28.4757,1.4519,27.1195,1.3828,25.4166,1.296,26.9767,5.4675,2.2518,0.4564,1.7485,0.3544,1.5945,0.3232,1.4658,0.2971,1.396,0.2829,1.3083,0.2652,0.0,0.0,0.0,0.0,0.0,0.0,0.0,0.0,0.0,0.0,0.0,0.0,0.0,0.0,0.0,0.0,0.0,0.0,0.0,0.0,0.0,0.0,0.0,0.0,0.0,0.0,0.0,0.0,0.0,0.0,0.0,0.0,0.0,0.0,0.0,0.54,0.5436
128,0.001,3,10,100,32,16,256,184,440338,73,30,VicregLoss,gru,/home/dpetrovitch/dzagcoffee/train_trace/gender/checkpoints_2025-10-08 10:26:11.109161_VicregLoss_gru_catboost/model_128_0.001_3_10_100_256_32_16_256_VicregLoss_gruepoch=12.ckpt,12,30,0.05501302,21.8253,1.6656,0.0003,3.9516,1.3065,1.3036,0.5909,497.9625,25.6913,38.4821,1.9854,28.0596,1.4477,25.8011,1.3311,24.0968,1.2432,23.2364,1.1988,22.1351,1.142,24.4637,6.525,1.8905,0.5042,1.3785,0.3677,1.2675,0.3381,1.1838,0.3157,1.1415,0.3045,1.0874,0.29,0.0,0.0,0.0,0.0,0.0,0.0,0.0,0.0,0.0,0.0,0.0,0.0,0.0,0.0,0.0,0.0,0.0,0.0,0.0,0.0,0.0,0.0,0.0,0.0,0.0,0.0,0.0,0.0,0.0,0.0,0.0,0.0,0.0,0.0,0.0,0.54,0.5274
128,0.001,3,10,100,32,16,256,184,440338,73,30,VicregLoss,gru,/home/dpetrovitch/dzagcoffee/train_trace/gender/checkpoints_2025-10-08 10:26:11.109161_VicregLoss_gru_catboost/model_128_0.001_3_10_100_256_32_16_256_VicregLoss_gruepoch=13.ckpt,13,30,0.061994586,23.1142,1.6741,0.0004,3.9004,1.5819,1.5807,0.5048,501.8,25.8151,39.9062,2.053,30.8824,1.5887,28.3725,1.4596,26.311,1.3536,25.1933,1.2961,23.8449,1.2267,21.6383,6.3286,1.7208,0.5033,1.3317,0.3895,1.2235,0.3578,1.1346,0.3318,1.0864,0.3177,1.0282,0.3007,0.0,0.0,0.0,0.0,0.0,0.0,0.0,0.0,0.0,0.0,0.0,0.0,0.0,0.0,0.0,0.0,0.0,0.0,0.0,0.0,0.0,0.0,0.0,0.0,0.0,0.0,0.0,0.0,0.0,0.0,0.0,0.0,0.0,0.0,0.0,0.504,0.4579
128,0.001,3,10,100,32,16,256,184,440338,73,30,VicregLoss,gru,/home/dpetrovitch/dzagcoffee/train_trace/gender/checkpoints_2025-10-08 10:26:11.109161_VicregLoss_gru_catboost/model_128_0.001_3_10_100_256_32_16_256_VicregLoss_gruepoch=14.ckpt,14,30,0.053329736,23.4365,1.6684,0.0004,3.8296,1.8131,1.7992,0.4793,512.9237,26.1677,40.6451,2.0736,32.3401,1.6499,29.8289,1.5218,27.6026,1.4082,26.3991,1.3468,24.8335,1.2669,25.2983,4.9602,2.0047,0.3931,1.5951,0.3127,1.4712,0.2885,1.3614,0.2669,1.3021,0.2553,1.2248,0.2402,0.0,0.0,0.0,0.0,0.0,0.0,0.0,0.0,0.0,0.0,0.0,0.0,0.0,0.0,0.0,0.0,0.0,0.0,0.0,0.0,0.0,0.0,0.0,0.0,0.0,0.0,0.0,0.0,0.0,0.0,0.0,0.0,0.0,0.0,0.0,0.508,0.4848
128,0.001,3,10,100,32,16,256,184,440338,73,30,VicregLoss,gru,/home/dpetrovitch/dzagcoffee/train_trace/gender/checkpoints_2025-10-08 10:26:11.109161_VicregLoss_gru_catboost/model_128_0.001_3_10_100_256_32_16_256_VicregLoss_gruepoch=15.ckpt,15,30,0.059141994,23.6545,1.6682,0.0004,3.8504,1.6564,1.6522,0.49,508.822,25.9308,41.5659,2.1183,32.9346,1.6784,30.3328,1.5458,27.9844,1.4262,26.6685,1.3591,25.0465,1.2764,25.7433,4.4605,2.103,0.3644,1.6663,0.2887,1.5347,0.2659,1.4158,0.2453,1.3493,0.2338,1.2672,0.2196,0.0,0.0,0.0,0.0,0.0,0.0,0.0,0.0,0.0,0.0,0.0,0.0,0.0,0.0,0.0,0.0,0.0,0.0,0.0,0.0,0.0,0.0,0.0,0.0,0.0,0.0,0.0,0.0,0.0,0.0,0.0,0.0,0.0,0.0,0.0,0.536,0.5077
128,0.001,3,10,100,32,16,256,184,440338,73,30,VicregLoss,gru,/home/dpetrovitch/dzagcoffee/train_trace/gender/checkpoints_2025-10-08 10:26:11.109161_VicregLoss_gru_catboost/model_128_0.001_3_10_100_256_32_16_256_VicregLoss_gruepoch=16.ckpt,16,30,0.059557464,22.7401,1.6752,0.0004,3.8768,1.6573,1.6711,0.4939,498.0274,25.567,39.3216,2.0186,31.111,1.5971,28.6578,1.4712,26.5378,1.3624,25.4007,1.304,23.9893,1.2315,22.9986,6.3476,1.8158,0.5012,1.4367,0.3965,1.3234,0.3653,1.2255,0.3382,1.173,0.3237,1.1078,0.3058,0.0,0.0,0.0,0.0,0.0,0.0,0.0,0.0,0.0,0.0,0.0,0.0,0.0,0.0,0.0,0.0,0.0,0.0,0.0,0.0,0.0,0.0,0.0,0.0,0.0,0.0,0.0,0.0,0.0,0.0,0.0,0.0,0.0,0.0,0.0,0.508,0.4816
128,0.001,3,10,100,32,16,256,184,440338,73,30,VicregLoss,gru,/home/dpetrovitch/dzagcoffee/train_trace/gender/checkpoints_2025-10-08 10:26:11.109161_VicregLoss_gru_catboost/model_128_0.001_3_10_100_256_32_16_256_VicregLoss_gruepoch=17.ckpt,17,30,0.061459187,23.1018,1.6704,0.0004,3.8492,1.7132,1.7131,0.4831,501.0517,25.5561,40.9543,2.0889,32.4372,1.6545,29.7757,1.5187,27.5048,1.4029,26.2534,1.3391,24.6772,1.2587,23.468,4.9552,1.9182,0.405,1.5193,0.3208,1.3946,0.2945,1.2883,0.272,1.2296,0.2596,1.1558,0.244,0.0,0.0,0.0,0.0,0.0,0.0,0.0,0.0,0.0,0.0,0.0,0.0,0.0,0.0,0.0,0.0,0.0,0.0,0.0,0.0,0.0,0.0,0.0,0.0,0.0,0.0,0.0,0.0,0.0,0.0,0.0,0.0,0.0,0.0,0.0,0.536,0.5022
128,0.001,3,10,100,32,16,256,184,440338,73,30,VicregLoss,gru,/home/dpetrovitch/dzagcoffee/train_trace/gender/checkpoints_2025-10-08 10:26:11.109161_VicregLoss_gru_catboost/model_128_0.001_3_10_100_256_32_16_256_VicregLoss_gruepoch=18.ckpt,18,30,0.057313085,21.0882,1.6706,0.0003,3.8505,1.6643,1.6652,0.4911,476.3821,24.5081,35.711,1.8372,28.1443,1.4479,26.0815,1.3418,24.3252,1.2514,23.3796,1.2028,22.1943,1.1418,22.9082,6.9365,1.7173,0.52,1.3534,0.4098,1.2542,0.3798,1.1697,0.3542,1.1243,0.3404,1.0673,0.3232,0.0,0.0,0.0,0.0,0.0,0.0,0.0,0.0,0.0,0.0,0.0,0.0,0.0,0.0,0.0,0.0,0.0,0.0,0.0,0.0,0.0,0.0,0.0,0.0,0.0,0.0,0.0,0.0,0.0,0.0,0.0,0.0,0.0,0.0,0.0,0.548,0.4957
128,0.001,3,10,100,32,16,256,184,440338,73,30,VicregLoss,gru,/home/dpetrovitch/dzagcoffee/train_trace/gender/checkpoints_2025-10-08 10:26:11.109161_VicregLoss_gru_catboost/model_128_0.001_3_10_100_256_32_16_256_VicregLoss_gruepoch=19.ckpt,19,30,0.059994344,21.9263,1.6704,0.0004,3.845,1.7782,1.7826,0.4808,485.3926,24.8609,39.3,2.0129,31.3798,1.6072,28.9114,1.4808,26.7511,1.3701,25.5141,1.3068,23.9192,1.2251,23.6251,4.9862,1.9128,0.4037,1.5273,0.3224,1.4072,0.297,1.302,0.2748,1.2418,0.2621,1.1642,0.2457,0.0,0.0,0.0,0.0,0.0,0.0,0.0,0.0,0.0,0.0,0.0,0.0,0.0,0.0,0.0,0.0,0.0,0.0,0.0,0.0,0.0,0.0,0.0,0.0,0.0,0.0,0.0,0.0,0.0,0.0,0.0,0.0,0.0,0.0,0.0,0.496,0.488
128,0.001,3,10,100,32,16,256,184,440338,73,30,VicregLoss,gru,/home/dpetrovitch/dzagcoffee/train_trace/gender/checkpoints_2025-10-08 10:26:11.109161_VicregLoss_gru_catboost/model_128_0.001_3_10_100_256_32_16_256_VicregLoss_gruepoch=20.ckpt,20,30,0.06034985,20.9891,1.6698,0.0004,3.847,1.6333,1.6391,0.4998,473.6472,24.2985,37.6498,1.9315,29.5817,1.5176,27.2557,1.3982,25.2407,1.2949,24.1196,1.2374,22.7444,1.1668,19.9502,4.988,1.5858,0.3965,1.246,0.3115,1.148,0.287,1.0631,0.2658,1.0159,0.254,0.958,0.2395,0.0,0.0,0.0,0.0,0.0,0.0,0.0,0.0,0.0,0.0,0.0,0.0,0.0,0.0,0.0,0.0,0.0,0.0,0.0,0.0,0.0,0.0,0.0,0.0,0.0,0.0,0.0,0.0,0.0,0.0,0.0,0.0,0.0,0.0,0.0,0.524,0.5104
128,0.001,3,10,100,32,16,256,184,440338,73,30,VicregLoss,gru,/home/dpetrovitch/dzagcoffee/train_trace/gender/checkpoints_2025-10-08 10:26:11.109161_VicregLoss_gru_catboost/model_128_0.001_3_10_100_256_32_16_256_VicregLoss_gruepoch=21.ckpt,21,30,0.056182325,21.0426,1.6685,0.0004,3.8364,1.6973,1.6955,0.4919,466.4794,23.9582,36.8021,1.8901,29.1156,1.4954,26.9186,1.3825,25.0106,1.2845,23.9249,1.2288,22.547,1.158,20.9376,5.56,1.6518,0.4386,1.3068,0.347,1.2082,0.3208,1.1226,0.2981,1.0738,0.2852,1.012,0.2687,0.0,0.0,0.0,0.0,0.0,0.0,0.0,0.0,0.0,0.0,0.0,0.0,0.0,0.0,0.0,0.0,0.0,0.0,0.0,0.0,0.0,0.0,0.0,0.0,0.0,0.0,0.0,0.0,0.0,0.0,0.0,0.0,0.0,0.0,0.0,0.516,0.4908
128,0.001,3,10,100,32,16,256,184,440338,73,30,VicregLoss,gru,/home/dpetrovitch/dzagcoffee/train_trace/gender/checkpoints_2025-10-08 10:26:11.109161_VicregLoss_gru_catboost/model_128_0.001_3_10_100_256_32_16_256_VicregLoss_gruepoch=22.ckpt,22,30,0.063168176,21.3225,1.6694,0.0004,3.8467,1.7316,1.7285,0.4876,467.5576,23.897,38.8057,1.9834,30.598,1.5639,28.1069,1.4366,25.9649,1.3271,24.7664,1.2658,23.3179,1.1918,22.0011,5.57,1.826,0.4623,1.4398,0.3645,1.3226,0.3348,1.2218,0.3093,1.1654,0.295,1.0972,0.2778,0.0,0.0,0.0,0.0,0.0,0.0,0.0,0.0,0.0,0.0,0.0,0.0,0.0,0.0,0.0,0.0,0.0,0.0,0.0,0.0,0.0,0.0,0.0,0.0,0.0,0.0,0.0,0.0,0.0,0.0,0.0,0.0,0.0,0.0,0.0,0.512,0.4797
128,0.001,3,10,100,32,16,256,184,440338,73,30,VicregLoss,gru,/home/dpetrovitch/dzagcoffee/train_trace/gender/checkpoints_2025-10-08 10:26:11.109161_VicregLoss_gru_catboost/model_128_0.001_3_10_100_256_32_16_256_VicregLoss_gruepoch=23.ckpt,23,30,0.056460734,20.6545,1.656,0.0004,3.8325,1.6949,1.6951,0.4912,460.7065,23.5358,38.0957,1.9462,29.924,1.5287,27.4913,1.4044,25.4654,1.3009,24.327,1.2428,22.8905,1.1694,20.6199,5.0033,1.7051,0.4137,1.3393,0.325,1.2304,0.2986,1.1398,0.2766,1.0888,0.2642,1.0245,0.2486,0.0,0.0,0.0,0.0,0.0,0.0,0.0,0.0,0.0,0.0,0.0,0.0,0.0,0.0,0.0,0.0,0.0,0.0,0.0,0.0,0.0,0.0,0.0,0.0,0.0,0.0,0.0,0.0,0.0,0.0,0.0,0.0,0.0,0.0,0.0,0.528,0.5051
128,0.001,3,10,100,32,16,256,184,440338,73,30,VicregLoss,gru,/home/dpetrovitch/dzagcoffee/train_trace/gender/checkpoints_2025-10-08 10:26:11.109161_VicregLoss_gru_catboost/model_128_0.001_3_10_100_256_32_16_256_VicregLoss_gruepoch=24.ckpt,24,30,0.059921533,20.4799,1.6664,0.0004,3.8627,1.7099,1.7214,0.4905,455.1765,23.2886,37.9148,1.9399,29.7302,1.5211,27.3405,1.3988,25.333,1.2961,24.2113,1.2387,22.8155,1.1673,22.008,4.9754,1.8332,0.4144,1.4375,0.325,1.3219,0.2989,1.2249,0.2769,1.1706,0.2646,1.1031,0.2494,0.0,0.0,0.0,0.0,0.0,0.0,0.0,0.0,0.0,0.0,0.0,0.0,0.0,0.0,0.0,0.0,0.0,0.0,0.0,0.0,0.0,0.0,0.0,0.0,0.0,0.0,0.0,0.0,0.0,0.0,0.0,0.0,0.0,0.0,0.0,0.548,0.5227
128,0.001,3,10,100,32,16,256,184,440338,73,30,VicregLoss,gru,/home/dpetrovitch/dzagcoffee/train_trace/gender/checkpoints_2025-10-08 10:26:11.109161_VicregLoss_gru_catboost/model_128_0.001_3_10_100_256_32_16_256_VicregLoss_gruepoch=25.ckpt,25,30,0.06457306,20.4985,1.6673,0.0003,3.8569,1.7436,1.7442,0.4841,451.3764,23.0998,38.0452,1.947,29.8312,1.5267,27.3838,1.4014,25.3026,1.2949,24.1598,1.2364,22.7385,1.1637,23.2617,5.197,1.9607,0.438,1.5374,0.3435,1.4112,0.3153,1.304,0.2913,1.2451,0.2782,1.1718,0.2618,0.0,0.0,0.0,0.0,0.0,0.0,0.0,0.0,0.0,0.0,0.0,0.0,0.0,0.0,0.0,0.0,0.0,0.0,0.0,0.0,0.0,0.0,0.0,0.0,0.0,0.0,0.0,0.0,0.0,0.0,0.0,0.0,0.0,0.0,0.0,0.508,0.5151
128,0.001,3,10,100,32,16,256,184,440338,73,30,VicregLoss,gru,/home/dpetrovitch/dzagcoffee/train_trace/gender/checkpoints_2025-10-08 10:26:11.109161_VicregLoss_gru_catboost/model_128_0.001_3_10_100_256_32_16_256_VicregLoss_gruepoch=26.ckpt,26,30,0.05799411,20.1733,1.6612,0.0003,3.8816,1.685,1.6965,0.4895,447.4394,22.9535,38.5143,1.9758,29.9183,1.5348,27.2861,1.3998,25.1184,1.2886,23.9515,1.2287,22.5105,1.1548,24.8568,4.9178,2.1396,0.4233,1.6621,0.3288,1.5158,0.2999,1.3954,0.2761,1.3306,0.2632,1.2505,0.2474,0.0,0.0,0.0,0.0,0.0,0.0,0.0,0.0,0.0,0.0,0.0,0.0,0.0,0.0,0.0,0.0,0.0,0.0,0.0,0.0,0.0,0.0,0.0,0.0,0.0,0.0,0.0,0.0,0.0,0.0,0.0,0.0,0.0,0.0,0.0,0.512,0.4991
128,0.001,3,10,100,32,16,256,184,440338,73,30,VicregLoss,gru,/home/dpetrovitch/dzagcoffee/train_trace/gender/checkpoints_2025-10-08 10:26:11.109161_VicregLoss_gru_catboost/model_128_0.001_3_10_100_256_32_16_256_VicregLoss_gruepoch=27.ckpt,27,30,0.057518676,20.0216,1.6636,0.0004,3.8534,1.9154,1.9415,0.4785,443.5456,22.7715,38.0992,1.956,29.9839,1.5394,27.4952,1.4116,25.3771,1.3029,24.2044,1.2426,22.7117,1.166,24.6785,4.6684,2.1198,0.401,1.6683,0.3156,1.5298,0.2894,1.412,0.2671,1.3467,0.2548,1.2637,0.239,0.0,0.0,0.0,0.0,0.0,0.0,0.0,0.0,0.0,0.0,0.0,0.0,0.0,0.0,0.0,0.0,0.0,0.0,0.0,0.0,0.0,0.0,0.0,0.0,0.0,0.0,0.0,0.0,0.0,0.0,0.0,0.0,0.0,0.0,0.0,0.528,0.4802
128,0.001,3,10,100,32,16,256,184,440338,73,30,VicregLoss,gru,/home/dpetrovitch/dzagcoffee/train_trace/gender/checkpoints_2025-10-08 10:26:11.109161_VicregLoss_gru_catboost/model_128_0.001_3_10_100_256_32_16_256_VicregLoss_gruepoch=28.ckpt,28,30,0.060101423,19.8086,1.6611,0.0004,3.8401,1.8063,1.8051,0.4846,441.979,22.5568,36.5599,1.8659,28.8599,1.4729,26.644,1.3598,24.697,1.2604,23.6129,1.2051,22.2811,1.1371,22.107,5.8709,1.8287,0.4856,1.4435,0.3834,1.3327,0.3539,1.2353,0.3281,1.1811,0.3137,1.1145,0.296,0.0,0.0,0.0,0.0,0.0,0.0,0.0,0.0,0.0,0.0,0.0,0.0,0.0,0.0,0.0,0.0,0.0,0.0,0.0,0.0,0.0,0.0,0.0,0.0,0.0,0.0,0.0,0.0,0.0,0.0,0.0,0.0,0.0,0.0,0.0,0.52,0.5228
128,0.001,3,10,100,32,16,256,184,440338,73,30,VicregLoss,gru,/home/dpetrovitch/dzagcoffee/train_trace/gender/checkpoints_2025-10-08 10:26:11.109161_VicregLoss_gru_catboost/model_128_0.001_3_10_100_256_32_16_256_VicregLoss_gruepoch=29.ckpt,29,30,0.06438888,19.4557,1.6481,0.0004,3.8312,1.8005,1.8001,0.4858,439.3408,22.4306,35.9014,1.833,28.5464,1.4574,26.4611,1.351,24.6119,1.2566,23.5872,1.2043,22.2319,1.1351,21.0669,5.8008,1.7215,0.474,1.3688,0.3769,1.2688,0.3494,1.1802,0.325,1.131,0.3114,1.066,0.2935,0.0,0.0,0.0,0.0,0.0,0.0,0.0,0.0,0.0,0.0,0.0,0.0,0.0,0.0,0.0,0.0,0.0,0.0,0.0,0.0,0.0,0.0,0.0,0.0,0.0,0.0,0.0,0.0,0.0,0.0,0.0,0.0,0.0,0.0,0.0,0.528,0.4725
128,0.005,3,10,100,32,16,256,184,440338,73,30,VicregLoss,gru,/home/dpetrovitch/dzagcoffee/train_trace/gender/checkpoints_2025-10-08 10:26:11.109161_VicregLoss_gru_catboost/model_128_0.005_3_10_100_256_32_16_256_VicregLoss_gruepoch=00.ckpt,0,30,0.024426913,30.1311,1.6795,1e-04,5.3896,1.065,1.0636,0.85,612.421,41.3411,42.9181,2.8972,22.3725,1.5102,21.9168,1.4795,21.4607,1.4487,21.2411,1.4339,20.5898,1.3899,20.5375,2.5308,1.4393,0.1774,0.7503,0.0925,0.735,0.0906,0.7197,0.0887,0.7123,0.0878,0.6905,0.0851,0.0,0.0,0.0,0.0,0.0,0.0,0.0,0.0,0.0,0.0,0.0,0.0,0.0,0.0,0.0,0.0,0.0,0.0,0.0,0.0,0.0,0.0,0.0,0.0,0.0,0.0,0.0,0.0,0.0,0.0,0.0,0.0,0.0,0.0,0.0,0.584,0.5939
128,0.005,3,10,100,32,16,256,184,440338,73,30,VicregLoss,gru,/home/dpetrovitch/dzagcoffee/train_trace/gender/checkpoints_2025-10-08 10:26:11.109161_VicregLoss_gru_catboost/model_128_0.005_3_10_100_256_32_16_256_VicregLoss_gruepoch=01.ckpt,1,30,0.03423537,93.9195,1.636,0.0008,3.8575,1.4634,1.4305,0.4499,2005.647,103.9487,113.4294,5.8788,80.9413,4.195,76.2351,3.9511,72.4908,3.7571,70.3147,3.6443,68.2021,3.5348,74.1654,7.4555,4.1944,0.4216,2.9931,0.3009,2.819,0.2834,2.6806,0.2695,2.6001,0.2614,2.522,0.2535,0.0,0.0,0.0,0.0,0.0,0.0,0.0,0.0,0.0,0.0,0.0,0.0,0.0,0.0,0.0,0.0,0.0,0.0,0.0,0.0,0.0,0.0,0.0,0.0,0.0,0.0,0.0,0.0,0.0,0.0,0.0,0.0,0.0,0.0,0.0,0.552,0.5338
128,0.005,3,10,100,32,16,256,184,440338,73,30,VicregLoss,gru,/home/dpetrovitch/dzagcoffee/train_trace/gender/checkpoints_2025-10-08 10:26:11.109161_VicregLoss_gru_catboost/model_128_0.005_3_10_100_256_32_16_256_VicregLoss_gruepoch=02.ckpt,2,30,0.03533614,96.6546,1.6395,0.001,3.779,1.3619,1.3597,0.5183,1982.5348,106.5928,108.194,5.8171,75.0587,4.0356,71.3733,3.8375,68.5728,3.6869,67.3206,3.6196,65.6933,3.5321,48.6528,6.5064,2.6552,0.3551,1.842,0.2463,1.7516,0.2342,1.6828,0.225,1.6521,0.2209,1.6122,0.2156,0.0,0.0,0.0,0.0,0.0,0.0,0.0,0.0,0.0,0.0,0.0,0.0,0.0,0.0,0.0,0.0,0.0,0.0,0.0,0.0,0.0,0.0,0.0,0.0,0.0,0.0,0.0,0.0,0.0,0.0,0.0,0.0,0.0,0.0,0.0,0.548,0.5156
128,0.005,3,10,100,32,16,256,184,440338,73,30,VicregLoss,gru,/home/dpetrovitch/dzagcoffee/train_trace/gender/checkpoints_2025-10-08 10:26:11.109161_VicregLoss_gru_catboost/model_128_0.005_3_10_100_256_32_16_256_VicregLoss_gruepoch=03.ckpt,3,30,0.04102419,107.8652,1.5963,0.0014,3.5464,1.4382,1.4298,0.4586,2153.3125,117.7918,107.7761,5.8956,83.3163,4.5576,77.8672,4.2595,74.1084,4.0539,72.5297,3.9676,70.4449,3.8535,54.3697,7.9958,2.7213,0.4002,2.1037,0.3094,1.9661,0.2891,1.8712,0.2752,1.8313,0.2693,1.7787,0.2616,0.0,0.0,0.0,0.0,0.0,0.0,0.0,0.0,0.0,0.0,0.0,0.0,0.0,0.0,0.0,0.0,0.0,0.0,0.0,0.0,0.0,0.0,0.0,0.0,0.0,0.0,0.0,0.0,0.0,0.0,0.0,0.0,0.0,0.0,0.0,0.516,0.4693
128,0.005,3,10,100,32,16,256,184,440338,73,30,VicregLoss,gru,/home/dpetrovitch/dzagcoffee/train_trace/gender/checkpoints_2025-10-08 10:26:11.109161_VicregLoss_gru_catboost/model_128_0.005_3_10_100_256_32_16_256_VicregLoss_gruepoch=04.ckpt,4,30,0.038625617,93.1713,1.6712,0.0005,3.8428,1.2821,1.2772,0.5913,1785.9944,97.7562,87.6327,4.7966,64.4692,3.5287,61.9725,3.3921,60.3001,3.3005,59.4627,3.2547,58.3553,3.1941,41.7552,6.8993,2.0488,0.3385,1.5072,0.249,1.4489,0.2394,1.4098,0.2329,1.3902,0.2297,1.3643,0.2254,0.0,0.0,0.0,0.0,0.0,0.0,0.0,0.0,0.0,0.0,0.0,0.0,0.0,0.0,0.0,0.0,0.0,0.0,0.0,0.0,0.0,0.0,0.0,0.0,0.0,0.0,0.0,0.0,0.0,0.0,0.0,0.0,0.0,0.0,0.0,0.472,0.4893
128,0.005,3,10,100,32,16,256,184,440338,73,30,VicregLoss,gru,/home/dpetrovitch/dzagcoffee/train_trace/gender/checkpoints_2025-10-08 10:26:11.109161_VicregLoss_gru_catboost/model_128_0.005_3_10_100_256_32_16_256_VicregLoss_gruepoch=05.ckpt,5,30,0.044120923,83.6151,1.6779,0.0002,4.5757,1.2285,1.2636,0.6528,1721.0059,95.4635,149.3318,8.2834,61.4307,3.4075,59.0598,3.276,57.6759,3.1993,56.9827,3.1608,56.0726,3.1103,33.8466,4.3457,2.9369,0.3771,1.2081,0.1551,1.1615,0.1491,1.1343,0.1456,1.1207,0.1439,1.1028,0.1416,0.0,0.0,0.0,0.0,0.0,0.0,0.0,0.0,0.0,0.0,0.0,0.0,0.0,0.0,0.0,0.0,0.0,0.0,0.0,0.0,0.0,0.0,0.0,0.0,0.0,0.0,0.0,0.0,0.0,0.0,0.0,0.0,0.0,0.0,0.0,0.564,0.5252
128,0.005,3,10,100,32,16,256,184,440338,73,30,VicregLoss,gru,/home/dpetrovitch/dzagcoffee/train_trace/gender/checkpoints_2025-10-08 10:26:11.109161_VicregLoss_gru_catboost/model_128_0.005_3_10_100_256_32_16_256_VicregLoss_gruepoch=06.ckpt,6,30,0.040497363,76.9183,1.6789,1e-04,4.9263,1.1781,1.2169,0.7098,1576.5532,88.8453,154.248,8.6925,54.6346,3.0789,52.9925,2.9863,52.1239,2.9374,51.64,2.9101,50.9853,2.8732,30.1999,5.0237,2.9547,0.4915,1.0466,0.1741,1.0151,0.1689,0.9985,0.1661,0.9892,0.1646,0.9767,0.1625,0.0,0.0,0.0,0.0,0.0,0.0,0.0,0.0,0.0,0.0,0.0,0.0,0.0,0.0,0.0,0.0,0.0,0.0,0.0,0.0,0.0,0.0,0.0,0.0,0.0,0.0,0.0,0.0,0.0,0.0,0.0,0.0,0.0,0.0,0.0,0.512,0.4428
128,0.005,3,10,100,32,16,256,184,440338,73,30,VicregLoss,gru,/home/dpetrovitch/dzagcoffee/train_trace/gender/checkpoints_2025-10-08 10:26:11.109161_VicregLoss_gru_catboost/model_128_0.005_3_10_100_256_32_16_256_VicregLoss_gruepoch=07.ckpt,7,30,0.039315205,65.188,1.6794,1e-04,4.8873,1.1299,1.1367,0.7749,1312.1306,75.3058,118.7076,6.8129,44.0125,2.526,43.2458,2.482,42.7446,2.4532,42.461,2.4369,42.0238,2.4118,25.4728,3.081,2.3045,0.2787,0.8544,0.1033,0.8395,0.1015,0.8298,0.1004,0.8243,0.0997,0.8158,0.0987,0.0,0.0,0.0,0.0,0.0,0.0,0.0,0.0,0.0,0.0,0.0,0.0,0.0,0.0,0.0,0.0,0.0,0.0,0.0,0.0,0.0,0.0,0.0,0.0,0.0,0.0,0.0,0.0,0.0,0.0,0.0,0.0,0.0,0.0,0.0,0.556,0.5086
128,0.005,3,10,100,32,16,256,184,440338,73,30,VicregLoss,gru,/home/dpetrovitch/dzagcoffee/train_trace/gender/checkpoints_2025-10-08 10:26:11.109161_VicregLoss_gru_catboost/model_128_0.005_3_10_100_256_32_16_256_VicregLoss_gruepoch=08.ckpt,8,30,0.04275459,60.2436,1.6793,1e-04,5.2196,1.1103,1.1214,0.8014,1184.2025,73.7523,121.606,7.5736,39.3268,2.4493,38.5422,2.4004,38.1524,2.3761,37.9469,2.3633,37.6823,2.3469,13.1935,1.8691,1.3548,0.1919,0.4382,0.0621,0.4294,0.0608,0.4251,0.0602,0.4228,0.0599,0.4198,0.0595,0.0,0.0,0.0,0.0,0.0,0.0,0.0,0.0,0.0,0.0,0.0,0.0,0.0,0.0,0.0,0.0,0.0,0.0,0.0,0.0,0.0,0.0,0.0,0.0,0.0,0.0,0.0,0.0,0.0,0.0,0.0,0.0,0.0,0.0,0.0,0.536,0.527
128,0.005,3,10,100,32,16,256,184,440338,73,30,VicregLoss,gru,/home/dpetrovitch/dzagcoffee/train_trace/gender/checkpoints_2025-10-08 10:26:11.109161_VicregLoss_gru_catboost/model_128_0.005_3_10_100_256_32_16_256_VicregLoss_gruepoch=09.ckpt,9,30,0.042000756,64.0412,1.6794,1e-04,5.1068,1.115,1.1376,0.7942,1271.259,78.3457,146.9112,9.0539,42.684,2.6305,41.5598,2.5613,41.0251,2.5283,40.7596,2.512,40.4534,2.4931,18.7732,3.6297,2.1695,0.4195,0.6303,0.1219,0.6137,0.1187,0.6058,0.1171,0.6019,0.1164,0.5974,0.1155,0.0,0.0,0.0,0.0,0.0,0.0,0.0,0.0,0.0,0.0,0.0,0.0,0.0,0.0,0.0,0.0,0.0,0.0,0.0,0.0,0.0,0.0,0.0,0.0,0.0,0.0,0.0,0.0,0.0,0.0,0.0,0.0,0.0,0.0,0.0,0.552,0.5148
128,0.005,3,10,100,32,16,256,184,440338,73,30,VicregLoss,gru,/home/dpetrovitch/dzagcoffee/train_trace/gender/checkpoints_2025-10-08 10:26:11.109161_VicregLoss_gru_catboost/model_128_0.005_3_10_100_256_32_16_256_VicregLoss_gruepoch=10.ckpt,10,30,0.045620035,61.8991,1.6789,1e-04,4.9572,1.1044,1.1105,0.811,1180.2792,72.8424,111.2447,6.8656,39.133,2.4151,38.3995,2.3699,38.0194,2.3464,37.8167,2.3339,37.5552,2.3178,15.5622,2.8091,1.4668,0.2648,0.516,0.0931,0.5063,0.0914,0.5013,0.0905,0.4986,0.09,0.4952,0.0894,0.0,0.0,0.0,0.0,0.0,0.0,0.0,0.0,0.0,0.0,0.0,0.0,0.0,0.0,0.0,0.0,0.0,0.0,0.0,0.0,0.0,0.0,0.0,0.0,0.0,0.0,0.0,0.0,0.0,0.0,0.0,0.0,0.0,0.0,0.0,0.54,0.514
128,0.005,3,10,100,32,16,256,184,440338,73,30,VicregLoss,gru,/home/dpetrovitch/dzagcoffee/train_trace/gender/checkpoints_2025-10-08 10:26:11.109161_VicregLoss_gru_catboost/model_128_0.005_3_10_100_256_32_16_256_VicregLoss_gruepoch=11.ckpt,11,30,0.046613727,65.4097,1.6796,0.0,5.1241,1.1155,1.1292,0.7925,1285.5934,78.3902,139.9254,8.5321,43.2462,2.637,42.1543,2.5704,41.5376,2.5328,41.2648,2.5162,40.9663,2.498,21.0528,2.8411,2.2914,0.3092,0.7082,0.0956,0.6903,0.0932,0.6802,0.0918,0.6757,0.0912,0.6709,0.0905,0.0,0.0,0.0,0.0,0.0,0.0,0.0,0.0,0.0,0.0,0.0,0.0,0.0,0.0,0.0,0.0,0.0,0.0,0.0,0.0,0.0,0.0,0.0,0.0,0.0,0.0,0.0,0.0,0.0,0.0,0.0,0.0,0.0,0.0,0.0,0.528,0.5185
128,0.005,3,10,100,32,16,256,184,440338,73,30,VicregLoss,gru,/home/dpetrovitch/dzagcoffee/train_trace/gender/checkpoints_2025-10-08 10:26:11.109161_VicregLoss_gru_catboost/model_128_0.005_3_10_100_256_32_16_256_VicregLoss_gruepoch=12.ckpt,12,30,0.04279742,110.7721,1.6751,0.0003,4.2314,1.4888,1.8064,0.4435,2654.704,134.56,204.815,10.3815,154.0641,7.8091,106.6948,5.4081,95.9694,4.8644,93.1684,4.7225,90.0036,4.5621,95.589,7.531,7.3749,0.581,5.5475,0.4371,3.8418,0.3027,3.4556,0.2723,3.3548,0.2643,3.2408,0.2553,0.0,0.0,0.0,0.0,0.0,0.0,0.0,0.0,0.0,0.0,0.0,0.0,0.0,0.0,0.0,0.0,0.0,0.0,0.0,0.0,0.0,0.0,0.0,0.0,0.0,0.0,0.0,0.0,0.0,0.0,0.0,0.0,0.0,0.0,0.0,0.56,0.517
128,0.005,3,10,100,32,16,256,184,440338,73,30,VicregLoss,gru,/home/dpetrovitch/dzagcoffee/train_trace/gender/checkpoints_2025-10-08 10:26:11.109161_VicregLoss_gru_catboost/model_128_0.005_3_10_100_256_32_16_256_VicregLoss_gruepoch=13.ckpt,13,30,0.040150423,129.5017,1.6016,0.0017,3.3305,1.6413,1.6186,0.3621,2868.278,148.767,155.7739,8.0794,114.9973,5.9645,106.7277,5.5356,102.1555,5.2984,99.5192,5.1617,96.6727,5.0141,86.3999,9.0324,4.6923,0.4905,3.464,0.3621,3.2149,0.3361,3.0772,0.3217,2.9978,0.3134,2.912,0.3044,0.0,0.0,0.0,0.0,0.0,0.0,0.0,0.0,0.0,0.0,0.0,0.0,0.0,0.0,0.0,0.0,0.0,0.0,0.0,0.0,0.0,0.0,0.0,0.0,0.0,0.0,0.0,0.0,0.0,0.0,0.0,0.0,0.0,0.0,0.0,0.552,0.5315
128,0.005,3,10,100,32,16,256,184,440338,73,30,VicregLoss,gru,/home/dpetrovitch/dzagcoffee/train_trace/gender/checkpoints_2025-10-08 10:26:11.109161_VicregLoss_gru_catboost/model_128_0.005_3_10_100_256_32_16_256_VicregLoss_gruepoch=14.ckpt,14,30,0.03895114,128.4267,1.6277,0.0019,3.2862,1.5597,1.542,0.3978,2759.069,144.8209,143.4285,7.5284,107.4916,5.6421,100.4625,5.2732,96.1114,5.0448,93.8383,4.9255,91.4053,4.7978,70.9868,7.7871,3.6902,0.4048,2.7656,0.3034,2.5848,0.2835,2.4728,0.2713,2.4143,0.2648,2.3517,0.258,0.0,0.0,0.0,0.0,0.0,0.0,0.0,0.0,0.0,0.0,0.0,0.0,0.0,0.0,0.0,0.0,0.0,0.0,0.0,0.0,0.0,0.0,0.0,0.0,0.0,0.0,0.0,0.0,0.0,0.0,0.0,0.0,0.0,0.0,0.0,0.524,0.4857
128,0.005,3,10,100,32,16,256,184,440338,73,30,VicregLoss,gru,/home/dpetrovitch/dzagcoffee/train_trace/gender/checkpoints_2025-10-08 10:26:11.109161_VicregLoss_gru_catboost/model_128_0.005_3_10_100_256_32_16_256_VicregLoss_gruepoch=15.ckpt,15,30,0.04385108,125.5006,1.6148,0.0017,3.3544,1.5015,1.4861,0.4287,2656.5132,141.2702,136.4469,7.2561,101.8123,5.4143,95.202,5.0627,91.2408,4.8521,89.3726,4.7527,87.2735,4.6411,62.0564,7.3618,3.1874,0.3781,2.3783,0.2821,2.2239,0.2638,2.1314,0.2529,2.0878,0.2477,2.0387,0.2419,0.0,0.0,0.0,0.0,0.0,0.0,0.0,0.0,0.0,0.0,0.0,0.0,0.0,0.0,0.0,0.0,0.0,0.0,0.0,0.0,0.0,0.0,0.0,0.0,0.0,0.0,0.0,0.0,0.0,0.0,0.0,0.0,0.0,0.0,0.0,0.504,0.4894
128,0.005,3,10,100,32,16,256,184,440338,73,30,VicregLoss,gru,/home/dpetrovitch/dzagcoffee/train_trace/gender/checkpoints_2025-10-08 10:26:11.109161_VicregLoss_gru_catboost/model_128_0.005_3_10_100_256_32_16_256_VicregLoss_gruepoch=16.ckpt,16,30,0.042206347,120.0649,1.6369,0.0014,3.4491,1.4249,1.4161,0.4758,2452.9443,132.4308,124.8981,6.7431,91.5633,4.9434,86.3173,4.6601,83.2053,4.4921,81.6945,4.4106,80.0678,4.3227,58.403,7.4721,2.9737,0.3805,2.1801,0.2789,2.0552,0.2629,1.9811,0.2535,1.9451,0.2489,1.9064,0.2439,0.0,0.0,0.0,0.0,0.0,0.0,0.0,0.0,0.0,0.0,0.0,0.0,0.0,0.0,0.0,0.0,0.0,0.0,0.0,0.0,0.0,0.0,0.0,0.0,0.0,0.0,0.0,0.0,0.0,0.0,0.0,0.0,0.0,0.0,0.0,0.528,0.483
128,0.005,3,10,100,32,16,256,184,440338,73,30,VicregLoss,gru,/home/dpetrovitch/dzagcoffee/train_trace/gender/checkpoints_2025-10-08 10:26:11.109161_VicregLoss_gru_catboost/model_128_0.005_3_10_100_256_32_16_256_VicregLoss_gruepoch=17.ckpt,17,30,0.045033235,119.2433,1.627,0.0014,3.4538,1.4046,1.3919,0.4891,2394.9504,130.2734,119.4895,6.4996,88.9247,4.8371,83.8051,4.5586,80.9386,4.4027,79.396,4.3187,77.9099,4.2379,52.2539,7.8529,2.6071,0.3918,1.9402,0.2916,1.8285,0.2748,1.7659,0.2654,1.7323,0.2603,1.6999,0.2555,0.0,0.0,0.0,0.0,0.0,0.0,0.0,0.0,0.0,0.0,0.0,0.0,0.0,0.0,0.0,0.0,0.0,0.0,0.0,0.0,0.0,0.0,0.0,0.0,0.0,0.0,0.0,0.0,0.0,0.0,0.0,0.0,0.0,0.0,0.0,0.556,0.5187
128,0.005,3,10,100,32,16,256,184,440338,73,30,VicregLoss,gru,/home/dpetrovitch/dzagcoffee/train_trace/gender/checkpoints_2025-10-08 10:26:11.109161_VicregLoss_gru_catboost/model_128_0.005_3_10_100_256_32_16_256_VicregLoss_gruepoch=18.ckpt,18,30,0.04287452,123.7958,1.6167,0.002,3.307,1.467,1.4354,0.4475,2486.5063,135.3226,121.9069,6.6345,94.604,5.1486,88.2693,4.8039,84.4254,4.5947,82.8242,4.5075,81.3216,4.4257,58.9746,8.9229,2.8914,0.4375,2.2438,0.3395,2.0936,0.3168,2.0024,0.303,1.9644,0.2972,1.9288,0.2918,0.0,0.0,0.0,0.0,0.0,0.0,0.0,0.0,0.0,0.0,0.0,0.0,0.0,0.0,0.0,0.0,0.0,0.0,0.0,0.0,0.0,0.0,0.0,0.0,0.0,0.0,0.0,0.0,0.0,0.0,0.0,0.0,0.0,0.0,0.0,0.508,0.4465
128,0.005,3,10,100,32,16,256,184,440338,73,30,VicregLoss,gru,/home/dpetrovitch/dzagcoffee/train_trace/gender/checkpoints_2025-10-08 10:26:11.109161_VicregLoss_gru_catboost/model_128_0.005_3_10_100_256_32_16_256_VicregLoss_gruepoch=19.ckpt,19,30,0.04263038,113.0472,1.6439,0.0012,3.5718,1.335,1.3267,0.5411,2219.4028,122.782,110.8484,6.1324,80.4547,4.4509,76.3214,4.2223,73.9991,4.0938,72.9374,4.0351,71.8445,3.9746,47.3881,6.8225,2.3668,0.3407,1.7178,0.2473,1.6296,0.2346,1.58,0.2275,1.5573,0.2242,1.534,0.2209,0.0,0.0,0.0,0.0,0.0,0.0,0.0,0.0,0.0,0.0,0.0,0.0,0.0,0.0,0.0,0.0,0.0,0.0,0.0,0.0,0.0,0.0,0.0,0.0,0.0,0.0,0.0,0.0,0.0,0.0,0.0,0.0,0.0,0.0,0.0,0.524,0.4412
128,0.005,3,10,100,32,16,256,184,440338,73,30,VicregLoss,gru,/home/dpetrovitch/dzagcoffee/train_trace/gender/checkpoints_2025-10-08 10:26:11.109161_VicregLoss_gru_catboost/model_128_0.005_3_10_100_256_32_16_256_VicregLoss_gruepoch=20.ckpt,20,30,0.04202217,110.1176,1.6558,0.001,3.6133,1.3088,1.3042,0.564,2130.5205,118.857,107.2436,5.9829,76.378,4.261,72.8295,4.063,70.762,3.9477,69.83,3.8957,68.826,3.8396,45.6677,6.3332,2.2988,0.3188,1.6372,0.227,1.5611,0.2165,1.5168,0.2103,1.4968,0.2076,1.4753,0.2046,0.0,0.0,0.0,0.0,0.0,0.0,0.0,0.0,0.0,0.0,0.0,0.0,0.0,0.0,0.0,0.0,0.0,0.0,0.0,0.0,0.0,0.0,0.0,0.0,0.0,0.0,0.0,0.0,0.0,0.0,0.0,0.0,0.0,0.0,0.0,0.488,0.451
128,0.005,3,10,100,32,16,256,184,440338,73,30,VicregLoss,gru,/home/dpetrovitch/dzagcoffee/train_trace/gender/checkpoints_2025-10-08 10:26:11.109161_VicregLoss_gru_catboost/model_128_0.005_3_10_100_256_32_16_256_VicregLoss_gruepoch=21.ckpt,21,30,0.039704975,108.0328,1.6476,0.0009,3.6428,1.2871,1.2838,0.584,2059.5264,115.1619,104.4784,5.8421,73.416,4.1052,70.0459,3.9167,68.1735,3.812,67.3729,3.7673,66.475,3.7171,35.9284,5.4461,1.8226,0.2763,1.2807,0.1941,1.222,0.1852,1.1893,0.1803,1.1753,0.1782,1.1597,0.1758,0.0,0.0,0.0,0.0,0.0,0.0,0.0,0.0,0.0,0.0,0.0,0.0,0.0,0.0,0.0,0.0,0.0,0.0,0.0,0.0,0.0,0.0,0.0,0.0,0.0,0.0,0.0,0.0,0.0,0.0,0.0,0.0,0.0,0.0,0.0,0.496,0.4202
128,0.005,3,10,100,32,16,256,184,440338,73,30,VicregLoss,gru,/home/dpetrovitch/dzagcoffee/train_trace/gender/checkpoints_2025-10-08 10:26:11.109161_VicregLoss_gru_catboost/model_128_0.005_3_10_100_256_32_16_256_VicregLoss_gruepoch=22.ckpt,22,30,0.040964227,106.2042,1.6569,0.0009,3.6911,1.2817,1.2807,0.5882,2022.6194,113.6005,103.4358,5.8095,71.907,4.0387,68.5559,3.8504,66.8389,3.754,66.0836,3.7116,65.2317,3.6637,43.2935,6.0998,2.214,0.3119,1.5391,0.2169,1.4674,0.2067,1.4307,0.2016,1.4145,0.1993,1.3963,0.1967,0.0,0.0,0.0,0.0,0.0,0.0,0.0,0.0,0.0,0.0,0.0,0.0,0.0,0.0,0.0,0.0,0.0,0.0,0.0,0.0,0.0,0.0,0.0,0.0,0.0,0.0,0.0,0.0,0.0,0.0,0.0,0.0,0.0,0.0,0.0,0.484,0.4424
128,0.005,3,10,100,32,16,256,184,440338,73,30,VicregLoss,gru,/home/dpetrovitch/dzagcoffee/train_trace/gender/checkpoints_2025-10-08 10:26:11.109161_VicregLoss_gru_catboost/model_128_0.005_3_10_100_256_32_16_256_VicregLoss_gruepoch=23.ckpt,23,30,0.042244896,109.3309,1.65,0.001,3.5788,1.3062,1.2992,0.5657,2069.9448,115.7962,102.1513,5.7145,74.3457,4.159,70.4454,3.9408,68.5444,3.8345,67.6204,3.7828,66.6896,3.7307,40.3466,6.7533,1.9911,0.3333,1.4491,0.2426,1.3731,0.2298,1.336,0.2236,1.318,0.2206,1.2999,0.2176,0.0,0.0,0.0,0.0,0.0,0.0,0.0,0.0,0.0,0.0,0.0,0.0,0.0,0.0,0.0,0.0,0.0,0.0,0.0,0.0,0.0,0.0,0.0,0.0,0.0,0.0,0.0,0.0,0.0,0.0,0.0,0.0,0.0,0.0,0.0,0.508,0.4504
128,0.005,3,10,100,32,16,256,184,440338,73,30,VicregLoss,gru,/home/dpetrovitch/dzagcoffee/train_trace/gender/checkpoints_2025-10-08 10:26:11.109161_VicregLoss_gru_catboost/model_128_0.005_3_10_100_256_32_16_256_VicregLoss_gruepoch=24.ckpt,24,30,0.04856685,102.7475,1.6626,0.0008,3.7543,1.2578,1.2575,0.612,1937.2365,109.5147,100.6778,5.6915,68.1455,3.8524,65.3866,3.6964,63.8872,3.6116,63.1755,3.5714,62.4358,3.5296,37.5809,5.7981,1.9531,0.3013,1.322,0.204,1.2684,0.1957,1.2394,0.1912,1.2256,0.1891,1.2112,0.1869,0.0,0.0,0.0,0.0,0.0,0.0,0.0,0.0,0.0,0.0,0.0,0.0,0.0,0.0,0.0,0.0,0.0,0.0,0.0,0.0,0.0,0.0,0.0,0.0,0.0,0.0,0.0,0.0,0.0,0.0,0.0,0.0,0.0,0.0,0.0,0.496,0.4417
128,0.005,3,10,100,32,16,256,184,440338,73,30,VicregLoss,gru,/home/dpetrovitch/dzagcoffee/train_trace/gender/checkpoints_2025-10-08 10:26:11.109161_VicregLoss_gru_catboost/model_128_0.005_3_10_100_256_32_16_256_VicregLoss_gruepoch=25.ckpt,25,30,0.04208642,100.6303,1.6667,0.0008,3.8146,1.2455,1.2469,0.6237,1905.9712,108.4133,98.7346,5.6161,66.7186,3.795,64.1629,3.6496,62.7661,3.5702,62.1626,3.5359,61.4355,3.4945,35.9036,5.1808,1.8599,0.2684,1.2568,0.1814,1.2087,0.1744,1.1823,0.1706,1.171,0.169,1.1573,0.167,0.0,0.0,0.0,0.0,0.0,0.0,0.0,0.0,0.0,0.0,0.0,0.0,0.0,0.0,0.0,0.0,0.0,0.0,0.0,0.0,0.0,0.0,0.0,0.0,0.0,0.0,0.0,0.0,0.0,0.0,0.0,0.0,0.0,0.0,0.0,0.544,0.4802
128,0.005,3,10,100,32,16,256,184,440338,73,30,VicregLoss,gru,/home/dpetrovitch/dzagcoffee/train_trace/gender/checkpoints_2025-10-08 10:26:11.109161_VicregLoss_gru_catboost/model_128_0.005_3_10_100_256_32_16_256_VicregLoss_gruepoch=26.ckpt,26,30,0.041855127,100.6583,1.6663,0.0007,3.8235,1.2466,1.2443,0.6239,1899.7222,107.897,96.7899,5.4973,66.4075,3.7717,63.9156,3.6302,62.5866,3.5547,61.9782,3.5201,61.247,3.4786,35.9347,5.9068,1.8309,0.3009,1.2561,0.2065,1.209,0.1987,1.1839,0.1946,1.1724,0.1927,1.1585,0.1904,0.0,0.0,0.0,0.0,0.0,0.0,0.0,0.0,0.0,0.0,0.0,0.0,0.0,0.0,0.0,0.0,0.0,0.0,0.0,0.0,0.0,0.0,0.0,0.0,0.0,0.0,0.0,0.0,0.0,0.0,0.0,0.0,0.0,0.0,0.0,0.552,0.4958
128,0.005,3,10,100,32,16,256,184,440338,73,30,VicregLoss,gru,/home/dpetrovitch/dzagcoffee/train_trace/gender/checkpoints_2025-10-08 10:26:11.109161_VicregLoss_gru_catboost/model_128_0.005_3_10_100_256_32_16_256_VicregLoss_gruepoch=27.ckpt,27,30,0.04362836,95.5895,1.6715,0.0005,4.0164,1.2253,1.2284,0.6469,1823.7726,104.6513,99.8221,5.728,63.7388,3.6574,61.1431,3.5085,59.8777,3.4359,59.3495,3.4056,58.7052,3.3686,33.5424,5.3305,1.8359,0.2918,1.1723,0.1863,1.1245,0.1787,1.1013,0.175,1.0915,0.1735,1.0797,0.1716,0.0,0.0,0.0,0.0,0.0,0.0,0.0,0.0,0.0,0.0,0.0,0.0,0.0,0.0,0.0,0.0,0.0,0.0,0.0,0.0,0.0,0.0,0.0,0.0,0.0,0.0,0.0,0.0,0.0,0.0,0.0,0.0,0.0,0.0,0.0,0.532,0.473
128,0.005,3,10,100,32,16,256,184,440338,73,30,VicregLoss,gru,/home/dpetrovitch/dzagcoffee/train_trace/gender/checkpoints_2025-10-08 10:26:11.109161_VicregLoss_gru_catboost/model_128_0.005_3_10_100_256_32_16_256_VicregLoss_gruepoch=28.ckpt,28,30,0.039889153,98.2566,1.663,0.0007,3.7807,1.2227,1.2195,0.6517,1805.3026,102.9578,89.6826,5.1147,62.4323,3.5606,60.5598,3.4538,59.2991,3.3819,58.7245,3.3491,58.0866,3.3127,29.4786,5.3703,1.4644,0.2668,1.0195,0.1857,0.9889,0.1801,0.9683,0.1764,0.9589,0.1747,0.9485,0.1728,0.0,0.0,0.0,0.0,0.0,0.0,0.0,0.0,0.0,0.0,0.0,0.0,0.0,0.0,0.0,0.0,0.0,0.0,0.0,0.0,0.0,0.0,0.0,0.0,0.0,0.0,0.0,0.0,0.0,0.0,0.0,0.0,0.0,0.0,0.0,0.536,0.4347
128,0.005,3,10,100,32,16,256,184,440338,73,30,VicregLoss,gru,/home/dpetrovitch/dzagcoffee/train_trace/gender/checkpoints_2025-10-08 10:26:11.109161_VicregLoss_gru_catboost/model_128_0.005_3_10_100_256_32_16_256_VicregLoss_gruepoch=29.ckpt,29,30,0.04331997,96.476,1.6686,0.0007,3.8138,1.2207,1.2173,0.6532,1760.7994,101.5926,86.6886,5.0017,60.725,3.5036,58.852,3.3956,57.6567,3.3266,57.1102,3.2951,56.5019,3.26,33.8305,6.5482,1.6656,0.3224,1.1667,0.2258,1.1307,0.2189,1.1078,0.2144,1.0973,0.2124,1.0856,0.2101,0.0,0.0,0.0,0.0,0.0,0.0,0.0,0.0,0.0,0.0,0.0,0.0,0.0,0.0,0.0,0.0,0.0,0.0,0.0,0.0,0.0,0.0,0.0,0.0,0.0,0.0,0.0,0.0,0.0,0.0,0.0,0.0,0.0,0.0,0.0,0.528,0.5057
128,0.01,3,10,100,32,16,256,184,440338,73,30,VicregLoss,gru,/home/dpetrovitch/dzagcoffee/train_trace/gender/checkpoints_2025-10-08 10:26:11.109161_VicregLoss_gru_catboost/model_128_0.01_3_10_100_256_32_16_256_VicregLoss_gruepoch=00.ckpt,0,30,0.038338643,90.2333,1.6782,1e-04,4.5383,1.2909,1.3555,0.5979,1898.5006,97.449,170.5569,8.7546,71.4883,3.6695,69.0687,3.5453,67.4401,3.4617,66.543,3.4156,65.1451,3.3439,55.9212,5.5285,5.0238,0.4967,2.1057,0.2082,2.0344,0.2011,1.9865,0.1964,1.9601,0.1938,1.9189,0.1897,0.0,0.0,0.0,0.0,0.0,0.0,0.0,0.0,0.0,0.0,0.0,0.0,0.0,0.0,0.0,0.0,0.0,0.0,0.0,0.0,0.0,0.0,0.0,0.0,0.0,0.0,0.0,0.0,0.0,0.0,0.0,0.0,0.0,0.0,0.0,0.56,0.5417
128,0.01,3,10,100,32,16,256,184,440338,73,30,VicregLoss,gru,/home/dpetrovitch/dzagcoffee/train_trace/gender/checkpoints_2025-10-08 10:26:11.109161_VicregLoss_gru_catboost/model_128_0.01_3_10_100_256_32_16_256_VicregLoss_gruepoch=01.ckpt,1,30,0.0330318,70.7277,1.6797,0.0,5.7358,1.1561,1.2261,0.7417,1494.8228,82.353,183.0941,10.087,56.6981,3.1236,51.4341,2.8336,50.0112,2.7552,49.4459,2.7241,48.7886,2.6879,32.1627,3.566,3.9395,0.4368,1.2199,0.1353,1.1067,0.1227,1.076,0.1193,1.0639,0.118,1.0497,0.1164,0.0,0.0,0.0,0.0,0.0,0.0,0.0,0.0,0.0,0.0,0.0,0.0,0.0,0.0,0.0,0.0,0.0,0.0,0.0,0.0,0.0,0.0,0.0,0.0,0.0,0.0,0.0,0.0,0.0,0.0,0.0,0.0,0.0,0.0,0.0,0.564,0.5185
128,0.01,3,10,100,32,16,256,184,440338,73,30,VicregLoss,gru,/home/dpetrovitch/dzagcoffee/train_trace/gender/checkpoints_2025-10-08 10:26:11.109161_VicregLoss_gru_catboost/model_128_0.01_3_10_100_256_32_16_256_VicregLoss_gruepoch=02.ckpt,2,30,0.038214434,49.8165,1.6797,0.0,6.4853,1.0974,1.1193,0.8241,1052.07,66.3055,148.8515,9.3812,35.0458,2.2087,34.2516,2.1587,33.8819,2.1354,33.6765,2.1224,33.4206,2.1063,19.5741,2.4657,2.7694,0.3489,0.652,0.0821,0.6373,0.0803,0.6304,0.0794,0.6266,0.0789,0.6218,0.0783,0.0,0.0,0.0,0.0,0.0,0.0,0.0,0.0,0.0,0.0,0.0,0.0,0.0,0.0,0.0,0.0,0.0,0.0,0.0,0.0,0.0,0.0,0.0,0.0,0.0,0.0,0.0,0.0,0.0,0.0,0.0,0.0,0.0,0.0,0.0,0.56,0.5202
128,0.01,3,10,100,32,16,256,184,440338,73,30,VicregLoss,gru,/home/dpetrovitch/dzagcoffee/train_trace/gender/checkpoints_2025-10-08 10:26:11.109161_VicregLoss_gru_catboost/model_128_0.01_3_10_100_256_32_16_256_VicregLoss_gruepoch=03.ckpt,3,30,0.038017407,53.6542,1.6797,0.0,6.0603,1.0983,1.1168,0.8218,1051.099,68.083,149.0667,9.6555,34.7496,2.2508,34.0327,2.2044,33.6558,2.18,33.4932,2.1695,33.2895,2.1563,18.0539,2.686,2.5604,0.3809,0.5969,0.0888,0.5846,0.087,0.5781,0.086,0.5753,0.0856,0.5718,0.0851,0.0,0.0,0.0,0.0,0.0,0.0,0.0,0.0,0.0,0.0,0.0,0.0,0.0,0.0,0.0,0.0,0.0,0.0,0.0,0.0,0.0,0.0,0.0,0.0,0.0,0.0,0.0,0.0,0.0,0.0,0.0,0.0,0.0,0.0,0.0,0.576,0.5559
128,0.01,3,10,100,32,16,256,184,440338,73,30,VicregLoss,gru,/home/dpetrovitch/dzagcoffee/train_trace/gender/checkpoints_2025-10-08 10:26:11.109161_VicregLoss_gru_catboost/model_128_0.01_3_10_100_256_32_16_256_VicregLoss_gruepoch=04.ckpt,4,30,0.03683097,49.7083,1.6797,0.0,7.6639,1.0978,1.1499,0.8193,1108.1166,71.5386,183.4367,11.8424,43.1068,2.7829,36.0311,2.3261,35.4984,2.2917,35.2869,2.2781,35.0331,2.2617,18.758,2.3031,3.1052,0.3813,0.7297,0.0896,0.6099,0.0749,0.6009,0.0738,0.5973,0.0733,0.593,0.0728,0.0,0.0,0.0,0.0,0.0,0.0,0.0,0.0,0.0,0.0,0.0,0.0,0.0,0.0,0.0,0.0,0.0,0.0,0.0,0.0,0.0,0.0,0.0,0.0,0.0,0.0,0.0,0.0,0.0,0.0,0.0,0.0,0.0,0.0,0.0,0.544,0.5692
128,0.01,3,10,100,32,16,256,184,440338,73,30,VicregLoss,gru,/home/dpetrovitch/dzagcoffee/train_trace/gender/checkpoints_2025-10-08 10:26:11.109161_VicregLoss_gru_catboost/model_128_0.01_3_10_100_256_32_16_256_VicregLoss_gruepoch=05.ckpt,5,30,0.040613007,96.1164,1.667,0.0008,3.907,1.2385,1.2348,0.6442,1957.1898,104.1118,138.5536,7.3703,68.3765,3.6373,66.5702,3.5412,65.3412,3.4758,64.774,3.4456,64.0854,3.409,40.3843,3.9616,2.8589,0.2805,1.4109,0.1384,1.3736,0.1347,1.3482,0.1323,1.3365,0.1311,1.3223,0.1297,0.0,0.0,0.0,0.0,0.0,0.0,0.0,0.0,0.0,0.0,0.0,0.0,0.0,0.0,0.0,0.0,0.0,0.0,0.0,0.0,0.0,0.0,0.0,0.0,0.0,0.0,0.0,0.0,0.0,0.0,0.0,0.0,0.0,0.0,0.0,0.576,0.5577
128,0.01,3,10,100,32,16,256,184,440338,73,30,VicregLoss,gru,/home/dpetrovitch/dzagcoffee/train_trace/gender/checkpoints_2025-10-08 10:26:11.109161_VicregLoss_gru_catboost/model_128_0.01_3_10_100_256_32_16_256_VicregLoss_gruepoch=06.ckpt,6,30,0.04126833,174.6255,1.3002,0.0131,2.4522,3.9808,3.755,0.0867,4724.0103,231.1558,230.9248,11.2996,213.7771,10.4606,205.1901,10.0404,194.7614,9.5301,186.9935,9.15,177.4525,8.6831,146.8937,11.8238,7.1806,0.578,6.6474,0.5351,6.3804,0.5136,6.0561,0.4875,5.8146,0.468,5.5179,0.4441,0.0,0.0,0.0,0.0,0.0,0.0,0.0,0.0,0.0,0.0,0.0,0.0,0.0,0.0,0.0,0.0,0.0,0.0,0.0,0.0,0.0,0.0,0.0,0.0,0.0,0.0,0.0,0.0,0.0,0.0,0.0,0.0,0.0,0.0,0.0,0.552,0.5213
128,0.01,3,10,100,32,16,256,184,440338,73,30,VicregLoss,gru,/home/dpetrovitch/dzagcoffee/train_trace/gender/checkpoints_2025-10-08 10:26:11.109161_VicregLoss_gru_catboost/model_128_0.01_3_10_100_256_32_16_256_VicregLoss_gruepoch=07.ckpt,7,30,0.04141396,166.4318,1.432,0.007,2.5699,2.5409,2.5158,0.1626,4287.8613,212.641,203.2264,10.0783,180.2309,8.9379,170.038,8.4324,160.5365,7.9612,156.0378,7.7381,150.9547,7.4861,110.6485,10.6108,5.2443,0.5029,4.6509,0.446,4.3878,0.4208,4.1427,0.3973,4.0266,0.3861,3.8954,0.3736,0.0,0.0,0.0,0.0,0.0,0.0,0.0,0.0,0.0,0.0,0.0,0.0,0.0,0.0,0.0,0.0,0.0,0.0,0.0,0.0,0.0,0.0,0.0,0.0,0.0,0.0,0.0,0.0,0.0,0.0,0.0,0.0,0.0,0.0,0.0,0.54,0.539
128,0.01,3,10,100,32,16,256,184,440338,73,30,VicregLoss,gru,/home/dpetrovitch/dzagcoffee/train_trace/gender/checkpoints_2025-10-08 10:26:11.109161_VicregLoss_gru_catboost/model_128_0.01_3_10_100_256_32_16_256_VicregLoss_gruepoch=08.ckpt,8,30,0.046048347,151.1518,1.5512,0.0036,2.8757,2.0305,2.1987,0.2489,3686.2312,182.4492,204.131,10.1034,151.423,7.4946,142.4638,7.0512,135.6045,6.7117,131.4042,6.5038,127.161,6.2938,81.1315,7.6953,4.4928,0.4261,3.3327,0.3161,3.1355,0.2974,2.9846,0.2831,2.8921,0.2743,2.7987,0.2655,0.0,0.0,0.0,0.0,0.0,0.0,0.0,0.0,0.0,0.0,0.0,0.0,0.0,0.0,0.0,0.0,0.0,0.0,0.0,0.0,0.0,0.0,0.0,0.0,0.0,0.0,0.0,0.0,0.0,0.0,0.0,0.0,0.0,0.0,0.0,0.548,0.5058
128,0.01,3,10,100,32,16,256,184,440338,73,30,VicregLoss,gru,/home/dpetrovitch/dzagcoffee/train_trace/gender/checkpoints_2025-10-08 10:26:11.109161_VicregLoss_gru_catboost/model_128_0.01_3_10_100_256_32_16_256_VicregLoss_gruepoch=09.ckpt,9,30,0.041165534,147.7655,1.5638,0.0036,2.8887,1.8043,1.7872,0.3067,3465.4543,174.5005,164.1549,8.2659,131.5112,6.6222,125.8713,6.3382,121.5223,6.1192,119.0996,5.9972,116.509,5.8667,66.5099,6.9859,3.1505,0.3309,2.524,0.2651,2.4158,0.2537,2.3323,0.245,2.2858,0.2401,2.2361,0.2349,0.0,0.0,0.0,0.0,0.0,0.0,0.0,0.0,0.0,0.0,0.0,0.0,0.0,0.0,0.0,0.0,0.0,0.0,0.0,0.0,0.0,0.0,0.0,0.0,0.0,0.0,0.0,0.0,0.0,0.0,0.0,0.0,0.0,0.0,0.0,0.52,0.5126
128,0.01,3,10,100,32,16,256,184,440338,73,30,VicregLoss,gru,/home/dpetrovitch/dzagcoffee/train_trace/gender/checkpoints_2025-10-08 10:26:11.109161_VicregLoss_gru_catboost/model_128_0.01_3_10_100_256_32_16_256_VicregLoss_gruepoch=10.ckpt,10,30,0.044789094,145.0954,1.5771,0.0031,2.9428,1.7267,1.7057,0.3326,3343.3108,169.329,157.8951,7.9969,125.6944,6.3661,119.6221,6.0585,115.7973,5.8648,113.9113,5.7693,111.7617,5.6604,58.7782,6.4257,2.7759,0.3035,2.2098,0.2416,2.1031,0.2299,2.0358,0.2226,2.0027,0.2189,1.9649,0.2148,0.0,0.0,0.0,0.0,0.0,0.0,0.0,0.0,0.0,0.0,0.0,0.0,0.0,0.0,0.0,0.0,0.0,0.0,0.0,0.0,0.0,0.0,0.0,0.0,0.0,0.0,0.0,0.0,0.0,0.0,0.0,0.0,0.0,0.0,0.0,0.536,0.5424
128,0.01,3,10,100,32,16,256,184,440338,73,30,VicregLoss,gru,/home/dpetrovitch/dzagcoffee/train_trace/gender/checkpoints_2025-10-08 10:26:11.109161_VicregLoss_gru_catboost/model_128_0.01_3_10_100_256_32_16_256_VicregLoss_gruepoch=11.ckpt,11,30,0.043337103,134.6859,1.6077,0.0018,3.2541,1.5534,1.5515,0.4097,3077.9436,155.1975,147.64,7.4444,111.4667,5.6204,108.007,5.446,105.4366,5.3164,104.019,5.2449,102.3274,5.1596,50.7096,5.1898,2.4324,0.2489,1.8364,0.1879,1.7794,0.1821,1.7371,0.1778,1.7137,0.1754,1.6859,0.1725,0.0,0.0,0.0,0.0,0.0,0.0,0.0,0.0,0.0,0.0,0.0,0.0,0.0,0.0,0.0,0.0,0.0,0.0,0.0,0.0,0.0,0.0,0.0,0.0,0.0,0.0,0.0,0.0,0.0,0.0,0.0,0.0,0.0,0.0,0.0,0.516,0.513
128,0.01,3,10,100,32,16,256,184,440338,73,30,VicregLoss,gru,/home/dpetrovitch/dzagcoffee/train_trace/gender/checkpoints_2025-10-08 10:26:11.109161_VicregLoss_gru_catboost/model_128_0.01_3_10_100_256_32_16_256_VicregLoss_gruepoch=12.ckpt,12,30,0.04688357,147.1648,1.5602,0.0037,2.9084,1.7334,1.7078,0.33,3431.9443,174.2567,160.7108,8.1601,128.8775,6.5437,122.5376,6.2218,118.4406,6.0138,116.4658,5.9135,114.3846,5.8079,54.4971,5.9389,2.552,0.2781,2.0465,0.223,1.9458,0.212,1.8808,0.205,1.8494,0.2015,1.8164,0.1979,0.0,0.0,0.0,0.0,0.0,0.0,0.0,0.0,0.0,0.0,0.0,0.0,0.0,0.0,0.0,0.0,0.0,0.0,0.0,0.0,0.0,0.0,0.0,0.0,0.0,0.0,0.0,0.0,0.0,0.0,0.0,0.0,0.0,0.0,0.0,0.568,0.5527
128,0.01,3,10,100,32,16,256,184,440338,73,30,VicregLoss,gru,/home/dpetrovitch/dzagcoffee/train_trace/gender/checkpoints_2025-10-08 10:26:11.109161_VicregLoss_gru_catboost/model_128_0.01_3_10_100_256_32_16_256_VicregLoss_gruepoch=13.ckpt,13,30,0.048181366,163.7855,1.4511,0.0065,2.5941,2.0879,2.0397,0.2316,4054.9197,200.9634,195.2548,9.6769,162.1333,8.0354,153.6672,7.6158,147.2718,7.2988,143.9617,7.1348,140.5361,6.965,86.6964,8.2849,4.1747,0.3989,3.4665,0.3313,3.2855,0.314,3.1488,0.3009,3.078,0.2941,3.0047,0.2871,0.0,0.0,0.0,0.0,0.0,0.0,0.0,0.0,0.0,0.0,0.0,0.0,0.0,0.0,0.0,0.0,0.0,0.0,0.0,0.0,0.0,0.0,0.0,0.0,0.0,0.0,0.0,0.0,0.0,0.0,0.0,0.0,0.0,0.0,0.0,0.548,0.5463
128,0.01,3,10,100,32,16,256,184,440338,73,30,VicregLoss,gru,/home/dpetrovitch/dzagcoffee/train_trace/gender/checkpoints_2025-10-08 10:26:11.109161_VicregLoss_gru_catboost/model_128_0.01_3_10_100_256_32_16_256_VicregLoss_gruepoch=14.ckpt,14,30,0.039987665,154.7257,1.5247,0.0041,2.7669,1.8156,1.7881,0.3023,3705.276,185.8205,174.3366,8.743,140.793,7.0608,134.1042,6.7254,129.6667,6.5028,127.3817,6.3882,124.9706,6.2673,65.7264,6.8856,3.0925,0.324,2.4975,0.2616,2.3788,0.2492,2.3001,0.241,2.2596,0.2367,2.2168,0.2322,0.0,0.0,0.0,0.0,0.0,0.0,0.0,0.0,0.0,0.0,0.0,0.0,0.0,0.0,0.0,0.0,0.0,0.0,0.0,0.0,0.0,0.0,0.0,0.0,0.0,0.0,0.0,0.0,0.0,0.0,0.0,0.0,0.0,0.0,0.0,0.524,0.5063
128,0.01,3,10,100,32,16,256,184,440338,73,30,VicregLoss,gru,/home/dpetrovitch/dzagcoffee/train_trace/gender/checkpoints_2025-10-08 10:26:11.109161_VicregLoss_gru_catboost/model_128_0.01_3_10_100_256_32_16_256_VicregLoss_gruepoch=15.ckpt,15,30,0.04354698,152.4165,1.5509,0.0045,2.7903,1.7848,1.7598,0.3128,3580.266,180.1107,167.9565,8.4493,135.196,6.8012,128.7109,6.475,124.4996,6.2631,122.4495,6.16,120.2661,6.0502,58.6994,6.754,2.7537,0.3168,2.2166,0.255,2.1102,0.2428,2.0412,0.2349,2.0076,0.231,1.9718,0.2269,0.0,0.0,0.0,0.0,0.0,0.0,0.0,0.0,0.0,0.0,0.0,0.0,0.0,0.0,0.0,0.0,0.0,0.0,0.0,0.0,0.0,0.0,0.0,0.0,0.0,0.0,0.0,0.0,0.0,0.0,0.0,0.0,0.0,0.0,0.0,0.568,0.5476
128,0.01,3,10,100,32,16,256,184,440338,73,30,VicregLoss,gru,/home/dpetrovitch/dzagcoffee/train_trace/gender/checkpoints_2025-10-08 10:26:11.109161_VicregLoss_gru_catboost/model_128_0.01_3_10_100_256_32_16_256_VicregLoss_gruepoch=16.ckpt,16,30,0.043585528,157.0664,1.5133,0.0045,2.7252,1.834,1.8147,0.296,3770.7273,188.6363,176.6649,8.8379,143.2858,7.1681,136.916,6.8494,132.6726,6.6371,130.344,6.5207,127.618,6.3843,71.8173,7.4802,3.3648,0.3505,2.729,0.2842,2.6077,0.2716,2.5269,0.2632,2.4825,0.2586,2.4306,0.2532,0.0,0.0,0.0,0.0,0.0,0.0,0.0,0.0,0.0,0.0,0.0,0.0,0.0,0.0,0.0,0.0,0.0,0.0,0.0,0.0,0.0,0.0,0.0,0.0,0.0,0.0,0.0,0.0,0.0,0.0,0.0,0.0,0.0,0.0,0.0,0.588,0.5866
128,0.01,3,10,100,32,16,256,184,440338,73,30,VicregLoss,gru,/home/dpetrovitch/dzagcoffee/train_trace/gender/checkpoints_2025-10-08 10:26:11.109161_VicregLoss_gru_catboost/model_128_0.01_3_10_100_256_32_16_256_VicregLoss_gruepoch=17.ckpt,17,30,0.0417352,152.1769,1.5265,0.0044,2.7697,1.738,1.715,0.3292,3556.3545,178.796,165.7871,8.335,132.5495,6.6639,127.0621,6.3881,123.0342,6.1856,121.026,6.0846,118.8323,5.9743,61.2614,6.7564,2.8558,0.315,2.2833,0.2518,2.1888,0.2414,2.1194,0.2337,2.0848,0.2299,2.047,0.2258,0.0,0.0,0.0,0.0,0.0,0.0,0.0,0.0,0.0,0.0,0.0,0.0,0.0,0.0,0.0,0.0,0.0,0.0,0.0,0.0,0.0,0.0,0.0,0.0,0.0,0.0,0.0,0.0,0.0,0.0,0.0,0.0,0.0,0.0,0.0,0.548,0.543
128,0.01,3,10,100,32,16,256,184,440338,73,30,VicregLoss,gru,/home/dpetrovitch/dzagcoffee/train_trace/gender/checkpoints_2025-10-08 10:26:11.109161_VicregLoss_gru_catboost/model_128_0.01_3_10_100_256_32_16_256_VicregLoss_gruepoch=18.ckpt,18,30,0.044382196,139.3848,1.6145,0.0019,3.1008,1.5267,1.5718,0.4255,3223.0466,161.2869,173.8024,8.6974,117.4437,5.8771,113.5845,5.684,110.5284,5.531,108.9876,5.4539,107.2598,5.3675,57.4354,5.7062,3.0972,0.3077,2.0929,0.2079,2.0241,0.2011,1.9696,0.1957,1.9422,0.193,1.9114,0.1899,0.0,0.0,0.0,0.0,0.0,0.0,0.0,0.0,0.0,0.0,0.0,0.0,0.0,0.0,0.0,0.0,0.0,0.0,0.0,0.0,0.0,0.0,0.0,0.0,0.0,0.0,0.0,0.0,0.0,0.0,0.0,0.0,0.0,0.0,0.0,0.5,0.5469
128,0.01,3,10,100,32,16,256,184,440338,73,30,VicregLoss,gru,/home/dpetrovitch/dzagcoffee/train_trace/gender/checkpoints_2025-10-08 10:26:11.109161_VicregLoss_gru_catboost/model_128_0.01_3_10_100_256_32_16_256_VicregLoss_gruepoch=19.ckpt,19,30,0.04655805,133.6332,1.6356,0.0011,3.2998,1.4609,1.4991,0.4638,3086.6282,155.3665,168.0177,8.4572,110.3978,5.5569,107.0333,5.3876,104.7663,5.2734,103.5416,5.2118,101.9687,5.1326,62.3791,6.2326,3.3955,0.3393,2.2311,0.2229,2.1631,0.2161,2.1173,0.2115,2.0925,0.2091,2.0607,0.2059,0.0,0.0,0.0,0.0,0.0,0.0,0.0,0.0,0.0,0.0,0.0,0.0,0.0,0.0,0.0,0.0,0.0,0.0,0.0,0.0,0.0,0.0,0.0,0.0,0.0,0.0,0.0,0.0,0.0,0.0,0.0,0.0,0.0,0.0,0.0,0.56,0.5362
128,0.01,3,10,100,32,16,256,184,440338,73,30,VicregLoss,gru,/home/dpetrovitch/dzagcoffee/train_trace/gender/checkpoints_2025-10-08 10:26:11.109161_VicregLoss_gru_catboost/model_128_0.01_3_10_100_256_32_16_256_VicregLoss_gruepoch=20.ckpt,20,30,0.045615748,134.4632,1.6419,0.0014,3.2782,1.464,1.4979,0.4614,3093.7253,156.0126,164.9301,8.3172,110.5242,5.5736,107.05,5.3984,104.6328,5.2765,103.3812,5.2134,101.9344,5.1404,52.9393,6.0118,2.8223,0.3205,1.8913,0.2148,1.8318,0.208,1.7905,0.2033,1.769,0.2009,1.7443,0.1981,0.0,0.0,0.0,0.0,0.0,0.0,0.0,0.0,0.0,0.0,0.0,0.0,0.0,0.0,0.0,0.0,0.0,0.0,0.0,0.0,0.0,0.0,0.0,0.0,0.0,0.0,0.0,0.0,0.0,0.0,0.0,0.0,0.0,0.0,0.0,0.564,0.5618
128,0.01,3,10,100,32,16,256,184,440338,73,30,VicregLoss,gru,/home/dpetrovitch/dzagcoffee/train_trace/gender/checkpoints_2025-10-08 10:26:11.109161_VicregLoss_gru_catboost/model_128_0.01_3_10_100_256_32_16_256_VicregLoss_gruepoch=21.ckpt,21,30,0.040111877,132.546,1.6519,0.0014,3.2915,1.4545,1.4543,0.467,2974.3635,151.6192,143.9476,7.3378,104.8275,5.3436,101.8165,5.1901,99.8627,5.0905,98.795,5.0361,97.5069,4.9704,56.5845,7.1161,2.7385,0.3444,1.9942,0.2508,1.937,0.2436,1.8998,0.2389,1.8795,0.2364,1.855,0.2333,0.0,0.0,0.0,0.0,0.0,0.0,0.0,0.0,0.0,0.0,0.0,0.0,0.0,0.0,0.0,0.0,0.0,0.0,0.0,0.0,0.0,0.0,0.0,0.0,0.0,0.0,0.0,0.0,0.0,0.0,0.0,0.0,0.0,0.0,0.0,0.568,0.5565
128,0.01,3,10,100,32,16,256,184,440338,73,30,VicregLoss,gru,/home/dpetrovitch/dzagcoffee/train_trace/gender/checkpoints_2025-10-08 10:26:11.109161_VicregLoss_gru_catboost/model_128_0.01_3_10_100_256_32_16_256_VicregLoss_gruepoch=22.ckpt,22,30,0.042549,136.9602,1.612,0.0017,3.134,1.5259,1.5439,0.4257,3082.2375,156.7076,150.7309,7.6635,111.6939,5.6788,107.532,5.4672,104.6171,5.319,103.0739,5.2405,101.3226,5.1515,54.6713,6.8288,2.6736,0.3339,1.9812,0.2475,1.9074,0.2382,1.8557,0.2318,1.8283,0.2284,1.7972,0.2245,0.0,0.0,0.0,0.0,0.0,0.0,0.0,0.0,0.0,0.0,0.0,0.0,0.0,0.0,0.0,0.0,0.0,0.0,0.0,0.0,0.0,0.0,0.0,0.0,0.0,0.0,0.0,0.0,0.0,0.0,0.0,0.0,0.0,0.0,0.0,0.516,0.5048
128,0.01,3,10,100,32,16,256,184,440338,73,30,VicregLoss,gru,/home/dpetrovitch/dzagcoffee/train_trace/gender/checkpoints_2025-10-08 10:26:11.109161_VicregLoss_gru_catboost/model_128_0.01_3_10_100_256_32_16_256_VicregLoss_gruepoch=23.ckpt,23,30,0.044219434,128.504,1.6756,0.0004,3.9358,1.5285,2.843,0.4274,3298.0378,163.8369,255.8975,12.7122,229.4136,11.3966,207.3165,10.2989,126.8965,6.3038,117.8016,5.852,112.6477,5.596,85.0897,6.5091,6.6022,0.505,5.9189,0.4528,5.3488,0.4092,3.2739,0.2504,3.0393,0.2325,2.9063,0.2223,0.0,0.0,0.0,0.0,0.0,0.0,0.0,0.0,0.0,0.0,0.0,0.0,0.0,0.0,0.0,0.0,0.0,0.0,0.0,0.0,0.0,0.0,0.0,0.0,0.0,0.0,0.0,0.0,0.0,0.0,0.0,0.0,0.0,0.0,0.0,0.58,0.5671
128,0.01,3,10,100,32,16,256,184,440338,73,30,VicregLoss,gru,/home/dpetrovitch/dzagcoffee/train_trace/gender/checkpoints_2025-10-08 10:26:11.109161_VicregLoss_gru_catboost/model_128_0.01_3_10_100_256_32_16_256_VicregLoss_gruepoch=24.ckpt,24,30,0.044257984,149.1358,1.5706,0.0033,2.94,1.7743,1.858,0.3189,3607.992,179.7634,207.205,10.3237,141.2785,7.039,132.7225,6.6127,126.8534,6.3203,124.1458,6.1854,121.4667,6.0519,71.1066,7.4102,4.0836,0.4256,2.7843,0.2902,2.6157,0.2726,2.5,0.2605,2.4467,0.255,2.3939,0.2495,0.0,0.0,0.0,0.0,0.0,0.0,0.0,0.0,0.0,0.0,0.0,0.0,0.0,0.0,0.0,0.0,0.0,0.0,0.0,0.0,0.0,0.0,0.0,0.0,0.0,0.0,0.0,0.0,0.0,0.0,0.0,0.0,0.0,0.0,0.0,0.58,0.541
128,0.01,3,10,100,32,16,256,184,440338,73,30,VicregLoss,gru,/home/dpetrovitch/dzagcoffee/train_trace/gender/checkpoints_2025-10-08 10:26:11.109161_VicregLoss_gru_catboost/model_128_0.01_3_10_100_256_32_16_256_VicregLoss_gruepoch=25.ckpt,25,30,0.04098136,147.1702,1.5829,0.0031,2.946,1.6849,1.6711,0.3511,3472.6216,174.0688,168.7832,8.4604,129.6917,6.5009,124.2343,6.2274,119.9092,6.0106,117.8751,5.9086,115.6808,5.7986,59.4328,6.379,2.8887,0.31,2.2196,0.2382,2.1262,0.2282,2.0522,0.2203,2.0174,0.2165,1.9798,0.2125,0.0,0.0,0.0,0.0,0.0,0.0,0.0,0.0,0.0,0.0,0.0,0.0,0.0,0.0,0.0,0.0,0.0,0.0,0.0,0.0,0.0,0.0,0.0,0.0,0.0,0.0,0.0,0.0,0.0,0.0,0.0,0.0,0.0,0.0,0.0,0.516,0.5194
128,0.01,3,10,100,32,16,256,184,440338,73,30,VicregLoss,gru,/home/dpetrovitch/dzagcoffee/train_trace/gender/checkpoints_2025-10-08 10:26:11.109161_VicregLoss_gru_catboost/model_128_0.01_3_10_100_256_32_16_256_VicregLoss_gruepoch=26.ckpt,26,30,0.044707716,142.8474,1.5672,0.003,3.0012,1.6194,1.6157,0.3792,3332.8523,167.501,163.2091,8.2025,123.0831,6.1859,117.8312,5.9219,113.9517,5.7269,112.1827,5.638,110.1922,5.538,67.9008,7.313,3.3251,0.3581,2.5076,0.2701,2.4006,0.2585,2.3216,0.25,2.2855,0.2462,2.245,0.2418,0.0,0.0,0.0,0.0,0.0,0.0,0.0,0.0,0.0,0.0,0.0,0.0,0.0,0.0,0.0,0.0,0.0,0.0,0.0,0.0,0.0,0.0,0.0,0.0,0.0,0.0,0.0,0.0,0.0,0.0,0.0,0.0,0.0,0.0,0.0,0.528,0.5075
128,0.01,3,10,100,32,16,256,184,440338,73,30,VicregLoss,gru,/home/dpetrovitch/dzagcoffee/train_trace/gender/checkpoints_2025-10-08 10:26:11.109161_VicregLoss_gru_catboost/model_128_0.01_3_10_100_256_32_16_256_VicregLoss_gruepoch=27.ckpt,27,30,0.04385108,137.5043,1.6294,0.0018,3.2132,1.5287,1.5835,0.4251,3205.1335,160.7881,188.2188,9.4421,117.6446,5.9017,112.7609,5.6567,109.2172,5.479,107.5775,5.3967,105.7875,5.3069,61.5486,7.2839,3.6144,0.4277,2.2591,0.2674,2.1654,0.2563,2.0973,0.2482,2.0658,0.2445,2.0315,0.2404,0.0,0.0,0.0,0.0,0.0,0.0,0.0,0.0,0.0,0.0,0.0,0.0,0.0,0.0,0.0,0.0,0.0,0.0,0.0,0.0,0.0,0.0,0.0,0.0,0.0,0.0,0.0,0.0,0.0,0.0,0.0,0.0,0.0,0.0,0.0,0.52,0.489
128,0.01,3,10,100,32,16,256,184,440338,73,30,VicregLoss,gru,/home/dpetrovitch/dzagcoffee/train_trace/gender/checkpoints_2025-10-08 10:26:11.109161_VicregLoss_gru_catboost/model_128_0.01_3_10_100_256_32_16_256_VicregLoss_gruepoch=28.ckpt,28,30,0.043688323,141.7098,1.6102,0.0025,3.0788,1.5663,1.5634,0.4037,3248.4758,164.9665,157.7677,8.0119,117.952,5.9899,113.3863,5.7581,110.1547,5.594,108.5877,5.5144,106.8217,5.4247,51.0621,6.8304,2.4799,0.3317,1.8541,0.248,1.7823,0.2384,1.7315,0.2316,1.7069,0.2283,1.6791,0.2246,0.0,0.0,0.0,0.0,0.0,0.0,0.0,0.0,0.0,0.0,0.0,0.0,0.0,0.0,0.0,0.0,0.0,0.0,0.0,0.0,0.0,0.0,0.0,0.0,0.0,0.0,0.0,0.0,0.0,0.0,0.0,0.0,0.0,0.0,0.0,0.544,0.5189
128,0.01,3,10,100,32,16,256,184,440338,73,30,VicregLoss,gru,/home/dpetrovitch/dzagcoffee/train_trace/gender/checkpoints_2025-10-08 10:26:11.109161_VicregLoss_gru_catboost/model_128_0.01_3_10_100_256_32_16_256_VicregLoss_gruepoch=29.ckpt,29,30,0.04061729,135.9542,1.6055,0.0018,3.2184,1.4938,1.5172,0.4445,3113.1155,157.3643,160.9219,8.1344,111.9462,5.6587,108.0007,5.4593,105.0834,5.3118,103.6552,5.2396,101.9874,5.1553,50.3574,7.7948,2.6031,0.4029,1.8108,0.2803,1.747,0.2704,1.6998,0.2631,1.6767,0.2595,1.6497,0.2554,0.0,0.0,0.0,0.0,0.0,0.0,0.0,0.0,0.0,0.0,0.0,0.0,0.0,0.0,0.0,0.0,0.0,0.0,0.0,0.0,0.0,0.0,0.0,0.0,0.0,0.0,0.0,0.0,0.0,0.0,0.0,0.0,0.0,0.0,0.0,0.548,0.5518
128,0.05,3,10,100,32,16,256,184,440338,73,30,VicregLoss,gru,/home/dpetrovitch/dzagcoffee/train_trace/gender/checkpoints_2025-10-08 10:26:11.109161_VicregLoss_gru_catboost/model_128_0.05_3_10_100_256_32_16_256_VicregLoss_gruepoch=00.ckpt,0,30,0.039499383,151.1021,1.6223,0.0012,3.0354,2.166,4.5609,0.2274,3839.744,188.162,248.0732,12.1565,227.3667,11.1418,216.8183,10.6249,204.0689,10.0001,195.3662,9.5737,182.2427,8.9306,89.1977,7.199,5.7628,0.4651,5.2818,0.4263,5.0367,0.4065,4.7405,0.3826,4.5384,0.3663,4.2335,0.3417,0.0,0.0,0.0,0.0,0.0,0.0,0.0,0.0,0.0,0.0,0.0,0.0,0.0,0.0,0.0,0.0,0.0,0.0,0.0,0.0,0.0,0.0,0.0,0.0,0.0,0.0,0.0,0.0,0.0,0.0,0.0,0.0,0.0,0.0,0.0,0.556,0.5455
128,0.05,3,10,100,32,16,256,184,440338,73,30,VicregLoss,gru,/home/dpetrovitch/dzagcoffee/train_trace/gender/checkpoints_2025-10-08 10:26:11.109161_VicregLoss_gru_catboost/model_128_0.05_3_10_100_256_32_16_256_VicregLoss_gruepoch=01.ckpt,1,30,0.03980777,156.3551,1.6005,0.0019,2.8752,2.3014,4.8577,0.2036,4037.7664,197.6251,254.23,12.4431,234.2932,11.4673,223.9952,10.9633,211.5325,10.3533,203.068,9.939,189.7829,9.2888,109.7721,8.1867,6.9116,0.5155,6.3696,0.475,6.0896,0.4542,5.7508,0.4289,5.5207,0.4117,5.1595,0.3848,0.0,0.0,0.0,0.0,0.0,0.0,0.0,0.0,0.0,0.0,0.0,0.0,0.0,0.0,0.0,0.0,0.0,0.0,0.0,0.0,0.0,0.0,0.0,0.0,0.0,0.0,0.0,0.0,0.0,0.0,0.0,0.0,0.0,0.0,0.0,0.576,0.5957
128,0.05,3,10,100,32,16,256,184,440338,73,30,VicregLoss,gru,/home/dpetrovitch/dzagcoffee/train_trace/gender/checkpoints_2025-10-08 10:26:11.109161_VicregLoss_gru_catboost/model_128_0.05_3_10_100_256_32_16_256_VicregLoss_gruepoch=02.ckpt,2,30,0.037203606,160.4951,1.5092,0.0042,2.7438,2.3972,5.0888,0.188,4176.621,204.3629,258.1614,12.6319,239.1671,11.7025,229.3442,11.2219,217.7402,10.6541,209.4539,10.2486,195.8928,9.5851,111.1227,8.5079,6.8686,0.5259,6.3633,0.4872,6.1019,0.4672,5.7932,0.4435,5.5727,0.4267,5.2119,0.399,0.0,0.0,0.0,0.0,0.0,0.0,0.0,0.0,0.0,0.0,0.0,0.0,0.0,0.0,0.0,0.0,0.0,0.0,0.0,0.0,0.0,0.0,0.0,0.0,0.0,0.0,0.0,0.0,0.0,0.0,0.0,0.0,0.0,0.0,0.0,0.58,0.5973
128,0.05,3,10,100,32,16,256,184,440338,73,30,VicregLoss,gru,/home/dpetrovitch/dzagcoffee/train_trace/gender/checkpoints_2025-10-08 10:26:11.109161_VicregLoss_gru_catboost/model_128_0.05_3_10_100_256_32_16_256_VicregLoss_gruepoch=03.ckpt,3,30,0.039790638,162.0177,1.4597,0.0032,2.7307,2.465,5.188,0.1791,4250.523,208.2103,259.8011,12.7263,240.4205,11.7769,230.6816,11.2999,219.0821,10.7317,211.0068,10.3361,197.4505,9.672,111.8856,8.2603,6.8387,0.5049,6.3285,0.4672,6.0722,0.4483,5.7668,0.4258,5.5543,0.4101,5.1974,0.3837,0.0,0.0,0.0,0.0,0.0,0.0,0.0,0.0,0.0,0.0,0.0,0.0,0.0,0.0,0.0,0.0,0.0,0.0,0.0,0.0,0.0,0.0,0.0,0.0,0.0,0.0,0.0,0.0,0.0,0.0,0.0,0.0,0.0,0.0,0.0,0.544,0.5033
128,0.05,3,10,100,32,16,256,184,440338,73,30,VicregLoss,gru,/home/dpetrovitch/dzagcoffee/train_trace/gender/checkpoints_2025-10-08 10:26:11.109161_VicregLoss_gru_catboost/model_128_0.05_3_10_100_256_32_16_256_VicregLoss_gruepoch=04.ckpt,4,30,0.037978858,163.8754,1.4695,0.0049,2.6674,2.5273,5.2671,0.1717,4325.8193,211.1611,262.0488,12.7917,242.8503,11.8545,233.0868,11.3779,221.5982,10.8171,213.4115,10.4175,199.8967,9.7578,121.6052,8.8178,7.3666,0.5342,6.8269,0.495,6.5524,0.4751,6.2295,0.4517,5.9993,0.435,5.6194,0.4075,0.0,0.0,0.0,0.0,0.0,0.0,0.0,0.0,0.0,0.0,0.0,0.0,0.0,0.0,0.0,0.0,0.0,0.0,0.0,0.0,0.0,0.0,0.0,0.0,0.0,0.0,0.0,0.0,0.0,0.0,0.0,0.0,0.0,0.0,0.0,0.552,0.5302
128,0.05,3,10,100,32,16,256,184,440338,73,30,VicregLoss,gru,/home/dpetrovitch/dzagcoffee/train_trace/gender/checkpoints_2025-10-08 10:26:11.109161_VicregLoss_gru_catboost/model_128_0.05_3_10_100_256_32_16_256_VicregLoss_gruepoch=05.ckpt,5,30,0.039949115,164.2828,1.4584,0.0049,2.6497,2.5641,5.4624,0.1664,4376.726,213.6892,263.6372,12.8718,245.1545,11.9694,235.6809,11.5069,224.3379,10.9531,216.5406,10.5724,204.1542,9.9676,132.3611,9.5012,7.9729,0.5723,7.414,0.5322,7.1275,0.5116,6.7844,0.487,6.5486,0.4701,6.174,0.4432,0.0,0.0,0.0,0.0,0.0,0.0,0.0,0.0,0.0,0.0,0.0,0.0,0.0,0.0,0.0,0.0,0.0,0.0,0.0,0.0,0.0,0.0,0.0,0.0,0.0,0.0,0.0,0.0,0.0,0.0,0.0,0.0,0.0,0.0,0.0,0.56,0.5492
128,0.05,3,10,100,32,16,256,184,440338,73,30,VicregLoss,gru,/home/dpetrovitch/dzagcoffee/train_trace/gender/checkpoints_2025-10-08 10:26:11.109161_VicregLoss_gru_catboost/model_128_0.05_3_10_100_256_32_16_256_VicregLoss_gruepoch=06.ckpt,6,30,0.04297732,165.4078,1.5107,0.0048,2.6424,2.63,5.5936,0.1591,4420.609,215.7926,263.8696,12.8808,245.9253,12.0049,236.7937,11.5591,225.6049,11.0129,217.8115,10.6325,204.8704,10.0008,125.8145,8.8855,7.51,0.5304,6.9993,0.4943,6.7394,0.476,6.4209,0.4535,6.1991,0.4378,5.8308,0.4118,0.0,0.0,0.0,0.0,0.0,0.0,0.0,0.0,0.0,0.0,0.0,0.0,0.0,0.0,0.0,0.0,0.0,0.0,0.0,0.0,0.0,0.0,0.0,0.0,0.0,0.0,0.0,0.0,0.0,0.0,0.0,0.0,0.0,0.0,0.0,0.568,0.5506
128,0.05,3,10,100,32,16,256,184,440338,73,30,VicregLoss,gru,/home/dpetrovitch/dzagcoffee/train_trace/gender/checkpoints_2025-10-08 10:26:11.109161_VicregLoss_gru_catboost/model_128_0.05_3_10_100_256_32_16_256_VicregLoss_gruepoch=07.ckpt,7,30,0.046960663,165.8716,1.4601,0.0049,2.6298,2.6612,5.5571,0.1559,4457.8286,217.6215,265.0149,12.9374,246.9809,12.0571,237.8118,11.6095,226.6839,11.0662,218.7514,10.679,205.5007,10.0321,135.1445,9.4297,8.0342,0.5606,7.4875,0.5224,7.2096,0.503,6.8722,0.4795,6.6317,0.4627,6.23,0.4347,0.0,0.0,0.0,0.0,0.0,0.0,0.0,0.0,0.0,0.0,0.0,0.0,0.0,0.0,0.0,0.0,0.0,0.0,0.0,0.0,0.0,0.0,0.0,0.0,0.0,0.0,0.0,0.0,0.0,0.0,0.0,0.0,0.0,0.0,0.0,0.624,0.6295
128,0.05,3,10,100,32,16,256,184,440338,73,30,VicregLoss,gru,/home/dpetrovitch/dzagcoffee/train_trace/gender/checkpoints_2025-10-08 10:26:11.109161_VicregLoss_gru_catboost/model_128_0.05_3_10_100_256_32_16_256_VicregLoss_gruepoch=08.ckpt,8,30,0.040514495,166.5465,1.3952,0.0068,2.5922,2.6954,5.5381,0.1529,4454.729,217.4839,263.9396,12.8858,245.5748,11.9892,236.2095,11.532,225.4545,11.0069,217.882,10.6372,204.9443,10.0056,123.4171,8.9808,7.3124,0.5321,6.8036,0.4951,6.5441,0.4762,6.2462,0.4545,6.0364,0.4393,5.6779,0.4132,0.0,0.0,0.0,0.0,0.0,0.0,0.0,0.0,0.0,0.0,0.0,0.0,0.0,0.0,0.0,0.0,0.0,0.0,0.0,0.0,0.0,0.0,0.0,0.0,0.0,0.0,0.0,0.0,0.0,0.0,0.0,0.0,0.0,0.0,0.0,0.584,0.5983
128,0.05,3,10,100,32,16,256,184,440338,73,30,VicregLoss,gru,/home/dpetrovitch/dzagcoffee/train_trace/gender/checkpoints_2025-10-08 10:26:11.109161_VicregLoss_gru_catboost/model_128_0.05_3_10_100_256_32_16_256_VicregLoss_gruepoch=09.ckpt,9,30,0.038527105,166.151,1.4272,0.0056,2.6143,2.7168,5.5876,0.1511,4479.148,218.5436,264.4675,12.9037,246.2305,12.0139,237.0209,11.5646,225.9501,11.0244,218.1349,10.6431,204.869,9.9958,132.3947,9.2738,7.8171,0.5476,7.2781,0.5098,7.0059,0.4907,6.6786,0.4678,6.4476,0.4516,6.0555,0.4242,0.0,0.0,0.0,0.0,0.0,0.0,0.0,0.0,0.0,0.0,0.0,0.0,0.0,0.0,0.0,0.0,0.0,0.0,0.0,0.0,0.0,0.0,0.0,0.0,0.0,0.0,0.0,0.0,0.0,0.0,0.0,0.0,0.0,0.0,0.0,0.564,0.5833
128,0.05,3,10,100,32,16,256,184,440338,73,30,VicregLoss,gru,/home/dpetrovitch/dzagcoffee/train_trace/gender/checkpoints_2025-10-08 10:26:11.109161_VicregLoss_gru_catboost/model_128_0.05_3_10_100_256_32_16_256_VicregLoss_gruepoch=10.ckpt,10,30,0.04314008,167.5893,1.3938,0.0064,2.5676,2.7555,5.6343,0.1475,4533.1753,221.0588,266.5543,12.9984,248.2615,12.1064,238.9761,11.6536,227.9785,11.1173,220.0108,10.7288,206.6507,10.0773,140.3277,9.6664,8.2514,0.5684,7.6851,0.5294,7.3977,0.5096,7.0572,0.4861,6.8106,0.4691,6.397,0.4407,0.0,0.0,0.0,0.0,0.0,0.0,0.0,0.0,0.0,0.0,0.0,0.0,0.0,0.0,0.0,0.0,0.0,0.0,0.0,0.0,0.0,0.0,0.0,0.0,0.0,0.0,0.0,0.0,0.0,0.0,0.0,0.0,0.0,0.0,0.0,0.636,0.6324
128,0.05,3,10,100,32,16,256,184,440338,73,30,VicregLoss,gru,/home/dpetrovitch/dzagcoffee/train_trace/gender/checkpoints_2025-10-08 10:26:11.109161_VicregLoss_gru_catboost/model_128_0.05_3_10_100_256_32_16_256_VicregLoss_gruepoch=11.ckpt,11,30,0.037978858,167.5675,1.381,0.0074,2.5737,2.775,5.7136,0.1455,4539.642,221.3546,266.4118,12.9903,248.2854,12.1065,238.9641,11.652,227.9819,11.1165,220.0573,10.7301,206.6983,10.0787,128.7938,9.4019,7.5583,0.5518,7.0441,0.5142,6.7796,0.4949,6.4681,0.4722,6.2432,0.4558,5.8642,0.4281,0.0,0.0,0.0,0.0,0.0,0.0,0.0,0.0,0.0,0.0,0.0,0.0,0.0,0.0,0.0,0.0,0.0,0.0,0.0,0.0,0.0,0.0,0.0,0.0,0.0,0.0,0.0,0.0,0.0,0.0,0.0,0.0,0.0,0.0,0.0,0.624,0.6013
128,0.05,3,10,100,32,16,256,184,440338,73,30,VicregLoss,gru,/home/dpetrovitch/dzagcoffee/train_trace/gender/checkpoints_2025-10-08 10:26:11.109161_VicregLoss_gru_catboost/model_128_0.05_3_10_100_256_32_16_256_VicregLoss_gruepoch=12.ckpt,12,30,0.04342277,168.3222,1.3731,0.0064,2.5603,2.7945,5.7388,0.1437,4563.944,222.6689,267.2633,13.0394,249.2717,12.1616,239.9397,11.7063,228.8528,11.1654,220.9909,10.7819,207.9307,10.1447,141.105,9.7967,8.2631,0.5737,7.7068,0.5351,7.4183,0.515,7.0755,0.4912,6.8324,0.4744,6.4287,0.4463,0.0,0.0,0.0,0.0,0.0,0.0,0.0,0.0,0.0,0.0,0.0,0.0,0.0,0.0,0.0,0.0,0.0,0.0,0.0,0.0,0.0,0.0,0.0,0.0,0.0,0.0,0.0,0.0,0.0,0.0,0.0,0.0,0.0,0.0,0.0,0.564,0.5607
128,0.05,3,10,100,32,16,256,184,440338,73,30,VicregLoss,gru,/home/dpetrovitch/dzagcoffee/train_trace/gender/checkpoints_2025-10-08 10:26:11.109161_VicregLoss_gru_catboost/model_128_0.05_3_10_100_256_32_16_256_VicregLoss_gruepoch=13.ckpt,13,30,0.043482732,168.5325,1.3819,0.0076,2.5484,2.8056,5.7459,0.1427,4556.6675,222.2284,266.4819,12.9963,248.6057,12.1245,239.4438,11.6777,228.4434,11.1412,220.6871,10.7629,207.7368,10.1313,139.3404,10.0163,8.1489,0.5858,7.6022,0.5465,7.3221,0.5263,6.9857,0.5022,6.7485,0.4851,6.3525,0.4566,0.0,0.0,0.0,0.0,0.0,0.0,0.0,0.0,0.0,0.0,0.0,0.0,0.0,0.0,0.0,0.0,0.0,0.0,0.0,0.0,0.0,0.0,0.0,0.0,0.0,0.0,0.0,0.0,0.0,0.0,0.0,0.0,0.0,0.0,0.0,0.544,0.5153
128,0.05,3,10,100,32,16,256,184,440338,73,30,VicregLoss,gru,/home/dpetrovitch/dzagcoffee/train_trace/gender/checkpoints_2025-10-08 10:26:11.109161_VicregLoss_gru_catboost/model_128_0.05_3_10_100_256_32_16_256_VicregLoss_gruepoch=14.ckpt,14,30,0.039970532,168.288,1.4007,0.0073,2.5603,2.8125,5.699,0.1424,4555.5103,222.106,266.3915,12.988,248.2991,12.1059,239.1462,11.6597,228.187,11.1254,220.0958,10.7309,207.1787,10.1011,140.5328,10.138,8.2179,0.5928,7.6598,0.5526,7.3774,0.5322,7.0393,0.5078,6.7897,0.4898,6.3913,0.4611,0.0,0.0,0.0,0.0,0.0,0.0,0.0,0.0,0.0,0.0,0.0,0.0,0.0,0.0,0.0,0.0,0.0,0.0,0.0,0.0,0.0,0.0,0.0,0.0,0.0,0.0,0.0,0.0,0.0,0.0,0.0,0.0,0.0,0.0,0.0,0.564,0.5672
128,0.05,3,10,100,32,16,256,184,440338,73,30,VicregLoss,gru,/home/dpetrovitch/dzagcoffee/train_trace/gender/checkpoints_2025-10-08 10:26:11.109161_VicregLoss_gru_catboost/model_128_0.05_3_10_100_256_32_16_256_VicregLoss_gruepoch=15.ckpt,15,30,0.04234769,168.7458,1.3843,0.0076,2.552,2.8302,5.7078,0.1408,4576.5522,223.22,267.2965,13.0373,249.2423,12.1567,239.8724,11.6997,228.9408,11.1665,220.9892,10.7787,208.0657,10.1483,133.076,9.2044,7.7724,0.5376,7.2474,0.5013,6.975,0.4824,6.6571,0.4604,6.4259,0.4445,6.0501,0.4185,0.0,0.0,0.0,0.0,0.0,0.0,0.0,0.0,0.0,0.0,0.0,0.0,0.0,0.0,0.0,0.0,0.0,0.0,0.0,0.0,0.0,0.0,0.0,0.0,0.0,0.0,0.0,0.0,0.0,0.0,0.0,0.0,0.0,0.0,0.0,0.576,0.5702
128,0.05,3,10,100,32,16,256,184,440338,73,30,VicregLoss,gru,/home/dpetrovitch/dzagcoffee/train_trace/gender/checkpoints_2025-10-08 10:26:11.109161_VicregLoss_gru_catboost/model_128_0.05_3_10_100_256_32_16_256_VicregLoss_gruepoch=16.ckpt,16,30,0.04271604,168.7002,1.4196,0.0073,2.561,2.8604,5.72,0.1383,4600.2476,224.3133,267.852,13.0608,249.8456,12.1828,240.4292,11.7236,229.4636,11.1889,221.5899,10.805,208.7917,10.1809,152.2689,10.4073,8.8659,0.606,8.2699,0.5652,7.9582,0.5439,7.5953,0.5191,7.3347,0.5013,6.911,0.4724,0.0,0.0,0.0,0.0,0.0,0.0,0.0,0.0,0.0,0.0,0.0,0.0,0.0,0.0,0.0,0.0,0.0,0.0,0.0,0.0,0.0,0.0,0.0,0.0,0.0,0.0,0.0,0.0,0.0,0.0,0.0,0.0,0.0,0.0,0.0,0.572,0.5711
128,0.05,3,10,100,32,16,256,184,440338,73,30,VicregLoss,gru,/home/dpetrovitch/dzagcoffee/train_trace/gender/checkpoints_2025-10-08 10:26:11.109161_VicregLoss_gru_catboost/model_128_0.05_3_10_100_256_32_16_256_VicregLoss_gruepoch=17.ckpt,17,30,0.03552032,168.9976,1.3606,0.0083,2.5372,2.8705,5.7018,0.1377,4611.7134,224.7946,268.7079,13.098,250.5889,12.2148,241.0954,11.752,229.7834,11.2006,221.6147,10.8024,208.246,10.1508,144.3286,10.0308,8.4095,0.5845,7.8424,0.545,7.5453,0.5244,7.1913,0.4998,6.9357,0.482,6.5173,0.453,0.0,0.0,0.0,0.0,0.0,0.0,0.0,0.0,0.0,0.0,0.0,0.0,0.0,0.0,0.0,0.0,0.0,0.0,0.0,0.0,0.0,0.0,0.0,0.0,0.0,0.0,0.0,0.0,0.0,0.0,0.0,0.0,0.0,0.0,0.0,0.556,0.5901
128,0.05,3,10,100,32,16,256,184,440338,73,30,VicregLoss,gru,/home/dpetrovitch/dzagcoffee/train_trace/gender/checkpoints_2025-10-08 10:26:11.109161_VicregLoss_gru_catboost/model_128_0.05_3_10_100_256_32_16_256_VicregLoss_gruepoch=18.ckpt,18,30,0.040840015,169.3824,1.3577,0.0078,2.5377,2.8806,5.7847,0.1369,4613.221,224.8902,268.4539,13.0869,250.5644,12.2148,241.1807,11.7573,229.9653,11.2106,221.9571,10.8202,208.36,10.1574,139.314,9.5599,8.107,0.5563,7.5668,0.5192,7.2834,0.4998,6.9447,0.4766,6.7029,0.46,6.2922,0.4318,0.0,0.0,0.0,0.0,0.0,0.0,0.0,0.0,0.0,0.0,0.0,0.0,0.0,0.0,0.0,0.0,0.0,0.0,0.0,0.0,0.0,0.0,0.0,0.0,0.0,0.0,0.0,0.0,0.0,0.0,0.0,0.0,0.0,0.0,0.0,0.548,0.5648
128,0.05,3,10,100,32,16,256,184,440338,73,30,VicregLoss,gru,/home/dpetrovitch/dzagcoffee/train_trace/gender/checkpoints_2025-10-08 10:26:11.109161_VicregLoss_gru_catboost/model_128_0.05_3_10_100_256_32_16_256_VicregLoss_gruepoch=19.ckpt,19,30,0.043585528,168.9117,1.3497,0.0079,2.5593,2.8826,5.7226,0.1368,4604.0093,224.3663,267.5869,13.0403,249.9813,12.1823,240.5496,11.7227,229.2163,11.1704,221.3187,10.7855,207.6396,10.1189,143.6416,9.8541,8.3485,0.5727,7.7992,0.535,7.505,0.5149,7.1514,0.4906,6.905,0.4737,6.4782,0.4444,0.0,0.0,0.0,0.0,0.0,0.0,0.0,0.0,0.0,0.0,0.0,0.0,0.0,0.0,0.0,0.0,0.0,0.0,0.0,0.0,0.0,0.0,0.0,0.0,0.0,0.0,0.0,0.0,0.0,0.0,0.0,0.0,0.0,0.0,0.0,0.556,0.5279
128,0.05,3,10,100,32,16,256,184,440338,73,30,VicregLoss,gru,/home/dpetrovitch/dzagcoffee/train_trace/gender/checkpoints_2025-10-08 10:26:11.109161_VicregLoss_gru_catboost/model_128_0.05_3_10_100_256_32_16_256_VicregLoss_gruepoch=20.ckpt,20,30,0.043585528,168.9433,1.3634,0.0079,2.5478,2.8938,5.7172,0.1361,4602.032,224.2599,267.0929,13.0156,249.3311,12.1501,239.8348,11.6873,228.7035,11.1449,220.624,10.7511,206.6178,10.0686,138.259,9.5072,8.0243,0.5518,7.4907,0.5151,7.2054,0.4955,6.8709,0.4725,6.6282,0.4558,6.2074,0.4268,0.0,0.0,0.0,0.0,0.0,0.0,0.0,0.0,0.0,0.0,0.0,0.0,0.0,0.0,0.0,0.0,0.0,0.0,0.0,0.0,0.0,0.0,0.0,0.0,0.0,0.0,0.0,0.0,0.0,0.0,0.0,0.0,0.0,0.0,0.0,0.58,0.5487
128,0.05,3,10,100,32,16,256,184,440338,73,30,VicregLoss,gru,/home/dpetrovitch/dzagcoffee/train_trace/gender/checkpoints_2025-10-08 10:26:11.109161_VicregLoss_gru_catboost/model_128_0.05_3_10_100_256_32_16_256_VicregLoss_gruepoch=21.ckpt,21,30,0.03919528,169.3217,1.3319,0.0084,2.5374,2.9125,5.7278,0.1347,4621.7085,225.3133,267.7782,13.0545,250.0781,12.1916,240.6124,11.7301,229.3641,11.1817,221.3118,10.7892,207.5726,10.1194,130.7738,9.4391,7.5769,0.5469,7.0761,0.5107,6.8083,0.4914,6.49,0.4684,6.2621,0.452,5.8734,0.4239,0.0,0.0,0.0,0.0,0.0,0.0,0.0,0.0,0.0,0.0,0.0,0.0,0.0,0.0,0.0,0.0,0.0,0.0,0.0,0.0,0.0,0.0,0.0,0.0,0.0,0.0,0.0,0.0,0.0,0.0,0.0,0.0,0.0,0.0,0.0,0.576,0.5598
128,0.05,3,10,100,32,16,256,184,440338,73,30,VicregLoss,gru,/home/dpetrovitch/dzagcoffee/train_trace/gender/checkpoints_2025-10-08 10:26:11.109161_VicregLoss_gru_catboost/model_128_0.05_3_10_100_256_32_16_256_VicregLoss_gruepoch=22.ckpt,22,30,0.043769702,169.5044,1.3349,0.0087,2.5367,2.9297,5.721,0.1334,4634.4316,225.8885,268.2753,13.0761,250.5593,12.2126,241.2173,11.7573,229.8815,11.2047,221.7943,10.8106,207.9026,10.1335,143.2767,10.1061,8.2939,0.585,7.7462,0.5464,7.4574,0.526,7.1069,0.5013,6.8569,0.4837,6.4275,0.4534,0.0,0.0,0.0,0.0,0.0,0.0,0.0,0.0,0.0,0.0,0.0,0.0,0.0,0.0,0.0,0.0,0.0,0.0,0.0,0.0,0.0,0.0,0.0,0.0,0.0,0.0,0.0,0.0,0.0,0.0,0.0,0.0,0.0,0.0,0.0,0.532,0.5252
128,0.05,3,10,100,32,16,256,184,440338,73,30,VicregLoss,gru,/home/dpetrovitch/dzagcoffee/train_trace/gender/checkpoints_2025-10-08 10:26:11.109161_VicregLoss_gru_catboost/model_128_0.05_3_10_100_256_32_16_256_VicregLoss_gruepoch=23.ckpt,23,30,0.038402893,169.6278,1.3612,0.0086,2.5448,2.9462,5.7003,0.1322,4642.101,226.2577,268.3353,13.0788,250.7178,12.2201,241.3478,11.7634,230.1206,11.2162,222.1718,10.8287,208.5471,10.1647,148.5264,10.0927,8.5855,0.5834,8.0218,0.5451,7.722,0.5247,7.3628,0.5003,7.1085,0.483,6.6726,0.4534,0.0,0.0,0.0,0.0,0.0,0.0,0.0,0.0,0.0,0.0,0.0,0.0,0.0,0.0,0.0,0.0,0.0,0.0,0.0,0.0,0.0,0.0,0.0,0.0,0.0,0.0,0.0,0.0,0.0,0.0,0.0,0.0,0.0,0.0,0.0,0.568,0.5457
128,0.05,3,10,100,32,16,256,184,440338,73,30,VicregLoss,gru,/home/dpetrovitch/dzagcoffee/train_trace/gender/checkpoints_2025-10-08 10:26:11.109161_VicregLoss_gru_catboost/model_128_0.05_3_10_100_256_32_16_256_VicregLoss_gruepoch=24.ckpt,24,30,0.040904265,170.281,1.3463,0.0086,2.5202,2.9561,5.6984,0.1315,4647.744,226.517,268.4188,13.0819,250.6416,12.2155,241.3602,11.7632,230.0348,11.2112,221.8659,10.8131,208.1425,10.1442,149.979,10.4276,8.6617,0.6022,8.088,0.5623,7.7885,0.5415,7.423,0.5161,7.1594,0.4978,6.7166,0.467,0.0,0.0,0.0,0.0,0.0,0.0,0.0,0.0,0.0,0.0,0.0,0.0,0.0,0.0,0.0,0.0,0.0,0.0,0.0,0.0,0.0,0.0,0.0,0.0,0.0,0.0,0.0,0.0,0.0,0.0,0.0,0.0,0.0,0.0,0.0,0.576,0.5432
128,0.05,3,10,100,32,16,256,184,440338,73,30,VicregLoss,gru,/home/dpetrovitch/dzagcoffee/train_trace/gender/checkpoints_2025-10-08 10:26:11.109161_VicregLoss_gru_catboost/model_128_0.05_3_10_100_256_32_16_256_VicregLoss_gruepoch=25.ckpt,25,30,0.036839534,170.5482,1.3239,0.0089,2.5228,2.9679,5.7629,0.1303,4662.219,227.2317,268.9592,13.1088,251.2448,12.2454,242.0256,11.7961,230.6929,11.2437,222.3864,10.8389,208.7334,10.1734,144.4056,9.7408,8.3306,0.5619,7.7819,0.5249,7.4964,0.5057,7.1454,0.482,6.8881,0.4646,6.4652,0.4361,0.0,0.0,0.0,0.0,0.0,0.0,0.0,0.0,0.0,0.0,0.0,0.0,0.0,0.0,0.0,0.0,0.0,0.0,0.0,0.0,0.0,0.0,0.0,0.0,0.0,0.0,0.0,0.0,0.0,0.0,0.0,0.0,0.0,0.0,0.0,0.572,0.5413
128,0.05,3,10,100,32,16,256,184,440338,73,30,VicregLoss,gru,/home/dpetrovitch/dzagcoffee/train_trace/gender/checkpoints_2025-10-08 10:26:11.109161_VicregLoss_gru_catboost/model_128_0.05_3_10_100_256_32_16_256_VicregLoss_gruepoch=26.ckpt,26,30,0.042814557,170.6021,1.333,0.0082,2.523,2.982,5.7725,0.1293,4674.166,227.8454,269.16,13.1204,251.3386,12.2517,242.2694,11.8096,230.9331,11.257,222.6365,10.8526,209.0281,10.1892,152.2787,10.3216,8.7689,0.5944,8.1883,0.555,7.8928,0.535,7.5235,0.51,7.2532,0.4916,6.8099,0.4616,0.0,0.0,0.0,0.0,0.0,0.0,0.0,0.0,0.0,0.0,0.0,0.0,0.0,0.0,0.0,0.0,0.0,0.0,0.0,0.0,0.0,0.0,0.0,0.0,0.0,0.0,0.0,0.0,0.0,0.0,0.0,0.0,0.0,0.0,0.0,0.548,0.5695
128,0.05,3,10,100,32,16,256,184,440338,73,30,VicregLoss,gru,/home/dpetrovitch/dzagcoffee/train_trace/gender/checkpoints_2025-10-08 10:26:11.109161_VicregLoss_gru_catboost/model_128_0.05_3_10_100_256_32_16_256_VicregLoss_gruepoch=27.ckpt,27,30,0.03923811,170.43,1.3423,0.0085,2.5288,2.9807,5.795,0.1293,4674.477,227.9016,269.1763,13.1235,251.2699,12.2505,241.9731,11.7973,230.8418,11.2546,222.8584,10.8653,209.3069,10.2046,149.7072,10.4214,8.6208,0.6001,8.0473,0.5602,7.7496,0.5395,7.3931,0.5146,7.1374,0.4968,6.7034,0.4666,0.0,0.0,0.0,0.0,0.0,0.0,0.0,0.0,0.0,0.0,0.0,0.0,0.0,0.0,0.0,0.0,0.0,0.0,0.0,0.0,0.0,0.0,0.0,0.0,0.0,0.0,0.0,0.0,0.0,0.0,0.0,0.0,0.0,0.0,0.0,0.556,0.5428
128,0.05,3,10,100,32,16,256,184,440338,73,30,VicregLoss,gru,/home/dpetrovitch/dzagcoffee/train_trace/gender/checkpoints_2025-10-08 10:26:11.109161_VicregLoss_gru_catboost/model_128_0.05_3_10_100_256_32_16_256_VicregLoss_gruepoch=28.ckpt,28,30,0.041067023,170.6159,1.3411,0.0078,2.5149,3.0004,5.7764,0.1281,4675.493,227.9825,268.8729,13.1106,251.0413,12.2411,241.7665,11.7888,230.6219,11.2454,222.5963,10.8541,209.0581,10.1939,146.0215,9.8301,8.3972,0.5653,7.8403,0.5278,7.5507,0.5083,7.2026,0.4849,6.952,0.468,6.5291,0.4395,0.0,0.0,0.0,0.0,0.0,0.0,0.0,0.0,0.0,0.0,0.0,0.0,0.0,0.0,0.0,0.0,0.0,0.0,0.0,0.0,0.0,0.0,0.0,0.0,0.0,0.0,0.0,0.0,0.0,0.0,0.0,0.0,0.0,0.0,0.0,0.548,0.5223
128,0.05,3,10,100,32,16,256,184,440338,73,30,VicregLoss,gru,/home/dpetrovitch/dzagcoffee/train_trace/gender/checkpoints_2025-10-08 10:26:11.109161_VicregLoss_gru_catboost/model_128_0.05_3_10_100_256_32_16_256_VicregLoss_gruepoch=29.ckpt,29,30,0.04048023,170.5896,1.3296,0.0083,2.5144,3.0076,5.8315,0.1276,4680.0703,228.2877,269.0013,13.1215,251.2492,12.2556,242.0576,11.8073,230.9698,11.2664,222.9435,10.8749,209.2194,10.2054,141.2029,9.8197,8.1161,0.5644,7.5805,0.5272,7.3031,0.5079,6.9686,0.4846,6.7265,0.4678,6.3124,0.439,0.0,0.0,0.0,0.0,0.0,0.0,0.0,0.0,0.0,0.0,0.0,0.0,0.0,0.0,0.0,0.0,0.0,0.0,0.0,0.0,0.0,0.0,0.0,0.0,0.0,0.0,0.0,0.0,0.0,0.0,0.0,0.0,0.0,0.0,0.0,0.544,0.5417
128,0.001,3,10,100,32,16,256,184,440338,73,30,VicregLoss,gru,/home/dpetrovitch/dzagcoffee/train_trace/gender/checkpoints_2025-10-08 10:26:11.109161_VicregLoss_gru_catboost/model_128_0.001_3_10_100_256_32_16_256_VicregLoss_gruepoch=00.ckpt,0,30,0.062786974,30.1448,1.6716,0.0003,4.3939,1.1622,1.1638,0.5648,607.4284,30.5393,74.745,3.7579,53.072,2.6683,44.7347,2.2491,37.989,1.91,34.9282,1.7561,31.4639,1.5819,28.2883,2.7817,3.4809,0.3423,2.4716,0.243,2.0833,0.2049,1.7692,0.174,1.6266,0.16,1.4653,0.1441,0.0,0.0,0.0,0.0,0.0,0.0,0.0,0.0,0.0,0.0,0.0,0.0,0.0,0.0,0.0,0.0,0.0,0.0,0.0,0.0,0.0,0.0,0.0,0.0,0.0,0.0,0.0,0.0,0.0,0.0,0.0,0.0,0.0,0.0,0.0,0.552,0.5498
128,0.001,3,10,100,32,16,256,184,440338,73,30,VicregLoss,gru,/home/dpetrovitch/dzagcoffee/train_trace/gender/checkpoints_2025-10-08 10:26:11.109161_VicregLoss_gru_catboost/model_128_0.001_3_10_100_256_32_16_256_VicregLoss_gruepoch=01.ckpt,1,30,0.056580663,25.1619,1.672,0.0003,4.1916,1.4037,1.3984,0.5079,555.3168,28.8575,41.6826,2.1661,32.7949,1.7042,30.2671,1.5729,28.1413,1.4624,27.002,1.4032,25.6502,1.3329,20.9256,2.9948,1.5707,0.2248,1.2358,0.1769,1.1405,0.1632,1.0604,0.1518,1.0175,0.1456,0.9666,0.1383,0.0,0.0,0.0,0.0,0.0,0.0,0.0,0.0,0.0,0.0,0.0,0.0,0.0,0.0,0.0,0.0,0.0,0.0,0.0,0.0,0.0,0.0,0.0,0.0,0.0,0.0,0.0,0.0,0.0,0.0,0.0,0.0,0.0,0.0,0.0,0.56,0.4977
128,0.001,3,10,100,32,16,256,184,440338,73,30,VicregLoss,gru,/home/dpetrovitch/dzagcoffee/train_trace/gender/checkpoints_2025-10-08 10:26:11.109161_VicregLoss_gru_catboost/model_128_0.001_3_10_100_256_32_16_256_VicregLoss_gruepoch=02.ckpt,2,30,0.062131647,29.5575,1.6641,0.0005,3.9758,1.7921,1.7917,0.4665,622.1208,31.6571,46.982,2.3907,37.3603,1.9011,34.524,1.7568,32.1069,1.6338,30.8022,1.5674,29.098,1.4807,26.0878,5.9946,1.9701,0.4527,1.5667,0.36,1.4477,0.3327,1.3464,0.3094,1.2916,0.2968,1.2202,0.2804,0.0,0.0,0.0,0.0,0.0,0.0,0.0,0.0,0.0,0.0,0.0,0.0,0.0,0.0,0.0,0.0,0.0,0.0,0.0,0.0,0.0,0.0,0.0,0.0,0.0,0.0,0.0,0.0,0.0,0.0,0.0,0.0,0.0,0.0,0.0,0.532,0.4752
128,0.001,3,10,100,32,16,256,184,440338,73,30,VicregLoss,gru,/home/dpetrovitch/dzagcoffee/train_trace/gender/checkpoints_2025-10-08 10:26:11.109161_VicregLoss_gru_catboost/model_128_0.001_3_10_100_256_32_16_256_VicregLoss_gruepoch=03.ckpt,3,30,0.05951035,27.9176,1.6598,0.0004,3.9675,1.6485,1.6516,0.4826,608.6814,31.1803,45.4339,2.3274,35.774,1.8326,33.0584,1.6934,30.6966,1.5725,29.4098,1.5065,27.8072,1.4245,25.2647,6.3671,1.8858,0.4753,1.4849,0.3742,1.3722,0.3458,1.2741,0.3211,1.2207,0.3076,1.1542,0.2909,0.0,0.0,0.0,0.0,0.0,0.0,0.0,0.0,0.0,0.0,0.0,0.0,0.0,0.0,0.0,0.0,0.0,0.0,0.0,0.0,0.0,0.0,0.0,0.0,0.0,0.0,0.0,0.0,0.0,0.0,0.0,0.0,0.0,0.0,0.0,0.544,0.4902
128,0.001,3,10,100,32,16,256,184,440338,73,30,VicregLoss,gru,/home/dpetrovitch/dzagcoffee/train_trace/gender/checkpoints_2025-10-08 10:26:11.109161_VicregLoss_gru_catboost/model_128_0.001_3_10_100_256_32_16_256_VicregLoss_gruepoch=04.ckpt,4,30,0.06467157,28.0703,1.6427,0.0004,3.933,1.6412,1.6347,0.489,611.9886,31.1986,46.3635,2.3636,36.1695,1.8439,33.3752,1.7014,31.15,1.588,30.0215,1.5305,28.6582,1.461,29.1299,6.8835,2.2068,0.5215,1.7216,0.4068,1.5886,0.3754,1.4827,0.3504,1.429,0.3377,1.3641,0.3223,0.0,0.0,0.0,0.0,0.0,0.0,0.0,0.0,0.0,0.0,0.0,0.0,0.0,0.0,0.0,0.0,0.0,0.0,0.0,0.0,0.0,0.0,0.0,0.0,0.0,0.0,0.0,0.0,0.0,0.0,0.0,0.0,0.0,0.0,0.0,0.548,0.4981
128,0.001,3,10,100,32,16,256,184,440338,73,30,VicregLoss,gru,/home/dpetrovitch/dzagcoffee/train_trace/gender/checkpoints_2025-10-08 10:26:11.109161_VicregLoss_gru_catboost/model_128_0.001_3_10_100_256_32_16_256_VicregLoss_gruepoch=05.ckpt,5,30,0.05926621,27.3684,1.6594,0.0005,3.9227,1.8803,1.8843,0.4664,596.5993,30.6281,42.2962,2.1714,33.9992,1.7454,31.6985,1.6273,29.7758,1.5286,28.7381,1.4754,27.367,1.405,25.0876,6.4409,1.7786,0.4566,1.4297,0.3671,1.333,0.3422,1.2521,0.3215,1.2085,0.3103,1.1508,0.2955,0.0,0.0,0.0,0.0,0.0,0.0,0.0,0.0,0.0,0.0,0.0,0.0,0.0,0.0,0.0,0.0,0.0,0.0,0.0,0.0,0.0,0.0,0.0,0.0,0.0,0.0,0.0,0.0,0.0,0.0,0.0,0.0,0.0,0.0,0.0,0.56,0.5105
128,0.001,3,10,100,32,16,256,184,440338,73,30,VicregLoss,gru,/home/dpetrovitch/dzagcoffee/train_trace/gender/checkpoints_2025-10-08 10:26:11.109161_VicregLoss_gru_catboost/model_128_0.001_3_10_100_256_32_16_256_VicregLoss_gruepoch=06.ckpt,6,30,0.06613641,27.757,1.6511,0.0005,3.8829,1.9341,1.9363,0.4627,604.7862,30.8925,47.7312,2.4381,37.5258,1.9168,34.4716,1.7608,31.8771,1.6283,30.5877,1.5624,28.9687,1.4797,26.7226,5.0675,2.109,0.3999,1.6581,0.3144,1.5231,0.2888,1.4085,0.2671,1.3515,0.2563,1.28,0.2427,0.0,0.0,0.0,0.0,0.0,0.0,0.0,0.0,0.0,0.0,0.0,0.0,0.0,0.0,0.0,0.0,0.0,0.0,0.0,0.0,0.0,0.0,0.0,0.0,0.0,0.0,0.0,0.0,0.0,0.0,0.0,0.0,0.0,0.0,0.0,0.556,0.5231
128,0.001,3,10,100,32,16,256,184,440338,73,30,VicregLoss,gru,/home/dpetrovitch/dzagcoffee/train_trace/gender/checkpoints_2025-10-08 10:26:11.109161_VicregLoss_gru_catboost/model_128_0.001_3_10_100_256_32_16_256_VicregLoss_gruepoch=07.ckpt,7,30,0.060465496,25.9676,1.661,0.0004,3.8864,1.9477,1.9512,0.4677,578.7224,29.8408,42.2373,2.1779,33.9225,1.7492,31.4598,1.6222,29.4621,1.5192,28.4146,1.4652,27.1021,1.3975,27.5832,5.9893,2.0131,0.4371,1.6168,0.3511,1.4994,0.3256,1.4042,0.3049,1.3543,0.2941,1.2917,0.2805,0.0,0.0,0.0,0.0,0.0,0.0,0.0,0.0,0.0,0.0,0.0,0.0,0.0,0.0,0.0,0.0,0.0,0.0,0.0,0.0,0.0,0.0,0.0,0.0,0.0,0.0,0.0,0.0,0.0,0.0,0.0,0.0,0.0,0.0,0.0,0.584,0.5279
128,0.001,3,10,100,32,16,256,184,440338,73,30,VicregLoss,gru,/home/dpetrovitch/dzagcoffee/train_trace/gender/checkpoints_2025-10-08 10:26:11.109161_VicregLoss_gru_catboost/model_128_0.001_3_10_100_256_32_16_256_VicregLoss_gruepoch=08.ckpt,8,30,0.06378495,25.8431,1.6683,0.0004,3.8959,1.6065,1.6043,0.4971,573.7604,29.4625,43.5314,2.2353,33.9167,1.7416,31.4408,1.6145,29.3938,1.5094,28.2763,1.452,26.9167,1.3822,26.818,6.3337,2.0347,0.4805,1.5853,0.3744,1.4696,0.3471,1.3739,0.3245,1.3217,0.3121,1.2581,0.2971,0.0,0.0,0.0,0.0,0.0,0.0,0.0,0.0,0.0,0.0,0.0,0.0,0.0,0.0,0.0,0.0,0.0,0.0,0.0,0.0,0.0,0.0,0.0,0.0,0.0,0.0,0.0,0.0,0.0,0.0,0.0,0.0,0.0,0.0,0.0,0.556,0.5002
128,0.001,3,10,100,32,16,256,184,440338,73,30,VicregLoss,gru,/home/dpetrovitch/dzagcoffee/train_trace/gender/checkpoints_2025-10-08 10:26:11.109161_VicregLoss_gru_catboost/model_128_0.001_3_10_100_256_32_16_256_VicregLoss_gruepoch=09.ckpt,9,30,0.069010414,24.13,1.6551,0.0004,3.8735,1.9122,1.9112,0.4684,548.9978,28.3341,41.2185,2.1273,32.7491,1.6902,30.3014,1.5639,28.295,1.4603,27.2325,1.4055,25.7375,1.3283,25.1364,5.7399,1.8872,0.4309,1.4994,0.3424,1.3874,0.3168,1.2955,0.2958,1.2469,0.2847,1.1784,0.2691,0.0,0.0,0.0,0.0,0.0,0.0,0.0,0.0,0.0,0.0,0.0,0.0,0.0,0.0,0.0,0.0,0.0,0.0,0.0,0.0,0.0,0.0,0.0,0.0,0.0,0.0,0.0,0.0,0.0,0.0,0.0,0.0,0.0,0.0,0.0,0.512,0.4991
128,0.001,3,10,100,32,16,256,184,440338,73,30,VicregLoss,gru,/home/dpetrovitch/dzagcoffee/train_trace/gender/checkpoints_2025-10-08 10:26:11.109161_VicregLoss_gru_catboost/model_128_0.001_3_10_100_256_32_16_256_VicregLoss_gruepoch=10.ckpt,10,30,0.067746885,23.9933,1.6605,0.0004,3.9028,1.675,1.6712,0.4872,549.3956,28.3162,40.9276,2.1094,32.0145,1.6501,29.7066,1.5311,27.8964,1.4378,26.9701,1.3901,25.821,1.3308,26.3605,6.036,1.9637,0.4497,1.5361,0.3517,1.4254,0.3264,1.3385,0.3065,1.2941,0.2963,1.2389,0.2837,0.0,0.0,0.0,0.0,0.0,0.0,0.0,0.0,0.0,0.0,0.0,0.0,0.0,0.0,0.0,0.0,0.0,0.0,0.0,0.0,0.0,0.0,0.0,0.0,0.0,0.0,0.0,0.0,0.0,0.0,0.0,0.0,0.0,0.0,0.0,0.548,0.4945
128,0.001,3,10,100,32,16,256,184,440338,73,30,VicregLoss,gru,/home/dpetrovitch/dzagcoffee/train_trace/gender/checkpoints_2025-10-08 10:26:11.109161_VicregLoss_gru_catboost/model_128_0.001_3_10_100_256_32_16_256_VicregLoss_gruepoch=11.ckpt,11,30,0.06339518,23.999,1.6596,0.0004,3.8653,1.9286,1.9258,0.4665,549.227,28.3534,42.1065,2.1737,33.4221,1.7254,30.8384,1.592,28.6991,1.4816,27.5951,1.4246,26.2464,1.355,25.2567,5.863,1.9363,0.4495,1.5369,0.3568,1.4181,0.3292,1.3198,0.3064,1.269,0.2946,1.207,0.2802,0.0,0.0,0.0,0.0,0.0,0.0,0.0,0.0,0.0,0.0,0.0,0.0,0.0,0.0,0.0,0.0,0.0,0.0,0.0,0.0,0.0,0.0,0.0,0.0,0.0,0.0,0.0,0.0,0.0,0.0,0.0,0.0,0.0,0.0,0.0,0.536,0.5118
128,0.001,3,10,100,32,16,256,184,440338,73,30,VicregLoss,gru,/home/dpetrovitch/dzagcoffee/train_trace/gender/checkpoints_2025-10-08 10:26:11.109161_VicregLoss_gru_catboost/model_128_0.001_3_10_100_256_32_16_256_VicregLoss_gruepoch=12.ckpt,12,30,0.069781385,23.4465,1.6595,0.0004,3.8827,1.7859,1.7841,0.4719,537.6402,27.7231,41.4213,2.1359,32.8545,1.6941,30.4512,1.5702,28.3885,1.4638,27.2323,1.4042,25.6431,1.3223,25.5044,5.7539,1.9649,0.4433,1.5585,0.3516,1.4445,0.3259,1.3467,0.3038,1.2918,0.2914,1.2164,0.2744,0.0,0.0,0.0,0.0,0.0,0.0,0.0,0.0,0.0,0.0,0.0,0.0,0.0,0.0,0.0,0.0,0.0,0.0,0.0,0.0,0.0,0.0,0.0,0.0,0.0,0.0,0.0,0.0,0.0,0.0,0.0,0.0,0.0,0.0,0.0,0.5,0.5036
128,0.001,3,10,100,32,16,256,184,440338,73,30,VicregLoss,gru,/home/dpetrovitch/dzagcoffee/train_trace/gender/checkpoints_2025-10-08 10:26:11.109161_VicregLoss_gru_catboost/model_128_0.001_3_10_100_256_32_16_256_VicregLoss_gruepoch=13.ckpt,13,30,0.06543397,22.3764,1.6643,0.0004,3.8753,1.7417,1.7401,0.4779,517.363,26.8,38.5594,1.9974,30.79,1.595,28.5438,1.4786,26.6289,1.3794,25.5674,1.3244,24.2915,1.2583,23.8374,5.8505,1.7766,0.436,1.4186,0.3482,1.3151,0.3228,1.2269,0.3011,1.178,0.2891,1.1192,0.2747,0.0,0.0,0.0,0.0,0.0,0.0,0.0,0.0,0.0,0.0,0.0,0.0,0.0,0.0,0.0,0.0,0.0,0.0,0.0,0.0,0.0,0.0,0.0,0.0,0.0,0.0,0.0,0.0,0.0,0.0,0.0,0.0,0.0,0.0,0.0,0.508,0.4638
128,0.001,3,10,100,32,16,256,184,440338,73,30,VicregLoss,gru,/home/dpetrovitch/dzagcoffee/train_trace/gender/checkpoints_2025-10-08 10:26:11.109161_VicregLoss_gru_catboost/model_128_0.001_3_10_100_256_32_16_256_VicregLoss_gruepoch=14.ckpt,14,30,0.06933594,23.3836,1.665,0.0004,3.8759,1.7441,1.7415,0.4727,538.2795,27.7559,42.7731,2.2056,33.5019,1.7275,30.9036,1.5935,28.7856,1.4843,27.6521,1.4259,26.2411,1.3531,27.9826,5.767,2.2236,0.4583,1.7416,0.3589,1.6065,0.3311,1.4964,0.3084,1.4375,0.2963,1.3641,0.2811,0.0,0.0,0.0,0.0,0.0,0.0,0.0,0.0,0.0,0.0,0.0,0.0,0.0,0.0,0.0,0.0,0.0,0.0,0.0,0.0,0.0,0.0,0.0,0.0,0.0,0.0,0.0,0.0,0.0,0.0,0.0,0.0,0.0,0.0,0.0,0.552,0.5133
128,0.001,3,10,100,32,16,256,184,440338,73,30,VicregLoss,gru,/home/dpetrovitch/dzagcoffee/train_trace/gender/checkpoints_2025-10-08 10:26:11.109161_VicregLoss_gru_catboost/model_128_0.001_3_10_100_256_32_16_256_VicregLoss_gruepoch=15.ckpt,15,30,0.07043243,23.4609,1.6679,0.0004,3.883,2.0245,2.033,0.4611,547.1549,28.1302,43.3218,2.2272,34.3823,1.7677,31.7302,1.6313,29.5303,1.5182,28.359,1.458,26.8813,1.382,29.996,6.8387,2.375,0.5415,1.8849,0.4297,1.7395,0.3966,1.6189,0.3691,1.5547,0.3544,1.4737,0.336,0.0,0.0,0.0,0.0,0.0,0.0,0.0,0.0,0.0,0.0,0.0,0.0,0.0,0.0,0.0,0.0,0.0,0.0,0.0,0.0,0.0,0.0,0.0,0.0,0.0,0.0,0.0,0.0,0.0,0.0,0.0,0.0,0.0,0.0,0.0,0.54,0.4611
128,0.001,3,10,100,32,16,256,184,440338,73,30,VicregLoss,gru,/home/dpetrovitch/dzagcoffee/train_trace/gender/checkpoints_2025-10-08 10:26:11.109161_VicregLoss_gru_catboost/model_128_0.001_3_10_100_256_32_16_256_VicregLoss_gruepoch=16.ckpt,16,30,0.07135331,24.6112,1.6617,0.0004,3.876,1.8842,1.8753,0.4474,569.6488,29.4792,45.7266,2.3663,35.9519,1.8605,33.0597,1.7108,30.6678,1.5871,29.2937,1.5159,27.612,1.4289,29.6772,5.7076,2.3822,0.4582,1.873,0.3602,1.7223,0.3312,1.5977,0.3073,1.5261,0.2935,1.4385,0.2767,0.0,0.0,0.0,0.0,0.0,0.0,0.0,0.0,0.0,0.0,0.0,0.0,0.0,0.0,0.0,0.0,0.0,0.0,0.0,0.0,0.0,0.0,0.0,0.0,0.0,0.0,0.0,0.0,0.0,0.0,0.0,0.0,0.0,0.0,0.0,0.548,0.4974
128,0.001,3,10,100,32,16,256,184,440338,73,30,VicregLoss,gru,/home/dpetrovitch/dzagcoffee/train_trace/gender/checkpoints_2025-10-08 10:26:11.109161_VicregLoss_gru_catboost/model_128_0.001_3_10_100_256_32_16_256_VicregLoss_gruepoch=17.ckpt,17,30,0.067969605,23.168,1.6689,0.0004,3.9005,1.7306,1.7527,0.4717,546.3277,28.1933,42.8227,2.2099,33.1944,1.713,30.5532,1.5767,28.3652,1.4638,27.1219,1.3996,25.4992,1.3159,26.1787,5.257,2.052,0.4121,1.5906,0.3194,1.464,0.294,1.3592,0.2729,1.2996,0.261,1.2219,0.2454,0.0,0.0,0.0,0.0,0.0,0.0,0.0,0.0,0.0,0.0,0.0,0.0,0.0,0.0,0.0,0.0,0.0,0.0,0.0,0.0,0.0,0.0,0.0,0.0,0.0,0.0,0.0,0.0,0.0,0.0,0.0,0.0,0.0,0.0,0.0,0.552,0.4743
128,0.001,3,10,100,32,16,256,184,440338,73,30,VicregLoss,gru,/home/dpetrovitch/dzagcoffee/train_trace/gender/checkpoints_2025-10-08 10:26:11.109161_VicregLoss_gru_catboost/model_128_0.001_3_10_100_256_32_16_256_VicregLoss_gruepoch=18.ckpt,18,30,0.078686096,24.033,1.6582,0.0004,3.8876,1.8636,1.8622,0.447,574.1002,29.649,46.6308,2.4082,36.7232,1.8965,33.676,1.7392,31.0627,1.6042,29.6437,1.5309,27.8439,1.438,30.9464,5.6408,2.5136,0.4582,1.9795,0.3608,1.8153,0.3309,1.6744,0.3052,1.5979,0.2913,1.5009,0.2736,0.0,0.0,0.0,0.0,0.0,0.0,0.0,0.0,0.0,0.0,0.0,0.0,0.0,0.0,0.0,0.0,0.0,0.0,0.0,0.0,0.0,0.0,0.0,0.0,0.0,0.0,0.0,0.0,0.0,0.0,0.0,0.0,0.0,0.0,0.0,0.56,0.5266
128,0.001,3,10,100,32,16,256,184,440338,73,30,VicregLoss,gru,/home/dpetrovitch/dzagcoffee/train_trace/gender/checkpoints_2025-10-08 10:26:11.109161_VicregLoss_gru_catboost/model_128_0.001_3_10_100_256_32_16_256_VicregLoss_gruepoch=19.ckpt,19,30,0.072282754,21.9047,1.6674,0.0004,3.8949,1.7336,1.736,0.4768,522.0306,27.0603,39.314,2.0379,31.5768,1.6368,29.2496,1.5162,27.2908,1.4147,26.2889,1.3627,25.0204,1.297,25.5918,5.5709,1.9273,0.4195,1.548,0.337,1.4339,0.3121,1.3379,0.2912,1.2888,0.2805,1.2266,0.267,0.0,0.0,0.0,0.0,0.0,0.0,0.0,0.0,0.0,0.0,0.0,0.0,0.0,0.0,0.0,0.0,0.0,0.0,0.0,0.0,0.0,0.0,0.0,0.0,0.0,0.0,0.0,0.0,0.0,0.0,0.0,0.0,0.0,0.0,0.0,0.54,0.4941
128,0.001,3,10,100,32,16,256,184,440338,73,30,VicregLoss,gru,/home/dpetrovitch/dzagcoffee/train_trace/gender/checkpoints_2025-10-08 10:26:11.109161_VicregLoss_gru_catboost/model_128_0.001_3_10_100_256_32_16_256_VicregLoss_gruepoch=20.ckpt,20,30,0.075537965,22.3151,1.6624,0.0004,3.8775,1.8081,1.8115,0.4652,529.3016,27.3156,41.7595,2.1551,33.2719,1.7171,30.5103,1.5745,28.2857,1.4597,27.0775,1.3974,25.6473,1.3236,28.1644,6.2458,2.222,0.4928,1.7704,0.3926,1.6235,0.36,1.5051,0.3338,1.4408,0.3195,1.3647,0.3026,0.0,0.0,0.0,0.0,0.0,0.0,0.0,0.0,0.0,0.0,0.0,0.0,0.0,0.0,0.0,0.0,0.0,0.0,0.0,0.0,0.0,0.0,0.0,0.0,0.0,0.0,0.0,0.0,0.0,0.0,0.0,0.0,0.0,0.0,0.0,0.552,0.5191
128,0.001,3,10,100,32,16,256,184,440338,73,30,VicregLoss,gru,/home/dpetrovitch/dzagcoffee/train_trace/gender/checkpoints_2025-10-08 10:26:11.109161_VicregLoss_gru_catboost/model_128_0.001_3_10_100_256_32_16_256_VicregLoss_gruepoch=21.ckpt,21,30,0.076493114,22.8615,1.6553,0.0004,3.8879,1.9616,1.9654,0.4494,546.9882,28.3213,44.222,2.2897,35.249,1.8251,32.3411,1.6745,29.935,1.5499,28.5991,1.4808,26.9374,1.3947,30.8469,6.0331,2.4939,0.4878,1.9878,0.3888,1.8238,0.3567,1.6882,0.3302,1.6128,0.3154,1.5191,0.2971,0.0,0.0,0.0,0.0,0.0,0.0,0.0,0.0,0.0,0.0,0.0,0.0,0.0,0.0,0.0,0.0,0.0,0.0,0.0,0.0,0.0,0.0,0.0,0.0,0.0,0.0,0.0,0.0,0.0,0.0,0.0,0.0,0.0,0.0,0.0,0.568,0.5194
128,0.001,3,10,100,32,16,256,184,440338,73,30,VicregLoss,gru,/home/dpetrovitch/dzagcoffee/train_trace/gender/checkpoints_2025-10-08 10:26:11.109161_VicregLoss_gru_catboost/model_128_0.001_3_10_100_256_32_16_256_VicregLoss_gruepoch=22.ckpt,22,30,0.08107182,23.0783,1.6633,0.0004,3.8952,1.8834,1.8862,0.4431,554.9116,28.7969,44.0851,2.2878,35.4315,1.8387,32.5048,1.6868,30.0792,1.5609,28.7174,1.4903,27.0754,1.4051,30.6094,5.8372,2.4318,0.4637,1.9544,0.3727,1.793,0.3419,1.6592,0.3164,1.5841,0.3021,1.4935,0.2848,0.0,0.0,0.0,0.0,0.0,0.0,0.0,0.0,0.0,0.0,0.0,0.0,0.0,0.0,0.0,0.0,0.0,0.0,0.0,0.0,0.0,0.0,0.0,0.0,0.0,0.0,0.0,0.0,0.0,0.0,0.0,0.0,0.0,0.0,0.0,0.548,0.5238
128,0.001,3,10,100,32,16,256,184,440338,73,30,VicregLoss,gru,/home/dpetrovitch/dzagcoffee/train_trace/gender/checkpoints_2025-10-08 10:26:11.109161_VicregLoss_gru_catboost/model_128_0.001_3_10_100_256_32_16_256_VicregLoss_gruepoch=23.ckpt,23,30,0.078754626,23.0846,1.6303,0.0004,3.8713,1.8537,1.8451,0.438,563.824,28.9995,46.068,2.3694,36.7937,1.8924,33.6684,1.7317,31.0804,1.5986,29.6938,1.5273,27.9951,1.4399,32.8221,6.4513,2.6818,0.5271,2.1419,0.421,1.96,0.3852,1.8093,0.3556,1.7286,0.3398,1.6297,0.3203,0.0,0.0,0.0,0.0,0.0,0.0,0.0,0.0,0.0,0.0,0.0,0.0,0.0,0.0,0.0,0.0,0.0,0.0,0.0,0.0,0.0,0.0,0.0,0.0,0.0,0.0,0.0,0.0,0.0,0.0,0.0,0.0,0.0,0.0,0.0,0.54,0.493
128,0.001,3,10,100,32,16,256,184,440338,73,30,VicregLoss,gru,/home/dpetrovitch/dzagcoffee/train_trace/gender/checkpoints_2025-10-08 10:26:11.109161_VicregLoss_gru_catboost/model_128_0.001_3_10_100_256_32_16_256_VicregLoss_gruepoch=24.ckpt,24,30,0.07859186,22.9945,1.6578,0.0004,3.9074,1.9073,1.9263,0.4364,557.7221,28.6383,46.4431,2.3848,36.5795,1.8783,33.4975,1.7201,31.0047,1.592,29.5722,1.5185,27.7314,1.424,34.646,5.8737,2.8851,0.4891,2.2723,0.3852,2.0809,0.3528,1.926,0.3265,1.837,0.3114,1.7227,0.2921,0.0,0.0,0.0,0.0,0.0,0.0,0.0,0.0,0.0,0.0,0.0,0.0,0.0,0.0,0.0,0.0,0.0,0.0,0.0,0.0,0.0,0.0,0.0,0.0,0.0,0.0,0.0,0.0,0.0,0.0,0.0,0.0,0.0,0.0,0.0,0.536,0.507
128,0.001,3,10,100,32,16,256,184,440338,73,30,VicregLoss,gru,/home/dpetrovitch/dzagcoffee/train_trace/gender/checkpoints_2025-10-08 10:26:11.109161_VicregLoss_gru_catboost/model_128_0.001_3_10_100_256_32_16_256_VicregLoss_gruepoch=25.ckpt,25,30,0.08347467,23.2356,1.6388,0.0004,3.8923,1.8745,1.8683,0.4224,574.8524,29.6791,47.823,2.4691,38.422,1.9837,35.0449,1.8093,32.2632,1.6657,30.864,1.5935,29.0628,1.5005,39.0925,6.4396,3.2522,0.5357,2.6129,0.4304,2.3832,0.3926,2.194,0.3614,2.0989,0.3457,1.9764,0.3256,0.0,0.0,0.0,0.0,0.0,0.0,0.0,0.0,0.0,0.0,0.0,0.0,0.0,0.0,0.0,0.0,0.0,0.0,0.0,0.0,0.0,0.0,0.0,0.0,0.0,0.0,0.0,0.0,0.0,0.0,0.0,0.0,0.0,0.0,0.0,0.58,0.5247
128,0.001,3,10,100,32,16,256,184,440338,73,30,VicregLoss,gru,/home/dpetrovitch/dzagcoffee/train_trace/gender/checkpoints_2025-10-08 10:26:11.109161_VicregLoss_gru_catboost/model_128_0.001_3_10_100_256_32_16_256_VicregLoss_gruepoch=26.ckpt,26,30,0.08526076,23.118,1.6598,0.0004,3.9021,1.9859,1.9932,0.4187,568.4648,29.2683,47.7315,2.4575,38.1454,1.964,35.1091,1.8076,32.4546,1.671,30.975,1.5948,29.1587,1.5013,37.2721,5.862,3.1296,0.4922,2.5011,0.3934,2.302,0.362,2.1279,0.3347,2.0309,0.3194,1.9118,0.3007,0.0,0.0,0.0,0.0,0.0,0.0,0.0,0.0,0.0,0.0,0.0,0.0,0.0,0.0,0.0,0.0,0.0,0.0,0.0,0.0,0.0,0.0,0.0,0.0,0.0,0.0,0.0,0.0,0.0,0.0,0.0,0.0,0.0,0.0,0.0,0.556,0.5474
128,0.001,3,10,100,32,16,256,184,440338,73,30,VicregLoss,gru,/home/dpetrovitch/dzagcoffee/train_trace/gender/checkpoints_2025-10-08 10:26:11.109161_VicregLoss_gru_catboost/model_128_0.001_3_10_100_256_32_16_256_VicregLoss_gruepoch=27.ckpt,27,30,0.088370346,22.7147,1.666,0.0004,3.9065,1.8711,1.8749,0.4287,561.5589,28.7388,46.297,2.3693,37.2223,1.9049,34.1725,1.7488,31.5693,1.6156,30.0602,1.5384,28.308,1.4487,37.2372,6.6266,3.07,0.5463,2.4682,0.4392,2.266,0.4032,2.0934,0.3725,1.9933,0.3547,1.8771,0.334,0.0,0.0,0.0,0.0,0.0,0.0,0.0,0.0,0.0,0.0,0.0,0.0,0.0,0.0,0.0,0.0,0.0,0.0,0.0,0.0,0.0,0.0,0.0,0.0,0.0,0.0,0.0,0.0,0.0,0.0,0.0,0.0,0.0,0.0,0.0,0.56,0.5563
128,0.001,3,10,100,32,16,256,184,440338,73,30,VicregLoss,gru,/home/dpetrovitch/dzagcoffee/train_trace/gender/checkpoints_2025-10-08 10:26:11.109161_VicregLoss_gru_catboost/model_128_0.001_3_10_100_256_32_16_256_VicregLoss_gruepoch=28.ckpt,28,30,0.089937985,23.1751,1.6661,0.0004,3.9038,2.0442,2.0427,0.4189,572.372,29.2694,47.7026,2.4394,38.5952,1.9736,35.4272,1.8116,32.713,1.6728,31.211,1.596,29.3379,1.5003,35.6334,6.2528,2.9698,0.5211,2.4028,0.4216,2.2055,0.387,2.0366,0.3574,1.9431,0.341,1.8264,0.3205,0.0,0.0,0.0,0.0,0.0,0.0,0.0,0.0,0.0,0.0,0.0,0.0,0.0,0.0,0.0,0.0,0.0,0.0,0.0,0.0,0.0,0.0,0.0,0.0,0.0,0.0,0.0,0.0,0.0,0.0,0.0,0.0,0.0,0.0,0.0,0.528,0.5206
128,0.001,3,10,100,32,16,256,184,440338,73,30,VicregLoss,gru,/home/dpetrovitch/dzagcoffee/train_trace/gender/checkpoints_2025-10-08 10:26:11.109161_VicregLoss_gru_catboost/model_128_0.001_3_10_100_256_32_16_256_VicregLoss_gruepoch=29.ckpt,29,30,0.09036201,23.0134,1.6425,0.0004,3.906,1.9496,1.9493,0.4044,579.9444,29.6656,49.2486,2.5192,39.7377,2.0327,36.4734,1.8657,33.6288,1.7202,31.9534,1.6345,29.9047,1.5297,39.615,6.8605,3.3641,0.5826,2.7144,0.4701,2.4914,0.4315,2.2971,0.3978,2.1827,0.378,2.0427,0.3538,0.0,0.0,0.0,0.0,0.0,0.0,0.0,0.0,0.0,0.0,0.0,0.0,0.0,0.0,0.0,0.0,0.0,0.0,0.0,0.0,0.0,0.0,0.0,0.0,0.0,0.0,0.0,0.0,0.0,0.0,0.0,0.0,0.0,0.0,0.0,0.548,0.5278
128,0.001,5,10,100,32,16,256,184,440338,73,30,VicregLoss,gru,/home/dpetrovitch/dzagcoffee/train_trace/gender/checkpoints_2025-10-08 10:26:11.109161_VicregLoss_gru_catboost/model_128_0.001_5_10_100_256_32_16_256_VicregLoss_gruepoch=00.ckpt,0,30,0.10196512,24.0992,1.6756,0.0002,4.4077,1.1485,1.1692,0.5852,545.9874,28.5652,54.1615,2.8336,35.354,1.8497,31.9452,1.6713,29.6703,1.5523,28.4312,1.4875,26.6973,1.3968,20.966,2.2514,2.0798,0.2233,1.3576,0.1458,1.2267,0.1317,1.1393,0.1223,1.0918,0.1172,1.0252,0.1101,0.0,0.0,0.0,0.0,0.0,0.0,0.0,0.0,0.0,0.0,0.0,0.0,0.0,0.0,0.0,0.0,0.0,0.0,0.0,0.0,0.0,0.0,0.0,0.0,0.0,0.0,0.0,0.0,0.0,0.0,0.0,0.0,0.0,0.0,0.0,0.496,0.473
128,0.001,5,10,100,32,16,256,184,440338,73,30,VicregLoss,gru,/home/dpetrovitch/dzagcoffee/train_trace/gender/checkpoints_2025-10-08 10:26:11.109161_VicregLoss_gru_catboost/model_128_0.001_5_10_100_256_32_16_256_VicregLoss_gruepoch=01.ckpt,1,30,0.103843294,25.7833,1.6738,0.0003,4.2148,1.1849,1.2055,0.6201,565.9698,29.1065,50.8961,2.6175,35.145,1.8074,31.5058,1.6203,29.0156,1.4922,27.6702,1.423,26.189,1.3468,23.7588,4.0242,2.1366,0.3619,1.4754,0.2499,1.3226,0.224,1.218,0.2063,1.1616,0.1967,1.0994,0.1862,0.0,0.0,0.0,0.0,0.0,0.0,0.0,0.0,0.0,0.0,0.0,0.0,0.0,0.0,0.0,0.0,0.0,0.0,0.0,0.0,0.0,0.0,0.0,0.0,0.0,0.0,0.0,0.0,0.0,0.0,0.0,0.0,0.0,0.0,0.0,0.512,0.4854
128,0.001,5,10,100,32,16,256,184,440338,73,30,VicregLoss,gru,/home/dpetrovitch/dzagcoffee/train_trace/gender/checkpoints_2025-10-08 10:26:11.109161_VicregLoss_gru_catboost/model_128_0.001_5_10_100_256_32_16_256_VicregLoss_gruepoch=02.ckpt,2,30,0.09896904,27.9991,1.6652,0.0004,4.0308,1.3313,1.3437,0.5499,591.6144,30.2081,48.5327,2.4781,36.5409,1.8658,32.7843,1.674,29.9543,1.5295,28.5213,1.4563,27.121,1.3848,25.0226,4.3733,2.0527,0.3588,1.5455,0.2701,1.3866,0.2423,1.2669,0.2214,1.2063,0.2108,1.1471,0.2005,0.0,0.0,0.0,0.0,0.0,0.0,0.0,0.0,0.0,0.0,0.0,0.0,0.0,0.0,0.0,0.0,0.0,0.0,0.0,0.0,0.0,0.0,0.0,0.0,0.0,0.0,0.0,0.0,0.0,0.0,0.0,0.0,0.0,0.0,0.0,0.516,0.5063
128,0.001,5,10,100,32,16,256,184,440338,73,30,VicregLoss,gru,/home/dpetrovitch/dzagcoffee/train_trace/gender/checkpoints_2025-10-08 10:26:11.109161_VicregLoss_gru_catboost/model_128_0.001_5_10_100_256_32_16_256_VicregLoss_gruepoch=03.ckpt,3,30,0.104911946,26.5794,1.6615,0.0004,4.0315,1.2692,1.2694,0.5767,579.0242,29.7204,49.0181,2.516,35.9113,1.8433,31.9847,1.6417,28.8554,1.4811,27.3614,1.4044,25.8132,1.325,27.0316,5.0506,2.2884,0.4276,1.6765,0.3132,1.4932,0.279,1.3471,0.2517,1.2774,0.2387,1.2051,0.2252,0.0,0.0,0.0,0.0,0.0,0.0,0.0,0.0,0.0,0.0,0.0,0.0,0.0,0.0,0.0,0.0,0.0,0.0,0.0,0.0,0.0,0.0,0.0,0.0,0.0,0.0,0.0,0.0,0.0,0.0,0.0,0.0,0.0,0.0,0.0,0.544,0.5255
128,0.001,5,10,100,32,16,256,184,440338,73,30,VicregLoss,gru,/home/dpetrovitch/dzagcoffee/train_trace/gender/checkpoints_2025-10-08 10:26:11.109161_VicregLoss_gru_catboost/model_128_0.001_5_10_100_256_32_16_256_VicregLoss_gruepoch=04.ckpt,4,30,0.098427214,24.6564,1.6607,0.0003,4.0899,1.1838,1.1881,0.6561,552.7887,28.551,46.3326,2.393,31.6185,1.6331,28.567,1.4755,26.1428,1.3503,24.9591,1.2891,23.8465,1.2317,24.7083,5.5201,2.071,0.4627,1.4133,0.3157,1.2769,0.2853,1.1685,0.2611,1.1156,0.2492,1.0659,0.2381,0.0,0.0,0.0,0.0,0.0,0.0,0.0,0.0,0.0,0.0,0.0,0.0,0.0,0.0,0.0,0.0,0.0,0.0,0.0,0.0,0.0,0.0,0.0,0.0,0.0,0.0,0.0,0.0,0.0,0.0,0.0,0.0,0.0,0.0,0.0,0.512,0.5013
128,0.001,5,10,100,32,16,256,184,440338,73,30,VicregLoss,gru,/home/dpetrovitch/dzagcoffee/train_trace/gender/checkpoints_2025-10-08 10:26:11.109161_VicregLoss_gru_catboost/model_128_0.001_5_10_100_256_32_16_256_VicregLoss_gruepoch=05.ckpt,5,30,0.10011051,21.4394,1.6416,0.0002,4.1586,1.1687,1.1807,0.6774,512.0668,26.8144,43.5024,2.278,28.278,1.4808,25.7584,1.3488,23.753,1.2438,22.8325,1.1956,21.8984,1.1467,21.9536,5.6076,1.8651,0.4764,1.2124,0.3097,1.1043,0.2821,1.0184,0.2601,0.9789,0.25,0.9388,0.2398,0.0,0.0,0.0,0.0,0.0,0.0,0.0,0.0,0.0,0.0,0.0,0.0,0.0,0.0,0.0,0.0,0.0,0.0,0.0,0.0,0.0,0.0,0.0,0.0,0.0,0.0,0.0,0.0,0.0,0.0,0.0,0.0,0.0,0.0,0.0,0.552,0.5233
128,0.001,5,10,100,32,16,256,184,440338,73,30,VicregLoss,gru,/home/dpetrovitch/dzagcoffee/train_trace/gender/checkpoints_2025-10-08 10:26:11.109161_VicregLoss_gru_catboost/model_128_0.001_5_10_100_256_32_16_256_VicregLoss_gruepoch=06.ckpt,6,30,0.11070921,27.0747,1.6584,0.0003,4.0961,1.1573,1.1562,0.6458,587.5992,30.1183,55.4733,2.8434,37.0253,1.8978,32.8266,1.6826,29.2804,1.5008,27.5192,1.4105,25.642,1.3143,28.3175,3.3405,2.6734,0.3154,1.7843,0.2105,1.582,0.1866,1.4111,0.1665,1.3262,0.1564,1.2357,0.1458,0.0,0.0,0.0,0.0,0.0,0.0,0.0,0.0,0.0,0.0,0.0,0.0,0.0,0.0,0.0,0.0,0.0,0.0,0.0,0.0,0.0,0.0,0.0,0.0,0.0,0.0,0.0,0.0,0.0,0.0,0.0,0.0,0.0,0.0,0.0,0.56,0.5598
128,0.001,5,10,100,32,16,256,184,440338,73,30,VicregLoss,gru,/home/dpetrovitch/dzagcoffee/train_trace/gender/checkpoints_2025-10-08 10:26:11.109161_VicregLoss_gru_catboost/model_128_0.001_5_10_100_256_32_16_256_VicregLoss_gruepoch=07.ckpt,7,30,0.10991896,25.5556,1.6616,0.0003,3.9793,1.3115,1.2854,0.5572,559.7714,28.7588,46.9136,2.4102,34.1778,1.7559,30.6065,1.5724,27.6683,1.4215,26.2556,1.3489,24.6633,1.2671,26.9149,4.8198,2.2557,0.4039,1.6433,0.2943,1.4716,0.2635,1.3303,0.2382,1.2624,0.2261,1.1859,0.2124,0.0,0.0,0.0,0.0,0.0,0.0,0.0,0.0,0.0,0.0,0.0,0.0,0.0,0.0,0.0,0.0,0.0,0.0,0.0,0.0,0.0,0.0,0.0,0.0,0.0,0.0,0.0,0.0,0.0,0.0,0.0,0.0,0.0,0.0,0.0,0.556,0.5342
128,0.001,5,10,100,32,16,256,184,440338,73,30,VicregLoss,gru,/home/dpetrovitch/dzagcoffee/train_trace/gender/checkpoints_2025-10-08 10:26:11.109161_VicregLoss_gru_catboost/model_128_0.001_5_10_100_256_32_16_256_VicregLoss_gruepoch=08.ckpt,8,30,0.11011598,20.0482,1.6669,0.0002,4.2002,1.1354,1.1388,0.726,488.8392,25.8806,39.4358,2.0879,24.7985,1.3129,23.0179,1.2186,21.6886,1.1483,21.086,1.1164,20.3446,1.0771,21.8797,5.3537,1.7651,0.4319,1.1099,0.2716,1.0302,0.2521,0.9708,0.2375,0.9438,0.2309,0.9106,0.2228,0.0,0.0,0.0,0.0,0.0,0.0,0.0,0.0,0.0,0.0,0.0,0.0,0.0,0.0,0.0,0.0,0.0,0.0,0.0,0.0,0.0,0.0,0.0,0.0,0.0,0.0,0.0,0.0,0.0,0.0,0.0,0.0,0.0,0.0,0.0,0.504,0.4927
128,0.001,5,10,100,32,16,256,184,440338,73,30,VicregLoss,gru,/home/dpetrovitch/dzagcoffee/train_trace/gender/checkpoints_2025-10-08 10:26:11.109161_VicregLoss_gru_catboost/model_128_0.001_5_10_100_256_32_16_256_VicregLoss_gruepoch=09.ckpt,9,30,0.11664782,25.8027,1.6534,0.0004,3.963,1.3428,1.3487,0.5482,561.034,28.8074,46.3255,2.3787,35.6863,1.8324,32.2616,1.6565,29.0821,1.4933,27.3205,1.4028,25.5803,1.3135,25.8763,4.4324,2.1366,0.366,1.6459,0.2819,1.488,0.2549,1.3413,0.2298,1.2601,0.2158,1.1798,0.2021,0.0,0.0,0.0,0.0,0.0,0.0,0.0,0.0,0.0,0.0,0.0,0.0,0.0,0.0,0.0,0.0,0.0,0.0,0.0,0.0,0.0,0.0,0.0,0.0,0.0,0.0,0.0,0.0,0.0,0.0,0.0,0.0,0.0,0.0,0.0,0.528,0.5193
128,0.001,5,10,100,32,16,256,184,440338,73,30,VicregLoss,gru,/home/dpetrovitch/dzagcoffee/train_trace/gender/checkpoints_2025-10-08 10:26:11.109161_VicregLoss_gru_catboost/model_128_0.001_5_10_100_256_32_16_256_VicregLoss_gruepoch=10.ckpt,10,30,0.11212907,23.6877,1.6556,0.0003,3.9735,1.3725,1.3726,0.5456,531.6452,27.3268,40.6906,2.0915,31.4307,1.6156,28.6156,1.4709,25.9343,1.333,24.6227,1.2656,23.2904,1.1971,24.667,6.3928,1.8879,0.4893,1.4583,0.3779,1.3277,0.3441,1.2033,0.3118,1.1424,0.2961,1.0806,0.2801,0.0,0.0,0.0,0.0,0.0,0.0,0.0,0.0,0.0,0.0,0.0,0.0,0.0,0.0,0.0,0.0,0.0,0.0,0.0,0.0,0.0,0.0,0.0,0.0,0.0,0.0,0.0,0.0,0.0,0.0,0.0,0.0,0.0,0.0,0.0,0.5,0.4932
128,0.001,5,10,100,32,16,256,184,440338,73,30,VicregLoss,gru,/home/dpetrovitch/dzagcoffee/train_trace/gender/checkpoints_2025-10-08 10:26:11.109161_VicregLoss_gru_catboost/model_128_0.001_5_10_100_256_32_16_256_VicregLoss_gruepoch=11.ckpt,11,30,0.115133725,23.4148,1.6583,0.0003,3.9554,1.3378,1.3372,0.5618,519.8886,26.5436,41.0505,2.0959,31.4624,1.6064,28.6119,1.4608,25.8799,1.3213,24.5132,1.2516,23.1558,1.1823,23.7074,6.6057,1.8719,0.5216,1.4347,0.3998,1.3047,0.3635,1.1802,0.3288,1.1178,0.3115,1.0559,0.2942,0.0,0.0,0.0,0.0,0.0,0.0,0.0,0.0,0.0,0.0,0.0,0.0,0.0,0.0,0.0,0.0,0.0,0.0,0.0,0.0,0.0,0.0,0.0,0.0,0.0,0.0,0.0,0.0,0.0,0.0,0.0,0.0,0.0,0.0,0.0,0.528,0.463
128,0.001,5,10,100,32,16,256,184,440338,73,30,VicregLoss,gru,/home/dpetrovitch/dzagcoffee/train_trace/gender/checkpoints_2025-10-08 10:26:11.109161_VicregLoss_gru_catboost/model_128_0.001_5_10_100_256_32_16_256_VicregLoss_gruepoch=12.ckpt,12,30,0.11667138,23.4728,1.6585,0.0003,3.9586,1.4211,1.4214,0.5347,509.2675,25.8915,40.2044,2.044,31.5922,1.6062,28.7912,1.4638,26.2505,1.3346,24.8496,1.2634,23.3661,1.1879,26.1026,6.9252,2.0607,0.5467,1.6193,0.4296,1.4757,0.3915,1.3455,0.357,1.2737,0.3379,1.1976,0.3177,0.0,0.0,0.0,0.0,0.0,0.0,0.0,0.0,0.0,0.0,0.0,0.0,0.0,0.0,0.0,0.0,0.0,0.0,0.0,0.0,0.0,0.0,0.0,0.0,0.0,0.0,0.0,0.0,0.0,0.0,0.0,0.0,0.0,0.0,0.0,0.488,0.4636
128,0.001,5,10,100,32,16,256,184,440338,73,30,VicregLoss,gru,/home/dpetrovitch/dzagcoffee/train_trace/gender/checkpoints_2025-10-08 10:26:11.109161_VicregLoss_gru_catboost/model_128_0.001_5_10_100_256_32_16_256_VicregLoss_gruepoch=13.ckpt,13,30,0.11868447,23.3282,1.6502,0.0003,3.9297,1.4521,1.4582,0.5256,503.3447,25.4564,41.4924,2.0985,32.2117,1.6291,29.2831,1.481,26.6424,1.3474,25.136,1.2712,23.5757,1.1923,25.734,6.4496,2.1213,0.5317,1.6469,0.4127,1.4971,0.3752,1.3621,0.3414,1.2851,0.3221,1.2053,0.3021,0.0,0.0,0.0,0.0,0.0,0.0,0.0,0.0,0.0,0.0,0.0,0.0,0.0,0.0,0.0,0.0,0.0,0.0,0.0,0.0,0.0,0.0,0.0,0.0,0.0,0.0,0.0,0.0,0.0,0.0,0.0,0.0,0.0,0.0,0.0,0.508,0.4975
128,0.001,5,10,100,32,16,256,184,440338,73,30,VicregLoss,gru,/home/dpetrovitch/dzagcoffee/train_trace/gender/checkpoints_2025-10-08 10:26:11.109161_VicregLoss_gru_catboost/model_128_0.001_5_10_100_256_32_16_256_VicregLoss_gruepoch=14.ckpt,14,30,0.11446341,22.3674,1.6504,0.0003,3.9357,1.4576,1.4568,0.523,487.6764,24.7173,39.0827,1.9809,30.5759,1.5497,27.8647,1.4123,25.486,1.2917,24.1469,1.2239,22.6872,1.1499,23.0481,7.0395,1.8471,0.5642,1.4451,0.4414,1.3169,0.4022,1.2045,0.3679,1.1412,0.3486,1.0722,0.3275,0.0,0.0,0.0,0.0,0.0,0.0,0.0,0.0,0.0,0.0,0.0,0.0,0.0,0.0,0.0,0.0,0.0,0.0,0.0,0.0,0.0,0.0,0.0,0.0,0.0,0.0,0.0,0.0,0.0,0.0,0.0,0.0,0.0,0.0,0.0,0.468,0.4485
128,0.001,5,10,100,32,16,256,184,440338,73,30,VicregLoss,gru,/home/dpetrovitch/dzagcoffee/train_trace/gender/checkpoints_2025-10-08 10:26:11.109161_VicregLoss_gru_catboost/model_128_0.001_5_10_100_256_32_16_256_VicregLoss_gruepoch=15.ckpt,15,30,0.11747233,23.1576,1.6563,0.0004,3.9143,1.5799,1.5756,0.5012,495.3943,25.0274,41.0769,2.0752,32.3797,1.6358,29.6302,1.4969,27.2201,1.3752,25.7946,1.3031,24.1317,1.2191,22.4709,6.1097,1.8632,0.5066,1.4687,0.3993,1.344,0.3654,1.2347,0.3357,1.17,0.3181,1.0946,0.2976,0.0,0.0,0.0,0.0,0.0,0.0,0.0,0.0,0.0,0.0,0.0,0.0,0.0,0.0,0.0,0.0,0.0,0.0,0.0,0.0,0.0,0.0,0.0,0.0,0.0,0.0,0.0,0.0,0.0,0.0,0.0,0.0,0.0,0.0,0.0,0.488,0.4813
128,0.001,5,10,100,32,16,256,184,440338,73,30,VicregLoss,gru,/home/dpetrovitch/dzagcoffee/train_trace/gender/checkpoints_2025-10-08 10:26:11.109161_VicregLoss_gru_catboost/model_128_0.001_5_10_100_256_32_16_256_VicregLoss_gruepoch=16.ckpt,16,30,0.11894574,22.5813,1.6606,0.0003,3.9574,1.4414,1.4388,0.534,492.3014,25.0014,41.2952,2.0972,31.7629,1.6131,29.0431,1.4749,26.6448,1.3531,25.2633,1.283,23.7326,1.2053,25.282,5.8637,2.1207,0.4919,1.6312,0.3783,1.4915,0.3459,1.3683,0.3174,1.2974,0.3009,1.2188,0.2827,0.0,0.0,0.0,0.0,0.0,0.0,0.0,0.0,0.0,0.0,0.0,0.0,0.0,0.0,0.0,0.0,0.0,0.0,0.0,0.0,0.0,0.0,0.0,0.0,0.0,0.0,0.0,0.0,0.0,0.0,0.0,0.0,0.0,0.0,0.0,0.488,0.4803
128,0.001,5,10,100,32,16,256,184,440338,73,30,VicregLoss,gru,/home/dpetrovitch/dzagcoffee/train_trace/gender/checkpoints_2025-10-08 10:26:11.109161_VicregLoss_gru_catboost/model_128_0.001_5_10_100_256_32_16_256_VicregLoss_gruepoch=17.ckpt,17,30,0.12377501,22.4841,1.656,0.0003,3.9118,1.5788,1.582,0.4999,485.82,24.5749,40.0149,2.0241,31.6155,1.5992,28.9075,1.4623,26.4697,1.339,25.0512,1.2672,23.3605,1.1817,22.7317,6.3895,1.8723,0.5263,1.4793,0.4158,1.3526,0.3802,1.2385,0.3481,1.1722,0.3295,1.093,0.3072,0.0,0.0,0.0,0.0,0.0,0.0,0.0,0.0,0.0,0.0,0.0,0.0,0.0,0.0,0.0,0.0,0.0,0.0,0.0,0.0,0.0,0.0,0.0,0.0,0.0,0.0,0.0,0.0,0.0,0.0,0.0,0.0,0.0,0.0,0.0,0.472,0.4477
128,0.001,5,10,100,32,16,256,184,440338,73,30,VicregLoss,gru,/home/dpetrovitch/dzagcoffee/train_trace/gender/checkpoints_2025-10-08 10:26:11.109161_VicregLoss_gru_catboost/model_128_0.001_5_10_100_256_32_16_256_VicregLoss_gruepoch=18.ckpt,18,30,0.12146852,21.7228,1.6561,0.0003,3.9154,1.4611,1.4619,0.5272,474.5314,24.069,39.0509,1.9807,30.4033,1.5421,27.8217,1.4112,25.5633,1.2966,24.3214,1.2336,22.8199,1.1575,22.8684,6.4573,1.8819,0.5314,1.4652,0.4137,1.3408,0.3786,1.2319,0.3479,1.1721,0.331,1.0997,0.3105,0.0,0.0,0.0,0.0,0.0,0.0,0.0,0.0,0.0,0.0,0.0,0.0,0.0,0.0,0.0,0.0,0.0,0.0,0.0,0.0,0.0,0.0,0.0,0.0,0.0,0.0,0.0,0.0,0.0,0.0,0.0,0.0,0.0,0.0,0.0,0.488,0.4587
128,0.001,5,10,100,32,16,256,184,440338,73,30,VicregLoss,gru,/home/dpetrovitch/dzagcoffee/train_trace/gender/checkpoints_2025-10-08 10:26:11.109161_VicregLoss_gru_catboost/model_128_0.001_5_10_100_256_32_16_256_VicregLoss_gruepoch=19.ckpt,19,30,0.11772504,21.5704,1.6607,0.0003,3.9269,1.5147,1.5147,0.5141,471.0174,23.9004,39.3237,1.9954,30.6672,1.5561,27.9888,1.4202,25.6944,1.3038,24.4056,1.2384,22.8526,1.1596,23.5712,5.9391,1.9679,0.4958,1.5347,0.3867,1.4007,0.3529,1.2858,0.324,1.2213,0.3077,1.1436,0.2881,0.0,0.0,0.0,0.0,0.0,0.0,0.0,0.0,0.0,0.0,0.0,0.0,0.0,0.0,0.0,0.0,0.0,0.0,0.0,0.0,0.0,0.0,0.0,0.0,0.0,0.0,0.0,0.0,0.0,0.0,0.0,0.0,0.0,0.0,0.0,0.488,0.4373
128,0.001,5,10,100,32,16,256,184,440338,73,30,VicregLoss,gru,/home/dpetrovitch/dzagcoffee/train_trace/gender/checkpoints_2025-10-08 10:26:11.109161_VicregLoss_gru_catboost/model_128_0.001_5_10_100_256_32_16_256_VicregLoss_gruepoch=20.ckpt,20,30,0.12266567,21.0749,1.6547,0.0003,3.9244,1.5473,1.5517,0.509,464.0202,23.594,39.0546,1.9858,30.3694,1.5442,27.7029,1.4086,25.4218,1.2926,24.1514,1.228,22.6097,1.1496,20.8216,5.3257,1.7525,0.4482,1.3627,0.3486,1.2431,0.318,1.1407,0.2918,1.0837,0.2772,1.0145,0.2595,0.0,0.0,0.0,0.0,0.0,0.0,0.0,0.0,0.0,0.0,0.0,0.0,0.0,0.0,0.0,0.0,0.0,0.0,0.0,0.0,0.0,0.0,0.0,0.0,0.0,0.0,0.0,0.0,0.0,0.0,0.0,0.0,0.0,0.0,0.0,0.492,0.4775
128,0.001,5,10,100,32,16,256,184,440338,73,30,VicregLoss,gru,/home/dpetrovitch/dzagcoffee/train_trace/gender/checkpoints_2025-10-08 10:26:11.109161_VicregLoss_gru_catboost/model_128_0.001_5_10_100_256_32_16_256_VicregLoss_gruepoch=21.ckpt,21,30,0.12224593,20.9836,1.6478,0.0003,3.8837,1.6795,1.673,0.4888,462.4008,23.5042,38.6738,1.9658,30.591,1.555,28.1209,1.4294,25.8855,1.3158,24.6004,1.2505,22.9563,1.1669,21.5048,4.3353,1.7986,0.3626,1.4227,0.2868,1.3078,0.2636,1.2039,0.2427,1.1441,0.2306,1.0676,0.2152,0.0,0.0,0.0,0.0,0.0,0.0,0.0,0.0,0.0,0.0,0.0,0.0,0.0,0.0,0.0,0.0,0.0,0.0,0.0,0.0,0.0,0.0,0.0,0.0,0.0,0.0,0.0,0.0,0.0,0.0,0.0,0.0,0.0,0.0,0.0,0.472,0.4431
128,0.001,5,10,100,32,16,256,184,440338,73,30,VicregLoss,gru,/home/dpetrovitch/dzagcoffee/train_trace/gender/checkpoints_2025-10-08 10:26:11.109161_VicregLoss_gru_catboost/model_128_0.001_5_10_100_256_32_16_256_VicregLoss_gruepoch=22.ckpt,22,30,0.12046626,20.1876,1.6569,0.0003,3.9106,1.5636,1.5661,0.5065,451.9964,23.0742,36.5294,1.8648,28.7513,1.4677,26.3932,1.3474,24.3135,1.2412,23.1427,1.1814,21.7262,1.1091,19.4257,5.691,1.5699,0.4599,1.2357,0.362,1.1343,0.3323,1.0449,0.3061,0.9946,0.2914,0.9337,0.2735,0.0,0.0,0.0,0.0,0.0,0.0,0.0,0.0,0.0,0.0,0.0,0.0,0.0,0.0,0.0,0.0,0.0,0.0,0.0,0.0,0.0,0.0,0.0,0.0,0.0,0.0,0.0,0.0,0.0,0.0,0.0,0.0,0.0,0.0,0.0,0.508,0.4674
128,0.001,5,10,100,32,16,256,184,440338,73,30,VicregLoss,gru,/home/dpetrovitch/dzagcoffee/train_trace/gender/checkpoints_2025-10-08 10:26:11.109161_VicregLoss_gru_catboost/model_128_0.001_5_10_100_256_32_16_256_VicregLoss_gruepoch=23.ckpt,23,30,0.11858595,20.3427,1.6616,0.0003,3.928,1.5462,1.5484,0.5117,453.5864,23.009,38.0067,1.928,29.6591,1.5045,27.1532,1.3774,24.9273,1.2645,23.6911,1.2018,22.2224,1.1273,20.5922,5.9492,1.7255,0.4985,1.3465,0.389,1.2327,0.3561,1.1317,0.3269,1.0755,0.3107,1.0089,0.2915,0.0,0.0,0.0,0.0,0.0,0.0,0.0,0.0,0.0,0.0,0.0,0.0,0.0,0.0,0.0,0.0,0.0,0.0,0.0,0.0,0.0,0.0,0.0,0.0,0.0,0.0,0.0,0.0,0.0,0.0,0.0,0.0,0.0,0.0,0.0,0.488,0.4351
128,0.001,5,10,100,32,16,256,184,440338,73,30,VicregLoss,gru,/home/dpetrovitch/dzagcoffee/train_trace/gender/checkpoints_2025-10-08 10:26:11.109161_VicregLoss_gru_catboost/model_128_0.001_5_10_100_256_32_16_256_VicregLoss_gruepoch=24.ckpt,24,30,0.116962634,20.2123,1.6548,0.0003,3.9083,1.6435,1.647,0.4954,452.672,23.0196,37.526,1.9083,29.7088,1.5108,27.2457,1.3855,25.0267,1.2727,23.7839,1.2095,22.2683,1.1324,24.2939,6.8255,2.0139,0.5658,1.5944,0.448,1.4622,0.4108,1.3431,0.3774,1.2764,0.3586,1.1951,0.3358,0.0,0.0,0.0,0.0,0.0,0.0,0.0,0.0,0.0,0.0,0.0,0.0,0.0,0.0,0.0,0.0,0.0,0.0,0.0,0.0,0.0,0.0,0.0,0.0,0.0,0.0,0.0,0.0,0.0,0.0,0.0,0.0,0.0,0.0,0.0,0.5,0.452
128,0.001,5,10,100,32,16,256,184,440338,73,30,VicregLoss,gru,/home/dpetrovitch/dzagcoffee/train_trace/gender/checkpoints_2025-10-08 10:26:11.109161_VicregLoss_gru_catboost/model_128_0.001_5_10_100_256_32_16_256_VicregLoss_gruepoch=25.ckpt,25,30,0.12029922,19.7521,1.6599,0.0003,3.9275,1.4614,1.4573,0.5293,443.291,22.5764,37.183,1.8937,28.6248,1.4578,26.1664,1.3326,24.0671,1.2257,22.9007,1.1663,21.5489,1.0975,22.7389,6.056,1.9073,0.508,1.4683,0.3911,1.3422,0.3575,1.2345,0.3288,1.1747,0.3129,1.1054,0.2944,0.0,0.0,0.0,0.0,0.0,0.0,0.0,0.0,0.0,0.0,0.0,0.0,0.0,0.0,0.0,0.0,0.0,0.0,0.0,0.0,0.0,0.0,0.0,0.0,0.0,0.0,0.0,0.0,0.0,0.0,0.0,0.0,0.0,0.0,0.0,0.488,0.4526
128,0.001,5,10,100,32,16,256,184,440338,73,30,VicregLoss,gru,/home/dpetrovitch/dzagcoffee/train_trace/gender/checkpoints_2025-10-08 10:26:11.109161_VicregLoss_gru_catboost/model_128_0.001_5_10_100_256_32_16_256_VicregLoss_gruepoch=26.ckpt,26,30,0.120408446,19.2594,1.6556,0.0003,3.9154,1.5135,1.5152,0.5187,435.8099,22.2529,35.5484,1.8151,27.9378,1.4265,25.6312,1.3088,23.5832,1.2042,22.4117,1.1444,21.0035,1.0725,20.4726,4.7966,1.6699,0.3913,1.3124,0.3075,1.2041,0.2821,1.1078,0.2596,1.0528,0.2467,0.9867,0.2312,0.0,0.0,0.0,0.0,0.0,0.0,0.0,0.0,0.0,0.0,0.0,0.0,0.0,0.0,0.0,0.0,0.0,0.0,0.0,0.0,0.0,0.0,0.0,0.0,0.0,0.0,0.0,0.0,0.0,0.0,0.0,0.0,0.0,0.0,0.0,0.508,0.4361
128,0.001,5,10,100,32,16,256,184,440338,73,30,VicregLoss,gru,/home/dpetrovitch/dzagcoffee/train_trace/gender/checkpoints_2025-10-08 10:26:11.109161_VicregLoss_gru_catboost/model_128_0.001_5_10_100_256_32_16_256_VicregLoss_gruepoch=27.ckpt,27,30,0.11606959,19.4969,1.6593,0.0003,3.9024,1.5398,1.536,0.5101,437.8812,22.1943,36.3612,1.843,28.5487,1.447,26.1487,1.3254,24.0305,1.218,22.8526,1.1583,21.4091,1.0851,19.5248,4.799,1.6213,0.3985,1.273,0.3129,1.166,0.2866,1.0715,0.2634,1.019,0.2505,0.9546,0.2346,0.0,0.0,0.0,0.0,0.0,0.0,0.0,0.0,0.0,0.0,0.0,0.0,0.0,0.0,0.0,0.0,0.0,0.0,0.0,0.0,0.0,0.0,0.0,0.0,0.0,0.0,0.0,0.0,0.0,0.0,0.0,0.0,0.0,0.0,0.0,0.508,0.4679
128,0.001,5,10,100,32,16,256,184,440338,73,30,VicregLoss,gru,/home/dpetrovitch/dzagcoffee/train_trace/gender/checkpoints_2025-10-08 10:26:11.109161_VicregLoss_gru_catboost/model_128_0.001_5_10_100_256_32_16_256_VicregLoss_gruepoch=28.ckpt,28,30,0.11930553,19.5604,1.6578,0.0003,3.9035,1.6023,1.6015,0.5005,441.832,22.5082,36.6046,1.8647,28.9115,1.4728,26.5319,1.3516,24.4109,1.2436,23.2007,1.1819,21.6799,1.1044,18.6613,5.3499,1.546,0.4432,1.2211,0.3501,1.1206,0.3213,1.031,0.2956,0.9799,0.2809,0.9157,0.2625,0.0,0.0,0.0,0.0,0.0,0.0,0.0,0.0,0.0,0.0,0.0,0.0,0.0,0.0,0.0,0.0,0.0,0.0,0.0,0.0,0.0,0.0,0.0,0.0,0.0,0.0,0.0,0.0,0.0,0.0,0.0,0.0,0.0,0.0,0.0,0.464,0.4411
128,0.001,5,10,100,32,16,256,184,440338,73,30,VicregLoss,gru,/home/dpetrovitch/dzagcoffee/train_trace/gender/checkpoints_2025-10-08 10:26:11.109161_VicregLoss_gru_catboost/model_128_0.001_5_10_100_256_32_16_256_VicregLoss_gruepoch=29.ckpt,29,30,0.11324271,19.4833,1.6533,0.0004,3.881,1.8333,1.824,0.4815,432.6005,21.8796,35.6007,1.8006,28.3983,1.4363,26.2326,1.3268,24.3481,1.2314,23.2763,1.1772,21.8957,1.1074,21.2027,5.5147,1.7449,0.4538,1.3919,0.362,1.2857,0.3344,1.1934,0.3104,1.1408,0.2967,1.0732,0.2791,0.0,0.0,0.0,0.0,0.0,0.0,0.0,0.0,0.0,0.0,0.0,0.0,0.0,0.0,0.0,0.0,0.0,0.0,0.0,0.0,0.0,0.0,0.0,0.0,0.0,0.0,0.0,0.0,0.0,0.0,0.0,0.0,0.0,0.0,0.0,0.476,0.446
128,0.001,7,10,100,32,16,256,184,440338,73,30,VicregLoss,gru,/home/dpetrovitch/dzagcoffee/train_trace/gender/checkpoints_2025-10-08 10:26:11.109161_VicregLoss_gru_catboost/model_128_0.001_7_10_100_256_32_16_256_VicregLoss_gruepoch=00.ckpt,0,30,0.14855458,28.3441,1.6474,0.0004,4.2097,1.4384,1.5113,0.5031,574.2188,29.1605,55.7617,2.8317,41.6638,2.1158,37.5275,1.9058,34.0811,1.7307,32.0839,1.6293,29.7542,1.511,22.957,3.6562,2.2293,0.3551,1.6657,0.2653,1.5003,0.2389,1.3625,0.217,1.2827,0.2043,1.1896,0.1895,0.0,0.0,0.0,0.0,0.0,0.0,0.0,0.0,0.0,0.0,0.0,0.0,0.0,0.0,0.0,0.0,0.0,0.0,0.0,0.0,0.0,0.0,0.0,0.0,0.0,0.0,0.0,0.0,0.0,0.0,0.0,0.0,0.0,0.0,0.0,0.536,0.4898
128,0.001,7,10,100,32,16,256,184,440338,73,30,VicregLoss,gru,/home/dpetrovitch/dzagcoffee/train_trace/gender/checkpoints_2025-10-08 10:26:11.109161_VicregLoss_gru_catboost/model_128_0.001_7_10_100_256_32_16_256_VicregLoss_gruepoch=01.ckpt,1,30,0.13457574,27.146,1.665,0.0003,4.1071,1.2592,1.2623,0.6051,568.0818,29.2013,47.9419,2.4644,34.3007,1.7632,31.2427,1.606,28.7595,1.4783,27.4673,1.4119,26.08,1.3406,28.2441,5.1467,2.3836,0.4343,1.7054,0.3108,1.5533,0.2831,1.4299,0.2606,1.3656,0.2488,1.2967,0.2363,0.0,0.0,0.0,0.0,0.0,0.0,0.0,0.0,0.0,0.0,0.0,0.0,0.0,0.0,0.0,0.0,0.0,0.0,0.0,0.0,0.0,0.0,0.0,0.0,0.0,0.0,0.0,0.0,0.0,0.0,0.0,0.0,0.0,0.0,0.0,0.532,0.4827
128,0.001,7,10,100,32,16,256,184,440338,73,30,VicregLoss,gru,/home/dpetrovitch/dzagcoffee/train_trace/gender/checkpoints_2025-10-08 10:26:11.109161_VicregLoss_gru_catboost/model_128_0.001_7_10_100_256_32_16_256_VicregLoss_gruepoch=02.ckpt,2,30,0.13559656,26.4334,1.6578,0.0004,3.9991,1.3598,1.3595,0.5517,565.568,29.0564,45.4332,2.3342,33.9685,1.7451,30.9307,1.5891,28.5593,1.4672,27.2497,1.4,25.769,1.3239,26.0379,4.6111,2.0917,0.3704,1.5639,0.2769,1.424,0.2522,1.3148,0.2328,1.2545,0.2222,1.1864,0.2101,0.0,0.0,0.0,0.0,0.0,0.0,0.0,0.0,0.0,0.0,0.0,0.0,0.0,0.0,0.0,0.0,0.0,0.0,0.0,0.0,0.0,0.0,0.0,0.0,0.0,0.0,0.0,0.0,0.0,0.0,0.0,0.0,0.0,0.0,0.0,0.584,0.532
128,0.001,7,10,100,32,16,256,184,440338,73,30,VicregLoss,gru,/home/dpetrovitch/dzagcoffee/train_trace/gender/checkpoints_2025-10-08 10:26:11.109161_VicregLoss_gru_catboost/model_128_0.001_7_10_100_256_32_16_256_VicregLoss_gruepoch=03.ckpt,3,30,0.14145736,23.8697,1.6211,0.0003,3.9968,1.3304,1.3091,0.5823,523.1562,27.0714,40.6897,2.1055,30.3423,1.5701,27.6472,1.4306,25.7005,1.3299,24.7876,1.2827,23.6983,1.2263,23.1171,6.2238,1.798,0.4841,1.3408,0.361,1.2217,0.3289,1.1356,0.3057,1.0953,0.2949,1.0472,0.2819,0.0,0.0,0.0,0.0,0.0,0.0,0.0,0.0,0.0,0.0,0.0,0.0,0.0,0.0,0.0,0.0,0.0,0.0,0.0,0.0,0.0,0.0,0.0,0.0,0.0,0.0,0.0,0.0,0.0,0.0,0.0,0.0,0.0,0.0,0.0,0.56,0.4994
128,0.001,7,10,100,32,16,256,184,440338,73,30,VicregLoss,gru,/home/dpetrovitch/dzagcoffee/train_trace/gender/checkpoints_2025-10-08 10:26:11.109161_VicregLoss_gru_catboost/model_128_0.001_7_10_100_256_32_16_256_VicregLoss_gruepoch=04.ckpt,4,30,0.13969699,26.6351,1.626,0.0004,3.9009,1.5829,1.587,0.4954,555.4305,28.4867,43.8126,2.247,34.449,1.7668,31.6561,1.6236,29.2704,1.5012,27.9478,1.4334,26.3953,1.3538,23.7308,5.6339,1.8719,0.4444,1.4718,0.3494,1.3525,0.3211,1.2506,0.2969,1.1941,0.2835,1.1277,0.2677,0.0,0.0,0.0,0.0,0.0,0.0,0.0,0.0,0.0,0.0,0.0,0.0,0.0,0.0,0.0,0.0,0.0,0.0,0.0,0.0,0.0,0.0,0.0,0.0,0.0,0.0,0.0,0.0,0.0,0.0,0.0,0.0,0.0,0.0,0.0,0.532,0.4883
128,0.001,7,10,100,32,16,256,184,440338,73,30,VicregLoss,gru,/home/dpetrovitch/dzagcoffee/train_trace/gender/checkpoints_2025-10-08 10:26:11.109161_VicregLoss_gru_catboost/model_128_0.001_7_10_100_256_32_16_256_VicregLoss_gruepoch=05.ckpt,5,30,0.14851744,24.2952,1.6418,0.0003,3.9709,1.372,1.3748,0.5587,530.497,27.3082,45.3672,2.3353,32.7741,1.6871,29.4738,1.5172,27.1554,1.3979,26.0756,1.3423,24.9086,1.2822,23.2498,5.2474,1.9883,0.4487,1.4364,0.3242,1.2917,0.2915,1.1901,0.2686,1.1428,0.2579,1.0917,0.2464,0.0,0.0,0.0,0.0,0.0,0.0,0.0,0.0,0.0,0.0,0.0,0.0,0.0,0.0,0.0,0.0,0.0,0.0,0.0,0.0,0.0,0.0,0.0,0.0,0.0,0.0,0.0,0.0,0.0,0.0,0.0,0.0,0.0,0.0,0.0,0.552,0.4889
128,0.001,7,10,100,32,16,256,184,440338,73,30,VicregLoss,gru,/home/dpetrovitch/dzagcoffee/train_trace/gender/checkpoints_2025-10-08 10:26:11.109161_VicregLoss_gru_catboost/model_128_0.001_7_10_100_256_32_16_256_VicregLoss_gruepoch=06.ckpt,6,30,0.14035803,23.5676,1.638,0.0004,3.8623,1.7502,1.7568,0.4818,518.1296,26.4218,38.6909,1.973,30.7454,1.5679,28.3535,1.4459,26.4372,1.3482,25.4218,1.2964,24.2319,1.2357,20.9523,6.2807,1.5646,0.469,1.2433,0.3727,1.1466,0.3437,1.0691,0.3205,1.028,0.3082,0.9799,0.2937,0.0,0.0,0.0,0.0,0.0,0.0,0.0,0.0,0.0,0.0,0.0,0.0,0.0,0.0,0.0,0.0,0.0,0.0,0.0,0.0,0.0,0.0,0.0,0.0,0.0,0.0,0.0,0.0,0.0,0.0,0.0,0.0,0.0,0.0,0.0,0.536,0.4839
128,0.001,7,10,100,32,16,256,184,440338,73,30,VicregLoss,gru,/home/dpetrovitch/dzagcoffee/train_trace/gender/checkpoints_2025-10-08 10:26:11.109161_VicregLoss_gru_catboost/model_128_0.001_7_10_100_256_32_16_256_VicregLoss_gruepoch=07.ckpt,7,30,0.14853315,22.5851,1.6193,0.0003,3.9071,1.4193,1.4156,0.5421,492.9428,25.2592,38.2851,1.9618,29.4477,1.509,27.1417,1.3908,25.3209,1.2975,24.3314,1.2468,23.1732,1.1874,23.2371,6.8912,1.8047,0.5352,1.3881,0.4117,1.2794,0.3794,1.1936,0.354,1.147,0.3401,1.0924,0.324,0.0,0.0,0.0,0.0,0.0,0.0,0.0,0.0,0.0,0.0,0.0,0.0,0.0,0.0,0.0,0.0,0.0,0.0,0.0,0.0,0.0,0.0,0.0,0.0,0.0,0.0,0.0,0.0,0.0,0.0,0.0,0.0,0.0,0.0,0.0,0.544,0.5355
128,0.001,7,10,100,32,16,256,184,440338,73,30,VicregLoss,gru,/home/dpetrovitch/dzagcoffee/train_trace/gender/checkpoints_2025-10-08 10:26:11.109161_VicregLoss_gru_catboost/model_128_0.001_7_10_100_256_32_16_256_VicregLoss_gruepoch=08.ckpt,8,30,0.15017362,24.6124,1.6485,0.0004,3.8713,1.598,1.6171,0.4969,518.8016,26.506,42.8301,2.1882,33.2302,1.6978,30.4815,1.5573,28.2491,1.4433,26.962,1.3775,25.0852,1.2816,26.6842,5.3275,2.2029,0.4398,1.7092,0.3412,1.5678,0.313,1.453,0.2901,1.3868,0.2769,1.2902,0.2576,0.0,0.0,0.0,0.0,0.0,0.0,0.0,0.0,0.0,0.0,0.0,0.0,0.0,0.0,0.0,0.0,0.0,0.0,0.0,0.0,0.0,0.0,0.0,0.0,0.0,0.0,0.0,0.0,0.0,0.0,0.0,0.0,0.0,0.0,0.0,0.58,0.5305
128,0.001,7,10,100,32,16,256,184,440338,73,30,VicregLoss,gru,/home/dpetrovitch/dzagcoffee/train_trace/gender/checkpoints_2025-10-08 10:26:11.109161_VicregLoss_gru_catboost/model_128_0.001_7_10_100_256_32_16_256_VicregLoss_gruepoch=09.ckpt,9,30,0.15057622,22.5227,1.6409,0.0004,3.8351,1.9517,1.9381,0.4755,489.2986,24.956,38.8876,1.9834,30.6873,1.5652,28.3597,1.4464,26.4228,1.3477,25.3751,1.2942,24.0594,1.2271,22.683,6.1467,1.8028,0.4885,1.4226,0.3855,1.3147,0.3563,1.2249,0.3319,1.1763,0.3188,1.1153,0.3022,0.0,0.0,0.0,0.0,0.0,0.0,0.0,0.0,0.0,0.0,0.0,0.0,0.0,0.0,0.0,0.0,0.0,0.0,0.0,0.0,0.0,0.0,0.0,0.0,0.0,0.0,0.0,0.0,0.0,0.0,0.0,0.0,0.0,0.0,0.0,0.52,0.4863
128,0.001,7,10,100,32,16,256,184,440338,73,30,VicregLoss,gru,/home/dpetrovitch/dzagcoffee/train_trace/gender/checkpoints_2025-10-08 10:26:11.109161_VicregLoss_gru_catboost/model_128_0.001_7_10_100_256_32_16_256_VicregLoss_gruepoch=10.ckpt,10,30,0.15219955,22.022,1.6452,0.0004,3.8202,1.9705,1.9775,0.476,481.1465,24.5693,37.9708,1.9389,29.9725,1.5305,27.5678,1.4077,25.6503,1.3098,24.6674,1.2596,23.4745,1.1987,23.5085,6.0816,1.8552,0.4799,1.4644,0.3788,1.3469,0.3485,1.2533,0.3242,1.2052,0.3118,1.1469,0.2967,0.0,0.0,0.0,0.0,0.0,0.0,0.0,0.0,0.0,0.0,0.0,0.0,0.0,0.0,0.0,0.0,0.0,0.0,0.0,0.0,0.0,0.0,0.0,0.0,0.0,0.0,0.0,0.0,0.0,0.0,0.0,0.0,0.0,0.0,0.0,0.528,0.5001
128,0.001,7,10,100,32,16,256,184,440338,73,30,VicregLoss,gru,/home/dpetrovitch/dzagcoffee/train_trace/gender/checkpoints_2025-10-08 10:26:11.109161_VicregLoss_gru_catboost/model_128_0.001_7_10_100_256_32_16_256_VicregLoss_gruepoch=11.ckpt,11,30,0.14257811,21.175,1.5986,0.0003,3.8478,1.6448,1.6413,0.4939,464.5952,23.7181,36.9096,1.8843,28.9327,1.477,26.6917,1.3626,24.9312,1.2728,23.9394,1.2221,22.5112,1.1492,22.7435,5.7015,1.8069,0.4529,1.4164,0.3551,1.3067,0.3276,1.2205,0.306,1.1719,0.2938,1.102,0.2763,0.0,0.0,0.0,0.0,0.0,0.0,0.0,0.0,0.0,0.0,0.0,0.0,0.0,0.0,0.0,0.0,0.0,0.0,0.0,0.0,0.0,0.0,0.0,0.0,0.0,0.0,0.0,0.0,0.0,0.0,0.0,0.0,0.0,0.0,0.0,0.604,0.5098
128,0.001,7,10,100,32,16,256,184,440338,73,30,VicregLoss,gru,/home/dpetrovitch/dzagcoffee/train_trace/gender/checkpoints_2025-10-08 10:26:11.109161_VicregLoss_gru_catboost/model_128_0.001_7_10_100_256_32_16_256_VicregLoss_gruepoch=12.ckpt,12,30,0.14120324,20.9807,1.6419,0.0003,3.8385,1.6901,1.6893,0.4949,458.6064,23.5794,36.8315,1.8937,28.7892,1.4802,26.615,1.3684,24.9007,1.2803,24.0097,1.2345,22.8588,1.1753,20.1706,4.6676,1.6199,0.3749,1.2662,0.293,1.1706,0.2709,1.0952,0.2534,1.056,0.2444,1.0054,0.2327,0.0,0.0,0.0,0.0,0.0,0.0,0.0,0.0,0.0,0.0,0.0,0.0,0.0,0.0,0.0,0.0,0.0,0.0,0.0,0.0,0.0,0.0,0.0,0.0,0.0,0.0,0.0,0.0,0.0,0.0,0.0,0.0,0.0,0.0,0.0,0.564,0.5077
128,0.001,7,10,100,32,16,256,184,440338,73,30,VicregLoss,gru,/home/dpetrovitch/dzagcoffee/train_trace/gender/checkpoints_2025-10-08 10:26:11.109161_VicregLoss_gru_catboost/model_128_0.001_7_10_100_256_32_16_256_VicregLoss_gruepoch=13.ckpt,13,30,0.14686415,20.904,1.6396,0.0004,3.8237,1.8633,1.8528,0.4796,464.8696,24.0477,36.1419,1.8696,28.6101,1.48,26.4532,1.3684,24.6754,1.2765,23.7716,1.2297,22.6541,1.1719,21.8948,4.4438,1.7022,0.3455,1.3475,0.2735,1.2459,0.2529,1.1622,0.2359,1.1196,0.2272,1.067,0.2166,0.0,0.0,0.0,0.0,0.0,0.0,0.0,0.0,0.0,0.0,0.0,0.0,0.0,0.0,0.0,0.0,0.0,0.0,0.0,0.0,0.0,0.0,0.0,0.0,0.0,0.0,0.0,0.0,0.0,0.0,0.0,0.0,0.0,0.0,0.0,0.528,0.5134
128,0.001,7,10,100,32,16,256,184,440338,73,30,VicregLoss,gru,/home/dpetrovitch/dzagcoffee/train_trace/gender/checkpoints_2025-10-08 10:26:11.109161_VicregLoss_gru_catboost/model_128_0.001_7_10_100_256_32_16_256_VicregLoss_gruepoch=14.ckpt,14,30,0.15002798,20.7128,1.6474,0.0004,3.8206,1.8731,1.8738,0.4798,448.6592,22.8711,36.1283,1.8417,28.672,1.4616,26.5254,1.3522,24.7832,1.2634,23.8497,1.2158,22.6024,1.1522,19.1751,4.8781,1.5441,0.3928,1.2254,0.3117,1.1337,0.2884,1.0592,0.2695,1.0193,0.2593,0.966,0.2457,0.0,0.0,0.0,0.0,0.0,0.0,0.0,0.0,0.0,0.0,0.0,0.0,0.0,0.0,0.0,0.0,0.0,0.0,0.0,0.0,0.0,0.0,0.0,0.0,0.0,0.0,0.0,0.0,0.0,0.0,0.0,0.0,0.0,0.0,0.0,0.564,0.5285
128,0.001,7,10,100,32,16,256,184,440338,73,30,VicregLoss,gru,/home/dpetrovitch/dzagcoffee/train_trace/gender/checkpoints_2025-10-08 10:26:11.109161_VicregLoss_gru_catboost/model_128_0.001_7_10_100_256_32_16_256_VicregLoss_gruepoch=15.ckpt,15,30,0.14878157,20.361,1.6549,0.0004,3.827,2.0104,2.0218,0.477,448.6291,22.9348,36.3221,1.8569,28.7419,1.4693,26.415,1.3504,24.5576,1.2554,23.5806,1.2055,22.2518,1.1376,20.4785,4.6378,1.658,0.3755,1.312,0.2971,1.2058,0.2731,1.121,0.2539,1.0764,0.2438,1.0157,0.23,0.0,0.0,0.0,0.0,0.0,0.0,0.0,0.0,0.0,0.0,0.0,0.0,0.0,0.0,0.0,0.0,0.0,0.0,0.0,0.0,0.0,0.0,0.0,0.0,0.0,0.0,0.0,0.0,0.0,0.0,0.0,0.0,0.0,0.0,0.0,0.548,0.5134
128,0.001,7,10,100,32,16,256,184,440338,73,30,VicregLoss,gru,/home/dpetrovitch/dzagcoffee/train_trace/gender/checkpoints_2025-10-08 10:26:11.109161_VicregLoss_gru_catboost/model_128_0.001_7_10_100_256_32_16_256_VicregLoss_gruepoch=16.ckpt,16,30,0.15448676,20.8816,1.6554,0.0004,3.8425,1.7508,1.7444,0.4833,458.4566,23.4426,38.8042,1.9842,30.3246,1.5506,27.7474,1.4188,25.622,1.3102,24.4867,1.2521,22.9334,1.1727,22.3389,4.8656,1.8908,0.4118,1.4776,0.3218,1.352,0.2945,1.2485,0.2719,1.1931,0.2599,1.1175,0.2434,0.0,0.0,0.0,0.0,0.0,0.0,0.0,0.0,0.0,0.0,0.0,0.0,0.0,0.0,0.0,0.0,0.0,0.0,0.0,0.0,0.0,0.0,0.0,0.0,0.0,0.0,0.0,0.0,0.0,0.0,0.0,0.0,0.0,0.0,0.0,0.552,0.4968
128,0.001,7,10,100,32,16,256,184,440338,73,30,VicregLoss,gru,/home/dpetrovitch/dzagcoffee/train_trace/gender/checkpoints_2025-10-08 10:26:11.109161_VicregLoss_gru_catboost/model_128_0.001_7_10_100_256_32_16_256_VicregLoss_gruepoch=17.ckpt,17,30,0.15126441,19.7393,1.6598,0.0004,3.8296,1.6504,1.651,0.4959,429.6836,21.9093,34.3006,1.749,26.8428,1.3687,24.8136,1.2652,23.2141,1.1837,22.3075,1.1374,20.9934,1.0704,17.9584,5.8748,1.4336,0.469,1.1219,0.367,1.0371,0.3393,0.9702,0.3174,0.9323,0.305,0.8774,0.287,0.0,0.0,0.0,0.0,0.0,0.0,0.0,0.0,0.0,0.0,0.0,0.0,0.0,0.0,0.0,0.0,0.0,0.0,0.0,0.0,0.0,0.0,0.0,0.0,0.0,0.0,0.0,0.0,0.0,0.0,0.0,0.0,0.0,0.0,0.0,0.544,0.534
128,0.001,7,10,100,32,16,256,184,440338,73,30,VicregLoss,gru,/home/dpetrovitch/dzagcoffee/train_trace/gender/checkpoints_2025-10-08 10:26:11.109161_VicregLoss_gru_catboost/model_128_0.001_7_10_100_256_32_16_256_VicregLoss_gruepoch=18.ckpt,18,30,0.1434419,19.9062,1.6582,0.0004,3.8634,1.6779,1.6723,0.4943,432.1642,22.1003,35.2316,1.8017,27.7345,1.4183,25.6211,1.3102,23.9292,1.2237,22.988,1.1756,21.6406,1.1067,17.34,5.0531,1.4136,0.4119,1.1128,0.3243,1.028,0.2996,0.9601,0.2798,0.9224,0.2688,0.8683,0.253,0.0,0.0,0.0,0.0,0.0,0.0,0.0,0.0,0.0,0.0,0.0,0.0,0.0,0.0,0.0,0.0,0.0,0.0,0.0,0.0,0.0,0.0,0.0,0.0,0.0,0.0,0.0,0.0,0.0,0.0,0.0,0.0,0.0,0.0,0.0,0.484,0.4854
128,0.001,7,10,100,32,16,256,184,440338,73,30,VicregLoss,gru,/home/dpetrovitch/dzagcoffee/train_trace/gender/checkpoints_2025-10-08 10:26:11.109161_VicregLoss_gru_catboost/model_128_0.001_7_10_100_256_32_16_256_VicregLoss_gruepoch=19.ckpt,19,30,0.15204108,19.4172,1.6543,0.0004,3.8361,1.7988,1.798,0.482,432.0062,22.3513,35.2029,1.8213,27.8606,1.4415,25.7982,1.3348,24.0432,1.244,23.0587,1.193,21.7069,1.1231,21.3374,4.4744,1.7387,0.3646,1.3761,0.2886,1.2742,0.2672,1.1875,0.249,1.1389,0.2388,1.0721,0.2248,0.0,0.0,0.0,0.0,0.0,0.0,0.0,0.0,0.0,0.0,0.0,0.0,0.0,0.0,0.0,0.0,0.0,0.0,0.0,0.0,0.0,0.0,0.0,0.0,0.0,0.0,0.0,0.0,0.0,0.0,0.0,0.0,0.0,0.0,0.0,0.544,0.5124
128,0.001,7,10,100,32,16,256,184,440338,73,30,VicregLoss,gru,/home/dpetrovitch/dzagcoffee/train_trace/gender/checkpoints_2025-10-08 10:26:11.109161_VicregLoss_gru_catboost/model_128_0.001_7_10_100_256_32_16_256_VicregLoss_gruepoch=20.ckpt,20,30,0.1407792,18.8403,1.6403,0.0004,3.8242,1.7419,1.7561,0.4876,423.7092,21.8177,34.696,1.7866,27.3822,1.41,25.1958,1.2974,23.4072,1.2053,22.4017,1.1535,21.0082,1.0818,17.6995,4.8184,1.4493,0.3946,1.1438,0.3114,1.0525,0.2865,0.9778,0.2662,0.9358,0.2547,0.8776,0.2389,0.0,0.0,0.0,0.0,0.0,0.0,0.0,0.0,0.0,0.0,0.0,0.0,0.0,0.0,0.0,0.0,0.0,0.0,0.0,0.0,0.0,0.0,0.0,0.0,0.0,0.0,0.0,0.0,0.0,0.0,0.0,0.0,0.0,0.0,0.0,0.552,0.5222
128,0.001,7,10,100,32,16,256,184,440338,73,30,VicregLoss,gru,/home/dpetrovitch/dzagcoffee/train_trace/gender/checkpoints_2025-10-08 10:26:11.109161_VicregLoss_gru_catboost/model_128_0.001_7_10_100_256_32_16_256_VicregLoss_gruepoch=21.ckpt,21,30,0.14313208,18.8985,1.6534,0.0003,3.8414,1.7332,1.731,0.4895,416.7602,21.3121,34.2984,1.7539,26.9764,1.3795,24.8593,1.2712,23.1542,1.184,22.2248,1.1365,20.9243,1.07,18.1705,5.6335,1.4954,0.4636,1.1762,0.3647,1.0838,0.336,1.0095,0.313,0.969,0.3004,0.9123,0.2828,0.0,0.0,0.0,0.0,0.0,0.0,0.0,0.0,0.0,0.0,0.0,0.0,0.0,0.0,0.0,0.0,0.0,0.0,0.0,0.0,0.0,0.0,0.0,0.0,0.0,0.0,0.0,0.0,0.0,0.0,0.0,0.0,0.0,0.0,0.0,0.52,0.4996
128,0.001,7,10,100,32,16,256,184,440338,73,30,VicregLoss,gru,/home/dpetrovitch/dzagcoffee/train_trace/gender/checkpoints_2025-10-08 10:26:11.109161_VicregLoss_gru_catboost/model_128_0.001_7_10_100_256_32_16_256_VicregLoss_gruepoch=22.ckpt,22,30,0.14738813,18.9589,1.6543,0.0004,3.8281,1.8837,1.8846,0.48,420.2044,21.6503,35.5773,1.8331,27.974,1.4413,25.7361,1.326,23.895,1.2311,22.8717,1.1784,21.4254,1.1039,18.544,4.4048,1.5701,0.3729,1.2345,0.2932,1.1358,0.2698,1.0545,0.2505,1.0093,0.2398,0.9455,0.2246,0.0,0.0,0.0,0.0,0.0,0.0,0.0,0.0,0.0,0.0,0.0,0.0,0.0,0.0,0.0,0.0,0.0,0.0,0.0,0.0,0.0,0.0,0.0,0.0,0.0,0.0,0.0,0.0,0.0,0.0,0.0,0.0,0.0,0.0,0.0,0.556,0.5305
128,0.001,7,10,100,32,16,256,184,440338,73,30,VicregLoss,gru,/home/dpetrovitch/dzagcoffee/train_trace/gender/checkpoints_2025-10-08 10:26:11.109161_VicregLoss_gru_catboost/model_128_0.001_7_10_100_256_32_16_256_VicregLoss_gruepoch=23.ckpt,23,30,0.15400703,18.1343,1.6302,0.0003,3.8239,1.7505,1.7543,0.489,403.5896,20.7197,33.95,1.7429,26.6773,1.3696,24.6311,1.2645,22.9165,1.1765,21.9769,1.1283,20.6717,1.0613,18.7951,5.4234,1.581,0.4562,1.2424,0.3585,1.1471,0.331,1.0672,0.3079,1.0235,0.2953,0.9627,0.2778,0.0,0.0,0.0,0.0,0.0,0.0,0.0,0.0,0.0,0.0,0.0,0.0,0.0,0.0,0.0,0.0,0.0,0.0,0.0,0.0,0.0,0.0,0.0,0.0,0.0,0.0,0.0,0.0,0.0,0.0,0.0,0.0,0.0,0.0,0.0,0.504,0.5087
128,0.001,7,10,100,32,16,256,184,440338,73,30,VicregLoss,gru,/home/dpetrovitch/dzagcoffee/train_trace/gender/checkpoints_2025-10-08 10:26:11.109161_VicregLoss_gru_catboost/model_128_0.001_7_10_100_256_32_16_256_VicregLoss_gruepoch=24.ckpt,24,30,0.14763655,18.2938,1.6565,0.0003,3.8414,1.7744,1.7712,0.4863,409.7901,21.0012,34.4986,1.768,27.1125,1.3895,24.9211,1.2772,23.1385,1.1858,22.1514,1.1352,20.8637,1.0692,19.6211,5.0353,1.6518,0.4239,1.2982,0.3331,1.1932,0.3062,1.1079,0.2843,1.0606,0.2722,0.999,0.2564,0.0,0.0,0.0,0.0,0.0,0.0,0.0,0.0,0.0,0.0,0.0,0.0,0.0,0.0,0.0,0.0,0.0,0.0,0.0,0.0,0.0,0.0,0.0,0.0,0.0,0.0,0.0,0.0,0.0,0.0,0.0,0.0,0.0,0.0,0.0,0.536,0.5094
128,0.001,7,10,100,32,16,256,184,440338,73,30,VicregLoss,gru,/home/dpetrovitch/dzagcoffee/train_trace/gender/checkpoints_2025-10-08 10:26:11.109161_VicregLoss_gru_catboost/model_128_0.001_7_10_100_256_32_16_256_VicregLoss_gruepoch=25.ckpt,25,30,0.14820905,17.7994,1.6391,0.0003,3.8411,1.6173,1.6149,0.5017,396.1323,20.2862,34.1798,1.7504,26.7317,1.3689,24.5199,1.2557,22.6868,1.1618,21.6823,1.1104,20.2356,1.0363,18.6439,4.5476,1.6087,0.3924,1.2581,0.3069,1.154,0.2815,1.0677,0.2604,1.0205,0.2489,0.9524,0.2323,0.0,0.0,0.0,0.0,0.0,0.0,0.0,0.0,0.0,0.0,0.0,0.0,0.0,0.0,0.0,0.0,0.0,0.0,0.0,0.0,0.0,0.0,0.0,0.0,0.0,0.0,0.0,0.0,0.0,0.0,0.0,0.0,0.0,0.0,0.0,0.544,0.5323
128,0.001,7,10,100,32,16,256,184,440338,73,30,VicregLoss,gru,/home/dpetrovitch/dzagcoffee/train_trace/gender/checkpoints_2025-10-08 10:26:11.109161_VicregLoss_gru_catboost/model_128_0.001_7_10_100_256_32_16_256_VicregLoss_gruepoch=26.ckpt,26,30,0.15129581,17.7492,1.6477,0.0003,3.8529,1.7097,1.6915,0.4888,398.7393,20.5493,34.9323,1.8003,27.0898,1.3961,24.9365,1.2851,23.1158,1.1913,22.0511,1.1364,20.5462,1.0589,19.5222,4.6093,1.7103,0.4038,1.3263,0.3132,1.2209,0.2883,1.1317,0.2672,1.0796,0.2549,1.0059,0.2375,0.0,0.0,0.0,0.0,0.0,0.0,0.0,0.0,0.0,0.0,0.0,0.0,0.0,0.0,0.0,0.0,0.0,0.0,0.0,0.0,0.0,0.0,0.0,0.0,0.0,0.0,0.0,0.0,0.0,0.0,0.0,0.0,0.0,0.0,0.0,0.528,0.536
128,0.001,7,10,100,32,16,256,184,440338,73,30,VicregLoss,gru,/home/dpetrovitch/dzagcoffee/train_trace/gender/checkpoints_2025-10-08 10:26:11.109161_VicregLoss_gru_catboost/model_128_0.001_7_10_100_256_32_16_256_VicregLoss_gruepoch=27.ckpt,27,30,0.15236516,17.2221,1.6136,0.0003,3.8555,1.5477,1.5439,0.512,385.8688,19.9045,33.5873,1.7326,25.9497,1.3386,23.8586,1.2307,22.0922,1.1396,21.0825,1.0875,19.6375,1.013,19.6381,4.1749,1.7094,0.3634,1.3207,0.2808,1.2142,0.2581,1.1243,0.239,1.073,0.2281,0.9994,0.2125,0.0,0.0,0.0,0.0,0.0,0.0,0.0,0.0,0.0,0.0,0.0,0.0,0.0,0.0,0.0,0.0,0.0,0.0,0.0,0.0,0.0,0.0,0.0,0.0,0.0,0.0,0.0,0.0,0.0,0.0,0.0,0.0,0.0,0.0,0.0,0.508,0.5089
128,0.001,7,10,100,32,16,256,184,440338,73,30,VicregLoss,gru,/home/dpetrovitch/dzagcoffee/train_trace/gender/checkpoints_2025-10-08 10:26:11.109161_VicregLoss_gru_catboost/model_128_0.001_7_10_100_256_32_16_256_VicregLoss_gruepoch=28.ckpt,28,30,0.1458276,17.551,1.6447,0.0003,3.848,1.5417,1.542,0.5116,395.084,20.328,34.4533,1.7727,26.5655,1.3669,24.3941,1.2551,22.5572,1.1606,21.4769,1.105,19.9087,1.0244,22.9677,5.5571,2.0029,0.4846,1.5443,0.3737,1.4181,0.3431,1.3113,0.3173,1.2485,0.3021,1.1574,0.28,0.0,0.0,0.0,0.0,0.0,0.0,0.0,0.0,0.0,0.0,0.0,0.0,0.0,0.0,0.0,0.0,0.0,0.0,0.0,0.0,0.0,0.0,0.0,0.0,0.0,0.0,0.0,0.0,0.0,0.0,0.0,0.0,0.0,0.0,0.0,0.532,0.5273
128,0.001,7,10,100,32,16,256,184,440338,73,30,VicregLoss,gru,/home/dpetrovitch/dzagcoffee/train_trace/gender/checkpoints_2025-10-08 10:26:11.109161_VicregLoss_gru_catboost/model_128_0.001_7_10_100_256_32_16_256_VicregLoss_gruepoch=29.ckpt,29,30,0.15076327,17.4493,1.6514,0.0003,3.8666,1.5845,1.5794,0.5081,389.0084,19.9627,34.7016,1.7808,26.8429,1.3775,24.5061,1.2576,22.5907,1.1593,21.5656,1.1067,20.1874,1.036,18.595,4.8849,1.6588,0.4358,1.2831,0.3371,1.1714,0.3077,1.0799,0.2837,1.0309,0.2708,0.965,0.2535,0.0,0.0,0.0,0.0,0.0,0.0,0.0,0.0,0.0,0.0,0.0,0.0,0.0,0.0,0.0,0.0,0.0,0.0,0.0,0.0,0.0,0.0,0.0,0.0,0.0,0.0,0.0,0.0,0.0,0.0,0.0,0.0,0.0,0.0,0.0,0.556,0.5306
128,0.001,3,5,100,32,16,256,184,440338,73,30,VicregLoss,gru,/home/dpetrovitch/dzagcoffee/train_trace/gender/checkpoints_2025-10-08 10:26:11.109161_VicregLoss_gru_catboost/model_128_0.001_3_5_100_256_32_16_256_VicregLoss_gruepoch=00.ckpt,0,30,0.03824013,48.1605,1.6721,0.0007,4.4185,1.9909,1.9739,0.2835,658.1567,32.6789,126.5523,6.2836,100.5002,4.9901,88.8915,4.4137,76.8067,3.8136,69.7606,3.4638,60.593,3.0086,34.933,2.8226,6.717,0.5427,5.3343,0.431,4.7181,0.3812,4.0767,0.3294,3.7027,0.2992,3.2161,0.2599,0.0,0.0,0.0,0.0,0.0,0.0,0.0,0.0,0.0,0.0,0.0,0.0,0.0,0.0,0.0,0.0,0.0,0.0,0.0,0.0,0.0,0.0,0.0,0.0,0.0,0.0,0.0,0.0,0.0,0.0,0.0,0.0,0.0,0.0,0.0,0.552,0.4904
128,0.001,3,5,100,32,16,256,184,440338,73,30,VicregLoss,gru,/home/dpetrovitch/dzagcoffee/train_trace/gender/checkpoints_2025-10-08 10:26:11.109161_VicregLoss_gru_catboost/model_128_0.001_3_5_100_256_32_16_256_VicregLoss_gruepoch=01.ckpt,1,30,0.047530323,37.0576,1.6597,0.0006,4.0992,1.7863,1.8015,0.4124,703.0312,35.1595,75.3685,3.7693,59.0036,2.9508,53.5635,2.6788,48.4238,2.4217,45.3563,2.2683,41.2427,2.0626,35.1413,3.7049,3.7673,0.3972,2.9493,0.3109,2.6774,0.2823,2.4205,0.2552,2.2671,0.239,2.0615,0.2173,0.0,0.0,0.0,0.0,0.0,0.0,0.0,0.0,0.0,0.0,0.0,0.0,0.0,0.0,0.0,0.0,0.0,0.0,0.0,0.0,0.0,0.0,0.0,0.0,0.0,0.0,0.0,0.0,0.0,0.0,0.0,0.0,0.0,0.0,0.0,0.552,0.5099
128,0.001,3,5,100,32,16,256,184,440338,73,30,VicregLoss,gru,/home/dpetrovitch/dzagcoffee/train_trace/gender/checkpoints_2025-10-08 10:26:11.109161_VicregLoss_gru_catboost/model_128_0.001_3_5_100_256_32_16_256_VicregLoss_gruepoch=02.ckpt,2,30,0.05194199,30.5853,1.6726,0.0004,4.1372,1.4954,1.5162,0.4986,633.2212,32.7628,49.4196,2.557,39.7971,2.0591,36.8454,1.9064,34.0713,1.7628,32.6203,1.6878,30.8408,1.5957,28.169,5.6752,2.1984,0.4429,1.7704,0.3567,1.6391,0.3302,1.5157,0.3054,1.4511,0.2924,1.372,0.2764,0.0,0.0,0.0,0.0,0.0,0.0,0.0,0.0,0.0,0.0,0.0,0.0,0.0,0.0,0.0,0.0,0.0,0.0,0.0,0.0,0.0,0.0,0.0,0.0,0.0,0.0,0.0,0.0,0.0,0.0,0.0,0.0,0.0,0.0,0.0,0.532,0.4903
128,0.001,3,5,100,32,16,256,184,440338,73,30,VicregLoss,gru,/home/dpetrovitch/dzagcoffee/train_trace/gender/checkpoints_2025-10-08 10:26:11.109161_VicregLoss_gru_catboost/model_128_0.001_3_5_100_256_32_16_256_VicregLoss_gruepoch=03.ckpt,3,30,0.05108964,30.0695,1.6619,0.0004,4.0762,1.6792,1.6482,0.4779,614.9956,31.4457,44.9279,2.2972,36.3839,1.8604,33.8324,1.7299,31.6375,1.6177,30.5141,1.5602,29.1021,1.488,23.2417,5.9433,1.6979,0.4342,1.375,0.3516,1.2786,0.327,1.1956,0.3057,1.1532,0.2949,1.0998,0.2812,0.0,0.0,0.0,0.0,0.0,0.0,0.0,0.0,0.0,0.0,0.0,0.0,0.0,0.0,0.0,0.0,0.0,0.0,0.0,0.0,0.0,0.0,0.0,0.0,0.0,0.0,0.0,0.0,0.0,0.0,0.0,0.0,0.0,0.0,0.0,0.532,0.4863
128,0.001,3,5,100,32,16,256,184,440338,73,30,VicregLoss,gru,/home/dpetrovitch/dzagcoffee/train_trace/gender/checkpoints_2025-10-08 10:26:11.109161_VicregLoss_gru_catboost/model_128_0.001_3_5_100_256_32_16_256_VicregLoss_gruepoch=04.ckpt,4,30,0.052935686,28.9257,1.6732,0.0004,4.0558,1.5604,1.5606,0.5078,596.5245,30.8597,44.2184,2.2875,34.5436,1.787,32.1,1.6606,30.0422,1.5542,28.9145,1.4958,27.5645,1.426,22.8315,7.7523,1.6924,0.5747,1.3221,0.4489,1.2286,0.4172,1.1498,0.3904,1.1067,0.3758,1.055,0.3582,0.0,0.0,0.0,0.0,0.0,0.0,0.0,0.0,0.0,0.0,0.0,0.0,0.0,0.0,0.0,0.0,0.0,0.0,0.0,0.0,0.0,0.0,0.0,0.0,0.0,0.0,0.0,0.0,0.0,0.0,0.0,0.0,0.0,0.0,0.0,0.52,0.4851
128,0.001,3,5,100,32,16,256,184,440338,73,30,VicregLoss,gru,/home/dpetrovitch/dzagcoffee/train_trace/gender/checkpoints_2025-10-08 10:26:11.109161_VicregLoss_gru_catboost/model_128_0.001_3_5_100_256_32_16_256_VicregLoss_gruepoch=05.ckpt,5,30,0.048772443,28.6345,1.6542,0.0005,3.9677,1.9523,1.9405,0.4678,590.424,30.3288,44.7942,2.301,35.459,1.8214,32.9115,1.6906,30.8502,1.5847,29.7277,1.527,28.2147,1.4493,22.677,5.3148,1.7205,0.4032,1.3619,0.3192,1.2641,0.2963,1.1849,0.2777,1.1418,0.2676,1.0837,0.254,0.0,0.0,0.0,0.0,0.0,0.0,0.0,0.0,0.0,0.0,0.0,0.0,0.0,0.0,0.0,0.0,0.0,0.0,0.0,0.0,0.0,0.0,0.0,0.0,0.0,0.0,0.0,0.0,0.0,0.0,0.0,0.0,0.0,0.0,0.0,0.52,0.5002
128,0.001,3,5,100,32,16,256,184,440338,73,30,VicregLoss,gru,/home/dpetrovitch/dzagcoffee/train_trace/gender/checkpoints_2025-10-08 10:26:11.109161_VicregLoss_gru_catboost/model_128_0.001_3_5_100_256_32_16_256_VicregLoss_gruepoch=06.ckpt,6,30,0.052147582,29.8013,1.6685,0.0005,3.9936,1.6678,1.6553,0.477,601.4204,30.8479,48.5307,2.4892,38.3441,1.9667,35.2158,1.8063,32.4873,1.6663,31.0007,1.5901,29.3252,1.5041,24.3645,4.3249,1.9661,0.349,1.5534,0.2757,1.4266,0.2532,1.3161,0.2336,1.2559,0.2229,1.188,0.2109,0.0,0.0,0.0,0.0,0.0,0.0,0.0,0.0,0.0,0.0,0.0,0.0,0.0,0.0,0.0,0.0,0.0,0.0,0.0,0.0,0.0,0.0,0.0,0.0,0.0,0.0,0.0,0.0,0.0,0.0,0.0,0.0,0.0,0.0,0.0,0.516,0.5261
128,0.001,3,5,100,32,16,256,184,440338,73,30,VicregLoss,gru,/home/dpetrovitch/dzagcoffee/train_trace/gender/checkpoints_2025-10-08 10:26:11.109161_VicregLoss_gru_catboost/model_128_0.001_3_5_100_256_32_16_256_VicregLoss_gruepoch=07.ckpt,7,30,0.054464776,29.0218,1.666,0.0004,3.9337,1.6086,1.6075,0.4906,597.1465,30.4438,48.1434,2.4544,37.7451,1.9243,34.5278,1.7603,31.8794,1.6253,30.53,1.5565,29.0924,1.4832,24.275,4.9004,1.9571,0.3951,1.5344,0.3097,1.4036,0.2833,1.2959,0.2616,1.2411,0.2505,1.1827,0.2387,0.0,0.0,0.0,0.0,0.0,0.0,0.0,0.0,0.0,0.0,0.0,0.0,0.0,0.0,0.0,0.0,0.0,0.0,0.0,0.0,0.0,0.0,0.0,0.0,0.0,0.0,0.0,0.0,0.0,0.0,0.0,0.0,0.0,0.0,0.0,0.512,0.468
128,0.001,3,5,100,32,16,256,184,440338,73,30,VicregLoss,gru,/home/dpetrovitch/dzagcoffee/train_trace/gender/checkpoints_2025-10-08 10:26:11.109161_VicregLoss_gru_catboost/model_128_0.001_3_5_100_256_32_16_256_VicregLoss_gruepoch=08.ckpt,8,30,0.05082408,26.7997,1.6609,0.0005,3.8999,1.9048,1.8676,0.473,561.3938,28.635,42.1653,2.1507,33.7455,1.7213,31.2971,1.5964,29.2458,1.4917,28.187,1.4377,26.8784,1.371,21.8341,6.3473,1.6399,0.4767,1.3125,0.3815,1.2172,0.3539,1.1374,0.3307,1.0963,0.3187,1.0454,0.3039,0.0,0.0,0.0,0.0,0.0,0.0,0.0,0.0,0.0,0.0,0.0,0.0,0.0,0.0,0.0,0.0,0.0,0.0,0.0,0.0,0.0,0.0,0.0,0.0,0.0,0.0,0.0,0.0,0.0,0.0,0.0,0.0,0.0,0.0,0.0,0.5,0.4689
128,0.001,3,5,100,32,16,256,184,440338,73,30,VicregLoss,gru,/home/dpetrovitch/dzagcoffee/train_trace/gender/checkpoints_2025-10-08 10:26:11.109161_VicregLoss_gru_catboost/model_128_0.001_3_5_100_256_32_16_256_VicregLoss_gruepoch=09.ckpt,9,30,0.054302018,26.179,1.6548,0.0004,3.8943,1.8214,1.796,0.4785,546.3642,28.0237,40.6469,2.0848,32.5182,1.6679,30.1531,1.5466,28.1713,1.4449,27.1582,1.393,25.9897,1.333,22.5756,8.0172,1.6795,0.5964,1.3436,0.4772,1.2459,0.4425,1.164,0.4134,1.1222,0.3985,1.0739,0.3814,0.0,0.0,0.0,0.0,0.0,0.0,0.0,0.0,0.0,0.0,0.0,0.0,0.0,0.0,0.0,0.0,0.0,0.0,0.0,0.0,0.0,0.0,0.0,0.0,0.0,0.0,0.0,0.0,0.0,0.0,0.0,0.0,0.0,0.0,0.0,0.536,0.4877
128,0.001,3,5,100,32,16,256,184,440338,73,30,VicregLoss,gru,/home/dpetrovitch/dzagcoffee/train_trace/gender/checkpoints_2025-10-08 10:26:11.109161_VicregLoss_gru_catboost/model_128_0.001_3_5_100_256_32_16_256_VicregLoss_gruepoch=10.ckpt,10,30,0.050155908,25.8123,1.6555,0.0005,3.8867,1.8449,1.8378,0.4774,539.7434,27.6101,40.8148,2.0878,32.5644,1.6658,30.1996,1.5448,28.1776,1.4414,27.159,1.3893,25.9871,1.3293,22.0833,7.4069,1.6699,0.5601,1.3324,0.4469,1.2356,0.4144,1.1529,0.3867,1.1112,0.3727,1.0632,0.3566,0.0,0.0,0.0,0.0,0.0,0.0,0.0,0.0,0.0,0.0,0.0,0.0,0.0,0.0,0.0,0.0,0.0,0.0,0.0,0.0,0.0,0.0,0.0,0.0,0.0,0.0,0.0,0.0,0.0,0.0,0.0,0.0,0.0,0.0,0.0,0.524,0.4879
128,0.001,3,5,100,32,16,256,184,440338,73,30,VicregLoss,gru,/home/dpetrovitch/dzagcoffee/train_trace/gender/checkpoints_2025-10-08 10:26:11.109161_VicregLoss_gru_catboost/model_128_0.001_3_5_100_256_32_16_256_VicregLoss_gruepoch=11.ckpt,11,30,0.055231463,25.3918,1.662,0.0004,3.8619,1.9313,1.9206,0.4747,536.0451,27.4977,40.1028,2.0572,32.1413,1.6488,29.8565,1.5316,27.9073,1.4316,26.9045,1.3801,25.6559,1.3161,21.0418,7.2276,1.5742,0.5407,1.2617,0.4334,1.172,0.4026,1.0955,0.3763,1.0561,0.3628,1.0071,0.3459,0.0,0.0,0.0,0.0,0.0,0.0,0.0,0.0,0.0,0.0,0.0,0.0,0.0,0.0,0.0,0.0,0.0,0.0,0.0,0.0,0.0,0.0,0.0,0.0,0.0,0.0,0.0,0.0,0.0,0.0,0.0,0.0,0.0,0.0,0.0,0.552,0.5168
128,0.001,3,5,100,32,16,256,184,440338,73,30,VicregLoss,gru,/home/dpetrovitch/dzagcoffee/train_trace/gender/checkpoints_2025-10-08 10:26:11.109161_VicregLoss_gru_catboost/model_128_0.001_3_5_100_256_32_16_256_VicregLoss_gruepoch=12.ckpt,12,30,0.054747462,25.1378,1.665,0.0005,3.8558,1.8913,1.8892,0.476,531.5561,27.1969,40.7569,2.0853,32.453,1.6604,29.9588,1.5328,27.8607,1.4255,26.837,1.3731,25.688,1.3143,20.6965,6.5607,1.5869,0.503,1.2636,0.4005,1.1665,0.3698,1.0848,0.3439,1.0449,0.3312,1.0002,0.3171,0.0,0.0,0.0,0.0,0.0,0.0,0.0,0.0,0.0,0.0,0.0,0.0,0.0,0.0,0.0,0.0,0.0,0.0,0.0,0.0,0.0,0.0,0.0,0.0,0.0,0.0,0.0,0.0,0.0,0.0,0.0,0.0,0.0,0.0,0.0,0.52,0.4858
128,0.001,3,5,100,32,16,256,184,440338,73,30,VicregLoss,gru,/home/dpetrovitch/dzagcoffee/train_trace/gender/checkpoints_2025-10-08 10:26:11.109161_VicregLoss_gru_catboost/model_128_0.001_3_5_100_256_32_16_256_VicregLoss_gruepoch=13.ckpt,13,30,0.05041718,23.8351,1.6603,0.0004,3.8626,1.8127,1.7968,0.4801,506.7662,26.0382,38.3437,1.9701,30.5454,1.5695,28.2435,1.4512,26.3708,1.355,25.3997,1.3051,24.2748,1.2473,19.7472,7.8517,1.4941,0.5941,1.1903,0.4733,1.1006,0.4376,1.0276,0.4086,0.9898,0.3935,0.9459,0.3761,0.0,0.0,0.0,0.0,0.0,0.0,0.0,0.0,0.0,0.0,0.0,0.0,0.0,0.0,0.0,0.0,0.0,0.0,0.0,0.0,0.0,0.0,0.0,0.0,0.0,0.0,0.0,0.0,0.0,0.0,0.0,0.0,0.0,0.0,0.0,0.544,0.481
128,0.001,3,5,100,32,16,256,184,440338,73,30,VicregLoss,gru,/home/dpetrovitch/dzagcoffee/train_trace/gender/checkpoints_2025-10-08 10:26:11.109161_VicregLoss_gru_catboost/model_128_0.001_3_5_100_256_32_16_256_VicregLoss_gruepoch=14.ckpt,14,30,0.053548176,24.0405,1.6593,0.0004,3.8693,1.8154,1.8151,0.4818,508.2048,26.1251,38.0184,1.9544,30.3253,1.5589,28.1284,1.446,26.275,1.3507,25.3218,1.3017,24.2405,1.2461,23.0392,7.7791,1.7235,0.582,1.3748,0.4642,1.2752,0.4306,1.1912,0.4022,1.1479,0.3876,1.0989,0.3711,0.0,0.0,0.0,0.0,0.0,0.0,0.0,0.0,0.0,0.0,0.0,0.0,0.0,0.0,0.0,0.0,0.0,0.0,0.0,0.0,0.0,0.0,0.0,0.0,0.0,0.0,0.0,0.0,0.0,0.0,0.0,0.0,0.0,0.0,0.0,0.512,0.4711
128,0.001,3,5,100,32,16,256,184,440338,73,30,VicregLoss,gru,/home/dpetrovitch/dzagcoffee/train_trace/gender/checkpoints_2025-10-08 10:26:11.109161_VicregLoss_gru_catboost/model_128_0.001_3_5_100_256_32_16_256_VicregLoss_gruepoch=15.ckpt,15,30,0.053488214,23.6237,1.6643,0.0004,3.8747,1.9381,1.9527,0.4768,503.9054,25.9269,38.808,1.9967,30.9545,1.5927,28.6437,1.4738,26.6004,1.3686,25.5279,1.3135,24.2737,1.2489,22.2724,7.5433,1.7153,0.5809,1.3682,0.4634,1.266,0.4288,1.1757,0.3982,1.1283,0.3821,1.0729,0.3634,0.0,0.0,0.0,0.0,0.0,0.0,0.0,0.0,0.0,0.0,0.0,0.0,0.0,0.0,0.0,0.0,0.0,0.0,0.0,0.0,0.0,0.0,0.0,0.0,0.0,0.0,0.0,0.0,0.0,0.0,0.0,0.0,0.0,0.0,0.0,0.544,0.4764
128,0.001,3,5,100,32,16,256,184,440338,73,30,VicregLoss,gru,/home/dpetrovitch/dzagcoffee/train_trace/gender/checkpoints_2025-10-08 10:26:11.109161_VicregLoss_gru_catboost/model_128_0.001_3_5_100_256_32_16_256_VicregLoss_gruepoch=16.ckpt,16,30,0.053839434,23.404,1.6605,0.0005,3.8613,1.925,1.9182,0.477,496.7272,25.6005,39.1586,2.0182,31.0439,1.6,28.6496,1.4766,26.5945,1.3706,25.5635,1.3175,24.3921,1.2571,20.5633,5.7769,1.6211,0.4554,1.2851,0.361,1.186,0.3332,1.1009,0.3093,1.0583,0.2973,1.0098,0.2837,0.0,0.0,0.0,0.0,0.0,0.0,0.0,0.0,0.0,0.0,0.0,0.0,0.0,0.0,0.0,0.0,0.0,0.0,0.0,0.0,0.0,0.0,0.0,0.0,0.0,0.0,0.0,0.0,0.0,0.0,0.0,0.0,0.0,0.0,0.0,0.508,0.4719
128,0.001,3,5,100,32,16,256,184,440338,73,30,VicregLoss,gru,/home/dpetrovitch/dzagcoffee/train_trace/gender/checkpoints_2025-10-08 10:26:11.109161_VicregLoss_gru_catboost/model_128_0.001_3_5_100_256_32_16_256_VicregLoss_gruepoch=17.ckpt,17,30,0.0542549,22.7361,1.6627,0.0004,3.8752,1.8192,1.8386,0.482,487.4728,25.0765,38.3023,1.9703,30.1491,1.5509,27.815,1.4309,25.8691,1.3308,24.8683,1.2793,23.5623,1.2121,19.9998,7.0171,1.5715,0.5514,1.2369,0.434,1.1412,0.4004,1.0613,0.3724,1.0203,0.358,0.9667,0.3392,0.0,0.0,0.0,0.0,0.0,0.0,0.0,0.0,0.0,0.0,0.0,0.0,0.0,0.0,0.0,0.0,0.0,0.0,0.0,0.0,0.0,0.0,0.0,0.0,0.0,0.0,0.0,0.0,0.0,0.0,0.0,0.0,0.0,0.0,0.0,0.476,0.4562
128,0.001,3,5,100,32,16,256,184,440338,73,30,VicregLoss,gru,/home/dpetrovitch/dzagcoffee/train_trace/gender/checkpoints_2025-10-08 10:26:11.109161_VicregLoss_gru_catboost/model_128_0.001_3_5_100_256_32_16_256_VicregLoss_gruepoch=18.ckpt,18,30,0.056653474,22.5243,1.6654,0.0004,3.8651,1.8455,1.8472,0.4799,487.4828,25.2362,37.573,1.9451,30.0375,1.555,27.7876,1.4385,25.8348,1.3374,24.8837,1.2882,23.7068,1.2273,22.1793,6.4823,1.7095,0.4996,1.3666,0.3994,1.2643,0.3695,1.1754,0.3435,1.1321,0.3309,1.0786,0.3152,0.0,0.0,0.0,0.0,0.0,0.0,0.0,0.0,0.0,0.0,0.0,0.0,0.0,0.0,0.0,0.0,0.0,0.0,0.0,0.0,0.0,0.0,0.0,0.0,0.0,0.0,0.0,0.0,0.0,0.0,0.0,0.0,0.0,0.0,0.0,0.52,0.4536
128,0.001,3,5,100,32,16,256,184,440338,73,30,VicregLoss,gru,/home/dpetrovitch/dzagcoffee/train_trace/gender/checkpoints_2025-10-08 10:26:11.109161_VicregLoss_gru_catboost/model_128_0.001_3_5_100_256_32_16_256_VicregLoss_gruepoch=19.ckpt,19,30,0.054987323,22.4941,1.6354,0.0004,3.8476,2.0295,2.0282,0.4772,479.8702,24.5202,37.552,1.9188,30.0547,1.5357,27.7784,1.4194,25.7929,1.318,24.7807,1.2662,23.5391,1.2028,24.6123,7.554,1.926,0.5911,1.5415,0.4731,1.4247,0.4373,1.3229,0.406,1.271,0.3901,1.2073,0.3705,0.0,0.0,0.0,0.0,0.0,0.0,0.0,0.0,0.0,0.0,0.0,0.0,0.0,0.0,0.0,0.0,0.0,0.0,0.0,0.0,0.0,0.0,0.0,0.0,0.0,0.0,0.0,0.0,0.0,0.0,0.0,0.0,0.0,0.0,0.0,0.508,0.4836
128,0.001,3,5,100,32,16,256,184,440338,73,30,VicregLoss,gru,/home/dpetrovitch/dzagcoffee/train_trace/gender/checkpoints_2025-10-08 10:26:11.109161_VicregLoss_gru_catboost/model_128_0.001_3_5_100_256_32_16_256_VicregLoss_gruepoch=20.ckpt,20,30,0.05535567,22.4723,1.6652,0.0004,3.8771,1.9141,1.9291,0.4779,480.3009,24.7691,37.918,1.9554,30.0235,1.5483,27.703,1.4286,25.7298,1.3269,24.737,1.2757,23.4909,1.2114,22.4905,5.7043,1.7755,0.4503,1.4059,0.3566,1.2972,0.329,1.2048,0.3056,1.1583,0.2938,1.1,0.279,0.0,0.0,0.0,0.0,0.0,0.0,0.0,0.0,0.0,0.0,0.0,0.0,0.0,0.0,0.0,0.0,0.0,0.0,0.0,0.0,0.0,0.0,0.0,0.0,0.0,0.0,0.0,0.0,0.0,0.0,0.0,0.0,0.0,0.0,0.0,0.532,0.5133
128,0.001,3,5,100,32,16,256,184,440338,73,30,VicregLoss,gru,/home/dpetrovitch/dzagcoffee/train_trace/gender/checkpoints_2025-10-08 10:26:11.109161_VicregLoss_gru_catboost/model_128_0.001_3_5_100_256_32_16_256_VicregLoss_gruepoch=21.ckpt,21,30,0.05218613,21.9637,1.666,0.0004,3.8777,1.9609,1.9476,0.4782,468.2025,24.0671,36.8683,1.8951,29.3438,1.5084,27.0946,1.3928,25.1822,1.2944,24.209,1.2444,22.9391,1.1791,20.7264,7.3212,1.6321,0.5765,1.299,0.4588,1.1994,0.4237,1.1148,0.3938,1.0717,0.3786,1.0155,0.3587,0.0,0.0,0.0,0.0,0.0,0.0,0.0,0.0,0.0,0.0,0.0,0.0,0.0,0.0,0.0,0.0,0.0,0.0,0.0,0.0,0.0,0.0,0.0,0.0,0.0,0.0,0.0,0.0,0.0,0.0,0.0,0.0,0.0,0.0,0.0,0.508,0.464
128,0.001,3,5,100,32,16,256,184,440338,73,30,VicregLoss,gru,/home/dpetrovitch/dzagcoffee/train_trace/gender/checkpoints_2025-10-08 10:26:11.109161_VicregLoss_gru_catboost/model_128_0.001_3_5_100_256_32_16_256_VicregLoss_gruepoch=22.ckpt,22,30,0.054075006,22.0023,1.6637,0.0004,3.8714,1.9166,1.9157,0.4794,471.1415,24.2557,37.8802,1.9502,30.0438,1.5467,27.7003,1.4261,25.6905,1.3226,24.6866,1.2709,23.4474,1.2071,22.4224,7.1068,1.8028,0.5714,1.4298,0.4532,1.3183,0.4178,1.2227,0.3875,1.1749,0.3724,1.1159,0.3537,0.0,0.0,0.0,0.0,0.0,0.0,0.0,0.0,0.0,0.0,0.0,0.0,0.0,0.0,0.0,0.0,0.0,0.0,0.0,0.0,0.0,0.0,0.0,0.0,0.0,0.0,0.0,0.0,0.0,0.0,0.0,0.0,0.0,0.0,0.0,0.508,0.4911
128,0.001,3,5,100,32,16,256,184,440338,73,30,VicregLoss,gru,/home/dpetrovitch/dzagcoffee/train_trace/gender/checkpoints_2025-10-08 10:26:11.109161_VicregLoss_gru_catboost/model_128_0.001_3_5_100_256_32_16_256_VicregLoss_gruepoch=23.ckpt,23,30,0.05001028,21.8475,1.6593,0.0004,3.8712,1.8006,1.7879,0.4845,466.3268,23.9808,37.6485,1.9361,29.9606,1.5407,27.5861,1.4186,25.5502,1.3139,24.5082,1.2603,23.3076,1.1986,24.7243,5.7956,1.9961,0.4679,1.5885,0.3724,1.4626,0.3428,1.3547,0.3175,1.2994,0.3046,1.2358,0.2897,0.0,0.0,0.0,0.0,0.0,0.0,0.0,0.0,0.0,0.0,0.0,0.0,0.0,0.0,0.0,0.0,0.0,0.0,0.0,0.0,0.0,0.0,0.0,0.0,0.0,0.0,0.0,0.0,0.0,0.0,0.0,0.0,0.0,0.0,0.0,0.508,0.4605
128,0.001,3,5,100,32,16,256,184,440338,73,30,VicregLoss,gru,/home/dpetrovitch/dzagcoffee/train_trace/gender/checkpoints_2025-10-08 10:26:11.109161_VicregLoss_gru_catboost/model_128_0.001_3_5_100_256_32_16_256_VicregLoss_gruepoch=24.ckpt,24,30,0.053021345,21.5312,1.6598,0.0004,3.8694,1.9361,1.923,0.4799,461.08,23.7644,36.1844,1.865,28.9508,1.4921,26.8249,1.3826,25.0122,1.2891,24.0802,1.2411,22.8698,1.1787,21.5715,7.5079,1.6929,0.5892,1.3545,0.4714,1.255,0.4368,1.1702,0.4073,1.1266,0.3921,1.07,0.3724,0.0,0.0,0.0,0.0,0.0,0.0,0.0,0.0,0.0,0.0,0.0,0.0,0.0,0.0,0.0,0.0,0.0,0.0,0.0,0.0,0.0,0.0,0.0,0.0,0.0,0.0,0.0,0.0,0.0,0.0,0.0,0.0,0.0,0.0,0.0,0.544,0.4985
128,0.001,3,5,100,32,16,256,184,440338,73,30,VicregLoss,gru,/home/dpetrovitch/dzagcoffee/train_trace/gender/checkpoints_2025-10-08 10:26:11.109161_VicregLoss_gru_catboost/model_128_0.001_3_5_100_256_32_16_256_VicregLoss_gruepoch=25.ckpt,25,30,0.053368285,21.4109,1.6602,0.0004,3.8698,1.8962,1.8948,0.481,456.02,23.4502,36.6023,1.8822,29.218,1.5025,27.0451,1.3908,25.126,1.2921,24.1455,1.2416,22.9595,1.1807,23.1814,5.8093,1.8606,0.4663,1.4853,0.3722,1.3748,0.3445,1.2773,0.3201,1.2274,0.3076,1.1671,0.2925,0.0,0.0,0.0,0.0,0.0,0.0,0.0,0.0,0.0,0.0,0.0,0.0,0.0,0.0,0.0,0.0,0.0,0.0,0.0,0.0,0.0,0.0,0.0,0.0,0.0,0.0,0.0,0.0,0.0,0.0,0.0,0.0,0.0,0.0,0.0,0.504,0.4963
128,0.001,3,5,100,32,16,256,184,440338,73,30,VicregLoss,gru,/home/dpetrovitch/dzagcoffee/train_trace/gender/checkpoints_2025-10-08 10:26:11.109161_VicregLoss_gru_catboost/model_128_0.001_3_5_100_256_32_16_256_VicregLoss_gruepoch=26.ckpt,26,30,0.04694353,21.1023,1.6647,0.0004,3.8764,1.8384,1.8369,0.483,450.2564,23.3581,35.9208,1.8635,28.6479,1.4862,26.4511,1.3722,24.6025,1.2763,23.7113,1.2301,22.5904,1.1719,21.9962,7.415,1.7548,0.5916,1.3995,0.4718,1.2922,0.4356,1.2019,0.4052,1.1584,0.3905,1.1036,0.372,0.0,0.0,0.0,0.0,0.0,0.0,0.0,0.0,0.0,0.0,0.0,0.0,0.0,0.0,0.0,0.0,0.0,0.0,0.0,0.0,0.0,0.0,0.0,0.0,0.0,0.0,0.0,0.0,0.0,0.0,0.0,0.0,0.0,0.0,0.0,0.536,0.4774
128,0.001,3,5,100,32,16,256,184,440338,73,30,VicregLoss,gru,/home/dpetrovitch/dzagcoffee/train_trace/gender/checkpoints_2025-10-08 10:26:11.109161_VicregLoss_gru_catboost/model_128_0.001_3_5_100_256_32_16_256_VicregLoss_gruepoch=27.ckpt,27,30,0.055561263,21.1839,1.665,0.0004,3.8808,1.8495,1.8636,0.4803,449.9999,23.119,37.152,1.9087,29.4969,1.5154,27.2326,1.3991,25.2947,1.2995,24.2714,1.247,23.054,1.1844,19.4487,4.9688,1.6057,0.4102,1.2748,0.3257,1.177,0.3007,1.0932,0.2793,1.049,0.268,0.9964,0.2546,0.0,0.0,0.0,0.0,0.0,0.0,0.0,0.0,0.0,0.0,0.0,0.0,0.0,0.0,0.0,0.0,0.0,0.0,0.0,0.0,0.0,0.0,0.0,0.0,0.0,0.0,0.0,0.0,0.0,0.0,0.0,0.0,0.0,0.0,0.0,0.524,0.5191
128,0.001,3,5,100,32,16,256,184,440338,73,30,VicregLoss,gru,/home/dpetrovitch/dzagcoffee/train_trace/gender/checkpoints_2025-10-08 10:26:11.109161_VicregLoss_gru_catboost/model_128_0.001_3_5_100_256_32_16_256_VicregLoss_gruepoch=28.ckpt,28,30,0.05428488,21.1643,1.665,0.0004,3.8797,1.8547,1.8539,0.482,450.4607,23.2714,36.6617,1.894,29.1717,1.507,26.971,1.3934,25.0418,1.2937,24.0338,1.2416,22.8344,1.1797,20.9766,5.199,1.7072,0.4231,1.3584,0.3367,1.256,0.3113,1.1661,0.289,1.1192,0.2774,1.0633,0.2635,0.0,0.0,0.0,0.0,0.0,0.0,0.0,0.0,0.0,0.0,0.0,0.0,0.0,0.0,0.0,0.0,0.0,0.0,0.0,0.0,0.0,0.0,0.0,0.0,0.0,0.0,0.0,0.0,0.0,0.0,0.0,0.0,0.0,0.0,0.0,0.528,0.4765
128,0.001,3,5,100,32,16,256,184,440338,73,30,VicregLoss,gru,/home/dpetrovitch/dzagcoffee/train_trace/gender/checkpoints_2025-10-08 10:26:11.109161_VicregLoss_gru_catboost/model_128_0.001_3_5_100_256_32_16_256_VicregLoss_gruepoch=29.ckpt,29,30,0.050866913,20.786,1.6691,0.0004,3.8834,1.9492,1.9446,0.4779,445.6326,22.9571,37.6099,1.9375,29.4764,1.5185,27.0814,1.3951,25.0297,1.2894,23.9564,1.2341,22.7152,1.1702,19.7353,5.4187,1.6656,0.4573,1.3054,0.3584,1.1993,0.3293,1.1085,0.3043,1.0609,0.2913,1.006,0.2762,0.0,0.0,0.0,0.0,0.0,0.0,0.0,0.0,0.0,0.0,0.0,0.0,0.0,0.0,0.0,0.0,0.0,0.0,0.0,0.0,0.0,0.0,0.0,0.0,0.0,0.0,0.0,0.0,0.0,0.0,0.0,0.0,0.0,0.0,0.0,0.528,0.4775
128,0.001,3,10,100,32,16,256,184,440338,73,30,VicregLoss,gru,/home/dpetrovitch/dzagcoffee/train_trace/gender/checkpoints_2025-10-08 10:26:11.109161_VicregLoss_gru_catboost/model_128_0.001_3_10_100_256_32_16_256_VicregLoss_gruepoch=00.ckpt,0,30,0.043033,13.1715,1.6769,1e-04,4.7859,1.0244,1.0293,0.8711,369.6219,21.4688,64.5741,3.7507,19.3869,1.1261,17.7373,1.0302,16.582,0.9631,16.0585,0.9327,15.4622,0.8981,15.2092,1.9603,2.6571,0.3425,0.7977,0.1028,0.7299,0.0941,0.6823,0.0879,0.6608,0.0852,0.6362,0.082,0.0,0.0,0.0,0.0,0.0,0.0,0.0,0.0,0.0,0.0,0.0,0.0,0.0,0.0,0.0,0.0,0.0,0.0,0.0,0.0,0.0,0.0,0.0,0.0,0.0,0.0,0.0,0.0,0.0,0.0,0.0,0.0,0.0,0.0,0.0,0.5,0.4845
128,0.001,3,10,100,32,16,256,184,440338,73,30,VicregLoss,gru,/home/dpetrovitch/dzagcoffee/train_trace/gender/checkpoints_2025-10-08 10:26:11.109161_VicregLoss_gru_catboost/model_128_0.001_3_10_100_256_32_16_256_VicregLoss_gruepoch=01.ckpt,1,30,0.044052392,44.1301,1.6723,0.0005,4.3299,1.4139,1.4193,0.3731,640.6952,31.9011,108.1482,5.3848,83.5084,4.158,72.4124,3.6055,61.0799,3.0412,54.5596,2.7166,46.6137,2.321,32.1168,2.8588,5.4213,0.4826,4.1861,0.3726,3.6299,0.3231,3.0618,0.2725,2.735,0.2434,2.3367,0.208,0.0,0.0,0.0,0.0,0.0,0.0,0.0,0.0,0.0,0.0,0.0,0.0,0.0,0.0,0.0,0.0,0.0,0.0,0.0,0.0,0.0,0.0,0.0,0.0,0.0,0.0,0.0,0.0,0.0,0.0,0.0,0.0,0.0,0.0,0.0,0.556,0.4848
128,0.001,3,10,100,32,16,256,184,440338,73,30,VicregLoss,gru,/home/dpetrovitch/dzagcoffee/train_trace/gender/checkpoints_2025-10-08 10:26:11.109161_VicregLoss_gru_catboost/model_128_0.001_3_10_100_256_32_16_256_VicregLoss_gruepoch=02.ckpt,2,30,0.04535876,16.5679,1.6775,1e-04,4.9281,1.0604,1.08,0.761,425.4454,24.9009,47.165,2.7605,21.7037,1.2703,20.5333,1.2018,19.6458,1.1498,19.089,1.1173,18.2961,1.0709,15.9604,2.3088,1.7694,0.256,0.8142,0.1178,0.7703,0.1114,0.737,0.1066,0.7161,0.1036,0.6864,0.0993,0.0,0.0,0.0,0.0,0.0,0.0,0.0,0.0,0.0,0.0,0.0,0.0,0.0,0.0,0.0,0.0,0.0,0.0,0.0,0.0,0.0,0.0,0.0,0.0,0.0,0.0,0.0,0.0,0.0,0.0,0.0,0.0,0.0,0.0,0.0,0.556,0.5274
128,0.001,3,10,100,32,16,256,184,440338,73,30,VicregLoss,gru,/home/dpetrovitch/dzagcoffee/train_trace/gender/checkpoints_2025-10-08 10:26:11.109161_VicregLoss_gru_catboost/model_128_0.001_3_10_100_256_32_16_256_VicregLoss_gruepoch=03.ckpt,3,30,0.043122943,8.7414,1.6792,0.0,5.9479,1.0223,1.0311,0.887,278.1903,19.9927,58.9859,4.2391,12.5081,0.8989,12.069,0.8674,11.6675,0.8385,11.3858,0.8183,11.039,0.7933,8.144,1.0257,1.7268,0.2175,0.3662,0.0461,0.3533,0.0445,0.3416,0.043,0.3333,0.042,0.3232,0.0407,0.0,0.0,0.0,0.0,0.0,0.0,0.0,0.0,0.0,0.0,0.0,0.0,0.0,0.0,0.0,0.0,0.0,0.0,0.0,0.0,0.0,0.0,0.0,0.0,0.0,0.0,0.0,0.0,0.0,0.0,0.0,0.0,0.0,0.0,0.0,0.528,0.5068
128,0.001,3,10,100,32,16,256,184,440338,73,30,VicregLoss,gru,/home/dpetrovitch/dzagcoffee/train_trace/gender/checkpoints_2025-10-08 10:26:11.109161_VicregLoss_gru_catboost/model_128_0.001_3_10_100_256_32_16_256_VicregLoss_gruepoch=04.ckpt,4,30,0.04448071,8.6969,1.6793,0.0,5.0267,1.0133,1.0125,0.9487,272.9304,20.5707,26.3521,1.9861,10.9542,0.8256,10.6052,0.7993,10.2658,0.7737,10.0905,0.7605,9.8041,0.7389,8.446,0.9687,0.8155,0.0935,0.339,0.0389,0.3282,0.0376,0.3177,0.0364,0.3123,0.0358,0.3034,0.0348,0.0,0.0,0.0,0.0,0.0,0.0,0.0,0.0,0.0,0.0,0.0,0.0,0.0,0.0,0.0,0.0,0.0,0.0,0.0,0.0,0.0,0.0,0.0,0.0,0.0,0.0,0.0,0.0,0.0,0.0,0.0,0.0,0.0,0.0,0.0,0.552,0.5224
128,0.001,3,10,100,32,16,256,184,440338,73,30,VicregLoss,gru,/home/dpetrovitch/dzagcoffee/train_trace/gender/checkpoints_2025-10-08 10:26:11.109161_VicregLoss_gru_catboost/model_128_0.001_3_10_100_256_32_16_256_VicregLoss_gruepoch=05.ckpt,5,30,0.044544954,8.2053,1.6796,0.0,5.9462,1.0146,1.0186,0.937,251.363,20.2178,64.0407,5.151,10.8037,0.869,10.3878,0.8355,10.0909,0.8116,9.8633,0.7933,9.4661,0.7614,8.8607,1.1062,2.2575,0.2818,0.3808,0.0475,0.3662,0.0457,0.3557,0.0444,0.3477,0.0434,0.3337,0.0417,0.0,0.0,0.0,0.0,0.0,0.0,0.0,0.0,0.0,0.0,0.0,0.0,0.0,0.0,0.0,0.0,0.0,0.0,0.0,0.0,0.0,0.0,0.0,0.0,0.0,0.0,0.0,0.0,0.0,0.0,0.0,0.0,0.0,0.0,0.0,0.524,0.5089
128,0.001,3,10,100,32,16,256,184,440338,73,30,VicregLoss,gru,/home/dpetrovitch/dzagcoffee/train_trace/gender/checkpoints_2025-10-08 10:26:11.109161_VicregLoss_gru_catboost/model_128_0.001_3_10_100_256_32_16_256_VicregLoss_gruepoch=06.ckpt,6,30,0.04782158,7.4933,1.6796,0.0,6.2313,1.0153,1.0221,0.9287,237.4456,19.128,59.9486,4.8293,10.5021,0.846,10.1262,0.8157,9.7978,0.7893,9.5573,0.7699,9.1865,0.74,6.4224,0.8745,1.6215,0.2208,0.2841,0.0387,0.2739,0.0373,0.265,0.0361,0.2585,0.0352,0.2485,0.0338,0.0,0.0,0.0,0.0,0.0,0.0,0.0,0.0,0.0,0.0,0.0,0.0,0.0,0.0,0.0,0.0,0.0,0.0,0.0,0.0,0.0,0.0,0.0,0.0,0.0,0.0,0.0,0.0,0.0,0.0,0.0,0.0,0.0,0.0,0.0,0.524,0.4949
128,0.001,3,10,100,32,16,256,184,440338,73,30,VicregLoss,gru,/home/dpetrovitch/dzagcoffee/train_trace/gender/checkpoints_2025-10-08 10:26:11.109161_VicregLoss_gru_catboost/model_128_0.001_3_10_100_256_32_16_256_VicregLoss_gruepoch=07.ckpt,7,30,0.048978034,7.6728,1.6794,0.0,5.7017,1.0161,1.0241,0.9263,246.8969,18.4025,62.0831,4.6274,11.2396,0.8377,10.7803,0.8035,10.428,0.7773,10.1625,0.7575,9.8146,0.7315,7.3913,0.9833,1.8586,0.2473,0.3365,0.0448,0.3227,0.0429,0.3122,0.0415,0.3042,0.0405,0.2938,0.0391,0.0,0.0,0.0,0.0,0.0,0.0,0.0,0.0,0.0,0.0,0.0,0.0,0.0,0.0,0.0,0.0,0.0,0.0,0.0,0.0,0.0,0.0,0.0,0.0,0.0,0.0,0.0,0.0,0.0,0.0,0.0,0.0,0.0,0.0,0.0,0.496,0.4924
128,0.001,3,10,100,32,16,256,184,440338,73,30,VicregLoss,gru,/home/dpetrovitch/dzagcoffee/train_trace/gender/checkpoints_2025-10-08 10:26:11.109161_VicregLoss_gru_catboost/model_128_0.001_3_10_100_256_32_16_256_VicregLoss_gruepoch=08.ckpt,8,30,0.04694781,5.9287,1.6797,0.0,6.8477,1.0118,1.0184,0.9456,206.8014,19.0569,64.0129,5.8988,9.0793,0.8367,8.726,0.8041,8.4677,0.7803,8.2904,0.764,8.0441,0.7413,5.627,0.7676,1.7418,0.2376,0.247,0.0337,0.2374,0.0324,0.2304,0.0314,0.2256,0.0308,0.2189,0.0299,0.0,0.0,0.0,0.0,0.0,0.0,0.0,0.0,0.0,0.0,0.0,0.0,0.0,0.0,0.0,0.0,0.0,0.0,0.0,0.0,0.0,0.0,0.0,0.0,0.0,0.0,0.0,0.0,0.0,0.0,0.0,0.0,0.0,0.0,0.0,0.512,0.496
128,0.001,3,10,100,32,16,256,184,440338,73,30,VicregLoss,gru,/home/dpetrovitch/dzagcoffee/train_trace/gender/checkpoints_2025-10-08 10:26:11.109161_VicregLoss_gru_catboost/model_128_0.001_3_10_100_256_32_16_256_VicregLoss_gruepoch=09.ckpt,9,30,0.050828367,6.0598,1.6797,0.0,6.7394,1.0128,1.0205,0.941,209.5363,20.9963,62.7923,6.292,9.2521,0.9271,8.8704,0.8888,8.6333,0.8651,8.4088,0.8426,8.1244,0.8141,6.4229,0.9493,1.9248,0.2845,0.2836,0.0419,0.2719,0.0402,0.2646,0.0391,0.2578,0.0381,0.249,0.0368,0.0,0.0,0.0,0.0,0.0,0.0,0.0,0.0,0.0,0.0,0.0,0.0,0.0,0.0,0.0,0.0,0.0,0.0,0.0,0.0,0.0,0.0,0.0,0.0,0.0,0.0,0.0,0.0,0.0,0.0,0.0,0.0,0.0,0.0,0.0,0.496,0.4647
128,0.001,3,10,100,32,16,256,184,440338,73,30,VicregLoss,gru,/home/dpetrovitch/dzagcoffee/train_trace/gender/checkpoints_2025-10-08 10:26:11.109161_VicregLoss_gru_catboost/model_128_0.001_3_10_100_256_32_16_256_VicregLoss_gruepoch=10.ckpt,10,30,0.055407073,7.2451,1.6797,0.0,5.7827,1.0147,1.018,0.9335,238.1354,18.9655,39.5301,3.1482,10.1572,0.8089,9.809,0.7812,9.4783,0.7549,9.3008,0.7407,8.9253,0.7108,6.2467,0.7858,1.0369,0.1304,0.2664,0.0335,0.2573,0.0324,0.2486,0.0313,0.244,0.0307,0.2341,0.0295,0.0,0.0,0.0,0.0,0.0,0.0,0.0,0.0,0.0,0.0,0.0,0.0,0.0,0.0,0.0,0.0,0.0,0.0,0.0,0.0,0.0,0.0,0.0,0.0,0.0,0.0,0.0,0.0,0.0,0.0,0.0,0.0,0.0,0.0,0.0,0.524,0.5283
128,0.001,3,10,100,32,16,256,184,440338,73,30,VicregLoss,gru,/home/dpetrovitch/dzagcoffee/train_trace/gender/checkpoints_2025-10-08 10:26:11.109161_VicregLoss_gru_catboost/model_128_0.001_3_10_100_256_32_16_256_VicregLoss_gruepoch=11.ckpt,11,30,0.05172783,6.691,1.6796,0.0,5.9291,1.014,1.0219,0.9366,228.8966,18.328,64.5399,5.1678,10.2293,0.8191,9.78,0.7831,9.4415,0.756,9.2194,0.7382,8.9124,0.7136,6.9801,1.2024,1.9681,0.339,0.3119,0.0537,0.2982,0.0514,0.2879,0.0496,0.2811,0.0484,0.2718,0.0468,0.0,0.0,0.0,0.0,0.0,0.0,0.0,0.0,0.0,0.0,0.0,0.0,0.0,0.0,0.0,0.0,0.0,0.0,0.0,0.0,0.0,0.0,0.0,0.0,0.0,0.0,0.0,0.0,0.0,0.0,0.0,0.0,0.0,0.0,0.0,0.52,0.4927
128,0.001,3,10,100,32,16,256,184,440338,73,30,VicregLoss,gru,/home/dpetrovitch/dzagcoffee/train_trace/gender/checkpoints_2025-10-08 10:26:11.109161_VicregLoss_gru_catboost/model_128_0.001_3_10_100_256_32_16_256_VicregLoss_gruepoch=12.ckpt,12,30,0.05132093,5.598,1.6797,0.0,7.1244,1.0123,1.0176,0.9406,200.1536,17.7191,55.2129,4.8879,8.645,0.7653,8.3331,0.7377,8.0646,0.7139,7.9112,0.7004,7.665,0.6786,6.6,1.0055,1.8206,0.2774,0.2851,0.0434,0.2748,0.0419,0.2659,0.0405,0.2609,0.0397,0.2528,0.0385,0.0,0.0,0.0,0.0,0.0,0.0,0.0,0.0,0.0,0.0,0.0,0.0,0.0,0.0,0.0,0.0,0.0,0.0,0.0,0.0,0.0,0.0,0.0,0.0,0.0,0.0,0.0,0.0,0.0,0.0,0.0,0.0,0.0,0.0,0.0,0.528,0.5013
128,0.001,3,10,100,32,16,256,184,440338,73,30,VicregLoss,gru,/home/dpetrovitch/dzagcoffee/train_trace/gender/checkpoints_2025-10-08 10:26:11.109161_VicregLoss_gru_catboost/model_128_0.001_3_10_100_256_32_16_256_VicregLoss_gruepoch=13.ckpt,13,30,0.05855949,5.5865,1.6797,0.0,6.7855,1.0126,1.016,0.943,206.0762,21.0756,43.9169,4.4914,8.6738,0.8871,8.3916,0.8582,8.1063,0.829,7.9602,0.8141,7.7456,0.7922,7.6823,1.1091,1.6372,0.2364,0.3233,0.0467,0.3128,0.0452,0.3022,0.0436,0.2967,0.0428,0.2887,0.0417,0.0,0.0,0.0,0.0,0.0,0.0,0.0,0.0,0.0,0.0,0.0,0.0,0.0,0.0,0.0,0.0,0.0,0.0,0.0,0.0,0.0,0.0,0.0,0.0,0.0,0.0,0.0,0.0,0.0,0.0,0.0,0.0,0.0,0.0,0.0,0.52,0.5028
128,0.001,3,10,100,32,16,256,184,440338,73,30,VicregLoss,gru,/home/dpetrovitch/dzagcoffee/train_trace/gender/checkpoints_2025-10-08 10:26:11.109161_VicregLoss_gru_catboost/model_128_0.001_3_10_100_256_32_16_256_VicregLoss_gruepoch=14.ckpt,14,30,0.054773163,5.4729,1.6797,0.0,7.3351,1.0129,1.0184,0.9421,196.3042,17.5919,53.4012,4.7856,8.4021,0.753,8.1683,0.732,7.8698,0.7053,7.699,0.6899,7.5335,0.6751,6.25,0.9953,1.7002,0.2707,0.2675,0.0426,0.2601,0.0414,0.2506,0.0399,0.2451,0.039,0.2399,0.0382,0.0,0.0,0.0,0.0,0.0,0.0,0.0,0.0,0.0,0.0,0.0,0.0,0.0,0.0,0.0,0.0,0.0,0.0,0.0,0.0,0.0,0.0,0.0,0.0,0.0,0.0,0.0,0.0,0.0,0.0,0.0,0.0,0.0,0.0,0.0,0.548,0.5468
128,0.001,3,10,100,32,16,256,184,440338,73,30,VicregLoss,gru,/home/dpetrovitch/dzagcoffee/train_trace/gender/checkpoints_2025-10-08 10:26:11.109161_VicregLoss_gru_catboost/model_128_0.001_3_10_100_256_32_16_256_VicregLoss_gruepoch=15.ckpt,15,30,0.051907722,5.0291,1.6797,0.0,7.8507,1.0116,1.0174,0.9462,187.4077,17.313,55.7124,5.1468,8.0548,0.7441,7.7537,0.7163,7.4621,0.6894,7.2825,0.6728,7.1485,0.6604,5.6154,0.8306,1.6693,0.2469,0.2414,0.0357,0.2323,0.0344,0.2236,0.0331,0.2182,0.0323,0.2142,0.0317,0.0,0.0,0.0,0.0,0.0,0.0,0.0,0.0,0.0,0.0,0.0,0.0,0.0,0.0,0.0,0.0,0.0,0.0,0.0,0.0,0.0,0.0,0.0,0.0,0.0,0.0,0.0,0.0,0.0,0.0,0.0,0.0,0.0,0.0,0.0,0.528,0.4936
128,0.001,3,10,100,32,16,256,184,440338,73,30,VicregLoss,gru,/home/dpetrovitch/dzagcoffee/train_trace/gender/checkpoints_2025-10-08 10:26:11.109161_VicregLoss_gru_catboost/model_128_0.001_3_10_100_256_32_16_256_VicregLoss_gruepoch=16.ckpt,16,30,0.050344367,5.1679,1.6797,0.0,7.6886,1.0124,1.0179,0.941,195.0677,19.5562,53.5762,5.3712,8.3751,0.8396,7.9775,0.7998,7.708,0.7728,7.5533,0.7572,7.3733,0.7392,6.3573,0.9479,1.7461,0.2603,0.2729,0.0407,0.26,0.0388,0.2512,0.0375,0.2462,0.0367,0.2403,0.0358,0.0,0.0,0.0,0.0,0.0,0.0,0.0,0.0,0.0,0.0,0.0,0.0,0.0,0.0,0.0,0.0,0.0,0.0,0.0,0.0,0.0,0.0,0.0,0.0,0.0,0.0,0.0,0.0,0.0,0.0,0.0,0.0,0.0,0.0,0.0,0.544,0.5061
128,0.001,3,10,100,32,16,256,184,440338,73,30,VicregLoss,gru,/home/dpetrovitch/dzagcoffee/train_trace/gender/checkpoints_2025-10-08 10:26:11.109161_VicregLoss_gru_catboost/model_128_0.001_3_10_100_256_32_16_256_VicregLoss_gruepoch=17.ckpt,17,30,0.054773163,11.784,1.6795,1e-04,4.9821,1.0299,1.0319,0.8827,345.08,24.1742,25.3869,1.7784,15.0428,1.0538,14.4688,1.0136,13.9459,0.977,13.6571,0.9567,13.1027,0.9179,11.8668,1.6397,0.873,0.1206,0.5173,0.0715,0.4976,0.0687,0.4796,0.0663,0.4696,0.0649,0.4506,0.0623,0.0,0.0,0.0,0.0,0.0,0.0,0.0,0.0,0.0,0.0,0.0,0.0,0.0,0.0,0.0,0.0,0.0,0.0,0.0,0.0,0.0,0.0,0.0,0.0,0.0,0.0,0.0,0.0,0.0,0.0,0.0,0.0,0.0,0.0,0.0,0.536,0.5095
128,0.001,3,10,100,32,16,256,184,440338,73,30,VicregLoss,gru,/home/dpetrovitch/dzagcoffee/train_trace/gender/checkpoints_2025-10-08 10:26:11.109161_VicregLoss_gru_catboost/model_128_0.001_3_10_100_256_32_16_256_VicregLoss_gruepoch=18.ckpt,18,30,0.049384937,8.1607,1.6797,0.0,6.4894,1.0212,1.0273,0.9057,274.2248,24.1736,50.1831,4.4238,11.5695,1.0199,11.0538,0.9744,10.7504,0.9477,10.5522,0.9302,10.1522,0.8949,10.6894,1.5333,1.9562,0.2806,0.451,0.0647,0.4309,0.0618,0.4191,0.0601,0.4113,0.059,0.3957,0.0568,0.0,0.0,0.0,0.0,0.0,0.0,0.0,0.0,0.0,0.0,0.0,0.0,0.0,0.0,0.0,0.0,0.0,0.0,0.0,0.0,0.0,0.0,0.0,0.0,0.0,0.0,0.0,0.0,0.0,0.0,0.0,0.0,0.0,0.0,0.0,0.516,0.4576
128,0.001,3,10,100,32,16,256,184,440338,73,30,VicregLoss,gru,/home/dpetrovitch/dzagcoffee/train_trace/gender/checkpoints_2025-10-08 10:26:11.109161_VicregLoss_gru_catboost/model_128_0.001_3_10_100_256_32_16_256_VicregLoss_gruepoch=19.ckpt,19,30,0.052541632,7.7302,1.6797,0.0,6.5652,1.0196,1.0251,0.9123,259.8332,21.4177,47.2318,3.8933,10.9735,0.9045,10.4551,0.8618,10.1651,0.8379,10.0015,0.8244,9.6208,0.793,8.4461,1.2008,1.5353,0.2183,0.3567,0.0507,0.3399,0.0483,0.3304,0.047,0.3251,0.0462,0.3127,0.0445,0.0,0.0,0.0,0.0,0.0,0.0,0.0,0.0,0.0,0.0,0.0,0.0,0.0,0.0,0.0,0.0,0.0,0.0,0.0,0.0,0.0,0.0,0.0,0.0,0.0,0.0,0.0,0.0,0.0,0.0,0.0,0.0,0.0,0.0,0.0,0.512,0.4717
128,0.001,3,10,100,32,16,256,184,440338,73,30,VicregLoss,gru,/home/dpetrovitch/dzagcoffee/train_trace/gender/checkpoints_2025-10-08 10:26:11.109161_VicregLoss_gru_catboost/model_128_0.001_3_10_100_256_32_16_256_VicregLoss_gruepoch=20.ckpt,20,30,0.045829907,7.2798,1.6797,0.0,6.958,1.018,1.0239,0.9202,250.3051,22.4419,50.3331,4.5128,10.553,0.9462,10.0347,0.8997,9.7618,0.8752,9.5861,0.8595,9.2446,0.8289,7.3292,1.1123,1.4738,0.2237,0.309,0.0469,0.2938,0.0446,0.2858,0.0434,0.2807,0.0426,0.2707,0.0411,0.0,0.0,0.0,0.0,0.0,0.0,0.0,0.0,0.0,0.0,0.0,0.0,0.0,0.0,0.0,0.0,0.0,0.0,0.0,0.0,0.0,0.0,0.0,0.0,0.0,0.0,0.0,0.0,0.0,0.0,0.0,0.0,0.0,0.0,0.0,0.54,0.516
128,0.001,3,10,100,32,16,256,184,440338,73,30,VicregLoss,gru,/home/dpetrovitch/dzagcoffee/train_trace/gender/checkpoints_2025-10-08 10:26:11.109161_VicregLoss_gru_catboost/model_128_0.001_3_10_100_256_32_16_256_VicregLoss_gruepoch=21.ckpt,21,30,0.049487736,7.043,1.6797,0.0,6.6838,1.0174,1.0216,0.9267,243.8707,21.4669,44.4823,3.9156,10.1147,0.8904,9.6486,0.8493,9.3866,0.8263,9.2115,0.8109,8.8736,0.7811,8.3145,1.2575,1.5166,0.2294,0.3448,0.0522,0.329,0.0498,0.32,0.0484,0.3141,0.0475,0.3025,0.0458,0.0,0.0,0.0,0.0,0.0,0.0,0.0,0.0,0.0,0.0,0.0,0.0,0.0,0.0,0.0,0.0,0.0,0.0,0.0,0.0,0.0,0.0,0.0,0.0,0.0,0.0,0.0,0.0,0.0,0.0,0.0,0.0,0.0,0.0,0.0,0.512,0.4749
128,0.001,3,10,100,32,16,256,184,440338,73,30,VicregLoss,gru,/home/dpetrovitch/dzagcoffee/train_trace/gender/checkpoints_2025-10-08 10:26:11.109161_VicregLoss_gru_catboost/model_128_0.001_3_10_100_256_32_16_256_VicregLoss_gruepoch=22.ckpt,22,30,0.049247876,6.881,1.6797,0.0,6.9723,1.0165,1.0217,0.9285,239.6934,22.382,50.2659,4.6937,10.0611,0.9395,9.5738,0.894,9.3078,0.8691,9.1246,0.852,8.8283,0.8244,8.723,1.2553,1.8293,0.2632,0.3661,0.0527,0.3484,0.0501,0.3387,0.0487,0.3321,0.0478,0.3213,0.0462,0.0,0.0,0.0,0.0,0.0,0.0,0.0,0.0,0.0,0.0,0.0,0.0,0.0,0.0,0.0,0.0,0.0,0.0,0.0,0.0,0.0,0.0,0.0,0.0,0.0,0.0,0.0,0.0,0.0,0.0,0.0,0.0,0.0,0.0,0.0,0.528,0.5362
128,0.001,3,10,100,32,16,256,184,440338,73,30,VicregLoss,gru,/home/dpetrovitch/dzagcoffee/train_trace/gender/checkpoints_2025-10-08 10:26:11.109161_VicregLoss_gru_catboost/model_128_0.001_3_10_100_256_32_16_256_VicregLoss_gruepoch=23.ckpt,23,30,0.057437297,7.0299,1.6797,0.0,6.3803,1.017,1.0222,0.9255,243.4498,20.6116,48.4464,4.1017,10.3173,0.8735,9.8358,0.8327,9.5472,0.8083,9.3402,0.7908,9.0299,0.7645,9.2854,1.4025,1.8478,0.2791,0.3935,0.0594,0.3751,0.0567,0.3641,0.055,0.3562,0.0538,0.3444,0.052,0.0,0.0,0.0,0.0,0.0,0.0,0.0,0.0,0.0,0.0,0.0,0.0,0.0,0.0,0.0,0.0,0.0,0.0,0.0,0.0,0.0,0.0,0.0,0.0,0.0,0.0,0.0,0.0,0.0,0.0,0.0,0.0,0.0,0.0,0.0,0.512,0.5149
128,0.001,3,10,100,32,16,256,184,440338,73,30,VicregLoss,gru,/home/dpetrovitch/dzagcoffee/train_trace/gender/checkpoints_2025-10-08 10:26:11.109161_VicregLoss_gru_catboost/model_128_0.001_3_10_100_256_32_16_256_VicregLoss_gruepoch=24.ckpt,24,30,0.055098683,7.2045,1.6797,0.0,6.4178,1.0172,1.0231,0.9231,247.2164,20.2905,50.5388,4.148,10.5481,0.8657,10.0318,0.8234,9.7371,0.7992,9.5192,0.7813,9.2126,0.7561,9.1764,1.3563,1.8759,0.2773,0.3915,0.0579,0.3724,0.055,0.3614,0.0534,0.3533,0.0522,0.342,0.0505,0.0,0.0,0.0,0.0,0.0,0.0,0.0,0.0,0.0,0.0,0.0,0.0,0.0,0.0,0.0,0.0,0.0,0.0,0.0,0.0,0.0,0.0,0.0,0.0,0.0,0.0,0.0,0.0,0.0,0.0,0.0,0.0,0.0,0.0,0.0,0.548,0.5338
128,0.001,3,10,100,32,16,256,184,440338,73,30,VicregLoss,gru,/home/dpetrovitch/dzagcoffee/train_trace/gender/checkpoints_2025-10-08 10:26:11.109161_VicregLoss_gru_catboost/model_128_0.001_3_10_100_256_32_16_256_VicregLoss_gruepoch=25.ckpt,25,30,0.052725807,7.2759,1.6797,0.0,6.1782,1.0176,1.0227,0.9248,245.3364,20.562,46.4625,3.8941,10.401,0.8717,9.8811,0.8282,9.5827,0.8031,9.3727,0.7855,9.0585,0.7592,8.0251,1.2939,1.5198,0.245,0.3402,0.0549,0.3232,0.0521,0.3135,0.0505,0.3066,0.0494,0.2963,0.0478,0.0,0.0,0.0,0.0,0.0,0.0,0.0,0.0,0.0,0.0,0.0,0.0,0.0,0.0,0.0,0.0,0.0,0.0,0.0,0.0,0.0,0.0,0.0,0.0,0.0,0.0,0.0,0.0,0.0,0.0,0.0,0.0,0.0,0.0,0.0,0.512,0.4921
128,0.001,3,10,100,32,16,256,184,440338,73,30,VicregLoss,gru,/home/dpetrovitch/dzagcoffee/train_trace/gender/checkpoints_2025-10-08 10:26:11.109161_VicregLoss_gru_catboost/model_128_0.001_3_10_100_256_32_16_256_VicregLoss_gruepoch=26.ckpt,26,30,0.0556298,6.9911,1.6797,0.0,6.4203,1.0173,1.0248,0.9187,241.9114,21.008,57.6296,5.0046,10.4517,0.9076,9.9138,0.8609,9.5799,0.8319,9.3607,0.8129,9.0771,0.7883,7.322,1.1916,1.7443,0.2839,0.3163,0.0515,0.3001,0.0488,0.29,0.0472,0.2833,0.0461,0.2747,0.0447,0.0,0.0,0.0,0.0,0.0,0.0,0.0,0.0,0.0,0.0,0.0,0.0,0.0,0.0,0.0,0.0,0.0,0.0,0.0,0.0,0.0,0.0,0.0,0.0,0.0,0.0,0.0,0.0,0.0,0.0,0.0,0.0,0.0,0.0,0.0,0.52,0.5161
128,0.001,3,10,100,32,16,256,184,440338,73,30,VicregLoss,gru,/home/dpetrovitch/dzagcoffee/train_trace/gender/checkpoints_2025-10-08 10:26:11.109161_VicregLoss_gru_catboost/model_128_0.001_3_10_100_256_32_16_256_VicregLoss_gruepoch=27.ckpt,27,30,0.053068463,6.8133,1.6797,0.0,6.0997,1.0165,1.0208,0.9327,235.0668,20.1349,44.1773,3.7841,9.8104,0.8403,9.2828,0.7951,8.9933,0.7703,8.8157,0.7551,8.5012,0.7282,7.947,1.3352,1.4935,0.2509,0.3317,0.0557,0.3138,0.0527,0.304,0.0511,0.298,0.0501,0.2874,0.0483,0.0,0.0,0.0,0.0,0.0,0.0,0.0,0.0,0.0,0.0,0.0,0.0,0.0,0.0,0.0,0.0,0.0,0.0,0.0,0.0,0.0,0.0,0.0,0.0,0.0,0.0,0.0,0.0,0.0,0.0,0.0,0.0,0.0,0.0,0.0,0.524,0.5092
128,0.001,3,10,100,32,16,256,184,440338,73,30,VicregLoss,gru,/home/dpetrovitch/dzagcoffee/train_trace/gender/checkpoints_2025-10-08 10:26:11.109161_VicregLoss_gru_catboost/model_128_0.001_3_10_100_256_32_16_256_VicregLoss_gruepoch=28.ckpt,28,30,0.053676676,6.8671,1.6796,0.0,5.7572,1.0165,1.0211,0.9307,238.3466,19.8625,46.4777,3.8732,10.0882,0.8407,9.5108,0.7926,9.1862,0.7655,8.9811,0.7484,8.673,0.7228,7.5475,1.083,1.4718,0.2112,0.3195,0.0458,0.3012,0.0432,0.2909,0.0417,0.2844,0.0408,0.2746,0.0394,0.0,0.0,0.0,0.0,0.0,0.0,0.0,0.0,0.0,0.0,0.0,0.0,0.0,0.0,0.0,0.0,0.0,0.0,0.0,0.0,0.0,0.0,0.0,0.0,0.0,0.0,0.0,0.0,0.0,0.0,0.0,0.0,0.0,0.0,0.0,0.508,0.5164
128,0.001,3,10,100,32,16,256,184,440338,73,30,VicregLoss,gru,/home/dpetrovitch/dzagcoffee/train_trace/gender/checkpoints_2025-10-08 10:26:11.109161_VicregLoss_gru_catboost/model_128_0.001_3_10_100_256_32_16_256_VicregLoss_gruepoch=29.ckpt,29,30,0.049466316,6.4311,1.6797,0.0,6.5867,1.0155,1.0217,0.9281,227.8636,21.124,54.5752,5.0594,9.7673,0.9055,9.2122,0.854,8.9236,0.8273,8.7308,0.8094,8.4162,0.7802,6.5088,0.9496,1.5589,0.2274,0.279,0.0407,0.2631,0.0384,0.2549,0.0372,0.2494,0.0364,0.2404,0.0351,0.0,0.0,0.0,0.0,0.0,0.0,0.0,0.0,0.0,0.0,0.0,0.0,0.0,0.0,0.0,0.0,0.0,0.0,0.0,0.0,0.0,0.0,0.0,0.0,0.0,0.0,0.0,0.0,0.0,0.0,0.0,0.0,0.0,0.0,0.0,0.532,0.483
128,0.001,3,15,100,32,16,256,184,440338,73,30,VicregLoss,gru,/home/dpetrovitch/dzagcoffee/train_trace/gender/checkpoints_2025-10-08 10:26:11.109161_VicregLoss_gru_catboost/model_128_0.001_3_15_100_256_32_16_256_VicregLoss_gruepoch=00.ckpt,0,30,0.06805527,32.7207,1.6733,0.0004,4.3048,1.4473,1.4008,0.4377,671.0197,33.6983,74.7756,3.7552,58.1905,2.9223,51.3507,2.5788,44.64,2.2418,40.8224,2.0501,36.5638,1.8362,32.2254,3.5155,3.5911,0.3918,2.7946,0.3049,2.4661,0.269,2.1438,0.2339,1.9605,0.2139,1.756,0.1916,0.0,0.0,0.0,0.0,0.0,0.0,0.0,0.0,0.0,0.0,0.0,0.0,0.0,0.0,0.0,0.0,0.0,0.0,0.0,0.0,0.0,0.0,0.0,0.0,0.0,0.0,0.0,0.0,0.0,0.0,0.0,0.0,0.0,0.0,0.0,0.564,0.5624
128,0.001,3,15,100,32,16,256,184,440338,73,30,VicregLoss,gru,/home/dpetrovitch/dzagcoffee/train_trace/gender/checkpoints_2025-10-08 10:26:11.109161_VicregLoss_gru_catboost/model_128_0.001_3_15_100_256_32_16_256_VicregLoss_gruepoch=01.ckpt,1,30,0.06852213,33.2861,1.6683,0.0004,4.161,1.3498,1.3506,0.4988,679.725,34.1361,67.2254,3.3761,50.6624,2.5443,44.998,2.2598,40.1278,2.0152,37.5124,1.8839,34.8754,1.7515,34.9339,4.1789,3.455,0.4133,2.6038,0.3115,2.3126,0.2766,2.0623,0.2467,1.9279,0.2306,1.7924,0.2144,0.0,0.0,0.0,0.0,0.0,0.0,0.0,0.0,0.0,0.0,0.0,0.0,0.0,0.0,0.0,0.0,0.0,0.0,0.0,0.0,0.0,0.0,0.0,0.0,0.0,0.0,0.0,0.0,0.0,0.0,0.0,0.0,0.0,0.0,0.0,0.488,0.5049
128,0.001,3,15,100,32,16,256,184,440338,73,30,VicregLoss,gru,/home/dpetrovitch/dzagcoffee/train_trace/gender/checkpoints_2025-10-08 10:26:11.109161_VicregLoss_gru_catboost/model_128_0.001_3_15_100_256_32_16_256_VicregLoss_gruepoch=02.ckpt,2,30,0.07203861,31.3647,1.6725,0.0005,4.0415,1.6532,1.6393,0.4541,641.7602,32.8287,55.8585,2.8574,44.4521,2.2739,40.9027,2.0923,37.4833,1.9174,35.4263,1.8122,32.8198,1.6789,34.4238,5.0975,2.9962,0.4437,2.3844,0.3531,2.194,0.3249,2.0106,0.2977,1.9003,0.2814,1.7604,0.2607,0.0,0.0,0.0,0.0,0.0,0.0,0.0,0.0,0.0,0.0,0.0,0.0,0.0,0.0,0.0,0.0,0.0,0.0,0.0,0.0,0.0,0.0,0.0,0.0,0.0,0.0,0.0,0.0,0.0,0.0,0.0,0.0,0.0,0.0,0.0,0.528,0.4918
128,0.001,3,15,100,32,16,256,184,440338,73,30,VicregLoss,gru,/home/dpetrovitch/dzagcoffee/train_trace/gender/checkpoints_2025-10-08 10:26:11.109161_VicregLoss_gru_catboost/model_128_0.001_3_15_100_256_32_16_256_VicregLoss_gruepoch=03.ckpt,3,30,0.068582095,32.6078,1.667,0.0005,3.9841,1.5272,1.5248,0.4727,674.4488,34.6047,58.158,2.984,45.3014,2.3243,41.0847,2.108,37.3928,1.9186,35.3032,1.8113,33.0802,1.6973,32.0341,3.8766,2.7623,0.3343,2.1517,0.2604,1.9514,0.2361,1.776,0.2149,1.6768,0.2029,1.5712,0.1901,0.0,0.0,0.0,0.0,0.0,0.0,0.0,0.0,0.0,0.0,0.0,0.0,0.0,0.0,0.0,0.0,0.0,0.0,0.0,0.0,0.0,0.0,0.0,0.0,0.0,0.0,0.0,0.0,0.0,0.0,0.0,0.0,0.0,0.0,0.0,0.476,0.4181
128,0.001,3,15,100,32,16,256,184,440338,73,30,VicregLoss,gru,/home/dpetrovitch/dzagcoffee/train_trace/gender/checkpoints_2025-10-08 10:26:11.109161_VicregLoss_gru_catboost/model_128_0.001_3_15_100_256_32_16_256_VicregLoss_gruepoch=04.ckpt,4,30,0.079465635,31.0884,1.6583,0.0005,3.9136,1.6585,1.6557,0.4578,663.8122,34.2292,53.9392,2.7814,42.1699,2.1745,38.8248,2.002,36.1315,1.8631,34.6359,1.786,32.987,1.701,32.5227,5.621,2.6427,0.4567,2.0661,0.3571,1.9022,0.3288,1.7702,0.306,1.6969,0.2933,1.6162,0.2793,0.0,0.0,0.0,0.0,0.0,0.0,0.0,0.0,0.0,0.0,0.0,0.0,0.0,0.0,0.0,0.0,0.0,0.0,0.0,0.0,0.0,0.0,0.0,0.0,0.0,0.0,0.0,0.0,0.0,0.0,0.0,0.0,0.0,0.0,0.0,0.472,0.4031
128,0.001,3,15,100,32,16,256,184,440338,73,30,VicregLoss,gru,/home/dpetrovitch/dzagcoffee/train_trace/gender/checkpoints_2025-10-08 10:26:11.109161_VicregLoss_gru_catboost/model_128_0.001_3_15_100_256_32_16_256_VicregLoss_gruepoch=05.ckpt,5,30,0.08113607,31.9554,1.6449,0.0006,3.8891,1.9431,1.9535,0.4056,680.4352,35.0077,57.1455,2.9401,46.0282,2.3681,42.3522,2.179,39.0874,2.011,37.3309,1.9206,35.3057,1.8164,34.5388,4.9205,2.9007,0.4132,2.3364,0.3328,2.1498,0.3063,1.9841,0.2827,1.8949,0.27,1.7921,0.2553,0.0,0.0,0.0,0.0,0.0,0.0,0.0,0.0,0.0,0.0,0.0,0.0,0.0,0.0,0.0,0.0,0.0,0.0,0.0,0.0,0.0,0.0,0.0,0.0,0.0,0.0,0.0,0.0,0.0,0.0,0.0,0.0,0.0,0.0,0.0,0.5,0.4346
128,0.001,3,15,100,32,16,256,184,440338,73,30,VicregLoss,gru,/home/dpetrovitch/dzagcoffee/train_trace/gender/checkpoints_2025-10-08 10:26:11.109161_VicregLoss_gru_catboost/model_128_0.001_3_15_100_256_32_16_256_VicregLoss_gruepoch=06.ckpt,6,30,0.08648146,32.0067,1.6659,0.0006,3.874,1.808,1.8035,0.4029,692.0953,35.7277,56.8044,2.9324,45.5969,2.3538,41.9765,2.1669,38.8026,2.0031,37.1371,1.9171,35.0867,1.8113,43.2061,6.2163,3.5462,0.5102,2.8465,0.4095,2.6205,0.377,2.4224,0.3485,2.3184,0.3336,2.1904,0.3151,0.0,0.0,0.0,0.0,0.0,0.0,0.0,0.0,0.0,0.0,0.0,0.0,0.0,0.0,0.0,0.0,0.0,0.0,0.0,0.0,0.0,0.0,0.0,0.0,0.0,0.0,0.0,0.0,0.0,0.0,0.0,0.0,0.0,0.0,0.0,0.468,0.444
128,0.001,3,15,100,32,16,256,184,440338,73,30,VicregLoss,gru,/home/dpetrovitch/dzagcoffee/train_trace/gender/checkpoints_2025-10-08 10:26:11.109161_VicregLoss_gru_catboost/model_128_0.001_3_15_100_256_32_16_256_VicregLoss_gruepoch=07.ckpt,7,30,0.07765814,30.8988,1.6651,0.0005,3.8647,1.9218,1.913,0.4028,685.5395,35.349,53.5205,2.7597,43.6102,2.2487,40.415,2.0839,37.6246,1.9401,36.0309,1.8579,34.107,1.7587,41.4379,6.4024,3.2351,0.4998,2.636,0.4073,2.4429,0.3774,2.2742,0.3514,2.1779,0.3365,2.0616,0.3185,0.0,0.0,0.0,0.0,0.0,0.0,0.0,0.0,0.0,0.0,0.0,0.0,0.0,0.0,0.0,0.0,0.0,0.0,0.0,0.0,0.0,0.0,0.0,0.0,0.0,0.0,0.0,0.0,0.0,0.0,0.0,0.0,0.0,0.0,0.0,0.512,0.4623
128,0.001,3,15,100,32,16,256,184,440338,73,30,VicregLoss,gru,/home/dpetrovitch/dzagcoffee/train_trace/gender/checkpoints_2025-10-08 10:26:11.109161_VicregLoss_gru_catboost/model_128_0.001_3_15_100_256_32_16_256_VicregLoss_gruepoch=08.ckpt,8,30,0.0816886,33.1255,1.6668,0.0007,3.822,2.0464,2.0583,0.3767,728.0068,37.2483,59.0766,3.0226,48.5579,2.4845,44.6374,2.2839,41.2133,2.1087,39.3145,2.0115,36.8166,1.8837,47.5067,6.7775,3.8551,0.55,3.1687,0.4521,2.9129,0.4156,2.6894,0.3837,2.5655,0.366,2.4025,0.3427,0.0,0.0,0.0,0.0,0.0,0.0,0.0,0.0,0.0,0.0,0.0,0.0,0.0,0.0,0.0,0.0,0.0,0.0,0.0,0.0,0.0,0.0,0.0,0.0,0.0,0.0,0.0,0.0,0.0,0.0,0.0,0.0,0.0,0.0,0.0,0.568,0.5117
128,0.001,3,15,100,32,16,256,184,440338,73,30,VicregLoss,gru,/home/dpetrovitch/dzagcoffee/train_trace/gender/checkpoints_2025-10-08 10:26:11.109161_VicregLoss_gru_catboost/model_128_0.001_3_15_100_256_32_16_256_VicregLoss_gruepoch=09.ckpt,9,30,0.08979663,31.4026,1.6606,0.0006,3.8368,2.0551,2.0549,0.3632,706.5724,36.5739,54.2896,2.8102,44.802,2.3191,41.464,2.1463,38.548,1.9953,36.8064,1.9052,34.5014,1.7859,41.3532,6.0331,3.1774,0.4636,2.6221,0.3825,2.4267,0.354,2.2561,0.3291,2.1542,0.3143,2.0192,0.2946,0.0,0.0,0.0,0.0,0.0,0.0,0.0,0.0,0.0,0.0,0.0,0.0,0.0,0.0,0.0,0.0,0.0,0.0,0.0,0.0,0.0,0.0,0.0,0.0,0.0,0.0,0.0,0.0,0.0,0.0,0.0,0.0,0.0,0.0,0.0,0.508,0.4663
128,0.001,3,15,100,32,16,256,184,440338,73,30,VicregLoss,gru,/home/dpetrovitch/dzagcoffee/train_trace/gender/checkpoints_2025-10-08 10:26:11.109161_VicregLoss_gru_catboost/model_128_0.001_3_15_100_256_32_16_256_VicregLoss_gruepoch=10.ckpt,10,30,0.0928077,30.7127,1.6501,0.0006,3.8115,2.1152,2.119,0.3619,705.0868,36.4188,53.3346,2.7548,44.3986,2.2933,41.2133,2.1287,38.4302,1.985,36.9242,1.9072,35.1835,1.8173,47.7195,7.6262,3.6096,0.5769,3.0049,0.4802,2.7893,0.4458,2.6009,0.4157,2.499,0.3994,2.3812,0.3805,0.0,0.0,0.0,0.0,0.0,0.0,0.0,0.0,0.0,0.0,0.0,0.0,0.0,0.0,0.0,0.0,0.0,0.0,0.0,0.0,0.0,0.0,0.0,0.0,0.0,0.0,0.0,0.0,0.0,0.0,0.0,0.0,0.0,0.0,0.0,0.564,0.5129
128,0.001,3,15,100,32,16,256,184,440338,73,30,VicregLoss,gru,/home/dpetrovitch/dzagcoffee/train_trace/gender/checkpoints_2025-10-08 10:26:11.109161_VicregLoss_gru_catboost/model_128_0.001_3_15_100_256_32_16_256_VicregLoss_gruepoch=11.ckpt,11,30,0.0924008,30.1438,1.6633,0.0006,3.8363,2.0077,2.0269,0.3646,682.5005,35.011,54.5373,2.7977,44.931,2.3049,41.2661,2.1169,37.9956,1.9491,36.1812,1.856,33.8782,1.7379,45.2053,7.5738,3.6123,0.6052,2.976,0.4986,2.7333,0.4579,2.5166,0.4216,2.3965,0.4015,2.2439,0.3759,0.0,0.0,0.0,0.0,0.0,0.0,0.0,0.0,0.0,0.0,0.0,0.0,0.0,0.0,0.0,0.0,0.0,0.0,0.0,0.0,0.0,0.0,0.0,0.0,0.0,0.0,0.0,0.0,0.0,0.0,0.0,0.0,0.0,0.0,0.0,0.516,0.4471
128,0.001,3,15,100,32,16,256,184,440338,73,30,VicregLoss,gru,/home/dpetrovitch/dzagcoffee/train_trace/gender/checkpoints_2025-10-08 10:26:11.109161_VicregLoss_gru_catboost/model_128_0.001_3_15_100_256_32_16_256_VicregLoss_gruepoch=12.ckpt,12,30,0.085513465,29.4745,1.6545,0.0006,3.8228,2.2544,2.2562,0.3704,681.9225,35.0381,54.1926,2.7845,44.7102,2.2973,41.2174,2.1178,38.1046,1.9579,36.4921,1.875,34.5659,1.776,50.0626,7.0944,3.9785,0.5638,3.2824,0.4651,3.0259,0.4288,2.7974,0.3964,2.679,0.3796,2.5376,0.3596,0.0,0.0,0.0,0.0,0.0,0.0,0.0,0.0,0.0,0.0,0.0,0.0,0.0,0.0,0.0,0.0,0.0,0.0,0.0,0.0,0.0,0.0,0.0,0.0,0.0,0.0,0.0,0.0,0.0,0.0,0.0,0.0,0.0,0.0,0.0,0.544,0.484
128,0.001,3,15,100,32,16,256,184,440338,73,30,VicregLoss,gru,/home/dpetrovitch/dzagcoffee/train_trace/gender/checkpoints_2025-10-08 10:26:11.109161_VicregLoss_gru_catboost/model_128_0.001_3_15_100_256_32_16_256_VicregLoss_gruepoch=13.ckpt,13,30,0.09193822,29.1496,1.6668,0.0006,3.8315,2.2175,2.2436,0.3664,675.9466,34.7613,53.4025,2.7463,44.0033,2.2629,40.5768,2.0867,37.5082,1.9289,35.8863,1.8455,33.8686,1.7417,43.2542,7.1036,3.4173,0.5612,2.8158,0.4624,2.5965,0.4264,2.4002,0.3942,2.2964,0.3771,2.1673,0.3559,0.0,0.0,0.0,0.0,0.0,0.0,0.0,0.0,0.0,0.0,0.0,0.0,0.0,0.0,0.0,0.0,0.0,0.0,0.0,0.0,0.0,0.0,0.0,0.0,0.0,0.0,0.0,0.0,0.0,0.0,0.0,0.0,0.0,0.0,0.0,0.516,0.468
128,0.001,3,15,100,32,16,256,184,440338,73,30,VicregLoss,gru,/home/dpetrovitch/dzagcoffee/train_trace/gender/checkpoints_2025-10-08 10:26:11.109161_VicregLoss_gru_catboost/model_128_0.001_3_15_100_256_32_16_256_VicregLoss_gruepoch=14.ckpt,14,30,0.09463662,28.7797,1.6643,0.0006,3.8343,2.0699,2.0694,0.3624,657.6194,33.7151,52.5495,2.6941,43.5017,2.2303,40.2339,2.0627,37.187,1.9065,35.5416,1.8222,33.4042,1.7126,43.6977,6.7405,3.4918,0.5386,2.8906,0.4459,2.6735,0.4124,2.471,0.3812,2.3617,0.3643,2.2197,0.3424,0.0,0.0,0.0,0.0,0.0,0.0,0.0,0.0,0.0,0.0,0.0,0.0,0.0,0.0,0.0,0.0,0.0,0.0,0.0,0.0,0.0,0.0,0.0,0.0,0.0,0.0,0.0,0.0,0.0,0.0,0.0,0.0,0.0,0.0,0.0,0.556,0.515
128,0.001,3,15,100,32,16,256,184,440338,73,30,VicregLoss,gru,/home/dpetrovitch/dzagcoffee/train_trace/gender/checkpoints_2025-10-08 10:26:11.109161_VicregLoss_gru_catboost/model_128_0.001_3_15_100_256_32_16_256_VicregLoss_gruepoch=15.ckpt,15,30,0.088807225,28.6091,1.6654,0.0006,3.8185,2.2455,2.2418,0.3705,663.9546,34.2196,54.45,2.8063,44.5847,2.2979,40.7844,2.102,37.5718,1.9364,35.8936,1.8499,33.9249,1.7485,47.4725,6.7031,3.8932,0.5497,3.1878,0.4501,2.9161,0.4117,2.6864,0.3793,2.5664,0.3624,2.4256,0.3425,0.0,0.0,0.0,0.0,0.0,0.0,0.0,0.0,0.0,0.0,0.0,0.0,0.0,0.0,0.0,0.0,0.0,0.0,0.0,0.0,0.0,0.0,0.0,0.0,0.0,0.0,0.0,0.0,0.0,0.0,0.0,0.0,0.0,0.0,0.0,0.52,0.5077
128,0.001,3,15,100,32,16,256,184,440338,73,30,VicregLoss,gru,/home/dpetrovitch/dzagcoffee/train_trace/gender/checkpoints_2025-10-08 10:26:11.109161_VicregLoss_gru_catboost/model_128_0.001_3_15_100_256_32_16_256_VicregLoss_gruepoch=16.ckpt,16,30,0.094700865,27.9653,1.6667,0.0005,3.8425,2.0791,2.0467,0.3843,643.5371,33.144,54.2256,2.7928,43.836,2.2577,40.0448,2.0624,36.6914,1.8897,34.9408,1.7995,32.9231,1.6956,44.1795,6.1595,3.7226,0.519,3.0094,0.4196,2.7491,0.3833,2.5189,0.3512,2.3987,0.3344,2.2602,0.3151,0.0,0.0,0.0,0.0,0.0,0.0,0.0,0.0,0.0,0.0,0.0,0.0,0.0,0.0,0.0,0.0,0.0,0.0,0.0,0.0,0.0,0.0,0.0,0.0,0.0,0.0,0.0,0.0,0.0,0.0,0.0,0.0,0.0,0.0,0.0,0.516,0.4698
128,0.001,3,15,100,32,16,256,184,440338,73,30,VicregLoss,gru,/home/dpetrovitch/dzagcoffee/train_trace/gender/checkpoints_2025-10-08 10:26:11.109161_VicregLoss_gru_catboost/model_128_0.001_3_15_100_256_32_16_256_VicregLoss_gruepoch=17.ckpt,17,30,0.09372002,27.9172,1.6589,0.0006,3.8341,2.0381,2.0342,0.3634,648.6963,33.4079,52.7655,2.7174,43.6482,2.2479,40.1125,2.0658,36.923,1.9015,35.1528,1.8104,32.7206,1.6851,46.3382,6.8507,3.7692,0.5572,3.1179,0.461,2.8654,0.4236,2.6375,0.3899,2.5111,0.3712,2.3373,0.3456,0.0,0.0,0.0,0.0,0.0,0.0,0.0,0.0,0.0,0.0,0.0,0.0,0.0,0.0,0.0,0.0,0.0,0.0,0.0,0.0,0.0,0.0,0.0,0.0,0.0,0.0,0.0,0.0,0.0,0.0,0.0,0.0,0.0,0.0,0.0,0.496,0.4576
128,0.001,3,15,100,32,16,256,184,440338,73,30,VicregLoss,gru,/home/dpetrovitch/dzagcoffee/train_trace/gender/checkpoints_2025-10-08 10:26:11.109161_VicregLoss_gru_catboost/model_128_0.001_3_15_100_256_32_16_256_VicregLoss_gruepoch=18.ckpt,18,30,0.08929122,27.4863,1.6688,0.0005,3.8635,2.0464,2.0455,0.3775,629.7358,32.618,51.5386,2.6695,42.1313,2.1822,38.9004,2.0149,35.9513,1.8621,34.3483,1.7791,32.2649,1.6712,44.8208,6.8159,3.6682,0.5578,2.9987,0.456,2.7687,0.421,2.5588,0.3891,2.4447,0.3718,2.2964,0.3492,0.0,0.0,0.0,0.0,0.0,0.0,0.0,0.0,0.0,0.0,0.0,0.0,0.0,0.0,0.0,0.0,0.0,0.0,0.0,0.0,0.0,0.0,0.0,0.0,0.0,0.0,0.0,0.0,0.0,0.0,0.0,0.0,0.0,0.0,0.0,0.496,0.4753
128,0.001,3,15,100,32,16,256,184,440338,73,30,VicregLoss,gru,/home/dpetrovitch/dzagcoffee/train_trace/gender/checkpoints_2025-10-08 10:26:11.109161_VicregLoss_gru_catboost/model_128_0.001_3_15_100_256_32_16_256_VicregLoss_gruepoch=19.ckpt,19,30,0.09516773,27.2845,1.6625,0.0005,3.8504,2.1824,2.1832,0.3618,633.968,32.7091,51.1808,2.6406,42.4504,2.1902,39.1743,2.0212,36.2151,1.8685,34.6537,1.7879,32.7948,1.692,48.2609,7.918,3.8962,0.6392,3.2315,0.5302,2.9822,0.4893,2.7569,0.4523,2.638,0.4328,2.4965,0.4096,0.0,0.0,0.0,0.0,0.0,0.0,0.0,0.0,0.0,0.0,0.0,0.0,0.0,0.0,0.0,0.0,0.0,0.0,0.0,0.0,0.0,0.0,0.0,0.0,0.0,0.0,0.0,0.0,0.0,0.0,0.0,0.0,0.0,0.0,0.0,0.532,0.4839
128,0.001,3,15,100,32,16,256,184,440338,73,30,VicregLoss,gru,/home/dpetrovitch/dzagcoffee/train_trace/gender/checkpoints_2025-10-08 10:26:11.109161_VicregLoss_gru_catboost/model_128_0.001_3_15_100_256_32_16_256_VicregLoss_gruepoch=20.ckpt,20,30,0.096833885,27.1109,1.6678,0.0006,3.8546,2.1785,2.17,0.3599,631.4242,32.3374,51.7257,2.6491,42.7886,2.1914,39.3873,2.0172,36.2908,1.8586,34.6604,1.7751,32.743,1.6769,46.4322,7.7465,3.8037,0.6346,3.1465,0.5249,2.8964,0.4832,2.6687,0.4452,2.5488,0.4252,2.4078,0.4017,0.0,0.0,0.0,0.0,0.0,0.0,0.0,0.0,0.0,0.0,0.0,0.0,0.0,0.0,0.0,0.0,0.0,0.0,0.0,0.0,0.0,0.0,0.0,0.0,0.0,0.0,0.0,0.0,0.0,0.0,0.0,0.0,0.0,0.0,0.0,0.552,0.4967
128,0.001,3,15,100,32,16,256,184,440338,73,30,VicregLoss,gru,/home/dpetrovitch/dzagcoffee/train_trace/gender/checkpoints_2025-10-08 10:26:11.109161_VicregLoss_gru_catboost/model_128_0.001_3_15_100_256_32_16_256_VicregLoss_gruepoch=21.ckpt,21,30,0.098645665,26.8003,1.6712,0.0005,3.8806,2.0567,2.0879,0.3565,626.6116,32.2018,52.4996,2.698,43.393,2.23,40.0162,2.0564,36.8515,1.8938,35.1493,1.8063,33.0115,1.6965,50.7495,7.3955,4.252,0.6196,3.5144,0.5121,3.2409,0.4723,2.9846,0.4349,2.8468,0.4148,2.6736,0.3896,0.0,0.0,0.0,0.0,0.0,0.0,0.0,0.0,0.0,0.0,0.0,0.0,0.0,0.0,0.0,0.0,0.0,0.0,0.0,0.0,0.0,0.0,0.0,0.0,0.0,0.0,0.0,0.0,0.0,0.0,0.0,0.0,0.0,0.0,0.0,0.56,0.4868
128,0.001,3,15,100,32,16,256,184,440338,73,30,VicregLoss,gru,/home/dpetrovitch/dzagcoffee/train_trace/gender/checkpoints_2025-10-08 10:26:11.109161_VicregLoss_gru_catboost/model_128_0.001_3_15_100_256_32_16_256_VicregLoss_gruepoch=22.ckpt,22,30,0.09996488,26.42,1.6669,0.0005,3.8693,1.8931,1.8919,0.3727,627.416,32.3905,51.7652,2.6724,42.4776,2.1929,39.0885,2.018,36.0213,1.8596,34.4159,1.7767,32.4369,1.6746,52.6252,7.7012,4.3419,0.6354,3.5629,0.5214,3.2786,0.4798,3.0213,0.4421,2.8867,0.4224,2.7207,0.3981,0.0,0.0,0.0,0.0,0.0,0.0,0.0,0.0,0.0,0.0,0.0,0.0,0.0,0.0,0.0,0.0,0.0,0.0,0.0,0.0,0.0,0.0,0.0,0.0,0.0,0.0,0.0,0.0,0.0,0.0,0.0,0.0,0.0,0.0,0.0,0.56,0.5125
128,0.001,3,15,100,32,16,256,184,440338,73,30,VicregLoss,gru,/home/dpetrovitch/dzagcoffee/train_trace/gender/checkpoints_2025-10-08 10:26:11.109161_VicregLoss_gru_catboost/model_128_0.001_3_15_100_256_32_16_256_VicregLoss_gruepoch=23.ckpt,23,30,0.09671395,25.9377,1.6522,0.0005,3.8488,2.031,2.0258,0.3658,614.5382,31.507,50.5988,2.5942,41.8015,2.1431,38.4007,1.9688,35.2857,1.8091,33.6921,1.7274,31.7299,1.6268,49.4088,7.8303,4.0681,0.6447,3.3608,0.5326,3.0874,0.4893,2.837,0.4496,2.7088,0.4293,2.5511,0.4043,0.0,0.0,0.0,0.0,0.0,0.0,0.0,0.0,0.0,0.0,0.0,0.0,0.0,0.0,0.0,0.0,0.0,0.0,0.0,0.0,0.0,0.0,0.0,0.0,0.0,0.0,0.0,0.0,0.0,0.0,0.0,0.0,0.0,0.0,0.0,0.544,0.5057
128,0.001,3,15,100,32,16,256,184,440338,73,30,VicregLoss,gru,/home/dpetrovitch/dzagcoffee/train_trace/gender/checkpoints_2025-10-08 10:26:11.109161_VicregLoss_gru_catboost/model_128_0.001_3_15_100_256_32_16_256_VicregLoss_gruepoch=24.ckpt,24,30,0.09628564,25.9563,1.6687,0.0005,3.8646,2.012,2.0193,0.3686,617.3866,31.8844,51.2249,2.6455,42.1835,2.1785,38.8035,2.004,35.7141,1.8444,34.0536,1.7587,32.0765,1.6566,50.1011,7.2246,4.1569,0.5994,3.4232,0.4936,3.1489,0.4541,2.8982,0.4179,2.7635,0.3985,2.603,0.3754,0.0,0.0,0.0,0.0,0.0,0.0,0.0,0.0,0.0,0.0,0.0,0.0,0.0,0.0,0.0,0.0,0.0,0.0,0.0,0.0,0.0,0.0,0.0,0.0,0.0,0.0,0.0,0.0,0.0,0.0,0.0,0.0,0.0,0.0,0.0,0.556,0.4917
128,0.001,3,15,100,32,16,256,184,440338,73,30,VicregLoss,gru,/home/dpetrovitch/dzagcoffee/train_trace/gender/checkpoints_2025-10-08 10:26:11.109161_VicregLoss_gru_catboost/model_128_0.001_3_15_100_256_32_16_256_VicregLoss_gruepoch=25.ckpt,25,30,0.100495994,26.2932,1.6709,0.0006,3.8696,2.2259,2.2293,0.3536,621.0022,31.9875,52.8575,2.7227,43.749,2.2535,40.3273,2.0772,37.1694,1.9146,35.4662,1.8268,33.3521,1.718,54.3177,7.7028,4.6233,0.6556,3.8266,0.5427,3.5273,0.5002,3.2511,0.461,3.1021,0.4399,2.9172,0.4137,0.0,0.0,0.0,0.0,0.0,0.0,0.0,0.0,0.0,0.0,0.0,0.0,0.0,0.0,0.0,0.0,0.0,0.0,0.0,0.0,0.0,0.0,0.0,0.0,0.0,0.0,0.0,0.0,0.0,0.0,0.0,0.0,0.0,0.0,0.0,0.524,0.4702
128,0.001,3,15,100,32,16,256,184,440338,73,30,VicregLoss,gru,/home/dpetrovitch/dzagcoffee/train_trace/gender/checkpoints_2025-10-08 10:26:11.109161_VicregLoss_gru_catboost/model_128_0.001_3_15_100_256_32_16_256_VicregLoss_gruepoch=26.ckpt,26,30,0.09646981,25.6266,1.6666,0.0005,3.8727,2.1997,2.1956,0.3556,604.7376,31.3004,51.1924,2.6497,42.3384,2.1914,38.9494,2.016,35.8749,1.8568,34.2274,1.7716,32.224,1.6679,48.1413,6.9104,4.0753,0.585,3.3704,0.4838,3.1006,0.4451,2.8559,0.4099,2.7247,0.3911,2.5653,0.3682,0.0,0.0,0.0,0.0,0.0,0.0,0.0,0.0,0.0,0.0,0.0,0.0,0.0,0.0,0.0,0.0,0.0,0.0,0.0,0.0,0.0,0.0,0.0,0.0,0.0,0.0,0.0,0.0,0.0,0.0,0.0,0.0,0.0,0.0,0.0,0.54,0.4748
128,0.001,3,15,100,32,16,256,184,440338,73,30,VicregLoss,gru,/home/dpetrovitch/dzagcoffee/train_trace/gender/checkpoints_2025-10-08 10:26:11.109161_VicregLoss_gru_catboost/model_128_0.001_3_15_100_256_32_16_256_VicregLoss_gruepoch=27.ckpt,27,30,0.09745065,25.8214,1.6657,0.0005,3.859,2.1196,2.1158,0.356,615.5316,31.6191,52.1418,2.6785,43.2143,2.2199,39.7855,2.0437,36.5911,1.8796,34.8723,1.7913,32.8039,1.6851,54.5185,7.8438,4.6183,0.6645,3.8276,0.5507,3.5239,0.507,3.2409,0.4663,3.0887,0.4444,2.9055,0.418,0.0,0.0,0.0,0.0,0.0,0.0,0.0,0.0,0.0,0.0,0.0,0.0,0.0,0.0,0.0,0.0,0.0,0.0,0.0,0.0,0.0,0.0,0.0,0.0,0.0,0.0,0.0,0.0,0.0,0.0,0.0,0.0,0.0,0.0,0.0,0.524,0.4811
128,0.001,3,15,100,32,16,256,184,440338,73,30,VicregLoss,gru,/home/dpetrovitch/dzagcoffee/train_trace/gender/checkpoints_2025-10-08 10:26:11.109161_VicregLoss_gru_catboost/model_128_0.001_3_15_100_256_32_16_256_VicregLoss_gruepoch=28.ckpt,28,30,0.096940964,25.339,1.6702,0.0005,3.8774,2.0943,2.0895,0.3701,602.4078,31.2089,51.5187,2.669,42.136,2.1829,38.7358,2.0068,35.6903,1.849,34.0654,1.7648,32.1475,1.6655,49.4417,7.0725,4.2283,0.6049,3.4582,0.4947,3.1792,0.4548,2.9292,0.419,2.7959,0.3999,2.6385,0.3774,0.0,0.0,0.0,0.0,0.0,0.0,0.0,0.0,0.0,0.0,0.0,0.0,0.0,0.0,0.0,0.0,0.0,0.0,0.0,0.0,0.0,0.0,0.0,0.0,0.0,0.0,0.0,0.0,0.0,0.0,0.0,0.0,0.0,0.0,0.0,0.532,0.4794
128,0.001,3,15,100,32,16,256,184,440338,73,30,VicregLoss,gru,/home/dpetrovitch/dzagcoffee/train_trace/gender/checkpoints_2025-10-08 10:26:11.109161_VicregLoss_gru_catboost/model_128_0.001_3_15_100_256_32_16_256_VicregLoss_gruepoch=29.ckpt,29,30,0.0955575,25.4238,1.6687,0.0005,3.8856,2.2518,2.2552,0.3561,602.7224,31.1446,52.7519,2.7259,43.4415,2.2448,39.8891,2.0612,36.66,1.8943,34.8815,1.8024,32.7049,1.69,49.105,6.7703,4.2978,0.5926,3.5393,0.488,3.2498,0.4481,2.9868,0.4118,2.8419,0.3918,2.6645,0.3674,0.0,0.0,0.0,0.0,0.0,0.0,0.0,0.0,0.0,0.0,0.0,0.0,0.0,0.0,0.0,0.0,0.0,0.0,0.0,0.0,0.0,0.0,0.0,0.0,0.0,0.0,0.0,0.0,0.0,0.0,0.0,0.0,0.0,0.0,0.0,0.512,0.4949
128,0.001,3,20,100,32,16,256,184,440338,73,30,VicregLoss,gru,/home/dpetrovitch/dzagcoffee/train_trace/gender/checkpoints_2025-10-08 10:26:11.109161_VicregLoss_gru_catboost/model_128_0.001_3_20_100_256_32_16_256_VicregLoss_gruepoch=00.ckpt,0,30,0.054773163,29.0338,1.6741,0.0004,4.1847,1.5704,1.5937,0.4839,581.4964,29.4433,55.0137,2.7855,43.2107,2.1879,39.2116,1.9854,35.5076,1.7979,33.398,1.6911,31.0837,1.5739,23.7846,3.0329,2.2502,0.2869,1.7674,0.2254,1.6038,0.2045,1.4523,0.1852,1.3661,0.1742,1.2714,0.1621,0.0,0.0,0.0,0.0,0.0,0.0,0.0,0.0,0.0,0.0,0.0,0.0,0.0,0.0,0.0,0.0,0.0,0.0,0.0,0.0,0.0,0.0,0.0,0.0,0.0,0.0,0.0,0.0,0.0,0.0,0.0,0.0,0.0,0.0,0.0,0.508,0.4568
128,0.001,3,20,100,32,16,256,184,440338,73,30,VicregLoss,gru,/home/dpetrovitch/dzagcoffee/train_trace/gender/checkpoints_2025-10-08 10:26:11.109161_VicregLoss_gru_catboost/model_128_0.001_3_20_100_256_32_16_256_VicregLoss_gruepoch=01.ckpt,1,30,0.063635044,28.9142,1.6658,0.0004,3.9913,1.7841,1.7735,0.4739,584.3462,29.9269,43.9142,2.249,35.4617,1.8162,33.1521,1.6979,31.0457,1.59,29.9124,1.5319,28.5257,1.4609,23.7239,5.2128,1.7829,0.3917,1.4397,0.3163,1.3459,0.2957,1.2604,0.277,1.2144,0.2668,1.1581,0.2545,0.0,0.0,0.0,0.0,0.0,0.0,0.0,0.0,0.0,0.0,0.0,0.0,0.0,0.0,0.0,0.0,0.0,0.0,0.0,0.0,0.0,0.0,0.0,0.0,0.0,0.0,0.0,0.0,0.0,0.0,0.0,0.0,0.0,0.0,0.0,0.504,0.4224
128,0.001,3,20,100,32,16,256,184,440338,73,30,VicregLoss,gru,/home/dpetrovitch/dzagcoffee/train_trace/gender/checkpoints_2025-10-08 10:26:11.109161_VicregLoss_gru_catboost/model_128_0.001_3_20_100_256_32_16_256_VicregLoss_gruepoch=02.ckpt,2,30,0.058289647,29.0846,1.6624,0.0005,3.9372,1.6555,1.6604,0.4866,581.8208,29.5189,47.0993,2.3896,36.9004,1.8722,34.0334,1.7267,31.639,1.6052,30.3523,1.5399,28.8143,1.4619,24.9003,5.1697,2.0157,0.4185,1.5792,0.3279,1.4565,0.3024,1.3541,0.2811,1.299,0.2697,1.2332,0.256,0.0,0.0,0.0,0.0,0.0,0.0,0.0,0.0,0.0,0.0,0.0,0.0,0.0,0.0,0.0,0.0,0.0,0.0,0.0,0.0,0.0,0.0,0.0,0.0,0.0,0.0,0.0,0.0,0.0,0.0,0.0,0.0,0.0,0.0,0.0,0.496,0.4623
128,0.001,3,20,100,32,16,256,184,440338,73,30,VicregLoss,gru,/home/dpetrovitch/dzagcoffee/train_trace/gender/checkpoints_2025-10-08 10:26:11.109161_VicregLoss_gru_catboost/model_128_0.001_3_20_100_256_32_16_256_VicregLoss_gruepoch=03.ckpt,3,30,0.063206725,26.7539,1.6676,0.0004,3.9192,1.7469,1.7604,0.4819,560.264,28.8857,43.1095,2.2226,34.587,1.7832,31.9882,1.6492,29.7719,1.535,28.5335,1.4711,26.8761,1.3857,22.9297,5.1455,1.7643,0.3959,1.4155,0.3176,1.3092,0.2938,1.2185,0.2734,1.1678,0.2621,1.0999,0.2468,0.0,0.0,0.0,0.0,0.0,0.0,0.0,0.0,0.0,0.0,0.0,0.0,0.0,0.0,0.0,0.0,0.0,0.0,0.0,0.0,0.0,0.0,0.0,0.0,0.0,0.0,0.0,0.0,0.0,0.0,0.0,0.0,0.0,0.0,0.0,0.516,0.4739
128,0.001,3,20,100,32,16,256,184,440338,73,30,VicregLoss,gru,/home/dpetrovitch/dzagcoffee/train_trace/gender/checkpoints_2025-10-08 10:26:11.109161_VicregLoss_gru_catboost/model_128_0.001_3_20_100_256_32_16_256_VicregLoss_gruepoch=04.ckpt,4,30,0.05697043,26.7082,1.665,0.0004,3.8886,1.5794,1.5795,0.5052,550.2231,28.3312,43.1736,2.223,33.7392,1.7372,31.3474,1.6141,29.2889,1.5081,28.0248,1.443,26.4666,1.3628,22.1431,4.5057,1.7375,0.3535,1.3578,0.2763,1.2615,0.2567,1.1787,0.2398,1.1278,0.2295,1.0651,0.2167,0.0,0.0,0.0,0.0,0.0,0.0,0.0,0.0,0.0,0.0,0.0,0.0,0.0,0.0,0.0,0.0,0.0,0.0,0.0,0.0,0.0,0.0,0.0,0.0,0.0,0.0,0.0,0.0,0.0,0.0,0.0,0.0,0.0,0.0,0.0,0.548,0.5174
128,0.001,3,20,100,32,16,256,184,440338,73,30,VicregLoss,gru,/home/dpetrovitch/dzagcoffee/train_trace/gender/checkpoints_2025-10-08 10:26:11.109161_VicregLoss_gru_catboost/model_128_0.001_3_20_100_256_32_16_256_VicregLoss_gruepoch=05.ckpt,5,30,0.061990302,26.5239,1.6679,0.0005,3.8772,1.9848,1.9844,0.47,539.2654,27.7516,42.0192,2.1624,33.5509,1.7266,31.0518,1.598,28.8635,1.4854,27.684,1.4247,26.1399,1.3452,23.845,5.642,1.858,0.4396,1.4835,0.351,1.373,0.3249,1.2763,0.302,1.2241,0.2896,1.1558,0.2735,0.0,0.0,0.0,0.0,0.0,0.0,0.0,0.0,0.0,0.0,0.0,0.0,0.0,0.0,0.0,0.0,0.0,0.0,0.0,0.0,0.0,0.0,0.0,0.0,0.0,0.0,0.0,0.0,0.0,0.0,0.0,0.0,0.0,0.0,0.0,0.488,0.5166
128,0.001,3,20,100,32,16,256,184,440338,73,30,VicregLoss,gru,/home/dpetrovitch/dzagcoffee/train_trace/gender/checkpoints_2025-10-08 10:26:11.109161_VicregLoss_gru_catboost/model_128_0.001_3_20_100_256_32_16_256_VicregLoss_gruepoch=06.ckpt,6,30,0.06169048,26.5244,1.6599,0.0004,3.8682,1.689,1.6923,0.4847,543.5427,27.8682,42.6304,2.1857,33.8789,1.737,31.1808,1.5987,28.8917,1.4813,27.6604,1.4182,26.0921,1.3378,25.5386,5.6223,2.003,0.441,1.5918,0.3504,1.465,0.3225,1.3575,0.2988,1.2996,0.2861,1.2259,0.2699,0.0,0.0,0.0,0.0,0.0,0.0,0.0,0.0,0.0,0.0,0.0,0.0,0.0,0.0,0.0,0.0,0.0,0.0,0.0,0.0,0.0,0.0,0.0,0.0,0.0,0.0,0.0,0.0,0.0,0.0,0.0,0.0,0.0,0.0,0.0,0.512,0.4888
128,0.001,3,20,100,32,16,256,184,440338,73,30,VicregLoss,gru,/home/dpetrovitch/dzagcoffee/train_trace/gender/checkpoints_2025-10-08 10:26:11.109161_VicregLoss_gru_catboost/model_128_0.001_3_20_100_256_32_16_256_VicregLoss_gruepoch=07.ckpt,7,30,0.060932357,25.2365,1.6684,0.0004,3.8821,1.7025,1.7006,0.4889,527.4623,27.2675,41.1318,2.1263,32.5419,1.6823,30.2296,1.5627,28.2729,1.4616,27.1088,1.4014,25.6853,1.3278,24.042,5.6078,1.8748,0.4373,1.4833,0.346,1.3779,0.3214,1.2887,0.3006,1.2356,0.2882,1.1707,0.2731,0.0,0.0,0.0,0.0,0.0,0.0,0.0,0.0,0.0,0.0,0.0,0.0,0.0,0.0,0.0,0.0,0.0,0.0,0.0,0.0,0.0,0.0,0.0,0.0,0.0,0.0,0.0,0.0,0.0,0.0,0.0,0.0,0.0,0.0,0.0,0.54,0.5079
128,0.001,3,20,100,32,16,256,184,440338,73,30,VicregLoss,gru,/home/dpetrovitch/dzagcoffee/train_trace/gender/checkpoints_2025-10-08 10:26:11.109161_VicregLoss_gru_catboost/model_128_0.001_3_20_100_256_32_16_256_VicregLoss_gruepoch=08.ckpt,8,30,0.05528286,23.2203,1.6593,0.0004,3.8394,1.9486,1.951,0.4725,496.0144,25.7077,37.3355,1.935,29.7534,1.5421,27.5249,1.4266,25.5693,1.3252,24.5546,1.2726,23.2985,1.2075,20.9561,5.3548,1.5774,0.4031,1.2571,0.3212,1.1629,0.2971,1.0803,0.276,1.0374,0.2651,0.9843,0.2515,0.0,0.0,0.0,0.0,0.0,0.0,0.0,0.0,0.0,0.0,0.0,0.0,0.0,0.0,0.0,0.0,0.0,0.0,0.0,0.0,0.0,0.0,0.0,0.0,0.0,0.0,0.0,0.0,0.0,0.0,0.0,0.0,0.0,0.0,0.0,0.48,0.4662
128,0.001,3,20,100,32,16,256,184,440338,73,30,VicregLoss,gru,/home/dpetrovitch/dzagcoffee/train_trace/gender/checkpoints_2025-10-08 10:26:11.109161_VicregLoss_gru_catboost/model_128_0.001_3_20_100_256_32_16_256_VicregLoss_gruepoch=09.ckpt,9,30,0.06369928,24.7862,1.6631,0.0004,3.8826,1.9163,1.9228,0.4694,512.1048,26.2729,41.7245,2.1406,32.9045,1.6881,30.3001,1.5545,28.0549,1.4393,26.822,1.3761,25.1982,1.2928,21.408,4.0516,1.7443,0.3301,1.3755,0.2603,1.2667,0.2397,1.1728,0.222,1.1213,0.2122,1.0534,0.1994,0.0,0.0,0.0,0.0,0.0,0.0,0.0,0.0,0.0,0.0,0.0,0.0,0.0,0.0,0.0,0.0,0.0,0.0,0.0,0.0,0.0,0.0,0.0,0.0,0.0,0.0,0.0,0.0,0.0,0.0,0.0,0.0,0.0,0.0,0.0,0.548,0.5502
128,0.001,3,20,100,32,16,256,184,440338,73,30,VicregLoss,gru,/home/dpetrovitch/dzagcoffee/train_trace/gender/checkpoints_2025-10-08 10:26:11.109161_VicregLoss_gru_catboost/model_128_0.001_3_20_100_256_32_16_256_VicregLoss_gruepoch=10.ckpt,10,30,0.06717294,22.6386,1.6629,0.0004,3.8753,1.6785,1.6779,0.4937,487.3158,25.2413,37.8404,1.96,29.6772,1.5372,27.4323,1.4209,25.6572,1.329,24.6407,1.2763,23.294,1.2066,18.9764,4.6263,1.4735,0.3592,1.1556,0.2817,1.0682,0.2604,0.9991,0.2436,0.9595,0.2339,0.9071,0.2211,0.0,0.0,0.0,0.0,0.0,0.0,0.0,0.0,0.0,0.0,0.0,0.0,0.0,0.0,0.0,0.0,0.0,0.0,0.0,0.0,0.0,0.0,0.0,0.0,0.0,0.0,0.0,0.0,0.0,0.0,0.0,0.0,0.0,0.0,0.0,0.536,0.4771
128,0.001,3,20,100,32,16,256,184,440338,73,30,VicregLoss,gru,/home/dpetrovitch/dzagcoffee/train_trace/gender/checkpoints_2025-10-08 10:26:11.109161_VicregLoss_gru_catboost/model_128_0.001_3_20_100_256_32_16_256_VicregLoss_gruepoch=11.ckpt,11,30,0.059249073,22.2466,1.6638,0.0004,3.8567,1.6867,1.6836,0.4881,482.4005,25.0435,35.8931,1.8634,28.4787,1.4785,26.3013,1.3654,24.5799,1.2761,23.6267,1.2266,22.2516,1.1552,23.5098,6.2569,1.7493,0.4655,1.3879,0.3694,1.2818,0.3411,1.1979,0.3188,1.1514,0.3064,1.0844,0.2886,0.0,0.0,0.0,0.0,0.0,0.0,0.0,0.0,0.0,0.0,0.0,0.0,0.0,0.0,0.0,0.0,0.0,0.0,0.0,0.0,0.0,0.0,0.0,0.0,0.0,0.0,0.0,0.0,0.0,0.0,0.0,0.0,0.0,0.0,0.0,0.504,0.4689
128,0.001,3,20,100,32,16,256,184,440338,73,30,VicregLoss,gru,/home/dpetrovitch/dzagcoffee/train_trace/gender/checkpoints_2025-10-08 10:26:11.109161_VicregLoss_gru_catboost/model_128_0.001_3_20_100_256_32_16_256_VicregLoss_gruepoch=12.ckpt,12,30,0.06258138,21.6332,1.6557,0.0004,3.8527,1.9155,1.9186,0.4741,474.0609,24.4706,36.2591,1.8717,28.829,1.4881,26.56,1.371,24.7117,1.2756,23.7088,1.2238,22.386,1.1555,25.0219,6.3335,1.9138,0.4844,1.5217,0.3852,1.4019,0.3548,1.3043,0.3301,1.2514,0.3167,1.1816,0.2991,0.0,0.0,0.0,0.0,0.0,0.0,0.0,0.0,0.0,0.0,0.0,0.0,0.0,0.0,0.0,0.0,0.0,0.0,0.0,0.0,0.0,0.0,0.0,0.0,0.0,0.0,0.0,0.0,0.0,0.0,0.0,0.0,0.0,0.0,0.0,0.528,0.4581
128,0.001,3,20,100,32,16,256,184,440338,73,30,VicregLoss,gru,/home/dpetrovitch/dzagcoffee/train_trace/gender/checkpoints_2025-10-08 10:26:11.109161_VicregLoss_gru_catboost/model_128_0.001_3_20_100_256_32_16_256_VicregLoss_gruepoch=13.ckpt,13,30,0.06536544,21.6042,1.6661,0.0003,3.8657,1.6139,1.6188,0.4931,470.2275,24.4573,36.4135,1.8939,28.5402,1.4844,26.0998,1.3575,24.2097,1.2592,23.2164,1.2075,21.7108,1.1292,24.8695,5.2198,1.9258,0.4042,1.5094,0.3168,1.3804,0.2897,1.2804,0.2687,1.2279,0.2577,1.1482,0.241,0.0,0.0,0.0,0.0,0.0,0.0,0.0,0.0,0.0,0.0,0.0,0.0,0.0,0.0,0.0,0.0,0.0,0.0,0.0,0.0,0.0,0.0,0.0,0.0,0.0,0.0,0.0,0.0,0.0,0.0,0.0,0.0,0.0,0.0,0.0,0.516,0.4463
128,0.001,3,20,100,32,16,256,184,440338,73,30,VicregLoss,gru,/home/dpetrovitch/dzagcoffee/train_trace/gender/checkpoints_2025-10-08 10:26:11.109161_VicregLoss_gru_catboost/model_128_0.001_3_20_100_256_32_16_256_VicregLoss_gruepoch=14.ckpt,14,30,0.064675845,21.3389,1.65,0.0004,3.8639,1.8703,1.8658,0.4748,455.4816,23.4153,36.9934,1.9017,28.9388,1.4877,26.624,1.3687,24.7659,1.2732,23.7892,1.2229,22.5025,1.1568,20.1237,4.8537,1.6344,0.3942,1.2786,0.3084,1.1763,0.2837,1.0942,0.2639,1.051,0.2535,0.9942,0.2398,0.0,0.0,0.0,0.0,0.0,0.0,0.0,0.0,0.0,0.0,0.0,0.0,0.0,0.0,0.0,0.0,0.0,0.0,0.0,0.0,0.0,0.0,0.0,0.0,0.0,0.0,0.0,0.0,0.0,0.0,0.0,0.0,0.0,0.0,0.0,0.5,0.4669
128,0.001,3,20,100,32,16,256,184,440338,73,30,VicregLoss,gru,/home/dpetrovitch/dzagcoffee/train_trace/gender/checkpoints_2025-10-08 10:26:11.109161_VicregLoss_gru_catboost/model_128_0.001_3_20_100_256_32_16_256_VicregLoss_gruepoch=15.ckpt,15,30,0.06246145,21.1754,1.6557,0.0004,3.8495,1.8794,1.8785,0.4736,464.3062,24.0074,35.5317,1.8372,27.8564,1.4403,25.7639,1.3321,24.1346,1.2479,23.2622,1.2028,22.1129,1.1434,21.9271,5.4969,1.678,0.4207,1.3155,0.3298,1.2167,0.305,1.1398,0.2857,1.0986,0.2754,1.0443,0.2618,0.0,0.0,0.0,0.0,0.0,0.0,0.0,0.0,0.0,0.0,0.0,0.0,0.0,0.0,0.0,0.0,0.0,0.0,0.0,0.0,0.0,0.0,0.0,0.0,0.0,0.0,0.0,0.0,0.0,0.0,0.0,0.0,0.0,0.0,0.0,0.512,0.4606
128,0.001,3,20,100,32,16,256,184,440338,73,30,VicregLoss,gru,/home/dpetrovitch/dzagcoffee/train_trace/gender/checkpoints_2025-10-08 10:26:11.109161_VicregLoss_gru_catboost/model_128_0.001_3_20_100_256_32_16_256_VicregLoss_gruepoch=16.ckpt,16,30,0.06262421,20.7463,1.6621,0.0004,3.8216,1.7961,1.7968,0.4797,458.578,23.5545,35.6421,1.8307,27.9747,1.4369,25.7913,1.3248,24.0058,1.233,23.0593,1.1844,21.7931,1.1194,20.3884,5.2626,1.5846,0.409,1.2438,0.321,1.1467,0.296,1.0673,0.2755,1.0252,0.2646,0.9689,0.2501,0.0,0.0,0.0,0.0,0.0,0.0,0.0,0.0,0.0,0.0,0.0,0.0,0.0,0.0,0.0,0.0,0.0,0.0,0.0,0.0,0.0,0.0,0.0,0.0,0.0,0.0,0.0,0.0,0.0,0.0,0.0,0.0,0.0,0.0,0.0,0.516,0.4651
128,0.001,3,20,100,32,16,256,184,440338,73,30,VicregLoss,gru,/home/dpetrovitch/dzagcoffee/train_trace/gender/checkpoints_2025-10-08 10:26:11.109161_VicregLoss_gru_catboost/model_128_0.001_3_20_100_256_32_16_256_VicregLoss_gruepoch=17.ckpt,17,30,0.0628041,20.4826,1.6519,0.0003,3.8561,1.6525,1.663,0.4893,455.0234,23.4452,35.3932,1.8236,27.7207,1.4283,25.4731,1.3125,23.5655,1.2142,22.5473,1.1618,21.0976,1.0871,23.6601,5.0627,1.8404,0.3938,1.4414,0.3084,1.3245,0.2834,1.2253,0.2622,1.1724,0.2509,1.097,0.2347,0.0,0.0,0.0,0.0,0.0,0.0,0.0,0.0,0.0,0.0,0.0,0.0,0.0,0.0,0.0,0.0,0.0,0.0,0.0,0.0,0.0,0.0,0.0,0.0,0.0,0.0,0.0,0.0,0.0,0.0,0.0,0.0,0.0,0.0,0.0,0.532,0.4932
128,0.001,3,20,100,32,16,256,184,440338,73,30,VicregLoss,gru,/home/dpetrovitch/dzagcoffee/train_trace/gender/checkpoints_2025-10-08 10:26:11.109161_VicregLoss_gru_catboost/model_128_0.001_3_20_100_256_32_16_256_VicregLoss_gruepoch=18.ckpt,18,30,0.06441029,20.7018,1.6657,0.0004,3.8532,1.7019,1.699,0.4841,454.2828,23.4951,35.5432,1.8383,28.1561,1.4562,25.9608,1.3427,24.0985,1.2463,23.0489,1.1921,21.4379,1.1087,22.7062,4.9677,1.7765,0.3887,1.4073,0.3079,1.2976,0.2839,1.2045,0.2635,1.152,0.252,1.0715,0.2344,0.0,0.0,0.0,0.0,0.0,0.0,0.0,0.0,0.0,0.0,0.0,0.0,0.0,0.0,0.0,0.0,0.0,0.0,0.0,0.0,0.0,0.0,0.0,0.0,0.0,0.0,0.0,0.0,0.0,0.0,0.0,0.0,0.0,0.0,0.0,0.492,0.4738
128,0.001,3,20,100,32,16,256,184,440338,73,30,VicregLoss,gru,/home/dpetrovitch/dzagcoffee/train_trace/gender/checkpoints_2025-10-08 10:26:11.109161_VicregLoss_gru_catboost/model_128_0.001_3_20_100_256_32_16_256_VicregLoss_gruepoch=19.ckpt,19,30,0.06217876,20.5696,1.6679,0.0004,3.8771,1.7849,1.7927,0.4799,449.7858,23.2297,35.2177,1.8189,27.7597,1.4337,25.6534,1.3249,23.933,1.236,23.009,1.1883,21.7116,1.1213,19.4229,4.8383,1.5208,0.3788,1.1987,0.2986,1.1078,0.276,1.0335,0.2574,0.9936,0.2475,0.9376,0.2336,0.0,0.0,0.0,0.0,0.0,0.0,0.0,0.0,0.0,0.0,0.0,0.0,0.0,0.0,0.0,0.0,0.0,0.0,0.0,0.0,0.0,0.0,0.0,0.0,0.0,0.0,0.0,0.0,0.0,0.0,0.0,0.0,0.0,0.0,0.0,0.528,0.4616
128,0.001,3,20,100,32,16,256,184,440338,73,30,VicregLoss,gru,/home/dpetrovitch/dzagcoffee/train_trace/gender/checkpoints_2025-10-08 10:26:11.109161_VicregLoss_gru_catboost/model_128_0.001_3_20_100_256_32_16_256_VicregLoss_gruepoch=20.ckpt,20,30,0.05873938,20.2819,1.6676,0.0004,3.8529,1.874,1.873,0.4749,445.2484,23.0672,34.3868,1.7815,27.1571,1.4069,25.031,1.2968,23.3356,1.209,22.4292,1.162,21.216,1.0991,21.8598,5.4263,1.6882,0.4191,1.3333,0.331,1.2289,0.3051,1.1457,0.2844,1.1012,0.2733,1.0416,0.2586,0.0,0.0,0.0,0.0,0.0,0.0,0.0,0.0,0.0,0.0,0.0,0.0,0.0,0.0,0.0,0.0,0.0,0.0,0.0,0.0,0.0,0.0,0.0,0.0,0.0,0.0,0.0,0.0,0.0,0.0,0.0,0.0,0.0,0.0,0.0,0.536,0.4523
128,0.001,3,20,100,32,16,256,184,440338,73,30,VicregLoss,gru,/home/dpetrovitch/dzagcoffee/train_trace/gender/checkpoints_2025-10-08 10:26:11.109161_VicregLoss_gru_catboost/model_128_0.001_3_20_100_256_32_16_256_VicregLoss_gruepoch=21.ckpt,21,30,0.06426466,19.9372,1.6682,0.0004,3.8403,1.8278,1.8306,0.4777,439.9922,22.7569,33.8388,1.7502,26.758,1.384,24.6855,1.2768,23.0173,1.1905,22.105,1.1433,20.8284,1.0773,23.9215,6.2571,1.8397,0.4812,1.4548,0.3805,1.3421,0.3511,1.2514,0.3273,1.2018,0.3144,1.1324,0.2962,0.0,0.0,0.0,0.0,0.0,0.0,0.0,0.0,0.0,0.0,0.0,0.0,0.0,0.0,0.0,0.0,0.0,0.0,0.0,0.0,0.0,0.0,0.0,0.0,0.0,0.0,0.0,0.0,0.0,0.0,0.0,0.0,0.0,0.0,0.0,0.516,0.4835
128,0.001,3,20,100,32,16,256,184,440338,73,30,VicregLoss,gru,/home/dpetrovitch/dzagcoffee/train_trace/gender/checkpoints_2025-10-08 10:26:11.109161_VicregLoss_gru_catboost/model_128_0.001_3_20_100_256_32_16_256_VicregLoss_gruepoch=22.ckpt,22,30,0.064752944,19.7978,1.67,0.0003,3.871,1.5512,1.5575,0.5022,437.2547,22.6488,35.46,1.8367,27.4573,1.4222,25.0796,1.2991,23.1838,1.2009,22.1022,1.1448,20.5898,1.0665,22.8046,4.3675,1.8494,0.3542,1.432,0.2743,1.308,0.2505,1.2091,0.2316,1.1527,0.2208,1.0738,0.2057,0.0,0.0,0.0,0.0,0.0,0.0,0.0,0.0,0.0,0.0,0.0,0.0,0.0,0.0,0.0,0.0,0.0,0.0,0.0,0.0,0.0,0.0,0.0,0.0,0.0,0.0,0.0,0.0,0.0,0.0,0.0,0.0,0.0,0.0,0.0,0.52,0.4649
128,0.001,3,20,100,32,16,256,184,440338,73,30,VicregLoss,gru,/home/dpetrovitch/dzagcoffee/train_trace/gender/checkpoints_2025-10-08 10:26:11.109161_VicregLoss_gru_catboost/model_128_0.001_3_20_100_256_32_16_256_VicregLoss_gruepoch=23.ckpt,23,30,0.06483433,19.6767,1.6635,0.0004,3.8505,1.8511,1.8496,0.4737,434.515,22.4789,35.1549,1.8187,27.5418,1.4248,25.2515,1.3063,23.4326,1.2122,22.4462,1.1612,21.1143,1.0923,23.5074,5.4937,1.9019,0.4445,1.49,0.3482,1.3661,0.3193,1.2677,0.2963,1.2144,0.2838,1.1423,0.267,0.0,0.0,0.0,0.0,0.0,0.0,0.0,0.0,0.0,0.0,0.0,0.0,0.0,0.0,0.0,0.0,0.0,0.0,0.0,0.0,0.0,0.0,0.0,0.0,0.0,0.0,0.0,0.0,0.0,0.0,0.0,0.0,0.0,0.0,0.0,0.532,0.4879
128,0.001,3,20,100,32,16,256,184,440338,73,30,VicregLoss,gru,/home/dpetrovitch/dzagcoffee/train_trace/gender/checkpoints_2025-10-08 10:26:11.109161_VicregLoss_gru_catboost/model_128_0.001_3_20_100_256_32_16_256_VicregLoss_gruepoch=24.ckpt,24,30,0.061463475,19.3967,1.6686,0.0003,3.8736,1.7059,1.7011,0.4868,427.3139,22.2526,33.9943,1.7703,26.569,1.3836,24.4145,1.2714,22.7602,1.1852,21.8828,1.1396,20.7006,1.078,24.4815,5.5974,1.9476,0.4453,1.5222,0.348,1.3987,0.3198,1.304,0.2981,1.2537,0.2866,1.186,0.2712,0.0,0.0,0.0,0.0,0.0,0.0,0.0,0.0,0.0,0.0,0.0,0.0,0.0,0.0,0.0,0.0,0.0,0.0,0.0,0.0,0.0,0.0,0.0,0.0,0.0,0.0,0.0,0.0,0.0,0.0,0.0,0.0,0.0,0.0,0.0,0.512,0.4859
128,0.001,3,20,100,32,16,256,184,440338,73,30,VicregLoss,gru,/home/dpetrovitch/dzagcoffee/train_trace/gender/checkpoints_2025-10-08 10:26:11.109161_VicregLoss_gru_catboost/model_128_0.001_3_20_100_256_32_16_256_VicregLoss_gruepoch=25.ckpt,25,30,0.063211,19.2197,1.6649,0.0003,3.855,1.8754,1.8745,0.4765,427.343,22.1376,33.8341,1.7527,26.5286,1.3743,24.4623,1.2672,22.7965,1.1809,21.9101,1.135,20.7108,1.0729,24.905,5.8025,1.9718,0.4594,1.5461,0.3602,1.4256,0.3322,1.3286,0.3095,1.2769,0.2975,1.207,0.2812,0.0,0.0,0.0,0.0,0.0,0.0,0.0,0.0,0.0,0.0,0.0,0.0,0.0,0.0,0.0,0.0,0.0,0.0,0.0,0.0,0.0,0.0,0.0,0.0,0.0,0.0,0.0,0.0,0.0,0.0,0.0,0.0,0.0,0.0,0.0,0.516,0.4702
128,0.001,3,20,100,32,16,256,184,440338,73,30,VicregLoss,gru,/home/dpetrovitch/dzagcoffee/train_trace/gender/checkpoints_2025-10-08 10:26:11.109161_VicregLoss_gru_catboost/model_128_0.001_3_20_100_256_32_16_256_VicregLoss_gruepoch=26.ckpt,26,30,0.06642338,19.6722,1.6711,0.0004,3.8808,1.9261,1.9511,0.4727,429.6186,22.3272,36.0621,1.8741,27.9742,1.4538,25.5192,1.3262,23.5457,1.2237,22.5518,1.172,21.2734,1.1056,23.9768,5.5798,2.0126,0.4684,1.5612,0.3633,1.4242,0.3314,1.3141,0.3058,1.2586,0.2929,1.1873,0.2763,0.0,0.0,0.0,0.0,0.0,0.0,0.0,0.0,0.0,0.0,0.0,0.0,0.0,0.0,0.0,0.0,0.0,0.0,0.0,0.0,0.0,0.0,0.0,0.0,0.0,0.0,0.0,0.0,0.0,0.0,0.0,0.0,0.0,0.0,0.0,0.504,0.4608
128,0.001,3,20,100,32,16,256,184,440338,73,30,VicregLoss,gru,/home/dpetrovitch/dzagcoffee/train_trace/gender/checkpoints_2025-10-08 10:26:11.109161_VicregLoss_gru_catboost/model_128_0.001_3_20_100_256_32_16_256_VicregLoss_gruepoch=27.ckpt,27,30,0.06154914,18.73,1.6632,0.0003,3.8444,1.8154,1.8168,0.4807,423.851,22.0136,33.3243,1.7308,26.2029,1.3609,24.1983,1.2568,22.579,1.1727,21.7182,1.128,20.5663,1.0682,23.9323,5.422,1.8816,0.4263,1.4795,0.3352,1.3663,0.3096,1.2749,0.2888,1.2263,0.2778,1.1613,0.2631,0.0,0.0,0.0,0.0,0.0,0.0,0.0,0.0,0.0,0.0,0.0,0.0,0.0,0.0,0.0,0.0,0.0,0.0,0.0,0.0,0.0,0.0,0.0,0.0,0.0,0.0,0.0,0.0,0.0,0.0,0.0,0.0,0.0,0.0,0.0,0.5,0.4397
128,0.001,3,20,100,32,16,256,184,440338,73,30,VicregLoss,gru,/home/dpetrovitch/dzagcoffee/train_trace/gender/checkpoints_2025-10-08 10:26:11.109161_VicregLoss_gru_catboost/model_128_0.001_3_20_100_256_32_16_256_VicregLoss_gruepoch=28.ckpt,28,30,0.0690661,18.8208,1.6614,0.0003,3.8644,1.7569,1.7503,0.4829,419.8983,21.7733,34.0361,1.7649,26.5975,1.3792,24.3175,1.261,22.5451,1.169,21.6295,1.1216,20.4498,1.0604,22.9451,4.7822,1.8599,0.3876,1.4534,0.3029,1.3288,0.2769,1.232,0.2568,1.1819,0.2463,1.1175,0.2329,0.0,0.0,0.0,0.0,0.0,0.0,0.0,0.0,0.0,0.0,0.0,0.0,0.0,0.0,0.0,0.0,0.0,0.0,0.0,0.0,0.0,0.0,0.0,0.0,0.0,0.0,0.0,0.0,0.0,0.0,0.0,0.0,0.0,0.0,0.0,0.548,0.5118
128,0.001,3,20,100,32,16,256,184,440338,73,30,VicregLoss,gru,/home/dpetrovitch/dzagcoffee/train_trace/gender/checkpoints_2025-10-08 10:26:11.109161_VicregLoss_gru_catboost/model_128_0.001_3_20_100_256_32_16_256_VicregLoss_gruepoch=29.ckpt,29,30,0.06728002,18.9195,1.6663,0.0003,3.8708,1.9251,1.9234,0.4754,426.0646,21.9974,34.9512,1.8045,27.1997,1.4043,24.8983,1.2855,23.0848,1.1919,22.1601,1.1441,21.0257,1.0855,22.0195,4.6447,1.8063,0.381,1.4057,0.2965,1.2868,0.2714,1.193,0.2517,1.1453,0.2416,1.0866,0.2292,0.0,0.0,0.0,0.0,0.0,0.0,0.0,0.0,0.0,0.0,0.0,0.0,0.0,0.0,0.0,0.0,0.0,0.0,0.0,0.0,0.0,0.0,0.0,0.0,0.0,0.0,0.0,0.0,0.0,0.0,0.0,0.0,0.0,0.0,0.0,0.544,0.4853
128,0.001,3,10,60,32,16,256,184,440338,73,30,VicregLoss,gru,/home/dpetrovitch/dzagcoffee/train_trace/gender/checkpoints_2025-10-08 10:26:11.109161_VicregLoss_gru_catboost/model_128_0.001_3_10_60_256_32_16_256_VicregLoss_gruepoch=00.ckpt,0,30,0.044544954,26.9011,1.6668,0.0003,4.187,1.3396,1.3448,0.5529,575.5752,29.5677,51.8628,2.6642,37.679,1.9356,33.6313,1.7277,30.6267,1.5733,29.2946,1.5049,27.7731,1.4267,23.2562,3.2289,2.0955,0.2909,1.5224,0.2114,1.3589,0.1887,1.2375,0.1718,1.1837,0.1643,1.1222,0.1558,0.0,0.0,0.0,0.0,0.0,0.0,0.0,0.0,0.0,0.0,0.0,0.0,0.0,0.0,0.0,0.0,0.0,0.0,0.0,0.0,0.0,0.0,0.0,0.0,0.0,0.0,0.0,0.0,0.0,0.0,0.0,0.0,0.0,0.0,0.0,0.6,0.5387
128,0.001,3,10,60,32,16,256,184,440338,73,30,VicregLoss,gru,/home/dpetrovitch/dzagcoffee/train_trace/gender/checkpoints_2025-10-08 10:26:11.109161_VicregLoss_gru_catboost/model_128_0.001_3_10_60_256_32_16_256_VicregLoss_gruepoch=01.ckpt,1,30,0.04775305,26.5868,1.6447,0.0004,4.0329,1.5711,1.5584,0.4791,570.5722,29.0559,49.7104,2.5315,38.0569,1.938,34.3845,1.751,31.3532,1.5966,29.8004,1.5176,28.0332,1.4276,27.0889,4.3451,2.3601,0.3786,1.8068,0.2898,1.6325,0.2618,1.4885,0.2388,1.4148,0.2269,1.3309,0.2135,0.0,0.0,0.0,0.0,0.0,0.0,0.0,0.0,0.0,0.0,0.0,0.0,0.0,0.0,0.0,0.0,0.0,0.0,0.0,0.0,0.0,0.0,0.0,0.0,0.0,0.0,0.0,0.0,0.0,0.0,0.0,0.0,0.0,0.0,0.0,0.564,0.5209
128,0.001,3,10,60,32,16,256,184,440338,73,30,VicregLoss,gru,/home/dpetrovitch/dzagcoffee/train_trace/gender/checkpoints_2025-10-08 10:26:11.109161_VicregLoss_gru_catboost/model_128_0.001_3_10_60_256_32_16_256_VicregLoss_gruepoch=02.ckpt,2,30,0.052040502,25.1401,1.6615,0.0004,3.9682,1.4987,1.4888,0.5071,570.264,29.3665,43.6972,2.2502,33.3621,1.718,30.528,1.5721,28.188,1.4516,26.9057,1.3855,25.4165,1.3089,27.0948,4.7964,2.0762,0.3675,1.5851,0.2806,1.4505,0.2568,1.3393,0.2371,1.2784,0.2263,1.2076,0.2138,0.0,0.0,0.0,0.0,0.0,0.0,0.0,0.0,0.0,0.0,0.0,0.0,0.0,0.0,0.0,0.0,0.0,0.0,0.0,0.0,0.0,0.0,0.0,0.0,0.0,0.0,0.0,0.0,0.0,0.0,0.0,0.0,0.0,0.0,0.0,0.504,0.4762
128,0.001,3,10,60,32,16,256,184,440338,73,30,VicregLoss,gru,/home/dpetrovitch/dzagcoffee/train_trace/gender/checkpoints_2025-10-08 10:26:11.109161_VicregLoss_gru_catboost/model_128_0.001_3_10_60_256_32_16_256_VicregLoss_gruepoch=03.ckpt,3,30,0.044112355,24.9629,1.6521,0.0004,3.9237,1.7647,1.749,0.4713,572.404,29.4897,42.1471,2.1714,33.7436,1.7384,31.286,1.6118,29.1126,1.4998,27.8215,1.4333,26.2645,1.3531,25.9203,4.8421,1.9086,0.3565,1.528,0.2854,1.4167,0.2647,1.3183,0.2463,1.2598,0.2353,1.1893,0.2222,0.0,0.0,0.0,0.0,0.0,0.0,0.0,0.0,0.0,0.0,0.0,0.0,0.0,0.0,0.0,0.0,0.0,0.0,0.0,0.0,0.0,0.0,0.0,0.0,0.0,0.0,0.0,0.0,0.0,0.0,0.0,0.0,0.0,0.0,0.0,0.536,0.4956
128,0.001,3,10,60,32,16,256,184,440338,73,30,VicregLoss,gru,/home/dpetrovitch/dzagcoffee/train_trace/gender/checkpoints_2025-10-08 10:26:11.109161_VicregLoss_gru_catboost/model_128_0.001_3_10_60_256_32_16_256_VicregLoss_gruepoch=04.ckpt,4,30,0.048421223,22.6489,1.6502,0.0004,3.9112,1.7503,1.7666,0.4862,518.3494,27.104,37.957,1.9847,29.8962,1.5632,27.6571,1.4462,25.8593,1.3522,24.8635,1.3001,23.6309,1.2356,21.3772,6.0426,1.5654,0.4425,1.2329,0.3485,1.1406,0.3224,1.0665,0.3015,1.0254,0.2898,0.9746,0.2755,0.0,0.0,0.0,0.0,0.0,0.0,0.0,0.0,0.0,0.0,0.0,0.0,0.0,0.0,0.0,0.0,0.0,0.0,0.0,0.0,0.0,0.0,0.0,0.0,0.0,0.0,0.0,0.0,0.0,0.0,0.0,0.0,0.0,0.0,0.0,0.54,0.5268
128,0.001,3,10,60,32,16,256,184,440338,73,30,VicregLoss,gru,/home/dpetrovitch/dzagcoffee/train_trace/gender/checkpoints_2025-10-08 10:26:11.109161_VicregLoss_gru_catboost/model_128_0.001_3_10_60_256_32_16_256_VicregLoss_gruepoch=05.ckpt,5,30,0.04759029,22.4208,1.6661,0.0004,3.924,1.9066,1.901,0.4757,519.9032,27.2999,38.1182,2.0016,30.3235,1.5923,28.1506,1.4782,26.3151,1.3818,25.3034,1.3287,24.1444,1.2678,24.2351,6.3989,1.7769,0.4692,1.4135,0.3732,1.3122,0.3465,1.2267,0.3239,1.1795,0.3114,1.1255,0.2972,0.0,0.0,0.0,0.0,0.0,0.0,0.0,0.0,0.0,0.0,0.0,0.0,0.0,0.0,0.0,0.0,0.0,0.0,0.0,0.0,0.0,0.0,0.0,0.0,0.0,0.0,0.0,0.0,0.0,0.0,0.0,0.0,0.0,0.0,0.0,0.572,0.5153
128,0.001,3,10,60,32,16,256,184,440338,73,30,VicregLoss,gru,/home/dpetrovitch/dzagcoffee/train_trace/gender/checkpoints_2025-10-08 10:26:11.109161_VicregLoss_gru_catboost/model_128_0.001_3_10_60_256_32_16_256_VicregLoss_gruepoch=06.ckpt,6,30,0.04375257,22.9937,1.6568,0.0004,3.8942,1.9192,1.9171,0.4731,528.1464,27.5685,39.1606,2.0441,31.2653,1.632,28.9666,1.512,27.0161,1.4102,25.9421,1.3541,24.6979,1.2892,28.9554,7.3055,2.147,0.5417,1.7141,0.4325,1.5881,0.4007,1.4811,0.3737,1.4223,0.3588,1.3541,0.3416,0.0,0.0,0.0,0.0,0.0,0.0,0.0,0.0,0.0,0.0,0.0,0.0,0.0,0.0,0.0,0.0,0.0,0.0,0.0,0.0,0.0,0.0,0.0,0.0,0.0,0.0,0.0,0.0,0.0,0.0,0.0,0.0,0.0,0.0,0.0,0.572,0.5266
128,0.001,3,10,60,32,16,256,184,440338,73,30,VicregLoss,gru,/home/dpetrovitch/dzagcoffee/train_trace/gender/checkpoints_2025-10-08 10:26:11.109161_VicregLoss_gru_catboost/model_128_0.001_3_10_60_256_32_16_256_VicregLoss_gruepoch=07.ckpt,7,30,0.05094401,22.6089,1.6589,0.0003,3.9677,1.3923,1.3951,0.5455,516.2685,26.8901,41.7616,2.1752,31.3125,1.6309,28.5309,1.486,26.292,1.3694,25.0492,1.3047,23.5611,1.2272,25.2315,5.0693,2.041,0.4101,1.5303,0.3075,1.3944,0.2802,1.285,0.2582,1.2242,0.246,1.1515,0.2314,0.0,0.0,0.0,0.0,0.0,0.0,0.0,0.0,0.0,0.0,0.0,0.0,0.0,0.0,0.0,0.0,0.0,0.0,0.0,0.0,0.0,0.0,0.0,0.0,0.0,0.0,0.0,0.0,0.0,0.0,0.0,0.0,0.0,0.0,0.0,0.564,0.5073
128,0.001,3,10,60,32,16,256,184,440338,73,30,VicregLoss,gru,/home/dpetrovitch/dzagcoffee/train_trace/gender/checkpoints_2025-10-08 10:26:11.109161_VicregLoss_gru_catboost/model_128_0.001_3_10_60_256_32_16_256_VicregLoss_gruepoch=08.ckpt,8,30,0.044810515,22.489,1.6615,0.0004,3.9014,1.9429,1.9316,0.4709,528.742,27.7849,38.9281,2.0456,30.7423,1.6155,28.2627,1.4852,26.2356,1.3787,25.2269,1.3256,24.0866,1.2657,24.7221,4.8449,1.8201,0.3567,1.4374,0.2817,1.3215,0.259,1.2267,0.2404,1.1795,0.2312,1.1262,0.2207,0.0,0.0,0.0,0.0,0.0,0.0,0.0,0.0,0.0,0.0,0.0,0.0,0.0,0.0,0.0,0.0,0.0,0.0,0.0,0.0,0.0,0.0,0.0,0.0,0.0,0.0,0.0,0.0,0.0,0.0,0.0,0.0,0.0,0.0,0.0,0.56,0.5364
128,0.001,3,10,60,32,16,256,184,440338,73,30,VicregLoss,gru,/home/dpetrovitch/dzagcoffee/train_trace/gender/checkpoints_2025-10-08 10:26:11.109161_VicregLoss_gru_catboost/model_128_0.001_3_10_60_256_32_16_256_VicregLoss_gruepoch=09.ckpt,9,30,0.049706176,20.5592,1.6603,0.0003,3.9202,1.6403,1.6414,0.4973,496.9292,26.0597,34.352,1.8015,27.2538,1.4292,25.2747,1.3254,23.6954,1.2426,22.9453,1.2033,22.1071,1.1593,21.5534,6.1762,1.49,0.427,1.1821,0.3387,1.0962,0.3141,1.0277,0.2945,0.9952,0.2852,0.9589,0.2748,0.0,0.0,0.0,0.0,0.0,0.0,0.0,0.0,0.0,0.0,0.0,0.0,0.0,0.0,0.0,0.0,0.0,0.0,0.0,0.0,0.0,0.0,0.0,0.0,0.0,0.0,0.0,0.0,0.0,0.0,0.0,0.0,0.0,0.0,0.0,0.508,0.4815
128,0.001,3,10,60,32,16,256,184,440338,73,30,VicregLoss,gru,/home/dpetrovitch/dzagcoffee/train_trace/gender/checkpoints_2025-10-08 10:26:11.109161_VicregLoss_gru_catboost/model_128_0.001_3_10_60_256_32_16_256_VicregLoss_gruepoch=10.ckpt,10,30,0.04972759,20.8007,1.6544,0.0004,3.8796,1.8076,1.8075,0.4811,489.618,25.5328,37.354,1.948,29.3578,1.531,27.0741,1.4119,25.1482,1.3114,24.1258,1.2581,22.8685,1.1926,24.7653,5.707,1.8894,0.4354,1.4849,0.3422,1.3694,0.3156,1.272,0.2931,1.2203,0.2812,1.1567,0.2666,0.0,0.0,0.0,0.0,0.0,0.0,0.0,0.0,0.0,0.0,0.0,0.0,0.0,0.0,0.0,0.0,0.0,0.0,0.0,0.0,0.0,0.0,0.0,0.0,0.0,0.0,0.0,0.0,0.0,0.0,0.0,0.0,0.0,0.0,0.0,0.544,0.4956
128,0.001,3,10,60,32,16,256,184,440338,73,30,VicregLoss,gru,/home/dpetrovitch/dzagcoffee/train_trace/gender/checkpoints_2025-10-08 10:26:11.109161_VicregLoss_gru_catboost/model_128_0.001_3_10_60_256_32_16_256_VicregLoss_gruepoch=11.ckpt,11,30,0.045148883,19.4366,1.6596,0.0003,3.8996,1.5567,1.5568,0.5133,468.7926,24.4283,34.2602,1.7853,27.0264,1.4083,24.9914,1.3023,23.2983,1.2141,22.3961,1.167,21.1171,1.1004,21.0495,6.5267,1.5383,0.477,1.2135,0.3763,1.1222,0.3479,1.0461,0.3244,1.0056,0.3118,0.9482,0.294,0.0,0.0,0.0,0.0,0.0,0.0,0.0,0.0,0.0,0.0,0.0,0.0,0.0,0.0,0.0,0.0,0.0,0.0,0.0,0.0,0.0,0.0,0.0,0.0,0.0,0.0,0.0,0.0,0.0,0.0,0.0,0.0,0.0,0.0,0.0,0.596,0.5921
128,0.001,3,10,60,32,16,256,184,440338,73,30,VicregLoss,gru,/home/dpetrovitch/dzagcoffee/train_trace/gender/checkpoints_2025-10-08 10:26:11.109161_VicregLoss_gru_catboost/model_128_0.001_3_10_60_256_32_16_256_VicregLoss_gruepoch=12.ckpt,12,30,0.045838475,19.7935,1.6655,0.0003,3.8953,1.7961,1.7969,0.4832,468.1052,24.2828,35.8479,1.8596,28.3662,1.4715,26.2584,1.3621,24.4478,1.2682,23.4531,1.2166,22.2909,1.1563,24.8838,6.579,1.9056,0.5038,1.5079,0.3987,1.3959,0.369,1.2996,0.3436,1.2467,0.3296,1.185,0.3133,0.0,0.0,0.0,0.0,0.0,0.0,0.0,0.0,0.0,0.0,0.0,0.0,0.0,0.0,0.0,0.0,0.0,0.0,0.0,0.0,0.0,0.0,0.0,0.0,0.0,0.0,0.0,0.0,0.0,0.0,0.0,0.0,0.0,0.0,0.0,0.552,0.4897
128,0.001,3,10,60,32,16,256,184,440338,73,30,VicregLoss,gru,/home/dpetrovitch/dzagcoffee/train_trace/gender/checkpoints_2025-10-08 10:26:11.109161_VicregLoss_gru_catboost/model_128_0.001_3_10_60_256_32_16_256_VicregLoss_gruepoch=13.ckpt,13,30,0.049217895,19.4247,1.6663,0.0003,3.9046,1.9889,1.9878,0.4776,456.7436,23.6781,36.62,1.8984,28.7392,1.4899,26.4609,1.3718,24.5804,1.2743,23.5731,1.2221,22.3943,1.1609,23.7491,5.6665,1.9041,0.4543,1.4943,0.3565,1.3759,0.3283,1.2781,0.3049,1.2257,0.2925,1.1644,0.2778,0.0,0.0,0.0,0.0,0.0,0.0,0.0,0.0,0.0,0.0,0.0,0.0,0.0,0.0,0.0,0.0,0.0,0.0,0.0,0.0,0.0,0.0,0.0,0.0,0.0,0.0,0.0,0.0,0.0,0.0,0.0,0.0,0.0,0.0,0.0,0.532,0.4861
128,0.001,3,10,60,32,16,256,184,440338,73,30,VicregLoss,gru,/home/dpetrovitch/dzagcoffee/train_trace/gender/checkpoints_2025-10-08 10:26:11.109161_VicregLoss_gru_catboost/model_128_0.001_3_10_60_256_32_16_256_VicregLoss_gruepoch=14.ckpt,14,30,0.046249658,18.6033,1.656,0.0003,3.9219,1.6298,1.6265,0.4974,453.9983,23.8106,34.7656,1.8233,27.0594,1.4192,24.9256,1.3073,23.2359,1.2186,22.3207,1.1706,21.1798,1.1108,22.5197,5.8401,1.7245,0.4472,1.3422,0.3481,1.2364,0.3206,1.1526,0.2989,1.1072,0.2871,1.0506,0.2725,0.0,0.0,0.0,0.0,0.0,0.0,0.0,0.0,0.0,0.0,0.0,0.0,0.0,0.0,0.0,0.0,0.0,0.0,0.0,0.0,0.0,0.0,0.0,0.0,0.0,0.0,0.0,0.0,0.0,0.0,0.0,0.0,0.0,0.0,0.0,0.492,0.4908
128,0.001,3,10,60,32,16,256,184,440338,73,30,VicregLoss,gru,/home/dpetrovitch/dzagcoffee/train_trace/gender/checkpoints_2025-10-08 10:26:11.109161_VicregLoss_gru_catboost/model_128_0.001_3_10_60_256_32_16_256_VicregLoss_gruepoch=15.ckpt,15,30,0.048990887,19.5457,1.6655,0.0003,3.9165,1.7875,1.7991,0.4824,465.6992,24.2372,37.0632,1.9289,29.2499,1.5223,26.8618,1.398,24.8256,1.292,23.7381,1.2354,22.3482,1.1631,24.3111,5.3719,1.9348,0.4275,1.5269,0.3374,1.4023,0.3099,1.296,0.2864,1.2392,0.2738,1.1667,0.2578,0.0,0.0,0.0,0.0,0.0,0.0,0.0,0.0,0.0,0.0,0.0,0.0,0.0,0.0,0.0,0.0,0.0,0.0,0.0,0.0,0.0,0.0,0.0,0.0,0.0,0.0,0.0,0.0,0.0,0.0,0.0,0.0,0.0,0.0,0.0,0.524,0.4719
128,0.001,3,10,60,32,16,256,184,440338,73,30,VicregLoss,gru,/home/dpetrovitch/dzagcoffee/train_trace/gender/checkpoints_2025-10-08 10:26:11.109161_VicregLoss_gru_catboost/model_128_0.001_3_10_60_256_32_16_256_VicregLoss_gruepoch=16.ckpt,16,30,0.049560547,19.2556,1.6541,0.0003,3.9098,1.8135,1.8119,0.4826,464.5994,24.2662,36.1368,1.8874,28.6544,1.4966,26.4686,1.3825,24.534,1.2814,23.5144,1.2282,22.2741,1.1634,23.9637,4.5862,1.8639,0.3567,1.478,0.2829,1.3652,0.2613,1.2654,0.2422,1.2129,0.2321,1.1489,0.2199,0.0,0.0,0.0,0.0,0.0,0.0,0.0,0.0,0.0,0.0,0.0,0.0,0.0,0.0,0.0,0.0,0.0,0.0,0.0,0.0,0.0,0.0,0.0,0.0,0.0,0.0,0.0,0.0,0.0,0.0,0.0,0.0,0.0,0.0,0.0,0.548,0.5385
128,0.001,3,10,60,32,16,256,184,440338,73,30,VicregLoss,gru,/home/dpetrovitch/dzagcoffee/train_trace/gender/checkpoints_2025-10-08 10:26:11.109161_VicregLoss_gru_catboost/model_128_0.001_3_10_60_256_32_16_256_VicregLoss_gruepoch=17.ckpt,17,30,0.04720052,18.4179,1.6601,0.0003,3.9065,1.7997,1.8142,0.4817,451.5774,23.6436,34.4629,1.8044,27.3982,1.4345,25.266,1.3229,23.4412,1.2273,22.442,1.175,21.2247,1.1113,22.0734,5.259,1.6846,0.4013,1.3392,0.3191,1.235,0.2942,1.1458,0.273,1.097,0.2614,1.0375,0.2472,0.0,0.0,0.0,0.0,0.0,0.0,0.0,0.0,0.0,0.0,0.0,0.0,0.0,0.0,0.0,0.0,0.0,0.0,0.0,0.0,0.0,0.0,0.0,0.0,0.0,0.0,0.0,0.0,0.0,0.0,0.0,0.0,0.0,0.0,0.0,0.524,0.4942
128,0.001,3,10,60,32,16,256,184,440338,73,30,VicregLoss,gru,/home/dpetrovitch/dzagcoffee/train_trace/gender/checkpoints_2025-10-08 10:26:11.109161_VicregLoss_gru_catboost/model_128_0.001_3_10_60_256_32_16_256_VicregLoss_gruepoch=18.ckpt,18,30,0.05043431,18.6138,1.6738,0.0003,3.9337,1.5392,1.5391,0.516,450.8806,23.6357,34.6832,1.8181,27.1346,1.4224,24.8617,1.3033,23.0476,1.2082,22.0755,1.1572,20.8997,1.0956,22.3776,5.7178,1.7214,0.4398,1.3467,0.3441,1.2339,0.3153,1.1439,0.2923,1.0956,0.2799,1.0373,0.265,0.0,0.0,0.0,0.0,0.0,0.0,0.0,0.0,0.0,0.0,0.0,0.0,0.0,0.0,0.0,0.0,0.0,0.0,0.0,0.0,0.0,0.0,0.0,0.0,0.0,0.0,0.0,0.0,0.0,0.0,0.0,0.0,0.0,0.0,0.0,0.524,0.5141
128,0.001,3,10,60,32,16,256,184,440338,73,30,VicregLoss,gru,/home/dpetrovitch/dzagcoffee/train_trace/gender/checkpoints_2025-10-08 10:26:11.109161_VicregLoss_gru_catboost/model_128_0.001_3_10_60_256_32_16_256_VicregLoss_gruepoch=19.ckpt,19,30,0.049012303,17.9619,1.6728,0.0003,3.9147,1.8379,1.8159,0.4809,442.2914,23.2696,33.7154,1.7738,26.6516,1.4022,24.4906,1.2885,22.7526,1.197,21.8192,1.1479,20.7079,1.0895,23.0358,6.4142,1.756,0.4889,1.3881,0.3865,1.2755,0.3552,1.185,0.33,1.1364,0.3164,1.0785,0.3003,0.0,0.0,0.0,0.0,0.0,0.0,0.0,0.0,0.0,0.0,0.0,0.0,0.0,0.0,0.0,0.0,0.0,0.0,0.0,0.0,0.0,0.0,0.0,0.0,0.0,0.0,0.0,0.0,0.0,0.0,0.0,0.0,0.0,0.0,0.0,0.48,0.505
128,0.001,3,10,60,32,16,256,184,440338,73,30,VicregLoss,gru,/home/dpetrovitch/dzagcoffee/train_trace/gender/checkpoints_2025-10-08 10:26:11.109161_VicregLoss_gru_catboost/model_128_0.001_3_10_60_256_32_16_256_VicregLoss_gruepoch=20.ckpt,20,30,0.049320687,17.9673,1.6733,0.0003,3.9137,1.8313,1.8319,0.4822,435.9164,22.7379,33.7054,1.7581,26.758,1.3957,24.6598,1.2863,22.9429,1.1967,21.9951,1.1473,20.84,1.087,23.8304,6.9135,1.8426,0.5346,1.4628,0.4244,1.3481,0.3911,1.2542,0.3639,1.2024,0.3488,1.1393,0.3305,0.0,0.0,0.0,0.0,0.0,0.0,0.0,0.0,0.0,0.0,0.0,0.0,0.0,0.0,0.0,0.0,0.0,0.0,0.0,0.0,0.0,0.0,0.0,0.0,0.0,0.0,0.0,0.0,0.0,0.0,0.0,0.0,0.0,0.0,0.0,0.524,0.5102
128,0.001,3,10,60,32,16,256,184,440338,73,30,VicregLoss,gru,/home/dpetrovitch/dzagcoffee/train_trace/gender/checkpoints_2025-10-08 10:26:11.109161_VicregLoss_gru_catboost/model_128_0.001_3_10_60_256_32_16_256_VicregLoss_gruepoch=21.ckpt,21,30,0.047770184,17.2606,1.6719,0.0003,3.9318,1.6487,1.6481,0.4991,420.2152,22.0461,32.3659,1.698,25.4218,1.3337,23.4269,1.2291,21.7801,1.1427,20.8895,1.0959,19.7874,1.0381,20.7727,6.7502,1.6,0.5199,1.2567,0.4084,1.1581,0.3763,1.0767,0.3499,1.0326,0.3356,0.9782,0.3179,0.0,0.0,0.0,0.0,0.0,0.0,0.0,0.0,0.0,0.0,0.0,0.0,0.0,0.0,0.0,0.0,0.0,0.0,0.0,0.0,0.0,0.0,0.0,0.0,0.0,0.0,0.0,0.0,0.0,0.0,0.0,0.0,0.0,0.0,0.0,0.504,0.514
128,0.001,3,10,60,32,16,256,184,440338,73,30,VicregLoss,gru,/home/dpetrovitch/dzagcoffee/train_trace/gender/checkpoints_2025-10-08 10:26:11.109161_VicregLoss_gru_catboost/model_128_0.001_3_10_60_256_32_16_256_VicregLoss_gruepoch=22.ckpt,22,30,0.048652515,17.4478,1.6734,0.0003,3.9357,1.6721,1.6733,0.4937,430.6523,22.6543,33.5381,1.7643,26.1745,1.3769,24.1206,1.2689,22.4193,1.1794,21.5036,1.1312,20.3891,1.0726,23.6613,5.604,1.8427,0.4364,1.4381,0.3406,1.3253,0.3139,1.2318,0.2917,1.1815,0.2798,1.1202,0.2653,0.0,0.0,0.0,0.0,0.0,0.0,0.0,0.0,0.0,0.0,0.0,0.0,0.0,0.0,0.0,0.0,0.0,0.0,0.0,0.0,0.0,0.0,0.0,0.0,0.0,0.0,0.0,0.0,0.0,0.0,0.0,0.0,0.0,0.0,0.0,0.46,0.461
128,0.001,3,10,60,32,16,256,184,440338,73,30,VicregLoss,gru,/home/dpetrovitch/dzagcoffee/train_trace/gender/checkpoints_2025-10-08 10:26:11.109161_VicregLoss_gru_catboost/model_128_0.001_3_10_60_256_32_16_256_VicregLoss_gruepoch=23.ckpt,23,30,0.04748321,17.226,1.6703,0.0003,3.9095,1.7796,1.7868,0.4863,421.724,21.9433,32.9215,1.713,26.0938,1.3577,23.9928,1.2484,22.3061,1.1606,21.3764,1.1123,20.2539,1.0539,22.5676,6.4797,1.7617,0.5058,1.3963,0.4009,1.2839,0.3686,1.1937,0.3427,1.1439,0.3284,1.0838,0.3112,0.0,0.0,0.0,0.0,0.0,0.0,0.0,0.0,0.0,0.0,0.0,0.0,0.0,0.0,0.0,0.0,0.0,0.0,0.0,0.0,0.0,0.0,0.0,0.0,0.0,0.0,0.0,0.0,0.0,0.0,0.0,0.0,0.0,0.0,0.0,0.508,0.507
128,0.001,3,10,60,32,16,256,184,440338,73,30,VicregLoss,gru,/home/dpetrovitch/dzagcoffee/train_trace/gender/checkpoints_2025-10-08 10:26:11.109161_VicregLoss_gru_catboost/model_128_0.001_3_10_60_256_32_16_256_VicregLoss_gruepoch=24.ckpt,24,30,0.04944062,16.9645,1.6675,0.0003,3.903,1.7587,1.7581,0.4882,417.5645,21.9697,32.6502,1.7179,25.9513,1.3654,23.9162,1.2583,22.2349,1.1699,21.3133,1.1214,20.1476,1.06,21.7606,5.5617,1.7015,0.4349,1.3524,0.3457,1.2464,0.3186,1.1587,0.2962,1.1107,0.2839,1.05,0.2684,0.0,0.0,0.0,0.0,0.0,0.0,0.0,0.0,0.0,0.0,0.0,0.0,0.0,0.0,0.0,0.0,0.0,0.0,0.0,0.0,0.0,0.0,0.0,0.0,0.0,0.0,0.0,0.0,0.0,0.0,0.0,0.0,0.0,0.0,0.0,0.536,0.4997
128,0.001,3,10,60,32,16,256,184,440338,73,30,VicregLoss,gru,/home/dpetrovitch/dzagcoffee/train_trace/gender/checkpoints_2025-10-08 10:26:11.109161_VicregLoss_gru_catboost/model_128_0.001_3_10_60_256_32_16_256_VicregLoss_gruepoch=25.ckpt,25,30,0.04884954,17.0426,1.6713,0.0003,3.9079,1.8581,1.8529,0.4812,416.642,21.7612,32.5653,1.7009,25.6709,1.3408,23.5656,1.2308,21.9181,1.1448,20.9877,1.0962,19.9123,1.04,23.4005,7.5049,1.829,0.5866,1.4418,0.4624,1.3236,0.4245,1.231,0.3948,1.1788,0.378,1.1184,0.3587,0.0,0.0,0.0,0.0,0.0,0.0,0.0,0.0,0.0,0.0,0.0,0.0,0.0,0.0,0.0,0.0,0.0,0.0,0.0,0.0,0.0,0.0,0.0,0.0,0.0,0.0,0.0,0.0,0.0,0.0,0.0,0.0,0.0,0.0,0.0,0.468,0.4715
128,0.001,3,10,60,32,16,256,184,440338,73,30,VicregLoss,gru,/home/dpetrovitch/dzagcoffee/train_trace/gender/checkpoints_2025-10-08 10:26:11.109161_VicregLoss_gru_catboost/model_128_0.001_3_10_60_256_32_16_256_VicregLoss_gruepoch=26.ckpt,26,30,0.04677649,17.2413,1.6734,0.0003,3.9236,1.902,1.9032,0.4804,419.8462,21.8654,34.0042,1.7709,26.7826,1.3948,24.6251,1.2825,22.8078,1.1878,21.8307,1.1369,20.6088,1.0733,21.2556,5.3568,1.7215,0.4339,1.3559,0.3417,1.2467,0.3142,1.1547,0.291,1.1052,0.2785,1.0434,0.2629,0.0,0.0,0.0,0.0,0.0,0.0,0.0,0.0,0.0,0.0,0.0,0.0,0.0,0.0,0.0,0.0,0.0,0.0,0.0,0.0,0.0,0.0,0.0,0.0,0.0,0.0,0.0,0.0,0.0,0.0,0.0,0.0,0.0,0.0,0.0,0.52,0.5047
128,0.001,3,10,60,32,16,256,184,440338,73,30,VicregLoss,gru,/home/dpetrovitch/dzagcoffee/train_trace/gender/checkpoints_2025-10-08 10:26:11.109161_VicregLoss_gru_catboost/model_128_0.001_3_10_60_256_32_16_256_VicregLoss_gruepoch=27.ckpt,27,30,0.049423486,16.5875,1.6649,0.0003,3.9166,1.749,1.751,0.4876,412.5605,21.3802,33.1075,1.7157,26.1126,1.3532,24.0317,1.2454,22.2096,1.151,21.2051,1.0989,19.9785,1.0353,22.8449,5.9412,1.8333,0.4768,1.4459,0.376,1.3307,0.3461,1.2298,0.3198,1.1742,0.3054,1.1063,0.2877,0.0,0.0,0.0,0.0,0.0,0.0,0.0,0.0,0.0,0.0,0.0,0.0,0.0,0.0,0.0,0.0,0.0,0.0,0.0,0.0,0.0,0.0,0.0,0.0,0.0,0.0,0.0,0.0,0.0,0.0,0.0,0.0,0.0,0.0,0.0,0.476,0.4657
128,0.001,3,10,60,32,16,256,184,440338,73,30,VicregLoss,gru,/home/dpetrovitch/dzagcoffee/train_trace/gender/checkpoints_2025-10-08 10:26:11.109161_VicregLoss_gru_catboost/model_128_0.001_3_10_60_256_32_16_256_VicregLoss_gruepoch=28.ckpt,28,30,0.04722622,16.3398,1.6728,0.0003,3.9189,1.9484,1.9477,0.4818,407.6074,21.2826,31.4789,1.6436,25.1147,1.3113,23.196,1.2111,21.6339,1.1296,20.7767,1.0848,19.7227,1.0298,21.2395,6.875,1.6403,0.5309,1.3087,0.4236,1.2087,0.3912,1.1273,0.3649,1.0826,0.3504,1.0277,0.3327,0.0,0.0,0.0,0.0,0.0,0.0,0.0,0.0,0.0,0.0,0.0,0.0,0.0,0.0,0.0,0.0,0.0,0.0,0.0,0.0,0.0,0.0,0.0,0.0,0.0,0.0,0.0,0.0,0.0,0.0,0.0,0.0,0.0,0.0,0.0,0.504,0.468
128,0.001,3,10,60,32,16,256,184,440338,73,30,VicregLoss,gru,/home/dpetrovitch/dzagcoffee/train_trace/gender/checkpoints_2025-10-08 10:26:11.109161_VicregLoss_gru_catboost/model_128_0.001_3_10_60_256_32_16_256_VicregLoss_gruepoch=29.ckpt,29,30,0.04695638,16.5858,1.6739,0.0003,3.9355,1.798,1.7946,0.485,405.6644,21.2428,32.998,1.728,26.061,1.3647,23.9456,1.2539,22.1484,1.1598,21.1557,1.1078,19.9313,1.0437,19.6579,5.7711,1.599,0.4694,1.2629,0.3708,1.1604,0.3407,1.0733,0.3151,1.0252,0.301,0.9658,0.2836,0.0,0.0,0.0,0.0,0.0,0.0,0.0,0.0,0.0,0.0,0.0,0.0,0.0,0.0,0.0,0.0,0.0,0.0,0.0,0.0,0.0,0.0,0.0,0.0,0.0,0.0,0.0,0.0,0.0,0.0,0.0,0.0,0.0,0.0,0.0,0.52,0.506
128,0.001,3,10,80,32,16,256,184,440338,73,30,VicregLoss,gru,/home/dpetrovitch/dzagcoffee/train_trace/gender/checkpoints_2025-10-08 10:26:11.109161_VicregLoss_gru_catboost/model_128_0.001_3_10_80_256_32_16_256_VicregLoss_gruepoch=00.ckpt,0,30,0.053569596,27.2595,1.6718,0.0003,4.2421,1.2101,1.2121,0.6412,588.932,30.2168,57.9215,2.9718,38.7703,1.9892,34.8592,1.7885,32.0194,1.6428,30.6884,1.5746,29.0898,1.4925,25.2874,3.1632,2.487,0.3111,1.6647,0.2082,1.4968,0.1872,1.3748,0.172,1.3177,0.1648,1.2491,0.1562,0.0,0.0,0.0,0.0,0.0,0.0,0.0,0.0,0.0,0.0,0.0,0.0,0.0,0.0,0.0,0.0,0.0,0.0,0.0,0.0,0.0,0.0,0.0,0.0,0.0,0.0,0.0,0.0,0.0,0.0,0.0,0.0,0.0,0.0,0.0,0.524,0.5577
128,0.001,3,10,80,32,16,256,184,440338,73,30,VicregLoss,gru,/home/dpetrovitch/dzagcoffee/train_trace/gender/checkpoints_2025-10-08 10:26:11.109161_VicregLoss_gru_catboost/model_128_0.001_3_10_80_256_32_16_256_VicregLoss_gruepoch=01.ckpt,1,30,0.053548176,28.9788,1.6635,0.0004,4.0712,1.3905,1.387,0.5248,609.6081,30.824,53.9529,2.728,40.7117,2.0585,36.5463,1.8479,33.1018,1.6737,31.4275,1.5891,29.4918,1.4912,23.0067,3.981,2.0362,0.3523,1.5365,0.2659,1.3793,0.2387,1.2493,0.2162,1.1861,0.2052,1.113,0.1926,0.0,0.0,0.0,0.0,0.0,0.0,0.0,0.0,0.0,0.0,0.0,0.0,0.0,0.0,0.0,0.0,0.0,0.0,0.0,0.0,0.0,0.0,0.0,0.0,0.0,0.0,0.0,0.0,0.0,0.0,0.0,0.0,0.0,0.0,0.0,0.552,0.54
128,0.001,3,10,80,32,16,256,184,440338,73,30,VicregLoss,gru,/home/dpetrovitch/dzagcoffee/train_trace/gender/checkpoints_2025-10-08 10:26:11.109161_VicregLoss_gru_catboost/model_128_0.001_3_10_80_256_32_16_256_VicregLoss_gruepoch=02.ckpt,2,30,0.05535567,27.9116,1.6646,0.0004,4.0258,1.3786,1.3913,0.5345,596.9266,30.177,51.6245,2.6098,38.7338,1.9581,34.9623,1.7675,31.8757,1.6114,30.3176,1.5327,28.4679,1.4392,23.7455,4.5354,2.0536,0.3922,1.5408,0.2943,1.3908,0.2656,1.268,0.2422,1.206,0.2304,1.1324,0.2163,0.0,0.0,0.0,0.0,0.0,0.0,0.0,0.0,0.0,0.0,0.0,0.0,0.0,0.0,0.0,0.0,0.0,0.0,0.0,0.0,0.0,0.0,0.0,0.0,0.0,0.0,0.0,0.0,0.0,0.0,0.0,0.0,0.0,0.0,0.0,0.54,0.536
128,0.001,3,10,80,32,16,256,184,440338,73,30,VicregLoss,gru,/home/dpetrovitch/dzagcoffee/train_trace/gender/checkpoints_2025-10-08 10:26:11.109161_VicregLoss_gru_catboost/model_128_0.001_3_10_80_256_32_16_256_VicregLoss_gruepoch=03.ckpt,3,30,0.048652515,26.1557,1.6687,0.0003,4.0047,1.2745,1.2731,0.5981,586.8128,30.0631,49.1111,2.516,34.5333,1.7692,31.4974,1.6136,29.2158,1.4968,28.059,1.4375,26.7235,1.3691,26.1746,4.8619,2.1906,0.4069,1.5403,0.2861,1.4049,0.261,1.3032,0.2421,1.2516,0.2325,1.192,0.2214,0.0,0.0,0.0,0.0,0.0,0.0,0.0,0.0,0.0,0.0,0.0,0.0,0.0,0.0,0.0,0.0,0.0,0.0,0.0,0.0,0.0,0.0,0.0,0.0,0.0,0.0,0.0,0.0,0.0,0.0,0.0,0.0,0.0,0.0,0.0,0.484,0.4966
128,0.001,3,10,80,32,16,256,184,440338,73,30,VicregLoss,gru,/home/dpetrovitch/dzagcoffee/train_trace/gender/checkpoints_2025-10-08 10:26:11.109161_VicregLoss_gru_catboost/model_128_0.001_3_10_80_256_32_16_256_VicregLoss_gruepoch=04.ckpt,4,30,0.057857048,28.5407,1.6092,0.0005,3.9217,1.5458,1.551,0.4896,603.1114,30.4042,54.2,2.7323,41.8698,2.1107,37.7315,1.9021,34.1394,1.721,32.2191,1.6242,30.048,1.5148,31.6208,4.0635,2.8417,0.3652,2.1952,0.2821,1.9782,0.2542,1.7899,0.23,1.6892,0.2171,1.5754,0.2025,0.0,0.0,0.0,0.0,0.0,0.0,0.0,0.0,0.0,0.0,0.0,0.0,0.0,0.0,0.0,0.0,0.0,0.0,0.0,0.0,0.0,0.0,0.0,0.0,0.0,0.0,0.0,0.0,0.0,0.0,0.0,0.0,0.0,0.0,0.0,0.556,0.5222
128,0.001,3,10,80,32,16,256,184,440338,73,30,VicregLoss,gru,/home/dpetrovitch/dzagcoffee/train_trace/gender/checkpoints_2025-10-08 10:26:11.109161_VicregLoss_gru_catboost/model_128_0.001_3_10_80_256_32_16_256_VicregLoss_gruepoch=05.ckpt,5,30,0.051539373,27.0494,1.6624,0.0004,3.8679,1.6422,1.6514,0.4845,582.641,29.6041,46.8601,2.381,36.8915,1.8745,33.6504,1.7098,30.7777,1.5638,29.3072,1.4891,27.4627,1.3954,24.8618,5.1078,1.9996,0.4108,1.5742,0.3234,1.4359,0.295,1.3133,0.2698,1.2506,0.2569,1.1719,0.2408,0.0,0.0,0.0,0.0,0.0,0.0,0.0,0.0,0.0,0.0,0.0,0.0,0.0,0.0,0.0,0.0,0.0,0.0,0.0,0.0,0.0,0.0,0.0,0.0,0.0,0.0,0.0,0.0,0.0,0.0,0.0,0.0,0.0,0.0,0.0,0.536,0.5247
128,0.001,3,10,80,32,16,256,184,440338,73,30,VicregLoss,gru,/home/dpetrovitch/dzagcoffee/train_trace/gender/checkpoints_2025-10-08 10:26:11.109161_VicregLoss_gru_catboost/model_128_0.001_3_10_80_256_32_16_256_VicregLoss_gruepoch=06.ckpt,6,30,0.05226751,26.7515,1.663,0.0004,3.8813,1.5112,1.5085,0.509,585.5885,29.8266,47.4344,2.416,36.3344,1.8507,33.2468,1.6934,30.6723,1.5623,29.3031,1.4925,27.6325,1.4074,27.8091,5.0185,2.2526,0.4065,1.7255,0.3114,1.5789,0.2849,1.4566,0.2629,1.3916,0.2511,1.3122,0.2368,0.0,0.0,0.0,0.0,0.0,0.0,0.0,0.0,0.0,0.0,0.0,0.0,0.0,0.0,0.0,0.0,0.0,0.0,0.0,0.0,0.0,0.0,0.0,0.0,0.0,0.0,0.0,0.0,0.0,0.0,0.0,0.0,0.0,0.0,0.0,0.56,0.5242
128,0.001,3,10,80,32,16,256,184,440338,73,30,VicregLoss,gru,/home/dpetrovitch/dzagcoffee/train_trace/gender/checkpoints_2025-10-08 10:26:11.109161_VicregLoss_gru_catboost/model_128_0.001_3_10_80_256_32_16_256_VicregLoss_gruepoch=07.ckpt,7,30,0.050031696,27.2769,1.6666,0.0004,3.9599,1.4051,1.4023,0.5435,585.0613,29.875,50.6014,2.5839,37.0427,1.8915,33.5896,1.7152,30.8684,1.5762,29.5196,1.5074,27.947,1.4271,27.2403,4.4542,2.356,0.3852,1.7247,0.282,1.5639,0.2557,1.4372,0.235,1.3744,0.2247,1.3012,0.2128,0.0,0.0,0.0,0.0,0.0,0.0,0.0,0.0,0.0,0.0,0.0,0.0,0.0,0.0,0.0,0.0,0.0,0.0,0.0,0.0,0.0,0.0,0.0,0.0,0.0,0.0,0.0,0.0,0.0,0.0,0.0,0.0,0.0,0.0,0.0,0.492,0.4816
128,0.001,3,10,80,32,16,256,184,440338,73,30,VicregLoss,gru,/home/dpetrovitch/dzagcoffee/train_trace/gender/checkpoints_2025-10-08 10:26:11.109161_VicregLoss_gru_catboost/model_128_0.001_3_10_80_256_32_16_256_VicregLoss_gruepoch=08.ckpt,8,30,0.059938665,25.7197,1.6643,0.0004,3.8662,1.5796,1.5766,0.5003,563.5978,28.6376,44.602,2.2663,34.7354,1.765,31.8733,1.6196,29.448,1.4963,28.1567,1.4307,26.596,1.3514,25.3147,5.688,2.0034,0.4501,1.5602,0.3506,1.4316,0.3217,1.3227,0.2972,1.2647,0.2842,1.1946,0.2684,0.0,0.0,0.0,0.0,0.0,0.0,0.0,0.0,0.0,0.0,0.0,0.0,0.0,0.0,0.0,0.0,0.0,0.0,0.0,0.0,0.0,0.0,0.0,0.0,0.0,0.0,0.0,0.0,0.0,0.0,0.0,0.0,0.0,0.0,0.0,0.476,0.4513
128,0.001,3,10,80,32,16,256,184,440338,73,30,VicregLoss,gru,/home/dpetrovitch/dzagcoffee/train_trace/gender/checkpoints_2025-10-08 10:26:11.109161_VicregLoss_gru_catboost/model_128_0.001_3_10_80_256_32_16_256_VicregLoss_gruepoch=09.ckpt,9,30,0.053792316,24.5309,1.668,0.0004,3.8584,1.667,1.6553,0.4949,549.4334,28.1221,41.5286,2.1256,32.9913,1.6886,30.4971,1.561,28.3933,1.4533,27.2595,1.3952,25.8033,1.3207,23.2645,5.4142,1.7584,0.4092,1.3969,0.3251,1.2913,0.3005,1.2022,0.2798,1.1542,0.2686,1.0926,0.2543,0.0,0.0,0.0,0.0,0.0,0.0,0.0,0.0,0.0,0.0,0.0,0.0,0.0,0.0,0.0,0.0,0.0,0.0,0.0,0.0,0.0,0.0,0.0,0.0,0.0,0.0,0.0,0.0,0.0,0.0,0.0,0.0,0.0,0.0,0.0,0.544,0.533
128,0.001,3,10,80,32,16,256,184,440338,73,30,VicregLoss,gru,/home/dpetrovitch/dzagcoffee/train_trace/gender/checkpoints_2025-10-08 10:26:11.109161_VicregLoss_gru_catboost/model_128_0.001_3_10_80_256_32_16_256_VicregLoss_gruepoch=10.ckpt,10,30,0.057210285,24.7277,1.66,0.0004,3.8621,1.6897,1.6868,0.4873,549.2648,27.906,43.975,2.2342,34.6087,1.7583,31.762,1.6137,29.2862,1.4879,27.9696,1.421,26.4031,1.3414,22.0066,3.8261,1.7619,0.3063,1.3866,0.2411,1.2726,0.2213,1.1734,0.204,1.1206,0.1948,1.0579,0.1839,0.0,0.0,0.0,0.0,0.0,0.0,0.0,0.0,0.0,0.0,0.0,0.0,0.0,0.0,0.0,0.0,0.0,0.0,0.0,0.0,0.0,0.0,0.0,0.0,0.0,0.0,0.0,0.0,0.0,0.0,0.0,0.0,0.0,0.0,0.0,0.472,0.4772
128,0.001,3,10,80,32,16,256,184,440338,73,30,VicregLoss,gru,/home/dpetrovitch/dzagcoffee/train_trace/gender/checkpoints_2025-10-08 10:26:11.109161_VicregLoss_gru_catboost/model_128_0.001_3_10_80_256_32_16_256_VicregLoss_gruepoch=11.ckpt,11,30,0.05147941,24.4525,1.6642,0.0005,3.838,1.7813,1.7509,0.4795,543.0666,27.6169,43.2667,2.2003,34.1526,1.7368,31.336,1.5935,28.9541,1.4724,27.6669,1.407,26.0591,1.3252,24.4284,5.8523,1.9462,0.4663,1.5363,0.368,1.4096,0.3377,1.3024,0.312,1.2445,0.2982,1.1722,0.2808,0.0,0.0,0.0,0.0,0.0,0.0,0.0,0.0,0.0,0.0,0.0,0.0,0.0,0.0,0.0,0.0,0.0,0.0,0.0,0.0,0.0,0.0,0.0,0.0,0.0,0.0,0.0,0.0,0.0,0.0,0.0,0.0,0.0,0.0,0.0,0.496,0.5048
128,0.001,3,10,80,32,16,256,184,440338,73,30,VicregLoss,gru,/home/dpetrovitch/dzagcoffee/train_trace/gender/checkpoints_2025-10-08 10:26:11.109161_VicregLoss_gru_catboost/model_128_0.001_3_10_80_256_32_16_256_VicregLoss_gruepoch=12.ckpt,12,30,0.0581997,23.4429,1.6616,0.0004,3.8282,1.8092,1.7877,0.4809,526.8941,26.8041,41.3682,2.1045,32.7796,1.6676,30.2083,1.5368,28.0188,1.4254,26.7642,1.3615,25.2678,1.2854,25.2189,5.9911,1.98,0.4704,1.5689,0.3727,1.4459,0.3435,1.3411,0.3186,1.281,0.3043,1.2094,0.2873,0.0,0.0,0.0,0.0,0.0,0.0,0.0,0.0,0.0,0.0,0.0,0.0,0.0,0.0,0.0,0.0,0.0,0.0,0.0,0.0,0.0,0.0,0.0,0.0,0.0,0.0,0.0,0.0,0.0,0.0,0.0,0.0,0.0,0.0,0.0,0.536,0.5045
128,0.001,3,10,80,32,16,256,184,440338,73,30,VicregLoss,gru,/home/dpetrovitch/dzagcoffee/train_trace/gender/checkpoints_2025-10-08 10:26:11.109161_VicregLoss_gru_catboost/model_128_0.001_3_10_80_256_32_16_256_VicregLoss_gruepoch=13.ckpt,13,30,0.057617188,22.1702,1.6611,0.0004,3.8303,1.7537,1.7611,0.4832,503.8272,25.8332,38.1896,1.9581,30.4065,1.5591,28.0733,1.4394,26.0469,1.3355,24.9376,1.2786,23.5747,1.2088,22.8312,5.3771,1.7306,0.4076,1.3779,0.3245,1.2722,0.2996,1.1803,0.278,1.1301,0.2661,1.0683,0.2516,0.0,0.0,0.0,0.0,0.0,0.0,0.0,0.0,0.0,0.0,0.0,0.0,0.0,0.0,0.0,0.0,0.0,0.0,0.0,0.0,0.0,0.0,0.0,0.0,0.0,0.0,0.0,0.0,0.0,0.0,0.0,0.0,0.0,0.0,0.0,0.496,0.4794
128,0.001,3,10,80,32,16,256,184,440338,73,30,VicregLoss,gru,/home/dpetrovitch/dzagcoffee/train_trace/gender/checkpoints_2025-10-08 10:26:11.109161_VicregLoss_gru_catboost/model_128_0.001_3_10_80_256_32_16_256_VicregLoss_gruepoch=14.ckpt,14,30,0.056906182,23.2123,1.6671,0.0004,3.8213,1.8731,1.867,0.4754,513.2152,26.0662,41.1858,2.0918,32.8696,1.6694,30.2827,1.5381,27.9727,1.4207,26.571,1.3495,24.8876,1.264,25.6823,6.5728,2.061,0.5275,1.6449,0.421,1.5154,0.3878,1.3998,0.3582,1.3297,0.3403,1.2454,0.3187,0.0,0.0,0.0,0.0,0.0,0.0,0.0,0.0,0.0,0.0,0.0,0.0,0.0,0.0,0.0,0.0,0.0,0.0,0.0,0.0,0.0,0.0,0.0,0.0,0.0,0.0,0.0,0.0,0.0,0.0,0.0,0.0,0.0,0.0,0.0,0.536,0.5116
128,0.001,3,10,80,32,16,256,184,440338,73,30,VicregLoss,gru,/home/dpetrovitch/dzagcoffee/train_trace/gender/checkpoints_2025-10-08 10:26:11.109161_VicregLoss_gru_catboost/model_128_0.001_3_10_80_256_32_16_256_VicregLoss_gruepoch=15.ckpt,15,30,0.053406835,22.3462,1.6503,0.0004,3.8233,1.7748,1.7732,0.4814,503.8817,25.7555,39.4815,2.0181,31.4263,1.6063,29.0563,1.4852,26.9388,1.377,25.6953,1.3134,24.1342,1.2336,21.8693,4.5834,1.7136,0.3591,1.364,0.2859,1.2611,0.2643,1.1692,0.245,1.1152,0.2337,1.0475,0.2195,0.0,0.0,0.0,0.0,0.0,0.0,0.0,0.0,0.0,0.0,0.0,0.0,0.0,0.0,0.0,0.0,0.0,0.0,0.0,0.0,0.0,0.0,0.0,0.0,0.0,0.0,0.0,0.0,0.0,0.0,0.0,0.0,0.0,0.0,0.0,0.568,0.5417
128,0.001,3,10,80,32,16,256,184,440338,73,30,VicregLoss,gru,/home/dpetrovitch/dzagcoffee/train_trace/gender/checkpoints_2025-10-08 10:26:11.109161_VicregLoss_gru_catboost/model_128_0.001_3_10_80_256_32_16_256_VicregLoss_gruepoch=16.ckpt,16,30,0.05916341,22.6507,1.6665,0.0004,3.8527,1.649,1.6426,0.4972,509.496,25.9312,40.6302,2.0679,32.1776,1.6377,29.5825,1.5056,27.3585,1.3924,26.1371,1.3303,24.6487,1.2545,23.5045,6.0803,1.8744,0.4849,1.4844,0.384,1.3647,0.353,1.2621,0.3265,1.2058,0.3119,1.1371,0.2942,0.0,0.0,0.0,0.0,0.0,0.0,0.0,0.0,0.0,0.0,0.0,0.0,0.0,0.0,0.0,0.0,0.0,0.0,0.0,0.0,0.0,0.0,0.0,0.0,0.0,0.0,0.0,0.0,0.0,0.0,0.0,0.0,0.0,0.0,0.0,0.56,0.534
128,0.001,3,10,80,32,16,256,184,440338,73,30,VicregLoss,gru,/home/dpetrovitch/dzagcoffee/train_trace/gender/checkpoints_2025-10-08 10:26:11.109161_VicregLoss_gru_catboost/model_128_0.001_3_10_80_256_32_16_256_VicregLoss_gruepoch=17.ckpt,17,30,0.055124383,21.7451,1.6567,0.0004,3.8256,1.8045,1.7846,0.4818,494.8436,25.1759,38.1851,1.9427,30.3498,1.5441,28.0091,1.425,26.0762,1.3267,24.9717,1.2705,23.5913,1.2002,21.9255,6.1954,1.6919,0.4781,1.3447,0.38,1.241,0.3507,1.1554,0.3265,1.1064,0.3126,1.0453,0.2954,0.0,0.0,0.0,0.0,0.0,0.0,0.0,0.0,0.0,0.0,0.0,0.0,0.0,0.0,0.0,0.0,0.0,0.0,0.0,0.0,0.0,0.0,0.0,0.0,0.0,0.0,0.0,0.0,0.0,0.0,0.0,0.0,0.0,0.0,0.0,0.476,0.4859
128,0.001,3,10,80,32,16,256,184,440338,73,30,VicregLoss,gru,/home/dpetrovitch/dzagcoffee/train_trace/gender/checkpoints_2025-10-08 10:26:11.109161_VicregLoss_gru_catboost/model_128_0.001_3_10_80_256_32_16_256_VicregLoss_gruepoch=18.ckpt,18,30,0.0635922,21.5796,1.6598,0.0004,3.8214,1.9192,1.9182,0.4763,492.8892,25.0901,38.4768,1.9586,30.7632,1.566,28.4387,1.4476,26.4567,1.3468,25.321,1.2889,23.9196,1.2176,23.4309,5.9429,1.8291,0.4639,1.4624,0.3709,1.3519,0.3429,1.2577,0.319,1.2037,0.3053,1.1371,0.2884,0.0,0.0,0.0,0.0,0.0,0.0,0.0,0.0,0.0,0.0,0.0,0.0,0.0,0.0,0.0,0.0,0.0,0.0,0.0,0.0,0.0,0.0,0.0,0.0,0.0,0.0,0.0,0.0,0.0,0.0,0.0,0.0,0.0,0.0,0.0,0.516,0.5194
128,0.001,3,10,80,32,16,256,184,440338,73,30,VicregLoss,gru,/home/dpetrovitch/dzagcoffee/train_trace/gender/checkpoints_2025-10-08 10:26:11.109161_VicregLoss_gru_catboost/model_128_0.001_3_10_80_256_32_16_256_VicregLoss_gruepoch=19.ckpt,19,30,0.059733074,21.4892,1.6662,0.0004,3.8634,1.6537,1.6593,0.4933,487.9984,24.8984,40.3927,2.0609,31.6346,1.614,28.9435,1.4767,26.7194,1.3633,25.4633,1.2992,23.9183,1.2203,22.301,4.5818,1.8459,0.3792,1.4457,0.297,1.3227,0.2717,1.221,0.2509,1.1636,0.2391,1.093,0.2246,0.0,0.0,0.0,0.0,0.0,0.0,0.0,0.0,0.0,0.0,0.0,0.0,0.0,0.0,0.0,0.0,0.0,0.0,0.0,0.0,0.0,0.0,0.0,0.0,0.0,0.0,0.0,0.0,0.0,0.0,0.0,0.0,0.0,0.0,0.0,0.552,0.5382
128,0.001,3,10,80,32,16,256,184,440338,73,30,VicregLoss,gru,/home/dpetrovitch/dzagcoffee/train_trace/gender/checkpoints_2025-10-08 10:26:11.109161_VicregLoss_gru_catboost/model_128_0.001_3_10_80_256_32_16_256_VicregLoss_gruepoch=20.ckpt,20,30,0.05951035,20.9658,1.6673,0.0004,3.8426,2.0113,1.9743,0.4744,483.1372,24.77,39.1706,2.0082,31.199,1.5995,28.7535,1.4742,26.6213,1.3649,25.4031,1.3024,23.8832,1.2245,20.4384,5.0817,1.657,0.412,1.3198,0.3282,1.2164,0.3024,1.1262,0.28,1.0746,0.2672,1.0103,0.2512,0.0,0.0,0.0,0.0,0.0,0.0,0.0,0.0,0.0,0.0,0.0,0.0,0.0,0.0,0.0,0.0,0.0,0.0,0.0,0.0,0.0,0.0,0.0,0.0,0.0,0.0,0.0,0.0,0.0,0.0,0.0,0.0,0.0,0.0,0.0,0.532,0.515
128,0.001,3,10,80,32,16,256,184,440338,73,30,VicregLoss,gru,/home/dpetrovitch/dzagcoffee/train_trace/gender/checkpoints_2025-10-08 10:26:11.109161_VicregLoss_gru_catboost/model_128_0.001_3_10_80_256_32_16_256_VicregLoss_gruepoch=21.ckpt,21,30,0.0620674,20.2909,1.6681,0.0004,3.8512,1.6465,1.6459,0.4973,465.5352,23.8348,36.6423,1.876,29.0878,1.4893,26.7127,1.3677,24.7815,1.2688,23.6902,1.2129,22.3098,1.1422,22.3245,6.2199,1.7572,0.4896,1.3949,0.3886,1.281,0.3569,1.1884,0.3311,1.1361,0.3165,1.0699,0.2981,0.0,0.0,0.0,0.0,0.0,0.0,0.0,0.0,0.0,0.0,0.0,0.0,0.0,0.0,0.0,0.0,0.0,0.0,0.0,0.0,0.0,0.0,0.0,0.0,0.0,0.0,0.0,0.0,0.0,0.0,0.0,0.0,0.0,0.0,0.0,0.504,0.5134
128,0.001,3,10,80,32,16,256,184,440338,73,30,VicregLoss,gru,/home/dpetrovitch/dzagcoffee/train_trace/gender/checkpoints_2025-10-08 10:26:11.109161_VicregLoss_gru_catboost/model_128_0.001_3_10_80_256_32_16_256_VicregLoss_gruepoch=22.ckpt,22,30,0.060709637,19.9731,1.6573,0.0004,3.8386,1.8547,1.8549,0.4819,461.978,23.6275,36.9598,1.8903,29.2864,1.4978,27.0979,1.3859,25.1146,1.2845,24.0261,1.2288,22.6442,1.1581,24.6393,5.7103,1.9712,0.4568,1.562,0.362,1.4452,0.3349,1.3395,0.3104,1.2814,0.297,1.2077,0.2799,0.0,0.0,0.0,0.0,0.0,0.0,0.0,0.0,0.0,0.0,0.0,0.0,0.0,0.0,0.0,0.0,0.0,0.0,0.0,0.0,0.0,0.0,0.0,0.0,0.0,0.0,0.0,0.0,0.0,0.0,0.0,0.0,0.0,0.0,0.0,0.528,0.4991
128,0.001,3,10,80,32,16,256,184,440338,73,30,VicregLoss,gru,/home/dpetrovitch/dzagcoffee/train_trace/gender/checkpoints_2025-10-08 10:26:11.109161_VicregLoss_gru_catboost/model_128_0.001_3_10_80_256_32_16_256_VicregLoss_gruepoch=23.ckpt,23,30,0.059848715,20.1771,1.6669,0.0004,3.8434,1.8178,1.8078,0.4802,465.0086,23.7581,37.2168,1.9015,29.6044,1.5125,27.2836,1.394,25.3235,1.2938,24.156,1.2342,22.7734,1.1635,21.7251,6.1202,1.7388,0.4898,1.3831,0.3896,1.2747,0.3591,1.1831,0.3333,1.1286,0.3179,1.064,0.2997,0.0,0.0,0.0,0.0,0.0,0.0,0.0,0.0,0.0,0.0,0.0,0.0,0.0,0.0,0.0,0.0,0.0,0.0,0.0,0.0,0.0,0.0,0.0,0.0,0.0,0.0,0.0,0.0,0.0,0.0,0.0,0.0,0.0,0.0,0.0,0.496,0.4949
128,0.001,3,10,80,32,16,256,184,440338,73,30,VicregLoss,gru,/home/dpetrovitch/dzagcoffee/train_trace/gender/checkpoints_2025-10-08 10:26:11.109161_VicregLoss_gru_catboost/model_128_0.001_3_10_80_256_32_16_256_VicregLoss_gruepoch=24.ckpt,24,30,0.055972453,19.8546,1.6671,0.0004,3.8417,1.8555,1.8541,0.4806,456.988,23.3721,36.7633,1.8802,29.1071,1.4886,26.9142,1.3765,24.9687,1.277,23.8831,1.2215,22.4984,1.1507,20.0065,5.4552,1.6095,0.4389,1.2743,0.3475,1.1783,0.3213,1.0931,0.2981,1.0456,0.2851,0.985,0.2686,0.0,0.0,0.0,0.0,0.0,0.0,0.0,0.0,0.0,0.0,0.0,0.0,0.0,0.0,0.0,0.0,0.0,0.0,0.0,0.0,0.0,0.0,0.0,0.0,0.0,0.0,0.0,0.0,0.0,0.0,0.0,0.0,0.0,0.0,0.0,0.5,0.5281
128,0.001,3,10,80,32,16,256,184,440338,73,30,VicregLoss,gru,/home/dpetrovitch/dzagcoffee/train_trace/gender/checkpoints_2025-10-08 10:26:11.109161_VicregLoss_gru_catboost/model_128_0.001_3_10_80_256_32_16_256_VicregLoss_gruepoch=25.ckpt,25,30,0.0533897,19.6242,1.6702,0.0004,3.8485,1.7999,1.8287,0.4802,452.5164,23.3416,36.6313,1.8895,29.0711,1.4995,26.7374,1.3792,24.7393,1.2761,23.6093,1.2178,22.2456,1.1475,21.6188,5.8526,1.75,0.4738,1.3889,0.376,1.2774,0.3458,1.1819,0.32,1.1279,0.3053,1.0628,0.2877,0.0,0.0,0.0,0.0,0.0,0.0,0.0,0.0,0.0,0.0,0.0,0.0,0.0,0.0,0.0,0.0,0.0,0.0,0.0,0.0,0.0,0.0,0.0,0.0,0.0,0.0,0.0,0.0,0.0,0.0,0.0,0.0,0.0,0.0,0.0,0.516,0.4939
128,0.001,3,10,80,32,16,256,184,440338,73,30,VicregLoss,gru,/home/dpetrovitch/dzagcoffee/train_trace/gender/checkpoints_2025-10-08 10:26:11.109161_VicregLoss_gru_catboost/model_128_0.001_3_10_80_256_32_16_256_VicregLoss_gruepoch=26.ckpt,26,30,0.059099164,19.2863,1.6648,0.0003,3.8476,1.7475,1.7227,0.4874,449.4262,23.0544,37.2311,1.9099,29.0444,1.4899,26.6398,1.3666,24.6433,1.2641,23.5392,1.2075,22.2153,1.1396,21.9585,4.7502,1.8191,0.3935,1.4191,0.307,1.3016,0.2816,1.204,0.2605,1.1501,0.2488,1.0854,0.2348,0.0,0.0,0.0,0.0,0.0,0.0,0.0,0.0,0.0,0.0,0.0,0.0,0.0,0.0,0.0,0.0,0.0,0.0,0.0,0.0,0.0,0.0,0.0,0.0,0.0,0.0,0.0,0.0,0.0,0.0,0.0,0.0,0.0,0.0,0.0,0.536,0.483
128,0.001,3,10,80,32,16,256,184,440338,73,30,VicregLoss,gru,/home/dpetrovitch/dzagcoffee/train_trace/gender/checkpoints_2025-10-08 10:26:11.109161_VicregLoss_gru_catboost/model_128_0.001_3_10_80_256_32_16_256_VicregLoss_gruepoch=27.ckpt,27,30,0.05851237,19.6058,1.6699,0.0004,3.8546,1.7616,1.7696,0.4815,447.542,23.0074,36.9185,1.8979,29.0607,1.494,26.7241,1.3738,24.6856,1.269,23.6119,1.2139,22.2773,1.1452,21.969,5.0567,1.8123,0.4171,1.4265,0.3284,1.3118,0.302,1.2118,0.2789,1.1591,0.2668,1.0935,0.2517,0.0,0.0,0.0,0.0,0.0,0.0,0.0,0.0,0.0,0.0,0.0,0.0,0.0,0.0,0.0,0.0,0.0,0.0,0.0,0.0,0.0,0.0,0.0,0.0,0.0,0.0,0.0,0.0,0.0,0.0,0.0,0.0,0.0,0.0,0.0,0.504,0.5042
128,0.001,3,10,80,32,16,256,184,440338,73,30,VicregLoss,gru,/home/dpetrovitch/dzagcoffee/train_trace/gender/checkpoints_2025-10-08 10:26:11.109161_VicregLoss_gru_catboost/model_128_0.001_3_10_80_256_32_16_256_VicregLoss_gruepoch=28.ckpt,28,30,0.056927595,19.7783,1.6666,0.0004,3.8435,1.85,1.8581,0.4796,453.6525,23.1078,38.2822,1.95,30.2403,1.5404,27.7087,1.4114,25.5091,1.2994,24.284,1.237,22.8194,1.1624,25.104,5.5741,2.1184,0.4704,1.6734,0.3716,1.5333,0.3405,1.4116,0.3134,1.3438,0.2984,1.2628,0.2804,0.0,0.0,0.0,0.0,0.0,0.0,0.0,0.0,0.0,0.0,0.0,0.0,0.0,0.0,0.0,0.0,0.0,0.0,0.0,0.0,0.0,0.0,0.0,0.0,0.0,0.0,0.0,0.0,0.0,0.0,0.0,0.0,0.0,0.0,0.0,0.524,0.5053
128,0.001,3,10,80,32,16,256,184,440338,73,30,VicregLoss,gru,/home/dpetrovitch/dzagcoffee/train_trace/gender/checkpoints_2025-10-08 10:26:11.109161_VicregLoss_gru_catboost/model_128_0.001_3_10_80_256_32_16_256_VicregLoss_gruepoch=29.ckpt,29,30,0.05920196,19.7108,1.6701,0.0004,3.8547,1.9056,1.9101,0.4795,447.6854,22.8838,37.5943,1.9217,29.7595,1.5212,27.2395,1.3924,25.0961,1.2828,23.9485,1.2242,22.5067,1.1504,24.8458,6.6806,2.0864,0.561,1.6516,0.4441,1.5117,0.4065,1.3928,0.3745,1.3291,0.3574,1.2491,0.3359,0.0,0.0,0.0,0.0,0.0,0.0,0.0,0.0,0.0,0.0,0.0,0.0,0.0,0.0,0.0,0.0,0.0,0.0,0.0,0.0,0.0,0.0,0.0,0.0,0.0,0.0,0.0,0.0,0.0,0.0,0.0,0.0,0.0,0.0,0.0,0.536,0.4979
128,0.001,3,10,100,32,16,256,184,440338,73,30,VicregLoss,gru,/home/dpetrovitch/dzagcoffee/train_trace/gender/checkpoints_2025-10-08 10:26:11.109161_VicregLoss_gru_catboost/model_128_0.001_3_10_100_256_32_16_256_VicregLoss_gruepoch=00.ckpt,0,30,0.052246094,19.2499,1.677,0.0002,4.427,1.0264,1.0239,0.8791,466.1928,24.6647,47.2587,2.5003,25.6929,1.3593,23.3614,1.236,21.9298,1.1602,21.2185,1.1226,20.3641,1.0774,17.2779,1.8784,1.7515,0.1904,0.9522,0.1035,0.8658,0.0941,0.8128,0.0884,0.7864,0.0855,0.7547,0.0821,0.0,0.0,0.0,0.0,0.0,0.0,0.0,0.0,0.0,0.0,0.0,0.0,0.0,0.0,0.0,0.0,0.0,0.0,0.0,0.0,0.0,0.0,0.0,0.0,0.0,0.0,0.0,0.0,0.0,0.0,0.0,0.0,0.0,0.0,0.0,0.552,0.4946
128,0.001,3,10,100,32,16,256,184,440338,73,30,VicregLoss,gru,/home/dpetrovitch/dzagcoffee/train_trace/gender/checkpoints_2025-10-08 10:26:11.109161_VicregLoss_gru_catboost/model_128_0.001_3_10_100_256_32_16_256_VicregLoss_gruepoch=01.ckpt,1,30,0.044926155,41.8518,1.674,0.0005,4.2886,1.3982,1.3881,0.4078,641.0093,31.9816,104.073,5.1925,77.8004,3.8817,66.6763,3.3267,56.3222,2.8101,51.0596,2.5475,44.9923,2.2448,26.6293,2.4784,4.3235,0.4024,3.232,0.3008,2.7699,0.2578,2.3398,0.2178,2.1212,0.1974,1.8691,0.174,0.0,0.0,0.0,0.0,0.0,0.0,0.0,0.0,0.0,0.0,0.0,0.0,0.0,0.0,0.0,0.0,0.0,0.0,0.0,0.0,0.0,0.0,0.0,0.0,0.0,0.0,0.0,0.0,0.0,0.0,0.0,0.0,0.0,0.0,0.0,0.524,0.4964
128,0.001,3,10,100,32,16,256,184,440338,73,30,VicregLoss,gru,/home/dpetrovitch/dzagcoffee/train_trace/gender/checkpoints_2025-10-08 10:26:11.109161_VicregLoss_gru_catboost/model_128_0.001_3_10_100_256_32_16_256_VicregLoss_gruepoch=02.ckpt,2,30,0.040959943,23.9926,1.6725,0.0002,4.3087,1.057,1.0564,0.7479,524.8897,27.3418,57.99,3.0207,33.5288,1.7465,29.0951,1.5156,26.2469,1.3672,24.9468,1.2995,23.5234,1.2253,20.5638,2.0732,2.2719,0.229,1.3136,0.1324,1.1399,0.1149,1.0283,0.1037,0.9773,0.0985,0.9216,0.0929,0.0,0.0,0.0,0.0,0.0,0.0,0.0,0.0,0.0,0.0,0.0,0.0,0.0,0.0,0.0,0.0,0.0,0.0,0.0,0.0,0.0,0.0,0.0,0.0,0.0,0.0,0.0,0.0,0.0,0.0,0.0,0.0,0.0,0.0,0.0,0.54,0.5419
128,0.001,3,10,100,32,16,256,184,440338,73,30,VicregLoss,gru,/home/dpetrovitch/dzagcoffee/train_trace/gender/checkpoints_2025-10-08 10:26:11.109161_VicregLoss_gru_catboost/model_128_0.001_3_10_100_256_32_16_256_VicregLoss_gruepoch=03.ckpt,3,30,0.036081415,6.5165,1.6795,0.0,6.8244,1.0074,1.0096,0.9482,207.3589,18.5295,90.16,8.0567,8.4933,0.759,8.2563,0.7378,8.1393,0.7273,8.0633,0.7205,7.9701,0.7122,4.8922,0.7094,2.1271,0.3085,0.2004,0.0291,0.1948,0.0282,0.192,0.0278,0.1902,0.0276,0.188,0.0273,0.0,0.0,0.0,0.0,0.0,0.0,0.0,0.0,0.0,0.0,0.0,0.0,0.0,0.0,0.0,0.0,0.0,0.0,0.0,0.0,0.0,0.0,0.0,0.0,0.0,0.0,0.0,0.0,0.0,0.0,0.0,0.0,0.0,0.0,0.0,0.556,0.5248
128,0.001,3,10,100,32,16,256,184,440338,73,30,VicregLoss,gru,/home/dpetrovitch/dzagcoffee/train_trace/gender/checkpoints_2025-10-08 10:26:11.109161_VicregLoss_gru_catboost/model_128_0.001_3_10_100_256_32_16_256_VicregLoss_gruepoch=04.ckpt,4,30,0.024529709,14.1288,1.6775,0.0,4.927,1.0522,1.0163,0.8881,348.9756,24.1851,24.9335,1.728,13.7452,0.9526,13.5254,0.9374,13.2908,0.9211,13.1489,0.9113,12.9971,0.9007,9.4596,0.8994,0.6759,0.0643,0.3726,0.0354,0.3666,0.0349,0.3603,0.0343,0.3564,0.0339,0.3523,0.0335,0.0,0.0,0.0,0.0,0.0,0.0,0.0,0.0,0.0,0.0,0.0,0.0,0.0,0.0,0.0,0.0,0.0,0.0,0.0,0.0,0.0,0.0,0.0,0.0,0.0,0.0,0.0,0.0,0.0,0.0,0.0,0.0,0.0,0.0,0.0,0.532,0.4607
128,0.001,3,10,100,32,16,256,184,440338,73,30,VicregLoss,gru,/home/dpetrovitch/dzagcoffee/train_trace/gender/checkpoints_2025-10-08 10:26:11.109161_VicregLoss_gru_catboost/model_128_0.001_3_10_100_256_32_16_256_VicregLoss_gruepoch=05.ckpt,5,30,0.0312757,18.4228,1.6785,0.0,5.3888,1.0637,1.0731,0.7296,448.0358,27.1757,40.9692,2.485,21.2629,1.2897,20.0708,1.2174,18.8094,1.1409,18.3699,1.1142,17.8391,1.082,15.1503,1.9495,1.3854,0.1783,0.719,0.0925,0.6787,0.0873,0.636,0.0818,0.6212,0.0799,0.6032,0.0776,0.0,0.0,0.0,0.0,0.0,0.0,0.0,0.0,0.0,0.0,0.0,0.0,0.0,0.0,0.0,0.0,0.0,0.0,0.0,0.0,0.0,0.0,0.0,0.0,0.0,0.0,0.0,0.0,0.0,0.0,0.0,0.0,0.0,0.0,0.0,0.528,0.5055
128,0.001,3,10,100,32,16,256,184,440338,73,30,VicregLoss,gru,/home/dpetrovitch/dzagcoffee/train_trace/gender/checkpoints_2025-10-08 10:26:11.109161_VicregLoss_gru_catboost/model_128_0.001_3_10_100_256_32_16_256_VicregLoss_gruepoch=06.ckpt,6,30,0.026564213,12.6768,1.6797,0.0,9.7779,1.0748,1.6962,0.8294,414.8072,25.2673,93.8232,5.7151,63.1242,3.8451,50.5172,3.0772,31.6954,1.9307,19.7137,1.2008,17.711,1.0788,12.8002,1.37,2.8952,0.3099,1.9479,0.2085,1.5589,0.1668,0.9781,0.1047,0.6083,0.0651,0.5465,0.0585,0.0,0.0,0.0,0.0,0.0,0.0,0.0,0.0,0.0,0.0,0.0,0.0,0.0,0.0,0.0,0.0,0.0,0.0,0.0,0.0,0.0,0.0,0.0,0.0,0.0,0.0,0.0,0.0,0.0,0.0,0.0,0.0,0.0,0.0,0.0,0.492,0.4472
128,0.001,3,10,100,32,16,256,184,440338,73,30,VicregLoss,gru,/home/dpetrovitch/dzagcoffee/train_trace/gender/checkpoints_2025-10-08 10:26:11.109161_VicregLoss_gru_catboost/model_128_0.001_3_10_100_256_32_16_256_VicregLoss_gruepoch=07.ckpt,7,30,0.034286767,19.2686,1.6797,0.0,6.1412,1.0762,1.0945,0.8177,506.1849,30.7252,63.2759,3.8408,21.9991,1.3353,20.7379,1.2588,19.8851,1.207,19.3211,1.1728,18.6209,1.1303,16.4244,1.9857,2.0531,0.2482,0.7138,0.0863,0.6729,0.0814,0.6452,0.078,0.6269,0.0758,0.6042,0.073,0.0,0.0,0.0,0.0,0.0,0.0,0.0,0.0,0.0,0.0,0.0,0.0,0.0,0.0,0.0,0.0,0.0,0.0,0.0,0.0,0.0,0.0,0.0,0.0,0.0,0.0,0.0,0.0,0.0,0.0,0.0,0.0,0.0,0.0,0.0,0.52,0.4754
128,0.001,3,10,100,32,16,256,184,440338,73,30,VicregLoss,gru,/home/dpetrovitch/dzagcoffee/train_trace/gender/checkpoints_2025-10-08 10:26:11.109161_VicregLoss_gru_catboost/model_128_0.001_3_10_100_256_32_16_256_VicregLoss_gruepoch=08.ckpt,8,30,0.034025494,18.6689,1.6797,0.0,5.7944,1.0746,1.0818,0.8127,494.689,30.1108,53.8488,3.2777,20.9834,1.2772,19.8931,1.2109,19.1762,1.1672,18.7077,1.1387,18.0114,1.0963,17.5326,2.3876,1.9085,0.2599,0.7437,0.1013,0.705,0.096,0.6796,0.0926,0.663,0.0903,0.6384,0.0869,0.0,0.0,0.0,0.0,0.0,0.0,0.0,0.0,0.0,0.0,0.0,0.0,0.0,0.0,0.0,0.0,0.0,0.0,0.0,0.0,0.0,0.0,0.0,0.0,0.0,0.0,0.0,0.0,0.0,0.0,0.0,0.0,0.0,0.0,0.0,0.508,0.4828
128,0.001,3,10,100,32,16,256,184,440338,73,30,VicregLoss,gru,/home/dpetrovitch/dzagcoffee/train_trace/gender/checkpoints_2025-10-08 10:26:11.109161_VicregLoss_gru_catboost/model_128_0.001_3_10_100_256_32_16_256_VicregLoss_gruepoch=09.ckpt,9,30,0.037379216,17.63,1.6796,0.0,5.7942,1.0708,1.0741,0.8267,470.6854,28.2729,46.2367,2.7773,19.4373,1.1676,18.6398,1.1196,18.0289,1.0829,17.6143,1.058,16.9994,1.0211,13.951,1.5203,1.3704,0.1493,0.5761,0.0628,0.5525,0.0602,0.5344,0.0582,0.5221,0.0569,0.5039,0.0549,0.0,0.0,0.0,0.0,0.0,0.0,0.0,0.0,0.0,0.0,0.0,0.0,0.0,0.0,0.0,0.0,0.0,0.0,0.0,0.0,0.0,0.0,0.0,0.0,0.0,0.0,0.0,0.0,0.0,0.0,0.0,0.0,0.0,0.0,0.0,0.532,0.4772
128,0.001,3,10,100,32,16,256,184,440338,73,30,VicregLoss,gru,/home/dpetrovitch/dzagcoffee/train_trace/gender/checkpoints_2025-10-08 10:26:11.109161_VicregLoss_gru_catboost/model_128_0.001_3_10_100_256_32_16_256_VicregLoss_gruepoch=10.ckpt,10,30,0.035447504,19.2279,1.6796,0.0,5.6557,1.0958,1.1014,0.7931,495.3561,29.6258,40.9092,2.4467,20.7619,1.2417,19.6743,1.1767,18.9879,1.1356,18.5313,1.1083,17.8766,1.0691,21.1888,5.3478,1.7499,0.4416,0.8881,0.2241,0.8416,0.2124,0.8122,0.205,0.7927,0.2001,0.7647,0.193,0.0,0.0,0.0,0.0,0.0,0.0,0.0,0.0,0.0,0.0,0.0,0.0,0.0,0.0,0.0,0.0,0.0,0.0,0.0,0.0,0.0,0.0,0.0,0.0,0.0,0.0,0.0,0.0,0.0,0.0,0.0,0.0,0.0,0.0,0.0,0.516,0.4836
128,0.001,3,10,100,32,16,256,184,440338,73,30,VicregLoss,gru,/home/dpetrovitch/dzagcoffee/train_trace/gender/checkpoints_2025-10-08 10:26:11.109161_VicregLoss_gru_catboost/model_128_0.001_3_10_100_256_32_16_256_VicregLoss_gruepoch=11.ckpt,11,30,0.030795984,17.9535,1.6791,0.0,5.5298,1.079,1.0797,0.8148,464.7766,27.2541,35.6277,2.0892,19.1075,1.1204,18.2374,1.0694,17.6474,1.0348,17.2478,1.0114,16.6678,0.9774,14.9184,1.9288,1.1436,0.1478,0.6133,0.0793,0.5854,0.0757,0.5664,0.0732,0.5536,0.0716,0.535,0.0692,0.0,0.0,0.0,0.0,0.0,0.0,0.0,0.0,0.0,0.0,0.0,0.0,0.0,0.0,0.0,0.0,0.0,0.0,0.0,0.0,0.0,0.0,0.0,0.0,0.0,0.0,0.0,0.0,0.0,0.0,0.0,0.0,0.0,0.0,0.0,0.512,0.4948
128,0.001,3,10,100,32,16,256,184,440338,73,30,VicregLoss,gru,/home/dpetrovitch/dzagcoffee/train_trace/gender/checkpoints_2025-10-08 10:26:11.109161_VicregLoss_gru_catboost/model_128_0.001_3_10_100_256_32_16_256_VicregLoss_gruepoch=12.ckpt,12,30,0.030187773,19.7706,1.6787,0.0,5.4274,1.0838,1.0832,0.8053,500.9491,31.4308,35.1706,2.2067,20.7203,1.3,19.7418,1.2387,19.0723,1.1966,18.6709,1.1715,18.0177,1.1305,20.7209,5.6335,1.4548,0.3955,0.8571,0.233,0.8166,0.222,0.7889,0.2145,0.7723,0.21,0.7453,0.2026,0.0,0.0,0.0,0.0,0.0,0.0,0.0,0.0,0.0,0.0,0.0,0.0,0.0,0.0,0.0,0.0,0.0,0.0,0.0,0.0,0.0,0.0,0.0,0.0,0.0,0.0,0.0,0.0,0.0,0.0,0.0,0.0,0.0,0.0,0.0,0.548,0.5031
128,0.001,3,10,100,32,16,256,184,440338,73,30,VicregLoss,gru,/home/dpetrovitch/dzagcoffee/train_trace/gender/checkpoints_2025-10-08 10:26:11.109161_VicregLoss_gru_catboost/model_128_0.001_3_10_100_256_32_16_256_VicregLoss_gruepoch=13.ckpt,13,30,0.032419305,25.0652,1.6774,1e-04,4.9341,1.1506,1.1425,0.7195,570.2324,32.9425,35.6507,2.0596,25.2812,1.4605,23.6191,1.3645,22.4726,1.2983,21.7685,1.2576,20.8468,1.2043,21.5986,5.1875,1.3503,0.3243,0.9576,0.23,0.8946,0.2149,0.8512,0.2044,0.8245,0.198,0.7896,0.1896,0.0,0.0,0.0,0.0,0.0,0.0,0.0,0.0,0.0,0.0,0.0,0.0,0.0,0.0,0.0,0.0,0.0,0.0,0.0,0.0,0.0,0.0,0.0,0.0,0.0,0.0,0.0,0.0,0.0,0.0,0.0,0.0,0.0,0.0,0.0,0.512,0.4696
128,0.001,3,10,100,32,16,256,184,440338,73,30,VicregLoss,gru,/home/dpetrovitch/dzagcoffee/train_trace/gender/checkpoints_2025-10-08 10:26:11.109161_VicregLoss_gru_catboost/model_128_0.001_3_10_100_256_32_16_256_VicregLoss_gruepoch=14.ckpt,14,30,0.030975878,12.3111,1.6794,0.0,6.6385,1.0324,1.0383,0.8918,386.7406,23.8245,64.6001,3.9796,15.655,0.9644,14.9766,0.9226,14.4651,0.8911,14.1391,0.871,13.6854,0.8431,14.9967,1.4674,2.505,0.2451,0.6071,0.0594,0.5808,0.0568,0.5609,0.0549,0.5483,0.0536,0.5307,0.0519,0.0,0.0,0.0,0.0,0.0,0.0,0.0,0.0,0.0,0.0,0.0,0.0,0.0,0.0,0.0,0.0,0.0,0.0,0.0,0.0,0.0,0.0,0.0,0.0,0.0,0.0,0.0,0.0,0.0,0.0,0.0,0.0,0.0,0.0,0.0,0.48,0.4623
128,0.001,3,10,100,32,16,256,184,440338,73,30,VicregLoss,gru,/home/dpetrovitch/dzagcoffee/train_trace/gender/checkpoints_2025-10-08 10:26:11.109161_VicregLoss_gru_catboost/model_128_0.001_3_10_100_256_32_16_256_VicregLoss_gruepoch=15.ckpt,15,30,0.032076653,23.1271,1.6775,1e-04,4.9377,1.0922,1.0848,0.7722,566.0973,31.3372,64.3238,3.5607,22.9748,1.2718,21.5107,1.1908,20.3627,1.1272,19.9883,1.1065,19.5488,1.0822,19.0606,1.9618,2.1658,0.2229,0.7736,0.0796,0.7243,0.0745,0.6856,0.0706,0.673,0.0693,0.6582,0.0677,0.0,0.0,0.0,0.0,0.0,0.0,0.0,0.0,0.0,0.0,0.0,0.0,0.0,0.0,0.0,0.0,0.0,0.0,0.0,0.0,0.0,0.0,0.0,0.0,0.0,0.0,0.0,0.0,0.0,0.0,0.0,0.0,0.0,0.0,0.0,0.56,0.5302
128,0.001,3,10,100,32,16,256,184,440338,73,30,VicregLoss,gru,/home/dpetrovitch/dzagcoffee/train_trace/gender/checkpoints_2025-10-08 10:26:11.109161_VicregLoss_gru_catboost/model_128_0.001_3_10_100_256_32_16_256_VicregLoss_gruepoch=16.ckpt,16,30,0.032175165,18.954,1.6796,0.0,6.4051,1.0541,1.0633,0.8283,495.9363,30.17,66.2412,4.0297,20.3124,1.2357,18.9645,1.1537,18.2978,1.1131,17.9255,1.0905,17.413,1.0593,16.359,1.8651,2.185,0.2491,0.67,0.0764,0.6256,0.0713,0.6036,0.0688,0.5913,0.0674,0.5744,0.0655,0.0,0.0,0.0,0.0,0.0,0.0,0.0,0.0,0.0,0.0,0.0,0.0,0.0,0.0,0.0,0.0,0.0,0.0,0.0,0.0,0.0,0.0,0.0,0.0,0.0,0.0,0.0,0.0,0.0,0.0,0.0,0.0,0.0,0.0,0.0,0.564,0.5113
128,0.001,3,10,100,32,16,256,184,440338,73,30,VicregLoss,gru,/home/dpetrovitch/dzagcoffee/train_trace/gender/checkpoints_2025-10-08 10:26:11.109161_VicregLoss_gru_catboost/model_128_0.001_3_10_100_256_32_16_256_VicregLoss_gruepoch=17.ckpt,17,30,0.033580046,17.9022,1.6797,0.0,6.676,1.0512,1.0612,0.8445,493.118,32.0966,82.1055,5.3442,20.0785,1.3069,18.7907,1.2231,18.1524,1.1815,17.7837,1.1575,17.2898,1.1254,15.7376,1.6677,2.6203,0.2777,0.6408,0.0679,0.5997,0.0635,0.5793,0.0614,0.5676,0.0601,0.5518,0.0585,0.0,0.0,0.0,0.0,0.0,0.0,0.0,0.0,0.0,0.0,0.0,0.0,0.0,0.0,0.0,0.0,0.0,0.0,0.0,0.0,0.0,0.0,0.0,0.0,0.0,0.0,0.0,0.0,0.0,0.0,0.0,0.0,0.0,0.0,0.0,0.552,0.4945
128,0.001,3,10,100,32,16,256,184,440338,73,30,VicregLoss,gru,/home/dpetrovitch/dzagcoffee/train_trace/gender/checkpoints_2025-10-08 10:26:11.109161_VicregLoss_gru_catboost/model_128_0.001_3_10_100_256_32_16_256_VicregLoss_gruepoch=18.ckpt,18,30,0.034822162,22.9955,1.6773,1e-04,5.0528,1.0866,1.0697,0.7909,548.8646,31.4277,51.5997,2.9546,21.5176,1.2321,20.4835,1.1729,19.8278,1.1353,19.5262,1.1181,19.1717,1.0978,18.9265,2.118,1.7793,0.1991,0.742,0.083,0.7063,0.079,0.6837,0.0765,0.6733,0.0754,0.6611,0.074,0.0,0.0,0.0,0.0,0.0,0.0,0.0,0.0,0.0,0.0,0.0,0.0,0.0,0.0,0.0,0.0,0.0,0.0,0.0,0.0,0.0,0.0,0.0,0.0,0.0,0.0,0.0,0.0,0.0,0.0,0.0,0.0,0.0,0.0,0.0,0.576,0.5428
128,0.001,3,10,100,32,16,256,184,440338,73,30,VicregLoss,gru,/home/dpetrovitch/dzagcoffee/train_trace/gender/checkpoints_2025-10-08 10:26:11.109161_VicregLoss_gru_catboost/model_128_0.001_3_10_100_256_32_16_256_VicregLoss_gruepoch=19.ckpt,19,30,0.037422046,21.954,1.6786,1e-04,5.4275,1.0794,1.0719,0.8,545.1014,31.3375,32.7585,1.8833,21.4368,1.2324,20.5018,1.1786,19.9408,1.1464,19.5492,1.1239,19.1387,1.1003,21.4019,2.433,1.2862,0.1462,0.8417,0.0957,0.8049,0.0915,0.7829,0.089,0.7675,0.0873,0.7514,0.0854,0.0,0.0,0.0,0.0,0.0,0.0,0.0,0.0,0.0,0.0,0.0,0.0,0.0,0.0,0.0,0.0,0.0,0.0,0.0,0.0,0.0,0.0,0.0,0.0,0.0,0.0,0.0,0.0,0.0,0.0,0.0,0.0,0.0,0.0,0.0,0.54,0.5149
128,0.001,3,10,100,32,16,256,184,440338,73,30,VicregLoss,gru,/home/dpetrovitch/dzagcoffee/train_trace/gender/checkpoints_2025-10-08 10:26:11.109161_VicregLoss_gru_catboost/model_128_0.001_3_10_100_256_32_16_256_VicregLoss_gruepoch=20.ckpt,20,30,0.031990986,20.6753,1.679,0.0,5.7196,1.0719,1.0699,0.8103,536.0227,31.5066,37.8558,2.2251,21.1585,1.2437,20.2269,1.1889,19.6634,1.1558,19.2672,1.1325,18.8381,1.1073,22.2317,2.462,1.5701,0.1739,0.8776,0.0972,0.8389,0.0929,0.8155,0.0903,0.7991,0.0885,0.7813,0.0865,0.0,0.0,0.0,0.0,0.0,0.0,0.0,0.0,0.0,0.0,0.0,0.0,0.0,0.0,0.0,0.0,0.0,0.0,0.0,0.0,0.0,0.0,0.0,0.0,0.0,0.0,0.0,0.0,0.0,0.0,0.0,0.0,0.0,0.0,0.0,0.532,0.4968
128,0.001,3,10,100,32,16,256,184,440338,73,30,VicregLoss,gru,/home/dpetrovitch/dzagcoffee/train_trace/gender/checkpoints_2025-10-08 10:26:11.109161_VicregLoss_gru_catboost/model_128_0.001_3_10_100_256_32_16_256_VicregLoss_gruepoch=21.ckpt,21,30,0.03530616,19.5757,1.6792,0.0,6.0027,1.0666,1.0663,0.8253,520.3813,30.7401,47.6324,2.8138,20.4549,1.2083,19.5885,1.1571,19.0712,1.1266,18.6912,1.1041,18.2749,1.0795,20.5018,2.3118,1.8766,0.2116,0.8059,0.0909,0.7717,0.087,0.7514,0.0847,0.7364,0.083,0.72,0.0812,0.0,0.0,0.0,0.0,0.0,0.0,0.0,0.0,0.0,0.0,0.0,0.0,0.0,0.0,0.0,0.0,0.0,0.0,0.0,0.0,0.0,0.0,0.0,0.0,0.0,0.0,0.0,0.0,0.0,0.0,0.0,0.0,0.0,0.0,0.0,0.528,0.4738
128,0.001,3,10,100,32,16,256,184,440338,73,30,VicregLoss,gru,/home/dpetrovitch/dzagcoffee/train_trace/gender/checkpoints_2025-10-08 10:26:11.109161_VicregLoss_gru_catboost/model_128_0.001_3_10_100_256_32_16_256_VicregLoss_gruepoch=22.ckpt,22,30,0.031404193,18.9141,1.6793,0.0,6.0457,1.0644,1.0642,0.8294,511.9505,30.7533,49.4032,2.9677,20.0819,1.2063,19.2497,1.1563,18.7613,1.127,18.388,1.1046,17.9773,1.0799,19.7653,2.0647,1.9074,0.1992,0.7753,0.081,0.7432,0.0776,0.7243,0.0757,0.7099,0.0742,0.6941,0.0725,0.0,0.0,0.0,0.0,0.0,0.0,0.0,0.0,0.0,0.0,0.0,0.0,0.0,0.0,0.0,0.0,0.0,0.0,0.0,0.0,0.0,0.0,0.0,0.0,0.0,0.0,0.0,0.0,0.0,0.0,0.0,0.0,0.0,0.0,0.0,0.496,0.463
128,0.001,3,10,100,32,16,256,184,440338,73,30,VicregLoss,gru,/home/dpetrovitch/dzagcoffee/train_trace/gender/checkpoints_2025-10-08 10:26:11.109161_VicregLoss_gru_catboost/model_128_0.001_3_10_100_256_32_16_256_VicregLoss_gruepoch=23.ckpt,23,30,0.033190276,18.1265,1.6795,0.0,6.4035,1.061,1.0615,0.8387,500.6186,31.0278,54.4232,3.3731,19.5625,1.2125,18.7878,1.1644,18.3079,1.1347,17.9473,1.1124,17.5616,1.0884,19.6429,2.2476,2.1354,0.2443,0.7676,0.0878,0.7372,0.0843,0.7183,0.0822,0.7042,0.0806,0.6891,0.0788,0.0,0.0,0.0,0.0,0.0,0.0,0.0,0.0,0.0,0.0,0.0,0.0,0.0,0.0,0.0,0.0,0.0,0.0,0.0,0.0,0.0,0.0,0.0,0.0,0.0,0.0,0.0,0.0,0.0,0.0,0.0,0.0,0.0,0.0,0.0,0.52,0.4809
128,0.001,3,10,100,32,16,256,184,440338,73,30,VicregLoss,gru,/home/dpetrovitch/dzagcoffee/train_trace/gender/checkpoints_2025-10-08 10:26:11.109161_VicregLoss_gru_catboost/model_128_0.001_3_10_100_256_32_16_256_VicregLoss_gruepoch=24.ckpt,24,30,0.03501919,36.4016,1.6676,0.0002,4.5082,1.17,1.1584,0.6278,730.3875,40.237,50.68,2.792,32.7831,1.806,30.0046,1.6529,28.2815,1.558,27.499,1.5149,26.5266,1.4613,30.9994,5.6662,2.151,0.3932,1.3914,0.2543,1.2735,0.2328,1.2003,0.2194,1.1671,0.2133,1.1259,0.2058,0.0,0.0,0.0,0.0,0.0,0.0,0.0,0.0,0.0,0.0,0.0,0.0,0.0,0.0,0.0,0.0,0.0,0.0,0.0,0.0,0.0,0.0,0.0,0.0,0.0,0.0,0.0,0.0,0.0,0.0,0.0,0.0,0.0,0.0,0.0,0.576,0.5432
128,0.001,3,10,100,32,16,256,184,440338,73,30,VicregLoss,gru,/home/dpetrovitch/dzagcoffee/train_trace/gender/checkpoints_2025-10-08 10:26:11.109161_VicregLoss_gru_catboost/model_128_0.001_3_10_100_256_32_16_256_VicregLoss_gruepoch=25.ckpt,25,30,0.036381237,32.0404,1.6755,0.0002,4.7659,1.1266,1.1211,0.6913,681.2221,38.9576,46.4109,2.6541,29.0378,1.6606,27.0469,1.5467,25.8454,1.478,25.2511,1.4441,24.4026,1.3955,25.5667,4.2304,1.7418,0.2882,1.0898,0.1803,1.0151,0.168,0.97,0.1605,0.9477,0.1568,0.9158,0.1515,0.0,0.0,0.0,0.0,0.0,0.0,0.0,0.0,0.0,0.0,0.0,0.0,0.0,0.0,0.0,0.0,0.0,0.0,0.0,0.0,0.0,0.0,0.0,0.0,0.0,0.0,0.0,0.0,0.0,0.0,0.0,0.0,0.0,0.0,0.0,0.54,0.5289
128,0.001,3,10,100,32,16,256,184,440338,73,30,VicregLoss,gru,/home/dpetrovitch/dzagcoffee/train_trace/gender/checkpoints_2025-10-08 10:26:11.109161_VicregLoss_gru_catboost/model_128_0.001_3_10_100_256_32_16_256_VicregLoss_gruepoch=26.ckpt,26,30,0.03610283,29.2865,1.677,1e-04,4.9465,1.1061,1.1027,0.7312,644.9594,37.9024,43.162,2.5365,26.8396,1.5773,25.2685,1.485,24.2582,1.4256,23.7276,1.3944,22.9732,1.3501,22.6234,2.841,1.514,0.1901,0.9415,0.1182,0.8863,0.1113,0.8509,0.1069,0.8323,0.1045,0.8058,0.1012,0.0,0.0,0.0,0.0,0.0,0.0,0.0,0.0,0.0,0.0,0.0,0.0,0.0,0.0,0.0,0.0,0.0,0.0,0.0,0.0,0.0,0.0,0.0,0.0,0.0,0.0,0.0,0.0,0.0,0.0,0.0,0.0,0.0,0.0,0.0,0.516,0.474
128,0.001,3,10,100,32,16,256,184,440338,73,30,VicregLoss,gru,/home/dpetrovitch/dzagcoffee/train_trace/gender/checkpoints_2025-10-08 10:26:11.109161_VicregLoss_gru_catboost/model_128_0.001_3_10_100_256_32_16_256_VicregLoss_gruepoch=27.ckpt,27,30,0.03577731,29.5327,1.6754,1e-04,4.9626,1.1039,1.1008,0.7287,645.8651,37.6083,44.9051,2.6148,26.9109,1.567,25.2066,1.4678,24.194,1.4088,23.6619,1.3778,22.9187,1.3345,18.9828,2.3319,1.3198,0.1621,0.7909,0.0972,0.7409,0.091,0.7111,0.0874,0.6955,0.0854,0.6736,0.0827,0.0,0.0,0.0,0.0,0.0,0.0,0.0,0.0,0.0,0.0,0.0,0.0,0.0,0.0,0.0,0.0,0.0,0.0,0.0,0.0,0.0,0.0,0.0,0.0,0.0,0.0,0.0,0.0,0.0,0.0,0.0,0.0,0.0,0.0,0.0,0.54,0.4813
128,0.001,3,10,100,32,16,256,184,440338,73,30,VicregLoss,gru,/home/dpetrovitch/dzagcoffee/train_trace/gender/checkpoints_2025-10-08 10:26:11.109161_VicregLoss_gru_catboost/model_128_0.001_3_10_100_256_32_16_256_VicregLoss_gruepoch=28.ckpt,28,30,0.037053693,33.6121,1.6733,0.0002,4.6342,1.1414,1.1344,0.668,699.1769,39.3088,50.1918,2.8219,30.3831,1.7082,27.9589,1.5719,26.5004,1.4899,25.8325,1.4523,24.9733,1.404,22.8811,2.6049,1.6426,0.187,0.9943,0.1132,0.915,0.1042,0.8672,0.0987,0.8454,0.0962,0.8173,0.093,0.0,0.0,0.0,0.0,0.0,0.0,0.0,0.0,0.0,0.0,0.0,0.0,0.0,0.0,0.0,0.0,0.0,0.0,0.0,0.0,0.0,0.0,0.0,0.0,0.0,0.0,0.0,0.0,0.0,0.0,0.0,0.0,0.0,0.0,0.0,0.532,0.4922
128,0.001,3,10,100,32,16,256,184,440338,73,30,VicregLoss,gru,/home/dpetrovitch/dzagcoffee/train_trace/gender/checkpoints_2025-10-08 10:26:11.109161_VicregLoss_gru_catboost/model_128_0.001_3_10_100_256_32_16_256_VicregLoss_gruepoch=29.ckpt,29,30,0.034984924,26.7908,1.6784,1e-04,5.1227,1.0941,1.0925,0.7577,617.4976,37.0856,39.8059,2.3907,25.1002,1.5075,23.7502,1.4264,22.9105,1.376,22.4179,1.3464,21.7553,1.3066,23.2843,3.3831,1.501,0.2181,0.9465,0.1375,0.8956,0.1301,0.8639,0.1255,0.8453,0.1228,0.8203,0.1192,0.0,0.0,0.0,0.0,0.0,0.0,0.0,0.0,0.0,0.0,0.0,0.0,0.0,0.0,0.0,0.0,0.0,0.0,0.0,0.0,0.0,0.0,0.0,0.0,0.0,0.0,0.0,0.0,0.0,0.0,0.0,0.0,0.0,0.0,0.0,0.504,0.4632
128,0.001,3,10,150,32,16,256,184,440338,73,30,VicregLoss,gru,/home/dpetrovitch/dzagcoffee/train_trace/gender/checkpoints_2025-10-08 10:26:11.109161_VicregLoss_gru_catboost/model_128_0.001_3_10_150_256_32_16_256_VicregLoss_gruepoch=00.ckpt,0,30,0.047166258,20.9135,1.6758,0.0002,4.4071,1.0944,1.1323,0.7244,494.865,26.6252,62.3409,3.3541,30.3936,1.6353,27.5601,1.4828,25.697,1.3826,24.7974,1.3342,23.6348,1.2716,19.7145,2.4524,2.4836,0.3089,1.2108,0.1506,1.0979,0.1366,1.0237,0.1273,0.9879,0.1229,0.9416,0.1171,0.0,0.0,0.0,0.0,0.0,0.0,0.0,0.0,0.0,0.0,0.0,0.0,0.0,0.0,0.0,0.0,0.0,0.0,0.0,0.0,0.0,0.0,0.0,0.0,0.0,0.0,0.0,0.0,0.0,0.0,0.0,0.0,0.0,0.0,0.0,0.524,0.508
128,0.001,3,10,150,32,16,256,184,440338,73,30,VicregLoss,gru,/home/dpetrovitch/dzagcoffee/train_trace/gender/checkpoints_2025-10-08 10:26:11.109161_VicregLoss_gru_catboost/model_128_0.001_3_10_150_256_32_16_256_VicregLoss_gruepoch=01.ckpt,1,30,0.048768163,27.9579,1.6697,0.0003,4.1116,1.1931,1.1926,0.6115,556.1372,28.5387,53.3439,2.7374,36.1899,1.8571,32.1644,1.6505,29.1265,1.4947,27.4226,1.4072,25.601,1.3137,20.4689,2.3936,1.9633,0.2296,1.332,0.1558,1.1838,0.1384,1.072,0.1254,1.0093,0.118,0.9423,0.1102,0.0,0.0,0.0,0.0,0.0,0.0,0.0,0.0,0.0,0.0,0.0,0.0,0.0,0.0,0.0,0.0,0.0,0.0,0.0,0.0,0.0,0.0,0.0,0.0,0.0,0.0,0.0,0.0,0.0,0.0,0.0,0.0,0.0,0.0,0.0,0.572,0.5429
128,0.001,3,10,150,32,16,256,184,440338,73,30,VicregLoss,gru,/home/dpetrovitch/dzagcoffee/train_trace/gender/checkpoints_2025-10-08 10:26:11.109161_VicregLoss_gru_catboost/model_128_0.001_3_10_150_256_32_16_256_VicregLoss_gruepoch=02.ckpt,2,30,0.05054139,28.1358,1.6726,0.0003,4.1442,1.0826,1.0786,0.7294,547.7669,28.1252,60.5792,3.1104,36.1615,1.8567,31.536,1.6192,28.2748,1.4518,26.7976,1.3759,25.1649,1.2921,22.384,2.6391,2.4755,0.2919,1.4777,0.1742,1.2887,0.1519,1.1554,0.1362,1.0951,0.1291,1.0283,0.1212,0.0,0.0,0.0,0.0,0.0,0.0,0.0,0.0,0.0,0.0,0.0,0.0,0.0,0.0,0.0,0.0,0.0,0.0,0.0,0.0,0.0,0.0,0.0,0.0,0.0,0.0,0.0,0.0,0.0,0.0,0.0,0.0,0.0,0.0,0.0,0.544,0.5533
128,0.001,3,10,150,32,16,256,184,440338,73,30,VicregLoss,gru,/home/dpetrovitch/dzagcoffee/train_trace/gender/checkpoints_2025-10-08 10:26:11.109161_VicregLoss_gru_catboost/model_128_0.001_3_10_150_256_32_16_256_VicregLoss_gruepoch=03.ckpt,3,30,0.047641683,8.9258,1.6788,1e-04,4.6007,1.0073,1.0078,0.9537,275.6088,19.0146,31.4233,2.1679,11.5719,0.7984,11.0593,0.763,10.7122,0.7391,10.5024,0.7246,10.2591,0.7078,7.4524,0.8539,0.8497,0.0974,0.3129,0.0359,0.299,0.0343,0.2897,0.0332,0.284,0.0325,0.2774,0.0318,0.0,0.0,0.0,0.0,0.0,0.0,0.0,0.0,0.0,0.0,0.0,0.0,0.0,0.0,0.0,0.0,0.0,0.0,0.0,0.0,0.0,0.0,0.0,0.0,0.0,0.0,0.0,0.0,0.0,0.0,0.0,0.0,0.0,0.0,0.0,0.52,0.4865
128,0.001,3,10,150,32,16,256,184,440338,73,30,VicregLoss,gru,/home/dpetrovitch/dzagcoffee/train_trace/gender/checkpoints_2025-10-08 10:26:11.109161_VicregLoss_gru_catboost/model_128_0.001_3_10_150_256_32_16_256_VicregLoss_gruepoch=04.ckpt,4,30,0.028089022,16.9924,1.6781,1e-04,4.6709,1.0238,1.0242,0.9244,389.313,22.6194,86.2288,5.01,18.8148,1.0932,18.033,1.0477,17.2506,1.0023,16.7857,0.9753,16.2065,0.9416,13.4674,1.2444,2.9829,0.2756,0.6509,0.0601,0.6238,0.0576,0.5967,0.0551,0.5807,0.0537,0.5606,0.0518,0.0,0.0,0.0,0.0,0.0,0.0,0.0,0.0,0.0,0.0,0.0,0.0,0.0,0.0,0.0,0.0,0.0,0.0,0.0,0.0,0.0,0.0,0.0,0.0,0.0,0.0,0.0,0.0,0.0,0.0,0.0,0.0,0.0,0.0,0.0,0.552,0.5279
128,0.001,3,10,150,32,16,256,184,440338,73,30,VicregLoss,gru,/home/dpetrovitch/dzagcoffee/train_trace/gender/checkpoints_2025-10-08 10:26:11.109161_VicregLoss_gru_catboost/model_128_0.001_3_10_150_256_32_16_256_VicregLoss_gruepoch=05.ckpt,5,30,0.027686402,15.9653,1.6779,1e-04,4.6207,1.0197,1.0216,0.9391,386.745,22.5938,71.2128,4.1603,17.7707,1.0382,16.9526,0.9904,16.1792,0.9452,15.7497,0.9201,15.1993,0.8879,14.2589,1.4104,2.6255,0.2597,0.6552,0.0648,0.625,0.0618,0.5965,0.059,0.5807,0.0574,0.5604,0.0554,0.0,0.0,0.0,0.0,0.0,0.0,0.0,0.0,0.0,0.0,0.0,0.0,0.0,0.0,0.0,0.0,0.0,0.0,0.0,0.0,0.0,0.0,0.0,0.0,0.0,0.0,0.0,0.0,0.0,0.0,0.0,0.0,0.0,0.0,0.0,0.544,0.4925
128,0.001,3,10,150,32,16,256,184,440338,73,30,VicregLoss,gru,/home/dpetrovitch/dzagcoffee/train_trace/gender/checkpoints_2025-10-08 10:26:11.109161_VicregLoss_gru_catboost/model_128_0.001_3_10_150_256_32_16_256_VicregLoss_gruepoch=06.ckpt,6,30,0.028495923,16.3485,1.6783,1e-04,4.574,1.02,1.02,0.9427,390.7917,22.8363,42.3631,2.4755,17.3033,1.0111,16.6773,0.9746,16.0494,0.9379,15.6457,0.9143,15.1395,0.8847,13.7011,1.5407,1.4852,0.167,0.6067,0.0682,0.5847,0.0658,0.5627,0.0633,0.5485,0.0617,0.5308,0.0597,0.0,0.0,0.0,0.0,0.0,0.0,0.0,0.0,0.0,0.0,0.0,0.0,0.0,0.0,0.0,0.0,0.0,0.0,0.0,0.0,0.0,0.0,0.0,0.0,0.0,0.0,0.0,0.0,0.0,0.0,0.0,0.0,0.0,0.0,0.0,0.52,0.5241
128,0.001,3,10,150,32,16,256,184,440338,73,30,VicregLoss,gru,/home/dpetrovitch/dzagcoffee/train_trace/gender/checkpoints_2025-10-08 10:26:11.109161_VicregLoss_gru_catboost/model_128_0.001_3_10_150_256_32_16_256_VicregLoss_gruepoch=07.ckpt,7,30,0.027596457,36.034,1.6755,0.0004,4.3421,1.5405,1.5494,0.485,740.963,39.8461,96.7508,5.2029,73.2247,3.9377,63.4744,3.4134,54.0218,2.9051,48.7973,2.6241,32.5347,1.7496,30.0868,2.9581,3.9286,0.3863,2.9733,0.2923,2.5774,0.2534,2.1936,0.2157,1.9814,0.1948,1.3211,0.1299,0.0,0.0,0.0,0.0,0.0,0.0,0.0,0.0,0.0,0.0,0.0,0.0,0.0,0.0,0.0,0.0,0.0,0.0,0.0,0.0,0.0,0.0,0.0,0.0,0.0,0.0,0.0,0.0,0.0,0.0,0.0,0.0,0.0,0.0,0.0,0.552,0.534
128,0.001,3,10,150,32,16,256,184,440338,73,30,VicregLoss,gru,/home/dpetrovitch/dzagcoffee/train_trace/gender/checkpoints_2025-10-08 10:26:11.109161_VicregLoss_gru_catboost/model_128_0.001_3_10_150_256_32_16_256_VicregLoss_gruepoch=08.ckpt,8,30,0.05422492,33.7877,1.6748,0.0003,4.3217,1.2445,1.5203,0.5988,720.0884,39.2933,90.287,4.9267,42.7934,2.3351,37.0357,2.0209,33.7068,1.8393,32.1252,1.753,30.3194,1.6544,30.1127,3.1506,3.7756,0.395,1.7895,0.1872,1.5488,0.162,1.4095,0.1475,1.3434,0.1406,1.2679,0.1327,0.0,0.0,0.0,0.0,0.0,0.0,0.0,0.0,0.0,0.0,0.0,0.0,0.0,0.0,0.0,0.0,0.0,0.0,0.0,0.0,0.0,0.0,0.0,0.0,0.0,0.0,0.0,0.0,0.0,0.0,0.0,0.0,0.0,0.0,0.0,0.544,0.5316
128,0.001,3,10,150,32,16,256,184,440338,73,30,VicregLoss,gru,/home/dpetrovitch/dzagcoffee/train_trace/gender/checkpoints_2025-10-08 10:26:11.109161_VicregLoss_gru_catboost/model_128_0.001_3_10_150_256_32_16_256_VicregLoss_gruepoch=09.ckpt,9,30,0.03151984,45.924,1.6747,0.0005,4.2643,1.8787,1.5656,0.3819,888.5882,48.8023,65.2089,3.5813,47.9958,2.636,43.1146,2.3679,40.0738,2.2009,38.926,2.1379,37.1582,2.0408,32.4963,4.8289,2.3847,0.3544,1.7552,0.2608,1.5767,0.2343,1.4655,0.2178,1.4236,0.2115,1.3589,0.2019,0.0,0.0,0.0,0.0,0.0,0.0,0.0,0.0,0.0,0.0,0.0,0.0,0.0,0.0,0.0,0.0,0.0,0.0,0.0,0.0,0.0,0.0,0.0,0.0,0.0,0.0,0.0,0.0,0.0,0.0,0.0,0.0,0.0,0.0,0.0,0.512,0.514
128,0.001,3,10,150,32,16,256,184,440338,73,30,VicregLoss,gru,/home/dpetrovitch/dzagcoffee/train_trace/gender/checkpoints_2025-10-08 10:26:11.109161_VicregLoss_gru_catboost/model_128_0.001_3_10_150_256_32_16_256_VicregLoss_gruepoch=10.ckpt,10,30,0.033721387,46.3372,1.6742,0.0006,4.1855,1.972,1.8946,0.3761,903.7881,49.0003,54.3173,2.9449,44.0507,2.3883,42.1045,2.2828,40.2253,2.1809,38.7668,2.1018,36.5984,1.9842,33.9583,4.6338,2.0409,0.2785,1.6551,0.2259,1.582,0.2159,1.5114,0.2062,1.4566,0.1988,1.3751,0.1876,0.0,0.0,0.0,0.0,0.0,0.0,0.0,0.0,0.0,0.0,0.0,0.0,0.0,0.0,0.0,0.0,0.0,0.0,0.0,0.0,0.0,0.0,0.0,0.0,0.0,0.0,0.0,0.0,0.0,0.0,0.0,0.0,0.0,0.0,0.0,0.532,0.4636
128,0.001,3,10,150,32,16,256,184,440338,73,30,VicregLoss,gru,/home/dpetrovitch/dzagcoffee/train_trace/gender/checkpoints_2025-10-08 10:26:11.109161_VicregLoss_gru_catboost/model_128_0.001_3_10_150_256_32_16_256_VicregLoss_gruepoch=11.ckpt,11,30,0.03484786,44.2971,1.674,0.0006,4.1411,1.9961,2.0044,0.3819,884.9346,48.0362,47.6926,2.5889,42.5756,2.3111,41.1423,2.2333,39.5725,2.1481,37.9099,2.0578,35.2379,1.9128,34.7915,4.5867,1.8751,0.2472,1.6739,0.2207,1.6175,0.2132,1.5558,0.2051,1.4904,0.1965,1.3854,0.1826,0.0,0.0,0.0,0.0,0.0,0.0,0.0,0.0,0.0,0.0,0.0,0.0,0.0,0.0,0.0,0.0,0.0,0.0,0.0,0.0,0.0,0.0,0.0,0.0,0.0,0.0,0.0,0.0,0.0,0.0,0.0,0.0,0.0,0.0,0.0,0.548,0.5275
128,0.001,3,10,150,32,16,256,184,440338,73,30,VicregLoss,gru,/home/dpetrovitch/dzagcoffee/train_trace/gender/checkpoints_2025-10-08 10:26:11.109161_VicregLoss_gru_catboost/model_128_0.001_3_10_150_256_32_16_256_VicregLoss_gruepoch=12.ckpt,12,30,0.04207785,42.7766,1.6741,0.0006,4.1746,2.1209,2.1193,0.3874,853.8997,45.9176,45.9669,2.4718,41.0941,2.2098,39.715,2.1356,38.1446,2.0512,35.9478,1.9331,33.5944,1.8065,29.4584,3.4554,1.5858,0.186,1.4177,0.1663,1.3701,0.1607,1.3159,0.1544,1.2402,0.1455,1.159,0.1359,0.0,0.0,0.0,0.0,0.0,0.0,0.0,0.0,0.0,0.0,0.0,0.0,0.0,0.0,0.0,0.0,0.0,0.0,0.0,0.0,0.0,0.0,0.0,0.0,0.0,0.0,0.0,0.0,0.0,0.0,0.0,0.0,0.0,0.0,0.0,0.52,0.4959
128,0.001,3,10,150,32,16,256,184,440338,73,30,VicregLoss,gru,/home/dpetrovitch/dzagcoffee/train_trace/gender/checkpoints_2025-10-08 10:26:11.109161_VicregLoss_gru_catboost/model_128_0.001_3_10_150_256_32_16_256_VicregLoss_gruepoch=13.ckpt,13,30,0.03880551,41.799,1.6753,0.0006,4.1889,2.0075,2.0302,0.3941,842.6306,45.7572,45.2084,2.4549,40.6447,2.2071,39.3203,2.1352,37.811,2.0532,35.5165,1.9286,32.9887,1.7914,30.0566,4.0456,1.6126,0.2171,1.4498,0.1951,1.4026,0.1888,1.3487,0.1815,1.2669,0.1705,1.1767,0.1584,0.0,0.0,0.0,0.0,0.0,0.0,0.0,0.0,0.0,0.0,0.0,0.0,0.0,0.0,0.0,0.0,0.0,0.0,0.0,0.0,0.0,0.0,0.0,0.0,0.0,0.0,0.0,0.0,0.0,0.0,0.0,0.0,0.0,0.0,0.0,0.544,0.4736
128,0.001,3,10,150,32,16,256,184,440338,73,30,VicregLoss,gru,/home/dpetrovitch/dzagcoffee/train_trace/gender/checkpoints_2025-10-08 10:26:11.109161_VicregLoss_gru_catboost/model_128_0.001_3_10_150_256_32_16_256_VicregLoss_gruepoch=14.ckpt,14,30,0.034989204,44.2624,1.6746,0.0005,4.2039,1.732,1.6773,0.4171,899.0673,48.236,51.0167,2.7371,42.9895,2.3064,41.1368,2.207,39.5749,2.1232,38.3887,2.0596,36.1929,1.9418,29.9218,4.7954,1.6979,0.2721,1.4307,0.2293,1.3691,0.2194,1.3171,0.2111,1.2776,0.2048,1.2045,0.193,0.0,0.0,0.0,0.0,0.0,0.0,0.0,0.0,0.0,0.0,0.0,0.0,0.0,0.0,0.0,0.0,0.0,0.0,0.0,0.0,0.0,0.0,0.0,0.0,0.0,0.0,0.0,0.0,0.0,0.0,0.0,0.0,0.0,0.0,0.0,0.532,0.516
128,0.001,3,10,150,32,16,256,184,440338,73,30,VicregLoss,gru,/home/dpetrovitch/dzagcoffee/train_trace/gender/checkpoints_2025-10-08 10:26:11.109161_VicregLoss_gru_catboost/model_128_0.001_3_10_150_256_32_16_256_VicregLoss_gruepoch=15.ckpt,15,30,0.03586297,44.8234,1.6729,0.0005,4.2108,1.7867,1.7455,0.4072,903.4666,48.5317,51.8822,2.787,43.129,2.3168,41.171,2.2116,39.5155,2.1227,38.2152,2.0528,36.0125,1.9345,29.4989,4.2214,1.694,0.2424,1.4082,0.2015,1.3443,0.1924,1.2902,0.1846,1.2478,0.1786,1.1758,0.1683,0.0,0.0,0.0,0.0,0.0,0.0,0.0,0.0,0.0,0.0,0.0,0.0,0.0,0.0,0.0,0.0,0.0,0.0,0.0,0.0,0.0,0.0,0.0,0.0,0.0,0.0,0.0,0.0,0.0,0.0,0.0,0.0,0.0,0.0,0.0,0.536,0.5476
128,0.001,3,10,150,32,16,256,184,440338,73,30,VicregLoss,gru,/home/dpetrovitch/dzagcoffee/train_trace/gender/checkpoints_2025-10-08 10:26:11.109161_VicregLoss_gru_catboost/model_128_0.001_3_10_150_256_32_16_256_VicregLoss_gruepoch=16.ckpt,16,30,0.045727108,43.4634,1.6732,0.0005,4.2003,1.6754,1.6579,0.4404,879.4344,47.4433,52.5037,2.8324,42.1586,2.2744,40.0934,2.1629,38.5696,2.0807,37.6566,2.0315,35.4465,1.9123,28.554,4.2323,1.7047,0.2527,1.3688,0.2029,1.3018,0.1929,1.2523,0.1856,1.2227,0.1812,1.1509,0.1706,0.0,0.0,0.0,0.0,0.0,0.0,0.0,0.0,0.0,0.0,0.0,0.0,0.0,0.0,0.0,0.0,0.0,0.0,0.0,0.0,0.0,0.0,0.0,0.0,0.0,0.0,0.0,0.0,0.0,0.0,0.0,0.0,0.0,0.0,0.0,0.516,0.4806
128,0.001,3,10,150,32,16,256,184,440338,73,30,VicregLoss,gru,/home/dpetrovitch/dzagcoffee/train_trace/gender/checkpoints_2025-10-08 10:26:11.109161_VicregLoss_gru_catboost/model_128_0.001_3_10_150_256_32_16_256_VicregLoss_gruepoch=17.ckpt,17,30,0.03456089,42.8937,1.6741,0.0005,4.2346,1.711,1.6871,0.4255,875.5886,47.4887,49.3116,2.6745,41.0822,2.2281,39.3104,2.1321,37.9515,2.0583,36.7315,1.9922,34.8192,1.8885,28.9212,4.8081,1.6288,0.2708,1.357,0.2256,1.2984,0.2159,1.2536,0.2084,1.2133,0.2017,1.1501,0.1912,0.0,0.0,0.0,0.0,0.0,0.0,0.0,0.0,0.0,0.0,0.0,0.0,0.0,0.0,0.0,0.0,0.0,0.0,0.0,0.0,0.0,0.0,0.0,0.0,0.0,0.0,0.0,0.0,0.0,0.0,0.0,0.0,0.0,0.0,0.0,0.568,0.5363
128,0.001,3,10,150,32,16,256,184,440338,73,30,VicregLoss,gru,/home/dpetrovitch/dzagcoffee/train_trace/gender/checkpoints_2025-10-08 10:26:11.109161_VicregLoss_gru_catboost/model_128_0.001_3_10_150_256_32_16_256_VicregLoss_gruepoch=18.ckpt,18,30,0.040784333,43.12,1.6738,0.0006,4.1708,1.7883,1.7992,0.4176,876.0714,47.2879,50.0309,2.7005,41.6922,2.2504,39.6631,2.1409,38.244,2.0643,37.1361,2.0045,35.0024,1.8893,29.5458,5.5669,1.6873,0.3179,1.4061,0.2649,1.3377,0.252,1.2898,0.243,1.2524,0.236,1.1805,0.2224,0.0,0.0,0.0,0.0,0.0,0.0,0.0,0.0,0.0,0.0,0.0,0.0,0.0,0.0,0.0,0.0,0.0,0.0,0.0,0.0,0.0,0.0,0.0,0.0,0.0,0.0,0.0,0.0,0.0,0.0,0.0,0.0,0.0,0.0,0.0,0.544,0.5468
128,0.001,3,10,150,32,16,256,184,440338,73,30,VicregLoss,gru,/home/dpetrovitch/dzagcoffee/train_trace/gender/checkpoints_2025-10-08 10:26:11.109161_VicregLoss_gru_catboost/model_128_0.001_3_10_150_256_32_16_256_VicregLoss_gruepoch=19.ckpt,19,30,0.04194079,41.3271,1.6767,0.0005,4.2608,1.9951,1.9977,0.4078,849.0286,45.9728,47.5507,2.5747,41.0253,2.2214,39.0985,2.1171,37.5981,2.0358,36.2563,1.9632,34.276,1.856,24.0711,3.3881,1.3481,0.1898,1.1631,0.1637,1.1085,0.156,1.066,0.15,1.0279,0.1447,0.9718,0.1368,0.0,0.0,0.0,0.0,0.0,0.0,0.0,0.0,0.0,0.0,0.0,0.0,0.0,0.0,0.0,0.0,0.0,0.0,0.0,0.0,0.0,0.0,0.0,0.0,0.0,0.0,0.0,0.0,0.0,0.0,0.0,0.0,0.0,0.0,0.0,0.56,0.5019
128,0.001,3,10,150,32,16,256,184,440338,73,30,VicregLoss,gru,/home/dpetrovitch/dzagcoffee/train_trace/gender/checkpoints_2025-10-08 10:26:11.109161_VicregLoss_gru_catboost/model_128_0.001_3_10_150_256_32_16_256_VicregLoss_gruepoch=20.ckpt,20,30,0.04053591,40.3119,1.6762,0.0005,4.3127,1.9479,1.821,0.4113,851.7573,46.0148,46.3461,2.5038,40.9998,2.2149,39.3539,2.126,37.9751,2.0515,36.8903,1.9929,34.816,1.8809,26.872,4.0105,1.4622,0.2182,1.2935,0.193,1.2416,0.1853,1.1981,0.1788,1.1638,0.1737,1.0984,0.1639,0.0,0.0,0.0,0.0,0.0,0.0,0.0,0.0,0.0,0.0,0.0,0.0,0.0,0.0,0.0,0.0,0.0,0.0,0.0,0.0,0.0,0.0,0.0,0.0,0.0,0.0,0.0,0.0,0.0,0.0,0.0,0.0,0.0,0.0,0.0,0.54,0.5002
128,0.001,3,10,150,32,16,256,184,440338,73,30,VicregLoss,gru,/home/dpetrovitch/dzagcoffee/train_trace/gender/checkpoints_2025-10-08 10:26:11.109161_VicregLoss_gru_catboost/model_128_0.001_3_10_150_256_32_16_256_VicregLoss_gruepoch=21.ckpt,21,30,0.04086143,39.4728,1.6756,0.0004,4.3185,1.9126,1.8034,0.4038,843.2661,46.0574,45.4136,2.4804,40.4856,2.2112,38.8732,2.1232,37.6305,2.0553,36.5869,1.9983,34.2968,1.8732,23.8675,2.5665,1.2854,0.1382,1.1459,0.1232,1.1003,0.1183,1.0651,0.1145,1.0355,0.1114,0.9707,0.1044,0.0,0.0,0.0,0.0,0.0,0.0,0.0,0.0,0.0,0.0,0.0,0.0,0.0,0.0,0.0,0.0,0.0,0.0,0.0,0.0,0.0,0.0,0.0,0.0,0.0,0.0,0.0,0.0,0.0,0.0,0.0,0.0,0.0,0.0,0.0,0.588,0.5427
128,0.001,3,10,150,32,16,256,184,440338,73,30,VicregLoss,gru,/home/dpetrovitch/dzagcoffee/train_trace/gender/checkpoints_2025-10-08 10:26:11.109161_VicregLoss_gru_catboost/model_128_0.001_3_10_150_256_32_16_256_VicregLoss_gruepoch=22.ckpt,22,30,0.042039305,39.3175,1.6757,0.0004,4.355,1.7817,1.7555,0.4149,849.0999,46.6048,44.0654,2.4186,40.2973,2.2118,39.0423,2.1429,37.8851,2.0794,36.8391,2.022,34.5149,1.8944,28.7965,3.3381,1.4944,0.1732,1.3666,0.1584,1.3241,0.1535,1.2848,0.1489,1.2494,0.1448,1.1705,0.1357,0.0,0.0,0.0,0.0,0.0,0.0,0.0,0.0,0.0,0.0,0.0,0.0,0.0,0.0,0.0,0.0,0.0,0.0,0.0,0.0,0.0,0.0,0.0,0.0,0.0,0.0,0.0,0.0,0.0,0.0,0.0,0.0,0.0,0.0,0.0,0.576,0.5361
128,0.001,3,10,150,32,16,256,184,440338,73,30,VicregLoss,gru,/home/dpetrovitch/dzagcoffee/train_trace/gender/checkpoints_2025-10-08 10:26:11.109161_VicregLoss_gru_catboost/model_128_0.001_3_10_150_256_32_16_256_VicregLoss_gruepoch=23.ckpt,23,30,0.04356839,38.3004,1.6756,0.0003,4.4085,1.7523,1.6986,0.4188,836.022,46.2183,42.6185,2.3561,39.2175,2.1681,38.1626,2.1098,37.0689,2.0493,36.0246,1.9916,33.8673,1.8723,24.5346,2.679,1.2507,0.1366,1.1509,0.1257,1.12,0.1223,1.0879,0.1188,1.0572,0.1154,0.9939,0.1085,0.0,0.0,0.0,0.0,0.0,0.0,0.0,0.0,0.0,0.0,0.0,0.0,0.0,0.0,0.0,0.0,0.0,0.0,0.0,0.0,0.0,0.0,0.0,0.0,0.0,0.0,0.0,0.0,0.0,0.0,0.0,0.0,0.0,0.0,0.0,0.576,0.5123
128,0.001,3,10,150,32,16,256,184,440338,73,30,VicregLoss,gru,/home/dpetrovitch/dzagcoffee/train_trace/gender/checkpoints_2025-10-08 10:26:11.109161_VicregLoss_gru_catboost/model_128_0.001_3_10_150_256_32_16_256_VicregLoss_gruepoch=24.ckpt,24,30,0.045234546,38.5192,1.6764,0.0003,4.4676,1.687,1.7,0.4261,842.8273,46.0145,42.4356,2.3168,39.3035,2.1458,38.3524,2.0939,37.2594,2.0342,36.249,1.979,34.0563,1.8593,26.4992,2.9978,1.3342,0.1509,1.2357,0.1398,1.2058,0.1364,1.1715,0.1325,1.1397,0.1289,1.0708,0.1211,0.0,0.0,0.0,0.0,0.0,0.0,0.0,0.0,0.0,0.0,0.0,0.0,0.0,0.0,0.0,0.0,0.0,0.0,0.0,0.0,0.0,0.0,0.0,0.0,0.0,0.0,0.0,0.0,0.0,0.0,0.0,0.0,0.0,0.0,0.0,0.544,0.4853
128,0.001,3,10,150,32,16,256,184,440338,73,30,VicregLoss,gru,/home/dpetrovitch/dzagcoffee/train_trace/gender/checkpoints_2025-10-08 10:26:11.109161_VicregLoss_gru_catboost/model_128_0.001_3_10_150_256_32_16_256_VicregLoss_gruepoch=25.ckpt,25,30,0.03610711,38.2794,1.6767,0.0003,4.4574,1.8142,1.6943,0.4242,842.0422,46.5214,42.5142,2.3488,39.0196,2.1558,37.9934,2.0991,36.8118,2.0338,35.5358,1.9633,33.4593,1.8486,23.3862,2.8289,1.1808,0.1428,1.0837,0.1311,1.0552,0.1276,1.0224,0.1237,0.9869,0.1194,0.9293,0.1124,0.0,0.0,0.0,0.0,0.0,0.0,0.0,0.0,0.0,0.0,0.0,0.0,0.0,0.0,0.0,0.0,0.0,0.0,0.0,0.0,0.0,0.0,0.0,0.0,0.0,0.0,0.0,0.0,0.0,0.0,0.0,0.0,0.0,0.0,0.0,0.536,0.5128
128,0.001,3,10,150,32,16,256,184,440338,73,30,VicregLoss,gru,/home/dpetrovitch/dzagcoffee/train_trace/gender/checkpoints_2025-10-08 10:26:11.109161_VicregLoss_gru_catboost/model_128_0.001_3_10_150_256_32_16_256_VicregLoss_gruepoch=26.ckpt,26,30,0.037529126,37.5879,1.6763,0.0003,4.4709,1.6531,1.6774,0.431,837.6571,46.4124,42.8577,2.3746,39.2195,2.173,38.2226,2.1178,37.1148,2.0564,36.1013,2.0003,33.7077,1.8677,26.7039,3.3407,1.3663,0.1709,1.2503,0.1564,1.2185,0.1524,1.1832,0.148,1.1509,0.144,1.0746,0.1344,0.0,0.0,0.0,0.0,0.0,0.0,0.0,0.0,0.0,0.0,0.0,0.0,0.0,0.0,0.0,0.0,0.0,0.0,0.0,0.0,0.0,0.0,0.0,0.0,0.0,0.0,0.0,0.0,0.0,0.0,0.0,0.0,0.0,0.0,0.0,0.544,0.5266
128,0.001,3,10,150,32,16,256,184,440338,73,30,VicregLoss,gru,/home/dpetrovitch/dzagcoffee/train_trace/gender/checkpoints_2025-10-08 10:26:11.109161_VicregLoss_gru_catboost/model_128_0.001_3_10_150_256_32_16_256_VicregLoss_gruepoch=27.ckpt,27,30,0.04086143,37.7605,1.676,0.0003,4.4474,1.6662,1.6759,0.4275,837.9377,46.3447,43.1915,2.3888,39.1508,2.1654,38.1456,2.1098,37.0585,2.0496,36.0307,1.9928,33.6009,1.8584,24.758,3.2799,1.2762,0.1691,1.1568,0.1532,1.1271,0.1493,1.0949,0.1451,1.0646,0.141,0.9928,0.1315,0.0,0.0,0.0,0.0,0.0,0.0,0.0,0.0,0.0,0.0,0.0,0.0,0.0,0.0,0.0,0.0,0.0,0.0,0.0,0.0,0.0,0.0,0.0,0.0,0.0,0.0,0.0,0.0,0.0,0.0,0.0,0.0,0.0,0.0,0.0,0.536,0.5134
128,0.001,3,10,150,32,16,256,184,440338,73,30,VicregLoss,gru,/home/dpetrovitch/dzagcoffee/train_trace/gender/checkpoints_2025-10-08 10:26:11.109161_VicregLoss_gru_catboost/model_128_0.001_3_10_150_256_32_16_256_VicregLoss_gruepoch=28.ckpt,28,30,0.041045606,39.4088,1.6768,0.0003,4.4568,1.7666,1.6688,0.4259,856.2919,47.0154,42.8594,2.3532,39.2539,2.1553,38.2236,2.0987,37.1298,2.0386,35.8468,1.9682,33.5527,1.8422,23.4271,2.7,1.1726,0.1351,1.0739,0.1238,1.0458,0.1205,1.0158,0.1171,0.9807,0.113,0.918,0.1058,0.0,0.0,0.0,0.0,0.0,0.0,0.0,0.0,0.0,0.0,0.0,0.0,0.0,0.0,0.0,0.0,0.0,0.0,0.0,0.0,0.0,0.0,0.0,0.0,0.0,0.0,0.0,0.0,0.0,0.0,0.0,0.0,0.0,0.0,0.0,0.552,0.4945
128,0.001,3,10,150,32,16,256,184,440338,73,30,VicregLoss,gru,/home/dpetrovitch/dzagcoffee/train_trace/gender/checkpoints_2025-10-08 10:26:11.109161_VicregLoss_gru_catboost/model_128_0.001_3_10_150_256_32_16_256_VicregLoss_gruepoch=29.ckpt,29,30,0.0442794,40.1197,1.6745,0.0004,4.3747,1.7406,1.7398,0.4188,876.2179,48.4044,44.8214,2.476,40.8476,2.2565,39.6193,2.1887,38.3264,2.1172,37.0067,2.0443,34.2728,1.8933,24.1314,3.0184,1.2344,0.1544,1.125,0.1407,1.0911,0.1365,1.0555,0.132,1.0192,0.1275,0.9439,0.1181,0.0,0.0,0.0,0.0,0.0,0.0,0.0,0.0,0.0,0.0,0.0,0.0,0.0,0.0,0.0,0.0,0.0,0.0,0.0,0.0,0.0,0.0,0.0,0.0,0.0,0.0,0.0,0.0,0.0,0.0,0.0,0.0,0.0,0.0,0.0,0.604,0.564
128,0.001,3,10,200,32,16,256,184,440338,73,30,VicregLoss,gru,/home/dpetrovitch/dzagcoffee/train_trace/gender/checkpoints_2025-10-08 10:26:11.109161_VicregLoss_gru_catboost/model_128_0.001_3_10_200_256_32_16_256_VicregLoss_gruepoch=00.ckpt,0,30,0.05792129,29.5914,1.6689,0.0003,4.2628,1.2699,1.268,0.5196,617.9332,31.762,59.9158,3.0797,42.3395,2.1763,37.4238,1.9236,33.7443,1.7345,31.7784,1.6334,29.625,1.5227,26.457,2.7442,2.5653,0.2661,1.8128,0.188,1.6023,0.1662,1.4448,0.1499,1.3606,0.1411,1.2684,0.1316,0.0,0.0,0.0,0.0,0.0,0.0,0.0,0.0,0.0,0.0,0.0,0.0,0.0,0.0,0.0,0.0,0.0,0.0,0.0,0.0,0.0,0.0,0.0,0.0,0.0,0.0,0.0,0.0,0.0,0.0,0.0,0.0,0.0,0.0,0.0,0.588,0.5488
128,0.001,3,10,200,32,16,256,184,440338,73,30,VicregLoss,gru,/home/dpetrovitch/dzagcoffee/train_trace/gender/checkpoints_2025-10-08 10:26:11.109161_VicregLoss_gru_catboost/model_128_0.001_3_10_200_256_32_16_256_VicregLoss_gruepoch=01.ckpt,1,30,0.055544134,29.8888,1.664,0.0003,4.1641,1.1172,1.1138,0.6853,604.1497,30.8261,63.4332,3.2366,39.7068,2.026,35.0522,1.7885,31.779,1.6215,30.1164,1.5367,28.1373,1.4357,32.4892,3.2935,3.4112,0.3458,2.1353,0.2165,1.885,0.1911,1.709,0.1732,1.6196,0.1642,1.5131,0.1534,0.0,0.0,0.0,0.0,0.0,0.0,0.0,0.0,0.0,0.0,0.0,0.0,0.0,0.0,0.0,0.0,0.0,0.0,0.0,0.0,0.0,0.0,0.0,0.0,0.0,0.0,0.0,0.0,0.0,0.0,0.0,0.0,0.0,0.0,0.0,0.548,0.5181
128,0.001,3,10,200,32,16,256,184,440338,73,30,VicregLoss,gru,/home/dpetrovitch/dzagcoffee/train_trace/gender/checkpoints_2025-10-08 10:26:11.109161_VicregLoss_gru_catboost/model_128_0.001_3_10_200_256_32_16_256_VicregLoss_gruepoch=02.ckpt,2,30,0.05166358,21.8917,1.6641,0.0002,4.2539,1.0361,1.0337,0.8251,510.4706,27.5619,45.4937,2.4563,25.2605,1.3639,23.1133,1.248,21.503,1.161,20.6667,1.1159,19.669,1.062,23.9532,2.9088,2.1347,0.2592,1.1853,0.1439,1.0846,0.1317,1.009,0.1225,0.9698,0.1178,0.9229,0.1121,0.0,0.0,0.0,0.0,0.0,0.0,0.0,0.0,0.0,0.0,0.0,0.0,0.0,0.0,0.0,0.0,0.0,0.0,0.0,0.0,0.0,0.0,0.0,0.0,0.0,0.0,0.0,0.0,0.0,0.0,0.0,0.0,0.0,0.0,0.0,0.584,0.5455
128,0.001,3,10,200,32,16,256,184,440338,73,30,VicregLoss,gru,/home/dpetrovitch/dzagcoffee/train_trace/gender/checkpoints_2025-10-08 10:26:11.109161_VicregLoss_gru_catboost/model_128_0.001_3_10_200_256_32_16_256_VicregLoss_gruepoch=03.ckpt,3,30,0.049950317,38.9011,1.6558,0.0005,4.1614,1.1609,1.1779,0.4945,664.0162,33.3293,89.0583,4.4701,62.5956,3.1419,52.2251,2.6214,43.7694,2.1969,39.8309,1.9993,35.7841,1.7961,34.4586,3.2141,4.6216,0.4311,3.2484,0.303,2.7102,0.2528,2.2714,0.2119,2.067,0.1928,1.857,0.1732,0.0,0.0,0.0,0.0,0.0,0.0,0.0,0.0,0.0,0.0,0.0,0.0,0.0,0.0,0.0,0.0,0.0,0.0,0.0,0.0,0.0,0.0,0.0,0.0,0.0,0.0,0.0,0.0,0.0,0.0,0.0,0.0,0.0,0.0,0.0,0.544,0.4989
128,0.001,3,10,200,32,16,256,184,440338,73,30,VicregLoss,gru,/home/dpetrovitch/dzagcoffee/train_trace/gender/checkpoints_2025-10-08 10:26:11.109161_VicregLoss_gru_catboost/model_128_0.001_3_10_200_256_32_16_256_VicregLoss_gruepoch=04.ckpt,4,30,0.05436626,25.2206,1.6566,0.0002,4.4028,1.1327,1.1446,0.6641,587.5764,31.3995,48.2639,2.5792,30.825,1.6473,28.5807,1.5273,26.6699,1.4252,25.6823,1.3724,24.685,1.3191,27.2545,3.5096,2.2387,0.2883,1.4298,0.1841,1.3257,0.1707,1.2371,0.1593,1.1913,0.1534,1.145,0.1474,0.0,0.0,0.0,0.0,0.0,0.0,0.0,0.0,0.0,0.0,0.0,0.0,0.0,0.0,0.0,0.0,0.0,0.0,0.0,0.0,0.0,0.0,0.0,0.0,0.0,0.0,0.0,0.0,0.0,0.0,0.0,0.0,0.0,0.0,0.0,0.556,0.5389
128,0.001,3,10,200,32,16,256,184,440338,73,30,VicregLoss,gru,/home/dpetrovitch/dzagcoffee/train_trace/gender/checkpoints_2025-10-08 10:26:11.109161_VicregLoss_gru_catboost/model_128_0.001_3_10_200_256_32_16_256_VicregLoss_gruepoch=05.ckpt,5,30,0.050395768,13.5738,1.6791,1e-04,5.0969,1.0307,1.0254,0.8966,369.8924,26.5258,61.2258,4.3906,15.2143,1.091,14.7997,1.0613,14.3357,1.028,14.0299,1.0061,13.6414,0.9783,14.2913,1.286,2.3655,0.2129,0.5878,0.0529,0.5718,0.0515,0.5539,0.0498,0.5421,0.0488,0.5271,0.0474,0.0,0.0,0.0,0.0,0.0,0.0,0.0,0.0,0.0,0.0,0.0,0.0,0.0,0.0,0.0,0.0,0.0,0.0,0.0,0.0,0.0,0.0,0.0,0.0,0.0,0.0,0.0,0.0,0.0,0.0,0.0,0.0,0.0,0.0,0.0,0.592,0.522
128,0.001,3,10,200,32,16,256,184,440338,73,30,VicregLoss,gru,/home/dpetrovitch/dzagcoffee/train_trace/gender/checkpoints_2025-10-08 10:26:11.109161_VicregLoss_gru_catboost/model_128_0.001_3_10_200_256_32_16_256_VicregLoss_gruepoch=06.ckpt,6,30,0.053818017,17.2033,1.6752,1e-04,5.1427,1.0438,1.044,0.8033,443.7543,28.2715,36.373,2.3173,20.0993,1.2805,19.0366,1.2128,18.163,1.1572,17.6537,1.1247,17.0474,1.0861,14.8093,1.5892,1.2139,0.1303,0.6708,0.072,0.6353,0.0682,0.6061,0.065,0.5891,0.0632,0.5689,0.0611,0.0,0.0,0.0,0.0,0.0,0.0,0.0,0.0,0.0,0.0,0.0,0.0,0.0,0.0,0.0,0.0,0.0,0.0,0.0,0.0,0.0,0.0,0.0,0.0,0.0,0.0,0.0,0.0,0.0,0.0,0.0,0.0,0.0,0.0,0.0,0.58,0.4977
128,0.001,3,10,200,32,16,256,184,440338,73,30,VicregLoss,gru,/home/dpetrovitch/dzagcoffee/train_trace/gender/checkpoints_2025-10-08 10:26:11.109161_VicregLoss_gru_catboost/model_128_0.001_3_10_200_256_32_16_256_VicregLoss_gruepoch=07.ckpt,7,30,0.054104988,10.6737,1.6793,0.0,6.7972,1.0226,1.029,0.8853,354.7822,25.1276,54.8189,3.8826,15.6652,1.1095,14.7994,1.0482,14.1372,1.0013,13.7691,0.9752,13.3684,0.9468,13.6669,1.4021,2.1117,0.2166,0.6035,0.0619,0.5701,0.0585,0.5446,0.0559,0.5304,0.0544,0.515,0.0528,0.0,0.0,0.0,0.0,0.0,0.0,0.0,0.0,0.0,0.0,0.0,0.0,0.0,0.0,0.0,0.0,0.0,0.0,0.0,0.0,0.0,0.0,0.0,0.0,0.0,0.0,0.0,0.0,0.0,0.0,0.0,0.0,0.0,0.0,0.0,0.544,0.5031
128,0.001,3,10,200,32,16,256,184,440338,73,30,VicregLoss,gru,/home/dpetrovitch/dzagcoffee/train_trace/gender/checkpoints_2025-10-08 10:26:11.109161_VicregLoss_gru_catboost/model_128_0.001_3_10_200_256_32_16_256_VicregLoss_gruepoch=08.ckpt,8,30,0.05046858,8.608,1.6796,0.0,7.2014,1.017,1.0222,0.9193,307.3638,24.4341,62.6393,4.9796,13.1065,1.0419,12.4699,0.9913,11.9208,0.9477,11.6992,0.93,11.3199,0.8999,11.1471,1.1763,2.2717,0.2397,0.4753,0.0502,0.4522,0.0477,0.4323,0.0456,0.4243,0.0448,0.4105,0.0433,0.0,0.0,0.0,0.0,0.0,0.0,0.0,0.0,0.0,0.0,0.0,0.0,0.0,0.0,0.0,0.0,0.0,0.0,0.0,0.0,0.0,0.0,0.0,0.0,0.0,0.0,0.0,0.0,0.0,0.0,0.0,0.0,0.0,0.0,0.0,0.548,0.5189
128,0.001,3,10,200,32,16,256,184,440338,73,30,VicregLoss,gru,/home/dpetrovitch/dzagcoffee/train_trace/gender/checkpoints_2025-10-08 10:26:11.109161_VicregLoss_gru_catboost/model_128_0.001_3_10_200_256_32_16_256_VicregLoss_gruepoch=09.ckpt,9,30,0.054773163,7.9186,1.6795,0.0,7.0146,1.0156,1.0198,0.9282,289.3344,23.2695,58.1373,4.6757,12.1268,0.9753,11.5747,0.9309,11.033,0.8873,10.8624,0.8736,10.4816,0.843,10.0479,1.1924,2.019,0.2396,0.4211,0.05,0.402,0.0477,0.3831,0.0455,0.3772,0.0448,0.364,0.0432,0.0,0.0,0.0,0.0,0.0,0.0,0.0,0.0,0.0,0.0,0.0,0.0,0.0,0.0,0.0,0.0,0.0,0.0,0.0,0.0,0.0,0.0,0.0,0.0,0.0,0.0,0.0,0.0,0.0,0.0,0.0,0.0,0.0,0.0,0.0,0.56,0.5077
128,0.001,3,10,200,32,16,256,184,440338,73,30,VicregLoss,gru,/home/dpetrovitch/dzagcoffee/train_trace/gender/checkpoints_2025-10-08 10:26:11.109161_VicregLoss_gru_catboost/model_128_0.001_3_10_200_256_32_16_256_VicregLoss_gruepoch=10.ckpt,10,30,0.048044305,11.0296,1.6796,0.0,5.6202,1.0232,1.0244,0.907,346.8691,26.9433,27.3303,2.1229,14.1786,1.1013,13.6048,1.0568,13.0156,1.011,12.7799,0.9927,12.3607,0.9601,13.0868,1.4643,1.0311,0.1154,0.5349,0.0599,0.5133,0.0574,0.4911,0.0549,0.4822,0.0539,0.4664,0.0522,0.0,0.0,0.0,0.0,0.0,0.0,0.0,0.0,0.0,0.0,0.0,0.0,0.0,0.0,0.0,0.0,0.0,0.0,0.0,0.0,0.0,0.0,0.0,0.0,0.0,0.0,0.0,0.0,0.0,0.0,0.0,0.0,0.0,0.0,0.0,0.524,0.4992
128,0.001,3,10,200,32,16,256,184,440338,73,30,VicregLoss,gru,/home/dpetrovitch/dzagcoffee/train_trace/gender/checkpoints_2025-10-08 10:26:11.109161_VicregLoss_gru_catboost/model_128_0.001_3_10_200_256_32_16_256_VicregLoss_gruepoch=11.ckpt,11,30,0.044549238,9.0964,1.6796,0.0,6.9988,1.0203,1.026,0.9045,310.5962,24.6387,53.397,4.2358,13.083,1.0378,12.3964,0.9834,11.7831,0.9347,11.6012,0.9203,11.1615,0.8854,10.2703,1.267,1.7656,0.2178,0.4326,0.0534,0.4099,0.0506,0.3896,0.0481,0.3836,0.0473,0.3691,0.0455,0.0,0.0,0.0,0.0,0.0,0.0,0.0,0.0,0.0,0.0,0.0,0.0,0.0,0.0,0.0,0.0,0.0,0.0,0.0,0.0,0.0,0.0,0.0,0.0,0.0,0.0,0.0,0.0,0.0,0.0,0.0,0.0,0.0,0.0,0.0,0.54,0.4794
128,0.001,3,10,200,32,16,256,184,440338,73,30,VicregLoss,gru,/home/dpetrovitch/dzagcoffee/train_trace/gender/checkpoints_2025-10-08 10:26:11.109161_VicregLoss_gru_catboost/model_128_0.001_3_10_200_256_32_16_256_VicregLoss_gruepoch=12.ckpt,12,30,0.05194627,9.1023,1.6791,0.0,6.4331,1.0192,1.0228,0.9158,307.3208,25.1327,42.9718,3.5142,12.6703,1.0362,12.0926,0.9889,11.511,0.9414,11.3433,0.9277,10.9228,0.8933,10.8432,1.2449,1.5162,0.1741,0.447,0.0513,0.4267,0.049,0.4061,0.0466,0.4002,0.0459,0.3854,0.0442,0.0,0.0,0.0,0.0,0.0,0.0,0.0,0.0,0.0,0.0,0.0,0.0,0.0,0.0,0.0,0.0,0.0,0.0,0.0,0.0,0.0,0.0,0.0,0.0,0.0,0.0,0.0,0.0,0.0,0.0,0.0,0.0,0.0,0.0,0.0,0.548,0.4958
128,0.001,3,10,200,32,16,256,184,440338,73,30,VicregLoss,gru,/home/dpetrovitch/dzagcoffee/train_trace/gender/checkpoints_2025-10-08 10:26:11.109161_VicregLoss_gru_catboost/model_128_0.001_3_10_200_256_32_16_256_VicregLoss_gruepoch=13.ckpt,13,30,0.05317126,8.8285,1.6794,0.0,6.3654,1.0193,1.0232,0.9053,302.5306,23.9178,43.3228,3.4251,12.6287,0.9984,11.9479,0.9446,11.3926,0.9007,11.1978,0.8853,10.7769,0.852,11.3748,1.3022,1.6289,0.1865,0.4748,0.0544,0.4492,0.0514,0.4283,0.049,0.421,0.0482,0.4052,0.0464,0.0,0.0,0.0,0.0,0.0,0.0,0.0,0.0,0.0,0.0,0.0,0.0,0.0,0.0,0.0,0.0,0.0,0.0,0.0,0.0,0.0,0.0,0.0,0.0,0.0,0.0,0.0,0.0,0.0,0.0,0.0,0.0,0.0,0.0,0.0,0.576,0.5112
128,0.001,3,10,200,32,16,256,184,440338,73,30,VicregLoss,gru,/home/dpetrovitch/dzagcoffee/train_trace/gender/checkpoints_2025-10-08 10:26:11.109161_VicregLoss_gru_catboost/model_128_0.001_3_10_200_256_32_16_256_VicregLoss_gruepoch=14.ckpt,14,30,0.05819113,13.2074,1.6775,1e-04,5.0674,1.0414,1.0407,0.8518,384.2801,25.7391,38.6009,2.5855,15.6632,1.0491,15.1215,1.0128,14.385,0.9635,14.0839,0.9433,13.6702,0.9156,15.8003,1.6686,1.5871,0.1676,0.644,0.068,0.6217,0.0657,0.5915,0.0625,0.5791,0.0612,0.5621,0.0594,0.0,0.0,0.0,0.0,0.0,0.0,0.0,0.0,0.0,0.0,0.0,0.0,0.0,0.0,0.0,0.0,0.0,0.0,0.0,0.0,0.0,0.0,0.0,0.0,0.0,0.0,0.0,0.0,0.0,0.0,0.0,0.0,0.0,0.0,0.0,0.588,0.5189
128,0.001,3,10,200,32,16,256,184,440338,73,30,VicregLoss,gru,/home/dpetrovitch/dzagcoffee/train_trace/gender/checkpoints_2025-10-08 10:26:11.109161_VicregLoss_gru_catboost/model_128_0.001_3_10_200_256_32_16_256_VicregLoss_gruepoch=15.ckpt,15,30,0.05432343,11.7141,1.6771,0.0,5.6522,1.0351,1.0385,0.8546,355.2676,24.4385,28.9726,1.993,14.7765,1.0165,14.0363,0.9655,13.2868,0.914,13.0704,0.8991,12.639,0.8694,13.7388,1.514,1.1204,0.1235,0.5714,0.063,0.5428,0.0598,0.5138,0.0566,0.5055,0.0557,0.4888,0.0539,0.0,0.0,0.0,0.0,0.0,0.0,0.0,0.0,0.0,0.0,0.0,0.0,0.0,0.0,0.0,0.0,0.0,0.0,0.0,0.0,0.0,0.0,0.0,0.0,0.0,0.0,0.0,0.0,0.0,0.0,0.0,0.0,0.0,0.0,0.0,0.56,0.5184
128,0.001,3,10,200,32,16,256,184,440338,73,30,VicregLoss,gru,/home/dpetrovitch/dzagcoffee/train_trace/gender/checkpoints_2025-10-08 10:26:11.109161_VicregLoss_gru_catboost/model_128_0.001_3_10_200_256_32_16_256_VicregLoss_gruepoch=16.ckpt,16,30,0.052721526,10.5665,1.6775,0.0,5.9289,1.03,1.0346,0.8541,334.4166,24.8257,29.6042,2.1977,13.998,1.0392,13.2266,0.9819,12.4709,0.9258,12.2828,0.9118,11.8541,0.88,11.6532,1.3329,1.0316,0.118,0.4878,0.0558,0.4609,0.0527,0.4346,0.0497,0.428,0.049,0.4131,0.0472,0.0,0.0,0.0,0.0,0.0,0.0,0.0,0.0,0.0,0.0,0.0,0.0,0.0,0.0,0.0,0.0,0.0,0.0,0.0,0.0,0.0,0.0,0.0,0.0,0.0,0.0,0.0,0.0,0.0,0.0,0.0,0.0,0.0,0.0,0.0,0.556,0.5398
128,0.001,3,10,200,32,16,256,184,440338,73,30,VicregLoss,gru,/home/dpetrovitch/dzagcoffee/train_trace/gender/checkpoints_2025-10-08 10:26:11.109161_VicregLoss_gru_catboost/model_128_0.001_3_10_200_256_32_16_256_VicregLoss_gruepoch=17.ckpt,17,30,0.05538566,9.7227,1.6783,0.0,5.9826,1.0247,1.0285,0.8864,314.2351,23.9212,32.7071,2.4898,12.9548,0.9862,12.2568,0.933,11.684,0.8894,11.4955,0.8751,11.1012,0.8451,11.4348,1.2404,1.1902,0.1291,0.4714,0.0511,0.446,0.0484,0.4252,0.0461,0.4183,0.0454,0.404,0.0438,0.0,0.0,0.0,0.0,0.0,0.0,0.0,0.0,0.0,0.0,0.0,0.0,0.0,0.0,0.0,0.0,0.0,0.0,0.0,0.0,0.0,0.0,0.0,0.0,0.0,0.0,0.0,0.0,0.0,0.0,0.0,0.0,0.0,0.0,0.0,0.552,0.5177
128,0.001,3,10,200,32,16,256,184,440338,73,30,VicregLoss,gru,/home/dpetrovitch/dzagcoffee/train_trace/gender/checkpoints_2025-10-08 10:26:11.109161_VicregLoss_gru_catboost/model_128_0.001_3_10_200_256_32_16_256_VicregLoss_gruepoch=18.ckpt,18,30,0.057128906,12.7758,1.6796,0.0,5.2124,1.0258,1.0286,0.881,357.4617,24.8179,35.7439,2.4816,15.2584,1.0594,14.3101,0.9935,13.6032,0.9444,13.2804,0.922,12.8235,0.8903,11.8285,1.3813,1.1828,0.1381,0.5049,0.059,0.4735,0.0553,0.4501,0.0526,0.4395,0.0513,0.4243,0.0496,0.0,0.0,0.0,0.0,0.0,0.0,0.0,0.0,0.0,0.0,0.0,0.0,0.0,0.0,0.0,0.0,0.0,0.0,0.0,0.0,0.0,0.0,0.0,0.0,0.0,0.0,0.0,0.0,0.0,0.0,0.0,0.0,0.0,0.0,0.0,0.54,0.4975
128,0.001,3,10,200,32,16,256,184,440338,73,30,VicregLoss,gru,/home/dpetrovitch/dzagcoffee/train_trace/gender/checkpoints_2025-10-08 10:26:11.109161_VicregLoss_gru_catboost/model_128_0.001_3_10_200_256_32_16_256_VicregLoss_gruepoch=19.ckpt,19,30,0.056764837,11.1754,1.6796,0.0,5.4424,1.0214,1.0252,0.9025,334.2935,24.8227,42.9472,3.189,14.1284,1.0491,13.3832,0.9938,12.6915,0.9424,12.4337,0.9233,11.983,0.8898,11.7497,1.3337,1.5095,0.1713,0.4966,0.0564,0.4704,0.0534,0.4461,0.0506,0.437,0.0496,0.4212,0.0478,0.0,0.0,0.0,0.0,0.0,0.0,0.0,0.0,0.0,0.0,0.0,0.0,0.0,0.0,0.0,0.0,0.0,0.0,0.0,0.0,0.0,0.0,0.0,0.0,0.0,0.0,0.0,0.0,0.0,0.0,0.0,0.0,0.0,0.0,0.0,0.58,0.5429
128,0.001,3,10,200,32,16,256,184,440338,73,30,VicregLoss,gru,/home/dpetrovitch/dzagcoffee/train_trace/gender/checkpoints_2025-10-08 10:26:11.109161_VicregLoss_gru_catboost/model_128_0.001_3_10_200_256_32_16_256_VicregLoss_gruepoch=20.ckpt,20,30,0.056730572,10.2118,1.6796,0.0,5.6118,1.0193,1.0239,0.9086,317.3904,24.7166,53.9609,4.2022,13.4506,1.0475,12.7018,0.9891,12.023,0.9363,11.7768,0.9171,11.354,0.8842,11.2873,1.3376,1.919,0.2274,0.4783,0.0567,0.4517,0.0535,0.4276,0.0507,0.4188,0.0496,0.4038,0.0479,0.0,0.0,0.0,0.0,0.0,0.0,0.0,0.0,0.0,0.0,0.0,0.0,0.0,0.0,0.0,0.0,0.0,0.0,0.0,0.0,0.0,0.0,0.0,0.0,0.0,0.0,0.0,0.0,0.0,0.0,0.0,0.0,0.0,0.0,0.0,0.552,0.5188
128,0.001,3,10,200,32,16,256,184,440338,73,30,VicregLoss,gru,/home/dpetrovitch/dzagcoffee/train_trace/gender/checkpoints_2025-10-08 10:26:11.109161_VicregLoss_gru_catboost/model_128_0.001_3_10_200_256_32_16_256_VicregLoss_gruepoch=21.ckpt,21,30,0.05506442,10.8159,1.6796,0.0,5.4687,1.0204,1.0242,0.8992,324.8426,24.2707,39.3544,2.9404,13.5922,1.0155,12.8719,0.9617,12.2052,0.9119,11.9594,0.8935,11.5113,0.8601,10.4911,1.1924,1.271,0.1445,0.439,0.0499,0.4157,0.0472,0.3942,0.0448,0.3862,0.0439,0.3718,0.0423,0.0,0.0,0.0,0.0,0.0,0.0,0.0,0.0,0.0,0.0,0.0,0.0,0.0,0.0,0.0,0.0,0.0,0.0,0.0,0.0,0.0,0.0,0.0,0.0,0.0,0.0,0.0,0.0,0.0,0.0,0.0,0.0,0.0,0.0,0.0,0.528,0.5023
128,0.001,3,10,200,32,16,256,184,440338,73,30,VicregLoss,gru,/home/dpetrovitch/dzagcoffee/train_trace/gender/checkpoints_2025-10-08 10:26:11.109161_VicregLoss_gru_catboost/model_128_0.001_3_10_200_256_32_16_256_VicregLoss_gruepoch=22.ckpt,22,30,0.061322127,10.0401,1.6773,0.0,5.4275,1.0185,1.0215,0.9083,310.2164,23.809,39.9287,3.0645,12.8485,0.9861,12.1907,0.9356,11.5794,0.8887,11.3584,0.8718,10.948,0.8403,10.738,1.2643,1.3821,0.1627,0.4447,0.0524,0.422,0.0497,0.4008,0.0472,0.3932,0.0463,0.379,0.0446,0.0,0.0,0.0,0.0,0.0,0.0,0.0,0.0,0.0,0.0,0.0,0.0,0.0,0.0,0.0,0.0,0.0,0.0,0.0,0.0,0.0,0.0,0.0,0.0,0.0,0.0,0.0,0.0,0.0,0.0,0.0,0.0,0.0,0.0,0.0,0.496,0.4914
128,0.001,3,10,200,32,16,256,184,440338,73,30,VicregLoss,gru,/home/dpetrovitch/dzagcoffee/train_trace/gender/checkpoints_2025-10-08 10:26:11.109161_VicregLoss_gru_catboost/model_128_0.001_3_10_200_256_32_16_256_VicregLoss_gruepoch=23.ckpt,23,30,0.059249073,10.2329,1.6796,0.0,5.3358,1.0193,1.0214,0.9164,310.4228,24.2688,33.4681,2.6165,12.7334,0.9955,12.0684,0.9435,11.5179,0.9005,11.2982,0.8833,10.8929,0.8516,9.7228,1.1108,1.0483,0.1198,0.3988,0.0456,0.378,0.0432,0.3608,0.0412,0.3539,0.0404,0.3412,0.039,0.0,0.0,0.0,0.0,0.0,0.0,0.0,0.0,0.0,0.0,0.0,0.0,0.0,0.0,0.0,0.0,0.0,0.0,0.0,0.0,0.0,0.0,0.0,0.0,0.0,0.0,0.0,0.0,0.0,0.0,0.0,0.0,0.0,0.0,0.0,0.528,0.4992
128,0.001,3,10,200,32,16,256,184,440338,73,30,VicregLoss,gru,/home/dpetrovitch/dzagcoffee/train_trace/gender/checkpoints_2025-10-08 10:26:11.109161_VicregLoss_gru_catboost/model_128_0.001_3_10_200_256_32_16_256_VicregLoss_gruepoch=24.ckpt,24,30,0.05866228,9.3715,1.6795,0.0,5.6468,1.017,1.0207,0.9145,295.5664,21.9054,42.9751,3.185,12.1895,0.9034,11.6101,0.8605,11.0168,0.8165,10.8029,0.8006,10.421,0.7723,9.424,1.0922,1.3702,0.1588,0.3887,0.045,0.3702,0.0429,0.3513,0.0407,0.3444,0.0399,0.3323,0.0385,0.0,0.0,0.0,0.0,0.0,0.0,0.0,0.0,0.0,0.0,0.0,0.0,0.0,0.0,0.0,0.0,0.0,0.0,0.0,0.0,0.0,0.0,0.0,0.0,0.0,0.0,0.0,0.0,0.0,0.0,0.0,0.0,0.0,0.0,0.0,0.496,0.4524
128,0.001,3,10,200,32,16,256,184,440338,73,30,VicregLoss,gru,/home/dpetrovitch/dzagcoffee/train_trace/gender/checkpoints_2025-10-08 10:26:11.109161_VicregLoss_gru_catboost/model_128_0.001_3_10_200_256_32_16_256_VicregLoss_gruepoch=25.ckpt,25,30,0.05707751,9.3629,1.6797,0.0,5.6401,1.0173,1.0207,0.9182,295.1967,24.8074,45.446,3.8191,12.1293,1.0193,11.5619,0.9716,10.9814,0.9228,10.7743,0.9054,10.3859,0.8728,9.3278,1.1237,1.436,0.173,0.3833,0.0462,0.3653,0.044,0.347,0.0418,0.3405,0.041,0.3282,0.0395,0.0,0.0,0.0,0.0,0.0,0.0,0.0,0.0,0.0,0.0,0.0,0.0,0.0,0.0,0.0,0.0,0.0,0.0,0.0,0.0,0.0,0.0,0.0,0.0,0.0,0.0,0.0,0.0,0.0,0.0,0.0,0.0,0.0,0.0,0.0,0.52,0.4883
128,0.001,3,10,200,32,16,256,184,440338,73,30,VicregLoss,gru,/home/dpetrovitch/dzagcoffee/train_trace/gender/checkpoints_2025-10-08 10:26:11.109161_VicregLoss_gru_catboost/model_128_0.001_3_10_200_256_32_16_256_VicregLoss_gruepoch=26.ckpt,26,30,0.061347827,10.848,1.6796,0.0,5.1772,1.0213,1.0233,0.9047,328.289,26.9552,30.149,2.4755,13.7252,1.127,12.9147,1.0604,12.3017,1.0101,12.0185,0.9868,11.5826,0.951,10.3935,1.2286,0.9545,0.1128,0.4345,0.0514,0.4089,0.0483,0.3895,0.046,0.3805,0.045,0.3667,0.0433,0.0,0.0,0.0,0.0,0.0,0.0,0.0,0.0,0.0,0.0,0.0,0.0,0.0,0.0,0.0,0.0,0.0,0.0,0.0,0.0,0.0,0.0,0.0,0.0,0.0,0.0,0.0,0.0,0.0,0.0,0.0,0.0,0.0,0.0,0.0,0.552,0.5267
128,0.001,3,10,200,32,16,256,184,440338,73,30,VicregLoss,gru,/home/dpetrovitch/dzagcoffee/train_trace/gender/checkpoints_2025-10-08 10:26:11.109161_VicregLoss_gru_catboost/model_128_0.001_3_10_200_256_32_16_256_VicregLoss_gruepoch=27.ckpt,27,30,0.061322127,11.0621,1.6796,0.0,5.3492,1.0237,1.0268,0.8775,330.2309,24.1681,26.9938,1.9756,13.9759,1.0228,13.0917,0.9581,12.4228,0.9092,12.1521,0.8894,11.699,0.8562,9.6198,1.3243,0.7863,0.1083,0.4071,0.056,0.3814,0.0525,0.3619,0.0498,0.354,0.0487,0.3408,0.0469,0.0,0.0,0.0,0.0,0.0,0.0,0.0,0.0,0.0,0.0,0.0,0.0,0.0,0.0,0.0,0.0,0.0,0.0,0.0,0.0,0.0,0.0,0.0,0.0,0.0,0.0,0.0,0.0,0.0,0.0,0.0,0.0,0.0,0.0,0.0,0.536,0.5119
128,0.001,3,10,200,32,16,256,184,440338,73,30,VicregLoss,gru,/home/dpetrovitch/dzagcoffee/train_trace/gender/checkpoints_2025-10-08 10:26:11.109161_VicregLoss_gru_catboost/model_128_0.001_3_10_200_256_32_16_256_VicregLoss_gruepoch=28.ckpt,28,30,0.060615405,11.35,1.6796,0.0,5.3158,1.0245,1.0269,0.8821,333.907,24.3856,28.0493,2.0485,13.9403,1.0181,13.1462,0.9601,12.507,0.9134,12.2369,0.8937,11.7829,0.8605,10.8708,1.3167,0.9132,0.1106,0.4538,0.055,0.428,0.0518,0.4072,0.0493,0.3984,0.0483,0.3836,0.0465,0.0,0.0,0.0,0.0,0.0,0.0,0.0,0.0,0.0,0.0,0.0,0.0,0.0,0.0,0.0,0.0,0.0,0.0,0.0,0.0,0.0,0.0,0.0,0.0,0.0,0.0,0.0,0.0,0.0,0.0,0.0,0.0,0.0,0.0,0.0,0.532,0.5189
128,0.001,3,10,200,32,16,256,184,440338,73,30,VicregLoss,gru,/home/dpetrovitch/dzagcoffee/train_trace/gender/checkpoints_2025-10-08 10:26:11.109161_VicregLoss_gru_catboost/model_128_0.001_3_10_200_256_32_16_256_VicregLoss_gruepoch=29.ckpt,29,30,0.058152586,10.8894,1.6796,0.0,5.331,1.0234,1.0264,0.8884,323.6741,23.9493,32.5636,2.4094,13.4671,0.9965,12.7279,0.9418,12.1112,0.8961,11.8486,0.8767,11.4035,0.8438,10.1617,1.1858,1.0223,0.1193,0.4228,0.0493,0.3996,0.0466,0.3802,0.0444,0.372,0.0434,0.358,0.0418,0.0,0.0,0.0,0.0,0.0,0.0,0.0,0.0,0.0,0.0,0.0,0.0,0.0,0.0,0.0,0.0,0.0,0.0,0.0,0.0,0.0,0.0,0.0,0.0,0.0,0.0,0.0,0.0,0.0,0.0,0.0,0.0,0.0,0.0,0.0,0.572,0.5126
128,0.001,3,10,100,32,16,256,184,440338,73,30,VicregLoss,gru,/home/dpetrovitch/dzagcoffee/train_trace/gender/checkpoints_2025-10-08 10:26:11.109161_VicregLoss_gru_catboost/model_128_0.001_3_10_100_256_32_16_256_VicregLoss_gruepoch=00.ckpt,0,30,0.047067743,29.6622,1.6749,0.0003,4.3748,1.2069,1.2009,0.5475,582.6696,29.3189,72.02,3.6239,51.322,2.5824,43.6927,2.1985,37.3288,1.8783,34.5241,1.7372,31.3631,1.5781,25.9029,2.4957,3.2017,0.3085,2.2815,0.2198,1.9424,0.1871,1.6595,0.1599,1.5348,0.1479,1.3943,0.1343,0.0,0.0,0.0,0.0,0.0,0.0,0.0,0.0,0.0,0.0,0.0,0.0,0.0,0.0,0.0,0.0,0.0,0.0,0.0,0.0,0.0,0.0,0.0,0.0,0.0,0.0,0.0,0.0,0.0,0.0,0.0,0.0,0.0,0.0,0.0,0.564,0.5226
128,0.001,3,10,100,32,16,256,184,440338,73,30,VicregLoss,gru,/home/dpetrovitch/dzagcoffee/train_trace/gender/checkpoints_2025-10-08 10:26:11.109161_VicregLoss_gru_catboost/model_128_0.001_3_10_100_256_32_16_256_VicregLoss_gruepoch=01.ckpt,1,30,0.04948345,26.687,1.6717,0.0003,4.1828,1.2588,1.2553,0.5967,565.3011,29.3541,48.2396,2.5049,35.8332,1.8607,32.2012,1.6721,29.218,1.5172,27.7108,1.4389,26.0984,1.3552,24.2955,2.9719,2.0732,0.2536,1.54,0.1884,1.3839,0.1693,1.2557,0.1536,1.191,0.1457,1.1217,0.1372,0.0,0.0,0.0,0.0,0.0,0.0,0.0,0.0,0.0,0.0,0.0,0.0,0.0,0.0,0.0,0.0,0.0,0.0,0.0,0.0,0.0,0.0,0.0,0.0,0.0,0.0,0.0,0.0,0.0,0.0,0.0,0.0,0.0,0.0,0.0,0.536,0.5466
128,0.001,3,10,100,32,16,256,184,440338,73,30,VicregLoss,gru,/home/dpetrovitch/dzagcoffee/train_trace/gender/checkpoints_2025-10-08 10:26:11.109161_VicregLoss_gru_catboost/model_128_0.001_3_10_100_256_32_16_256_VicregLoss_gruepoch=02.ckpt,2,30,0.049324974,28.8291,1.6715,0.0004,4.0872,1.4822,1.481,0.5207,594.1228,30.348,46.2369,2.3618,36.5415,1.8666,33.67,1.7199,31.2733,1.5974,29.9729,1.531,28.4966,1.4556,25.8556,6.4243,2.0122,0.5,1.5902,0.3951,1.4653,0.3641,1.361,0.3382,1.3044,0.3241,1.2401,0.3081,0.0,0.0,0.0,0.0,0.0,0.0,0.0,0.0,0.0,0.0,0.0,0.0,0.0,0.0,0.0,0.0,0.0,0.0,0.0,0.0,0.0,0.0,0.0,0.0,0.0,0.0,0.0,0.0,0.0,0.0,0.0,0.0,0.0,0.0,0.0,0.516,0.5411
128,0.001,3,10,100,32,16,256,184,440338,73,30,VicregLoss,gru,/home/dpetrovitch/dzagcoffee/train_trace/gender/checkpoints_2025-10-08 10:26:11.109161_VicregLoss_gru_catboost/model_128_0.001_3_10_100_256_32_16_256_VicregLoss_gruepoch=03.ckpt,3,30,0.052168995,27.3816,1.6676,0.0003,4.0902,1.3459,1.3572,0.5702,585.7536,30.1894,47.7879,2.463,34.7244,1.7897,31.7973,1.6388,29.5445,1.5227,28.449,1.4662,27.1967,1.4017,25.9467,5.3104,2.1168,0.4332,1.5382,0.3148,1.4085,0.2883,1.3087,0.2678,1.2602,0.2579,1.2047,0.2466,0.0,0.0,0.0,0.0,0.0,0.0,0.0,0.0,0.0,0.0,0.0,0.0,0.0,0.0,0.0,0.0,0.0,0.0,0.0,0.0,0.0,0.0,0.0,0.0,0.0,0.0,0.0,0.0,0.0,0.0,0.0,0.0,0.0,0.0,0.0,0.532,0.4983
128,0.001,3,10,100,32,16,256,184,440338,73,30,VicregLoss,gru,/home/dpetrovitch/dzagcoffee/train_trace/gender/checkpoints_2025-10-08 10:26:11.109161_VicregLoss_gru_catboost/model_128_0.001_3_10_100_256_32_16_256_VicregLoss_gruepoch=04.ckpt,4,30,0.05482884,26.6978,1.6639,0.0003,4.022,1.432,1.4284,0.5264,568.959,29.316,45.4302,2.3408,34.5703,1.7813,31.7573,1.6363,29.2876,1.5091,27.9782,1.4416,26.6316,1.3722,28.612,5.3073,2.2846,0.4238,1.7385,0.3225,1.597,0.2962,1.4728,0.2732,1.407,0.261,1.3393,0.2484,0.0,0.0,0.0,0.0,0.0,0.0,0.0,0.0,0.0,0.0,0.0,0.0,0.0,0.0,0.0,0.0,0.0,0.0,0.0,0.0,0.0,0.0,0.0,0.0,0.0,0.0,0.0,0.0,0.0,0.0,0.0,0.0,0.0,0.0,0.0,0.536,0.5207
128,0.001,3,10,100,32,16,256,184,440338,73,30,VicregLoss,gru,/home/dpetrovitch/dzagcoffee/train_trace/gender/checkpoints_2025-10-08 10:26:11.109161_VicregLoss_gru_catboost/model_128_0.001_3_10_100_256_32_16_256_VicregLoss_gruepoch=05.ckpt,5,30,0.058923554,25.7737,1.657,0.0004,3.9854,1.4369,1.4351,0.5208,558.3414,28.7932,43.262,2.231,33.0267,1.7032,30.1835,1.5565,28.0477,1.4464,26.9018,1.3873,25.6536,1.3229,26.8994,5.1521,2.0842,0.3992,1.5911,0.3048,1.4542,0.2785,1.3513,0.2588,1.2961,0.2482,1.2359,0.2367,0.0,0.0,0.0,0.0,0.0,0.0,0.0,0.0,0.0,0.0,0.0,0.0,0.0,0.0,0.0,0.0,0.0,0.0,0.0,0.0,0.0,0.0,0.0,0.0,0.0,0.0,0.0,0.0,0.0,0.0,0.0,0.0,0.0,0.0,0.0,0.56,0.5155
128,0.001,3,10,100,32,16,256,184,440338,73,30,VicregLoss,gru,/home/dpetrovitch/dzagcoffee/train_trace/gender/checkpoints_2025-10-08 10:26:11.109161_VicregLoss_gru_catboost/model_128_0.001_3_10_100_256_32_16_256_VicregLoss_gruepoch=06.ckpt,6,30,0.052965667,24.3054,1.6403,0.0004,3.9119,1.6937,1.6822,0.488,523.6869,27.0066,38.307,1.9755,30.8166,1.5892,28.5216,1.4709,26.5074,1.367,25.4467,1.3123,24.248,1.2505,22.9668,8.0307,1.68,0.5874,1.3515,0.4726,1.2508,0.4374,1.1625,0.4065,1.116,0.3902,1.0634,0.3718,0.0,0.0,0.0,0.0,0.0,0.0,0.0,0.0,0.0,0.0,0.0,0.0,0.0,0.0,0.0,0.0,0.0,0.0,0.0,0.0,0.0,0.0,0.0,0.0,0.0,0.0,0.0,0.0,0.0,0.0,0.0,0.0,0.0,0.0,0.0,0.564,0.5332
128,0.001,3,10,100,32,16,256,184,440338,73,30,VicregLoss,gru,/home/dpetrovitch/dzagcoffee/train_trace/gender/checkpoints_2025-10-08 10:26:11.109161_VicregLoss_gru_catboost/model_128_0.001_3_10_100_256_32_16_256_VicregLoss_gruepoch=07.ckpt,7,30,0.05042575,24.4224,1.6672,0.0003,3.9831,1.4562,1.4577,0.5323,535.7248,27.9263,40.9468,2.1345,31.4062,1.6371,29.012,1.5123,26.9239,1.4035,25.8272,1.3463,24.6188,1.2833,25.6497,5.9278,1.9605,0.4531,1.5037,0.3475,1.389,0.321,1.2891,0.2979,1.2366,0.2858,1.1787,0.2724,0.0,0.0,0.0,0.0,0.0,0.0,0.0,0.0,0.0,0.0,0.0,0.0,0.0,0.0,0.0,0.0,0.0,0.0,0.0,0.0,0.0,0.0,0.0,0.0,0.0,0.0,0.0,0.0,0.0,0.0,0.0,0.0,0.0,0.0,0.0,0.524,0.4745
128,0.001,3,10,100,32,16,256,184,440338,73,30,VicregLoss,gru,/home/dpetrovitch/dzagcoffee/train_trace/gender/checkpoints_2025-10-08 10:26:11.109161_VicregLoss_gru_catboost/model_128_0.001_3_10_100_256_32_16_256_VicregLoss_gruepoch=08.ckpt,8,30,0.054773163,24.9788,1.6616,0.0004,3.8876,1.6408,1.6114,0.4875,539.3696,27.8217,42.048,2.1689,33.0872,1.7067,30.2428,1.56,27.8682,1.4375,26.6222,1.3732,25.1967,1.2997,24.4093,5.6903,1.9029,0.4436,1.4974,0.3491,1.3686,0.3191,1.2612,0.294,1.2048,0.2809,1.1403,0.2658,0.0,0.0,0.0,0.0,0.0,0.0,0.0,0.0,0.0,0.0,0.0,0.0,0.0,0.0,0.0,0.0,0.0,0.0,0.0,0.0,0.0,0.0,0.0,0.0,0.0,0.0,0.0,0.0,0.0,0.0,0.0,0.0,0.0,0.0,0.0,0.496,0.4374
128,0.001,3,10,100,32,16,256,184,440338,73,30,VicregLoss,gru,/home/dpetrovitch/dzagcoffee/train_trace/gender/checkpoints_2025-10-08 10:26:11.109161_VicregLoss_gru_catboost/model_128_0.001_3_10_100_256_32_16_256_VicregLoss_gruepoch=09.ckpt,9,30,0.055556983,25.0502,1.667,0.0004,3.9271,1.7079,1.7225,0.4869,534.9637,27.5023,41.6517,2.1413,33.1678,1.7051,30.6536,1.5759,28.5432,1.4674,27.3975,1.4085,26.0235,1.3379,27.3538,5.1954,2.1297,0.4045,1.6959,0.3221,1.5674,0.2977,1.4595,0.2772,1.4009,0.2661,1.3306,0.2527,0.0,0.0,0.0,0.0,0.0,0.0,0.0,0.0,0.0,0.0,0.0,0.0,0.0,0.0,0.0,0.0,0.0,0.0,0.0,0.0,0.0,0.0,0.0,0.0,0.0,0.0,0.0,0.0,0.0,0.0,0.0,0.0,0.0,0.0,0.0,0.544,0.5013
128,0.001,3,10,100,32,16,256,184,440338,73,30,VicregLoss,gru,/home/dpetrovitch/dzagcoffee/train_trace/gender/checkpoints_2025-10-08 10:26:11.109161_VicregLoss_gru_catboost/model_128_0.001_3_10_100_256_32_16_256_VicregLoss_gruepoch=10.ckpt,10,30,0.055993866,24.5846,1.6591,0.0004,3.9007,1.693,1.6934,0.4839,527.4054,27.0432,42.337,2.1709,33.1372,1.6991,30.4492,1.5613,28.2363,1.4478,27.0461,1.3868,25.6562,1.3155,25.3951,4.6201,2.0386,0.3709,1.5956,0.2903,1.4662,0.2667,1.3596,0.2474,1.3023,0.2369,1.2354,0.2248,0.0,0.0,0.0,0.0,0.0,0.0,0.0,0.0,0.0,0.0,0.0,0.0,0.0,0.0,0.0,0.0,0.0,0.0,0.0,0.0,0.0,0.0,0.0,0.0,0.0,0.0,0.0,0.0,0.0,0.0,0.0,0.0,0.0,0.0,0.0,0.548,0.4923
128,0.001,3,10,100,32,16,256,184,440338,73,30,VicregLoss,gru,/home/dpetrovitch/dzagcoffee/train_trace/gender/checkpoints_2025-10-08 10:26:11.109161_VicregLoss_gru_catboost/model_128_0.001_3_10_100_256_32_16_256_VicregLoss_gruepoch=11.ckpt,11,30,0.056944728,22.86,1.6619,0.0004,3.909,1.6851,1.7025,0.4879,504.8084,26.0962,39.5529,2.0447,30.4385,1.5735,27.8181,1.4381,25.8481,1.3362,24.8731,1.2858,23.7237,1.2264,23.6972,4.8085,1.8567,0.3768,1.4289,0.2899,1.3059,0.265,1.2134,0.2462,1.1676,0.2369,1.1137,0.226,0.0,0.0,0.0,0.0,0.0,0.0,0.0,0.0,0.0,0.0,0.0,0.0,0.0,0.0,0.0,0.0,0.0,0.0,0.0,0.0,0.0,0.0,0.0,0.0,0.0,0.0,0.0,0.0,0.0,0.0,0.0,0.0,0.0,0.0,0.0,0.56,0.4992
128,0.001,3,10,100,32,16,256,184,440338,73,30,VicregLoss,gru,/home/dpetrovitch/dzagcoffee/train_trace/gender/checkpoints_2025-10-08 10:26:11.109161_VicregLoss_gru_catboost/model_128_0.001_3_10_100_256_32_16_256_VicregLoss_gruepoch=12.ckpt,12,30,0.05802409,22.2521,1.6483,0.0004,3.9037,1.5743,1.5737,0.5057,502.5329,26.0989,38.1593,1.9818,29.9511,1.5555,27.6734,1.4372,25.8525,1.3426,24.8448,1.2903,23.718,1.2318,26.9269,4.6574,2.0447,0.3537,1.6048,0.2776,1.4828,0.2565,1.3852,0.2396,1.3312,0.2303,1.2709,0.2198,0.0,0.0,0.0,0.0,0.0,0.0,0.0,0.0,0.0,0.0,0.0,0.0,0.0,0.0,0.0,0.0,0.0,0.0,0.0,0.0,0.0,0.0,0.0,0.0,0.0,0.0,0.0,0.0,0.0,0.0,0.0,0.0,0.0,0.0,0.0,0.548,0.5034
128,0.001,3,10,100,32,16,256,184,440338,73,30,VicregLoss,gru,/home/dpetrovitch/dzagcoffee/train_trace/gender/checkpoints_2025-10-08 10:26:11.109161_VicregLoss_gru_catboost/model_128_0.001_3_10_100_256_32_16_256_VicregLoss_gruepoch=13.ckpt,13,30,0.058816474,21.9559,1.6591,0.0004,3.8853,1.7051,1.6948,0.4883,483.1582,24.9599,36.7451,1.8982,29.0715,1.5018,26.8204,1.3855,24.9813,1.2905,24.0311,1.2414,23.006,1.1885,22.3439,5.9343,1.6993,0.4513,1.3444,0.3571,1.2403,0.3294,1.1553,0.3068,1.1113,0.2952,1.0639,0.2826,0.0,0.0,0.0,0.0,0.0,0.0,0.0,0.0,0.0,0.0,0.0,0.0,0.0,0.0,0.0,0.0,0.0,0.0,0.0,0.0,0.0,0.0,0.0,0.0,0.0,0.0,0.0,0.0,0.0,0.0,0.0,0.0,0.0,0.0,0.0,0.524,0.4839
128,0.001,3,10,100,32,16,256,184,440338,73,30,VicregLoss,gru,/home/dpetrovitch/dzagcoffee/train_trace/gender/checkpoints_2025-10-08 10:26:11.109161_VicregLoss_gru_catboost/model_128_0.001_3_10_100_256_32_16_256_VicregLoss_gruepoch=14.ckpt,14,30,0.05564693,21.6479,1.6565,0.0004,3.8924,1.6721,1.66,0.4918,483.475,24.8242,37.6873,1.9351,29.6235,1.521,27.3517,1.4044,25.3949,1.3039,24.3907,1.2523,23.2776,1.1952,24.8821,6.1943,1.9396,0.4828,1.5246,0.3795,1.4077,0.3504,1.307,0.3254,1.2553,0.3125,1.198,0.2982,0.0,0.0,0.0,0.0,0.0,0.0,0.0,0.0,0.0,0.0,0.0,0.0,0.0,0.0,0.0,0.0,0.0,0.0,0.0,0.0,0.0,0.0,0.0,0.0,0.0,0.0,0.0,0.0,0.0,0.0,0.0,0.0,0.0,0.0,0.0,0.556,0.5279
128,0.001,3,10,100,32,16,256,184,440338,73,30,VicregLoss,gru,/home/dpetrovitch/dzagcoffee/train_trace/gender/checkpoints_2025-10-08 10:26:11.109161_VicregLoss_gru_catboost/model_128_0.001_3_10_100_256_32_16_256_VicregLoss_gruepoch=15.ckpt,15,30,0.06272272,22.2058,1.6445,0.0004,3.8728,1.9344,1.9353,0.476,486.0536,24.7227,38.5186,1.9592,30.6323,1.5581,28.1956,1.4341,26.1361,1.3294,25.0949,1.2764,23.8509,1.2132,23.3733,7.1624,1.8523,0.5676,1.473,0.4514,1.3559,0.4155,1.2568,0.3851,1.2068,0.3698,1.1469,0.3515,0.0,0.0,0.0,0.0,0.0,0.0,0.0,0.0,0.0,0.0,0.0,0.0,0.0,0.0,0.0,0.0,0.0,0.0,0.0,0.0,0.0,0.0,0.0,0.0,0.0,0.0,0.0,0.0,0.0,0.0,0.0,0.0,0.0,0.0,0.0,0.552,0.5181
128,0.001,3,10,100,32,16,256,184,440338,73,30,VicregLoss,gru,/home/dpetrovitch/dzagcoffee/train_trace/gender/checkpoints_2025-10-08 10:26:11.109161_VicregLoss_gru_catboost/model_128_0.001_3_10_100_256_32_16_256_VicregLoss_gruepoch=16.ckpt,16,30,0.05464895,21.029,1.633,0.0003,3.8554,1.7673,1.7827,0.4837,479.103,24.5306,36.0113,1.8438,28.6313,1.466,26.5389,1.3588,24.8492,1.2723,23.9565,1.2266,22.8831,1.1716,22.9762,6.945,1.727,0.522,1.3731,0.415,1.2727,0.3847,1.1917,0.3602,1.1489,0.3473,1.0974,0.3317,0.0,0.0,0.0,0.0,0.0,0.0,0.0,0.0,0.0,0.0,0.0,0.0,0.0,0.0,0.0,0.0,0.0,0.0,0.0,0.0,0.0,0.0,0.0,0.0,0.0,0.0,0.0,0.0,0.0,0.0,0.0,0.0,0.0,0.0,0.0,0.564,0.5472
128,0.001,3,10,100,32,16,256,184,440338,73,30,VicregLoss,gru,/home/dpetrovitch/dzagcoffee/train_trace/gender/checkpoints_2025-10-08 10:26:11.109161_VicregLoss_gru_catboost/model_128_0.001_3_10_100_256_32_16_256_VicregLoss_gruepoch=17.ckpt,17,30,0.06137781,21.0999,1.6588,0.0003,3.8832,1.6707,1.6671,0.4948,468.9406,24.0624,37.0501,1.9011,29.0234,1.4893,26.8264,1.3765,24.9804,1.2818,24.0105,1.232,22.8501,1.1725,23.5912,6.0902,1.8639,0.4812,1.4601,0.3769,1.3496,0.3484,1.2567,0.3244,1.2079,0.3118,1.1495,0.2968,0.0,0.0,0.0,0.0,0.0,0.0,0.0,0.0,0.0,0.0,0.0,0.0,0.0,0.0,0.0,0.0,0.0,0.0,0.0,0.0,0.0,0.0,0.0,0.0,0.0,0.0,0.0,0.0,0.0,0.0,0.0,0.0,0.0,0.0,0.0,0.56,0.5058
128,0.001,3,10,100,32,16,256,184,440338,73,30,VicregLoss,gru,/home/dpetrovitch/dzagcoffee/train_trace/gender/checkpoints_2025-10-08 10:26:11.109161_VicregLoss_gru_catboost/model_128_0.001_3_10_100_256_32_16_256_VicregLoss_gruepoch=18.ckpt,18,30,0.061300714,20.5072,1.6555,0.0004,3.8722,1.9301,1.9276,0.4787,456.4064,23.6272,34.8057,1.8018,28.026,1.4509,25.9805,1.345,24.2949,1.2577,23.404,1.2116,22.3082,1.1548,22.0946,6.3904,1.6849,0.4873,1.3567,0.3924,1.2577,0.3638,1.1761,0.3402,1.133,0.3277,1.0799,0.3123,0.0,0.0,0.0,0.0,0.0,0.0,0.0,0.0,0.0,0.0,0.0,0.0,0.0,0.0,0.0,0.0,0.0,0.0,0.0,0.0,0.0,0.0,0.0,0.0,0.0,0.0,0.0,0.0,0.0,0.0,0.0,0.0,0.0,0.0,0.0,0.536,0.5042
128,0.001,3,10,100,32,16,256,184,440338,73,30,VicregLoss,gru,/home/dpetrovitch/dzagcoffee/train_trace/gender/checkpoints_2025-10-08 10:26:11.109161_VicregLoss_gru_catboost/model_128_0.001_3_10_100_256_32_16_256_VicregLoss_gruepoch=19.ckpt,19,30,0.05511582,20.1137,1.6616,0.0003,3.8911,1.7578,1.7536,0.4854,452.3674,23.5833,35.1016,1.83,27.7066,1.4444,25.6038,1.3348,23.8394,1.2428,22.9251,1.1952,21.874,1.1404,23.2097,5.6015,1.801,0.4346,1.4215,0.3431,1.3137,0.317,1.2231,0.2952,1.1762,0.2839,1.1223,0.2709,0.0,0.0,0.0,0.0,0.0,0.0,0.0,0.0,0.0,0.0,0.0,0.0,0.0,0.0,0.0,0.0,0.0,0.0,0.0,0.0,0.0,0.0,0.0,0.0,0.0,0.0,0.0,0.0,0.0,0.0,0.0,0.0,0.0,0.0,0.0,0.572,0.5484
128,0.001,3,10,100,32,16,256,184,440338,73,30,VicregLoss,gru,/home/dpetrovitch/dzagcoffee/train_trace/gender/checkpoints_2025-10-08 10:26:11.109161_VicregLoss_gru_catboost/model_128_0.001_3_10_100_256_32_16_256_VicregLoss_gruepoch=20.ckpt,20,30,0.056657758,20.3221,1.657,0.0004,3.8704,1.7929,1.7906,0.4815,455.2743,23.5579,35.724,1.8485,28.4026,1.4697,26.188,1.3551,24.3193,1.2584,23.3323,1.2073,22.058,1.1414,21.7541,5.6065,1.707,0.4399,1.3571,0.3498,1.2513,0.3225,1.162,0.2995,1.1149,0.2873,1.054,0.2716,0.0,0.0,0.0,0.0,0.0,0.0,0.0,0.0,0.0,0.0,0.0,0.0,0.0,0.0,0.0,0.0,0.0,0.0,0.0,0.0,0.0,0.0,0.0,0.0,0.0,0.0,0.0,0.0,0.0,0.0,0.0,0.0,0.0,0.0,0.0,0.544,0.5211
128,0.001,3,10,100,32,16,256,184,440338,73,30,VicregLoss,gru,/home/dpetrovitch/dzagcoffee/train_trace/gender/checkpoints_2025-10-08 10:26:11.109161_VicregLoss_gru_catboost/model_128_0.001_3_10_100_256_32_16_256_VicregLoss_gruepoch=21.ckpt,21,30,0.05637935,20.2114,1.6525,0.0003,3.8815,1.8285,1.8342,0.4823,447.8976,23.1115,35.8991,1.8524,28.3154,1.4611,26.0388,1.3436,24.1499,1.2461,23.2239,1.1983,22.0803,1.1393,23.475,6.0512,1.8815,0.485,1.4841,0.3825,1.3647,0.3518,1.2657,0.3263,1.2172,0.3138,1.1573,0.2983,0.0,0.0,0.0,0.0,0.0,0.0,0.0,0.0,0.0,0.0,0.0,0.0,0.0,0.0,0.0,0.0,0.0,0.0,0.0,0.0,0.0,0.0,0.0,0.0,0.0,0.0,0.0,0.0,0.0,0.0,0.0,0.0,0.0,0.0,0.0,0.532,0.5033
128,0.001,3,10,100,32,16,256,184,440338,73,30,VicregLoss,gru,/home/dpetrovitch/dzagcoffee/train_trace/gender/checkpoints_2025-10-08 10:26:11.109161_VicregLoss_gru_catboost/model_128_0.001_3_10_100_256_32_16_256_VicregLoss_gruepoch=22.ckpt,22,30,0.05499589,20.271,1.6552,0.0004,3.8818,1.803,1.8029,0.4827,453.0728,23.3417,36.5005,1.8805,29.0063,1.4944,26.706,1.3759,24.7714,1.2762,23.735,1.2228,22.4589,1.1571,22.5371,5.3838,1.8156,0.4337,1.4429,0.3447,1.3284,0.3173,1.2322,0.2944,1.1806,0.282,1.1172,0.2669,0.0,0.0,0.0,0.0,0.0,0.0,0.0,0.0,0.0,0.0,0.0,0.0,0.0,0.0,0.0,0.0,0.0,0.0,0.0,0.0,0.0,0.0,0.0,0.0,0.0,0.0,0.0,0.0,0.0,0.0,0.0,0.0,0.0,0.0,0.0,0.528,0.5314
128,0.001,3,10,100,32,16,256,184,440338,73,30,VicregLoss,gru,/home/dpetrovitch/dzagcoffee/train_trace/gender/checkpoints_2025-10-08 10:26:11.109161_VicregLoss_gru_catboost/model_128_0.001_3_10_100_256_32_16_256_VicregLoss_gruepoch=23.ckpt,23,30,0.061870378,20.0572,1.649,0.0004,3.8824,1.8947,1.8998,0.4799,436.9517,22.5008,36.9343,1.9019,29.0173,1.4942,26.6249,1.371,24.6392,1.2688,23.6253,1.2166,22.3842,1.1527,22.0841,5.2416,1.8667,0.4431,1.4666,0.3481,1.3457,0.3194,1.2453,0.2956,1.1941,0.2834,1.1313,0.2685,0.0,0.0,0.0,0.0,0.0,0.0,0.0,0.0,0.0,0.0,0.0,0.0,0.0,0.0,0.0,0.0,0.0,0.0,0.0,0.0,0.0,0.0,0.0,0.0,0.0,0.0,0.0,0.0,0.0,0.0,0.0,0.0,0.0,0.0,0.0,0.548,0.5386
128,0.001,3,10,100,32,16,256,184,440338,73,30,VicregLoss,gru,/home/dpetrovitch/dzagcoffee/train_trace/gender/checkpoints_2025-10-08 10:26:11.109161_VicregLoss_gru_catboost/model_128_0.001_3_10_100_256_32_16_256_VicregLoss_gruepoch=24.ckpt,24,30,0.06154914,19.3109,1.6536,0.0003,3.8826,1.815,1.809,0.4848,439.1268,22.6876,35.2151,1.8194,27.759,1.4342,25.587,1.322,23.845,1.232,22.9589,1.1862,21.8758,1.1302,22.5537,5.9557,1.8087,0.4776,1.4257,0.3765,1.3142,0.347,1.2247,0.3234,1.1792,0.3114,1.1235,0.2967,0.0,0.0,0.0,0.0,0.0,0.0,0.0,0.0,0.0,0.0,0.0,0.0,0.0,0.0,0.0,0.0,0.0,0.0,0.0,0.0,0.0,0.0,0.0,0.0,0.0,0.0,0.0,0.0,0.0,0.0,0.0,0.0,0.0,0.0,0.0,0.544,0.5006
128,0.001,3,10,100,32,16,256,184,440338,73,30,VicregLoss,gru,/home/dpetrovitch/dzagcoffee/train_trace/gender/checkpoints_2025-10-08 10:26:11.109161_VicregLoss_gru_catboost/model_128_0.001_3_10_100_256_32_16_256_VicregLoss_gruepoch=25.ckpt,25,30,0.056315105,19.5091,1.6485,0.0003,3.8913,1.8909,1.8888,0.479,432.8939,22.2604,36.5584,1.8799,28.7962,1.4808,26.3564,1.3553,24.3424,1.2517,23.3047,1.1984,22.0395,1.1333,23.0519,4.5219,1.9468,0.3819,1.5334,0.3008,1.4035,0.2753,1.2962,0.2543,1.241,0.2434,1.1736,0.2302,0.0,0.0,0.0,0.0,0.0,0.0,0.0,0.0,0.0,0.0,0.0,0.0,0.0,0.0,0.0,0.0,0.0,0.0,0.0,0.0,0.0,0.0,0.0,0.0,0.0,0.0,0.0,0.0,0.0,0.0,0.0,0.0,0.0,0.0,0.0,0.528,0.4919
128,0.001,3,10,100,32,16,256,184,440338,73,30,VicregLoss,gru,/home/dpetrovitch/dzagcoffee/train_trace/gender/checkpoints_2025-10-08 10:26:11.109161_VicregLoss_gru_catboost/model_128_0.001_3_10_100_256_32_16_256_VicregLoss_gruepoch=26.ckpt,26,30,0.06186609,19.1625,1.6576,0.0003,3.8795,1.8422,1.8376,0.4822,433.6753,22.346,35.4795,1.8282,28.0109,1.4433,25.7335,1.326,23.8767,1.2303,22.9301,1.1815,21.7795,1.1222,19.4281,4.952,1.5894,0.4051,1.2549,0.3198,1.1528,0.2938,1.0696,0.2726,1.0272,0.2618,0.9757,0.2487,0.0,0.0,0.0,0.0,0.0,0.0,0.0,0.0,0.0,0.0,0.0,0.0,0.0,0.0,0.0,0.0,0.0,0.0,0.0,0.0,0.0,0.0,0.0,0.0,0.0,0.0,0.0,0.0,0.0,0.0,0.0,0.0,0.0,0.0,0.0,0.524,0.4856
128,0.001,3,10,100,32,16,256,184,440338,73,30,VicregLoss,gru,/home/dpetrovitch/dzagcoffee/train_trace/gender/checkpoints_2025-10-08 10:26:11.109161_VicregLoss_gru_catboost/model_128_0.001_3_10_100_256_32_16_256_VicregLoss_gruepoch=27.ckpt,27,30,0.060628254,19.4548,1.6378,0.0003,3.8974,1.9518,1.9508,0.4784,432.5026,22.2496,37.1516,1.9112,29.291,1.5068,26.9016,1.3839,24.8686,1.2793,23.8152,1.2251,22.4864,1.1568,23.0362,4.4762,1.9788,0.3845,1.5601,0.3031,1.4328,0.2784,1.3246,0.2574,1.2685,0.2465,1.1977,0.2327,0.0,0.0,0.0,0.0,0.0,0.0,0.0,0.0,0.0,0.0,0.0,0.0,0.0,0.0,0.0,0.0,0.0,0.0,0.0,0.0,0.0,0.0,0.0,0.0,0.0,0.0,0.0,0.0,0.0,0.0,0.0,0.0,0.0,0.0,0.0,0.54,0.4906
128,0.001,3,10,100,32,16,256,184,440338,73,30,VicregLoss,gru,/home/dpetrovitch/dzagcoffee/train_trace/gender/checkpoints_2025-10-08 10:26:11.109161_VicregLoss_gru_catboost/model_128_0.001_3_10_100_256_32_16_256_VicregLoss_gruepoch=28.ckpt,28,30,0.059711654,19.0328,1.6643,0.0003,3.9271,1.651,1.6599,0.5012,421.195,21.8469,35.6826,1.8508,27.5764,1.4304,25.264,1.3104,23.4279,1.2152,22.5331,1.1688,21.396,1.1098,21.4177,4.8161,1.8145,0.408,1.4023,0.3153,1.2847,0.2889,1.1913,0.2679,1.1458,0.2577,1.088,0.2447,0.0,0.0,0.0,0.0,0.0,0.0,0.0,0.0,0.0,0.0,0.0,0.0,0.0,0.0,0.0,0.0,0.0,0.0,0.0,0.0,0.0,0.0,0.0,0.0,0.0,0.0,0.0,0.0,0.0,0.0,0.0,0.0,0.0,0.0,0.0,0.556,0.4959
128,0.001,3,10,100,32,16,256,184,440338,73,30,VicregLoss,gru,/home/dpetrovitch/dzagcoffee/train_trace/gender/checkpoints_2025-10-08 10:26:11.109161_VicregLoss_gru_catboost/model_128_0.001_3_10_100_256_32_16_256_VicregLoss_gruepoch=29.ckpt,29,30,0.058144018,18.1923,1.6543,0.0003,3.8731,1.9751,1.9852,0.4802,415.9466,21.4722,34.2265,1.7669,26.9115,1.3892,24.743,1.2773,22.9878,1.1867,22.0833,1.14,21.0269,1.0855,20.4645,6.0215,1.6839,0.4955,1.324,0.3896,1.2174,0.3582,1.131,0.3328,1.0865,0.3197,1.0345,0.3044,0.0,0.0,0.0,0.0,0.0,0.0,0.0,0.0,0.0,0.0,0.0,0.0,0.0,0.0,0.0,0.0,0.0,0.0,0.0,0.0,0.0,0.0,0.0,0.0,0.0,0.0,0.0,0.0,0.0,0.0,0.0,0.0,0.0,0.0,0.0,0.548,0.5345
128,0.001,3,10,100,64,16,256,184,440338,73,30,VicregLoss,gru,/home/dpetrovitch/dzagcoffee/train_trace/gender/checkpoints_2025-10-08 10:26:11.109161_VicregLoss_gru_catboost/model_128_0.001_3_10_100_256_64_16_256_VicregLoss_gruepoch=00.ckpt,0,30,0.049282145,30.5178,1.6734,0.0003,4.1143,1.0563,1.0572,0.7934,628.0766,33.1152,62.6624,3.3039,34.5776,1.8231,31.1792,1.6439,28.6907,1.5127,27.5957,1.455,26.274,1.3853,24.7213,2.6016,2.4664,0.2596,1.361,0.1432,1.2272,0.1291,1.1293,0.1188,1.0862,0.1143,1.0342,0.1088,0.0,0.0,0.0,0.0,0.0,0.0,0.0,0.0,0.0,0.0,0.0,0.0,0.0,0.0,0.0,0.0,0.0,0.0,0.0,0.0,0.0,0.0,0.0,0.0,0.0,0.0,0.0,0.0,0.0,0.0,0.0,0.0,0.0,0.0,0.0,0.592,0.5
128,0.001,3,10,100,64,16,256,184,440338,73,30,VicregLoss,gru,/home/dpetrovitch/dzagcoffee/train_trace/gender/checkpoints_2025-10-08 10:26:11.109161_VicregLoss_gru_catboost/model_128_0.001_3_10_100_256_64_16_256_VicregLoss_gruepoch=01.ckpt,1,30,0.043812532,21.1967,1.6765,0.0002,4.2826,1.0285,1.0334,0.8918,497.3455,28.2185,67.195,3.8125,22.8731,1.2978,21.3862,1.2134,20.3331,1.1537,19.8235,1.1248,19.102,1.0838,15.81,1.7998,2.136,0.2432,0.7271,0.0828,0.6798,0.0774,0.6464,0.0736,0.6302,0.0717,0.6072,0.0691,0.0,0.0,0.0,0.0,0.0,0.0,0.0,0.0,0.0,0.0,0.0,0.0,0.0,0.0,0.0,0.0,0.0,0.0,0.0,0.0,0.0,0.0,0.0,0.0,0.0,0.0,0.0,0.0,0.0,0.0,0.0,0.0,0.0,0.0,0.0,0.544,0.5249
128,0.001,3,10,100,64,16,256,184,440338,73,30,VicregLoss,gru,/home/dpetrovitch/dzagcoffee/train_trace/gender/checkpoints_2025-10-08 10:26:11.109161_VicregLoss_gru_catboost/model_128_0.001_3_10_100_256_64_16_256_VicregLoss_gruepoch=02.ckpt,2,30,0.049162213,21.1279,1.6737,0.0002,4.3032,1.0416,1.0472,0.84,495.302,28.0469,48.0016,2.7181,22.5568,1.2773,21.1929,1.2001,20.2099,1.1444,19.6939,1.1152,18.9474,1.0729,15.9433,2.2243,1.5451,0.2156,0.7261,0.1013,0.6822,0.0952,0.6505,0.0908,0.6339,0.0884,0.6099,0.0851,0.0,0.0,0.0,0.0,0.0,0.0,0.0,0.0,0.0,0.0,0.0,0.0,0.0,0.0,0.0,0.0,0.0,0.0,0.0,0.0,0.0,0.0,0.0,0.0,0.0,0.0,0.0,0.0,0.0,0.0,0.0,0.0,0.0,0.0,0.0,0.552,0.5293
128,0.001,3,10,100,64,16,256,184,440338,73,30,VicregLoss,gru,/home/dpetrovitch/dzagcoffee/train_trace/gender/checkpoints_2025-10-08 10:26:11.109161_VicregLoss_gru_catboost/model_128_0.001_3_10_100_256_64_16_256_VicregLoss_gruepoch=03.ckpt,3,30,0.0417352,17.2595,1.6751,1e-04,4.4053,1.0216,1.0197,0.9112,413.355,25.9063,85.4921,5.3581,17.445,1.0933,16.4634,1.0318,15.7785,0.9889,15.4088,0.9657,14.9633,0.9378,10.23,1.2324,2.1158,0.2549,0.4317,0.052,0.4074,0.0491,0.3905,0.047,0.3813,0.0459,0.3703,0.0446,0.0,0.0,0.0,0.0,0.0,0.0,0.0,0.0,0.0,0.0,0.0,0.0,0.0,0.0,0.0,0.0,0.0,0.0,0.0,0.0,0.0,0.0,0.0,0.0,0.0,0.0,0.0,0.0,0.0,0.0,0.0,0.0,0.0,0.0,0.0,0.5,0.479
128,0.001,3,10,100,64,16,256,184,440338,73,30,VicregLoss,gru,/home/dpetrovitch/dzagcoffee/train_trace/gender/checkpoints_2025-10-08 10:26:11.109161_VicregLoss_gru_catboost/model_128_0.001_3_10_100_256_64_16_256_VicregLoss_gruepoch=04.ckpt,4,30,0.04673794,11.9976,1.6779,1e-04,4.5142,1.01,1.0126,0.9535,325.5348,21.9812,123.588,8.3451,13.4551,0.9085,12.7043,0.8578,12.2295,0.8258,11.9621,0.8077,11.6387,0.7859,7.2407,1.0142,2.7489,0.385,0.2993,0.0419,0.2826,0.0396,0.272,0.0381,0.2661,0.0373,0.2589,0.0363,0.0,0.0,0.0,0.0,0.0,0.0,0.0,0.0,0.0,0.0,0.0,0.0,0.0,0.0,0.0,0.0,0.0,0.0,0.0,0.0,0.0,0.0,0.0,0.0,0.0,0.0,0.0,0.0,0.0,0.0,0.0,0.0,0.0,0.0,0.0,0.544,0.4952
128,0.001,3,10,100,64,16,256,184,440338,73,30,VicregLoss,gru,/home/dpetrovitch/dzagcoffee/train_trace/gender/checkpoints_2025-10-08 10:26:11.109161_VicregLoss_gru_catboost/model_128_0.001_3_10_100_256_64_16_256_VicregLoss_gruepoch=05.ckpt,5,30,0.042065,11.3647,1.6779,1e-04,4.5752,1.0087,1.0108,0.953,311.7633,22.5794,127.6403,9.2443,12.4871,0.9044,11.7637,0.852,11.3546,0.8224,11.1365,0.8066,10.8948,0.7891,6.5776,0.899,2.693,0.3681,0.2635,0.036,0.2482,0.0339,0.2396,0.0327,0.235,0.0321,0.2299,0.0314,0.0,0.0,0.0,0.0,0.0,0.0,0.0,0.0,0.0,0.0,0.0,0.0,0.0,0.0,0.0,0.0,0.0,0.0,0.0,0.0,0.0,0.0,0.0,0.0,0.0,0.0,0.0,0.0,0.0,0.0,0.0,0.0,0.0,0.0,0.0,0.56,0.5075
128,0.001,3,10,100,64,16,256,184,440338,73,30,VicregLoss,gru,/home/dpetrovitch/dzagcoffee/train_trace/gender/checkpoints_2025-10-08 10:26:11.109161_VicregLoss_gru_catboost/model_128_0.001_3_10_100_256_64_16_256_VicregLoss_gruepoch=06.ckpt,6,30,0.04573996,9.9534,1.6781,1e-04,4.5489,1.0073,1.0081,0.9614,282.3281,22.0624,63.554,4.9664,10.6941,0.8357,10.2364,0.7999,9.9676,0.7789,9.8357,0.7686,9.6785,0.7563,6.8644,1.0193,1.5452,0.2295,0.26,0.0386,0.2489,0.037,0.2423,0.036,0.2391,0.0355,0.2353,0.0349,0.0,0.0,0.0,0.0,0.0,0.0,0.0,0.0,0.0,0.0,0.0,0.0,0.0,0.0,0.0,0.0,0.0,0.0,0.0,0.0,0.0,0.0,0.0,0.0,0.0,0.0,0.0,0.0,0.0,0.0,0.0,0.0,0.0,0.0,0.0,0.52,0.4854
128,0.001,3,10,100,64,16,256,184,440338,73,30,VicregLoss,gru,/home/dpetrovitch/dzagcoffee/train_trace/gender/checkpoints_2025-10-08 10:26:11.109161_VicregLoss_gru_catboost/model_128_0.001_3_10_100_256_64_16_256_VicregLoss_gruepoch=07.ckpt,7,30,0.042608965,59.647,1.6556,0.0009,3.9351,1.4962,1.4818,0.3425,931.261,46.0965,115.226,5.7036,90.1545,4.4626,78.655,3.8933,67.0609,3.3194,60.5139,2.9954,52.9868,2.6228,46.8036,4.0936,5.7911,0.5065,4.531,0.3963,3.9531,0.3457,3.3704,0.2948,3.0413,0.266,2.663,0.2329,0.0,0.0,0.0,0.0,0.0,0.0,0.0,0.0,0.0,0.0,0.0,0.0,0.0,0.0,0.0,0.0,0.0,0.0,0.0,0.0,0.0,0.0,0.0,0.0,0.0,0.0,0.0,0.0,0.0,0.0,0.0,0.0,0.0,0.0,0.0,0.524,0.5272
128,0.001,3,10,100,64,16,256,184,440338,73,30,VicregLoss,gru,/home/dpetrovitch/dzagcoffee/train_trace/gender/checkpoints_2025-10-08 10:26:11.109161_VicregLoss_gru_catboost/model_128_0.001_3_10_100_256_64_16_256_VicregLoss_gruepoch=08.ckpt,8,30,0.048588265,46.7429,1.6651,0.0006,3.8968,1.3566,1.3537,0.4647,873.5992,44.433,78.0667,3.9706,57.7208,2.9358,50.4339,2.5652,44.6422,2.2706,42.0319,2.1378,39.1655,1.992,37.7057,4.341,3.3695,0.3879,2.4913,0.2868,2.1768,0.2506,1.9268,0.2218,1.8142,0.2089,1.6904,0.1946,0.0,0.0,0.0,0.0,0.0,0.0,0.0,0.0,0.0,0.0,0.0,0.0,0.0,0.0,0.0,0.0,0.0,0.0,0.0,0.0,0.0,0.0,0.0,0.0,0.0,0.0,0.0,0.0,0.0,0.0,0.0,0.0,0.0,0.0,0.0,0.564,0.5596
128,0.001,3,10,100,64,16,256,184,440338,73,30,VicregLoss,gru,/home/dpetrovitch/dzagcoffee/train_trace/gender/checkpoints_2025-10-08 10:26:11.109161_VicregLoss_gru_catboost/model_128_0.001_3_10_100_256_64_16_256_VicregLoss_gruepoch=09.ckpt,9,30,0.04989035,39.5201,1.665,0.0005,3.9244,1.3137,1.3106,0.5327,778.6321,40.1781,58.5571,3.0216,42.2641,2.1809,38.1956,1.9709,34.9984,1.806,33.6124,1.7344,32.121,1.6575,33.8796,6.4596,2.5479,0.4858,1.839,0.3506,1.662,0.3169,1.5228,0.2903,1.4625,0.2789,1.3976,0.2665,0.0,0.0,0.0,0.0,0.0,0.0,0.0,0.0,0.0,0.0,0.0,0.0,0.0,0.0,0.0,0.0,0.0,0.0,0.0,0.0,0.0,0.0,0.0,0.0,0.0,0.0,0.0,0.0,0.0,0.0,0.0,0.0,0.0,0.0,0.0,0.552,0.5064
128,0.001,3,10,100,64,16,256,184,440338,73,30,VicregLoss,gru,/home/dpetrovitch/dzagcoffee/train_trace/gender/checkpoints_2025-10-08 10:26:11.109161_VicregLoss_gru_catboost/model_128_0.001_3_10_100_256_64_16_256_VicregLoss_gruepoch=10.ckpt,10,30,0.04716197,37.3685,1.6672,0.0005,3.9315,1.2741,1.2735,0.5706,746.5001,38.8837,54.3682,2.8319,38.4946,2.0051,35.1536,1.8311,32.678,1.7021,31.6112,1.6466,30.3779,1.5823,32.3378,6.9887,2.3552,0.509,1.6676,0.3604,1.5228,0.3291,1.4156,0.3059,1.3694,0.2959,1.3159,0.2844,0.0,0.0,0.0,0.0,0.0,0.0,0.0,0.0,0.0,0.0,0.0,0.0,0.0,0.0,0.0,0.0,0.0,0.0,0.0,0.0,0.0,0.0,0.0,0.0,0.0,0.0,0.0,0.0,0.0,0.0,0.0,0.0,0.0,0.0,0.0,0.536,0.51
128,0.001,3,10,100,64,16,256,184,440338,73,30,VicregLoss,gru,/home/dpetrovitch/dzagcoffee/train_trace/gender/checkpoints_2025-10-08 10:26:11.109161_VicregLoss_gru_catboost/model_128_0.001_3_10_100_256_64_16_256_VicregLoss_gruepoch=11.ckpt,11,30,0.05001028,37.2893,1.6593,0.0005,3.8748,1.3469,1.346,0.5385,736.2537,37.8658,52.4239,2.6962,38.7399,1.9924,35.14,1.8073,32.3069,1.6616,31.1812,1.6037,29.9016,1.5379,27.9046,7.8883,1.9869,0.5617,1.4683,0.4151,1.3318,0.3765,1.2245,0.3461,1.1818,0.3341,1.1333,0.3204,0.0,0.0,0.0,0.0,0.0,0.0,0.0,0.0,0.0,0.0,0.0,0.0,0.0,0.0,0.0,0.0,0.0,0.0,0.0,0.0,0.0,0.0,0.0,0.0,0.0,0.0,0.0,0.0,0.0,0.0,0.0,0.0,0.0,0.0,0.0,0.532,0.5036
128,0.001,3,10,100,64,16,256,184,440338,73,30,VicregLoss,gru,/home/dpetrovitch/dzagcoffee/train_trace/gender/checkpoints_2025-10-08 10:26:11.109161_VicregLoss_gru_catboost/model_128_0.001_3_10_100_256_64_16_256_VicregLoss_gruepoch=12.ckpt,12,30,0.053830866,36.7851,1.6688,0.0005,3.8828,1.3144,1.3145,0.5569,729.3559,37.7491,52.0667,2.6948,38.0617,1.9699,34.5746,1.7895,31.8379,1.6478,30.7444,1.5912,29.5238,1.5281,27.0909,6.7902,1.9339,0.4847,1.4137,0.3543,1.2842,0.3219,1.1826,0.2964,1.142,0.2862,1.0966,0.2749,0.0,0.0,0.0,0.0,0.0,0.0,0.0,0.0,0.0,0.0,0.0,0.0,0.0,0.0,0.0,0.0,0.0,0.0,0.0,0.0,0.0,0.0,0.0,0.0,0.0,0.0,0.0,0.0,0.0,0.0,0.0,0.0,0.0,0.0,0.0,0.528,0.4919
128,0.001,3,10,100,64,16,256,184,440338,73,30,VicregLoss,gru,/home/dpetrovitch/dzagcoffee/train_trace/gender/checkpoints_2025-10-08 10:26:11.109161_VicregLoss_gru_catboost/model_128_0.001_3_10_100_256_64_16_256_VicregLoss_gruepoch=13.ckpt,13,30,0.052301776,37.0483,1.6693,0.0005,3.8556,1.35,1.3485,0.5391,734.4221,38.0522,52.0559,2.6971,38.4936,1.9944,35.1621,1.8218,32.448,1.6812,31.2549,1.6194,29.9246,1.5505,29.8456,6.709,2.1155,0.4755,1.5643,0.3516,1.4289,0.3212,1.3186,0.2964,1.2701,0.2855,1.2161,0.2734,0.0,0.0,0.0,0.0,0.0,0.0,0.0,0.0,0.0,0.0,0.0,0.0,0.0,0.0,0.0,0.0,0.0,0.0,0.0,0.0,0.0,0.0,0.0,0.0,0.0,0.0,0.0,0.0,0.0,0.0,0.0,0.0,0.0,0.0,0.0,0.508,0.5091
128,0.001,3,10,100,64,16,256,184,440338,73,30,VicregLoss,gru,/home/dpetrovitch/dzagcoffee/train_trace/gender/checkpoints_2025-10-08 10:26:11.109161_VicregLoss_gru_catboost/model_128_0.001_3_10_100_256_64_16_256_VicregLoss_gruepoch=14.ckpt,14,30,0.050237287,36.7529,1.6696,0.0005,3.8611,1.3425,1.3276,0.5463,724.8934,37.279,51.6437,2.6559,37.8594,1.947,34.4913,1.7738,31.9362,1.6424,30.7338,1.5805,29.4277,1.5134,27.9816,6.0386,1.9935,0.4302,1.4614,0.3154,1.3314,0.2873,1.2328,0.266,1.1864,0.256,1.1359,0.2451,0.0,0.0,0.0,0.0,0.0,0.0,0.0,0.0,0.0,0.0,0.0,0.0,0.0,0.0,0.0,0.0,0.0,0.0,0.0,0.0,0.0,0.0,0.0,0.0,0.0,0.0,0.0,0.0,0.0,0.0,0.0,0.0,0.0,0.0,0.0,0.504,0.4975
128,0.001,3,10,100,64,16,256,184,440338,73,30,VicregLoss,gru,/home/dpetrovitch/dzagcoffee/train_trace/gender/checkpoints_2025-10-08 10:26:11.109161_VicregLoss_gru_catboost/model_128_0.001_3_10_100_256_64_16_256_VicregLoss_gruepoch=15.ckpt,15,30,0.048425507,36.4131,1.6674,0.0005,3.7903,1.4606,1.4605,0.5037,713.7859,36.5606,48.9126,2.5053,37.8438,1.9384,34.68,1.7763,31.8507,1.6314,30.5738,1.566,29.2666,1.4991,28.1463,8.5638,1.9287,0.5868,1.4923,0.454,1.3675,0.4161,1.2559,0.3821,1.2056,0.3668,1.1541,0.3511,0.0,0.0,0.0,0.0,0.0,0.0,0.0,0.0,0.0,0.0,0.0,0.0,0.0,0.0,0.0,0.0,0.0,0.0,0.0,0.0,0.0,0.0,0.0,0.0,0.0,0.0,0.0,0.0,0.0,0.0,0.0,0.0,0.0,0.0,0.0,0.524,0.5057
128,0.001,3,10,100,64,16,256,184,440338,73,30,VicregLoss,gru,/home/dpetrovitch/dzagcoffee/train_trace/gender/checkpoints_2025-10-08 10:26:11.109161_VicregLoss_gru_catboost/model_128_0.001_3_10_100_256_64_16_256_VicregLoss_gruepoch=16.ckpt,16,30,0.05088833,35.0512,1.667,0.0005,3.8413,1.3542,1.3526,0.5469,701.0986,36.1342,48.5649,2.503,36.0338,1.8572,32.9818,1.6999,30.6944,1.582,29.5978,1.5255,28.4353,1.4655,25.7364,6.4228,1.7828,0.4449,1.3228,0.3301,1.2107,0.3021,1.1268,0.2812,1.0865,0.2711,1.0438,0.2605,0.0,0.0,0.0,0.0,0.0,0.0,0.0,0.0,0.0,0.0,0.0,0.0,0.0,0.0,0.0,0.0,0.0,0.0,0.0,0.0,0.0,0.0,0.0,0.0,0.0,0.0,0.0,0.0,0.0,0.0,0.0,0.0,0.0,0.0,0.0,0.484,0.4574
128,0.001,3,10,100,64,16,256,184,440338,73,30,VicregLoss,gru,/home/dpetrovitch/dzagcoffee/train_trace/gender/checkpoints_2025-10-08 10:26:11.109161_VicregLoss_gru_catboost/model_128_0.001_3_10_100_256_64_16_256_VicregLoss_gruepoch=17.ckpt,17,30,0.05409642,35.1608,1.6671,0.0005,3.7963,1.4348,1.4351,0.518,689.7826,35.4666,47.7808,2.4567,36.4785,1.8756,33.3848,1.7165,30.8917,1.5884,29.6727,1.5257,28.3962,1.46,24.5587,6.7192,1.7012,0.4654,1.2988,0.3553,1.1886,0.3252,1.0999,0.3009,1.0565,0.289,1.011,0.2766,0.0,0.0,0.0,0.0,0.0,0.0,0.0,0.0,0.0,0.0,0.0,0.0,0.0,0.0,0.0,0.0,0.0,0.0,0.0,0.0,0.0,0.0,0.0,0.0,0.0,0.0,0.0,0.0,0.0,0.0,0.0,0.0,0.0,0.0,0.0,0.492,0.4534
128,0.001,3,10,100,64,16,256,184,440338,73,30,VicregLoss,gru,/home/dpetrovitch/dzagcoffee/train_trace/gender/checkpoints_2025-10-08 10:26:11.109161_VicregLoss_gru_catboost/model_128_0.001_3_10_100_256_64_16_256_VicregLoss_gruepoch=18.ckpt,18,30,0.05482884,34.8899,1.6697,0.0005,3.7843,1.4424,1.441,0.5157,691.2364,35.7358,47.5843,2.46,36.4563,1.8847,33.3907,1.7262,30.9058,1.5978,29.672,1.534,28.3864,1.4675,24.6827,5.6453,1.6991,0.3886,1.3018,0.2977,1.1923,0.2727,1.1036,0.2524,1.0595,0.2423,1.0136,0.2318,0.0,0.0,0.0,0.0,0.0,0.0,0.0,0.0,0.0,0.0,0.0,0.0,0.0,0.0,0.0,0.0,0.0,0.0,0.0,0.0,0.0,0.0,0.0,0.0,0.0,0.0,0.0,0.0,0.0,0.0,0.0,0.0,0.0,0.0,0.0,0.488,0.4832
128,0.001,3,10,100,64,16,256,184,440338,73,30,VicregLoss,gru,/home/dpetrovitch/dzagcoffee/train_trace/gender/checkpoints_2025-10-08 10:26:11.109161_VicregLoss_gru_catboost/model_128_0.001_3_10_100_256_64_16_256_VicregLoss_gruepoch=19.ckpt,19,30,0.053085595,34.2856,1.669,0.0005,3.8012,1.4207,1.4262,0.5238,678.6757,34.9234,47.3721,2.4377,35.9977,1.8524,33.0089,1.6986,30.509,1.5699,29.3538,1.5105,28.0894,1.4454,25.9551,7.826,1.8117,0.5463,1.3767,0.4151,1.2624,0.3806,1.1668,0.3518,1.1226,0.3385,1.0742,0.3239,0.0,0.0,0.0,0.0,0.0,0.0,0.0,0.0,0.0,0.0,0.0,0.0,0.0,0.0,0.0,0.0,0.0,0.0,0.0,0.0,0.0,0.0,0.0,0.0,0.0,0.0,0.0,0.0,0.0,0.0,0.0,0.0,0.0,0.0,0.0,0.476,0.4581
128,0.001,3,10,100,64,16,256,184,440338,73,30,VicregLoss,gru,/home/dpetrovitch/dzagcoffee/train_trace/gender/checkpoints_2025-10-08 10:26:11.109161_VicregLoss_gru_catboost/model_128_0.001_3_10_100_256_64_16_256_VicregLoss_gruepoch=20.ckpt,20,30,0.05391225,34.3541,1.6699,0.0006,3.744,1.4841,1.4838,0.5036,684.318,35.3543,46.6369,2.4094,36.2334,1.8719,33.2457,1.7176,30.7512,1.5887,29.5823,1.5283,28.3223,1.4632,26.1366,7.3496,1.7812,0.5009,1.3839,0.3891,1.2698,0.3571,1.1745,0.3303,1.1299,0.3177,1.0817,0.3042,0.0,0.0,0.0,0.0,0.0,0.0,0.0,0.0,0.0,0.0,0.0,0.0,0.0,0.0,0.0,0.0,0.0,0.0,0.0,0.0,0.0,0.0,0.0,0.0,0.0,0.0,0.0,0.0,0.0,0.0,0.0,0.0,0.0,0.0,0.0,0.508,0.4726
128,0.001,3,10,100,64,16,256,184,440338,73,30,VicregLoss,gru,/home/dpetrovitch/dzagcoffee/train_trace/gender/checkpoints_2025-10-08 10:26:11.109161_VicregLoss_gru_catboost/model_128_0.001_3_10_100_256_64_16_256_VicregLoss_gruepoch=21.ckpt,21,30,0.054953057,33.9999,1.6628,0.0005,3.752,1.491,1.4914,0.5026,676.2076,34.7133,46.3953,2.3817,35.8745,1.8416,32.9455,1.6913,30.5472,1.5682,29.3921,1.5089,28.1605,1.4456,25.4639,7.436,1.7471,0.5102,1.3509,0.3945,1.2406,0.3623,1.1503,0.3359,1.1068,0.3232,1.0604,0.3097,0.0,0.0,0.0,0.0,0.0,0.0,0.0,0.0,0.0,0.0,0.0,0.0,0.0,0.0,0.0,0.0,0.0,0.0,0.0,0.0,0.0,0.0,0.0,0.0,0.0,0.0,0.0,0.0,0.0,0.0,0.0,0.0,0.0,0.0,0.0,0.504,0.4664
128,0.001,3,10,100,64,16,256,184,440338,73,30,VicregLoss,gru,/home/dpetrovitch/dzagcoffee/train_trace/gender/checkpoints_2025-10-08 10:26:11.109161_VicregLoss_gru_catboost/model_128_0.001_3_10_100_256_64_16_256_VicregLoss_gruepoch=22.ckpt,22,30,0.053646687,34.3043,1.6659,0.0005,3.7515,1.4927,1.4931,0.5009,678.2143,34.8983,46.9721,2.417,36.3347,1.8696,33.401,1.7187,30.9691,1.5935,29.7696,1.5318,28.5018,1.4666,24.2851,6.5334,1.6819,0.4525,1.301,0.35,1.196,0.3218,1.1089,0.2983,1.066,0.2868,1.0206,0.2746,0.0,0.0,0.0,0.0,0.0,0.0,0.0,0.0,0.0,0.0,0.0,0.0,0.0,0.0,0.0,0.0,0.0,0.0,0.0,0.0,0.0,0.0,0.0,0.0,0.0,0.0,0.0,0.0,0.0,0.0,0.0,0.0,0.0,0.0,0.0,0.484,0.4648
128,0.001,3,10,100,64,16,256,184,440338,73,30,VicregLoss,gru,/home/dpetrovitch/dzagcoffee/train_trace/gender/checkpoints_2025-10-08 10:26:11.109161_VicregLoss_gru_catboost/model_128_0.001_3_10_100_256_64_16_256_VicregLoss_gruepoch=23.ckpt,23,30,0.05416067,33.638,1.6689,0.0006,3.754,1.4577,1.4583,0.5148,677.4231,35.063,46.6404,2.4141,35.9769,1.8621,32.9034,1.7031,30.5303,1.5802,29.4162,1.5226,28.2434,1.4619,28.1971,6.7721,1.9414,0.4663,1.4975,0.3597,1.3696,0.3289,1.2708,0.3052,1.2244,0.2941,1.1756,0.2823,0.0,0.0,0.0,0.0,0.0,0.0,0.0,0.0,0.0,0.0,0.0,0.0,0.0,0.0,0.0,0.0,0.0,0.0,0.0,0.0,0.0,0.0,0.0,0.0,0.0,0.0,0.0,0.0,0.0,0.0,0.0,0.0,0.0,0.0,0.0,0.52,0.4709
128,0.001,3,10,100,64,16,256,184,440338,73,30,VicregLoss,gru,/home/dpetrovitch/dzagcoffee/train_trace/gender/checkpoints_2025-10-08 10:26:11.109161_VicregLoss_gru_catboost/model_128_0.001_3_10_100_256_64_16_256_VicregLoss_gruepoch=24.ckpt,24,30,0.057128906,33.8884,1.6677,0.0005,3.7295,1.5439,1.5477,0.4935,670.1872,34.5064,46.1858,2.378,36.1254,1.86,33.2346,1.7112,30.823,1.587,29.6162,1.5249,28.3111,1.4577,24.2621,6.6316,1.672,0.457,1.3078,0.3575,1.2032,0.3289,1.1159,0.305,1.0722,0.2931,1.0249,0.2801,0.0,0.0,0.0,0.0,0.0,0.0,0.0,0.0,0.0,0.0,0.0,0.0,0.0,0.0,0.0,0.0,0.0,0.0,0.0,0.0,0.0,0.0,0.0,0.0,0.0,0.0,0.0,0.0,0.0,0.0,0.0,0.0,0.0,0.0,0.0,0.488,0.4411
128,0.001,3,10,100,64,16,256,184,440338,73,30,VicregLoss,gru,/home/dpetrovitch/dzagcoffee/train_trace/gender/checkpoints_2025-10-08 10:26:11.109161_VicregLoss_gru_catboost/model_128_0.001_3_10_100_256_64_16_256_VicregLoss_gruepoch=25.ckpt,25,30,0.052880004,33.7024,1.6668,0.0005,3.7232,1.5634,1.5665,0.4878,669.9096,34.27,46.3356,2.3704,36.3967,1.8619,33.5513,1.7164,31.0803,1.5899,29.8172,1.5253,28.4137,1.4535,23.8693,6.58,1.651,0.4551,1.2968,0.3575,1.1955,0.3295,1.1074,0.3053,1.0624,0.2929,1.0124,0.2791,0.0,0.0,0.0,0.0,0.0,0.0,0.0,0.0,0.0,0.0,0.0,0.0,0.0,0.0,0.0,0.0,0.0,0.0,0.0,0.0,0.0,0.0,0.0,0.0,0.0,0.0,0.0,0.0,0.0,0.0,0.0,0.0,0.0,0.0,0.0,0.532,0.4813
128,0.001,3,10,100,64,16,256,184,440338,73,30,VicregLoss,gru,/home/dpetrovitch/dzagcoffee/train_trace/gender/checkpoints_2025-10-08 10:26:11.109161_VicregLoss_gru_catboost/model_128_0.001_3_10_100_256_64_16_256_VicregLoss_gruepoch=26.ckpt,26,30,0.056657758,33.7915,1.6686,0.0006,3.7253,1.5269,1.5292,0.4971,669.9528,34.3901,46.6466,2.3945,36.5729,1.8774,33.6457,1.7271,31.1037,1.5966,29.8301,1.5312,28.4397,1.4599,25.1633,6.3543,1.752,0.4424,1.3737,0.3469,1.2637,0.3191,1.1682,0.295,1.1204,0.2829,1.0682,0.2697,0.0,0.0,0.0,0.0,0.0,0.0,0.0,0.0,0.0,0.0,0.0,0.0,0.0,0.0,0.0,0.0,0.0,0.0,0.0,0.0,0.0,0.0,0.0,0.0,0.0,0.0,0.0,0.0,0.0,0.0,0.0,0.0,0.0,0.0,0.0,0.52,0.482
128,0.001,3,10,100,64,16,256,184,440338,73,30,VicregLoss,gru,/home/dpetrovitch/dzagcoffee/train_trace/gender/checkpoints_2025-10-08 10:26:11.109161_VicregLoss_gru_catboost/model_128_0.001_3_10_100_256_64_16_256_VicregLoss_gruepoch=27.ckpt,27,30,0.05426347,33.8013,1.6671,0.0006,3.7243,1.5649,1.5655,0.4889,669.0948,34.3935,46.5342,2.392,36.4967,1.876,33.6431,1.7294,31.2499,1.6063,30.0158,1.5429,28.6052,1.4704,23.9158,5.4462,1.6633,0.3788,1.3045,0.2971,1.2025,0.2738,1.117,0.2544,1.0729,0.2443,1.0225,0.2328,0.0,0.0,0.0,0.0,0.0,0.0,0.0,0.0,0.0,0.0,0.0,0.0,0.0,0.0,0.0,0.0,0.0,0.0,0.0,0.0,0.0,0.0,0.0,0.0,0.0,0.0,0.0,0.0,0.0,0.0,0.0,0.0,0.0,0.0,0.0,0.5,0.4555
128,0.001,3,10,100,64,16,256,184,440338,73,30,VicregLoss,gru,/home/dpetrovitch/dzagcoffee/train_trace/gender/checkpoints_2025-10-08 10:26:11.109161_VicregLoss_gru_catboost/model_128_0.001_3_10_100_256_64_16_256_VicregLoss_gruepoch=28.ckpt,28,30,0.052820038,32.9901,1.6661,0.0005,3.7209,1.5821,1.5882,0.4888,654.5077,33.5709,45.2088,2.3188,35.5602,1.8239,32.8782,1.6864,30.6176,1.5704,29.4631,1.5112,28.1199,1.4423,25.5697,6.6311,1.7662,0.458,1.3892,0.3603,1.2845,0.3331,1.1961,0.3102,1.151,0.2985,1.0986,0.2849,0.0,0.0,0.0,0.0,0.0,0.0,0.0,0.0,0.0,0.0,0.0,0.0,0.0,0.0,0.0,0.0,0.0,0.0,0.0,0.0,0.0,0.0,0.0,0.0,0.0,0.0,0.0,0.0,0.0,0.0,0.0,0.0,0.0,0.0,0.0,0.504,0.4415
128,0.001,3,10,100,64,16,256,184,440338,73,30,VicregLoss,gru,/home/dpetrovitch/dzagcoffee/train_trace/gender/checkpoints_2025-10-08 10:26:11.109161_VicregLoss_gru_catboost/model_128_0.001_3_10_100_256_64_16_256_VicregLoss_gruepoch=29.ckpt,29,30,0.049894635,33.2468,1.6666,0.0006,3.7022,1.6499,1.6573,0.4792,652.662,33.3861,45.6919,2.3373,36.2567,1.8547,33.523,1.7148,31.0732,1.5895,29.8019,1.5245,28.3284,1.4491,23.8933,6.4167,1.6727,0.4492,1.3273,0.3565,1.2272,0.3296,1.1376,0.3055,1.091,0.293,1.0371,0.2785,0.0,0.0,0.0,0.0,0.0,0.0,0.0,0.0,0.0,0.0,0.0,0.0,0.0,0.0,0.0,0.0,0.0,0.0,0.0,0.0,0.0,0.0,0.0,0.0,0.0,0.0,0.0,0.0,0.0,0.0,0.0,0.0,0.0,0.0,0.0,0.516,0.4715
128,0.001,3,10,100,128,16,256,184,440338,73,30,VicregLoss,gru,/home/dpetrovitch/dzagcoffee/train_trace/gender/checkpoints_2025-10-08 10:26:11.109161_VicregLoss_gru_catboost/model_128_0.001_3_10_100_256_128_16_256_VicregLoss_gruepoch=00.ckpt,0,30,0.031040125,15.915,1.6772,1e-04,4.4672,1.0149,1.0119,0.9617,390.9103,26.3884,86.4437,5.8354,13.7539,0.9285,13.509,0.9119,13.3138,0.8987,13.1942,0.8907,13.0599,0.8816,7.9737,0.7796,1.7633,0.1724,0.2805,0.0274,0.2756,0.0269,0.2716,0.0266,0.2691,0.0263,0.2664,0.026,0.0,0.0,0.0,0.0,0.0,0.0,0.0,0.0,0.0,0.0,0.0,0.0,0.0,0.0,0.0,0.0,0.0,0.0,0.0,0.0,0.0,0.0,0.0,0.0,0.0,0.0,0.0,0.0,0.0,0.0,0.0,0.0,0.0,0.0,0.0,0.572,0.5338
128,0.001,3,10,100,128,16,256,184,440338,73,30,VicregLoss,gru,/home/dpetrovitch/dzagcoffee/train_trace/gender/checkpoints_2025-10-08 10:26:11.109161_VicregLoss_gru_catboost/model_128_0.001_3_10_100_256_128_16_256_VicregLoss_gruepoch=01.ckpt,1,30,0.032586347,7.8141,1.6763,1e-04,4.1192,1.0035,1.0039,0.9845,224.2625,21.688,128.2266,12.4005,7.4329,0.7188,7.3192,0.7078,7.2537,0.7015,7.2263,0.6988,7.1969,0.696,2.5509,0.3121,1.4585,0.1784,0.0845,0.0103,0.0833,0.0102,0.0825,0.0101,0.0822,0.0101,0.0819,0.01,0.0,0.0,0.0,0.0,0.0,0.0,0.0,0.0,0.0,0.0,0.0,0.0,0.0,0.0,0.0,0.0,0.0,0.0,0.0,0.0,0.0,0.0,0.0,0.0,0.0,0.0,0.0,0.0,0.0,0.0,0.0,0.0,0.0,0.0,0.0,0.564,0.5034
128,0.001,3,10,100,128,16,256,184,440338,73,30,VicregLoss,gru,/home/dpetrovitch/dzagcoffee/train_trace/gender/checkpoints_2025-10-08 10:26:11.109161_VicregLoss_gru_catboost/model_128_0.001_3_10_100_256_128_16_256_VicregLoss_gruepoch=02.ckpt,2,30,0.04616828,25.321,1.6439,0.0003,4.1182,1.0263,1.0248,0.8788,545.0273,33.5354,37.4351,2.3034,20.502,1.2615,19.4008,1.1937,18.6026,1.1446,18.3436,1.1287,18.1012,1.1138,13.5067,2.2559,0.9277,0.1549,0.5081,0.0849,0.4808,0.0803,0.461,0.077,0.4546,0.0759,0.4486,0.0749,0.0,0.0,0.0,0.0,0.0,0.0,0.0,0.0,0.0,0.0,0.0,0.0,0.0,0.0,0.0,0.0,0.0,0.0,0.0,0.0,0.0,0.0,0.0,0.0,0.0,0.0,0.0,0.0,0.0,0.0,0.0,0.0,0.0,0.0,0.0,0.524,0.4907
128,0.001,3,10,100,128,16,256,184,440338,73,30,VicregLoss,gru,/home/dpetrovitch/dzagcoffee/train_trace/gender/checkpoints_2025-10-08 10:26:11.109161_VicregLoss_gru_catboost/model_128_0.001_3_10_100_256_128_16_256_VicregLoss_gruepoch=03.ckpt,3,30,0.04375257,24.4478,1.6629,0.0002,4.1878,1.0298,1.0301,0.8867,517.8088,32.9263,37.8172,2.4047,19.8037,1.2593,18.7511,1.1923,18.0242,1.1461,17.7161,1.1265,17.4076,1.1069,15.0412,3.1532,1.0985,0.2303,0.5753,0.1206,0.5447,0.1142,0.5236,0.1098,0.5146,0.1079,0.5057,0.106,0.0,0.0,0.0,0.0,0.0,0.0,0.0,0.0,0.0,0.0,0.0,0.0,0.0,0.0,0.0,0.0,0.0,0.0,0.0,0.0,0.0,0.0,0.0,0.0,0.0,0.0,0.0,0.0,0.0,0.0,0.0,0.0,0.0,0.0,0.0,0.548,0.5058
128,0.001,3,10,100,128,16,256,184,440338,73,30,VicregLoss,gru,/home/dpetrovitch/dzagcoffee/train_trace/gender/checkpoints_2025-10-08 10:26:11.109161_VicregLoss_gru_catboost/model_128_0.001_3_10_100_256_128_16_256_VicregLoss_gruepoch=04.ckpt,4,30,0.047800165,37.2932,1.6481,0.0004,3.8135,1.0582,1.0575,0.7661,737.4917,41.7599,56.5561,3.2024,32.7173,1.8526,29.3643,1.6627,27.1122,1.5352,26.214,1.4844,25.358,1.4359,20.1252,2.5437,1.5433,0.1951,0.8928,0.1128,0.8013,0.1013,0.7399,0.0935,0.7153,0.0904,0.692,0.0875,0.0,0.0,0.0,0.0,0.0,0.0,0.0,0.0,0.0,0.0,0.0,0.0,0.0,0.0,0.0,0.0,0.0,0.0,0.0,0.0,0.0,0.0,0.0,0.0,0.0,0.0,0.0,0.0,0.0,0.0,0.0,0.0,0.0,0.0,0.0,0.548,0.5083
128,0.001,3,10,100,128,16,256,184,440338,73,30,VicregLoss,gru,/home/dpetrovitch/dzagcoffee/train_trace/gender/checkpoints_2025-10-08 10:26:11.109161_VicregLoss_gru_catboost/model_128_0.001_3_10_100_256_128_16_256_VicregLoss_gruepoch=05.ckpt,5,30,0.048207063,35.2898,1.631,0.0004,3.8128,1.0491,1.0488,0.795,709.0024,40.4335,53.1925,3.0335,30.9727,1.7663,27.6966,1.5795,25.6703,1.4639,24.9109,1.4206,24.1282,1.376,22.833,3.0704,1.713,0.2304,0.9975,0.1341,0.892,0.1199,0.8267,0.1112,0.8022,0.1079,0.777,0.1045,0.0,0.0,0.0,0.0,0.0,0.0,0.0,0.0,0.0,0.0,0.0,0.0,0.0,0.0,0.0,0.0,0.0,0.0,0.0,0.0,0.0,0.0,0.0,0.0,0.0,0.0,0.0,0.0,0.0,0.0,0.0,0.0,0.0,0.0,0.0,0.556,0.5375
128,0.001,3,10,100,128,16,256,184,440338,73,30,VicregLoss,gru,/home/dpetrovitch/dzagcoffee/train_trace/gender/checkpoints_2025-10-08 10:26:11.109161_VicregLoss_gru_catboost/model_128_0.001_3_10_100_256_128_16_256_VicregLoss_gruepoch=06.ckpt,6,30,0.049633358,28.7163,1.6714,0.0003,3.9701,1.0371,1.0371,0.8623,598.488,35.5009,42.9485,2.5476,23.7676,1.4098,22.3843,1.3278,21.4131,1.2702,20.9603,1.2433,20.4348,1.2121,14.1942,1.8173,1.0186,0.1304,0.5637,0.0722,0.5309,0.068,0.5079,0.065,0.4971,0.0636,0.4846,0.062,0.0,0.0,0.0,0.0,0.0,0.0,0.0,0.0,0.0,0.0,0.0,0.0,0.0,0.0,0.0,0.0,0.0,0.0,0.0,0.0,0.0,0.0,0.0,0.0,0.0,0.0,0.0,0.0,0.0,0.0,0.0,0.0,0.0,0.0,0.0,0.572,0.5213
128,0.001,3,10,100,128,16,256,184,440338,73,30,VicregLoss,gru,/home/dpetrovitch/dzagcoffee/train_trace/gender/checkpoints_2025-10-08 10:26:11.109161_VicregLoss_gru_catboost/model_128_0.001_3_10_100_256_128_16_256_VicregLoss_gruepoch=07.ckpt,7,30,0.03839433,11.8797,1.6797,0.0,9.0706,1.0134,1.0197,0.9492,322.0346,28.3839,144.0671,12.698,12.0662,1.0635,11.5028,1.0139,11.1402,0.9819,10.98,0.9678,10.7946,0.9514,5.5876,0.8228,2.4997,0.3681,0.2094,0.0308,0.1996,0.0294,0.1933,0.0285,0.1905,0.0281,0.1873,0.0276,0.0,0.0,0.0,0.0,0.0,0.0,0.0,0.0,0.0,0.0,0.0,0.0,0.0,0.0,0.0,0.0,0.0,0.0,0.0,0.0,0.0,0.0,0.0,0.0,0.0,0.0,0.0,0.0,0.0,0.0,0.0,0.0,0.0,0.0,0.0,0.596,0.539
128,0.001,3,10,100,128,16,256,184,440338,73,30,VicregLoss,gru,/home/dpetrovitch/dzagcoffee/train_trace/gender/checkpoints_2025-10-08 10:26:11.109161_VicregLoss_gru_catboost/model_128_0.001_3_10_100_256_128_16_256_VicregLoss_gruepoch=08.ckpt,8,30,0.044442162,8.3819,1.6797,0.0,7.3975,1.0058,1.0079,0.9753,239.4427,25.1507,193.4079,20.3153,8.1595,0.8571,7.9444,0.8345,7.8334,0.8228,7.7831,0.8175,7.7217,0.8111,3.0364,0.3942,2.4526,0.3184,0.1035,0.0134,0.1007,0.0131,0.0993,0.0129,0.0987,0.0128,0.0979,0.0127,0.0,0.0,0.0,0.0,0.0,0.0,0.0,0.0,0.0,0.0,0.0,0.0,0.0,0.0,0.0,0.0,0.0,0.0,0.0,0.0,0.0,0.0,0.0,0.0,0.0,0.0,0.0,0.0,0.0,0.0,0.0,0.0,0.0,0.0,0.0,0.584,0.5484
128,0.001,3,10,100,128,16,256,184,440338,73,30,VicregLoss,gru,/home/dpetrovitch/dzagcoffee/train_trace/gender/checkpoints_2025-10-08 10:26:11.109161_VicregLoss_gru_catboost/model_128_0.001_3_10_100_256_128_16_256_VicregLoss_gruepoch=09.ckpt,9,30,0.037773266,16.3425,1.6772,1e-04,4.313,1.0207,1.0187,0.9407,370.752,29.2349,22.6068,1.7826,12.3488,0.9737,12.132,0.9566,11.9713,0.944,11.8959,0.938,11.8147,0.9316,5.1757,0.8181,0.3156,0.0499,0.1724,0.0273,0.1694,0.0268,0.1671,0.0264,0.1661,0.0263,0.1649,0.0261,0.0,0.0,0.0,0.0,0.0,0.0,0.0,0.0,0.0,0.0,0.0,0.0,0.0,0.0,0.0,0.0,0.0,0.0,0.0,0.0,0.0,0.0,0.0,0.0,0.0,0.0,0.0,0.0,0.0,0.0,0.0,0.0,0.0,0.0,0.0,0.544,0.5666
128,0.001,3,10,100,128,16,256,184,440338,73,30,VicregLoss,gru,/home/dpetrovitch/dzagcoffee/train_trace/gender/checkpoints_2025-10-08 10:26:11.109161_VicregLoss_gru_catboost/model_128_0.001_3_10_100_256_128_16_256_VicregLoss_gruepoch=10.ckpt,10,30,0.041842278,16.3602,1.6768,1e-04,4.2815,1.0184,1.0165,0.9466,373.024,28.8362,26.203,2.0256,12.4632,0.9635,12.2397,0.9462,12.0848,0.9342,12.0118,0.9286,11.9232,0.9217,6.3157,1.0566,0.4436,0.0742,0.211,0.0353,0.2072,0.0347,0.2046,0.0342,0.2034,0.034,0.2019,0.0338,0.0,0.0,0.0,0.0,0.0,0.0,0.0,0.0,0.0,0.0,0.0,0.0,0.0,0.0,0.0,0.0,0.0,0.0,0.0,0.0,0.0,0.0,0.0,0.0,0.0,0.0,0.0,0.0,0.0,0.0,0.0,0.0,0.0,0.0,0.0,0.564,0.4691
128,0.001,3,10,100,128,16,256,184,440338,73,30,VicregLoss,gru,/home/dpetrovitch/dzagcoffee/train_trace/gender/checkpoints_2025-10-08 10:26:11.109161_VicregLoss_gru_catboost/model_128_0.001_3_10_100_256_128_16_256_VicregLoss_gruepoch=11.ckpt,11,30,0.045157447,27.0208,1.6779,0.0002,4.6459,1.0477,1.0484,0.8616,543.4121,36.5253,43.7598,2.9413,19.3624,1.3014,18.4187,1.238,17.8973,1.203,17.6837,1.1886,17.5026,1.1764,9.6393,2.2437,0.7762,0.1807,0.3435,0.0799,0.3267,0.0761,0.3175,0.0739,0.3137,0.073,0.3105,0.0723,0.0,0.0,0.0,0.0,0.0,0.0,0.0,0.0,0.0,0.0,0.0,0.0,0.0,0.0,0.0,0.0,0.0,0.0,0.0,0.0,0.0,0.0,0.0,0.0,0.0,0.0,0.0,0.0,0.0,0.0,0.0,0.0,0.0,0.0,0.0,0.548,0.4934
128,0.001,3,10,100,128,16,256,184,440338,73,30,VicregLoss,gru,/home/dpetrovitch/dzagcoffee/train_trace/gender/checkpoints_2025-10-08 10:26:11.109161_VicregLoss_gru_catboost/model_128_0.001_3_10_100_256_128_16_256_VicregLoss_gruepoch=12.ckpt,12,30,0.04342705,15.8731,1.6785,1e-04,4.6291,1.017,1.0168,0.949,370.3819,30.0443,50.9238,4.1308,12.4772,1.0121,12.2161,0.9909,12.0468,0.9772,11.9653,0.9706,11.8802,0.9637,5.4567,0.723,0.7502,0.0994,0.1838,0.0244,0.18,0.0238,0.1775,0.0235,0.1763,0.0234,0.175,0.0232,0.0,0.0,0.0,0.0,0.0,0.0,0.0,0.0,0.0,0.0,0.0,0.0,0.0,0.0,0.0,0.0,0.0,0.0,0.0,0.0,0.0,0.0,0.0,0.0,0.0,0.0,0.0,0.0,0.0,0.0,0.0,0.0,0.0,0.0,0.0,0.552,0.5163
128,0.001,3,10,100,128,16,256,184,440338,73,30,VicregLoss,gru,/home/dpetrovitch/dzagcoffee/train_trace/gender/checkpoints_2025-10-08 10:26:11.109161_VicregLoss_gru_catboost/model_128_0.001_3_10_100_256_128_16_256_VicregLoss_gruepoch=13.ckpt,13,30,0.047937226,14.9437,1.6786,1e-04,4.6932,1.0142,1.0145,0.9572,352.784,29.4488,68.4157,5.711,11.8766,0.9914,11.6274,0.9706,11.4718,0.9576,11.404,0.9519,11.3282,0.9456,3.7109,0.4785,0.7197,0.0928,0.1249,0.0161,0.1223,0.0158,0.1207,0.0156,0.12,0.0155,0.1192,0.0154,0.0,0.0,0.0,0.0,0.0,0.0,0.0,0.0,0.0,0.0,0.0,0.0,0.0,0.0,0.0,0.0,0.0,0.0,0.0,0.0,0.0,0.0,0.0,0.0,0.0,0.0,0.0,0.0,0.0,0.0,0.0,0.0,0.0,0.0,0.0,0.584,0.5495
128,0.001,3,10,100,128,16,256,184,440338,73,30,VicregLoss,gru,/home/dpetrovitch/dzagcoffee/train_trace/gender/checkpoints_2025-10-08 10:26:11.109161_VicregLoss_gru_catboost/model_128_0.001_3_10_100_256_128_16_256_VicregLoss_gruepoch=14.ckpt,14,30,0.04584704,20.3811,1.6757,1e-04,4.4906,1.0236,1.024,0.9245,446.0309,33.1259,39.2817,2.9174,15.2706,1.1341,14.8469,1.1027,14.5485,1.0805,14.4306,1.0717,14.3131,1.063,9.2488,2.0956,0.8145,0.1846,0.3166,0.0717,0.3079,0.0698,0.3017,0.0684,0.2992,0.0678,0.2968,0.0672,0.0,0.0,0.0,0.0,0.0,0.0,0.0,0.0,0.0,0.0,0.0,0.0,0.0,0.0,0.0,0.0,0.0,0.0,0.0,0.0,0.0,0.0,0.0,0.0,0.0,0.0,0.0,0.0,0.0,0.0,0.0,0.0,0.0,0.0,0.0,0.556,0.5334
128,0.001,3,10,100,128,16,256,184,440338,73,30,VicregLoss,gru,/home/dpetrovitch/dzagcoffee/train_trace/gender/checkpoints_2025-10-08 10:26:11.109161_VicregLoss_gru_catboost/model_128_0.001_3_10_100_256_128_16_256_VicregLoss_gruepoch=15.ckpt,15,30,0.047436092,16.1232,1.6796,0.0,5.6581,1.0177,1.0249,0.9445,390.6173,32.37,177.701,14.7259,15.0327,1.2457,13.7469,1.1392,13.2252,1.096,13.0363,1.0803,12.8575,1.0655,8.5843,1.5435,3.9052,0.7022,0.3304,0.0594,0.3021,0.0543,0.2906,0.0523,0.2865,0.0515,0.2826,0.0508,0.0,0.0,0.0,0.0,0.0,0.0,0.0,0.0,0.0,0.0,0.0,0.0,0.0,0.0,0.0,0.0,0.0,0.0,0.0,0.0,0.0,0.0,0.0,0.0,0.0,0.0,0.0,0.0,0.0,0.0,0.0,0.0,0.0,0.0,0.0,0.56,0.543
128,0.001,3,10,100,128,16,256,184,440338,73,30,VicregLoss,gru,/home/dpetrovitch/dzagcoffee/train_trace/gender/checkpoints_2025-10-08 10:26:11.109161_VicregLoss_gru_catboost/model_128_0.001_3_10_100_256_128_16_256_VicregLoss_gruepoch=16.ckpt,16,30,0.043551262,29.552,1.6747,0.0002,4.2378,1.0456,1.046,0.8706,582.9411,37.7657,38.6134,2.5016,20.8802,1.3527,20.0873,1.3014,19.5031,1.2635,19.216,1.2449,18.9378,1.2269,10.2639,1.607,0.6799,0.1064,0.3676,0.0576,0.3537,0.0554,0.3434,0.0538,0.3383,0.053,0.3334,0.0522,0.0,0.0,0.0,0.0,0.0,0.0,0.0,0.0,0.0,0.0,0.0,0.0,0.0,0.0,0.0,0.0,0.0,0.0,0.0,0.0,0.0,0.0,0.0,0.0,0.0,0.0,0.0,0.0,0.0,0.0,0.0,0.0,0.0,0.0,0.0,0.572,0.5345
128,0.001,3,10,100,128,16,256,184,440338,73,30,VicregLoss,gru,/home/dpetrovitch/dzagcoffee/train_trace/gender/checkpoints_2025-10-08 10:26:11.109161_VicregLoss_gru_catboost/model_128_0.001_3_10_100_256_128_16_256_VicregLoss_gruepoch=17.ckpt,17,30,0.049993146,22.1415,1.6778,1e-04,4.4599,1.0239,1.027,0.9298,479.8022,33.459,105.4432,7.3531,17.0216,1.187,16.3951,1.1433,16.0119,1.1166,15.8231,1.1034,15.6509,1.0914,6.0304,0.8882,1.3253,0.1952,0.2139,0.0315,0.2061,0.0304,0.2012,0.0296,0.1989,0.0293,0.1967,0.029,0.0,0.0,0.0,0.0,0.0,0.0,0.0,0.0,0.0,0.0,0.0,0.0,0.0,0.0,0.0,0.0,0.0,0.0,0.0,0.0,0.0,0.0,0.0,0.0,0.0,0.0,0.0,0.0,0.0,0.0,0.0,0.0,0.0,0.0,0.0,0.532,0.4644
128,0.001,3,10,100,128,16,256,184,440338,73,30,VicregLoss,gru,/home/dpetrovitch/dzagcoffee/train_trace/gender/checkpoints_2025-10-08 10:26:11.109161_VicregLoss_gru_catboost/model_128_0.001_3_10_100_256_128_16_256_VicregLoss_gruepoch=18.ckpt,18,30,0.046112597,31.9549,1.6706,0.0002,4.2785,1.0515,1.052,0.8494,632.1806,40.3441,38.8801,2.4812,22.8618,1.459,21.8829,1.3965,21.2218,1.3543,20.8957,1.3335,20.5997,1.3146,15.1002,4.4325,0.9287,0.2726,0.5461,0.1603,0.5227,0.1534,0.5069,0.1488,0.4991,0.1465,0.492,0.1444,0.0,0.0,0.0,0.0,0.0,0.0,0.0,0.0,0.0,0.0,0.0,0.0,0.0,0.0,0.0,0.0,0.0,0.0,0.0,0.0,0.0,0.0,0.0,0.0,0.0,0.0,0.0,0.0,0.0,0.0,0.0,0.0,0.0,0.0,0.0,0.532,0.5
128,0.001,3,10,100,128,16,256,184,440338,73,30,VicregLoss,gru,/home/dpetrovitch/dzagcoffee/train_trace/gender/checkpoints_2025-10-08 10:26:11.109161_VicregLoss_gru_catboost/model_128_0.001_3_10_100_256_128_16_256_VicregLoss_gruepoch=19.ckpt,19,30,0.04617256,31.9533,1.6653,0.0002,4.2574,1.0468,1.0504,0.8595,634.9992,41.9064,53.5797,3.536,23.0236,1.5194,21.9284,1.4472,21.3308,1.4077,21.0583,1.3897,20.7777,1.3712,13.5353,3.4015,1.1421,0.287,0.4908,0.1233,0.4674,0.1175,0.4547,0.1143,0.4489,0.1128,0.4429,0.1113,0.0,0.0,0.0,0.0,0.0,0.0,0.0,0.0,0.0,0.0,0.0,0.0,0.0,0.0,0.0,0.0,0.0,0.0,0.0,0.0,0.0,0.0,0.0,0.0,0.0,0.0,0.0,0.0,0.0,0.0,0.0,0.0,0.0,0.0,0.0,0.508,0.4998
128,0.001,3,10,100,128,16,256,184,440338,73,30,VicregLoss,gru,/home/dpetrovitch/dzagcoffee/train_trace/gender/checkpoints_2025-10-08 10:26:11.109161_VicregLoss_gru_catboost/model_128_0.001_3_10_100_256_128_16_256_VicregLoss_gruepoch=20.ckpt,20,30,0.04757744,33.4488,1.6547,0.0003,4.1121,1.0517,1.0525,0.8429,652.9708,42.1101,39.1863,2.5271,23.4579,1.5128,22.515,1.452,21.8599,1.4097,21.5873,1.3922,21.3039,1.3739,11.9442,2.7971,0.7168,0.1679,0.4291,0.1005,0.4118,0.0964,0.3999,0.0936,0.3949,0.0925,0.3897,0.0913,0.0,0.0,0.0,0.0,0.0,0.0,0.0,0.0,0.0,0.0,0.0,0.0,0.0,0.0,0.0,0.0,0.0,0.0,0.0,0.0,0.0,0.0,0.0,0.0,0.0,0.0,0.0,0.0,0.0,0.0,0.0,0.0,0.0,0.0,0.0,0.572,0.5345
128,0.001,3,10,100,128,16,256,184,440338,73,30,VicregLoss,gru,/home/dpetrovitch/dzagcoffee/train_trace/gender/checkpoints_2025-10-08 10:26:11.109161_VicregLoss_gru_catboost/model_128_0.001_3_10_100_256_128_16_256_VicregLoss_gruepoch=21.ckpt,21,30,0.04769737,29.2556,1.6664,0.0003,4.0473,1.0377,1.036,0.8896,586.2469,38.6945,33.281,2.1967,20.6321,1.3618,20.0538,1.3236,19.5653,1.2914,19.3381,1.2764,19.0997,1.2607,11.6137,2.9385,0.6593,0.1668,0.4087,0.1034,0.3973,0.1005,0.3876,0.0981,0.3831,0.0969,0.3784,0.0957,0.0,0.0,0.0,0.0,0.0,0.0,0.0,0.0,0.0,0.0,0.0,0.0,0.0,0.0,0.0,0.0,0.0,0.0,0.0,0.0,0.0,0.0,0.0,0.0,0.0,0.0,0.0,0.0,0.0,0.0,0.0,0.0,0.0,0.0,0.0,0.544,0.5074
128,0.001,3,10,100,128,16,256,184,440338,73,30,VicregLoss,gru,/home/dpetrovitch/dzagcoffee/train_trace/gender/checkpoints_2025-10-08 10:26:11.109161_VicregLoss_gru_catboost/model_128_0.001_3_10_100_256_128_16_256_VicregLoss_gruepoch=22.ckpt,22,30,0.049389217,29.1263,1.6712,0.0002,4.2851,1.0402,1.0414,0.8766,589.8141,40.607,39.9617,2.7513,20.7963,1.4318,20.0777,1.3823,19.618,1.3506,19.4013,1.3357,19.1742,1.3201,13.1567,2.374,0.8914,0.1608,0.4639,0.0837,0.4479,0.0808,0.4376,0.079,0.4328,0.0781,0.4277,0.0772,0.0,0.0,0.0,0.0,0.0,0.0,0.0,0.0,0.0,0.0,0.0,0.0,0.0,0.0,0.0,0.0,0.0,0.0,0.0,0.0,0.0,0.0,0.0,0.0,0.0,0.0,0.0,0.0,0.0,0.0,0.0,0.0,0.0,0.0,0.0,0.548,0.4957
128,0.001,3,10,100,128,16,256,184,440338,73,30,VicregLoss,gru,/home/dpetrovitch/dzagcoffee/train_trace/gender/checkpoints_2025-10-08 10:26:11.109161_VicregLoss_gru_catboost/model_128_0.001_3_10_100_256_128_16_256_VicregLoss_gruepoch=23.ckpt,23,30,0.04895662,27.2115,1.6695,0.0002,4.2231,1.0359,1.0367,0.888,558.1062,38.144,38.7122,2.6458,19.5959,1.3393,18.9545,1.2955,18.5466,1.2676,18.3515,1.2542,18.1482,1.2403,11.8056,2.8448,0.8189,0.1973,0.4145,0.0999,0.4009,0.0966,0.3923,0.0945,0.3882,0.0935,0.3839,0.0925,0.0,0.0,0.0,0.0,0.0,0.0,0.0,0.0,0.0,0.0,0.0,0.0,0.0,0.0,0.0,0.0,0.0,0.0,0.0,0.0,0.0,0.0,0.0,0.0,0.0,0.0,0.0,0.0,0.0,0.0,0.0,0.0,0.0,0.0,0.0,0.52,0.5007
128,0.001,3,10,100,128,16,256,184,440338,73,30,VicregLoss,gru,/home/dpetrovitch/dzagcoffee/train_trace/gender/checkpoints_2025-10-08 10:26:11.109161_VicregLoss_gru_catboost/model_128_0.001_3_10_100_256_128_16_256_VicregLoss_gruepoch=24.ckpt,24,30,0.05021587,30.3762,1.6593,0.0002,4.1735,1.0448,1.045,0.859,613.1261,41.1934,36.3706,2.4436,21.7081,1.4585,20.9278,1.4061,20.3786,1.3692,20.1387,1.353,19.9044,1.3373,13.337,3.3129,0.7911,0.1965,0.4722,0.1173,0.4552,0.1131,0.4433,0.1101,0.4381,0.1088,0.433,0.1075,0.0,0.0,0.0,0.0,0.0,0.0,0.0,0.0,0.0,0.0,0.0,0.0,0.0,0.0,0.0,0.0,0.0,0.0,0.0,0.0,0.0,0.0,0.0,0.0,0.0,0.0,0.0,0.0,0.0,0.0,0.0,0.0,0.0,0.0,0.0,0.528,0.4992
128,0.001,3,10,100,128,16,256,184,440338,73,30,VicregLoss,gru,/home/dpetrovitch/dzagcoffee/train_trace/gender/checkpoints_2025-10-08 10:26:11.109161_VicregLoss_gru_catboost/model_128_0.001_3_10_100_256_128_16_256_VicregLoss_gruepoch=25.ckpt,25,30,0.05117102,33.4693,1.6593,0.0003,4.0865,1.0508,1.0507,0.8459,655.7653,42.318,39.1109,2.5239,23.6409,1.5256,22.5749,1.4568,21.8866,1.4124,21.602,1.394,21.3234,1.376,13.8137,3.9784,0.8239,0.2373,0.498,0.1434,0.4755,0.137,0.461,0.1328,0.455,0.1311,0.4492,0.1294,0.0,0.0,0.0,0.0,0.0,0.0,0.0,0.0,0.0,0.0,0.0,0.0,0.0,0.0,0.0,0.0,0.0,0.0,0.0,0.0,0.0,0.0,0.0,0.0,0.0,0.0,0.0,0.0,0.0,0.0,0.0,0.0,0.0,0.0,0.0,0.52,0.5006
128,0.001,3,10,100,128,16,256,184,440338,73,30,VicregLoss,gru,/home/dpetrovitch/dzagcoffee/train_trace/gender/checkpoints_2025-10-08 10:26:11.109161_VicregLoss_gru_catboost/model_128_0.001_3_10_100_256_128_16_256_VicregLoss_gruepoch=26.ckpt,26,30,0.045864176,23.9808,1.677,0.0002,4.131,1.026,1.0253,0.9224,498.653,34.2023,36.9094,2.5316,17.2873,1.1857,16.8538,1.156,16.5783,1.1371,16.4314,1.127,16.2635,1.1155,9.6969,1.5541,0.7177,0.115,0.3362,0.0539,0.3277,0.0525,0.3224,0.0517,0.3195,0.0512,0.3163,0.0507,0.0,0.0,0.0,0.0,0.0,0.0,0.0,0.0,0.0,0.0,0.0,0.0,0.0,0.0,0.0,0.0,0.0,0.0,0.0,0.0,0.0,0.0,0.0,0.0,0.0,0.0,0.0,0.0,0.0,0.0,0.0,0.0,0.0,0.0,0.0,0.552,0.5309
128,0.001,3,10,100,128,16,256,184,440338,73,30,VicregLoss,gru,/home/dpetrovitch/dzagcoffee/train_trace/gender/checkpoints_2025-10-08 10:26:11.109161_VicregLoss_gru_catboost/model_128_0.001_3_10_100_256_128_16_256_VicregLoss_gruepoch=27.ckpt,27,30,0.049607664,23.3087,1.6691,0.0002,4.1753,1.0253,1.0256,0.9214,494.7391,35.2482,41.5966,2.9636,17.1434,1.2214,16.6799,1.1884,16.379,1.1669,16.2263,1.1561,16.0567,1.144,9.2449,1.4394,0.7773,0.121,0.3203,0.0499,0.3117,0.0485,0.3061,0.0477,0.3032,0.0472,0.3,0.0467,0.0,0.0,0.0,0.0,0.0,0.0,0.0,0.0,0.0,0.0,0.0,0.0,0.0,0.0,0.0,0.0,0.0,0.0,0.0,0.0,0.0,0.0,0.0,0.0,0.0,0.0,0.0,0.0,0.0,0.0,0.0,0.0,0.0,0.0,0.0,0.544,0.5093
128,0.001,3,10,100,128,16,256,184,440338,73,30,VicregLoss,gru,/home/dpetrovitch/dzagcoffee/train_trace/gender/checkpoints_2025-10-08 10:26:11.109161_VicregLoss_gru_catboost/model_128_0.001_3_10_100_256_128_16_256_VicregLoss_gruepoch=28.ckpt,28,30,0.047962923,26.2098,1.6686,0.0002,4.1894,1.0323,1.0326,0.8995,545.7318,37.1346,37.5778,2.557,19.0594,1.2969,18.4648,1.2565,18.0706,1.2296,17.8689,1.2159,17.6747,1.2027,10.085,1.8568,0.6944,0.1279,0.3522,0.0648,0.3412,0.0628,0.3339,0.0615,0.3302,0.0608,0.3266,0.0601,0.0,0.0,0.0,0.0,0.0,0.0,0.0,0.0,0.0,0.0,0.0,0.0,0.0,0.0,0.0,0.0,0.0,0.0,0.0,0.0,0.0,0.0,0.0,0.0,0.0,0.0,0.0,0.0,0.0,0.0,0.0,0.0,0.0,0.0,0.0,0.504,0.4787
128,0.001,3,10,100,128,16,256,184,440338,73,30,VicregLoss,gru,/home/dpetrovitch/dzagcoffee/train_trace/gender/checkpoints_2025-10-08 10:26:11.109161_VicregLoss_gru_catboost/model_128_0.001_3_10_100_256_128_16_256_VicregLoss_gruepoch=29.ckpt,29,30,0.05121385,24.5696,1.6739,0.0002,4.2257,1.0283,1.0287,0.9084,517.1375,35.6618,35.1381,2.4231,17.9998,1.2413,17.4573,1.2039,17.1137,1.1802,16.9359,1.1679,16.757,1.1556,8.5125,1.4838,0.5784,0.1008,0.2963,0.0516,0.2874,0.0501,0.2817,0.0491,0.2788,0.0486,0.2758,0.0481,0.0,0.0,0.0,0.0,0.0,0.0,0.0,0.0,0.0,0.0,0.0,0.0,0.0,0.0,0.0,0.0,0.0,0.0,0.0,0.0,0.0,0.0,0.0,0.0,0.0,0.0,0.0,0.0,0.0,0.0,0.0,0.0,0.0,0.0,0.0,0.508,0.4695
128,0.001,3,10,100,256,16,256,184,440338,73,30,VicregLoss,gru,/home/dpetrovitch/dzagcoffee/train_trace/gender/checkpoints_2025-10-08 10:26:11.109161_VicregLoss_gru_catboost/model_128_0.001_3_10_100_256_256_16_256_VicregLoss_gruepoch=00.ckpt,0,30,0.048365545,60.1493,1.6393,0.0009,3.503,1.3048,1.3073,0.511,1109.1285,57.6316,76.2813,3.9637,56.2773,2.9242,49.8247,2.5889,45.0079,2.3387,42.3979,2.203,40.1383,2.0856,40.6198,5.713,2.7937,0.3929,2.0611,0.2899,1.8247,0.2566,1.6483,0.2318,1.5527,0.2184,1.47,0.2067,0.0,0.0,0.0,0.0,0.0,0.0,0.0,0.0,0.0,0.0,0.0,0.0,0.0,0.0,0.0,0.0,0.0,0.0,0.0,0.0,0.0,0.0,0.0,0.0,0.0,0.0,0.0,0.0,0.0,0.0,0.0,0.0,0.0,0.0,0.0,0.6,0.5521
128,0.001,3,10,100,256,16,256,184,440338,73,30,VicregLoss,gru,/home/dpetrovitch/dzagcoffee/train_trace/gender/checkpoints_2025-10-08 10:26:11.109161_VicregLoss_gru_catboost/model_128_0.001_3_10_100_256_256_16_256_VicregLoss_gruepoch=01.ckpt,1,30,0.0524731,54.2599,1.6303,0.001,3.35,1.5287,1.5258,0.474,995.1446,50.7192,60.1867,3.0675,47.4128,2.4165,43.5313,2.2186,40.1122,2.0444,38.4008,1.9572,36.5759,1.8642,31.3197,6.3967,1.8942,0.3869,1.4922,0.3048,1.37,0.2798,1.2624,0.2578,1.2086,0.2468,1.1511,0.2351,0.0,0.0,0.0,0.0,0.0,0.0,0.0,0.0,0.0,0.0,0.0,0.0,0.0,0.0,0.0,0.0,0.0,0.0,0.0,0.0,0.0,0.0,0.0,0.0,0.0,0.0,0.0,0.0,0.0,0.0,0.0,0.0,0.0,0.0,0.0,0.524,0.4934
128,0.001,3,10,100,256,16,256,184,440338,73,30,VicregLoss,gru,/home/dpetrovitch/dzagcoffee/train_trace/gender/checkpoints_2025-10-08 10:26:11.109161_VicregLoss_gru_catboost/model_128_0.001_3_10_100_256_256_16_256_VicregLoss_gruepoch=02.ckpt,2,30,0.05162075,52.1249,1.635,0.0011,3.3255,1.6227,1.6184,0.4614,971.9808,49.4878,58.5062,2.9788,45.9874,2.3414,42.331,2.1553,39.4523,2.0087,37.8539,1.9273,36.1939,1.8428,28.9225,7.4997,1.7409,0.4514,1.3684,0.3548,1.2596,0.3266,1.174,0.3044,1.1264,0.2921,1.077,0.2793,0.0,0.0,0.0,0.0,0.0,0.0,0.0,0.0,0.0,0.0,0.0,0.0,0.0,0.0,0.0,0.0,0.0,0.0,0.0,0.0,0.0,0.0,0.0,0.0,0.0,0.0,0.0,0.0,0.0,0.0,0.0,0.0,0.0,0.0,0.0,0.596,0.5739
128,0.001,3,10,100,256,16,256,184,440338,73,30,VicregLoss,gru,/home/dpetrovitch/dzagcoffee/train_trace/gender/checkpoints_2025-10-08 10:26:11.109161_VicregLoss_gru_catboost/model_128_0.001_3_10_100_256_256_16_256_VicregLoss_gruepoch=03.ckpt,3,30,0.05503444,49.3698,1.6358,0.001,3.3328,1.6732,1.6716,0.4632,917.4504,46.6883,51.5381,2.6227,41.1881,2.096,38.5799,1.9633,36.5076,1.8578,35.3225,1.7975,33.9695,1.7287,27.9072,9.8672,1.5677,0.5543,1.2529,0.443,1.1735,0.4149,1.1105,0.3926,1.0744,0.3799,1.0333,0.3653,0.0,0.0,0.0,0.0,0.0,0.0,0.0,0.0,0.0,0.0,0.0,0.0,0.0,0.0,0.0,0.0,0.0,0.0,0.0,0.0,0.0,0.0,0.0,0.0,0.0,0.0,0.0,0.0,0.0,0.0,0.0,0.0,0.0,0.0,0.0,0.528,0.5209
128,0.001,3,10,100,256,16,256,184,440338,73,30,VicregLoss,gru,/home/dpetrovitch/dzagcoffee/train_trace/gender/checkpoints_2025-10-08 10:26:11.109161_VicregLoss_gru_catboost/model_128_0.001_3_10_100_256_256_16_256_VicregLoss_gruepoch=04.ckpt,4,30,0.05540279,54.1417,1.6444,0.0011,3.3114,1.6913,1.7076,0.4519,1006.7484,51.3461,60.8475,3.1033,48.3631,2.4666,44.8284,2.2863,41.9729,2.1407,40.4453,2.0628,38.6501,1.9712,32.5584,6.273,1.9678,0.3791,1.5641,0.3013,1.4498,0.2793,1.3574,0.2615,1.308,0.252,1.25,0.2408,0.0,0.0,0.0,0.0,0.0,0.0,0.0,0.0,0.0,0.0,0.0,0.0,0.0,0.0,0.0,0.0,0.0,0.0,0.0,0.0,0.0,0.0,0.0,0.0,0.0,0.0,0.0,0.0,0.0,0.0,0.0,0.0,0.0,0.0,0.0,0.536,0.5155
128,0.001,3,10,100,256,16,256,184,440338,73,30,VicregLoss,gru,/home/dpetrovitch/dzagcoffee/train_trace/gender/checkpoints_2025-10-08 10:26:11.109161_VicregLoss_gru_catboost/model_128_0.001_3_10_100_256_256_16_256_VicregLoss_gruepoch=05.ckpt,5,30,0.058084052,47.3453,1.6414,0.0009,3.3447,1.6317,1.6364,0.4622,898.2537,46.6126,50.7184,2.6319,41.3458,2.1455,38.1292,1.9786,35.2653,1.83,33.846,1.7564,32.2812,1.6752,29.8011,8.6925,1.6827,0.4908,1.3717,0.4001,1.265,0.369,1.17,0.3413,1.1229,0.3275,1.071,0.3124,0.0,0.0,0.0,0.0,0.0,0.0,0.0,0.0,0.0,0.0,0.0,0.0,0.0,0.0,0.0,0.0,0.0,0.0,0.0,0.0,0.0,0.0,0.0,0.0,0.0,0.0,0.0,0.0,0.0,0.0,0.0,0.0,0.0,0.0,0.0,0.52,0.5085
128,0.001,3,10,100,256,16,256,184,440338,73,30,VicregLoss,gru,/home/dpetrovitch/dzagcoffee/train_trace/gender/checkpoints_2025-10-08 10:26:11.109161_VicregLoss_gru_catboost/model_128_0.001_3_10_100_256_256_16_256_VicregLoss_gruepoch=06.ckpt,6,30,0.06154057,48.1742,1.6423,0.001,3.3046,1.7649,1.7584,0.4459,903.9053,46.6321,50.0769,2.5834,41.0293,2.1167,38.2962,1.9757,35.9652,1.8554,34.7281,1.7916,33.4361,1.725,29.0695,9.3058,1.6105,0.5155,1.3195,0.4224,1.2316,0.3943,1.1566,0.3703,1.1169,0.3575,1.0753,0.3442,0.0,0.0,0.0,0.0,0.0,0.0,0.0,0.0,0.0,0.0,0.0,0.0,0.0,0.0,0.0,0.0,0.0,0.0,0.0,0.0,0.0,0.0,0.0,0.0,0.0,0.0,0.0,0.0,0.0,0.0,0.0,0.0,0.0,0.0,0.0,0.54,0.4851
128,0.001,3,10,100,256,16,256,184,440338,73,30,VicregLoss,gru,/home/dpetrovitch/dzagcoffee/train_trace/gender/checkpoints_2025-10-08 10:26:11.109161_VicregLoss_gru_catboost/model_128_0.001_3_10_100_256_256_16_256_VicregLoss_gruepoch=07.ckpt,7,30,0.059634563,45.7646,1.6237,0.0011,3.3057,2.0203,2.0015,0.4321,868.6114,44.7205,47.4852,2.4448,38.7858,1.9969,36.0208,1.8545,33.854,1.743,32.8309,1.6903,31.6334,1.6286,29.4362,9.6764,1.6092,0.529,1.3144,0.4321,1.2207,0.4013,1.1473,0.3771,1.1126,0.3657,1.072,0.3524,0.0,0.0,0.0,0.0,0.0,0.0,0.0,0.0,0.0,0.0,0.0,0.0,0.0,0.0,0.0,0.0,0.0,0.0,0.0,0.0,0.0,0.0,0.0,0.0,0.0,0.0,0.0,0.0,0.0,0.0,0.0,0.0,0.0,0.0,0.0,0.524,0.5165
128,0.001,3,10,100,256,16,256,184,440338,73,30,VicregLoss,gru,/home/dpetrovitch/dzagcoffee/train_trace/gender/checkpoints_2025-10-08 10:26:11.109161_VicregLoss_gru_catboost/model_128_0.001_3_10_100_256_256_16_256_VicregLoss_gruepoch=08.ckpt,8,30,0.05794699,43.4609,1.627,0.001,3.3273,1.7117,1.684,0.4551,826.3069,43.0876,46.264,2.4124,37.055,1.9322,34.3194,1.7896,32.1681,1.6774,31.1784,1.6258,30.2025,1.5749,26.4115,10.7418,1.4788,0.6014,1.1844,0.4817,1.097,0.4461,1.0282,0.4182,0.9966,0.4053,0.9654,0.3926,0.0,0.0,0.0,0.0,0.0,0.0,0.0,0.0,0.0,0.0,0.0,0.0,0.0,0.0,0.0,0.0,0.0,0.0,0.0,0.0,0.0,0.0,0.0,0.0,0.0,0.0,0.0,0.0,0.0,0.0,0.0,0.0,0.0,0.0,0.0,0.552,0.4826
128,0.001,3,10,100,256,16,256,184,440338,73,30,VicregLoss,gru,/home/dpetrovitch/dzagcoffee/train_trace/gender/checkpoints_2025-10-08 10:26:11.109161_VicregLoss_gru_catboost/model_128_0.001_3_10_100_256_256_16_256_VicregLoss_gruepoch=09.ckpt,9,30,0.061163653,41.8625,1.6412,0.001,3.326,1.8972,1.889,0.4436,798.0146,41.8225,44.4874,2.3315,35.9755,1.8854,33.3829,1.7495,31.3693,1.644,30.465,1.5966,29.5867,1.5506,24.4395,9.6728,1.3624,0.5392,1.1018,0.4361,1.0224,0.4046,0.9607,0.3802,0.933,0.3693,0.9061,0.3586,0.0,0.0,0.0,0.0,0.0,0.0,0.0,0.0,0.0,0.0,0.0,0.0,0.0,0.0,0.0,0.0,0.0,0.0,0.0,0.0,0.0,0.0,0.0,0.0,0.0,0.0,0.0,0.0,0.0,0.0,0.0,0.0,0.0,0.0,0.0,0.544,0.5035
128,0.001,3,10,100,256,16,256,184,440338,73,30,VicregLoss,gru,/home/dpetrovitch/dzagcoffee/train_trace/gender/checkpoints_2025-10-08 10:26:11.109161_VicregLoss_gru_catboost/model_128_0.001_3_10_100_256_256_16_256_VicregLoss_gruepoch=10.ckpt,10,30,0.064435996,40.417,1.6435,0.001,3.3325,2.0342,2.0387,0.4437,768.8347,39.802,42.5432,2.2024,34.8058,1.8019,32.4745,1.6812,30.5964,1.584,29.7202,1.5386,28.7828,1.4901,22.9407,10.154,1.2694,0.5619,1.0385,0.4597,0.969,0.4289,0.9129,0.4041,0.8868,0.3925,0.8588,0.3801,0.0,0.0,0.0,0.0,0.0,0.0,0.0,0.0,0.0,0.0,0.0,0.0,0.0,0.0,0.0,0.0,0.0,0.0,0.0,0.0,0.0,0.0,0.0,0.0,0.0,0.0,0.0,0.0,0.0,0.0,0.0,0.0,0.0,0.0,0.0,0.552,0.4813
128,0.001,3,10,100,256,16,256,184,440338,73,30,VicregLoss,gru,/home/dpetrovitch/dzagcoffee/train_trace/gender/checkpoints_2025-10-08 10:26:11.109161_VicregLoss_gru_catboost/model_128_0.001_3_10_100_256_256_16_256_VicregLoss_gruepoch=11.ckpt,11,30,0.06560958,39.1998,1.6356,0.0009,3.3374,1.9357,1.9316,0.4465,758.1858,39.3526,42.6724,2.2149,34.6591,1.7989,32.1986,1.6712,30.2787,1.5716,29.4085,1.5264,28.5093,1.4797,22.6424,9.914,1.2744,0.558,1.0351,0.4532,0.9616,0.421,0.9042,0.3959,0.8783,0.3845,0.8514,0.3728,0.0,0.0,0.0,0.0,0.0,0.0,0.0,0.0,0.0,0.0,0.0,0.0,0.0,0.0,0.0,0.0,0.0,0.0,0.0,0.0,0.0,0.0,0.0,0.0,0.0,0.0,0.0,0.0,0.0,0.0,0.0,0.0,0.0,0.0,0.0,0.54,0.5282
128,0.001,3,10,100,256,16,256,184,440338,73,30,VicregLoss,gru,/home/dpetrovitch/dzagcoffee/train_trace/gender/checkpoints_2025-10-08 10:26:11.109161_VicregLoss_gru_catboost/model_128_0.001_3_10_100_256_256_16_256_VicregLoss_gruepoch=12.ckpt,12,30,0.063780665,38.0748,1.6413,0.0009,3.3483,1.985,1.9869,0.4478,745.0343,38.6088,41.6912,2.1605,34.1802,1.7713,31.7928,1.6475,29.8826,1.5486,28.9964,1.5026,27.9789,1.4499,25.1382,9.8013,1.4067,0.5485,1.1533,0.4497,1.0727,0.4182,1.0083,0.3931,0.9784,0.3815,0.944,0.3681,0.0,0.0,0.0,0.0,0.0,0.0,0.0,0.0,0.0,0.0,0.0,0.0,0.0,0.0,0.0,0.0,0.0,0.0,0.0,0.0,0.0,0.0,0.0,0.0,0.0,0.0,0.0,0.0,0.0,0.0,0.0,0.0,0.0,0.0,0.0,0.56,0.4923
128,0.001,3,10,100,256,16,256,184,440338,73,30,VicregLoss,gru,/home/dpetrovitch/dzagcoffee/train_trace/gender/checkpoints_2025-10-08 10:26:11.109161_VicregLoss_gru_catboost/model_128_0.001_3_10_100_256_256_16_256_VicregLoss_gruepoch=13.ckpt,13,30,0.06711725,40.1521,1.641,0.0009,3.3532,1.8687,1.8463,0.452,772.9105,39.9808,44.5211,2.303,36.0874,1.8667,33.514,1.7336,31.3946,1.624,30.4213,1.5736,29.4073,1.5212,24.9099,9.3123,1.4349,0.5364,1.1631,0.4348,1.0801,0.4038,1.0118,0.3783,0.9804,0.3665,0.9478,0.3543,0.0,0.0,0.0,0.0,0.0,0.0,0.0,0.0,0.0,0.0,0.0,0.0,0.0,0.0,0.0,0.0,0.0,0.0,0.0,0.0,0.0,0.0,0.0,0.0,0.0,0.0,0.0,0.0,0.0,0.0,0.0,0.0,0.0,0.0,0.0,0.524,0.4724
128,0.001,3,10,100,256,16,256,184,440338,73,30,VicregLoss,gru,/home/dpetrovitch/dzagcoffee/train_trace/gender/checkpoints_2025-10-08 10:26:11.109161_VicregLoss_gru_catboost/model_128_0.001_3_10_100_256_256_16_256_VicregLoss_gruepoch=14.ckpt,14,30,0.06325812,38.2336,1.6472,0.0009,3.3601,1.9579,1.9529,0.45,747.534,38.7416,42.8378,2.2201,34.6995,1.7983,32.214,1.6695,30.1991,1.5651,29.257,1.5163,28.2802,1.4656,25.1154,9.8807,1.4392,0.5662,1.1658,0.4586,1.0823,0.4258,1.0146,0.3992,0.983,0.3867,0.9501,0.3738,0.0,0.0,0.0,0.0,0.0,0.0,0.0,0.0,0.0,0.0,0.0,0.0,0.0,0.0,0.0,0.0,0.0,0.0,0.0,0.0,0.0,0.0,0.0,0.0,0.0,0.0,0.0,0.0,0.0,0.0,0.0,0.0,0.0,0.0,0.0,0.532,0.4664
128,0.001,3,10,100,256,16,256,184,440338,73,30,VicregLoss,gru,/home/dpetrovitch/dzagcoffee/train_trace/gender/checkpoints_2025-10-08 10:26:11.109161_VicregLoss_gru_catboost/model_128_0.001_3_10_100_256_256_16_256_VicregLoss_gruepoch=15.ckpt,15,30,0.06859923,37.762,1.6461,0.0008,3.3808,1.9015,1.9019,0.4521,745.4462,38.808,42.5265,2.2139,34.6898,1.806,32.1708,1.6748,30.1714,1.5707,29.2521,1.5229,28.267,1.4716,23.409,8.7339,1.3354,0.4983,1.0894,0.4064,1.0102,0.3769,0.9475,0.3535,0.9186,0.3427,0.8877,0.3312,0.0,0.0,0.0,0.0,0.0,0.0,0.0,0.0,0.0,0.0,0.0,0.0,0.0,0.0,0.0,0.0,0.0,0.0,0.0,0.0,0.0,0.0,0.0,0.0,0.0,0.0,0.0,0.0,0.0,0.0,0.0,0.0,0.0,0.0,0.0,0.556,0.536
128,0.001,3,10,100,256,16,256,184,440338,73,30,VicregLoss,gru,/home/dpetrovitch/dzagcoffee/train_trace/gender/checkpoints_2025-10-08 10:26:11.109161_VicregLoss_gru_catboost/model_128_0.001_3_10_100_256_256_16_256_VicregLoss_gruepoch=16.ckpt,16,30,0.06272701,35.884,1.6327,0.0009,3.3631,1.889,1.8615,0.4523,717.3904,37.4656,41.8668,2.1865,33.7864,1.7645,31.1759,1.6282,29.0668,1.518,28.1377,1.4695,27.2007,1.4206,24.1237,8.9278,1.4079,0.521,1.1361,0.4205,1.0484,0.388,0.9774,0.3617,0.9462,0.3502,0.9147,0.3385,0.0,0.0,0.0,0.0,0.0,0.0,0.0,0.0,0.0,0.0,0.0,0.0,0.0,0.0,0.0,0.0,0.0,0.0,0.0,0.0,0.0,0.0,0.0,0.0,0.0,0.0,0.0,0.0,0.0,0.0,0.0,0.0,0.0,0.0,0.0,0.524,0.4903
128,0.001,3,10,100,256,16,256,184,440338,73,30,VicregLoss,gru,/home/dpetrovitch/dzagcoffee/train_trace/gender/checkpoints_2025-10-08 10:26:11.109161_VicregLoss_gru_catboost/model_128_0.001_3_10_100_256_256_16_256_VicregLoss_gruepoch=17.ckpt,17,30,0.067969605,35.854,1.6392,0.0009,3.3641,2.004,2.0028,0.4515,716.4584,37.1785,41.7052,2.1642,33.8081,1.7544,31.3671,1.6277,29.4187,1.5266,28.511,1.4795,27.4821,1.4261,22.0536,7.5618,1.2837,0.4402,1.0407,0.3568,0.9655,0.3311,0.9055,0.3105,0.8776,0.3009,0.8459,0.2901,0.0,0.0,0.0,0.0,0.0,0.0,0.0,0.0,0.0,0.0,0.0,0.0,0.0,0.0,0.0,0.0,0.0,0.0,0.0,0.0,0.0,0.0,0.0,0.0,0.0,0.0,0.0,0.0,0.0,0.0,0.0,0.0,0.0,0.0,0.0,0.564,0.4881
128,0.001,3,10,100,256,16,256,184,440338,73,30,VicregLoss,gru,/home/dpetrovitch/dzagcoffee/train_trace/gender/checkpoints_2025-10-08 10:26:11.109161_VicregLoss_gru_catboost/model_128_0.001_3_10_100_256_256_16_256_VicregLoss_gruepoch=18.ckpt,18,30,0.06599935,33.8503,1.6145,0.0008,3.3822,2.0288,2.0364,0.4543,687.4961,35.6888,39.8856,2.0705,32.4675,1.6854,30.1618,1.5657,28.2056,1.4642,27.287,1.4165,26.2504,1.3627,24.0091,9.2534,1.3929,0.5368,1.1338,0.437,1.0533,0.406,0.985,0.3796,0.9529,0.3673,0.9167,0.3533,0.0,0.0,0.0,0.0,0.0,0.0,0.0,0.0,0.0,0.0,0.0,0.0,0.0,0.0,0.0,0.0,0.0,0.0,0.0,0.0,0.0,0.0,0.0,0.0,0.0,0.0,0.0,0.0,0.0,0.0,0.0,0.0,0.0,0.0,0.0,0.524,0.4677
128,0.001,3,10,100,256,16,256,184,440338,73,30,VicregLoss,gru,/home/dpetrovitch/dzagcoffee/train_trace/gender/checkpoints_2025-10-08 10:26:11.109161_VicregLoss_gru_catboost/model_128_0.001_3_10_100_256_256_16_256_VicregLoss_gruepoch=19.ckpt,19,30,0.065699525,34.0213,1.6474,0.0007,3.4058,1.8988,1.8908,0.458,685.4754,35.9732,39.9331,2.0957,32.5355,1.7074,30.1674,1.5832,28.1491,1.4772,27.2148,1.4282,26.1789,1.3738,19.8725,6.6128,1.1577,0.3852,0.9432,0.3139,0.8746,0.291,0.8161,0.2716,0.789,0.2625,0.7589,0.2525,0.0,0.0,0.0,0.0,0.0,0.0,0.0,0.0,0.0,0.0,0.0,0.0,0.0,0.0,0.0,0.0,0.0,0.0,0.0,0.0,0.0,0.0,0.0,0.0,0.0,0.0,0.0,0.0,0.0,0.0,0.0,0.0,0.0,0.0,0.0,0.532,0.4571
128,0.001,3,10,100,256,16,256,184,440338,73,30,VicregLoss,gru,/home/dpetrovitch/dzagcoffee/train_trace/gender/checkpoints_2025-10-08 10:26:11.109161_VicregLoss_gru_catboost/model_128_0.001_3_10_100_256_256_16_256_VicregLoss_gruepoch=20.ckpt,20,30,0.07143041,33.1193,1.654,0.0007,3.4174,1.8726,1.879,0.4601,672.5532,34.8645,39.2001,2.0321,31.9147,1.6544,29.6636,1.5377,27.8059,1.4414,26.8825,1.3936,25.9296,1.3442,20.2172,8.9247,1.1784,0.5202,0.9594,0.4235,0.8917,0.3936,0.8359,0.369,0.8081,0.3567,0.7795,0.3441,0.0,0.0,0.0,0.0,0.0,0.0,0.0,0.0,0.0,0.0,0.0,0.0,0.0,0.0,0.0,0.0,0.0,0.0,0.0,0.0,0.0,0.0,0.0,0.0,0.0,0.0,0.0,0.0,0.0,0.0,0.0,0.0,0.0,0.0,0.0,0.536,0.491
128,0.001,3,10,100,256,16,256,184,440338,73,30,VicregLoss,gru,/home/dpetrovitch/dzagcoffee/train_trace/gender/checkpoints_2025-10-08 10:26:11.109161_VicregLoss_gru_catboost/model_128_0.001_3_10_100_256_256_16_256_VicregLoss_gruepoch=21.ckpt,21,30,0.06567383,33.5498,1.6552,0.0008,3.4134,1.9099,1.9067,0.4591,684.9622,35.6555,40.3546,2.1006,32.8504,1.71,30.3337,1.579,28.2825,1.4722,27.3704,1.4248,26.3027,1.3692,22.9599,8.5346,1.3527,0.5028,1.1011,0.4093,1.0168,0.378,0.948,0.3524,0.9175,0.341,0.8817,0.3277,0.0,0.0,0.0,0.0,0.0,0.0,0.0,0.0,0.0,0.0,0.0,0.0,0.0,0.0,0.0,0.0,0.0,0.0,0.0,0.0,0.0,0.0,0.0,0.0,0.0,0.0,0.0,0.0,0.0,0.0,0.0,0.0,0.0,0.0,0.0,0.54,0.4917
128,0.001,3,10,100,256,16,256,184,440338,73,30,VicregLoss,gru,/home/dpetrovitch/dzagcoffee/train_trace/gender/checkpoints_2025-10-08 10:26:11.109161_VicregLoss_gru_catboost/model_128_0.001_3_10_100_256_256_16_256_VicregLoss_gruepoch=22.ckpt,22,30,0.071087755,32.7794,1.6577,0.0007,3.4319,1.9182,1.9085,0.459,670.2304,34.9696,39.7934,2.0762,32.3627,1.6885,29.943,1.5623,27.9191,1.4567,26.977,1.4075,25.8979,1.3512,22.1648,8.7936,1.316,0.5221,1.0702,0.4246,0.9902,0.3929,0.9233,0.3663,0.8921,0.3539,0.8565,0.3398,0.0,0.0,0.0,0.0,0.0,0.0,0.0,0.0,0.0,0.0,0.0,0.0,0.0,0.0,0.0,0.0,0.0,0.0,0.0,0.0,0.0,0.0,0.0,0.0,0.0,0.0,0.0,0.0,0.0,0.0,0.0,0.0,0.0,0.0,0.0,0.532,0.4876
128,0.001,3,10,100,256,16,256,184,440338,73,30,VicregLoss,gru,/home/dpetrovitch/dzagcoffee/train_trace/gender/checkpoints_2025-10-08 10:26:11.109161_VicregLoss_gru_catboost/model_128_0.001_3_10_100_256_256_16_256_VicregLoss_gruepoch=23.ckpt,23,30,0.068620645,31.9325,1.6498,0.0007,3.4294,2.0216,2.018,0.4579,655.5572,33.8193,38.956,2.0097,31.6786,1.6343,29.3513,1.5142,27.4114,1.4141,26.5093,1.3676,25.4336,1.3121,21.0861,8.183,1.253,0.4863,1.0189,0.3954,0.9441,0.3664,0.8817,0.3422,0.8527,0.3309,0.8181,0.3175,0.0,0.0,0.0,0.0,0.0,0.0,0.0,0.0,0.0,0.0,0.0,0.0,0.0,0.0,0.0,0.0,0.0,0.0,0.0,0.0,0.0,0.0,0.0,0.0,0.0,0.0,0.0,0.0,0.0,0.0,0.0,0.0,0.0,0.0,0.0,0.512,0.4718
128,0.001,3,10,100,256,16,256,184,440338,73,30,VicregLoss,gru,/home/dpetrovitch/dzagcoffee/train_trace/gender/checkpoints_2025-10-08 10:26:11.109161_VicregLoss_gru_catboost/model_128_0.001_3_10_100_256_256_16_256_VicregLoss_gruepoch=24.ckpt,24,30,0.06961863,32.6736,1.6575,0.0008,3.4406,1.9126,1.9158,0.4602,664.3178,34.2762,40.0975,2.0689,32.4026,1.6718,30.0578,1.5509,28.115,1.4506,27.0999,1.3982,26.0022,1.3416,22.666,9.2794,1.3681,0.5601,1.1056,0.4526,1.0256,0.4199,0.9593,0.3927,0.9246,0.3785,0.8872,0.3632,0.0,0.0,0.0,0.0,0.0,0.0,0.0,0.0,0.0,0.0,0.0,0.0,0.0,0.0,0.0,0.0,0.0,0.0,0.0,0.0,0.0,0.0,0.0,0.0,0.0,0.0,0.0,0.0,0.0,0.0,0.0,0.0,0.0,0.0,0.0,0.528,0.4876
128,0.001,3,10,100,256,16,256,184,440338,73,30,VicregLoss,gru,/home/dpetrovitch/dzagcoffee/train_trace/gender/checkpoints_2025-10-08 10:26:11.109161_VicregLoss_gru_catboost/model_128_0.001_3_10_100_256_256_16_256_VicregLoss_gruepoch=25.ckpt,25,30,0.064598754,31.529,1.6665,0.0007,3.4622,1.8607,1.8468,0.4629,650.6212,34.3389,39.1636,2.067,31.7031,1.6732,29.2446,1.5435,27.2603,1.4388,26.3222,1.3892,25.288,1.3347,22.4397,8.5836,1.3507,0.5167,1.0934,0.4183,1.0086,0.3858,0.9402,0.3596,0.9078,0.3473,0.8722,0.3336,0.0,0.0,0.0,0.0,0.0,0.0,0.0,0.0,0.0,0.0,0.0,0.0,0.0,0.0,0.0,0.0,0.0,0.0,0.0,0.0,0.0,0.0,0.0,0.0,0.0,0.0,0.0,0.0,0.0,0.0,0.0,0.0,0.0,0.0,0.0,0.532,0.4626
128,0.001,3,10,100,256,16,256,184,440338,73,30,VicregLoss,gru,/home/dpetrovitch/dzagcoffee/train_trace/gender/checkpoints_2025-10-08 10:26:11.109161_VicregLoss_gru_catboost/model_128_0.001_3_10_100_256_256_16_256_VicregLoss_gruepoch=26.ckpt,26,30,0.06775116,31.475,1.6585,0.0007,3.4701,1.972,1.9582,0.4587,652.7307,34.0123,39.8067,2.0742,31.9816,1.6665,29.5603,1.5403,27.5943,1.4379,26.6745,1.3899,25.5936,1.3336,26.6863,8.084,1.6275,0.493,1.3075,0.3961,1.2085,0.3661,1.1282,0.3418,1.0906,0.3304,1.0464,0.317,0.0,0.0,0.0,0.0,0.0,0.0,0.0,0.0,0.0,0.0,0.0,0.0,0.0,0.0,0.0,0.0,0.0,0.0,0.0,0.0,0.0,0.0,0.0,0.0,0.0,0.0,0.0,0.0,0.0,0.0,0.0,0.0,0.0,0.0,0.0,0.548,0.4857
128,0.001,3,10,100,256,16,256,184,440338,73,30,VicregLoss,gru,/home/dpetrovitch/dzagcoffee/train_trace/gender/checkpoints_2025-10-08 10:26:11.109161_VicregLoss_gru_catboost/model_128_0.001_3_10_100_256_256_16_256_VicregLoss_gruepoch=27.ckpt,27,30,0.065613866,30.9123,1.6449,0.0007,3.4711,1.9114,1.9093,0.4621,640.4134,33.1396,39.0988,2.0232,31.5027,1.6302,29.1547,1.5087,27.1699,1.406,26.2454,1.3581,25.1652,1.3022,22.944,7.2687,1.4008,0.4438,1.1286,0.3576,1.0445,0.3309,0.9734,0.3084,0.9403,0.2979,0.9016,0.2856,0.0,0.0,0.0,0.0,0.0,0.0,0.0,0.0,0.0,0.0,0.0,0.0,0.0,0.0,0.0,0.0,0.0,0.0,0.0,0.0,0.0,0.0,0.0,0.0,0.0,0.0,0.0,0.0,0.0,0.0,0.0,0.0,0.0,0.0,0.0,0.524,0.4814
128,0.001,3,10,100,256,16,256,184,440338,73,30,VicregLoss,gru,/home/dpetrovitch/dzagcoffee/train_trace/gender/checkpoints_2025-10-08 10:26:11.109161_VicregLoss_gru_catboost/model_128_0.001_3_10_100_256_256_16_256_VicregLoss_gruepoch=28.ckpt,28,30,0.06736568,29.6292,1.6341,0.0007,3.4656,1.9829,1.9847,0.4613,624.4981,32.2412,38.1183,1.9679,30.7474,1.5874,28.3926,1.4658,26.4809,1.3671,25.5548,1.3193,24.5035,1.265,22.5131,7.8072,1.3742,0.4765,1.1084,0.3844,1.0235,0.355,0.9546,0.3311,0.9212,0.3195,0.8833,0.3063,0.0,0.0,0.0,0.0,0.0,0.0,0.0,0.0,0.0,0.0,0.0,0.0,0.0,0.0,0.0,0.0,0.0,0.0,0.0,0.0,0.0,0.0,0.0,0.0,0.0,0.0,0.0,0.0,0.0,0.0,0.0,0.0,0.0,0.0,0.0,0.536,0.4625
128,0.001,3,10,100,256,16,256,184,440338,73,30,VicregLoss,gru,/home/dpetrovitch/dzagcoffee/train_trace/gender/checkpoints_2025-10-08 10:26:11.109161_VicregLoss_gru_catboost/model_128_0.001_3_10_100_256_256_16_256_VicregLoss_gruepoch=29.ckpt,29,30,0.07029537,29.1404,1.6569,0.0007,3.4843,1.9735,1.9873,0.4609,620.9519,32.5165,38.1205,1.9962,30.6473,1.6049,28.2085,1.4772,26.2907,1.3767,25.4171,1.331,24.335,1.2743,21.0221,8.6299,1.2906,0.5298,1.0376,0.4259,0.955,0.392,0.8901,0.3654,0.8605,0.3532,0.8239,0.3382,0.0,0.0,0.0,0.0,0.0,0.0,0.0,0.0,0.0,0.0,0.0,0.0,0.0,0.0,0.0,0.0,0.0,0.0,0.0,0.0,0.0,0.0,0.0,0.0,0.0,0.0,0.0,0.0,0.0,0.0,0.0,0.0,0.0,0.0,0.0,0.568,0.4773
128,0.001,3,10,100,512,16,256,184,440338,73,30,VicregLoss,gru,/home/dpetrovitch/dzagcoffee/train_trace/gender/checkpoints_2025-10-08 10:26:11.109161_VicregLoss_gru_catboost/model_128_0.001_3_10_100_256_512_16_256_VicregLoss_gruepoch=00.ckpt,0,30,0.054571856,57.9184,1.6483,0.0007,3.5364,1.191,1.1922,0.6431,1068.7273,58.0195,63.4394,3.444,43.5541,2.3645,40.4931,2.1983,38.4647,2.0882,37.4243,2.0317,36.2567,1.9683,25.2008,5.8271,1.4959,0.3459,1.027,0.2375,0.9548,0.2208,0.907,0.2097,0.8825,0.2041,0.8549,0.1977,0.0,0.0,0.0,0.0,0.0,0.0,0.0,0.0,0.0,0.0,0.0,0.0,0.0,0.0,0.0,0.0,0.0,0.0,0.0,0.0,0.0,0.0,0.0,0.0,0.0,0.0,0.0,0.0,0.0,0.0,0.0,0.0,0.0,0.0,0.0,0.528,0.5087
128,0.001,3,10,100,512,16,256,184,440338,73,30,VicregLoss,gru,/home/dpetrovitch/dzagcoffee/train_trace/gender/checkpoints_2025-10-08 10:26:11.109161_VicregLoss_gru_catboost/model_128_0.001_3_10_100_256_512_16_256_VicregLoss_gruepoch=01.ckpt,1,30,0.049749006,74.761,1.6063,0.0018,3.1347,1.893,1.8213,0.4054,1374.6656,69.9275,77.235,3.9288,62.0272,3.1552,57.9526,2.948,54.7225,2.7837,53.0435,2.6983,50.7776,2.583,52.0017,9.8943,2.9217,0.5559,2.3464,0.4464,2.1923,0.4171,2.0701,0.3939,2.0066,0.3818,1.9208,0.3655,0.0,0.0,0.0,0.0,0.0,0.0,0.0,0.0,0.0,0.0,0.0,0.0,0.0,0.0,0.0,0.0,0.0,0.0,0.0,0.0,0.0,0.0,0.0,0.0,0.0,0.0,0.0,0.0,0.0,0.0,0.0,0.0,0.0,0.0,0.0,0.524,0.4739
128,0.001,3,10,100,512,16,256,184,440338,73,30,VicregLoss,gru,/home/dpetrovitch/dzagcoffee/train_trace/gender/checkpoints_2025-10-08 10:26:11.109161_VicregLoss_gru_catboost/model_128_0.001_3_10_100_256_512_16_256_VicregLoss_gruepoch=02.ckpt,2,30,0.065309756,63.909,1.6284,0.0013,3.1954,1.8598,1.8719,0.423,1174.9272,59.5187,62.7941,3.181,50.7588,2.5713,47.2457,2.3933,44.6082,2.2597,43.2113,2.189,41.2253,2.0884,32.5944,13.1012,1.742,0.7002,1.4081,0.566,1.3107,0.5268,1.2375,0.4974,1.1988,0.4818,1.1437,0.4597,0.0,0.0,0.0,0.0,0.0,0.0,0.0,0.0,0.0,0.0,0.0,0.0,0.0,0.0,0.0,0.0,0.0,0.0,0.0,0.0,0.0,0.0,0.0,0.0,0.0,0.0,0.0,0.0,0.0,0.0,0.0,0.0,0.0,0.0,0.0,0.572,0.4968
128,0.001,3,10,100,512,16,256,184,440338,73,30,VicregLoss,gru,/home/dpetrovitch/dzagcoffee/train_trace/gender/checkpoints_2025-10-08 10:26:11.109161_VicregLoss_gru_catboost/model_128_0.001_3_10_100_256_512_16_256_VicregLoss_gruepoch=03.ckpt,3,30,0.06407192,57.5428,1.65,0.001,3.35,1.6036,1.6041,0.4575,1066.6195,55.784,56.2707,2.9429,45.5254,2.381,42.0986,2.2017,39.1937,2.0498,37.6846,1.9709,36.2184,1.8942,31.8094,12.0785,1.6781,0.6372,1.3577,0.5155,1.2555,0.4767,1.1689,0.4438,1.1239,0.4267,1.0801,0.4101,0.0,0.0,0.0,0.0,0.0,0.0,0.0,0.0,0.0,0.0,0.0,0.0,0.0,0.0,0.0,0.0,0.0,0.0,0.0,0.0,0.0,0.0,0.0,0.0,0.0,0.0,0.0,0.0,0.0,0.0,0.0,0.0,0.0,0.0,0.0,0.508,0.4591
128,0.001,3,10,100,512,16,256,184,440338,73,30,VicregLoss,gru,/home/dpetrovitch/dzagcoffee/train_trace/gender/checkpoints_2025-10-08 10:26:11.109161_VicregLoss_gru_catboost/model_128_0.001_3_10_100_256_512_16_256_VicregLoss_gruepoch=04.ckpt,4,30,0.06547252,56.3031,1.6224,0.0013,3.236,1.9508,1.95,0.4264,1045.0328,53.0232,55.8521,2.8338,45.5671,2.312,42.2983,2.1461,39.817,2.0202,38.7147,1.9643,36.9988,1.8773,30.4768,12.5729,1.6288,0.672,1.3289,0.5482,1.2336,0.5089,1.1612,0.479,1.1291,0.4658,1.079,0.4451,0.0,0.0,0.0,0.0,0.0,0.0,0.0,0.0,0.0,0.0,0.0,0.0,0.0,0.0,0.0,0.0,0.0,0.0,0.0,0.0,0.0,0.0,0.0,0.0,0.0,0.0,0.0,0.0,0.0,0.0,0.0,0.0,0.0,0.0,0.0,0.536,0.4949
128,0.001,3,10,100,512,16,256,184,440338,73,30,VicregLoss,gru,/home/dpetrovitch/dzagcoffee/train_trace/gender/checkpoints_2025-10-08 10:26:11.109161_VicregLoss_gru_catboost/model_128_0.001_3_10_100_256_512_16_256_VicregLoss_gruepoch=05.ckpt,5,30,0.07274962,53.6251,1.6363,0.001,3.298,1.9132,1.9115,0.4334,993.5334,51.0825,51.7345,2.6599,42.8305,2.2021,39.7006,2.0412,37.396,1.9227,36.2696,1.8648,34.6938,1.7838,30.2912,12.2763,1.5773,0.6392,1.3058,0.5292,1.2104,0.4905,1.1401,0.4621,1.1058,0.4482,1.0578,0.4287,0.0,0.0,0.0,0.0,0.0,0.0,0.0,0.0,0.0,0.0,0.0,0.0,0.0,0.0,0.0,0.0,0.0,0.0,0.0,0.0,0.0,0.0,0.0,0.0,0.0,0.0,0.0,0.0,0.0,0.0,0.0,0.0,0.0,0.0,0.0,0.52,0.4923
128,0.001,3,10,100,512,16,256,184,440338,73,30,VicregLoss,gru,/home/dpetrovitch/dzagcoffee/train_trace/gender/checkpoints_2025-10-08 10:26:11.109161_VicregLoss_gru_catboost/model_128_0.001_3_10_100_256_512_16_256_VicregLoss_gruepoch=06.ckpt,6,30,0.07307943,53.3152,1.6325,0.0013,3.252,2.0174,2.0029,0.4245,995.3832,51.5407,53.1415,2.7517,43.6718,2.2613,40.5208,2.0982,37.8547,1.9601,36.6904,1.8998,35.3324,1.8295,31.9715,12.675,1.7069,0.6767,1.4027,0.5561,1.3015,0.516,1.2159,0.482,1.1785,0.4672,1.1349,0.4499,0.0,0.0,0.0,0.0,0.0,0.0,0.0,0.0,0.0,0.0,0.0,0.0,0.0,0.0,0.0,0.0,0.0,0.0,0.0,0.0,0.0,0.0,0.0,0.0,0.0,0.0,0.0,0.0,0.0,0.0,0.0,0.0,0.0,0.0,0.0,0.516,0.4516
128,0.001,3,10,100,512,16,256,184,440338,73,30,VicregLoss,gru,/home/dpetrovitch/dzagcoffee/train_trace/gender/checkpoints_2025-10-08 10:26:11.109161_VicregLoss_gru_catboost/model_128_0.001_3_10_100_256_512_16_256_VicregLoss_gruepoch=07.ckpt,7,30,0.07094641,51.0191,1.604,0.0011,3.2874,1.9758,1.9283,0.4285,974.1532,49.9512,52.7283,2.7037,42.8799,2.1987,39.8084,2.0412,37.3103,1.9131,36.1761,1.855,35.0512,1.7973,27.104,11.4279,1.4671,0.6186,1.1931,0.503,1.1076,0.467,1.0381,0.4377,1.0065,0.4244,0.9752,0.4112,0.0,0.0,0.0,0.0,0.0,0.0,0.0,0.0,0.0,0.0,0.0,0.0,0.0,0.0,0.0,0.0,0.0,0.0,0.0,0.0,0.0,0.0,0.0,0.0,0.0,0.0,0.0,0.0,0.0,0.0,0.0,0.0,0.0,0.0,0.0,0.536,0.487
128,0.001,3,10,100,512,16,256,184,440338,73,30,VicregLoss,gru,/home/dpetrovitch/dzagcoffee/train_trace/gender/checkpoints_2025-10-08 10:26:11.109161_VicregLoss_gru_catboost/model_128_0.001_3_10_100_256_512_16_256_VicregLoss_gruepoch=08.ckpt,8,30,0.07328074,48.7604,1.6173,0.001,3.3657,1.8913,1.8995,0.4356,944.4749,48.8535,52.281,2.7043,42.326,2.1893,38.9834,2.0164,36.2467,1.8749,35.0933,1.8152,33.7909,1.7479,28.1831,11.6758,1.5601,0.6463,1.263,0.5232,1.1633,0.4819,1.0816,0.4481,1.0472,0.4338,1.0083,0.4177,0.0,0.0,0.0,0.0,0.0,0.0,0.0,0.0,0.0,0.0,0.0,0.0,0.0,0.0,0.0,0.0,0.0,0.0,0.0,0.0,0.0,0.0,0.0,0.0,0.0,0.0,0.0,0.0,0.0,0.0,0.0,0.0,0.0,0.0,0.0,0.524,0.498
128,0.001,3,10,100,512,16,256,184,440338,73,30,VicregLoss,gru,/home/dpetrovitch/dzagcoffee/train_trace/gender/checkpoints_2025-10-08 10:26:11.109161_VicregLoss_gru_catboost/model_128_0.001_3_10_100_256_512_16_256_VicregLoss_gruepoch=09.ckpt,9,30,0.079320006,47.6764,1.6488,0.001,3.3654,1.9161,1.8995,0.4376,931.1998,48.6127,51.057,2.6654,41.8072,2.1825,38.6823,2.0194,36.027,1.8808,34.8624,1.82,33.5668,1.7523,25.0316,7.9475,1.3725,0.4358,1.1238,0.3568,1.0398,0.3301,0.9684,0.3075,0.9371,0.2975,0.9023,0.2865,0.0,0.0,0.0,0.0,0.0,0.0,0.0,0.0,0.0,0.0,0.0,0.0,0.0,0.0,0.0,0.0,0.0,0.0,0.0,0.0,0.0,0.0,0.0,0.0,0.0,0.0,0.0,0.0,0.0,0.0,0.0,0.0,0.0,0.0,0.0,0.508,0.4942
128,0.001,3,10,100,512,16,256,184,440338,73,30,VicregLoss,gru,/home/dpetrovitch/dzagcoffee/train_trace/gender/checkpoints_2025-10-08 10:26:11.109161_VicregLoss_gru_catboost/model_128_0.001_3_10_100_256_512_16_256_VicregLoss_gruepoch=10.ckpt,10,30,0.081255995,44.8647,1.6253,0.0009,3.3857,1.8267,1.8356,0.4465,887.1921,46.0239,48.8147,2.5323,39.6201,2.0553,36.6893,1.9033,34.3753,1.7832,33.3502,1.7301,32.2785,1.6745,23.4465,10.4826,1.2901,0.5768,1.0471,0.4681,0.9696,0.4335,0.9085,0.4062,0.8814,0.394,0.853,0.3814,0.0,0.0,0.0,0.0,0.0,0.0,0.0,0.0,0.0,0.0,0.0,0.0,0.0,0.0,0.0,0.0,0.0,0.0,0.0,0.0,0.0,0.0,0.0,0.0,0.0,0.0,0.0,0.0,0.0,0.0,0.0,0.0,0.0,0.0,0.0,0.508,0.4875
128,0.001,3,10,100,512,16,256,184,440338,73,30,VicregLoss,gru,/home/dpetrovitch/dzagcoffee/train_trace/gender/checkpoints_2025-10-08 10:26:11.109161_VicregLoss_gru_catboost/model_128_0.001_3_10_100_256_512_16_256_VicregLoss_gruepoch=11.ckpt,11,30,0.08068634,44.7189,1.6429,0.001,3.4047,1.8905,1.89,0.4426,892.6342,46.4392,49.5126,2.5759,40.4227,2.103,37.3901,1.9452,34.9685,1.8192,33.825,1.7597,32.6383,1.698,24.2989,7.8858,1.3478,0.4374,1.1004,0.3571,1.0178,0.3303,0.9519,0.3089,0.9208,0.2988,0.8885,0.2883,0.0,0.0,0.0,0.0,0.0,0.0,0.0,0.0,0.0,0.0,0.0,0.0,0.0,0.0,0.0,0.0,0.0,0.0,0.0,0.0,0.0,0.0,0.0,0.0,0.0,0.0,0.0,0.0,0.0,0.0,0.0,0.0,0.0,0.0,0.0,0.504,0.4673
128,0.001,3,10,100,512,16,256,184,440338,73,30,VicregLoss,gru,/home/dpetrovitch/dzagcoffee/train_trace/gender/checkpoints_2025-10-08 10:26:11.109161_VicregLoss_gru_catboost/model_128_0.001_3_10_100_256_512_16_256_VicregLoss_gruepoch=12.ckpt,12,30,0.08003529,43.0749,1.6456,0.0009,3.4304,1.8186,1.8183,0.4491,870.5663,45.3953,48.6753,2.5382,39.4597,2.0576,36.587,1.9078,34.2676,1.7869,33.1481,1.7285,31.9998,1.6686,28.0146,8.7166,1.5664,0.4874,1.2698,0.3951,1.1774,0.3663,1.1027,0.3431,1.0667,0.3319,1.0297,0.3204,0.0,0.0,0.0,0.0,0.0,0.0,0.0,0.0,0.0,0.0,0.0,0.0,0.0,0.0,0.0,0.0,0.0,0.0,0.0,0.0,0.0,0.0,0.0,0.0,0.0,0.0,0.0,0.0,0.0,0.0,0.0,0.0,0.0,0.0,0.0,0.548,0.5296
128,0.001,3,10,100,512,16,256,184,440338,73,30,VicregLoss,gru,/home/dpetrovitch/dzagcoffee/train_trace/gender/checkpoints_2025-10-08 10:26:11.109161_VicregLoss_gru_catboost/model_128_0.001_3_10_100_256_512_16_256_VicregLoss_gruepoch=13.ckpt,13,30,0.0857319,41.5414,1.656,0.0008,3.4522,1.8523,1.8516,0.4489,845.0746,43.834,46.739,2.4244,38.2621,1.9847,35.4261,1.8375,33.1833,1.7212,32.1354,1.6669,30.9898,1.6074,25.4304,9.7082,1.4065,0.5369,1.1514,0.4396,1.0661,0.407,0.9986,0.3812,0.967,0.3692,0.9326,0.356,0.0,0.0,0.0,0.0,0.0,0.0,0.0,0.0,0.0,0.0,0.0,0.0,0.0,0.0,0.0,0.0,0.0,0.0,0.0,0.0,0.0,0.0,0.0,0.0,0.0,0.0,0.0,0.0,0.0,0.0,0.0,0.0,0.0,0.0,0.0,0.532,0.5194
128,0.001,3,10,100,512,16,256,184,440338,73,30,VicregLoss,gru,/home/dpetrovitch/dzagcoffee/train_trace/gender/checkpoints_2025-10-08 10:26:11.109161_VicregLoss_gru_catboost/model_128_0.001_3_10_100_256_512_16_256_VicregLoss_gruepoch=14.ckpt,14,30,0.08001816,40.8238,1.6511,0.0008,3.4825,1.8267,1.8302,0.4526,842.4839,43.865,47.4541,2.4708,38.5276,2.006,35.7102,1.8593,33.3832,1.7381,32.2783,1.6806,31.149,1.6218,23.5269,9.1267,1.3252,0.5141,1.0759,0.4174,0.9972,0.3869,0.9322,0.3616,0.9014,0.3497,0.8699,0.3374,0.0,0.0,0.0,0.0,0.0,0.0,0.0,0.0,0.0,0.0,0.0,0.0,0.0,0.0,0.0,0.0,0.0,0.0,0.0,0.0,0.0,0.0,0.0,0.0,0.0,0.0,0.0,0.0,0.0,0.0,0.0,0.0,0.0,0.0,0.0,0.524,0.5083
128,0.001,3,10,100,512,16,256,184,440338,73,30,VicregLoss,gru,/home/dpetrovitch/dzagcoffee/train_trace/gender/checkpoints_2025-10-08 10:26:11.109161_VicregLoss_gru_catboost/model_128_0.001_3_10_100_256_512_16_256_VicregLoss_gruepoch=15.ckpt,15,30,0.07928574,39.6343,1.6627,0.0007,3.5422,1.7697,1.7542,0.4546,842.4648,44.5311,47.9924,2.5368,38.9731,2.06,36.0059,1.9032,33.3492,1.7628,32.0911,1.6963,30.8447,1.6304,24.8797,7.048,1.4173,0.4015,1.151,0.326,1.0633,0.3012,0.9849,0.279,0.9477,0.2685,0.9109,0.258,0.0,0.0,0.0,0.0,0.0,0.0,0.0,0.0,0.0,0.0,0.0,0.0,0.0,0.0,0.0,0.0,0.0,0.0,0.0,0.0,0.0,0.0,0.0,0.0,0.0,0.0,0.0,0.0,0.0,0.0,0.0,0.0,0.0,0.0,0.0,0.544,0.5368
128,0.001,3,10,100,512,16,256,184,440338,73,30,VicregLoss,gru,/home/dpetrovitch/dzagcoffee/train_trace/gender/checkpoints_2025-10-08 10:26:11.109161_VicregLoss_gru_catboost/model_128_0.001_3_10_100_256_512_16_256_VicregLoss_gruepoch=16.ckpt,16,30,0.086301565,38.9084,1.6369,0.0007,3.5687,1.8782,1.878,0.4489,838.8966,44.229,47.9333,2.5272,39.1781,2.0656,36.1537,1.9061,33.4636,1.7643,32.1711,1.6962,30.8393,1.6259,28.5077,7.5516,1.6289,0.4315,1.3314,0.3527,1.2286,0.3254,1.1372,0.3012,1.0933,0.2896,1.048,0.2776,0.0,0.0,0.0,0.0,0.0,0.0,0.0,0.0,0.0,0.0,0.0,0.0,0.0,0.0,0.0,0.0,0.0,0.0,0.0,0.0,0.0,0.0,0.0,0.0,0.0,0.0,0.0,0.0,0.0,0.0,0.0,0.0,0.0,0.0,0.0,0.552,0.5523
128,0.001,3,10,100,512,16,256,184,440338,73,30,VicregLoss,gru,/home/dpetrovitch/dzagcoffee/train_trace/gender/checkpoints_2025-10-08 10:26:11.109161_VicregLoss_gru_catboost/model_128_0.001_3_10_100_256_512_16_256_VicregLoss_gruepoch=17.ckpt,17,30,0.08253666,35.8572,1.6235,0.0007,3.5717,1.8113,1.8126,0.4571,797.5692,41.6284,45.1713,2.3577,36.9317,1.9276,34.1459,1.7822,31.6772,1.6534,30.4513,1.5894,29.1425,1.5211,24.3123,9.2603,1.377,0.5245,1.1258,0.4288,1.0409,0.3965,0.9656,0.3678,0.9282,0.3536,0.8883,0.3384,0.0,0.0,0.0,0.0,0.0,0.0,0.0,0.0,0.0,0.0,0.0,0.0,0.0,0.0,0.0,0.0,0.0,0.0,0.0,0.0,0.0,0.0,0.0,0.0,0.0,0.0,0.0,0.0,0.0,0.0,0.0,0.0,0.0,0.0,0.0,0.528,0.4925
128,0.001,3,10,100,512,16,256,184,440338,73,30,VicregLoss,gru,/home/dpetrovitch/dzagcoffee/train_trace/gender/checkpoints_2025-10-08 10:26:11.109161_VicregLoss_gru_catboost/model_128_0.001_3_10_100_256_512_16_256_VicregLoss_gruepoch=18.ckpt,18,30,0.08254095,35.7586,1.6353,0.0006,3.6031,1.7947,1.7927,0.4582,793.2508,41.5904,45.2809,2.3741,36.9007,1.9347,33.9305,1.779,31.5431,1.6538,30.3981,1.5938,29.1921,1.5306,23.4433,8.1375,1.3382,0.4645,1.0905,0.3785,1.0028,0.3481,0.9322,0.3236,0.8984,0.3118,0.8627,0.2995,0.0,0.0,0.0,0.0,0.0,0.0,0.0,0.0,0.0,0.0,0.0,0.0,0.0,0.0,0.0,0.0,0.0,0.0,0.0,0.0,0.0,0.0,0.0,0.0,0.0,0.0,0.0,0.0,0.0,0.0,0.0,0.0,0.0,0.0,0.0,0.524,0.5239
128,0.001,3,10,100,512,16,256,184,440338,73,30,VicregLoss,gru,/home/dpetrovitch/dzagcoffee/train_trace/gender/checkpoints_2025-10-08 10:26:11.109161_VicregLoss_gru_catboost/model_128_0.001_3_10_100_256_512_16_256_VicregLoss_gruepoch=19.ckpt,19,30,0.0852265,35.8916,1.6524,0.0007,3.6347,1.973,1.9683,0.4498,809.8254,42.4171,46.9759,2.4605,38.433,2.013,35.4444,1.8565,32.798,1.7179,31.466,1.6481,30.0335,1.5731,23.6491,8.0026,1.3718,0.4642,1.1223,0.3798,1.0351,0.3503,0.9578,0.3241,0.9189,0.3109,0.8771,0.2968,0.0,0.0,0.0,0.0,0.0,0.0,0.0,0.0,0.0,0.0,0.0,0.0,0.0,0.0,0.0,0.0,0.0,0.0,0.0,0.0,0.0,0.0,0.0,0.0,0.0,0.0,0.0,0.0,0.0,0.0,0.0,0.0,0.0,0.0,0.0,0.536,0.5096
128,0.001,3,10,100,512,16,256,184,440338,73,30,VicregLoss,gru,/home/dpetrovitch/dzagcoffee/train_trace/gender/checkpoints_2025-10-08 10:26:11.109161_VicregLoss_gru_catboost/model_128_0.001_3_10_100_256_512_16_256_VicregLoss_gruepoch=20.ckpt,20,30,0.08556914,35.2257,1.6575,0.0006,3.6808,1.8268,1.8182,0.456,796.2089,42.0274,46.0323,2.4298,37.604,1.9849,34.4947,1.8208,31.9512,1.6865,30.705,1.6207,29.3951,1.5516,28.5656,8.7852,1.6515,0.5079,1.3491,0.4149,1.2376,0.3806,1.1463,0.3525,1.1016,0.3388,1.0546,0.3243,0.0,0.0,0.0,0.0,0.0,0.0,0.0,0.0,0.0,0.0,0.0,0.0,0.0,0.0,0.0,0.0,0.0,0.0,0.0,0.0,0.0,0.0,0.0,0.0,0.0,0.0,0.0,0.0,0.0,0.0,0.0,0.0,0.0,0.0,0.0,0.56,0.5344
128,0.001,3,10,100,512,16,256,184,440338,73,30,VicregLoss,gru,/home/dpetrovitch/dzagcoffee/train_trace/gender/checkpoints_2025-10-08 10:26:11.109161_VicregLoss_gru_catboost/model_128_0.001_3_10_100_256_512_16_256_VicregLoss_gruepoch=21.ckpt,21,30,0.08384303,34.5834,1.647,0.0006,3.6804,1.8695,1.8642,0.4528,794.5324,41.7575,45.9002,2.4123,37.4587,1.9687,34.4754,1.8119,31.9449,1.6789,30.724,1.6147,29.3735,1.5438,25.041,8.3184,1.4466,0.4806,1.1806,0.3922,1.0866,0.3609,1.0068,0.3344,0.9683,0.3217,0.9258,0.3075,0.0,0.0,0.0,0.0,0.0,0.0,0.0,0.0,0.0,0.0,0.0,0.0,0.0,0.0,0.0,0.0,0.0,0.0,0.0,0.0,0.0,0.0,0.0,0.0,0.0,0.0,0.0,0.0,0.0,0.0,0.0,0.0,0.0,0.0,0.0,0.592,0.5619
128,0.001,3,10,100,512,16,256,184,440338,73,30,VicregLoss,gru,/home/dpetrovitch/dzagcoffee/train_trace/gender/checkpoints_2025-10-08 10:26:11.109161_VicregLoss_gru_catboost/model_128_0.001_3_10_100_256_512_16_256_VicregLoss_gruepoch=22.ckpt,22,30,0.08683268,34.2531,1.6581,0.0006,3.6836,1.8728,1.8738,0.4557,782.0022,41.0557,45.2009,2.3731,36.8552,1.9349,34.0747,1.7889,31.5723,1.6576,30.3445,1.5931,28.9969,1.5224,24.738,9.3505,1.4299,0.5405,1.1659,0.4407,1.0779,0.4074,0.9988,0.3775,0.9599,0.3628,0.9173,0.3467,0.0,0.0,0.0,0.0,0.0,0.0,0.0,0.0,0.0,0.0,0.0,0.0,0.0,0.0,0.0,0.0,0.0,0.0,0.0,0.0,0.0,0.0,0.0,0.0,0.0,0.0,0.0,0.0,0.0,0.0,0.0,0.0,0.0,0.0,0.0,0.528,0.5309
128,0.001,3,10,100,512,16,256,184,440338,73,30,VicregLoss,gru,/home/dpetrovitch/dzagcoffee/train_trace/gender/checkpoints_2025-10-08 10:26:11.109161_VicregLoss_gru_catboost/model_128_0.001_3_10_100_256_512_16_256_VicregLoss_gruepoch=23.ckpt,23,30,0.090589024,35.3946,1.6628,0.0007,3.6944,1.9688,1.9443,0.4468,810.5789,42.7055,48.5141,2.556,39.2217,2.0664,36.0634,1.9,33.2046,1.7494,31.7667,1.6736,30.2808,1.5954,28.3022,7.4419,1.6939,0.4454,1.3695,0.3601,1.2592,0.3311,1.1594,0.3048,1.1092,0.2916,1.0573,0.278,0.0,0.0,0.0,0.0,0.0,0.0,0.0,0.0,0.0,0.0,0.0,0.0,0.0,0.0,0.0,0.0,0.0,0.0,0.0,0.0,0.0,0.0,0.0,0.0,0.0,0.0,0.0,0.0,0.0,0.0,0.0,0.0,0.0,0.0,0.0,0.564,0.5604
128,0.001,3,10,100,512,16,256,184,440338,73,30,VicregLoss,gru,/home/dpetrovitch/dzagcoffee/train_trace/gender/checkpoints_2025-10-08 10:26:11.109161_VicregLoss_gru_catboost/model_128_0.001_3_10_100_256_512_16_256_VicregLoss_gruepoch=24.ckpt,24,30,0.089719534,33.9134,1.6552,0.0006,3.6759,1.9849,1.9843,0.4522,784.6442,41.0409,45.7394,2.3924,37.3154,1.9518,34.5563,1.8075,32.0549,1.6766,30.7683,1.6093,29.366,1.536,26.5512,8.6885,1.5478,0.5065,1.2627,0.4132,1.1693,0.3826,1.0847,0.3549,1.0412,0.3407,0.9937,0.3252,0.0,0.0,0.0,0.0,0.0,0.0,0.0,0.0,0.0,0.0,0.0,0.0,0.0,0.0,0.0,0.0,0.0,0.0,0.0,0.0,0.0,0.0,0.0,0.0,0.0,0.0,0.0,0.0,0.0,0.0,0.0,0.0,0.0,0.0,0.0,0.52,0.5055
128,0.001,3,10,100,512,16,256,184,440338,73,30,VicregLoss,gru,/home/dpetrovitch/dzagcoffee/train_trace/gender/checkpoints_2025-10-08 10:26:11.109161_VicregLoss_gru_catboost/model_128_0.001_3_10_100_256_512_16_256_VicregLoss_gruepoch=25.ckpt,25,30,0.092520736,33.763,1.6591,0.0006,3.7162,1.9265,1.924,0.4515,788.5838,41.4804,46.3226,2.4366,37.7624,1.9863,34.8159,1.8314,32.1428,1.6907,30.8117,1.6207,29.3919,1.546,25.1003,7.4161,1.4744,0.4356,1.202,0.3551,1.1082,0.3274,1.0231,0.3023,0.9807,0.2898,0.9355,0.2764,0.0,0.0,0.0,0.0,0.0,0.0,0.0,0.0,0.0,0.0,0.0,0.0,0.0,0.0,0.0,0.0,0.0,0.0,0.0,0.0,0.0,0.0,0.0,0.0,0.0,0.0,0.0,0.0,0.0,0.0,0.0,0.0,0.0,0.0,0.0,0.56,0.5337
128,0.001,3,10,100,512,16,256,184,440338,73,30,VicregLoss,gru,/home/dpetrovitch/dzagcoffee/train_trace/gender/checkpoints_2025-10-08 10:26:11.109161_VicregLoss_gru_catboost/model_128_0.001_3_10_100_256_512_16_256_VicregLoss_gruepoch=26.ckpt,26,30,0.0948422,33.8596,1.6512,0.0006,3.7253,1.9003,1.8957,0.4499,795.0798,41.9275,46.9122,2.4738,38.3371,2.0217,35.1909,1.8557,32.5103,1.7144,31.1028,1.6402,29.5931,1.5606,27.0476,6.5122,1.5959,0.3842,1.3042,0.314,1.1971,0.2882,1.106,0.2663,1.0581,0.2548,1.0067,0.2424,0.0,0.0,0.0,0.0,0.0,0.0,0.0,0.0,0.0,0.0,0.0,0.0,0.0,0.0,0.0,0.0,0.0,0.0,0.0,0.0,0.0,0.0,0.0,0.0,0.0,0.0,0.0,0.0,0.0,0.0,0.0,0.0,0.0,0.0,0.0,0.52,0.5324
128,0.001,3,10,100,512,16,256,184,440338,73,30,VicregLoss,gru,/home/dpetrovitch/dzagcoffee/train_trace/gender/checkpoints_2025-10-08 10:26:11.109161_VicregLoss_gru_catboost/model_128_0.001_3_10_100_256_512_16_256_VicregLoss_gruepoch=27.ckpt,27,30,0.090023644,33.374,1.6593,0.0005,3.7546,1.8928,1.8734,0.4499,789.7858,41.8758,47.5361,2.5204,38.45,2.0387,35.2872,1.871,32.4502,1.7206,30.9548,1.6413,29.4163,1.5597,26.9637,5.8128,1.6229,0.3499,1.3127,0.283,1.2047,0.2597,1.1079,0.2388,1.0568,0.2278,1.0043,0.2165,0.0,0.0,0.0,0.0,0.0,0.0,0.0,0.0,0.0,0.0,0.0,0.0,0.0,0.0,0.0,0.0,0.0,0.0,0.0,0.0,0.0,0.0,0.0,0.0,0.0,0.0,0.0,0.0,0.0,0.0,0.0,0.0,0.0,0.0,0.0,0.568,0.5205
128,0.001,3,10,100,512,16,256,184,440338,73,30,VicregLoss,gru,/home/dpetrovitch/dzagcoffee/train_trace/gender/checkpoints_2025-10-08 10:26:11.109161_VicregLoss_gru_catboost/model_128_0.001_3_10_100_256_512_16_256_VicregLoss_gruepoch=28.ckpt,28,30,0.0866485,33.3368,1.6482,0.0006,3.7545,1.9315,1.9299,0.4502,794.977,41.8279,47.3771,2.4928,38.5024,2.0258,35.47,1.8663,32.7752,1.7245,31.3712,1.6506,29.7723,1.5665,27.1075,7.1768,1.6155,0.4277,1.3129,0.3476,1.2095,0.3202,1.1176,0.2959,1.0697,0.2832,1.0152,0.2688,0.0,0.0,0.0,0.0,0.0,0.0,0.0,0.0,0.0,0.0,0.0,0.0,0.0,0.0,0.0,0.0,0.0,0.0,0.0,0.0,0.0,0.0,0.0,0.0,0.0,0.0,0.0,0.0,0.0,0.0,0.0,0.0,0.0,0.0,0.0,0.548,0.5236
128,0.001,3,10,100,512,16,256,184,440338,73,30,VicregLoss,gru,/home/dpetrovitch/dzagcoffee/train_trace/gender/checkpoints_2025-10-08 10:26:11.109161_VicregLoss_gru_catboost/model_128_0.001_3_10_100_256_512_16_256_VicregLoss_gruepoch=29.ckpt,29,30,0.09266636,33.1247,1.654,0.0005,3.7792,1.8909,1.8872,0.4508,797.4042,42.0129,48.2226,2.5407,39.0062,2.0551,35.8532,1.889,33.0683,1.7423,31.6132,1.6656,29.9787,1.5795,26.6111,5.8753,1.6093,0.3553,1.3017,0.2874,1.1965,0.2642,1.1036,0.2436,1.055,0.2329,1.0005,0.2209,0.0,0.0,0.0,0.0,0.0,0.0,0.0,0.0,0.0,0.0,0.0,0.0,0.0,0.0,0.0,0.0,0.0,0.0,0.0,0.0,0.0,0.0,0.0,0.0,0.0,0.0,0.0,0.0,0.0,0.0,0.0,0.0,0.0,0.0,0.0,0.548,0.5241
128,0.001,3,10,100,1024,16,256,184,440338,73,30,VicregLoss,gru,/home/dpetrovitch/dzagcoffee/train_trace/gender/checkpoints_2025-10-08 10:26:11.109161_VicregLoss_gru_catboost/model_128_0.001_3_10_100_256_1024_16_256_VicregLoss_gruepoch=00.ckpt,0,30,0.066264905,73.0375,1.6068,0.0018,3.0728,1.8583,1.85,0.4168,1346.1158,69.1109,71.4569,3.6687,58.9109,3.0245,54.9011,2.8187,50.8086,2.6086,48.769,2.5038,46.6744,2.3963,38.5489,9.117,2.0463,0.484,1.687,0.399,1.5722,0.3718,1.455,0.3441,1.3966,0.3303,1.3366,0.3161,0.0,0.0,0.0,0.0,0.0,0.0,0.0,0.0,0.0,0.0,0.0,0.0,0.0,0.0,0.0,0.0,0.0,0.0,0.0,0.0,0.0,0.0,0.0,0.0,0.0,0.0,0.0,0.0,0.0,0.0,0.0,0.0,0.0,0.0,0.0,0.592,0.55
128,0.001,3,10,100,1024,16,256,184,440338,73,30,VicregLoss,gru,/home/dpetrovitch/dzagcoffee/train_trace/gender/checkpoints_2025-10-08 10:26:11.109161_VicregLoss_gru_catboost/model_128_0.001_3_10_100_256_1024_16_256_VicregLoss_gruepoch=01.ckpt,1,30,0.06988418,62.7781,1.6533,0.0014,3.1558,1.8505,1.8403,0.4338,1162.0544,60.2567,59.2077,3.0701,49.5331,2.5685,45.849,2.3774,42.8895,2.224,41.3985,2.1467,39.2446,2.035,29.0962,9.9832,1.4825,0.5087,1.2402,0.4255,1.148,0.3939,1.0739,0.3685,1.0366,0.3557,0.9826,0.3372,0.0,0.0,0.0,0.0,0.0,0.0,0.0,0.0,0.0,0.0,0.0,0.0,0.0,0.0,0.0,0.0,0.0,0.0,0.0,0.0,0.0,0.0,0.0,0.0,0.0,0.0,0.0,0.0,0.0,0.0,0.0,0.0,0.0,0.0,0.0,0.564,0.5353
128,0.001,3,10,100,1024,16,256,184,440338,73,30,VicregLoss,gru,/home/dpetrovitch/dzagcoffee/train_trace/gender/checkpoints_2025-10-08 10:26:11.109161_VicregLoss_gru_catboost/model_128_0.001_3_10_100_256_1024_16_256_VicregLoss_gruepoch=02.ckpt,2,30,0.08424565,62.3086,1.648,0.0016,3.132,1.9626,1.9621,0.4237,1157.46,60.4281,61.4919,3.2103,51.0248,2.6639,47.0727,2.4575,43.876,2.2907,42.3978,2.2135,40.1174,2.0944,25.6348,9.2311,1.3619,0.4904,1.1301,0.4069,1.0425,0.3754,0.9717,0.3499,0.939,0.3381,0.8885,0.3199,0.0,0.0,0.0,0.0,0.0,0.0,0.0,0.0,0.0,0.0,0.0,0.0,0.0,0.0,0.0,0.0,0.0,0.0,0.0,0.0,0.0,0.0,0.0,0.0,0.0,0.0,0.0,0.0,0.0,0.0,0.0,0.0,0.0,0.0,0.0,0.568,0.5512
128,0.001,3,10,100,1024,16,256,184,440338,73,30,VicregLoss,gru,/home/dpetrovitch/dzagcoffee/train_trace/gender/checkpoints_2025-10-08 10:26:11.109161_VicregLoss_gru_catboost/model_128_0.001_3_10_100_256_1024_16_256_VicregLoss_gruepoch=03.ckpt,3,30,0.08763792,58.51,1.6215,0.0014,3.1737,1.9943,1.9972,0.4272,1118.3589,58.4051,59.7306,3.1194,49.8135,2.6015,45.9835,2.4014,42.3663,2.2125,40.8372,2.1327,39.1665,2.0454,28.9992,8.2413,1.5488,0.4402,1.2917,0.3671,1.1924,0.3389,1.0986,0.3122,1.0589,0.3009,1.0156,0.2886,0.0,0.0,0.0,0.0,0.0,0.0,0.0,0.0,0.0,0.0,0.0,0.0,0.0,0.0,0.0,0.0,0.0,0.0,0.0,0.0,0.0,0.0,0.0,0.0,0.0,0.0,0.0,0.0,0.0,0.0,0.0,0.0,0.0,0.0,0.0,0.556,0.5385
128,0.001,3,10,100,1024,16,256,184,440338,73,30,VicregLoss,gru,/home/dpetrovitch/dzagcoffee/train_trace/gender/checkpoints_2025-10-08 10:26:11.109161_VicregLoss_gru_catboost/model_128_0.001_3_10_100_256_1024_16_256_VicregLoss_gruepoch=04.ckpt,4,30,0.08138878,52.8407,1.6578,0.0012,3.2989,1.9484,2.0153,0.4315,1031.5956,55.2221,55.1586,2.9527,46.0391,2.4645,42.2774,2.2631,38.7508,2.0744,37.1595,1.9892,35.6465,1.9082,21.9374,9.9534,1.173,0.5322,0.979,0.4442,0.8991,0.4079,0.8241,0.3739,0.7902,0.3585,0.758,0.3439,0.0,0.0,0.0,0.0,0.0,0.0,0.0,0.0,0.0,0.0,0.0,0.0,0.0,0.0,0.0,0.0,0.0,0.0,0.0,0.0,0.0,0.0,0.0,0.0,0.0,0.0,0.0,0.0,0.0,0.0,0.0,0.0,0.0,0.0,0.0,0.552,0.5196
128,0.001,3,10,100,1024,16,256,184,440338,73,30,VicregLoss,gru,/home/dpetrovitch/dzagcoffee/train_trace/gender/checkpoints_2025-10-08 10:26:11.109161_VicregLoss_gru_catboost/model_128_0.001_3_10_100_256_1024_16_256_VicregLoss_gruepoch=05.ckpt,5,30,0.08428848,54.1627,1.6421,0.0012,3.308,1.8948,1.8976,0.4333,1074.3838,56.1547,59.3242,3.1007,48.7402,2.5475,44.9779,2.3509,41.7685,2.1831,40.1759,2.0999,38.2097,1.9971,23.7444,8.7874,1.3111,0.4852,1.0772,0.3986,0.994,0.3679,0.9231,0.3416,0.8879,0.3286,0.8445,0.3125,0.0,0.0,0.0,0.0,0.0,0.0,0.0,0.0,0.0,0.0,0.0,0.0,0.0,0.0,0.0,0.0,0.0,0.0,0.0,0.0,0.0,0.0,0.0,0.0,0.0,0.0,0.0,0.0,0.0,0.0,0.0,0.0,0.0,0.0,0.0,0.552,0.5385
128,0.001,3,10,100,1024,16,256,184,440338,73,30,VicregLoss,gru,/home/dpetrovitch/dzagcoffee/train_trace/gender/checkpoints_2025-10-08 10:26:11.109161_VicregLoss_gru_catboost/model_128_0.001_3_10_100_256_1024_16_256_VicregLoss_gruepoch=06.ckpt,6,30,0.090207815,48.9266,1.6467,0.001,3.3992,1.8131,1.8183,0.4459,1001.8857,52.8479,54.5524,2.8776,44.9886,2.3731,41.441,2.1859,38.5337,2.0326,37.1224,1.9581,35.4095,1.8678,25.0964,8.7304,1.3665,0.4754,1.1269,0.392,1.0381,0.3611,0.9652,0.3358,0.9299,0.3235,0.887,0.3086,0.0,0.0,0.0,0.0,0.0,0.0,0.0,0.0,0.0,0.0,0.0,0.0,0.0,0.0,0.0,0.0,0.0,0.0,0.0,0.0,0.0,0.0,0.0,0.0,0.0,0.0,0.0,0.0,0.0,0.0,0.0,0.0,0.0,0.0,0.0,0.548,0.5154
128,0.001,3,10,100,1024,16,256,184,440338,73,30,VicregLoss,gru,/home/dpetrovitch/dzagcoffee/train_trace/gender/checkpoints_2025-10-08 10:26:11.109161_VicregLoss_gru_catboost/model_128_0.001_3_10_100_256_1024_16_256_VicregLoss_gruepoch=07.ckpt,7,30,0.088798665,46.6849,1.6453,0.0009,3.4862,1.7549,1.7711,0.452,972.9224,51.8012,53.3168,2.8387,43.6066,2.3217,40.0526,2.1325,37.2864,1.9852,35.9153,1.9122,34.3346,1.8281,21.9332,7.3836,1.202,0.4046,0.9831,0.3309,0.9029,0.304,0.8406,0.283,0.8097,0.2726,0.774,0.2606,0.0,0.0,0.0,0.0,0.0,0.0,0.0,0.0,0.0,0.0,0.0,0.0,0.0,0.0,0.0,0.0,0.0,0.0,0.0,0.0,0.0,0.0,0.0,0.0,0.0,0.0,0.0,0.0,0.0,0.0,0.0,0.0,0.0,0.0,0.0,0.492,0.4599
128,0.001,3,10,100,1024,16,256,184,440338,73,30,VicregLoss,gru,/home/dpetrovitch/dzagcoffee/train_trace/gender/checkpoints_2025-10-08 10:26:11.109161_VicregLoss_gru_catboost/model_128_0.001_3_10_100_256_1024_16_256_VicregLoss_gruepoch=08.ckpt,8,30,0.097592,46.9748,1.6429,0.0008,3.5275,1.7386,1.7375,0.4539,988.8369,52.3298,54.8067,2.9004,44.7871,2.3702,41.3827,2.19,38.3564,2.0298,36.8199,1.9485,35.0501,1.8549,27.5326,7.7926,1.526,0.4319,1.247,0.3529,1.1522,0.3261,1.068,0.3023,1.0252,0.2902,0.9759,0.2762,0.0,0.0,0.0,0.0,0.0,0.0,0.0,0.0,0.0,0.0,0.0,0.0,0.0,0.0,0.0,0.0,0.0,0.0,0.0,0.0,0.0,0.0,0.0,0.0,0.0,0.0,0.0,0.0,0.0,0.0,0.0,0.0,0.0,0.0,0.0,0.544,0.5421
128,0.001,3,10,100,1024,16,256,184,440338,73,30,VicregLoss,gru,/home/dpetrovitch/dzagcoffee/train_trace/gender/checkpoints_2025-10-08 10:26:11.109161_VicregLoss_gru_catboost/model_128_0.001_3_10_100_256_1024_16_256_VicregLoss_gruepoch=09.ckpt,9,30,0.096880995,45.3051,1.6682,0.0008,3.6072,1.7291,1.7582,0.4535,977.9027,52.4173,55.3714,2.968,44.8977,2.4066,41.2706,2.2122,38.2114,2.0482,36.3646,1.9492,34.2973,1.8384,26.866,8.4638,1.5212,0.4792,1.2335,0.3886,1.1338,0.3572,1.0498,0.3307,0.999,0.3147,0.9423,0.2968,0.0,0.0,0.0,0.0,0.0,0.0,0.0,0.0,0.0,0.0,0.0,0.0,0.0,0.0,0.0,0.0,0.0,0.0,0.0,0.0,0.0,0.0,0.0,0.0,0.0,0.0,0.0,0.0,0.0,0.0,0.0,0.0,0.0,0.0,0.0,0.552,0.5753
128,0.001,3,10,100,1024,16,256,184,440338,73,30,VicregLoss,gru,/home/dpetrovitch/dzagcoffee/train_trace/gender/checkpoints_2025-10-08 10:26:11.109161_VicregLoss_gru_catboost/model_128_0.001_3_10_100_256_1024_16_256_VicregLoss_gruepoch=10.ckpt,10,30,0.09771193,44.1643,1.6669,0.0008,3.6137,1.8364,1.8519,0.4451,972.9229,52.2723,54.6143,2.9343,44.9517,2.4151,41.4797,2.2286,38.2271,2.0538,36.4594,1.9589,34.4345,1.8501,28.8294,6.6327,1.6183,0.3723,1.332,0.3064,1.2291,0.2828,1.1327,0.2606,1.0804,0.2486,1.0204,0.2348,0.0,0.0,0.0,0.0,0.0,0.0,0.0,0.0,0.0,0.0,0.0,0.0,0.0,0.0,0.0,0.0,0.0,0.0,0.0,0.0,0.0,0.0,0.0,0.0,0.0,0.0,0.0,0.0,0.0,0.0,0.0,0.0,0.0,0.0,0.0,0.528,0.5182
128,0.001,3,10,100,1024,16,256,184,440338,73,30,VicregLoss,gru,/home/dpetrovitch/dzagcoffee/train_trace/gender/checkpoints_2025-10-08 10:26:11.109161_VicregLoss_gru_catboost/model_128_0.001_3_10_100_256_1024_16_256_VicregLoss_gruepoch=11.ckpt,11,30,0.09444388,42.947,1.6566,0.0008,3.6436,1.8771,1.88,0.4422,964.4134,51.0113,54.213,2.8675,44.7747,2.3683,41.3929,2.1894,38.0811,2.0142,36.2545,1.9176,34.1786,1.8078,27.7265,7.7191,1.5586,0.4339,1.2873,0.3584,1.19,0.3313,1.0948,0.3048,1.0423,0.2902,0.9826,0.2736,0.0,0.0,0.0,0.0,0.0,0.0,0.0,0.0,0.0,0.0,0.0,0.0,0.0,0.0,0.0,0.0,0.0,0.0,0.0,0.0,0.0,0.0,0.0,0.0,0.0,0.0,0.0,0.0,0.0,0.0,0.0,0.0,0.0,0.0,0.0,0.488,0.4922
128,0.001,3,10,100,1024,16,256,184,440338,73,30,VicregLoss,gru,/home/dpetrovitch/dzagcoffee/train_trace/gender/checkpoints_2025-10-08 10:26:11.109161_VicregLoss_gru_catboost/model_128_0.001_3_10_100_256_1024_16_256_VicregLoss_gruepoch=12.ckpt,12,30,0.093540125,41.2084,1.6531,0.0007,3.6448,1.7911,1.7907,0.4505,929.6465,49.0169,52.2102,2.7529,42.8812,2.261,39.5841,2.0871,36.489,1.9239,34.8533,1.8377,33.0662,1.7435,32.6598,8.2441,1.8342,0.463,1.5065,0.3803,1.3906,0.351,1.2819,0.3236,1.2244,0.3091,1.1617,0.2932,0.0,0.0,0.0,0.0,0.0,0.0,0.0,0.0,0.0,0.0,0.0,0.0,0.0,0.0,0.0,0.0,0.0,0.0,0.0,0.0,0.0,0.0,0.0,0.0,0.0,0.0,0.0,0.0,0.0,0.0,0.0,0.0,0.0,0.0,0.0,0.556,0.5368
128,0.001,3,10,100,1024,16,256,184,440338,73,30,VicregLoss,gru,/home/dpetrovitch/dzagcoffee/train_trace/gender/checkpoints_2025-10-08 10:26:11.109161_VicregLoss_gru_catboost/model_128_0.001_3_10_100_256_1024_16_256_VicregLoss_gruepoch=13.ckpt,13,30,0.099523716,41.2901,1.6626,0.0007,3.6617,1.846,1.845,0.4434,937.7889,49.5494,53.1384,2.8076,43.5374,2.3004,40.1875,2.1234,36.9904,1.9544,35.2988,1.8651,33.3972,1.7646,30.0974,6.5301,1.7054,0.37,1.3973,0.3032,1.2898,0.2798,1.1872,0.2576,1.1329,0.2458,1.0719,0.2326,0.0,0.0,0.0,0.0,0.0,0.0,0.0,0.0,0.0,0.0,0.0,0.0,0.0,0.0,0.0,0.0,0.0,0.0,0.0,0.0,0.0,0.0,0.0,0.0,0.0,0.0,0.0,0.0,0.0,0.0,0.0,0.0,0.0,0.0,0.0,0.556,0.5262
128,0.001,3,10,100,1024,16,256,184,440338,73,30,VicregLoss,gru,/home/dpetrovitch/dzagcoffee/train_trace/gender/checkpoints_2025-10-08 10:26:11.109161_VicregLoss_gru_catboost/model_128_0.001_3_10_100_256_1024_16_256_VicregLoss_gruepoch=14.ckpt,14,30,0.09517201,40.2135,1.6599,0.0007,3.6899,1.8243,1.8428,0.447,935.431,49.7682,53.5937,2.8514,43.7727,2.3289,40.3699,2.1478,37.1707,1.9776,35.4121,1.8841,33.4509,1.7797,31.7046,7.1483,1.8165,0.4095,1.4836,0.3345,1.3683,0.3085,1.2598,0.284,1.2002,0.2706,1.1338,0.2556,0.0,0.0,0.0,0.0,0.0,0.0,0.0,0.0,0.0,0.0,0.0,0.0,0.0,0.0,0.0,0.0,0.0,0.0,0.0,0.0,0.0,0.0,0.0,0.0,0.0,0.0,0.0,0.0,0.0,0.0,0.0,0.0,0.0,0.0,0.0,0.56,0.5227
128,0.001,3,10,100,1024,16,256,184,440338,73,30,VicregLoss,gru,/home/dpetrovitch/dzagcoffee/train_trace/gender/checkpoints_2025-10-08 10:26:11.109161_VicregLoss_gru_catboost/model_128_0.001_3_10_100_256_1024_16_256_VicregLoss_gruepoch=15.ckpt,15,30,0.096534066,40.4398,1.6533,0.0007,3.7002,1.94,1.9473,0.4403,943.0347,49.7409,53.2987,2.8113,44.0874,2.3254,40.7344,2.1486,37.4607,1.9759,35.6462,1.8802,33.667,1.7758,31.2214,7.761,1.7646,0.4386,1.4596,0.3628,1.3486,0.3352,1.2402,0.3083,1.1802,0.2934,1.1146,0.2771,0.0,0.0,0.0,0.0,0.0,0.0,0.0,0.0,0.0,0.0,0.0,0.0,0.0,0.0,0.0,0.0,0.0,0.0,0.0,0.0,0.0,0.0,0.0,0.0,0.0,0.0,0.0,0.0,0.0,0.0,0.0,0.0,0.0,0.0,0.0,0.56,0.4972
128,0.001,3,10,100,1024,16,256,184,440338,73,30,VicregLoss,gru,/home/dpetrovitch/dzagcoffee/train_trace/gender/checkpoints_2025-10-08 10:26:11.109161_VicregLoss_gru_catboost/model_128_0.001_3_10_100_256_1024_16_256_VicregLoss_gruepoch=16.ckpt,16,30,0.102025084,40.4396,1.6547,0.0007,3.6937,1.9281,1.9269,0.4387,950.9276,49.7724,55.0229,2.88,45.2291,2.3673,41.682,2.1817,38.3454,2.007,36.5581,1.9135,34.3998,1.8005,32.5312,6.7995,1.8823,0.3934,1.5473,0.3234,1.4259,0.298,1.3118,0.2742,1.2507,0.2614,1.1768,0.246,0.0,0.0,0.0,0.0,0.0,0.0,0.0,0.0,0.0,0.0,0.0,0.0,0.0,0.0,0.0,0.0,0.0,0.0,0.0,0.0,0.0,0.0,0.0,0.0,0.0,0.0,0.0,0.0,0.0,0.0,0.0,0.0,0.0,0.0,0.0,0.548,0.5147
128,0.001,3,10,100,1024,16,256,184,440338,73,30,VicregLoss,gru,/home/dpetrovitch/dzagcoffee/train_trace/gender/checkpoints_2025-10-08 10:26:11.109161_VicregLoss_gru_catboost/model_128_0.001_3_10_100_256_1024_16_256_VicregLoss_gruepoch=17.ckpt,17,30,0.10025614,38.4093,1.6359,0.0007,3.7428,1.8123,1.8112,0.4443,935.9769,49.2528,53.8842,2.8355,44.1484,2.3232,40.7496,2.1443,37.4653,1.9715,35.6447,1.8757,33.3572,1.7553,30.2023,6.2496,1.7387,0.3598,1.4246,0.2948,1.3149,0.2721,1.2089,0.2502,1.1502,0.238,1.0764,0.2227,0.0,0.0,0.0,0.0,0.0,0.0,0.0,0.0,0.0,0.0,0.0,0.0,0.0,0.0,0.0,0.0,0.0,0.0,0.0,0.0,0.0,0.0,0.0,0.0,0.0,0.0,0.0,0.0,0.0,0.0,0.0,0.0,0.0,0.0,0.0,0.516,0.4904
128,0.001,3,10,100,1024,16,256,184,440338,73,30,VicregLoss,gru,/home/dpetrovitch/dzagcoffee/train_trace/gender/checkpoints_2025-10-08 10:26:11.109161_VicregLoss_gru_catboost/model_128_0.001_3_10_100_256_1024_16_256_VicregLoss_gruepoch=18.ckpt,18,30,0.096696824,38.4747,1.667,0.0007,3.7615,1.8767,1.8425,0.4392,923.6207,49.6084,53.6993,2.8842,43.594,2.3415,40.1479,2.1564,36.7731,1.9751,34.8783,1.8733,32.7996,1.7617,28.3423,5.2084,1.6478,0.3028,1.3377,0.2458,1.232,0.2264,1.1284,0.2074,1.0703,0.1967,1.0065,0.185,0.0,0.0,0.0,0.0,0.0,0.0,0.0,0.0,0.0,0.0,0.0,0.0,0.0,0.0,0.0,0.0,0.0,0.0,0.0,0.0,0.0,0.0,0.0,0.0,0.0,0.0,0.0,0.0,0.0,0.0,0.0,0.0,0.0,0.0,0.0,0.52,0.5234
128,0.001,3,10,100,1024,16,256,184,440338,73,30,VicregLoss,gru,/home/dpetrovitch/dzagcoffee/train_trace/gender/checkpoints_2025-10-08 10:26:11.109161_VicregLoss_gru_catboost/model_128_0.001_3_10_100_256_1024_16_256_VicregLoss_gruepoch=19.ckpt,19,30,0.09600723,38.5154,1.6667,0.0007,3.7557,1.8786,1.8733,0.4415,921.9623,48.4301,53.2846,2.799,43.6921,2.2951,40.4763,2.1262,37.1045,1.9491,35.3062,1.8546,33.0692,1.7371,29.6739,6.3432,1.715,0.3666,1.4063,0.3006,1.3028,0.2785,1.1942,0.2553,1.1364,0.2429,1.0643,0.2275,0.0,0.0,0.0,0.0,0.0,0.0,0.0,0.0,0.0,0.0,0.0,0.0,0.0,0.0,0.0,0.0,0.0,0.0,0.0,0.0,0.0,0.0,0.0,0.0,0.0,0.0,0.0,0.0,0.0,0.0,0.0,0.0,0.0,0.0,0.0,0.548,0.5257
128,0.001,3,10,100,1024,16,256,184,440338,73,30,VicregLoss,gru,/home/dpetrovitch/dzagcoffee/train_trace/gender/checkpoints_2025-10-08 10:26:11.109161_VicregLoss_gru_catboost/model_128_0.001_3_10_100_256_1024_16_256_VicregLoss_gruepoch=20.ckpt,20,30,0.1020722,38.3731,1.6686,0.0007,3.7638,1.9807,1.9665,0.4367,933.157,49.0536,54.5487,2.8675,44.6843,2.3489,41.274,2.1697,37.9092,1.9928,36.0208,1.8935,33.6203,1.7673,32.0684,6.8408,1.8746,0.3999,1.5356,0.3276,1.4184,0.3026,1.3028,0.2779,1.2379,0.2641,1.1554,0.2465,0.0,0.0,0.0,0.0,0.0,0.0,0.0,0.0,0.0,0.0,0.0,0.0,0.0,0.0,0.0,0.0,0.0,0.0,0.0,0.0,0.0,0.0,0.0,0.0,0.0,0.0,0.0,0.0,0.0,0.0,0.0,0.0,0.0,0.0,0.0,0.536,0.5322
128,0.001,3,10,100,1024,16,256,184,440338,73,30,VicregLoss,gru,/home/dpetrovitch/dzagcoffee/train_trace/gender/checkpoints_2025-10-08 10:26:11.109161_VicregLoss_gru_catboost/model_128_0.001_3_10_100_256_1024_16_256_VicregLoss_gruepoch=21.ckpt,21,30,0.10438511,37.7128,1.6674,0.0006,3.7914,1.9763,1.9738,0.4376,926.6055,48.8304,53.8734,2.839,44.2418,2.3315,40.9157,2.1562,37.6082,1.9819,35.7427,1.8836,33.4792,1.7643,34.9406,6.9123,2.0315,0.4019,1.6683,0.33,1.5429,0.3052,1.4181,0.2806,1.3478,0.2666,1.2624,0.2497,0.0,0.0,0.0,0.0,0.0,0.0,0.0,0.0,0.0,0.0,0.0,0.0,0.0,0.0,0.0,0.0,0.0,0.0,0.0,0.0,0.0,0.0,0.0,0.0,0.0,0.0,0.0,0.0,0.0,0.0,0.0,0.0,0.0,0.0,0.0,0.552,0.5401
128,0.001,3,10,100,1024,16,256,184,440338,73,30,VicregLoss,gru,/home/dpetrovitch/dzagcoffee/train_trace/gender/checkpoints_2025-10-08 10:26:11.109161_VicregLoss_gru_catboost/model_128_0.001_3_10_100_256_1024_16_256_VicregLoss_gruepoch=22.ckpt,22,30,0.10363555,37.3223,1.6697,0.0006,3.8105,1.9147,1.9107,0.4378,926.5015,48.9446,54.7235,2.8909,44.5865,2.3554,41.1063,2.1715,37.8575,1.9999,35.9402,1.8986,33.6563,1.778,37.3119,6.6417,2.2038,0.3923,1.7956,0.3196,1.6554,0.2947,1.5246,0.2714,1.4474,0.2576,1.3554,0.2413,0.0,0.0,0.0,0.0,0.0,0.0,0.0,0.0,0.0,0.0,0.0,0.0,0.0,0.0,0.0,0.0,0.0,0.0,0.0,0.0,0.0,0.0,0.0,0.0,0.0,0.0,0.0,0.0,0.0,0.0,0.0,0.0,0.0,0.0,0.0,0.556,0.5236
128,0.001,3,10,100,1024,16,256,184,440338,73,30,VicregLoss,gru,/home/dpetrovitch/dzagcoffee/train_trace/gender/checkpoints_2025-10-08 10:26:11.109161_VicregLoss_gru_catboost/model_128_0.001_3_10_100_256_1024_16_256_VicregLoss_gruepoch=23.ckpt,23,30,0.10261616,38.5638,1.6726,0.0006,3.8232,1.9345,1.9293,0.4309,956.1694,50.2367,57.1015,3.0001,46.3797,2.4368,42.7031,2.2436,39.3212,2.0659,37.304,1.9599,34.9308,1.8353,32.7923,5.5759,1.9583,0.333,1.5906,0.2705,1.4645,0.249,1.3485,0.2293,1.2794,0.2175,1.198,0.2037,0.0,0.0,0.0,0.0,0.0,0.0,0.0,0.0,0.0,0.0,0.0,0.0,0.0,0.0,0.0,0.0,0.0,0.0,0.0,0.0,0.0,0.0,0.0,0.0,0.0,0.0,0.0,0.0,0.0,0.0,0.0,0.0,0.0,0.0,0.0,0.56,0.533
128,0.001,3,10,100,1024,16,256,184,440338,73,30,VicregLoss,gru,/home/dpetrovitch/dzagcoffee/train_trace/gender/checkpoints_2025-10-08 10:26:11.109161_VicregLoss_gru_catboost/model_128_0.001_3_10_100_256_1024_16_256_VicregLoss_gruepoch=24.ckpt,24,30,0.10097142,37.2461,1.6697,0.0006,3.8295,1.9797,1.9731,0.4323,938.1707,49.5128,54.9669,2.9009,45.0984,2.3801,41.6411,2.1976,38.2935,2.021,36.3902,1.9205,34.0248,1.7957,38.9705,7.245,2.2833,0.4245,1.8733,0.3483,1.7297,0.3216,1.5907,0.2957,1.5116,0.281,1.4133,0.2628,0.0,0.0,0.0,0.0,0.0,0.0,0.0,0.0,0.0,0.0,0.0,0.0,0.0,0.0,0.0,0.0,0.0,0.0,0.0,0.0,0.0,0.0,0.0,0.0,0.0,0.0,0.0,0.0,0.0,0.0,0.0,0.0,0.0,0.0,0.0,0.532,0.524
128,0.001,3,10,100,1024,16,256,184,440338,73,30,VicregLoss,gru,/home/dpetrovitch/dzagcoffee/train_trace/gender/checkpoints_2025-10-08 10:26:11.109161_VicregLoss_gru_catboost/model_128_0.001_3_10_100_256_1024_16_256_VicregLoss_gruepoch=25.ckpt,25,30,0.106038414,37.5995,1.6573,0.0007,3.8291,2.0065,2.0036,0.4296,947.252,49.574,55.8887,2.9249,45.7991,2.3969,42.3257,2.2151,38.9178,2.0367,36.9149,1.9319,34.4537,1.8031,39.9856,6.9383,2.3592,0.4094,1.9333,0.3355,1.7867,0.31,1.6428,0.2851,1.5583,0.2704,1.4544,0.2524,0.0,0.0,0.0,0.0,0.0,0.0,0.0,0.0,0.0,0.0,0.0,0.0,0.0,0.0,0.0,0.0,0.0,0.0,0.0,0.0,0.0,0.0,0.0,0.0,0.0,0.0,0.0,0.0,0.0,0.0,0.0,0.0,0.0,0.0,0.0,0.548,0.5177
128,0.001,3,10,100,1024,16,256,184,440338,73,30,VicregLoss,gru,/home/dpetrovitch/dzagcoffee/train_trace/gender/checkpoints_2025-10-08 10:26:11.109161_VicregLoss_gru_catboost/model_128_0.001_3_10_100_256_1024_16_256_VicregLoss_gruepoch=26.ckpt,26,30,0.10014049,36.6878,1.6698,0.0006,3.8613,1.9712,1.9595,0.4333,928.7675,49.037,54.6585,2.8859,44.7739,2.364,41.3419,2.1828,37.9661,2.0045,36.0095,1.9012,33.617,1.7749,36.5174,6.6513,2.1491,0.3914,1.7604,0.3206,1.6255,0.2961,1.4928,0.2719,1.4158,0.2579,1.3218,0.2407,0.0,0.0,0.0,0.0,0.0,0.0,0.0,0.0,0.0,0.0,0.0,0.0,0.0,0.0,0.0,0.0,0.0,0.0,0.0,0.0,0.0,0.0,0.0,0.0,0.0,0.0,0.0,0.0,0.0,0.0,0.0,0.0,0.0,0.0,0.0,0.544,0.524
128,0.001,3,10,100,1024,16,256,184,440338,73,30,VicregLoss,gru,/home/dpetrovitch/dzagcoffee/train_trace/gender/checkpoints_2025-10-08 10:26:11.109161_VicregLoss_gru_catboost/model_128_0.001_3_10_100_256_1024_16_256_VicregLoss_gruepoch=27.ckpt,27,30,0.10337,36.9009,1.6674,0.0006,3.8591,1.9527,1.9583,0.4342,935.4928,49.0561,54.9937,2.8838,45.1411,2.3671,41.7415,2.1889,38.4488,2.0162,36.5927,1.9189,34.2636,1.7967,35.7736,7.2191,2.103,0.4244,1.7262,0.3484,1.5962,0.3221,1.4703,0.2967,1.3993,0.2824,1.3103,0.2644,0.0,0.0,0.0,0.0,0.0,0.0,0.0,0.0,0.0,0.0,0.0,0.0,0.0,0.0,0.0,0.0,0.0,0.0,0.0,0.0,0.0,0.0,0.0,0.0,0.0,0.0,0.0,0.0,0.0,0.0,0.0,0.0,0.0,0.0,0.0,0.544,0.5085
128,0.001,3,10,100,1024,16,256,184,440338,73,30,VicregLoss,gru,/home/dpetrovitch/dzagcoffee/train_trace/gender/checkpoints_2025-10-08 10:26:11.109161_VicregLoss_gru_catboost/model_128_0.001_3_10_100_256_1024_16_256_VicregLoss_gruepoch=28.ckpt,28,30,0.10307018,37.0032,1.6728,0.0006,3.8733,1.988,1.9855,0.4244,954.8035,50.5054,56.8247,3.0058,46.633,2.4667,43.077,2.2786,39.5088,2.0899,37.5047,1.9839,34.9242,1.8474,35.3354,6.76,2.103,0.4023,1.7258,0.3302,1.5942,0.305,1.4621,0.2797,1.388,0.2655,1.2925,0.2473,0.0,0.0,0.0,0.0,0.0,0.0,0.0,0.0,0.0,0.0,0.0,0.0,0.0,0.0,0.0,0.0,0.0,0.0,0.0,0.0,0.0,0.0,0.0,0.0,0.0,0.0,0.0,0.0,0.0,0.0,0.0,0.0,0.0,0.0,0.0,0.52,0.4899
128,0.001,3,10,100,1024,16,256,184,440338,73,30,VicregLoss,gru,/home/dpetrovitch/dzagcoffee/train_trace/gender/checkpoints_2025-10-08 10:26:11.109161_VicregLoss_gru_catboost/model_128_0.001_3_10_100_256_1024_16_256_VicregLoss_gruepoch=29.ckpt,29,30,0.10957202,37.6988,1.6695,0.0006,3.8813,1.9515,1.9514,0.4272,969.8965,50.8132,58.8001,3.0806,47.9371,2.5114,44.2149,2.3164,40.6697,2.1307,38.5529,2.0198,35.8902,1.8803,43.6546,6.7469,2.6466,0.409,2.1576,0.3335,1.9901,0.3076,1.8305,0.2829,1.7352,0.2682,1.6154,0.2497,0.0,0.0,0.0,0.0,0.0,0.0,0.0,0.0,0.0,0.0,0.0,0.0,0.0,0.0,0.0,0.0,0.0,0.0,0.0,0.0,0.0,0.0,0.0,0.0,0.0,0.0,0.0,0.0,0.0,0.0,0.0,0.0,0.0,0.0,0.0,0.556,0.514
128,0.001,3,10,100,32,4,256,184,440338,73,30,VicregLoss,gru,/home/dpetrovitch/dzagcoffee/train_trace/gender/checkpoints_2025-10-08 10:26:11.109161_VicregLoss_gru_catboost/model_128_0.001_3_10_100_256_32_4_256_VicregLoss_gruepoch=00.ckpt,0,30,0.050421465,25.1032,1.6775,0.0003,4.6414,1.7115,1.6701,0.4573,576.013,29.1755,59.8762,3.0328,47.6701,2.4145,43.5089,2.2038,39.2509,1.9881,36.2814,1.8377,32.2306,1.6325,23.1363,2.959,2.405,0.3076,1.9147,0.2449,1.7476,0.2235,1.5766,0.2016,1.4573,0.1864,1.2946,0.1656,0.0,0.0,0.0,0.0,0.0,0.0,0.0,0.0,0.0,0.0,0.0,0.0,0.0,0.0,0.0,0.0,0.0,0.0,0.0,0.0,0.0,0.0,0.0,0.0,0.0,0.0,0.0,0.0,0.0,0.0,0.0,0.0,0.0,0.0,0.0,0.532,0.4685
128,0.001,3,10,100,32,4,256,184,440338,73,30,VicregLoss,gru,/home/dpetrovitch/dzagcoffee/train_trace/gender/checkpoints_2025-10-08 10:26:11.109161_VicregLoss_gru_catboost/model_128_0.001_3_10_100_256_32_4_256_VicregLoss_gruepoch=01.ckpt,1,30,0.051680714,21.7373,1.6765,0.0002,4.6829,1.1198,1.1206,0.6948,535.7974,27.7231,51.1381,2.646,33.7356,1.7455,30.3129,1.5684,27.66,1.4312,26.2483,1.3581,24.5188,1.2686,21.8608,3.1534,2.0865,0.301,1.3764,0.1985,1.2368,0.1784,1.1285,0.1628,1.0709,0.1545,1.0004,0.1443,0.0,0.0,0.0,0.0,0.0,0.0,0.0,0.0,0.0,0.0,0.0,0.0,0.0,0.0,0.0,0.0,0.0,0.0,0.0,0.0,0.0,0.0,0.0,0.0,0.0,0.0,0.0,0.0,0.0,0.0,0.0,0.0,0.0,0.0,0.0,0.524,0.4748
128,0.001,3,10,100,32,4,256,184,440338,73,30,VicregLoss,gru,/home/dpetrovitch/dzagcoffee/train_trace/gender/checkpoints_2025-10-08 10:26:11.109161_VicregLoss_gru_catboost/model_128_0.001_3_10_100_256_32_4_256_VicregLoss_gruepoch=02.ckpt,2,30,0.054631818,16.0886,1.6782,1e-04,4.8603,1.0465,1.0528,0.8069,440.062,24.0049,48.1732,2.6278,24.8887,1.3577,22.7234,1.2395,20.9375,1.1421,20.0672,1.0946,19.0566,1.0395,15.9159,1.9385,1.7423,0.2122,0.9002,0.1096,0.8218,0.1001,0.7573,0.0922,0.7258,0.0884,0.6892,0.0839,0.0,0.0,0.0,0.0,0.0,0.0,0.0,0.0,0.0,0.0,0.0,0.0,0.0,0.0,0.0,0.0,0.0,0.0,0.0,0.0,0.0,0.0,0.0,0.0,0.0,0.0,0.0,0.0,0.0,0.0,0.0,0.0,0.0,0.0,0.0,0.556,0.4875
128,0.001,3,10,100,32,4,256,184,440338,73,30,VicregLoss,gru,/home/dpetrovitch/dzagcoffee/train_trace/gender/checkpoints_2025-10-08 10:26:11.109161_VicregLoss_gru_catboost/model_128_0.001_3_10_100_256_32_4_256_VicregLoss_gruepoch=03.ckpt,3,30,0.052353173,21.4187,1.6771,0.0002,4.5521,1.1556,1.1534,0.6739,510.1268,26.6065,45.3689,2.3663,30.733,1.6029,27.9442,1.4575,25.6417,1.3374,24.3666,1.2709,22.8431,1.1914,21.942,4.8628,1.9514,0.4325,1.3219,0.293,1.202,0.2664,1.1029,0.2444,1.0481,0.2323,0.9825,0.2178,0.0,0.0,0.0,0.0,0.0,0.0,0.0,0.0,0.0,0.0,0.0,0.0,0.0,0.0,0.0,0.0,0.0,0.0,0.0,0.0,0.0,0.0,0.0,0.0,0.0,0.0,0.0,0.0,0.0,0.0,0.0,0.0,0.0,0.0,0.0,0.492,0.4496
128,0.001,3,10,100,32,4,256,184,440338,73,30,VicregLoss,gru,/home/dpetrovitch/dzagcoffee/train_trace/gender/checkpoints_2025-10-08 10:26:11.109161_VicregLoss_gru_catboost/model_128_0.001_3_10_100_256_32_4_256_VicregLoss_gruepoch=04.ckpt,4,30,0.049324974,22.9574,1.6739,0.0002,4.4042,1.3857,1.3801,0.5337,532.7244,27.2963,46.2916,2.3719,36.2667,1.8583,32.8852,1.685,29.5505,1.5141,27.7089,1.4198,25.5219,1.3077,25.1192,4.0011,2.1828,0.3477,1.7101,0.2724,1.5506,0.247,1.3934,0.2219,1.3065,0.2081,1.2034,0.1917,0.0,0.0,0.0,0.0,0.0,0.0,0.0,0.0,0.0,0.0,0.0,0.0,0.0,0.0,0.0,0.0,0.0,0.0,0.0,0.0,0.0,0.0,0.0,0.0,0.0,0.0,0.0,0.0,0.0,0.0,0.0,0.0,0.0,0.0,0.0,0.512,0.4543
128,0.001,3,10,100,32,4,256,184,440338,73,30,VicregLoss,gru,/home/dpetrovitch/dzagcoffee/train_trace/gender/checkpoints_2025-10-08 10:26:11.109161_VicregLoss_gru_catboost/model_128_0.001_3_10_100_256_32_4_256_VicregLoss_gruepoch=05.ckpt,5,30,0.053222656,22.9131,1.6742,0.0003,4.3762,1.5005,1.4981,0.5031,531.6458,27.2113,45.6046,2.3342,36.1094,1.8482,33.1053,1.6944,30.275,1.5496,28.5671,1.4622,26.394,1.3509,26.7363,3.9335,2.2934,0.3374,1.8159,0.2672,1.6649,0.2449,1.5225,0.224,1.4366,0.2114,1.3273,0.1953,0.0,0.0,0.0,0.0,0.0,0.0,0.0,0.0,0.0,0.0,0.0,0.0,0.0,0.0,0.0,0.0,0.0,0.0,0.0,0.0,0.0,0.0,0.0,0.0,0.0,0.0,0.0,0.0,0.0,0.0,0.0,0.0,0.0,0.0,0.0,0.532,0.4703
128,0.001,3,10,100,32,4,256,184,440338,73,30,VicregLoss,gru,/home/dpetrovitch/dzagcoffee/train_trace/gender/checkpoints_2025-10-08 10:26:11.109161_VicregLoss_gru_catboost/model_128_0.001_3_10_100_256_32_4_256_VicregLoss_gruepoch=06.ckpt,6,30,0.051085353,21.4793,1.6693,0.0002,4.3872,1.53,1.5323,0.5035,517.8634,26.6488,42.6617,2.1953,33.6223,1.7302,30.919,1.5911,28.4567,1.4644,27.0479,1.3919,25.2893,1.3014,25.8818,5.0117,2.1321,0.4129,1.6804,0.3254,1.5453,0.2992,1.4222,0.2754,1.3518,0.2618,1.2639,0.2447,0.0,0.0,0.0,0.0,0.0,0.0,0.0,0.0,0.0,0.0,0.0,0.0,0.0,0.0,0.0,0.0,0.0,0.0,0.0,0.0,0.0,0.0,0.0,0.0,0.0,0.0,0.0,0.0,0.0,0.0,0.0,0.0,0.0,0.0,0.0,0.516,0.47
128,0.001,3,10,100,32,4,256,184,440338,73,30,VicregLoss,gru,/home/dpetrovitch/dzagcoffee/train_trace/gender/checkpoints_2025-10-08 10:26:11.109161_VicregLoss_gru_catboost/model_128_0.001_3_10_100_256_32_4_256_VicregLoss_gruepoch=07.ckpt,7,30,0.05437483,21.2627,1.6726,0.0003,4.3189,1.6046,1.618,0.4955,514.8693,26.4585,43.3851,2.2295,33.771,1.7354,30.8735,1.5865,28.4009,1.4595,27.0341,1.3892,25.311,1.3007,26.1609,4.946,2.2044,0.4168,1.7159,0.3244,1.5687,0.2966,1.4431,0.2728,1.3736,0.2597,1.2861,0.2431,0.0,0.0,0.0,0.0,0.0,0.0,0.0,0.0,0.0,0.0,0.0,0.0,0.0,0.0,0.0,0.0,0.0,0.0,0.0,0.0,0.0,0.0,0.0,0.0,0.0,0.0,0.0,0.0,0.0,0.0,0.0,0.0,0.0,0.0,0.0,0.544,0.5372
128,0.001,3,10,100,32,4,256,184,440338,73,30,VicregLoss,gru,/home/dpetrovitch/dzagcoffee/train_trace/gender/checkpoints_2025-10-08 10:26:11.109161_VicregLoss_gru_catboost/model_128_0.001_3_10_100_256_32_4_256_VicregLoss_gruepoch=08.ckpt,8,30,0.05767287,20.5142,1.6687,0.0003,4.2982,1.6406,1.6463,0.4913,485.3802,25.2057,39.1943,2.0354,30.9211,1.6057,28.5424,1.4822,26.5082,1.3766,25.4051,1.3193,23.9859,1.2456,23.183,5.7649,1.872,0.4655,1.4769,0.3673,1.3633,0.339,1.2661,0.3148,1.2134,0.3017,1.1456,0.2849,0.0,0.0,0.0,0.0,0.0,0.0,0.0,0.0,0.0,0.0,0.0,0.0,0.0,0.0,0.0,0.0,0.0,0.0,0.0,0.0,0.0,0.0,0.0,0.0,0.0,0.0,0.0,0.0,0.0,0.0,0.0,0.0,0.0,0.0,0.0,0.536,0.5049
128,0.001,3,10,100,32,4,256,184,440338,73,30,VicregLoss,gru,/home/dpetrovitch/dzagcoffee/train_trace/gender/checkpoints_2025-10-08 10:26:11.109161_VicregLoss_gru_catboost/model_128_0.001_3_10_100_256_32_4_256_VicregLoss_gruepoch=09.ckpt,9,30,0.060598273,19.9044,1.6624,0.0002,4.2645,1.6925,1.6923,0.4865,492.5369,25.8101,37.1009,1.9442,29.5345,1.5477,27.3323,1.4323,25.5295,1.3378,24.5873,1.2884,23.4057,1.2265,22.3749,7.1011,1.6854,0.5349,1.3417,0.4258,1.2416,0.3941,1.1598,0.3681,1.1169,0.3545,1.0633,0.3375,0.0,0.0,0.0,0.0,0.0,0.0,0.0,0.0,0.0,0.0,0.0,0.0,0.0,0.0,0.0,0.0,0.0,0.0,0.0,0.0,0.0,0.0,0.0,0.0,0.0,0.0,0.0,0.0,0.0,0.0,0.0,0.0,0.0,0.0,0.0,0.556,0.5023
128,0.001,3,10,100,32,4,256,184,440338,73,30,VicregLoss,gru,/home/dpetrovitch/dzagcoffee/train_trace/gender/checkpoints_2025-10-08 10:26:11.109161_VicregLoss_gru_catboost/model_128_0.001_3_10_100_256_32_4_256_VicregLoss_gruepoch=10.ckpt,10,30,0.0516593,19.5781,1.6704,0.0003,4.2839,1.679,1.6809,0.4893,485.7577,25.2914,38.3162,1.995,30.0485,1.5645,27.6402,1.4391,25.7465,1.3405,24.7517,1.2887,23.5088,1.224,20.0932,6.4282,1.5849,0.507,1.2429,0.3976,1.1433,0.3658,1.065,0.3407,1.0238,0.3275,0.9724,0.3111,0.0,0.0,0.0,0.0,0.0,0.0,0.0,0.0,0.0,0.0,0.0,0.0,0.0,0.0,0.0,0.0,0.0,0.0,0.0,0.0,0.0,0.0,0.0,0.0,0.0,0.0,0.0,0.0,0.0,0.0,0.0,0.0,0.0,0.0,0.0,0.512,0.4816
128,0.001,3,10,100,32,4,256,184,440338,73,30,VicregLoss,gru,/home/dpetrovitch/dzagcoffee/train_trace/gender/checkpoints_2025-10-08 10:26:11.109161_VicregLoss_gru_catboost/model_128_0.001_3_10_100_256_32_4_256_VicregLoss_gruepoch=11.ckpt,11,30,0.05108964,19.2983,1.6706,0.0002,4.3105,1.5836,1.5733,0.5025,478.8314,25.2729,37.2447,1.9658,29.2756,1.5452,26.9647,1.4232,25.079,1.3237,24.0518,1.2695,22.791,1.2029,24.0914,5.8619,1.8739,0.456,1.4729,0.3584,1.3567,0.3301,1.2618,0.307,1.2101,0.2944,1.1467,0.279,0.0,0.0,0.0,0.0,0.0,0.0,0.0,0.0,0.0,0.0,0.0,0.0,0.0,0.0,0.0,0.0,0.0,0.0,0.0,0.0,0.0,0.0,0.0,0.0,0.0,0.0,0.0,0.0,0.0,0.0,0.0,0.0,0.0,0.0,0.0,0.548,0.4894
128,0.001,3,10,100,32,4,256,184,440338,73,30,VicregLoss,gru,/home/dpetrovitch/dzagcoffee/train_trace/gender/checkpoints_2025-10-08 10:26:11.109161_VicregLoss_gru_catboost/model_128_0.001_3_10_100_256_32_4_256_VicregLoss_gruepoch=12.ckpt,12,30,0.053603858,19.6173,1.6714,0.0002,4.2865,1.7207,1.7238,0.4858,477.5533,24.9969,38.0016,1.9891,30.2868,1.5853,27.9528,1.4632,26.0287,1.3624,24.9824,1.3077,23.5567,1.233,24.6928,6.6161,1.9649,0.5265,1.566,0.4196,1.4454,0.3873,1.3459,0.3606,1.2918,0.3461,1.218,0.3264,0.0,0.0,0.0,0.0,0.0,0.0,0.0,0.0,0.0,0.0,0.0,0.0,0.0,0.0,0.0,0.0,0.0,0.0,0.0,0.0,0.0,0.0,0.0,0.0,0.0,0.0,0.0,0.0,0.0,0.0,0.0,0.0,0.0,0.0,0.0,0.528,0.4826
128,0.001,3,10,100,32,4,256,184,440338,73,30,VicregLoss,gru,/home/dpetrovitch/dzagcoffee/train_trace/gender/checkpoints_2025-10-08 10:26:11.109161_VicregLoss_gru_catboost/model_128_0.001_3_10_100_256_32_4_256_VicregLoss_gruepoch=13.ckpt,13,30,0.057030395,18.0365,1.6713,0.0002,4.3076,1.513,1.5097,0.5202,458.7786,24.1155,34.5043,1.8137,26.8132,1.4094,24.9229,1.3101,23.3181,1.2257,22.4286,1.1789,21.3365,1.1215,20.1015,6.0122,1.5118,0.4522,1.1748,0.3514,1.092,0.3266,1.0217,0.3056,0.9827,0.2939,0.9349,0.2796,0.0,0.0,0.0,0.0,0.0,0.0,0.0,0.0,0.0,0.0,0.0,0.0,0.0,0.0,0.0,0.0,0.0,0.0,0.0,0.0,0.0,0.0,0.0,0.0,0.0,0.0,0.0,0.0,0.0,0.0,0.0,0.0,0.0,0.0,0.0,0.536,0.4612
128,0.001,3,10,100,32,4,256,184,440338,73,30,VicregLoss,gru,/home/dpetrovitch/dzagcoffee/train_trace/gender/checkpoints_2025-10-08 10:26:11.109161_VicregLoss_gru_catboost/model_128_0.001_3_10_100_256_32_4_256_VicregLoss_gruepoch=14.ckpt,14,30,0.05407929,18.8267,1.6659,0.0002,4.3034,1.7067,1.7045,0.4862,467.939,24.4612,36.5811,1.9123,28.973,1.5145,26.7901,1.4004,24.9761,1.3056,23.9638,1.2527,22.5959,1.1812,21.9715,6.1105,1.7176,0.4777,1.3604,0.3783,1.2579,0.3498,1.1727,0.3261,1.1252,0.3129,1.061,0.2951,0.0,0.0,0.0,0.0,0.0,0.0,0.0,0.0,0.0,0.0,0.0,0.0,0.0,0.0,0.0,0.0,0.0,0.0,0.0,0.0,0.0,0.0,0.0,0.0,0.0,0.0,0.0,0.0,0.0,0.0,0.0,0.0,0.0,0.0,0.0,0.52,0.4479
128,0.001,3,10,100,32,4,256,184,440338,73,30,VicregLoss,gru,/home/dpetrovitch/dzagcoffee/train_trace/gender/checkpoints_2025-10-08 10:26:11.109161_VicregLoss_gru_catboost/model_128_0.001_3_10_100_256_32_4_256_VicregLoss_gruepoch=15.ckpt,15,30,0.048832405,18.5435,1.6715,0.0003,4.2775,1.9812,2.0049,0.4746,459.2519,24.1001,35.9538,1.8867,28.5834,1.5,26.342,1.3823,24.5837,1.2901,23.673,1.2423,22.5434,1.183,19.1093,6.2698,1.496,0.4908,1.1893,0.3902,1.0961,0.3596,1.0229,0.3356,0.985,0.3232,0.938,0.3078,0.0,0.0,0.0,0.0,0.0,0.0,0.0,0.0,0.0,0.0,0.0,0.0,0.0,0.0,0.0,0.0,0.0,0.0,0.0,0.0,0.0,0.0,0.0,0.0,0.0,0.0,0.0,0.0,0.0,0.0,0.0,0.0,0.0,0.0,0.0,0.504,0.4377
128,0.001,3,10,100,32,4,256,184,440338,73,30,VicregLoss,gru,/home/dpetrovitch/dzagcoffee/train_trace/gender/checkpoints_2025-10-08 10:26:11.109161_VicregLoss_gru_catboost/model_128_0.001_3_10_100_256_32_4_256_VicregLoss_gruepoch=16.ckpt,16,30,0.056559246,18.372,1.6674,0.0002,4.2983,1.7175,1.7158,0.4877,460.2314,24.0248,35.2869,1.842,27.9796,1.4606,26.0154,1.358,24.3515,1.2712,23.3717,1.22,22.1711,1.1574,23.2673,6.0153,1.784,0.4612,1.4145,0.3657,1.3152,0.34,1.2311,0.3183,1.1816,0.3055,1.1209,0.2898,0.0,0.0,0.0,0.0,0.0,0.0,0.0,0.0,0.0,0.0,0.0,0.0,0.0,0.0,0.0,0.0,0.0,0.0,0.0,0.0,0.0,0.0,0.0,0.0,0.0,0.0,0.0,0.0,0.0,0.0,0.0,0.0,0.0,0.0,0.0,0.54,0.458
128,0.001,3,10,100,32,4,256,184,440338,73,30,VicregLoss,gru,/home/dpetrovitch/dzagcoffee/train_trace/gender/checkpoints_2025-10-08 10:26:11.109161_VicregLoss_gru_catboost/model_128_0.001_3_10_100_256_32_4_256_VicregLoss_gruepoch=17.ckpt,17,30,0.056700587,17.2955,1.6675,0.0002,4.3358,1.9412,1.965,0.4775,438.5615,22.9837,33.886,1.7759,27.0847,1.4194,25.0884,1.3148,23.4597,1.2295,22.5758,1.1831,21.3586,1.1193,21.6813,6.7791,1.6752,0.5238,1.339,0.4187,1.2403,0.3878,1.1598,0.3626,1.1161,0.349,1.0559,0.3301,0.0,0.0,0.0,0.0,0.0,0.0,0.0,0.0,0.0,0.0,0.0,0.0,0.0,0.0,0.0,0.0,0.0,0.0,0.0,0.0,0.0,0.0,0.0,0.0,0.0,0.0,0.0,0.0,0.0,0.0,0.0,0.0,0.0,0.0,0.0,0.516,0.466
128,0.001,3,10,100,32,4,256,184,440338,73,30,VicregLoss,gru,/home/dpetrovitch/dzagcoffee/train_trace/gender/checkpoints_2025-10-08 10:26:11.109161_VicregLoss_gru_catboost/model_128_0.001_3_10_100_256_32_4_256_VicregLoss_gruepoch=18.ckpt,18,30,0.053997908,17.7907,1.6689,0.0003,4.2854,1.9701,1.9681,0.4757,445.3424,23.3441,34.8793,1.8283,27.9215,1.4636,25.8282,1.3539,24.1776,1.2673,23.2917,1.2209,22.1309,1.1601,22.5296,6.7548,1.7645,0.529,1.4125,0.4235,1.3066,0.3918,1.2231,0.3667,1.1783,0.3533,1.1196,0.3357,0.0,0.0,0.0,0.0,0.0,0.0,0.0,0.0,0.0,0.0,0.0,0.0,0.0,0.0,0.0,0.0,0.0,0.0,0.0,0.0,0.0,0.0,0.0,0.0,0.0,0.0,0.0,0.0,0.0,0.0,0.0,0.0,0.0,0.0,0.0,0.496,0.4602
128,0.001,3,10,100,32,4,256,184,440338,73,30,VicregLoss,gru,/home/dpetrovitch/dzagcoffee/train_trace/gender/checkpoints_2025-10-08 10:26:11.109161_VicregLoss_gru_catboost/model_128_0.001_3_10_100_256_32_4_256_VicregLoss_gruepoch=19.ckpt,19,30,0.05407929,16.9945,1.6655,0.0002,4.2803,1.8056,1.8052,0.4813,434.7348,22.7225,33.8018,1.7667,26.868,1.4043,24.855,1.2991,23.2423,1.2148,22.3872,1.1701,21.2779,1.1121,23.6616,6.3379,1.8398,0.4928,1.4624,0.3917,1.3528,0.3624,1.265,0.3388,1.2185,0.3264,1.1581,0.3102,0.0,0.0,0.0,0.0,0.0,0.0,0.0,0.0,0.0,0.0,0.0,0.0,0.0,0.0,0.0,0.0,0.0,0.0,0.0,0.0,0.0,0.0,0.0,0.0,0.0,0.0,0.0,0.0,0.0,0.0,0.0,0.0,0.0,0.0,0.0,0.516,0.4293
128,0.001,3,10,100,32,4,256,184,440338,73,30,VicregLoss,gru,/home/dpetrovitch/dzagcoffee/train_trace/gender/checkpoints_2025-10-08 10:26:11.109161_VicregLoss_gru_catboost/model_128_0.001_3_10_100_256_32_4_256_VicregLoss_gruepoch=20.ckpt,20,30,0.052999932,17.015,1.6705,0.0002,4.3127,1.7471,1.7475,0.4856,425.7568,22.4357,32.1904,1.6963,25.7832,1.3587,23.8569,1.2572,22.3589,1.1782,21.5252,1.1343,20.4915,1.0798,20.8182,6.1239,1.574,0.463,1.2607,0.3709,1.1665,0.3431,1.0933,0.3216,1.0525,0.3096,1.002,0.2947,0.0,0.0,0.0,0.0,0.0,0.0,0.0,0.0,0.0,0.0,0.0,0.0,0.0,0.0,0.0,0.0,0.0,0.0,0.0,0.0,0.0,0.0,0.0,0.0,0.0,0.0,0.0,0.0,0.0,0.0,0.0,0.0,0.0,0.0,0.0,0.52,0.4711
128,0.001,3,10,100,32,4,256,184,440338,73,30,VicregLoss,gru,/home/dpetrovitch/dzagcoffee/train_trace/gender/checkpoints_2025-10-08 10:26:11.109161_VicregLoss_gru_catboost/model_128_0.001_3_10_100_256_32_4_256_VicregLoss_gruepoch=21.ckpt,21,30,0.05840529,16.8423,1.6672,0.0002,4.3009,1.7641,1.7623,0.4852,426.7748,22.4018,33.3236,1.7492,26.4304,1.3874,24.3554,1.2784,22.7249,1.1929,21.8374,1.1463,20.7532,1.0894,23.5907,6.1883,1.842,0.4832,1.461,0.3832,1.3463,0.3532,1.2562,0.3295,1.2071,0.3166,1.1472,0.3009,0.0,0.0,0.0,0.0,0.0,0.0,0.0,0.0,0.0,0.0,0.0,0.0,0.0,0.0,0.0,0.0,0.0,0.0,0.0,0.0,0.0,0.0,0.0,0.0,0.0,0.0,0.0,0.0,0.0,0.0,0.0,0.0,0.0,0.0,0.0,0.508,0.4132
128,0.001,3,10,100,32,4,256,184,440338,73,30,VicregLoss,gru,/home/dpetrovitch/dzagcoffee/train_trace/gender/checkpoints_2025-10-08 10:26:11.109161_VicregLoss_gru_catboost/model_128_0.001_3_10_100_256_32_4_256_VicregLoss_gruepoch=22.ckpt,22,30,0.05881219,16.8396,1.668,0.0002,4.305,1.8689,1.8522,0.4801,430.4699,22.6359,33.1986,1.7457,26.3732,1.3868,24.3545,1.2807,22.7812,1.1979,21.9373,1.1536,20.8869,1.0983,23.3864,6.0475,1.8036,0.4664,1.4328,0.3705,1.3231,0.3421,1.2376,0.32,1.1918,0.3082,1.1347,0.2934,0.0,0.0,0.0,0.0,0.0,0.0,0.0,0.0,0.0,0.0,0.0,0.0,0.0,0.0,0.0,0.0,0.0,0.0,0.0,0.0,0.0,0.0,0.0,0.0,0.0,0.0,0.0,0.0,0.0,0.0,0.0,0.0,0.0,0.0,0.0,0.492,0.424
128,0.001,3,10,100,32,4,256,184,440338,73,30,VicregLoss,gru,/home/dpetrovitch/dzagcoffee/train_trace/gender/checkpoints_2025-10-08 10:26:11.109161_VicregLoss_gru_catboost/model_128_0.001_3_10_100_256_32_4_256_VicregLoss_gruepoch=23.ckpt,23,30,0.0577414,16.2367,1.6677,0.0002,4.2943,1.7734,1.771,0.484,420.6827,22.0035,33.5242,1.7535,26.5449,1.3884,24.4567,1.2792,22.8198,1.1936,21.9365,1.1474,20.8207,1.089,21.0407,5.4923,1.6767,0.4377,1.3277,0.3466,1.2232,0.3193,1.1413,0.2979,1.0972,0.2864,1.0414,0.2718,0.0,0.0,0.0,0.0,0.0,0.0,0.0,0.0,0.0,0.0,0.0,0.0,0.0,0.0,0.0,0.0,0.0,0.0,0.0,0.0,0.0,0.0,0.0,0.0,0.0,0.0,0.0,0.0,0.0,0.0,0.0,0.0,0.0,0.0,0.0,0.504,0.4347
128,0.001,3,10,100,32,4,256,184,440338,73,30,VicregLoss,gru,/home/dpetrovitch/dzagcoffee/train_trace/gender/checkpoints_2025-10-08 10:26:11.109161_VicregLoss_gru_catboost/model_128_0.001_3_10_100_256_32_4_256_VicregLoss_gruepoch=24.ckpt,24,30,0.056049544,16.0542,1.6677,0.0002,4.3044,1.8352,1.839,0.4809,417.4267,22.0138,32.1655,1.6963,25.5589,1.3479,23.5233,1.2405,21.9893,1.1596,21.1949,1.1178,20.1274,1.0615,20.1723,6.8499,1.5544,0.5278,1.2351,0.4194,1.1368,0.386,1.0626,0.3608,1.0243,0.3478,0.9727,0.3303,0.0,0.0,0.0,0.0,0.0,0.0,0.0,0.0,0.0,0.0,0.0,0.0,0.0,0.0,0.0,0.0,0.0,0.0,0.0,0.0,0.0,0.0,0.0,0.0,0.0,0.0,0.0,0.0,0.0,0.0,0.0,0.0,0.0,0.0,0.0,0.512,0.4268
128,0.001,3,10,100,32,4,256,184,440338,73,30,VicregLoss,gru,/home/dpetrovitch/dzagcoffee/train_trace/gender/checkpoints_2025-10-08 10:26:11.109161_VicregLoss_gru_catboost/model_128_0.001_3_10_100_256_32_4_256_VicregLoss_gruepoch=25.ckpt,25,30,0.059141994,15.6479,1.669,0.0002,4.2998,1.8886,1.8954,0.4805,412.2322,21.7639,32.791,1.7312,25.9165,1.3683,23.9018,1.2619,22.2975,1.1772,21.4783,1.134,20.4411,1.0792,23.6402,5.0192,1.8805,0.3993,1.4862,0.3156,1.3707,0.291,1.2787,0.2715,1.2317,0.2615,1.1722,0.2489,0.0,0.0,0.0,0.0,0.0,0.0,0.0,0.0,0.0,0.0,0.0,0.0,0.0,0.0,0.0,0.0,0.0,0.0,0.0,0.0,0.0,0.0,0.0,0.0,0.0,0.0,0.0,0.0,0.0,0.0,0.0,0.0,0.0,0.0,0.0,0.484,0.4272
128,0.001,3,10,100,32,4,256,184,440338,73,30,VicregLoss,gru,/home/dpetrovitch/dzagcoffee/train_trace/gender/checkpoints_2025-10-08 10:26:11.109161_VicregLoss_gru_catboost/model_128_0.001_3_10_100_256_32_4_256_VicregLoss_gruepoch=26.ckpt,26,30,0.05511582,15.937,1.6668,0.0002,4.3233,1.7945,1.8028,0.4845,411.96,21.694,32.6186,1.7177,25.7676,1.3569,23.6672,1.2463,22.0841,1.163,21.2572,1.1194,20.2416,1.0659,22.6079,6.6451,1.7901,0.5261,1.4141,0.4156,1.2988,0.3818,1.212,0.3562,1.1666,0.3429,1.1108,0.3265,0.0,0.0,0.0,0.0,0.0,0.0,0.0,0.0,0.0,0.0,0.0,0.0,0.0,0.0,0.0,0.0,0.0,0.0,0.0,0.0,0.0,0.0,0.0,0.0,0.0,0.0,0.0,0.0,0.0,0.0,0.0,0.0,0.0,0.0,0.0,0.528,0.4331
128,0.001,3,10,100,32,4,256,184,440338,73,30,VicregLoss,gru,/home/dpetrovitch/dzagcoffee/train_trace/gender/checkpoints_2025-10-08 10:26:11.109161_VicregLoss_gru_catboost/model_128_0.001_3_10_100_256_32_4_256_VicregLoss_gruepoch=27.ckpt,27,30,0.050725568,15.6184,1.6696,0.0002,4.3237,1.6473,1.6451,0.4976,404.4506,21.6994,30.3135,1.6264,24.0091,1.2881,22.1597,1.1889,20.7788,1.1148,20.0901,1.0779,19.3022,1.0356,16.198,5.8929,1.214,0.4417,0.9616,0.3498,0.8875,0.3229,0.8322,0.3027,0.8046,0.2927,0.773,0.2812,0.0,0.0,0.0,0.0,0.0,0.0,0.0,0.0,0.0,0.0,0.0,0.0,0.0,0.0,0.0,0.0,0.0,0.0,0.0,0.0,0.0,0.0,0.0,0.0,0.0,0.0,0.0,0.0,0.0,0.0,0.0,0.0,0.0,0.0,0.0,0.532,0.4696
128,0.001,3,10,100,32,4,256,184,440338,73,30,VicregLoss,gru,/home/dpetrovitch/dzagcoffee/train_trace/gender/checkpoints_2025-10-08 10:26:11.109161_VicregLoss_gru_catboost/model_128_0.001_3_10_100_256_32_4_256_VicregLoss_gruepoch=28.ckpt,28,30,0.057719987,15.6905,1.6675,0.0002,4.3126,1.969,1.9708,0.4782,409.3025,21.745,31.4889,1.6729,25.0057,1.3285,23.0665,1.2254,21.5665,1.1458,20.8351,1.1069,19.9224,1.0584,19.695,6.1525,1.5152,0.4733,1.2032,0.3759,1.1099,0.3467,1.0377,0.3242,1.0026,0.3132,0.9586,0.2995,0.0,0.0,0.0,0.0,0.0,0.0,0.0,0.0,0.0,0.0,0.0,0.0,0.0,0.0,0.0,0.0,0.0,0.0,0.0,0.0,0.0,0.0,0.0,0.0,0.0,0.0,0.0,0.0,0.0,0.0,0.0,0.0,0.0,0.0,0.0,0.5,0.4381
128,0.001,3,10,100,32,4,256,184,440338,73,30,VicregLoss,gru,/home/dpetrovitch/dzagcoffee/train_trace/gender/checkpoints_2025-10-08 10:26:11.109161_VicregLoss_gru_catboost/model_128_0.001_3_10_100_256_32_4_256_VicregLoss_gruepoch=29.ckpt,29,30,0.052109033,15.5808,1.6684,0.0002,4.3481,1.6882,1.6963,0.4922,398.7581,21.2341,31.0813,1.6551,24.2707,1.2924,22.3886,1.1922,20.8796,1.1118,20.1269,1.0718,19.1657,1.0206,20.0071,6.023,1.5595,0.4695,1.2177,0.3666,1.1233,0.3382,1.0476,0.3154,1.0098,0.304,0.9616,0.2895,0.0,0.0,0.0,0.0,0.0,0.0,0.0,0.0,0.0,0.0,0.0,0.0,0.0,0.0,0.0,0.0,0.0,0.0,0.0,0.0,0.0,0.0,0.0,0.0,0.0,0.0,0.0,0.0,0.0,0.0,0.0,0.0,0.0,0.0,0.0,0.5,0.4425
128,0.001,3,10,100,32,8,256,184,440338,73,30,VicregLoss,gru,/home/dpetrovitch/dzagcoffee/train_trace/gender/checkpoints_2025-10-08 10:26:11.109161_VicregLoss_gru_catboost/model_128_0.001_3_10_100_256_32_8_256_VicregLoss_gruepoch=00.ckpt,0,30,0.053818017,23.0322,1.6772,0.0002,4.599,1.1665,1.1657,0.6524,531.0355,27.2981,54.4249,2.7977,35.774,1.839,31.7147,1.6303,28.7693,1.4789,27.28,1.4023,25.7144,1.3219,23.938,3.0695,2.4534,0.3146,1.6126,0.2068,1.4296,0.1833,1.2969,0.1663,1.2297,0.1577,1.1592,0.1486,0.0,0.0,0.0,0.0,0.0,0.0,0.0,0.0,0.0,0.0,0.0,0.0,0.0,0.0,0.0,0.0,0.0,0.0,0.0,0.0,0.0,0.0,0.0,0.0,0.0,0.0,0.0,0.0,0.0,0.0,0.0,0.0,0.0,0.0,0.0,0.536,0.5102
128,0.001,3,10,100,32,8,256,184,440338,73,30,VicregLoss,gru,/home/dpetrovitch/dzagcoffee/train_trace/gender/checkpoints_2025-10-08 10:26:11.109161_VicregLoss_gru_catboost/model_128_0.001_3_10_100_256_32_8_256_VicregLoss_gruepoch=01.ckpt,1,30,0.05661921,24.6039,1.6762,0.0003,4.391,1.3454,1.3347,0.5489,562.7632,28.488,48.3623,2.4482,35.7617,1.8103,32.4326,1.6418,29.5289,1.4948,28.0912,1.422,26.4677,1.3398,25.0297,4.9666,2.151,0.4268,1.5906,0.3156,1.4425,0.2862,1.3133,0.2606,1.2494,0.2479,1.1772,0.2336,0.0,0.0,0.0,0.0,0.0,0.0,0.0,0.0,0.0,0.0,0.0,0.0,0.0,0.0,0.0,0.0,0.0,0.0,0.0,0.0,0.0,0.0,0.0,0.0,0.0,0.0,0.0,0.0,0.0,0.0,0.0,0.0,0.0,0.0,0.0,0.496,0.4845
128,0.001,3,10,100,32,8,256,184,440338,73,30,VicregLoss,gru,/home/dpetrovitch/dzagcoffee/train_trace/gender/checkpoints_2025-10-08 10:26:11.109161_VicregLoss_gru_catboost/model_128_0.001_3_10_100_256_32_8_256_VicregLoss_gruepoch=02.ckpt,2,30,0.05767715,25.4966,1.6742,0.0003,4.2807,1.3461,1.3453,0.561,565.6764,28.8354,47.4295,2.4177,35.2583,1.7973,31.9973,1.6311,29.4194,1.4997,28.1617,1.4355,26.7763,1.3649,26.7577,5.4303,2.2435,0.4553,1.6678,0.3385,1.5135,0.3072,1.3916,0.2824,1.3321,0.2703,1.2666,0.257,0.0,0.0,0.0,0.0,0.0,0.0,0.0,0.0,0.0,0.0,0.0,0.0,0.0,0.0,0.0,0.0,0.0,0.0,0.0,0.0,0.0,0.0,0.0,0.0,0.0,0.0,0.0,0.0,0.0,0.0,0.0,0.0,0.0,0.0,0.0,0.536,0.4951
128,0.001,3,10,100,32,8,256,184,440338,73,30,VicregLoss,gru,/home/dpetrovitch/dzagcoffee/train_trace/gender/checkpoints_2025-10-08 10:26:11.109161_VicregLoss_gru_catboost/model_128_0.001_3_10_100_256_32_8_256_VicregLoss_gruepoch=03.ckpt,3,30,0.0515565,24.9684,1.6579,0.0003,4.1654,1.5857,1.5855,0.4937,560.0472,28.3592,46.1727,2.3381,35.9334,1.8196,32.8873,1.6653,30.403,1.5395,29.0912,1.4731,27.5839,1.3968,24.0585,4.3283,1.9835,0.3568,1.5436,0.2777,1.4128,0.2542,1.3061,0.235,1.2497,0.2248,1.1849,0.2132,0.0,0.0,0.0,0.0,0.0,0.0,0.0,0.0,0.0,0.0,0.0,0.0,0.0,0.0,0.0,0.0,0.0,0.0,0.0,0.0,0.0,0.0,0.0,0.0,0.0,0.0,0.0,0.0,0.0,0.0,0.0,0.0,0.0,0.0,0.0,0.52,0.4586
128,0.001,3,10,100,32,8,256,184,440338,73,30,VicregLoss,gru,/home/dpetrovitch/dzagcoffee/train_trace/gender/checkpoints_2025-10-08 10:26:11.109161_VicregLoss_gru_catboost/model_128_0.001_3_10_100_256_32_8_256_VicregLoss_gruepoch=04.ckpt,4,30,0.051295232,23.2885,1.6747,0.0003,4.1748,1.5896,1.588,0.4933,533.9378,27.5423,42.1184,2.1726,32.7616,1.69,30.3426,1.5652,28.3128,1.4605,27.2132,1.4037,25.9089,1.3365,22.6441,3.7341,1.7862,0.2946,1.3894,0.2291,1.2868,0.2122,1.2007,0.198,1.1541,0.1903,1.0988,0.1812,0.0,0.0,0.0,0.0,0.0,0.0,0.0,0.0,0.0,0.0,0.0,0.0,0.0,0.0,0.0,0.0,0.0,0.0,0.0,0.0,0.0,0.0,0.0,0.0,0.0,0.0,0.0,0.0,0.0,0.0,0.0,0.0,0.0,0.0,0.0,0.504,0.4549
128,0.001,3,10,100,32,8,256,184,440338,73,30,VicregLoss,gru,/home/dpetrovitch/dzagcoffee/train_trace/gender/checkpoints_2025-10-08 10:26:11.109161_VicregLoss_gru_catboost/model_128_0.001_3_10_100_256_32_8_256_VicregLoss_gruepoch=05.ckpt,5,30,0.056409333,23.4128,1.6636,0.0003,4.0924,1.7272,1.7304,0.4812,532.401,27.0893,42.7712,2.1763,33.6427,1.7118,31.006,1.5776,28.9132,1.4711,27.7472,1.4118,26.2135,1.3338,24.731,4.9038,1.9868,0.394,1.5628,0.3099,1.4403,0.2856,1.3431,0.2663,1.2889,0.2556,1.2177,0.2414,0.0,0.0,0.0,0.0,0.0,0.0,0.0,0.0,0.0,0.0,0.0,0.0,0.0,0.0,0.0,0.0,0.0,0.0,0.0,0.0,0.0,0.0,0.0,0.0,0.0,0.0,0.0,0.0,0.0,0.0,0.0,0.0,0.0,0.0,0.0,0.524,0.4806
128,0.001,3,10,100,32,8,256,184,440338,73,30,VicregLoss,gru,/home/dpetrovitch/dzagcoffee/train_trace/gender/checkpoints_2025-10-08 10:26:11.109161_VicregLoss_gru_catboost/model_128_0.001_3_10_100_256_32_8_256_VicregLoss_gruepoch=06.ckpt,6,30,0.049200762,23.9703,1.6745,0.0004,4.0917,1.8451,1.8356,0.4743,533.8126,27.4497,45.3236,2.3306,34.998,1.7997,32.0011,1.6456,29.5116,1.5175,28.1956,1.4499,26.5502,1.3653,24.4513,4.365,2.076,0.3706,1.6031,0.2862,1.4658,0.2617,1.3518,0.2413,1.2915,0.2306,1.2161,0.2171,0.0,0.0,0.0,0.0,0.0,0.0,0.0,0.0,0.0,0.0,0.0,0.0,0.0,0.0,0.0,0.0,0.0,0.0,0.0,0.0,0.0,0.0,0.0,0.0,0.0,0.0,0.0,0.0,0.0,0.0,0.0,0.0,0.0,0.0,0.0,0.536,0.4997
128,0.001,3,10,100,32,8,256,184,440338,73,30,VicregLoss,gru,/home/dpetrovitch/dzagcoffee/train_trace/gender/checkpoints_2025-10-08 10:26:11.109161_VicregLoss_gru_catboost/model_128_0.001_3_10_100_256_32_8_256_VicregLoss_gruepoch=07.ckpt,7,30,0.051123902,23.1573,1.6679,0.0003,4.107,1.7026,1.6923,0.486,531.4584,27.3408,39.8379,2.0495,31.4598,1.6184,29.2235,1.5034,27.4147,1.4103,26.4615,1.3613,25.209,1.2969,25.5979,6.2801,1.9188,0.4708,1.5153,0.3718,1.4076,0.3453,1.3204,0.324,1.2745,0.3127,1.2142,0.2979,0.0,0.0,0.0,0.0,0.0,0.0,0.0,0.0,0.0,0.0,0.0,0.0,0.0,0.0,0.0,0.0,0.0,0.0,0.0,0.0,0.0,0.0,0.0,0.0,0.0,0.0,0.0,0.0,0.0,0.0,0.0,0.0,0.0,0.0,0.0,0.504,0.4821
128,0.001,3,10,100,32,8,256,184,440338,73,30,VicregLoss,gru,/home/dpetrovitch/dzagcoffee/train_trace/gender/checkpoints_2025-10-08 10:26:11.109161_VicregLoss_gru_catboost/model_128_0.001_3_10_100_256_32_8_256_VicregLoss_gruepoch=08.ckpt,8,30,0.052066203,22.5414,1.6738,0.0003,4.0817,1.6382,1.6385,0.4996,514.6092,26.6369,40.7357,2.1085,31.7985,1.6459,29.2559,1.5143,27.1433,1.405,26.1048,1.3512,24.8011,1.2837,25.817,5.2335,2.0436,0.4143,1.5953,0.3234,1.4677,0.2975,1.3617,0.276,1.3096,0.2655,1.2442,0.2522,0.0,0.0,0.0,0.0,0.0,0.0,0.0,0.0,0.0,0.0,0.0,0.0,0.0,0.0,0.0,0.0,0.0,0.0,0.0,0.0,0.0,0.0,0.0,0.0,0.0,0.0,0.0,0.0,0.0,0.0,0.0,0.0,0.0,0.0,0.0,0.52,0.4579
128,0.001,3,10,100,32,8,256,184,440338,73,30,VicregLoss,gru,/home/dpetrovitch/dzagcoffee/train_trace/gender/checkpoints_2025-10-08 10:26:11.109161_VicregLoss_gru_catboost/model_128_0.001_3_10_100_256_32_8_256_VicregLoss_gruepoch=09.ckpt,9,30,0.052246094,21.2413,1.6716,0.0003,4.1036,1.4469,1.4414,0.5327,507.2982,26.2359,40.419,2.0903,30.4101,1.5727,27.8622,1.4409,25.6918,1.3287,24.571,1.2707,23.3317,1.2066,24.0477,5.1088,1.916,0.407,1.4415,0.3062,1.3208,0.2806,1.2179,0.2587,1.1648,0.2474,1.106,0.235,0.0,0.0,0.0,0.0,0.0,0.0,0.0,0.0,0.0,0.0,0.0,0.0,0.0,0.0,0.0,0.0,0.0,0.0,0.0,0.0,0.0,0.0,0.0,0.0,0.0,0.0,0.0,0.0,0.0,0.0,0.0,0.0,0.0,0.0,0.0,0.468,0.4249
128,0.001,3,10,100,32,8,256,184,440338,73,30,VicregLoss,gru,/home/dpetrovitch/dzagcoffee/train_trace/gender/checkpoints_2025-10-08 10:26:11.109161_VicregLoss_gru_catboost/model_128_0.001_3_10_100_256_32_8_256_VicregLoss_gruepoch=10.ckpt,10,30,0.056049544,21.4191,1.6716,0.0003,4.047,1.7646,1.7618,0.4823,504.7502,26.1029,39.6777,2.0519,31.2418,1.6157,28.7833,1.4885,26.7208,1.3819,25.6716,1.3276,24.3609,1.2598,24.6302,4.3684,1.9361,0.3434,1.5245,0.2704,1.4045,0.2491,1.3039,0.2313,1.2527,0.2222,1.1887,0.2108,0.0,0.0,0.0,0.0,0.0,0.0,0.0,0.0,0.0,0.0,0.0,0.0,0.0,0.0,0.0,0.0,0.0,0.0,0.0,0.0,0.0,0.0,0.0,0.0,0.0,0.0,0.0,0.0,0.0,0.0,0.0,0.0,0.0,0.0,0.0,0.48,0.4361
128,0.001,3,10,100,32,8,256,184,440338,73,30,VicregLoss,gru,/home/dpetrovitch/dzagcoffee/train_trace/gender/checkpoints_2025-10-08 10:26:11.109161_VicregLoss_gru_catboost/model_128_0.001_3_10_100_256_32_8_256_VicregLoss_gruepoch=11.ckpt,11,30,0.056332234,20.4252,1.6719,0.0003,4.0383,1.8369,1.816,0.48,488.0591,25.2611,36.7979,1.9046,29.0744,1.5048,26.8345,1.3889,24.9987,1.2939,24.074,1.246,22.913,1.1859,23.0891,5.2667,1.7408,0.3971,1.3755,0.3137,1.2695,0.2896,1.1826,0.2698,1.1389,0.2598,1.084,0.2473,0.0,0.0,0.0,0.0,0.0,0.0,0.0,0.0,0.0,0.0,0.0,0.0,0.0,0.0,0.0,0.0,0.0,0.0,0.0,0.0,0.0,0.0,0.0,0.0,0.0,0.0,0.0,0.0,0.0,0.0,0.0,0.0,0.0,0.0,0.0,0.472,0.4187
128,0.001,3,10,100,32,8,256,184,440338,73,30,VicregLoss,gru,/home/dpetrovitch/dzagcoffee/train_trace/gender/checkpoints_2025-10-08 10:26:11.109161_VicregLoss_gru_catboost/model_128_0.001_3_10_100_256_32_8_256_VicregLoss_gruepoch=12.ckpt,12,30,0.05383515,20.3649,1.6727,0.0003,4.0209,1.8797,1.8701,0.4764,487.523,25.3215,36.1451,1.8773,28.686,1.4899,26.6021,1.3817,24.8516,1.2908,23.9319,1.243,22.7854,1.1835,25.0663,6.1575,1.8584,0.4565,1.4749,0.3623,1.3678,0.336,1.2778,0.3139,1.2305,0.3023,1.1715,0.2878,0.0,0.0,0.0,0.0,0.0,0.0,0.0,0.0,0.0,0.0,0.0,0.0,0.0,0.0,0.0,0.0,0.0,0.0,0.0,0.0,0.0,0.0,0.0,0.0,0.0,0.0,0.0,0.0,0.0,0.0,0.0,0.0,0.0,0.0,0.0,0.5,0.4446
128,0.001,3,10,100,32,8,256,184,440338,73,30,VicregLoss,gru,/home/dpetrovitch/dzagcoffee/train_trace/gender/checkpoints_2025-10-08 10:26:11.109161_VicregLoss_gru_catboost/model_128_0.001_3_10_100_256_32_8_256_VicregLoss_gruepoch=13.ckpt,13,30,0.052447405,19.9471,1.6747,0.0003,4.055,1.7408,1.7449,0.4871,475.2336,24.6864,35.491,1.8436,28.2941,1.4698,26.1977,1.3609,24.4292,1.269,23.5198,1.2218,22.2833,1.1575,22.3313,5.8921,1.6677,0.44,1.3295,0.3508,1.231,0.3248,1.1479,0.3029,1.1052,0.2916,1.0471,0.2763,0.0,0.0,0.0,0.0,0.0,0.0,0.0,0.0,0.0,0.0,0.0,0.0,0.0,0.0,0.0,0.0,0.0,0.0,0.0,0.0,0.0,0.0,0.0,0.0,0.0,0.0,0.0,0.0,0.0,0.0,0.0,0.0,0.0,0.0,0.0,0.472,0.4299
128,0.001,3,10,100,32,8,256,184,440338,73,30,VicregLoss,gru,/home/dpetrovitch/dzagcoffee/train_trace/gender/checkpoints_2025-10-08 10:26:11.109161_VicregLoss_gru_catboost/model_128_0.001_3_10_100_256_32_8_256_VicregLoss_gruepoch=14.ckpt,14,30,0.059625994,19.9089,1.6737,0.0003,4.07,1.6149,1.6148,0.4998,473.1866,24.5548,38.0999,1.9771,29.6189,1.537,27.2812,1.4157,25.2714,1.3114,24.2108,1.2564,22.8796,1.1873,23.7236,4.7339,1.9102,0.3812,1.485,0.2963,1.3678,0.2729,1.267,0.2528,1.2138,0.2422,1.1471,0.2289,0.0,0.0,0.0,0.0,0.0,0.0,0.0,0.0,0.0,0.0,0.0,0.0,0.0,0.0,0.0,0.0,0.0,0.0,0.0,0.0,0.0,0.0,0.0,0.0,0.0,0.0,0.0,0.0,0.0,0.0,0.0,0.0,0.0,0.0,0.0,0.464,0.4481
128,0.001,3,10,100,32,8,256,184,440338,73,30,VicregLoss,gru,/home/dpetrovitch/dzagcoffee/train_trace/gender/checkpoints_2025-10-08 10:26:11.109161_VicregLoss_gru_catboost/model_128_0.001_3_10_100_256_32_8_256_VicregLoss_gruepoch=15.ckpt,15,30,0.05025442,19.558,1.6724,0.0003,4.0308,1.8836,1.8804,0.4781,470.717,24.2804,36.8376,1.9001,29.1049,1.5013,26.9182,1.3885,25.0585,1.2926,24.083,1.2422,22.8489,1.1786,22.7768,4.4129,1.7825,0.3453,1.4083,0.2729,1.3025,0.2524,1.2125,0.2349,1.1653,0.2258,1.1056,0.2142,0.0,0.0,0.0,0.0,0.0,0.0,0.0,0.0,0.0,0.0,0.0,0.0,0.0,0.0,0.0,0.0,0.0,0.0,0.0,0.0,0.0,0.0,0.0,0.0,0.0,0.0,0.0,0.0,0.0,0.0,0.0,0.0,0.0,0.0,0.0,0.452,0.4047
128,0.001,3,10,100,32,8,256,184,440338,73,30,VicregLoss,gru,/home/dpetrovitch/dzagcoffee/train_trace/gender/checkpoints_2025-10-08 10:26:11.109161_VicregLoss_gru_catboost/model_128_0.001_3_10_100_256_32_8_256_VicregLoss_gruepoch=16.ckpt,16,30,0.060842413,20.168,1.6731,0.0003,4.0791,1.7976,1.8001,0.4809,469.2415,24.2692,39.916,2.0645,31.1594,1.6116,28.5852,1.4784,26.4696,1.369,25.3734,1.3123,23.9644,1.2394,24.2162,4.002,2.0599,0.3404,1.608,0.2657,1.4752,0.2438,1.366,0.2257,1.3094,0.2164,1.2367,0.2044,0.0,0.0,0.0,0.0,0.0,0.0,0.0,0.0,0.0,0.0,0.0,0.0,0.0,0.0,0.0,0.0,0.0,0.0,0.0,0.0,0.0,0.0,0.0,0.0,0.0,0.0,0.0,0.0,0.0,0.0,0.0,0.0,0.0,0.0,0.0,0.484,0.4459
128,0.001,3,10,100,32,8,256,184,440338,73,30,VicregLoss,gru,/home/dpetrovitch/dzagcoffee/train_trace/gender/checkpoints_2025-10-08 10:26:11.109161_VicregLoss_gru_catboost/model_128_0.001_3_10_100_256_32_8_256_VicregLoss_gruepoch=17.ckpt,17,30,0.053244073,19.7434,1.6763,0.0003,4.0745,1.951,1.962,0.4761,462.945,24.3605,37.6252,1.9799,29.6609,1.5608,27.2381,1.4333,25.2345,1.3279,24.1195,1.2692,22.5898,1.1887,21.8493,3.7805,1.7758,0.3073,1.3999,0.2422,1.2855,0.2224,1.191,0.2061,1.1384,0.197,1.0662,0.1845,0.0,0.0,0.0,0.0,0.0,0.0,0.0,0.0,0.0,0.0,0.0,0.0,0.0,0.0,0.0,0.0,0.0,0.0,0.0,0.0,0.0,0.0,0.0,0.0,0.0,0.0,0.0,0.0,0.0,0.0,0.0,0.0,0.0,0.0,0.0,0.524,0.4695
128,0.001,3,10,100,32,8,256,184,440338,73,30,VicregLoss,gru,/home/dpetrovitch/dzagcoffee/train_trace/gender/checkpoints_2025-10-08 10:26:11.109161_VicregLoss_gru_catboost/model_128_0.001_3_10_100_256_32_8_256_VicregLoss_gruepoch=18.ckpt,18,30,0.057043243,19.05,1.6741,0.0003,4.0758,1.964,1.987,0.4754,453.68,23.7922,35.288,1.8506,28.0015,1.4685,25.8609,1.3562,24.0672,1.2621,23.0635,1.2095,21.7957,1.143,22.8165,5.2141,1.7747,0.4056,1.4083,0.3218,1.3006,0.2972,1.2104,0.2766,1.1599,0.2651,1.0962,0.2505,0.0,0.0,0.0,0.0,0.0,0.0,0.0,0.0,0.0,0.0,0.0,0.0,0.0,0.0,0.0,0.0,0.0,0.0,0.0,0.0,0.0,0.0,0.0,0.0,0.0,0.0,0.0,0.0,0.0,0.0,0.0,0.0,0.0,0.0,0.0,0.532,0.4891
128,0.001,3,10,100,32,8,256,184,440338,73,30,VicregLoss,gru,/home/dpetrovitch/dzagcoffee/train_trace/gender/checkpoints_2025-10-08 10:26:11.109161_VicregLoss_gru_catboost/model_128_0.001_3_10_100_256_32_8_256_VicregLoss_gruepoch=19.ckpt,19,30,0.051817775,19.1569,1.6737,0.0003,4.0699,1.8742,1.8743,0.4805,455.2242,23.4843,38.024,1.9616,29.6373,1.5289,27.1434,1.4003,25.1461,1.2972,24.1431,1.2455,22.8982,1.1813,25.4499,4.9794,2.1258,0.4159,1.6569,0.3242,1.5175,0.2969,1.4058,0.2751,1.3498,0.2641,1.2802,0.2505,0.0,0.0,0.0,0.0,0.0,0.0,0.0,0.0,0.0,0.0,0.0,0.0,0.0,0.0,0.0,0.0,0.0,0.0,0.0,0.0,0.0,0.0,0.0,0.0,0.0,0.0,0.0,0.0,0.0,0.0,0.0,0.0,0.0,0.0,0.0,0.452,0.4283
128,0.001,3,10,100,32,8,256,184,440338,73,30,VicregLoss,gru,/home/dpetrovitch/dzagcoffee/train_trace/gender/checkpoints_2025-10-08 10:26:11.109161_VicregLoss_gru_catboost/model_128_0.001_3_10_100_256_32_8_256_VicregLoss_gruepoch=20.ckpt,20,30,0.052695826,18.7141,1.6751,0.0003,4.0975,1.7955,1.7927,0.4854,440.5744,23.1493,34.9802,1.838,27.5749,1.4489,25.46,1.3378,23.7504,1.2479,22.8673,1.2015,21.759,1.1433,21.6469,5.1386,1.7187,0.408,1.3548,0.3216,1.2509,0.2969,1.1669,0.277,1.1235,0.2667,1.0691,0.2538,0.0,0.0,0.0,0.0,0.0,0.0,0.0,0.0,0.0,0.0,0.0,0.0,0.0,0.0,0.0,0.0,0.0,0.0,0.0,0.0,0.0,0.0,0.0,0.0,0.0,0.0,0.0,0.0,0.0,0.0,0.0,0.0,0.0,0.0,0.0,0.528,0.4474
128,0.001,3,10,100,32,8,256,184,440338,73,30,VicregLoss,gru,/home/dpetrovitch/dzagcoffee/train_trace/gender/checkpoints_2025-10-08 10:26:11.109161_VicregLoss_gru_catboost/model_128_0.001_3_10_100_256_32_8_256_VicregLoss_gruepoch=21.ckpt,21,30,0.05164217,18.4866,1.6759,0.0003,4.0763,1.7972,1.7938,0.4845,440.5846,23.1558,35.6785,1.8752,28.1052,1.4771,25.8487,1.3585,24.0374,1.2633,23.1348,1.2159,21.9535,1.1538,20.2244,3.998,1.6378,0.3238,1.2901,0.255,1.1865,0.2346,1.1034,0.2181,1.062,0.2099,1.0077,0.1992,0.0,0.0,0.0,0.0,0.0,0.0,0.0,0.0,0.0,0.0,0.0,0.0,0.0,0.0,0.0,0.0,0.0,0.0,0.0,0.0,0.0,0.0,0.0,0.0,0.0,0.0,0.0,0.0,0.0,0.0,0.0,0.0,0.0,0.0,0.0,0.496,0.4865
128,0.001,3,10,100,32,8,256,184,440338,73,30,VicregLoss,gru,/home/dpetrovitch/dzagcoffee/train_trace/gender/checkpoints_2025-10-08 10:26:11.109161_VicregLoss_gru_catboost/model_128_0.001_3_10_100_256_32_8_256_VicregLoss_gruepoch=22.ckpt,22,30,0.05799839,17.6732,1.6718,0.0003,4.0593,1.8891,1.8847,0.4807,432.3323,22.4611,35.5174,1.8453,27.9751,1.4534,25.7553,1.3381,23.886,1.241,22.9458,1.1921,21.7089,1.1279,25.1063,4.8307,2.0626,0.3969,1.6246,0.3126,1.4957,0.2878,1.3871,0.2669,1.3325,0.2564,1.2607,0.2426,0.0,0.0,0.0,0.0,0.0,0.0,0.0,0.0,0.0,0.0,0.0,0.0,0.0,0.0,0.0,0.0,0.0,0.0,0.0,0.0,0.0,0.0,0.0,0.0,0.0,0.0,0.0,0.0,0.0,0.0,0.0,0.0,0.0,0.0,0.0,0.492,0.4823
128,0.001,3,10,100,32,8,256,184,440338,73,30,VicregLoss,gru,/home/dpetrovitch/dzagcoffee/train_trace/gender/checkpoints_2025-10-08 10:26:11.109161_VicregLoss_gru_catboost/model_128_0.001_3_10_100_256_32_8_256_VicregLoss_gruepoch=23.ckpt,23,30,0.055642646,18.0306,1.6752,0.0003,4.0783,1.9303,1.9284,0.4795,430.1768,22.4257,34.0111,1.773,27.0119,1.4082,24.9385,1.3001,23.2327,1.2111,22.3529,1.1653,21.2046,1.1054,22.8413,5.7872,1.8059,0.4576,1.4343,0.3634,1.3242,0.3355,1.2336,0.3126,1.1869,0.3007,1.1259,0.2853,0.0,0.0,0.0,0.0,0.0,0.0,0.0,0.0,0.0,0.0,0.0,0.0,0.0,0.0,0.0,0.0,0.0,0.0,0.0,0.0,0.0,0.0,0.0,0.0,0.0,0.0,0.0,0.0,0.0,0.0,0.0,0.0,0.0,0.0,0.0,0.5,0.4702
128,0.001,3,10,100,32,8,256,184,440338,73,30,VicregLoss,gru,/home/dpetrovitch/dzagcoffee/train_trace/gender/checkpoints_2025-10-08 10:26:11.109161_VicregLoss_gru_catboost/model_128_0.001_3_10_100_256_32_8_256_VicregLoss_gruepoch=24.ckpt,24,30,0.057068944,17.3232,1.6746,0.0003,4.0928,1.7335,1.7441,0.4902,419.7673,22.085,33.3666,1.7555,26.4028,1.3891,24.3632,1.2818,22.6484,1.1916,21.7471,1.1442,20.4802,1.0775,21.8267,5.11,1.735,0.4062,1.3729,0.3214,1.2668,0.2966,1.1776,0.2757,1.1308,0.2647,1.0649,0.2493,0.0,0.0,0.0,0.0,0.0,0.0,0.0,0.0,0.0,0.0,0.0,0.0,0.0,0.0,0.0,0.0,0.0,0.0,0.0,0.0,0.0,0.0,0.0,0.0,0.0,0.0,0.0,0.0,0.0,0.0,0.0,0.0,0.0,0.0,0.0,0.488,0.4587
128,0.001,3,10,100,32,8,256,184,440338,73,30,VicregLoss,gru,/home/dpetrovitch/dzagcoffee/train_trace/gender/checkpoints_2025-10-08 10:26:11.109161_VicregLoss_gru_catboost/model_128_0.001_3_10_100_256_32_8_256_VicregLoss_gruepoch=25.ckpt,25,30,0.056053832,17.1336,1.6753,0.0003,4.0822,1.9796,1.9792,0.4802,411.5286,21.4579,33.5385,1.7488,26.7165,1.3931,24.6673,1.2862,22.9669,1.1975,22.0575,1.1501,20.8647,1.0879,20.859,5.4927,1.7,0.4476,1.3542,0.3566,1.2503,0.3292,1.1641,0.3065,1.118,0.2944,1.0576,0.2785,0.0,0.0,0.0,0.0,0.0,0.0,0.0,0.0,0.0,0.0,0.0,0.0,0.0,0.0,0.0,0.0,0.0,0.0,0.0,0.0,0.0,0.0,0.0,0.0,0.0,0.0,0.0,0.0,0.0,0.0,0.0,0.0,0.0,0.0,0.0,0.516,0.4683
128,0.001,3,10,100,32,8,256,184,440338,73,30,VicregLoss,gru,/home/dpetrovitch/dzagcoffee/train_trace/gender/checkpoints_2025-10-08 10:26:11.109161_VicregLoss_gru_catboost/model_128_0.001_3_10_100_256_32_8_256_VicregLoss_gruepoch=26.ckpt,26,30,0.056760553,17.2685,1.6752,0.0003,4.0967,1.951,1.9563,0.4806,413.0245,21.796,33.3227,1.7585,26.4105,1.3937,24.2852,1.2816,22.5791,1.1915,21.6588,1.143,20.4588,1.0796,22.0156,5.124,1.7762,0.4134,1.4078,0.3277,1.2945,0.3013,1.2035,0.2801,1.1545,0.2687,1.0905,0.2538,0.0,0.0,0.0,0.0,0.0,0.0,0.0,0.0,0.0,0.0,0.0,0.0,0.0,0.0,0.0,0.0,0.0,0.0,0.0,0.0,0.0,0.0,0.0,0.0,0.0,0.0,0.0,0.0,0.0,0.0,0.0,0.0,0.0,0.0,0.0,0.448,0.456
128,0.001,3,10,100,32,8,256,184,440338,73,30,VicregLoss,gru,/home/dpetrovitch/dzagcoffee/train_trace/gender/checkpoints_2025-10-08 10:26:11.109161_VicregLoss_gru_catboost/model_128_0.001_3_10_100_256_32_8_256_VicregLoss_gruepoch=27.ckpt,27,30,0.05021587,17.1442,1.6759,0.0003,4.098,1.903,1.9043,0.4818,409.5956,21.5742,33.0618,1.7414,26.0792,1.3736,24.0175,1.265,22.3902,1.1793,21.5325,1.1342,20.4359,1.0764,20.336,4.4757,1.6415,0.3613,1.2948,0.285,1.1924,0.2624,1.1116,0.2447,1.0691,0.2353,1.0146,0.2233,0.0,0.0,0.0,0.0,0.0,0.0,0.0,0.0,0.0,0.0,0.0,0.0,0.0,0.0,0.0,0.0,0.0,0.0,0.0,0.0,0.0,0.0,0.0,0.0,0.0,0.0,0.0,0.0,0.0,0.0,0.0,0.0,0.0,0.0,0.0,0.516,0.4869
128,0.001,3,10,100,32,8,256,184,440338,73,30,VicregLoss,gru,/home/dpetrovitch/dzagcoffee/train_trace/gender/checkpoints_2025-10-08 10:26:11.109161_VicregLoss_gru_catboost/model_128_0.001_3_10_100_256_32_8_256_VicregLoss_gruepoch=28.ckpt,28,30,0.056781966,17.5001,1.6765,0.0003,4.1044,1.8454,1.837,0.4808,411.6808,21.7008,34.3489,1.8106,27.0043,1.4235,24.8138,1.308,22.9596,1.2103,21.9457,1.1568,20.6126,1.0865,18.4645,5.2246,1.5406,0.4359,1.2112,0.3427,1.1129,0.3149,1.0298,0.2914,0.9843,0.2785,0.9245,0.2616,0.0,0.0,0.0,0.0,0.0,0.0,0.0,0.0,0.0,0.0,0.0,0.0,0.0,0.0,0.0,0.0,0.0,0.0,0.0,0.0,0.0,0.0,0.0,0.0,0.0,0.0,0.0,0.0,0.0,0.0,0.0,0.0,0.0,0.0,0.0,0.5,0.4541
128,0.001,3,10,100,32,8,256,184,440338,73,30,VicregLoss,gru,/home/dpetrovitch/dzagcoffee/train_trace/gender/checkpoints_2025-10-08 10:26:11.109161_VicregLoss_gru_catboost/model_128_0.001_3_10_100_256_32_8_256_VicregLoss_gruepoch=29.ckpt,29,30,0.054948773,17.3946,1.6754,0.0003,4.0914,1.8774,1.8768,0.4791,417.1806,21.9684,35.0647,1.8465,27.5932,1.453,25.3297,1.3338,23.4914,1.237,22.5182,1.1858,21.2391,1.1184,24.7769,4.6792,2.0825,0.3933,1.6388,0.3095,1.5044,0.2841,1.3952,0.2635,1.3374,0.2526,1.2614,0.2382,0.0,0.0,0.0,0.0,0.0,0.0,0.0,0.0,0.0,0.0,0.0,0.0,0.0,0.0,0.0,0.0,0.0,0.0,0.0,0.0,0.0,0.0,0.0,0.0,0.0,0.0,0.0,0.0,0.0,0.0,0.0,0.0,0.0,0.0,0.0,0.54,0.4653
128,0.001,3,10,100,32,16,256,184,440338,73,30,VicregLoss,gru,/home/dpetrovitch/dzagcoffee/train_trace/gender/checkpoints_2025-10-08 10:26:11.109161_VicregLoss_gru_catboost/model_128_0.001_3_10_100_256_32_16_256_VicregLoss_gruepoch=00.ckpt,0,30,0.054601837,28.9108,1.6677,0.0003,4.2576,1.2471,1.2552,0.5791,609.8484,30.7971,58.9361,2.9763,42.3479,2.1385,37.126,1.8748,33.3403,1.6837,31.5832,1.5949,29.6131,1.4954,25.7234,3.9862,2.4859,0.3852,1.7862,0.2768,1.566,0.2427,1.4063,0.2179,1.3322,0.2064,1.2491,0.1936,0.0,0.0,0.0,0.0,0.0,0.0,0.0,0.0,0.0,0.0,0.0,0.0,0.0,0.0,0.0,0.0,0.0,0.0,0.0,0.0,0.0,0.0,0.0,0.0,0.0,0.0,0.0,0.0,0.0,0.0,0.0,0.0,0.0,0.0,0.0,0.544,0.5291
128,0.001,3,10,100,32,16,256,184,440338,73,30,VicregLoss,gru,/home/dpetrovitch/dzagcoffee/train_trace/gender/checkpoints_2025-10-08 10:26:11.109161_VicregLoss_gru_catboost/model_128_0.001_3_10_100_256_32_16_256_VicregLoss_gruepoch=01.ckpt,1,30,0.045195997,9.4253,1.6787,0.0,5.1235,1.0118,1.0137,0.9293,308.5613,21.0504,39.8687,2.7199,13.2269,0.9024,12.7503,0.8698,12.2744,0.8374,12.0518,0.8222,11.7458,0.8013,11.1318,1.2572,1.4383,0.1624,0.4772,0.0539,0.46,0.0519,0.4428,0.05,0.4348,0.0491,0.4237,0.0479,0.0,0.0,0.0,0.0,0.0,0.0,0.0,0.0,0.0,0.0,0.0,0.0,0.0,0.0,0.0,0.0,0.0,0.0,0.0,0.0,0.0,0.0,0.0,0.0,0.0,0.0,0.0,0.0,0.0,0.0,0.0,0.0,0.0,0.0,0.0,0.548,0.5235
128,0.001,3,10,100,32,16,256,184,440338,73,30,VicregLoss,gru,/home/dpetrovitch/dzagcoffee/train_trace/gender/checkpoints_2025-10-08 10:26:11.109161_VicregLoss_gru_catboost/model_128_0.001_3_10_100_256_32_16_256_VicregLoss_gruepoch=02.ckpt,2,30,0.05002741,7.1239,1.6793,0.0,5.4688,1.0074,1.0082,0.9627,240.2888,21.2814,43.6815,3.8687,9.5808,0.8485,9.312,0.8247,9.0757,0.8038,8.9672,0.7942,8.8341,0.7824,8.4297,1.08,1.5324,0.1963,0.3361,0.0431,0.3267,0.0419,0.3184,0.0408,0.3146,0.0403,0.3099,0.0397,0.0,0.0,0.0,0.0,0.0,0.0,0.0,0.0,0.0,0.0,0.0,0.0,0.0,0.0,0.0,0.0,0.0,0.0,0.0,0.0,0.0,0.0,0.0,0.0,0.0,0.0,0.0,0.0,0.0,0.0,0.0,0.0,0.0,0.0,0.0,0.532,0.4825
128,0.001,3,10,100,32,16,256,184,440338,73,30,VicregLoss,gru,/home/dpetrovitch/dzagcoffee/train_trace/gender/checkpoints_2025-10-08 10:26:11.109161_VicregLoss_gru_catboost/model_128_0.001_3_10_100_256_32_16_256_VicregLoss_gruepoch=03.ckpt,3,30,0.055192914,7.5514,1.6785,0.0,4.8682,1.0096,1.0073,0.9645,244.6342,21.4185,42.7693,3.7446,9.3909,0.8222,9.1217,0.7986,8.8065,0.771,8.6902,0.7609,8.5154,0.7456,8.6047,0.9307,1.5044,0.1627,0.3303,0.0357,0.3208,0.0347,0.3098,0.0335,0.3057,0.0331,0.2995,0.0324,0.0,0.0,0.0,0.0,0.0,0.0,0.0,0.0,0.0,0.0,0.0,0.0,0.0,0.0,0.0,0.0,0.0,0.0,0.0,0.0,0.0,0.0,0.0,0.0,0.0,0.0,0.0,0.0,0.0,0.0,0.0,0.0,0.0,0.0,0.0,0.528,0.4819
128,0.001,3,10,100,32,16,256,184,440338,73,30,VicregLoss,gru,/home/dpetrovitch/dzagcoffee/train_trace/gender/checkpoints_2025-10-08 10:26:11.109161_VicregLoss_gru_catboost/model_128_0.001_3_10_100_256_32_16_256_VicregLoss_gruepoch=04.ckpt,4,30,0.04476768,5.7911,1.6795,0.0,6.4306,1.0061,1.0086,0.9513,199.6602,20.7524,69.2014,7.1927,8.5017,0.8836,8.2159,0.854,7.9554,0.8269,7.7909,0.8098,7.6167,0.7917,8.1382,1.1959,2.8207,0.4145,0.3465,0.0509,0.3349,0.0492,0.3243,0.0476,0.3176,0.0467,0.3105,0.0456,0.0,0.0,0.0,0.0,0.0,0.0,0.0,0.0,0.0,0.0,0.0,0.0,0.0,0.0,0.0,0.0,0.0,0.0,0.0,0.0,0.0,0.0,0.0,0.0,0.0,0.0,0.0,0.0,0.0,0.0,0.0,0.0,0.0,0.0,0.0,0.508,0.4729
128,0.001,3,10,100,32,16,256,184,440338,73,30,VicregLoss,gru,/home/dpetrovitch/dzagcoffee/train_trace/gender/checkpoints_2025-10-08 10:26:11.109161_VicregLoss_gru_catboost/model_128_0.001_3_10_100_256_32_16_256_VicregLoss_gruepoch=05.ckpt,5,30,0.039597895,40.0305,1.6561,0.0004,4.0824,1.1593,1.1733,0.5749,798.4684,40.8463,78.6866,4.0253,50.2434,2.5702,45.031,2.3036,40.5012,2.0719,38.3212,1.9604,35.8415,1.8335,41.2939,4.2525,4.0694,0.4191,2.5984,0.2676,2.3288,0.2398,2.0946,0.2157,1.9818,0.2041,1.8536,0.1909,0.0,0.0,0.0,0.0,0.0,0.0,0.0,0.0,0.0,0.0,0.0,0.0,0.0,0.0,0.0,0.0,0.0,0.0,0.0,0.0,0.0,0.0,0.0,0.0,0.0,0.0,0.0,0.0,0.0,0.0,0.0,0.0,0.0,0.0,0.0,0.52,0.4874
128,0.001,3,10,100,32,16,256,184,440338,73,30,VicregLoss,gru,/home/dpetrovitch/dzagcoffee/train_trace/gender/checkpoints_2025-10-08 10:26:11.109161_VicregLoss_gru_catboost/model_128_0.001_3_10_100_256_32_16_256_VicregLoss_gruepoch=06.ckpt,6,30,0.042570416,24.3511,1.6757,1e-04,4.7938,1.0676,1.084,0.7596,606.2772,34.0636,71.3884,4.0109,30.3866,1.7073,28.2253,1.5858,26.6291,1.4962,25.8835,1.4543,24.8566,1.3966,24.1335,3.9475,2.8417,0.4648,1.2096,0.1979,1.1235,0.1838,1.06,0.1734,1.0303,0.1685,0.9894,0.1618,0.0,0.0,0.0,0.0,0.0,0.0,0.0,0.0,0.0,0.0,0.0,0.0,0.0,0.0,0.0,0.0,0.0,0.0,0.0,0.0,0.0,0.0,0.0,0.0,0.0,0.0,0.0,0.0,0.0,0.0,0.0,0.0,0.0,0.0,0.0,0.52,0.4913
128,0.001,3,10,100,32,16,256,184,440338,73,30,VicregLoss,gru,/home/dpetrovitch/dzagcoffee/train_trace/gender/checkpoints_2025-10-08 10:26:11.109161_VicregLoss_gru_catboost/model_128_0.001_3_10_100_256_32_16_256_VicregLoss_gruepoch=07.ckpt,7,30,0.044720564,14.3178,1.6797,0.0,9.191,1.0341,1.0445,0.8706,418.0536,26.9781,84.7663,5.4702,18.8898,1.219,18.1657,1.1723,17.598,1.1357,17.3106,1.1171,16.8267,1.0859,15.5782,1.5622,3.1587,0.3168,0.7039,0.0706,0.6769,0.0679,0.6558,0.0658,0.6451,0.0647,0.627,0.0629,0.0,0.0,0.0,0.0,0.0,0.0,0.0,0.0,0.0,0.0,0.0,0.0,0.0,0.0,0.0,0.0,0.0,0.0,0.0,0.0,0.0,0.0,0.0,0.0,0.0,0.0,0.0,0.0,0.0,0.0,0.0,0.0,0.0,0.0,0.0,0.52,0.4776
128,0.001,3,10,100,32,16,256,184,440338,73,30,VicregLoss,gru,/home/dpetrovitch/dzagcoffee/train_trace/gender/checkpoints_2025-10-08 10:26:11.109161_VicregLoss_gru_catboost/model_128_0.001_3_10_100_256_32_16_256_VicregLoss_gruepoch=08.ckpt,8,30,0.039353754,14.3039,1.6797,0.0,8.0597,1.0316,1.0423,0.8367,420.6948,26.7291,62.8286,3.9919,19.018,1.2083,18.4205,1.1704,17.7988,1.1309,17.5317,1.1139,16.9526,1.0771,14.978,1.4902,2.2369,0.2225,0.6771,0.0674,0.6558,0.0652,0.6337,0.063,0.6242,0.0621,0.6036,0.06,0.0,0.0,0.0,0.0,0.0,0.0,0.0,0.0,0.0,0.0,0.0,0.0,0.0,0.0,0.0,0.0,0.0,0.0,0.0,0.0,0.0,0.0,0.0,0.0,0.0,0.0,0.0,0.0,0.0,0.0,0.0,0.0,0.0,0.0,0.0,0.484,0.465
128,0.001,3,10,100,32,16,256,184,440338,73,30,VicregLoss,gru,/home/dpetrovitch/dzagcoffee/train_trace/gender/checkpoints_2025-10-08 10:26:11.109161_VicregLoss_gru_catboost/model_128_0.001_3_10_100_256_32_16_256_VicregLoss_gruepoch=09.ckpt,9,30,0.036346972,11.553,1.6797,0.0,12.6072,1.0262,1.0402,0.8792,369.4759,27.0173,113.5513,8.3032,15.7346,1.1506,15.15,1.1078,14.7006,1.075,14.4299,1.0552,14.0775,1.0294,14.7361,1.7773,4.5289,0.5462,0.6276,0.0757,0.6042,0.0729,0.5863,0.0707,0.5755,0.0694,0.5615,0.0677,0.0,0.0,0.0,0.0,0.0,0.0,0.0,0.0,0.0,0.0,0.0,0.0,0.0,0.0,0.0,0.0,0.0,0.0,0.0,0.0,0.0,0.0,0.0,0.0,0.0,0.0,0.0,0.0,0.0,0.0,0.0,0.0,0.0,0.0,0.0,0.524,0.4999
128,0.001,3,10,100,32,16,256,184,440338,73,30,VicregLoss,gru,/home/dpetrovitch/dzagcoffee/train_trace/gender/checkpoints_2025-10-08 10:26:11.109161_VicregLoss_gru_catboost/model_128_0.001_3_10_100_256_32_16_256_VicregLoss_gruepoch=10.ckpt,10,30,0.03933234,10.3453,1.6797,0.0,11.2689,1.0215,1.0299,0.9014,339.4968,27.1216,82.1163,6.5601,14.1442,1.1299,13.6641,1.0916,13.3011,1.0626,13.0701,1.0441,12.7398,1.0178,14.0964,1.7281,3.4096,0.418,0.5873,0.072,0.5674,0.0696,0.5523,0.0677,0.5427,0.0665,0.529,0.0648,0.0,0.0,0.0,0.0,0.0,0.0,0.0,0.0,0.0,0.0,0.0,0.0,0.0,0.0,0.0,0.0,0.0,0.0,0.0,0.0,0.0,0.0,0.0,0.0,0.0,0.0,0.0,0.0,0.0,0.0,0.0,0.0,0.0,0.0,0.0,0.56,0.5164
128,0.001,3,10,100,32,16,256,184,440338,73,30,VicregLoss,gru,/home/dpetrovitch/dzagcoffee/train_trace/gender/checkpoints_2025-10-08 10:26:11.109161_VicregLoss_gru_catboost/model_128_0.001_3_10_100_256_32_16_256_VicregLoss_gruepoch=11.ckpt,11,30,0.044013843,9.4607,1.6797,0.0,11.2825,1.0191,1.0271,0.9097,304.7648,25.7027,84.2809,7.1079,12.6649,1.0681,12.2348,1.0318,11.9181,1.0051,11.7097,0.9875,11.4337,0.9643,11.3258,1.6106,3.1321,0.4454,0.4707,0.0669,0.4547,0.0647,0.4429,0.063,0.4352,0.0619,0.4249,0.0604,0.0,0.0,0.0,0.0,0.0,0.0,0.0,0.0,0.0,0.0,0.0,0.0,0.0,0.0,0.0,0.0,0.0,0.0,0.0,0.0,0.0,0.0,0.0,0.0,0.0,0.0,0.0,0.0,0.0,0.0,0.0,0.0,0.0,0.0,0.0,0.508,0.4657
128,0.001,3,10,100,32,16,256,184,440338,73,30,VicregLoss,gru,/home/dpetrovitch/dzagcoffee/train_trace/gender/checkpoints_2025-10-08 10:26:11.109161_VicregLoss_gru_catboost/model_128_0.001_3_10_100_256_32_16_256_VicregLoss_gruepoch=12.ckpt,12,30,0.040150423,12.1844,1.6797,0.0,9.3576,1.0263,1.0329,0.8798,371.4562,29.2292,63.6123,5.0055,15.2032,1.1963,14.6926,1.1561,14.2099,1.1181,13.9565,1.0982,13.6632,1.0751,14.2855,1.9129,2.4464,0.3276,0.5847,0.0783,0.5651,0.0757,0.5465,0.0732,0.5367,0.0719,0.5255,0.0704,0.0,0.0,0.0,0.0,0.0,0.0,0.0,0.0,0.0,0.0,0.0,0.0,0.0,0.0,0.0,0.0,0.0,0.0,0.0,0.0,0.0,0.0,0.0,0.0,0.0,0.0,0.0,0.0,0.0,0.0,0.0,0.0,0.0,0.0,0.0,0.552,0.5071
128,0.001,3,10,100,32,16,256,184,440338,73,30,VicregLoss,gru,/home/dpetrovitch/dzagcoffee/train_trace/gender/checkpoints_2025-10-08 10:26:11.109161_VicregLoss_gru_catboost/model_128_0.001_3_10_100_256_32_16_256_VicregLoss_gruepoch=13.ckpt,13,30,0.046313908,12.7644,1.6797,0.0,8.1685,1.0279,1.0327,0.8835,393.267,31.3355,50.4537,4.0201,15.8515,1.263,15.4043,1.2274,14.8439,1.1828,14.5371,1.1583,14.219,1.133,16.8334,2.0316,2.1596,0.2606,0.6785,0.0819,0.6594,0.0796,0.6354,0.0767,0.6222,0.0751,0.6086,0.0735,0.0,0.0,0.0,0.0,0.0,0.0,0.0,0.0,0.0,0.0,0.0,0.0,0.0,0.0,0.0,0.0,0.0,0.0,0.0,0.0,0.0,0.0,0.0,0.0,0.0,0.0,0.0,0.0,0.0,0.0,0.0,0.0,0.0,0.0,0.0,0.536,0.4787
128,0.001,3,10,100,32,16,256,184,440338,73,30,VicregLoss,gru,/home/dpetrovitch/dzagcoffee/train_trace/gender/checkpoints_2025-10-08 10:26:11.109161_VicregLoss_gru_catboost/model_128_0.001_3_10_100_256_32_16_256_VicregLoss_gruepoch=14.ckpt,14,30,0.044849064,11.9741,1.6797,0.0,9.3623,1.0263,1.0324,0.8877,375.8461,31.2659,55.0545,4.5799,15.1518,1.2605,14.6691,1.2203,14.082,1.1714,13.8053,1.1484,13.5034,1.1233,15.2533,1.9817,2.2343,0.2903,0.6149,0.0799,0.5953,0.0773,0.5715,0.0743,0.5603,0.0728,0.548,0.0712,0.0,0.0,0.0,0.0,0.0,0.0,0.0,0.0,0.0,0.0,0.0,0.0,0.0,0.0,0.0,0.0,0.0,0.0,0.0,0.0,0.0,0.0,0.0,0.0,0.0,0.0,0.0,0.0,0.0,0.0,0.0,0.0,0.0,0.0,0.0,0.5,0.4688
128,0.001,3,10,100,32,16,256,184,440338,73,30,VicregLoss,gru,/home/dpetrovitch/dzagcoffee/train_trace/gender/checkpoints_2025-10-08 10:26:11.109161_VicregLoss_gru_catboost/model_128_0.001_3_10_100_256_32_16_256_VicregLoss_gruepoch=15.ckpt,15,30,0.04661801,11.1487,1.6797,0.0,10.1246,1.0238,1.0303,0.8943,355.8275,30.1622,58.5522,4.9633,14.2498,1.2079,13.8265,1.172,13.2445,1.1227,12.9881,1.101,12.6931,1.076,14.4566,2.0023,2.3789,0.3295,0.5789,0.0802,0.5617,0.0778,0.5381,0.0745,0.5277,0.0731,0.5157,0.0714,0.0,0.0,0.0,0.0,0.0,0.0,0.0,0.0,0.0,0.0,0.0,0.0,0.0,0.0,0.0,0.0,0.0,0.0,0.0,0.0,0.0,0.0,0.0,0.0,0.0,0.0,0.0,0.0,0.0,0.0,0.0,0.0,0.0,0.0,0.0,0.532,0.473
128,0.001,3,10,100,32,16,256,184,440338,73,30,VicregLoss,gru,/home/dpetrovitch/dzagcoffee/train_trace/gender/checkpoints_2025-10-08 10:26:11.109161_VicregLoss_gru_catboost/model_128_0.001_3_10_100_256_32_16_256_VicregLoss_gruepoch=16.ckpt,16,30,0.045761377,10.2501,1.6797,0.0,10.9477,1.0204,1.0267,0.9079,333.9421,28.7719,70.1825,6.0468,13.3134,1.1471,12.8582,1.1078,12.2834,1.0583,12.0727,1.0402,11.7713,1.0142,11.7972,1.8023,2.4793,0.3788,0.4703,0.0719,0.4542,0.0694,0.4339,0.0663,0.4265,0.0652,0.4158,0.0635,0.0,0.0,0.0,0.0,0.0,0.0,0.0,0.0,0.0,0.0,0.0,0.0,0.0,0.0,0.0,0.0,0.0,0.0,0.0,0.0,0.0,0.0,0.0,0.0,0.0,0.0,0.0,0.0,0.0,0.0,0.0,0.0,0.0,0.0,0.0,0.536,0.488
128,0.001,3,10,100,32,16,256,184,440338,73,30,VicregLoss,gru,/home/dpetrovitch/dzagcoffee/train_trace/gender/checkpoints_2025-10-08 10:26:11.109161_VicregLoss_gru_catboost/model_128_0.001_3_10_100_256_32_16_256_VicregLoss_gruepoch=17.ckpt,17,30,0.039503668,8.8724,1.6797,0.0,12.2454,1.0178,1.0249,0.9178,293.353,26.6503,88.8002,8.0673,11.7628,1.0686,11.3281,1.0291,10.8475,0.9855,10.6481,0.9674,10.3721,0.9423,11.5941,1.8479,3.5096,0.5594,0.4649,0.0741,0.4477,0.0714,0.4287,0.0683,0.4208,0.0671,0.4099,0.0653,0.0,0.0,0.0,0.0,0.0,0.0,0.0,0.0,0.0,0.0,0.0,0.0,0.0,0.0,0.0,0.0,0.0,0.0,0.0,0.0,0.0,0.0,0.0,0.0,0.0,0.0,0.0,0.0,0.0,0.0,0.0,0.0,0.0,0.0,0.0,0.496,0.4219
128,0.001,3,10,100,32,16,256,184,440338,73,30,VicregLoss,gru,/home/dpetrovitch/dzagcoffee/train_trace/gender/checkpoints_2025-10-08 10:26:11.109161_VicregLoss_gru_catboost/model_128_0.001_3_10_100_256_32_16_256_VicregLoss_gruepoch=18.ckpt,18,30,0.04335852,15.9753,1.6794,1e-04,5.1877,1.035,1.0308,0.8876,459.1275,32.3534,60.1907,4.2415,17.4992,1.2331,16.9138,1.1919,16.3271,1.1505,16.0092,1.1281,15.6103,1.1,19.103,2.0435,2.5044,0.2679,0.7281,0.0779,0.7037,0.0753,0.6793,0.0727,0.6661,0.0713,0.6495,0.0695,0.0,0.0,0.0,0.0,0.0,0.0,0.0,0.0,0.0,0.0,0.0,0.0,0.0,0.0,0.0,0.0,0.0,0.0,0.0,0.0,0.0,0.0,0.0,0.0,0.0,0.0,0.0,0.0,0.0,0.0,0.0,0.0,0.0,0.0,0.0,0.544,0.5206
128,0.001,3,10,100,32,16,256,184,440338,73,30,VicregLoss,gru,/home/dpetrovitch/dzagcoffee/train_trace/gender/checkpoints_2025-10-08 10:26:11.109161_VicregLoss_gru_catboost/model_128_0.001_3_10_100_256_32_16_256_VicregLoss_gruepoch=19.ckpt,19,30,0.028551603,8.6483,1.6797,0.0,9.9597,1.0141,1.0184,0.9501,293.7886,26.6721,106.0826,9.6309,11.3868,1.0338,10.802,0.9807,10.4232,0.9463,10.1663,0.923,9.8955,0.8984,9.6112,1.144,3.4705,0.4131,0.3725,0.0443,0.3534,0.0421,0.341,0.0406,0.3326,0.0396,0.3237,0.0385,0.0,0.0,0.0,0.0,0.0,0.0,0.0,0.0,0.0,0.0,0.0,0.0,0.0,0.0,0.0,0.0,0.0,0.0,0.0,0.0,0.0,0.0,0.0,0.0,0.0,0.0,0.0,0.0,0.0,0.0,0.0,0.0,0.0,0.0,0.0,0.516,0.4809
128,0.001,3,10,100,32,16,256,184,440338,73,30,VicregLoss,gru,/home/dpetrovitch/dzagcoffee/train_trace/gender/checkpoints_2025-10-08 10:26:11.109161_VicregLoss_gru_catboost/model_128_0.001_3_10_100_256_32_16_256_VicregLoss_gruepoch=20.ckpt,20,30,0.026975399,10.3265,1.6797,0.0,7.5018,1.0174,1.0189,0.9413,324.5397,27.8615,75.0607,6.4439,12.3017,1.0561,11.7678,1.0103,11.3979,0.9785,11.1689,0.9588,10.8692,0.9331,10.502,1.1876,2.4289,0.2747,0.3981,0.045,0.3808,0.0431,0.3688,0.0417,0.3614,0.0409,0.3517,0.0398,0.0,0.0,0.0,0.0,0.0,0.0,0.0,0.0,0.0,0.0,0.0,0.0,0.0,0.0,0.0,0.0,0.0,0.0,0.0,0.0,0.0,0.0,0.0,0.0,0.0,0.0,0.0,0.0,0.0,0.0,0.0,0.0,0.0,0.0,0.0,0.532,0.5077
128,0.001,3,10,100,32,16,256,184,440338,73,30,VicregLoss,gru,/home/dpetrovitch/dzagcoffee/train_trace/gender/checkpoints_2025-10-08 10:26:11.109161_VicregLoss_gru_catboost/model_128_0.001_3_10_100_256_32_16_256_VicregLoss_gruepoch=21.ckpt,21,30,0.02748081,11.2196,1.6797,0.0,6.4793,1.0184,1.0186,0.9424,339.8468,28.3808,60.2439,5.031,12.7244,1.0626,12.2603,1.0239,11.8887,0.9928,11.6471,0.9727,11.3445,0.9474,10.5841,1.2015,1.8762,0.213,0.3963,0.045,0.3818,0.0433,0.3703,0.042,0.3627,0.0412,0.3533,0.0401,0.0,0.0,0.0,0.0,0.0,0.0,0.0,0.0,0.0,0.0,0.0,0.0,0.0,0.0,0.0,0.0,0.0,0.0,0.0,0.0,0.0,0.0,0.0,0.0,0.0,0.0,0.0,0.0,0.0,0.0,0.0,0.0,0.0,0.0,0.0,0.54,0.4739
128,0.001,3,10,100,32,16,256,184,440338,73,30,VicregLoss,gru,/home/dpetrovitch/dzagcoffee/train_trace/gender/checkpoints_2025-10-08 10:26:11.109161_VicregLoss_gru_catboost/model_128_0.001_3_10_100_256_32_16_256_VicregLoss_gruepoch=22.ckpt,22,30,0.029326856,11.0039,1.6797,0.0,6.2316,1.0171,1.017,0.948,331.094,26.571,59.4003,4.767,12.2727,0.9849,11.8888,0.9541,11.5379,0.9259,11.3105,0.9077,11.0212,0.8845,10.8861,1.1903,1.953,0.2135,0.4035,0.0441,0.3909,0.0427,0.3794,0.0415,0.3719,0.0407,0.3624,0.0396,0.0,0.0,0.0,0.0,0.0,0.0,0.0,0.0,0.0,0.0,0.0,0.0,0.0,0.0,0.0,0.0,0.0,0.0,0.0,0.0,0.0,0.0,0.0,0.0,0.0,0.0,0.0,0.0,0.0,0.0,0.0,0.0,0.0,0.0,0.0,0.512,0.4619
128,0.001,3,10,100,32,16,256,184,440338,73,30,VicregLoss,gru,/home/dpetrovitch/dzagcoffee/train_trace/gender/checkpoints_2025-10-08 10:26:11.109161_VicregLoss_gru_catboost/model_128_0.001_3_10_100_256_32_16_256_VicregLoss_gruepoch=23.ckpt,23,30,0.032479268,10.6403,1.6797,0.0,6.2842,1.0172,1.0173,0.9447,326.6472,27.7154,55.4191,4.7022,12.2369,1.0383,11.7395,0.9961,11.4076,0.9679,11.1672,0.9475,10.872,0.9225,10.3986,1.2693,1.7642,0.2153,0.3896,0.0476,0.3737,0.0456,0.3632,0.0443,0.3555,0.0434,0.3461,0.0422,0.0,0.0,0.0,0.0,0.0,0.0,0.0,0.0,0.0,0.0,0.0,0.0,0.0,0.0,0.0,0.0,0.0,0.0,0.0,0.0,0.0,0.0,0.0,0.0,0.0,0.0,0.0,0.0,0.0,0.0,0.0,0.0,0.0,0.0,0.0,0.544,0.4942
128,0.001,3,10,100,32,16,256,184,440338,73,30,VicregLoss,gru,/home/dpetrovitch/dzagcoffee/train_trace/gender/checkpoints_2025-10-08 10:26:11.109161_VicregLoss_gru_catboost/model_128_0.001_3_10_100_256_32_16_256_VicregLoss_gruepoch=24.ckpt,24,30,0.0307917,11.2472,1.6797,0.0,5.9485,1.0173,1.0171,0.9458,340.3658,28.2077,43.4792,3.6033,12.6802,1.0509,12.1767,1.0091,11.8184,0.9794,11.5885,0.9604,11.2982,0.9363,9.6441,1.1456,1.232,0.1463,0.3593,0.0427,0.345,0.041,0.3349,0.0398,0.3284,0.039,0.3201,0.038,0.0,0.0,0.0,0.0,0.0,0.0,0.0,0.0,0.0,0.0,0.0,0.0,0.0,0.0,0.0,0.0,0.0,0.0,0.0,0.0,0.0,0.0,0.0,0.0,0.0,0.0,0.0,0.0,0.0,0.0,0.0,0.0,0.0,0.0,0.0,0.492,0.4768
128,0.001,3,10,100,32,16,256,184,440338,73,30,VicregLoss,gru,/home/dpetrovitch/dzagcoffee/train_trace/gender/checkpoints_2025-10-08 10:26:11.109161_VicregLoss_gru_catboost/model_128_0.001_3_10_100_256_32_16_256_VicregLoss_gruepoch=25.ckpt,25,30,0.033661425,10.6424,1.6797,0.0,6.0063,1.0164,1.0163,0.9478,329.7924,27.482,45.4465,3.7871,12.2599,1.0216,11.7909,0.9825,11.4453,0.9538,11.2239,0.9353,10.9416,0.9118,9.3726,1.0757,1.2916,0.1482,0.3484,0.04,0.3351,0.0385,0.3253,0.0373,0.319,0.0366,0.311,0.0357,0.0,0.0,0.0,0.0,0.0,0.0,0.0,0.0,0.0,0.0,0.0,0.0,0.0,0.0,0.0,0.0,0.0,0.0,0.0,0.0,0.0,0.0,0.0,0.0,0.0,0.0,0.0,0.0,0.0,0.0,0.0,0.0,0.0,0.0,0.0,0.532,0.5039
128,0.001,3,10,100,32,16,256,184,440338,73,30,VicregLoss,gru,/home/dpetrovitch/dzagcoffee/train_trace/gender/checkpoints_2025-10-08 10:26:11.109161_VicregLoss_gru_catboost/model_128_0.001_3_10_100_256_32_16_256_VicregLoss_gruepoch=26.ckpt,26,30,0.030183492,10.4557,1.6797,0.0,6.0185,1.0161,1.0161,0.9482,325.9587,27.4731,44.7671,3.7731,12.1168,1.0212,11.6451,0.9815,11.3052,0.9528,11.0852,0.9343,10.8078,0.9109,8.758,1.0169,1.2028,0.1397,0.3256,0.0378,0.3129,0.0363,0.3038,0.0353,0.2978,0.0346,0.2904,0.0337,0.0,0.0,0.0,0.0,0.0,0.0,0.0,0.0,0.0,0.0,0.0,0.0,0.0,0.0,0.0,0.0,0.0,0.0,0.0,0.0,0.0,0.0,0.0,0.0,0.0,0.0,0.0,0.0,0.0,0.0,0.0,0.0,0.0,0.0,0.0,0.468,0.4768
128,0.001,3,10,100,32,16,256,184,440338,73,30,VicregLoss,gru,/home/dpetrovitch/dzagcoffee/train_trace/gender/checkpoints_2025-10-08 10:26:11.109161_VicregLoss_gru_catboost/model_128_0.001_3_10_100_256_32_16_256_VicregLoss_gruepoch=27.ckpt,27,30,0.031793963,10.5465,1.6796,0.0,5.7826,1.0155,1.015,0.9515,327.1301,26.0094,30.6791,2.4392,12.0306,0.9565,11.6216,0.924,11.289,0.8976,11.0876,0.8815,10.8182,0.8601,9.7574,1.0883,0.9151,0.1021,0.3588,0.04,0.3466,0.0387,0.3367,0.0376,0.3307,0.0369,0.3227,0.036,0.0,0.0,0.0,0.0,0.0,0.0,0.0,0.0,0.0,0.0,0.0,0.0,0.0,0.0,0.0,0.0,0.0,0.0,0.0,0.0,0.0,0.0,0.0,0.0,0.0,0.0,0.0,0.0,0.0,0.0,0.0,0.0,0.0,0.0,0.0,0.528,0.486
128,0.001,3,10,100,32,16,256,184,440338,73,30,VicregLoss,gru,/home/dpetrovitch/dzagcoffee/train_trace/gender/checkpoints_2025-10-08 10:26:11.109161_VicregLoss_gru_catboost/model_128_0.001_3_10_100_256_32_16_256_VicregLoss_gruepoch=28.ckpt,28,30,0.027887711,10.1308,1.6797,0.0,5.8699,1.0151,1.0149,0.9531,318.609,25.7482,42.2023,3.4106,11.7347,0.9483,11.3227,0.915,11.0065,0.8895,10.7983,0.8727,10.5342,0.8513,9.9569,1.1319,1.3189,0.1499,0.3667,0.0417,0.3538,0.0402,0.344,0.0391,0.3375,0.0384,0.3292,0.0374,0.0,0.0,0.0,0.0,0.0,0.0,0.0,0.0,0.0,0.0,0.0,0.0,0.0,0.0,0.0,0.0,0.0,0.0,0.0,0.0,0.0,0.0,0.0,0.0,0.0,0.0,0.0,0.0,0.0,0.0,0.0,0.0,0.0,0.0,0.0,0.532,0.4816
128,0.001,3,10,100,32,16,256,184,440338,73,30,VicregLoss,gru,/home/dpetrovitch/dzagcoffee/train_trace/gender/checkpoints_2025-10-08 10:26:11.109161_VicregLoss_gru_catboost/model_128_0.001_3_10_100_256_32_16_256_VicregLoss_gruepoch=29.ckpt,29,30,0.03551175,9.964,1.6796,0.0,5.5836,1.0144,1.0136,0.9551,321.3709,27.6007,29.8732,2.5656,11.6875,1.0038,11.3707,0.9766,11.0707,0.9508,10.8687,0.9335,10.6128,0.9115,10.5454,1.1862,0.9803,0.1103,0.3835,0.0431,0.3731,0.042,0.3633,0.0409,0.3566,0.0401,0.3482,0.0392,0.0,0.0,0.0,0.0,0.0,0.0,0.0,0.0,0.0,0.0,0.0,0.0,0.0,0.0,0.0,0.0,0.0,0.0,0.0,0.0,0.0,0.0,0.0,0.0,0.0,0.0,0.0,0.0,0.0,0.0,0.0,0.0,0.0,0.0,0.0,0.516,0.4768
128,0.001,3,10,100,32,24,256,184,440338,73,30,VicregLoss,gru,/home/dpetrovitch/dzagcoffee/train_trace/gender/checkpoints_2025-10-08 10:26:11.109161_VicregLoss_gru_catboost/model_128_0.001_3_10_100_256_32_24_256_VicregLoss_gruepoch=00.ckpt,0,30,0.04915793,24.4197,1.6654,0.0003,4.2631,1.222,1.2101,0.6087,540.4322,28.028,46.4565,2.4093,33.0433,1.7137,30.2117,1.5668,27.9688,1.4505,26.6936,1.3844,25.1359,1.3036,20.3005,3.1728,1.7451,0.2727,1.2412,0.194,1.1349,0.1774,1.0506,0.1642,1.0027,0.1567,0.9442,0.1476,0.0,0.0,0.0,0.0,0.0,0.0,0.0,0.0,0.0,0.0,0.0,0.0,0.0,0.0,0.0,0.0,0.0,0.0,0.0,0.0,0.0,0.0,0.0,0.0,0.0,0.0,0.0,0.0,0.0,0.0,0.0,0.0,0.0,0.0,0.0,0.536,0.4969
128,0.001,3,10,100,32,24,256,184,440338,73,30,VicregLoss,gru,/home/dpetrovitch/dzagcoffee/train_trace/gender/checkpoints_2025-10-08 10:26:11.109161_VicregLoss_gru_catboost/model_128_0.001_3_10_100_256_32_24_256_VicregLoss_gruepoch=01.ckpt,1,30,0.057681438,27.9688,1.6641,0.0003,4.1104,1.2313,1.2483,0.5806,592.8886,30.2003,54.3495,2.7684,38.9092,1.9819,34.5592,1.7604,31.1783,1.5881,29.3909,1.4971,27.3403,1.3926,26.0689,4.1329,2.3897,0.3789,1.7108,0.2712,1.5195,0.2409,1.3709,0.2173,1.2923,0.2049,1.2021,0.1906,0.0,0.0,0.0,0.0,0.0,0.0,0.0,0.0,0.0,0.0,0.0,0.0,0.0,0.0,0.0,0.0,0.0,0.0,0.0,0.0,0.0,0.0,0.0,0.0,0.0,0.0,0.0,0.0,0.0,0.0,0.0,0.0,0.0,0.0,0.0,0.512,0.4906
128,0.001,3,10,100,32,24,256,184,440338,73,30,VicregLoss,gru,/home/dpetrovitch/dzagcoffee/train_trace/gender/checkpoints_2025-10-08 10:26:11.109161_VicregLoss_gru_catboost/model_128_0.001_3_10_100_256_32_24_256_VicregLoss_gruepoch=02.ckpt,2,30,0.046069767,24.5766,1.6728,0.0003,4.1058,1.1808,1.1829,0.6538,545.2838,28.243,44.2348,2.2911,31.077,1.6096,28.5007,1.4762,26.5037,1.3728,25.3826,1.3147,24.0818,1.2473,22.9826,4.5915,1.8644,0.3725,1.3098,0.2617,1.2012,0.24,1.1171,0.2232,1.0698,0.2137,1.015,0.2028,0.0,0.0,0.0,0.0,0.0,0.0,0.0,0.0,0.0,0.0,0.0,0.0,0.0,0.0,0.0,0.0,0.0,0.0,0.0,0.0,0.0,0.0,0.0,0.0,0.0,0.0,0.0,0.0,0.0,0.0,0.0,0.0,0.0,0.0,0.0,0.544,0.4692
128,0.001,3,10,100,32,24,256,184,440338,73,30,VicregLoss,gru,/home/dpetrovitch/dzagcoffee/train_trace/gender/checkpoints_2025-10-08 10:26:11.109161_VicregLoss_gru_catboost/model_128_0.001_3_10_100_256_32_24_256_VicregLoss_gruepoch=03.ckpt,3,30,0.059244793,28.9697,1.6537,0.0004,3.9181,1.4728,1.4739,0.5009,607.8628,30.6844,48.8672,2.4668,38.6809,1.9526,35.3165,1.7827,32.124,1.6216,30.3239,1.5307,28.1017,1.4186,29.7593,5.6517,2.3924,0.4543,1.8937,0.3596,1.729,0.3284,1.5727,0.2987,1.4846,0.2819,1.3758,0.2613,0.0,0.0,0.0,0.0,0.0,0.0,0.0,0.0,0.0,0.0,0.0,0.0,0.0,0.0,0.0,0.0,0.0,0.0,0.0,0.0,0.0,0.0,0.0,0.0,0.0,0.0,0.0,0.0,0.0,0.0,0.0,0.0,0.0,0.0,0.0,0.548,0.4648
128,0.001,3,10,100,32,24,256,184,440338,73,30,VicregLoss,gru,/home/dpetrovitch/dzagcoffee/train_trace/gender/checkpoints_2025-10-08 10:26:11.109161_VicregLoss_gru_catboost/model_128_0.001_3_10_100_256_32_24_256_VicregLoss_gruepoch=04.ckpt,4,30,0.054854542,26.951,1.6604,0.0004,3.9547,1.3286,1.3305,0.5708,613.9062,31.4912,44.772,2.2966,33.3842,1.7125,30.6685,1.5732,28.4852,1.4612,27.249,1.3978,25.8292,1.3249,28.4275,5.6038,2.0732,0.4087,1.5459,0.3047,1.4201,0.2799,1.319,0.26,1.2618,0.2487,1.196,0.2358,0.0,0.0,0.0,0.0,0.0,0.0,0.0,0.0,0.0,0.0,0.0,0.0,0.0,0.0,0.0,0.0,0.0,0.0,0.0,0.0,0.0,0.0,0.0,0.0,0.0,0.0,0.0,0.0,0.0,0.0,0.0,0.0,0.0,0.0,0.0,0.544,0.4812
128,0.001,3,10,100,32,24,256,184,440338,73,30,VicregLoss,gru,/home/dpetrovitch/dzagcoffee/train_trace/gender/checkpoints_2025-10-08 10:26:11.109161_VicregLoss_gru_catboost/model_128_0.001_3_10_100_256_32_24_256_VicregLoss_gruepoch=05.ckpt,5,30,0.04480623,19.4518,1.6746,1e-04,4.5358,1.1207,1.1415,0.7041,493.0432,28.1807,35.5257,2.0305,23.042,1.317,22.0388,1.2597,21.1031,1.2062,20.5481,1.1745,19.9025,1.1376,18.7988,2.6851,1.3545,0.1935,0.8785,0.1255,0.8403,0.12,0.8046,0.1149,0.7835,0.1119,0.7588,0.1084,0.0,0.0,0.0,0.0,0.0,0.0,0.0,0.0,0.0,0.0,0.0,0.0,0.0,0.0,0.0,0.0,0.0,0.0,0.0,0.0,0.0,0.0,0.0,0.0,0.0,0.0,0.0,0.0,0.0,0.0,0.0,0.0,0.0,0.0,0.0,0.588,0.5215
128,0.001,3,10,100,32,24,256,184,440338,73,30,VicregLoss,gru,/home/dpetrovitch/dzagcoffee/train_trace/gender/checkpoints_2025-10-08 10:26:11.109161_VicregLoss_gru_catboost/model_128_0.001_3_10_100_256_32_24_256_VicregLoss_gruepoch=06.ckpt,6,30,0.029288309,51.6389,1.6412,0.0006,3.9504,1.1982,1.193,0.5595,952.0908,48.5191,89.1683,4.5441,57.6924,2.94,50.9637,2.5971,46.1312,2.3509,43.617,2.2227,40.7358,2.0759,50.5883,5.0259,4.7379,0.4707,3.0654,0.3045,2.7079,0.269,2.4511,0.2435,2.3175,0.2302,2.1645,0.215,0.0,0.0,0.0,0.0,0.0,0.0,0.0,0.0,0.0,0.0,0.0,0.0,0.0,0.0,0.0,0.0,0.0,0.0,0.0,0.0,0.0,0.0,0.0,0.0,0.0,0.0,0.0,0.0,0.0,0.0,0.0,0.0,0.0,0.0,0.0,0.556,0.5229
128,0.001,3,10,100,32,24,256,184,440338,73,30,VicregLoss,gru,/home/dpetrovitch/dzagcoffee/train_trace/gender/checkpoints_2025-10-08 10:26:11.109161_VicregLoss_gru_catboost/model_128_0.001_3_10_100_256_32_24_256_VicregLoss_gruepoch=07.ckpt,7,30,0.02929259,38.3984,1.6538,0.0004,4.1474,1.0942,1.0955,0.7362,788.4864,42.4684,64.5887,3.4788,38.3796,2.0671,35.7358,1.9248,33.7167,1.816,32.5995,1.7558,31.3029,1.686,34.4091,3.7878,2.8186,0.3103,1.6749,0.1844,1.5595,0.1717,1.4714,0.162,1.4226,0.1566,1.366,0.1504,0.0,0.0,0.0,0.0,0.0,0.0,0.0,0.0,0.0,0.0,0.0,0.0,0.0,0.0,0.0,0.0,0.0,0.0,0.0,0.0,0.0,0.0,0.0,0.0,0.0,0.0,0.0,0.0,0.0,0.0,0.0,0.0,0.0,0.0,0.0,0.544,0.4792
128,0.001,3,10,100,32,24,256,184,440338,73,30,VicregLoss,gru,/home/dpetrovitch/dzagcoffee/train_trace/gender/checkpoints_2025-10-08 10:26:11.109161_VicregLoss_gru_catboost/model_128_0.001_3_10_100_256_32_24_256_VicregLoss_gruepoch=08.ckpt,8,30,0.03537041,25.5708,1.6632,0.0002,4.3269,1.0651,1.0448,0.8607,553.6684,30.8926,114.7275,6.4014,23.0446,1.2858,22.1178,1.2341,21.5048,1.1999,21.1638,1.1809,20.6767,1.1537,17.1602,1.6734,3.5558,0.3468,0.7142,0.0697,0.6855,0.0668,0.6665,0.065,0.6559,0.064,0.6408,0.0625,0.0,0.0,0.0,0.0,0.0,0.0,0.0,0.0,0.0,0.0,0.0,0.0,0.0,0.0,0.0,0.0,0.0,0.0,0.0,0.0,0.0,0.0,0.0,0.0,0.0,0.0,0.0,0.0,0.0,0.0,0.0,0.0,0.0,0.0,0.0,0.476,0.4745
128,0.001,3,10,100,32,24,256,184,440338,73,30,VicregLoss,gru,/home/dpetrovitch/dzagcoffee/train_trace/gender/checkpoints_2025-10-08 10:26:11.109161_VicregLoss_gru_catboost/model_128_0.001_3_10_100_256_32_24_256_VicregLoss_gruepoch=09.ckpt,9,30,0.027091043,70.7381,1.6316,0.0013,3.7579,1.5958,1.7268,0.3382,1128.7195,56.9809,121.8123,6.1494,94.1904,4.755,83.0652,4.1934,71.9025,3.6298,65.5392,3.3086,57.6086,2.9082,54.1456,5.5037,5.8434,0.594,4.5184,0.4593,3.9847,0.405,3.4492,0.3506,3.144,0.3196,2.7635,0.2809,0.0,0.0,0.0,0.0,0.0,0.0,0.0,0.0,0.0,0.0,0.0,0.0,0.0,0.0,0.0,0.0,0.0,0.0,0.0,0.0,0.0,0.0,0.0,0.0,0.0,0.0,0.0,0.0,0.0,0.0,0.0,0.0,0.0,0.0,0.0,0.564,0.4981
128,0.001,3,10,100,32,24,256,184,440338,73,30,VicregLoss,gru,/home/dpetrovitch/dzagcoffee/train_trace/gender/checkpoints_2025-10-08 10:26:11.109161_VicregLoss_gru_catboost/model_128_0.001_3_10_100_256_32_24_256_VicregLoss_gruepoch=10.ckpt,10,30,0.024508292,75.5987,1.5865,0.0015,3.6639,1.6673,1.6607,0.2945,1209.205,60.6747,116.9664,5.8691,94.0005,4.7167,83.9031,4.21,72.9892,3.6624,66.9779,3.3608,59.7366,2.9974,60.8122,5.8387,5.8824,0.5648,4.7274,0.4539,4.2196,0.4051,3.6707,0.3524,3.3684,0.3234,3.0042,0.2884,0.0,0.0,0.0,0.0,0.0,0.0,0.0,0.0,0.0,0.0,0.0,0.0,0.0,0.0,0.0,0.0,0.0,0.0,0.0,0.0,0.0,0.0,0.0,0.0,0.0,0.0,0.0,0.0,0.0,0.0,0.0,0.0,0.0,0.0,0.0,0.572,0.5247
128,0.001,3,10,100,32,24,256,184,440338,73,30,VicregLoss,gru,/home/dpetrovitch/dzagcoffee/train_trace/gender/checkpoints_2025-10-08 10:26:11.109161_VicregLoss_gru_catboost/model_128_0.001_3_10_100_256_32_24_256_VicregLoss_gruepoch=11.ckpt,11,30,0.024045711,76.7707,1.6043,0.0016,3.6387,1.6937,1.666,0.2857,1237.2335,62.0292,115.059,5.7685,93.463,4.6858,83.6056,4.1916,72.9247,3.6561,66.9893,3.3585,60.0672,3.0115,69.6678,6.3946,6.4789,0.5947,5.2628,0.4831,4.7078,0.4321,4.1063,0.3769,3.7721,0.3462,3.3823,0.3105,0.0,0.0,0.0,0.0,0.0,0.0,0.0,0.0,0.0,0.0,0.0,0.0,0.0,0.0,0.0,0.0,0.0,0.0,0.0,0.0,0.0,0.0,0.0,0.0,0.0,0.0,0.0,0.0,0.0,0.0,0.0,0.0,0.0,0.0,0.0,0.544,0.5312
128,0.001,3,10,100,32,24,256,184,440338,73,30,VicregLoss,gru,/home/dpetrovitch/dzagcoffee/train_trace/gender/checkpoints_2025-10-08 10:26:11.109161_VicregLoss_gru_catboost/model_128_0.001_3_10_100_256_32_24_256_VicregLoss_gruepoch=12.ckpt,12,30,0.028084738,77.5574,1.6126,0.0017,3.6238,1.6982,1.6678,0.2839,1255.5065,63.0128,114.4152,5.7424,93.1598,4.6756,83.3339,4.1825,72.9294,3.6603,66.8696,3.3561,60.1557,3.0192,69.784,6.4061,6.3595,0.5838,5.178,0.4753,4.6319,0.4252,4.0536,0.3721,3.7168,0.3412,3.3436,0.3069,0.0,0.0,0.0,0.0,0.0,0.0,0.0,0.0,0.0,0.0,0.0,0.0,0.0,0.0,0.0,0.0,0.0,0.0,0.0,0.0,0.0,0.0,0.0,0.0,0.0,0.0,0.0,0.0,0.0,0.0,0.0,0.0,0.0,0.0,0.0,0.532,0.5119
128,0.001,3,10,100,32,24,256,184,440338,73,30,VicregLoss,gru,/home/dpetrovitch/dzagcoffee/train_trace/gender/checkpoints_2025-10-08 10:26:11.109161_VicregLoss_gru_catboost/model_128_0.001_3_10_100_256_32_24_256_VicregLoss_gruepoch=13.ckpt,13,30,0.02538634,77.7816,1.6073,0.0017,3.6111,1.6953,1.6655,0.2857,1270.1194,63.8383,113.9573,5.7277,92.6579,4.6571,82.9922,4.1713,72.7548,3.6568,66.6484,3.3499,60.1697,3.0242,69.5735,6.6056,6.2423,0.5927,5.0755,0.4819,4.5461,0.4316,3.9853,0.3784,3.6508,0.3466,3.2959,0.3129,0.0,0.0,0.0,0.0,0.0,0.0,0.0,0.0,0.0,0.0,0.0,0.0,0.0,0.0,0.0,0.0,0.0,0.0,0.0,0.0,0.0,0.0,0.0,0.0,0.0,0.0,0.0,0.0,0.0,0.0,0.0,0.0,0.0,0.0,0.0,0.544,0.5164
128,0.001,3,10,100,32,24,256,184,440338,73,30,VicregLoss,gru,/home/dpetrovitch/dzagcoffee/train_trace/gender/checkpoints_2025-10-08 10:26:11.109161_VicregLoss_gru_catboost/model_128_0.001_3_10_100_256_32_24_256_VicregLoss_gruepoch=14.ckpt,14,30,0.027258085,77.8295,1.6064,0.0017,3.6042,1.6863,1.6616,0.288,1283.9402,64.5994,113.5578,5.7135,92.2904,4.6434,82.6684,4.1593,72.5352,3.6495,66.5318,3.3474,60.2136,3.0296,67.9005,6.3373,6.0054,0.5605,4.8807,0.4555,4.3719,0.408,3.836,0.358,3.5185,0.3284,3.1844,0.2972,0.0,0.0,0.0,0.0,0.0,0.0,0.0,0.0,0.0,0.0,0.0,0.0,0.0,0.0,0.0,0.0,0.0,0.0,0.0,0.0,0.0,0.0,0.0,0.0,0.0,0.0,0.0,0.0,0.0,0.0,0.0,0.0,0.0,0.0,0.0,0.52,0.5218
128,0.001,3,10,100,32,24,256,184,440338,73,30,VicregLoss,gru,/home/dpetrovitch/dzagcoffee/train_trace/gender/checkpoints_2025-10-08 10:26:11.109161_VicregLoss_gru_catboost/model_128_0.001_3_10_100_256_32_24_256_VicregLoss_gruepoch=15.ckpt,15,30,0.028148986,77.7058,1.595,0.0016,3.6026,1.6766,1.6525,0.2919,1299.2505,65.5245,113.2753,5.7128,92.0231,4.641,82.4141,4.1564,72.3175,3.6472,66.4744,3.3525,60.3286,3.0425,75.0181,6.7609,6.5405,0.5894,5.3134,0.4789,4.7586,0.4289,4.1756,0.3763,3.8382,0.3459,3.4833,0.3139,0.0,0.0,0.0,0.0,0.0,0.0,0.0,0.0,0.0,0.0,0.0,0.0,0.0,0.0,0.0,0.0,0.0,0.0,0.0,0.0,0.0,0.0,0.0,0.0,0.0,0.0,0.0,0.0,0.0,0.0,0.0,0.0,0.0,0.0,0.0,0.532,0.5246
128,0.001,3,10,100,32,24,256,184,440338,73,30,VicregLoss,gru,/home/dpetrovitch/dzagcoffee/train_trace/gender/checkpoints_2025-10-08 10:26:11.109161_VicregLoss_gru_catboost/model_128_0.001_3_10_100_256_32_24_256_VicregLoss_gruepoch=16.ckpt,16,30,0.029999316,77.7208,1.5933,0.0017,3.5959,1.6715,1.6506,0.2934,1307.5052,65.945,112.8729,5.6928,91.6317,4.6215,81.9685,4.1341,72.065,3.6347,66.2718,3.3425,60.1579,3.0341,73.4574,6.8711,6.3414,0.5932,5.148,0.4815,4.6051,0.4308,4.0487,0.3787,3.7232,0.3483,3.3798,0.3161,0.0,0.0,0.0,0.0,0.0,0.0,0.0,0.0,0.0,0.0,0.0,0.0,0.0,0.0,0.0,0.0,0.0,0.0,0.0,0.0,0.0,0.0,0.0,0.0,0.0,0.0,0.0,0.0,0.0,0.0,0.0,0.0,0.0,0.0,0.0,0.556,0.5202
128,0.001,3,10,100,32,24,256,184,440338,73,30,VicregLoss,gru,/home/dpetrovitch/dzagcoffee/train_trace/gender/checkpoints_2025-10-08 10:26:11.109161_VicregLoss_gru_catboost/model_128_0.001_3_10_100_256_32_24_256_VicregLoss_gruepoch=17.ckpt,17,30,0.030037863,77.5118,1.5908,0.0016,3.5928,1.6593,1.6403,0.2969,1315.5553,66.3973,112.275,5.6666,90.9923,4.5925,81.2903,4.1028,71.5554,3.6115,65.9558,3.3288,59.9838,3.0274,70.5679,6.7534,6.0226,0.5764,4.8809,0.4671,4.3605,0.4173,3.8383,0.3673,3.5379,0.3386,3.2176,0.3079,0.0,0.0,0.0,0.0,0.0,0.0,0.0,0.0,0.0,0.0,0.0,0.0,0.0,0.0,0.0,0.0,0.0,0.0,0.0,0.0,0.0,0.0,0.0,0.0,0.0,0.0,0.0,0.0,0.0,0.0,0.0,0.0,0.0,0.0,0.0,0.568,0.5215
128,0.001,3,10,100,32,24,256,184,440338,73,30,VicregLoss,gru,/home/dpetrovitch/dzagcoffee/train_trace/gender/checkpoints_2025-10-08 10:26:11.109161_VicregLoss_gru_catboost/model_128_0.001_3_10_100_256_32_24_256_VicregLoss_gruepoch=18.ckpt,18,30,0.02938682,77.4567,1.5997,0.0016,3.5885,1.6493,1.6319,0.2997,1321.968,66.69,111.8375,5.6419,90.4369,4.5623,80.6994,4.0711,71.0011,3.5818,65.5724,3.308,59.7283,3.0131,72.3138,6.6638,6.1177,0.5638,4.947,0.4559,4.4144,0.4068,3.8839,0.3579,3.5869,0.3305,3.2672,0.3011,0.0,0.0,0.0,0.0,0.0,0.0,0.0,0.0,0.0,0.0,0.0,0.0,0.0,0.0,0.0,0.0,0.0,0.0,0.0,0.0,0.0,0.0,0.0,0.0,0.0,0.0,0.0,0.0,0.0,0.0,0.0,0.0,0.0,0.0,0.0,0.576,0.5339
128,0.001,3,10,100,32,24,256,184,440338,73,30,VicregLoss,gru,/home/dpetrovitch/dzagcoffee/train_trace/gender/checkpoints_2025-10-08 10:26:11.109161_VicregLoss_gru_catboost/model_128_0.001_3_10_100_256_32_24_256_VicregLoss_gruepoch=19.ckpt,19,30,0.026607044,77.203,1.6042,0.0015,3.59,1.6349,1.6185,0.3045,1324.9327,66.9098,110.7062,5.5907,89.215,4.5054,79.584,4.019,70.0787,3.539,64.9423,3.2796,59.274,2.9934,70.0438,6.7104,5.8526,0.5607,4.7164,0.4518,4.2073,0.4031,3.7048,0.3549,3.4332,0.3289,3.1336,0.3002,0.0,0.0,0.0,0.0,0.0,0.0,0.0,0.0,0.0,0.0,0.0,0.0,0.0,0.0,0.0,0.0,0.0,0.0,0.0,0.0,0.0,0.0,0.0,0.0,0.0,0.0,0.0,0.0,0.0,0.0,0.0,0.0,0.0,0.0,0.0,0.524,0.4957
128,0.001,3,10,100,32,24,256,184,440338,73,30,VicregLoss,gru,/home/dpetrovitch/dzagcoffee/train_trace/gender/checkpoints_2025-10-08 10:26:11.109161_VicregLoss_gru_catboost/model_128_0.001_3_10_100_256_32_24_256_VicregLoss_gruepoch=20.ckpt,20,30,0.029836556,76.9572,1.6033,0.0016,3.5917,1.6278,1.6114,0.3076,1325.0627,66.9443,109.9768,5.5562,88.5431,4.4733,78.9667,3.9895,69.5857,3.5156,64.5742,3.2624,58.995,2.9805,70.0045,6.7144,5.8102,0.5573,4.6778,0.4487,4.1719,0.4001,3.6763,0.3526,3.4115,0.3272,3.1168,0.2989,0.0,0.0,0.0,0.0,0.0,0.0,0.0,0.0,0.0,0.0,0.0,0.0,0.0,0.0,0.0,0.0,0.0,0.0,0.0,0.0,0.0,0.0,0.0,0.0,0.0,0.0,0.0,0.0,0.0,0.0,0.0,0.0,0.0,0.0,0.0,0.488,0.4741
128,0.001,3,10,100,32,24,256,184,440338,73,30,VicregLoss,gru,/home/dpetrovitch/dzagcoffee/train_trace/gender/checkpoints_2025-10-08 10:26:11.109161_VicregLoss_gru_catboost/model_128_0.001_3_10_100_256_32_24_256_VicregLoss_gruepoch=21.ckpt,21,30,0.02751936,76.7934,1.6052,0.0016,3.5911,1.6202,1.6046,0.311,1325.3802,66.9701,109.2641,5.521,87.8273,4.4378,78.3441,3.9586,69.0873,3.4909,64.2291,3.2454,58.7439,2.9683,70.0996,6.7139,5.779,0.5535,4.6452,0.4449,4.1436,0.3969,3.654,0.35,3.3971,0.3254,3.107,0.2976,0.0,0.0,0.0,0.0,0.0,0.0,0.0,0.0,0.0,0.0,0.0,0.0,0.0,0.0,0.0,0.0,0.0,0.0,0.0,0.0,0.0,0.0,0.0,0.0,0.0,0.0,0.0,0.0,0.0,0.0,0.0,0.0,0.0,0.0,0.0,0.508,0.5013
128,0.001,3,10,100,32,24,256,184,440338,73,30,VicregLoss,gru,/home/dpetrovitch/dzagcoffee/train_trace/gender/checkpoints_2025-10-08 10:26:11.109161_VicregLoss_gru_catboost/model_128_0.001_3_10_100_256_32_24_256_VicregLoss_gruepoch=22.ckpt,22,30,0.030282004,76.5572,1.6068,0.0016,3.5913,1.613,1.5978,0.3147,1323.7954,66.8629,108.3074,5.4704,87.0366,4.3961,77.5597,3.9174,68.4646,3.458,63.7269,3.2187,58.3798,2.9487,70.3541,6.7039,5.7561,0.5485,4.6256,0.4408,4.122,0.3928,3.6386,0.3467,3.3868,0.3227,3.1026,0.2956,0.0,0.0,0.0,0.0,0.0,0.0,0.0,0.0,0.0,0.0,0.0,0.0,0.0,0.0,0.0,0.0,0.0,0.0,0.0,0.0,0.0,0.0,0.0,0.0,0.0,0.0,0.0,0.0,0.0,0.0,0.0,0.0,0.0,0.0,0.0,0.52,0.4781
128,0.001,3,10,100,32,24,256,184,440338,73,30,VicregLoss,gru,/home/dpetrovitch/dzagcoffee/train_trace/gender/checkpoints_2025-10-08 10:26:11.109161_VicregLoss_gru_catboost/model_128_0.001_3_10_100_256_32_24_256_VicregLoss_gruepoch=23.ckpt,23,30,0.033293072,76.2822,1.6105,0.0016,3.5929,1.6017,1.5873,0.3195,1321.1598,66.7817,107.2282,5.4201,85.9066,4.3424,76.6012,3.872,67.7046,3.4223,63.1064,3.1899,57.9692,2.9302,70.5691,6.7969,5.7275,0.5517,4.5887,0.442,4.0916,0.3941,3.6164,0.3483,3.3708,0.3247,3.0964,0.2982,0.0,0.0,0.0,0.0,0.0,0.0,0.0,0.0,0.0,0.0,0.0,0.0,0.0,0.0,0.0,0.0,0.0,0.0,0.0,0.0,0.0,0.0,0.0,0.0,0.0,0.0,0.0,0.0,0.0,0.0,0.0,0.0,0.0,0.0,0.0,0.544,0.5233
128,0.001,3,10,100,32,24,256,184,440338,73,30,VicregLoss,gru,/home/dpetrovitch/dzagcoffee/train_trace/gender/checkpoints_2025-10-08 10:26:11.109161_VicregLoss_gru_catboost/model_128_0.001_3_10_100_256_32_24_256_VicregLoss_gruepoch=24.ckpt,24,30,0.029956482,75.8787,1.6129,0.0015,3.5978,1.5914,1.5773,0.3242,1320.4202,66.8881,106.1556,5.3775,84.9785,4.3047,75.7598,3.8377,67.0973,3.3989,62.5728,3.1697,57.6455,2.9201,73.2869,6.8804,5.8919,0.5532,4.7165,0.4428,4.2049,0.3948,3.7241,0.3496,3.473,0.3261,3.1995,0.3004,0.0,0.0,0.0,0.0,0.0,0.0,0.0,0.0,0.0,0.0,0.0,0.0,0.0,0.0,0.0,0.0,0.0,0.0,0.0,0.0,0.0,0.0,0.0,0.0,0.0,0.0,0.0,0.0,0.0,0.0,0.0,0.0,0.0,0.0,0.0,0.544,0.514
128,0.001,3,10,100,32,24,256,184,440338,73,30,VicregLoss,gru,/home/dpetrovitch/dzagcoffee/train_trace/gender/checkpoints_2025-10-08 10:26:11.109161_VicregLoss_gru_catboost/model_128_0.001_3_10_100_256_32_24_256_VicregLoss_gruepoch=25.ckpt,25,30,0.030260587,75.2771,1.6141,0.0014,3.6047,1.578,1.5642,0.3294,1319.7666,67.0386,105.0829,5.3378,84.009,4.2673,74.7089,3.7949,66.3108,3.3683,61.95,3.1468,57.2661,2.9089,68.7132,6.5644,5.4711,0.5227,4.3739,0.4179,3.8897,0.3716,3.4524,0.3298,3.2254,0.3081,2.9815,0.2848,0.0,0.0,0.0,0.0,0.0,0.0,0.0,0.0,0.0,0.0,0.0,0.0,0.0,0.0,0.0,0.0,0.0,0.0,0.0,0.0,0.0,0.0,0.0,0.0,0.0,0.0,0.0,0.0,0.0,0.0,0.0,0.0,0.0,0.0,0.0,0.516,0.5077
128,0.001,3,10,100,32,24,256,184,440338,73,30,VicregLoss,gru,/home/dpetrovitch/dzagcoffee/train_trace/gender/checkpoints_2025-10-08 10:26:11.109161_VicregLoss_gru_catboost/model_128_0.001_3_10_100_256_32_24_256_VicregLoss_gruepoch=26.ckpt,26,30,0.030813118,74.8681,1.6201,0.0015,3.6066,1.5677,1.5548,0.3346,1315.9167,66.9328,103.7139,5.2753,82.9216,4.2177,73.5045,3.7387,65.3974,3.3264,61.2002,3.1129,56.7663,2.8874,64.7034,6.1284,5.0996,0.483,4.0772,0.3862,3.6142,0.3423,3.2156,0.3046,3.0092,0.285,2.7912,0.2644,0.0,0.0,0.0,0.0,0.0,0.0,0.0,0.0,0.0,0.0,0.0,0.0,0.0,0.0,0.0,0.0,0.0,0.0,0.0,0.0,0.0,0.0,0.0,0.0,0.0,0.0,0.0,0.0,0.0,0.0,0.0,0.0,0.0,0.0,0.0,0.556,0.5117
128,0.001,3,10,100,32,24,256,184,440338,73,30,VicregLoss,gru,/home/dpetrovitch/dzagcoffee/train_trace/gender/checkpoints_2025-10-08 10:26:11.109161_VicregLoss_gru_catboost/model_128_0.001_3_10_100_256_32_24_256_VicregLoss_gruepoch=27.ckpt,27,30,0.03213233,73.9659,1.6187,0.0015,3.6135,1.5527,1.5402,0.3408,1312.9631,67.0072,102.2636,5.219,81.5389,4.1613,72.2023,3.6848,64.416,3.2875,60.4627,3.0857,56.3164,2.8741,63.2721,5.7763,4.9281,0.4499,3.9294,0.3587,3.4794,0.3177,3.1042,0.2834,2.9137,0.266,2.7139,0.2478,0.0,0.0,0.0,0.0,0.0,0.0,0.0,0.0,0.0,0.0,0.0,0.0,0.0,0.0,0.0,0.0,0.0,0.0,0.0,0.0,0.0,0.0,0.0,0.0,0.0,0.0,0.0,0.0,0.0,0.0,0.0,0.0,0.0,0.0,0.0,0.544,0.5008
128,0.001,3,10,100,32,24,256,184,440338,73,30,VicregLoss,gru,/home/dpetrovitch/dzagcoffee/train_trace/gender/checkpoints_2025-10-08 10:26:11.109161_VicregLoss_gru_catboost/model_128_0.001_3_10_100_256_32_24_256_VicregLoss_gruepoch=28.ckpt,28,30,0.033965528,73.1176,1.6256,0.0014,3.6158,1.5315,1.5189,0.3493,1308.6782,67.0818,100.9358,5.1739,79.7994,4.0905,70.7262,3.6254,63.2475,3.242,59.6159,3.0559,55.7667,2.8586,63.3324,5.9522,4.8847,0.4591,3.8618,0.3629,3.4227,0.3217,3.0608,0.2877,2.8851,0.2711,2.6988,0.2536,0.0,0.0,0.0,0.0,0.0,0.0,0.0,0.0,0.0,0.0,0.0,0.0,0.0,0.0,0.0,0.0,0.0,0.0,0.0,0.0,0.0,0.0,0.0,0.0,0.0,0.0,0.0,0.0,0.0,0.0,0.0,0.0,0.0,0.0,0.0,0.54,0.5234
128,0.001,3,10,100,32,24,256,184,440338,73,30,VicregLoss,gru,/home/dpetrovitch/dzagcoffee/train_trace/gender/checkpoints_2025-10-08 10:26:11.109161_VicregLoss_gru_catboost/model_128_0.001_3_10_100_256_32_24_256_VicregLoss_gruepoch=29.ckpt,29,30,0.03394411,72.3998,1.6266,0.0014,3.6184,1.5102,1.4973,0.3588,1303.6201,66.9999,99.5365,5.1157,77.9624,4.0069,69.0179,3.5472,62.0708,3.1901,58.8352,3.0238,55.276,2.8409,62.9272,6.0645,4.8047,0.463,3.7633,0.3627,3.3316,0.3211,2.9962,0.2888,2.84,0.2737,2.6682,0.2571,0.0,0.0,0.0,0.0,0.0,0.0,0.0,0.0,0.0,0.0,0.0,0.0,0.0,0.0,0.0,0.0,0.0,0.0,0.0,0.0,0.0,0.0,0.0,0.0,0.0,0.0,0.0,0.0,0.0,0.0,0.0,0.0,0.0,0.0,0.0,0.54,0.5017
128,0.001,3,10,100,32,32,256,184,440338,73,30,VicregLoss,gru,/home/dpetrovitch/dzagcoffee/train_trace/gender/checkpoints_2025-10-08 10:26:11.109161_VicregLoss_gru_catboost/model_128_0.001_3_10_100_256_32_32_256_VicregLoss_gruepoch=00.ckpt,0,30,0.039645012,14.5598,1.6746,1e-04,4.6634,1.0984,1.0658,0.7774,353.5769,21.1095,23.9258,1.4284,14.8879,0.8888,14.4581,0.8632,14.1623,0.8455,14.0102,0.8364,13.8217,0.8252,9.4757,0.9616,0.6412,0.0651,0.399,0.0405,0.3875,0.0393,0.3795,0.0385,0.3755,0.0381,0.3704,0.0376,0.0,0.0,0.0,0.0,0.0,0.0,0.0,0.0,0.0,0.0,0.0,0.0,0.0,0.0,0.0,0.0,0.0,0.0,0.0,0.0,0.0,0.0,0.0,0.0,0.0,0.0,0.0,0.0,0.0,0.0,0.0,0.0,0.0,0.0,0.0,0.572,0.4999
128,0.001,3,10,100,32,32,256,184,440338,73,30,VicregLoss,gru,/home/dpetrovitch/dzagcoffee/train_trace/gender/checkpoints_2025-10-08 10:26:11.109161_VicregLoss_gru_catboost/model_128_0.001_3_10_100_256_32_32_256_VicregLoss_gruepoch=01.ckpt,1,30,0.042549,10.6911,1.6769,1e-04,4.8734,1.0325,1.0236,0.8929,294.7294,19.4719,18.4856,1.2213,10.6379,0.7028,10.4079,0.6876,10.2296,0.6758,10.1417,0.67,10.0271,0.6625,7.6341,0.8483,0.4788,0.0532,0.2755,0.0306,0.2696,0.03,0.265,0.0294,0.2627,0.0292,0.2597,0.0289,0.0,0.0,0.0,0.0,0.0,0.0,0.0,0.0,0.0,0.0,0.0,0.0,0.0,0.0,0.0,0.0,0.0,0.0,0.0,0.0,0.0,0.0,0.0,0.0,0.0,0.0,0.0,0.0,0.0,0.0,0.0,0.0,0.0,0.0,0.0,0.544,0.4979
128,0.001,3,10,100,32,32,256,184,440338,73,30,VicregLoss,gru,/home/dpetrovitch/dzagcoffee/train_trace/gender/checkpoints_2025-10-08 10:26:11.109161_VicregLoss_gru_catboost/model_128_0.001_3_10_100_256_32_32_256_VicregLoss_gruepoch=02.ckpt,2,30,0.040595874,15.3437,1.6601,1e-04,4.6337,1.078,1.0548,0.7976,385.7292,24.4308,22.4067,1.4192,14.5889,0.924,14.108,0.8936,13.8013,0.8741,13.6657,0.8655,13.4936,0.8546,12.4653,2.2888,0.7241,0.133,0.4715,0.0866,0.4559,0.0837,0.446,0.0819,0.4416,0.0811,0.4361,0.0801,0.0,0.0,0.0,0.0,0.0,0.0,0.0,0.0,0.0,0.0,0.0,0.0,0.0,0.0,0.0,0.0,0.0,0.0,0.0,0.0,0.0,0.0,0.0,0.0,0.0,0.0,0.0,0.0,0.0,0.0,0.0,0.0,0.0,0.0,0.0,0.544,0.5428
128,0.001,3,10,100,32,32,256,184,440338,73,30,VicregLoss,gru,/home/dpetrovitch/dzagcoffee/train_trace/gender/checkpoints_2025-10-08 10:26:11.109161_VicregLoss_gru_catboost/model_128_0.001_3_10_100_256_32_32_256_VicregLoss_gruepoch=03.ckpt,3,30,0.038582783,27.3828,1.6676,0.0002,4.5738,1.2036,1.2435,0.5969,607.9665,33.5694,41.8752,2.3122,30.7227,1.6964,27.7192,1.5305,24.5874,1.3576,23.368,1.2903,22.3396,1.2335,23.9689,4.0281,1.6509,0.2774,1.2112,0.2036,1.0928,0.1837,0.9694,0.1629,0.9213,0.1548,0.8807,0.148,0.0,0.0,0.0,0.0,0.0,0.0,0.0,0.0,0.0,0.0,0.0,0.0,0.0,0.0,0.0,0.0,0.0,0.0,0.0,0.0,0.0,0.0,0.0,0.0,0.0,0.0,0.0,0.0,0.0,0.0,0.0,0.0,0.0,0.0,0.0,0.536,0.4934
128,0.001,3,10,100,32,32,256,184,440338,73,30,VicregLoss,gru,/home/dpetrovitch/dzagcoffee/train_trace/gender/checkpoints_2025-10-08 10:26:11.109161_VicregLoss_gru_catboost/model_128_0.001_3_10_100_256_32_32_256_VicregLoss_gruepoch=04.ckpt,4,30,0.04155102,28.4353,1.6695,0.0002,4.3889,1.1623,1.1536,0.6291,617.7635,35.3934,40.9761,2.3476,29.8727,1.7115,25.7119,1.4731,23.5185,1.3474,22.8364,1.3084,22.1575,1.2695,20.7243,2.6062,1.3746,0.1729,1.0021,0.126,0.8626,0.1085,0.789,0.0992,0.7661,0.0963,0.7433,0.0935,0.0,0.0,0.0,0.0,0.0,0.0,0.0,0.0,0.0,0.0,0.0,0.0,0.0,0.0,0.0,0.0,0.0,0.0,0.0,0.0,0.0,0.0,0.0,0.0,0.0,0.0,0.0,0.0,0.0,0.0,0.0,0.0,0.0,0.0,0.0,0.588,0.5583
128,0.001,3,10,100,32,32,256,184,440338,73,30,VicregLoss,gru,/home/dpetrovitch/dzagcoffee/train_trace/gender/checkpoints_2025-10-08 10:26:11.109161_VicregLoss_gru_catboost/model_128_0.001_3_10_100_256_32_32_256_VicregLoss_gruepoch=05.ckpt,5,30,0.04244192,28.2462,1.6674,0.0002,4.5924,1.1367,1.107,0.6947,623.5854,36.2561,44.7331,2.6008,28.8289,1.6762,26.2857,1.5283,24.5907,1.4297,23.798,1.3836,22.9157,1.3323,24.6583,4.346,1.7689,0.3118,1.14,0.2009,1.0394,0.1832,0.9724,0.1714,0.941,0.1659,0.9061,0.1597,0.0,0.0,0.0,0.0,0.0,0.0,0.0,0.0,0.0,0.0,0.0,0.0,0.0,0.0,0.0,0.0,0.0,0.0,0.0,0.0,0.0,0.0,0.0,0.0,0.0,0.0,0.0,0.0,0.0,0.0,0.0,0.0,0.0,0.0,0.0,0.564,0.5363
128,0.001,3,10,100,32,32,256,184,440338,73,30,VicregLoss,gru,/home/dpetrovitch/dzagcoffee/train_trace/gender/checkpoints_2025-10-08 10:26:11.109161_VicregLoss_gru_catboost/model_128_0.001_3_10_100_256_32_32_256_VicregLoss_gruepoch=06.ckpt,6,30,0.030817399,34.4305,1.6647,0.0002,4.4947,1.1714,1.1672,0.6089,723.5177,42.3349,50.9629,2.982,34.5139,2.0195,31.1044,1.82,28.4914,1.6671,27.4007,1.6033,26.0298,1.5231,30.0657,5.6487,2.1178,0.3979,1.4342,0.2695,1.2925,0.2428,1.184,0.2224,1.1386,0.2139,1.0817,0.2032,0.0,0.0,0.0,0.0,0.0,0.0,0.0,0.0,0.0,0.0,0.0,0.0,0.0,0.0,0.0,0.0,0.0,0.0,0.0,0.0,0.0,0.0,0.0,0.0,0.0,0.0,0.0,0.0,0.0,0.0,0.0,0.0,0.0,0.0,0.0,0.572,0.5811
128,0.001,3,10,100,32,32,256,184,440338,73,30,VicregLoss,gru,/home/dpetrovitch/dzagcoffee/train_trace/gender/checkpoints_2025-10-08 10:26:11.109161_VicregLoss_gru_catboost/model_128_0.001_3_10_100_256_32_32_256_VicregLoss_gruepoch=07.ckpt,7,30,0.04331997,24.6695,1.6727,1e-04,4.9744,1.0917,1.0886,0.7696,590.9622,37.4101,39.4115,2.4949,24.4905,1.5503,22.5303,1.4263,21.5011,1.3611,20.9337,1.3252,20.3679,1.2894,24.968,5.4892,1.6651,0.3661,1.0347,0.2275,0.9519,0.2093,0.9084,0.1997,0.8844,0.1944,0.8605,0.1892,0.0,0.0,0.0,0.0,0.0,0.0,0.0,0.0,0.0,0.0,0.0,0.0,0.0,0.0,0.0,0.0,0.0,0.0,0.0,0.0,0.0,0.0,0.0,0.0,0.0,0.0,0.0,0.0,0.0,0.0,0.0,0.0,0.0,0.0,0.0,0.544,0.5489
128,0.001,3,10,100,32,32,256,184,440338,73,30,VicregLoss,gru,/home/dpetrovitch/dzagcoffee/train_trace/gender/checkpoints_2025-10-08 10:26:11.109161_VicregLoss_gru_catboost/model_128_0.001_3_10_100_256_32_32_256_VicregLoss_gruepoch=08.ckpt,8,30,0.038420025,17.5505,1.6776,1e-04,4.9254,1.0497,1.0489,0.8849,480.4799,31.9318,54.5049,3.6223,17.601,1.1697,16.8774,1.1216,16.3515,1.0867,16.1229,1.0715,15.8567,1.0538,16.8137,2.5267,1.9073,0.2866,0.6159,0.0926,0.5906,0.0888,0.5722,0.086,0.5642,0.0848,0.5549,0.0834,0.0,0.0,0.0,0.0,0.0,0.0,0.0,0.0,0.0,0.0,0.0,0.0,0.0,0.0,0.0,0.0,0.0,0.0,0.0,0.0,0.0,0.0,0.0,0.0,0.0,0.0,0.0,0.0,0.0,0.0,0.0,0.0,0.0,0.0,0.0,0.552,0.5387
128,0.001,3,10,100,32,32,256,184,440338,73,30,VicregLoss,gru,/home/dpetrovitch/dzagcoffee/train_trace/gender/checkpoints_2025-10-08 10:26:11.109161_VicregLoss_gru_catboost/model_128_0.001_3_10_100_256_32_32_256_VicregLoss_gruepoch=09.ckpt,9,30,0.03791461,22.6013,1.6773,1e-04,5.1605,1.0777,1.0766,0.7971,538.2532,36.7521,34.909,2.3836,21.3848,1.4602,19.7584,1.3491,18.9107,1.2912,18.5565,1.267,18.0678,1.2337,18.6836,3.9405,1.2117,0.2556,0.7423,0.1566,0.6858,0.1446,0.6564,0.1384,0.6441,0.1358,0.6272,0.1323,0.0,0.0,0.0,0.0,0.0,0.0,0.0,0.0,0.0,0.0,0.0,0.0,0.0,0.0,0.0,0.0,0.0,0.0,0.0,0.0,0.0,0.0,0.0,0.0,0.0,0.0,0.0,0.0,0.0,0.0,0.0,0.0,0.0,0.0,0.0,0.568,0.5646
128,0.001,3,10,100,32,32,256,184,440338,73,30,VicregLoss,gru,/home/dpetrovitch/dzagcoffee/train_trace/gender/checkpoints_2025-10-08 10:26:11.109161_VicregLoss_gru_catboost/model_128_0.001_3_10_100_256_32_32_256_VicregLoss_gruepoch=10.ckpt,10,30,0.03698088,18.276,1.6786,1e-04,5.2179,1.0564,1.0554,0.8511,468.2705,32.5034,34.3384,2.3835,17.8281,1.2375,16.7348,1.1616,16.1426,1.1205,15.8518,1.1003,15.5386,1.0786,19.017,6.1585,1.3945,0.4516,0.724,0.2345,0.6796,0.2201,0.6556,0.2123,0.6438,0.2085,0.631,0.2044,0.0,0.0,0.0,0.0,0.0,0.0,0.0,0.0,0.0,0.0,0.0,0.0,0.0,0.0,0.0,0.0,0.0,0.0,0.0,0.0,0.0,0.0,0.0,0.0,0.0,0.0,0.0,0.0,0.0,0.0,0.0,0.0,0.0,0.0,0.0,0.56,0.5359
128,0.001,3,10,100,32,32,256,184,440338,73,30,VicregLoss,gru,/home/dpetrovitch/dzagcoffee/train_trace/gender/checkpoints_2025-10-08 10:26:11.109161_VicregLoss_gru_catboost/model_128_0.001_3_10_100_256_32_32_256_VicregLoss_gruepoch=11.ckpt,11,30,0.035490338,17.6375,1.6797,0.0,8.0476,1.0956,1.1335,0.8105,479.1266,33.707,51.8809,3.6499,19.5549,1.3757,17.8753,1.2575,17.1121,1.2039,16.7169,1.1761,16.2953,1.1464,13.9179,2.7009,1.5071,0.2925,0.568,0.1102,0.5193,0.1008,0.4971,0.0965,0.4856,0.0942,0.4734,0.0919,0.0,0.0,0.0,0.0,0.0,0.0,0.0,0.0,0.0,0.0,0.0,0.0,0.0,0.0,0.0,0.0,0.0,0.0,0.0,0.0,0.0,0.0,0.0,0.0,0.0,0.0,0.0,0.0,0.0,0.0,0.0,0.0,0.0,0.0,0.0,0.552,0.5312
128,0.001,3,10,100,32,32,256,184,440338,73,30,VicregLoss,gru,/home/dpetrovitch/dzagcoffee/train_trace/gender/checkpoints_2025-10-08 10:26:11.109161_VicregLoss_gru_catboost/model_128_0.001_3_10_100_256_32_32_256_VicregLoss_gruepoch=12.ckpt,12,30,0.03372567,20.771,1.6793,1e-04,5.0641,1.0531,1.0513,0.8721,535.8011,34.932,54.965,3.5835,19.6491,1.281,18.7735,1.224,18.1103,1.1807,17.838,1.163,17.5405,1.1436,16.0838,3.9826,1.65,0.4086,0.5898,0.1461,0.5635,0.1395,0.5436,0.1346,0.5355,0.1326,0.5265,0.1304,0.0,0.0,0.0,0.0,0.0,0.0,0.0,0.0,0.0,0.0,0.0,0.0,0.0,0.0,0.0,0.0,0.0,0.0,0.0,0.0,0.0,0.0,0.0,0.0,0.0,0.0,0.0,0.0,0.0,0.0,0.0,0.0,0.0,0.0,0.0,0.556,0.576
128,0.001,3,10,100,32,32,256,184,440338,73,30,VicregLoss,gru,/home/dpetrovitch/dzagcoffee/train_trace/gender/checkpoints_2025-10-08 10:26:11.109161_VicregLoss_gru_catboost/model_128_0.001_3_10_100_256_32_32_256_VicregLoss_gruepoch=13.ckpt,13,30,0.040351734,24.8236,1.6777,1e-04,5.0502,1.0657,1.0659,0.8288,607.097,38.104,57.8273,3.6295,23.3338,1.4645,21.9928,1.3804,20.8855,1.3109,20.4726,1.2849,20.0579,1.2589,20.8592,2.8466,1.9869,0.2711,0.8017,0.1094,0.7556,0.1031,0.7176,0.0979,0.7034,0.096,0.6892,0.094,0.0,0.0,0.0,0.0,0.0,0.0,0.0,0.0,0.0,0.0,0.0,0.0,0.0,0.0,0.0,0.0,0.0,0.0,0.0,0.0,0.0,0.0,0.0,0.0,0.0,0.0,0.0,0.0,0.0,0.0,0.0,0.0,0.0,0.0,0.0,0.58,0.5805
128,0.001,3,10,100,32,32,256,184,440338,73,30,VicregLoss,gru,/home/dpetrovitch/dzagcoffee/train_trace/gender/checkpoints_2025-10-08 10:26:11.109161_VicregLoss_gru_catboost/model_128_0.001_3_10_100_256_32_32_256_VicregLoss_gruepoch=14.ckpt,14,30,0.03820158,24.6103,1.6753,1e-04,4.9165,1.0601,1.0609,0.8399,595.9458,36.778,58.881,3.6338,22.8456,1.4099,21.4736,1.3252,20.4267,1.2606,20.0293,1.2361,19.6454,1.2124,17.7973,2.1845,1.7584,0.2158,0.6823,0.0837,0.6413,0.0787,0.61,0.0749,0.5982,0.0734,0.5867,0.072,0.0,0.0,0.0,0.0,0.0,0.0,0.0,0.0,0.0,0.0,0.0,0.0,0.0,0.0,0.0,0.0,0.0,0.0,0.0,0.0,0.0,0.0,0.0,0.0,0.0,0.0,0.0,0.0,0.0,0.0,0.0,0.0,0.0,0.0,0.0,0.58,0.5396
128,0.001,3,10,100,32,32,256,184,440338,73,30,VicregLoss,gru,/home/dpetrovitch/dzagcoffee/train_trace/gender/checkpoints_2025-10-08 10:26:11.109161_VicregLoss_gru_catboost/model_128_0.001_3_10_100_256_32_32_256_VicregLoss_gruepoch=15.ckpt,15,30,0.039910566,24.1982,1.6787,1e-04,5.0456,1.0686,1.0679,0.8253,581.4084,38.1117,41.0481,2.6907,22.2647,1.4595,20.9888,1.3758,20.0463,1.314,19.659,1.2887,19.29,1.2645,17.4117,4.3315,1.2293,0.3058,0.6668,0.1659,0.6286,0.1564,0.6003,0.1493,0.5887,0.1465,0.5777,0.1437,0.0,0.0,0.0,0.0,0.0,0.0,0.0,0.0,0.0,0.0,0.0,0.0,0.0,0.0,0.0,0.0,0.0,0.0,0.0,0.0,0.0,0.0,0.0,0.0,0.0,0.0,0.0,0.0,0.0,0.0,0.0,0.0,0.0,0.0,0.0,0.564,0.555
128,0.001,3,10,100,32,32,256,184,440338,73,30,VicregLoss,gru,/home/dpetrovitch/dzagcoffee/train_trace/gender/checkpoints_2025-10-08 10:26:11.109161_VicregLoss_gru_catboost/model_128_0.001_3_10_100_256_32_32_256_VicregLoss_gruepoch=16.ckpt,16,30,0.04379112,25.4007,1.678,1e-04,5.1149,1.0812,1.0806,0.7919,583.5471,38.5282,35.8108,2.3644,22.6678,1.4966,21.1444,1.396,20.2887,1.3395,19.8585,1.3111,19.4532,1.2844,18.8791,4.7749,1.1586,0.293,0.7334,0.1855,0.6841,0.173,0.6564,0.166,0.6425,0.1625,0.6294,0.1592,0.0,0.0,0.0,0.0,0.0,0.0,0.0,0.0,0.0,0.0,0.0,0.0,0.0,0.0,0.0,0.0,0.0,0.0,0.0,0.0,0.0,0.0,0.0,0.0,0.0,0.0,0.0,0.0,0.0,0.0,0.0,0.0,0.0,0.0,0.0,0.572,0.5745
128,0.001,3,10,100,32,32,256,184,440338,73,30,VicregLoss,gru,/home/dpetrovitch/dzagcoffee/train_trace/gender/checkpoints_2025-10-08 10:26:11.109161_VicregLoss_gru_catboost/model_128_0.001_3_10_100_256_32_32_256_VicregLoss_gruepoch=17.ckpt,17,30,0.036916632,17.752,1.6789,1e-04,4.9719,1.0366,1.0333,0.9186,455.1478,33.4403,94.1789,6.9194,15.8338,1.1633,15.4136,1.1325,15.1365,1.1121,14.9708,1.0999,14.7728,1.0854,15.2097,4.0524,3.1472,0.8385,0.5291,0.141,0.5151,0.1372,0.5058,0.1348,0.5003,0.1333,0.4937,0.1315,0.0,0.0,0.0,0.0,0.0,0.0,0.0,0.0,0.0,0.0,0.0,0.0,0.0,0.0,0.0,0.0,0.0,0.0,0.0,0.0,0.0,0.0,0.0,0.0,0.0,0.0,0.0,0.0,0.0,0.0,0.0,0.0,0.0,0.0,0.0,0.52,0.5058
128,0.001,3,10,100,32,32,256,184,440338,73,30,VicregLoss,gru,/home/dpetrovitch/dzagcoffee/train_trace/gender/checkpoints_2025-10-08 10:26:11.109161_VicregLoss_gru_catboost/model_128_0.001_3_10_100_256_32_32_256_VicregLoss_gruepoch=18.ckpt,18,30,0.03977779,18.2367,1.6788,1e-04,5.0849,1.0361,1.0352,0.9109,469.6182,34.6293,70.7789,5.2192,16.3764,1.2076,15.9061,1.1729,15.5191,1.1444,15.3484,1.1318,15.1476,1.117,13.6881,4.1905,2.063,0.6316,0.4773,0.1461,0.4636,0.1419,0.4523,0.1385,0.4474,0.137,0.4415,0.1352,0.0,0.0,0.0,0.0,0.0,0.0,0.0,0.0,0.0,0.0,0.0,0.0,0.0,0.0,0.0,0.0,0.0,0.0,0.0,0.0,0.0,0.0,0.0,0.0,0.0,0.0,0.0,0.0,0.0,0.0,0.0,0.0,0.0,0.0,0.0,0.576,0.5582
128,0.001,3,10,100,32,32,256,184,440338,73,30,VicregLoss,gru,/home/dpetrovitch/dzagcoffee/train_trace/gender/checkpoints_2025-10-08 10:26:11.109161_VicregLoss_gru_catboost/model_128_0.001_3_10_100_256_32_32_256_VicregLoss_gruepoch=19.ckpt,19,30,0.04088713,20.7796,1.6785,1e-04,5.02,1.0449,1.0447,0.8757,500.9709,33.3872,50.4823,3.3644,17.7908,1.1857,17.2162,1.1474,16.6616,1.1104,16.4418,1.0958,16.2093,1.0803,10.7399,1.7463,1.0822,0.176,0.3814,0.062,0.3691,0.06,0.3572,0.0581,0.3525,0.0573,0.3475,0.0565,0.0,0.0,0.0,0.0,0.0,0.0,0.0,0.0,0.0,0.0,0.0,0.0,0.0,0.0,0.0,0.0,0.0,0.0,0.0,0.0,0.0,0.0,0.0,0.0,0.0,0.0,0.0,0.0,0.0,0.0,0.0,0.0,0.0,0.0,0.0,0.552,0.5688
128,0.001,3,10,100,32,32,256,184,440338,73,30,VicregLoss,gru,/home/dpetrovitch/dzagcoffee/train_trace/gender/checkpoints_2025-10-08 10:26:11.109161_VicregLoss_gru_catboost/model_128_0.001_3_10_100_256_32_32_256_VicregLoss_gruepoch=20.ckpt,20,30,0.04073722,22.0481,1.6785,1e-04,4.979,1.0478,1.048,0.865,514.3717,35.0302,50.1705,3.4168,18.34,1.249,17.681,1.2041,17.1303,1.1666,16.9086,1.1515,16.6652,1.1349,12.6119,2.3178,1.2301,0.2261,0.4497,0.0826,0.4335,0.0797,0.42,0.0772,0.4146,0.0762,0.4086,0.0751,0.0,0.0,0.0,0.0,0.0,0.0,0.0,0.0,0.0,0.0,0.0,0.0,0.0,0.0,0.0,0.0,0.0,0.0,0.0,0.0,0.0,0.0,0.0,0.0,0.0,0.0,0.0,0.0,0.0,0.0,0.0,0.0,0.0,0.0,0.0,0.536,0.503
128,0.001,3,10,100,32,32,256,184,440338,73,30,VicregLoss,gru,/home/dpetrovitch/dzagcoffee/train_trace/gender/checkpoints_2025-10-08 10:26:11.109161_VicregLoss_gru_catboost/model_128_0.001_3_10_100_256_32_32_256_VicregLoss_gruepoch=21.ckpt,21,30,0.042060718,22.3396,1.6785,1e-04,5.0892,1.0534,1.0525,0.8599,527.8704,35.6385,37.7823,2.5508,19.0624,1.287,18.3173,1.2367,17.659,1.1922,17.413,1.1756,17.1568,1.1583,12.3239,1.6982,0.8821,0.1215,0.445,0.0613,0.4276,0.0589,0.4123,0.0568,0.4065,0.056,0.4006,0.0552,0.0,0.0,0.0,0.0,0.0,0.0,0.0,0.0,0.0,0.0,0.0,0.0,0.0,0.0,0.0,0.0,0.0,0.0,0.0,0.0,0.0,0.0,0.0,0.0,0.0,0.0,0.0,0.0,0.0,0.0,0.0,0.0,0.0,0.0,0.0,0.56,0.5683
128,0.001,3,10,100,32,32,256,184,440338,73,30,VicregLoss,gru,/home/dpetrovitch/dzagcoffee/train_trace/gender/checkpoints_2025-10-08 10:26:11.109161_VicregLoss_gru_catboost/model_128_0.001_3_10_100_256_32_32_256_VicregLoss_gruepoch=22.ckpt,22,30,0.039053936,21.0419,1.6789,1e-04,5.1779,1.0505,1.0492,0.8674,507.2588,35.1135,33.7959,2.3394,18.2798,1.2654,17.5502,1.2149,16.9806,1.1754,16.7449,1.1591,16.5042,1.1425,12.7204,3.1294,0.8475,0.2085,0.4584,0.1128,0.4401,0.1083,0.4258,0.1048,0.4199,0.1033,0.4139,0.1018,0.0,0.0,0.0,0.0,0.0,0.0,0.0,0.0,0.0,0.0,0.0,0.0,0.0,0.0,0.0,0.0,0.0,0.0,0.0,0.0,0.0,0.0,0.0,0.0,0.0,0.0,0.0,0.0,0.0,0.0,0.0,0.0,0.0,0.0,0.0,0.556,0.5644
128,0.001,3,10,100,32,32,256,184,440338,73,30,VicregLoss,gru,/home/dpetrovitch/dzagcoffee/train_trace/gender/checkpoints_2025-10-08 10:26:11.109161_VicregLoss_gru_catboost/model_128_0.001_3_10_100_256_32_32_256_VicregLoss_gruepoch=23.ckpt,23,30,0.043825384,26.7033,1.6775,1e-04,5.0864,1.0772,1.0756,0.7911,608.883,43.0406,39.3459,2.7813,22.6498,1.6011,21.3766,1.5111,20.5641,1.4536,20.223,1.4295,19.8865,1.4057,17.256,3.1831,1.1151,0.2057,0.6419,0.1184,0.6058,0.1118,0.5828,0.1075,0.5731,0.1057,0.5636,0.104,0.0,0.0,0.0,0.0,0.0,0.0,0.0,0.0,0.0,0.0,0.0,0.0,0.0,0.0,0.0,0.0,0.0,0.0,0.0,0.0,0.0,0.0,0.0,0.0,0.0,0.0,0.0,0.0,0.0,0.0,0.0,0.0,0.0,0.0,0.0,0.552,0.536
128,0.001,3,10,100,32,32,256,184,440338,73,30,VicregLoss,gru,/home/dpetrovitch/dzagcoffee/train_trace/gender/checkpoints_2025-10-08 10:26:11.109161_VicregLoss_gru_catboost/model_128_0.001_3_10_100_256_32_32_256_VicregLoss_gruepoch=24.ckpt,24,30,0.04437791,19.6431,1.678,1e-04,4.855,1.0409,1.0398,0.8979,484.914,34.8444,89.8029,6.453,17.2531,1.2398,16.6905,1.1993,16.3092,1.1719,16.0955,1.1566,15.8291,1.1374,13.2435,3.6575,2.4526,0.6773,0.4712,0.1301,0.4558,0.1259,0.4454,0.123,0.4396,0.1214,0.4323,0.1194,0.0,0.0,0.0,0.0,0.0,0.0,0.0,0.0,0.0,0.0,0.0,0.0,0.0,0.0,0.0,0.0,0.0,0.0,0.0,0.0,0.0,0.0,0.0,0.0,0.0,0.0,0.0,0.0,0.0,0.0,0.0,0.0,0.0,0.0,0.0,0.564,0.5668
128,0.001,3,10,100,32,32,256,184,440338,73,30,VicregLoss,gru,/home/dpetrovitch/dzagcoffee/train_trace/gender/checkpoints_2025-10-08 10:26:11.109161_VicregLoss_gru_catboost/model_128_0.001_3_10_100_256_32_32_256_VicregLoss_gruepoch=25.ckpt,25,30,0.04311866,20.3282,1.6791,1e-04,5.0425,1.0418,1.0407,0.8841,493.3522,35.8047,43.7364,3.1741,17.6644,1.282,17.0673,1.2386,16.5285,1.1995,16.308,1.1835,16.0562,1.1653,9.1986,1.493,0.8155,0.1324,0.3294,0.0535,0.3182,0.0517,0.3082,0.05,0.3041,0.0494,0.2994,0.0486,0.0,0.0,0.0,0.0,0.0,0.0,0.0,0.0,0.0,0.0,0.0,0.0,0.0,0.0,0.0,0.0,0.0,0.0,0.0,0.0,0.0,0.0,0.0,0.0,0.0,0.0,0.0,0.0,0.0,0.0,0.0,0.0,0.0,0.0,0.0,0.536,0.539
128,0.001,3,10,100,32,32,256,184,440338,73,30,VicregLoss,gru,/home/dpetrovitch/dzagcoffee/train_trace/gender/checkpoints_2025-10-08 10:26:11.109161_VicregLoss_gru_catboost/model_128_0.001_3_10_100_256_32_32_256_VicregLoss_gruepoch=26.ckpt,26,30,0.045560066,21.6947,1.6785,1e-04,5.1068,1.0467,1.0458,0.8741,519.1144,37.493,37.3261,2.6959,18.7764,1.3561,18.0193,1.3014,17.4113,1.2575,17.1688,1.24,16.9072,1.2211,12.4272,2.4666,0.8936,0.1774,0.4495,0.0892,0.4314,0.0856,0.4168,0.0827,0.411,0.0816,0.4047,0.0803,0.0,0.0,0.0,0.0,0.0,0.0,0.0,0.0,0.0,0.0,0.0,0.0,0.0,0.0,0.0,0.0,0.0,0.0,0.0,0.0,0.0,0.0,0.0,0.0,0.0,0.0,0.0,0.0,0.0,0.0,0.0,0.0,0.0,0.0,0.0,0.544,0.551
128,0.001,3,10,100,32,32,256,184,440338,73,30,VicregLoss,gru,/home/dpetrovitch/dzagcoffee/train_trace/gender/checkpoints_2025-10-08 10:26:11.109161_VicregLoss_gru_catboost/model_128_0.001_3_10_100_256_32_32_256_VicregLoss_gruepoch=27.ckpt,27,30,0.04350415,22.5879,1.6782,1e-04,5.0385,1.0509,1.0508,0.8551,537.9239,37.7845,45.0942,3.1675,19.6517,1.3804,18.7535,1.3173,18.0549,1.2682,17.7699,1.2482,17.4952,1.2289,13.6274,3.1052,1.1424,0.2603,0.4978,0.1134,0.4751,0.1083,0.4574,0.1042,0.4502,0.1026,0.4432,0.101,0.0,0.0,0.0,0.0,0.0,0.0,0.0,0.0,0.0,0.0,0.0,0.0,0.0,0.0,0.0,0.0,0.0,0.0,0.0,0.0,0.0,0.0,0.0,0.0,0.0,0.0,0.0,0.0,0.0,0.0,0.0,0.0,0.0,0.0,0.0,0.568,0.5433
128,0.001,3,10,100,32,32,256,184,440338,73,30,VicregLoss,gru,/home/dpetrovitch/dzagcoffee/train_trace/gender/checkpoints_2025-10-08 10:26:11.109161_VicregLoss_gru_catboost/model_128_0.001_3_10_100_256_32_32_256_VicregLoss_gruepoch=28.ckpt,28,30,0.045722827,23.3275,1.6782,1e-04,5.0947,1.0553,1.0549,0.8509,544.9726,38.4188,39.5589,2.7888,19.9656,1.4075,19.0654,1.344,18.3797,1.2957,18.0844,1.2749,17.7962,1.2546,14.2306,2.6692,1.033,0.1938,0.5214,0.0978,0.4978,0.0934,0.4799,0.09,0.4722,0.0886,0.4647,0.0872,0.0,0.0,0.0,0.0,0.0,0.0,0.0,0.0,0.0,0.0,0.0,0.0,0.0,0.0,0.0,0.0,0.0,0.0,0.0,0.0,0.0,0.0,0.0,0.0,0.0,0.0,0.0,0.0,0.0,0.0,0.0,0.0,0.0,0.0,0.0,0.532,0.5783
128,0.001,3,10,100,32,32,256,184,440338,73,30,VicregLoss,gru,/home/dpetrovitch/dzagcoffee/train_trace/gender/checkpoints_2025-10-08 10:26:11.109161_VicregLoss_gru_catboost/model_128_0.001_3_10_100_256_32_32_256_VicregLoss_gruepoch=29.ckpt,29,30,0.045718547,24.3258,1.6782,1e-04,5.086,1.0616,1.0616,0.8297,571.5373,39.7138,44.5116,3.0929,21.2156,1.4742,20.073,1.3948,19.2788,1.3396,18.9547,1.3171,18.6445,1.2955,17.1152,4.2658,1.3329,0.3322,0.6353,0.1583,0.6011,0.1498,0.5773,0.1439,0.5676,0.1415,0.5583,0.1392,0.0,0.0,0.0,0.0,0.0,0.0,0.0,0.0,0.0,0.0,0.0,0.0,0.0,0.0,0.0,0.0,0.0,0.0,0.0,0.0,0.0,0.0,0.0,0.0,0.0,0.0,0.0,0.0,0.0,0.0,0.0,0.0,0.0,0.0,0.0,0.592,0.5877
128,0.001,3,10,100,32,64,256,184,440338,73,30,VicregLoss,gru,/home/dpetrovitch/dzagcoffee/train_trace/gender/checkpoints_2025-10-08 10:26:11.109161_VicregLoss_gru_catboost/model_128_0.001_3_10_100_256_32_64_256_VicregLoss_gruepoch=00.ckpt,0,30,0.048245613,14.866,1.677,0.0,5.8405,1.0607,1.0832,0.7765,397.6456,26.6376,45.6036,3.0549,17.7522,1.1892,17.127,1.1473,16.642,1.1148,16.4548,1.1023,16.1845,1.0842,11.97,1.7059,1.3728,0.1956,0.5344,0.0762,0.5156,0.0735,0.501,0.0714,0.4953,0.0706,0.4872,0.0694,0.0,0.0,0.0,0.0,0.0,0.0,0.0,0.0,0.0,0.0,0.0,0.0,0.0,0.0,0.0,0.0,0.0,0.0,0.0,0.0,0.0,0.0,0.0,0.0,0.0,0.0,0.0,0.0,0.0,0.0,0.0,0.0,0.0,0.0,0.0,0.536,0.5026
128,0.001,3,10,100,32,64,256,184,440338,73,30,VicregLoss,gru,/home/dpetrovitch/dzagcoffee/train_trace/gender/checkpoints_2025-10-08 10:26:11.109161_VicregLoss_gru_catboost/model_128_0.001_3_10_100_256_32_64_256_VicregLoss_gruepoch=01.ckpt,1,30,0.04661801,9.478,1.6787,0.0,5.4995,1.0112,1.0116,0.9513,285.4191,26.9501,46.5543,4.3958,11.0522,1.0436,10.6624,1.0068,10.3661,0.9788,10.1885,0.962,10.0036,0.9446,8.4238,1.1174,1.374,0.1823,0.3262,0.0433,0.3147,0.0417,0.3059,0.0406,0.3007,0.0399,0.2952,0.0392,0.0,0.0,0.0,0.0,0.0,0.0,0.0,0.0,0.0,0.0,0.0,0.0,0.0,0.0,0.0,0.0,0.0,0.0,0.0,0.0,0.0,0.0,0.0,0.0,0.0,0.0,0.0,0.0,0.0,0.0,0.0,0.0,0.0,0.0,0.0,0.516,0.4837
128,0.001,3,10,100,32,64,256,184,440338,73,30,VicregLoss,gru,/home/dpetrovitch/dzagcoffee/train_trace/gender/checkpoints_2025-10-08 10:26:11.109161_VicregLoss_gru_catboost/model_128_0.001_3_10_100_256_32_64_256_VicregLoss_gruepoch=02.ckpt,2,30,0.040150423,11.7374,1.6779,1e-04,4.7407,1.0131,1.0142,0.9364,330.4145,24.5976,44.6811,3.3263,13.1603,0.9797,12.3499,0.9194,11.8722,0.8838,11.6292,0.8657,11.3003,0.8412,12.0292,1.5836,1.6267,0.2141,0.4791,0.0631,0.4496,0.0592,0.4322,0.0569,0.4234,0.0557,0.4114,0.0542,0.0,0.0,0.0,0.0,0.0,0.0,0.0,0.0,0.0,0.0,0.0,0.0,0.0,0.0,0.0,0.0,0.0,0.0,0.0,0.0,0.0,0.0,0.0,0.0,0.0,0.0,0.0,0.0,0.0,0.0,0.0,0.0,0.0,0.0,0.0,0.52,0.4788
128,0.001,3,10,100,32,64,256,184,440338,73,30,VicregLoss,gru,/home/dpetrovitch/dzagcoffee/train_trace/gender/checkpoints_2025-10-08 10:26:11.109161_VicregLoss_gru_catboost/model_128_0.001_3_10_100_256_32_64_256_VicregLoss_gruepoch=03.ckpt,3,30,0.04167095,16.4102,1.672,1e-04,4.4618,1.0307,1.0211,0.9008,406.5432,25.7293,32.4177,2.0516,15.755,0.9971,15.148,0.9587,14.5927,0.9235,14.2382,0.9011,13.7975,0.8732,13.4182,1.4949,1.07,0.1192,0.52,0.0579,0.5,0.0557,0.4816,0.0537,0.4699,0.0524,0.4554,0.0507,0.0,0.0,0.0,0.0,0.0,0.0,0.0,0.0,0.0,0.0,0.0,0.0,0.0,0.0,0.0,0.0,0.0,0.0,0.0,0.0,0.0,0.0,0.0,0.0,0.0,0.0,0.0,0.0,0.0,0.0,0.0,0.0,0.0,0.0,0.0,0.5,0.508
128,0.001,3,10,100,32,64,256,184,440338,73,30,VicregLoss,gru,/home/dpetrovitch/dzagcoffee/train_trace/gender/checkpoints_2025-10-08 10:26:11.109161_VicregLoss_gru_catboost/model_128_0.001_3_10_100_256_32_64_256_VicregLoss_gruepoch=04.ckpt,4,30,0.04732902,14.5662,1.6691,1e-04,4.4193,1.0187,1.0191,0.933,389.4967,25.5328,82.0601,5.3793,14.6388,0.9596,13.9081,0.9117,13.4317,0.8805,13.2064,0.8657,12.9146,0.8466,12.6813,1.4358,2.6717,0.3025,0.4766,0.054,0.4528,0.0513,0.4373,0.0495,0.43,0.0487,0.4205,0.0476,0.0,0.0,0.0,0.0,0.0,0.0,0.0,0.0,0.0,0.0,0.0,0.0,0.0,0.0,0.0,0.0,0.0,0.0,0.0,0.0,0.0,0.0,0.0,0.0,0.0,0.0,0.0,0.0,0.0,0.0,0.0,0.0,0.0,0.0,0.0,0.548,0.5179
128,0.001,3,10,100,32,64,256,184,440338,73,30,VicregLoss,gru,/home/dpetrovitch/dzagcoffee/train_trace/gender/checkpoints_2025-10-08 10:26:11.109161_VicregLoss_gru_catboost/model_128_0.001_3_10_100_256_32_64_256_VicregLoss_gruepoch=05.ckpt,5,30,0.04246762,16.5149,1.6793,0.0,5.7117,1.0388,1.0481,0.866,442.0134,30.1374,61.6193,4.2013,18.705,1.2753,17.8052,1.214,17.0504,1.1625,16.6585,1.1358,15.9416,1.0869,17.3712,2.0876,2.4217,0.291,0.7351,0.0883,0.6998,0.0841,0.6701,0.0805,0.6547,0.0787,0.6265,0.0753,0.0,0.0,0.0,0.0,0.0,0.0,0.0,0.0,0.0,0.0,0.0,0.0,0.0,0.0,0.0,0.0,0.0,0.0,0.0,0.0,0.0,0.0,0.0,0.0,0.0,0.0,0.0,0.0,0.0,0.0,0.0,0.0,0.0,0.0,0.0,0.52,0.4853
128,0.001,3,10,100,32,64,256,184,440338,73,30,VicregLoss,gru,/home/dpetrovitch/dzagcoffee/train_trace/gender/checkpoints_2025-10-08 10:26:11.109161_VicregLoss_gru_catboost/model_128_0.001_3_10_100_256_32_64_256_VicregLoss_gruepoch=06.ckpt,6,30,0.047209088,11.891,1.6796,0.0,6.1317,1.0214,1.0254,0.9142,368.5574,28.4231,57.8145,4.4586,15.0389,1.1598,14.423,1.1123,13.8808,1.0705,13.6204,1.0504,13.1274,1.0124,15.504,1.7823,2.4321,0.2796,0.6326,0.0727,0.6067,0.0697,0.5839,0.0671,0.573,0.0659,0.5522,0.0635,0.0,0.0,0.0,0.0,0.0,0.0,0.0,0.0,0.0,0.0,0.0,0.0,0.0,0.0,0.0,0.0,0.0,0.0,0.0,0.0,0.0,0.0,0.0,0.0,0.0,0.0,0.0,0.0,0.0,0.0,0.0,0.0,0.0,0.0,0.0,0.54,0.4752
128,0.001,3,10,100,32,64,256,184,440338,73,30,VicregLoss,gru,/home/dpetrovitch/dzagcoffee/train_trace/gender/checkpoints_2025-10-08 10:26:11.109161_VicregLoss_gru_catboost/model_128_0.001_3_10_100_256_32_64_256_VicregLoss_gruepoch=07.ckpt,7,30,0.049380656,10.7352,1.6796,0.0,6.1525,1.0184,1.0215,0.9178,351.062,26.7616,50.9054,3.8805,14.2945,1.0897,13.5969,1.0365,13.0636,0.9958,12.8003,0.9758,12.3471,0.9412,13.6855,1.4945,1.9844,0.2167,0.5572,0.0609,0.53,0.0579,0.5093,0.0556,0.499,0.0545,0.4813,0.0526,0.0,0.0,0.0,0.0,0.0,0.0,0.0,0.0,0.0,0.0,0.0,0.0,0.0,0.0,0.0,0.0,0.0,0.0,0.0,0.0,0.0,0.0,0.0,0.0,0.0,0.0,0.0,0.0,0.0,0.0,0.0,0.0,0.0,0.0,0.0,0.5,0.4193
128,0.001,3,10,100,32,64,256,184,440338,73,30,VicregLoss,gru,/home/dpetrovitch/dzagcoffee/train_trace/gender/checkpoints_2025-10-08 10:26:11.109161_VicregLoss_gru_catboost/model_128_0.001_3_10_100_256_32_64_256_VicregLoss_gruepoch=08.ckpt,8,30,0.048451204,10.1192,1.6795,0.0,5.8602,1.0167,1.0186,0.9268,331.0994,26.5116,42.3535,3.3913,13.2351,1.0598,12.6813,1.0154,12.1946,0.9764,11.9475,0.9567,11.5071,0.9214,12.7658,1.4589,1.633,0.1866,0.5103,0.0583,0.4889,0.0559,0.4702,0.0537,0.4606,0.0526,0.4437,0.0507,0.0,0.0,0.0,0.0,0.0,0.0,0.0,0.0,0.0,0.0,0.0,0.0,0.0,0.0,0.0,0.0,0.0,0.0,0.0,0.0,0.0,0.0,0.0,0.0,0.0,0.0,0.0,0.0,0.0,0.0,0.0,0.0,0.0,0.0,0.0,0.508,0.4885
128,0.001,3,10,100,32,64,256,184,440338,73,30,VicregLoss,gru,/home/dpetrovitch/dzagcoffee/train_trace/gender/checkpoints_2025-10-08 10:26:11.109161_VicregLoss_gru_catboost/model_128_0.001_3_10_100_256_32_64_256_VicregLoss_gruepoch=09.ckpt,9,30,0.05057994,10.3434,1.6796,0.0,6.2213,1.0163,1.0203,0.93,339.9715,25.6373,62.409,4.7063,13.8727,1.0461,13.0257,0.9823,12.5343,0.9452,12.2168,0.9213,11.5622,0.8719,12.0098,1.395,2.2047,0.2561,0.4901,0.0569,0.4601,0.0534,0.4428,0.0514,0.4316,0.0501,0.4084,0.0474,0.0,0.0,0.0,0.0,0.0,0.0,0.0,0.0,0.0,0.0,0.0,0.0,0.0,0.0,0.0,0.0,0.0,0.0,0.0,0.0,0.0,0.0,0.0,0.0,0.0,0.0,0.0,0.0,0.0,0.0,0.0,0.0,0.0,0.0,0.0,0.5,0.4743
128,0.001,3,10,100,32,64,256,184,440338,73,30,VicregLoss,gru,/home/dpetrovitch/dzagcoffee/train_trace/gender/checkpoints_2025-10-08 10:26:11.109161_VicregLoss_gru_catboost/model_128_0.001_3_10_100_256_32_64_256_VicregLoss_gruepoch=10.ckpt,10,30,0.049337823,9.7794,1.6796,0.0,6.1325,1.0166,1.0179,0.9347,316.8061,27.4308,47.6118,4.1225,12.4387,1.077,11.8599,1.0269,11.3256,0.9806,11.0827,0.9596,10.8019,0.9353,12.0935,1.3928,1.8175,0.2093,0.4748,0.0547,0.4527,0.0521,0.4323,0.0498,0.4231,0.0487,0.4123,0.0475,0.0,0.0,0.0,0.0,0.0,0.0,0.0,0.0,0.0,0.0,0.0,0.0,0.0,0.0,0.0,0.0,0.0,0.0,0.0,0.0,0.0,0.0,0.0,0.0,0.0,0.0,0.0,0.0,0.0,0.0,0.0,0.0,0.0,0.0,0.0,0.508,0.4538
128,0.001,3,10,100,32,64,256,184,440338,73,30,VicregLoss,gru,/home/dpetrovitch/dzagcoffee/train_trace/gender/checkpoints_2025-10-08 10:26:11.109161_VicregLoss_gru_catboost/model_128_0.001_3_10_100_256_32_64_256_VicregLoss_gruepoch=11.ckpt,11,30,0.05126953,8.7458,1.6796,0.0,6.132,1.0132,1.0147,0.9429,294.3441,26.8779,45.3211,4.1385,11.4918,1.0494,10.949,0.9998,10.4544,0.9546,10.2274,0.9339,9.9925,0.9125,10.0501,1.2776,1.5474,0.1967,0.3924,0.0499,0.3738,0.0475,0.357,0.0454,0.3492,0.0444,0.3412,0.0434,0.0,0.0,0.0,0.0,0.0,0.0,0.0,0.0,0.0,0.0,0.0,0.0,0.0,0.0,0.0,0.0,0.0,0.0,0.0,0.0,0.0,0.0,0.0,0.0,0.0,0.0,0.0,0.0,0.0,0.0,0.0,0.0,0.0,0.0,0.0,0.488,0.4679
128,0.001,3,10,100,32,64,256,184,440338,73,30,VicregLoss,gru,/home/dpetrovitch/dzagcoffee/train_trace/gender/checkpoints_2025-10-08 10:26:11.109161_VicregLoss_gru_catboost/model_128_0.001_3_10_100_256_32_64_256_VicregLoss_gruepoch=12.ckpt,12,30,0.050948292,8.5168,1.6795,0.0,6.0401,1.0118,1.0133,0.9466,279.4737,26.2299,44.9386,4.2177,10.8882,1.0219,10.3787,0.9741,9.9445,0.9333,9.7189,0.9122,9.4885,0.8905,9.2622,1.3292,1.4893,0.2137,0.3609,0.0518,0.344,0.0494,0.3296,0.0473,0.3221,0.0462,0.3145,0.0451,0.0,0.0,0.0,0.0,0.0,0.0,0.0,0.0,0.0,0.0,0.0,0.0,0.0,0.0,0.0,0.0,0.0,0.0,0.0,0.0,0.0,0.0,0.0,0.0,0.0,0.0,0.0,0.0,0.0,0.0,0.0,0.0,0.0,0.0,0.0,0.504,0.4357
128,0.001,3,10,100,32,64,256,184,440338,73,30,VicregLoss,gru,/home/dpetrovitch/dzagcoffee/train_trace/gender/checkpoints_2025-10-08 10:26:11.109161_VicregLoss_gru_catboost/model_128_0.001_3_10_100_256_32_64_256_VicregLoss_gruepoch=13.ckpt,13,30,0.04289594,6.858,1.6797,0.0,7.0738,1.0085,1.0109,0.9586,237.0513,25.5217,75.9891,8.1812,9.2748,0.9986,8.7717,0.9444,8.4523,0.91,8.2447,0.8876,8.0532,0.867,7.6087,1.1776,2.4391,0.3775,0.2977,0.0461,0.2815,0.0436,0.2713,0.042,0.2646,0.041,0.2585,0.04,0.0,0.0,0.0,0.0,0.0,0.0,0.0,0.0,0.0,0.0,0.0,0.0,0.0,0.0,0.0,0.0,0.0,0.0,0.0,0.0,0.0,0.0,0.0,0.0,0.0,0.0,0.0,0.0,0.0,0.0,0.0,0.0,0.0,0.0,0.0,0.472,0.4482
128,0.001,3,10,100,32,64,256,184,440338,73,30,VicregLoss,gru,/home/dpetrovitch/dzagcoffee/train_trace/gender/checkpoints_2025-10-08 10:26:11.109161_VicregLoss_gru_catboost/model_128_0.001_3_10_100_256_32_64_256_VicregLoss_gruepoch=14.ckpt,14,30,0.048853826,12.4837,1.678,1e-04,4.8998,1.0189,1.0183,0.9352,332.5966,25.7159,34.2953,2.6517,13.2644,1.0256,12.5909,0.9735,11.8986,0.92,11.6269,0.899,11.2274,0.8681,9.9904,1.3234,1.0302,0.1365,0.3984,0.0528,0.3782,0.0501,0.3574,0.0473,0.3492,0.0463,0.3372,0.0447,0.0,0.0,0.0,0.0,0.0,0.0,0.0,0.0,0.0,0.0,0.0,0.0,0.0,0.0,0.0,0.0,0.0,0.0,0.0,0.0,0.0,0.0,0.0,0.0,0.0,0.0,0.0,0.0,0.0,0.0,0.0,0.0,0.0,0.0,0.0,0.508,0.4574
128,0.001,3,10,100,32,64,256,184,440338,73,30,VicregLoss,gru,/home/dpetrovitch/dzagcoffee/train_trace/gender/checkpoints_2025-10-08 10:26:11.109161_VicregLoss_gru_catboost/model_128_0.001_3_10_100_256_32_64_256_VicregLoss_gruepoch=15.ckpt,15,30,0.049933184,7.8423,1.6794,0.0,5.6151,1.0087,1.0109,0.9506,246.0913,22.2452,66.9948,6.0559,9.7758,0.8837,9.1731,0.8292,8.7748,0.7932,8.5604,0.7738,8.3071,0.7509,6.0371,1.1357,1.6435,0.3092,0.2398,0.0451,0.225,0.0423,0.2153,0.0405,0.21,0.0395,0.2038,0.0383,0.0,0.0,0.0,0.0,0.0,0.0,0.0,0.0,0.0,0.0,0.0,0.0,0.0,0.0,0.0,0.0,0.0,0.0,0.0,0.0,0.0,0.0,0.0,0.0,0.0,0.0,0.0,0.0,0.0,0.0,0.0,0.0,0.0,0.0,0.0,0.564,0.5117
128,0.001,3,10,100,32,64,256,184,440338,73,30,VicregLoss,gru,/home/dpetrovitch/dzagcoffee/train_trace/gender/checkpoints_2025-10-08 10:26:11.109161_VicregLoss_gru_catboost/model_128_0.001_3_10_100_256_32_64_256_VicregLoss_gruepoch=16.ckpt,16,30,0.054631818,7.5142,1.6794,0.0,5.4877,1.0075,1.0086,0.9569,241.4808,23.2217,42.392,4.0766,9.3913,0.9031,8.9036,0.8562,8.5001,0.8174,8.3129,0.7994,8.087,0.7777,7.7072,1.2336,1.353,0.2166,0.2997,0.048,0.2842,0.0455,0.2713,0.0434,0.2653,0.0425,0.2581,0.0413,0.0,0.0,0.0,0.0,0.0,0.0,0.0,0.0,0.0,0.0,0.0,0.0,0.0,0.0,0.0,0.0,0.0,0.0,0.0,0.0,0.0,0.0,0.0,0.0,0.0,0.0,0.0,0.0,0.0,0.0,0.0,0.0,0.0,0.0,0.0,0.508,0.4594
128,0.001,3,10,100,32,64,256,184,440338,73,30,VicregLoss,gru,/home/dpetrovitch/dzagcoffee/train_trace/gender/checkpoints_2025-10-08 10:26:11.109161_VicregLoss_gru_catboost/model_128_0.001_3_10_100_256_32_64_256_VicregLoss_gruepoch=17.ckpt,17,30,0.045988385,10.5134,1.6793,0.0,5.5478,1.0171,1.0184,0.9343,292.4725,24.4639,52.3691,4.3804,11.6359,0.9733,10.9834,0.9187,10.4545,0.8745,10.199,0.8531,9.8882,0.8271,8.0924,1.1451,1.449,0.205,0.322,0.0456,0.3039,0.043,0.2893,0.0409,0.2822,0.0399,0.2736,0.0387,0.0,0.0,0.0,0.0,0.0,0.0,0.0,0.0,0.0,0.0,0.0,0.0,0.0,0.0,0.0,0.0,0.0,0.0,0.0,0.0,0.0,0.0,0.0,0.0,0.0,0.0,0.0,0.0,0.0,0.0,0.0,0.0,0.0,0.0,0.0,0.54,0.5022
128,0.001,3,10,100,32,64,256,184,440338,73,30,VicregLoss,gru,/home/dpetrovitch/dzagcoffee/train_trace/gender/checkpoints_2025-10-08 10:26:11.109161_VicregLoss_gru_catboost/model_128_0.001_3_10_100_256_32_64_256_VicregLoss_gruepoch=18.ckpt,18,30,0.047436092,7.8203,1.6793,0.0,5.6585,1.0085,1.0098,0.9553,243.6581,22.9684,47.8833,4.5137,9.4865,0.8942,8.9603,0.8446,8.5852,0.8093,8.3898,0.7909,8.1519,0.7684,5.9685,1.0198,1.1729,0.2004,0.2324,0.0397,0.2195,0.0375,0.2103,0.0359,0.2055,0.0351,0.1997,0.0341,0.0,0.0,0.0,0.0,0.0,0.0,0.0,0.0,0.0,0.0,0.0,0.0,0.0,0.0,0.0,0.0,0.0,0.0,0.0,0.0,0.0,0.0,0.0,0.0,0.0,0.0,0.0,0.0,0.0,0.0,0.0,0.0,0.0,0.0,0.0,0.488,0.4455
128,0.001,3,10,100,32,64,256,184,440338,73,30,VicregLoss,gru,/home/dpetrovitch/dzagcoffee/train_trace/gender/checkpoints_2025-10-08 10:26:11.109161_VicregLoss_gru_catboost/model_128_0.001_3_10_100_256_32_64_256_VicregLoss_gruepoch=19.ckpt,19,30,0.050502848,6.4361,1.6796,0.0,6.5444,1.0069,1.0084,0.9621,213.3468,23.8228,62.5226,6.9814,8.3069,0.9276,7.8165,0.8728,7.487,0.836,7.315,0.8168,7.1155,0.7945,4.9183,0.8769,1.4414,0.257,0.1915,0.0341,0.1802,0.0321,0.1726,0.0308,0.1686,0.0301,0.164,0.0292,0.0,0.0,0.0,0.0,0.0,0.0,0.0,0.0,0.0,0.0,0.0,0.0,0.0,0.0,0.0,0.0,0.0,0.0,0.0,0.0,0.0,0.0,0.0,0.0,0.0,0.0,0.0,0.0,0.0,0.0,0.0,0.0,0.0,0.0,0.0,0.52,0.4798
128,0.001,3,10,100,32,64,256,184,440338,73,30,VicregLoss,gru,/home/dpetrovitch/dzagcoffee/train_trace/gender/checkpoints_2025-10-08 10:26:11.109161_VicregLoss_gru_catboost/model_128_0.001_3_10_100_256_32_64_256_VicregLoss_gruepoch=20.ckpt,20,30,0.051830623,6.6329,1.6796,0.0,6.0905,1.0072,1.0083,0.9628,219.634,23.0385,43.7985,4.5942,8.4152,0.8827,7.9463,0.8335,7.633,0.8007,7.4509,0.7816,7.2554,0.7611,5.3978,0.9045,1.0764,0.1804,0.2068,0.0347,0.1953,0.0327,0.1876,0.0314,0.1831,0.0307,0.1783,0.0299,0.0,0.0,0.0,0.0,0.0,0.0,0.0,0.0,0.0,0.0,0.0,0.0,0.0,0.0,0.0,0.0,0.0,0.0,0.0,0.0,0.0,0.0,0.0,0.0,0.0,0.0,0.0,0.0,0.0,0.0,0.0,0.0,0.0,0.0,0.0,0.496,0.4326
128,0.001,3,10,100,32,64,256,184,440338,73,30,VicregLoss,gru,/home/dpetrovitch/dzagcoffee/train_trace/gender/checkpoints_2025-10-08 10:26:11.109161_VicregLoss_gru_catboost/model_128_0.001_3_10_100_256_32_64_256_VicregLoss_gruepoch=21.ckpt,21,30,0.056529265,6.6942,1.6796,0.0,5.9224,1.0069,1.0078,0.9599,218.3533,22.5233,38.9394,4.0166,8.3294,0.8592,7.8923,0.8141,7.5669,0.7805,7.3904,0.7623,7.1992,0.7426,4.8846,0.8858,0.8711,0.158,0.1863,0.0338,0.1766,0.032,0.1693,0.0307,0.1653,0.03,0.161,0.0292,0.0,0.0,0.0,0.0,0.0,0.0,0.0,0.0,0.0,0.0,0.0,0.0,0.0,0.0,0.0,0.0,0.0,0.0,0.0,0.0,0.0,0.0,0.0,0.0,0.0,0.0,0.0,0.0,0.0,0.0,0.0,0.0,0.0,0.0,0.0,0.48,0.4543
128,0.001,3,10,100,32,64,256,184,440338,73,30,VicregLoss,gru,/home/dpetrovitch/dzagcoffee/train_trace/gender/checkpoints_2025-10-08 10:26:11.109161_VicregLoss_gru_catboost/model_128_0.001_3_10_100_256_32_64_256_VicregLoss_gruepoch=22.ckpt,22,30,0.051826343,6.2646,1.6796,0.0,6.0071,1.0063,1.0071,0.9687,208.7632,23.5963,43.4922,4.9159,7.9659,0.9004,7.5099,0.8488,7.2177,0.8158,7.0544,0.7974,6.882,0.7779,4.7735,0.8582,0.9945,0.1788,0.1821,0.0327,0.1717,0.0309,0.165,0.0297,0.1613,0.029,0.1574,0.0283,0.0,0.0,0.0,0.0,0.0,0.0,0.0,0.0,0.0,0.0,0.0,0.0,0.0,0.0,0.0,0.0,0.0,0.0,0.0,0.0,0.0,0.0,0.0,0.0,0.0,0.0,0.0,0.0,0.0,0.0,0.0,0.0,0.0,0.0,0.0,0.5,0.4715
128,0.001,3,10,100,32,64,256,184,440338,73,30,VicregLoss,gru,/home/dpetrovitch/dzagcoffee/train_trace/gender/checkpoints_2025-10-08 10:26:11.109161_VicregLoss_gru_catboost/model_128_0.001_3_10_100_256_32_64_256_VicregLoss_gruepoch=23.ckpt,23,30,0.05140231,5.8699,1.6796,0.0,6.3821,1.0053,1.0064,0.9671,195.8379,20.5866,47.5731,5.0009,7.5179,0.7903,7.0919,0.7455,6.829,0.7179,6.6588,0.7,6.494,0.6826,4.3207,0.7669,1.0496,0.1863,0.1659,0.0294,0.1565,0.0278,0.1507,0.0267,0.1469,0.0261,0.1433,0.0254,0.0,0.0,0.0,0.0,0.0,0.0,0.0,0.0,0.0,0.0,0.0,0.0,0.0,0.0,0.0,0.0,0.0,0.0,0.0,0.0,0.0,0.0,0.0,0.0,0.0,0.0,0.0,0.0,0.0,0.0,0.0,0.0,0.0,0.0,0.0,0.492,0.452
128,0.001,3,10,100,32,64,256,184,440338,73,30,VicregLoss,gru,/home/dpetrovitch/dzagcoffee/train_trace/gender/checkpoints_2025-10-08 10:26:11.109161_VicregLoss_gru_catboost/model_128_0.001_3_10_100_256_32_64_256_VicregLoss_gruepoch=24.ckpt,24,30,0.051787794,5.8285,1.6796,0.0,6.4407,1.0055,1.0065,0.9639,193.4029,20.755,50.1117,5.3777,7.4751,0.8022,7.0174,0.7531,6.7534,0.7247,6.5891,0.7071,6.4255,0.6896,3.5719,0.7087,0.9255,0.1836,0.1381,0.0274,0.1296,0.0257,0.1247,0.0247,0.1217,0.0241,0.1187,0.0235,0.0,0.0,0.0,0.0,0.0,0.0,0.0,0.0,0.0,0.0,0.0,0.0,0.0,0.0,0.0,0.0,0.0,0.0,0.0,0.0,0.0,0.0,0.0,0.0,0.0,0.0,0.0,0.0,0.0,0.0,0.0,0.0,0.0,0.0,0.0,0.496,0.4591
128,0.001,3,10,100,32,64,256,184,440338,73,30,VicregLoss,gru,/home/dpetrovitch/dzagcoffee/train_trace/gender/checkpoints_2025-10-08 10:26:11.109161_VicregLoss_gru_catboost/model_128_0.001_3_10_100_256_32_64_256_VicregLoss_gruepoch=25.ckpt,25,30,0.052665845,5.5715,1.6796,0.0,6.5519,1.005,1.0059,0.9697,189.6833,23.3593,55.1182,6.7878,7.2551,0.8935,6.8628,0.8451,6.6087,0.8139,6.4519,0.7945,6.2962,0.7754,4.6816,0.9452,1.3604,0.2747,0.1791,0.0362,0.1694,0.0342,0.1631,0.0329,0.1592,0.0321,0.1554,0.0314,0.0,0.0,0.0,0.0,0.0,0.0,0.0,0.0,0.0,0.0,0.0,0.0,0.0,0.0,0.0,0.0,0.0,0.0,0.0,0.0,0.0,0.0,0.0,0.0,0.0,0.0,0.0,0.0,0.0,0.0,0.0,0.0,0.0,0.0,0.0,0.512,0.4595
128,0.001,3,10,100,32,64,256,184,440338,73,30,VicregLoss,gru,/home/dpetrovitch/dzagcoffee/train_trace/gender/checkpoints_2025-10-08 10:26:11.109161_VicregLoss_gru_catboost/model_128_0.001_3_10_100_256_32_64_256_VicregLoss_gruepoch=26.ckpt,26,30,0.054914508,5.6295,1.6796,0.0,6.0674,1.0048,1.0055,0.9731,193.8081,24.5077,44.5586,5.6346,7.38,0.9332,6.9869,0.8835,6.7301,0.851,6.5799,0.832,6.4062,0.8101,5.117,0.9156,1.1765,0.2105,0.1949,0.0349,0.1845,0.033,0.1777,0.0318,0.1737,0.0311,0.1691,0.0303,0.0,0.0,0.0,0.0,0.0,0.0,0.0,0.0,0.0,0.0,0.0,0.0,0.0,0.0,0.0,0.0,0.0,0.0,0.0,0.0,0.0,0.0,0.0,0.0,0.0,0.0,0.0,0.0,0.0,0.0,0.0,0.0,0.0,0.0,0.0,0.536,0.4881
128,0.001,3,10,100,32,64,256,184,440338,73,30,VicregLoss,gru,/home/dpetrovitch/dzagcoffee/train_trace/gender/checkpoints_2025-10-08 10:26:11.109161_VicregLoss_gru_catboost/model_128_0.001_3_10_100_256_32_64_256_VicregLoss_gruepoch=27.ckpt,27,30,0.052396003,5.1239,1.6796,0.0,6.6924,1.0044,1.0054,0.9739,178.6057,23.4952,70.9656,9.3354,6.8744,0.9043,6.4845,0.853,6.2277,0.8192,6.0869,0.8007,5.9469,0.7823,3.5673,0.6663,1.4174,0.2648,0.1373,0.0256,0.1295,0.0242,0.1244,0.0232,0.1216,0.0227,0.1188,0.0222,0.0,0.0,0.0,0.0,0.0,0.0,0.0,0.0,0.0,0.0,0.0,0.0,0.0,0.0,0.0,0.0,0.0,0.0,0.0,0.0,0.0,0.0,0.0,0.0,0.0,0.0,0.0,0.0,0.0,0.0,0.0,0.0,0.0,0.0,0.0,0.516,0.4401
128,0.001,3,10,100,32,64,256,184,440338,73,30,VicregLoss,gru,/home/dpetrovitch/dzagcoffee/train_trace/gender/checkpoints_2025-10-08 10:26:11.109161_VicregLoss_gru_catboost/model_128_0.001_3_10_100_256_32_64_256_VicregLoss_gruepoch=28.ckpt,28,30,0.051792074,5.6335,1.6796,0.0,6.2495,1.005,1.0058,0.9679,194.8827,24.2489,43.386,5.3984,7.392,0.9198,7.0069,0.8719,6.7011,0.8338,6.5545,0.8156,6.4027,0.7967,4.3924,0.829,0.9779,0.1846,0.1666,0.0314,0.1579,0.0298,0.151,0.0285,0.1477,0.0279,0.1443,0.0272,0.0,0.0,0.0,0.0,0.0,0.0,0.0,0.0,0.0,0.0,0.0,0.0,0.0,0.0,0.0,0.0,0.0,0.0,0.0,0.0,0.0,0.0,0.0,0.0,0.0,0.0,0.0,0.0,0.0,0.0,0.0,0.0,0.0,0.0,0.0,0.46,0.4444
128,0.001,3,10,100,32,64,256,184,440338,73,30,VicregLoss,gru,/home/dpetrovitch/dzagcoffee/train_trace/gender/checkpoints_2025-10-08 10:26:11.109161_VicregLoss_gru_catboost/model_128_0.001_3_10_100_256_32_64_256_VicregLoss_gruepoch=29.ckpt,29,30,0.05465752,5.5701,1.6796,0.0,6.1622,1.0048,1.0055,0.9656,190.6863,22.0762,38.7413,4.4852,7.2799,0.8428,6.8626,0.7945,6.593,0.7633,6.4373,0.7453,6.28,0.7271,3.4081,0.6598,0.6924,0.1341,0.1301,0.0252,0.1227,0.0237,0.1178,0.0228,0.1151,0.0223,0.1122,0.0217,0.0,0.0,0.0,0.0,0.0,0.0,0.0,0.0,0.0,0.0,0.0,0.0,0.0,0.0,0.0,0.0,0.0,0.0,0.0,0.0,0.0,0.0,0.0,0.0,0.0,0.0,0.0,0.0,0.0,0.0,0.0,0.0,0.0,0.0,0.0,0.5,0.4625
128,0.001,3,10,100,32,128,256,184,440338,73,30,VicregLoss,gru,/home/dpetrovitch/dzagcoffee/train_trace/gender/checkpoints_2025-10-08 10:26:11.109161_VicregLoss_gru_catboost/model_128_0.001_3_10_100_256_32_128_256_VicregLoss_gruepoch=00.ckpt,0,30,0.049847517,27.5541,1.5785,0.0003,4.1645,1.0906,1.0921,0.7644,623.3623,33.8536,53.7227,2.9176,30.2497,1.6428,27.8892,1.5146,26.0148,1.4128,25.0748,1.3618,24.0627,1.3068,25.6084,3.2441,2.207,0.2796,1.2427,0.1574,1.1457,0.1451,1.0687,0.1354,1.0301,0.1305,0.9885,0.1252,0.0,0.0,0.0,0.0,0.0,0.0,0.0,0.0,0.0,0.0,0.0,0.0,0.0,0.0,0.0,0.0,0.0,0.0,0.0,0.0,0.0,0.0,0.0,0.0,0.0,0.0,0.0,0.0,0.0,0.0,0.0,0.0,0.0,0.0,0.0,0.556,0.5289
128,0.001,3,10,100,32,128,256,184,440338,73,30,VicregLoss,gru,/home/dpetrovitch/dzagcoffee/train_trace/gender/checkpoints_2025-10-08 10:26:11.109161_VicregLoss_gru_catboost/model_128_0.001_3_10_100_256_32_128_256_VicregLoss_gruepoch=01.ckpt,1,30,0.05127381,32.8232,1.572,0.0004,4.0198,1.1478,1.1516,0.6524,735.4646,39.6004,56.6948,3.0527,36.477,1.9641,32.5532,1.7528,29.8995,1.6099,28.6739,1.5439,27.3783,1.4742,35.8553,4.3835,2.764,0.3379,1.7783,0.2174,1.587,0.194,1.4577,0.1782,1.3979,0.1709,1.3347,0.1632,0.0,0.0,0.0,0.0,0.0,0.0,0.0,0.0,0.0,0.0,0.0,0.0,0.0,0.0,0.0,0.0,0.0,0.0,0.0,0.0,0.0,0.0,0.0,0.0,0.0,0.0,0.0,0.0,0.0,0.0,0.0,0.0,0.0,0.0,0.0,0.528,0.508
128,0.001,3,10,100,32,128,256,184,440338,73,30,VicregLoss,gru,/home/dpetrovitch/dzagcoffee/train_trace/gender/checkpoints_2025-10-08 10:26:11.109161_VicregLoss_gru_catboost/model_128_0.001_3_10_100_256_32_128_256_VicregLoss_gruepoch=02.ckpt,2,30,0.039961968,31.4229,1.6261,0.0003,4.2113,1.1373,1.1322,0.6357,665.8996,38.4685,48.8881,2.8242,31.6508,1.8284,27.4743,1.5872,25.3355,1.4636,24.5075,1.4158,23.7509,1.3721,30.5505,5.5511,2.2429,0.4075,1.4521,0.2639,1.2605,0.229,1.1624,0.2112,1.1244,0.2043,1.0897,0.198,0.0,0.0,0.0,0.0,0.0,0.0,0.0,0.0,0.0,0.0,0.0,0.0,0.0,0.0,0.0,0.0,0.0,0.0,0.0,0.0,0.0,0.0,0.0,0.0,0.0,0.0,0.0,0.0,0.0,0.0,0.0,0.0,0.0,0.0,0.0,0.532,0.5124
128,0.001,3,10,100,32,128,256,184,440338,73,30,VicregLoss,gru,/home/dpetrovitch/dzagcoffee/train_trace/gender/checkpoints_2025-10-08 10:26:11.109161_VicregLoss_gru_catboost/model_128_0.001_3_10_100_256_32_128_256_VicregLoss_gruepoch=03.ckpt,3,30,0.046922117,19.3047,1.6751,1e-04,4.6848,1.0336,1.0328,0.8824,466.2918,30.7512,39.5582,2.6088,17.8989,1.1804,16.9762,1.1196,16.3622,1.0791,16.0865,1.0609,15.7483,1.0386,12.4278,1.727,1.0543,0.1465,0.477,0.0663,0.4525,0.0629,0.4361,0.0606,0.4287,0.0596,0.4197,0.0583,0.0,0.0,0.0,0.0,0.0,0.0,0.0,0.0,0.0,0.0,0.0,0.0,0.0,0.0,0.0,0.0,0.0,0.0,0.0,0.0,0.0,0.0,0.0,0.0,0.0,0.0,0.0,0.0,0.0,0.0,0.0,0.0,0.0,0.0,0.0,0.54,0.4691
128,0.001,3,10,100,32,128,256,184,440338,73,30,VicregLoss,gru,/home/dpetrovitch/dzagcoffee/train_trace/gender/checkpoints_2025-10-08 10:26:11.109161_VicregLoss_gru_catboost/model_128_0.001_3_10_100_256_32_128_256_VicregLoss_gruepoch=04.ckpt,4,30,0.04423657,21.8077,1.6677,1e-04,4.4625,1.0464,1.0449,0.8547,497.5883,32.6855,32.7819,2.1534,19.5754,1.2859,18.4246,1.2103,17.673,1.1609,17.3442,1.1393,16.9196,1.1114,15.857,2.854,1.0447,0.188,0.6238,0.1123,0.5872,0.1057,0.5632,0.1014,0.5527,0.0995,0.5392,0.097,0.0,0.0,0.0,0.0,0.0,0.0,0.0,0.0,0.0,0.0,0.0,0.0,0.0,0.0,0.0,0.0,0.0,0.0,0.0,0.0,0.0,0.0,0.0,0.0,0.0,0.0,0.0,0.0,0.0,0.0,0.0,0.0,0.0,0.0,0.0,0.5,0.4466
128,0.001,3,10,100,32,128,256,184,440338,73,30,VicregLoss,gru,/home/dpetrovitch/dzagcoffee/train_trace/gender/checkpoints_2025-10-08 10:26:11.109161_VicregLoss_gru_catboost/model_128_0.001_3_10_100_256_32_128_256_VicregLoss_gruepoch=05.ckpt,5,30,0.042202067,16.3621,1.6683,1e-04,4.7678,1.0229,1.0223,0.9138,417.5129,27.9223,28.7882,1.9253,15.7529,1.0535,15.0915,1.0093,14.5665,0.9742,14.2954,0.956,13.9551,0.9333,9.991,1.179,0.6889,0.0813,0.377,0.0445,0.3611,0.0426,0.3486,0.0411,0.3421,0.0404,0.3339,0.0394,0.0,0.0,0.0,0.0,0.0,0.0,0.0,0.0,0.0,0.0,0.0,0.0,0.0,0.0,0.0,0.0,0.0,0.0,0.0,0.0,0.0,0.0,0.0,0.0,0.0,0.0,0.0,0.0,0.0,0.0,0.0,0.0,0.0,0.0,0.0,0.584,0.5224
128,0.001,3,10,100,32,128,256,184,440338,73,30,VicregLoss,gru,/home/dpetrovitch/dzagcoffee/train_trace/gender/checkpoints_2025-10-08 10:26:11.109161_VicregLoss_gru_catboost/model_128_0.001_3_10_100_256_32_128_256_VicregLoss_gruepoch=06.ckpt,6,30,0.03839861,12.6411,1.6778,0.0,5.6511,1.0202,1.0244,0.9363,340.4429,24.5568,61.8154,4.4589,13.1993,0.9521,12.5857,0.9078,12.0743,0.8709,11.8277,0.8532,11.5084,0.8301,6.5617,0.8423,1.1914,0.1529,0.2544,0.0327,0.2426,0.0311,0.2327,0.0299,0.228,0.0293,0.2218,0.0285,0.0,0.0,0.0,0.0,0.0,0.0,0.0,0.0,0.0,0.0,0.0,0.0,0.0,0.0,0.0,0.0,0.0,0.0,0.0,0.0,0.0,0.0,0.0,0.0,0.0,0.0,0.0,0.0,0.0,0.0,0.0,0.0,0.0,0.0,0.0,0.528,0.4941
128,0.001,3,10,100,32,128,256,184,440338,73,30,VicregLoss,gru,/home/dpetrovitch/dzagcoffee/train_trace/gender/checkpoints_2025-10-08 10:26:11.109161_VicregLoss_gru_catboost/model_128_0.001_3_10_100_256_32_128_256_VicregLoss_gruepoch=07.ckpt,7,30,0.03852282,17.2392,1.6782,1e-04,5.0212,1.0332,1.0333,0.8898,418.5954,30.3726,27.304,1.9811,15.6376,1.1346,15.0134,1.0893,14.5411,1.0551,14.275,1.0358,13.9121,1.0094,10.2979,1.6473,0.6717,0.1075,0.3847,0.0615,0.3693,0.0591,0.3577,0.0572,0.3512,0.0562,0.3423,0.0547,0.0,0.0,0.0,0.0,0.0,0.0,0.0,0.0,0.0,0.0,0.0,0.0,0.0,0.0,0.0,0.0,0.0,0.0,0.0,0.0,0.0,0.0,0.0,0.0,0.0,0.0,0.0,0.0,0.0,0.0,0.0,0.0,0.0,0.0,0.0,0.512,0.4665
128,0.001,3,10,100,32,128,256,184,440338,73,30,VicregLoss,gru,/home/dpetrovitch/dzagcoffee/train_trace/gender/checkpoints_2025-10-08 10:26:11.109161_VicregLoss_gru_catboost/model_128_0.001_3_10_100_256_32_128_256_VicregLoss_gruepoch=08.ckpt,8,30,0.040959943,19.1566,1.676,1e-04,4.7736,1.0358,1.0352,0.8723,459.5352,32.0626,30.2767,2.1125,17.3901,1.2133,16.6658,1.1628,16.1128,1.1242,15.8156,1.1035,15.3931,1.074,15.2547,3.1487,1.0051,0.2075,0.5773,0.1192,0.5532,0.1142,0.5349,0.1104,0.525,0.1084,0.511,0.1055,0.0,0.0,0.0,0.0,0.0,0.0,0.0,0.0,0.0,0.0,0.0,0.0,0.0,0.0,0.0,0.0,0.0,0.0,0.0,0.0,0.0,0.0,0.0,0.0,0.0,0.0,0.0,0.0,0.0,0.0,0.0,0.0,0.0,0.0,0.0,0.5,0.4731
128,0.001,3,10,100,32,128,256,184,440338,73,30,VicregLoss,gru,/home/dpetrovitch/dzagcoffee/train_trace/gender/checkpoints_2025-10-08 10:26:11.109161_VicregLoss_gru_catboost/model_128_0.001_3_10_100_256_32_128_256_VicregLoss_gruepoch=09.ckpt,9,30,0.04708059,14.411,1.6789,1e-04,5.0445,1.0191,1.02,0.9352,379.6001,27.5639,46.9157,3.4067,14.0654,1.0213,13.6048,0.9879,13.197,0.9583,12.9862,0.943,12.6652,0.9197,9.7283,1.6382,1.2023,0.2025,0.3605,0.0607,0.3487,0.0587,0.3382,0.057,0.3328,0.056,0.3246,0.0547,0.0,0.0,0.0,0.0,0.0,0.0,0.0,0.0,0.0,0.0,0.0,0.0,0.0,0.0,0.0,0.0,0.0,0.0,0.0,0.0,0.0,0.0,0.0,0.0,0.0,0.0,0.0,0.0,0.0,0.0,0.0,0.0,0.0,0.0,0.0,0.516,0.4981
128,0.001,3,10,100,32,128,256,184,440338,73,30,VicregLoss,gru,/home/dpetrovitch/dzagcoffee/train_trace/gender/checkpoints_2025-10-08 10:26:11.109161_VicregLoss_gru_catboost/model_128_0.001_3_10_100_256_32_128_256_VicregLoss_gruepoch=10.ckpt,10,30,0.035104852,21.213,1.6722,1e-04,4.6423,1.0431,1.0393,0.8644,488.5926,33.4869,31.3532,2.1489,18.1286,1.2425,17.4154,1.1936,16.866,1.156,16.5635,1.1352,16.1538,1.1071,13.576,3.1082,0.8712,0.1995,0.5037,0.1153,0.4839,0.1108,0.4686,0.1073,0.4602,0.1054,0.4488,0.1028,0.0,0.0,0.0,0.0,0.0,0.0,0.0,0.0,0.0,0.0,0.0,0.0,0.0,0.0,0.0,0.0,0.0,0.0,0.0,0.0,0.0,0.0,0.0,0.0,0.0,0.0,0.0,0.0,0.0,0.0,0.0,0.0,0.0,0.0,0.0,0.5,0.4611
128,0.001,3,10,100,32,128,256,184,440338,73,30,VicregLoss,gru,/home/dpetrovitch/dzagcoffee/train_trace/gender/checkpoints_2025-10-08 10:26:11.109161_VicregLoss_gru_catboost/model_128_0.001_3_10_100_256_32_128_256_VicregLoss_gruepoch=11.ckpt,11,30,0.04089998,21.0876,1.6755,1e-04,4.584,1.0387,1.0376,0.8773,497.834,34.1571,40.7232,2.7941,18.4748,1.2676,17.5723,1.2057,17.0466,1.1696,16.7331,1.1481,16.4108,1.126,14.8859,4.0498,1.2177,0.3313,0.5524,0.1503,0.5254,0.1429,0.5097,0.1387,0.5003,0.1361,0.4907,0.1335,0.0,0.0,0.0,0.0,0.0,0.0,0.0,0.0,0.0,0.0,0.0,0.0,0.0,0.0,0.0,0.0,0.0,0.0,0.0,0.0,0.0,0.0,0.0,0.0,0.0,0.0,0.0,0.0,0.0,0.0,0.0,0.0,0.0,0.0,0.0,0.556,0.4781
128,0.001,3,10,100,32,128,256,184,440338,73,30,VicregLoss,gru,/home/dpetrovitch/dzagcoffee/train_trace/gender/checkpoints_2025-10-08 10:26:11.109161_VicregLoss_gru_catboost/model_128_0.001_3_10_100_256_32_128_256_VicregLoss_gruepoch=12.ckpt,12,30,0.04395388,20.1891,1.6757,1e-04,4.5726,1.0303,1.0286,0.9004,481.6644,33.4021,42.1857,2.9255,17.8521,1.238,17.1543,1.1896,16.6033,1.1514,16.3377,1.133,16.025,1.1113,14.6966,2.8265,1.2872,0.2476,0.5447,0.1048,0.5234,0.1007,0.5066,0.0974,0.4985,0.0959,0.489,0.094,0.0,0.0,0.0,0.0,0.0,0.0,0.0,0.0,0.0,0.0,0.0,0.0,0.0,0.0,0.0,0.0,0.0,0.0,0.0,0.0,0.0,0.0,0.0,0.0,0.0,0.0,0.0,0.0,0.0,0.0,0.0,0.0,0.0,0.0,0.0,0.532,0.483
128,0.001,3,10,100,32,128,256,184,440338,73,30,VicregLoss,gru,/home/dpetrovitch/dzagcoffee/train_trace/gender/checkpoints_2025-10-08 10:26:11.109161_VicregLoss_gru_catboost/model_128_0.001_3_10_100_256_32_128_256_VicregLoss_gruepoch=13.ckpt,13,30,0.039679278,22.582,1.6768,1e-04,4.8025,1.0453,1.0443,0.8591,518.5734,36.7275,34.3624,2.4337,19.3462,1.3702,18.3954,1.3028,17.7051,1.2539,17.3909,1.2317,17.0562,1.208,16.2976,2.6043,1.0799,0.1726,0.608,0.0972,0.5781,0.0924,0.5564,0.0889,0.5466,0.0873,0.536,0.0857,0.0,0.0,0.0,0.0,0.0,0.0,0.0,0.0,0.0,0.0,0.0,0.0,0.0,0.0,0.0,0.0,0.0,0.0,0.0,0.0,0.0,0.0,0.0,0.0,0.0,0.0,0.0,0.0,0.0,0.0,0.0,0.0,0.0,0.0,0.0,0.516,0.4629
128,0.001,3,10,100,32,128,256,184,440338,73,30,VicregLoss,gru,/home/dpetrovitch/dzagcoffee/train_trace/gender/checkpoints_2025-10-08 10:26:11.109161_VicregLoss_gru_catboost/model_128_0.001_3_10_100_256_32_128_256_VicregLoss_gruepoch=14.ckpt,14,30,0.0438468,22.8416,1.6771,1e-04,4.7709,1.047,1.0466,0.8468,522.1855,36.7218,31.9215,2.2448,19.593,1.3778,18.7115,1.3159,17.9841,1.2647,17.6712,1.2427,17.3067,1.2171,13.6054,2.9839,0.8317,0.1824,0.5105,0.112,0.4875,0.1069,0.4686,0.1028,0.4604,0.101,0.4509,0.0989,0.0,0.0,0.0,0.0,0.0,0.0,0.0,0.0,0.0,0.0,0.0,0.0,0.0,0.0,0.0,0.0,0.0,0.0,0.0,0.0,0.0,0.0,0.0,0.0,0.0,0.0,0.0,0.0,0.0,0.0,0.0,0.0,0.0,0.0,0.0,0.524,0.517
128,0.001,3,10,100,32,128,256,184,440338,73,30,VicregLoss,gru,/home/dpetrovitch/dzagcoffee/train_trace/gender/checkpoints_2025-10-08 10:26:11.109161_VicregLoss_gru_catboost/model_128_0.001_3_10_100_256_32_128_256_VicregLoss_gruepoch=15.ckpt,15,30,0.04437791,24.7104,1.6736,1e-04,4.7603,1.0513,1.0516,0.8224,559.7692,39.0952,34.9748,2.4427,21.3558,1.4915,20.3065,1.4182,19.3817,1.3537,18.9996,1.327,18.5264,1.2939,19.5073,3.8965,1.2188,0.2435,0.7442,0.1487,0.7077,0.1414,0.6754,0.1349,0.6621,0.1323,0.6456,0.129,0.0,0.0,0.0,0.0,0.0,0.0,0.0,0.0,0.0,0.0,0.0,0.0,0.0,0.0,0.0,0.0,0.0,0.0,0.0,0.0,0.0,0.0,0.0,0.0,0.0,0.0,0.0,0.0,0.0,0.0,0.0,0.0,0.0,0.0,0.0,0.588,0.5265
128,0.001,3,10,100,32,128,256,184,440338,73,30,VicregLoss,gru,/home/dpetrovitch/dzagcoffee/train_trace/gender/checkpoints_2025-10-08 10:26:11.109161_VicregLoss_gru_catboost/model_128_0.001_3_10_100_256_32_128_256_VicregLoss_gruepoch=16.ckpt,16,30,0.052250374,22.1386,1.6743,1e-04,4.6759,1.0441,1.0418,0.8495,514.7901,36.0035,47.727,3.3379,19.4995,1.3638,18.3105,1.2806,17.6505,1.2344,17.2577,1.207,16.8754,1.1802,14.937,3.3203,1.3848,0.3078,0.5658,0.1258,0.5313,0.1181,0.5121,0.1138,0.5007,0.1113,0.4897,0.1088,0.0,0.0,0.0,0.0,0.0,0.0,0.0,0.0,0.0,0.0,0.0,0.0,0.0,0.0,0.0,0.0,0.0,0.0,0.0,0.0,0.0,0.0,0.0,0.0,0.0,0.0,0.0,0.0,0.0,0.0,0.0,0.0,0.0,0.0,0.0,0.548,0.5277
128,0.001,3,10,100,32,128,256,184,440338,73,30,VicregLoss,gru,/home/dpetrovitch/dzagcoffee/train_trace/gender/checkpoints_2025-10-08 10:26:11.109161_VicregLoss_gru_catboost/model_128_0.001_3_10_100_256_32_128_256_VicregLoss_gruepoch=17.ckpt,17,30,0.045088917,21.2025,1.677,1e-04,4.8088,1.0425,1.0416,0.869,503.4912,35.0482,33.206,2.3115,18.9125,1.3165,17.9374,1.2486,17.2883,1.2034,16.9217,1.1779,16.5289,1.1506,11.6608,2.2741,0.769,0.15,0.438,0.0854,0.4154,0.081,0.4004,0.0781,0.3919,0.0764,0.3828,0.0747,0.0,0.0,0.0,0.0,0.0,0.0,0.0,0.0,0.0,0.0,0.0,0.0,0.0,0.0,0.0,0.0,0.0,0.0,0.0,0.0,0.0,0.0,0.0,0.0,0.0,0.0,0.0,0.0,0.0,0.0,0.0,0.0,0.0,0.0,0.0,0.536,0.4837
128,0.001,3,10,100,32,128,256,184,440338,73,30,VicregLoss,gru,/home/dpetrovitch/dzagcoffee/train_trace/gender/checkpoints_2025-10-08 10:26:11.109161_VicregLoss_gru_catboost/model_128_0.001_3_10_100_256_32_128_256_VicregLoss_gruepoch=18.ckpt,18,30,0.05037863,20.3638,1.6742,1e-04,4.8168,1.034,1.0334,0.8851,498.4168,34.8457,35.3853,2.4739,18.7726,1.3124,17.8589,1.2486,17.2498,1.206,16.8599,1.1787,16.456,1.1505,15.2698,3.4369,1.0841,0.244,0.5751,0.1294,0.5471,0.1231,0.5285,0.1189,0.5165,0.1163,0.5042,0.1135,0.0,0.0,0.0,0.0,0.0,0.0,0.0,0.0,0.0,0.0,0.0,0.0,0.0,0.0,0.0,0.0,0.0,0.0,0.0,0.0,0.0,0.0,0.0,0.0,0.0,0.0,0.0,0.0,0.0,0.0,0.0,0.0,0.0,0.0,0.0,0.58,0.5233
128,0.001,3,10,100,32,128,256,184,440338,73,30,VicregLoss,gru,/home/dpetrovitch/dzagcoffee/train_trace/gender/checkpoints_2025-10-08 10:26:11.109161_VicregLoss_gru_catboost/model_128_0.001_3_10_100_256_32_128_256_VicregLoss_gruepoch=19.ckpt,19,30,0.049787555,17.5092,1.6773,1e-04,4.8683,1.0237,1.0233,0.9138,442.5103,31.649,34.5933,2.4742,16.3737,1.1711,15.7438,1.126,15.2194,1.0885,14.9258,1.0675,14.5455,1.0403,12.9294,2.2656,1.0108,0.1771,0.4784,0.0838,0.46,0.0806,0.4447,0.0779,0.4361,0.0764,0.425,0.0745,0.0,0.0,0.0,0.0,0.0,0.0,0.0,0.0,0.0,0.0,0.0,0.0,0.0,0.0,0.0,0.0,0.0,0.0,0.0,0.0,0.0,0.0,0.0,0.0,0.0,0.0,0.0,0.0,0.0,0.0,0.0,0.0,0.0,0.0,0.0,0.624,0.5443
128,0.001,3,10,100,32,128,256,184,440338,73,30,VicregLoss,gru,/home/dpetrovitch/dzagcoffee/train_trace/gender/checkpoints_2025-10-08 10:26:11.109161_VicregLoss_gru_catboost/model_128_0.001_3_10_100_256_32_128_256_VicregLoss_gruepoch=20.ckpt,20,30,0.049119383,22.5665,1.6756,1e-04,4.7294,1.0442,1.0435,0.846,530.9658,36.1031,35.6589,2.4246,20.3052,1.3807,19.0927,1.2982,18.3343,1.2466,17.9021,1.2173,17.4676,1.1877,15.5678,4.0646,1.0455,0.273,0.5953,0.1554,0.5598,0.1462,0.5376,0.1404,0.5249,0.137,0.5121,0.1337,0.0,0.0,0.0,0.0,0.0,0.0,0.0,0.0,0.0,0.0,0.0,0.0,0.0,0.0,0.0,0.0,0.0,0.0,0.0,0.0,0.0,0.0,0.0,0.0,0.0,0.0,0.0,0.0,0.0,0.0,0.0,0.0,0.0,0.0,0.0,0.548,0.526
128,0.001,3,10,100,32,128,256,184,440338,73,30,VicregLoss,gru,/home/dpetrovitch/dzagcoffee/train_trace/gender/checkpoints_2025-10-08 10:26:11.109161_VicregLoss_gru_catboost/model_128_0.001_3_10_100_256_32_128_256_VicregLoss_gruepoch=21.ckpt,21,30,0.04718767,23.5686,1.6714,1e-04,4.67,1.0465,1.0459,0.8381,563.2042,38.2324,36.4954,2.4774,21.6963,1.4728,20.4247,1.3865,19.5481,1.327,19.0657,1.2942,18.578,1.2611,15.042,2.477,0.9747,0.1605,0.5795,0.0954,0.5455,0.0898,0.5221,0.086,0.5092,0.0839,0.4962,0.0817,0.0,0.0,0.0,0.0,0.0,0.0,0.0,0.0,0.0,0.0,0.0,0.0,0.0,0.0,0.0,0.0,0.0,0.0,0.0,0.0,0.0,0.0,0.0,0.0,0.0,0.0,0.0,0.0,0.0,0.0,0.0,0.0,0.0,0.0,0.0,0.544,0.5032
128,0.001,3,10,100,32,128,256,184,440338,73,30,VicregLoss,gru,/home/dpetrovitch/dzagcoffee/train_trace/gender/checkpoints_2025-10-08 10:26:11.109161_VicregLoss_gru_catboost/model_128_0.001_3_10_100_256_32_128_256_VicregLoss_gruepoch=22.ckpt,22,30,0.04983467,18.9715,1.6749,1e-04,4.7648,1.0343,1.0334,0.8867,473.2324,33.7866,31.7131,2.2642,17.5265,1.2513,16.7471,1.1957,16.1982,1.1565,15.8767,1.1335,15.5333,1.109,13.4398,3.1633,0.9007,0.212,0.4978,0.1172,0.4756,0.1119,0.46,0.1083,0.4509,0.1061,0.4411,0.1038,0.0,0.0,0.0,0.0,0.0,0.0,0.0,0.0,0.0,0.0,0.0,0.0,0.0,0.0,0.0,0.0,0.0,0.0,0.0,0.0,0.0,0.0,0.0,0.0,0.0,0.0,0.0,0.0,0.0,0.0,0.0,0.0,0.0,0.0,0.0,0.54,0.4986
128,0.001,3,10,100,32,128,256,184,440338,73,30,VicregLoss,gru,/home/dpetrovitch/dzagcoffee/train_trace/gender/checkpoints_2025-10-08 10:26:11.109161_VicregLoss_gru_catboost/model_128_0.001_3_10_100_256_32_128_256_VicregLoss_gruepoch=23.ckpt,23,30,0.05074699,21.5138,1.6731,1e-04,4.8288,1.0422,1.0418,0.8548,517.789,35.7846,33.3278,2.3033,19.6021,1.3547,18.647,1.2887,17.8968,1.2369,17.5001,1.2094,17.0742,1.18,12.9224,2.5237,0.8318,0.1624,0.4892,0.0955,0.4654,0.0909,0.4466,0.0872,0.4368,0.0853,0.4261,0.0832,0.0,0.0,0.0,0.0,0.0,0.0,0.0,0.0,0.0,0.0,0.0,0.0,0.0,0.0,0.0,0.0,0.0,0.0,0.0,0.0,0.0,0.0,0.0,0.0,0.0,0.0,0.0,0.0,0.0,0.0,0.0,0.0,0.0,0.0,0.0,0.536,0.4779
128,0.001,3,10,100,32,128,256,184,440338,73,30,VicregLoss,gru,/home/dpetrovitch/dzagcoffee/train_trace/gender/checkpoints_2025-10-08 10:26:11.109161_VicregLoss_gru_catboost/model_128_0.001_3_10_100_256_32_128_256_VicregLoss_gruepoch=24.ckpt,24,30,0.04505037,23.6376,1.6745,1e-04,4.9516,1.0492,1.0512,0.843,533.3705,37.5295,34.916,2.4568,20.4248,1.4372,19.2815,1.3567,18.5496,1.3052,18.2156,1.2817,17.7744,1.2507,13.1808,2.5374,0.8629,0.1661,0.5047,0.0972,0.4765,0.0917,0.4584,0.0882,0.4501,0.0867,0.4392,0.0846,0.0,0.0,0.0,0.0,0.0,0.0,0.0,0.0,0.0,0.0,0.0,0.0,0.0,0.0,0.0,0.0,0.0,0.0,0.0,0.0,0.0,0.0,0.0,0.0,0.0,0.0,0.0,0.0,0.0,0.0,0.0,0.0,0.0,0.0,0.0,0.516,0.473
128,0.001,3,10,100,32,128,256,184,440338,73,30,VicregLoss,gru,/home/dpetrovitch/dzagcoffee/train_trace/gender/checkpoints_2025-10-08 10:26:11.109161_VicregLoss_gru_catboost/model_128_0.001_3_10_100_256_32_128_256_VicregLoss_gruepoch=25.ckpt,25,30,0.047770184,23.0576,1.6764,1e-04,4.8404,1.0431,1.0421,0.8459,525.6026,37.5759,34.498,2.4663,19.8182,1.4168,18.8024,1.3442,18.1367,1.2966,17.8511,1.2762,17.4357,1.2465,11.4677,1.6325,0.7527,0.1071,0.4324,0.0616,0.4102,0.0584,0.3957,0.0563,0.3895,0.0554,0.3804,0.0542,0.0,0.0,0.0,0.0,0.0,0.0,0.0,0.0,0.0,0.0,0.0,0.0,0.0,0.0,0.0,0.0,0.0,0.0,0.0,0.0,0.0,0.0,0.0,0.0,0.0,0.0,0.0,0.0,0.0,0.0,0.0,0.0,0.0,0.0,0.0,0.508,0.4805
128,0.001,3,10,100,32,128,256,184,440338,73,30,VicregLoss,gru,/home/dpetrovitch/dzagcoffee/train_trace/gender/checkpoints_2025-10-08 10:26:11.109161_VicregLoss_gru_catboost/model_128_0.001_3_10_100_256_32_128_256_VicregLoss_gruepoch=26.ckpt,26,30,0.0512267,23.7637,1.6758,1e-04,4.7543,1.0415,1.0408,0.8497,543.154,37.6928,36.6668,2.5445,20.7538,1.4402,19.6059,1.3606,18.8364,1.3072,18.5179,1.2851,18.0665,1.2537,16.0457,2.3589,1.0832,0.1592,0.6131,0.0901,0.5792,0.0851,0.5565,0.0818,0.5471,0.0804,0.5337,0.0785,0.0,0.0,0.0,0.0,0.0,0.0,0.0,0.0,0.0,0.0,0.0,0.0,0.0,0.0,0.0,0.0,0.0,0.0,0.0,0.0,0.0,0.0,0.0,0.0,0.0,0.0,0.0,0.0,0.0,0.0,0.0,0.0,0.0,0.0,0.0,0.512,0.488
128,0.001,3,10,100,32,128,256,184,440338,73,30,VicregLoss,gru,/home/dpetrovitch/dzagcoffee/train_trace/gender/checkpoints_2025-10-08 10:26:11.109161_VicregLoss_gru_catboost/model_128_0.001_3_10_100_256_32_128_256_VicregLoss_gruepoch=27.ckpt,27,30,0.047633123,21.5467,1.6741,1e-04,4.7764,1.0364,1.0355,0.8711,505.5051,35.6545,31.5899,2.2281,18.9996,1.3401,18.0988,1.2765,17.4937,1.2339,17.2191,1.2145,16.8132,1.1859,15.8578,3.1699,0.991,0.1981,0.596,0.1191,0.5678,0.1135,0.5488,0.1097,0.5402,0.108,0.5274,0.1054,0.0,0.0,0.0,0.0,0.0,0.0,0.0,0.0,0.0,0.0,0.0,0.0,0.0,0.0,0.0,0.0,0.0,0.0,0.0,0.0,0.0,0.0,0.0,0.0,0.0,0.0,0.0,0.0,0.0,0.0,0.0,0.0,0.0,0.0,0.0,0.572,0.5023
128,0.001,3,10,100,32,128,256,184,440338,73,30,VicregLoss,gru,/home/dpetrovitch/dzagcoffee/train_trace/gender/checkpoints_2025-10-08 10:26:11.109161_VicregLoss_gru_catboost/model_128_0.001_3_10_100_256_32_128_256_VicregLoss_gruepoch=28.ckpt,28,30,0.045988385,23.0557,1.6749,1e-04,4.788,1.0413,1.0414,0.8505,537.0266,37.8618,33.875,2.3883,20.6369,1.455,19.4865,1.3739,18.7681,1.3232,18.4438,1.3003,17.9477,1.2654,16.0857,2.9895,1.0147,0.1886,0.6181,0.1149,0.5837,0.1085,0.5622,0.1045,0.5524,0.1027,0.5376,0.0999,0.0,0.0,0.0,0.0,0.0,0.0,0.0,0.0,0.0,0.0,0.0,0.0,0.0,0.0,0.0,0.0,0.0,0.0,0.0,0.0,0.0,0.0,0.0,0.0,0.0,0.0,0.0,0.0,0.0,0.0,0.0,0.0,0.0,0.0,0.0,0.536,0.4994
128,0.001,3,10,100,32,128,256,184,440338,73,30,VicregLoss,gru,/home/dpetrovitch/dzagcoffee/train_trace/gender/checkpoints_2025-10-08 10:26:11.109161_VicregLoss_gru_catboost/model_128_0.001_3_10_100_256_32_128_256_VicregLoss_gruepoch=29.ckpt,29,30,0.048609685,19.6585,1.6744,1e-04,4.7797,1.0302,1.0289,0.8842,468.3648,32.028,31.66,2.165,17.5473,1.1999,16.7928,1.1483,16.2201,1.1092,15.9331,1.0895,15.5484,1.0632,11.4042,1.9783,0.7709,0.1337,0.4273,0.0741,0.4089,0.0709,0.3949,0.0685,0.388,0.0673,0.3786,0.0657,0.0,0.0,0.0,0.0,0.0,0.0,0.0,0.0,0.0,0.0,0.0,0.0,0.0,0.0,0.0,0.0,0.0,0.0,0.0,0.0,0.0,0.0,0.0,0.0,0.0,0.0,0.0,0.0,0.0,0.0,0.0,0.0,0.0,0.0,0.0,0.556,0.5029
128,0.001,3,10,100,32,16,64,184,440338,73,30,VicregLoss,gru,/home/dpetrovitch/dzagcoffee/train_trace/gender/checkpoints_2025-10-08 10:26:11.109161_VicregLoss_gru_catboost/model_128_0.001_3_10_100_64_32_16_64_VicregLoss_gruepoch=00.ckpt,0,30,0.036004316,6.4856,6.5807,0.0013,3.3809,1.0112,1.0169,0.9463,170.2962,12.2108,189.9396,13.6193,29.4172,2.1093,12.7677,0.9155,12.3106,0.8827,12.1332,0.87,11.9169,0.8545,5.1632,0.814,5.7587,0.9079,0.8919,0.1406,0.3871,0.061,0.3732,0.0588,0.3679,0.058,0.3613,0.057,0.0,0.0,0.0,0.0,0.0,0.0,0.0,0.0,0.0,0.0,0.0,0.0,0.0,0.0,0.0,0.0,0.0,0.0,0.0,0.0,0.0,0.0,0.0,0.0,0.0,0.0,0.0,0.0,0.0,0.0,0.0,0.0,0.0,0.0,0.0,0.56,0.5145
128,0.001,3,10,100,32,16,64,184,440338,73,30,VicregLoss,gru,/home/dpetrovitch/dzagcoffee/train_trace/gender/checkpoints_2025-10-08 10:26:11.109161_VicregLoss_gru_catboost/model_128_0.001_3_10_100_64_32_16_64_VicregLoss_gruepoch=01.ckpt,1,30,0.041473925,8.1714,6.4344,0.0016,3.1699,1.0168,1.0205,0.9114,209.1786,13.2822,85.1894,5.4093,17.5774,1.1161,16.2762,1.0335,15.609,0.9911,15.2721,0.9697,14.9067,0.9465,5.8696,0.5642,2.3904,0.2298,0.4932,0.0474,0.4567,0.0439,0.438,0.0421,0.4285,0.0412,0.4183,0.0402,0.0,0.0,0.0,0.0,0.0,0.0,0.0,0.0,0.0,0.0,0.0,0.0,0.0,0.0,0.0,0.0,0.0,0.0,0.0,0.0,0.0,0.0,0.0,0.0,0.0,0.0,0.0,0.0,0.0,0.0,0.0,0.0,0.0,0.0,0.0,0.516,0.4936
128,0.001,3,10,100,32,16,64,184,440338,73,30,VicregLoss,gru,/home/dpetrovitch/dzagcoffee/train_trace/gender/checkpoints_2025-10-08 10:26:11.109161_VicregLoss_gru_catboost/model_128_0.001_3_10_100_64_32_16_64_VicregLoss_gruepoch=02.ckpt,2,30,0.040150423,10.0409,6.3068,0.0024,3.0453,1.0251,1.0246,0.8743,256.8118,14.8858,40.0426,2.321,21.8339,1.2656,20.4088,1.183,19.4502,1.1274,19.0124,1.102,18.5283,1.074,8.0093,0.9045,1.2488,0.141,0.6809,0.0769,0.6365,0.0719,0.6066,0.0685,0.5929,0.067,0.5779,0.0653,0.0,0.0,0.0,0.0,0.0,0.0,0.0,0.0,0.0,0.0,0.0,0.0,0.0,0.0,0.0,0.0,0.0,0.0,0.0,0.0,0.0,0.0,0.0,0.0,0.0,0.0,0.0,0.0,0.0,0.0,0.0,0.0,0.0,0.0,0.0,0.556,0.5174
128,0.001,3,10,100,32,16,64,184,440338,73,30,VicregLoss,gru,/home/dpetrovitch/dzagcoffee/train_trace/gender/checkpoints_2025-10-08 10:26:11.109161_VicregLoss_gru_catboost/model_128_0.001_3_10_100_64_32_16_64_VicregLoss_gruepoch=03.ckpt,3,30,0.044219434,11.0903,6.0765,0.0027,3.0164,1.0298,1.0285,0.844,285.6074,16.3271,46.3677,2.6507,25.2482,1.4434,23.2637,1.3299,21.9938,1.2573,21.423,1.2247,20.8212,1.1903,10.4051,1.1287,1.6892,0.1832,0.9198,0.0998,0.8475,0.0919,0.8013,0.0869,0.7805,0.0847,0.7585,0.0823,0.0,0.0,0.0,0.0,0.0,0.0,0.0,0.0,0.0,0.0,0.0,0.0,0.0,0.0,0.0,0.0,0.0,0.0,0.0,0.0,0.0,0.0,0.0,0.0,0.0,0.0,0.0,0.0,0.0,0.0,0.0,0.0,0.0,0.0,0.0,0.52,0.4836
128,0.001,3,10,100,32,16,64,184,440338,73,30,VicregLoss,gru,/home/dpetrovitch/dzagcoffee/train_trace/gender/checkpoints_2025-10-08 10:26:11.109161_VicregLoss_gru_catboost/model_128_0.001_3_10_100_64_32_16_64_VicregLoss_gruepoch=04.ckpt,4,30,0.049384937,10.9084,6.1706,0.0026,3.0291,1.0301,1.0275,0.8663,276.3963,15.5403,47.282,2.6584,24.422,1.3731,22.6364,1.2727,21.3944,1.2029,20.8546,1.1725,20.2467,1.1384,8.0315,0.8948,1.3739,0.1531,0.7097,0.0791,0.6578,0.0733,0.6217,0.0693,0.606,0.0675,0.5883,0.0655,0.0,0.0,0.0,0.0,0.0,0.0,0.0,0.0,0.0,0.0,0.0,0.0,0.0,0.0,0.0,0.0,0.0,0.0,0.0,0.0,0.0,0.0,0.0,0.0,0.0,0.0,0.0,0.0,0.0,0.0,0.0,0.0,0.0,0.0,0.0,0.512,0.4916
128,0.001,3,10,100,32,16,64,184,440338,73,30,VicregLoss,gru,/home/dpetrovitch/dzagcoffee/train_trace/gender/checkpoints_2025-10-08 10:26:11.109161_VicregLoss_gru_catboost/model_128_0.001_3_10_100_64_32_16_64_VicregLoss_gruepoch=05.ckpt,5,30,0.04828416,10.1483,6.1442,0.0023,3.0773,1.0269,1.0225,0.9029,257.7171,15.0067,39.6138,2.3067,21.6126,1.2585,20.4277,1.1895,19.5483,1.1383,19.0671,1.1103,18.4506,1.0744,8.0139,0.7548,1.2318,0.116,0.6721,0.0633,0.6352,0.0598,0.6079,0.0573,0.5929,0.0558,0.5737,0.054,0.0,0.0,0.0,0.0,0.0,0.0,0.0,0.0,0.0,0.0,0.0,0.0,0.0,0.0,0.0,0.0,0.0,0.0,0.0,0.0,0.0,0.0,0.0,0.0,0.0,0.0,0.0,0.0,0.0,0.0,0.0,0.0,0.0,0.0,0.0,0.532,0.5287
128,0.001,3,10,100,32,16,64,184,440338,73,30,VicregLoss,gru,/home/dpetrovitch/dzagcoffee/train_trace/gender/checkpoints_2025-10-08 10:26:11.109161_VicregLoss_gru_catboost/model_128_0.001_3_10_100_64_32_16_64_VicregLoss_gruepoch=06.ckpt,6,30,0.04734615,9.8971,6.233,0.0024,3.0222,1.022,1.0225,0.903,254.8263,14.9119,42.5224,2.4883,21.6688,1.268,20.3155,1.1888,19.2991,1.1293,18.8238,1.1015,18.2731,1.0693,8.8664,1.171,1.4795,0.1954,0.7539,0.0996,0.7069,0.0934,0.6715,0.0887,0.655,0.0865,0.6358,0.084,0.0,0.0,0.0,0.0,0.0,0.0,0.0,0.0,0.0,0.0,0.0,0.0,0.0,0.0,0.0,0.0,0.0,0.0,0.0,0.0,0.0,0.0,0.0,0.0,0.0,0.0,0.0,0.0,0.0,0.0,0.0,0.0,0.0,0.0,0.0,0.556,0.5008
128,0.001,3,10,100,32,16,64,184,440338,73,30,VicregLoss,gru,/home/dpetrovitch/dzagcoffee/train_trace/gender/checkpoints_2025-10-08 10:26:11.109161_VicregLoss_gru_catboost/model_128_0.001_3_10_100_64_32_16_64_VicregLoss_gruepoch=07.ckpt,7,30,0.04804002,12.4307,6.1303,0.0031,3.0122,1.0402,1.0397,0.8199,310.6195,17.3309,51.3258,2.8637,29.3212,1.636,26.5413,1.4809,24.7627,1.3816,23.8686,1.3317,22.8819,1.2767,10.9333,1.4315,1.8066,0.2365,1.0321,0.1351,0.9342,0.1223,0.8716,0.1141,0.8401,0.11,0.8054,0.1055,0.0,0.0,0.0,0.0,0.0,0.0,0.0,0.0,0.0,0.0,0.0,0.0,0.0,0.0,0.0,0.0,0.0,0.0,0.0,0.0,0.0,0.0,0.0,0.0,0.0,0.0,0.0,0.0,0.0,0.0,0.0,0.0,0.0,0.0,0.0,0.54,0.5149
128,0.001,3,10,100,32,16,64,184,440338,73,30,VicregLoss,gru,/home/dpetrovitch/dzagcoffee/train_trace/gender/checkpoints_2025-10-08 10:26:11.109161_VicregLoss_gru_catboost/model_128_0.001_3_10_100_64_32_16_64_VicregLoss_gruepoch=08.ckpt,8,30,0.051762093,13.0759,5.7102,0.0034,3.0306,1.0513,1.0513,0.7923,325.4563,17.8102,58.7456,3.2148,32.7363,1.7915,29.2114,1.5986,26.83,1.4682,25.6884,1.4058,24.4665,1.3389,14.1802,1.7806,2.5596,0.3214,1.4263,0.1791,1.2727,0.1598,1.169,0.1468,1.1193,0.1405,1.066,0.1339,0.0,0.0,0.0,0.0,0.0,0.0,0.0,0.0,0.0,0.0,0.0,0.0,0.0,0.0,0.0,0.0,0.0,0.0,0.0,0.0,0.0,0.0,0.0,0.0,0.0,0.0,0.0,0.0,0.0,0.0,0.0,0.0,0.0,0.0,0.0,0.544,0.5306
128,0.001,3,10,100,32,16,64,184,440338,73,30,VicregLoss,gru,/home/dpetrovitch/dzagcoffee/train_trace/gender/checkpoints_2025-10-08 10:26:11.109161_VicregLoss_gru_catboost/model_128_0.001_3_10_100_64_32_16_64_VicregLoss_gruepoch=09.ckpt,9,30,0.049303558,12.6198,6.1582,0.003,3.0114,1.051,1.0502,0.7941,312.6523,17.3924,53.4666,2.9743,29.8403,1.66,27.218,1.5141,25.2902,1.4069,24.3491,1.3545,23.3188,1.2972,11.4895,1.2588,1.9648,0.2153,1.0966,0.1201,1.0002,0.1096,0.9294,0.1018,0.8948,0.098,0.8569,0.0939,0.0,0.0,0.0,0.0,0.0,0.0,0.0,0.0,0.0,0.0,0.0,0.0,0.0,0.0,0.0,0.0,0.0,0.0,0.0,0.0,0.0,0.0,0.0,0.0,0.0,0.0,0.0,0.0,0.0,0.0,0.0,0.0,0.0,0.0,0.0,0.512,0.5103
128,0.001,3,10,100,32,16,64,184,440338,73,30,VicregLoss,gru,/home/dpetrovitch/dzagcoffee/train_trace/gender/checkpoints_2025-10-08 10:26:11.109161_VicregLoss_gru_catboost/model_128_0.001_3_10_100_64_32_16_64_VicregLoss_gruepoch=10.ckpt,10,30,0.05088833,13.1769,5.9936,0.0033,3.0062,1.0664,1.0662,0.7745,324.6584,17.7113,54.9101,2.9956,32.3614,1.7654,29.0818,1.5865,26.8282,1.4636,25.7196,1.4031,24.547,1.3391,13.9939,1.8343,2.3668,0.3102,1.3949,0.1828,1.2535,0.1643,1.1564,0.1516,1.1086,0.1453,1.0581,0.1387,0.0,0.0,0.0,0.0,0.0,0.0,0.0,0.0,0.0,0.0,0.0,0.0,0.0,0.0,0.0,0.0,0.0,0.0,0.0,0.0,0.0,0.0,0.0,0.0,0.0,0.0,0.0,0.0,0.0,0.0,0.0,0.0,0.0,0.0,0.0,0.512,0.4745
128,0.001,3,10,100,32,16,64,184,440338,73,30,VicregLoss,gru,/home/dpetrovitch/dzagcoffee/train_trace/gender/checkpoints_2025-10-08 10:26:11.109161_VicregLoss_gru_catboost/model_128_0.001_3_10_100_64_32_16_64_VicregLoss_gruepoch=11.ckpt,11,30,0.05145799,12.4613,5.4062,0.0032,3.0088,1.0636,1.0638,0.8018,307.9408,16.8754,47.9793,2.6293,29.0964,1.5945,26.7608,1.4665,25.0126,1.3707,24.1445,1.3231,23.1867,1.2707,12.3026,1.876,1.9168,0.2923,1.1624,0.1773,1.0691,0.163,0.9993,0.1524,0.9646,0.1471,0.9263,0.1413,0.0,0.0,0.0,0.0,0.0,0.0,0.0,0.0,0.0,0.0,0.0,0.0,0.0,0.0,0.0,0.0,0.0,0.0,0.0,0.0,0.0,0.0,0.0,0.0,0.0,0.0,0.0,0.0,0.0,0.0,0.0,0.0,0.0,0.0,0.0,0.52,0.494
128,0.001,3,10,100,32,16,64,184,440338,73,30,VicregLoss,gru,/home/dpetrovitch/dzagcoffee/train_trace/gender/checkpoints_2025-10-08 10:26:11.109161_VicregLoss_gru_catboost/model_128_0.001_3_10_100_64_32_16_64_VicregLoss_gruepoch=12.ckpt,12,30,0.056473583,13.7844,6.0402,0.0036,3.0271,1.115,1.1136,0.7094,333.2088,17.9393,51.0209,2.7469,33.6377,1.811,30.2601,1.6291,27.8653,1.5002,26.7262,1.4389,25.5395,1.375,14.3543,2.5639,2.1979,0.3926,1.4491,0.2588,1.3036,0.2328,1.2004,0.2144,1.1513,0.2056,1.1002,0.1965,0.0,0.0,0.0,0.0,0.0,0.0,0.0,0.0,0.0,0.0,0.0,0.0,0.0,0.0,0.0,0.0,0.0,0.0,0.0,0.0,0.0,0.0,0.0,0.0,0.0,0.0,0.0,0.0,0.0,0.0,0.0,0.0,0.0,0.0,0.0,0.54,0.5115
128,0.001,3,10,100,32,16,64,184,440338,73,30,VicregLoss,gru,/home/dpetrovitch/dzagcoffee/train_trace/gender/checkpoints_2025-10-08 10:26:11.109161_VicregLoss_gru_catboost/model_128_0.001_3_10_100_64_32_16_64_VicregLoss_gruepoch=13.ckpt,13,30,0.05367239,14.419,5.8414,0.0039,3.0665,1.2042,1.2018,0.6315,338.7067,17.8914,48.5199,2.563,35.5483,1.8778,31.9623,1.6883,29.224,1.5437,27.9749,1.4777,26.6194,1.4061,12.172,2.579,1.7436,0.3694,1.2775,0.2707,1.1486,0.2434,1.0502,0.2225,1.0053,0.213,0.9566,0.2027,0.0,0.0,0.0,0.0,0.0,0.0,0.0,0.0,0.0,0.0,0.0,0.0,0.0,0.0,0.0,0.0,0.0,0.0,0.0,0.0,0.0,0.0,0.0,0.0,0.0,0.0,0.0,0.0,0.0,0.0,0.0,0.0,0.0,0.0,0.0,0.572,0.5443
128,0.001,3,10,100,32,16,64,184,440338,73,30,VicregLoss,gru,/home/dpetrovitch/dzagcoffee/train_trace/gender/checkpoints_2025-10-08 10:26:11.109161_VicregLoss_gru_catboost/model_128_0.001_3_10_100_64_32_16_64_VicregLoss_gruepoch=14.ckpt,14,30,0.05847382,14.9173,5.7644,0.0043,3.0467,1.2808,1.2805,0.5787,346.7919,18.0178,49.7883,2.5868,37.1721,1.9313,33.685,1.7501,30.8906,1.6049,29.5762,1.5366,28.0414,1.4569,15.1661,2.8739,2.1774,0.4126,1.6256,0.308,1.4731,0.2791,1.3509,0.256,1.2934,0.2451,1.2263,0.2324,0.0,0.0,0.0,0.0,0.0,0.0,0.0,0.0,0.0,0.0,0.0,0.0,0.0,0.0,0.0,0.0,0.0,0.0,0.0,0.0,0.0,0.0,0.0,0.0,0.0,0.0,0.0,0.0,0.0,0.0,0.0,0.0,0.0,0.0,0.0,0.576,0.5388
128,0.001,3,10,100,32,16,64,184,440338,73,30,VicregLoss,gru,/home/dpetrovitch/dzagcoffee/train_trace/gender/checkpoints_2025-10-08 10:26:11.109161_VicregLoss_gru_catboost/model_128_0.001_3_10_100_64_32_16_64_VicregLoss_gruepoch=15.ckpt,15,30,0.05975449,14.7039,5.7737,0.0043,3.0363,1.319,1.3186,0.5602,341.8594,17.7807,48.3721,2.5159,36.5032,1.8986,33.2147,1.7276,30.6615,1.5948,29.363,1.5272,27.8654,1.4493,14.3315,3.7146,2.0279,0.5256,1.5303,0.3966,1.3924,0.3609,1.2854,0.3332,1.231,0.3191,1.1682,0.3028,0.0,0.0,0.0,0.0,0.0,0.0,0.0,0.0,0.0,0.0,0.0,0.0,0.0,0.0,0.0,0.0,0.0,0.0,0.0,0.0,0.0,0.0,0.0,0.0,0.0,0.0,0.0,0.0,0.0,0.0,0.0,0.0,0.0,0.0,0.0,0.556,0.5148
128,0.001,3,10,100,32,16,64,184,440338,73,30,VicregLoss,gru,/home/dpetrovitch/dzagcoffee/train_trace/gender/checkpoints_2025-10-08 10:26:11.109161_VicregLoss_gru_catboost/model_128_0.001_3_10_100_64_32_16_64_VicregLoss_gruepoch=16.ckpt,16,30,0.059069183,14.7045,5.1395,0.0047,3.0091,1.3956,1.3954,0.5279,339.9512,17.5166,47.982,2.4724,36.992,1.9061,33.8229,1.7428,31.3112,1.6134,29.9604,1.5438,28.3295,1.4597,13.3456,3.1039,1.8837,0.4381,1.4522,0.3378,1.3278,0.3088,1.2292,0.2859,1.1762,0.2736,1.1121,0.2587,0.0,0.0,0.0,0.0,0.0,0.0,0.0,0.0,0.0,0.0,0.0,0.0,0.0,0.0,0.0,0.0,0.0,0.0,0.0,0.0,0.0,0.0,0.0,0.0,0.0,0.0,0.0,0.0,0.0,0.0,0.0,0.0,0.0,0.0,0.0,0.6,0.5393
128,0.001,3,10,100,32,16,64,184,440338,73,30,VicregLoss,gru,/home/dpetrovitch/dzagcoffee/train_trace/gender/checkpoints_2025-10-08 10:26:11.109161_VicregLoss_gru_catboost/model_128_0.001_3_10_100_64_32_16_64_VicregLoss_gruepoch=17.ckpt,17,30,0.06322814,14.6978,5.0977,0.0048,3.0023,1.5271,1.5185,0.494,338.6064,17.3721,47.2598,2.4246,37.3403,1.9157,34.4952,1.7698,31.8691,1.635,30.4073,1.56,28.7573,1.4754,13.6915,3.7844,1.9109,0.5282,1.5098,0.4173,1.3948,0.3855,1.2886,0.3562,1.2295,0.3398,1.1628,0.3214,0.0,0.0,0.0,0.0,0.0,0.0,0.0,0.0,0.0,0.0,0.0,0.0,0.0,0.0,0.0,0.0,0.0,0.0,0.0,0.0,0.0,0.0,0.0,0.0,0.0,0.0,0.0,0.0,0.0,0.0,0.0,0.0,0.0,0.0,0.0,0.58,0.5259
128,0.001,3,10,100,32,16,64,184,440338,73,30,VicregLoss,gru,/home/dpetrovitch/dzagcoffee/train_trace/gender/checkpoints_2025-10-08 10:26:11.109161_VicregLoss_gru_catboost/model_128_0.001_3_10_100_64_32_16_64_VicregLoss_gruepoch=18.ckpt,18,30,0.05891927,14.7076,5.5193,0.0049,2.9827,1.5368,1.5375,0.4897,338.9661,17.3917,48.3441,2.4804,38.0873,1.9542,35.0112,1.7964,32.2921,1.6568,30.8368,1.5822,29.0295,1.4894,12.9778,3.4657,1.8509,0.4943,1.4582,0.3894,1.3405,0.358,1.2364,0.3302,1.1806,0.3153,1.1114,0.2968,0.0,0.0,0.0,0.0,0.0,0.0,0.0,0.0,0.0,0.0,0.0,0.0,0.0,0.0,0.0,0.0,0.0,0.0,0.0,0.0,0.0,0.0,0.0,0.0,0.0,0.0,0.0,0.0,0.0,0.0,0.0,0.0,0.0,0.0,0.0,0.544,0.4838
128,0.001,3,10,100,32,16,64,184,440338,73,30,VicregLoss,gru,/home/dpetrovitch/dzagcoffee/train_trace/gender/checkpoints_2025-10-08 10:26:11.109161_VicregLoss_gru_catboost/model_128_0.001_3_10_100_64_32_16_64_VicregLoss_gruepoch=19.ckpt,19,30,0.06189179,14.4647,5.8464,0.0048,2.9723,1.5289,1.5291,0.4942,332.9309,17.1375,46.8474,2.4115,36.9496,1.902,34.0619,1.7533,31.5804,1.6256,30.2216,1.5556,28.5429,1.4692,14.5724,3.4458,2.0505,0.4849,1.6173,0.3824,1.4909,0.3525,1.3823,0.3269,1.3228,0.3128,1.2493,0.2954,0.0,0.0,0.0,0.0,0.0,0.0,0.0,0.0,0.0,0.0,0.0,0.0,0.0,0.0,0.0,0.0,0.0,0.0,0.0,0.0,0.0,0.0,0.0,0.0,0.0,0.0,0.0,0.0,0.0,0.0,0.0,0.0,0.0,0.0,0.0,0.532,0.5138
128,0.001,3,10,100,32,16,64,184,440338,73,30,VicregLoss,gru,/home/dpetrovitch/dzagcoffee/train_trace/gender/checkpoints_2025-10-08 10:26:11.109161_VicregLoss_gru_catboost/model_128_0.001_3_10_100_64_32_16_64_VicregLoss_gruepoch=20.ckpt,20,30,0.06112082,14.1913,4.2374,0.0046,2.9854,1.616,1.6226,0.4791,324.3926,16.6464,46.3679,2.3794,36.6176,1.879,33.748,1.7318,31.2137,1.6017,29.8221,1.5303,28.1864,1.4464,12.3953,3.2379,1.7718,0.4628,1.3992,0.3655,1.2895,0.3369,1.1927,0.3116,1.1395,0.2977,1.077,0.2813,0.0,0.0,0.0,0.0,0.0,0.0,0.0,0.0,0.0,0.0,0.0,0.0,0.0,0.0,0.0,0.0,0.0,0.0,0.0,0.0,0.0,0.0,0.0,0.0,0.0,0.0,0.0,0.0,0.0,0.0,0.0,0.0,0.0,0.0,0.0,0.56,0.4924
128,0.001,3,10,100,32,16,64,184,440338,73,30,VicregLoss,gru,/home/dpetrovitch/dzagcoffee/train_trace/gender/checkpoints_2025-10-08 10:26:11.109161_VicregLoss_gru_catboost/model_128_0.001_3_10_100_64_32_16_64_VicregLoss_gruepoch=21.ckpt,21,30,0.06144206,14.4075,5.7167,0.0047,2.9755,1.5957,1.5993,0.4819,328.6941,16.9141,47.4698,2.4427,37.4842,1.9289,34.4946,1.775,31.9333,1.6432,30.5209,1.5706,28.8336,1.4837,11.9888,3.2649,1.7314,0.4715,1.3672,0.3723,1.2582,0.3426,1.1647,0.3172,1.1132,0.3032,1.0517,0.2864,0.0,0.0,0.0,0.0,0.0,0.0,0.0,0.0,0.0,0.0,0.0,0.0,0.0,0.0,0.0,0.0,0.0,0.0,0.0,0.0,0.0,0.0,0.0,0.0,0.0,0.0,0.0,0.0,0.0,0.0,0.0,0.0,0.0,0.0,0.0,0.568,0.5043
128,0.001,3,10,100,32,16,64,184,440338,73,30,VicregLoss,gru,/home/dpetrovitch/dzagcoffee/train_trace/gender/checkpoints_2025-10-08 10:26:11.109161_VicregLoss_gru_catboost/model_128_0.001_3_10_100_64_32_16_64_VicregLoss_gruepoch=22.ckpt,22,30,0.05816543,14.2702,4.5627,0.0048,2.9766,1.6997,1.7011,0.4696,325.4669,16.6075,47.3751,2.4174,37.6679,1.9221,34.7415,1.7727,32.2002,1.6431,30.7571,1.5694,29.0244,1.481,12.6904,3.4943,1.8472,0.5086,1.4687,0.4044,1.3546,0.373,1.2555,0.3457,1.1993,0.3302,1.1317,0.3116,0.0,0.0,0.0,0.0,0.0,0.0,0.0,0.0,0.0,0.0,0.0,0.0,0.0,0.0,0.0,0.0,0.0,0.0,0.0,0.0,0.0,0.0,0.0,0.0,0.0,0.0,0.0,0.0,0.0,0.0,0.0,0.0,0.0,0.0,0.0,0.584,0.4953
128,0.001,3,10,100,32,16,64,184,440338,73,30,VicregLoss,gru,/home/dpetrovitch/dzagcoffee/train_trace/gender/checkpoints_2025-10-08 10:26:11.109161_VicregLoss_gru_catboost/model_128_0.001_3_10_100_64_32_16_64_VicregLoss_gruepoch=23.ckpt,23,30,0.06479149,14.342,5.905,0.0047,2.9723,1.6592,1.6598,0.4752,324.8159,16.6914,46.9106,2.4106,37.2209,1.9127,34.375,1.7664,31.9217,1.6404,30.5591,1.5703,28.913,1.4858,12.8702,3.664,1.8587,0.5292,1.4748,0.4199,1.362,0.3878,1.2648,0.3601,1.2108,0.3447,1.1456,0.3261,0.0,0.0,0.0,0.0,0.0,0.0,0.0,0.0,0.0,0.0,0.0,0.0,0.0,0.0,0.0,0.0,0.0,0.0,0.0,0.0,0.0,0.0,0.0,0.0,0.0,0.0,0.0,0.0,0.0,0.0,0.0,0.0,0.0,0.0,0.0,0.588,0.5092
128,0.001,3,10,100,32,16,64,184,440338,73,30,VicregLoss,gru,/home/dpetrovitch/dzagcoffee/train_trace/gender/checkpoints_2025-10-08 10:26:11.109161_VicregLoss_gru_catboost/model_128_0.001_3_10_100_64_32_16_64_VicregLoss_gruepoch=24.ckpt,24,30,0.06393915,14.166,5.3456,0.0047,2.9735,1.7948,1.7884,0.4636,321.0199,16.4275,46.9957,2.4049,37.4529,1.9166,34.5822,1.7697,32.1271,1.644,30.795,1.5759,29.1672,1.4926,11.3676,3.1243,1.6642,0.4574,1.3262,0.3645,1.2246,0.3366,1.1377,0.3127,1.0905,0.2997,1.0328,0.2839,0.0,0.0,0.0,0.0,0.0,0.0,0.0,0.0,0.0,0.0,0.0,0.0,0.0,0.0,0.0,0.0,0.0,0.0,0.0,0.0,0.0,0.0,0.0,0.0,0.0,0.0,0.0,0.0,0.0,0.0,0.0,0.0,0.0,0.0,0.0,0.592,0.5074
128,0.001,3,10,100,32,16,64,184,440338,73,30,VicregLoss,gru,/home/dpetrovitch/dzagcoffee/train_trace/gender/checkpoints_2025-10-08 10:26:11.109161_VicregLoss_gru_catboost/model_128_0.001_3_10_100_64_32_16_64_VicregLoss_gruepoch=25.ckpt,25,30,0.060388397,14.028,5.3241,0.0046,2.9761,1.8097,1.8103,0.4632,314.3712,16.0474,45.8573,2.3408,36.6242,1.8695,33.8446,1.7276,31.4433,1.6051,30.1371,1.5384,28.5807,1.4589,11.0844,3.4363,1.6169,0.5013,1.2913,0.4003,1.1933,0.37,1.1087,0.3437,1.0626,0.3294,1.0077,0.3124,0.0,0.0,0.0,0.0,0.0,0.0,0.0,0.0,0.0,0.0,0.0,0.0,0.0,0.0,0.0,0.0,0.0,0.0,0.0,0.0,0.0,0.0,0.0,0.0,0.0,0.0,0.0,0.0,0.0,0.0,0.0,0.0,0.0,0.0,0.0,0.54,0.5013
128,0.001,3,10,100,32,16,64,184,440338,73,30,VicregLoss,gru,/home/dpetrovitch/dzagcoffee/train_trace/gender/checkpoints_2025-10-08 10:26:11.109161_VicregLoss_gru_catboost/model_128_0.001_3_10_100_64_32_16_64_VicregLoss_gruepoch=26.ckpt,26,30,0.061322127,13.8655,5.667,0.0044,2.9732,1.6335,1.6328,0.4816,310.4189,15.957,45.2764,2.3274,35.6526,1.8327,33.0035,1.6965,30.7201,1.5792,29.5202,1.5175,28.11,1.445,11.3123,2.8911,1.65,0.4217,1.2992,0.3321,1.2027,0.3074,1.1195,0.2861,1.0758,0.2749,1.0244,0.2618,0.0,0.0,0.0,0.0,0.0,0.0,0.0,0.0,0.0,0.0,0.0,0.0,0.0,0.0,0.0,0.0,0.0,0.0,0.0,0.0,0.0,0.0,0.0,0.0,0.0,0.0,0.0,0.0,0.0,0.0,0.0,0.0,0.0,0.0,0.0,0.548,0.5287
128,0.001,3,10,100,32,16,64,184,440338,73,30,VicregLoss,gru,/home/dpetrovitch/dzagcoffee/train_trace/gender/checkpoints_2025-10-08 10:26:11.109161_VicregLoss_gru_catboost/model_128_0.001_3_10_100_64_32_16_64_VicregLoss_gruepoch=27.ckpt,27,30,0.068230875,13.584,4.8316,0.0044,2.9787,1.7921,1.7962,0.4674,304.7898,15.6269,44.4698,2.28,35.3887,1.8144,32.7548,1.6794,30.5085,1.5642,29.2631,1.5004,27.8374,1.4273,10.8597,3.4857,1.5845,0.5086,1.2609,0.4047,1.1671,0.3746,1.087,0.3489,1.0426,0.3347,0.9918,0.3184,0.0,0.0,0.0,0.0,0.0,0.0,0.0,0.0,0.0,0.0,0.0,0.0,0.0,0.0,0.0,0.0,0.0,0.0,0.0,0.0,0.0,0.0,0.0,0.0,0.0,0.0,0.0,0.0,0.0,0.0,0.0,0.0,0.0,0.0,0.0,0.552,0.5023
128,0.001,3,10,100,32,16,64,184,440338,73,30,VicregLoss,gru,/home/dpetrovitch/dzagcoffee/train_trace/gender/checkpoints_2025-10-08 10:26:11.109161_VicregLoss_gru_catboost/model_128_0.001_3_10_100_64_32_16_64_VicregLoss_gruepoch=28.ckpt,28,30,0.060671087,13.5461,5.8091,0.0043,2.98,1.7655,1.7717,0.4691,301.7812,15.5709,44.4583,2.2939,35.1878,1.8156,32.5093,1.6774,30.2535,1.561,29.028,1.4977,27.635,1.4259,10.1331,2.905,1.4928,0.428,1.1815,0.3387,1.0916,0.3129,1.0158,0.2912,0.9747,0.2794,0.9279,0.266,0.0,0.0,0.0,0.0,0.0,0.0,0.0,0.0,0.0,0.0,0.0,0.0,0.0,0.0,0.0,0.0,0.0,0.0,0.0,0.0,0.0,0.0,0.0,0.0,0.0,0.0,0.0,0.0,0.0,0.0,0.0,0.0,0.0,0.0,0.0,0.54,0.5153
128,0.001,3,10,100,32,16,64,184,440338,73,30,VicregLoss,gru,/home/dpetrovitch/dzagcoffee/train_trace/gender/checkpoints_2025-10-08 10:26:11.109161_VicregLoss_gru_catboost/model_128_0.001_3_10_100_64_32_16_64_VicregLoss_gruepoch=29.ckpt,29,30,0.06315104,13.3539,4.8571,0.0043,2.9856,1.8079,1.8135,0.4681,298.2767,15.2909,44.0411,2.2577,34.9362,1.791,32.3433,1.658,30.1889,1.5476,29.0215,1.4878,27.6463,1.4173,11.5665,3.0934,1.7078,0.4567,1.3547,0.3623,1.2542,0.3354,1.1707,0.3131,1.1254,0.301,1.0721,0.2867,0.0,0.0,0.0,0.0,0.0,0.0,0.0,0.0,0.0,0.0,0.0,0.0,0.0,0.0,0.0,0.0,0.0,0.0,0.0,0.0,0.0,0.0,0.0,0.0,0.0,0.0,0.0,0.0,0.0,0.0,0.0,0.0,0.0,0.0,0.0,0.52,0.4963
128,0.001,3,10,100,32,16,128,184,440338,73,30,VicregLoss,gru,/home/dpetrovitch/dzagcoffee/train_trace/gender/checkpoints_2025-10-08 10:26:11.109161_VicregLoss_gru_catboost/model_128_0.001_3_10_100_128_32_16_128_VicregLoss_gruepoch=00.ckpt,0,30,0.04149534,12.7369,3.239,0.0007,3.6175,1.0188,1.0187,0.919,319.3642,17.6712,49.6684,2.7483,20.6595,1.1431,19.384,1.0726,18.4098,1.0187,17.9024,0.9906,17.2701,0.9556,11.0672,1.4817,1.7212,0.2304,0.7159,0.0959,0.6717,0.0899,0.638,0.0854,0.6204,0.0831,0.5985,0.0801,0.0,0.0,0.0,0.0,0.0,0.0,0.0,0.0,0.0,0.0,0.0,0.0,0.0,0.0,0.0,0.0,0.0,0.0,0.0,0.0,0.0,0.0,0.0,0.0,0.0,0.0,0.0,0.0,0.0,0.0,0.0,0.0,0.0,0.0,0.0,0.56,0.5324
128,0.001,3,10,100,32,16,128,184,440338,73,30,VicregLoss,gru,/home/dpetrovitch/dzagcoffee/train_trace/gender/checkpoints_2025-10-08 10:26:11.109161_VicregLoss_gru_catboost/model_128_0.001_3_10_100_128_32_16_128_VicregLoss_gruepoch=01.ckpt,1,30,0.044930443,10.8196,3.2864,0.0006,3.6922,1.0165,1.0193,0.8955,288.1972,16.9051,52.4281,3.0753,18.9439,1.1112,17.5771,1.031,16.645,0.9764,16.1431,0.9469,15.525,0.9107,8.4772,1.0421,1.5421,0.1896,0.5572,0.0685,0.517,0.0636,0.4896,0.0602,0.4748,0.0584,0.4567,0.0561,0.0,0.0,0.0,0.0,0.0,0.0,0.0,0.0,0.0,0.0,0.0,0.0,0.0,0.0,0.0,0.0,0.0,0.0,0.0,0.0,0.0,0.0,0.0,0.0,0.0,0.0,0.0,0.0,0.0,0.0,0.0,0.0,0.0,0.0,0.0,0.564,0.5075
128,0.001,3,10,100,32,16,128,184,440338,73,30,VicregLoss,gru,/home/dpetrovitch/dzagcoffee/train_trace/gender/checkpoints_2025-10-08 10:26:11.109161_VicregLoss_gru_catboost/model_128_0.001_3_10_100_128_32_16_128_VicregLoss_gruepoch=02.ckpt,2,30,0.048348412,17.8515,3.2317,0.001,3.5545,1.0639,1.0566,0.737,399.1874,20.746,53.0064,2.7548,32.7082,1.6999,28.2809,1.4698,25.2999,1.3149,23.9377,1.2441,22.4965,1.1692,13.9516,1.8875,1.8526,0.2506,1.1432,0.1547,0.9884,0.1337,0.8842,0.1196,0.8366,0.1132,0.7863,0.1064,0.0,0.0,0.0,0.0,0.0,0.0,0.0,0.0,0.0,0.0,0.0,0.0,0.0,0.0,0.0,0.0,0.0,0.0,0.0,0.0,0.0,0.0,0.0,0.0,0.0,0.0,0.0,0.0,0.0,0.0,0.0,0.0,0.0,0.0,0.0,0.54,0.4906
128,0.001,3,10,100,32,16,128,184,440338,73,30,VicregLoss,gru,/home/dpetrovitch/dzagcoffee/train_trace/gender/checkpoints_2025-10-08 10:26:11.109161_VicregLoss_gru_catboost/model_128_0.001_3_10_100_128_32_16_128_VicregLoss_gruepoch=03.ckpt,3,30,0.05035722,19.418,3.2173,0.0012,3.4773,1.152,1.1511,0.6337,428.0566,22.0971,52.546,2.7125,36.5552,1.8871,31.6777,1.6353,28.0965,1.4504,26.508,1.3684,24.8148,1.281,15.8132,1.9559,1.9411,0.2401,1.3504,0.167,1.1702,0.1447,1.0379,0.1284,0.9793,0.1211,0.9167,0.1134,0.0,0.0,0.0,0.0,0.0,0.0,0.0,0.0,0.0,0.0,0.0,0.0,0.0,0.0,0.0,0.0,0.0,0.0,0.0,0.0,0.0,0.0,0.0,0.0,0.0,0.0,0.0,0.0,0.0,0.0,0.0,0.0,0.0,0.0,0.0,0.504,0.434
128,0.001,3,10,100,32,16,128,184,440338,73,30,VicregLoss,gru,/home/dpetrovitch/dzagcoffee/train_trace/gender/checkpoints_2025-10-08 10:26:11.109161_VicregLoss_gru_catboost/model_128_0.001_3_10_100_128_32_16_128_VicregLoss_gruepoch=04.ckpt,4,30,0.04989035,18.2648,3.2064,0.0012,3.4279,1.1877,1.1867,0.6346,420.3366,21.8206,44.7296,2.322,32.1633,1.6697,28.4617,1.4775,25.8675,1.3428,24.7159,1.2831,23.5166,1.2208,16.0385,4.1653,1.7067,0.4432,1.2272,0.3187,1.086,0.282,0.987,0.2563,0.9431,0.2449,0.8973,0.233,0.0,0.0,0.0,0.0,0.0,0.0,0.0,0.0,0.0,0.0,0.0,0.0,0.0,0.0,0.0,0.0,0.0,0.0,0.0,0.0,0.0,0.0,0.0,0.0,0.0,0.0,0.0,0.0,0.0,0.0,0.0,0.0,0.0,0.0,0.0,0.58,0.4738
128,0.001,3,10,100,32,16,128,184,440338,73,30,VicregLoss,gru,/home/dpetrovitch/dzagcoffee/train_trace/gender/checkpoints_2025-10-08 10:26:11.109161_VicregLoss_gru_catboost/model_128_0.001_3_10_100_128_32_16_128_VicregLoss_gruepoch=05.ckpt,5,30,0.045315925,20.6631,3.2414,0.0017,3.3274,1.4848,1.4833,0.4946,440.6818,22.463,48.7881,2.4869,38.3694,1.9558,34.7788,1.7728,31.3767,1.5994,29.4979,1.5036,27.3587,1.3946,17.7352,4.0866,1.9635,0.4524,1.5442,0.3558,1.3997,0.3225,1.2628,0.291,1.1871,0.2735,1.1011,0.2537,0.0,0.0,0.0,0.0,0.0,0.0,0.0,0.0,0.0,0.0,0.0,0.0,0.0,0.0,0.0,0.0,0.0,0.0,0.0,0.0,0.0,0.0,0.0,0.0,0.0,0.0,0.0,0.0,0.0,0.0,0.0,0.0,0.0,0.0,0.0,0.504,0.4308
128,0.001,3,10,100,32,16,128,184,440338,73,30,VicregLoss,gru,/home/dpetrovitch/dzagcoffee/train_trace/gender/checkpoints_2025-10-08 10:26:11.109161_VicregLoss_gru_catboost/model_128_0.001_3_10_100_128_32_16_128_VicregLoss_gruepoch=06.ckpt,6,30,0.056349367,19.4433,3.121,0.0016,3.287,1.4629,1.4641,0.5052,422.494,21.5474,46.0278,2.3474,35.7524,1.8234,32.2646,1.6455,29.358,1.4973,27.8513,1.4204,26.2709,1.3398,17.7133,5.0247,1.9297,0.5474,1.4989,0.4252,1.3527,0.3837,1.2309,0.3492,1.1677,0.3312,1.1014,0.3124,0.0,0.0,0.0,0.0,0.0,0.0,0.0,0.0,0.0,0.0,0.0,0.0,0.0,0.0,0.0,0.0,0.0,0.0,0.0,0.0,0.0,0.0,0.0,0.0,0.0,0.0,0.0,0.0,0.0,0.0,0.0,0.0,0.0,0.0,0.0,0.508,0.4268
128,0.001,3,10,100,32,16,128,184,440338,73,30,VicregLoss,gru,/home/dpetrovitch/dzagcoffee/train_trace/gender/checkpoints_2025-10-08 10:26:11.109161_VicregLoss_gru_catboost/model_128_0.001_3_10_100_128_32_16_128_VicregLoss_gruepoch=07.ckpt,7,30,0.05446906,18.9656,3.1981,0.0015,3.2589,1.4867,1.4824,0.5057,410.5007,20.9972,43.9078,2.2459,34.0149,1.7399,31.0248,1.5869,28.5431,1.46,27.2606,1.3944,25.7811,1.3187,17.0435,4.053,1.823,0.4335,1.4123,0.3358,1.2881,0.3063,1.1851,0.2818,1.1318,0.2692,1.0704,0.2545,0.0,0.0,0.0,0.0,0.0,0.0,0.0,0.0,0.0,0.0,0.0,0.0,0.0,0.0,0.0,0.0,0.0,0.0,0.0,0.0,0.0,0.0,0.0,0.0,0.0,0.0,0.0,0.0,0.0,0.0,0.0,0.0,0.0,0.0,0.0,0.512,0.4606
128,0.001,3,10,100,32,16,128,184,440338,73,30,VicregLoss,gru,/home/dpetrovitch/dzagcoffee/train_trace/gender/checkpoints_2025-10-08 10:26:11.109161_VicregLoss_gru_catboost/model_128_0.001_3_10_100_128_32_16_128_VicregLoss_gruepoch=08.ckpt,8,30,0.059141994,18.6885,3.2278,0.0016,3.2391,1.5197,1.5198,0.5079,401.1758,20.5152,42.5485,2.1758,32.9031,1.6826,30.2063,1.5447,28.0678,1.4353,26.9378,1.3775,25.5317,1.3056,16.6199,4.648,1.7627,0.493,1.3631,0.3812,1.2514,0.35,1.1628,0.3252,1.116,0.3121,1.0577,0.2958,0.0,0.0,0.0,0.0,0.0,0.0,0.0,0.0,0.0,0.0,0.0,0.0,0.0,0.0,0.0,0.0,0.0,0.0,0.0,0.0,0.0,0.0,0.0,0.0,0.0,0.0,0.0,0.0,0.0,0.0,0.0,0.0,0.0,0.0,0.0,0.524,0.5078
128,0.001,3,10,100,32,16,128,184,440338,73,30,VicregLoss,gru,/home/dpetrovitch/dzagcoffee/train_trace/gender/checkpoints_2025-10-08 10:26:11.109161_VicregLoss_gru_catboost/model_128_0.001_3_10_100_128_32_16_128_VicregLoss_gruepoch=09.ckpt,9,30,0.052558765,21.1361,3.1515,0.0019,3.268,1.814,1.8114,0.4705,433.5464,22.009,49.7013,2.5231,39.6055,2.0106,36.3264,1.8441,33.4182,1.6965,31.8214,1.6154,29.9697,1.5214,17.5473,3.2826,2.0116,0.3763,1.603,0.2999,1.4703,0.275,1.3526,0.253,1.2879,0.2409,1.213,0.2269,0.0,0.0,0.0,0.0,0.0,0.0,0.0,0.0,0.0,0.0,0.0,0.0,0.0,0.0,0.0,0.0,0.0,0.0,0.0,0.0,0.0,0.0,0.0,0.0,0.0,0.0,0.0,0.0,0.0,0.0,0.0,0.0,0.0,0.0,0.0,0.512,0.4825
128,0.001,3,10,100,32,16,128,184,440338,73,30,VicregLoss,gru,/home/dpetrovitch/dzagcoffee/train_trace/gender/checkpoints_2025-10-08 10:26:11.109161_VicregLoss_gru_catboost/model_128_0.001_3_10_100_128_32_16_128_VicregLoss_gruepoch=10.ckpt,10,30,0.05521861,18.792,3.1814,0.0018,3.1959,1.862,1.8639,0.4672,413.6097,21.2504,42.5739,2.1874,33.982,1.7459,31.3078,1.6085,29.1414,1.4972,27.994,1.4383,26.6005,1.3667,18.4297,4.041,1.897,0.4159,1.5142,0.332,1.395,0.3059,1.2985,0.2847,1.2474,0.2735,1.1853,0.2599,0.0,0.0,0.0,0.0,0.0,0.0,0.0,0.0,0.0,0.0,0.0,0.0,0.0,0.0,0.0,0.0,0.0,0.0,0.0,0.0,0.0,0.0,0.0,0.0,0.0,0.0,0.0,0.0,0.0,0.0,0.0,0.0,0.0,0.0,0.0,0.54,0.5102
128,0.001,3,10,100,32,16,128,184,440338,73,30,VicregLoss,gru,/home/dpetrovitch/dzagcoffee/train_trace/gender/checkpoints_2025-10-08 10:26:11.109161_VicregLoss_gru_catboost/model_128_0.001_3_10_100_128_32_16_128_VicregLoss_gruepoch=11.ckpt,11,30,0.054057878,18.4525,3.2165,0.0018,3.1937,1.8017,1.8017,0.4714,398.321,20.3763,42.7953,2.1892,33.8989,1.7341,31.0057,1.5861,28.6702,1.4666,27.4723,1.4054,26.0531,1.3328,15.7395,4.493,1.691,0.4827,1.3395,0.3824,1.2252,0.3497,1.1329,0.3234,1.0856,0.3099,1.0295,0.2939,0.0,0.0,0.0,0.0,0.0,0.0,0.0,0.0,0.0,0.0,0.0,0.0,0.0,0.0,0.0,0.0,0.0,0.0,0.0,0.0,0.0,0.0,0.0,0.0,0.0,0.0,0.0,0.0,0.0,0.0,0.0,0.0,0.0,0.0,0.0,0.544,0.5056
128,0.001,3,10,100,32,16,128,184,440338,73,30,VicregLoss,gru,/home/dpetrovitch/dzagcoffee/train_trace/gender/checkpoints_2025-10-08 10:26:11.109161_VicregLoss_gru_catboost/model_128_0.001_3_10_100_128_32_16_128_VicregLoss_gruepoch=12.ckpt,12,30,0.056944728,17.5677,3.2002,0.0018,3.1934,1.8925,1.8455,0.4722,381.2064,19.4533,40.8143,2.0828,32.1801,1.6422,29.5425,1.5076,27.4427,1.4004,26.3142,1.3428,24.9406,1.2727,17.4883,5.4438,1.8724,0.5828,1.4763,0.4595,1.3553,0.4219,1.259,0.3919,1.2072,0.3758,1.1442,0.3562,0.0,0.0,0.0,0.0,0.0,0.0,0.0,0.0,0.0,0.0,0.0,0.0,0.0,0.0,0.0,0.0,0.0,0.0,0.0,0.0,0.0,0.0,0.0,0.0,0.0,0.0,0.0,0.0,0.0,0.0,0.0,0.0,0.0,0.0,0.0,0.568,0.4745
128,0.001,3,10,100,32,16,128,184,440338,73,30,VicregLoss,gru,/home/dpetrovitch/dzagcoffee/train_trace/gender/checkpoints_2025-10-08 10:26:11.109161_VicregLoss_gru_catboost/model_128_0.001_3_10_100_128_32_16_128_VicregLoss_gruepoch=13.ckpt,13,30,0.05794699,17.5454,3.1698,0.0017,3.2053,1.756,1.7537,0.4768,378.5368,19.3674,40.7027,2.0825,32.2234,1.6487,29.5568,1.5122,27.451,1.4045,26.3268,1.347,25.0473,1.2815,16.0965,4.3072,1.7308,0.4631,1.3702,0.3667,1.2568,0.3363,1.1673,0.3124,1.1195,0.2996,1.0651,0.285,0.0,0.0,0.0,0.0,0.0,0.0,0.0,0.0,0.0,0.0,0.0,0.0,0.0,0.0,0.0,0.0,0.0,0.0,0.0,0.0,0.0,0.0,0.0,0.0,0.0,0.0,0.0,0.0,0.0,0.0,0.0,0.0,0.0,0.0,0.0,0.564,0.5115
128,0.001,3,10,100,32,16,128,184,440338,73,30,VicregLoss,gru,/home/dpetrovitch/dzagcoffee/train_trace/gender/checkpoints_2025-10-08 10:26:11.109161_VicregLoss_gru_catboost/model_128_0.001_3_10_100_128_32_16_128_VicregLoss_gruepoch=14.ckpt,14,30,0.051577922,17.0594,3.2474,0.0017,3.2112,1.7715,1.761,0.4771,369.7679,19.0846,40.1102,2.0702,31.5392,1.6278,29.0013,1.4968,27.0199,1.3946,25.9787,1.3408,24.6907,1.2743,15.6876,3.8265,1.7017,0.4151,1.3381,0.3264,1.2304,0.3001,1.1463,0.2796,1.1022,0.2688,1.0475,0.2555,0.0,0.0,0.0,0.0,0.0,0.0,0.0,0.0,0.0,0.0,0.0,0.0,0.0,0.0,0.0,0.0,0.0,0.0,0.0,0.0,0.0,0.0,0.0,0.0,0.0,0.0,0.0,0.0,0.0,0.0,0.0,0.0,0.0,0.0,0.0,0.524,0.4966
128,0.001,3,10,100,32,16,128,184,440338,73,30,VicregLoss,gru,/home/dpetrovitch/dzagcoffee/train_trace/gender/checkpoints_2025-10-08 10:26:11.109161_VicregLoss_gru_catboost/model_128_0.001_3_10_100_128_32_16_128_VicregLoss_gruepoch=15.ckpt,15,30,0.05528286,16.3908,3.1561,0.0016,3.2017,1.8398,1.8385,0.475,352.881,18.0925,37.6304,1.9293,29.8102,1.5284,27.3585,1.4027,25.4663,1.3057,24.4924,1.2557,23.3778,1.1986,14.5028,4.8741,1.5465,0.5198,1.2251,0.4118,1.1244,0.3779,1.0466,0.3518,1.0066,0.3383,0.9608,0.3229,0.0,0.0,0.0,0.0,0.0,0.0,0.0,0.0,0.0,0.0,0.0,0.0,0.0,0.0,0.0,0.0,0.0,0.0,0.0,0.0,0.0,0.0,0.0,0.0,0.0,0.0,0.0,0.0,0.0,0.0,0.0,0.0,0.0,0.0,0.0,0.544,0.4953
128,0.001,3,10,100,32,16,128,184,440338,73,30,VicregLoss,gru,/home/dpetrovitch/dzagcoffee/train_trace/gender/checkpoints_2025-10-08 10:26:11.109161_VicregLoss_gru_catboost/model_128_0.001_3_10_100_128_32_16_128_VicregLoss_gruepoch=16.ckpt,16,30,0.058717962,16.4132,3.2048,0.0016,3.2225,1.7303,1.7453,0.4853,356.1423,18.3117,39.7745,2.0451,30.9072,1.5892,28.2822,1.4542,26.186,1.3464,25.1409,1.2927,23.9125,1.2295,14.998,4.789,1.675,0.5348,1.3016,0.4156,1.191,0.3803,1.1028,0.3521,1.0587,0.3381,1.007,0.3215,0.0,0.0,0.0,0.0,0.0,0.0,0.0,0.0,0.0,0.0,0.0,0.0,0.0,0.0,0.0,0.0,0.0,0.0,0.0,0.0,0.0,0.0,0.0,0.0,0.0,0.0,0.0,0.0,0.0,0.0,0.0,0.0,0.0,0.0,0.0,0.54,0.4936
128,0.001,3,10,100,32,16,128,184,440338,73,30,VicregLoss,gru,/home/dpetrovitch/dzagcoffee/train_trace/gender/checkpoints_2025-10-08 10:26:11.109161_VicregLoss_gru_catboost/model_128_0.001_3_10_100_128_32_16_128_VicregLoss_gruepoch=17.ckpt,17,30,0.058962103,16.3256,3.1878,0.0016,3.2051,1.8471,1.8466,0.4774,352.994,18.1135,38.648,1.9832,30.5407,1.5672,28.1517,1.4446,26.2373,1.3463,25.2246,1.2944,24.0356,1.2334,14.7003,4.459,1.6095,0.4882,1.2719,0.3858,1.1724,0.3556,1.0926,0.3314,1.0505,0.3186,1.0009,0.3036,0.0,0.0,0.0,0.0,0.0,0.0,0.0,0.0,0.0,0.0,0.0,0.0,0.0,0.0,0.0,0.0,0.0,0.0,0.0,0.0,0.0,0.0,0.0,0.0,0.0,0.0,0.0,0.0,0.0,0.0,0.0,0.0,0.0,0.0,0.0,0.54,0.4754
128,0.001,3,10,100,32,16,128,184,440338,73,30,VicregLoss,gru,/home/dpetrovitch/dzagcoffee/train_trace/gender/checkpoints_2025-10-08 10:26:11.109161_VicregLoss_gru_catboost/model_128_0.001_3_10_100_128_32_16_128_VicregLoss_gruepoch=18.ckpt,18,30,0.055706892,16.2652,3.2051,0.0017,3.2156,1.8782,1.8773,0.4742,346.3934,17.8421,38.7751,1.9972,30.6331,1.5779,28.117,1.4483,26.112,1.345,25.0813,1.2919,23.8507,1.2285,15.9135,3.8552,1.7813,0.4315,1.4073,0.3409,1.2917,0.3129,1.1996,0.2906,1.1522,0.2791,1.0957,0.2654,0.0,0.0,0.0,0.0,0.0,0.0,0.0,0.0,0.0,0.0,0.0,0.0,0.0,0.0,0.0,0.0,0.0,0.0,0.0,0.0,0.0,0.0,0.0,0.0,0.0,0.0,0.0,0.0,0.0,0.0,0.0,0.0,0.0,0.0,0.0,0.572,0.5422
128,0.001,3,10,100,32,16,128,184,440338,73,30,VicregLoss,gru,/home/dpetrovitch/dzagcoffee/train_trace/gender/checkpoints_2025-10-08 10:26:11.109161_VicregLoss_gru_catboost/model_128_0.001_3_10_100_128_32_16_128_VicregLoss_gruepoch=19.ckpt,19,30,0.05916341,16.2385,3.2443,0.0016,3.2453,1.8359,1.8314,0.4753,341.0688,17.6414,38.657,1.9995,30.5454,1.5799,28.0363,1.4501,25.9619,1.3428,24.8648,1.2861,23.5449,1.2178,15.1181,4.1078,1.7135,0.4656,1.3539,0.3679,1.2427,0.3377,1.1508,0.3127,1.1021,0.2995,1.0436,0.2836,0.0,0.0,0.0,0.0,0.0,0.0,0.0,0.0,0.0,0.0,0.0,0.0,0.0,0.0,0.0,0.0,0.0,0.0,0.0,0.0,0.0,0.0,0.0,0.0,0.0,0.0,0.0,0.0,0.0,0.0,0.0,0.0,0.0,0.0,0.0,0.548,0.5235
128,0.001,3,10,100,32,16,128,184,440338,73,30,VicregLoss,gru,/home/dpetrovitch/dzagcoffee/train_trace/gender/checkpoints_2025-10-08 10:26:11.109161_VicregLoss_gru_catboost/model_128_0.001_3_10_100_128_32_16_128_VicregLoss_gruepoch=20.ckpt,20,30,0.052738655,15.3548,3.2305,0.0015,3.235,1.8035,1.7914,0.4785,328.5015,17.0467,36.1315,1.875,28.5598,1.482,26.1678,1.3579,24.3502,1.2636,23.4021,1.2144,22.2829,1.1563,14.3966,4.0615,1.5835,0.4467,1.2516,0.3531,1.1468,0.3235,1.0671,0.3011,1.0256,0.2893,0.9765,0.2755,0.0,0.0,0.0,0.0,0.0,0.0,0.0,0.0,0.0,0.0,0.0,0.0,0.0,0.0,0.0,0.0,0.0,0.0,0.0,0.0,0.0,0.0,0.0,0.0,0.0,0.0,0.0,0.0,0.0,0.0,0.0,0.0,0.0,0.0,0.0,0.568,0.5454
128,0.001,3,10,100,32,16,128,184,440338,73,30,VicregLoss,gru,/home/dpetrovitch/dzagcoffee/train_trace/gender/checkpoints_2025-10-08 10:26:11.109161_VicregLoss_gru_catboost/model_128_0.001_3_10_100_128_32_16_128_VicregLoss_gruepoch=21.ckpt,21,30,0.057274535,15.3874,3.1975,0.0015,3.2342,1.8734,1.8689,0.4764,328.0282,17.0576,36.7189,1.9094,29.0438,1.5103,26.6674,1.3867,24.7622,1.2876,23.7915,1.2372,22.6431,1.1775,15.1722,4.059,1.6983,0.4544,1.3434,0.3594,1.2334,0.33,1.1453,0.3064,1.1004,0.2944,1.0473,0.2802,0.0,0.0,0.0,0.0,0.0,0.0,0.0,0.0,0.0,0.0,0.0,0.0,0.0,0.0,0.0,0.0,0.0,0.0,0.0,0.0,0.0,0.0,0.0,0.0,0.0,0.0,0.0,0.0,0.0,0.0,0.0,0.0,0.0,0.0,0.0,0.568,0.5451
128,0.001,3,10,100,32,16,128,184,440338,73,30,VicregLoss,gru,/home/dpetrovitch/dzagcoffee/train_trace/gender/checkpoints_2025-10-08 10:26:11.109161_VicregLoss_gru_catboost/model_128_0.001_3_10_100_128_32_16_128_VicregLoss_gruepoch=22.ckpt,22,30,0.057882745,15.3477,3.259,0.0015,3.2466,1.7916,1.7814,0.482,327.7909,17.1349,37.6108,1.9661,29.4195,1.5379,27.0049,1.4117,25.0411,1.309,24.022,1.2557,22.8119,1.1925,14.4972,3.2129,1.6634,0.3687,1.3011,0.2884,1.1943,0.2647,1.1075,0.2454,1.0624,0.2355,1.0089,0.2236,0.0,0.0,0.0,0.0,0.0,0.0,0.0,0.0,0.0,0.0,0.0,0.0,0.0,0.0,0.0,0.0,0.0,0.0,0.0,0.0,0.0,0.0,0.0,0.0,0.0,0.0,0.0,0.0,0.0,0.0,0.0,0.0,0.0,0.0,0.0,0.532,0.531
128,0.001,3,10,100,32,16,128,184,440338,73,30,VicregLoss,gru,/home/dpetrovitch/dzagcoffee/train_trace/gender/checkpoints_2025-10-08 10:26:11.109161_VicregLoss_gru_catboost/model_128_0.001_3_10_100_128_32_16_128_VicregLoss_gruepoch=23.ckpt,23,30,0.059793036,15.2766,3.2547,0.0015,3.2525,1.8727,1.8737,0.477,325.328,16.9278,37.2509,1.9383,29.1893,1.5188,26.7779,1.3933,24.8683,1.294,23.897,1.2434,22.7578,1.1842,16.0075,4.0664,1.8329,0.4656,1.4362,0.3648,1.3176,0.3347,1.2236,0.3108,1.1758,0.2987,1.1198,0.2845,0.0,0.0,0.0,0.0,0.0,0.0,0.0,0.0,0.0,0.0,0.0,0.0,0.0,0.0,0.0,0.0,0.0,0.0,0.0,0.0,0.0,0.0,0.0,0.0,0.0,0.0,0.0,0.0,0.0,0.0,0.0,0.0,0.0,0.0,0.0,0.62,0.5753
128,0.001,3,10,100,32,16,128,184,440338,73,30,VicregLoss,gru,/home/dpetrovitch/dzagcoffee/train_trace/gender/checkpoints_2025-10-08 10:26:11.109161_VicregLoss_gru_catboost/model_128_0.001_3_10_100_128_32_16_128_VicregLoss_gruepoch=24.ckpt,24,30,0.056867633,15.062,3.2478,0.0014,3.2587,1.7447,1.7494,0.4862,321.3932,16.7365,36.8144,1.9171,28.8105,1.5003,26.4643,1.3781,24.5843,1.2802,23.6028,1.2291,22.4271,1.1679,13.9084,3.2642,1.5931,0.3739,1.2468,0.2926,1.1452,0.2688,1.0639,0.2497,1.0214,0.2397,0.9705,0.2278,0.0,0.0,0.0,0.0,0.0,0.0,0.0,0.0,0.0,0.0,0.0,0.0,0.0,0.0,0.0,0.0,0.0,0.0,0.0,0.0,0.0,0.0,0.0,0.0,0.0,0.0,0.0,0.0,0.0,0.0,0.0,0.0,0.0,0.0,0.0,0.584,0.5058
128,0.001,3,10,100,32,16,128,184,440338,73,30,VicregLoss,gru,/home/dpetrovitch/dzagcoffee/train_trace/gender/checkpoints_2025-10-08 10:26:11.109161_VicregLoss_gru_catboost/model_128_0.001_3_10_100_128_32_16_128_VicregLoss_gruepoch=25.ckpt,25,30,0.05554842,15.3616,3.2545,0.0014,3.2697,1.8826,1.8823,0.4791,320.8785,16.6919,37.3224,1.9415,29.5165,1.5354,27.0934,1.4094,25.1413,1.3078,24.121,1.2548,22.8428,1.1883,15.5631,4.0785,1.8102,0.4744,1.4316,0.3752,1.3141,0.3444,1.2194,0.3196,1.1699,0.3066,1.1079,0.2903,0.0,0.0,0.0,0.0,0.0,0.0,0.0,0.0,0.0,0.0,0.0,0.0,0.0,0.0,0.0,0.0,0.0,0.0,0.0,0.0,0.0,0.0,0.0,0.0,0.0,0.0,0.0,0.0,0.0,0.0,0.0,0.0,0.0,0.0,0.0,0.56,0.5232
128,0.001,3,10,100,32,16,128,184,440338,73,30,VicregLoss,gru,/home/dpetrovitch/dzagcoffee/train_trace/gender/checkpoints_2025-10-08 10:26:11.109161_VicregLoss_gru_catboost/model_128_0.001_3_10_100_128_32_16_128_VicregLoss_gruepoch=26.ckpt,26,30,0.05879506,15.1898,3.2313,0.0015,3.2727,1.9434,1.9402,0.4767,321.5194,16.7203,38.0415,1.9783,29.8618,1.5529,27.4098,1.4254,25.4359,1.3228,24.3762,1.2677,23.1337,1.203,15.2839,3.1532,1.8084,0.3731,1.4195,0.2929,1.303,0.2688,1.2091,0.2495,1.1588,0.2391,1.0997,0.2269,0.0,0.0,0.0,0.0,0.0,0.0,0.0,0.0,0.0,0.0,0.0,0.0,0.0,0.0,0.0,0.0,0.0,0.0,0.0,0.0,0.0,0.0,0.0,0.0,0.0,0.0,0.0,0.0,0.0,0.0,0.0,0.0,0.0,0.0,0.0,0.592,0.5615
128,0.001,3,10,100,32,16,128,184,440338,73,30,VicregLoss,gru,/home/dpetrovitch/dzagcoffee/train_trace/gender/checkpoints_2025-10-08 10:26:11.109161_VicregLoss_gru_catboost/model_128_0.001_3_10_100_128_32_16_128_VicregLoss_gruepoch=27.ckpt,27,30,0.061356395,15.0213,3.223,0.0014,3.269,1.745,1.7483,0.4852,316.1239,16.3913,36.9387,1.9153,29.126,1.5102,26.7431,1.3866,24.7856,1.2852,23.7515,1.2315,22.4462,1.1639,14.0347,4.4108,1.6399,0.5154,1.2931,0.4064,1.1873,0.3731,1.1004,0.3458,1.0545,0.3314,0.9965,0.3132,0.0,0.0,0.0,0.0,0.0,0.0,0.0,0.0,0.0,0.0,0.0,0.0,0.0,0.0,0.0,0.0,0.0,0.0,0.0,0.0,0.0,0.0,0.0,0.0,0.0,0.0,0.0,0.0,0.0,0.0,0.0,0.0,0.0,0.0,0.0,0.576,0.5691
128,0.001,3,10,100,32,16,128,184,440338,73,30,VicregLoss,gru,/home/dpetrovitch/dzagcoffee/train_trace/gender/checkpoints_2025-10-08 10:26:11.109161_VicregLoss_gru_catboost/model_128_0.001_3_10_100_128_32_16_128_VicregLoss_gruepoch=28.ckpt,28,30,0.061112255,14.7901,3.2288,0.0015,3.2711,1.9031,1.8976,0.4781,313.9554,16.3524,36.4522,1.8986,28.7662,1.4983,26.3807,1.374,24.4685,1.2744,23.4907,1.2235,22.3023,1.1616,16.4611,3.8629,1.9112,0.4485,1.5083,0.3539,1.3832,0.3246,1.2829,0.3011,1.2316,0.289,1.1693,0.2744,0.0,0.0,0.0,0.0,0.0,0.0,0.0,0.0,0.0,0.0,0.0,0.0,0.0,0.0,0.0,0.0,0.0,0.0,0.0,0.0,0.0,0.0,0.0,0.0,0.0,0.0,0.0,0.0,0.0,0.0,0.0,0.0,0.0,0.0,0.0,0.584,0.5307
128,0.001,3,10,100,32,16,128,184,440338,73,30,VicregLoss,gru,/home/dpetrovitch/dzagcoffee/train_trace/gender/checkpoints_2025-10-08 10:26:11.109161_VicregLoss_gru_catboost/model_128_0.001_3_10_100_128_32_16_128_VicregLoss_gruepoch=29.ckpt,29,30,0.05895782,14.5794,3.2588,0.0014,3.2691,1.9552,1.9546,0.4777,311.5646,16.2231,36.2926,1.8897,28.4866,1.4833,26.1667,1.3625,24.3085,1.2657,23.349,1.2158,22.2241,1.1572,14.4655,3.7314,1.685,0.4347,1.3226,0.3412,1.2149,0.3134,1.1286,0.2911,1.0841,0.2796,1.0318,0.2662,0.0,0.0,0.0,0.0,0.0,0.0,0.0,0.0,0.0,0.0,0.0,0.0,0.0,0.0,0.0,0.0,0.0,0.0,0.0,0.0,0.0,0.0,0.0,0.0,0.0,0.0,0.0,0.0,0.0,0.0,0.0,0.0,0.0,0.0,0.0,0.6,0.5576
128,0.001,3,10,100,32,16,256,184,440338,73,30,VicregLoss,gru,/home/dpetrovitch/dzagcoffee/train_trace/gender/checkpoints_2025-10-08 10:26:11.109161_VicregLoss_gru_catboost/model_128_0.001_3_10_100_256_32_16_256_VicregLoss_gruepoch=00.ckpt,0,30,0.03622276,7.2313,1.6794,0.0,5.3266,1.0054,1.0112,0.9007,244.3592,18.1931,180.1261,13.4108,14.0017,1.0425,12.2746,0.9139,11.5062,0.8567,11.1551,0.8305,10.6922,0.7961,7.582,1.091,5.5889,0.8042,0.4344,0.0625,0.3809,0.0548,0.357,0.0514,0.3461,0.0498,0.3318,0.0477,0.0,0.0,0.0,0.0,0.0,0.0,0.0,0.0,0.0,0.0,0.0,0.0,0.0,0.0,0.0,0.0,0.0,0.0,0.0,0.0,0.0,0.0,0.0,0.0,0.0,0.0,0.0,0.0,0.0,0.0,0.0,0.0,0.0,0.0,0.0,0.556,0.5041
128,0.001,3,10,100,32,16,256,184,440338,73,30,VicregLoss,gru,/home/dpetrovitch/dzagcoffee/train_trace/gender/checkpoints_2025-10-08 10:26:11.109161_VicregLoss_gru_catboost/model_128_0.001_3_10_100_256_32_16_256_VicregLoss_gruepoch=01.ckpt,1,30,0.029793723,5.0084,1.6796,0.0,5.296,1.0076,1.0045,0.9682,179.9944,17.2452,88.5812,8.4869,6.0771,0.5822,6.0003,0.5749,5.9516,0.5702,5.9269,0.5679,5.8932,0.5646,5.121,0.5488,2.5202,0.2701,0.1729,0.0185,0.1707,0.0183,0.1693,0.0181,0.1686,0.0181,0.1677,0.018,0.0,0.0,0.0,0.0,0.0,0.0,0.0,0.0,0.0,0.0,0.0,0.0,0.0,0.0,0.0,0.0,0.0,0.0,0.0,0.0,0.0,0.0,0.0,0.0,0.0,0.0,0.0,0.0,0.0,0.0,0.0,0.0,0.0,0.0,0.0,0.528,0.4789
128,0.001,3,10,100,32,16,256,184,440338,73,30,VicregLoss,gru,/home/dpetrovitch/dzagcoffee/train_trace/gender/checkpoints_2025-10-08 10:26:11.109161_VicregLoss_gru_catboost/model_128_0.001_3_10_100_256_32_16_256_VicregLoss_gruepoch=02.ckpt,2,30,0.036081415,6.7751,1.6797,0.0,6.7466,1.0067,1.0083,0.9656,218.9983,19.0002,93.8665,8.1438,8.2638,0.717,7.7579,0.6731,7.5999,0.6594,7.5292,0.6532,7.4327,0.6449,4.618,0.6629,1.9794,0.2841,0.1743,0.025,0.1636,0.0235,0.1603,0.023,0.1588,0.0228,0.1567,0.0225,0.0,0.0,0.0,0.0,0.0,0.0,0.0,0.0,0.0,0.0,0.0,0.0,0.0,0.0,0.0,0.0,0.0,0.0,0.0,0.0,0.0,0.0,0.0,0.0,0.0,0.0,0.0,0.0,0.0,0.0,0.0,0.0,0.0,0.0,0.0,0.572,0.5857
128,0.001,3,10,100,32,16,256,184,440338,73,30,VicregLoss,gru,/home/dpetrovitch/dzagcoffee/train_trace/gender/checkpoints_2025-10-08 10:26:11.109161_VicregLoss_gru_catboost/model_128_0.001_3_10_100_256_32_16_256_VicregLoss_gruepoch=03.ckpt,3,30,0.030466178,13.7743,1.6788,0.0,6.3978,1.0461,1.0731,0.8503,394.958,23.8402,73.4604,4.4342,19.0944,1.1526,17.7649,1.0723,16.975,1.0246,16.5263,0.9975,15.861,0.9574,11.8571,1.3595,2.2054,0.2529,0.5732,0.0657,0.5333,0.0611,0.5096,0.0584,0.4961,0.0569,0.4762,0.0546,0.0,0.0,0.0,0.0,0.0,0.0,0.0,0.0,0.0,0.0,0.0,0.0,0.0,0.0,0.0,0.0,0.0,0.0,0.0,0.0,0.0,0.0,0.0,0.0,0.0,0.0,0.0,0.0,0.0,0.0,0.0,0.0,0.0,0.0,0.0,0.512,0.525
128,0.001,3,10,100,32,16,256,184,440338,73,30,VicregLoss,gru,/home/dpetrovitch/dzagcoffee/train_trace/gender/checkpoints_2025-10-08 10:26:11.109161_VicregLoss_gru_catboost/model_128_0.001_3_10_100_256_32_16_256_VicregLoss_gruepoch=04.ckpt,4,30,0.03968356,11.6518,1.6795,0.0,6.5109,1.0285,1.0392,0.8912,343.117,22.5747,64.71,4.2575,15.0612,0.9909,14.3976,0.9473,13.8753,0.9129,13.5802,0.8935,13.2186,0.8697,9.4726,1.0931,1.7865,0.2062,0.4158,0.048,0.3975,0.0459,0.3831,0.0442,0.3749,0.0433,0.3649,0.0421,0.0,0.0,0.0,0.0,0.0,0.0,0.0,0.0,0.0,0.0,0.0,0.0,0.0,0.0,0.0,0.0,0.0,0.0,0.0,0.0,0.0,0.0,0.0,0.0,0.0,0.0,0.0,0.0,0.0,0.0,0.0,0.0,0.0,0.0,0.0,0.544,0.5064
128,0.001,3,10,100,32,16,256,184,440338,73,30,VicregLoss,gru,/home/dpetrovitch/dzagcoffee/train_trace/gender/checkpoints_2025-10-08 10:26:11.109161_VicregLoss_gru_catboost/model_128_0.001_3_10_100_256_32_16_256_VicregLoss_gruepoch=05.ckpt,5,30,0.035211932,9.2107,1.6797,0.0,7.1834,1.016,1.0221,0.9302,278.894,20.9846,71.7097,5.3956,11.8114,0.8887,11.4021,0.8579,11.0575,0.832,10.8762,0.8183,10.6152,0.7987,7.3249,0.8943,1.8834,0.2299,0.3102,0.0379,0.2995,0.0366,0.2904,0.0355,0.2857,0.0349,0.2788,0.034,0.0,0.0,0.0,0.0,0.0,0.0,0.0,0.0,0.0,0.0,0.0,0.0,0.0,0.0,0.0,0.0,0.0,0.0,0.0,0.0,0.0,0.0,0.0,0.0,0.0,0.0,0.0,0.0,0.0,0.0,0.0,0.0,0.0,0.0,0.0,0.548,0.4809
128,0.001,3,10,100,32,16,256,184,440338,73,30,VicregLoss,gru,/home/dpetrovitch/dzagcoffee/train_trace/gender/checkpoints_2025-10-08 10:26:11.109161_VicregLoss_gru_catboost/model_128_0.001_3_10_100_256_32_16_256_VicregLoss_gruepoch=06.ckpt,6,30,0.04005191,7.6245,1.6797,0.0,7.2459,1.0093,1.0123,0.9455,236.1001,20.331,73.4251,6.3228,10.1381,0.873,9.7069,0.8359,9.4265,0.8117,9.2637,0.7977,9.0361,0.7781,5.0828,0.698,1.5807,0.2171,0.2183,0.03,0.209,0.0287,0.2029,0.0279,0.1994,0.0274,0.1945,0.0267,0.0,0.0,0.0,0.0,0.0,0.0,0.0,0.0,0.0,0.0,0.0,0.0,0.0,0.0,0.0,0.0,0.0,0.0,0.0,0.0,0.0,0.0,0.0,0.0,0.0,0.0,0.0,0.0,0.0,0.0,0.0,0.0,0.0,0.0,0.0,0.552,0.4875
128,0.001,3,10,100,32,16,256,184,440338,73,30,VicregLoss,gru,/home/dpetrovitch/dzagcoffee/train_trace/gender/checkpoints_2025-10-08 10:26:11.109161_VicregLoss_gru_catboost/model_128_0.001_3_10_100_256_32_16_256_VicregLoss_gruepoch=07.ckpt,7,30,0.05011308,6.0625,1.6797,0.0,7.6571,1.0063,1.0089,0.9554,193.1012,18.3487,81.589,7.7527,8.4754,0.8053,8.0838,0.7681,7.7823,0.7395,7.6055,0.7227,7.4407,0.707,4.3397,0.6335,1.8336,0.2677,0.1905,0.0278,0.1817,0.0265,0.1749,0.0255,0.1709,0.025,0.1672,0.0244,0.0,0.0,0.0,0.0,0.0,0.0,0.0,0.0,0.0,0.0,0.0,0.0,0.0,0.0,0.0,0.0,0.0,0.0,0.0,0.0,0.0,0.0,0.0,0.0,0.0,0.0,0.0,0.0,0.0,0.0,0.0,0.0,0.0,0.0,0.0,0.524,0.4766
128,0.001,3,10,100,32,16,256,184,440338,73,30,VicregLoss,gru,/home/dpetrovitch/dzagcoffee/train_trace/gender/checkpoints_2025-10-08 10:26:11.109161_VicregLoss_gru_catboost/model_128_0.001_3_10_100_256_32_16_256_VicregLoss_gruepoch=08.ckpt,8,30,0.04275887,6.1602,1.6797,0.0,7.2509,1.0058,1.0081,0.9553,195.6635,18.6984,67.6501,6.4649,8.5798,0.8199,8.2162,0.7852,7.8914,0.7541,7.744,0.74,7.5796,0.7243,4.3022,0.7046,1.4875,0.2436,0.1887,0.0309,0.1807,0.0296,0.1735,0.0284,0.1703,0.0279,0.1667,0.0273,0.0,0.0,0.0,0.0,0.0,0.0,0.0,0.0,0.0,0.0,0.0,0.0,0.0,0.0,0.0,0.0,0.0,0.0,0.0,0.0,0.0,0.0,0.0,0.0,0.0,0.0,0.0,0.0,0.0,0.0,0.0,0.0,0.0,0.0,0.0,0.552,0.4878
128,0.001,3,10,100,32,16,256,184,440338,73,30,VicregLoss,gru,/home/dpetrovitch/dzagcoffee/train_trace/gender/checkpoints_2025-10-08 10:26:11.109161_VicregLoss_gru_catboost/model_128_0.001_3_10_100_256_32_16_256_VicregLoss_gruepoch=09.ckpt,9,30,0.03752484,7.5741,1.6797,0.0,7.0514,1.01,1.0166,0.9355,230.1028,19.8063,94.4503,8.1299,10.7546,0.9257,10.1094,0.8702,9.5269,0.82,9.3006,0.8006,8.9561,0.7709,5.5958,0.8741,2.2969,0.3588,0.2615,0.0409,0.2458,0.0384,0.2317,0.0362,0.2262,0.0353,0.2178,0.034,0.0,0.0,0.0,0.0,0.0,0.0,0.0,0.0,0.0,0.0,0.0,0.0,0.0,0.0,0.0,0.0,0.0,0.0,0.0,0.0,0.0,0.0,0.0,0.0,0.0,0.0,0.0,0.0,0.0,0.0,0.0,0.0,0.0,0.0,0.0,0.516,0.4877
128,0.001,3,10,100,32,16,256,184,440338,73,30,VicregLoss,gru,/home/dpetrovitch/dzagcoffee/train_trace/gender/checkpoints_2025-10-08 10:26:11.109161_VicregLoss_gru_catboost/model_128_0.001_3_10_100_256_32_16_256_VicregLoss_gruepoch=10.ckpt,10,30,0.042060718,7.2794,1.6797,0.0,6.9037,1.0084,1.0117,0.9492,226.5001,21.6516,72.0375,6.8862,9.8794,0.9444,9.4784,0.9061,9.0381,0.864,8.8623,0.8472,8.6483,0.8267,6.246,0.9469,1.9865,0.3012,0.2724,0.0413,0.2614,0.0396,0.2492,0.0378,0.2444,0.037,0.2385,0.0362,0.0,0.0,0.0,0.0,0.0,0.0,0.0,0.0,0.0,0.0,0.0,0.0,0.0,0.0,0.0,0.0,0.0,0.0,0.0,0.0,0.0,0.0,0.0,0.0,0.0,0.0,0.0,0.0,0.0,0.0,0.0,0.0,0.0,0.0,0.0,0.52,0.4647
128,0.001,3,10,100,32,16,256,184,440338,73,30,VicregLoss,gru,/home/dpetrovitch/dzagcoffee/train_trace/gender/checkpoints_2025-10-08 10:26:11.109161_VicregLoss_gru_catboost/model_128_0.001_3_10_100_256_32_16_256_VicregLoss_gruepoch=11.ckpt,11,30,0.0473076,7.0419,1.6797,0.0,7.0992,1.0077,1.0103,0.9528,220.8297,20.9416,66.8523,6.3397,9.4928,0.9002,9.137,0.8665,8.7205,0.827,8.5655,0.8123,8.3443,0.7913,6.4837,0.9698,1.9628,0.2936,0.2787,0.0417,0.2683,0.0401,0.256,0.0383,0.2515,0.0376,0.245,0.0366,0.0,0.0,0.0,0.0,0.0,0.0,0.0,0.0,0.0,0.0,0.0,0.0,0.0,0.0,0.0,0.0,0.0,0.0,0.0,0.0,0.0,0.0,0.0,0.0,0.0,0.0,0.0,0.0,0.0,0.0,0.0,0.0,0.0,0.0,0.0,0.5,0.4681
128,0.001,3,10,100,32,16,256,184,440338,73,30,VicregLoss,gru,/home/dpetrovitch/dzagcoffee/train_trace/gender/checkpoints_2025-10-08 10:26:11.109161_VicregLoss_gru_catboost/model_128_0.001_3_10_100_256_32_16_256_VicregLoss_gruepoch=12.ckpt,12,30,0.04208642,6.9019,1.6797,0.0,7.0487,1.0068,1.0087,0.9571,214.2472,19.8956,54.2453,5.0374,9.1326,0.8481,8.7595,0.8134,8.4136,0.7813,8.2688,0.7679,8.0407,0.7467,5.7456,0.88,1.4547,0.2228,0.2449,0.0375,0.2349,0.036,0.2256,0.0346,0.2217,0.034,0.2156,0.033,0.0,0.0,0.0,0.0,0.0,0.0,0.0,0.0,0.0,0.0,0.0,0.0,0.0,0.0,0.0,0.0,0.0,0.0,0.0,0.0,0.0,0.0,0.0,0.0,0.0,0.0,0.0,0.0,0.0,0.0,0.0,0.0,0.0,0.0,0.0,0.548,0.4756
128,0.001,3,10,100,32,16,256,184,440338,73,30,VicregLoss,gru,/home/dpetrovitch/dzagcoffee/train_trace/gender/checkpoints_2025-10-08 10:26:11.109161_VicregLoss_gru_catboost/model_128_0.001_3_10_100_256_32_16_256_VicregLoss_gruepoch=13.ckpt,13,30,0.048202783,5.6026,1.6797,0.0,7.2988,1.0052,1.0072,0.965,182.8781,21.4603,75.6731,8.88,7.9455,0.9324,7.6056,0.8925,7.2405,0.8497,7.1206,0.8356,6.8812,0.8075,5.0455,0.8848,2.0878,0.3661,0.2192,0.0384,0.2098,0.0368,0.1998,0.035,0.1965,0.0345,0.1898,0.0333,0.0,0.0,0.0,0.0,0.0,0.0,0.0,0.0,0.0,0.0,0.0,0.0,0.0,0.0,0.0,0.0,0.0,0.0,0.0,0.0,0.0,0.0,0.0,0.0,0.0,0.0,0.0,0.0,0.0,0.0,0.0,0.0,0.0,0.0,0.0,0.536,0.4836
128,0.001,3,10,100,32,16,256,184,440338,73,30,VicregLoss,gru,/home/dpetrovitch/dzagcoffee/train_trace/gender/checkpoints_2025-10-08 10:26:11.109161_VicregLoss_gru_catboost/model_128_0.001_3_10_100_256_32_16_256_VicregLoss_gruepoch=14.ckpt,14,30,0.04592842,6.0509,1.6797,0.0,7.2387,1.0057,1.0083,0.9578,196.4635,20.055,77.2398,7.8846,8.6345,0.8814,8.2443,0.8416,7.8555,0.8019,7.6985,0.7859,7.4495,0.7604,5.5048,0.9256,2.1642,0.3639,0.2419,0.0407,0.231,0.0388,0.2201,0.037,0.2157,0.0363,0.2087,0.0351,0.0,0.0,0.0,0.0,0.0,0.0,0.0,0.0,0.0,0.0,0.0,0.0,0.0,0.0,0.0,0.0,0.0,0.0,0.0,0.0,0.0,0.0,0.0,0.0,0.0,0.0,0.0,0.0,0.0,0.0,0.0,0.0,0.0,0.0,0.0,0.504,0.4626
128,0.001,3,10,100,32,16,256,184,440338,73,30,VicregLoss,gru,/home/dpetrovitch/dzagcoffee/train_trace/gender/checkpoints_2025-10-08 10:26:11.109161_VicregLoss_gru_catboost/model_128_0.001_3_10_100_256_32_16_256_VicregLoss_gruepoch=15.ckpt,15,30,0.049243595,6.6564,1.6797,0.0,6.5249,1.0073,1.0108,0.9552,210.577,17.9898,78.0508,6.6679,9.5334,0.8144,9.0024,0.7691,8.6402,0.7381,8.4309,0.7203,8.1738,0.6983,4.9356,0.73,1.8294,0.2706,0.2234,0.033,0.211,0.0312,0.2025,0.03,0.1976,0.0292,0.1916,0.0283,0.0,0.0,0.0,0.0,0.0,0.0,0.0,0.0,0.0,0.0,0.0,0.0,0.0,0.0,0.0,0.0,0.0,0.0,0.0,0.0,0.0,0.0,0.0,0.0,0.0,0.0,0.0,0.0,0.0,0.0,0.0,0.0,0.0,0.0,0.0,0.524,0.5497
128,0.001,3,10,100,32,16,256,184,440338,73,30,VicregLoss,gru,/home/dpetrovitch/dzagcoffee/train_trace/gender/checkpoints_2025-10-08 10:26:11.109161_VicregLoss_gru_catboost/model_128_0.001_3_10_100_256_32_16_256_VicregLoss_gruepoch=16.ckpt,16,30,0.051907722,6.0645,1.6796,0.0,6.55,1.0055,1.0077,0.959,196.3332,18.783,70.5524,6.7497,8.7043,0.8327,8.3076,0.7948,7.9719,0.7627,7.8013,0.7463,7.5811,0.7253,4.3496,0.7212,1.563,0.2592,0.1928,0.032,0.184,0.0305,0.1766,0.0293,0.1728,0.0287,0.168,0.0278,0.0,0.0,0.0,0.0,0.0,0.0,0.0,0.0,0.0,0.0,0.0,0.0,0.0,0.0,0.0,0.0,0.0,0.0,0.0,0.0,0.0,0.0,0.0,0.0,0.0,0.0,0.0,0.0,0.0,0.0,0.0,0.0,0.0,0.0,0.0,0.536,0.4698
128,0.001,3,10,100,32,16,256,184,440338,73,30,VicregLoss,gru,/home/dpetrovitch/dzagcoffee/train_trace/gender/checkpoints_2025-10-08 10:26:11.109161_VicregLoss_gru_catboost/model_128_0.001_3_10_100_256_32_16_256_VicregLoss_gruepoch=17.ckpt,17,30,0.052820038,5.4934,1.6796,0.0,6.7947,1.0045,1.0066,0.962,183.3494,18.4101,87.0314,8.7388,8.1314,0.8165,7.7553,0.7787,7.4416,0.7472,7.2875,0.7317,7.0918,0.7121,3.8877,0.6733,1.8454,0.3196,0.1724,0.0299,0.1644,0.0285,0.1578,0.0273,0.1545,0.0268,0.1504,0.026,0.0,0.0,0.0,0.0,0.0,0.0,0.0,0.0,0.0,0.0,0.0,0.0,0.0,0.0,0.0,0.0,0.0,0.0,0.0,0.0,0.0,0.0,0.0,0.0,0.0,0.0,0.0,0.0,0.0,0.0,0.0,0.0,0.0,0.0,0.0,0.508,0.4619
128,0.001,3,10,100,32,16,256,184,440338,73,30,VicregLoss,gru,/home/dpetrovitch/dzagcoffee/train_trace/gender/checkpoints_2025-10-08 10:26:11.109161_VicregLoss_gru_catboost/model_128_0.001_3_10_100_256_32_16_256_VicregLoss_gruepoch=18.ckpt,18,30,0.05229749,5.0218,1.6797,0.0,7.2218,1.0039,1.0055,0.9699,169.7798,18.9175,89.4924,9.9716,7.3156,0.8151,7.0293,0.7832,6.7707,0.7544,6.6371,0.7395,6.4924,0.7234,3.8268,0.6555,2.0171,0.3455,0.1649,0.0282,0.1584,0.0271,0.1526,0.0261,0.1496,0.0256,0.1463,0.0251,0.0,0.0,0.0,0.0,0.0,0.0,0.0,0.0,0.0,0.0,0.0,0.0,0.0,0.0,0.0,0.0,0.0,0.0,0.0,0.0,0.0,0.0,0.0,0.0,0.0,0.0,0.0,0.0,0.0,0.0,0.0,0.0,0.0,0.0,0.0,0.496,0.4187
128,0.001,3,10,100,32,16,256,184,440338,73,30,VicregLoss,gru,/home/dpetrovitch/dzagcoffee/train_trace/gender/checkpoints_2025-10-08 10:26:11.109161_VicregLoss_gru_catboost/model_128_0.001_3_10_100_256_32_16_256_VicregLoss_gruepoch=19.ckpt,19,30,0.04838696,4.7297,1.6797,0.0,7.8736,1.0037,1.0055,0.9664,162.3587,17.7722,134.3372,14.7049,7.0536,0.7721,6.7289,0.7366,6.4312,0.704,6.3172,0.6915,6.1471,0.6729,3.5669,0.6432,2.9513,0.5322,0.155,0.0279,0.1478,0.0267,0.1413,0.0255,0.1388,0.025,0.135,0.0244,0.0,0.0,0.0,0.0,0.0,0.0,0.0,0.0,0.0,0.0,0.0,0.0,0.0,0.0,0.0,0.0,0.0,0.0,0.0,0.0,0.0,0.0,0.0,0.0,0.0,0.0,0.0,0.0,0.0,0.0,0.0,0.0,0.0,0.0,0.0,0.536,0.5108
128,0.001,3,10,100,32,16,256,184,440338,73,30,VicregLoss,gru,/home/dpetrovitch/dzagcoffee/train_trace/gender/checkpoints_2025-10-08 10:26:11.109161_VicregLoss_gru_catboost/model_128_0.001_3_10_100_256_32_16_256_VicregLoss_gruepoch=20.ckpt,20,30,0.049243595,4.7122,1.6797,0.0,7.9721,1.0035,1.005,0.9722,166.1454,19.4764,80.1221,9.3923,7.0271,0.8238,6.7169,0.7874,6.4376,0.7546,6.3236,0.7413,6.1389,0.7196,3.3203,0.5991,1.6012,0.2889,0.1404,0.0253,0.1342,0.0242,0.1287,0.0232,0.1264,0.0228,0.1227,0.0221,0.0,0.0,0.0,0.0,0.0,0.0,0.0,0.0,0.0,0.0,0.0,0.0,0.0,0.0,0.0,0.0,0.0,0.0,0.0,0.0,0.0,0.0,0.0,0.0,0.0,0.0,0.0,0.0,0.0,0.0,0.0,0.0,0.0,0.0,0.0,0.476,0.4506
128,0.001,3,10,100,32,16,256,184,440338,73,30,VicregLoss,gru,/home/dpetrovitch/dzagcoffee/train_trace/gender/checkpoints_2025-10-08 10:26:11.109161_VicregLoss_gru_catboost/model_128_0.001_3_10_100_256_32_16_256_VicregLoss_gruepoch=21.ckpt,21,30,0.0504643,4.5131,1.6797,0.0,7.8725,1.0032,1.0044,0.9767,161.1538,18.4698,69.4486,7.9595,6.7302,0.7713,6.4683,0.7413,6.2188,0.7127,6.0916,0.6982,5.9172,0.6782,3.7597,0.7258,1.6202,0.3128,0.157,0.0303,0.1509,0.0291,0.1451,0.028,0.1421,0.0274,0.138,0.0267,0.0,0.0,0.0,0.0,0.0,0.0,0.0,0.0,0.0,0.0,0.0,0.0,0.0,0.0,0.0,0.0,0.0,0.0,0.0,0.0,0.0,0.0,0.0,0.0,0.0,0.0,0.0,0.0,0.0,0.0,0.0,0.0,0.0,0.0,0.0,0.496,0.4706
128,0.001,3,10,100,32,16,256,184,440338,73,30,VicregLoss,gru,/home/dpetrovitch/dzagcoffee/train_trace/gender/checkpoints_2025-10-08 10:26:11.109161_VicregLoss_gru_catboost/model_128_0.001_3_10_100_256_32_16_256_VicregLoss_gruepoch=22.ckpt,22,30,0.05052426,4.3078,1.6797,0.0,7.8116,1.0032,1.0052,0.9703,146.1313,16.6458,188.2982,21.4491,6.6261,0.7548,6.2118,0.7076,5.9114,0.6734,5.7742,0.6577,5.6068,0.6387,3.2805,0.7092,4.2271,0.9138,0.1487,0.0322,0.1394,0.0301,0.1327,0.0287,0.1296,0.028,0.1259,0.0272,0.0,0.0,0.0,0.0,0.0,0.0,0.0,0.0,0.0,0.0,0.0,0.0,0.0,0.0,0.0,0.0,0.0,0.0,0.0,0.0,0.0,0.0,0.0,0.0,0.0,0.0,0.0,0.0,0.0,0.0,0.0,0.0,0.0,0.0,0.0,0.532,0.4618
128,0.001,3,10,100,32,16,256,184,440338,73,30,VicregLoss,gru,/home/dpetrovitch/dzagcoffee/train_trace/gender/checkpoints_2025-10-08 10:26:11.109161_VicregLoss_gru_catboost/model_128_0.001_3_10_100_256_32_16_256_VicregLoss_gruepoch=23.ckpt,23,30,0.05556983,4.2974,1.6797,0.0,7.8388,1.0027,1.0041,0.9809,149.9208,18.1012,98.0251,11.8354,6.4126,0.7742,6.1522,0.7428,5.8918,0.7114,5.7662,0.6962,5.6205,0.6786,3.0865,0.6102,2.0181,0.399,0.132,0.0261,0.1267,0.025,0.1213,0.024,0.1187,0.0235,0.1157,0.0229,0.0,0.0,0.0,0.0,0.0,0.0,0.0,0.0,0.0,0.0,0.0,0.0,0.0,0.0,0.0,0.0,0.0,0.0,0.0,0.0,0.0,0.0,0.0,0.0,0.0,0.0,0.0,0.0,0.0,0.0,0.0,0.0,0.0,0.0,0.0,0.528,0.4969
128,0.001,3,10,100,32,16,256,184,440338,73,30,VicregLoss,gru,/home/dpetrovitch/dzagcoffee/train_trace/gender/checkpoints_2025-10-08 10:26:11.109161_VicregLoss_gru_catboost/model_128_0.001_3_10_100_256_32_16_256_VicregLoss_gruepoch=24.ckpt,24,30,0.056529265,4.2962,1.6797,0.0,7.9863,1.0028,1.0039,0.9794,150.1196,18.4936,73.5751,9.0639,6.2857,0.7743,6.0283,0.7426,5.803,0.7149,5.6795,0.6997,5.5195,0.68,3.0979,0.6163,1.5183,0.302,0.1297,0.0258,0.1244,0.0247,0.1198,0.0238,0.1172,0.0233,0.1139,0.0227,0.0,0.0,0.0,0.0,0.0,0.0,0.0,0.0,0.0,0.0,0.0,0.0,0.0,0.0,0.0,0.0,0.0,0.0,0.0,0.0,0.0,0.0,0.0,0.0,0.0,0.0,0.0,0.0,0.0,0.0,0.0,0.0,0.0,0.0,0.0,0.536,0.4759
128,0.001,3,10,100,32,16,256,184,440338,73,30,VicregLoss,gru,/home/dpetrovitch/dzagcoffee/train_trace/gender/checkpoints_2025-10-08 10:26:11.109161_VicregLoss_gru_catboost/model_128_0.001_3_10_100_256_32_16_256_VicregLoss_gruepoch=25.ckpt,25,30,0.053706657,4.1965,1.6797,0.0,7.8308,1.0026,1.0036,0.9813,146.6769,16.8209,70.2169,8.0525,6.1129,0.701,5.8584,0.6718,5.6503,0.648,5.5192,0.6329,5.3664,0.6154,2.8746,0.5561,1.3761,0.2662,0.1198,0.0232,0.1148,0.0222,0.1107,0.0214,0.1082,0.0209,0.1052,0.0203,0.0,0.0,0.0,0.0,0.0,0.0,0.0,0.0,0.0,0.0,0.0,0.0,0.0,0.0,0.0,0.0,0.0,0.0,0.0,0.0,0.0,0.0,0.0,0.0,0.0,0.0,0.0,0.0,0.0,0.0,0.0,0.0,0.0,0.0,0.0,0.516,0.471
128,0.001,3,10,100,32,16,256,184,440338,73,30,VicregLoss,gru,/home/dpetrovitch/dzagcoffee/train_trace/gender/checkpoints_2025-10-08 10:26:11.109161_VicregLoss_gru_catboost/model_128_0.001_3_10_100_256_32_16_256_VicregLoss_gruepoch=26.ckpt,26,30,0.05994295,4.1426,1.6797,0.0,7.971,1.0027,1.0038,0.9797,147.2408,19.4913,84.0648,11.1283,6.1906,0.8195,5.9145,0.7829,5.6819,0.7522,5.5608,0.7361,5.4044,0.7154,2.8003,0.5167,1.5988,0.295,0.1177,0.0217,0.1125,0.0208,0.1081,0.0199,0.1058,0.0195,0.1028,0.019,0.0,0.0,0.0,0.0,0.0,0.0,0.0,0.0,0.0,0.0,0.0,0.0,0.0,0.0,0.0,0.0,0.0,0.0,0.0,0.0,0.0,0.0,0.0,0.0,0.0,0.0,0.0,0.0,0.0,0.0,0.0,0.0,0.0,0.0,0.0,0.508,0.4437
128,0.001,3,10,100,32,16,256,184,440338,73,30,VicregLoss,gru,/home/dpetrovitch/dzagcoffee/train_trace/gender/checkpoints_2025-10-08 10:26:11.109161_VicregLoss_gru_catboost/model_128_0.001_3_10_100_256_32_16_256_VicregLoss_gruepoch=27.ckpt,27,30,0.06008001,4.6731,1.6797,0.0,7.1824,1.0031,1.0038,0.9761,162.4522,19.1328,41.6881,4.9098,6.6723,0.7858,6.3732,0.7506,6.1623,0.7258,6.0207,0.7091,5.8565,0.6898,3.4743,0.6373,0.8916,0.1635,0.1427,0.0262,0.1363,0.025,0.1318,0.0242,0.1288,0.0236,0.1253,0.023,0.0,0.0,0.0,0.0,0.0,0.0,0.0,0.0,0.0,0.0,0.0,0.0,0.0,0.0,0.0,0.0,0.0,0.0,0.0,0.0,0.0,0.0,0.0,0.0,0.0,0.0,0.0,0.0,0.0,0.0,0.0,0.0,0.0,0.0,0.0,0.52,0.5066
128,0.001,3,10,100,32,16,256,184,440338,73,30,VicregLoss,gru,/home/dpetrovitch/dzagcoffee/train_trace/gender/checkpoints_2025-10-08 10:26:11.109161_VicregLoss_gru_catboost/model_128_0.001_3_10_100_256_32_16_256_VicregLoss_gruepoch=28.ckpt,28,30,0.055595532,4.2043,1.6797,0.0,7.5837,1.0028,1.0037,0.9754,149.6026,19.7474,66.3355,8.7562,6.2624,0.8266,5.9926,0.791,5.771,0.7618,5.6379,0.7442,5.4719,0.7223,3.4108,0.7203,1.5124,0.3194,0.1428,0.0302,0.1366,0.0289,0.1316,0.0278,0.1285,0.0271,0.1248,0.0263,0.0,0.0,0.0,0.0,0.0,0.0,0.0,0.0,0.0,0.0,0.0,0.0,0.0,0.0,0.0,0.0,0.0,0.0,0.0,0.0,0.0,0.0,0.0,0.0,0.0,0.0,0.0,0.0,0.0,0.0,0.0,0.0,0.0,0.0,0.0,0.524,0.4922
128,0.001,3,10,100,32,16,256,184,440338,73,30,VicregLoss,gru,/home/dpetrovitch/dzagcoffee/train_trace/gender/checkpoints_2025-10-08 10:26:11.109161_VicregLoss_gru_catboost/model_128_0.001_3_10_100_256_32_16_256_VicregLoss_gruepoch=29.ckpt,29,30,0.04700778,4.9507,1.6797,0.0,6.9959,1.0043,1.0059,0.9705,163.7596,17.2076,99.4809,10.4533,7.1676,0.7532,6.7493,0.7092,6.4684,0.6797,6.2953,0.6615,6.0896,0.6399,2.9152,0.5322,1.7709,0.3233,0.1276,0.0233,0.1201,0.0219,0.1151,0.021,0.1121,0.0205,0.1084,0.0198,0.0,0.0,0.0,0.0,0.0,0.0,0.0,0.0,0.0,0.0,0.0,0.0,0.0,0.0,0.0,0.0,0.0,0.0,0.0,0.0,0.0,0.0,0.0,0.0,0.0,0.0,0.0,0.0,0.0,0.0,0.0,0.0,0.0,0.0,0.0,0.488,0.4627
128,0.001,3,10,100,32,16,512,184,440338,73,30,VicregLoss,gru,/home/dpetrovitch/dzagcoffee/train_trace/gender/checkpoints_2025-10-08 10:26:11.109161_VicregLoss_gru_catboost/model_128_0.001_3_10_100_512_32_16_512_VicregLoss_gruepoch=00.ckpt,0,30,0.044669166,30.7523,1.0,1e-04,5.0419,1.2375,1.3009,0.5627,716.1364,36.1736,52.935,2.6739,39.4715,1.9938,36.1525,1.8261,33.3024,1.6822,31.6813,1.6003,29.5216,1.4912,33.3407,4.9148,2.4645,0.3633,1.8376,0.2709,1.6831,0.2481,1.5504,0.2286,1.475,0.2174,1.3744,0.2026,0.0,0.0,0.0,0.0,0.0,0.0,0.0,0.0,0.0,0.0,0.0,0.0,0.0,0.0,0.0,0.0,0.0,0.0,0.0,0.0,0.0,0.0,0.0,0.0,0.0,0.0,0.0,0.0,0.0,0.0,0.0,0.0,0.0,0.0,0.0,0.528,0.4741
128,0.001,3,10,100,32,16,512,184,440338,73,30,VicregLoss,gru,/home/dpetrovitch/dzagcoffee/train_trace/gender/checkpoints_2025-10-08 10:26:11.109161_VicregLoss_gru_catboost/model_128_0.001_3_10_100_512_32_16_512_VicregLoss_gruepoch=01.ckpt,1,30,0.037833232,7.6029,1.0,0.0,7.9748,1.0094,1.0204,0.868,343.1518,25.1754,128.4981,9.4273,12.9943,0.9533,12.4477,0.9132,12.066,0.8852,11.8169,0.8669,11.4965,0.8434,12.4916,1.5873,4.6777,0.5944,0.473,0.0601,0.4531,0.0576,0.4392,0.0558,0.4302,0.0547,0.4185,0.0532,0.0,0.0,0.0,0.0,0.0,0.0,0.0,0.0,0.0,0.0,0.0,0.0,0.0,0.0,0.0,0.0,0.0,0.0,0.0,0.0,0.0,0.0,0.0,0.0,0.0,0.0,0.0,0.0,0.0,0.0,0.0,0.0,0.0,0.0,0.0,0.516,0.453
128,0.001,3,10,100,32,16,512,184,440338,73,30,VicregLoss,gru,/home/dpetrovitch/dzagcoffee/train_trace/gender/checkpoints_2025-10-08 10:26:11.109161_VicregLoss_gru_catboost/model_128_0.001_3_10_100_512_32_16_512_VicregLoss_gruepoch=02.ckpt,2,30,0.041148406,6.69,1.0,0.0,8.5417,1.0074,1.0107,0.9221,306.9379,25.9423,54.1683,4.5783,10.5004,0.8875,10.2218,0.8639,9.966,0.8423,9.8318,0.831,9.5368,0.806,9.4288,1.0237,1.664,0.1807,0.3226,0.035,0.314,0.0341,0.3061,0.0332,0.302,0.0328,0.293,0.0318,0.0,0.0,0.0,0.0,0.0,0.0,0.0,0.0,0.0,0.0,0.0,0.0,0.0,0.0,0.0,0.0,0.0,0.0,0.0,0.0,0.0,0.0,0.0,0.0,0.0,0.0,0.0,0.0,0.0,0.0,0.0,0.0,0.0,0.0,0.0,0.468,0.4634
128,0.001,3,10,100,32,16,512,184,440338,73,30,VicregLoss,gru,/home/dpetrovitch/dzagcoffee/train_trace/gender/checkpoints_2025-10-08 10:26:11.109161_VicregLoss_gru_catboost/model_128_0.001_3_10_100_512_32_16_512_VicregLoss_gruepoch=03.ckpt,3,30,0.04675507,10.2559,1.0,0.0,6.8062,1.0134,1.0197,0.8432,398.2638,25.489,43.6687,2.7948,15.2138,0.9737,14.5096,0.9286,13.9614,0.8935,13.6592,0.8742,13.1423,0.8411,12.4805,1.2649,1.3685,0.1387,0.4768,0.0483,0.4547,0.0461,0.4375,0.0443,0.428,0.0434,0.4118,0.0417,0.0,0.0,0.0,0.0,0.0,0.0,0.0,0.0,0.0,0.0,0.0,0.0,0.0,0.0,0.0,0.0,0.0,0.0,0.0,0.0,0.0,0.0,0.0,0.0,0.0,0.0,0.0,0.0,0.0,0.0,0.0,0.0,0.0,0.0,0.0,0.552,0.5021
128,0.001,3,10,100,32,16,512,184,440338,73,30,VicregLoss,gru,/home/dpetrovitch/dzagcoffee/train_trace/gender/checkpoints_2025-10-08 10:26:11.109161_VicregLoss_gru_catboost/model_128_0.001_3_10_100_512_32_16_512_VicregLoss_gruepoch=04.ckpt,4,30,0.04395816,8.9877,1.0,0.0,7.3941,1.0112,1.0158,0.8965,335.7579,23.2537,48.3175,3.3463,12.1733,0.8431,11.7837,0.8161,11.4511,0.7931,11.2537,0.7794,10.9174,0.7561,10.7801,1.3452,1.5513,0.1936,0.3908,0.0488,0.3783,0.0472,0.3677,0.0459,0.3613,0.0451,0.3505,0.0437,0.0,0.0,0.0,0.0,0.0,0.0,0.0,0.0,0.0,0.0,0.0,0.0,0.0,0.0,0.0,0.0,0.0,0.0,0.0,0.0,0.0,0.0,0.0,0.0,0.0,0.0,0.0,0.0,0.0,0.0,0.0,0.0,0.0,0.0,0.0,0.516,0.4614
128,0.001,3,10,100,32,16,512,184,440338,73,30,VicregLoss,gru,/home/dpetrovitch/dzagcoffee/train_trace/gender/checkpoints_2025-10-08 10:26:11.109161_VicregLoss_gru_catboost/model_128_0.001_3_10_100_512_32_16_512_VicregLoss_gruepoch=05.ckpt,5,30,0.025750412,10.232,1.0,0.0,10.1824,1.0151,1.0185,0.9089,368.111,37.4501,68.2373,6.9422,12.1472,1.2358,11.8855,1.2092,11.5167,1.1717,11.3805,1.1578,11.1496,1.1343,10.7908,1.4479,2.0003,0.2684,0.3561,0.0478,0.3484,0.0468,0.3376,0.0453,0.3336,0.0448,0.3268,0.0439,0.0,0.0,0.0,0.0,0.0,0.0,0.0,0.0,0.0,0.0,0.0,0.0,0.0,0.0,0.0,0.0,0.0,0.0,0.0,0.0,0.0,0.0,0.0,0.0,0.0,0.0,0.0,0.0,0.0,0.0,0.0,0.0,0.0,0.0,0.0,0.532,0.4681
128,0.001,3,10,100,32,16,512,184,440338,73,30,VicregLoss,gru,/home/dpetrovitch/dzagcoffee/train_trace/gender/checkpoints_2025-10-08 10:26:11.109161_VicregLoss_gru_catboost/model_128_0.001_3_10_100_512_32_16_512_VicregLoss_gruepoch=06.ckpt,6,30,0.025767544,11.0968,1.0,0.0,7.1769,1.0099,1.0093,0.9705,391.825,40.5597,64.7221,6.6997,10.0691,1.0423,9.9275,1.0276,9.7802,1.0124,9.6842,1.0025,9.576,0.9913,12.5373,1.352,2.0709,0.2233,0.3222,0.0347,0.3177,0.0343,0.3129,0.0337,0.3099,0.0334,0.3064,0.033,0.0,0.0,0.0,0.0,0.0,0.0,0.0,0.0,0.0,0.0,0.0,0.0,0.0,0.0,0.0,0.0,0.0,0.0,0.0,0.0,0.0,0.0,0.0,0.0,0.0,0.0,0.0,0.0,0.0,0.0,0.0,0.0,0.0,0.0,0.0,0.528,0.4762
128,0.001,3,10,100,32,16,512,184,440338,73,30,VicregLoss,gru,/home/dpetrovitch/dzagcoffee/train_trace/gender/checkpoints_2025-10-08 10:26:11.109161_VicregLoss_gru_catboost/model_128_0.001_3_10_100_512_32_16_512_VicregLoss_gruepoch=07.ckpt,7,30,0.021540055,10.9073,1.0,0.0,7.9922,1.0105,1.0097,0.9671,396.6957,41.4631,61.6995,6.4489,10.2905,1.0756,10.1428,1.0601,9.9906,1.0442,9.8756,1.0322,9.7636,1.0205,13.2745,1.3937,2.0646,0.2168,0.3443,0.0362,0.3394,0.0356,0.3343,0.0351,0.3305,0.0347,0.3267,0.0343,0.0,0.0,0.0,0.0,0.0,0.0,0.0,0.0,0.0,0.0,0.0,0.0,0.0,0.0,0.0,0.0,0.0,0.0,0.0,0.0,0.0,0.0,0.0,0.0,0.0,0.0,0.0,0.0,0.0,0.0,0.0,0.0,0.0,0.0,0.0,0.556,0.5043
128,0.001,3,10,100,32,16,512,184,440338,73,30,VicregLoss,gru,/home/dpetrovitch/dzagcoffee/train_trace/gender/checkpoints_2025-10-08 10:26:11.109161_VicregLoss_gru_catboost/model_128_0.001_3_10_100_512_32_16_512_VicregLoss_gruepoch=08.ckpt,8,30,0.02107319,8.6065,1.0,0.0,8.196,1.0077,1.0075,0.975,333.593,39.4885,71.6341,8.4796,8.5454,1.0115,8.4158,0.9962,8.2904,0.9814,8.2093,0.9718,8.1314,0.9625,9.7468,1.1334,2.093,0.2434,0.2497,0.029,0.2459,0.0286,0.2422,0.0282,0.2399,0.0279,0.2376,0.0276,0.0,0.0,0.0,0.0,0.0,0.0,0.0,0.0,0.0,0.0,0.0,0.0,0.0,0.0,0.0,0.0,0.0,0.0,0.0,0.0,0.0,0.0,0.0,0.0,0.0,0.0,0.0,0.0,0.0,0.0,0.0,0.0,0.0,0.0,0.0,0.56,0.5003
128,0.001,3,10,100,32,16,512,184,440338,73,30,VicregLoss,gru,/home/dpetrovitch/dzagcoffee/train_trace/gender/checkpoints_2025-10-08 10:26:11.109161_VicregLoss_gru_catboost/model_128_0.001_3_10_100_512_32_16_512_VicregLoss_gruepoch=09.ckpt,9,30,0.024671054,9.6288,1.0,0.0,7.9191,1.0083,1.0073,0.9745,365.1088,39.7841,19.4826,2.1229,9.2243,1.0051,9.12,0.9938,8.9953,0.9802,8.9098,0.9709,8.8247,0.9616,10.9956,1.2015,0.5867,0.0641,0.2778,0.0304,0.2747,0.03,0.2709,0.0296,0.2683,0.0293,0.2658,0.029,0.0,0.0,0.0,0.0,0.0,0.0,0.0,0.0,0.0,0.0,0.0,0.0,0.0,0.0,0.0,0.0,0.0,0.0,0.0,0.0,0.0,0.0,0.0,0.0,0.0,0.0,0.0,0.0,0.0,0.0,0.0,0.0,0.0,0.0,0.0,0.532,0.5113
128,0.001,3,10,100,32,16,512,184,440338,73,30,VicregLoss,gru,/home/dpetrovitch/dzagcoffee/train_trace/gender/checkpoints_2025-10-08 10:26:11.109161_VicregLoss_gru_catboost/model_128_0.001_3_10_100_512_32_16_512_VicregLoss_gruepoch=10.ckpt,10,30,0.024384081,12.6525,1.0,0.0,9.0074,1.0139,1.0125,0.9567,452.6242,43.0859,25.2548,2.404,12.0204,1.1442,11.8356,1.1266,11.6585,1.1098,11.5447,1.099,11.3499,1.0804,21.1856,2.1063,1.1821,0.1175,0.5626,0.0559,0.554,0.0551,0.5457,0.0543,0.5404,0.0537,0.5312,0.0528,0.0,0.0,0.0,0.0,0.0,0.0,0.0,0.0,0.0,0.0,0.0,0.0,0.0,0.0,0.0,0.0,0.0,0.0,0.0,0.0,0.0,0.0,0.0,0.0,0.0,0.0,0.0,0.0,0.0,0.0,0.0,0.0,0.0,0.0,0.0,0.552,0.5509
128,0.001,3,10,100,32,16,512,184,440338,73,30,VicregLoss,gru,/home/dpetrovitch/dzagcoffee/train_trace/gender/checkpoints_2025-10-08 10:26:11.109161_VicregLoss_gru_catboost/model_128_0.001_3_10_100_512_32_16_512_VicregLoss_gruepoch=11.ckpt,11,30,0.018469024,29.2756,1.0,0.0,5.5766,1.1719,1.1603,0.6922,725.9864,48.2737,36.6725,2.4385,19.6142,1.3042,19.1705,1.2747,18.8269,1.2519,18.6151,1.2378,18.33,1.2188,28.3639,3.6212,1.4328,0.1829,0.7663,0.0978,0.749,0.0956,0.7356,0.0939,0.7273,0.0929,0.7161,0.0914,0.0,0.0,0.0,0.0,0.0,0.0,0.0,0.0,0.0,0.0,0.0,0.0,0.0,0.0,0.0,0.0,0.0,0.0,0.0,0.0,0.0,0.0,0.0,0.0,0.0,0.0,0.0,0.0,0.0,0.0,0.0,0.0,0.0,0.0,0.0,0.52,0.4819
128,0.001,3,10,100,32,16,512,184,440338,73,30,VicregLoss,gru,/home/dpetrovitch/dzagcoffee/train_trace/gender/checkpoints_2025-10-08 10:26:11.109161_VicregLoss_gru_catboost/model_128_0.001_3_10_100_512_32_16_512_VicregLoss_gruepoch=12.ckpt,12,30,0.023955762,34.4276,1.0,0.0,5.3456,1.5282,1.5288,0.5055,798.2488,49.267,28.5192,1.7602,24.8505,1.5337,24.1253,1.489,23.4583,1.4478,23.0333,1.4216,22.2853,1.3754,26.8968,2.8443,0.9609,0.1016,0.8373,0.0885,0.8129,0.086,0.7904,0.0836,0.7761,0.0821,0.7509,0.0794,0.0,0.0,0.0,0.0,0.0,0.0,0.0,0.0,0.0,0.0,0.0,0.0,0.0,0.0,0.0,0.0,0.0,0.0,0.0,0.0,0.0,0.0,0.0,0.0,0.0,0.0,0.0,0.0,0.0,0.0,0.0,0.0,0.0,0.0,0.0,0.524,0.4904
128,0.001,3,10,100,32,16,512,184,440338,73,30,VicregLoss,gru,/home/dpetrovitch/dzagcoffee/train_trace/gender/checkpoints_2025-10-08 10:26:11.109161_VicregLoss_gru_catboost/model_128_0.001_3_10_100_512_32_16_512_VicregLoss_gruepoch=13.ckpt,13,30,0.026212992,37.0348,1.0,1e-04,5.4754,2.0413,2.0457,0.4384,850.9634,50.5802,29.3534,1.7447,28.0357,1.6664,27.5012,1.6346,26.9353,1.601,26.57,1.5793,25.9068,1.5399,31.0467,3.3893,1.0709,0.1169,1.0229,0.1117,1.0034,0.1095,0.9827,0.1073,0.9694,0.1058,0.9452,0.1032,0.0,0.0,0.0,0.0,0.0,0.0,0.0,0.0,0.0,0.0,0.0,0.0,0.0,0.0,0.0,0.0,0.0,0.0,0.0,0.0,0.0,0.0,0.0,0.0,0.0,0.0,0.0,0.0,0.0,0.0,0.0,0.0,0.0,0.0,0.0,0.488,0.4462
128,0.001,3,10,100,32,16,512,184,440338,73,30,VicregLoss,gru,/home/dpetrovitch/dzagcoffee/train_trace/gender/checkpoints_2025-10-08 10:26:11.109161_VicregLoss_gru_catboost/model_128_0.001_3_10_100_512_32_16_512_VicregLoss_gruepoch=14.ckpt,14,30,0.022349576,38.7606,1.0,1e-04,5.2203,1.4755,1.4704,0.5187,844.2482,52.9571,30.5949,1.9191,26.8134,1.6819,25.3818,1.5921,24.5243,1.5383,24.1199,1.513,23.6243,1.4819,24.365,2.8696,0.883,0.104,0.7738,0.0911,0.7325,0.0863,0.7078,0.0834,0.6961,0.082,0.6818,0.0803,0.0,0.0,0.0,0.0,0.0,0.0,0.0,0.0,0.0,0.0,0.0,0.0,0.0,0.0,0.0,0.0,0.0,0.0,0.0,0.0,0.0,0.0,0.0,0.0,0.0,0.0,0.0,0.0,0.0,0.0,0.0,0.0,0.0,0.0,0.0,0.524,0.5101
128,0.001,3,10,100,32,16,512,184,440338,73,30,VicregLoss,gru,/home/dpetrovitch/dzagcoffee/train_trace/gender/checkpoints_2025-10-08 10:26:11.109161_VicregLoss_gru_catboost/model_128_0.001_3_10_100_512_32_16_512_VicregLoss_gruepoch=15.ckpt,15,30,0.017064145,29.4741,1.0,0.0,7.6528,1.1369,1.1108,0.7462,781.5531,51.0483,28.799,1.8811,20.9053,1.3655,20.5828,1.3444,20.2863,1.325,20.0915,1.3123,19.765,1.291,26.0866,2.8499,0.9613,0.105,0.6978,0.0762,0.687,0.0751,0.6771,0.074,0.6706,0.0733,0.6597,0.0721,0.0,0.0,0.0,0.0,0.0,0.0,0.0,0.0,0.0,0.0,0.0,0.0,0.0,0.0,0.0,0.0,0.0,0.0,0.0,0.0,0.0,0.0,0.0,0.0,0.0,0.0,0.0,0.0,0.0,0.0,0.0,0.0,0.0,0.0,0.0,0.56,0.5075
128,0.001,3,10,100,32,16,512,184,440338,73,30,VicregLoss,gru,/home/dpetrovitch/dzagcoffee/train_trace/gender/checkpoints_2025-10-08 10:26:11.109161_VicregLoss_gru_catboost/model_128_0.001_3_10_100_512_32_16_512_VicregLoss_gruepoch=16.ckpt,16,30,0.018246299,28.3502,1.0,0.0,7.6105,1.096,1.0732,0.8055,764.8572,51.3889,33.8485,2.2742,20.3008,1.364,19.9048,1.3374,19.557,1.314,19.347,1.2999,19.0185,1.2778,24.7568,3.1023,1.0956,0.1373,0.6571,0.0823,0.6443,0.0807,0.633,0.0793,0.6262,0.0785,0.6156,0.0771,0.0,0.0,0.0,0.0,0.0,0.0,0.0,0.0,0.0,0.0,0.0,0.0,0.0,0.0,0.0,0.0,0.0,0.0,0.0,0.0,0.0,0.0,0.0,0.0,0.0,0.0,0.0,0.0,0.0,0.0,0.0,0.0,0.0,0.0,0.0,0.548,0.5151
128,0.001,3,10,100,32,16,512,184,440338,73,30,VicregLoss,gru,/home/dpetrovitch/dzagcoffee/train_trace/gender/checkpoints_2025-10-08 10:26:11.109161_VicregLoss_gru_catboost/model_128_0.001_3_10_100_512_32_16_512_VicregLoss_gruepoch=17.ckpt,17,30,0.014627022,28.8756,1.0,0.0,7.6564,1.1064,1.0792,0.7883,760.1718,50.8913,33.3786,2.2346,20.4241,1.3673,19.9732,1.3372,19.6017,1.3123,19.3674,1.2966,19.0013,1.2721,23.0589,2.9056,1.0125,0.1276,0.6195,0.0781,0.6059,0.0763,0.5946,0.0749,0.5875,0.074,0.5764,0.0726,0.0,0.0,0.0,0.0,0.0,0.0,0.0,0.0,0.0,0.0,0.0,0.0,0.0,0.0,0.0,0.0,0.0,0.0,0.0,0.0,0.0,0.0,0.0,0.0,0.0,0.0,0.0,0.0,0.0,0.0,0.0,0.0,0.0,0.0,0.0,0.552,0.5157
128,0.001,3,10,100,32,16,512,184,440338,73,30,VicregLoss,gru,/home/dpetrovitch/dzagcoffee/train_trace/gender/checkpoints_2025-10-08 10:26:11.109161_VicregLoss_gru_catboost/model_128_0.001_3_10_100_512_32_16_512_VicregLoss_gruepoch=18.ckpt,18,30,0.022289611,30.3047,1.0,0.0,7.7102,1.1209,1.0975,0.7572,786.8001,51.3283,34.4369,2.2466,21.4182,1.3973,20.7892,1.3562,20.3978,1.3307,20.1596,1.3151,19.7886,1.2909,27.328,3.3798,1.1961,0.1479,0.7439,0.092,0.7221,0.0893,0.7085,0.0876,0.7002,0.0866,0.6873,0.085,0.0,0.0,0.0,0.0,0.0,0.0,0.0,0.0,0.0,0.0,0.0,0.0,0.0,0.0,0.0,0.0,0.0,0.0,0.0,0.0,0.0,0.0,0.0,0.0,0.0,0.0,0.0,0.0,0.0,0.0,0.0,0.0,0.0,0.0,0.0,0.54,0.4994
128,0.001,3,10,100,32,16,512,184,440338,73,30,VicregLoss,gru,/home/dpetrovitch/dzagcoffee/train_trace/gender/checkpoints_2025-10-08 10:26:11.109161_VicregLoss_gru_catboost/model_128_0.001_3_10_100_512_32_16_512_VicregLoss_gruepoch=19.ckpt,19,30,0.019664029,26.5454,1.0,0.0,8.2299,1.0973,1.0901,0.7896,729.4641,49.9038,38.7698,2.6523,19.5937,1.3404,18.8935,1.2925,18.546,1.2688,18.3481,1.2552,18.0554,1.2352,22.6691,2.8242,1.2048,0.1501,0.6089,0.0759,0.5871,0.0731,0.5763,0.0718,0.5702,0.071,0.5611,0.0699,0.0,0.0,0.0,0.0,0.0,0.0,0.0,0.0,0.0,0.0,0.0,0.0,0.0,0.0,0.0,0.0,0.0,0.0,0.0,0.0,0.0,0.0,0.0,0.0,0.0,0.0,0.0,0.0,0.0,0.0,0.0,0.0,0.0,0.0,0.0,0.552,0.502
128,0.001,3,10,100,32,16,512,184,440338,73,30,VicregLoss,gru,/home/dpetrovitch/dzagcoffee/train_trace/gender/checkpoints_2025-10-08 10:26:11.109161_VicregLoss_gru_catboost/model_128_0.001_3_10_100_512_32_16_512_VicregLoss_gruepoch=20.ckpt,20,30,0.020726254,34.5743,1.0,0.0,6.3103,1.1282,1.1178,0.7474,844.5133,53.3605,48.5652,3.0686,22.9121,1.4477,22.0024,1.3902,21.466,1.3563,21.1937,1.3391,20.8555,1.3178,32.1453,4.0299,1.8486,0.2317,0.8721,0.1093,0.8375,0.105,0.8171,0.1024,0.8067,0.1011,0.7938,0.0995,0.0,0.0,0.0,0.0,0.0,0.0,0.0,0.0,0.0,0.0,0.0,0.0,0.0,0.0,0.0,0.0,0.0,0.0,0.0,0.0,0.0,0.0,0.0,0.0,0.0,0.0,0.0,0.0,0.0,0.0,0.0,0.0,0.0,0.0,0.0,0.564,0.5098
128,0.001,3,10,100,32,16,512,184,440338,73,30,VicregLoss,gru,/home/dpetrovitch/dzagcoffee/train_trace/gender/checkpoints_2025-10-08 10:26:11.109161_VicregLoss_gru_catboost/model_128_0.001_3_10_100_512_32_16_512_VicregLoss_gruepoch=21.ckpt,21,30,0.02155719,28.8241,1.0,0.0,7.8368,1.1336,1.1314,0.7289,761.6241,50.8411,33.1679,2.2141,21.1083,1.4091,20.1368,1.3442,19.6739,1.3133,19.4515,1.2985,19.1281,1.2769,23.7014,2.7424,1.0322,0.1194,0.6569,0.076,0.6266,0.0725,0.6122,0.0708,0.6053,0.07,0.5953,0.0689,0.0,0.0,0.0,0.0,0.0,0.0,0.0,0.0,0.0,0.0,0.0,0.0,0.0,0.0,0.0,0.0,0.0,0.0,0.0,0.0,0.0,0.0,0.0,0.0,0.0,0.0,0.0,0.0,0.0,0.0,0.0,0.0,0.0,0.0,0.0,0.572,0.544
128,0.001,3,10,100,32,16,512,184,440338,73,30,VicregLoss,gru,/home/dpetrovitch/dzagcoffee/train_trace/gender/checkpoints_2025-10-08 10:26:11.109161_VicregLoss_gru_catboost/model_128_0.001_3_10_100_512_32_16_512_VicregLoss_gruepoch=22.ckpt,22,30,0.020623459,26.1926,1.0,0.0,8.2272,1.1168,1.119,0.7547,717.7975,48.9916,32.6167,2.2262,19.7602,1.3487,18.8323,1.2854,18.4271,1.2577,18.2314,1.2443,17.9307,1.2238,22.1203,2.4065,1.0051,0.1094,0.6089,0.0662,0.5804,0.0631,0.5679,0.0618,0.5618,0.0611,0.5526,0.0601,0.0,0.0,0.0,0.0,0.0,0.0,0.0,0.0,0.0,0.0,0.0,0.0,0.0,0.0,0.0,0.0,0.0,0.0,0.0,0.0,0.0,0.0,0.0,0.0,0.0,0.0,0.0,0.0,0.0,0.0,0.0,0.0,0.0,0.0,0.0,0.548,0.49
128,0.001,3,10,100,32,16,512,184,440338,73,30,VicregLoss,gru,/home/dpetrovitch/dzagcoffee/train_trace/gender/checkpoints_2025-10-08 10:26:11.109161_VicregLoss_gru_catboost/model_128_0.001_3_10_100_512_32_16_512_VicregLoss_gruepoch=23.ckpt,23,30,0.02196409,19.6865,1.0,0.0,10.287,1.0654,1.071,0.8501,625.4034,45.929,74.5146,5.4723,16.4763,1.21,16.0417,1.1781,15.7579,1.1572,15.6046,1.146,15.3502,1.1273,17.7487,2.2978,2.1147,0.2738,0.4676,0.0605,0.4553,0.0589,0.4472,0.0579,0.4429,0.0573,0.4356,0.0564,0.0,0.0,0.0,0.0,0.0,0.0,0.0,0.0,0.0,0.0,0.0,0.0,0.0,0.0,0.0,0.0,0.0,0.0,0.0,0.0,0.0,0.0,0.0,0.0,0.0,0.0,0.0,0.0,0.0,0.0,0.0,0.0,0.0,0.0,0.0,0.564,0.5123
128,0.001,3,10,100,32,16,512,184,440338,73,30,VicregLoss,gru,/home/dpetrovitch/dzagcoffee/train_trace/gender/checkpoints_2025-10-08 10:26:11.109161_VicregLoss_gru_catboost/model_128_0.001_3_10_100_512_32_16_512_VicregLoss_gruepoch=24.ckpt,24,30,0.01970686,19.6053,1.0,0.0,9.3263,1.0564,1.0552,0.8734,602.1416,45.4556,55.2795,4.173,15.4915,1.1695,15.0568,1.1366,14.8236,1.119,14.7,1.1097,14.5235,1.0964,16.806,2.7514,1.5429,0.2526,0.4324,0.0708,0.4202,0.0688,0.4137,0.0677,0.4103,0.0672,0.4054,0.0664,0.0,0.0,0.0,0.0,0.0,0.0,0.0,0.0,0.0,0.0,0.0,0.0,0.0,0.0,0.0,0.0,0.0,0.0,0.0,0.0,0.0,0.0,0.0,0.0,0.0,0.0,0.0,0.0,0.0,0.0,0.0,0.0,0.0,0.0,0.0,0.516,0.498
128,0.001,3,10,100,32,16,512,184,440338,73,30,VicregLoss,gru,/home/dpetrovitch/dzagcoffee/train_trace/gender/checkpoints_2025-10-08 10:26:11.109161_VicregLoss_gru_catboost/model_128_0.001_3_10_100_512_32_16_512_VicregLoss_gruepoch=25.ckpt,25,30,0.02413994,20.0522,1.0,0.0,8.8947,1.0624,1.0641,0.86,601.5434,45.1719,43.5838,3.2729,15.5361,1.1667,15.0291,1.1286,14.7781,1.1097,14.6499,1.1001,14.4745,1.0869,18.3724,2.5203,1.3311,0.1826,0.4745,0.0651,0.459,0.063,0.4514,0.0619,0.4474,0.0614,0.4421,0.0606,0.0,0.0,0.0,0.0,0.0,0.0,0.0,0.0,0.0,0.0,0.0,0.0,0.0,0.0,0.0,0.0,0.0,0.0,0.0,0.0,0.0,0.0,0.0,0.0,0.0,0.0,0.0,0.0,0.0,0.0,0.0,0.0,0.0,0.0,0.0,0.572,0.5138
128,0.001,3,10,100,32,16,512,184,440338,73,30,VicregLoss,gru,/home/dpetrovitch/dzagcoffee/train_trace/gender/checkpoints_2025-10-08 10:26:11.109161_VicregLoss_gru_catboost/model_128_0.001_3_10_100_512_32_16_512_VicregLoss_gruepoch=26.ckpt,26,30,0.020439282,20.7901,1.0,0.0,8.5425,1.0673,1.0686,0.8514,609.4288,45.9244,41.4334,3.1223,15.7552,1.1873,15.2232,1.1472,14.9561,1.127,14.8329,1.1178,14.6473,1.1038,19.0674,2.3702,1.2963,0.1611,0.4929,0.0613,0.4763,0.0592,0.4679,0.0582,0.4641,0.0577,0.4583,0.057,0.0,0.0,0.0,0.0,0.0,0.0,0.0,0.0,0.0,0.0,0.0,0.0,0.0,0.0,0.0,0.0,0.0,0.0,0.0,0.0,0.0,0.0,0.0,0.0,0.0,0.0,0.0,0.0,0.0,0.0,0.0,0.0,0.0,0.0,0.0,0.532,0.5021
128,0.001,3,10,100,32,16,512,184,440338,73,30,VicregLoss,gru,/home/dpetrovitch/dzagcoffee/train_trace/gender/checkpoints_2025-10-08 10:26:11.109161_VicregLoss_gru_catboost/model_128_0.001_3_10_100_512_32_16_512_VicregLoss_gruepoch=27.ckpt,27,30,0.022122568,21.0195,1.0,0.0,8.5884,1.071,1.0731,0.8412,613.4958,46.2349,40.1228,3.0238,16.022,1.2075,15.3845,1.1594,15.1048,1.1383,14.972,1.1283,14.7627,1.1126,18.5902,2.2676,1.2158,0.1483,0.4855,0.0592,0.4662,0.0569,0.4577,0.0558,0.4537,0.0553,0.4473,0.0546,0.0,0.0,0.0,0.0,0.0,0.0,0.0,0.0,0.0,0.0,0.0,0.0,0.0,0.0,0.0,0.0,0.0,0.0,0.0,0.0,0.0,0.0,0.0,0.0,0.0,0.0,0.0,0.0,0.0,0.0,0.0,0.0,0.0,0.0,0.0,0.54,0.5289
128,0.001,3,10,100,32,16,512,184,440338,73,30,VicregLoss,gru,/home/dpetrovitch/dzagcoffee/train_trace/gender/checkpoints_2025-10-08 10:26:11.109161_VicregLoss_gru_catboost/model_128_0.001_3_10_100_512_32_16_512_VicregLoss_gruepoch=28.ckpt,28,30,0.022169681,21.4901,1.0,0.0,8.5129,1.0736,1.076,0.8352,619.513,46.1985,39.9299,2.9777,16.2436,1.2113,15.5723,1.1613,15.2802,1.1395,15.1489,1.1297,14.9261,1.1131,18.4583,2.2039,1.1897,0.1421,0.484,0.0578,0.464,0.0554,0.4553,0.0544,0.4514,0.0539,0.4447,0.0531,0.0,0.0,0.0,0.0,0.0,0.0,0.0,0.0,0.0,0.0,0.0,0.0,0.0,0.0,0.0,0.0,0.0,0.0,0.0,0.0,0.0,0.0,0.0,0.0,0.0,0.0,0.0,0.0,0.0,0.0,0.0,0.0,0.0,0.0,0.0,0.576,0.5411
128,0.001,3,10,100,32,16,512,184,440338,73,30,VicregLoss,gru,/home/dpetrovitch/dzagcoffee/train_trace/gender/checkpoints_2025-10-08 10:26:11.109161_VicregLoss_gru_catboost/model_128_0.001_3_10_100_512_32_16_512_VicregLoss_gruepoch=29.ckpt,29,30,0.02180133,21.7657,1.0,0.0,8.5343,1.0754,1.0776,0.8307,623.6032,46.215,38.9982,2.8901,16.3882,1.2145,15.6875,1.1626,15.3907,1.1406,15.262,1.1311,15.029,1.1138,18.9295,2.3018,1.1838,0.1439,0.4975,0.0605,0.4762,0.0579,0.4672,0.0568,0.4633,0.0563,0.4562,0.0555,0.0,0.0,0.0,0.0,0.0,0.0,0.0,0.0,0.0,0.0,0.0,0.0,0.0,0.0,0.0,0.0,0.0,0.0,0.0,0.0,0.0,0.0,0.0,0.0,0.0,0.0,0.0,0.0,0.0,0.0,0.0,0.0,0.0,0.0,0.0,0.54,0.4949
128,0.001,3,10,100,32,16,1024,184,440338,73,30,VicregLoss,gru,/home/dpetrovitch/dzagcoffee/train_trace/gender/checkpoints_2025-10-08 10:26:11.109161_VicregLoss_gru_catboost/model_128_0.001_3_10_100_1024_32_16_1024_VicregLoss_gruepoch=00.ckpt,0,30,0.04251045,8.6303,1.0,0.0,5.8131,1.0063,1.0118,0.8114,464.5414,29.7182,63.9819,4.0931,13.8793,0.8879,13.2842,0.8498,12.7616,0.8164,12.47,0.7977,12.1587,0.7778,15.5324,1.5115,2.1393,0.2082,0.4641,0.0452,0.4442,0.0432,0.4267,0.0415,0.4169,0.0406,0.4065,0.0396,0.0,0.0,0.0,0.0,0.0,0.0,0.0,0.0,0.0,0.0,0.0,0.0,0.0,0.0,0.0,0.0,0.0,0.0,0.0,0.0,0.0,0.0,0.0,0.0,0.0,0.0,0.0,0.0,0.0,0.0,0.0,0.0,0.0,0.0,0.0,0.556,0.5301
128,0.001,3,10,100,32,16,1024,184,440338,73,30,VicregLoss,gru,/home/dpetrovitch/dzagcoffee/train_trace/gender/checkpoints_2025-10-08 10:26:11.109161_VicregLoss_gru_catboost/model_128_0.001_3_10_100_1024_32_16_1024_VicregLoss_gruepoch=01.ckpt,1,30,0.035083435,88.349,1.0,0.0007,4.2912,2.429,2.4647,0.1824,1050.2035,53.0563,159.0111,8.0332,131.718,6.6544,118.1585,5.9694,101.8989,5.1479,89.6302,4.5281,67.9163,3.4311,57.4148,4.3572,8.6932,0.6597,7.201,0.5465,6.4597,0.4902,5.5708,0.4228,4.9001,0.3719,3.713,0.2818,0.0,0.0,0.0,0.0,0.0,0.0,0.0,0.0,0.0,0.0,0.0,0.0,0.0,0.0,0.0,0.0,0.0,0.0,0.0,0.0,0.0,0.0,0.0,0.0,0.0,0.0,0.0,0.0,0.0,0.0,0.0,0.0,0.0,0.0,0.0,0.532,0.4663
128,0.001,3,10,100,32,16,1024,184,440338,73,30,VicregLoss,gru,/home/dpetrovitch/dzagcoffee/train_trace/gender/checkpoints_2025-10-08 10:26:11.109161_VicregLoss_gru_catboost/model_128_0.001_3_10_100_1024_32_16_1024_VicregLoss_gruepoch=02.ckpt,2,30,0.037623357,22.0468,1.0,1e-04,4.6338,1.0274,1.0441,0.8123,762.4138,42.9278,104.0198,5.8568,25.1356,1.4153,22.6466,1.2751,21.0733,1.1865,20.3507,1.1458,19.5722,1.102,27.5995,2.8446,3.7655,0.3881,0.9099,0.0938,0.8198,0.0845,0.7629,0.0786,0.7367,0.0759,0.7085,0.073,0.0,0.0,0.0,0.0,0.0,0.0,0.0,0.0,0.0,0.0,0.0,0.0,0.0,0.0,0.0,0.0,0.0,0.0,0.0,0.0,0.0,0.0,0.0,0.0,0.0,0.0,0.0,0.0,0.0,0.0,0.0,0.0,0.0,0.0,0.0,0.552,0.516
128,0.001,3,10,100,32,16,1024,184,440338,73,30,VicregLoss,gru,/home/dpetrovitch/dzagcoffee/train_trace/gender/checkpoints_2025-10-08 10:26:11.109161_VicregLoss_gru_catboost/model_128_0.001_3_10_100_1024_32_16_1024_VicregLoss_gruepoch=03.ckpt,3,30,0.03836006,11.259,1.0,0.0,5.919,1.0102,1.0164,0.8409,521.952,36.2581,58.2466,4.0462,14.3314,0.9955,13.7553,0.9555,12.9654,0.9007,12.5815,0.874,12.1072,0.841,16.1703,1.8281,1.8045,0.204,0.444,0.0502,0.4261,0.0482,0.4017,0.0454,0.3898,0.0441,0.3751,0.0424,0.0,0.0,0.0,0.0,0.0,0.0,0.0,0.0,0.0,0.0,0.0,0.0,0.0,0.0,0.0,0.0,0.0,0.0,0.0,0.0,0.0,0.0,0.0,0.0,0.0,0.0,0.0,0.0,0.0,0.0,0.0,0.0,0.0,0.0,0.0,0.508,0.437
128,0.001,3,10,100,32,16,1024,184,440338,73,30,VicregLoss,gru,/home/dpetrovitch/dzagcoffee/train_trace/gender/checkpoints_2025-10-08 10:26:11.109161_VicregLoss_gru_catboost/model_128_0.001_3_10_100_1024_32_16_1024_VicregLoss_gruepoch=04.ckpt,4,30,0.042450488,6.962,1.0,0.0,5.7205,1.0073,1.0051,0.9527,384.5785,38.679,15.247,1.5335,7.2567,0.7298,7.1409,0.7182,7.0519,0.7092,6.9841,0.7024,6.8654,0.6905,11.3253,1.2729,0.449,0.0505,0.2137,0.024,0.2103,0.0236,0.2077,0.0233,0.2057,0.0231,0.2022,0.0227,0.0,0.0,0.0,0.0,0.0,0.0,0.0,0.0,0.0,0.0,0.0,0.0,0.0,0.0,0.0,0.0,0.0,0.0,0.0,0.0,0.0,0.0,0.0,0.0,0.0,0.0,0.0,0.0,0.0,0.0,0.0,0.0,0.0,0.0,0.0,0.596,0.5533
128,0.001,3,10,100,32,16,1024,184,440338,73,30,VicregLoss,gru,/home/dpetrovitch/dzagcoffee/train_trace/gender/checkpoints_2025-10-08 10:26:11.109161_VicregLoss_gru_catboost/model_128_0.001_3_10_100_1024_32_16_1024_VicregLoss_gruepoch=05.ckpt,5,30,0.038719848,39.0599,1.0,1e-04,4.6274,1.0525,1.0852,0.6939,1051.3783,57.563,88.5919,4.8504,35.5185,1.9446,32.9214,1.8024,31.3256,1.7151,30.5116,1.6705,29.1602,1.5965,38.5706,3.859,3.2501,0.3252,1.303,0.1304,1.2077,0.1208,1.1492,0.115,1.1193,0.112,1.0698,0.107,0.0,0.0,0.0,0.0,0.0,0.0,0.0,0.0,0.0,0.0,0.0,0.0,0.0,0.0,0.0,0.0,0.0,0.0,0.0,0.0,0.0,0.0,0.0,0.0,0.0,0.0,0.0,0.0,0.0,0.0,0.0,0.0,0.0,0.0,0.0,0.5,0.5152
128,0.001,3,10,100,32,16,1024,184,440338,73,30,VicregLoss,gru,/home/dpetrovitch/dzagcoffee/train_trace/gender/checkpoints_2025-10-08 10:26:11.109161_VicregLoss_gru_catboost/model_128_0.001_3_10_100_1024_32_16_1024_VicregLoss_gruepoch=06.ckpt,6,30,0.032646313,17.4076,1.0,0.0,6.3441,1.0166,1.0231,0.8569,708.6704,45.1273,59.3776,3.7811,17.3187,1.1028,16.7398,1.066,16.3658,1.0422,16.1419,1.0279,15.8764,1.011,23.248,2.4914,1.9479,0.2087,0.5681,0.0609,0.5492,0.0589,0.5369,0.0575,0.5295,0.0567,0.5208,0.0558,0.0,0.0,0.0,0.0,0.0,0.0,0.0,0.0,0.0,0.0,0.0,0.0,0.0,0.0,0.0,0.0,0.0,0.0,0.0,0.0,0.0,0.0,0.0,0.0,0.0,0.0,0.0,0.0,0.0,0.0,0.0,0.0,0.0,0.0,0.0,0.528,0.4796
128,0.001,3,10,100,32,16,1024,184,440338,73,30,VicregLoss,gru,/home/dpetrovitch/dzagcoffee/train_trace/gender/checkpoints_2025-10-08 10:26:11.109161_VicregLoss_gru_catboost/model_128_0.001_3_10_100_1024_32_16_1024_VicregLoss_gruepoch=07.ckpt,7,30,0.031665467,58.2003,1.0,1e-04,4.9451,1.0816,1.0965,0.667,1455.7972,84.4705,52.5464,3.0489,35.8153,2.0781,34.6883,2.0127,33.8169,1.9622,33.1181,1.9216,31.8668,1.849,51.9957,5.0523,1.8768,0.1824,1.2792,0.1243,1.2389,0.1204,1.2078,0.1174,1.1829,0.1149,1.1382,0.1106,0.0,0.0,0.0,0.0,0.0,0.0,0.0,0.0,0.0,0.0,0.0,0.0,0.0,0.0,0.0,0.0,0.0,0.0,0.0,0.0,0.0,0.0,0.0,0.0,0.0,0.0,0.0,0.0,0.0,0.0,0.0,0.0,0.0,0.0,0.0,0.552,0.5485
128,0.001,3,10,100,32,16,1024,184,440338,73,30,VicregLoss,gru,/home/dpetrovitch/dzagcoffee/train_trace/gender/checkpoints_2025-10-08 10:26:11.109161_VicregLoss_gru_catboost/model_128_0.001_3_10_100_1024_32_16_1024_VicregLoss_gruepoch=08.ckpt,8,30,0.032299377,178.4305,1.0,0.0021,3.1248,1.6847,5.1187,0.3494,3484.416,173.8218,217.8064,10.8654,187.5895,9.358,172.1987,8.5902,154.8688,7.7257,142.5865,7.113,123.5659,6.1641,145.469,10.5363,9.0931,0.6586,7.8316,0.5672,7.189,0.5207,6.4655,0.4683,5.9528,0.4312,5.1587,0.3736,0.0,0.0,0.0,0.0,0.0,0.0,0.0,0.0,0.0,0.0,0.0,0.0,0.0,0.0,0.0,0.0,0.0,0.0,0.0,0.0,0.0,0.0,0.0,0.0,0.0,0.0,0.0,0.0,0.0,0.0,0.0,0.0,0.0,0.0,0.0,0.5,0.4451
128,0.001,3,10,100,32,16,1024,184,440338,73,30,VicregLoss,gru,/home/dpetrovitch/dzagcoffee/train_trace/gender/checkpoints_2025-10-08 10:26:11.109161_VicregLoss_gru_catboost/model_128_0.001_3_10_100_1024_32_16_1024_VicregLoss_gruepoch=09.ckpt,9,30,0.0195441,90.4835,1.0,0.0007,3.8819,1.9709,2.304,0.3192,2425.7664,125.843,80.1328,4.1571,76.7298,3.9806,74.844,3.8827,72.803,3.7768,71.5688,3.7128,67.9019,3.5226,97.01,9.7599,3.2046,0.3224,3.0685,0.3087,2.9931,0.3011,2.9115,0.2929,2.8621,0.288,2.7155,0.2732,0.0,0.0,0.0,0.0,0.0,0.0,0.0,0.0,0.0,0.0,0.0,0.0,0.0,0.0,0.0,0.0,0.0,0.0,0.0,0.0,0.0,0.0,0.0,0.0,0.0,0.0,0.0,0.0,0.0,0.0,0.0,0.0,0.0,0.0,0.0,0.52,0.4831
128,0.001,3,10,100,32,16,1024,184,440338,73,30,VicregLoss,gru,/home/dpetrovitch/dzagcoffee/train_trace/gender/checkpoints_2025-10-08 10:26:11.109161_VicregLoss_gru_catboost/model_128_0.001_3_10_100_1024_32_16_1024_VicregLoss_gruepoch=10.ckpt,10,30,0.015702097,93.4016,1.0,0.0007,3.8551,2.025,2.2989,0.308,2480.751,128.3611,81.0678,4.1947,77.6094,4.0157,75.752,3.9196,73.736,3.8153,72.5197,3.7524,69.3082,3.5862,101.6086,10.019,3.3204,0.3274,3.1788,0.3134,3.1027,0.3059,3.0201,0.2978,2.9703,0.2929,2.8388,0.2799,0.0,0.0,0.0,0.0,0.0,0.0,0.0,0.0,0.0,0.0,0.0,0.0,0.0,0.0,0.0,0.0,0.0,0.0,0.0,0.0,0.0,0.0,0.0,0.0,0.0,0.0,0.0,0.0,0.0,0.0,0.0,0.0,0.0,0.0,0.0,0.548,0.4958
128,0.001,3,10,100,32,16,1024,184,440338,73,30,VicregLoss,gru,/home/dpetrovitch/dzagcoffee/train_trace/gender/checkpoints_2025-10-08 10:26:11.109161_VicregLoss_gru_catboost/model_128_0.001_3_10_100_1024_32_16_1024_VicregLoss_gruepoch=11.ckpt,11,30,0.019946717,95.6542,1.0,0.0008,3.8237,2.0935,2.3294,0.2962,2530.8574,130.9093,82.0123,4.2421,78.3495,4.0527,76.4912,3.9565,74.4657,3.8518,73.2347,3.7881,70.4875,3.646,103.3691,10.1839,3.3497,0.33,3.2001,0.3153,3.1242,0.3078,3.0414,0.2996,2.9912,0.2947,2.879,0.2836,0.0,0.0,0.0,0.0,0.0,0.0,0.0,0.0,0.0,0.0,0.0,0.0,0.0,0.0,0.0,0.0,0.0,0.0,0.0,0.0,0.0,0.0,0.0,0.0,0.0,0.0,0.0,0.0,0.0,0.0,0.0,0.0,0.0,0.0,0.0,0.512,0.4759
128,0.001,3,10,100,32,16,1024,184,440338,73,30,VicregLoss,gru,/home/dpetrovitch/dzagcoffee/train_trace/gender/checkpoints_2025-10-08 10:26:11.109161_VicregLoss_gru_catboost/model_128_0.001_3_10_100_1024_32_16_1024_VicregLoss_gruepoch=12.ckpt,12,30,0.016717209,97.8595,1.0,0.0008,3.7966,2.1521,2.3335,0.2869,2570.6602,132.618,82.5698,4.2597,78.8078,4.0656,76.9657,3.9706,74.9544,3.8668,73.7557,3.805,71.2331,3.6749,106.9571,10.8232,3.4355,0.3476,3.2789,0.3318,3.2023,0.324,3.1186,0.3156,3.0687,0.3105,2.9638,0.2999,0.0,0.0,0.0,0.0,0.0,0.0,0.0,0.0,0.0,0.0,0.0,0.0,0.0,0.0,0.0,0.0,0.0,0.0,0.0,0.0,0.0,0.0,0.0,0.0,0.0,0.0,0.0,0.0,0.0,0.0,0.0,0.0,0.0,0.0,0.0,0.512,0.4736
128,0.001,3,10,100,32,16,1024,184,440338,73,30,VicregLoss,gru,/home/dpetrovitch/dzagcoffee/train_trace/gender/checkpoints_2025-10-08 10:26:11.109161_VicregLoss_gru_catboost/model_128_0.001_3_10_100_1024_32_16_1024_VicregLoss_gruepoch=13.ckpt,13,30,0.015093886,101.8747,1.0,0.0009,3.7491,2.2325,2.3829,0.2747,2653.8123,136.362,84.4605,4.3399,80.5217,4.1375,78.6659,4.0421,76.6392,3.938,75.3995,3.8743,72.7803,3.7397,108.5569,11.0112,3.4549,0.3504,3.2938,0.3341,3.2179,0.3264,3.135,0.318,3.0843,0.3128,2.9772,0.302,0.0,0.0,0.0,0.0,0.0,0.0,0.0,0.0,0.0,0.0,0.0,0.0,0.0,0.0,0.0,0.0,0.0,0.0,0.0,0.0,0.0,0.0,0.0,0.0,0.0,0.0,0.0,0.0,0.0,0.0,0.0,0.0,0.0,0.0,0.0,0.516,0.5006
128,0.001,3,10,100,32,16,1024,184,440338,73,30,VicregLoss,gru,/home/dpetrovitch/dzagcoffee/train_trace/gender/checkpoints_2025-10-08 10:26:11.109161_VicregLoss_gru_catboost/model_128_0.001_3_10_100_1024_32_16_1024_VicregLoss_gruepoch=14.ckpt,14,30,0.014909711,104.7793,1.0,0.001,3.7279,2.2982,2.437,0.266,2703.2742,139.0944,85.379,4.3931,81.4512,4.191,79.6679,4.0992,77.5808,3.9918,76.2571,3.9237,73.6232,3.7882,104.1983,10.7857,3.291,0.3407,3.1396,0.325,3.0708,0.3179,2.9904,0.3095,2.9393,0.3043,2.8378,0.2937,0.0,0.0,0.0,0.0,0.0,0.0,0.0,0.0,0.0,0.0,0.0,0.0,0.0,0.0,0.0,0.0,0.0,0.0,0.0,0.0,0.0,0.0,0.0,0.0,0.0,0.0,0.0,0.0,0.0,0.0,0.0,0.0,0.0,0.0,0.0,0.524,0.5279
128,0.001,3,10,100,32,16,1024,184,440338,73,30,VicregLoss,gru,/home/dpetrovitch/dzagcoffee/train_trace/gender/checkpoints_2025-10-08 10:26:11.109161_VicregLoss_gru_catboost/model_128_0.001_3_10_100_1024_32_16_1024_VicregLoss_gruepoch=15.ckpt,15,30,0.01830198,107.7284,1.0,0.0011,3.7062,2.3678,2.437,0.2565,2764.7734,142.5917,86.7769,4.4755,82.6069,4.2604,80.7951,4.167,78.6837,4.0581,77.3391,3.9887,74.8913,3.8625,108.148,10.8135,3.3944,0.3394,3.2313,0.3231,3.1604,0.316,3.0778,0.3077,3.0252,0.3025,2.9295,0.2929,0.0,0.0,0.0,0.0,0.0,0.0,0.0,0.0,0.0,0.0,0.0,0.0,0.0,0.0,0.0,0.0,0.0,0.0,0.0,0.0,0.0,0.0,0.0,0.0,0.0,0.0,0.0,0.0,0.0,0.0,0.0,0.0,0.0,0.0,0.0,0.528,0.4971
128,0.001,3,10,100,32,16,1024,184,440338,73,30,VicregLoss,gru,/home/dpetrovitch/dzagcoffee/train_trace/gender/checkpoints_2025-10-08 10:26:11.109161_VicregLoss_gru_catboost/model_128_0.001_3_10_100_1024_32_16_1024_VicregLoss_gruepoch=16.ckpt,16,30,0.013933148,111.0834,1.0,0.0012,3.6679,2.4417,2.4651,0.2484,2846.0364,146.3493,88.7716,4.5648,84.4723,4.3437,82.6366,4.2493,80.4613,4.1375,79.0129,4.063,76.618,3.9399,108.7679,11.012,3.3926,0.3435,3.2283,0.3268,3.1581,0.3197,3.075,0.3113,3.0197,0.3057,2.9281,0.2965,0.0,0.0,0.0,0.0,0.0,0.0,0.0,0.0,0.0,0.0,0.0,0.0,0.0,0.0,0.0,0.0,0.0,0.0,0.0,0.0,0.0,0.0,0.0,0.0,0.0,0.0,0.0,0.0,0.0,0.0,0.0,0.0,0.0,0.0,0.0,0.536,0.5174
128,0.001,3,10,100,32,16,1024,184,440338,73,30,VicregLoss,gru,/home/dpetrovitch/dzagcoffee/train_trace/gender/checkpoints_2025-10-08 10:26:11.109161_VicregLoss_gru_catboost/model_128_0.001_3_10_100_1024_32_16_1024_VicregLoss_gruepoch=17.ckpt,17,30,0.014686986,113.6012,1.0,0.0012,3.6425,2.5305,2.5673,0.2401,2889.271,148.294,89.7061,4.6042,85.2546,4.3758,83.4467,4.283,81.2671,4.1711,79.7501,4.0932,77.2506,3.9649,115.0148,11.3912,3.571,0.3537,3.3938,0.3361,3.3218,0.329,3.235,0.3204,3.1747,0.3144,3.0752,0.3046,0.0,0.0,0.0,0.0,0.0,0.0,0.0,0.0,0.0,0.0,0.0,0.0,0.0,0.0,0.0,0.0,0.0,0.0,0.0,0.0,0.0,0.0,0.0,0.0,0.0,0.0,0.0,0.0,0.0,0.0,0.0,0.0,0.0,0.0,0.0,0.508,0.4402
128,0.001,3,10,100,32,16,1024,184,440338,73,30,VicregLoss,gru,/home/dpetrovitch/dzagcoffee/train_trace/gender/checkpoints_2025-10-08 10:26:11.109161_VicregLoss_gru_catboost/model_128_0.001_3_10_100_1024_32_16_1024_VicregLoss_gruepoch=18.ckpt,18,30,0.015950521,117.647,1.0,0.0014,3.6028,2.6297,2.6523,0.2309,2982.245,152.8288,92.0967,4.7196,87.4742,4.4827,85.6253,4.388,83.363,4.272,81.7875,4.1913,79.0873,4.0529,117.6351,11.2071,3.6328,0.3461,3.4504,0.3287,3.3775,0.3218,3.2883,0.3133,3.2261,0.3074,3.1196,0.2972,0.0,0.0,0.0,0.0,0.0,0.0,0.0,0.0,0.0,0.0,0.0,0.0,0.0,0.0,0.0,0.0,0.0,0.0,0.0,0.0,0.0,0.0,0.0,0.0,0.0,0.0,0.0,0.0,0.0,0.0,0.0,0.0,0.0,0.0,0.0,0.528,0.4668
128,0.001,3,10,100,32,16,1024,184,440338,73,30,VicregLoss,gru,/home/dpetrovitch/dzagcoffee/train_trace/gender/checkpoints_2025-10-08 10:26:11.109161_VicregLoss_gru_catboost/model_128_0.001_3_10_100_1024_32_16_1024_VicregLoss_gruepoch=19.ckpt,19,30,0.016537314,122.2648,1.0,0.0015,3.5736,2.7151,2.6925,0.2219,3078.1738,157.4225,94.5529,4.8356,89.784,4.5917,87.8736,4.494,85.5343,4.3744,83.9545,4.2936,81.2736,4.1565,126.5355,12.069,3.8868,0.3707,3.6908,0.352,3.6123,0.3445,3.5161,0.3354,3.4511,0.3292,3.3409,0.3187,0.0,0.0,0.0,0.0,0.0,0.0,0.0,0.0,0.0,0.0,0.0,0.0,0.0,0.0,0.0,0.0,0.0,0.0,0.0,0.0,0.0,0.0,0.0,0.0,0.0,0.0,0.0,0.0,0.0,0.0,0.0,0.0,0.0,0.0,0.0,0.532,0.4993
128,0.001,3,10,100,32,16,1024,184,440338,73,30,VicregLoss,gru,/home/dpetrovitch/dzagcoffee/train_trace/gender/checkpoints_2025-10-08 10:26:11.109161_VicregLoss_gru_catboost/model_128_0.001_3_10_100_1024_32_16_1024_VicregLoss_gruepoch=20.ckpt,20,30,0.01551792,125.2046,1.0,0.0016,3.5527,2.779,2.6761,0.2164,3132.5122,159.8247,95.7967,4.8877,90.9096,4.6383,88.866,4.5341,86.5428,4.4155,84.9841,4.336,82.4143,4.2049,131.9181,12.8439,4.0342,0.3928,3.8284,0.3727,3.7424,0.3644,3.6445,0.3548,3.5789,0.3485,3.4707,0.3379,0.0,0.0,0.0,0.0,0.0,0.0,0.0,0.0,0.0,0.0,0.0,0.0,0.0,0.0,0.0,0.0,0.0,0.0,0.0,0.0,0.0,0.0,0.0,0.0,0.0,0.0,0.0,0.0,0.0,0.0,0.0,0.0,0.0,0.0,0.0,0.524,0.4979
128,0.001,3,10,100,32,16,1024,184,440338,73,30,VicregLoss,gru,/home/dpetrovitch/dzagcoffee/train_trace/gender/checkpoints_2025-10-08 10:26:11.109161_VicregLoss_gru_catboost/model_128_0.001_3_10_100_1024_32_16_1024_VicregLoss_gruepoch=21.ckpt,21,30,0.021617154,126.959,1.0,0.0017,3.5457,2.8479,2.744,0.212,3159.8474,161.0928,96.4411,4.9167,91.4767,4.6636,89.3953,4.5575,87.0618,4.4385,85.5293,4.3604,82.8552,4.2241,136.0796,12.8186,4.1533,0.3912,3.9395,0.3711,3.8498,0.3626,3.7493,0.3532,3.6833,0.347,3.5682,0.3361,0.0,0.0,0.0,0.0,0.0,0.0,0.0,0.0,0.0,0.0,0.0,0.0,0.0,0.0,0.0,0.0,0.0,0.0,0.0,0.0,0.0,0.0,0.0,0.0,0.0,0.0,0.0,0.0,0.0,0.0,0.0,0.0,0.0,0.0,0.0,0.552,0.4796
128,0.001,3,10,100,32,16,1024,184,440338,73,30,VicregLoss,gru,/home/dpetrovitch/dzagcoffee/train_trace/gender/checkpoints_2025-10-08 10:26:11.109161_VicregLoss_gru_catboost/model_128_0.001_3_10_100_1024_32_16_1024_VicregLoss_gruepoch=22.ckpt,22,30,0.016927084,128.7515,1.0,0.0018,3.5347,2.8895,2.7334,0.2084,3191.647,162.6225,96.921,4.9384,92.0874,4.6921,90.0957,4.5906,87.7379,4.4705,86.1668,4.3904,83.4729,4.2532,139.4085,13.001,4.2334,0.3948,4.0223,0.3751,3.9353,0.367,3.8323,0.3574,3.7637,0.351,3.646,0.34,0.0,0.0,0.0,0.0,0.0,0.0,0.0,0.0,0.0,0.0,0.0,0.0,0.0,0.0,0.0,0.0,0.0,0.0,0.0,0.0,0.0,0.0,0.0,0.0,0.0,0.0,0.0,0.0,0.0,0.0,0.0,0.0,0.0,0.0,0.0,0.516,0.4804
128,0.001,3,10,100,32,16,1024,184,440338,73,30,VicregLoss,gru,/home/dpetrovitch/dzagcoffee/train_trace/gender/checkpoints_2025-10-08 10:26:11.109161_VicregLoss_gru_catboost/model_128_0.001_3_10_100_1024_32_16_1024_VicregLoss_gruepoch=23.ckpt,23,30,0.015663547,131.7594,1.0,0.0018,3.5079,2.9112,2.7851,0.2013,3257.7876,165.7822,98.4855,5.0117,93.6794,4.7672,91.6345,4.6631,89.2412,4.5413,87.5899,4.4573,84.7236,4.3114,134.6965,12.7086,4.072,0.3842,3.8733,0.3654,3.7887,0.3575,3.6898,0.3481,3.6215,0.3417,3.503,0.3305,0.0,0.0,0.0,0.0,0.0,0.0,0.0,0.0,0.0,0.0,0.0,0.0,0.0,0.0,0.0,0.0,0.0,0.0,0.0,0.0,0.0,0.0,0.0,0.0,0.0,0.0,0.0,0.0,0.0,0.0,0.0,0.0,0.0,0.0,0.0,0.532,0.497
128,0.001,3,10,100,32,16,1024,184,440338,73,30,VicregLoss,gru,/home/dpetrovitch/dzagcoffee/train_trace/gender/checkpoints_2025-10-08 10:26:11.109161_VicregLoss_gru_catboost/model_128_0.001_3_10_100_1024_32_16_1024_VicregLoss_gruepoch=24.ckpt,24,30,0.021133155,132.8782,1.0,0.0017,3.5028,2.9636,2.8451,0.1981,3290.6057,167.8285,99.356,5.0674,94.5032,4.8199,92.4552,4.7154,90.0063,4.5905,88.2902,4.503,85.3833,4.3547,148.2772,13.67,4.4771,0.4127,4.2584,0.3926,4.1661,0.3841,4.0558,0.3739,3.9784,0.3668,3.8474,0.3547,0.0,0.0,0.0,0.0,0.0,0.0,0.0,0.0,0.0,0.0,0.0,0.0,0.0,0.0,0.0,0.0,0.0,0.0,0.0,0.0,0.0,0.0,0.0,0.0,0.0,0.0,0.0,0.0,0.0,0.0,0.0,0.0,0.0,0.0,0.0,0.564,0.4972
128,0.001,3,10,100,32,16,1024,184,440338,73,30,VicregLoss,gru,/home/dpetrovitch/dzagcoffee/train_trace/gender/checkpoints_2025-10-08 10:26:11.109161_VicregLoss_gru_catboost/model_128_0.001_3_10_100_1024_32_16_1024_VicregLoss_gruepoch=25.ckpt,25,30,0.01926141,135.58,1.0,0.0019,3.5006,2.982,2.9051,0.193,3304.2793,168.7525,99.5039,5.0818,94.723,4.8376,92.6346,4.7309,90.1535,4.6042,88.4176,4.5156,85.4746,4.3653,141.9903,13.5868,4.2758,0.4091,4.0704,0.3895,3.9807,0.3809,3.874,0.3707,3.7994,0.3636,3.673,0.3515,0.0,0.0,0.0,0.0,0.0,0.0,0.0,0.0,0.0,0.0,0.0,0.0,0.0,0.0,0.0,0.0,0.0,0.0,0.0,0.0,0.0,0.0,0.0,0.0,0.0,0.0,0.0,0.0,0.0,0.0,0.0,0.0,0.0,0.0,0.0,0.504,0.4598
128,0.001,3,10,100,32,16,1024,184,440338,73,30,VicregLoss,gru,/home/dpetrovitch/dzagcoffee/train_trace/gender/checkpoints_2025-10-08 10:26:11.109161_VicregLoss_gru_catboost/model_128_0.001_3_10_100_1024_32_16_1024_VicregLoss_gruepoch=26.ckpt,26,30,0.019509835,138.5062,1.0,0.0019,3.4823,3.0307,2.9862,0.1883,3332.428,170.0205,99.8171,5.0927,95.2495,4.8596,93.1529,4.7527,90.6137,4.6231,88.7728,4.5292,85.642,4.3695,139.2637,13.5042,4.1714,0.4045,3.9805,0.386,3.8929,0.3775,3.7868,0.3672,3.7099,0.3597,3.579,0.3471,0.0,0.0,0.0,0.0,0.0,0.0,0.0,0.0,0.0,0.0,0.0,0.0,0.0,0.0,0.0,0.0,0.0,0.0,0.0,0.0,0.0,0.0,0.0,0.0,0.0,0.0,0.0,0.0,0.0,0.0,0.0,0.0,0.0,0.0,0.0,0.556,0.487
128,0.001,3,10,100,32,16,1024,184,440338,73,30,VicregLoss,gru,/home/dpetrovitch/dzagcoffee/train_trace/gender/checkpoints_2025-10-08 10:26:11.109161_VicregLoss_gru_catboost/model_128_0.001_3_10_100_1024_32_16_1024_VicregLoss_gruepoch=27.ckpt,27,30,0.023960046,140.0608,1.0,0.002,3.4423,3.0867,3.056,0.1844,3352.86,170.3643,99.7331,5.0676,95.1678,4.8356,93.1372,4.7325,90.6742,4.6073,88.8415,4.5142,85.5846,4.3487,136.5782,13.1395,4.0626,0.3908,3.8766,0.373,3.7939,0.365,3.6936,0.3553,3.6189,0.3482,3.4863,0.3354,0.0,0.0,0.0,0.0,0.0,0.0,0.0,0.0,0.0,0.0,0.0,0.0,0.0,0.0,0.0,0.0,0.0,0.0,0.0,0.0,0.0,0.0,0.0,0.0,0.0,0.0,0.0,0.0,0.0,0.0,0.0,0.0,0.0,0.0,0.0,0.536,0.4584
128,0.001,3,10,100,32,16,1024,184,440338,73,30,VicregLoss,gru,/home/dpetrovitch/dzagcoffee/train_trace/gender/checkpoints_2025-10-08 10:26:11.109161_VicregLoss_gru_catboost/model_128_0.001_3_10_100_1024_32_16_1024_VicregLoss_gruepoch=28.ckpt,28,30,0.020970395,139.2686,1.0,0.0019,3.4551,3.0843,3.0121,0.1869,3344.9153,169.9247,99.9187,5.076,95.3358,4.8431,93.2267,4.736,90.6889,4.6071,88.8629,4.5143,85.8092,4.3592,136.2466,13.2078,4.0699,0.3945,3.8833,0.3764,3.7974,0.3681,3.694,0.3581,3.6196,0.3509,3.4952,0.3388,0.0,0.0,0.0,0.0,0.0,0.0,0.0,0.0,0.0,0.0,0.0,0.0,0.0,0.0,0.0,0.0,0.0,0.0,0.0,0.0,0.0,0.0,0.0,0.0,0.0,0.0,0.0,0.0,0.0,0.0,0.0,0.0,0.0,0.0,0.0,0.532,0.4862
128,0.001,3,10,100,32,16,1024,184,440338,73,30,VicregLoss,gru,/home/dpetrovitch/dzagcoffee/train_trace/gender/checkpoints_2025-10-08 10:26:11.109161_VicregLoss_gru_catboost/model_128_0.001_3_10_100_1024_32_16_1024_VicregLoss_gruepoch=29.ckpt,29,30,0.021754215,142.7171,1.0,0.002,3.4209,3.1137,3.0343,0.1821,3398.5789,172.5265,101.0676,5.1306,96.3747,4.8924,94.2039,4.7822,91.6556,4.6528,89.7986,4.5586,86.661,4.3993,139.4146,13.7102,4.1459,0.4077,3.9534,0.3888,3.8644,0.38,3.7598,0.3697,3.6837,0.3623,3.555,0.3496,0.0,0.0,0.0,0.0,0.0,0.0,0.0,0.0,0.0,0.0,0.0,0.0,0.0,0.0,0.0,0.0,0.0,0.0,0.0,0.0,0.0,0.0,0.0,0.0,0.0,0.0,0.0,0.0,0.0,0.0,0.0,0.0,0.0,0.0,0.0,0.556,0.4787
128,0.001,3,10,100,32,16,2048,184,440338,73,30,VicregLoss,gru,/home/dpetrovitch/dzagcoffee/train_trace/gender/checkpoints_2025-10-08 10:26:11.109161_VicregLoss_gru_catboost/model_128_0.001_3_10_100_2048_32_16_2048_VicregLoss_gruepoch=00.ckpt,0,30,0.04754746,39.7934,1.0,0.0002,4.5429,1.1023,1.1345,0.4645,944.0384,48.9225,105.1501,5.4492,67.8534,3.5163,57.3589,2.9725,49.0558,2.5422,44.3184,2.2967,39.1932,2.0311,42.6431,3.5456,4.7497,0.3949,3.065,0.2548,2.591,0.2154,2.2159,0.1842,2.0019,0.1664,1.7704,0.1472,0.0,0.0,0.0,0.0,0.0,0.0,0.0,0.0,0.0,0.0,0.0,0.0,0.0,0.0,0.0,0.0,0.0,0.0,0.0,0.0,0.0,0.0,0.0,0.0,0.0,0.0,0.0,0.0,0.0,0.0,0.0,0.0,0.0,0.0,0.0,0.528,0.4957
128,0.001,3,10,100,32,16,2048,184,440338,73,30,VicregLoss,gru,/home/dpetrovitch/dzagcoffee/train_trace/gender/checkpoints_2025-10-08 10:26:11.109161_VicregLoss_gru_catboost/model_128_0.001_3_10_100_2048_32_16_2048_VicregLoss_gruepoch=01.ckpt,1,30,0.055651214,30.8599,1.0,1e-04,4.4072,1.0889,1.0829,0.7223,939.789,50.0864,66.892,3.565,34.6577,1.8471,31.6077,1.6845,29.2113,1.5568,27.8131,1.4823,25.7098,1.3702,33.7492,3.4042,2.4022,0.2423,1.2446,0.1255,1.1351,0.1145,1.049,0.1058,0.9988,0.1007,0.9233,0.0931,0.0,0.0,0.0,0.0,0.0,0.0,0.0,0.0,0.0,0.0,0.0,0.0,0.0,0.0,0.0,0.0,0.0,0.0,0.0,0.0,0.0,0.0,0.0,0.0,0.0,0.0,0.0,0.0,0.0,0.0,0.0,0.0,0.0,0.0,0.0,0.58,0.5493
128,0.001,3,10,100,32,16,2048,184,440338,73,30,VicregLoss,gru,/home/dpetrovitch/dzagcoffee/train_trace/gender/checkpoints_2025-10-08 10:26:11.109161_VicregLoss_gru_catboost/model_128_0.001_3_10_100_2048_32_16_2048_VicregLoss_gruepoch=02.ckpt,2,30,0.05390368,61.0085,1.0,0.0004,4.0936,1.2566,1.2578,0.4332,1156.5962,59.0714,105.9653,5.412,74.7584,3.8182,62.5826,3.1963,52.7458,2.6939,47.7801,2.4403,42.6194,2.1767,56.4382,4.7914,5.1708,0.439,3.648,0.3097,3.0538,0.2593,2.5738,0.2185,2.3315,0.1979,2.0797,0.1766,0.0,0.0,0.0,0.0,0.0,0.0,0.0,0.0,0.0,0.0,0.0,0.0,0.0,0.0,0.0,0.0,0.0,0.0,0.0,0.0,0.0,0.0,0.0,0.0,0.0,0.0,0.0,0.0,0.0,0.0,0.0,0.0,0.0,0.0,0.0,0.544,0.5141
128,0.001,3,10,100,32,16,2048,184,440338,73,30,VicregLoss,gru,/home/dpetrovitch/dzagcoffee/train_trace/gender/checkpoints_2025-10-08 10:26:11.109161_VicregLoss_gru_catboost/model_128_0.001_3_10_100_2048_32_16_2048_VicregLoss_gruepoch=03.ckpt,3,30,0.053531047,83.2287,1.0,0.0006,4.0858,1.2928,1.2859,0.4691,1030.1001,54.7222,128.9871,6.8522,89.3126,4.7446,75.8859,4.0313,64.5605,3.4297,58.0697,3.0848,50.3549,2.675,46.7874,3.7371,5.8586,0.468,4.0566,0.324,3.4468,0.2753,2.9324,0.2342,2.6375,0.2107,2.2871,0.1827,0.0,0.0,0.0,0.0,0.0,0.0,0.0,0.0,0.0,0.0,0.0,0.0,0.0,0.0,0.0,0.0,0.0,0.0,0.0,0.0,0.0,0.0,0.0,0.0,0.0,0.0,0.0,0.0,0.0,0.0,0.0,0.0,0.0,0.0,0.0,0.528,0.4938
128,0.001,3,10,100,32,16,2048,184,440338,73,30,VicregLoss,gru,/home/dpetrovitch/dzagcoffee/train_trace/gender/checkpoints_2025-10-08 10:26:11.109161_VicregLoss_gru_catboost/model_128_0.001_3_10_100_2048_32_16_2048_VicregLoss_gruepoch=04.ckpt,4,30,0.06557532,78.8353,1.0,0.0007,3.8452,1.4425,1.4347,0.4409,1326.5154,68.2927,106.7585,5.4962,78.9811,4.0662,70.0343,3.6056,62.193,3.2019,57.7538,2.9733,51.6285,2.658,69.7019,6.0921,5.6096,0.4903,4.1501,0.3627,3.68,0.3216,3.2679,0.2856,3.0347,0.2652,2.7128,0.2371,0.0,0.0,0.0,0.0,0.0,0.0,0.0,0.0,0.0,0.0,0.0,0.0,0.0,0.0,0.0,0.0,0.0,0.0,0.0,0.0,0.0,0.0,0.0,0.0,0.0,0.0,0.0,0.0,0.0,0.0,0.0,0.0,0.0,0.0,0.0,0.54,0.4757
128,0.001,3,10,100,32,16,2048,184,440338,73,30,VicregLoss,gru,/home/dpetrovitch/dzagcoffee/train_trace/gender/checkpoints_2025-10-08 10:26:11.109161_VicregLoss_gru_catboost/model_128_0.001_3_10_100_2048_32_16_2048_VicregLoss_gruepoch=05.ckpt,5,30,0.052151863,82.7137,1.0,0.0007,3.8329,1.3091,1.2927,0.5184,1172.0303,60.7664,112.4834,5.8319,76.1643,3.9489,66.8307,3.465,59.3404,3.0766,55.4843,2.8767,50.3921,2.6127,52.325,4.5384,5.0218,0.4356,3.4003,0.2949,2.9836,0.2588,2.6492,0.2298,2.4771,0.2148,2.2497,0.1951,0.0,0.0,0.0,0.0,0.0,0.0,0.0,0.0,0.0,0.0,0.0,0.0,0.0,0.0,0.0,0.0,0.0,0.0,0.0,0.0,0.0,0.0,0.0,0.0,0.0,0.0,0.0,0.0,0.0,0.0,0.0,0.0,0.0,0.0,0.0,0.512,0.4896
128,0.001,3,10,100,32,16,2048,184,440338,73,30,VicregLoss,gru,/home/dpetrovitch/dzagcoffee/train_trace/gender/checkpoints_2025-10-08 10:26:11.109161_VicregLoss_gru_catboost/model_128_0.001_3_10_100_2048_32_16_2048_VicregLoss_gruepoch=06.ckpt,6,30,0.05735163,71.7539,1.0,0.0005,3.8348,1.1763,1.1791,0.6938,1141.4781,59.1618,101.3487,5.2528,56.8837,2.9482,51.5749,2.6731,46.9289,2.4323,44.1252,2.287,39.2859,2.0362,46.99,4.1493,4.1721,0.3684,2.3417,0.2068,2.1231,0.1875,1.9319,0.1706,1.8165,0.1604,1.6172,0.1428,0.0,0.0,0.0,0.0,0.0,0.0,0.0,0.0,0.0,0.0,0.0,0.0,0.0,0.0,0.0,0.0,0.0,0.0,0.0,0.0,0.0,0.0,0.0,0.0,0.0,0.0,0.0,0.0,0.0,0.0,0.0,0.0,0.0,0.0,0.0,0.54,0.5256
128,0.001,3,10,100,32,16,2048,184,440338,73,30,VicregLoss,gru,/home/dpetrovitch/dzagcoffee/train_trace/gender/checkpoints_2025-10-08 10:26:11.109161_VicregLoss_gru_catboost/model_128_0.001_3_10_100_2048_32_16_2048_VicregLoss_gruepoch=07.ckpt,7,30,0.04612973,29.9769,1.0,1e-04,3.9819,1.0197,1.0323,0.6912,1095.9949,59.2978,56.2024,3.0408,24.4449,1.3226,23.7112,1.2829,23.1272,1.2513,22.7159,1.229,21.9375,1.1869,40.817,3.4486,2.0931,0.1768,0.9104,0.0769,0.8831,0.0746,0.8613,0.0728,0.846,0.0715,0.817,0.069,0.0,0.0,0.0,0.0,0.0,0.0,0.0,0.0,0.0,0.0,0.0,0.0,0.0,0.0,0.0,0.0,0.0,0.0,0.0,0.0,0.0,0.0,0.0,0.0,0.0,0.0,0.0,0.0,0.0,0.0,0.0,0.0,0.0,0.0,0.0,0.548,0.5095
128,0.001,3,10,100,32,16,2048,184,440338,73,30,VicregLoss,gru,/home/dpetrovitch/dzagcoffee/train_trace/gender/checkpoints_2025-10-08 10:26:11.109161_VicregLoss_gru_catboost/model_128_0.001_3_10_100_2048_32_16_2048_VicregLoss_gruepoch=08.ckpt,8,30,0.04157672,116.0239,1.0,0.0008,3.1086,1.1062,1.2076,0.5772,2961.7485,151.6844,173.095,8.865,61.2848,3.1387,59.4297,3.0437,57.9011,2.9654,56.9268,2.9155,55.4906,2.8419,93.6222,7.7019,5.4716,0.4501,1.9372,0.1594,1.8786,0.1545,1.8303,0.1506,1.7995,0.148,1.7541,0.1443,0.0,0.0,0.0,0.0,0.0,0.0,0.0,0.0,0.0,0.0,0.0,0.0,0.0,0.0,0.0,0.0,0.0,0.0,0.0,0.0,0.0,0.0,0.0,0.0,0.0,0.0,0.0,0.0,0.0,0.0,0.0,0.0,0.0,0.0,0.0,0.54,0.5357
128,0.001,3,10,100,32,16,2048,184,440338,73,30,VicregLoss,gru,/home/dpetrovitch/dzagcoffee/train_trace/gender/checkpoints_2025-10-08 10:26:11.109161_VicregLoss_gru_catboost/model_128_0.001_3_10_100_2048_32_16_2048_VicregLoss_gruepoch=09.ckpt,9,30,0.046232525,173.5386,1.0,0.0018,2.6595,1.2039,1.251,0.4283,4133.18,209.117,110.0366,5.5673,77.6155,3.9269,75.8308,3.8366,74.1189,3.75,72.7355,3.68,70.3819,3.561,104.7721,9.2899,2.7893,0.2473,1.9675,0.1745,1.9222,0.1704,1.8788,0.1666,1.8438,0.1635,1.7841,0.1582,0.0,0.0,0.0,0.0,0.0,0.0,0.0,0.0,0.0,0.0,0.0,0.0,0.0,0.0,0.0,0.0,0.0,0.0,0.0,0.0,0.0,0.0,0.0,0.0,0.0,0.0,0.0,0.0,0.0,0.0,0.0,0.0,0.0,0.0,0.0,0.512,0.4965
128,0.001,3,10,100,32,16,2048,184,440338,73,30,VicregLoss,gru,/home/dpetrovitch/dzagcoffee/train_trace/gender/checkpoints_2025-10-08 10:26:11.109161_VicregLoss_gru_catboost/model_128_0.001_3_10_100_2048_32_16_2048_VicregLoss_gruepoch=10.ckpt,10,30,0.041388262,150.8074,1.0,0.0013,2.8642,1.1593,1.2508,0.5138,3764.214,191.8383,150.8952,7.6902,70.6445,3.6003,68.8598,3.5094,67.257,3.4277,66.132,3.3703,64.6915,3.2969,97.8439,8.6336,3.9222,0.3461,1.8363,0.162,1.7899,0.1579,1.7482,0.1543,1.719,0.1517,1.6815,0.1484,0.0,0.0,0.0,0.0,0.0,0.0,0.0,0.0,0.0,0.0,0.0,0.0,0.0,0.0,0.0,0.0,0.0,0.0,0.0,0.0,0.0,0.0,0.0,0.0,0.0,0.0,0.0,0.0,0.0,0.0,0.0,0.0,0.0,0.0,0.0,0.58,0.5845
128,0.001,3,10,100,32,16,2048,184,440338,73,30,VicregLoss,gru,/home/dpetrovitch/dzagcoffee/train_trace/gender/checkpoints_2025-10-08 10:26:11.109161_VicregLoss_gru_catboost/model_128_0.001_3_10_100_2048_32_16_2048_VicregLoss_gruepoch=11.ckpt,11,30,0.044078093,156.6338,1.0,0.0012,2.9003,1.1746,1.2355,0.4737,3842.814,197.8017,112.2898,5.7799,70.4766,3.6277,68.6184,3.532,66.6892,3.4327,65.6844,3.381,63.9283,3.2906,96.2321,8.5376,2.812,0.2495,1.7649,0.1566,1.7183,0.1524,1.67,0.1482,1.6449,0.1459,1.6009,0.142,0.0,0.0,0.0,0.0,0.0,0.0,0.0,0.0,0.0,0.0,0.0,0.0,0.0,0.0,0.0,0.0,0.0,0.0,0.0,0.0,0.0,0.0,0.0,0.0,0.0,0.0,0.0,0.0,0.0,0.0,0.0,0.0,0.0,0.0,0.0,0.468,0.4668
128,0.001,3,10,100,32,16,2048,184,440338,73,30,VicregLoss,gru,/home/dpetrovitch/dzagcoffee/train_trace/gender/checkpoints_2025-10-08 10:26:11.109161_VicregLoss_gru_catboost/model_128_0.001_3_10_100_2048_32_16_2048_VicregLoss_gruepoch=12.ckpt,12,30,0.05007453,162.0148,1.0,0.0014,2.7839,1.2066,1.2534,0.4418,3871.2388,197.6166,97.6932,4.987,71.1197,3.6305,69.2605,3.5356,67.1482,3.4277,65.9672,3.3675,64.6291,3.2991,109.2815,9.7456,2.7578,0.2459,2.0076,0.179,1.9552,0.1744,1.8955,0.169,1.8622,0.1661,1.8244,0.1627,0.0,0.0,0.0,0.0,0.0,0.0,0.0,0.0,0.0,0.0,0.0,0.0,0.0,0.0,0.0,0.0,0.0,0.0,0.0,0.0,0.0,0.0,0.0,0.0,0.0,0.0,0.0,0.0,0.0,0.0,0.0,0.0,0.0,0.0,0.0,0.52,0.508
128,0.001,3,10,100,32,16,2048,184,440338,73,30,VicregLoss,gru,/home/dpetrovitch/dzagcoffee/train_trace/gender/checkpoints_2025-10-08 10:26:11.109161_VicregLoss_gru_catboost/model_128_0.001_3_10_100_2048_32_16_2048_VicregLoss_gruepoch=13.ckpt,13,30,0.05003598,162.7671,1.0,0.0013,2.7897,1.2137,1.2525,0.4405,3924.6785,200.827,102.6408,5.2522,70.7316,3.6194,69.0903,3.5354,67.1978,3.4385,66.2241,3.3887,64.7166,3.3116,102.4657,9.5633,2.6798,0.2501,1.8467,0.1724,1.8038,0.1684,1.7544,0.1637,1.729,0.1614,1.6896,0.1577,0.0,0.0,0.0,0.0,0.0,0.0,0.0,0.0,0.0,0.0,0.0,0.0,0.0,0.0,0.0,0.0,0.0,0.0,0.0,0.0,0.0,0.0,0.0,0.0,0.0,0.0,0.0,0.0,0.0,0.0,0.0,0.0,0.0,0.0,0.0,0.54,0.5119
128,0.001,3,10,100,32,16,2048,184,440338,73,30,VicregLoss,gru,/home/dpetrovitch/dzagcoffee/train_trace/gender/checkpoints_2025-10-08 10:26:11.109161_VicregLoss_gru_catboost/model_128_0.001_3_10_100_2048_32_16_2048_VicregLoss_gruepoch=14.ckpt,14,30,0.04806144,154.8996,1.0,0.0011,2.9018,1.196,1.2389,0.4751,3825.092,196.5816,108.1865,5.56,68.4839,3.5196,66.7743,3.4317,64.7469,3.3275,63.7321,3.2754,62.4929,3.2117,114.484,10.1285,3.238,0.2865,2.0497,0.1813,1.9985,0.1768,1.9379,0.1714,1.9075,0.1688,1.8704,0.1655,0.0,0.0,0.0,0.0,0.0,0.0,0.0,0.0,0.0,0.0,0.0,0.0,0.0,0.0,0.0,0.0,0.0,0.0,0.0,0.0,0.0,0.0,0.0,0.0,0.0,0.0,0.0,0.0,0.0,0.0,0.0,0.0,0.0,0.0,0.0,0.552,0.5147
128,0.001,3,10,100,32,16,2048,184,440338,73,30,VicregLoss,gru,/home/dpetrovitch/dzagcoffee/train_trace/gender/checkpoints_2025-10-08 10:26:11.109161_VicregLoss_gru_catboost/model_128_0.001_3_10_100_2048_32_16_2048_VicregLoss_gruepoch=15.ckpt,15,30,0.045457274,170.1234,1.0,0.0012,2.7485,1.2406,1.2617,0.4319,4095.5525,208.8097,119.6728,6.1015,72.6276,3.7029,70.9518,3.6174,69.0538,3.5207,68.0256,3.4682,66.4721,3.389,106.5662,9.6493,3.1139,0.282,1.8898,0.1711,1.8462,0.1672,1.7968,0.1627,1.77,0.1603,1.7296,0.1566,0.0,0.0,0.0,0.0,0.0,0.0,0.0,0.0,0.0,0.0,0.0,0.0,0.0,0.0,0.0,0.0,0.0,0.0,0.0,0.0,0.0,0.0,0.0,0.0,0.0,0.0,0.0,0.0,0.0,0.0,0.0,0.0,0.0,0.0,0.0,0.548,0.5048
128,0.001,3,10,100,32,16,2048,184,440338,73,30,VicregLoss,gru,/home/dpetrovitch/dzagcoffee/train_trace/gender/checkpoints_2025-10-08 10:26:11.109161_VicregLoss_gru_catboost/model_128_0.001_3_10_100_2048_32_16_2048_VicregLoss_gruepoch=16.ckpt,16,30,0.044729132,161.5802,1.0,0.0011,2.8705,1.211,1.2406,0.4616,3945.3767,203.124,103.8247,5.3453,69.3297,3.5694,67.6371,3.4822,65.9717,3.3965,64.783,3.3353,63.3182,3.2599,97.1362,9.0279,2.5562,0.2376,1.7069,0.1586,1.6652,0.1548,1.6242,0.151,1.595,0.1482,1.5589,0.1449,0.0,0.0,0.0,0.0,0.0,0.0,0.0,0.0,0.0,0.0,0.0,0.0,0.0,0.0,0.0,0.0,0.0,0.0,0.0,0.0,0.0,0.0,0.0,0.0,0.0,0.0,0.0,0.0,0.0,0.0,0.0,0.0,0.0,0.0,0.0,0.496,0.4743
128,0.001,3,10,100,32,16,2048,184,440338,73,30,VicregLoss,gru,/home/dpetrovitch/dzagcoffee/train_trace/gender/checkpoints_2025-10-08 10:26:11.109161_VicregLoss_gru_catboost/model_128_0.001_3_10_100_2048_32_16_2048_VicregLoss_gruepoch=17.ckpt,17,30,0.04234769,167.0026,1.0,0.0008,2.8475,1.2282,1.2576,0.4499,4134.634,212.2276,108.9367,5.5916,72.092,3.7004,70.6248,3.6251,68.3261,3.5071,67.0772,3.443,65.4665,3.3603,119.5925,10.452,3.1509,0.2754,2.0852,0.1822,2.0428,0.1785,1.9763,0.1727,1.9402,0.1696,1.8936,0.1655,0.0,0.0,0.0,0.0,0.0,0.0,0.0,0.0,0.0,0.0,0.0,0.0,0.0,0.0,0.0,0.0,0.0,0.0,0.0,0.0,0.0,0.0,0.0,0.0,0.0,0.0,0.0,0.0,0.0,0.0,0.0,0.0,0.0,0.0,0.0,0.532,0.5246
128,0.001,3,10,100,32,16,2048,184,440338,73,30,VicregLoss,gru,/home/dpetrovitch/dzagcoffee/train_trace/gender/checkpoints_2025-10-08 10:26:11.109161_VicregLoss_gru_catboost/model_128_0.001_3_10_100_2048_32_16_2048_VicregLoss_gruepoch=18.ckpt,18,30,0.045679998,166.4965,1.0,0.0009,2.8379,1.2394,1.2689,0.4606,4155.619,213.669,107.2932,5.5167,71.6076,3.6818,69.9738,3.5978,67.8177,3.487,66.3641,3.4122,64.7447,3.329,113.7963,9.967,2.9381,0.2573,1.9609,0.1717,1.9161,0.1678,1.8571,0.1627,1.8173,0.1592,1.7729,0.1553,0.0,0.0,0.0,0.0,0.0,0.0,0.0,0.0,0.0,0.0,0.0,0.0,0.0,0.0,0.0,0.0,0.0,0.0,0.0,0.0,0.0,0.0,0.0,0.0,0.0,0.0,0.0,0.0,0.0,0.0,0.0,0.0,0.0,0.0,0.0,0.568,0.5292
128,0.001,3,10,100,32,16,2048,184,440338,73,30,VicregLoss,gru,/home/dpetrovitch/dzagcoffee/train_trace/gender/checkpoints_2025-10-08 10:26:11.109161_VicregLoss_gru_catboost/model_128_0.001_3_10_100_2048_32_16_2048_VicregLoss_gruepoch=19.ckpt,19,30,0.044407893,172.9313,1.0,0.0011,2.7656,1.2538,1.2833,0.4504,4279.3853,218.0064,116.9084,5.9557,73.725,3.7558,72.2329,3.6798,70.7007,3.6017,69.4208,3.5365,67.6995,3.4488,107.5662,9.5229,2.9386,0.2602,1.8531,0.1641,1.8156,0.1607,1.7771,0.1573,1.745,0.1545,1.7017,0.1507,0.0,0.0,0.0,0.0,0.0,0.0,0.0,0.0,0.0,0.0,0.0,0.0,0.0,0.0,0.0,0.0,0.0,0.0,0.0,0.0,0.0,0.0,0.0,0.0,0.0,0.0,0.0,0.0,0.0,0.0,0.0,0.0,0.0,0.0,0.0,0.516,0.4858
128,0.001,3,10,100,32,16,2048,184,440338,73,30,VicregLoss,gru,/home/dpetrovitch/dzagcoffee/train_trace/gender/checkpoints_2025-10-08 10:26:11.109161_VicregLoss_gru_catboost/model_128_0.001_3_10_100_2048_32_16_2048_VicregLoss_gruepoch=20.ckpt,20,30,0.049076546,163.095,1.0,0.0011,2.9089,1.2296,1.2727,0.4789,4132.422,212.1053,96.6519,4.9609,70.5805,3.6227,68.9516,3.5391,67.2078,3.4496,65.8157,3.3781,64.2008,3.2952,103.908,9.2564,2.4303,0.2165,1.7747,0.1581,1.7338,0.1544,1.6899,0.1505,1.6549,0.1474,1.6143,0.1438,0.0,0.0,0.0,0.0,0.0,0.0,0.0,0.0,0.0,0.0,0.0,0.0,0.0,0.0,0.0,0.0,0.0,0.0,0.0,0.0,0.0,0.0,0.0,0.0,0.0,0.0,0.0,0.0,0.0,0.0,0.0,0.0,0.0,0.0,0.0,0.564,0.4991
128,0.001,3,10,100,32,16,2048,184,440338,73,30,VicregLoss,gru,/home/dpetrovitch/dzagcoffee/train_trace/gender/checkpoints_2025-10-08 10:26:11.109161_VicregLoss_gru_catboost/model_128_0.001_3_10_100_2048_32_16_2048_VicregLoss_gruepoch=21.ckpt,21,30,0.04549582,159.3536,1.0,0.001,2.9035,1.213,1.2547,0.4996,4049.4963,208.076,92.1908,4.7371,68.8528,3.5379,67.2597,3.456,65.5091,3.3661,64.3553,3.3068,62.6111,3.2172,120.2774,10.4986,2.7382,0.239,2.0451,0.1785,1.9977,0.1744,1.9457,0.1698,1.9115,0.1668,1.8597,0.1623,0.0,0.0,0.0,0.0,0.0,0.0,0.0,0.0,0.0,0.0,0.0,0.0,0.0,0.0,0.0,0.0,0.0,0.0,0.0,0.0,0.0,0.0,0.0,0.0,0.0,0.0,0.0,0.0,0.0,0.0,0.0,0.0,0.0,0.0,0.0,0.54,0.529
128,0.001,3,10,100,32,16,2048,184,440338,73,30,VicregLoss,gru,/home/dpetrovitch/dzagcoffee/train_trace/gender/checkpoints_2025-10-08 10:26:11.109161_VicregLoss_gru_catboost/model_128_0.001_3_10_100_2048_32_16_2048_VicregLoss_gruepoch=22.ckpt,22,30,0.049993146,161.7174,1.0,0.0012,2.8914,1.2253,1.2557,0.4743,4050.7593,208.6266,98.4137,5.0686,68.8858,3.5478,67.2366,3.4629,65.3555,3.366,64.0979,3.3012,62.2886,3.2081,112.3503,10.4034,2.7296,0.2528,1.9106,0.1769,1.8648,0.1727,1.8127,0.1678,1.7778,0.1646,1.7276,0.16,0.0,0.0,0.0,0.0,0.0,0.0,0.0,0.0,0.0,0.0,0.0,0.0,0.0,0.0,0.0,0.0,0.0,0.0,0.0,0.0,0.0,0.0,0.0,0.0,0.0,0.0,0.0,0.0,0.0,0.0,0.0,0.0,0.0,0.0,0.0,0.528,0.4954
128,0.001,3,10,100,32,16,2048,184,440338,73,30,VicregLoss,gru,/home/dpetrovitch/dzagcoffee/train_trace/gender/checkpoints_2025-10-08 10:26:11.109161_VicregLoss_gru_catboost/model_128_0.001_3_10_100_2048_32_16_2048_VicregLoss_gruepoch=23.ckpt,23,30,0.04366691,166.008,1.0,0.001,2.9193,1.2333,1.2546,0.4473,4187.174,215.8019,113.2936,5.839,72.1844,3.7203,70.8048,3.6492,69.5257,3.5833,68.4634,3.5285,66.9614,3.4511,124.5313,10.9356,3.3695,0.2959,2.1468,0.1885,2.1058,0.1849,2.0678,0.1816,2.0362,0.1788,1.9915,0.1749,0.0,0.0,0.0,0.0,0.0,0.0,0.0,0.0,0.0,0.0,0.0,0.0,0.0,0.0,0.0,0.0,0.0,0.0,0.0,0.0,0.0,0.0,0.0,0.0,0.0,0.0,0.0,0.0,0.0,0.0,0.0,0.0,0.0,0.0,0.0,0.544,0.5062
128,0.001,3,10,100,32,16,2048,184,440338,73,30,VicregLoss,gru,/home/dpetrovitch/dzagcoffee/train_trace/gender/checkpoints_2025-10-08 10:26:11.109161_VicregLoss_gru_catboost/model_128_0.001_3_10_100_2048_32_16_2048_VicregLoss_gruepoch=24.ckpt,24,30,0.047915813,172.325,1.0,0.0011,2.7978,1.2667,1.2806,0.4341,4284.592,220.0223,126.4024,6.491,73.4989,3.7743,71.995,3.6971,70.5086,3.6208,69.2408,3.5557,67.511,3.4668,118.8088,10.6224,3.5051,0.3134,2.0381,0.1822,1.9964,0.1785,1.9552,0.1748,1.92,0.1717,1.872,0.1674,0.0,0.0,0.0,0.0,0.0,0.0,0.0,0.0,0.0,0.0,0.0,0.0,0.0,0.0,0.0,0.0,0.0,0.0,0.0,0.0,0.0,0.0,0.0,0.0,0.0,0.0,0.0,0.0,0.0,0.0,0.0,0.0,0.0,0.0,0.0,0.564,0.4929
128,0.001,3,10,100,32,16,2048,184,440338,73,30,VicregLoss,gru,/home/dpetrovitch/dzagcoffee/train_trace/gender/checkpoints_2025-10-08 10:26:11.109161_VicregLoss_gru_catboost/model_128_0.001_3_10_100_2048_32_16_2048_VicregLoss_gruepoch=25.ckpt,25,30,0.039623596,168.3018,1.0,0.001,2.8395,1.2513,1.2707,0.4465,4193.2856,215.3945,116.2496,5.9713,71.6439,3.6801,70.1061,3.6011,68.6988,3.5288,67.4274,3.4635,65.6834,3.3739,120.1396,11.0883,3.3306,0.3074,2.0526,0.1894,2.0086,0.1854,1.9683,0.1817,1.9318,0.1783,1.8819,0.1737,0.0,0.0,0.0,0.0,0.0,0.0,0.0,0.0,0.0,0.0,0.0,0.0,0.0,0.0,0.0,0.0,0.0,0.0,0.0,0.0,0.0,0.0,0.0,0.0,0.0,0.0,0.0,0.0,0.0,0.0,0.0,0.0,0.0,0.0,0.0,0.552,0.536
128,0.001,3,10,100,32,16,2048,184,440338,73,30,VicregLoss,gru,/home/dpetrovitch/dzagcoffee/train_trace/gender/checkpoints_2025-10-08 10:26:11.109161_VicregLoss_gru_catboost/model_128_0.001_3_10_100_2048_32_16_2048_VicregLoss_gruepoch=26.ckpt,26,30,0.050798383,171.2072,1.0,0.0011,2.8067,1.2744,1.2885,0.4316,4263.969,219.2831,123.4842,6.3504,72.8961,3.7488,71.3676,3.6702,69.8813,3.5938,68.5648,3.5261,66.6547,3.4278,119.1549,10.7658,3.4507,0.3118,2.0371,0.184,1.9943,0.1802,1.9528,0.1764,1.916,0.1731,1.8626,0.1683,0.0,0.0,0.0,0.0,0.0,0.0,0.0,0.0,0.0,0.0,0.0,0.0,0.0,0.0,0.0,0.0,0.0,0.0,0.0,0.0,0.0,0.0,0.0,0.0,0.0,0.0,0.0,0.0,0.0,0.0,0.0,0.0,0.0,0.0,0.0,0.56,0.5423
128,0.001,3,10,100,32,16,2048,184,440338,73,30,VicregLoss,gru,/home/dpetrovitch/dzagcoffee/train_trace/gender/checkpoints_2025-10-08 10:26:11.109161_VicregLoss_gru_catboost/model_128_0.001_3_10_100_2048_32_16_2048_VicregLoss_gruepoch=27.ckpt,27,30,0.04354698,175.2004,1.0,0.0011,2.7167,1.2961,1.2895,0.415,4275.1426,218.584,137.273,7.0186,72.9848,3.7316,71.2361,3.6422,69.6178,3.5595,68.2333,3.4887,66.4234,3.3962,139.7347,12.1524,4.4868,0.3902,2.3855,0.2075,2.3284,0.2025,2.2755,0.1979,2.2302,0.194,2.1711,0.1888,0.0,0.0,0.0,0.0,0.0,0.0,0.0,0.0,0.0,0.0,0.0,0.0,0.0,0.0,0.0,0.0,0.0,0.0,0.0,0.0,0.0,0.0,0.0,0.0,0.0,0.0,0.0,0.0,0.0,0.0,0.0,0.0,0.0,0.0,0.0,0.56,0.5214
128,0.001,3,10,100,32,16,2048,184,440338,73,30,VicregLoss,gru,/home/dpetrovitch/dzagcoffee/train_trace/gender/checkpoints_2025-10-08 10:26:11.109161_VicregLoss_gru_catboost/model_128_0.001_3_10_100_2048_32_16_2048_VicregLoss_gruepoch=28.ckpt,28,30,0.04169665,169.9953,1.0,0.0011,2.8023,1.2892,1.3039,0.4249,4204.929,215.0286,118.4265,6.056,71.8424,3.6738,70.2598,3.5929,68.7244,3.5144,67.3543,3.4443,65.409,3.3448,122.0668,11.082,3.4379,0.3121,2.0855,0.1893,2.0396,0.1852,1.995,0.1811,1.9553,0.1775,1.8988,0.1724,0.0,0.0,0.0,0.0,0.0,0.0,0.0,0.0,0.0,0.0,0.0,0.0,0.0,0.0,0.0,0.0,0.0,0.0,0.0,0.0,0.0,0.0,0.0,0.0,0.0,0.0,0.0,0.0,0.0,0.0,0.0,0.0,0.0,0.0,0.0,0.54,0.4634
128,0.001,3,10,100,32,16,2048,184,440338,73,30,VicregLoss,gru,/home/dpetrovitch/dzagcoffee/train_trace/gender/checkpoints_2025-10-08 10:26:11.109161_VicregLoss_gru_catboost/model_128_0.001_3_10_100_2048_32_16_2048_VicregLoss_gruepoch=29.ckpt,29,30,0.046922117,164.9534,1.0,0.0009,2.8471,1.2717,1.2924,0.4442,4106.5723,211.2605,109.7892,5.6481,69.8806,3.595,68.279,3.5126,66.7387,3.4333,65.4278,3.3659,63.57,3.2703,116.7795,11.1363,3.1221,0.2977,1.9872,0.1895,1.9417,0.1852,1.8979,0.181,1.8606,0.1774,1.8078,0.1724,0.0,0.0,0.0,0.0,0.0,0.0,0.0,0.0,0.0,0.0,0.0,0.0,0.0,0.0,0.0,0.0,0.0,0.0,0.0,0.0,0.0,0.0,0.0,0.0,0.0,0.0,0.0,0.0,0.0,0.0,0.0,0.0,0.0,0.0,0.0,0.504,0.4711
128,0.001,3,10,100,32,16,4096,184,440338,73,30,VicregLoss,gru,/home/dpetrovitch/dzagcoffee/train_trace/gender/checkpoints_2025-10-08 10:26:11.109161_VicregLoss_gru_catboost/model_128_0.001_3_10_100_4096_32_16_4096_VicregLoss_gruepoch=00.ckpt,0,30,0.033010382,9.0179,1.0,0.0,5.4695,1.009,1.0246,0.8697,833.8006,56.7389,182.0028,12.385,16.5786,1.1281,14.9395,1.0166,14.1923,0.9658,13.8449,0.9421,13.2533,0.9019,29.7579,2.6656,6.4956,0.5819,0.5917,0.053,0.5332,0.0478,0.5065,0.0454,0.4941,0.0443,0.473,0.0424,0.0,0.0,0.0,0.0,0.0,0.0,0.0,0.0,0.0,0.0,0.0,0.0,0.0,0.0,0.0,0.0,0.0,0.0,0.0,0.0,0.0,0.0,0.0,0.0,0.0,0.0,0.0,0.0,0.0,0.0,0.0,0.0,0.0,0.0,0.0,0.54,0.4987
128,0.001,3,10,100,32,16,4096,184,440338,73,30,VicregLoss,gru,/home/dpetrovitch/dzagcoffee/train_trace/gender/checkpoints_2025-10-08 10:26:11.109161_VicregLoss_gru_catboost/model_128_0.001_3_10_100_4096_32_16_4096_VicregLoss_gruepoch=01.ckpt,1,30,0.040368866,81.1884,1.0,0.0008,4.2556,2.3907,2.3461,0.1679,1675.7946,88.0913,187.5639,9.8596,152.1573,7.9984,132.5205,6.9662,107.4911,5.6505,86.3471,4.539,59.0832,3.1058,89.91,6.5559,10.0632,0.7338,8.1636,0.5953,7.11,0.5184,5.7671,0.4205,4.6327,0.3378,3.1699,0.2311,0.0,0.0,0.0,0.0,0.0,0.0,0.0,0.0,0.0,0.0,0.0,0.0,0.0,0.0,0.0,0.0,0.0,0.0,0.0,0.0,0.0,0.0,0.0,0.0,0.0,0.0,0.0,0.0,0.0,0.0,0.0,0.0,0.0,0.0,0.0,0.532,0.5324
128,0.001,3,10,100,32,16,4096,184,440338,73,30,VicregLoss,gru,/home/dpetrovitch/dzagcoffee/train_trace/gender/checkpoints_2025-10-08 10:26:11.109161_VicregLoss_gru_catboost/model_128_0.001_3_10_100_4096_32_16_4096_VicregLoss_gruepoch=02.ckpt,2,30,0.049102247,88.0394,1.0,0.0009,4.029,2.0431,2.0087,0.1828,1652.3304,86.6857,179.2558,9.4042,143.4707,7.5269,123.3824,6.473,98.1372,5.1485,81.119,4.2557,50.7302,2.6614,78.3647,5.5377,8.5015,0.6008,6.8044,0.4808,5.8516,0.4135,4.6543,0.3289,3.8472,0.2719,2.406,0.17,0.0,0.0,0.0,0.0,0.0,0.0,0.0,0.0,0.0,0.0,0.0,0.0,0.0,0.0,0.0,0.0,0.0,0.0,0.0,0.0,0.0,0.0,0.0,0.0,0.0,0.0,0.0,0.0,0.0,0.0,0.0,0.0,0.0,0.0,0.0,0.572,0.56
128,0.001,3,10,100,32,16,4096,184,440338,73,30,VicregLoss,gru,/home/dpetrovitch/dzagcoffee/train_trace/gender/checkpoints_2025-10-08 10:26:11.109161_VicregLoss_gru_catboost/model_128_0.001_3_10_100_4096_32_16_4096_VicregLoss_gruepoch=03.ckpt,3,30,0.04065584,108.4186,1.0,0.0016,3.9121,3.0889,3.0969,0.1394,1437.3352,76.6375,207.668,11.0727,178.5387,9.5195,162.7002,8.675,142.7067,7.609,127.6524,6.8063,84.9724,4.5307,68.6385,4.731,9.917,0.6835,8.5259,0.5877,7.7696,0.5355,6.8148,0.4697,6.0959,0.4202,4.0578,0.2797,0.0,0.0,0.0,0.0,0.0,0.0,0.0,0.0,0.0,0.0,0.0,0.0,0.0,0.0,0.0,0.0,0.0,0.0,0.0,0.0,0.0,0.0,0.0,0.0,0.0,0.0,0.0,0.0,0.0,0.0,0.0,0.0,0.0,0.0,0.0,0.556,0.546
128,0.001,3,10,100,32,16,4096,184,440338,73,30,VicregLoss,gru,/home/dpetrovitch/dzagcoffee/train_trace/gender/checkpoints_2025-10-08 10:26:11.109161_VicregLoss_gru_catboost/model_128_0.001_3_10_100_4096_32_16_4096_VicregLoss_gruepoch=04.ckpt,4,30,0.018104954,215.4385,1.0,0.0025,2.6575,1.7708,4.8892,0.331,6682.4785,336.4375,223.6158,11.2582,197.9159,9.9643,184.4746,9.2876,167.5596,8.436,154.8218,7.7947,134.9615,6.7948,202.5688,15.549,6.7786,0.5203,5.9995,0.4605,5.5921,0.4292,5.0793,0.3899,4.6932,0.3602,4.0911,0.314,0.0,0.0,0.0,0.0,0.0,0.0,0.0,0.0,0.0,0.0,0.0,0.0,0.0,0.0,0.0,0.0,0.0,0.0,0.0,0.0,0.0,0.0,0.0,0.0,0.0,0.0,0.0,0.0,0.0,0.0,0.0,0.0,0.0,0.0,0.0,0.532,0.5103
128,0.001,3,10,100,32,16,4096,184,440338,73,30,VicregLoss,gru,/home/dpetrovitch/dzagcoffee/train_trace/gender/checkpoints_2025-10-08 10:26:11.109161_VicregLoss_gru_catboost/model_128_0.001_3_10_100_4096_32_16_4096_VicregLoss_gruepoch=05.ckpt,5,30,0.018768845,225.0322,1.0,0.0026,2.5015,1.9399,4.7582,0.2842,7065.3022,352.4843,226.7248,11.3112,200.5497,10.0053,186.9957,9.3291,171.7282,8.5674,161.5467,8.0595,146.4436,7.306,260.6073,18.6322,8.3629,0.5979,7.3974,0.5289,6.8974,0.4931,6.3343,0.4529,5.9587,0.426,5.4016,0.3862,0.0,0.0,0.0,0.0,0.0,0.0,0.0,0.0,0.0,0.0,0.0,0.0,0.0,0.0,0.0,0.0,0.0,0.0,0.0,0.0,0.0,0.0,0.0,0.0,0.0,0.0,0.0,0.0,0.0,0.0,0.0,0.0,0.0,0.0,0.0,0.496,0.4578
128,0.001,3,10,100,32,16,4096,184,440338,73,30,VicregLoss,gru,/home/dpetrovitch/dzagcoffee/train_trace/gender/checkpoints_2025-10-08 10:26:11.109161_VicregLoss_gru_catboost/model_128_0.001_3_10_100_4096_32_16_4096_VicregLoss_gruepoch=06.ckpt,6,30,0.025686165,194.5858,1.0,0.0022,3.1058,1.6329,3.8009,0.3728,6118.5713,315.9126,207.9472,10.7367,179.5451,9.2702,166.5817,8.6009,152.0174,7.8489,141.7423,7.3184,122.5105,6.3254,187.1405,14.8034,6.3602,0.5031,5.4915,0.4344,5.095,0.403,4.6496,0.3678,4.3353,0.3429,3.7471,0.2964,0.0,0.0,0.0,0.0,0.0,0.0,0.0,0.0,0.0,0.0,0.0,0.0,0.0,0.0,0.0,0.0,0.0,0.0,0.0,0.0,0.0,0.0,0.0,0.0,0.0,0.0,0.0,0.0,0.0,0.0,0.0,0.0,0.0,0.0,0.0,0.564,0.5178
128,0.001,3,10,100,32,16,4096,184,440338,73,30,VicregLoss,gru,/home/dpetrovitch/dzagcoffee/train_trace/gender/checkpoints_2025-10-08 10:26:11.109161_VicregLoss_gru_catboost/model_128_0.001_3_10_100_4096_32_16_4096_VicregLoss_gruepoch=07.ckpt,7,30,0.024731018,209.1975,1.0,0.0024,2.8662,1.7363,4.3131,0.3365,6521.5566,332.1867,215.9986,11.0023,190.1886,9.6876,177.2797,9.03,161.5472,8.2287,149.8301,7.6319,130.8933,6.6673,192.0446,15.4671,6.3607,0.5123,5.6006,0.4511,5.2205,0.4205,4.7572,0.3831,4.4121,0.3554,3.8545,0.3104,0.0,0.0,0.0,0.0,0.0,0.0,0.0,0.0,0.0,0.0,0.0,0.0,0.0,0.0,0.0,0.0,0.0,0.0,0.0,0.0,0.0,0.0,0.0,0.0,0.0,0.0,0.0,0.0,0.0,0.0,0.0,0.0,0.0,0.0,0.0,0.54,0.4964
128,0.001,3,10,100,32,16,4096,184,440338,73,30,VicregLoss,gru,/home/dpetrovitch/dzagcoffee/train_trace/gender/checkpoints_2025-10-08 10:26:11.109161_VicregLoss_gru_catboost/model_128_0.001_3_10_100_4096_32_16_4096_VicregLoss_gruepoch=08.ckpt,8,30,0.02082905,204.8567,1.0,0.0024,2.9728,1.7226,4.5456,0.3467,6422.6855,329.0681,215.8217,11.0577,187.7754,9.6207,173.9562,8.9127,157.3817,8.0635,144.6558,7.4115,127.8927,6.5526,183.0679,15.0235,6.1516,0.5048,5.3522,0.4392,4.9583,0.4069,4.4859,0.3681,4.1232,0.3384,3.6454,0.2992,0.0,0.0,0.0,0.0,0.0,0.0,0.0,0.0,0.0,0.0,0.0,0.0,0.0,0.0,0.0,0.0,0.0,0.0,0.0,0.0,0.0,0.0,0.0,0.0,0.0,0.0,0.0,0.0,0.0,0.0,0.0,0.0,0.0,0.0,0.0,0.592,0.5327
128,0.001,3,10,100,32,16,4096,184,440338,73,30,VicregLoss,gru,/home/dpetrovitch/dzagcoffee/train_trace/gender/checkpoints_2025-10-08 10:26:11.109161_VicregLoss_gru_catboost/model_128_0.001_3_10_100_4096_32_16_4096_VicregLoss_gruepoch=09.ckpt,9,30,0.02727522,210.87,1.0,0.0024,2.8508,1.7741,4.7219,0.3304,6573.449,333.978,219.1834,11.1361,192.0543,9.7577,177.9678,9.042,161.5704,8.2089,149.9296,7.6175,132.7433,6.7443,194.8616,15.472,6.4974,0.5159,5.6932,0.452,5.2756,0.4189,4.7896,0.3803,4.4445,0.3529,3.935,0.3124,0.0,0.0,0.0,0.0,0.0,0.0,0.0,0.0,0.0,0.0,0.0,0.0,0.0,0.0,0.0,0.0,0.0,0.0,0.0,0.0,0.0,0.0,0.0,0.0,0.0,0.0,0.0,0.0,0.0,0.0,0.0,0.0,0.0,0.0,0.0,0.504,0.4926
128,0.001,3,10,100,32,16,4096,184,440338,73,30,VicregLoss,gru,/home/dpetrovitch/dzagcoffee/train_trace/gender/checkpoints_2025-10-08 10:26:11.109161_VicregLoss_gru_catboost/model_128_0.001_3_10_100_4096_32_16_4096_VicregLoss_gruepoch=10.ckpt,10,30,0.023510315,215.9796,1.0,0.0025,2.7057,1.8173,5.1352,0.3205,6779.7974,342.373,224.1886,11.3213,197.7424,9.9858,183.5843,9.2708,165.4207,8.3536,152.4338,7.6978,136.6033,6.8983,224.871,16.8321,7.4358,0.5566,6.5587,0.4909,6.0891,0.4558,5.4866,0.4107,5.0559,0.3784,4.5308,0.3391,0.0,0.0,0.0,0.0,0.0,0.0,0.0,0.0,0.0,0.0,0.0,0.0,0.0,0.0,0.0,0.0,0.0,0.0,0.0,0.0,0.0,0.0,0.0,0.0,0.0,0.0,0.0,0.0,0.0,0.0,0.0,0.0,0.0,0.0,0.0,0.528,0.4644
128,0.001,3,10,100,32,16,4096,184,440338,73,30,VicregLoss,gru,/home/dpetrovitch/dzagcoffee/train_trace/gender/checkpoints_2025-10-08 10:26:11.109161_VicregLoss_gru_catboost/model_128_0.001_3_10_100_4096_32_16_4096_VicregLoss_gruepoch=11.ckpt,11,30,0.021822745,220.2118,1.0,0.0025,2.62,1.8606,5.1426,0.3028,6839.2246,341.7623,220.574,11.0223,194.959,9.7423,181.974,9.0934,166.1432,8.3023,153.936,7.6923,138.1536,6.9037,206.0805,15.8877,6.6464,0.5124,5.8745,0.4529,5.4833,0.4227,5.0062,0.386,4.6384,0.3576,4.1629,0.3209,0.0,0.0,0.0,0.0,0.0,0.0,0.0,0.0,0.0,0.0,0.0,0.0,0.0,0.0,0.0,0.0,0.0,0.0,0.0,0.0,0.0,0.0,0.0,0.0,0.0,0.0,0.0,0.0,0.0,0.0,0.0,0.0,0.0,0.0,0.0,0.52,0.4647
128,0.001,3,10,100,32,16,4096,184,440338,73,30,VicregLoss,gru,/home/dpetrovitch/dzagcoffee/train_trace/gender/checkpoints_2025-10-08 10:26:11.109161_VicregLoss_gru_catboost/model_128_0.001_3_10_100_4096_32_16_4096_VicregLoss_gruepoch=12.ckpt,12,30,0.021013224,225.7921,1.0,0.0026,2.5541,1.9069,5.2506,0.2922,7053.824,352.1592,224.6898,11.2175,199.1512,9.9425,186.3905,9.3055,170.8233,8.5283,157.9181,7.884,139.6731,6.9731,232.6555,17.8361,7.4109,0.5681,6.5686,0.5036,6.1477,0.4713,5.6342,0.4319,5.2086,0.3993,4.6068,0.3532,0.0,0.0,0.0,0.0,0.0,0.0,0.0,0.0,0.0,0.0,0.0,0.0,0.0,0.0,0.0,0.0,0.0,0.0,0.0,0.0,0.0,0.0,0.0,0.0,0.0,0.0,0.0,0.0,0.0,0.0,0.0,0.0,0.0,0.0,0.0,0.568,0.5359
128,0.001,3,10,100,32,16,4096,184,440338,73,30,VicregLoss,gru,/home/dpetrovitch/dzagcoffee/train_trace/gender/checkpoints_2025-10-08 10:26:11.109161_VicregLoss_gru_catboost/model_128_0.001_3_10_100_4096_32_16_4096_VicregLoss_gruepoch=13.ckpt,13,30,0.028731497,216.3278,1.0,0.0025,2.7289,1.8051,5.204,0.3178,6783.212,342.8634,221.629,11.2024,195.9557,9.9048,182.2495,9.212,164.9112,8.3356,154.1725,7.7928,137.717,6.961,213.299,17.0388,6.9692,0.5567,6.1619,0.4922,5.7309,0.4578,5.1857,0.4142,4.848,0.3873,4.3305,0.3459,0.0,0.0,0.0,0.0,0.0,0.0,0.0,0.0,0.0,0.0,0.0,0.0,0.0,0.0,0.0,0.0,0.0,0.0,0.0,0.0,0.0,0.0,0.0,0.0,0.0,0.0,0.0,0.0,0.0,0.0,0.0,0.0,0.0,0.0,0.0,0.504,0.4444
128,0.001,3,10,100,32,16,4096,184,440338,73,30,VicregLoss,gru,/home/dpetrovitch/dzagcoffee/train_trace/gender/checkpoints_2025-10-08 10:26:11.109161_VicregLoss_gru_catboost/model_128_0.001_3_10_100_4096_32_16_4096_VicregLoss_gruepoch=14.ckpt,14,30,0.029956482,213.3212,1.0,0.0024,2.7346,1.7902,4.7751,0.322,6561.422,330.323,216.6342,10.9061,191.4779,9.6396,179.3738,9.0303,164.0669,8.2597,153.8437,7.745,135.7236,6.8328,227.0991,17.4894,7.498,0.5774,6.6273,0.5104,6.2084,0.4781,5.6786,0.4373,5.3247,0.4101,4.6976,0.3618,0.0,0.0,0.0,0.0,0.0,0.0,0.0,0.0,0.0,0.0,0.0,0.0,0.0,0.0,0.0,0.0,0.0,0.0,0.0,0.0,0.0,0.0,0.0,0.0,0.0,0.0,0.0,0.0,0.0,0.0,0.0,0.0,0.0,0.0,0.0,0.58,0.4814
128,0.001,3,10,100,32,16,4096,184,440338,73,30,VicregLoss,gru,/home/dpetrovitch/dzagcoffee/train_trace/gender/checkpoints_2025-10-08 10:26:11.109161_VicregLoss_gru_catboost/model_128_0.001_3_10_100_4096_32_16_4096_VicregLoss_gruepoch=15.ckpt,15,30,0.02466677,216.6145,1.0,0.0025,2.7404,1.8198,4.9654,0.3185,6747.24,340.3425,222.0217,11.1992,195.8583,9.8794,181.531,9.1567,162.1839,8.1808,149.7039,7.5513,133.3041,6.7241,205.3035,16.049,6.7556,0.5281,5.9595,0.4659,5.5236,0.4318,4.9349,0.3858,4.5552,0.3561,4.0561,0.3171,0.0,0.0,0.0,0.0,0.0,0.0,0.0,0.0,0.0,0.0,0.0,0.0,0.0,0.0,0.0,0.0,0.0,0.0,0.0,0.0,0.0,0.0,0.0,0.0,0.0,0.0,0.0,0.0,0.0,0.0,0.0,0.0,0.0,0.0,0.0,0.552,0.5033
128,0.001,3,10,100,32,16,4096,184,440338,73,30,VicregLoss,gru,/home/dpetrovitch/dzagcoffee/train_trace/gender/checkpoints_2025-10-08 10:26:11.109161_VicregLoss_gru_catboost/model_128_0.001_3_10_100_4096_32_16_4096_VicregLoss_gruepoch=16.ckpt,16,30,0.021334464,225.8862,1.0,0.0026,2.5635,1.9293,5.1618,0.2848,7101.7847,355.2916,223.4659,11.1797,198.5295,9.9321,185.65,9.2878,169.6031,8.485,158.4664,7.9278,142.0173,7.1049,209.8946,16.8613,6.6046,0.5306,5.8676,0.4714,5.4869,0.4408,5.0127,0.4027,4.6835,0.3762,4.1973,0.3372,0.0,0.0,0.0,0.0,0.0,0.0,0.0,0.0,0.0,0.0,0.0,0.0,0.0,0.0,0.0,0.0,0.0,0.0,0.0,0.0,0.0,0.0,0.0,0.0,0.0,0.0,0.0,0.0,0.0,0.0,0.0,0.0,0.0,0.0,0.0,0.564,0.5497
128,0.001,3,10,100,32,16,4096,184,440338,73,30,VicregLoss,gru,/home/dpetrovitch/dzagcoffee/train_trace/gender/checkpoints_2025-10-08 10:26:11.109161_VicregLoss_gru_catboost/model_128_0.001_3_10_100_4096_32_16_4096_VicregLoss_gruepoch=17.ckpt,17,30,0.024795264,199.0956,1.0,0.0024,2.9597,1.6887,4.6826,0.3637,6196.843,316.6391,210.8154,10.772,184.1792,9.411,170.3395,8.7038,154.5064,7.8948,144.1137,7.3638,124.6108,6.3672,181.7768,15.0123,6.184,0.5107,5.4027,0.4462,4.9967,0.4127,4.5323,0.3743,4.2274,0.3491,3.6553,0.3019,0.0,0.0,0.0,0.0,0.0,0.0,0.0,0.0,0.0,0.0,0.0,0.0,0.0,0.0,0.0,0.0,0.0,0.0,0.0,0.0,0.0,0.0,0.0,0.0,0.0,0.0,0.0,0.0,0.0,0.0,0.0,0.0,0.0,0.0,0.0,0.524,0.4418
128,0.001,3,10,100,32,16,4096,184,440338,73,30,VicregLoss,gru,/home/dpetrovitch/dzagcoffee/train_trace/gender/checkpoints_2025-10-08 10:26:11.109161_VicregLoss_gru_catboost/model_128_0.001_3_10_100_4096_32_16_4096_VicregLoss_gruepoch=18.ckpt,18,30,0.023900082,204.3125,1.0,0.0024,2.891,1.709,4.5533,0.3514,6334.9707,322.9921,215.0678,10.9654,188.6358,9.6177,175.484,8.9472,160.3153,8.1738,147.9984,7.5458,128.563,6.5549,207.4442,15.3969,7.0426,0.5227,6.177,0.4585,5.7464,0.4265,5.2497,0.3896,4.8463,0.3597,4.2099,0.3125,0.0,0.0,0.0,0.0,0.0,0.0,0.0,0.0,0.0,0.0,0.0,0.0,0.0,0.0,0.0,0.0,0.0,0.0,0.0,0.0,0.0,0.0,0.0,0.0,0.0,0.0,0.0,0.0,0.0,0.0,0.0,0.0,0.0,0.0,0.0,0.516,0.4663
128,0.001,3,10,100,32,16,4096,184,440338,73,30,VicregLoss,gru,/home/dpetrovitch/dzagcoffee/train_trace/gender/checkpoints_2025-10-08 10:26:11.109161_VicregLoss_gru_catboost/model_128_0.001_3_10_100_4096_32_16_4096_VicregLoss_gruepoch=19.ckpt,19,30,0.026662728,209.3234,1.0,0.0025,2.842,1.779,5.0243,0.3301,6526.9746,331.9756,214.4513,10.9074,189.02,9.614,176.1044,8.957,160.5614,8.1665,148.0034,7.5278,128.448,6.5331,197.1528,16.5198,6.4777,0.5428,5.7095,0.4784,5.3194,0.4457,4.8499,0.4064,4.4706,0.3746,3.8799,0.3251,0.0,0.0,0.0,0.0,0.0,0.0,0.0,0.0,0.0,0.0,0.0,0.0,0.0,0.0,0.0,0.0,0.0,0.0,0.0,0.0,0.0,0.0,0.0,0.0,0.0,0.0,0.0,0.0,0.0,0.0,0.0,0.0,0.0,0.0,0.0,0.56,0.5127
128,0.001,3,10,100,32,16,4096,184,440338,73,30,VicregLoss,gru,/home/dpetrovitch/dzagcoffee/train_trace/gender/checkpoints_2025-10-08 10:26:11.109161_VicregLoss_gru_catboost/model_128_0.001_3_10_100_4096_32_16_4096_VicregLoss_gruepoch=20.ckpt,20,30,0.02511222,209.8008,1.0,0.0025,2.7996,1.8133,4.439,0.3185,6483.5293,329.1094,214.1817,10.872,188.3453,9.5606,174.7966,8.8728,158.2328,8.032,147.5947,7.492,131.7827,6.6894,202.7868,16.3386,6.699,0.5397,5.8909,0.4746,5.4672,0.4405,4.9491,0.3987,4.6164,0.3719,4.1218,0.3321,0.0,0.0,0.0,0.0,0.0,0.0,0.0,0.0,0.0,0.0,0.0,0.0,0.0,0.0,0.0,0.0,0.0,0.0,0.0,0.0,0.0,0.0,0.0,0.0,0.0,0.0,0.0,0.0,0.0,0.0,0.0,0.0,0.0,0.0,0.0,0.524,0.5117
128,0.001,3,10,100,32,16,4096,184,440338,73,30,VicregLoss,gru,/home/dpetrovitch/dzagcoffee/train_trace/gender/checkpoints_2025-10-08 10:26:11.109161_VicregLoss_gru_catboost/model_128_0.001_3_10_100_4096_32_16_4096_VicregLoss_gruepoch=21.ckpt,21,30,0.025561951,215.2915,1.0,0.0026,2.7746,1.841,5.1342,0.3105,6720.592,340.5553,217.2404,11.0083,191.0002,9.6786,178.1157,9.0257,163.0754,8.2636,151.5837,7.6813,134.5121,6.8162,188.7884,15.4053,6.1025,0.498,5.3654,0.4378,5.0035,0.4083,4.581,0.3738,4.2581,0.3475,3.7786,0.3083,0.0,0.0,0.0,0.0,0.0,0.0,0.0,0.0,0.0,0.0,0.0,0.0,0.0,0.0,0.0,0.0,0.0,0.0,0.0,0.0,0.0,0.0,0.0,0.0,0.0,0.0,0.0,0.0,0.0,0.0,0.0,0.0,0.0,0.0,0.0,0.504,0.5076
128,0.001,3,10,100,32,16,4096,184,440338,73,30,VicregLoss,gru,/home/dpetrovitch/dzagcoffee/train_trace/gender/checkpoints_2025-10-08 10:26:11.109161_VicregLoss_gru_catboost/model_128_0.001_3_10_100_4096_32_16_4096_VicregLoss_gruepoch=22.ckpt,22,30,0.024075693,214.2385,1.0,0.0025,2.7368,1.8216,4.9928,0.3186,6677.5034,337.8243,220.8129,11.1712,193.9353,9.8115,180.231,9.1181,164.4492,8.3197,150.9708,7.6378,131.3676,6.6461,211.5312,16.4692,6.995,0.5446,6.1435,0.4783,5.7094,0.4445,5.2095,0.4056,4.7825,0.3723,4.1615,0.324,0.0,0.0,0.0,0.0,0.0,0.0,0.0,0.0,0.0,0.0,0.0,0.0,0.0,0.0,0.0,0.0,0.0,0.0,0.0,0.0,0.0,0.0,0.0,0.0,0.0,0.0,0.0,0.0,0.0,0.0,0.0,0.0,0.0,0.0,0.0,0.516,0.4769
128,0.001,3,10,100,32,16,4096,184,440338,73,30,VicregLoss,gru,/home/dpetrovitch/dzagcoffee/train_trace/gender/checkpoints_2025-10-08 10:26:11.109161_VicregLoss_gru_catboost/model_128_0.001_3_10_100_4096_32_16_4096_VicregLoss_gruepoch=23.ckpt,23,30,0.023184793,216.5517,1.0,0.0026,2.6953,1.8618,5.0305,0.3068,6798.3735,342.3309,221.1625,11.1366,194.9976,9.8191,181.0539,9.1169,162.7425,8.1949,149.1368,7.5098,135.3048,6.8132,219.3364,15.9932,7.1354,0.5203,6.2912,0.4587,5.8414,0.4259,5.2506,0.3829,4.8116,0.3508,4.3653,0.3183,0.0,0.0,0.0,0.0,0.0,0.0,0.0,0.0,0.0,0.0,0.0,0.0,0.0,0.0,0.0,0.0,0.0,0.0,0.0,0.0,0.0,0.0,0.0,0.0,0.0,0.0,0.0,0.0,0.0,0.0,0.0,0.0,0.0,0.0,0.0,0.488,0.483
128,0.001,3,10,100,32,16,4096,184,440338,73,30,VicregLoss,gru,/home/dpetrovitch/dzagcoffee/train_trace/gender/checkpoints_2025-10-08 10:26:11.109161_VicregLoss_gru_catboost/model_128_0.001_3_10_100_4096_32_16_4096_VicregLoss_gruepoch=24.ckpt,24,30,0.022739343,220.2867,1.0,0.0026,2.625,1.8775,4.875,0.3001,6832.723,342.1774,220.9688,11.0659,195.7176,9.8014,182.1267,9.1208,165.4835,8.2873,153.873,7.7058,138.4861,6.9353,212.684,16.4708,6.8782,0.5327,6.0922,0.4718,5.6691,0.439,5.1511,0.3989,4.7896,0.3709,4.3107,0.3338,0.0,0.0,0.0,0.0,0.0,0.0,0.0,0.0,0.0,0.0,0.0,0.0,0.0,0.0,0.0,0.0,0.0,0.0,0.0,0.0,0.0,0.0,0.0,0.0,0.0,0.0,0.0,0.0,0.0,0.0,0.0,0.0,0.0,0.0,0.0,0.548,0.4738
128,0.001,3,10,100,32,16,4096,184,440338,73,30,VicregLoss,gru,/home/dpetrovitch/dzagcoffee/train_trace/gender/checkpoints_2025-10-08 10:26:11.109161_VicregLoss_gru_catboost/model_128_0.001_3_10_100_4096_32_16_4096_VicregLoss_gruepoch=25.ckpt,25,30,0.020524945,220.2264,1.0,0.0026,2.6194,1.9291,4.7019,0.2832,6845.9775,342.8937,217.5189,10.8948,193.0642,9.67,180.2989,9.0306,165.063,8.2675,154.7401,7.7505,138.9547,6.9598,208.0345,16.4999,6.6099,0.5243,5.8668,0.4653,5.4789,0.4346,5.0159,0.3978,4.7022,0.3729,4.2225,0.3349,0.0,0.0,0.0,0.0,0.0,0.0,0.0,0.0,0.0,0.0,0.0,0.0,0.0,0.0,0.0,0.0,0.0,0.0,0.0,0.0,0.0,0.0,0.0,0.0,0.0,0.0,0.0,0.0,0.0,0.0,0.0,0.0,0.0,0.0,0.0,0.588,0.5261
128,0.001,3,10,100,32,16,4096,184,440338,73,30,VicregLoss,gru,/home/dpetrovitch/dzagcoffee/train_trace/gender/checkpoints_2025-10-08 10:26:11.109161_VicregLoss_gru_catboost/model_128_0.001_3_10_100_4096_32_16_4096_VicregLoss_gruepoch=26.ckpt,26,30,0.028089022,145.2392,1.0,0.0016,3.3278,1.4249,2.4259,0.4824,4651.0083,242.291,179.2822,9.3396,146.9719,7.6564,132.7281,6.9144,119.4768,6.2241,110.9621,5.7805,95.6872,4.9848,148.2058,12.5574,5.7129,0.484,4.6833,0.3968,4.2294,0.3584,3.8072,0.3226,3.5358,0.2996,3.0491,0.2583,0.0,0.0,0.0,0.0,0.0,0.0,0.0,0.0,0.0,0.0,0.0,0.0,0.0,0.0,0.0,0.0,0.0,0.0,0.0,0.0,0.0,0.0,0.0,0.0,0.0,0.0,0.0,0.0,0.0,0.0,0.0,0.0,0.0,0.0,0.0,0.576,0.527
128,0.001,3,10,100,32,16,4096,184,440338,73,30,VicregLoss,gru,/home/dpetrovitch/dzagcoffee/train_trace/gender/checkpoints_2025-10-08 10:26:11.109161_VicregLoss_gru_catboost/model_128_0.001_3_10_100_4096_32_16_4096_VicregLoss_gruepoch=27.ckpt,27,30,0.023146244,146.929,1.0,0.0016,3.3347,1.4263,2.462,0.4793,4696.9746,245.5534,179.9323,9.4067,148.2112,7.7483,134.6371,7.0387,120.8524,6.318,111.5995,5.8343,96.6506,5.0528,152.4371,12.1197,5.8396,0.4643,4.8101,0.3824,4.3696,0.3474,3.9222,0.3118,3.6219,0.288,3.1367,0.2494,0.0,0.0,0.0,0.0,0.0,0.0,0.0,0.0,0.0,0.0,0.0,0.0,0.0,0.0,0.0,0.0,0.0,0.0,0.0,0.0,0.0,0.0,0.0,0.0,0.0,0.0,0.0,0.0,0.0,0.0,0.0,0.0,0.0,0.0,0.0,0.524,0.4685
128,0.001,3,10,100,32,16,4096,184,440338,73,30,VicregLoss,gru,/home/dpetrovitch/dzagcoffee/train_trace/gender/checkpoints_2025-10-08 10:26:11.109161_VicregLoss_gru_catboost/model_128_0.001_3_10_100_4096_32_16_4096_VicregLoss_gruepoch=28.ckpt,28,30,0.028007641,149.4455,1.0,0.0017,3.3501,1.4457,2.5902,0.4697,4792.9893,251.7939,180.3632,9.4752,147.6938,7.7589,135.3419,7.11,121.7892,6.3981,112.2896,5.899,96.6856,5.0793,142.4726,11.8385,5.3613,0.4455,4.3902,0.3648,4.0231,0.3343,3.6202,0.3008,3.3378,0.2774,2.874,0.2388,0.0,0.0,0.0,0.0,0.0,0.0,0.0,0.0,0.0,0.0,0.0,0.0,0.0,0.0,0.0,0.0,0.0,0.0,0.0,0.0,0.0,0.0,0.0,0.0,0.0,0.0,0.0,0.0,0.0,0.0,0.0,0.0,0.0,0.0,0.0,0.62,0.5675
128,0.001,3,10,100,32,16,4096,184,440338,73,30,VicregLoss,gru,/home/dpetrovitch/dzagcoffee/train_trace/gender/checkpoints_2025-10-08 10:26:11.109161_VicregLoss_gru_catboost/model_128_0.001_3_10_100_4096_32_16_4096_VicregLoss_gruepoch=29.ckpt,29,30,0.025120785,151.0433,1.0,0.0017,3.3308,1.4493,2.6263,0.4674,4837.32,253.5612,182.3238,9.557,150.7732,7.9032,136.9922,7.1808,123.4991,6.4735,114.5774,6.0059,99.3892,5.2098,146.1466,12.1187,5.5084,0.4568,4.5552,0.3777,4.1389,0.3432,3.7312,0.3094,3.4616,0.287,3.0028,0.249,0.0,0.0,0.0,0.0,0.0,0.0,0.0,0.0,0.0,0.0,0.0,0.0,0.0,0.0,0.0,0.0,0.0,0.0,0.0,0.0,0.0,0.0,0.0,0.0,0.0,0.0,0.0,0.0,0.0,0.0,0.0,0.0,0.0,0.0,0.0,0.516,0.5075
128,0.001,3,10,100,32,16,256,184,440338,73,30,BarlowTwinsLossContrastiveLoss,gru,/home/dpetrovitch/dzagcoffee/train_trace/gender/checkpoints_2025-10-08 10:26:11.109161_VicregLoss_gru_catboost/model_128_0.001_3_10_100_256_32_16_256_BarlowTwinsLossContrastiveLoss_gruepoch=00.ckpt,0,30,0.32978973,47.6222,1.679,0.0004,5.1323,1.465,6.33,0.4984,609.6229,30.6169,231.4395,11.6235,204.0826,10.2496,189.0621,9.4952,168.2273,8.4488,148.0673,7.4363,102.768,5.1613,27.2657,1.7613,10.3513,0.6687,9.1277,0.5896,8.4559,0.5462,7.5241,0.486,6.6224,0.4278,4.5964,0.2969,0.0,0.0,0.0,0.0,0.0,0.0,0.0,0.0,0.0,0.0,0.0,0.0,0.0,0.0,0.0,0.0,0.0,0.0,0.0,0.0,0.0,0.0,0.0,0.0,0.0,0.0,0.0,0.0,0.0,0.0,0.0,0.0,0.0,0.0,0.0,0.552,0.5589
128,0.001,3,10,100,32,16,256,184,440338,73,30,BarlowTwinsLossContrastiveLoss,gru,/home/dpetrovitch/dzagcoffee/train_trace/gender/checkpoints_2025-10-08 10:26:11.109161_VicregLoss_gru_catboost/model_128_0.001_3_10_100_256_32_16_256_BarlowTwinsLossContrastiveLoss_gruepoch=01.ckpt,1,30,0.3781724,42.4083,1.6788,0.0004,4.8655,1.3994,8.3135,0.5222,774.7776,38.4378,233.295,11.5741,209.024,10.37,195.5128,9.6997,177.7234,8.8171,163.4959,8.1113,133.2291,6.6097,45.5739,2.7671,13.7229,0.8332,12.2952,0.7465,11.5004,0.6983,10.454,0.6347,9.6172,0.5839,7.8368,0.4758,0.0,0.0,0.0,0.0,0.0,0.0,0.0,0.0,0.0,0.0,0.0,0.0,0.0,0.0,0.0,0.0,0.0,0.0,0.0,0.0,0.0,0.0,0.0,0.0,0.0,0.0,0.0,0.0,0.0,0.0,0.0,0.0,0.0,0.0,0.0,0.62,0.6133
128,0.001,3,10,100,32,16,256,184,440338,73,30,BarlowTwinsLossContrastiveLoss,gru,/home/dpetrovitch/dzagcoffee/train_trace/gender/checkpoints_2025-10-08 10:26:11.109161_VicregLoss_gru_catboost/model_128_0.001_3_10_100_256_32_16_256_BarlowTwinsLossContrastiveLoss_gruepoch=02.ckpt,2,30,0.39402866,42.5647,1.679,0.0004,4.7367,1.349,7.6012,0.5579,840.7774,41.6619,243.6652,12.074,219.5317,10.8781,206.3444,10.2247,188.4562,9.3383,173.9737,8.6207,145.4997,7.2097,46.2539,2.7575,13.4048,0.7991,12.0771,0.72,11.3517,0.6767,10.3676,0.6181,9.5709,0.5706,8.0044,0.4772,0.0,0.0,0.0,0.0,0.0,0.0,0.0,0.0,0.0,0.0,0.0,0.0,0.0,0.0,0.0,0.0,0.0,0.0,0.0,0.0,0.0,0.0,0.0,0.0,0.0,0.0,0.0,0.0,0.0,0.0,0.0,0.0,0.0,0.0,0.0,0.64,0.6515
128,0.001,3,10,100,32,16,256,184,440338,73,30,BarlowTwinsLossContrastiveLoss,gru,/home/dpetrovitch/dzagcoffee/train_trace/gender/checkpoints_2025-10-08 10:26:11.109161_VicregLoss_gru_catboost/model_128_0.001_3_10_100_256_32_16_256_BarlowTwinsLossContrastiveLoss_gruepoch=03.ckpt,3,30,0.40101886,43.999,1.6773,0.0004,4.61,1.3753,8.2847,0.5348,923.6809,45.4101,244.5326,12.0217,222.1058,10.9192,209.8113,10.3148,193.1963,9.4979,179.8105,8.8399,156.1748,7.6779,55.5052,3.297,14.6943,0.8728,13.3466,0.7928,12.6078,0.7489,11.6094,0.6896,10.805,0.6418,9.3847,0.5574,0.0,0.0,0.0,0.0,0.0,0.0,0.0,0.0,0.0,0.0,0.0,0.0,0.0,0.0,0.0,0.0,0.0,0.0,0.0,0.0,0.0,0.0,0.0,0.0,0.0,0.0,0.0,0.0,0.0,0.0,0.0,0.0,0.0,0.0,0.0,0.692,0.6994
128,0.001,3,10,100,32,16,256,184,440338,73,30,BarlowTwinsLossContrastiveLoss,gru,/home/dpetrovitch/dzagcoffee/train_trace/gender/checkpoints_2025-10-08 10:26:11.109161_VicregLoss_gru_catboost/model_128_0.001_3_10_100_256_32_16_256_BarlowTwinsLossContrastiveLoss_gruepoch=04.ckpt,4,30,0.41729772,45.8373,1.6781,0.0004,4.5932,1.3334,8.7399,0.5672,942.2448,46.252,253.5856,12.4478,231.6415,11.3706,219.4529,10.7723,202.6813,9.949,188.8362,9.2694,162.0472,7.9544,59.4479,3.3656,15.9992,0.9058,14.6147,0.8274,13.8457,0.7839,12.7875,0.724,11.914,0.6745,10.2239,0.5788,0.0,0.0,0.0,0.0,0.0,0.0,0.0,0.0,0.0,0.0,0.0,0.0,0.0,0.0,0.0,0.0,0.0,0.0,0.0,0.0,0.0,0.0,0.0,0.0,0.0,0.0,0.0,0.0,0.0,0.0,0.0,0.0,0.0,0.0,0.0,0.656,0.6983
128,0.001,3,10,100,32,16,256,184,440338,73,30,BarlowTwinsLossContrastiveLoss,gru,/home/dpetrovitch/dzagcoffee/train_trace/gender/checkpoints_2025-10-08 10:26:11.109161_VicregLoss_gru_catboost/model_128_0.001_3_10_100_256_32_16_256_BarlowTwinsLossContrastiveLoss_gruepoch=05.ckpt,5,30,0.42093268,46.4093,1.6769,0.0005,4.5625,1.3111,9.6258,0.5837,991.7879,48.5866,254.5747,12.4713,233.2427,11.4263,221.3279,10.8426,205.7385,10.0789,193.3632,9.4726,170.423,8.3488,66.402,3.712,17.0442,0.9528,15.616,0.873,14.8183,0.8284,13.7746,0.77,12.946,0.7237,11.4101,0.6378,0.0,0.0,0.0,0.0,0.0,0.0,0.0,0.0,0.0,0.0,0.0,0.0,0.0,0.0,0.0,0.0,0.0,0.0,0.0,0.0,0.0,0.0,0.0,0.0,0.0,0.0,0.0,0.0,0.0,0.0,0.0,0.0,0.0,0.0,0.0,0.68,0.6786
128,0.001,3,10,100,32,16,256,184,440338,73,30,BarlowTwinsLossContrastiveLoss,gru,/home/dpetrovitch/dzagcoffee/train_trace/gender/checkpoints_2025-10-08 10:26:11.109161_VicregLoss_gru_catboost/model_128_0.001_3_10_100_256_32_16_256_BarlowTwinsLossContrastiveLoss_gruepoch=06.ckpt,6,30,0.42664075,47.827,1.6774,0.0005,4.5653,1.3056,10.661,0.5901,1052.0172,51.5577,257.5753,12.6234,237.0288,11.6164,225.4051,11.0467,210.3275,10.3078,197.9538,9.7014,174.148,8.5347,73.1719,3.903,17.9154,0.9556,16.4863,0.8794,15.6778,0.8363,14.6291,0.7803,13.7685,0.7344,12.1127,0.6461,0.0,0.0,0.0,0.0,0.0,0.0,0.0,0.0,0.0,0.0,0.0,0.0,0.0,0.0,0.0,0.0,0.0,0.0,0.0,0.0,0.0,0.0,0.0,0.0,0.0,0.0,0.0,0.0,0.0,0.0,0.0,0.0,0.0,0.0,0.0,0.66,0.6911
128,0.001,3,10,100,32,16,256,184,440338,73,30,BarlowTwinsLossContrastiveLoss,gru,/home/dpetrovitch/dzagcoffee/train_trace/gender/checkpoints_2025-10-08 10:26:11.109161_VicregLoss_gru_catboost/model_128_0.001_3_10_100_256_32_16_256_BarlowTwinsLossContrastiveLoss_gruepoch=07.ckpt,7,30,0.42887655,49.5213,1.6764,0.0005,4.5409,1.3148,10.221,0.5834,1087.5114,53.187,260.3635,12.7336,240.0103,11.7382,228.4976,11.1752,213.3145,10.4326,201.0331,9.8319,176.2228,8.6185,72.9607,3.9443,17.4677,0.9443,16.1022,0.8705,15.3298,0.8287,14.3112,0.7737,13.4872,0.7291,11.8227,0.6391,0.0,0.0,0.0,0.0,0.0,0.0,0.0,0.0,0.0,0.0,0.0,0.0,0.0,0.0,0.0,0.0,0.0,0.0,0.0,0.0,0.0,0.0,0.0,0.0,0.0,0.0,0.0,0.0,0.0,0.0,0.0,0.0,0.0,0.0,0.0,0.676,0.7149
128,0.001,3,10,100,32,16,256,184,440338,73,30,BarlowTwinsLossContrastiveLoss,gru,/home/dpetrovitch/dzagcoffee/train_trace/gender/checkpoints_2025-10-08 10:26:11.109161_VicregLoss_gru_catboost/model_128_0.001_3_10_100_256_32_16_256_BarlowTwinsLossContrastiveLoss_gruepoch=08.ckpt,8,30,0.43621504,52.098,1.6752,0.0005,4.5322,1.3427,10.8164,0.5605,1120.3032,54.7723,263.2582,12.8709,242.7314,11.8673,231.3936,11.313,216.4594,10.5828,204.2136,9.9841,180.9038,8.8445,75.3652,4.0065,17.7099,0.9415,16.3291,0.8681,15.5663,0.8275,14.5617,0.7741,13.7379,0.7303,12.1698,0.647,0.0,0.0,0.0,0.0,0.0,0.0,0.0,0.0,0.0,0.0,0.0,0.0,0.0,0.0,0.0,0.0,0.0,0.0,0.0,0.0,0.0,0.0,0.0,0.0,0.0,0.0,0.0,0.0,0.0,0.0,0.0,0.0,0.0,0.0,0.0,0.684,0.7071
128,0.001,3,10,100,32,16,256,184,440338,73,30,BarlowTwinsLossContrastiveLoss,gru,/home/dpetrovitch/dzagcoffee/train_trace/gender/checkpoints_2025-10-08 10:26:11.109161_VicregLoss_gru_catboost/model_128_0.001_3_10_100_256_32_16_256_BarlowTwinsLossContrastiveLoss_gruepoch=09.ckpt,9,30,0.43577817,50.205,1.6743,0.0005,4.5498,1.2896,10.4945,0.6049,1101.6033,53.8281,263.0303,12.8526,242.712,11.8597,231.3242,11.3033,216.2087,10.5647,203.8983,9.9632,179.9628,8.7936,75.9571,4.0346,18.1363,0.9633,16.7353,0.8889,15.9501,0.8472,14.9079,0.7919,14.0591,0.7468,12.4087,0.6591,0.0,0.0,0.0,0.0,0.0,0.0,0.0,0.0,0.0,0.0,0.0,0.0,0.0,0.0,0.0,0.0,0.0,0.0,0.0,0.0,0.0,0.0,0.0,0.0,0.0,0.0,0.0,0.0,0.0,0.0,0.0,0.0,0.0,0.0,0.0,0.672,0.7061
128,0.001,3,10,100,32,16,256,184,440338,73,30,BarlowTwinsLossContrastiveLoss,gru,/home/dpetrovitch/dzagcoffee/train_trace/gender/checkpoints_2025-10-08 10:26:11.109161_VicregLoss_gru_catboost/model_128_0.001_3_10_100_256_32_16_256_BarlowTwinsLossContrastiveLoss_gruepoch=10.ckpt,10,30,0.43590665,50.3591,1.6721,0.0005,4.5442,1.2854,10.9562,0.608,1121.2788,54.713,264.3782,12.9004,244.5309,11.9319,233.405,11.389,218.7082,10.6719,206.6702,10.0845,182.6633,8.9131,77.4651,4.062,18.2649,0.9578,16.8938,0.8859,16.1251,0.8456,15.1098,0.7923,14.2781,0.7487,12.6195,0.6617,0.0,0.0,0.0,0.0,0.0,0.0,0.0,0.0,0.0,0.0,0.0,0.0,0.0,0.0,0.0,0.0,0.0,0.0,0.0,0.0,0.0,0.0,0.0,0.0,0.0,0.0,0.0,0.0,0.0,0.0,0.0,0.0,0.0,0.0,0.0,0.696,0.7082
128,0.001,3,10,100,32,16,256,184,440338,73,30,BarlowTwinsLossContrastiveLoss,gru,/home/dpetrovitch/dzagcoffee/train_trace/gender/checkpoints_2025-10-08 10:26:11.109161_VicregLoss_gru_catboost/model_128_0.001_3_10_100_256_32_16_256_BarlowTwinsLossContrastiveLoss_gruepoch=11.ckpt,11,30,0.4407067,51.2571,1.675,0.0005,4.5536,1.2869,11.5745,0.6073,1146.3049,56.008,266.2958,13.0111,246.3573,12.0369,235.1519,11.4894,220.5934,10.7781,208.7274,10.1983,184.9482,9.0365,76.8334,4.113,17.849,0.9555,16.5126,0.8839,15.7615,0.8437,14.7857,0.7915,13.9904,0.7489,12.3965,0.6636,0.0,0.0,0.0,0.0,0.0,0.0,0.0,0.0,0.0,0.0,0.0,0.0,0.0,0.0,0.0,0.0,0.0,0.0,0.0,0.0,0.0,0.0,0.0,0.0,0.0,0.0,0.0,0.0,0.0,0.0,0.0,0.0,0.0,0.0,0.0,0.7,0.7088
128,0.001,3,10,100,32,16,256,184,440338,73,30,BarlowTwinsLossContrastiveLoss,gru,/home/dpetrovitch/dzagcoffee/train_trace/gender/checkpoints_2025-10-08 10:26:11.109161_VicregLoss_gru_catboost/model_128_0.001_3_10_100_256_32_16_256_BarlowTwinsLossContrastiveLoss_gruepoch=12.ckpt,12,30,0.43765703,51.2314,1.6764,0.0005,4.576,1.274,11.2608,0.6198,1142.1432,55.8462,267.9892,13.1036,247.9988,12.1261,236.6939,11.5734,221.4858,10.8298,209.1478,10.2265,183.9419,8.994,78.4271,4.1141,18.4019,0.9653,17.0292,0.8933,16.253,0.8526,15.2087,0.7978,14.3615,0.7534,12.6307,0.6626,0.0,0.0,0.0,0.0,0.0,0.0,0.0,0.0,0.0,0.0,0.0,0.0,0.0,0.0,0.0,0.0,0.0,0.0,0.0,0.0,0.0,0.0,0.0,0.0,0.0,0.0,0.0,0.0,0.0,0.0,0.0,0.0,0.0,0.0,0.0,0.676,0.7024
128,0.001,3,10,100,32,16,256,184,440338,73,30,BarlowTwinsLossContrastiveLoss,gru,/home/dpetrovitch/dzagcoffee/train_trace/gender/checkpoints_2025-10-08 10:26:11.109161_VicregLoss_gru_catboost/model_128_0.001_3_10_100_256_32_16_256_BarlowTwinsLossContrastiveLoss_gruepoch=13.ckpt,13,30,0.4370346,53.1438,1.6758,0.0005,4.5445,1.3065,10.8328,0.5904,1185.4692,57.8988,268.1595,13.097,248.1974,12.1221,237.0295,11.5766,222.1408,10.8495,210.3458,10.2734,186.6796,9.1175,81.9158,4.2916,18.5298,0.9708,17.1504,0.8985,16.3787,0.8581,15.3499,0.8042,14.5349,0.7615,12.8995,0.6758,0.0,0.0,0.0,0.0,0.0,0.0,0.0,0.0,0.0,0.0,0.0,0.0,0.0,0.0,0.0,0.0,0.0,0.0,0.0,0.0,0.0,0.0,0.0,0.0,0.0,0.0,0.0,0.0,0.0,0.0,0.0,0.0,0.0,0.0,0.0,0.688,0.7175
128,0.001,3,10,100,32,16,256,184,440338,73,30,BarlowTwinsLossContrastiveLoss,gru,/home/dpetrovitch/dzagcoffee/train_trace/gender/checkpoints_2025-10-08 10:26:11.109161_VicregLoss_gru_catboost/model_128_0.001_3_10_100_256_32_16_256_BarlowTwinsLossContrastiveLoss_gruepoch=14.ckpt,14,30,0.444039,52.5125,1.6756,0.0005,4.5426,1.2881,11.5075,0.6065,1178.8577,57.5062,268.4556,13.0956,248.8145,12.1375,237.7647,11.5985,223.3529,10.8954,211.5237,10.3184,188.0925,9.1754,82.8232,4.291,18.8609,0.9772,17.481,0.9057,16.7047,0.8655,15.6921,0.813,14.8611,0.7699,13.2148,0.6846,0.0,0.0,0.0,0.0,0.0,0.0,0.0,0.0,0.0,0.0,0.0,0.0,0.0,0.0,0.0,0.0,0.0,0.0,0.0,0.0,0.0,0.0,0.0,0.0,0.0,0.0,0.0,0.0,0.0,0.0,0.0,0.0,0.0,0.0,0.0,0.688,0.6879
128,0.001,3,10,100,32,16,256,184,440338,73,30,BarlowTwinsLossContrastiveLoss,gru,/home/dpetrovitch/dzagcoffee/train_trace/gender/checkpoints_2025-10-08 10:26:11.109161_VicregLoss_gru_catboost/model_128_0.001_3_10_100_256_32_16_256_BarlowTwinsLossContrastiveLoss_gruepoch=15.ckpt,15,30,0.4436877,53.4258,1.6753,0.0005,4.5499,1.2939,11.1441,0.6007,1214.115,59.2723,270.9666,13.2284,251.3296,12.2698,240.1903,11.7259,225.4869,11.0081,213.684,10.4319,190.5461,9.3023,82.3104,4.3714,18.3701,0.9756,17.0388,0.9049,16.2836,0.8648,15.2868,0.8119,14.4866,0.7694,12.918,0.6861,0.0,0.0,0.0,0.0,0.0,0.0,0.0,0.0,0.0,0.0,0.0,0.0,0.0,0.0,0.0,0.0,0.0,0.0,0.0,0.0,0.0,0.0,0.0,0.0,0.0,0.0,0.0,0.0,0.0,0.0,0.0,0.0,0.0,0.0,0.0,0.656,0.6957
128,0.001,3,10,100,32,16,256,184,440338,73,30,BarlowTwinsLossContrastiveLoss,gru,/home/dpetrovitch/dzagcoffee/train_trace/gender/checkpoints_2025-10-08 10:26:11.109161_VicregLoss_gru_catboost/model_128_0.001_3_10_100_256_32_16_256_BarlowTwinsLossContrastiveLoss_gruepoch=16.ckpt,16,30,0.4458151,53.6229,1.6758,0.0005,4.55,1.2843,11.2681,0.61,1206.6119,58.9262,269.812,13.1766,250.3682,12.227,239.4622,11.6944,224.873,10.9819,213.1165,10.4078,190.1606,9.2867,83.7272,4.4499,18.7223,0.995,17.3731,0.9233,16.6164,0.8831,15.604,0.8293,14.7882,0.786,13.1953,0.7013,0.0,0.0,0.0,0.0,0.0,0.0,0.0,0.0,0.0,0.0,0.0,0.0,0.0,0.0,0.0,0.0,0.0,0.0,0.0,0.0,0.0,0.0,0.0,0.0,0.0,0.0,0.0,0.0,0.0,0.0,0.0,0.0,0.0,0.0,0.0,0.652,0.6858
128,0.001,3,10,100,32,16,256,184,440338,73,30,BarlowTwinsLossContrastiveLoss,gru,/home/dpetrovitch/dzagcoffee/train_trace/gender/checkpoints_2025-10-08 10:26:11.109161_VicregLoss_gru_catboost/model_128_0.001_3_10_100_256_32_16_256_BarlowTwinsLossContrastiveLoss_gruepoch=17.ckpt,17,30,0.45071217,54.9054,1.6732,0.0005,4.5282,1.303,11.3316,0.5922,1232.963,60.1126,271.0087,13.2129,251.6328,12.2682,240.8058,11.7404,226.2503,11.0307,214.6796,10.4666,191.8161,9.3519,86.6759,4.4734,19.0516,0.9833,17.6895,0.913,16.9284,0.8737,15.9051,0.8209,15.0917,0.7789,13.4845,0.6959,0.0,0.0,0.0,0.0,0.0,0.0,0.0,0.0,0.0,0.0,0.0,0.0,0.0,0.0,0.0,0.0,0.0,0.0,0.0,0.0,0.0,0.0,0.0,0.0,0.0,0.0,0.0,0.0,0.0,0.0,0.0,0.0,0.0,0.0,0.0,0.684,0.7018
128,0.001,3,10,100,32,16,256,184,440338,73,30,BarlowTwinsLossContrastiveLoss,gru,/home/dpetrovitch/dzagcoffee/train_trace/gender/checkpoints_2025-10-08 10:26:11.109161_VicregLoss_gru_catboost/model_128_0.001_3_10_100_256_32_16_256_BarlowTwinsLossContrastiveLoss_gruepoch=18.ckpt,18,30,0.45102343,54.0203,1.6747,0.0005,4.5605,1.2748,12.448,0.618,1227.9536,59.8707,271.8959,13.2567,252.6786,12.3197,241.8578,11.7921,227.2724,11.081,215.5047,10.5072,192.5294,9.3871,83.9796,4.3099,18.5949,0.9543,17.2807,0.8869,16.5406,0.8489,15.5431,0.7977,14.7383,0.7564,13.1671,0.6757,0.0,0.0,0.0,0.0,0.0,0.0,0.0,0.0,0.0,0.0,0.0,0.0,0.0,0.0,0.0,0.0,0.0,0.0,0.0,0.0,0.0,0.0,0.0,0.0,0.0,0.0,0.0,0.0,0.0,0.0,0.0,0.0,0.0,0.0,0.0,0.676,0.6972
128,0.001,3,10,100,32,16,256,184,440338,73,30,BarlowTwinsLossContrastiveLoss,gru,/home/dpetrovitch/dzagcoffee/train_trace/gender/checkpoints_2025-10-08 10:26:11.109161_VicregLoss_gru_catboost/model_128_0.001_3_10_100_256_32_16_256_BarlowTwinsLossContrastiveLoss_gruepoch=19.ckpt,19,30,0.44495273,55.0146,1.6747,0.0005,4.5636,1.2819,11.5314,0.6116,1244.0999,60.7042,272.7187,13.307,253.5315,12.3707,242.6744,11.841,228.2179,11.1356,216.3382,10.5559,194.1836,9.4749,81.9973,4.3304,17.9746,0.9493,16.71,0.8825,15.9944,0.8447,15.0416,0.7944,14.2586,0.753,12.7984,0.6759,0.0,0.0,0.0,0.0,0.0,0.0,0.0,0.0,0.0,0.0,0.0,0.0,0.0,0.0,0.0,0.0,0.0,0.0,0.0,0.0,0.0,0.0,0.0,0.0,0.0,0.0,0.0,0.0,0.0,0.0,0.0,0.0,0.0,0.0,0.0,0.672,0.7051
128,0.001,3,10,100,32,16,256,184,440338,73,30,BarlowTwinsLossContrastiveLoss,gru,/home/dpetrovitch/dzagcoffee/train_trace/gender/checkpoints_2025-10-08 10:26:11.109161_VicregLoss_gru_catboost/model_128_0.001_3_10_100_256_32_16_256_BarlowTwinsLossContrastiveLoss_gruepoch=20.ckpt,20,30,0.4509349,54.851,1.6738,0.0004,4.5643,1.2825,11.7345,0.6106,1246.1172,60.7337,272.9452,13.3029,253.8342,12.3715,243.0369,11.8452,228.87,11.1548,217.3545,10.5935,195.1368,9.5106,82.8834,4.3348,18.1545,0.9495,16.8833,0.883,16.1652,0.8454,15.2229,0.7962,14.457,0.7561,12.9792,0.6788,0.0,0.0,0.0,0.0,0.0,0.0,0.0,0.0,0.0,0.0,0.0,0.0,0.0,0.0,0.0,0.0,0.0,0.0,0.0,0.0,0.0,0.0,0.0,0.0,0.0,0.0,0.0,0.0,0.0,0.0,0.0,0.0,0.0,0.0,0.0,0.66,0.6699
128,0.001,3,10,100,32,16,256,184,440338,73,30,BarlowTwinsLossContrastiveLoss,gru,/home/dpetrovitch/dzagcoffee/train_trace/gender/checkpoints_2025-10-08 10:26:11.109161_VicregLoss_gru_catboost/model_128_0.001_3_10_100_256_32_16_256_BarlowTwinsLossContrastiveLoss_gruepoch=21.ckpt,21,30,0.44751406,56.3477,1.6756,0.0005,4.5465,1.3036,11.695,0.592,1279.3706,62.4279,274.1926,13.3794,255.0276,12.4443,244.4946,11.9303,230.3306,11.2392,218.9956,10.6861,196.8017,9.6031,87.0812,4.4768,18.6631,0.9595,17.3586,0.8924,16.6417,0.8555,15.6776,0.806,14.9061,0.7663,13.3954,0.6887,0.0,0.0,0.0,0.0,0.0,0.0,0.0,0.0,0.0,0.0,0.0,0.0,0.0,0.0,0.0,0.0,0.0,0.0,0.0,0.0,0.0,0.0,0.0,0.0,0.0,0.0,0.0,0.0,0.0,0.0,0.0,0.0,0.0,0.0,0.0,0.688,0.6956
128,0.001,3,10,100,32,16,256,184,440338,73,30,BarlowTwinsLossContrastiveLoss,gru,/home/dpetrovitch/dzagcoffee/train_trace/gender/checkpoints_2025-10-08 10:26:11.109161_VicregLoss_gru_catboost/model_128_0.001_3_10_100_256_32_16_256_BarlowTwinsLossContrastiveLoss_gruepoch=22.ckpt,22,30,0.44937298,54.4746,1.6747,0.0005,4.5757,1.2716,12.1354,0.6202,1268.363,61.8387,273.8024,13.3492,254.8845,12.4268,244.2804,11.9098,230.028,11.2149,217.6935,10.6136,194.8453,9.4996,87.6836,4.4893,18.9283,0.9691,17.6205,0.9021,16.8874,0.8646,15.9021,0.8142,15.0494,0.7705,13.4699,0.6896,0.0,0.0,0.0,0.0,0.0,0.0,0.0,0.0,0.0,0.0,0.0,0.0,0.0,0.0,0.0,0.0,0.0,0.0,0.0,0.0,0.0,0.0,0.0,0.0,0.0,0.0,0.0,0.0,0.0,0.0,0.0,0.0,0.0,0.0,0.0,0.652,0.7
128,0.001,3,10,100,32,16,256,184,440338,73,30,BarlowTwinsLossContrastiveLoss,gru,/home/dpetrovitch/dzagcoffee/train_trace/gender/checkpoints_2025-10-08 10:26:11.109161_VicregLoss_gru_catboost/model_128_0.001_3_10_100_256_32_16_256_BarlowTwinsLossContrastiveLoss_gruepoch=23.ckpt,23,30,0.44575223,53.4842,1.6416,0.0005,4.5521,1.2642,11.9529,0.6267,1250.2969,60.848,273.0085,13.2865,254.0221,12.3624,243.5249,11.8516,229.3487,11.1617,217.2814,10.5744,197.2427,9.5992,83.0777,4.3385,18.1404,0.9473,16.8788,0.8814,16.1813,0.845,15.2394,0.7958,14.4376,0.754,13.1061,0.6844,0.0,0.0,0.0,0.0,0.0,0.0,0.0,0.0,0.0,0.0,0.0,0.0,0.0,0.0,0.0,0.0,0.0,0.0,0.0,0.0,0.0,0.0,0.0,0.0,0.0,0.0,0.0,0.0,0.0,0.0,0.0,0.0,0.0,0.0,0.0,0.684,0.6832
128,0.001,3,10,100,32,16,256,184,440338,73,30,BarlowTwinsLossContrastiveLoss,gru,/home/dpetrovitch/dzagcoffee/train_trace/gender/checkpoints_2025-10-08 10:26:11.109161_VicregLoss_gru_catboost/model_128_0.001_3_10_100_256_32_16_256_BarlowTwinsLossContrastiveLoss_gruepoch=24.ckpt,24,30,0.4496442,55.4202,1.6756,0.0004,4.5683,1.2804,11.521,0.6124,1284.3301,62.6726,274.2241,13.3815,255.5287,12.4693,244.8859,11.9499,230.7818,11.2617,219.0642,10.6899,196.0274,9.5657,85.1428,4.417,18.1793,0.9431,16.9399,0.8788,16.2344,0.8422,15.2993,0.7937,14.5225,0.7534,12.9953,0.6742,0.0,0.0,0.0,0.0,0.0,0.0,0.0,0.0,0.0,0.0,0.0,0.0,0.0,0.0,0.0,0.0,0.0,0.0,0.0,0.0,0.0,0.0,0.0,0.0,0.0,0.0,0.0,0.0,0.0,0.0,0.0,0.0,0.0,0.0,0.0,0.676,0.6935
128,0.001,3,10,100,32,16,256,184,440338,73,30,BarlowTwinsLossContrastiveLoss,gru,/home/dpetrovitch/dzagcoffee/train_trace/gender/checkpoints_2025-10-08 10:26:11.109161_VicregLoss_gru_catboost/model_128_0.001_3_10_100_256_32_16_256_BarlowTwinsLossContrastiveLoss_gruepoch=25.ckpt,25,30,0.44807085,55.5876,1.6737,0.0004,4.5659,1.282,12.3536,0.6102,1283.297,62.5365,274.7811,13.3904,256.1765,12.4838,245.7424,11.9753,231.5675,11.2845,219.7013,10.7063,197.1743,9.6085,88.0274,4.4542,18.8485,0.9537,17.5724,0.8892,16.8566,0.853,15.8843,0.8038,15.0703,0.7626,13.5251,0.6844,0.0,0.0,0.0,0.0,0.0,0.0,0.0,0.0,0.0,0.0,0.0,0.0,0.0,0.0,0.0,0.0,0.0,0.0,0.0,0.0,0.0,0.0,0.0,0.0,0.0,0.0,0.0,0.0,0.0,0.0,0.0,0.0,0.0,0.0,0.0,0.652,0.6824
128,0.001,3,10,100,32,16,256,184,440338,73,30,BarlowTwinsLossContrastiveLoss,gru,/home/dpetrovitch/dzagcoffee/train_trace/gender/checkpoints_2025-10-08 10:26:11.109161_VicregLoss_gru_catboost/model_128_0.001_3_10_100_256_32_16_256_BarlowTwinsLossContrastiveLoss_gruepoch=26.ckpt,26,30,0.44660318,55.3324,1.6747,0.0004,4.5682,1.2721,11.7588,0.6204,1287.1821,62.7525,275.4733,13.4298,256.6824,12.5137,246.1041,11.998,231.9018,11.3056,220.3781,10.7438,197.1593,9.6119,87.5853,4.4686,18.7444,0.9563,17.4658,0.8911,16.746,0.8544,15.7796,0.8051,14.9955,0.7651,13.4155,0.6845,0.0,0.0,0.0,0.0,0.0,0.0,0.0,0.0,0.0,0.0,0.0,0.0,0.0,0.0,0.0,0.0,0.0,0.0,0.0,0.0,0.0,0.0,0.0,0.0,0.0,0.0,0.0,0.0,0.0,0.0,0.0,0.0,0.0,0.0,0.0,0.676,0.7043
128,0.001,3,10,100,32,16,256,184,440338,73,30,BarlowTwinsLossContrastiveLoss,gru,/home/dpetrovitch/dzagcoffee/train_trace/gender/checkpoints_2025-10-08 10:26:11.109161_VicregLoss_gru_catboost/model_128_0.001_3_10_100_256_32_16_256_BarlowTwinsLossContrastiveLoss_gruepoch=27.ckpt,27,30,0.44923592,56.032,1.6693,0.0005,4.5578,1.2865,12.1683,0.606,1300.8671,63.3309,276.0683,13.44,257.2976,12.5262,246.8753,12.0188,233.1534,11.3508,221.7058,10.7934,199.0624,9.6911,89.673,4.5469,19.0303,0.9649,17.7364,0.8993,17.0179,0.8629,16.072,0.8149,15.2829,0.7749,13.722,0.6958,0.0,0.0,0.0,0.0,0.0,0.0,0.0,0.0,0.0,0.0,0.0,0.0,0.0,0.0,0.0,0.0,0.0,0.0,0.0,0.0,0.0,0.0,0.0,0.0,0.0,0.0,0.0,0.0,0.0,0.0,0.0,0.0,0.0,0.0,0.0,0.648,0.7027
128,0.001,3,10,100,32,16,256,184,440338,73,30,BarlowTwinsLossContrastiveLoss,gru,/home/dpetrovitch/dzagcoffee/train_trace/gender/checkpoints_2025-10-08 10:26:11.109161_VicregLoss_gru_catboost/model_128_0.001_3_10_100_256_32_16_256_BarlowTwinsLossContrastiveLoss_gruepoch=28.ckpt,28,30,0.45397028,56.8174,1.674,0.0005,4.5628,1.2915,12.3978,0.6016,1307.281,63.7038,276.126,13.4556,257.4376,12.5449,247.0883,12.0406,233.0208,11.3551,221.6772,10.8023,199.7679,9.7347,89.8192,4.624,18.9717,0.9767,17.6877,0.9106,16.9767,0.874,16.0101,0.8242,15.2307,0.7841,13.7254,0.7066,0.0,0.0,0.0,0.0,0.0,0.0,0.0,0.0,0.0,0.0,0.0,0.0,0.0,0.0,0.0,0.0,0.0,0.0,0.0,0.0,0.0,0.0,0.0,0.0,0.0,0.0,0.0,0.0,0.0,0.0,0.0,0.0,0.0,0.0,0.0,0.684,0.7147
128,0.001,3,10,100,32,16,256,184,440338,73,30,BarlowTwinsLossContrastiveLoss,gru,/home/dpetrovitch/dzagcoffee/train_trace/gender/checkpoints_2025-10-08 10:26:11.109161_VicregLoss_gru_catboost/model_128_0.001_3_10_100_256_32_16_256_BarlowTwinsLossContrastiveLoss_gruepoch=29.ckpt,29,30,0.4468259,55.9048,1.673,0.0004,4.5657,1.2747,12.4869,0.6166,1304.0028,63.5028,276.004,13.4409,257.3245,12.5313,247.0486,12.0309,233.0123,11.3473,221.4017,10.7819,199.1248,9.6971,90.5886,4.5469,19.1739,0.9624,17.8762,0.8973,17.1624,0.8614,16.1873,0.8125,15.3807,0.772,13.8331,0.6943,0.0,0.0,0.0,0.0,0.0,0.0,0.0,0.0,0.0,0.0,0.0,0.0,0.0,0.0,0.0,0.0,0.0,0.0,0.0,0.0,0.0,0.0,0.0,0.0,0.0,0.0,0.0,0.0,0.0,0.0,0.0,0.0,0.0,0.0,0.0,0.68,0.7137
128,0.001,3,10,100,32,16,256,184,440338,73,30,VicregLoss,gru,/home/dpetrovitch/dzagcoffee/train_trace/gender/checkpoints_2025-10-08 10:26:11.109161_VicregLoss_gru_catboost/model_128_0.001_3_10_100_256_32_16_256_VicregLoss_gruepoch=00.ckpt,0,30,0.056850504,28.377,1.6625,0.0003,4.1924,1.2623,1.2773,0.5841,601.293,30.7281,55.9714,2.8603,39.9971,2.044,35.8022,1.8296,32.3467,1.653,30.5529,1.5614,28.6007,1.4616,27.3103,4.3485,2.5422,0.4048,1.8166,0.2893,1.6261,0.2589,1.4692,0.2339,1.3877,0.221,1.299,0.2068,0.0,0.0,0.0,0.0,0.0,0.0,0.0,0.0,0.0,0.0,0.0,0.0,0.0,0.0,0.0,0.0,0.0,0.0,0.0,0.0,0.0,0.0,0.0,0.0,0.0,0.0,0.0,0.0,0.0,0.0,0.0,0.0,0.0,0.0,0.0,0.56,0.4879
128,0.001,3,10,100,32,16,256,184,440338,73,30,VicregLoss,gru,/home/dpetrovitch/dzagcoffee/train_trace/gender/checkpoints_2025-10-08 10:26:11.109161_VicregLoss_gru_catboost/model_128_0.001_3_10_100_256_32_16_256_VicregLoss_gruepoch=01.ckpt,1,30,0.05373664,31.4442,1.6618,0.0005,3.9723,1.6901,1.6915,0.4736,635.7459,31.8842,55.1022,2.7635,43.3804,2.1756,39.6383,1.988,36.4081,1.826,34.4852,1.7295,32.0743,1.6086,27.9563,4.1647,2.4231,0.361,1.9076,0.2842,1.7431,0.2597,1.601,0.2385,1.5165,0.2259,1.4104,0.2101,0.0,0.0,0.0,0.0,0.0,0.0,0.0,0.0,0.0,0.0,0.0,0.0,0.0,0.0,0.0,0.0,0.0,0.0,0.0,0.0,0.0,0.0,0.0,0.0,0.0,0.0,0.0,0.0,0.0,0.0,0.0,0.0,0.0,0.0,0.0,0.548,0.506
128,0.001,3,10,100,32,16,256,184,440338,73,30,VicregLoss,gru,/home/dpetrovitch/dzagcoffee/train_trace/gender/checkpoints_2025-10-08 10:26:11.109161_VicregLoss_gru_catboost/model_128_0.001_3_10_100_256_32_16_256_VicregLoss_gruepoch=02.ckpt,2,30,0.055235744,28.7361,1.6573,0.0004,3.9533,1.4298,1.4267,0.5271,620.3211,31.5216,49.946,2.538,37.5239,1.9068,34.2919,1.7425,31.7025,1.611,30.3985,1.5447,28.9163,1.4694,28.6666,4.8889,2.3081,0.3936,1.7341,0.2957,1.5847,0.2703,1.465,0.2499,1.4048,0.2396,1.3363,0.2279,0.0,0.0,0.0,0.0,0.0,0.0,0.0,0.0,0.0,0.0,0.0,0.0,0.0,0.0,0.0,0.0,0.0,0.0,0.0,0.0,0.0,0.0,0.0,0.0,0.0,0.0,0.0,0.0,0.0,0.0,0.0,0.0,0.0,0.0,0.0,0.552,0.5089
128,0.001,3,10,100,32,16,256,184,440338,73,30,VicregLoss,gru,/home/dpetrovitch/dzagcoffee/train_trace/gender/checkpoints_2025-10-08 10:26:11.109161_VicregLoss_gru_catboost/model_128_0.001_3_10_100_256_32_16_256_VicregLoss_gruepoch=03.ckpt,3,30,0.052880004,30.8042,1.6623,0.0005,3.8838,1.7264,1.7285,0.4684,636.1858,32.1458,52.2752,2.6414,41.4377,2.0938,37.925,1.9163,34.8765,1.7623,33.2408,1.6796,31.4034,1.5868,29.759,4.9872,2.4453,0.4098,1.9383,0.3248,1.774,0.2973,1.6314,0.2734,1.5549,0.2606,1.469,0.2462,0.0,0.0,0.0,0.0,0.0,0.0,0.0,0.0,0.0,0.0,0.0,0.0,0.0,0.0,0.0,0.0,0.0,0.0,0.0,0.0,0.0,0.0,0.0,0.0,0.0,0.0,0.0,0.0,0.0,0.0,0.0,0.0,0.0,0.0,0.0,0.528,0.5216
128,0.001,3,10,100,32,16,256,184,440338,73,30,VicregLoss,gru,/home/dpetrovitch/dzagcoffee/train_trace/gender/checkpoints_2025-10-08 10:26:11.109161_VicregLoss_gru_catboost/model_128_0.001_3_10_100_256_32_16_256_VicregLoss_gruepoch=04.ckpt,4,30,0.052721526,25.8318,1.657,0.0004,3.8748,1.6719,1.6823,0.4844,570.5874,29.0889,44.5479,2.2711,34.466,1.7571,31.4625,1.604,29.0532,1.4811,27.7677,1.4156,26.2166,1.3365,25.0873,5.765,1.9587,0.4501,1.5154,0.3482,1.3833,0.3179,1.2774,0.2935,1.2209,0.2806,1.1527,0.2649,0.0,0.0,0.0,0.0,0.0,0.0,0.0,0.0,0.0,0.0,0.0,0.0,0.0,0.0,0.0,0.0,0.0,0.0,0.0,0.0,0.0,0.0,0.0,0.0,0.0,0.0,0.0,0.0,0.0,0.0,0.0,0.0,0.0,0.0,0.0,0.5,0.4868
128,0.001,3,10,100,32,16,256,184,440338,73,30,VicregLoss,gru,/home/dpetrovitch/dzagcoffee/train_trace/gender/checkpoints_2025-10-08 10:26:11.109161_VicregLoss_gru_catboost/model_128_0.001_3_10_100_256_32_16_256_VicregLoss_gruepoch=05.ckpt,5,30,0.05096971,27.8374,1.6629,0.0005,3.8563,1.7459,1.7258,0.4783,591.2552,30.093,47.4047,2.4127,36.9488,1.8806,33.7856,1.7196,31.1993,1.5879,29.9187,1.5228,28.3713,1.444,25.0918,4.5091,2.0118,0.3615,1.568,0.2818,1.4338,0.2577,1.324,0.2379,1.2697,0.2282,1.204,0.2164,0.0,0.0,0.0,0.0,0.0,0.0,0.0,0.0,0.0,0.0,0.0,0.0,0.0,0.0,0.0,0.0,0.0,0.0,0.0,0.0,0.0,0.0,0.0,0.0,0.0,0.0,0.0,0.0,0.0,0.0,0.0,0.0,0.0,0.0,0.0,0.524,0.4649
128,0.001,3,10,100,32,16,256,184,440338,73,30,VicregLoss,gru,/home/dpetrovitch/dzagcoffee/train_trace/gender/checkpoints_2025-10-08 10:26:11.109161_VicregLoss_gru_catboost/model_128_0.001_3_10_100_256_32_16_256_VicregLoss_gruepoch=06.ckpt,6,30,0.051860612,26.1806,1.6605,0.0005,3.8412,1.9332,1.9485,0.4711,563.7212,28.9033,44.8878,2.3015,35.0405,1.7966,32.1563,1.6487,29.7443,1.5251,28.4902,1.4608,27.0008,1.3844,25.9914,5.1667,2.0696,0.4114,1.6156,0.3212,1.4826,0.2947,1.3714,0.2726,1.3136,0.2611,1.2449,0.2475,0.0,0.0,0.0,0.0,0.0,0.0,0.0,0.0,0.0,0.0,0.0,0.0,0.0,0.0,0.0,0.0,0.0,0.0,0.0,0.0,0.0,0.0,0.0,0.0,0.0,0.0,0.0,0.0,0.0,0.0,0.0,0.0,0.0,0.0,0.0,0.56,0.5126
128,0.001,3,10,100,32,16,256,184,440338,73,30,VicregLoss,gru,/home/dpetrovitch/dzagcoffee/train_trace/gender/checkpoints_2025-10-08 10:26:11.109161_VicregLoss_gru_catboost/model_128_0.001_3_10_100_256_32_16_256_VicregLoss_gruepoch=07.ckpt,7,30,0.05469178,24.8366,1.6463,0.0004,3.8365,1.7832,1.7814,0.4771,551.8116,28.3002,40.8724,2.0962,32.6265,1.6733,30.3335,1.5557,28.4122,1.4571,27.3008,1.4001,25.8963,1.3281,26.5063,4.796,1.9633,0.3552,1.5672,0.2836,1.4571,0.2636,1.3648,0.2469,1.3114,0.2373,1.2439,0.2251,0.0,0.0,0.0,0.0,0.0,0.0,0.0,0.0,0.0,0.0,0.0,0.0,0.0,0.0,0.0,0.0,0.0,0.0,0.0,0.0,0.0,0.0,0.0,0.0,0.0,0.0,0.0,0.0,0.0,0.0,0.0,0.0,0.0,0.0,0.0,0.592,0.572
128,0.001,3,10,100,32,16,256,184,440338,73,30,VicregLoss,gru,/home/dpetrovitch/dzagcoffee/train_trace/gender/checkpoints_2025-10-08 10:26:11.109161_VicregLoss_gru_catboost/model_128_0.001_3_10_100_256_32_16_256_VicregLoss_gruepoch=08.ckpt,8,30,0.05460612,25.0385,1.6587,0.0005,3.8267,1.8448,1.8463,0.4757,554.8784,28.5748,42.2828,2.1775,33.4577,1.723,30.905,1.5915,28.6895,1.4774,27.6151,1.4221,26.3245,1.3556,26.2804,5.0627,2.0026,0.3858,1.5846,0.3053,1.4637,0.282,1.3588,0.2618,1.3079,0.252,1.2468,0.2402,0.0,0.0,0.0,0.0,0.0,0.0,0.0,0.0,0.0,0.0,0.0,0.0,0.0,0.0,0.0,0.0,0.0,0.0,0.0,0.0,0.0,0.0,0.0,0.0,0.0,0.0,0.0,0.0,0.0,0.0,0.0,0.0,0.0,0.0,0.0,0.524,0.4896
128,0.001,3,10,100,32,16,256,184,440338,73,30,VicregLoss,gru,/home/dpetrovitch/dzagcoffee/train_trace/gender/checkpoints_2025-10-08 10:26:11.109161_VicregLoss_gru_catboost/model_128_0.001_3_10_100_256_32_16_256_VicregLoss_gruepoch=09.ckpt,9,30,0.057008978,24.5038,1.6498,0.0004,3.7994,1.8045,1.8052,0.4751,540.0138,27.5987,42.0097,2.147,33.1794,1.6957,30.5277,1.5602,28.2402,1.4433,27.0472,1.3823,25.6307,1.3099,26.5326,5.0921,2.0641,0.3961,1.6302,0.3129,1.4999,0.2879,1.3875,0.2663,1.3289,0.255,1.2593,0.2417,0.0,0.0,0.0,0.0,0.0,0.0,0.0,0.0,0.0,0.0,0.0,0.0,0.0,0.0,0.0,0.0,0.0,0.0,0.0,0.0,0.0,0.0,0.0,0.0,0.0,0.0,0.0,0.0,0.0,0.0,0.0,0.0,0.0,0.0,0.0,0.532,0.4742
128,0.001,3,10,100,32,16,256,184,440338,73,30,VicregLoss,gru,/home/dpetrovitch/dzagcoffee/train_trace/gender/checkpoints_2025-10-08 10:26:11.109161_VicregLoss_gru_catboost/model_128_0.001_3_10_100_256_32_16_256_VicregLoss_gruepoch=10.ckpt,10,30,0.054747462,22.3628,1.6527,0.0004,3.8181,1.8967,1.8885,0.4742,508.426,26.1287,37.6268,1.9337,29.6159,1.522,27.3116,1.4036,25.5198,1.3115,24.6152,1.265,23.5172,1.2086,23.4323,4.854,1.7341,0.3592,1.3649,0.2827,1.2587,0.2607,1.1762,0.2436,1.1345,0.235,1.0839,0.2245,0.0,0.0,0.0,0.0,0.0,0.0,0.0,0.0,0.0,0.0,0.0,0.0,0.0,0.0,0.0,0.0,0.0,0.0,0.0,0.0,0.0,0.0,0.0,0.0,0.0,0.0,0.0,0.0,0.0,0.0,0.0,0.0,0.0,0.0,0.0,0.488,0.4687
128,0.001,3,10,100,32,16,256,184,440338,73,30,VicregLoss,gru,/home/dpetrovitch/dzagcoffee/train_trace/gender/checkpoints_2025-10-08 10:26:11.109161_VicregLoss_gru_catboost/model_128_0.001_3_10_100_256_32_16_256_VicregLoss_gruepoch=11.ckpt,11,30,0.054631818,22.5274,1.6675,0.0004,3.854,1.7575,1.7607,0.4828,493.0488,25.3941,38.6815,1.9923,30.377,1.5645,27.9457,1.4393,25.9785,1.338,24.8956,1.2822,23.5641,1.2136,23.8911,5.0774,1.8743,0.3983,1.4719,0.3128,1.3541,0.2878,1.2588,0.2675,1.2063,0.2564,1.1418,0.2427,0.0,0.0,0.0,0.0,0.0,0.0,0.0,0.0,0.0,0.0,0.0,0.0,0.0,0.0,0.0,0.0,0.0,0.0,0.0,0.0,0.0,0.0,0.0,0.0,0.0,0.0,0.0,0.0,0.0,0.0,0.0,0.0,0.0,0.0,0.0,0.536,0.5309
128,0.001,3,10,100,32,16,256,184,440338,73,30,VicregLoss,gru,/home/dpetrovitch/dzagcoffee/train_trace/gender/checkpoints_2025-10-08 10:26:11.109161_VicregLoss_gru_catboost/model_128_0.001_3_10_100_256_32_16_256_VicregLoss_gruepoch=12.ckpt,12,30,0.05901778,22.0794,1.6655,0.0004,3.83,1.8321,1.8309,0.4783,490.3172,25.4525,37.1692,1.9295,29.4813,1.5304,27.2898,1.4166,25.4714,1.3222,24.5092,1.2723,23.3032,1.2097,24.5918,5.69,1.8642,0.4313,1.4786,0.3421,1.3687,0.3167,1.2775,0.2956,1.2293,0.2844,1.1688,0.2704,0.0,0.0,0.0,0.0,0.0,0.0,0.0,0.0,0.0,0.0,0.0,0.0,0.0,0.0,0.0,0.0,0.0,0.0,0.0,0.0,0.0,0.0,0.0,0.0,0.0,0.0,0.0,0.0,0.0,0.0,0.0,0.0,0.0,0.0,0.0,0.516,0.4914
128,0.001,3,10,100,32,16,256,184,440338,73,30,VicregLoss,gru,/home/dpetrovitch/dzagcoffee/train_trace/gender/checkpoints_2025-10-08 10:26:11.109161_VicregLoss_gru_catboost/model_128_0.001_3_10_100_256_32_16_256_VicregLoss_gruepoch=13.ckpt,13,30,0.05584824,21.8698,1.6673,0.0004,3.8456,1.9136,1.9129,0.4763,476.6348,24.4919,37.3423,1.9188,29.753,1.5289,27.5084,1.4135,25.5609,1.3134,24.5144,1.2597,23.2696,1.1957,21.2111,5.429,1.6618,0.4253,1.3241,0.3389,1.2242,0.3133,1.1375,0.2911,1.0909,0.2792,1.0355,0.265,0.0,0.0,0.0,0.0,0.0,0.0,0.0,0.0,0.0,0.0,0.0,0.0,0.0,0.0,0.0,0.0,0.0,0.0,0.0,0.0,0.0,0.0,0.0,0.0,0.0,0.0,0.0,0.0,0.0,0.0,0.0,0.0,0.0,0.0,0.0,0.544,0.5176
128,0.001,3,10,100,32,16,256,184,440338,73,30,VicregLoss,gru,/home/dpetrovitch/dzagcoffee/train_trace/gender/checkpoints_2025-10-08 10:26:11.109161_VicregLoss_gru_catboost/model_128_0.001_3_10_100_256_32_16_256_VicregLoss_gruepoch=14.ckpt,14,30,0.057591487,20.4716,1.6626,0.0003,3.8636,1.6214,1.6206,0.5003,463.8225,24.4047,33.7576,1.7762,26.9673,1.4189,24.9252,1.3115,23.3102,1.2265,22.447,1.1811,21.4487,1.1286,21.529,6.1137,1.5669,0.445,1.2517,0.3555,1.1569,0.3285,1.082,0.3073,1.0419,0.2959,0.9956,0.2827,0.0,0.0,0.0,0.0,0.0,0.0,0.0,0.0,0.0,0.0,0.0,0.0,0.0,0.0,0.0,0.0,0.0,0.0,0.0,0.0,0.0,0.0,0.0,0.0,0.0,0.0,0.0,0.0,0.0,0.0,0.0,0.0,0.0,0.0,0.0,0.516,0.4751
128,0.001,3,10,100,32,16,256,184,440338,73,30,VicregLoss,gru,/home/dpetrovitch/dzagcoffee/train_trace/gender/checkpoints_2025-10-08 10:26:11.109161_VicregLoss_gru_catboost/model_128_0.001_3_10_100_256_32_16_256_VicregLoss_gruepoch=15.ckpt,15,30,0.05763432,21.7766,1.6625,0.0004,3.8488,1.8852,1.8902,0.4762,485.868,24.9726,38.3586,1.9715,30.2984,1.5573,27.8495,1.4314,25.8105,1.3266,24.7646,1.2728,23.5236,1.2091,22.0321,4.1563,1.7394,0.3281,1.3739,0.2592,1.2629,0.2382,1.1704,0.2208,1.123,0.2118,1.0667,0.2012,0.0,0.0,0.0,0.0,0.0,0.0,0.0,0.0,0.0,0.0,0.0,0.0,0.0,0.0,0.0,0.0,0.0,0.0,0.0,0.0,0.0,0.0,0.0,0.0,0.0,0.0,0.0,0.0,0.0,0.0,0.0,0.0,0.0,0.0,0.0,0.536,0.5272
128,0.001,3,10,100,32,16,256,184,440338,73,30,VicregLoss,gru,/home/dpetrovitch/dzagcoffee/train_trace/gender/checkpoints_2025-10-08 10:26:11.109161_VicregLoss_gru_catboost/model_128_0.001_3_10_100_256_32_16_256_VicregLoss_gruepoch=16.ckpt,16,30,0.0542035,20.369,1.663,0.0004,3.8512,1.855,1.8543,0.479,463.563,24.164,34.5194,1.7994,27.295,1.4228,25.3699,1.3224,23.7631,1.2387,22.9232,1.1949,21.9193,1.1426,23.9649,6.3712,1.7846,0.4744,1.4111,0.3751,1.3115,0.3487,1.2285,0.3266,1.1851,0.3151,1.1332,0.3013,0.0,0.0,0.0,0.0,0.0,0.0,0.0,0.0,0.0,0.0,0.0,0.0,0.0,0.0,0.0,0.0,0.0,0.0,0.0,0.0,0.0,0.0,0.0,0.0,0.0,0.0,0.0,0.0,0.0,0.0,0.0,0.0,0.0,0.0,0.0,0.508,0.478
128,0.001,3,10,100,32,16,256,184,440338,73,30,VicregLoss,gru,/home/dpetrovitch/dzagcoffee/train_trace/gender/checkpoints_2025-10-08 10:26:11.109161_VicregLoss_gru_catboost/model_128_0.001_3_10_100_256_32_16_256_VicregLoss_gruepoch=17.ckpt,17,30,0.055586964,21.4078,1.6648,0.0004,3.8404,1.8213,1.8205,0.4786,474.9526,24.4963,37.5039,1.9343,29.5487,1.524,27.2464,1.4053,25.2842,1.3041,24.287,1.2526,23.0031,1.1864,25.2217,5.8105,1.9916,0.4588,1.5691,0.3615,1.4469,0.3333,1.3427,0.3093,1.2897,0.2971,1.2215,0.2814,0.0,0.0,0.0,0.0,0.0,0.0,0.0,0.0,0.0,0.0,0.0,0.0,0.0,0.0,0.0,0.0,0.0,0.0,0.0,0.0,0.0,0.0,0.0,0.0,0.0,0.0,0.0,0.0,0.0,0.0,0.0,0.0,0.0,0.0,0.0,0.536,0.4872
128,0.001,3,10,100,32,16,256,184,440338,73,30,VicregLoss,gru,/home/dpetrovitch/dzagcoffee/train_trace/gender/checkpoints_2025-10-08 10:26:11.109161_VicregLoss_gru_catboost/model_128_0.001_3_10_100_256_32_16_256_VicregLoss_gruepoch=18.ckpt,18,30,0.054529022,20.8466,1.6734,0.0004,3.8755,1.7485,1.7469,0.4844,456.649,23.5993,36.0724,1.8642,28.3889,1.4671,26.1312,1.3504,24.2197,1.2517,23.2247,1.2002,22.0456,1.1393,22.7598,5.9965,1.7979,0.4737,1.4149,0.3728,1.3024,0.3431,1.2071,0.318,1.1575,0.305,1.0988,0.2895,0.0,0.0,0.0,0.0,0.0,0.0,0.0,0.0,0.0,0.0,0.0,0.0,0.0,0.0,0.0,0.0,0.0,0.0,0.0,0.0,0.0,0.0,0.0,0.0,0.0,0.0,0.0,0.0,0.0,0.0,0.0,0.0,0.0,0.0,0.0,0.496,0.4757
128,0.001,3,10,100,32,16,256,184,440338,73,30,VicregLoss,gru,/home/dpetrovitch/dzagcoffee/train_trace/gender/checkpoints_2025-10-08 10:26:11.109161_VicregLoss_gru_catboost/model_128_0.001_3_10_100_256_32_16_256_VicregLoss_gruepoch=19.ckpt,19,30,0.05661921,20.9237,1.6647,0.0004,3.8741,1.8154,1.8124,0.481,459.356,23.6335,37.7754,1.9435,29.8363,1.5351,27.4396,1.4117,25.3069,1.302,24.1897,1.2445,22.8414,1.1752,22.4026,4.785,1.8423,0.3935,1.4551,0.3108,1.3382,0.2858,1.2342,0.2636,1.1797,0.252,1.114,0.2379,0.0,0.0,0.0,0.0,0.0,0.0,0.0,0.0,0.0,0.0,0.0,0.0,0.0,0.0,0.0,0.0,0.0,0.0,0.0,0.0,0.0,0.0,0.0,0.0,0.0,0.0,0.0,0.0,0.0,0.0,0.0,0.0,0.0,0.0,0.0,0.52,0.4616
128,0.001,3,10,100,32,16,256,184,440338,73,30,VicregLoss,gru,/home/dpetrovitch/dzagcoffee/train_trace/gender/checkpoints_2025-10-08 10:26:11.109161_VicregLoss_gru_catboost/model_128_0.001_3_10_100_256_32_16_256_VicregLoss_gruepoch=20.ckpt,20,30,0.0594461,19.8995,1.6683,0.0004,3.8758,1.839,1.8391,0.4798,443.0192,22.99,35.5169,1.8431,28.0144,1.4538,25.7229,1.3349,23.8183,1.236,22.8245,1.1845,21.6144,1.1217,23.302,5.7506,1.8681,0.461,1.4735,0.3636,1.353,0.3339,1.2528,0.3092,1.2005,0.2963,1.1369,0.2806,0.0,0.0,0.0,0.0,0.0,0.0,0.0,0.0,0.0,0.0,0.0,0.0,0.0,0.0,0.0,0.0,0.0,0.0,0.0,0.0,0.0,0.0,0.0,0.0,0.0,0.0,0.0,0.0,0.0,0.0,0.0,0.0,0.0,0.0,0.0,0.508,0.4774
128,0.001,3,10,100,32,16,256,184,440338,73,30,VicregLoss,gru,/home/dpetrovitch/dzagcoffee/train_trace/gender/checkpoints_2025-10-08 10:26:11.109161_VicregLoss_gru_catboost/model_128_0.001_3_10_100_256_32_16_256_VicregLoss_gruepoch=21.ckpt,21,30,0.05619946,19.3426,1.6524,0.0004,3.8776,1.7966,1.8117,0.4831,432.8956,22.3089,35.8577,1.8479,28.3498,1.461,25.9295,1.3363,23.8863,1.231,22.8395,1.177,21.5506,1.1106,19.433,4.0013,1.6097,0.3314,1.2726,0.262,1.164,0.2397,1.0723,0.2208,1.0253,0.2111,0.9674,0.1992,0.0,0.0,0.0,0.0,0.0,0.0,0.0,0.0,0.0,0.0,0.0,0.0,0.0,0.0,0.0,0.0,0.0,0.0,0.0,0.0,0.0,0.0,0.0,0.0,0.0,0.0,0.0,0.0,0.0,0.0,0.0,0.0,0.0,0.0,0.0,0.516,0.4751
128,0.001,3,10,100,32,16,256,184,440338,73,30,VicregLoss,gru,/home/dpetrovitch/dzagcoffee/train_trace/gender/checkpoints_2025-10-08 10:26:11.109161_VicregLoss_gru_catboost/model_128_0.001_3_10_100_256_32_16_256_VicregLoss_gruepoch=22.ckpt,22,30,0.052982796,19.3127,1.6671,0.0004,3.8824,1.8906,1.879,0.4789,434.3662,22.5487,34.9659,1.8151,27.7443,1.4403,25.5007,1.3238,23.5533,1.2227,22.5389,1.17,21.3095,1.1062,19.8444,4.0891,1.5974,0.3292,1.2675,0.2612,1.165,0.2401,1.0761,0.2217,1.0297,0.2122,0.9735,0.2006,0.0,0.0,0.0,0.0,0.0,0.0,0.0,0.0,0.0,0.0,0.0,0.0,0.0,0.0,0.0,0.0,0.0,0.0,0.0,0.0,0.0,0.0,0.0,0.0,0.0,0.0,0.0,0.0,0.0,0.0,0.0,0.0,0.0,0.0,0.0,0.548,0.5002
128,0.001,3,10,100,32,16,256,184,440338,73,30,VicregLoss,gru,/home/dpetrovitch/dzagcoffee/train_trace/gender/checkpoints_2025-10-08 10:26:11.109161_VicregLoss_gru_catboost/model_128_0.001_3_10_100_256_32_16_256_VicregLoss_gruepoch=23.ckpt,23,30,0.05837531,19.4832,1.6696,0.0003,3.896,1.7982,1.8039,0.4843,430.1365,22.3195,36.2127,1.8791,28.3741,1.4723,25.8999,1.3439,23.8174,1.2359,22.7304,1.1795,21.4511,1.1131,23.8804,4.9324,2.0105,0.4153,1.5753,0.3254,1.4379,0.297,1.3223,0.2731,1.262,0.2606,1.1909,0.246,0.0,0.0,0.0,0.0,0.0,0.0,0.0,0.0,0.0,0.0,0.0,0.0,0.0,0.0,0.0,0.0,0.0,0.0,0.0,0.0,0.0,0.0,0.0,0.0,0.0,0.0,0.0,0.0,0.0,0.0,0.0,0.0,0.0,0.0,0.0,0.492,0.4464
128,0.001,3,10,100,32,16,256,184,440338,73,30,VicregLoss,gru,/home/dpetrovitch/dzagcoffee/train_trace/gender/checkpoints_2025-10-08 10:26:11.109161_VicregLoss_gru_catboost/model_128_0.001_3_10_100_256_32_16_256_VicregLoss_gruepoch=24.ckpt,24,30,0.05725312,18.6695,1.6683,0.0003,3.8783,1.8945,1.8904,0.4796,421.8346,22.0281,33.9082,1.7707,26.9447,1.407,24.7172,1.2907,22.8219,1.1918,21.8623,1.1416,20.6939,1.0806,18.7327,3.5453,1.5058,0.285,1.1966,0.2265,1.0976,0.2077,1.0135,0.1918,0.9709,0.1837,0.919,0.1739,0.0,0.0,0.0,0.0,0.0,0.0,0.0,0.0,0.0,0.0,0.0,0.0,0.0,0.0,0.0,0.0,0.0,0.0,0.0,0.0,0.0,0.0,0.0,0.0,0.0,0.0,0.0,0.0,0.0,0.0,0.0,0.0,0.0,0.0,0.0,0.516,0.4498
128,0.001,3,10,100,32,16,256,184,440338,73,30,VicregLoss,gru,/home/dpetrovitch/dzagcoffee/train_trace/gender/checkpoints_2025-10-08 10:26:11.109161_VicregLoss_gru_catboost/model_128_0.001_3_10_100_256_32_16_256_VicregLoss_gruepoch=25.ckpt,25,30,0.059707373,18.1728,1.6436,0.0003,3.8683,1.6566,1.6585,0.4974,409.0036,21.1001,34.0144,1.7548,26.7724,1.3812,24.5766,1.2679,22.7627,1.1743,21.748,1.122,20.4884,1.057,19.1735,5.0946,1.5945,0.4237,1.2551,0.3335,1.1521,0.3061,1.0671,0.2835,1.0195,0.2709,0.9605,0.2552,0.0,0.0,0.0,0.0,0.0,0.0,0.0,0.0,0.0,0.0,0.0,0.0,0.0,0.0,0.0,0.0,0.0,0.0,0.0,0.0,0.0,0.0,0.0,0.0,0.0,0.0,0.0,0.0,0.0,0.0,0.0,0.0,0.0,0.0,0.0,0.496,0.4966
128,0.001,3,10,100,32,16,256,184,440338,73,30,VicregLoss,gru,/home/dpetrovitch/dzagcoffee/train_trace/gender/checkpoints_2025-10-08 10:26:11.109161_VicregLoss_gru_catboost/model_128_0.001_3_10_100_256_32_16_256_VicregLoss_gruepoch=26.ckpt,26,30,0.05546704,18.9411,1.6628,0.0003,3.8686,1.7739,1.7737,0.4829,417.1792,21.361,35.3176,1.8084,27.8268,1.4248,25.4778,1.3045,23.5247,1.2045,22.4798,1.151,21.1614,1.0835,22.5019,4.79,1.905,0.4055,1.5009,0.3195,1.3742,0.2925,1.2689,0.2701,1.2125,0.2581,1.1414,0.243,0.0,0.0,0.0,0.0,0.0,0.0,0.0,0.0,0.0,0.0,0.0,0.0,0.0,0.0,0.0,0.0,0.0,0.0,0.0,0.0,0.0,0.0,0.0,0.0,0.0,0.0,0.0,0.0,0.0,0.0,0.0,0.0,0.0,0.0,0.0,0.552,0.5127
128,0.001,3,10,100,32,16,256,184,440338,73,30,VicregLoss,gru,/home/dpetrovitch/dzagcoffee/train_trace/gender/checkpoints_2025-10-08 10:26:11.109161_VicregLoss_gru_catboost/model_128_0.001_3_10_100_256_32_16_256_VicregLoss_gruepoch=27.ckpt,27,30,0.055749726,18.6806,1.658,0.0003,3.8493,1.7897,1.7924,0.4827,424.3234,21.9535,34.8088,1.8009,27.6298,1.4295,25.3089,1.3094,23.3332,1.2072,22.3045,1.154,21.0236,1.0877,21.3776,4.9582,1.7537,0.4067,1.392,0.3229,1.2751,0.2957,1.1755,0.2726,1.1237,0.2606,1.0592,0.2457,0.0,0.0,0.0,0.0,0.0,0.0,0.0,0.0,0.0,0.0,0.0,0.0,0.0,0.0,0.0,0.0,0.0,0.0,0.0,0.0,0.0,0.0,0.0,0.0,0.0,0.0,0.0,0.0,0.0,0.0,0.0,0.0,0.0,0.0,0.0,0.524,0.4666
128,0.001,3,10,100,32,16,256,184,440338,73,30,VicregLoss,gru,/home/dpetrovitch/dzagcoffee/train_trace/gender/checkpoints_2025-10-08 10:26:11.109161_VicregLoss_gru_catboost/model_128_0.001_3_10_100_256_32_16_256_VicregLoss_gruepoch=28.ckpt,28,30,0.055586964,18.5425,1.667,0.0003,3.876,1.7242,1.7225,0.4874,413.4008,21.4635,34.6808,1.8006,27.17,1.4107,24.8276,1.289,22.8694,1.1874,21.8363,1.1337,20.5632,1.0676,20.5777,4.8872,1.7263,0.41,1.3524,0.3212,1.2358,0.2935,1.1384,0.2704,1.0869,0.2581,1.0236,0.2431,0.0,0.0,0.0,0.0,0.0,0.0,0.0,0.0,0.0,0.0,0.0,0.0,0.0,0.0,0.0,0.0,0.0,0.0,0.0,0.0,0.0,0.0,0.0,0.0,0.0,0.0,0.0,0.0,0.0,0.0,0.0,0.0,0.0,0.0,0.0,0.536,0.4755
128,0.001,3,10,100,32,16,256,184,440338,73,30,VicregLoss,gru,/home/dpetrovitch/dzagcoffee/train_trace/gender/checkpoints_2025-10-08 10:26:11.109161_VicregLoss_gru_catboost/model_128_0.001_3_10_100_256_32_16_256_VicregLoss_gruepoch=29.ckpt,29,30,0.05330832,18.1671,1.6654,0.0003,3.8804,1.882,1.876,0.48,408.7022,21.1983,33.6357,1.7446,26.6772,1.3837,24.4631,1.2688,22.6101,1.1727,21.6444,1.1226,20.4192,1.0591,19.189,4.5326,1.5792,0.373,1.2525,0.2959,1.1486,0.2713,1.0616,0.2508,1.0162,0.24,0.9587,0.2265,0.0,0.0,0.0,0.0,0.0,0.0,0.0,0.0,0.0,0.0,0.0,0.0,0.0,0.0,0.0,0.0,0.0,0.0,0.0,0.0,0.0,0.0,0.0,0.0,0.0,0.0,0.0,0.0,0.0,0.0,0.0,0.0,0.0,0.0,0.0,0.52,0.461
128,0.001,3,10,100,32,16,256,184,440338,73,30,SoftmaxLoss,gru,/home/dpetrovitch/dzagcoffee/train_trace/gender/checkpoints_2025-10-08 10:26:11.109161_VicregLoss_gru_catboost/model_128_0.001_3_10_100_256_32_16_256_SoftmaxLoss_gruepoch=00.ckpt,0,30,0.3347696,48.8643,1.6753,0.0011,4.3297,4.1032,4.3618,0.1306,965.8555,47.6549,181.1238,8.9366,161.1675,7.9519,151.3474,7.4674,140.0328,6.9092,131.5715,6.4917,116.0284,5.7248,78.5211,4.9666,14.7248,0.9314,13.1024,0.8288,12.3041,0.7783,11.3842,0.7201,10.6964,0.6766,9.4328,0.5966,0.0,0.0,0.0,0.0,0.0,0.0,0.0,0.0,0.0,0.0,0.0,0.0,0.0,0.0,0.0,0.0,0.0,0.0,0.0,0.0,0.0,0.0,0.0,0.0,0.0,0.0,0.0,0.0,0.0,0.0,0.0,0.0,0.0,0.0,0.0,0.548,0.5407
128,0.001,3,10,100,32,16,256,184,440338,73,30,SoftmaxLoss,gru,/home/dpetrovitch/dzagcoffee/train_trace/gender/checkpoints_2025-10-08 10:26:11.109161_VicregLoss_gru_catboost/model_128_0.001_3_10_100_256_32_16_256_SoftmaxLoss_gruepoch=01.ckpt,1,30,0.36996868,62.7669,1.6723,0.0023,4.0696,6.5134,6.5062,0.0822,1328.3834,64.9999,211.7211,10.3599,192.5421,9.4214,182.4967,8.9299,169.9055,8.3138,160.6049,7.8587,142.6049,6.9779,140.5282,7.5908,22.3977,1.2098,20.3688,1.1003,19.3061,1.0428,17.9741,0.9709,16.9902,0.9178,15.086,0.8149,0.0,0.0,0.0,0.0,0.0,0.0,0.0,0.0,0.0,0.0,0.0,0.0,0.0,0.0,0.0,0.0,0.0,0.0,0.0,0.0,0.0,0.0,0.0,0.0,0.0,0.0,0.0,0.0,0.0,0.0,0.0,0.0,0.0,0.0,0.0,0.564,0.6024
128,0.001,3,10,100,32,16,256,184,440338,73,30,SoftmaxLoss,gru,/home/dpetrovitch/dzagcoffee/train_trace/gender/checkpoints_2025-10-08 10:26:11.109161_VicregLoss_gru_catboost/model_128_0.001_3_10_100_256_32_16_256_SoftmaxLoss_gruepoch=02.ckpt,2,30,0.38498548,71.6053,1.6727,0.003,3.8663,7.4478,7.7121,0.0678,1543.826,75.4878,226.8169,11.0906,207.8062,10.161,197.544,9.6592,185.1988,9.0556,175.8051,8.5963,158.7679,7.7632,145.7381,7.9089,21.4117,1.162,19.617,1.0646,18.6483,1.012,17.4829,0.9488,16.5961,0.9006,14.9878,0.8134,0.0,0.0,0.0,0.0,0.0,0.0,0.0,0.0,0.0,0.0,0.0,0.0,0.0,0.0,0.0,0.0,0.0,0.0,0.0,0.0,0.0,0.0,0.0,0.0,0.0,0.0,0.0,0.0,0.0,0.0,0.0,0.0,0.0,0.0,0.0,0.608,0.6398
128,0.001,3,10,100,32,16,256,184,440338,73,30,SoftmaxLoss,gru,/home/dpetrovitch/dzagcoffee/train_trace/gender/checkpoints_2025-10-08 10:26:11.109161_VicregLoss_gru_catboost/model_128_0.001_3_10_100_256_32_16_256_SoftmaxLoss_gruepoch=03.ckpt,3,30,0.40086183,78.0991,1.6583,0.0038,3.778,7.7622,8.4115,0.0635,1651.0306,80.6154,233.4389,11.3982,213.9548,10.4468,203.6594,9.9441,191.0247,9.3272,181.6714,8.8705,164.9907,8.056,154.945,8.1507,21.9076,1.1524,20.0791,1.0562,19.1129,1.0054,17.9272,0.943,17.0494,0.8969,15.4839,0.8145,0.0,0.0,0.0,0.0,0.0,0.0,0.0,0.0,0.0,0.0,0.0,0.0,0.0,0.0,0.0,0.0,0.0,0.0,0.0,0.0,0.0,0.0,0.0,0.0,0.0,0.0,0.0,0.0,0.0,0.0,0.0,0.0,0.0,0.0,0.0,0.628,0.6702
128,0.001,3,10,100,32,16,256,184,440338,73,30,SoftmaxLoss,gru,/home/dpetrovitch/dzagcoffee/train_trace/gender/checkpoints_2025-10-08 10:26:11.109161_VicregLoss_gru_catboost/model_128_0.001_3_10_100_256_32_16_256_SoftmaxLoss_gruepoch=04.ckpt,4,30,0.40421125,83.4395,1.6375,0.0046,3.7177,9.1812,9.3124,0.0568,1726.4438,84.1773,239.9176,11.6978,219.7055,10.7123,209.1429,10.1973,196.1212,9.5624,186.1695,9.0772,169.27,8.2532,144.672,7.4257,20.1045,1.0319,18.4108,0.945,17.5257,0.8996,16.4345,0.8435,15.6006,0.8007,14.1844,0.7281,0.0,0.0,0.0,0.0,0.0,0.0,0.0,0.0,0.0,0.0,0.0,0.0,0.0,0.0,0.0,0.0,0.0,0.0,0.0,0.0,0.0,0.0,0.0,0.0,0.0,0.0,0.0,0.0,0.0,0.0,0.0,0.0,0.0,0.0,0.0,0.632,0.6564
128,0.001,3,10,100,32,16,256,184,440338,73,30,SoftmaxLoss,gru,/home/dpetrovitch/dzagcoffee/train_trace/gender/checkpoints_2025-10-08 10:26:11.109161_VicregLoss_gru_catboost/model_128_0.001_3_10_100_256_32_16_256_SoftmaxLoss_gruepoch=05.ckpt,5,30,0.4158928,88.8447,1.6404,0.005,3.6823,8.5254,8.7833,0.0533,1826.196,89.0156,244.9112,11.9379,224.91,10.9629,214.3332,10.4474,201.0674,9.8008,191.3287,9.3261,175.143,8.5371,151.7589,8.0528,20.3524,1.08,18.6903,0.9918,17.8113,0.9451,16.7089,0.8866,15.8996,0.8437,14.5546,0.7723,0.0,0.0,0.0,0.0,0.0,0.0,0.0,0.0,0.0,0.0,0.0,0.0,0.0,0.0,0.0,0.0,0.0,0.0,0.0,0.0,0.0,0.0,0.0,0.0,0.0,0.0,0.0,0.0,0.0,0.0,0.0,0.0,0.0,0.0,0.0,0.664,0.6794
128,0.001,3,10,100,32,16,256,184,440338,73,30,SoftmaxLoss,gru,/home/dpetrovitch/dzagcoffee/train_trace/gender/checkpoints_2025-10-08 10:26:11.109161_VicregLoss_gru_catboost/model_128_0.001_3_10_100_256_32_16_256_SoftmaxLoss_gruepoch=06.ckpt,6,30,0.4267521,91.9596,1.6619,0.0058,3.6541,11.3147,10.973,0.0479,1914.9587,93.4199,251.0011,12.2449,230.7431,11.2566,219.7831,10.722,205.9268,10.046,195.2105,9.5232,175.9182,8.582,158.8696,8.0666,20.8237,1.0573,19.143,0.972,18.2337,0.9258,17.0842,0.8675,16.1951,0.8223,14.5946,0.741,0.0,0.0,0.0,0.0,0.0,0.0,0.0,0.0,0.0,0.0,0.0,0.0,0.0,0.0,0.0,0.0,0.0,0.0,0.0,0.0,0.0,0.0,0.0,0.0,0.0,0.0,0.0,0.0,0.0,0.0,0.0,0.0,0.0,0.0,0.0,0.648,0.6879
128,0.001,3,10,100,32,16,256,184,440338,73,30,SoftmaxLoss,gru,/home/dpetrovitch/dzagcoffee/train_trace/gender/checkpoints_2025-10-08 10:26:11.109161_VicregLoss_gru_catboost/model_128_0.001_3_10_100_256_32_16_256_SoftmaxLoss_gruepoch=07.ckpt,7,30,0.4297475,95.1996,1.6366,0.006,3.64,10.1689,10.2963,0.0468,1955.7814,95.4813,253.5003,12.3759,232.3368,11.3427,221.1087,10.7945,206.9602,10.1038,196.3431,9.5855,178.4298,8.7109,142.4226,7.7414,18.4602,1.0034,16.9191,0.9196,16.1014,0.8752,15.0711,0.8192,14.298,0.7772,12.9935,0.7063,0.0,0.0,0.0,0.0,0.0,0.0,0.0,0.0,0.0,0.0,0.0,0.0,0.0,0.0,0.0,0.0,0.0,0.0,0.0,0.0,0.0,0.0,0.0,0.0,0.0,0.0,0.0,0.0,0.0,0.0,0.0,0.0,0.0,0.0,0.0,0.628,0.6493
128,0.001,3,10,100,32,16,256,184,440338,73,30,SoftmaxLoss,gru,/home/dpetrovitch/dzagcoffee/train_trace/gender/checkpoints_2025-10-08 10:26:11.109161_VicregLoss_gru_catboost/model_128_0.001_3_10_100_256_32_16_256_SoftmaxLoss_gruepoch=08.ckpt,8,30,0.43468168,98.3642,1.6085,0.0066,3.5963,11.0712,11.5441,0.0435,2038.5844,99.4086,256.3905,12.5025,235.8683,11.5018,224.9786,10.9708,211.1014,10.2941,200.9676,9.7999,183.9399,8.9696,149.5504,7.833,18.8088,0.9852,17.3033,0.9063,16.5044,0.8645,15.4864,0.8111,14.743,0.7722,13.4938,0.7068,0.0,0.0,0.0,0.0,0.0,0.0,0.0,0.0,0.0,0.0,0.0,0.0,0.0,0.0,0.0,0.0,0.0,0.0,0.0,0.0,0.0,0.0,0.0,0.0,0.0,0.0,0.0,0.0,0.0,0.0,0.0,0.0,0.0,0.0,0.0,0.64,0.6419
128,0.001,3,10,100,32,16,256,184,440338,73,30,SoftmaxLoss,gru,/home/dpetrovitch/dzagcoffee/train_trace/gender/checkpoints_2025-10-08 10:26:11.109161_VicregLoss_gru_catboost/model_128_0.001_3_10_100_256_32_16_256_SoftmaxLoss_gruepoch=09.ckpt,9,30,0.43537268,101.291,1.6618,0.0069,3.589,11.4017,10.6749,0.0418,2106.1912,102.7102,261.3801,12.7464,240.5397,11.7301,229.1747,11.1759,214.8879,10.4792,203.8976,9.9432,181.2105,8.8369,146.8487,7.7344,18.224,0.9598,16.771,0.8833,15.9786,0.8416,14.9825,0.7891,14.2162,0.7488,12.6344,0.6654,0.0,0.0,0.0,0.0,0.0,0.0,0.0,0.0,0.0,0.0,0.0,0.0,0.0,0.0,0.0,0.0,0.0,0.0,0.0,0.0,0.0,0.0,0.0,0.0,0.0,0.0,0.0,0.0,0.0,0.0,0.0,0.0,0.0,0.0,0.0,0.652,0.6791
128,0.001,3,10,100,32,16,256,184,440338,73,30,SoftmaxLoss,gru,/home/dpetrovitch/dzagcoffee/train_trace/gender/checkpoints_2025-10-08 10:26:11.109161_VicregLoss_gru_catboost/model_128_0.001_3_10_100_256_32_16_256_SoftmaxLoss_gruepoch=10.ckpt,10,30,0.43970156,102.1744,1.6384,0.0072,3.568,12.7393,12.0294,0.0387,2158.6987,105.2991,264.0869,12.8819,243.0617,11.8563,231.7542,11.3047,217.5126,10.61,206.8075,10.0879,188.7714,9.2081,148.4774,7.8334,18.1641,0.9583,16.718,0.882,15.9403,0.841,14.9607,0.7893,14.2244,0.7505,12.9839,0.685,0.0,0.0,0.0,0.0,0.0,0.0,0.0,0.0,0.0,0.0,0.0,0.0,0.0,0.0,0.0,0.0,0.0,0.0,0.0,0.0,0.0,0.0,0.0,0.0,0.0,0.0,0.0,0.0,0.0,0.0,0.0,0.0,0.0,0.0,0.0,0.656,0.686
128,0.001,3,10,100,32,16,256,184,440338,73,30,SoftmaxLoss,gru,/home/dpetrovitch/dzagcoffee/train_trace/gender/checkpoints_2025-10-08 10:26:11.109161_VicregLoss_gru_catboost/model_128_0.001_3_10_100_256_32_16_256_SoftmaxLoss_gruepoch=11.ckpt,11,30,0.4371831,103.2561,1.6192,0.0075,3.5605,13.2388,12.6631,0.0378,2186.0767,106.6461,265.5118,12.9528,244.3339,11.9196,232.9752,11.3655,218.6105,10.6648,207.9148,10.143,190.1345,9.2756,151.5159,8.0411,18.4025,0.9766,16.9347,0.8987,16.1474,0.857,15.1518,0.8041,14.4105,0.7648,13.1781,0.6994,0.0,0.0,0.0,0.0,0.0,0.0,0.0,0.0,0.0,0.0,0.0,0.0,0.0,0.0,0.0,0.0,0.0,0.0,0.0,0.0,0.0,0.0,0.0,0.0,0.0,0.0,0.0,0.0,0.0,0.0,0.0,0.0,0.0,0.0,0.0,0.62,0.6579
128,0.001,3,10,100,32,16,256,184,440338,73,30,SoftmaxLoss,gru,/home/dpetrovitch/dzagcoffee/train_trace/gender/checkpoints_2025-10-08 10:26:11.109161_VicregLoss_gru_catboost/model_128_0.001_3_10_100_256_32_16_256_SoftmaxLoss_gruepoch=12.ckpt,12,30,0.44624338,104.6058,1.6443,0.0082,3.5554,13.349,12.5658,0.0372,2210.0105,107.8164,266.1437,12.9839,245.1029,11.9575,234.0433,11.4179,219.9121,10.7285,209.2484,10.2083,189.7831,9.2587,151.4323,8.1383,18.2365,0.9801,16.7947,0.9026,16.0369,0.8619,15.0686,0.8098,14.3379,0.7706,13.0041,0.6989,0.0,0.0,0.0,0.0,0.0,0.0,0.0,0.0,0.0,0.0,0.0,0.0,0.0,0.0,0.0,0.0,0.0,0.0,0.0,0.0,0.0,0.0,0.0,0.0,0.0,0.0,0.0,0.0,0.0,0.0,0.0,0.0,0.0,0.0,0.0,0.664,0.6637
128,0.001,3,10,100,32,16,256,184,440338,73,30,SoftmaxLoss,gru,/home/dpetrovitch/dzagcoffee/train_trace/gender/checkpoints_2025-10-08 10:26:11.109161_VicregLoss_gru_catboost/model_128_0.001_3_10_100_256_32_16_256_SoftmaxLoss_gruepoch=13.ckpt,13,30,0.44538677,106.0957,1.6378,0.0083,3.5567,13.2316,12.9144,0.036,2251.8386,109.794,267.9579,13.065,247.0026,12.0432,236.0252,11.508,222.2982,10.8387,211.6691,10.3205,193.1971,9.4198,152.1079,8.0037,18.1001,0.9524,16.6846,0.8779,15.9431,0.8389,15.0159,0.7901,14.2979,0.7523,13.0501,0.6867,0.0,0.0,0.0,0.0,0.0,0.0,0.0,0.0,0.0,0.0,0.0,0.0,0.0,0.0,0.0,0.0,0.0,0.0,0.0,0.0,0.0,0.0,0.0,0.0,0.0,0.0,0.0,0.0,0.0,0.0,0.0,0.0,0.0,0.0,0.0,0.628,0.6645
128,0.001,3,10,100,32,16,256,184,440338,73,30,SoftmaxLoss,gru,/home/dpetrovitch/dzagcoffee/train_trace/gender/checkpoints_2025-10-08 10:26:11.109161_VicregLoss_gru_catboost/model_128_0.001_3_10_100_256_32_16_256_SoftmaxLoss_gruepoch=14.ckpt,14,30,0.44052967,105.3568,1.6464,0.0081,3.5581,13.7599,13.2639,0.036,2218.786,108.2626,268.4364,13.098,247.3597,12.0696,236.2985,11.5299,222.1931,10.8416,211.7048,10.3298,192.0876,9.3726,142.9262,7.6872,17.2917,0.93,15.934,0.857,15.2215,0.8187,14.3129,0.7698,13.6373,0.7335,12.3736,0.6655,0.0,0.0,0.0,0.0,0.0,0.0,0.0,0.0,0.0,0.0,0.0,0.0,0.0,0.0,0.0,0.0,0.0,0.0,0.0,0.0,0.0,0.0,0.0,0.0,0.0,0.0,0.0,0.0,0.0,0.0,0.0,0.0,0.0,0.0,0.0,0.652,0.6703
128,0.001,3,10,100,32,16,256,184,440338,73,30,SoftmaxLoss,gru,/home/dpetrovitch/dzagcoffee/train_trace/gender/checkpoints_2025-10-08 10:26:11.109161_VicregLoss_gru_catboost/model_128_0.001_3_10_100_256_32_16_256_SoftmaxLoss_gruepoch=15.ckpt,15,30,0.4454125,107.7057,1.6079,0.0088,3.532,13.5057,12.8032,0.0346,2298.155,111.9877,270.6184,13.1871,250.0635,12.1854,239.1468,11.6535,225.5857,10.9926,215.2043,10.4868,198.6268,9.679,151.3327,7.9356,17.8201,0.9345,16.4666,0.8635,15.7477,0.8258,14.8547,0.779,14.1711,0.7431,13.0795,0.6859,0.0,0.0,0.0,0.0,0.0,0.0,0.0,0.0,0.0,0.0,0.0,0.0,0.0,0.0,0.0,0.0,0.0,0.0,0.0,0.0,0.0,0.0,0.0,0.0,0.0,0.0,0.0,0.0,0.0,0.0,0.0,0.0,0.0,0.0,0.0,0.664,0.6837
128,0.001,3,10,100,32,16,256,184,440338,73,30,SoftmaxLoss,gru,/home/dpetrovitch/dzagcoffee/train_trace/gender/checkpoints_2025-10-08 10:26:11.109161_VicregLoss_gru_catboost/model_128_0.001_3_10_100_256_32_16_256_SoftmaxLoss_gruepoch=16.ckpt,16,30,0.43994427,107.9363,1.5998,0.0087,3.5485,13.6569,12.9412,0.0343,2285.9956,111.3332,270.068,13.1529,249.5675,12.1545,238.7126,11.6259,225.0374,10.9598,214.6171,10.4523,196.9207,9.5905,151.0884,7.9959,17.8496,0.9446,16.4947,0.8729,15.7772,0.835,14.8734,0.7871,14.1847,0.7507,13.0151,0.6888,0.0,0.0,0.0,0.0,0.0,0.0,0.0,0.0,0.0,0.0,0.0,0.0,0.0,0.0,0.0,0.0,0.0,0.0,0.0,0.0,0.0,0.0,0.0,0.0,0.0,0.0,0.0,0.0,0.0,0.0,0.0,0.0,0.0,0.0,0.0,0.612,0.6766
128,0.001,3,10,100,32,16,256,184,440338,73,30,SoftmaxLoss,gru,/home/dpetrovitch/dzagcoffee/train_trace/gender/checkpoints_2025-10-08 10:26:11.109161_VicregLoss_gru_catboost/model_128_0.001_3_10_100_256_32_16_256_SoftmaxLoss_gruepoch=17.ckpt,17,30,0.44346216,109.041,1.6003,0.0089,3.5402,13.7943,13.2586,0.0334,2281.2788,111.1408,271.5806,13.231,250.7628,12.2168,239.7934,11.6824,225.6271,10.9922,215.2558,10.487,198.0045,9.6465,141.362,7.6308,16.8288,0.9084,15.5388,0.8388,14.8591,0.8021,13.9812,0.7547,13.3386,0.72,12.2696,0.6623,0.0,0.0,0.0,0.0,0.0,0.0,0.0,0.0,0.0,0.0,0.0,0.0,0.0,0.0,0.0,0.0,0.0,0.0,0.0,0.0,0.0,0.0,0.0,0.0,0.0,0.0,0.0,0.0,0.0,0.0,0.0,0.0,0.0,0.0,0.0,0.668,0.7055
128,0.001,3,10,100,32,16,256,184,440338,73,30,SoftmaxLoss,gru,/home/dpetrovitch/dzagcoffee/train_trace/gender/checkpoints_2025-10-08 10:26:11.109161_VicregLoss_gru_catboost/model_128_0.001_3_10_100_256_32_16_256_SoftmaxLoss_gruepoch=18.ckpt,18,30,0.45025244,109.2953,1.5959,0.0091,3.529,13.8843,13.6748,0.0338,2296.117,111.8643,272.0076,13.2519,251.1291,12.2347,240.1767,11.7011,226.2052,11.0205,215.7444,10.5108,197.2093,9.6078,139.9202,7.6424,16.5755,0.9054,15.3032,0.8359,14.6358,0.7994,13.7844,0.7529,13.147,0.7181,12.0175,0.6564,0.0,0.0,0.0,0.0,0.0,0.0,0.0,0.0,0.0,0.0,0.0,0.0,0.0,0.0,0.0,0.0,0.0,0.0,0.0,0.0,0.0,0.0,0.0,0.0,0.0,0.0,0.0,0.0,0.0,0.0,0.0,0.0,0.0,0.0,0.0,0.652,0.7004
128,0.001,3,10,100,32,16,256,184,440338,73,30,SoftmaxLoss,gru,/home/dpetrovitch/dzagcoffee/train_trace/gender/checkpoints_2025-10-08 10:26:11.109161_VicregLoss_gru_catboost/model_128_0.001_3_10_100_256_32_16_256_SoftmaxLoss_gruepoch=19.ckpt,19,30,0.44733703,110.6281,1.609,0.01,3.5174,15.0333,14.3466,0.0323,2360.5686,114.93,273.8517,13.3331,253.7009,12.352,242.835,11.823,229.4033,11.1691,219.034,10.6642,201.0241,9.7874,151.6558,8.206,17.5937,0.952,16.2991,0.8819,15.601,0.8442,14.7381,0.7975,14.0719,0.7614,12.9149,0.6988,0.0,0.0,0.0,0.0,0.0,0.0,0.0,0.0,0.0,0.0,0.0,0.0,0.0,0.0,0.0,0.0,0.0,0.0,0.0,0.0,0.0,0.0,0.0,0.0,0.0,0.0,0.0,0.0,0.0,0.0,0.0,0.0,0.0,0.0,0.0,0.668,0.6962
128,0.001,3,10,100,32,16,256,184,440338,73,30,SoftmaxLoss,gru,/home/dpetrovitch/dzagcoffee/train_trace/gender/checkpoints_2025-10-08 10:26:11.109161_VicregLoss_gru_catboost/model_128_0.001_3_10_100_256_32_16_256_SoftmaxLoss_gruepoch=20.ckpt,20,30,0.4531821,111.209,1.6075,0.0098,3.5306,14.7485,14.2191,0.0319,2345.9297,114.2456,274.0584,13.3465,253.5507,12.3478,242.4727,11.8083,228.4824,11.127,218.2003,10.6262,200.5108,9.7648,139.1516,7.5692,16.2561,0.8843,15.0397,0.8181,14.3826,0.7823,13.5527,0.7372,12.9428,0.704,11.8935,0.647,0.0,0.0,0.0,0.0,0.0,0.0,0.0,0.0,0.0,0.0,0.0,0.0,0.0,0.0,0.0,0.0,0.0,0.0,0.0,0.0,0.0,0.0,0.0,0.0,0.0,0.0,0.0,0.0,0.0,0.0,0.0,0.0,0.0,0.0,0.0,0.664,0.6778
128,0.001,3,10,100,32,16,256,184,440338,73,30,SoftmaxLoss,gru,/home/dpetrovitch/dzagcoffee/train_trace/gender/checkpoints_2025-10-08 10:26:11.109161_VicregLoss_gru_catboost/model_128_0.001_3_10_100_256_32_16_256_SoftmaxLoss_gruepoch=21.ckpt,21,30,0.44755688,111.8894,1.6439,0.0096,3.528,15.2364,14.5794,0.0312,2366.094,115.2297,275.1999,13.4023,254.6021,12.3992,243.7236,11.8694,229.8955,11.196,219.3931,10.6845,199.8377,9.7322,147.6941,7.9682,17.1783,0.9268,15.8925,0.8574,15.2135,0.8208,14.3503,0.7742,13.6947,0.7388,12.4741,0.673,0.0,0.0,0.0,0.0,0.0,0.0,0.0,0.0,0.0,0.0,0.0,0.0,0.0,0.0,0.0,0.0,0.0,0.0,0.0,0.0,0.0,0.0,0.0,0.0,0.0,0.0,0.0,0.0,0.0,0.0,0.0,0.0,0.0,0.0,0.0,0.648,0.6898
128,0.001,3,10,100,32,16,256,184,440338,73,30,SoftmaxLoss,gru,/home/dpetrovitch/dzagcoffee/train_trace/gender/checkpoints_2025-10-08 10:26:11.109161_VicregLoss_gru_catboost/model_128_0.001_3_10_100_256_32_16_256_SoftmaxLoss_gruepoch=22.ckpt,22,30,0.44713435,112.114,1.61,0.0095,3.5277,15.0832,14.4404,0.031,2368.9307,115.3664,275.4696,13.4153,254.8353,12.4104,243.7772,11.8719,230.0558,11.2037,219.6827,10.6985,202.0407,9.8393,142.8239,7.8693,16.6082,0.9151,15.3641,0.8465,14.6974,0.8098,13.8702,0.7642,13.2448,0.7298,12.1811,0.6712,0.0,0.0,0.0,0.0,0.0,0.0,0.0,0.0,0.0,0.0,0.0,0.0,0.0,0.0,0.0,0.0,0.0,0.0,0.0,0.0,0.0,0.0,0.0,0.0,0.0,0.0,0.0,0.0,0.0,0.0,0.0,0.0,0.0,0.0,0.0,0.636,0.6613
128,0.001,3,10,100,32,16,256,184,440338,73,30,SoftmaxLoss,gru,/home/dpetrovitch/dzagcoffee/train_trace/gender/checkpoints_2025-10-08 10:26:11.109161_VicregLoss_gru_catboost/model_128_0.001_3_10_100_256_32_16_256_SoftmaxLoss_gruepoch=23.ckpt,23,30,0.44954717,112.3492,1.6452,0.01,3.5275,15.7214,15.1379,0.0305,2386.3906,116.2261,276.0429,13.4443,255.5709,12.4472,244.516,11.9088,230.8456,11.243,220.4124,10.7349,200.9398,9.7865,142.854,7.7121,16.5245,0.8921,15.299,0.8259,14.6372,0.7902,13.8189,0.746,13.1943,0.7123,12.0287,0.6494,0.0,0.0,0.0,0.0,0.0,0.0,0.0,0.0,0.0,0.0,0.0,0.0,0.0,0.0,0.0,0.0,0.0,0.0,0.0,0.0,0.0,0.0,0.0,0.0,0.0,0.0,0.0,0.0,0.0,0.0,0.0,0.0,0.0,0.0,0.0,0.656,0.683
128,0.001,3,10,100,32,16,256,184,440338,73,30,SoftmaxLoss,gru,/home/dpetrovitch/dzagcoffee/train_trace/gender/checkpoints_2025-10-08 10:26:11.109161_VicregLoss_gru_catboost/model_128_0.001_3_10_100_256_32_16_256_SoftmaxLoss_gruepoch=24.ckpt,24,30,0.45014393,111.801,1.6053,0.0098,3.5241,15.0025,14.8525,0.0309,2391.5737,116.4218,276.0404,13.4376,255.9042,12.4574,245.0076,11.927,231.2879,11.2591,221.1614,10.7661,203.4959,9.9062,146.9859,7.8406,16.9654,0.905,15.7279,0.839,15.0581,0.8032,14.2149,0.7583,13.5926,0.7251,12.5068,0.6671,0.0,0.0,0.0,0.0,0.0,0.0,0.0,0.0,0.0,0.0,0.0,0.0,0.0,0.0,0.0,0.0,0.0,0.0,0.0,0.0,0.0,0.0,0.0,0.0,0.0,0.0,0.0,0.0,0.0,0.0,0.0,0.0,0.0,0.0,0.0,0.644,0.6872
128,0.001,3,10,100,32,16,256,184,440338,73,30,SoftmaxLoss,gru,/home/dpetrovitch/dzagcoffee/train_trace/gender/checkpoints_2025-10-08 10:26:11.109161_VicregLoss_gru_catboost/model_128_0.001_3_10_100_256_32_16_256_SoftmaxLoss_gruepoch=25.ckpt,25,30,0.44697154,112.1556,1.6423,0.0097,3.515,14.7223,14.3967,0.0307,2385.8828,116.2284,276.164,13.4533,255.6576,12.4544,244.5672,11.9141,230.6712,11.2372,220.3048,10.7322,201.3736,9.8099,140.8189,7.5902,16.2997,0.8786,15.0894,0.8133,14.4348,0.778,13.6146,0.7338,13.0028,0.7009,11.8854,0.6406,0.0,0.0,0.0,0.0,0.0,0.0,0.0,0.0,0.0,0.0,0.0,0.0,0.0,0.0,0.0,0.0,0.0,0.0,0.0,0.0,0.0,0.0,0.0,0.0,0.0,0.0,0.0,0.0,0.0,0.0,0.0,0.0,0.0,0.0,0.0,0.656,0.683
128,0.001,3,10,100,32,16,256,184,440338,73,30,SoftmaxLoss,gru,/home/dpetrovitch/dzagcoffee/train_trace/gender/checkpoints_2025-10-08 10:26:11.109161_VicregLoss_gru_catboost/model_128_0.001_3_10_100_256_32_16_256_SoftmaxLoss_gruepoch=26.ckpt,26,30,0.45057797,112.3159,1.6154,0.0096,3.5265,14.8202,15.2548,0.0303,2395.7852,116.6164,276.9399,13.4802,256.9958,12.5094,246.1664,11.9823,232.5873,11.3213,222.2612,10.8187,204.3342,9.9461,144.1546,7.7798,16.6635,0.8993,15.4635,0.8345,14.8119,0.7994,13.9948,0.7553,13.3735,0.7217,12.2948,0.6635,0.0,0.0,0.0,0.0,0.0,0.0,0.0,0.0,0.0,0.0,0.0,0.0,0.0,0.0,0.0,0.0,0.0,0.0,0.0,0.0,0.0,0.0,0.0,0.0,0.0,0.0,0.0,0.0,0.0,0.0,0.0,0.0,0.0,0.0,0.0,0.684,0.7046
128,0.001,3,10,100,32,16,256,184,440338,73,30,SoftmaxLoss,gru,/home/dpetrovitch/dzagcoffee/train_trace/gender/checkpoints_2025-10-08 10:26:11.109161_VicregLoss_gru_catboost/model_128_0.001_3_10_100_256_32_16_256_SoftmaxLoss_gruepoch=27.ckpt,27,30,0.45135173,113.677,1.6141,0.0099,3.5255,15.0631,14.6356,0.0296,2414.5461,117.4845,277.3473,13.4949,257.2936,12.5191,246.5433,11.996,233.0243,11.3383,222.9902,10.85,205.8201,10.0146,140.2879,7.6596,16.1142,0.8798,14.9491,0.8162,14.3244,0.7821,13.539,0.7392,12.956,0.7074,11.9584,0.6529,0.0,0.0,0.0,0.0,0.0,0.0,0.0,0.0,0.0,0.0,0.0,0.0,0.0,0.0,0.0,0.0,0.0,0.0,0.0,0.0,0.0,0.0,0.0,0.0,0.0,0.0,0.0,0.0,0.0,0.0,0.0,0.0,0.0,0.0,0.0,0.632,0.6758
128,0.001,3,10,100,32,16,256,184,440338,73,30,SoftmaxLoss,gru,/home/dpetrovitch/dzagcoffee/train_trace/gender/checkpoints_2025-10-08 10:26:11.109161_VicregLoss_gru_catboost/model_128_0.001_3_10_100_256_32_16_256_SoftmaxLoss_gruepoch=28.ckpt,28,30,0.45210847,113.6155,1.6422,0.0101,3.5245,15.7164,15.1761,0.0291,2426.527,118.1021,277.9345,13.5274,257.7157,12.5433,246.8265,12.0134,233.0814,11.3444,222.7653,10.8423,204.1384,9.9357,141.7652,7.6719,16.2378,0.8787,15.0565,0.8148,14.4204,0.7804,13.6173,0.7369,13.0146,0.7043,11.9264,0.6454,0.0,0.0,0.0,0.0,0.0,0.0,0.0,0.0,0.0,0.0,0.0,0.0,0.0,0.0,0.0,0.0,0.0,0.0,0.0,0.0,0.0,0.0,0.0,0.0,0.0,0.0,0.0,0.0,0.0,0.0,0.0,0.0,0.0,0.0,0.0,0.648,0.6811
128,0.001,3,10,100,32,16,256,184,440338,73,30,SoftmaxLoss,gru,/home/dpetrovitch/dzagcoffee/train_trace/gender/checkpoints_2025-10-08 10:26:11.109161_VicregLoss_gru_catboost/model_128_0.001_3_10_100_256_32_16_256_SoftmaxLoss_gruepoch=29.ckpt,29,30,0.45116046,114.6253,1.6282,0.0108,3.5207,15.912,15.3041,0.0291,2429.6543,118.3067,278.4494,13.5585,258.0854,12.5669,246.8916,12.0218,233.2651,11.3583,222.6216,10.8401,204.2231,9.9442,134.4586,7.4182,15.4096,0.8502,14.2826,0.788,13.6631,0.7538,12.909,0.7122,12.32,0.6797,11.3018,0.6235,0.0,0.0,0.0,0.0,0.0,0.0,0.0,0.0,0.0,0.0,0.0,0.0,0.0,0.0,0.0,0.0,0.0,0.0,0.0,0.0,0.0,0.0,0.0,0.0,0.0,0.0,0.0,0.0,0.0,0.0,0.0,0.0,0.0,0.0,0.0,0.704,0.7278
128,0.001,3,10,100,32,16,256,184,440338,73,30,VicregLoss,gru,/home/dpetrovitch/dzagcoffee/train_trace/gender/checkpoints_2025-10-08 10:26:11.109161_VicregLoss_gru_catboost/model_128_0.001_3_10_100_256_32_16_256_VicregLoss_gruepoch=00.ckpt,0,30,0.062272992,29.782,1.6434,0.0004,4.0828,1.6979,1.6895,0.473,615.8512,31.0124,51.856,2.6113,41.0868,2.069,37.6599,1.8964,34.721,1.7484,33.1083,1.6672,31.0816,1.5652,24.2473,5.676,2.0417,0.4779,1.6177,0.3787,1.4827,0.3471,1.367,0.32,1.3035,0.3051,1.2237,0.2865,0.0,0.0,0.0,0.0,0.0,0.0,0.0,0.0,0.0,0.0,0.0,0.0,0.0,0.0,0.0,0.0,0.0,0.0,0.0,0.0,0.0,0.0,0.0,0.0,0.0,0.0,0.0,0.0,0.0,0.0,0.0,0.0,0.0,0.0,0.0,0.56,0.532
128,0.001,3,10,100,32,16,256,184,440338,73,30,VicregLoss,gru,/home/dpetrovitch/dzagcoffee/train_trace/gender/checkpoints_2025-10-08 10:26:11.109161_VicregLoss_gru_catboost/model_128_0.001_3_10_100_256_32_16_256_VicregLoss_gruepoch=01.ckpt,1,30,0.059386134,29.6307,1.6645,0.0004,4.0143,1.5982,1.5899,0.491,613.2774,31.2956,49.4961,2.5258,39.2217,2.0015,36.2777,1.8513,33.8331,1.7265,32.4911,1.658,30.7727,1.5703,25.0394,4.2063,2.0209,0.3395,1.6014,0.269,1.4812,0.2488,1.3814,0.2321,1.3266,0.2228,1.2564,0.2111,0.0,0.0,0.0,0.0,0.0,0.0,0.0,0.0,0.0,0.0,0.0,0.0,0.0,0.0,0.0,0.0,0.0,0.0,0.0,0.0,0.0,0.0,0.0,0.0,0.0,0.0,0.0,0.0,0.0,0.0,0.0,0.0,0.0,0.0,0.0,0.524,0.4889
128,0.001,3,10,100,32,16,256,184,440338,73,30,VicregLoss,gru,/home/dpetrovitch/dzagcoffee/train_trace/gender/checkpoints_2025-10-08 10:26:11.109161_VicregLoss_gru_catboost/model_128_0.001_3_10_100_256_32_16_256_VicregLoss_gruepoch=02.ckpt,2,30,0.05584824,29.9515,1.6458,0.0005,3.9187,1.7196,1.7241,0.4727,621.8623,31.4517,52.0734,2.6337,40.9493,2.0711,37.6565,1.9045,34.7151,1.7558,33.2104,1.6797,31.4967,1.593,27.084,5.511,2.268,0.4615,1.7835,0.3629,1.6401,0.3337,1.512,0.3077,1.4464,0.2943,1.3718,0.2791,0.0,0.0,0.0,0.0,0.0,0.0,0.0,0.0,0.0,0.0,0.0,0.0,0.0,0.0,0.0,0.0,0.0,0.0,0.0,0.0,0.0,0.0,0.0,0.0,0.0,0.0,0.0,0.0,0.0,0.0,0.0,0.0,0.0,0.0,0.0,0.5,0.4815
128,0.001,3,10,100,32,16,256,184,440338,73,30,VicregLoss,gru,/home/dpetrovitch/dzagcoffee/train_trace/gender/checkpoints_2025-10-08 10:26:11.109161_VicregLoss_gru_catboost/model_128_0.001_3_10_100_256_32_16_256_VicregLoss_gruepoch=03.ckpt,3,30,0.058332477,27.6112,1.658,0.0004,3.9452,1.5427,1.5431,0.4994,574.0379,29.2779,48.8724,2.4927,37.3587,1.9054,33.8563,1.7268,31.1062,1.5865,29.7496,1.5173,28.2865,1.4427,26.1903,4.4659,2.2298,0.3802,1.7045,0.2906,1.5447,0.2634,1.4192,0.242,1.3573,0.2314,1.2906,0.2201,0.0,0.0,0.0,0.0,0.0,0.0,0.0,0.0,0.0,0.0,0.0,0.0,0.0,0.0,0.0,0.0,0.0,0.0,0.0,0.0,0.0,0.0,0.0,0.0,0.0,0.0,0.0,0.0,0.0,0.0,0.0,0.0,0.0,0.0,0.0,0.544,0.5116
128,0.001,3,10,100,32,16,256,184,440338,73,30,VicregLoss,gru,/home/dpetrovitch/dzagcoffee/train_trace/gender/checkpoints_2025-10-08 10:26:11.109161_VicregLoss_gru_catboost/model_128_0.001_3_10_100_256_32_16_256_VicregLoss_gruepoch=04.ckpt,4,30,0.059566032,27.2312,1.6548,0.0004,3.9082,1.665,1.6655,0.4815,569.3244,29.1554,47.6969,2.4426,37.1876,1.9044,33.931,1.7376,31.1287,1.5941,29.628,1.5173,27.9566,1.4317,25.3909,4.5171,2.1272,0.3784,1.6585,0.2951,1.5133,0.2692,1.3883,0.247,1.3214,0.2351,1.2468,0.2218,0.0,0.0,0.0,0.0,0.0,0.0,0.0,0.0,0.0,0.0,0.0,0.0,0.0,0.0,0.0,0.0,0.0,0.0,0.0,0.0,0.0,0.0,0.0,0.0,0.0,0.0,0.0,0.0,0.0,0.0,0.0,0.0,0.0,0.0,0.0,0.52,0.4806
128,0.001,3,10,100,32,16,256,184,440338,73,30,VicregLoss,gru,/home/dpetrovitch/dzagcoffee/train_trace/gender/checkpoints_2025-10-08 10:26:11.109161_VicregLoss_gru_catboost/model_128_0.001_3_10_100_256_32_16_256_VicregLoss_gruepoch=05.ckpt,5,30,0.05940755,25.696,1.6584,0.0004,3.8493,1.749,1.7505,0.4791,545.5697,27.9992,42.8101,2.1971,34.053,1.7476,31.4399,1.6135,29.2725,1.5023,28.0959,1.4419,26.6973,1.3701,23.995,5.0902,1.8829,0.3994,1.4977,0.3177,1.3828,0.2933,1.2875,0.2731,1.2357,0.2621,1.1742,0.2491,0.0,0.0,0.0,0.0,0.0,0.0,0.0,0.0,0.0,0.0,0.0,0.0,0.0,0.0,0.0,0.0,0.0,0.0,0.0,0.0,0.0,0.0,0.0,0.0,0.0,0.0,0.0,0.0,0.0,0.0,0.0,0.0,0.0,0.0,0.0,0.512,0.4511
128,0.001,3,10,100,32,16,256,184,440338,73,30,VicregLoss,gru,/home/dpetrovitch/dzagcoffee/train_trace/gender/checkpoints_2025-10-08 10:26:11.109161_VicregLoss_gru_catboost/model_128_0.001_3_10_100_256_32_16_256_VicregLoss_gruepoch=06.ckpt,6,30,0.05137661,26.3481,1.6675,0.0004,3.8827,1.5344,1.535,0.5011,567.6648,29.3509,44.7075,2.3116,34.8798,1.8034,32.0293,1.6561,29.4724,1.5239,28.0933,1.4526,26.4862,1.3695,27.5957,4.9459,2.1733,0.3895,1.6956,0.3039,1.557,0.2791,1.4327,0.2568,1.3657,0.2448,1.2876,0.2308,0.0,0.0,0.0,0.0,0.0,0.0,0.0,0.0,0.0,0.0,0.0,0.0,0.0,0.0,0.0,0.0,0.0,0.0,0.0,0.0,0.0,0.0,0.0,0.0,0.0,0.0,0.0,0.0,0.0,0.0,0.0,0.0,0.0,0.0,0.0,0.564,0.5143
128,0.001,3,10,100,32,16,256,184,440338,73,30,VicregLoss,gru,/home/dpetrovitch/dzagcoffee/train_trace/gender/checkpoints_2025-10-08 10:26:11.109161_VicregLoss_gru_catboost/model_128_0.001_3_10_100_256_32_16_256_VicregLoss_gruepoch=07.ckpt,7,30,0.053732354,25.0539,1.6676,0.0005,3.8362,1.839,1.8483,0.4754,540.8716,27.9085,42.6908,2.2028,34.2575,1.7677,31.5109,1.6259,29.122,1.5027,27.7806,1.4335,26.1007,1.3468,22.7702,5.3686,1.7972,0.4237,1.4422,0.34,1.3266,0.3128,1.226,0.2891,1.1695,0.2757,1.0988,0.2591,0.0,0.0,0.0,0.0,0.0,0.0,0.0,0.0,0.0,0.0,0.0,0.0,0.0,0.0,0.0,0.0,0.0,0.0,0.0,0.0,0.0,0.0,0.0,0.0,0.0,0.0,0.0,0.0,0.0,0.0,0.0,0.0,0.0,0.0,0.0,0.548,0.5041
128,0.001,3,10,100,32,16,256,184,440338,73,30,VicregLoss,gru,/home/dpetrovitch/dzagcoffee/train_trace/gender/checkpoints_2025-10-08 10:26:11.109161_VicregLoss_gru_catboost/model_128_0.001_3_10_100_256_32_16_256_VicregLoss_gruepoch=08.ckpt,8,30,0.05145371,24.1301,1.6619,0.0004,3.8639,1.8651,1.8657,0.4731,514.0403,26.5717,40.4015,2.0884,32.0374,1.6561,29.6323,1.5317,27.4455,1.4187,26.2069,1.3547,24.7053,1.2771,25.2038,5.2151,1.9809,0.4099,1.5708,0.325,1.4529,0.3006,1.3457,0.2784,1.2849,0.2659,1.2113,0.2506,0.0,0.0,0.0,0.0,0.0,0.0,0.0,0.0,0.0,0.0,0.0,0.0,0.0,0.0,0.0,0.0,0.0,0.0,0.0,0.0,0.0,0.0,0.0,0.0,0.0,0.0,0.0,0.0,0.0,0.0,0.0,0.0,0.0,0.0,0.0,0.512,0.5202
128,0.001,3,10,100,32,16,256,184,440338,73,30,VicregLoss,gru,/home/dpetrovitch/dzagcoffee/train_trace/gender/checkpoints_2025-10-08 10:26:11.109161_VicregLoss_gru_catboost/model_128_0.001_3_10_100_256_32_16_256_VicregLoss_gruepoch=09.ckpt,9,30,0.054747462,23.0609,1.6732,0.0004,3.8686,1.8304,1.847,0.4738,513.574,26.9645,38.6734,2.0305,31.1355,1.6347,28.9555,1.5203,26.9042,1.4126,25.7597,1.3525,24.3557,1.2788,23.214,4.7684,1.7481,0.3591,1.4073,0.2891,1.3088,0.2688,1.2161,0.2498,1.1644,0.2392,1.1009,0.2261,0.0,0.0,0.0,0.0,0.0,0.0,0.0,0.0,0.0,0.0,0.0,0.0,0.0,0.0,0.0,0.0,0.0,0.0,0.0,0.0,0.0,0.0,0.0,0.0,0.0,0.0,0.0,0.0,0.0,0.0,0.0,0.0,0.0,0.0,0.0,0.548,0.5006
128,0.001,3,10,100,32,16,256,184,440338,73,30,VicregLoss,gru,/home/dpetrovitch/dzagcoffee/train_trace/gender/checkpoints_2025-10-08 10:26:11.109161_VicregLoss_gru_catboost/model_128_0.001_3_10_100_256_32_16_256_VicregLoss_gruepoch=10.ckpt,10,30,0.055664062,21.8431,1.6668,0.0004,3.8516,1.8632,1.871,0.475,485.3908,25.2214,36.5798,1.9007,29.1577,1.5151,26.9563,1.4007,24.9863,1.2983,23.9371,1.2438,22.688,1.1789,24.3194,4.6677,1.8327,0.3518,1.4609,0.2804,1.3506,0.2592,1.2519,0.2403,1.1993,0.2302,1.1367,0.2182,0.0,0.0,0.0,0.0,0.0,0.0,0.0,0.0,0.0,0.0,0.0,0.0,0.0,0.0,0.0,0.0,0.0,0.0,0.0,0.0,0.0,0.0,0.0,0.0,0.0,0.0,0.0,0.0,0.0,0.0,0.0,0.0,0.0,0.0,0.0,0.52,0.5539
128,0.001,3,10,100,32,16,256,184,440338,73,30,VicregLoss,gru,/home/dpetrovitch/dzagcoffee/train_trace/gender/checkpoints_2025-10-08 10:26:11.109161_VicregLoss_gru_catboost/model_128_0.001_3_10_100_256_32_16_256_VicregLoss_gruepoch=11.ckpt,11,30,0.04757744,21.239,1.667,0.0004,3.8447,1.8803,1.8772,0.4789,484.8115,25.2828,36.457,1.9012,28.9768,1.5111,26.8952,1.4026,25.1803,1.3131,24.2642,1.2654,23.0676,1.203,22.341,5.9394,1.68,0.4466,1.3353,0.355,1.2394,0.3295,1.1604,0.3085,1.1181,0.2973,1.063,0.2826,0.0,0.0,0.0,0.0,0.0,0.0,0.0,0.0,0.0,0.0,0.0,0.0,0.0,0.0,0.0,0.0,0.0,0.0,0.0,0.0,0.0,0.0,0.0,0.0,0.0,0.0,0.0,0.0,0.0,0.0,0.0,0.0,0.0,0.0,0.0,0.528,0.5037
128,0.001,3,10,100,32,16,256,184,440338,73,30,VicregLoss,gru,/home/dpetrovitch/dzagcoffee/train_trace/gender/checkpoints_2025-10-08 10:26:11.109161_VicregLoss_gru_catboost/model_128_0.001_3_10_100_256_32_16_256_VicregLoss_gruepoch=12.ckpt,12,30,0.057141755,21.3764,1.6699,0.0003,3.8713,1.609,1.6043,0.4971,473.4889,24.5922,37.2684,1.9357,29.1736,1.5152,26.8,1.3919,24.79,1.2875,23.7254,1.2323,22.4722,1.1672,20.0552,5.2143,1.5785,0.4104,1.2357,0.3213,1.1351,0.2951,1.05,0.273,1.0049,0.2613,0.9518,0.2475,0.0,0.0,0.0,0.0,0.0,0.0,0.0,0.0,0.0,0.0,0.0,0.0,0.0,0.0,0.0,0.0,0.0,0.0,0.0,0.0,0.0,0.0,0.0,0.0,0.0,0.0,0.0,0.0,0.0,0.0,0.0,0.0,0.0,0.0,0.0,0.54,0.5149
128,0.001,3,10,100,32,16,256,184,440338,73,30,VicregLoss,gru,/home/dpetrovitch/dzagcoffee/train_trace/gender/checkpoints_2025-10-08 10:26:11.109161_VicregLoss_gru_catboost/model_128_0.001_3_10_100_256_32_16_256_VicregLoss_gruepoch=13.ckpt,13,30,0.05767287,20.9129,1.6624,0.0004,3.8681,1.6971,1.6989,0.4982,471.1,24.3639,37.3722,1.9328,29.3245,1.5166,27.1947,1.4064,25.3943,1.3133,24.4218,1.263,23.0758,1.1934,24.6608,4.4682,1.9563,0.3545,1.5351,0.2781,1.4236,0.2579,1.3293,0.2409,1.2784,0.2316,1.208,0.2189,0.0,0.0,0.0,0.0,0.0,0.0,0.0,0.0,0.0,0.0,0.0,0.0,0.0,0.0,0.0,0.0,0.0,0.0,0.0,0.0,0.0,0.0,0.0,0.0,0.0,0.0,0.0,0.0,0.0,0.0,0.0,0.0,0.0,0.0,0.0,0.572,0.5568
128,0.001,3,10,100,32,16,256,184,440338,73,30,VicregLoss,gru,/home/dpetrovitch/dzagcoffee/train_trace/gender/checkpoints_2025-10-08 10:26:11.109161_VicregLoss_gru_catboost/model_128_0.001_3_10_100_256_32_16_256_VicregLoss_gruepoch=14.ckpt,14,30,0.057694286,20.2792,1.6643,0.0003,3.8762,1.8335,1.8408,0.4793,452.7254,23.6346,34.6287,1.8078,27.6342,1.4426,25.829,1.3484,24.1425,1.2604,23.1445,1.2083,21.7783,1.1369,20.9943,5.5501,1.6058,0.4245,1.2815,0.3388,1.1978,0.3166,1.1196,0.296,1.0733,0.2837,1.0099,0.267,0.0,0.0,0.0,0.0,0.0,0.0,0.0,0.0,0.0,0.0,0.0,0.0,0.0,0.0,0.0,0.0,0.0,0.0,0.0,0.0,0.0,0.0,0.0,0.0,0.0,0.0,0.0,0.0,0.0,0.0,0.0,0.0,0.0,0.0,0.0,0.536,0.5475
128,0.001,3,10,100,32,16,256,184,440338,73,30,VicregLoss,gru,/home/dpetrovitch/dzagcoffee/train_trace/gender/checkpoints_2025-10-08 10:26:11.109161_VicregLoss_gru_catboost/model_128_0.001_3_10_100_256_32_16_256_VicregLoss_gruepoch=15.ckpt,15,30,0.05804122,20.3675,1.6677,0.0004,3.8408,1.7504,1.7496,0.4918,464.5668,24.0958,35.3491,1.8335,28.1455,1.4598,26.0673,1.352,24.3721,1.2641,23.4392,1.2157,22.2136,1.1522,21.9817,5.285,1.6726,0.4021,1.3318,0.3202,1.2334,0.2965,1.1532,0.2773,1.1091,0.2666,1.0511,0.2527,0.0,0.0,0.0,0.0,0.0,0.0,0.0,0.0,0.0,0.0,0.0,0.0,0.0,0.0,0.0,0.0,0.0,0.0,0.0,0.0,0.0,0.0,0.0,0.0,0.0,0.0,0.0,0.0,0.0,0.0,0.0,0.0,0.0,0.0,0.0,0.528,0.4796
128,0.001,3,10,100,32,16,256,184,440338,73,30,VicregLoss,gru,/home/dpetrovitch/dzagcoffee/train_trace/gender/checkpoints_2025-10-08 10:26:11.109161_VicregLoss_gru_catboost/model_128_0.001_3_10_100_256_32_16_256_VicregLoss_gruepoch=16.ckpt,16,30,0.057206005,20.1998,1.667,0.0004,3.8654,1.8901,1.8691,0.4777,455.308,23.5771,35.9408,1.8611,28.7156,1.487,26.5599,1.3753,24.5792,1.2728,23.3848,1.2109,22.0106,1.1398,24.2343,5.9883,1.913,0.4727,1.5284,0.3777,1.4137,0.3493,1.3083,0.3233,1.2447,0.3076,1.1715,0.2895,0.0,0.0,0.0,0.0,0.0,0.0,0.0,0.0,0.0,0.0,0.0,0.0,0.0,0.0,0.0,0.0,0.0,0.0,0.0,0.0,0.0,0.0,0.0,0.0,0.0,0.0,0.0,0.0,0.0,0.0,0.0,0.0,0.0,0.0,0.0,0.544,0.5083
128,0.001,3,10,100,32,16,256,184,440338,73,30,VicregLoss,gru,/home/dpetrovitch/dzagcoffee/train_trace/gender/checkpoints_2025-10-08 10:26:11.109161_VicregLoss_gru_catboost/model_128_0.001_3_10_100_256_32_16_256_VicregLoss_gruepoch=17.ckpt,17,30,0.05493592,19.8174,1.6631,0.0004,3.847,1.7829,1.7814,0.4845,449.2022,23.1495,35.2708,1.8177,28.1299,1.4497,25.9868,1.3392,24.1103,1.2425,23.0696,1.1889,21.7507,1.1209,21.7335,5.4983,1.7065,0.4317,1.361,0.3443,1.2573,0.3181,1.1665,0.2951,1.1162,0.2824,1.0523,0.2662,0.0,0.0,0.0,0.0,0.0,0.0,0.0,0.0,0.0,0.0,0.0,0.0,0.0,0.0,0.0,0.0,0.0,0.0,0.0,0.0,0.0,0.0,0.0,0.0,0.0,0.0,0.0,0.0,0.0,0.0,0.0,0.0,0.0,0.0,0.0,0.568,0.5166
128,0.001,3,10,100,32,16,256,184,440338,73,30,VicregLoss,gru,/home/dpetrovitch/dzagcoffee/train_trace/gender/checkpoints_2025-10-08 10:26:11.109161_VicregLoss_gru_catboost/model_128_0.001_3_10_100_256_32_16_256_VicregLoss_gruepoch=18.ckpt,18,30,0.053955078,20.9923,1.672,0.0004,3.8658,1.8591,1.8578,0.4772,449.5088,23.1291,39.1126,2.0125,31.0133,1.5958,28.4097,1.4618,26.089,1.3424,24.7457,1.2733,23.0299,1.185,24.1593,4.1846,2.1021,0.3641,1.6668,0.2887,1.5269,0.2645,1.4022,0.2429,1.33,0.2304,1.2378,0.2144,0.0,0.0,0.0,0.0,0.0,0.0,0.0,0.0,0.0,0.0,0.0,0.0,0.0,0.0,0.0,0.0,0.0,0.0,0.0,0.0,0.0,0.0,0.0,0.0,0.0,0.0,0.0,0.0,0.0,0.0,0.0,0.0,0.0,0.0,0.0,0.56,0.4866
128,0.001,3,10,100,32,16,256,184,440338,73,30,VicregLoss,gru,/home/dpetrovitch/dzagcoffee/train_trace/gender/checkpoints_2025-10-08 10:26:11.109161_VicregLoss_gru_catboost/model_128_0.001_3_10_100_256_32_16_256_VicregLoss_gruepoch=19.ckpt,19,30,0.054627538,19.579,1.6713,0.0003,3.8598,1.7586,1.7637,0.4841,450.7576,23.3108,36.2155,1.8729,28.4602,1.4718,26.1251,1.3511,24.1716,1.25,23.1028,1.1948,21.8753,1.1313,22.4866,5.125,1.8067,0.4118,1.4198,0.3236,1.3033,0.297,1.2058,0.2748,1.1525,0.2627,1.0913,0.2487,0.0,0.0,0.0,0.0,0.0,0.0,0.0,0.0,0.0,0.0,0.0,0.0,0.0,0.0,0.0,0.0,0.0,0.0,0.0,0.0,0.0,0.0,0.0,0.0,0.0,0.0,0.0,0.0,0.0,0.0,0.0,0.0,0.0,0.0,0.0,0.516,0.4943
128,0.001,3,10,100,32,16,256,184,440338,73,30,VicregLoss,gru,/home/dpetrovitch/dzagcoffee/train_trace/gender/checkpoints_2025-10-08 10:26:11.109161_VicregLoss_gru_catboost/model_128_0.001_3_10_100_256_32_16_256_VicregLoss_gruepoch=20.ckpt,20,30,0.060632538,19.3247,1.6724,0.0003,3.8778,1.8046,1.8096,0.4873,434.1825,22.3622,35.3884,1.8227,27.947,1.4394,25.8369,1.3307,23.9866,1.2354,22.9548,1.1823,21.6139,1.1132,23.6516,5.3142,1.9277,0.4331,1.5224,0.3421,1.4074,0.3162,1.3066,0.2936,1.2504,0.281,1.1774,0.2645,0.0,0.0,0.0,0.0,0.0,0.0,0.0,0.0,0.0,0.0,0.0,0.0,0.0,0.0,0.0,0.0,0.0,0.0,0.0,0.0,0.0,0.0,0.0,0.0,0.0,0.0,0.0,0.0,0.0,0.0,0.0,0.0,0.0,0.0,0.0,0.552,0.5214
128,0.001,3,10,100,32,16,256,184,440338,73,30,VicregLoss,gru,/home/dpetrovitch/dzagcoffee/train_trace/gender/checkpoints_2025-10-08 10:26:11.109161_VicregLoss_gru_catboost/model_128_0.001_3_10_100_256_32_16_256_VicregLoss_gruepoch=21.ckpt,21,30,0.055445623,19.2794,1.6729,0.0004,3.857,1.9884,1.9843,0.477,442.122,23.0508,35.6852,1.8605,28.4055,1.481,26.1437,1.363,24.1846,1.2609,23.1138,1.2051,21.7353,1.1332,22.7756,5.3453,1.8383,0.4314,1.4633,0.3434,1.3468,0.3161,1.2459,0.2924,1.1907,0.2794,1.1197,0.2628,0.0,0.0,0.0,0.0,0.0,0.0,0.0,0.0,0.0,0.0,0.0,0.0,0.0,0.0,0.0,0.0,0.0,0.0,0.0,0.0,0.0,0.0,0.0,0.0,0.0,0.0,0.0,0.0,0.0,0.0,0.0,0.0,0.0,0.0,0.0,0.54,0.5091
128,0.001,3,10,100,32,16,256,184,440338,73,30,VicregLoss,gru,/home/dpetrovitch/dzagcoffee/train_trace/gender/checkpoints_2025-10-08 10:26:11.109161_VicregLoss_gru_catboost/model_128_0.001_3_10_100_256_32_16_256_VicregLoss_gruepoch=22.ckpt,22,30,0.05330832,18.9885,1.6737,0.0003,3.8631,1.8867,1.8986,0.4809,434.8634,22.586,35.1613,1.8262,28.0039,1.4545,25.8083,1.3404,23.8926,1.2409,22.8159,1.185,21.4711,1.1152,20.1712,5.2044,1.631,0.4208,1.299,0.3351,1.1971,0.3089,1.1083,0.2859,1.0583,0.2731,0.9959,0.257,0.0,0.0,0.0,0.0,0.0,0.0,0.0,0.0,0.0,0.0,0.0,0.0,0.0,0.0,0.0,0.0,0.0,0.0,0.0,0.0,0.0,0.0,0.0,0.0,0.0,0.0,0.0,0.0,0.0,0.0,0.0,0.0,0.0,0.0,0.0,0.532,0.5268
128,0.001,3,10,100,32,16,256,184,440338,73,30,VicregLoss,gru,/home/dpetrovitch/dzagcoffee/train_trace/gender/checkpoints_2025-10-08 10:26:11.109161_VicregLoss_gru_catboost/model_128_0.001_3_10_100_256_32_16_256_VicregLoss_gruepoch=23.ckpt,23,30,0.051719263,18.7507,1.6747,0.0004,3.8518,1.9842,1.9824,0.4783,424.9735,22.1476,34.2711,1.7861,27.2186,1.4185,25.1446,1.3104,23.3225,1.2155,22.3347,1.164,21.0692,1.098,22.5337,5.6259,1.8172,0.4537,1.4432,0.3603,1.3333,0.3329,1.2367,0.3087,1.1843,0.2957,1.1172,0.2789,0.0,0.0,0.0,0.0,0.0,0.0,0.0,0.0,0.0,0.0,0.0,0.0,0.0,0.0,0.0,0.0,0.0,0.0,0.0,0.0,0.0,0.0,0.0,0.0,0.0,0.0,0.0,0.0,0.0,0.0,0.0,0.0,0.0,0.0,0.0,0.524,0.4885
128,0.001,3,10,100,32,16,256,184,440338,73,30,VicregLoss,gru,/home/dpetrovitch/dzagcoffee/train_trace/gender/checkpoints_2025-10-08 10:26:11.109161_VicregLoss_gru_catboost/model_128_0.001_3_10_100_256_32_16_256_VicregLoss_gruepoch=24.ckpt,24,30,0.058293927,18.4933,1.6728,0.0004,3.8523,1.8895,1.8859,0.4786,422.8376,21.8477,35.0476,1.8109,27.759,1.4343,25.5309,1.3192,23.5743,1.2181,22.4843,1.1617,21.1102,1.0908,22.9977,5.4639,1.9062,0.4529,1.5098,0.3587,1.3886,0.3299,1.2822,0.3046,1.2229,0.2905,1.1482,0.2728,0.0,0.0,0.0,0.0,0.0,0.0,0.0,0.0,0.0,0.0,0.0,0.0,0.0,0.0,0.0,0.0,0.0,0.0,0.0,0.0,0.0,0.0,0.0,0.0,0.0,0.0,0.0,0.0,0.0,0.0,0.0,0.0,0.0,0.0,0.0,0.52,0.4914
128,0.001,3,10,100,32,16,256,184,440338,73,30,VicregLoss,gru,/home/dpetrovitch/dzagcoffee/train_trace/gender/checkpoints_2025-10-08 10:26:11.109161_VicregLoss_gru_catboost/model_128_0.001_3_10_100_256_32_16_256_VicregLoss_gruepoch=25.ckpt,25,30,0.057021827,18.4374,1.6745,0.0003,3.863,1.7559,1.7586,0.4839,423.6872,22.098,35.1116,1.8313,27.6684,1.4431,25.3759,1.3235,23.4729,1.2243,22.4455,1.1707,21.0972,1.1004,24.3094,6.0347,2.0146,0.5001,1.5875,0.3941,1.456,0.3614,1.3468,0.3343,1.2878,0.3197,1.2105,0.3005,0.0,0.0,0.0,0.0,0.0,0.0,0.0,0.0,0.0,0.0,0.0,0.0,0.0,0.0,0.0,0.0,0.0,0.0,0.0,0.0,0.0,0.0,0.0,0.0,0.0,0.0,0.0,0.0,0.0,0.0,0.0,0.0,0.0,0.0,0.0,0.548,0.5257
128,0.001,3,10,100,32,16,256,184,440338,73,30,VicregLoss,gru,/home/dpetrovitch/dzagcoffee/train_trace/gender/checkpoints_2025-10-08 10:26:11.109161_VicregLoss_gru_catboost/model_128_0.001_3_10_100_256_32_16_256_VicregLoss_gruepoch=26.ckpt,26,30,0.055642646,17.821,1.6723,0.0003,3.8666,1.789,1.7881,0.483,411.7134,21.5155,33.1778,1.7338,26.4505,1.3823,24.3526,1.2726,22.5351,1.1776,21.5224,1.1247,20.2647,1.059,20.7005,5.7206,1.6681,0.461,1.3299,0.3675,1.2244,0.3384,1.133,0.3131,1.0821,0.299,1.0189,0.2816,0.0,0.0,0.0,0.0,0.0,0.0,0.0,0.0,0.0,0.0,0.0,0.0,0.0,0.0,0.0,0.0,0.0,0.0,0.0,0.0,0.0,0.0,0.0,0.0,0.0,0.0,0.0,0.0,0.0,0.0,0.0,0.0,0.0,0.0,0.0,0.532,0.5074
128,0.001,3,10,100,32,16,256,184,440338,73,30,VicregLoss,gru,/home/dpetrovitch/dzagcoffee/train_trace/gender/checkpoints_2025-10-08 10:26:11.109161_VicregLoss_gru_catboost/model_128_0.001_3_10_100_256_32_16_256_VicregLoss_gruepoch=27.ckpt,27,30,0.0578185,18.02,1.6722,0.0003,3.8806,1.7449,1.7481,0.4857,411.5178,21.4948,34.4864,1.8013,27.1413,1.4177,24.9059,1.3009,22.9539,1.199,21.8831,1.143,20.5323,1.0725,17.8541,5.6204,1.4962,0.471,1.1776,0.3707,1.0806,0.3402,0.9959,0.3135,0.9494,0.2989,0.8908,0.2804,0.0,0.0,0.0,0.0,0.0,0.0,0.0,0.0,0.0,0.0,0.0,0.0,0.0,0.0,0.0,0.0,0.0,0.0,0.0,0.0,0.0,0.0,0.0,0.0,0.0,0.0,0.0,0.0,0.0,0.0,0.0,0.0,0.0,0.0,0.0,0.532,0.5028
128,0.001,3,10,100,32,16,256,184,440338,73,30,VicregLoss,gru,/home/dpetrovitch/dzagcoffee/train_trace/gender/checkpoints_2025-10-08 10:26:11.109161_VicregLoss_gru_catboost/model_128_0.001_3_10_100_256_32_16_256_VicregLoss_gruepoch=28.ckpt,28,30,0.056332234,17.2844,1.6696,0.0003,3.8655,1.811,1.8101,0.4816,402.4854,20.7855,32.816,1.6947,26.0119,1.3433,24.0285,1.2409,22.2703,1.1501,21.2879,1.0994,20.0382,1.0348,23.3922,5.87,1.9072,0.4786,1.5118,0.3794,1.3965,0.3504,1.2943,0.3248,1.2372,0.3105,1.1646,0.2922,0.0,0.0,0.0,0.0,0.0,0.0,0.0,0.0,0.0,0.0,0.0,0.0,0.0,0.0,0.0,0.0,0.0,0.0,0.0,0.0,0.0,0.0,0.0,0.0,0.0,0.0,0.0,0.0,0.0,0.0,0.0,0.0,0.0,0.0,0.0,0.552,0.5219
128,0.001,3,10,100,32,16,256,184,440338,73,30,VicregLoss,gru,/home/dpetrovitch/dzagcoffee/train_trace/gender/checkpoints_2025-10-08 10:26:11.109161_VicregLoss_gru_catboost/model_128_0.001_3_10_100_256_32_16_256_VicregLoss_gruepoch=29.ckpt,29,30,0.061643366,18.0514,1.6752,0.0003,3.8899,1.8592,1.8661,0.48,407.3986,21.2532,34.8807,1.8197,27.567,1.4381,25.2351,1.3165,23.2014,1.2104,22.089,1.1523,20.7066,1.0802,22.1463,4.9305,1.8961,0.4221,1.4985,0.3336,1.3718,0.3054,1.2612,0.2808,1.2008,0.2673,1.1256,0.2506,0.0,0.0,0.0,0.0,0.0,0.0,0.0,0.0,0.0,0.0,0.0,0.0,0.0,0.0,0.0,0.0,0.0,0.0,0.0,0.0,0.0,0.0,0.0,0.0,0.0,0.0,0.0,0.0,0.0,0.0,0.0,0.0,0.0,0.0,0.0,0.508,0.4976
128,0.001,3,10,100,32,16,256,184,440338,73,30,VicregLoss,lstm,/home/dpetrovitch/dzagcoffee/train_trace/gender/checkpoints_2025-10-08 10:26:11.109161_VicregLoss_gru_catboost/model_128_0.001_3_10_100_256_32_16_256_VicregLoss_lstmepoch=00.ckpt,0,30,0.04775733,22.656,1.6695,0.0002,4.5977,1.0305,1.0263,0.893,213.2436,10.9093,58.2367,2.9793,26.802,1.3712,24.9521,1.2765,23.5388,1.2042,22.8235,1.1676,21.778,1.1141,7.3522,0.6681,2.0079,0.1825,0.9241,0.084,0.8603,0.0782,0.8116,0.0737,0.7869,0.0715,0.7509,0.0682,0.0,0.0,0.0,0.0,0.0,0.0,0.0,0.0,0.0,0.0,0.0,0.0,0.0,0.0,0.0,0.0,0.0,0.0,0.0,0.0,0.0,0.0,0.0,0.0,0.0,0.0,0.0,0.0,0.0,0.0,0.0,0.0,0.0,0.0,0.0,0.536,0.486
128,0.001,3,10,100,32,16,256,184,440338,73,30,VicregLoss,lstm,/home/dpetrovitch/dzagcoffee/train_trace/gender/checkpoints_2025-10-08 10:26:11.109161_VicregLoss_gru_catboost/model_128_0.001_3_10_100_256_32_16_256_VicregLoss_lstmepoch=01.ckpt,1,30,0.034351014,7.8618,1.6778,1e-04,5.1153,1.0042,1.0058,0.9547,153.6788,8.6746,39.8856,2.2514,12.3577,0.6975,11.9439,0.6742,11.6289,0.6564,11.4632,0.6471,11.2426,0.6346,4.3565,0.3873,1.1307,0.1005,0.3503,0.0311,0.3386,0.0301,0.3297,0.0293,0.325,0.0289,0.3187,0.0283,0.0,0.0,0.0,0.0,0.0,0.0,0.0,0.0,0.0,0.0,0.0,0.0,0.0,0.0,0.0,0.0,0.0,0.0,0.0,0.0,0.0,0.0,0.0,0.0,0.0,0.0,0.0,0.0,0.0,0.0,0.0,0.0,0.0,0.0,0.0,0.532,0.4848
128,0.001,3,10,100,32,16,256,184,440338,73,30,VicregLoss,lstm,/home/dpetrovitch/dzagcoffee/train_trace/gender/checkpoints_2025-10-08 10:26:11.109161_VicregLoss_gru_catboost/model_128_0.001_3_10_100_256_32_16_256_VicregLoss_lstmepoch=02.ckpt,2,30,0.04272889,12.752,1.674,1e-04,4.7025,1.0109,1.0136,0.8424,191.8334,10.1146,38.4592,2.0278,18.8967,0.9963,17.5792,0.9269,16.6123,0.8759,16.154,0.8517,15.5272,0.8187,5.0891,0.4939,1.0203,0.099,0.5013,0.0487,0.4663,0.0453,0.4407,0.0428,0.4285,0.0416,0.4119,0.04,0.0,0.0,0.0,0.0,0.0,0.0,0.0,0.0,0.0,0.0,0.0,0.0,0.0,0.0,0.0,0.0,0.0,0.0,0.0,0.0,0.0,0.0,0.0,0.0,0.0,0.0,0.0,0.0,0.0,0.0,0.0,0.0,0.0,0.0,0.0,0.548,0.4916
128,0.001,3,10,100,32,16,256,184,440338,73,30,VicregLoss,lstm,/home/dpetrovitch/dzagcoffee/train_trace/gender/checkpoints_2025-10-08 10:26:11.109161_VicregLoss_gru_catboost/model_128_0.001_3_10_100_256_32_16_256_VicregLoss_lstmepoch=03.ckpt,3,30,0.032744825,11.411,1.6772,1e-04,4.9379,1.017,1.0096,0.9563,155.8045,8.6142,29.3913,1.625,14.4065,0.7965,13.8912,0.768,13.4641,0.7444,13.2104,0.7304,12.8504,0.7105,4.4943,0.412,0.8478,0.0777,0.4156,0.0381,0.4007,0.0367,0.3884,0.0356,0.3811,0.0349,0.3707,0.034,0.0,0.0,0.0,0.0,0.0,0.0,0.0,0.0,0.0,0.0,0.0,0.0,0.0,0.0,0.0,0.0,0.0,0.0,0.0,0.0,0.0,0.0,0.0,0.0,0.0,0.0,0.0,0.0,0.0,0.0,0.0,0.0,0.0,0.0,0.0,0.556,0.5238
128,0.001,3,10,100,32,16,256,184,440338,73,30,VicregLoss,lstm,/home/dpetrovitch/dzagcoffee/train_trace/gender/checkpoints_2025-10-08 10:26:11.109161_VicregLoss_gru_catboost/model_128_0.001_3_10_100_256_32_16_256_VicregLoss_lstmepoch=04.ckpt,4,30,0.034835014,6.0655,1.6767,0.0,5.4557,1.0039,1.0062,0.9787,150.4167,8.6553,67.8178,3.9024,11.3055,0.6505,10.7605,0.6192,10.1281,0.5828,9.8621,0.5675,9.5391,0.5489,4.355,0.412,1.9635,0.1858,0.3273,0.031,0.3115,0.0295,0.2932,0.0277,0.2855,0.027,0.2762,0.0261,0.0,0.0,0.0,0.0,0.0,0.0,0.0,0.0,0.0,0.0,0.0,0.0,0.0,0.0,0.0,0.0,0.0,0.0,0.0,0.0,0.0,0.0,0.0,0.0,0.0,0.0,0.0,0.0,0.0,0.0,0.0,0.0,0.0,0.0,0.0,0.536,0.5444
128,0.001,3,10,100,32,16,256,184,440338,73,30,VicregLoss,lstm,/home/dpetrovitch/dzagcoffee/train_trace/gender/checkpoints_2025-10-08 10:26:11.109161_VicregLoss_gru_catboost/model_128_0.001_3_10_100_256_32_16_256_VicregLoss_lstmepoch=05.ckpt,5,30,0.026422868,5.591,1.6783,0.0,5.3335,1.0029,1.0036,0.9855,139.0046,11.0821,54.7832,4.3676,9.9201,0.7909,9.5438,0.7609,9.1013,0.7256,8.8973,0.7093,8.638,0.6887,3.9006,0.3666,1.5373,0.1445,0.2784,0.0262,0.2678,0.0252,0.2554,0.024,0.2497,0.0235,0.2424,0.0228,0.0,0.0,0.0,0.0,0.0,0.0,0.0,0.0,0.0,0.0,0.0,0.0,0.0,0.0,0.0,0.0,0.0,0.0,0.0,0.0,0.0,0.0,0.0,0.0,0.0,0.0,0.0,0.0,0.0,0.0,0.0,0.0,0.0,0.0,0.0,0.572,0.5413
128,0.001,3,10,100,32,16,256,184,440338,73,30,VicregLoss,lstm,/home/dpetrovitch/dzagcoffee/train_trace/gender/checkpoints_2025-10-08 10:26:11.109161_VicregLoss_gru_catboost/model_128_0.001_3_10_100_256_32_16_256_VicregLoss_lstmepoch=06.ckpt,6,30,0.028800027,5.5721,1.6786,0.0,5.2758,1.0024,1.003,0.9863,136.7479,10.6056,43.9512,3.4087,9.8815,0.7664,9.4611,0.7338,8.9793,0.6964,8.7645,0.6797,8.4917,0.6586,3.8375,0.3671,1.2334,0.118,0.2773,0.0265,0.2655,0.0254,0.252,0.0241,0.246,0.0235,0.2383,0.0228,0.0,0.0,0.0,0.0,0.0,0.0,0.0,0.0,0.0,0.0,0.0,0.0,0.0,0.0,0.0,0.0,0.0,0.0,0.0,0.0,0.0,0.0,0.0,0.0,0.0,0.0,0.0,0.0,0.0,0.0,0.0,0.0,0.0,0.0,0.0,0.552,0.5302
128,0.001,3,10,100,32,16,256,184,440338,73,30,VicregLoss,lstm,/home/dpetrovitch/dzagcoffee/train_trace/gender/checkpoints_2025-10-08 10:26:11.109161_VicregLoss_gru_catboost/model_128_0.001_3_10_100_256_32_16_256_VicregLoss_lstmepoch=07.ckpt,7,30,0.026461417,8.3063,1.6787,1e-04,5.0758,1.0077,1.0104,0.9817,144.9354,9.3889,85.7698,5.5561,13.4741,0.8728,12.5417,0.8124,11.8737,0.7692,11.432,0.7406,10.7959,0.6994,4.6859,0.4429,2.773,0.2621,0.4356,0.0412,0.4055,0.0383,0.3839,0.0363,0.3696,0.0349,0.349,0.033,0.0,0.0,0.0,0.0,0.0,0.0,0.0,0.0,0.0,0.0,0.0,0.0,0.0,0.0,0.0,0.0,0.0,0.0,0.0,0.0,0.0,0.0,0.0,0.0,0.0,0.0,0.0,0.0,0.0,0.0,0.0,0.0,0.0,0.0,0.0,0.544,0.4889
128,0.001,3,10,100,32,16,256,184,440338,73,30,VicregLoss,lstm,/home/dpetrovitch/dzagcoffee/train_trace/gender/checkpoints_2025-10-08 10:26:11.109161_VicregLoss_gru_catboost/model_128_0.001_3_10_100_256_32_16_256_VicregLoss_lstmepoch=08.ckpt,8,30,0.027622156,3.97,1.6796,0.0,5.9979,1.0042,1.0076,0.9301,121.115,12.3156,68.5433,6.9698,7.2058,0.7327,6.874,0.699,6.6345,0.6746,6.5285,0.6638,6.4222,0.653,2.4643,0.2982,1.3946,0.1687,0.1466,0.0177,0.1399,0.0169,0.135,0.0163,0.1328,0.0161,0.1307,0.0158,0.0,0.0,0.0,0.0,0.0,0.0,0.0,0.0,0.0,0.0,0.0,0.0,0.0,0.0,0.0,0.0,0.0,0.0,0.0,0.0,0.0,0.0,0.0,0.0,0.0,0.0,0.0,0.0,0.0,0.0,0.0,0.0,0.0,0.0,0.0,0.524,0.5008
128,0.001,3,10,100,32,16,256,184,440338,73,30,VicregLoss,lstm,/home/dpetrovitch/dzagcoffee/train_trace/gender/checkpoints_2025-10-08 10:26:11.109161_VicregLoss_gru_catboost/model_128_0.001_3_10_100_256_32_16_256_VicregLoss_lstmepoch=09.ckpt,9,30,0.028658682,3.2655,1.6733,0.0,5.3286,1.0009,1.0014,0.9717,104.5206,12.0391,46.5351,5.3601,6.1721,0.7109,5.9712,0.6878,5.7759,0.6653,5.6835,0.6546,5.5718,0.6418,2.2612,0.2428,1.0067,0.1081,0.1335,0.0143,0.1292,0.0139,0.125,0.0134,0.123,0.0132,0.1205,0.0129,0.0,0.0,0.0,0.0,0.0,0.0,0.0,0.0,0.0,0.0,0.0,0.0,0.0,0.0,0.0,0.0,0.0,0.0,0.0,0.0,0.0,0.0,0.0,0.0,0.0,0.0,0.0,0.0,0.0,0.0,0.0,0.0,0.0,0.0,0.0,0.536,0.5163
128,0.001,3,10,100,32,16,256,184,440338,73,30,VicregLoss,lstm,/home/dpetrovitch/dzagcoffee/train_trace/gender/checkpoints_2025-10-08 10:26:11.109161_VicregLoss_gru_catboost/model_128_0.001_3_10_100_256_32_16_256_VicregLoss_lstmepoch=10.ckpt,10,30,0.026744107,3.9964,1.6778,0.0,5.0827,1.0017,1.0022,0.9724,113.9006,9.8652,15.4067,1.3344,6.9305,0.6003,6.7116,0.5813,6.4653,0.56,6.3515,0.5501,6.2337,0.5399,2.9183,0.2954,0.3947,0.04,0.1776,0.018,0.172,0.0174,0.1656,0.0168,0.1627,0.0165,0.1597,0.0162,0.0,0.0,0.0,0.0,0.0,0.0,0.0,0.0,0.0,0.0,0.0,0.0,0.0,0.0,0.0,0.0,0.0,0.0,0.0,0.0,0.0,0.0,0.0,0.0,0.0,0.0,0.0,0.0,0.0,0.0,0.0,0.0,0.0,0.0,0.0,0.548,0.5079
128,0.001,3,10,100,32,16,256,184,440338,73,30,VicregLoss,lstm,/home/dpetrovitch/dzagcoffee/train_trace/gender/checkpoints_2025-10-08 10:26:11.109161_VicregLoss_gru_catboost/model_128_0.001_3_10_100_256_32_16_256_VicregLoss_lstmepoch=11.ckpt,11,30,0.02892424,3.546,1.6786,0.0,5.2804,1.0012,1.0019,0.972,108.1246,10.2875,45.2764,4.3078,6.5716,0.6252,6.3337,0.6026,6.0879,0.5792,5.9856,0.5695,5.8777,0.5592,2.529,0.2469,1.059,0.1034,0.1537,0.015,0.1481,0.0145,0.1424,0.0139,0.14,0.0137,0.1375,0.0134,0.0,0.0,0.0,0.0,0.0,0.0,0.0,0.0,0.0,0.0,0.0,0.0,0.0,0.0,0.0,0.0,0.0,0.0,0.0,0.0,0.0,0.0,0.0,0.0,0.0,0.0,0.0,0.0,0.0,0.0,0.0,0.0,0.0,0.0,0.0,0.528,0.519
128,0.001,3,10,100,32,16,256,184,440338,73,30,VicregLoss,lstm,/home/dpetrovitch/dzagcoffee/train_trace/gender/checkpoints_2025-10-08 10:26:11.109161_VicregLoss_gru_catboost/model_128_0.001_3_10_100_256_32_16_256_VicregLoss_lstmepoch=12.ckpt,12,30,0.03002073,3.7541,1.6786,0.0,5.3712,1.0017,1.0025,0.9497,111.7674,9.1153,42.4622,3.4631,6.7488,0.5504,6.4944,0.5297,6.2347,0.5085,6.1249,0.4995,6.0037,0.4896,2.2577,0.2775,0.8577,0.1054,0.1363,0.0168,0.1312,0.0161,0.1259,0.0155,0.1237,0.0152,0.1213,0.0149,0.0,0.0,0.0,0.0,0.0,0.0,0.0,0.0,0.0,0.0,0.0,0.0,0.0,0.0,0.0,0.0,0.0,0.0,0.0,0.0,0.0,0.0,0.0,0.0,0.0,0.0,0.0,0.0,0.0,0.0,0.0,0.0,0.0,0.0,0.0,0.512,0.5144
128,0.001,3,10,100,32,16,256,184,440338,73,30,VicregLoss,lstm,/home/dpetrovitch/dzagcoffee/train_trace/gender/checkpoints_2025-10-08 10:26:11.109161_VicregLoss_gru_catboost/model_128_0.001_3_10_100_256_32_16_256_VicregLoss_lstmepoch=13.ckpt,13,30,0.028577304,8.446,1.6761,1e-04,5.0322,1.0184,1.0049,0.9574,135.598,9.4418,40.2839,2.805,11.0235,0.7676,10.4334,0.7265,9.4496,0.658,9.0724,0.6317,8.7388,0.6085,3.6376,0.3547,1.0807,0.1054,0.2957,0.0288,0.2799,0.0273,0.2535,0.0247,0.2434,0.0237,0.2344,0.0229,0.0,0.0,0.0,0.0,0.0,0.0,0.0,0.0,0.0,0.0,0.0,0.0,0.0,0.0,0.0,0.0,0.0,0.0,0.0,0.0,0.0,0.0,0.0,0.0,0.0,0.0,0.0,0.0,0.0,0.0,0.0,0.0,0.0,0.0,0.0,0.528,0.4856
128,0.001,3,10,100,32,16,256,184,440338,73,30,VicregLoss,lstm,/home/dpetrovitch/dzagcoffee/train_trace/gender/checkpoints_2025-10-08 10:26:11.109161_VicregLoss_gru_catboost/model_128_0.001_3_10_100_256_32_16_256_VicregLoss_lstmepoch=14.ckpt,14,30,0.03575589,3.6961,1.6791,0.0,5.2672,1.0014,1.0023,0.9683,109.7126,10.5421,41.288,3.9673,6.817,0.655,6.5074,0.6253,6.1728,0.5931,6.0437,0.5807,5.908,0.5677,2.048,0.2408,0.7707,0.0906,0.1273,0.015,0.1215,0.0143,0.1152,0.0136,0.1128,0.0133,0.1103,0.013,0.0,0.0,0.0,0.0,0.0,0.0,0.0,0.0,0.0,0.0,0.0,0.0,0.0,0.0,0.0,0.0,0.0,0.0,0.0,0.0,0.0,0.0,0.0,0.0,0.0,0.0,0.0,0.0,0.0,0.0,0.0,0.0,0.0,0.0,0.0,0.524,0.4908
128,0.001,3,10,100,32,16,256,184,440338,73,30,VicregLoss,lstm,/home/dpetrovitch/dzagcoffee/train_trace/gender/checkpoints_2025-10-08 10:26:11.109161_VicregLoss_gru_catboost/model_128_0.001_3_10_100_256_32_16_256_VicregLoss_lstmepoch=15.ckpt,15,30,0.033742804,3.1913,1.6777,0.0,5.4119,1.0009,1.0016,0.9777,101.3343,11.1879,50.06,5.5269,6.3321,0.6991,5.9976,0.6622,5.6963,0.6289,5.5816,0.6162,5.4745,0.6044,2.0489,0.2174,1.0122,0.1074,0.128,0.0136,0.1213,0.0129,0.1152,0.0122,0.1129,0.012,0.1107,0.0117,0.0,0.0,0.0,0.0,0.0,0.0,0.0,0.0,0.0,0.0,0.0,0.0,0.0,0.0,0.0,0.0,0.0,0.0,0.0,0.0,0.0,0.0,0.0,0.0,0.0,0.0,0.0,0.0,0.0,0.0,0.0,0.0,0.0,0.0,0.0,0.532,0.4864
128,0.001,3,10,100,32,16,256,184,440338,73,30,VicregLoss,lstm,/home/dpetrovitch/dzagcoffee/train_trace/gender/checkpoints_2025-10-08 10:26:11.109161_VicregLoss_gru_catboost/model_128_0.001_3_10_100_256_32_16_256_VicregLoss_lstmepoch=16.ckpt,16,30,0.03062894,4.2616,1.6788,0.0,5.2021,1.0017,1.0028,0.9646,118.8848,9.4875,35.9675,2.8704,7.9866,0.6374,7.4715,0.5963,6.9446,0.5542,6.7649,0.5399,6.5938,0.5262,2.2482,0.2528,0.6802,0.0765,0.151,0.017,0.1413,0.0159,0.1313,0.0148,0.1279,0.0144,0.1247,0.014,0.0,0.0,0.0,0.0,0.0,0.0,0.0,0.0,0.0,0.0,0.0,0.0,0.0,0.0,0.0,0.0,0.0,0.0,0.0,0.0,0.0,0.0,0.0,0.0,0.0,0.0,0.0,0.0,0.0,0.0,0.0,0.0,0.0,0.0,0.0,0.516,0.5004
128,0.001,3,10,100,32,16,256,184,440338,73,30,VicregLoss,lstm,/home/dpetrovitch/dzagcoffee/train_trace/gender/checkpoints_2025-10-08 10:26:11.109161_VicregLoss_gru_catboost/model_128_0.001_3_10_100_256_32_16_256_VicregLoss_lstmepoch=17.ckpt,17,30,0.028127572,3.836,1.6794,0.0,5.3046,1.0022,1.0036,0.9622,112.2464,10.8057,44.3747,4.2718,7.154,0.6887,6.7493,0.6497,6.3836,0.6145,6.2326,0.6,6.0822,0.5855,1.9919,0.2574,0.7875,0.1018,0.127,0.0164,0.1198,0.0155,0.1133,0.0146,0.1106,0.0143,0.1079,0.0139,0.0,0.0,0.0,0.0,0.0,0.0,0.0,0.0,0.0,0.0,0.0,0.0,0.0,0.0,0.0,0.0,0.0,0.0,0.0,0.0,0.0,0.0,0.0,0.0,0.0,0.0,0.0,0.0,0.0,0.0,0.0,0.0,0.0,0.0,0.0,0.516,0.5388
128,0.001,3,10,100,32,16,256,184,440338,73,30,VicregLoss,lstm,/home/dpetrovitch/dzagcoffee/train_trace/gender/checkpoints_2025-10-08 10:26:11.109161_VicregLoss_gru_catboost/model_128_0.001_3_10_100_256_32_16_256_VicregLoss_lstmepoch=18.ckpt,18,30,0.032213714,4.0433,1.6794,0.0,5.4739,1.0033,1.0066,0.9634,116.9252,11.1906,57.455,5.4988,7.6838,0.7354,7.2539,0.6942,6.8801,0.6585,6.7255,0.6437,6.5671,0.6285,2.4975,0.2872,1.2273,0.1411,0.1641,0.0189,0.1549,0.0178,0.147,0.0169,0.1437,0.0165,0.1403,0.0161,0.0,0.0,0.0,0.0,0.0,0.0,0.0,0.0,0.0,0.0,0.0,0.0,0.0,0.0,0.0,0.0,0.0,0.0,0.0,0.0,0.0,0.0,0.0,0.0,0.0,0.0,0.0,0.0,0.0,0.0,0.0,0.0,0.0,0.0,0.0,0.516,0.4579
128,0.001,3,10,100,32,16,256,184,440338,73,30,VicregLoss,lstm,/home/dpetrovitch/dzagcoffee/train_trace/gender/checkpoints_2025-10-08 10:26:11.109161_VicregLoss_gru_catboost/model_128_0.001_3_10_100_256_32_16_256_VicregLoss_lstmepoch=19.ckpt,19,30,0.033537213,4.2773,1.6777,0.0,5.2265,1.0017,1.0027,0.9769,112.7638,8.6927,44.2325,3.4098,7.7551,0.5978,7.3846,0.5693,6.9793,0.538,6.8214,0.5258,6.6484,0.5125,2.4518,0.2566,0.9617,0.1007,0.1686,0.0176,0.1606,0.0168,0.1517,0.0159,0.1483,0.0155,0.1446,0.0151,0.0,0.0,0.0,0.0,0.0,0.0,0.0,0.0,0.0,0.0,0.0,0.0,0.0,0.0,0.0,0.0,0.0,0.0,0.0,0.0,0.0,0.0,0.0,0.0,0.0,0.0,0.0,0.0,0.0,0.0,0.0,0.0,0.0,0.0,0.0,0.532,0.4721
128,0.001,3,10,100,32,16,256,184,440338,73,30,VicregLoss,lstm,/home/dpetrovitch/dzagcoffee/train_trace/gender/checkpoints_2025-10-08 10:26:11.109161_VicregLoss_gru_catboost/model_128_0.001_3_10_100_256_32_16_256_VicregLoss_lstmepoch=20.ckpt,20,30,0.030568978,4.2849,1.6792,0.0,5.324,1.0023,1.0038,0.971,115.5726,9.6639,53.9803,4.5137,8.1565,0.682,7.6983,0.6437,7.2411,0.6055,7.0629,0.5906,6.8777,0.5751,2.5511,0.2676,1.1915,0.125,0.18,0.0189,0.1699,0.0178,0.1598,0.0168,0.1559,0.0164,0.1518,0.0159,0.0,0.0,0.0,0.0,0.0,0.0,0.0,0.0,0.0,0.0,0.0,0.0,0.0,0.0,0.0,0.0,0.0,0.0,0.0,0.0,0.0,0.0,0.0,0.0,0.0,0.0,0.0,0.0,0.0,0.0,0.0,0.0,0.0,0.0,0.0,0.54,0.4842
128,0.001,3,10,100,32,16,256,184,440338,73,30,VicregLoss,lstm,/home/dpetrovitch/dzagcoffee/train_trace/gender/checkpoints_2025-10-08 10:26:11.109161_VicregLoss_gru_catboost/model_128_0.001_3_10_100_256_32_16_256_VicregLoss_lstmepoch=21.ckpt,21,30,0.029022753,5.2266,1.6684,0.0,5.0528,1.0022,1.0028,0.9865,119.4395,9.5477,36.7382,2.9368,8.9739,0.7173,8.5203,0.6811,7.9294,0.6339,7.699,0.6154,7.4847,0.5983,2.7038,0.2818,0.8317,0.0867,0.2031,0.0212,0.1929,0.0201,0.1795,0.0187,0.1743,0.0182,0.1694,0.0177,0.0,0.0,0.0,0.0,0.0,0.0,0.0,0.0,0.0,0.0,0.0,0.0,0.0,0.0,0.0,0.0,0.0,0.0,0.0,0.0,0.0,0.0,0.0,0.0,0.0,0.0,0.0,0.0,0.0,0.0,0.0,0.0,0.0,0.0,0.0,0.516,0.5141
128,0.001,3,10,100,32,16,256,184,440338,73,30,VicregLoss,lstm,/home/dpetrovitch/dzagcoffee/train_trace/gender/checkpoints_2025-10-08 10:26:11.109161_VicregLoss_gru_catboost/model_128_0.001_3_10_100_256_32_16_256_VicregLoss_lstmepoch=22.ckpt,22,30,0.03227796,6.3267,1.6693,0.0,5.0287,1.0039,1.0033,0.9842,121.5597,8.2337,18.8513,1.2769,9.5226,0.645,9.049,0.6129,8.3818,0.5677,8.0945,0.5483,7.8432,0.5312,3.3549,0.3306,0.5203,0.0513,0.2628,0.0259,0.2497,0.0246,0.2313,0.0228,0.2234,0.022,0.2165,0.0213,0.0,0.0,0.0,0.0,0.0,0.0,0.0,0.0,0.0,0.0,0.0,0.0,0.0,0.0,0.0,0.0,0.0,0.0,0.0,0.0,0.0,0.0,0.0,0.0,0.0,0.0,0.0,0.0,0.0,0.0,0.0,0.0,0.0,0.0,0.0,0.54,0.5155
128,0.001,3,10,100,32,16,256,184,440338,73,30,VicregLoss,lstm,/home/dpetrovitch/dzagcoffee/train_trace/gender/checkpoints_2025-10-08 10:26:11.109161_VicregLoss_gru_catboost/model_128_0.001_3_10_100_256_32_16_256_VicregLoss_lstmepoch=23.ckpt,23,30,0.033798486,4.6161,1.6793,0.0,5.2389,1.0033,1.0063,0.9613,121.7055,10.4451,61.6116,5.2877,8.3467,0.7163,7.92,0.6797,7.5277,0.646,7.3546,0.6312,7.1571,0.6142,2.3797,0.2642,1.2047,0.1337,0.1632,0.0181,0.1549,0.0172,0.1472,0.0163,0.1438,0.016,0.1399,0.0155,0.0,0.0,0.0,0.0,0.0,0.0,0.0,0.0,0.0,0.0,0.0,0.0,0.0,0.0,0.0,0.0,0.0,0.0,0.0,0.0,0.0,0.0,0.0,0.0,0.0,0.0,0.0,0.0,0.0,0.0,0.0,0.0,0.0,0.0,0.0,0.472,0.4517
128,0.001,3,10,100,32,16,256,184,440338,73,30,VicregLoss,lstm,/home/dpetrovitch/dzagcoffee/train_trace/gender/checkpoints_2025-10-08 10:26:11.109161_VicregLoss_gru_catboost/model_128_0.001_3_10_100_256_32_16_256_VicregLoss_lstmepoch=24.ckpt,24,30,0.0311986,5.0566,1.678,0.0,5.1153,1.0035,1.0055,0.9585,122.6262,9.281,45.6376,3.4541,8.5651,0.6483,8.087,0.6121,7.626,0.5772,7.4474,0.5637,7.214,0.546,2.4542,0.2581,0.9134,0.0961,0.1714,0.018,0.1619,0.017,0.1526,0.0161,0.1491,0.0157,0.1444,0.0152,0.0,0.0,0.0,0.0,0.0,0.0,0.0,0.0,0.0,0.0,0.0,0.0,0.0,0.0,0.0,0.0,0.0,0.0,0.0,0.0,0.0,0.0,0.0,0.0,0.0,0.0,0.0,0.0,0.0,0.0,0.0,0.0,0.0,0.0,0.0,0.5,0.4881
128,0.001,3,10,100,32,16,256,184,440338,73,30,VicregLoss,lstm,/home/dpetrovitch/dzagcoffee/train_trace/gender/checkpoints_2025-10-08 10:26:11.109161_VicregLoss_gru_catboost/model_128_0.001_3_10_100_256_32_16_256_VicregLoss_lstmepoch=25.ckpt,25,30,0.030671773,4.9305,1.6772,0.0,5.0921,1.0032,1.0051,0.9575,120.8216,9.195,44.383,3.3777,8.5349,0.6495,8.0412,0.612,7.5597,0.5753,7.3791,0.5616,7.1478,0.544,2.5798,0.2721,0.9477,0.0999,0.1822,0.0192,0.1717,0.0181,0.1614,0.017,0.1576,0.0166,0.1526,0.0161,0.0,0.0,0.0,0.0,0.0,0.0,0.0,0.0,0.0,0.0,0.0,0.0,0.0,0.0,0.0,0.0,0.0,0.0,0.0,0.0,0.0,0.0,0.0,0.0,0.0,0.0,0.0,0.0,0.0,0.0,0.0,0.0,0.0,0.0,0.0,0.56,0.5099
128,0.001,3,10,100,32,16,256,184,440338,73,30,VicregLoss,lstm,/home/dpetrovitch/dzagcoffee/train_trace/gender/checkpoints_2025-10-08 10:26:11.109161_VicregLoss_gru_catboost/model_128_0.001_3_10_100_256_32_16_256_VicregLoss_lstmepoch=26.ckpt,26,30,0.028110437,5.1545,1.6769,0.0,5.0493,1.0035,1.0054,0.9569,124.1316,9.224,43.5662,3.2373,8.8751,0.6595,8.3497,0.6205,7.8423,0.5827,7.6478,0.5683,7.4031,0.5501,2.7909,0.2881,0.9795,0.1011,0.1995,0.0206,0.1877,0.0194,0.1763,0.0182,0.1719,0.0178,0.1664,0.0172,0.0,0.0,0.0,0.0,0.0,0.0,0.0,0.0,0.0,0.0,0.0,0.0,0.0,0.0,0.0,0.0,0.0,0.0,0.0,0.0,0.0,0.0,0.0,0.0,0.0,0.0,0.0,0.0,0.0,0.0,0.0,0.0,0.0,0.0,0.0,0.532,0.4949
128,0.001,3,10,100,32,16,256,184,440338,73,30,VicregLoss,lstm,/home/dpetrovitch/dzagcoffee/train_trace/gender/checkpoints_2025-10-08 10:26:11.109161_VicregLoss_gru_catboost/model_128_0.001_3_10_100_256_32_16_256_VicregLoss_lstmepoch=27.ckpt,27,30,0.033027515,5.0646,1.6774,0.0,5.0731,1.0033,1.0052,0.954,123.0921,9.7653,43.1109,3.4201,8.7644,0.6953,8.2515,0.6546,7.7509,0.6149,7.5618,0.5999,7.3219,0.5809,2.6272,0.2669,0.9201,0.0935,0.1871,0.019,0.1761,0.0179,0.1654,0.0168,0.1614,0.0164,0.1563,0.0159,0.0,0.0,0.0,0.0,0.0,0.0,0.0,0.0,0.0,0.0,0.0,0.0,0.0,0.0,0.0,0.0,0.0,0.0,0.0,0.0,0.0,0.0,0.0,0.0,0.0,0.0,0.0,0.0,0.0,0.0,0.0,0.0,0.0,0.0,0.0,0.524,0.4908
128,0.001,3,10,100,32,16,256,184,440338,73,30,VicregLoss,lstm,/home/dpetrovitch/dzagcoffee/train_trace/gender/checkpoints_2025-10-08 10:26:11.109161_VicregLoss_gru_catboost/model_128_0.001_3_10_100_256_32_16_256_VicregLoss_lstmepoch=28.ckpt,28,30,0.028821444,4.9767,1.6775,0.0,5.0875,1.0032,1.0051,0.9552,121.3881,9.127,43.3504,3.2595,8.661,0.6512,8.1523,0.613,7.655,0.5756,7.4683,0.5615,7.2335,0.5439,2.6559,0.2674,0.9485,0.0955,0.1895,0.0191,0.1784,0.018,0.1675,0.0169,0.1634,0.0165,0.1583,0.0159,0.0,0.0,0.0,0.0,0.0,0.0,0.0,0.0,0.0,0.0,0.0,0.0,0.0,0.0,0.0,0.0,0.0,0.0,0.0,0.0,0.0,0.0,0.0,0.0,0.0,0.0,0.0,0.0,0.0,0.0,0.0,0.0,0.0,0.0,0.0,0.532,0.4814
128,0.001,3,10,100,32,16,256,184,440338,73,30,VicregLoss,lstm,/home/dpetrovitch/dzagcoffee/train_trace/gender/checkpoints_2025-10-08 10:26:11.109161_VicregLoss_gru_catboost/model_128_0.001_3_10_100_256_32_16_256_VicregLoss_lstmepoch=29.ckpt,29,30,0.03353293,5.3332,1.677,0.0,5.0329,1.0036,1.0056,0.9525,126.525,9.6267,42.2841,3.2172,9.1286,0.6946,8.5872,0.6534,8.0566,0.613,7.8505,0.5973,7.5937,0.5778,2.773,0.2792,0.9267,0.0933,0.2001,0.0201,0.1882,0.019,0.1766,0.0178,0.1721,0.0173,0.1664,0.0168,0.0,0.0,0.0,0.0,0.0,0.0,0.0,0.0,0.0,0.0,0.0,0.0,0.0,0.0,0.0,0.0,0.0,0.0,0.0,0.0,0.0,0.0,0.0,0.0,0.0,0.0,0.0,0.0,0.0,0.0,0.0,0.0,0.0,0.0,0.0,0.572,0.4917
