batch_size,learning_rate,split_count,cnt_min,cnt_max,embedding_dim,category_embedding_dim,hidden_size,small_group_in,trans_date_in,num_epochs,loss,rnn_encoder_type,checkpoint,epoch_num,early_stop_epoch,recall_topk,metric_rankme,metric_coherence,metric_pseudo_condition_number,metric_alpha_req,metric_stable_rank,metric_ne_sum,metric_self_clustering,metric_ripser_sum_H0,metric_ripser_sq_sum_H0,metric_ripser_sum_H0_norm0.5,metric_ripser_sq_sum_H0_norm0.5,metric_ripser_sum_H0_norm0.7,metric_ripser_sq_sum_H0_norm0.7,metric_ripser_sum_H0_norm0.8,metric_ripser_sq_sum_H0_norm0.8,metric_ripser_sum_H0_norm0.9,metric_ripser_sq_sum_H0_norm0.9,metric_ripser_sum_H0_norm0.95,metric_ripser_sq_sum_H0_norm0.95,metric_ripser_sum_H0_norm0.99,metric_ripser_sq_sum_H0_norm0.99,metric_ripser_sum_H1,metric_ripser_sq_sum_H1,metric_ripser_sum_H1_norm0.5,metric_ripser_sq_sum_H1_norm0.5,metric_ripser_sum_H1_norm0.7,metric_ripser_sq_sum_H1_norm0.7,metric_ripser_sum_H1_norm0.8,metric_ripser_sq_sum_H1_norm0.8,metric_ripser_sum_H1_norm0.9,metric_ripser_sq_sum_H1_norm0.9,metric_ripser_sum_H1_norm0.95,metric_ripser_sq_sum_H1_norm0.95,metric_ripser_sum_H1_norm0.99,metric_ripser_sq_sum_H1_norm0.99,std_rankme,std_coherence,std_pseudo_condition_number,std_alpha_req,std_stable_rank,std_ne_sum,std_self_clustering,std_ripser_sum_H0,std_ripser_sq_sum_H0,std_ripser_sum_H0_norm0.5,std_ripser_sq_sum_H0_norm0.5,std_ripser_sum_H0_norm0.7,std_ripser_sq_sum_H0_norm0.7,std_ripser_sum_H0_norm0.8,std_ripser_sq_sum_H0_norm0.8,std_ripser_sum_H0_norm0.9,std_ripser_sq_sum_H0_norm0.9,std_ripser_sum_H0_norm0.95,std_ripser_sq_sum_H0_norm0.95,std_ripser_sum_H0_norm0.99,std_ripser_sq_sum_H0_norm0.99,std_ripser_sum_H1,std_ripser_sq_sum_H1,std_ripser_sum_H1_norm0.5,std_ripser_sq_sum_H1_norm0.5,std_ripser_sum_H1_norm0.7,std_ripser_sq_sum_H1_norm0.7,std_ripser_sum_H1_norm0.8,std_ripser_sq_sum_H1_norm0.8,std_ripser_sum_H1_norm0.9,std_ripser_sq_sum_H1_norm0.9,std_ripser_sum_H1_norm0.95,std_ripser_sq_sum_H1_norm0.95,std_ripser_sum_H1_norm0.99,std_ripser_sq_sum_H1_norm0.99,accuracy,roc_auc
16,0.001,3,10,100,16,16,256,202,730,24,ContrastiveLoss,gru,/home/dpetrovitch/dzagcoffee/train_trace/age_pred/checkpoints/age_pred_2025-10-10 14:37:35.506749_ContrastiveLoss_gru_catboost/model_16_0.001_3_10_100_256_16_16_ContrastiveLoss_gruepoch=00.ckpt,0,24,0.3880979,39.3479,4.6812,1e-04,4.3563,1.1921,6.0271,0.7071,2849.8118,72.3636,748.7222,19.0119,682.0522,17.3189,646.6498,16.42,602.8195,15.307,570.2664,14.4804,516.2713,13.1094,320.4079,7.8978,84.1798,2.075,76.684,1.8902,72.7036,1.7921,67.7757,1.6706,64.1158,1.5804,58.045,1.4308,0.0,0.0,0.0,0.0,0.0,0.0,0.0,0.0,0.0,0.0,0.0,0.0,0.0,0.0,0.0,0.0,0.0,0.0,0.0,0.0,0.0,0.0,0.0,0.0,0.0,0.0,0.0,0.0,0.0,0.0,0.0,0.0,0.0,0.0,0.0,0.5156,0.7664
16,0.001,3,10,100,16,16,256,202,730,24,ContrastiveLoss,gru,/home/dpetrovitch/dzagcoffee/train_trace/age_pred/checkpoints/age_pred_2025-10-10 14:37:35.506749_ContrastiveLoss_gru_catboost/model_16_0.001_3_10_100_256_16_16_ContrastiveLoss_gruepoch=01.ckpt,1,24,0.40721554,44.6132,3.9459,0.0,4.6515,1.2038,5.2112,0.6934,3241.4902,82.2557,783.985,19.8943,714.4988,18.131,676.6718,17.1712,628.8243,15.957,592.5712,15.037,531.1035,13.4772,361.1945,8.6674,87.3583,2.0963,79.6156,1.9105,75.4005,1.8093,70.069,1.6814,66.0293,1.5845,59.1801,1.4201,0.0,0.0,0.0,0.0,0.0,0.0,0.0,0.0,0.0,0.0,0.0,0.0,0.0,0.0,0.0,0.0,0.0,0.0,0.0,0.0,0.0,0.0,0.0,0.0,0.0,0.0,0.0,0.0,0.0,0.0,0.0,0.0,0.0,0.0,0.0,0.5344,0.7814
16,0.001,3,10,100,16,16,256,202,730,24,ContrastiveLoss,gru,/home/dpetrovitch/dzagcoffee/train_trace/age_pred/checkpoints/age_pred_2025-10-10 14:37:35.506749_ContrastiveLoss_gru_catboost/model_16_0.001_3_10_100_256_16_16_ContrastiveLoss_gruepoch=02.ckpt,2,24,0.41348213,45.1971,5.6278,0.0,5.0065,1.1773,6.1315,0.7241,3281.6328,83.2499,818.826,20.7723,751.7345,19.0703,715.479,18.1506,669.2704,16.9783,633.7412,16.077,570.0726,14.4619,365.0224,8.4944,91.0796,2.1195,83.6169,1.9459,79.5841,1.852,74.4442,1.7324,70.4923,1.6404,63.4103,1.4756,0.0,0.0,0.0,0.0,0.0,0.0,0.0,0.0,0.0,0.0,0.0,0.0,0.0,0.0,0.0,0.0,0.0,0.0,0.0,0.0,0.0,0.0,0.0,0.0,0.0,0.0,0.0,0.0,0.0,0.0,0.0,0.0,0.0,0.0,0.0,0.5489,0.7941
16,0.001,3,10,100,16,16,256,202,730,24,ContrastiveLoss,gru,/home/dpetrovitch/dzagcoffee/train_trace/age_pred/checkpoints/age_pred_2025-10-10 14:37:35.506749_ContrastiveLoss_gru_catboost/model_16_0.001_3_10_100_256_16_16_ContrastiveLoss_gruepoch=03.ckpt,3,24,0.42236802,51.1171,5.4801,0.0,5.1553,1.1974,5.796,0.7011,3517.579,89.1824,834.2157,21.1502,765.4455,19.4066,727.471,18.4438,677.9113,17.1873,638.0983,16.1779,565.4997,14.3373,383.4029,8.8274,90.9264,2.0935,83.4307,1.9209,79.2916,1.8256,73.8898,1.7012,69.5503,1.6013,61.6373,1.4191,0.0,0.0,0.0,0.0,0.0,0.0,0.0,0.0,0.0,0.0,0.0,0.0,0.0,0.0,0.0,0.0,0.0,0.0,0.0,0.0,0.0,0.0,0.0,0.0,0.0,0.0,0.0,0.0,0.0,0.0,0.0,0.0,0.0,0.0,0.0,0.5667,0.8016
16,0.001,3,10,100,16,16,256,202,730,24,ContrastiveLoss,gru,/home/dpetrovitch/dzagcoffee/train_trace/age_pred/checkpoints/age_pred_2025-10-10 14:37:35.506749_ContrastiveLoss_gru_catboost/model_16_0.001_3_10_100_256_16_16_ContrastiveLoss_gruepoch=04.ckpt,4,24,0.4088284,50.1626,4.774,0.0,5.2922,1.1741,6.216,0.7274,3345.4053,84.8328,823.1216,20.8727,755.9716,19.1699,719.7435,18.2513,673.6982,17.0836,637.8068,16.1735,572.8897,14.5273,348.9032,8.2504,85.846,2.03,78.8427,1.8644,75.0644,1.775,70.2622,1.6615,66.519,1.5729,59.7485,1.4129,0.0,0.0,0.0,0.0,0.0,0.0,0.0,0.0,0.0,0.0,0.0,0.0,0.0,0.0,0.0,0.0,0.0,0.0,0.0,0.0,0.0,0.0,0.0,0.0,0.0,0.0,0.0,0.0,0.0,0.0,0.0,0.0,0.0,0.0,0.0,0.5744,0.8034
16,0.001,3,10,100,16,16,256,202,730,24,ContrastiveLoss,gru,/home/dpetrovitch/dzagcoffee/train_trace/age_pred/checkpoints/age_pred_2025-10-10 14:37:35.506749_ContrastiveLoss_gru_catboost/model_16_0.001_3_10_100_256_16_16_ContrastiveLoss_gruepoch=05.ckpt,5,24,0.42309746,54.2289,5.3624,0.0,5.5641,1.197,6.465,0.7008,3557.5388,90.1884,832.8998,21.1151,765.4606,19.4055,728.9365,18.4795,682.0458,17.2908,645.495,16.3642,579.8741,14.7006,370.2254,8.6841,86.6781,2.0331,79.6598,1.8685,75.8588,1.7794,70.979,1.6649,67.1753,1.5757,60.3462,1.4155,0.0,0.0,0.0,0.0,0.0,0.0,0.0,0.0,0.0,0.0,0.0,0.0,0.0,0.0,0.0,0.0,0.0,0.0,0.0,0.0,0.0,0.0,0.0,0.0,0.0,0.0,0.0,0.0,0.0,0.0,0.0,0.0,0.0,0.0,0.0,0.5711,0.81
16,0.001,3,10,100,16,16,256,202,730,24,ContrastiveLoss,gru,/home/dpetrovitch/dzagcoffee/train_trace/age_pred/checkpoints/age_pred_2025-10-10 14:37:35.506749_ContrastiveLoss_gru_catboost/model_16_0.001_3_10_100_256_16_16_ContrastiveLoss_gruepoch=06.ckpt,6,24,0.42335433,54.3474,6.1015,0.0,5.8505,1.1903,6.4045,0.7093,3558.7493,90.2286,840.7477,21.3163,771.8993,19.5707,734.6324,18.6259,686.6101,17.4083,649.0748,16.4567,581.3854,14.7405,351.9656,8.3266,83.1512,1.9671,76.342,1.8061,72.6562,1.7189,67.9068,1.6065,64.1945,1.5187,57.4999,1.3603,0.0,0.0,0.0,0.0,0.0,0.0,0.0,0.0,0.0,0.0,0.0,0.0,0.0,0.0,0.0,0.0,0.0,0.0,0.0,0.0,0.0,0.0,0.0,0.0,0.0,0.0,0.0,0.0,0.0,0.0,0.0,0.0,0.0,0.0,0.0,0.5689,0.8047
16,0.001,3,10,100,16,16,256,202,730,24,ContrastiveLoss,gru,/home/dpetrovitch/dzagcoffee/train_trace/age_pred/checkpoints/age_pred_2025-10-10 14:37:35.506749_ContrastiveLoss_gru_catboost/model_16_0.001_3_10_100_256_16_16_ContrastiveLoss_gruepoch=07.ckpt,7,24,0.42361125,56.2009,5.0413,0.0,5.785,1.2005,6.7522,0.6965,3588.131,90.934,831.0129,21.0604,762.8357,19.3325,725.7858,18.3936,678.1842,17.1872,641.4384,16.256,577.069,14.6247,371.6981,8.7602,86.0855,2.0289,79.0229,1.8624,75.1849,1.772,70.2538,1.6557,66.4473,1.566,59.7792,1.4089,0.0,0.0,0.0,0.0,0.0,0.0,0.0,0.0,0.0,0.0,0.0,0.0,0.0,0.0,0.0,0.0,0.0,0.0,0.0,0.0,0.0,0.0,0.0,0.0,0.0,0.0,0.0,0.0,0.0,0.0,0.0,0.0,0.0,0.0,0.0,0.5544,0.8096
16,0.001,3,10,100,16,16,256,202,730,24,ContrastiveLoss,gru,/home/dpetrovitch/dzagcoffee/train_trace/age_pred/checkpoints/age_pred_2025-10-10 14:37:35.506749_ContrastiveLoss_gru_catboost/model_16_0.001_3_10_100_256_16_16_ContrastiveLoss_gruepoch=08.ckpt,8,24,0.42691907,58.5009,5.2901,0.0,5.9073,1.2099,6.603,0.6868,3729.3987,94.5439,843.4175,21.3814,773.5867,19.6112,734.8935,18.6303,684.9227,17.3635,645.8613,16.3732,577.4025,14.6377,374.8229,8.7913,84.7676,1.9882,77.7493,1.8236,73.8604,1.7324,68.8381,1.6146,64.9122,1.5225,58.0318,1.3611,0.0,0.0,0.0,0.0,0.0,0.0,0.0,0.0,0.0,0.0,0.0,0.0,0.0,0.0,0.0,0.0,0.0,0.0,0.0,0.0,0.0,0.0,0.0,0.0,0.0,0.0,0.0,0.0,0.0,0.0,0.0,0.0,0.0,0.0,0.0,0.5778,0.8159
16,0.001,3,10,100,16,16,256,202,730,24,ContrastiveLoss,gru,/home/dpetrovitch/dzagcoffee/train_trace/age_pred/checkpoints/age_pred_2025-10-10 14:37:35.506749_ContrastiveLoss_gru_catboost/model_16_0.001_3_10_100_256_16_16_ContrastiveLoss_gruepoch=09.ckpt,9,24,0.42480278,57.9836,5.1221,0.0,5.963,1.2006,6.64,0.6968,3611.9143,91.5223,838.0186,21.2346,768.9976,19.4856,731.5775,18.5374,683.6134,17.3221,647.0455,16.3955,582.5238,14.7606,366.5734,8.5983,85.0505,1.9949,78.0456,1.8306,74.2478,1.7415,69.38,1.6274,65.6687,1.5403,59.1204,1.3867,0.0,0.0,0.0,0.0,0.0,0.0,0.0,0.0,0.0,0.0,0.0,0.0,0.0,0.0,0.0,0.0,0.0,0.0,0.0,0.0,0.0,0.0,0.0,0.0,0.0,0.0,0.0,0.0,0.0,0.0,0.0,0.0,0.0,0.0,0.0,0.5522,0.8062
16,0.001,3,10,100,16,16,256,202,730,24,ContrastiveLoss,gru,/home/dpetrovitch/dzagcoffee/train_trace/age_pred/checkpoints/age_pred_2025-10-10 14:37:35.506749_ContrastiveLoss_gru_catboost/model_16_0.001_3_10_100_256_16_16_ContrastiveLoss_gruepoch=10.ckpt,10,24,0.43156233,59.376,5.4266,0.0,5.9078,1.2109,6.5267,0.6857,3740.2893,94.7859,843.8418,21.3845,775.5994,19.6551,738.3537,18.7113,690.257,17.4924,652.9963,16.5481,586.558,14.8645,379.7677,8.9089,85.6789,2.0099,78.75,1.8474,74.9682,1.7587,70.0848,1.6441,66.3015,1.5554,59.5558,1.3971,0.0,0.0,0.0,0.0,0.0,0.0,0.0,0.0,0.0,0.0,0.0,0.0,0.0,0.0,0.0,0.0,0.0,0.0,0.0,0.0,0.0,0.0,0.0,0.0,0.0,0.0,0.0,0.0,0.0,0.0,0.0,0.0,0.0,0.0,0.0,0.5833,0.8167
16,0.001,3,10,100,16,16,256,202,730,24,ContrastiveLoss,gru,/home/dpetrovitch/dzagcoffee/train_trace/age_pred/checkpoints/age_pred_2025-10-10 14:37:35.506749_ContrastiveLoss_gru_catboost/model_16_0.001_3_10_100_256_16_16_ContrastiveLoss_gruepoch=11.ckpt,11,24,0.42982608,60.6114,5.7522,0.0,5.787,1.216,6.3133,0.6803,3745.1929,94.9154,842.1005,21.3416,772.8704,19.5871,735.0204,18.6278,685.7757,17.3798,646.6016,16.387,577.463,14.6348,373.6452,8.8728,84.0135,1.995,77.1067,1.831,73.3305,1.7414,68.4175,1.6247,64.5092,1.5319,57.6115,1.3681,0.0,0.0,0.0,0.0,0.0,0.0,0.0,0.0,0.0,0.0,0.0,0.0,0.0,0.0,0.0,0.0,0.0,0.0,0.0,0.0,0.0,0.0,0.0,0.0,0.0,0.0,0.0,0.0,0.0,0.0,0.0,0.0,0.0,0.0,0.0,0.5578,0.8048
16,0.001,3,10,100,16,16,256,202,730,24,ContrastiveLoss,gru,/home/dpetrovitch/dzagcoffee/train_trace/age_pred/checkpoints/age_pred_2025-10-10 14:37:35.506749_ContrastiveLoss_gru_catboost/model_16_0.001_3_10_100_256_16_16_ContrastiveLoss_gruepoch=12.ckpt,12,24,0.42130992,59.7632,5.5485,0.0,5.6213,1.2074,7.4354,0.6881,3672.6768,93.0607,841.1368,21.3133,775.705,19.6553,741.0007,18.776,697.4438,17.6723,664.635,16.841,606.589,15.3702,389.7621,8.9471,89.2655,2.0491,82.3215,1.8897,78.6386,1.8052,74.0161,1.6991,70.5343,1.6191,64.3741,1.4777,0.0,0.0,0.0,0.0,0.0,0.0,0.0,0.0,0.0,0.0,0.0,0.0,0.0,0.0,0.0,0.0,0.0,0.0,0.0,0.0,0.0,0.0,0.0,0.0,0.0,0.0,0.0,0.0,0.0,0.0,0.0,0.0,0.0,0.0,0.0,0.5733,0.8121
16,0.001,3,10,100,16,16,256,202,730,24,ContrastiveLoss,gru,/home/dpetrovitch/dzagcoffee/train_trace/age_pred/checkpoints/age_pred_2025-10-10 14:37:35.506749_ContrastiveLoss_gru_catboost/model_16_0.001_3_10_100_256_16_16_ContrastiveLoss_gruepoch=13.ckpt,13,24,0.4321993,59.801,5.8438,0.0,5.824,1.2035,6.8143,0.6932,3703.5664,93.8641,847.2699,21.4734,780.8105,19.789,745.0337,18.8823,699.1321,17.719,663.7608,16.8225,602.0786,15.2592,381.6232,8.8612,87.3045,2.0272,80.4564,1.8682,76.7698,1.7826,72.04,1.6728,68.3953,1.5881,62.0394,1.4405,0.0,0.0,0.0,0.0,0.0,0.0,0.0,0.0,0.0,0.0,0.0,0.0,0.0,0.0,0.0,0.0,0.0,0.0,0.0,0.0,0.0,0.0,0.0,0.0,0.0,0.0,0.0,0.0,0.0,0.0,0.0,0.0,0.0,0.0,0.0,0.56,0.807
16,0.001,3,10,100,16,16,256,202,730,24,ContrastiveLoss,gru,/home/dpetrovitch/dzagcoffee/train_trace/age_pred/checkpoints/age_pred_2025-10-10 14:37:35.506749_ContrastiveLoss_gru_catboost/model_16_0.001_3_10_100_256_16_16_ContrastiveLoss_gruepoch=14.ckpt,14,24,0.4316651,59.6653,5.536,0.0,5.6959,1.2002,6.9151,0.6971,3669.8076,93.0042,845.6099,21.4303,778.3865,19.7267,742.2178,18.8101,696.3887,17.6486,661.075,16.7537,599.1253,15.1837,379.4198,8.8246,87.4272,2.0334,80.477,1.8718,76.7376,1.7848,71.9993,1.6746,68.3483,1.5897,61.9433,1.4407,0.0,0.0,0.0,0.0,0.0,0.0,0.0,0.0,0.0,0.0,0.0,0.0,0.0,0.0,0.0,0.0,0.0,0.0,0.0,0.0,0.0,0.0,0.0,0.0,0.0,0.0,0.0,0.0,0.0,0.0,0.0,0.0,0.0,0.0,0.0,0.5967,0.8196
16,0.001,3,10,100,16,16,256,202,730,24,ContrastiveLoss,gru,/home/dpetrovitch/dzagcoffee/train_trace/age_pred/checkpoints/age_pred_2025-10-10 14:37:35.506749_ContrastiveLoss_gru_catboost/model_16_0.001_3_10_100_256_16_16_ContrastiveLoss_gruepoch=15.ckpt,15,24,0.43384308,61.1307,5.2706,0.0,5.7991,1.2062,6.8822,0.6902,3742.1045,94.8183,852.4212,21.5988,785.5736,19.905,749.2329,18.9842,702.0861,17.7896,665.2757,16.8569,599.1924,15.1825,395.4845,9.1054,90.0882,2.0741,83.0234,1.9115,79.1827,1.823,74.2,1.7083,70.3097,1.6188,63.3257,1.458,0.0,0.0,0.0,0.0,0.0,0.0,0.0,0.0,0.0,0.0,0.0,0.0,0.0,0.0,0.0,0.0,0.0,0.0,0.0,0.0,0.0,0.0,0.0,0.0,0.0,0.0,0.0,0.0,0.0,0.0,0.0,0.0,0.0,0.0,0.0,0.5711,0.8119
16,0.001,3,10,100,16,16,256,202,730,24,ContrastiveLoss,gru,/home/dpetrovitch/dzagcoffee/train_trace/age_pred/checkpoints/age_pred_2025-10-10 14:37:35.506749_ContrastiveLoss_gru_catboost/model_16_0.001_3_10_100_256_16_16_ContrastiveLoss_gruepoch=16.ckpt,16,24,0.43325746,61.6811,5.8844,0.0,5.5934,1.207,6.593,0.6894,3761.9717,95.3045,852.4134,21.5947,786.0758,19.9142,750.0386,19.0012,703.4483,17.8209,667.0397,16.8985,602.691,15.2684,398.4864,9.1447,90.2918,2.0721,83.265,1.9108,79.4477,1.8232,74.5127,1.71,70.6561,1.6215,63.84,1.465,0.0,0.0,0.0,0.0,0.0,0.0,0.0,0.0,0.0,0.0,0.0,0.0,0.0,0.0,0.0,0.0,0.0,0.0,0.0,0.0,0.0,0.0,0.0,0.0,0.0,0.0,0.0,0.0,0.0,0.0,0.0,0.0,0.0,0.0,0.0,0.5711,0.8081
16,0.001,3,10,100,16,16,256,202,730,24,ContrastiveLoss,gru,/home/dpetrovitch/dzagcoffee/train_trace/age_pred/checkpoints/age_pred_2025-10-10 14:37:35.506749_ContrastiveLoss_gru_catboost/model_16_0.001_3_10_100_256_16_16_ContrastiveLoss_gruepoch=17.ckpt,17,24,0.42986727,61.8478,5.4986,0.0,5.6026,1.2104,7.1676,0.6855,3768.0388,95.4918,847.6235,21.481,781.9687,19.8171,746.6029,18.9208,701.3115,17.773,666.2621,16.8848,604.7367,15.3256,394.6171,9.0999,88.7694,2.047,81.8936,1.8885,78.1898,1.8031,73.4466,1.6937,69.7759,1.609,63.3325,1.4605,0.0,0.0,0.0,0.0,0.0,0.0,0.0,0.0,0.0,0.0,0.0,0.0,0.0,0.0,0.0,0.0,0.0,0.0,0.0,0.0,0.0,0.0,0.0,0.0,0.0,0.0,0.0,0.0,0.0,0.0,0.0,0.0,0.0,0.0,0.0,0.5778,0.8132
16,0.001,3,10,100,16,16,256,202,730,24,ContrastiveLoss,gru,/home/dpetrovitch/dzagcoffee/train_trace/age_pred/checkpoints/age_pred_2025-10-10 14:37:35.506749_ContrastiveLoss_gru_catboost/model_16_0.001_3_10_100_256_16_16_ContrastiveLoss_gruepoch=18.ckpt,18,24,0.43541464,63.6474,5.9117,0.0,5.4394,1.2248,6.2637,0.6706,3803.9417,96.4124,846.4046,21.4525,778.1507,19.7225,740.8039,18.776,691.973,17.5383,653.242,16.5567,581.9908,14.7508,386.2418,9.0036,85.9416,2.0034,79.0113,1.8418,75.2192,1.7534,70.2611,1.6378,66.3284,1.5462,59.0938,1.3775,0.0,0.0,0.0,0.0,0.0,0.0,0.0,0.0,0.0,0.0,0.0,0.0,0.0,0.0,0.0,0.0,0.0,0.0,0.0,0.0,0.0,0.0,0.0,0.0,0.0,0.0,0.0,0.0,0.0,0.0,0.0,0.0,0.0,0.0,0.0,0.5744,0.8146
16,0.001,3,10,100,16,16,256,202,730,24,ContrastiveLoss,gru,/home/dpetrovitch/dzagcoffee/train_trace/age_pred/checkpoints/age_pred_2025-10-10 14:37:35.506749_ContrastiveLoss_gru_catboost/model_16_0.001_3_10_100_256_16_16_ContrastiveLoss_gruepoch=19.ckpt,19,24,0.43293887,61.7804,5.8685,0.0,5.5515,1.2013,6.404,0.6963,3695.1309,93.6682,846.5353,21.4589,779.3073,19.7547,742.7526,18.8281,695.4393,17.6288,658.1435,16.6833,590.6693,14.9729,372.6621,8.6744,85.375,1.9873,78.5949,1.8294,74.9082,1.7436,70.1366,1.6326,66.3752,1.545,59.5703,1.3866,0.0,0.0,0.0,0.0,0.0,0.0,0.0,0.0,0.0,0.0,0.0,0.0,0.0,0.0,0.0,0.0,0.0,0.0,0.0,0.0,0.0,0.0,0.0,0.0,0.0,0.0,0.0,0.0,0.0,0.0,0.0,0.0,0.0,0.0,0.0,0.5678,0.814
16,0.001,3,10,100,16,16,256,202,730,24,ContrastiveLoss,gru,/home/dpetrovitch/dzagcoffee/train_trace/age_pred/checkpoints/age_pred_2025-10-10 14:37:35.506749_ContrastiveLoss_gru_catboost/model_16_0.001_3_10_100_256_16_16_ContrastiveLoss_gruepoch=20.ckpt,20,24,0.4349009,62.135,5.8427,0.0,5.4582,1.2095,7.1025,0.6864,3738.3704,94.7401,850.5445,21.555,785.0202,19.8945,749.7716,19.0012,704.629,17.8572,670.2398,16.9856,608.7747,15.4279,393.395,9.0374,89.5042,2.0562,82.609,1.8978,78.8997,1.8125,74.1493,1.7034,70.5305,1.6203,64.0624,1.4717,0.0,0.0,0.0,0.0,0.0,0.0,0.0,0.0,0.0,0.0,0.0,0.0,0.0,0.0,0.0,0.0,0.0,0.0,0.0,0.0,0.0,0.0,0.0,0.0,0.0,0.0,0.0,0.0,0.0,0.0,0.0,0.0,0.0,0.0,0.0,0.5856,0.8161
16,0.001,3,10,100,16,16,256,202,730,24,ContrastiveLoss,gru,/home/dpetrovitch/dzagcoffee/train_trace/age_pred/checkpoints/age_pred_2025-10-10 14:37:35.506749_ContrastiveLoss_gru_catboost/model_16_0.001_3_10_100_256_16_16_ContrastiveLoss_gruepoch=21.ckpt,21,24,0.42676485,60.9708,5.7708,0.0,5.1564,1.1973,7.5674,0.6999,3645.817,92.3923,853.2099,21.6221,788.3679,19.9788,753.6808,19.0998,709.6507,17.984,675.8731,17.128,615.3282,15.5937,390.5744,8.8882,91.4039,2.0801,84.4574,1.922,80.7414,1.8374,76.0245,1.7301,72.4059,1.6477,65.9198,1.5001,0.0,0.0,0.0,0.0,0.0,0.0,0.0,0.0,0.0,0.0,0.0,0.0,0.0,0.0,0.0,0.0,0.0,0.0,0.0,0.0,0.0,0.0,0.0,0.0,0.0,0.0,0.0,0.0,0.0,0.0,0.0,0.0,0.0,0.0,0.0,0.5878,0.8265
16,0.001,3,10,100,16,16,256,202,730,24,ContrastiveLoss,gru,/home/dpetrovitch/dzagcoffee/train_trace/age_pred/checkpoints/age_pred_2025-10-10 14:37:35.506749_ContrastiveLoss_gru_catboost/model_16_0.001_3_10_100_256_16_16_ContrastiveLoss_gruepoch=22.ckpt,22,24,0.4345106,63.1553,5.6955,0.0,5.298,1.2142,6.9228,0.6813,3767.2217,95.4778,849.6874,21.5348,783.7997,19.8649,748.44,18.9687,703.2096,17.8224,668.6241,16.9458,606.9483,15.3827,395.6347,9.097,89.2344,2.0518,82.3149,1.8927,78.6014,1.8073,73.8513,1.6981,70.2191,1.6146,63.7419,1.4656,0.0,0.0,0.0,0.0,0.0,0.0,0.0,0.0,0.0,0.0,0.0,0.0,0.0,0.0,0.0,0.0,0.0,0.0,0.0,0.0,0.0,0.0,0.0,0.0,0.0,0.0,0.0,0.0,0.0,0.0,0.0,0.0,0.0,0.0,0.0,0.5822,0.8141
16,0.001,3,10,100,16,16,256,202,730,24,ContrastiveLoss,gru,/home/dpetrovitch/dzagcoffee/train_trace/age_pred/checkpoints/age_pred_2025-10-10 14:37:35.506749_ContrastiveLoss_gru_catboost/model_16_0.001_3_10_100_256_16_16_ContrastiveLoss_gruepoch=23.ckpt,23,24,0.4303191,63.3496,5.7924,0.0,5.21,1.2121,6.9889,0.6835,3765.5996,95.4437,849.8066,21.5394,783.346,19.8549,747.6038,18.9489,702.1422,17.7966,667.4537,16.9174,607.5095,15.3981,385.099,8.9052,86.9077,2.0097,80.1109,1.8525,76.4557,1.768,71.8064,1.6605,68.2589,1.5785,62.1286,1.4367,0.0,0.0,0.0,0.0,0.0,0.0,0.0,0.0,0.0,0.0,0.0,0.0,0.0,0.0,0.0,0.0,0.0,0.0,0.0,0.0,0.0,0.0,0.0,0.0,0.0,0.0,0.0,0.0,0.0,0.0,0.0,0.0,0.0,0.0,0.0,0.5933,0.8242
32,0.001,3,10,100,16,16,256,202,730,24,ContrastiveLoss,gru,/home/dpetrovitch/dzagcoffee/train_trace/age_pred/checkpoints/age_pred_2025-10-10 14:37:35.506749_ContrastiveLoss_gru_catboost/model_32_0.001_3_10_100_256_16_16_ContrastiveLoss_gruepoch=00.ckpt,0,24,0.328748,47.8685,4.8366,0.0006,4.0669,1.2025,5.992,0.6968,2854.9573,72.5009,763.2396,19.3823,691.1332,17.5512,652.8511,16.579,605.4516,15.3753,570.1633,14.4792,510.9582,12.9757,289.694,7.2506,77.4463,1.9384,70.1297,1.7552,66.2452,1.658,61.4355,1.5376,57.8548,1.448,51.8472,1.2977,0.0,0.0,0.0,0.0,0.0,0.0,0.0,0.0,0.0,0.0,0.0,0.0,0.0,0.0,0.0,0.0,0.0,0.0,0.0,0.0,0.0,0.0,0.0,0.0,0.0,0.0,0.0,0.0,0.0,0.0,0.0,0.0,0.0,0.0,0.0,0.5167,0.7683
32,0.001,3,10,100,16,16,256,202,730,24,ContrastiveLoss,gru,/home/dpetrovitch/dzagcoffee/train_trace/age_pred/checkpoints/age_pred_2025-10-10 14:37:35.506749_ContrastiveLoss_gru_catboost/model_32_0.001_3_10_100_256_16_16_ContrastiveLoss_gruepoch=01.ckpt,1,24,0.35980392,46.0289,5.3988,0.0004,4.2437,1.2117,6.4471,0.6844,3402.6743,86.3236,807.3354,20.4816,738.4096,18.733,701.5026,17.7966,655.1892,16.6217,620.4207,15.7397,561.0312,14.233,397.6665,9.2002,94.3523,2.1829,86.297,1.9965,81.9838,1.8967,76.5712,1.7715,72.5078,1.6775,65.567,1.5169,0.0,0.0,0.0,0.0,0.0,0.0,0.0,0.0,0.0,0.0,0.0,0.0,0.0,0.0,0.0,0.0,0.0,0.0,0.0,0.0,0.0,0.0,0.0,0.0,0.0,0.0,0.0,0.0,0.0,0.0,0.0,0.0,0.0,0.0,0.0,0.5444,0.7888
32,0.001,3,10,100,16,16,256,202,730,24,ContrastiveLoss,gru,/home/dpetrovitch/dzagcoffee/train_trace/age_pred/checkpoints/age_pred_2025-10-10 14:37:35.506749_ContrastiveLoss_gru_catboost/model_32_0.001_3_10_100_256_16_16_ContrastiveLoss_gruepoch=02.ckpt,2,24,0.36487952,47.6468,4.0315,0.0002,4.3484,1.1991,6.6908,0.6981,3495.7285,88.681,825.9052,20.9519,757.9904,19.229,721.1404,18.2942,674.5543,17.1124,639.1968,16.2154,579.4399,14.6995,402.2871,9.154,95.0449,2.1627,87.2293,1.9849,82.9886,1.8884,77.6275,1.7664,73.5585,1.6738,66.6817,1.5173,0.0,0.0,0.0,0.0,0.0,0.0,0.0,0.0,0.0,0.0,0.0,0.0,0.0,0.0,0.0,0.0,0.0,0.0,0.0,0.0,0.0,0.0,0.0,0.0,0.0,0.0,0.0,0.0,0.0,0.0,0.0,0.0,0.0,0.0,0.0,0.55,0.7942
32,0.001,3,10,100,16,16,256,202,730,24,ContrastiveLoss,gru,/home/dpetrovitch/dzagcoffee/train_trace/age_pred/checkpoints/age_pred_2025-10-10 14:37:35.506749_ContrastiveLoss_gru_catboost/model_32_0.001_3_10_100_256_16_16_ContrastiveLoss_gruepoch=03.ckpt,3,24,0.36964872,51.4719,4.2306,0.0002,4.4522,1.2001,6.772,0.6968,3657.6687,92.7242,848.7214,21.5156,781.3844,19.8086,745.009,18.8864,698.3297,17.7031,662.2688,16.7889,600.316,15.2184,414.2675,9.3456,96.1262,2.1685,88.4996,1.9965,84.3797,1.9036,79.0928,1.7843,75.0086,1.6921,67.9918,1.5338,0.0,0.0,0.0,0.0,0.0,0.0,0.0,0.0,0.0,0.0,0.0,0.0,0.0,0.0,0.0,0.0,0.0,0.0,0.0,0.0,0.0,0.0,0.0,0.0,0.0,0.0,0.0,0.0,0.0,0.0,0.0,0.0,0.0,0.0,0.0,0.5622,0.8002
32,0.001,3,10,100,16,16,256,202,730,24,ContrastiveLoss,gru,/home/dpetrovitch/dzagcoffee/train_trace/age_pred/checkpoints/age_pred_2025-10-10 14:37:35.506749_ContrastiveLoss_gru_catboost/model_32_0.001_3_10_100_256_16_16_ContrastiveLoss_gruepoch=04.ckpt,4,24,0.37800243,52.0495,4.9224,0.0,4.6709,1.1761,7.1009,0.7253,3661.8716,92.8438,863.7217,21.899,795.8497,20.1781,758.6317,19.2345,710.8496,18.023,673.6148,17.079,607.3738,15.3995,401.149,9.0306,94.6186,2.13,87.1834,1.9627,83.1062,1.8709,77.8718,1.753,73.7928,1.6612,66.5363,1.4979,0.0,0.0,0.0,0.0,0.0,0.0,0.0,0.0,0.0,0.0,0.0,0.0,0.0,0.0,0.0,0.0,0.0,0.0,0.0,0.0,0.0,0.0,0.0,0.0,0.0,0.0,0.0,0.0,0.0,0.0,0.0,0.0,0.0,0.0,0.0,0.5644,0.8044
32,0.001,3,10,100,16,16,256,202,730,24,ContrastiveLoss,gru,/home/dpetrovitch/dzagcoffee/train_trace/age_pred/checkpoints/age_pred_2025-10-10 14:37:35.506749_ContrastiveLoss_gru_catboost/model_32_0.001_3_10_100_256_16_16_ContrastiveLoss_gruepoch=05.ckpt,5,24,0.38772467,57.1513,4.8462,0.0,4.7023,1.1945,7.6273,0.703,3920.548,99.276,883.8097,22.3798,816.9474,20.6867,780.5003,19.7638,733.9496,18.585,697.7454,17.6683,633.2561,16.0353,430.1004,9.4566,96.9576,2.1318,89.6225,1.9705,85.6241,1.8826,80.5173,1.7703,76.5456,1.683,69.4708,1.5274,0.0,0.0,0.0,0.0,0.0,0.0,0.0,0.0,0.0,0.0,0.0,0.0,0.0,0.0,0.0,0.0,0.0,0.0,0.0,0.0,0.0,0.0,0.0,0.0,0.0,0.0,0.0,0.0,0.0,0.0,0.0,0.0,0.0,0.0,0.0,0.5644,0.7961
32,0.001,3,10,100,16,16,256,202,730,24,ContrastiveLoss,gru,/home/dpetrovitch/dzagcoffee/train_trace/age_pred/checkpoints/age_pred_2025-10-10 14:37:35.506749_ContrastiveLoss_gru_catboost/model_32_0.001_3_10_100_256_16_16_ContrastiveLoss_gruepoch=06.ckpt,6,24,0.39070678,58.7374,4.3936,0.0,4.7649,1.1979,7.9254,0.6991,3992.418,101.1287,887.6578,22.4846,820.904,20.7937,784.316,19.8669,736.7991,18.6633,699.9037,17.7287,632.8739,16.0308,422.0352,9.452,93.8336,2.1015,86.7771,1.9435,82.9094,1.8569,77.8864,1.7444,73.9862,1.657,66.9006,1.4983,0.0,0.0,0.0,0.0,0.0,0.0,0.0,0.0,0.0,0.0,0.0,0.0,0.0,0.0,0.0,0.0,0.0,0.0,0.0,0.0,0.0,0.0,0.0,0.0,0.0,0.0,0.0,0.0,0.0,0.0,0.0,0.0,0.0,0.0,0.0,0.5644,0.8111
32,0.001,3,10,100,16,16,256,202,730,24,ContrastiveLoss,gru,/home/dpetrovitch/dzagcoffee/train_trace/age_pred/checkpoints/age_pred_2025-10-10 14:37:35.506749_ContrastiveLoss_gru_catboost/model_32_0.001_3_10_100_256_16_16_ContrastiveLoss_gruepoch=07.ckpt,7,24,0.39243266,61.0907,4.0021,0.0,4.9015,1.2085,7.3123,0.6876,4156.835,105.2664,896.2367,22.696,828.7241,20.9864,791.3507,20.0399,743.0866,18.8177,705.3592,17.8623,636.2855,16.1131,430.0234,9.5509,92.7154,2.0592,85.7313,1.9041,81.865,1.8182,76.8721,1.7073,72.9692,1.6207,65.8236,1.4619,0.0,0.0,0.0,0.0,0.0,0.0,0.0,0.0,0.0,0.0,0.0,0.0,0.0,0.0,0.0,0.0,0.0,0.0,0.0,0.0,0.0,0.0,0.0,0.0,0.0,0.0,0.0,0.0,0.0,0.0,0.0,0.0,0.0,0.0,0.0,0.5689,0.8134
32,0.001,3,10,100,16,16,256,202,730,24,ContrastiveLoss,gru,/home/dpetrovitch/dzagcoffee/train_trace/age_pred/checkpoints/age_pred_2025-10-10 14:37:35.506749_ContrastiveLoss_gru_catboost/model_32_0.001_3_10_100_256_16_16_ContrastiveLoss_gruepoch=08.ckpt,8,24,0.38473243,62.3346,4.9713,0.0,4.8887,1.2044,7.4313,0.6916,4152.389,105.1205,902.9247,22.8581,837.3313,21.1976,801.0892,20.2801,754.3104,19.0959,717.6914,18.1688,650.7828,16.475,440.7739,9.6389,95.845,2.096,88.8823,1.9437,85.0352,1.8596,80.0696,1.751,76.1826,1.666,69.0802,1.5107,0.0,0.0,0.0,0.0,0.0,0.0,0.0,0.0,0.0,0.0,0.0,0.0,0.0,0.0,0.0,0.0,0.0,0.0,0.0,0.0,0.0,0.0,0.0,0.0,0.0,0.0,0.0,0.0,0.0,0.0,0.0,0.0,0.0,0.0,0.0,0.5656,0.8067
32,0.001,3,10,100,16,16,256,202,730,24,ContrastiveLoss,gru,/home/dpetrovitch/dzagcoffee/train_trace/age_pred/checkpoints/age_pred_2025-10-10 14:37:35.506749_ContrastiveLoss_gru_catboost/model_32_0.001_3_10_100_256_16_16_ContrastiveLoss_gruepoch=09.ckpt,9,24,0.372641,61.5395,5.1869,0.0,4.7762,1.1976,7.6453,0.6988,3994.5315,101.1763,893.7822,22.6383,829.0664,20.9992,793.9188,20.1089,749.3701,18.9806,715.1127,18.1129,656.1128,16.6185,431.1968,9.4473,96.4809,2.1138,89.4951,1.9608,85.701,1.8777,80.8921,1.7723,77.1941,1.6913,70.8253,1.5517,0.0,0.0,0.0,0.0,0.0,0.0,0.0,0.0,0.0,0.0,0.0,0.0,0.0,0.0,0.0,0.0,0.0,0.0,0.0,0.0,0.0,0.0,0.0,0.0,0.0,0.0,0.0,0.0,0.0,0.0,0.0,0.0,0.0,0.0,0.0,0.5867,0.8095
32,0.001,3,10,100,16,16,256,202,730,24,ContrastiveLoss,gru,/home/dpetrovitch/dzagcoffee/train_trace/age_pred/checkpoints/age_pred_2025-10-10 14:37:35.506749_ContrastiveLoss_gru_catboost/model_32_0.001_3_10_100_256_16_16_ContrastiveLoss_gruepoch=10.ckpt,10,24,0.3934233,65.1363,5.1936,0.0,4.7946,1.2117,7.6266,0.6831,4247.6597,107.5311,903.9059,22.8827,838.5701,21.2287,802.7823,20.3227,756.6599,19.1551,720.9225,18.2504,657.0376,16.6331,457.8942,9.9324,97.4403,2.1136,90.3972,1.9608,86.5393,1.8772,81.5673,1.7693,77.7148,1.6858,70.8281,1.5364,0.0,0.0,0.0,0.0,0.0,0.0,0.0,0.0,0.0,0.0,0.0,0.0,0.0,0.0,0.0,0.0,0.0,0.0,0.0,0.0,0.0,0.0,0.0,0.0,0.0,0.0,0.0,0.0,0.0,0.0,0.0,0.0,0.0,0.0,0.0,0.5689,0.8128
32,0.001,3,10,100,16,16,256,202,730,24,ContrastiveLoss,gru,/home/dpetrovitch/dzagcoffee/train_trace/age_pred/checkpoints/age_pred_2025-10-10 14:37:35.506749_ContrastiveLoss_gru_catboost/model_32_0.001_3_10_100_256_16_16_ContrastiveLoss_gruepoch=11.ckpt,11,24,0.39975497,64.6293,5.3909,0.0,4.8453,1.2032,7.9738,0.693,4212.8203,106.6789,899.0547,22.7663,833.3469,21.1024,797.3973,20.192,751.2007,19.0222,715.5758,18.1201,653.5019,16.5483,440.6464,9.7389,94.038,2.0784,87.1652,1.9265,83.405,1.8434,78.573,1.7366,74.8468,1.6542,68.354,1.5107,0.0,0.0,0.0,0.0,0.0,0.0,0.0,0.0,0.0,0.0,0.0,0.0,0.0,0.0,0.0,0.0,0.0,0.0,0.0,0.0,0.0,0.0,0.0,0.0,0.0,0.0,0.0,0.0,0.0,0.0,0.0,0.0,0.0,0.0,0.0,0.5556,0.8151
32,0.001,3,10,100,16,16,256,202,730,24,ContrastiveLoss,gru,/home/dpetrovitch/dzagcoffee/train_trace/age_pred/checkpoints/age_pred_2025-10-10 14:37:35.506749_ContrastiveLoss_gru_catboost/model_32_0.001_3_10_100_256_16_16_ContrastiveLoss_gruepoch=12.ckpt,12,24,0.40342128,66.3453,5.5899,0.0,4.8572,1.2086,7.5484,0.6871,4307.503,109.0602,907.4408,22.9752,841.4252,21.3038,804.9761,20.3809,757.7854,19.1861,720.5374,18.243,653.1674,16.5373,461.8729,10.0997,97.3005,2.1277,90.222,1.9729,86.3137,1.8874,81.2537,1.7768,77.2598,1.6894,70.036,1.5315,0.0,0.0,0.0,0.0,0.0,0.0,0.0,0.0,0.0,0.0,0.0,0.0,0.0,0.0,0.0,0.0,0.0,0.0,0.0,0.0,0.0,0.0,0.0,0.0,0.0,0.0,0.0,0.0,0.0,0.0,0.0,0.0,0.0,0.0,0.0,0.5956,0.8216
32,0.001,3,10,100,16,16,256,202,730,24,ContrastiveLoss,gru,/home/dpetrovitch/dzagcoffee/train_trace/age_pred/checkpoints/age_pred_2025-10-10 14:37:35.506749_ContrastiveLoss_gru_catboost/model_32_0.001_3_10_100_256_16_16_ContrastiveLoss_gruepoch=13.ckpt,13,24,0.39736506,66.2549,5.5834,0.0,4.7757,1.204,7.6574,0.6919,4254.7725,107.739,904.6565,22.9076,839.1029,21.2477,803.1187,20.3365,756.5681,19.1578,720.0689,18.2335,653.1975,16.5402,442.9588,9.7517,94.1826,2.0734,87.3579,1.9232,83.6116,1.8407,78.7653,1.734,74.9654,1.6504,68.0035,1.4971,0.0,0.0,0.0,0.0,0.0,0.0,0.0,0.0,0.0,0.0,0.0,0.0,0.0,0.0,0.0,0.0,0.0,0.0,0.0,0.0,0.0,0.0,0.0,0.0,0.0,0.0,0.0,0.0,0.0,0.0,0.0,0.0,0.0,0.0,0.0,0.59,0.8234
32,0.001,3,10,100,16,16,256,202,730,24,ContrastiveLoss,gru,/home/dpetrovitch/dzagcoffee/train_trace/age_pred/checkpoints/age_pred_2025-10-10 14:37:35.506749_ContrastiveLoss_gru_catboost/model_32_0.001_3_10_100_256_16_16_ContrastiveLoss_gruepoch=14.ckpt,14,24,0.40003055,66.9667,5.7446,0.0,4.7176,1.2086,7.5184,0.6862,4292.573,108.6604,903.6417,22.8744,839.6845,21.2554,804.5548,20.3662,759.3156,19.221,724.0666,18.3287,660.727,16.7254,467.2702,10.1655,98.3664,2.14,91.4043,1.9885,87.5802,1.9053,82.6557,1.7982,78.8186,1.7147,71.9238,1.5647,0.0,0.0,0.0,0.0,0.0,0.0,0.0,0.0,0.0,0.0,0.0,0.0,0.0,0.0,0.0,0.0,0.0,0.0,0.0,0.0,0.0,0.0,0.0,0.0,0.0,0.0,0.0,0.0,0.0,0.0,0.0,0.0,0.0,0.0,0.0,0.57,0.8177
32,0.001,3,10,100,16,16,256,202,730,24,ContrastiveLoss,gru,/home/dpetrovitch/dzagcoffee/train_trace/age_pred/checkpoints/age_pred_2025-10-10 14:37:35.506749_ContrastiveLoss_gru_catboost/model_32_0.001_3_10_100_256_16_16_ContrastiveLoss_gruepoch=15.ckpt,15,24,0.40118468,65.9707,5.6101,0.0,4.7282,1.2006,8.0673,0.6958,4229.5073,107.094,903.3152,22.8725,838.0856,21.2209,802.5865,20.322,757.0736,19.1696,722.1124,18.2844,660.0925,16.714,448.0062,9.8626,95.6827,2.1064,88.7733,1.9543,85.0131,1.8715,80.1922,1.7654,76.489,1.6839,69.9196,1.5392,0.0,0.0,0.0,0.0,0.0,0.0,0.0,0.0,0.0,0.0,0.0,0.0,0.0,0.0,0.0,0.0,0.0,0.0,0.0,0.0,0.0,0.0,0.0,0.0,0.0,0.0,0.0,0.0,0.0,0.0,0.0,0.0,0.0,0.0,0.0,0.5778,0.8128
32,0.001,3,10,100,16,16,256,202,730,24,ContrastiveLoss,gru,/home/dpetrovitch/dzagcoffee/train_trace/age_pred/checkpoints/age_pred_2025-10-10 14:37:35.506749_ContrastiveLoss_gru_catboost/model_32_0.001_3_10_100_256_16_16_ContrastiveLoss_gruepoch=16.ckpt,16,24,0.40269604,67.8986,5.5707,0.0,4.6902,1.2081,7.8023,0.6875,4291.5513,108.6472,904.5846,22.9009,839.7539,21.2597,804.1502,20.3583,758.733,19.2085,723.416,18.3144,659.4834,16.6958,459.1234,10.0352,96.7753,2.1152,89.8395,1.9636,86.0305,1.8804,81.1716,1.7742,77.3933,1.6916,70.5536,1.5421,0.0,0.0,0.0,0.0,0.0,0.0,0.0,0.0,0.0,0.0,0.0,0.0,0.0,0.0,0.0,0.0,0.0,0.0,0.0,0.0,0.0,0.0,0.0,0.0,0.0,0.0,0.0,0.0,0.0,0.0,0.0,0.0,0.0,0.0,0.0,0.5767,0.818
32,0.001,3,10,100,16,16,256,202,730,24,ContrastiveLoss,gru,/home/dpetrovitch/dzagcoffee/train_trace/age_pred/checkpoints/age_pred_2025-10-10 14:37:35.506749_ContrastiveLoss_gru_catboost/model_32_0.001_3_10_100_256_16_16_ContrastiveLoss_gruepoch=17.ckpt,17,24,0.39775327,68.9286,5.6396,0.0,4.675,1.2138,7.8882,0.6806,4307.07,109.0189,906.0073,22.9325,841.1249,21.2902,805.438,20.3869,759.5789,19.2262,723.6784,18.3175,659.7374,16.699,456.1332,10.0124,95.9492,2.1061,89.0779,1.9553,85.2986,1.8724,80.442,1.7658,76.64,1.6823,69.8684,1.5337,0.0,0.0,0.0,0.0,0.0,0.0,0.0,0.0,0.0,0.0,0.0,0.0,0.0,0.0,0.0,0.0,0.0,0.0,0.0,0.0,0.0,0.0,0.0,0.0,0.0,0.0,0.0,0.0,0.0,0.0,0.0,0.0,0.0,0.0,0.0,0.5622,0.811
32,0.001,3,10,100,16,16,256,202,730,24,ContrastiveLoss,gru,/home/dpetrovitch/dzagcoffee/train_trace/age_pred/checkpoints/age_pred_2025-10-10 14:37:35.506749_ContrastiveLoss_gru_catboost/model_32_0.001_3_10_100_256_16_16_ContrastiveLoss_gruepoch=18.ckpt,18,24,0.395772,67.8581,5.351,0.0,4.6765,1.2025,7.8621,0.6934,4248.426,107.5498,903.7481,22.8786,839.1245,21.2426,803.736,20.3467,758.4795,19.2011,723.5554,18.317,661.8457,16.7548,462.8285,10.0532,98.4554,2.1386,91.4152,1.9856,87.5599,1.9019,82.6296,1.7948,78.825,1.7122,72.1022,1.5661,0.0,0.0,0.0,0.0,0.0,0.0,0.0,0.0,0.0,0.0,0.0,0.0,0.0,0.0,0.0,0.0,0.0,0.0,0.0,0.0,0.0,0.0,0.0,0.0,0.0,0.0,0.0,0.0,0.0,0.0,0.0,0.0,0.0,0.0,0.0,0.5811,0.8118
32,0.001,3,10,100,16,16,256,202,730,24,ContrastiveLoss,gru,/home/dpetrovitch/dzagcoffee/train_trace/age_pred/checkpoints/age_pred_2025-10-10 14:37:35.506749_ContrastiveLoss_gru_catboost/model_32_0.001_3_10_100_256_16_16_ContrastiveLoss_gruepoch=19.ckpt,19,24,0.40436068,68.893,5.8991,0.0,4.6831,1.205,7.8772,0.6907,4295.6187,108.7791,911.0474,23.0707,846.2974,21.431,810.4553,20.5234,764.5383,19.3606,728.8856,18.4578,663.833,16.8104,454.8126,9.9314,96.4601,2.1063,89.6045,1.9566,85.8096,1.8738,80.948,1.7676,77.1731,1.6852,70.2855,1.5348,0.0,0.0,0.0,0.0,0.0,0.0,0.0,0.0,0.0,0.0,0.0,0.0,0.0,0.0,0.0,0.0,0.0,0.0,0.0,0.0,0.0,0.0,0.0,0.0,0.0,0.0,0.0,0.0,0.0,0.0,0.0,0.0,0.0,0.0,0.0,0.5778,0.8155
32,0.001,3,10,100,16,16,256,202,730,24,ContrastiveLoss,gru,/home/dpetrovitch/dzagcoffee/train_trace/age_pred/checkpoints/age_pred_2025-10-10 14:37:35.506749_ContrastiveLoss_gru_catboost/model_32_0.001_3_10_100_256_16_16_ContrastiveLoss_gruepoch=20.ckpt,20,24,0.40363568,69.5678,5.8721,0.0,4.6663,1.2084,7.4994,0.687,4308.6997,109.0824,907.8964,22.985,842.9778,21.3415,807.3948,20.4406,761.1943,19.271,725.0985,18.3572,657.7795,16.6529,463.5885,10.0705,97.6838,2.122,90.699,1.9702,86.8705,1.8871,81.8996,1.7791,78.016,1.6947,70.7729,1.5374,0.0,0.0,0.0,0.0,0.0,0.0,0.0,0.0,0.0,0.0,0.0,0.0,0.0,0.0,0.0,0.0,0.0,0.0,0.0,0.0,0.0,0.0,0.0,0.0,0.0,0.0,0.0,0.0,0.0,0.0,0.0,0.0,0.0,0.0,0.0,0.5856,0.8239
32,0.001,3,10,100,16,16,256,202,730,24,ContrastiveLoss,gru,/home/dpetrovitch/dzagcoffee/train_trace/age_pred/checkpoints/age_pred_2025-10-10 14:37:35.506749_ContrastiveLoss_gru_catboost/model_32_0.001_3_10_100_256_16_16_ContrastiveLoss_gruepoch=21.ckpt,21,24,0.40287986,70.0638,5.8748,0.0,4.6542,1.2082,7.4694,0.6876,4345.0645,110.017,913.3938,23.1271,847.834,21.4672,811.3441,20.5432,763.9163,19.3424,726.5258,18.3956,657.1647,16.6394,452.8376,9.8483,95.1928,2.0703,88.3603,1.9217,84.5573,1.839,79.6145,1.7315,75.7177,1.6467,68.4889,1.4895,0.0,0.0,0.0,0.0,0.0,0.0,0.0,0.0,0.0,0.0,0.0,0.0,0.0,0.0,0.0,0.0,0.0,0.0,0.0,0.0,0.0,0.0,0.0,0.0,0.0,0.0,0.0,0.0,0.0,0.0,0.0,0.0,0.0,0.0,0.0,0.5678,0.8152
32,0.001,3,10,100,16,16,256,202,730,24,ContrastiveLoss,gru,/home/dpetrovitch/dzagcoffee/train_trace/age_pred/checkpoints/age_pred_2025-10-10 14:37:35.506749_ContrastiveLoss_gru_catboost/model_32_0.001_3_10_100_256_16_16_ContrastiveLoss_gruepoch=22.ckpt,22,24,0.4048407,70.5822,5.6818,0.0,4.5722,1.2101,8.0255,0.6848,4321.4414,109.4107,911.5689,23.0792,847.0188,21.4449,811.5747,20.5475,765.9278,19.3918,730.4652,18.494,666.2372,16.8679,466.9382,10.0708,98.4964,2.1243,91.5216,1.9739,87.6918,1.8913,82.7596,1.7849,78.9278,1.7023,71.9879,1.5526,0.0,0.0,0.0,0.0,0.0,0.0,0.0,0.0,0.0,0.0,0.0,0.0,0.0,0.0,0.0,0.0,0.0,0.0,0.0,0.0,0.0,0.0,0.0,0.0,0.0,0.0,0.0,0.0,0.0,0.0,0.0,0.0,0.0,0.0,0.0,0.59,0.8277
32,0.001,3,10,100,16,16,256,202,730,24,ContrastiveLoss,gru,/home/dpetrovitch/dzagcoffee/train_trace/age_pred/checkpoints/age_pred_2025-10-10 14:37:35.506749_ContrastiveLoss_gru_catboost/model_32_0.001_3_10_100_256_16_16_ContrastiveLoss_gruepoch=23.ckpt,23,24,0.4033191,69.5416,5.8926,0.0,4.5651,1.2015,7.5072,0.6949,4268.9546,108.1002,908.0711,22.9945,842.9011,21.3443,807.0181,20.4356,760.3874,19.2548,723.6649,18.3249,656.0105,16.6118,455.7158,9.8512,96.9376,2.0955,89.9807,1.9451,86.1501,1.8623,81.1722,1.7547,77.2521,1.67,70.0299,1.5138,0.0,0.0,0.0,0.0,0.0,0.0,0.0,0.0,0.0,0.0,0.0,0.0,0.0,0.0,0.0,0.0,0.0,0.0,0.0,0.0,0.0,0.0,0.0,0.0,0.0,0.0,0.0,0.0,0.0,0.0,0.0,0.0,0.0,0.0,0.0,0.5878,0.8162
64,0.001,3,10,100,16,16,256,202,730,24,ContrastiveLoss,gru,/home/dpetrovitch/dzagcoffee/train_trace/age_pred/checkpoints/age_pred_2025-10-10 14:37:35.506749_ContrastiveLoss_gru_catboost/model_64_0.001_3_10_100_256_16_16_ContrastiveLoss_gruepoch=00.ckpt,0,24,0.22360507,52.6554,4.464,0.0006,4.1666,1.1657,5.4336,0.7393,2196.7646,55.9363,783.8133,19.9583,706.8008,17.9973,665.8177,16.9537,614.537,15.648,576.6386,14.683,513.6436,13.0789,166.7744,4.5258,59.5057,1.6148,53.659,1.4561,50.5477,1.3717,46.6545,1.2661,43.7774,1.188,38.9949,1.0582,0.0,0.0,0.0,0.0,0.0,0.0,0.0,0.0,0.0,0.0,0.0,0.0,0.0,0.0,0.0,0.0,0.0,0.0,0.0,0.0,0.0,0.0,0.0,0.0,0.0,0.0,0.0,0.0,0.0,0.0,0.0,0.0,0.0,0.0,0.0,0.4867,0.7379
64,0.001,3,10,100,16,16,256,202,730,24,ContrastiveLoss,gru,/home/dpetrovitch/dzagcoffee/train_trace/age_pred/checkpoints/age_pred_2025-10-10 14:37:35.506749_ContrastiveLoss_gru_catboost/model_64_0.001_3_10_100_256_16_16_ContrastiveLoss_gruepoch=01.ckpt,1,24,0.2903343,54.9616,4.2984,0.0006,4.1398,1.1913,7.348,0.7076,2861.1982,72.5605,838.6763,21.269,770.038,19.5283,732.9673,18.5882,686.3674,17.4064,651.242,16.5156,591.6365,15.004,277.2034,6.6493,81.2541,1.949,74.6041,1.7895,71.0126,1.7034,66.4978,1.5951,63.0947,1.5135,57.3199,1.3749,0.0,0.0,0.0,0.0,0.0,0.0,0.0,0.0,0.0,0.0,0.0,0.0,0.0,0.0,0.0,0.0,0.0,0.0,0.0,0.0,0.0,0.0,0.0,0.0,0.0,0.0,0.0,0.0,0.0,0.0,0.0,0.0,0.0,0.0,0.0,0.53,0.7671
64,0.001,3,10,100,16,16,256,202,730,24,ContrastiveLoss,gru,/home/dpetrovitch/dzagcoffee/train_trace/age_pred/checkpoints/age_pred_2025-10-10 14:37:35.506749_ContrastiveLoss_gru_catboost/model_64_0.001_3_10_100_256_16_16_ContrastiveLoss_gruepoch=02.ckpt,2,24,0.31586117,52.7151,4.4622,0.0005,4.0985,1.204,7.9438,0.6922,3260.9211,82.6361,844.3924,21.398,778.182,19.7202,742.6513,18.8198,698.0388,17.6892,664.3687,16.836,606.8877,15.3793,363.3055,8.2561,94.0754,2.1379,86.6988,1.9702,82.7402,1.8803,77.7698,1.7673,74.0186,1.6821,67.6145,1.5365,0.0,0.0,0.0,0.0,0.0,0.0,0.0,0.0,0.0,0.0,0.0,0.0,0.0,0.0,0.0,0.0,0.0,0.0,0.0,0.0,0.0,0.0,0.0,0.0,0.0,0.0,0.0,0.0,0.0,0.0,0.0,0.0,0.0,0.0,0.0,0.5156,0.7773
64,0.001,3,10,100,16,16,256,202,730,24,ContrastiveLoss,gru,/home/dpetrovitch/dzagcoffee/train_trace/age_pred/checkpoints/age_pred_2025-10-10 14:37:35.506749_ContrastiveLoss_gru_catboost/model_64_0.001_3_10_100_256_16_16_ContrastiveLoss_gruepoch=03.ckpt,3,24,0.33015382,54.6356,3.4279,0.0005,4.1217,1.2143,8.2393,0.6808,3556.5632,90.1262,865.009,21.92,798.3715,20.2314,762.1754,19.3141,716.2399,18.1501,681.3355,17.2656,621.2208,15.7422,402.9824,8.9425,98.0113,2.175,90.4608,2.0074,86.3596,1.9164,81.1548,1.8009,77.1999,1.7131,70.3885,1.562,0.0,0.0,0.0,0.0,0.0,0.0,0.0,0.0,0.0,0.0,0.0,0.0,0.0,0.0,0.0,0.0,0.0,0.0,0.0,0.0,0.0,0.0,0.0,0.0,0.0,0.0,0.0,0.0,0.0,0.0,0.0,0.0,0.0,0.0,0.0,0.5422,0.7805
64,0.001,3,10,100,16,16,256,202,730,24,ContrastiveLoss,gru,/home/dpetrovitch/dzagcoffee/train_trace/age_pred/checkpoints/age_pred_2025-10-10 14:37:35.506749_ContrastiveLoss_gru_catboost/model_64_0.001_3_10_100_256_16_16_ContrastiveLoss_gruepoch=04.ckpt,4,24,0.32936648,55.715,3.0852,0.0007,4.1679,1.216,8.1377,0.6781,3682.1768,93.3042,879.4085,22.2837,813.9634,20.6253,778.6927,19.7316,734.0376,18.6001,700.6534,17.7541,644.6479,16.335,399.6609,8.9162,95.4504,2.1294,88.347,1.971,84.5188,1.8856,79.6719,1.7774,76.0484,1.6966,69.9696,1.561,0.0,0.0,0.0,0.0,0.0,0.0,0.0,0.0,0.0,0.0,0.0,0.0,0.0,0.0,0.0,0.0,0.0,0.0,0.0,0.0,0.0,0.0,0.0,0.0,0.0,0.0,0.0,0.0,0.0,0.0,0.0,0.0,0.0,0.0,0.0,0.52,0.785
64,0.001,3,10,100,16,16,256,202,730,24,ContrastiveLoss,gru,/home/dpetrovitch/dzagcoffee/train_trace/age_pred/checkpoints/age_pred_2025-10-10 14:37:35.506749_ContrastiveLoss_gru_catboost/model_64_0.001_3_10_100_256_16_16_ContrastiveLoss_gruepoch=05.ckpt,5,24,0.3382489,55.7546,3.2859,0.0006,4.2247,1.1999,7.8025,0.6968,3750.8635,95.0303,888.501,22.5107,822.0482,20.8271,785.9044,19.9114,739.8184,18.7437,704.5924,17.8513,644.9352,16.3398,408.4263,8.9542,96.7476,2.1211,89.5117,1.9624,85.576,1.8761,80.5578,1.7661,76.7221,1.682,70.2261,1.5396,0.0,0.0,0.0,0.0,0.0,0.0,0.0,0.0,0.0,0.0,0.0,0.0,0.0,0.0,0.0,0.0,0.0,0.0,0.0,0.0,0.0,0.0,0.0,0.0,0.0,0.0,0.0,0.0,0.0,0.0,0.0,0.0,0.0,0.0,0.0,0.5556,0.7962
64,0.001,3,10,100,16,16,256,202,730,24,ContrastiveLoss,gru,/home/dpetrovitch/dzagcoffee/train_trace/age_pred/checkpoints/age_pred_2025-10-10 14:37:35.506749_ContrastiveLoss_gru_catboost/model_64_0.001_3_10_100_256_16_16_ContrastiveLoss_gruepoch=06.ckpt,6,24,0.33853155,58.638,3.3722,0.0006,4.2638,1.2085,8.3953,0.6859,3865.372,97.889,897.3159,22.7242,832.586,21.0849,797.6766,20.2008,753.3685,19.0788,719.9676,18.2329,663.3481,16.799,420.2012,9.1061,97.5464,2.1139,90.5097,1.9614,86.7147,1.8792,81.898,1.7748,78.267,1.6961,72.112,1.5627,0.0,0.0,0.0,0.0,0.0,0.0,0.0,0.0,0.0,0.0,0.0,0.0,0.0,0.0,0.0,0.0,0.0,0.0,0.0,0.0,0.0,0.0,0.0,0.0,0.0,0.0,0.0,0.0,0.0,0.0,0.0,0.0,0.0,0.0,0.0,0.5544,0.7919
64,0.001,3,10,100,16,16,256,202,730,24,ContrastiveLoss,gru,/home/dpetrovitch/dzagcoffee/train_trace/age_pred/checkpoints/age_pred_2025-10-10 14:37:35.506749_ContrastiveLoss_gru_catboost/model_64_0.001_3_10_100_256_16_16_ContrastiveLoss_gruepoch=07.ckpt,7,24,0.34715155,61.2644,3.4781,0.0006,4.2886,1.2139,8.1613,0.6805,4006.5312,101.434,910.0722,23.0404,844.1787,21.3722,808.1059,20.4589,761.8332,19.2875,726.1266,18.3835,663.4699,16.7972,428.8048,9.2335,97.4018,2.0974,90.3495,1.9455,86.4887,1.8624,81.5363,1.7557,77.7148,1.6734,71.0088,1.529,0.0,0.0,0.0,0.0,0.0,0.0,0.0,0.0,0.0,0.0,0.0,0.0,0.0,0.0,0.0,0.0,0.0,0.0,0.0,0.0,0.0,0.0,0.0,0.0,0.0,0.0,0.0,0.0,0.0,0.0,0.0,0.0,0.0,0.0,0.0,0.5633,0.8021
64,0.001,3,10,100,16,16,256,202,730,24,ContrastiveLoss,gru,/home/dpetrovitch/dzagcoffee/train_trace/age_pred/checkpoints/age_pred_2025-10-10 14:37:35.506749_ContrastiveLoss_gru_catboost/model_64_0.001_3_10_100_256_16_16_ContrastiveLoss_gruepoch=08.ckpt,8,24,0.346768,60.7443,3.2601,0.0006,4.3101,1.2021,7.7074,0.6934,3947.3677,99.9878,906.3398,22.9578,840.2454,21.2836,804.029,20.3663,757.566,19.1893,722.3096,18.2963,662.1506,16.7724,396.0974,8.779,90.9464,2.0157,84.3142,1.8687,80.68,1.7882,76.0177,1.6848,72.4799,1.6064,66.4433,1.4726,0.0,0.0,0.0,0.0,0.0,0.0,0.0,0.0,0.0,0.0,0.0,0.0,0.0,0.0,0.0,0.0,0.0,0.0,0.0,0.0,0.0,0.0,0.0,0.0,0.0,0.0,0.0,0.0,0.0,0.0,0.0,0.0,0.0,0.0,0.0,0.55,0.8101
64,0.001,3,10,100,16,16,256,202,730,24,ContrastiveLoss,gru,/home/dpetrovitch/dzagcoffee/train_trace/age_pred/checkpoints/age_pred_2025-10-10 14:37:35.506749_ContrastiveLoss_gru_catboost/model_64_0.001_3_10_100_256_16_16_ContrastiveLoss_gruepoch=09.ckpt,9,24,0.34936208,62.5016,3.4672,0.0006,4.357,1.2079,8.3674,0.6866,4103.444,103.8633,915.324,23.168,850.9845,21.5395,816.1031,20.6566,771.4968,19.5275,737.8359,18.6755,680.9579,17.2359,430.5443,9.3374,96.0382,2.0828,89.2876,1.9364,85.6277,1.857,80.9475,1.7555,77.4157,1.6789,71.4479,1.5495,0.0,0.0,0.0,0.0,0.0,0.0,0.0,0.0,0.0,0.0,0.0,0.0,0.0,0.0,0.0,0.0,0.0,0.0,0.0,0.0,0.0,0.0,0.0,0.0,0.0,0.0,0.0,0.0,0.0,0.0,0.0,0.0,0.0,0.0,0.0,0.5644,0.8058
64,0.001,3,10,100,16,16,256,202,730,24,ContrastiveLoss,gru,/home/dpetrovitch/dzagcoffee/train_trace/age_pred/checkpoints/age_pred_2025-10-10 14:37:35.506749_ContrastiveLoss_gru_catboost/model_64_0.001_3_10_100_256_16_16_ContrastiveLoss_gruepoch=10.ckpt,10,24,0.35652852,64.4238,3.8653,0.0006,4.3541,1.2175,8.6382,0.6762,4245.3555,107.463,923.6826,23.3812,857.3355,21.7018,820.7989,20.7769,773.526,19.5803,737.1775,18.6602,674.14,17.0646,440.1949,9.541,95.7753,2.0759,88.8959,1.9268,85.1075,1.8447,80.2058,1.7384,76.4369,1.6567,69.9006,1.5151,0.0,0.0,0.0,0.0,0.0,0.0,0.0,0.0,0.0,0.0,0.0,0.0,0.0,0.0,0.0,0.0,0.0,0.0,0.0,0.0,0.0,0.0,0.0,0.0,0.0,0.0,0.0,0.0,0.0,0.0,0.0,0.0,0.0,0.0,0.0,0.5589,0.8061
64,0.001,3,10,100,16,16,256,202,730,24,ContrastiveLoss,gru,/home/dpetrovitch/dzagcoffee/train_trace/age_pred/checkpoints/age_pred_2025-10-10 14:37:35.506749_ContrastiveLoss_gru_catboost/model_64_0.001_3_10_100_256_16_16_ContrastiveLoss_gruepoch=11.ckpt,11,24,0.35266274,63.2853,3.6712,0.0006,4.3498,1.2023,8.383,0.6926,4124.7437,104.4321,922.3825,23.3533,858.2545,21.7297,823.1542,20.841,778.2361,19.7037,744.1914,18.8418,686.1812,17.373,431.6979,9.3233,96.5371,2.0849,89.8254,1.94,86.1518,1.8606,81.4506,1.7591,77.8875,1.6821,71.8161,1.551,0.0,0.0,0.0,0.0,0.0,0.0,0.0,0.0,0.0,0.0,0.0,0.0,0.0,0.0,0.0,0.0,0.0,0.0,0.0,0.0,0.0,0.0,0.0,0.0,0.0,0.0,0.0,0.0,0.0,0.0,0.0,0.0,0.0,0.0,0.0,0.5544,0.8025
64,0.001,3,10,100,16,16,256,202,730,24,ContrastiveLoss,gru,/home/dpetrovitch/dzagcoffee/train_trace/age_pred/checkpoints/age_pred_2025-10-10 14:37:35.506749_ContrastiveLoss_gru_catboost/model_64_0.001_3_10_100_256_16_16_ContrastiveLoss_gruepoch=12.ckpt,12,24,0.34256902,60.7565,3.752,0.0006,4.3861,1.1854,8.0331,0.7123,3975.0984,100.6451,908.9817,23.0144,845.4033,21.4047,810.8661,20.5302,767.2231,19.4252,734.3895,18.5939,679.9905,17.2166,416.6749,9.1681,95.2806,2.0965,88.6162,1.9498,84.996,1.8702,80.4213,1.7695,76.9796,1.6938,71.2775,1.5683,0.0,0.0,0.0,0.0,0.0,0.0,0.0,0.0,0.0,0.0,0.0,0.0,0.0,0.0,0.0,0.0,0.0,0.0,0.0,0.0,0.0,0.0,0.0,0.0,0.0,0.0,0.0,0.0,0.0,0.0,0.0,0.0,0.0,0.0,0.0,0.5544,0.8054
64,0.001,3,10,100,16,16,256,202,730,24,ContrastiveLoss,gru,/home/dpetrovitch/dzagcoffee/train_trace/age_pred/checkpoints/age_pred_2025-10-10 14:37:35.506749_ContrastiveLoss_gru_catboost/model_64_0.001_3_10_100_256_16_16_ContrastiveLoss_gruepoch=13.ckpt,13,24,0.3512496,65.1195,4.27,0.0007,4.3322,1.2135,7.8064,0.6802,4177.6465,105.7801,922.6133,23.361,856.9989,21.6996,821.0295,20.7889,774.5051,19.6109,738.5521,18.7005,675.474,17.1033,425.2549,9.2678,93.9155,2.0467,87.2364,1.9012,83.575,1.8214,78.8391,1.7182,75.1794,1.6384,68.7585,1.4985,0.0,0.0,0.0,0.0,0.0,0.0,0.0,0.0,0.0,0.0,0.0,0.0,0.0,0.0,0.0,0.0,0.0,0.0,0.0,0.0,0.0,0.0,0.0,0.0,0.0,0.0,0.0,0.0,0.0,0.0,0.0,0.0,0.0,0.0,0.0,0.5322,0.7917
64,0.001,3,10,100,16,16,256,202,730,24,ContrastiveLoss,gru,/home/dpetrovitch/dzagcoffee/train_trace/age_pred/checkpoints/age_pred_2025-10-10 14:37:35.506749_ContrastiveLoss_gru_catboost/model_64_0.001_3_10_100_256_16_16_ContrastiveLoss_gruepoch=14.ckpt,14,24,0.36307937,66.0573,4.0591,0.0006,4.3777,1.2109,8.6012,0.683,4342.575,109.8978,931.7509,23.5799,867.7989,21.9614,832.4906,21.0679,787.1099,19.9194,751.8813,19.0279,689.8941,17.4592,454.9619,9.7732,97.6175,2.0969,90.9174,1.953,87.2182,1.8736,82.4637,1.7714,78.7729,1.6921,72.2787,1.5526,0.0,0.0,0.0,0.0,0.0,0.0,0.0,0.0,0.0,0.0,0.0,0.0,0.0,0.0,0.0,0.0,0.0,0.0,0.0,0.0,0.0,0.0,0.0,0.0,0.0,0.0,0.0,0.0,0.0,0.0,0.0,0.0,0.0,0.0,0.0,0.5733,0.8043
64,0.001,3,10,100,16,16,256,202,730,24,ContrastiveLoss,gru,/home/dpetrovitch/dzagcoffee/train_trace/age_pred/checkpoints/age_pred_2025-10-10 14:37:35.506749_ContrastiveLoss_gru_catboost/model_64_0.001_3_10_100_256_16_16_ContrastiveLoss_gruepoch=15.ckpt,15,24,0.35045218,64.1572,4.5819,0.0006,4.3846,1.1991,7.6409,0.6963,4140.313,104.8219,920.904,23.3149,856.5498,21.6856,821.3353,20.7941,776.416,19.6568,742.3948,18.7955,684.4553,17.3286,429.7662,9.3241,95.5902,2.0739,88.9102,1.929,85.2549,1.8497,80.5923,1.7485,77.0609,1.6719,71.0467,1.5414,0.0,0.0,0.0,0.0,0.0,0.0,0.0,0.0,0.0,0.0,0.0,0.0,0.0,0.0,0.0,0.0,0.0,0.0,0.0,0.0,0.0,0.0,0.0,0.0,0.0,0.0,0.0,0.0,0.0,0.0,0.0,0.0,0.0,0.0,0.0,0.58,0.8099
64,0.001,3,10,100,16,16,256,202,730,24,ContrastiveLoss,gru,/home/dpetrovitch/dzagcoffee/train_trace/age_pred/checkpoints/age_pred_2025-10-10 14:37:35.506749_ContrastiveLoss_gru_catboost/model_64_0.001_3_10_100_256_16_16_ContrastiveLoss_gruepoch=16.ckpt,16,24,0.3619388,64.6378,4.1134,0.0005,4.44,1.1907,8.2843,0.7063,4280.72,108.3163,929.9125,23.5298,866.2936,21.9201,831.116,21.03,786.004,19.8885,751.3072,19.0105,689.9006,17.4567,446.6385,9.562,97.0245,2.0772,90.3867,1.9351,86.7163,1.8565,82.0095,1.7557,78.3893,1.6782,71.9823,1.5411,0.0,0.0,0.0,0.0,0.0,0.0,0.0,0.0,0.0,0.0,0.0,0.0,0.0,0.0,0.0,0.0,0.0,0.0,0.0,0.0,0.0,0.0,0.0,0.0,0.0,0.0,0.0,0.0,0.0,0.0,0.0,0.0,0.0,0.0,0.0,0.5667,0.8034
64,0.001,3,10,100,16,16,256,202,730,24,ContrastiveLoss,gru,/home/dpetrovitch/dzagcoffee/train_trace/age_pred/checkpoints/age_pred_2025-10-10 14:37:35.506749_ContrastiveLoss_gru_catboost/model_64_0.001_3_10_100_256_16_16_ContrastiveLoss_gruepoch=17.ckpt,17,24,0.36844918,67.0412,3.8851,0.0006,4.4067,1.2039,8.423,0.6912,4342.567,109.9064,937.9453,23.7385,873.3718,22.1042,837.5451,21.1975,791.258,20.026,755.4414,19.1195,691.9148,17.5117,442.5774,9.5293,95.5917,2.0582,89.0106,1.9165,85.3593,1.8379,80.6419,1.7363,76.9916,1.6577,70.5172,1.5183,0.0,0.0,0.0,0.0,0.0,0.0,0.0,0.0,0.0,0.0,0.0,0.0,0.0,0.0,0.0,0.0,0.0,0.0,0.0,0.0,0.0,0.0,0.0,0.0,0.0,0.0,0.0,0.0,0.0,0.0,0.0,0.0,0.0,0.0,0.0,0.5433,0.7997
64,0.001,3,10,100,16,16,256,202,730,24,ContrastiveLoss,gru,/home/dpetrovitch/dzagcoffee/train_trace/age_pred/checkpoints/age_pred_2025-10-10 14:37:35.506749_ContrastiveLoss_gru_catboost/model_64_0.001_3_10_100_256_16_16_ContrastiveLoss_gruepoch=18.ckpt,18,24,0.36236274,68.8642,3.579,0.0005,4.3586,1.2178,7.9921,0.6758,4440.629,112.3838,935.9268,23.6865,871.162,22.0474,835.1359,21.1357,788.5951,19.9578,752.7222,19.0499,690.7418,17.4813,453.0269,9.7429,95.482,2.0535,88.8748,1.9114,85.1994,1.8323,80.4514,1.7302,76.7917,1.6515,70.4685,1.5155,0.0,0.0,0.0,0.0,0.0,0.0,0.0,0.0,0.0,0.0,0.0,0.0,0.0,0.0,0.0,0.0,0.0,0.0,0.0,0.0,0.0,0.0,0.0,0.0,0.0,0.0,0.0,0.0,0.0,0.0,0.0,0.0,0.0,0.0,0.0,0.5567,0.8076
64,0.001,3,10,100,16,16,256,202,730,24,ContrastiveLoss,gru,/home/dpetrovitch/dzagcoffee/train_trace/age_pred/checkpoints/age_pred_2025-10-10 14:37:35.506749_ContrastiveLoss_gru_catboost/model_64_0.001_3_10_100_256_16_16_ContrastiveLoss_gruepoch=19.ckpt,19,24,0.36998343,68.5774,4.0565,0.0005,4.3737,1.2063,8.5747,0.6883,4412.72,111.6776,937.9255,23.7371,872.9973,22.0939,836.7874,21.1775,790.2618,20.0,753.9709,19.0816,690.054,17.464,445.1479,9.6175,94.6164,2.0442,88.0665,1.9027,84.4137,1.8238,79.7203,1.7224,76.0593,1.6433,69.6115,1.504,0.0,0.0,0.0,0.0,0.0,0.0,0.0,0.0,0.0,0.0,0.0,0.0,0.0,0.0,0.0,0.0,0.0,0.0,0.0,0.0,0.0,0.0,0.0,0.0,0.0,0.0,0.0,0.0,0.0,0.0,0.0,0.0,0.0,0.0,0.0,0.5689,0.8066
64,0.001,3,10,100,16,16,256,202,730,24,ContrastiveLoss,gru,/home/dpetrovitch/dzagcoffee/train_trace/age_pred/checkpoints/age_pred_2025-10-10 14:37:35.506749_ContrastiveLoss_gru_catboost/model_64_0.001_3_10_100_256_16_16_ContrastiveLoss_gruepoch=20.ckpt,20,24,0.3552669,67.6068,4.5307,0.0006,4.3494,1.2028,8.779,0.6919,4314.268,109.1945,933.0727,23.6162,869.6118,22.01,834.9499,21.1327,790.5639,20.0092,756.5278,19.1478,696.3831,17.6255,449.335,9.63,97.1804,2.0827,90.5709,1.9411,86.9608,1.8637,82.338,1.7646,78.7931,1.6887,72.5289,1.5544,0.0,0.0,0.0,0.0,0.0,0.0,0.0,0.0,0.0,0.0,0.0,0.0,0.0,0.0,0.0,0.0,0.0,0.0,0.0,0.0,0.0,0.0,0.0,0.0,0.0,0.0,0.0,0.0,0.0,0.0,0.0,0.0,0.0,0.0,0.0,0.5678,0.8112
64,0.001,3,10,100,16,16,256,202,730,24,ContrastiveLoss,gru,/home/dpetrovitch/dzagcoffee/train_trace/age_pred/checkpoints/age_pred_2025-10-10 14:37:35.506749_ContrastiveLoss_gru_catboost/model_64_0.001_3_10_100_256_16_16_ContrastiveLoss_gruepoch=21.ckpt,21,24,0.35139096,66.3808,3.5753,0.0006,4.3629,1.2005,8.1038,0.6944,4264.566,107.9574,926.4408,23.4528,863.4822,21.859,829.3481,20.9949,785.6574,19.8889,752.8323,19.0579,697.3469,17.6533,450.1047,9.6123,97.7814,2.0882,91.1365,1.9463,87.5338,1.8693,82.9224,1.7709,79.4579,1.6969,73.6017,1.5718,0.0,0.0,0.0,0.0,0.0,0.0,0.0,0.0,0.0,0.0,0.0,0.0,0.0,0.0,0.0,0.0,0.0,0.0,0.0,0.0,0.0,0.0,0.0,0.0,0.0,0.0,0.0,0.0,0.0,0.0,0.0,0.0,0.0,0.0,0.0,0.5789,0.8121
64,0.001,3,10,100,16,16,256,202,730,24,ContrastiveLoss,gru,/home/dpetrovitch/dzagcoffee/train_trace/age_pred/checkpoints/age_pred_2025-10-10 14:37:35.506749_ContrastiveLoss_gru_catboost/model_64_0.001_3_10_100_256_16_16_ContrastiveLoss_gruepoch=22.ckpt,22,24,0.36799496,69.4605,3.879,0.0006,4.3428,1.2126,8.5787,0.6811,4449.8394,112.6148,937.2023,23.7184,872.8521,22.0898,837.3203,21.1906,791.7668,20.0377,756.8961,19.1552,696.2137,17.6195,462.4136,9.8644,97.3912,2.0776,90.7041,1.9349,87.0118,1.8562,82.278,1.7552,78.6543,1.6779,72.3484,1.5434,0.0,0.0,0.0,0.0,0.0,0.0,0.0,0.0,0.0,0.0,0.0,0.0,0.0,0.0,0.0,0.0,0.0,0.0,0.0,0.0,0.0,0.0,0.0,0.0,0.0,0.0,0.0,0.0,0.0,0.0,0.0,0.0,0.0,0.0,0.0,0.5611,0.81
64,0.001,3,10,100,16,16,256,202,730,24,ContrastiveLoss,gru,/home/dpetrovitch/dzagcoffee/train_trace/age_pred/checkpoints/age_pred_2025-10-10 14:37:35.506749_ContrastiveLoss_gru_catboost/model_64_0.001_3_10_100_256_16_16_ContrastiveLoss_gruepoch=23.ckpt,23,24,0.3629078,67.4036,4.2351,0.0006,4.3608,1.1985,8.6682,0.6972,4338.585,109.8204,934.2897,23.6492,870.9435,22.0458,836.1332,21.1646,791.7455,20.0411,757.7084,19.1795,698.8428,17.6895,457.2636,9.7354,98.4691,2.0965,91.7928,1.9543,88.124,1.8762,83.4457,1.7766,79.8584,1.7002,73.6543,1.5681,0.0,0.0,0.0,0.0,0.0,0.0,0.0,0.0,0.0,0.0,0.0,0.0,0.0,0.0,0.0,0.0,0.0,0.0,0.0,0.0,0.0,0.0,0.0,0.0,0.0,0.0,0.0,0.0,0.0,0.0,0.0,0.0,0.0,0.0,0.0,0.5822,0.8211
128,0.001,3,10,100,16,16,256,202,730,24,ContrastiveLoss,gru,/home/dpetrovitch/dzagcoffee/train_trace/age_pred/checkpoints/age_pred_2025-10-10 14:37:35.506749_ContrastiveLoss_gru_catboost/model_128_0.001_3_10_100_256_16_16_ContrastiveLoss_gruepoch=00.ckpt,0,24,0.11311355,52.4985,4.3657,0.0007,4.1069,1.1382,5.4845,0.7763,1797.5664,46.1298,774.3113,19.8707,696.986,17.8863,654.9414,16.8073,600.7256,15.416,558.5336,14.3333,481.6552,12.3604,110.1765,3.2761,47.4591,1.4112,42.7197,1.2703,40.1427,1.1936,36.8197,1.0948,34.2337,1.0179,29.5216,0.8778,0.0,0.0,0.0,0.0,0.0,0.0,0.0,0.0,0.0,0.0,0.0,0.0,0.0,0.0,0.0,0.0,0.0,0.0,0.0,0.0,0.0,0.0,0.0,0.0,0.0,0.0,0.0,0.0,0.0,0.0,0.0,0.0,0.0,0.0,0.0,0.4711,0.7279
128,0.001,3,10,100,16,16,256,202,730,24,ContrastiveLoss,gru,/home/dpetrovitch/dzagcoffee/train_trace/age_pred/checkpoints/age_pred_2025-10-10 14:37:35.506749_ContrastiveLoss_gru_catboost/model_128_0.001_3_10_100_256_16_16_ContrastiveLoss_gruepoch=01.ckpt,1,24,0.17602786,59.402,3.6528,0.0008,4.0538,1.1565,6.2773,0.7504,2321.3254,59.0328,849.2465,21.5969,775.4221,19.7195,735.456,18.7031,684.1654,17.3988,644.6905,16.3949,577.3934,14.6835,165.3438,4.3816,60.4903,1.603,55.2319,1.4637,52.3852,1.3882,48.7319,1.2914,45.9201,1.2169,41.1267,1.0899,0.0,0.0,0.0,0.0,0.0,0.0,0.0,0.0,0.0,0.0,0.0,0.0,0.0,0.0,0.0,0.0,0.0,0.0,0.0,0.0,0.0,0.0,0.0,0.0,0.0,0.0,0.0,0.0,0.0,0.0,0.0,0.0,0.0,0.0,0.0,0.4822,0.7512
128,0.001,3,10,100,16,16,256,202,730,24,ContrastiveLoss,gru,/home/dpetrovitch/dzagcoffee/train_trace/age_pred/checkpoints/age_pred_2025-10-10 14:37:35.506749_ContrastiveLoss_gru_catboost/model_128_0.001_3_10_100_256_16_16_ContrastiveLoss_gruepoch=02.ckpt,2,24,0.21414338,61.0836,3.2805,0.0007,4.0212,1.1664,6.6907,0.737,2689.7495,68.2381,866.6167,21.9858,797.2273,20.2254,759.3698,19.265,711.2688,18.0447,675.3247,17.1328,614.0043,15.5771,221.0738,5.4832,71.2283,1.7667,65.5251,1.6252,62.4135,1.548,58.4601,1.45,55.5058,1.3767,50.4658,1.2517,0.0,0.0,0.0,0.0,0.0,0.0,0.0,0.0,0.0,0.0,0.0,0.0,0.0,0.0,0.0,0.0,0.0,0.0,0.0,0.0,0.0,0.0,0.0,0.0,0.0,0.0,0.0,0.0,0.0,0.0,0.0,0.0,0.0,0.0,0.0,0.5044,0.7478
128,0.001,3,10,100,16,16,256,202,730,24,ContrastiveLoss,gru,/home/dpetrovitch/dzagcoffee/train_trace/age_pred/checkpoints/age_pred_2025-10-10 14:37:35.506749_ContrastiveLoss_gru_catboost/model_128_0.001_3_10_100_256_16_16_ContrastiveLoss_gruepoch=03.ckpt,3,24,0.24794821,62.3283,3.9319,0.0006,3.956,1.171,7.2354,0.7309,2977.5542,75.456,888.7548,22.5225,820.612,20.7956,783.3161,19.8505,736.5327,18.6649,701.055,17.7659,639.1278,16.1965,277.5965,6.4168,82.8583,1.9153,76.5054,1.7685,73.0283,1.6881,68.6667,1.5873,65.3591,1.5108,59.5857,1.3774,0.0,0.0,0.0,0.0,0.0,0.0,0.0,0.0,0.0,0.0,0.0,0.0,0.0,0.0,0.0,0.0,0.0,0.0,0.0,0.0,0.0,0.0,0.0,0.0,0.0,0.0,0.0,0.0,0.0,0.0,0.0,0.0,0.0,0.0,0.0,0.53,0.7671
128,0.001,3,10,100,16,16,256,202,730,24,ContrastiveLoss,gru,/home/dpetrovitch/dzagcoffee/train_trace/age_pred/checkpoints/age_pred_2025-10-10 14:37:35.506749_ContrastiveLoss_gru_catboost/model_128_0.001_3_10_100_256_16_16_ContrastiveLoss_gruepoch=04.ckpt,4,24,0.24896425,63.8499,3.79,0.0004,3.9668,1.1824,7.7454,0.7166,3180.7302,80.5773,900.0901,22.8019,832.6256,21.0929,795.8151,20.1603,749.4856,18.9867,714.9558,18.1119,655.7849,16.613,301.3775,6.8828,85.2845,1.9477,78.8922,1.8017,75.4043,1.7221,71.0146,1.6218,67.7428,1.5471,62.1363,1.4191,0.0,0.0,0.0,0.0,0.0,0.0,0.0,0.0,0.0,0.0,0.0,0.0,0.0,0.0,0.0,0.0,0.0,0.0,0.0,0.0,0.0,0.0,0.0,0.0,0.0,0.0,0.0,0.0,0.0,0.0,0.0,0.0,0.0,0.0,0.0,0.5422,0.7799
128,0.001,3,10,100,16,16,256,202,730,24,ContrastiveLoss,gru,/home/dpetrovitch/dzagcoffee/train_trace/age_pred/checkpoints/age_pred_2025-10-10 14:37:35.506749_ContrastiveLoss_gru_catboost/model_128_0.001_3_10_100_256_16_16_ContrastiveLoss_gruepoch=05.ckpt,5,24,0.27485797,65.591,3.6989,0.0004,3.9509,1.1907,7.8984,0.7073,3389.724,85.855,919.0906,23.2787,850.6015,21.544,812.9849,20.5913,764.5221,19.3638,726.6598,18.4048,658.3217,16.674,328.3788,7.3056,89.0367,1.9808,82.4018,1.8332,78.7577,1.7522,74.0629,1.6477,70.395,1.5661,63.7748,1.4188,0.0,0.0,0.0,0.0,0.0,0.0,0.0,0.0,0.0,0.0,0.0,0.0,0.0,0.0,0.0,0.0,0.0,0.0,0.0,0.0,0.0,0.0,0.0,0.0,0.0,0.0,0.0,0.0,0.0,0.0,0.0,0.0,0.0,0.0,0.0,0.5322,0.7935
128,0.001,3,10,100,16,16,256,202,730,24,ContrastiveLoss,gru,/home/dpetrovitch/dzagcoffee/train_trace/age_pred/checkpoints/age_pred_2025-10-10 14:37:35.506749_ContrastiveLoss_gru_catboost/model_128_0.001_3_10_100_256_16_16_ContrastiveLoss_gruepoch=06.ckpt,6,24,0.27922785,66.8704,3.5095,0.0006,3.9287,1.2053,8.2858,0.6904,3607.8672,91.3898,923.0204,23.3808,854.7315,21.651,817.1003,20.6977,768.4523,19.4654,730.7117,18.5094,663.0936,16.7966,357.3281,7.7769,91.4172,1.9896,84.6538,1.8424,80.9267,1.7613,76.1086,1.6564,72.3707,1.5751,65.6737,1.4293,0.0,0.0,0.0,0.0,0.0,0.0,0.0,0.0,0.0,0.0,0.0,0.0,0.0,0.0,0.0,0.0,0.0,0.0,0.0,0.0,0.0,0.0,0.0,0.0,0.0,0.0,0.0,0.0,0.0,0.0,0.0,0.0,0.0,0.0,0.0,0.5489,0.7947
128,0.001,3,10,100,16,16,256,202,730,24,ContrastiveLoss,gru,/home/dpetrovitch/dzagcoffee/train_trace/age_pred/checkpoints/age_pred_2025-10-10 14:37:35.506749_ContrastiveLoss_gru_catboost/model_128_0.001_3_10_100_256_16_16_ContrastiveLoss_gruepoch=07.ckpt,7,24,0.28005642,62.4787,3.9285,0.0004,4.01,1.1775,8.7199,0.7225,3618.3977,91.6035,926.0596,23.4442,860.7193,21.79,824.8956,20.8831,778.7793,19.7156,743.5502,18.8238,681.4784,17.2523,369.7748,7.9684,94.6368,2.0394,87.9595,1.8955,84.2985,1.8166,79.5858,1.715,75.9856,1.6374,69.6423,1.5007,0.0,0.0,0.0,0.0,0.0,0.0,0.0,0.0,0.0,0.0,0.0,0.0,0.0,0.0,0.0,0.0,0.0,0.0,0.0,0.0,0.0,0.0,0.0,0.0,0.0,0.0,0.0,0.0,0.0,0.0,0.0,0.0,0.0,0.0,0.0,0.5678,0.8037
128,0.001,3,10,100,16,16,256,202,730,24,ContrastiveLoss,gru,/home/dpetrovitch/dzagcoffee/train_trace/age_pred/checkpoints/age_pred_2025-10-10 14:37:35.506749_ContrastiveLoss_gru_catboost/model_128_0.001_3_10_100_256_16_16_ContrastiveLoss_gruepoch=08.ckpt,8,24,0.2857382,65.2373,2.7279,0.0004,3.9905,1.1956,8.5422,0.7015,3781.8704,95.7756,934.4513,23.6649,868.8906,22.0046,832.8447,21.0917,786.261,19.912,750.2518,19.0001,685.6379,17.3637,391.3826,8.3877,96.7056,2.0725,89.9208,1.9271,86.1904,1.8471,81.3695,1.7438,77.6429,1.664,70.9561,1.5206,0.0,0.0,0.0,0.0,0.0,0.0,0.0,0.0,0.0,0.0,0.0,0.0,0.0,0.0,0.0,0.0,0.0,0.0,0.0,0.0,0.0,0.0,0.0,0.0,0.0,0.0,0.0,0.0,0.0,0.0,0.0,0.0,0.0,0.0,0.0,0.5556,0.7987
128,0.001,3,10,100,16,16,256,202,730,24,ContrastiveLoss,gru,/home/dpetrovitch/dzagcoffee/train_trace/age_pred/checkpoints/age_pred_2025-10-10 14:37:35.506749_ContrastiveLoss_gru_catboost/model_128_0.001_3_10_100_256_16_16_ContrastiveLoss_gruepoch=09.ckpt,9,24,0.3020636,66.9734,2.7651,0.0004,3.9682,1.2072,7.8897,0.688,3922.1067,99.2915,934.5763,23.6596,867.8086,21.9693,830.6721,21.0292,782.6685,19.8139,745.3908,18.8702,678.4957,17.1767,407.4595,8.7212,97.0912,2.0781,90.1548,1.9297,86.2968,1.8471,81.3098,1.7403,77.4371,1.6574,70.4875,1.5087,0.0,0.0,0.0,0.0,0.0,0.0,0.0,0.0,0.0,0.0,0.0,0.0,0.0,0.0,0.0,0.0,0.0,0.0,0.0,0.0,0.0,0.0,0.0,0.0,0.0,0.0,0.0,0.0,0.0,0.0,0.0,0.0,0.0,0.0,0.0,0.5611,0.8003
128,0.001,3,10,100,16,16,256,202,730,24,ContrastiveLoss,gru,/home/dpetrovitch/dzagcoffee/train_trace/age_pred/checkpoints/age_pred_2025-10-10 14:37:35.506749_ContrastiveLoss_gru_catboost/model_128_0.001_3_10_100_256_16_16_ContrastiveLoss_gruepoch=10.ckpt,10,24,0.293314,62.9553,3.794,0.0002,4.0701,1.1807,8.3745,0.7187,3834.494,97.0826,935.8618,23.6944,871.6347,22.0682,836.1101,21.1688,790.3747,20.0109,754.6806,19.1072,691.3407,17.5035,401.6605,8.6467,98.0309,2.1104,91.3031,1.9655,87.5819,1.8854,82.7912,1.7823,79.0523,1.7018,72.4174,1.559,0.0,0.0,0.0,0.0,0.0,0.0,0.0,0.0,0.0,0.0,0.0,0.0,0.0,0.0,0.0,0.0,0.0,0.0,0.0,0.0,0.0,0.0,0.0,0.0,0.0,0.0,0.0,0.0,0.0,0.0,0.0,0.0,0.0,0.0,0.0,0.5622,0.8053
128,0.001,3,10,100,16,16,256,202,730,24,ContrastiveLoss,gru,/home/dpetrovitch/dzagcoffee/train_trace/age_pred/checkpoints/age_pred_2025-10-10 14:37:35.506749_ContrastiveLoss_gru_catboost/model_128_0.001_3_10_100_256_16_16_ContrastiveLoss_gruepoch=11.ckpt,11,24,0.3071437,67.402,3.7945,0.0003,4.0113,1.2082,8.5159,0.6863,4054.2395,102.6364,941.8885,23.8447,876.2268,22.1824,839.8436,21.2613,792.5176,20.0632,755.6275,19.1293,689.4248,17.4534,422.2128,8.9713,98.0893,2.0842,91.2512,1.9389,87.4622,1.8584,82.5336,1.7537,78.6919,1.6721,71.7974,1.5256,0.0,0.0,0.0,0.0,0.0,0.0,0.0,0.0,0.0,0.0,0.0,0.0,0.0,0.0,0.0,0.0,0.0,0.0,0.0,0.0,0.0,0.0,0.0,0.0,0.0,0.0,0.0,0.0,0.0,0.0,0.0,0.0,0.0,0.0,0.0,0.5744,0.799
128,0.001,3,10,100,16,16,256,202,730,24,ContrastiveLoss,gru,/home/dpetrovitch/dzagcoffee/train_trace/age_pred/checkpoints/age_pred_2025-10-10 14:37:35.506749_ContrastiveLoss_gru_catboost/model_128_0.001_3_10_100_256_16_16_ContrastiveLoss_gruepoch=12.ckpt,12,24,0.311553,66.0549,3.4819,0.0003,4.0563,1.2012,8.6264,0.6949,4062.4312,102.8588,940.1387,23.8039,874.1458,22.133,837.7111,21.2105,790.3777,20.012,753.7536,19.0847,688.2855,17.4271,410.9066,8.8923,95.0931,2.0579,88.4181,1.9134,84.7328,1.8337,79.9451,1.7301,76.2406,1.6499,69.6187,1.5066,0.0,0.0,0.0,0.0,0.0,0.0,0.0,0.0,0.0,0.0,0.0,0.0,0.0,0.0,0.0,0.0,0.0,0.0,0.0,0.0,0.0,0.0,0.0,0.0,0.0,0.0,0.0,0.0,0.0,0.0,0.0,0.0,0.0,0.0,0.0,0.5711,0.8069
128,0.001,3,10,100,16,16,256,202,730,24,ContrastiveLoss,gru,/home/dpetrovitch/dzagcoffee/train_trace/age_pred/checkpoints/age_pred_2025-10-10 14:37:35.506749_ContrastiveLoss_gru_catboost/model_128_0.001_3_10_100_256_16_16_ContrastiveLoss_gruepoch=13.ckpt,13,24,0.3072325,66.666,3.9995,0.0002,4.07,1.2006,8.7604,0.6949,4098.098,103.7473,948.0304,24.0003,883.1659,22.3582,847.0468,21.4438,800.0822,20.2549,763.4961,19.3286,697.7701,17.6647,415.1789,8.9439,96.0451,2.069,89.4737,1.9275,85.8144,1.8486,81.0564,1.7461,77.3499,1.6663,70.6912,1.5229,0.0,0.0,0.0,0.0,0.0,0.0,0.0,0.0,0.0,0.0,0.0,0.0,0.0,0.0,0.0,0.0,0.0,0.0,0.0,0.0,0.0,0.0,0.0,0.0,0.0,0.0,0.0,0.0,0.0,0.0,0.0,0.0,0.0,0.0,0.0,0.5756,0.8016
128,0.001,3,10,100,16,16,256,202,730,24,ContrastiveLoss,gru,/home/dpetrovitch/dzagcoffee/train_trace/age_pred/checkpoints/age_pred_2025-10-10 14:37:35.506749_ContrastiveLoss_gru_catboost/model_128_0.001_3_10_100_256_16_16_ContrastiveLoss_gruepoch=14.ckpt,14,24,0.3106159,65.5884,4.8055,0.0002,4.112,1.1931,9.4233,0.7039,4086.1147,103.4239,952.3117,24.104,888.2687,22.483,852.9885,21.59,807.388,20.4358,771.9877,19.5398,707.922,17.9183,420.5076,8.9394,98.0037,2.0834,91.4129,1.9433,87.7822,1.8661,83.0894,1.7664,79.4463,1.6889,72.8532,1.5488,0.0,0.0,0.0,0.0,0.0,0.0,0.0,0.0,0.0,0.0,0.0,0.0,0.0,0.0,0.0,0.0,0.0,0.0,0.0,0.0,0.0,0.0,0.0,0.0,0.0,0.0,0.0,0.0,0.0,0.0,0.0,0.0,0.0,0.0,0.0,0.5711,0.8075
128,0.001,3,10,100,16,16,256,202,730,24,ContrastiveLoss,gru,/home/dpetrovitch/dzagcoffee/train_trace/age_pred/checkpoints/age_pred_2025-10-10 14:37:35.506749_ContrastiveLoss_gru_catboost/model_128_0.001_3_10_100_256_16_16_ContrastiveLoss_gruepoch=15.ckpt,15,24,0.2987393,66.0276,5.0645,1e-04,4.1183,1.1925,8.6906,0.7044,4088.5037,103.4974,951.6896,24.0913,887.5694,22.4681,852.1781,21.5722,806.2695,20.4101,770.8482,19.5134,707.2805,17.9043,410.9046,8.7843,95.6471,2.0447,89.2029,1.907,85.646,1.8309,81.0321,1.7323,77.4721,1.6562,71.0834,1.5196,0.0,0.0,0.0,0.0,0.0,0.0,0.0,0.0,0.0,0.0,0.0,0.0,0.0,0.0,0.0,0.0,0.0,0.0,0.0,0.0,0.0,0.0,0.0,0.0,0.0,0.0,0.0,0.0,0.0,0.0,0.0,0.0,0.0,0.0,0.0,0.5722,0.8032
128,0.001,3,10,100,16,16,256,202,730,24,ContrastiveLoss,gru,/home/dpetrovitch/dzagcoffee/train_trace/age_pred/checkpoints/age_pred_2025-10-10 14:37:35.506749_ContrastiveLoss_gru_catboost/model_128_0.001_3_10_100_256_16_16_ContrastiveLoss_gruepoch=16.ckpt,16,24,0.32025334,65.8258,3.0856,0.0002,4.1179,1.189,9.6678,0.7086,4146.125,104.9504,955.7856,24.1937,892.3151,22.5871,857.1653,21.6973,811.5682,20.5431,775.9496,19.6415,712.473,18.0348,417.8788,8.8471,96.3315,2.0395,89.9345,1.904,86.3918,1.829,81.7962,1.7317,78.2062,1.6557,71.8086,1.5203,0.0,0.0,0.0,0.0,0.0,0.0,0.0,0.0,0.0,0.0,0.0,0.0,0.0,0.0,0.0,0.0,0.0,0.0,0.0,0.0,0.0,0.0,0.0,0.0,0.0,0.0,0.0,0.0,0.0,0.0,0.0,0.0,0.0,0.0,0.0,0.5733,0.8119
128,0.001,3,10,100,16,16,256,202,730,24,ContrastiveLoss,gru,/home/dpetrovitch/dzagcoffee/train_trace/age_pred/checkpoints/age_pred_2025-10-10 14:37:35.506749_ContrastiveLoss_gru_catboost/model_128_0.001_3_10_100_256_16_16_ContrastiveLoss_gruepoch=17.ckpt,17,24,0.31474906,67.1281,3.6835,1e-04,4.1298,1.1939,9.4139,0.703,4210.155,106.565,963.3867,24.3847,899.6992,22.7727,864.1102,21.8719,817.7689,20.6989,781.0363,19.7691,714.5965,18.0875,430.1648,9.0544,98.4323,2.0719,91.9251,1.9349,88.2889,1.8584,83.554,1.7587,79.8009,1.6797,73.0126,1.5368,0.0,0.0,0.0,0.0,0.0,0.0,0.0,0.0,0.0,0.0,0.0,0.0,0.0,0.0,0.0,0.0,0.0,0.0,0.0,0.0,0.0,0.0,0.0,0.0,0.0,0.0,0.0,0.0,0.0,0.0,0.0,0.0,0.0,0.0,0.0,0.5867,0.8084
128,0.001,3,10,100,16,16,256,202,730,24,ContrastiveLoss,gru,/home/dpetrovitch/dzagcoffee/train_trace/age_pred/checkpoints/age_pred_2025-10-10 14:37:35.506749_ContrastiveLoss_gru_catboost/model_128_0.001_3_10_100_256_16_16_ContrastiveLoss_gruepoch=18.ckpt,18,24,0.32535315,67.007,3.6775,0.0002,4.1332,1.1932,9.1744,0.7036,4238.8965,107.2806,963.2332,24.3781,899.7263,22.7708,864.4589,21.8783,818.1933,20.7073,781.426,19.7768,714.2874,18.0776,435.0645,9.1361,98.8627,2.0761,92.3446,1.9392,88.7248,1.8632,83.9763,1.7634,80.2026,1.6842,73.3118,1.5395,0.0,0.0,0.0,0.0,0.0,0.0,0.0,0.0,0.0,0.0,0.0,0.0,0.0,0.0,0.0,0.0,0.0,0.0,0.0,0.0,0.0,0.0,0.0,0.0,0.0,0.0,0.0,0.0,0.0,0.0,0.0,0.0,0.0,0.0,0.0,0.5667,0.8082
128,0.001,3,10,100,16,16,256,202,730,24,ContrastiveLoss,gru,/home/dpetrovitch/dzagcoffee/train_trace/age_pred/checkpoints/age_pred_2025-10-10 14:37:35.506749_ContrastiveLoss_gru_catboost/model_128_0.001_3_10_100_256_16_16_ContrastiveLoss_gruepoch=19.ckpt,19,24,0.3133582,69.5637,3.8547,1e-04,4.1023,1.2144,8.6135,0.6798,4325.838,109.5112,962.4918,24.3661,898.0423,22.7345,862.145,21.8257,814.6679,20.6238,776.4749,19.6569,706.4342,17.8838,423.6392,9.0272,94.259,2.0085,87.9473,1.874,84.4318,1.7991,79.7823,1.7001,76.0419,1.6204,69.1827,1.4742,0.0,0.0,0.0,0.0,0.0,0.0,0.0,0.0,0.0,0.0,0.0,0.0,0.0,0.0,0.0,0.0,0.0,0.0,0.0,0.0,0.0,0.0,0.0,0.0,0.0,0.0,0.0,0.0,0.0,0.0,0.0,0.0,0.0,0.0,0.0,0.5656,0.8026
128,0.001,3,10,100,16,16,256,202,730,24,ContrastiveLoss,gru,/home/dpetrovitch/dzagcoffee/train_trace/age_pred/checkpoints/age_pred_2025-10-10 14:37:35.506749_ContrastiveLoss_gru_catboost/model_128_0.001_3_10_100_256_16_16_ContrastiveLoss_gruepoch=20.ckpt,20,24,0.29702294,67.595,4.1203,1e-04,4.1292,1.1988,9.0076,0.6968,4204.306,106.4174,960.4526,24.3105,897.2173,22.7099,862.3665,21.8278,817.0584,20.681,781.9876,19.7933,717.2815,18.1555,413.5839,8.7872,94.4812,2.0074,88.2606,1.8752,84.8323,1.8024,80.3753,1.7077,76.9253,1.6344,70.5601,1.4991,0.0,0.0,0.0,0.0,0.0,0.0,0.0,0.0,0.0,0.0,0.0,0.0,0.0,0.0,0.0,0.0,0.0,0.0,0.0,0.0,0.0,0.0,0.0,0.0,0.0,0.0,0.0,0.0,0.0,0.0,0.0,0.0,0.0,0.0,0.0,0.5644,0.8089
128,0.001,3,10,100,16,16,256,202,730,24,ContrastiveLoss,gru,/home/dpetrovitch/dzagcoffee/train_trace/age_pred/checkpoints/age_pred_2025-10-10 14:37:35.506749_ContrastiveLoss_gru_catboost/model_128_0.001_3_10_100_256_16_16_ContrastiveLoss_gruepoch=21.ckpt,21,24,0.31501535,68.2543,3.4252,1e-04,4.1345,1.2011,9.1632,0.6942,4315.253,109.2051,966.221,24.4519,903.4696,22.8639,868.5311,21.9797,823.1929,20.8323,787.314,19.9244,721.3611,18.2553,439.721,9.1563,98.4572,2.0502,92.0629,1.917,88.5027,1.8429,83.8827,1.7467,80.2267,1.6706,73.5062,1.5306,0.0,0.0,0.0,0.0,0.0,0.0,0.0,0.0,0.0,0.0,0.0,0.0,0.0,0.0,0.0,0.0,0.0,0.0,0.0,0.0,0.0,0.0,0.0,0.0,0.0,0.0,0.0,0.0,0.0,0.0,0.0,0.0,0.0,0.0,0.0,0.5567,0.8066
128,0.001,3,10,100,16,16,256,202,730,24,ContrastiveLoss,gru,/home/dpetrovitch/dzagcoffee/train_trace/age_pred/checkpoints/age_pred_2025-10-10 14:37:35.506749_ContrastiveLoss_gru_catboost/model_128_0.001_3_10_100_256_16_16_ContrastiveLoss_gruepoch=22.ckpt,22,24,0.31737295,69.3575,3.3998,1e-04,4.1239,1.2102,8.0575,0.6844,4397.4844,111.2919,964.0222,24.3975,899.2363,22.7579,862.8006,21.8358,814.8435,20.6221,776.4295,19.6499,706.1479,17.8712,441.3272,9.2137,96.7483,2.0198,90.2465,1.8841,86.5898,1.8078,81.7769,1.7073,77.9217,1.6268,70.8683,1.4795,0.0,0.0,0.0,0.0,0.0,0.0,0.0,0.0,0.0,0.0,0.0,0.0,0.0,0.0,0.0,0.0,0.0,0.0,0.0,0.0,0.0,0.0,0.0,0.0,0.0,0.0,0.0,0.0,0.0,0.0,0.0,0.0,0.0,0.0,0.0,0.5811,0.8143
128,0.001,3,10,100,16,16,256,202,730,24,ContrastiveLoss,gru,/home/dpetrovitch/dzagcoffee/train_trace/age_pred/checkpoints/age_pred_2025-10-10 14:37:35.506749_ContrastiveLoss_gru_catboost/model_128_0.001_3_10_100_256_16_16_ContrastiveLoss_gruepoch=23.ckpt,23,24,0.32036182,68.968,3.681,1e-04,4.1296,1.2066,8.4693,0.6883,4414.999,111.7201,963.4697,24.3803,900.043,22.7753,864.5964,21.8783,818.3329,20.7076,781.4874,19.7753,713.6499,18.0587,452.4238,9.4373,98.7308,2.0595,92.2312,1.9239,88.5989,1.8481,83.8581,1.7492,80.0823,1.6705,73.1307,1.5255,0.0,0.0,0.0,0.0,0.0,0.0,0.0,0.0,0.0,0.0,0.0,0.0,0.0,0.0,0.0,0.0,0.0,0.0,0.0,0.0,0.0,0.0,0.0,0.0,0.0,0.0,0.0,0.0,0.0,0.0,0.0,0.0,0.0,0.0,0.0,0.5867,0.8178
256,0.001,3,10,100,16,16,256,202,730,24,ContrastiveLoss,gru,/home/dpetrovitch/dzagcoffee/train_trace/age_pred/checkpoints/age_pred_2025-10-10 14:37:35.506749_ContrastiveLoss_gru_catboost/model_256_0.001_3_10_100_256_16_16_ContrastiveLoss_gruepoch=00.ckpt,0,24,0.048923668,47.8742,5.4101,0.0007,4.1169,1.1225,4.5774,0.7967,1595.706,41.2069,766.7027,19.799,682.8111,17.6326,636.7976,16.4444,578.0893,14.9283,532.6406,13.7547,449.4358,11.606,94.9933,2.9002,45.6422,1.3935,40.6481,1.241,37.9089,1.1574,34.414,1.0507,31.7084,0.9681,26.7552,0.8169,0.0,0.0,0.0,0.0,0.0,0.0,0.0,0.0,0.0,0.0,0.0,0.0,0.0,0.0,0.0,0.0,0.0,0.0,0.0,0.0,0.0,0.0,0.0,0.0,0.0,0.0,0.0,0.0,0.0,0.0,0.0,0.0,0.0,0.0,0.0,0.4689,0.7013
256,0.001,3,10,100,16,16,256,202,730,24,ContrastiveLoss,gru,/home/dpetrovitch/dzagcoffee/train_trace/age_pred/checkpoints/age_pred_2025-10-10 14:37:35.506749_ContrastiveLoss_gru_catboost/model_256_0.001_3_10_100_256_16_16_ContrastiveLoss_gruepoch=01.ckpt,1,24,0.086974934,54.7067,4.3872,0.0008,4.0725,1.1336,5.0034,0.7814,1965.3324,50.149,822.3802,20.9845,740.4308,18.8934,695.6279,17.7502,637.8709,16.2764,593.2277,15.1373,514.6377,13.1319,130.3234,3.5898,54.533,1.5021,49.0988,1.3524,46.1279,1.2706,42.298,1.1651,39.3376,1.0836,34.1262,0.94,0.0,0.0,0.0,0.0,0.0,0.0,0.0,0.0,0.0,0.0,0.0,0.0,0.0,0.0,0.0,0.0,0.0,0.0,0.0,0.0,0.0,0.0,0.0,0.0,0.0,0.0,0.0,0.0,0.0,0.0,0.0,0.0,0.0,0.0,0.0,0.4811,0.7303
256,0.001,3,10,100,16,16,256,202,730,24,ContrastiveLoss,gru,/home/dpetrovitch/dzagcoffee/train_trace/age_pred/checkpoints/age_pred_2025-10-10 14:37:35.506749_ContrastiveLoss_gru_catboost/model_256_0.001_3_10_100_256_16_16_ContrastiveLoss_gruepoch=02.ckpt,2,24,0.12319061,58.9988,4.0232,0.0008,4.0462,1.1392,5.4158,0.7733,2330.1548,59.2116,860.2954,21.861,780.5215,19.8338,736.5794,18.7172,679.4481,17.2655,634.6617,16.1274,555.1527,14.107,158.1086,4.1654,58.3738,1.5379,52.9609,1.3953,49.9793,1.3167,46.1028,1.2146,43.0639,1.1345,37.6689,0.9924,0.0,0.0,0.0,0.0,0.0,0.0,0.0,0.0,0.0,0.0,0.0,0.0,0.0,0.0,0.0,0.0,0.0,0.0,0.0,0.0,0.0,0.0,0.0,0.0,0.0,0.0,0.0,0.0,0.0,0.0,0.0,0.0,0.0,0.0,0.0,0.4889,0.7545
256,0.001,3,10,100,16,16,256,202,730,24,ContrastiveLoss,gru,/home/dpetrovitch/dzagcoffee/train_trace/age_pred/checkpoints/age_pred_2025-10-10 14:37:35.506749_ContrastiveLoss_gru_catboost/model_256_0.001_3_10_100_256_16_16_ContrastiveLoss_gruepoch=03.ckpt,3,24,0.15021475,62.9401,3.6688,0.0008,4.0085,1.145,7.1362,0.7646,2580.8584,65.5006,897.3668,22.7746,823.045,20.8884,781.8981,19.8441,728.6817,18.4935,687.4949,17.4482,617.5013,15.6718,196.0584,4.832,68.1697,1.6801,62.5237,1.541,59.398,1.4639,55.3553,1.3643,52.2265,1.2872,46.9093,1.1561,0.0,0.0,0.0,0.0,0.0,0.0,0.0,0.0,0.0,0.0,0.0,0.0,0.0,0.0,0.0,0.0,0.0,0.0,0.0,0.0,0.0,0.0,0.0,0.0,0.0,0.0,0.0,0.0,0.0,0.0,0.0,0.0,0.0,0.0,0.0,0.5156,0.7661
256,0.001,3,10,100,16,16,256,202,730,24,ContrastiveLoss,gru,/home/dpetrovitch/dzagcoffee/train_trace/age_pred/checkpoints/age_pred_2025-10-10 14:37:35.506749_ContrastiveLoss_gru_catboost/model_256_0.001_3_10_100_256_16_16_ContrastiveLoss_gruepoch=04.ckpt,4,24,0.17084517,65.4572,3.8731,0.0008,3.9801,1.1596,8.0013,0.7462,2810.0735,71.2697,907.7278,23.022,834.838,21.1733,794.5512,20.1516,741.9153,18.8166,700.6198,17.7693,627.7058,15.92,215.4136,5.2277,69.5843,1.6887,63.9967,1.5531,60.9084,1.4781,56.8735,1.3802,53.7078,1.3034,48.1184,1.1678,0.0,0.0,0.0,0.0,0.0,0.0,0.0,0.0,0.0,0.0,0.0,0.0,0.0,0.0,0.0,0.0,0.0,0.0,0.0,0.0,0.0,0.0,0.0,0.0,0.0,0.0,0.0,0.0,0.0,0.0,0.0,0.0,0.0,0.0,0.0,0.5222,0.7714
256,0.001,3,10,100,16,16,256,202,730,24,ContrastiveLoss,gru,/home/dpetrovitch/dzagcoffee/train_trace/age_pred/checkpoints/age_pred_2025-10-10 14:37:35.506749_ContrastiveLoss_gru_catboost/model_256_0.001_3_10_100_256_16_16_ContrastiveLoss_gruepoch=05.ckpt,5,24,0.18736473,65.7385,3.9526,0.0007,3.9671,1.1528,8.4287,0.7544,2959.7527,75.01,916.4867,23.2268,846.4001,21.4506,807.7063,20.47,758.2845,19.2175,719.9822,18.2468,653.2161,16.5547,231.7064,5.5503,71.7478,1.7186,66.2611,1.5872,63.2319,1.5146,59.3629,1.422,56.3643,1.3501,51.1375,1.2249,0.0,0.0,0.0,0.0,0.0,0.0,0.0,0.0,0.0,0.0,0.0,0.0,0.0,0.0,0.0,0.0,0.0,0.0,0.0,0.0,0.0,0.0,0.0,0.0,0.0,0.0,0.0,0.0,0.0,0.0,0.0,0.0,0.0,0.0,0.0,0.5411,0.7776
256,0.001,3,10,100,16,16,256,202,730,24,ContrastiveLoss,gru,/home/dpetrovitch/dzagcoffee/train_trace/age_pred/checkpoints/age_pred_2025-10-10 14:37:35.506749_ContrastiveLoss_gru_catboost/model_256_0.001_3_10_100_256_16_16_ContrastiveLoss_gruepoch=06.ckpt,6,24,0.19628824,68.5514,3.4783,0.0008,3.8905,1.1688,8.5324,0.7341,3150.2102,79.8011,920.8943,23.3281,849.9343,21.5305,811.0342,20.5451,761.1097,19.2804,722.5525,18.3037,654.5039,16.5799,257.9891,6.0795,75.4174,1.7772,69.6061,1.6403,66.4203,1.5652,62.3317,1.4688,59.1741,1.3944,53.6012,1.2631,0.0,0.0,0.0,0.0,0.0,0.0,0.0,0.0,0.0,0.0,0.0,0.0,0.0,0.0,0.0,0.0,0.0,0.0,0.0,0.0,0.0,0.0,0.0,0.0,0.0,0.0,0.0,0.0,0.0,0.0,0.0,0.0,0.0,0.0,0.0,0.5156,0.7621
256,0.001,3,10,100,16,16,256,202,730,24,ContrastiveLoss,gru,/home/dpetrovitch/dzagcoffee/train_trace/age_pred/checkpoints/age_pred_2025-10-10 14:37:35.506749_ContrastiveLoss_gru_catboost/model_256_0.001_3_10_100_256_16_16_ContrastiveLoss_gruepoch=07.ckpt,7,24,0.19409919,68.9961,4.0747,0.0007,3.8909,1.1607,8.9674,0.744,3190.8816,80.8131,936.1301,23.7087,867.3299,21.9662,829.5339,21.009,781.0094,19.78,743.5666,18.8318,677.5262,17.1592,261.0566,6.09,76.5879,1.7867,70.9591,1.6554,67.8669,1.5832,63.897,1.4906,60.8336,1.4191,55.4307,1.2931,0.0,0.0,0.0,0.0,0.0,0.0,0.0,0.0,0.0,0.0,0.0,0.0,0.0,0.0,0.0,0.0,0.0,0.0,0.0,0.0,0.0,0.0,0.0,0.0,0.0,0.0,0.0,0.0,0.0,0.0,0.0,0.0,0.0,0.0,0.0,0.5133,0.7686
256,0.001,3,10,100,16,16,256,202,730,24,ContrastiveLoss,gru,/home/dpetrovitch/dzagcoffee/train_trace/age_pred/checkpoints/age_pred_2025-10-10 14:37:35.506749_ContrastiveLoss_gru_catboost/model_256_0.001_3_10_100_256_16_16_ContrastiveLoss_gruepoch=08.ckpt,8,24,0.20830122,70.3328,3.1983,0.0006,3.8457,1.1702,9.3346,0.7321,3355.6155,84.9596,941.9808,23.8497,874.2639,22.1352,837.1053,21.1944,789.1227,19.9795,752.0671,19.0413,685.8338,17.3644,290.0057,6.6482,81.4097,1.8663,75.5574,1.7321,72.346,1.6585,68.1991,1.5634,64.9966,1.49,59.2725,1.3588,0.0,0.0,0.0,0.0,0.0,0.0,0.0,0.0,0.0,0.0,0.0,0.0,0.0,0.0,0.0,0.0,0.0,0.0,0.0,0.0,0.0,0.0,0.0,0.0,0.0,0.0,0.0,0.0,0.0,0.0,0.0,0.0,0.0,0.0,0.0,0.5344,0.7853
256,0.001,3,10,100,16,16,256,202,730,24,ContrastiveLoss,gru,/home/dpetrovitch/dzagcoffee/train_trace/age_pred/checkpoints/age_pred_2025-10-10 14:37:35.506749_ContrastiveLoss_gru_catboost/model_256_0.001_3_10_100_256_16_16_ContrastiveLoss_gruepoch=09.ckpt,9,24,0.2191305,72.3623,3.0273,0.0006,3.7793,1.1776,9.0903,0.7232,3482.9795,88.2118,943.6342,23.899,874.4235,22.1461,836.4543,21.1845,787.4699,19.9439,749.3737,18.979,682.963,17.2971,293.6329,6.6836,79.5532,1.8108,73.7183,1.678,70.5173,1.6051,66.3877,1.5111,63.176,1.438,57.5773,1.3106,0.0,0.0,0.0,0.0,0.0,0.0,0.0,0.0,0.0,0.0,0.0,0.0,0.0,0.0,0.0,0.0,0.0,0.0,0.0,0.0,0.0,0.0,0.0,0.0,0.0,0.0,0.0,0.0,0.0,0.0,0.0,0.0,0.0,0.0,0.0,0.5233,0.777
256,0.001,3,10,100,16,16,256,202,730,24,ContrastiveLoss,gru,/home/dpetrovitch/dzagcoffee/train_trace/age_pred/checkpoints/age_pred_2025-10-10 14:37:35.506749_ContrastiveLoss_gru_catboost/model_256_0.001_3_10_100_256_16_16_ContrastiveLoss_gruepoch=10.ckpt,10,24,0.22274165,71.6784,2.927,0.0007,3.7893,1.1749,8.9284,0.7262,3533.42,89.4635,946.1225,23.9551,878.4743,22.2423,841.5894,21.3084,794.2648,20.1102,757.6729,19.1837,693.4656,17.558,308.0604,6.9626,82.4875,1.8643,76.5896,1.731,73.3738,1.6584,69.2478,1.5651,66.0575,1.493,60.4596,1.3665,0.0,0.0,0.0,0.0,0.0,0.0,0.0,0.0,0.0,0.0,0.0,0.0,0.0,0.0,0.0,0.0,0.0,0.0,0.0,0.0,0.0,0.0,0.0,0.0,0.0,0.0,0.0,0.0,0.0,0.0,0.0,0.0,0.0,0.0,0.0,0.5478,0.784
256,0.001,3,10,100,16,16,256,202,730,24,ContrastiveLoss,gru,/home/dpetrovitch/dzagcoffee/train_trace/age_pred/checkpoints/age_pred_2025-10-10 14:37:35.506749_ContrastiveLoss_gru_catboost/model_256_0.001_3_10_100_256_16_16_ContrastiveLoss_gruepoch=11.ckpt,11,24,0.2286949,72.3299,2.8074,0.0007,3.7554,1.1814,8.9891,0.7185,3627.7288,91.8651,945.3809,23.9399,877.1522,22.2122,839.7344,21.2646,791.7878,20.0505,754.4779,19.1057,688.6789,17.4394,312.5712,7.0446,81.4556,1.8358,75.5769,1.7033,72.3529,1.6307,68.2218,1.5376,65.0071,1.4651,59.3377,1.3373,0.0,0.0,0.0,0.0,0.0,0.0,0.0,0.0,0.0,0.0,0.0,0.0,0.0,0.0,0.0,0.0,0.0,0.0,0.0,0.0,0.0,0.0,0.0,0.0,0.0,0.0,0.0,0.0,0.0,0.0,0.0,0.0,0.0,0.0,0.0,0.5589,0.7956
256,0.001,3,10,100,16,16,256,202,730,24,ContrastiveLoss,gru,/home/dpetrovitch/dzagcoffee/train_trace/age_pred/checkpoints/age_pred_2025-10-10 14:37:35.506749_ContrastiveLoss_gru_catboost/model_256_0.001_3_10_100_256_16_16_ContrastiveLoss_gruepoch=12.ckpt,12,24,0.22864923,72.0761,3.1922,0.0007,3.756,1.1819,9.1085,0.7176,3666.8215,92.8527,946.0674,23.9567,878.5666,22.2474,841.7209,21.3144,794.4682,20.1178,757.9694,19.1936,694.0212,17.5743,318.7203,7.1478,82.2322,1.8442,76.365,1.7126,73.1624,1.6408,69.0552,1.5487,65.8827,1.4775,60.3243,1.3529,0.0,0.0,0.0,0.0,0.0,0.0,0.0,0.0,0.0,0.0,0.0,0.0,0.0,0.0,0.0,0.0,0.0,0.0,0.0,0.0,0.0,0.0,0.0,0.0,0.0,0.0,0.0,0.0,0.0,0.0,0.0,0.0,0.0,0.0,0.0,0.5467,0.7841
256,0.001,3,10,100,16,16,256,202,730,24,ContrastiveLoss,gru,/home/dpetrovitch/dzagcoffee/train_trace/age_pred/checkpoints/age_pred_2025-10-10 14:37:35.506749_ContrastiveLoss_gru_catboost/model_256_0.001_3_10_100_256_16_16_ContrastiveLoss_gruepoch=13.ckpt,13,24,0.23497616,73.6536,2.9438,0.0008,3.7378,1.1912,9.2774,0.7067,3748.002,94.9145,951.577,24.0978,884.4349,22.3974,847.5146,21.4625,800.2208,20.2648,763.5413,19.3359,698.9681,17.7007,326.8621,7.3164,82.9867,1.8576,77.1313,1.7265,73.9115,1.6544,69.787,1.5621,66.5882,1.4905,60.9568,1.3644,0.0,0.0,0.0,0.0,0.0,0.0,0.0,0.0,0.0,0.0,0.0,0.0,0.0,0.0,0.0,0.0,0.0,0.0,0.0,0.0,0.0,0.0,0.0,0.0,0.0,0.0,0.0,0.0,0.0,0.0,0.0,0.0,0.0,0.0,0.0,0.5433,0.7847
256,0.001,3,10,100,16,16,256,202,730,24,ContrastiveLoss,gru,/home/dpetrovitch/dzagcoffee/train_trace/age_pred/checkpoints/age_pred_2025-10-10 14:37:35.506749_ContrastiveLoss_gru_catboost/model_256_0.001_3_10_100_256_16_16_ContrastiveLoss_gruepoch=14.ckpt,14,24,0.23506497,71.9643,2.7798,0.0008,3.7372,1.1785,9.2482,0.7217,3749.2356,94.9294,949.4369,24.0394,882.5605,22.3461,845.7738,21.4147,798.7347,20.2237,762.4955,19.3061,698.1538,17.677,326.191,7.2679,82.6029,1.8405,76.7845,1.7108,73.584,1.6395,69.4915,1.5483,66.3386,1.4781,60.7408,1.3534,0.0,0.0,0.0,0.0,0.0,0.0,0.0,0.0,0.0,0.0,0.0,0.0,0.0,0.0,0.0,0.0,0.0,0.0,0.0,0.0,0.0,0.0,0.0,0.0,0.0,0.0,0.0,0.0,0.0,0.0,0.0,0.0,0.0,0.0,0.0,0.5333,0.7838
256,0.001,3,10,100,16,16,256,202,730,24,ContrastiveLoss,gru,/home/dpetrovitch/dzagcoffee/train_trace/age_pred/checkpoints/age_pred_2025-10-10 14:37:35.506749_ContrastiveLoss_gru_catboost/model_256_0.001_3_10_100_256_16_16_ContrastiveLoss_gruepoch=15.ckpt,15,24,0.23345003,72.2872,2.7842,0.0008,3.7273,1.1835,8.5599,0.7158,3776.0977,95.6124,949.52,24.0422,882.1844,22.3373,845.4233,21.4065,798.2321,20.2116,761.8935,19.2915,698.5894,17.6886,332.392,7.3571,83.5818,1.85,77.6545,1.7188,74.4186,1.6472,70.2646,1.5552,67.0659,1.4844,61.4935,1.3611,0.0,0.0,0.0,0.0,0.0,0.0,0.0,0.0,0.0,0.0,0.0,0.0,0.0,0.0,0.0,0.0,0.0,0.0,0.0,0.0,0.0,0.0,0.0,0.0,0.0,0.0,0.0,0.0,0.0,0.0,0.0,0.0,0.0,0.0,0.0,0.5289,0.778
256,0.001,3,10,100,16,16,256,202,730,24,ContrastiveLoss,gru,/home/dpetrovitch/dzagcoffee/train_trace/age_pred/checkpoints/age_pred_2025-10-10 14:37:35.506749_ContrastiveLoss_gru_catboost/model_256_0.001_3_10_100_256_16_16_ContrastiveLoss_gruepoch=16.ckpt,16,24,0.23296131,72.2407,2.7876,0.0008,3.7174,1.1815,9.3468,0.7179,3795.7988,96.0889,948.2488,24.0045,882.4434,22.3386,846.6887,21.4335,801.4997,20.2896,766.9418,19.4148,707.3106,17.9052,333.2774,7.4474,83.2578,1.8605,77.48,1.7314,74.3407,1.6612,70.373,1.5725,67.3388,1.5047,62.103,1.3877,0.0,0.0,0.0,0.0,0.0,0.0,0.0,0.0,0.0,0.0,0.0,0.0,0.0,0.0,0.0,0.0,0.0,0.0,0.0,0.0,0.0,0.0,0.0,0.0,0.0,0.0,0.0,0.0,0.0,0.0,0.0,0.0,0.0,0.0,0.0,0.5444,0.7967
256,0.001,3,10,100,16,16,256,202,730,24,ContrastiveLoss,gru,/home/dpetrovitch/dzagcoffee/train_trace/age_pred/checkpoints/age_pred_2025-10-10 14:37:35.506749_ContrastiveLoss_gru_catboost/model_256_0.001_3_10_100_256_16_16_ContrastiveLoss_gruepoch=17.ckpt,17,24,0.23940663,73.7536,2.6925,0.0009,3.7118,1.1887,9.4174,0.7095,3842.028,97.2866,954.8312,24.1779,887.9425,22.4842,851.334,21.5572,804.2853,20.3659,768.0538,19.4484,704.98,17.8513,329.7087,7.3773,81.9401,1.8334,76.2,1.705,73.0584,1.6347,69.0208,1.5444,65.9116,1.4748,60.4988,1.3537,0.0,0.0,0.0,0.0,0.0,0.0,0.0,0.0,0.0,0.0,0.0,0.0,0.0,0.0,0.0,0.0,0.0,0.0,0.0,0.0,0.0,0.0,0.0,0.0,0.0,0.0,0.0,0.0,0.0,0.0,0.0,0.0,0.0,0.0,0.0,0.5244,0.783
256,0.001,3,10,100,16,16,256,202,730,24,ContrastiveLoss,gru,/home/dpetrovitch/dzagcoffee/train_trace/age_pred/checkpoints/age_pred_2025-10-10 14:37:35.506749_ContrastiveLoss_gru_catboost/model_256_0.001_3_10_100_256_16_16_ContrastiveLoss_gruepoch=18.ckpt,18,24,0.23156537,73.4818,2.8663,0.0009,3.7189,1.1862,9.5076,0.7122,3871.3215,98.0071,957.6688,24.2445,891.3243,22.5649,855.2028,21.6505,809.2859,20.488,773.909,19.5924,713.2128,18.0558,338.0333,7.4919,83.621,1.8533,77.828,1.7249,74.674,1.655,70.6646,1.5662,67.5756,1.4977,62.2758,1.3802,0.0,0.0,0.0,0.0,0.0,0.0,0.0,0.0,0.0,0.0,0.0,0.0,0.0,0.0,0.0,0.0,0.0,0.0,0.0,0.0,0.0,0.0,0.0,0.0,0.0,0.0,0.0,0.0,0.0,0.0,0.0,0.0,0.0,0.0,0.0,0.5678,0.7932
256,0.001,3,10,100,16,16,256,202,730,24,ContrastiveLoss,gru,/home/dpetrovitch/dzagcoffee/train_trace/age_pred/checkpoints/age_pred_2025-10-10 14:37:35.506749_ContrastiveLoss_gru_catboost/model_256_0.001_3_10_100_256_16_16_ContrastiveLoss_gruepoch=19.ckpt,19,24,0.24350987,73.2806,2.7414,0.001,3.6954,1.1884,8.5238,0.7099,3956.7651,100.1791,955.3858,24.1889,888.27,22.4896,851.3768,21.5555,804.0747,20.3579,767.8328,19.4403,703.8604,17.8206,348.0412,7.6999,84.0367,1.8592,78.1331,1.7286,74.888,1.6568,70.7272,1.5647,67.5394,1.4942,61.9123,1.3697,0.0,0.0,0.0,0.0,0.0,0.0,0.0,0.0,0.0,0.0,0.0,0.0,0.0,0.0,0.0,0.0,0.0,0.0,0.0,0.0,0.0,0.0,0.0,0.0,0.0,0.0,0.0,0.0,0.0,0.0,0.0,0.0,0.0,0.0,0.0,0.5322,0.7911
256,0.001,3,10,100,16,16,256,202,730,24,ContrastiveLoss,gru,/home/dpetrovitch/dzagcoffee/train_trace/age_pred/checkpoints/age_pred_2025-10-10 14:37:35.506749_ContrastiveLoss_gru_catboost/model_256_0.001_3_10_100_256_16_16_ContrastiveLoss_gruepoch=20.ckpt,20,24,0.2422391,73.9783,2.6903,0.001,3.693,1.1908,9.6232,0.7069,3993.75,101.0955,960.3077,24.3087,894.4189,22.6408,858.4547,21.7304,812.6668,20.5714,777.4739,19.6805,716.4746,18.1364,355.1436,7.7983,85.3952,1.8751,79.5361,1.7465,76.3379,1.6762,72.2663,1.5868,69.1367,1.5181,63.7124,1.399,0.0,0.0,0.0,0.0,0.0,0.0,0.0,0.0,0.0,0.0,0.0,0.0,0.0,0.0,0.0,0.0,0.0,0.0,0.0,0.0,0.0,0.0,0.0,0.0,0.0,0.0,0.0,0.0,0.0,0.0,0.0,0.0,0.0,0.0,0.0,0.5589,0.7973
256,0.001,3,10,100,16,16,256,202,730,24,ContrastiveLoss,gru,/home/dpetrovitch/dzagcoffee/train_trace/age_pred/checkpoints/age_pred_2025-10-10 14:37:35.506749_ContrastiveLoss_gru_catboost/model_256_0.001_3_10_100_256_16_16_ContrastiveLoss_gruepoch=21.ckpt,21,24,0.25031707,74.0405,2.6932,0.001,3.6911,1.1938,9.7883,0.7033,4057.976,102.7081,957.6473,24.2382,892.2435,22.5829,856.646,21.6819,811.2829,20.5337,776.3882,19.6505,714.999,18.0968,365.5426,7.9789,86.2649,1.883,80.3733,1.7544,77.1667,1.6844,73.0804,1.5952,69.9371,1.5266,64.4071,1.4059,0.0,0.0,0.0,0.0,0.0,0.0,0.0,0.0,0.0,0.0,0.0,0.0,0.0,0.0,0.0,0.0,0.0,0.0,0.0,0.0,0.0,0.0,0.0,0.0,0.0,0.0,0.0,0.0,0.0,0.0,0.0,0.0,0.0,0.0,0.0,0.5689,0.7985
256,0.001,3,10,100,16,16,256,202,730,24,ContrastiveLoss,gru,/home/dpetrovitch/dzagcoffee/train_trace/age_pred/checkpoints/age_pred_2025-10-10 14:37:35.506749_ContrastiveLoss_gru_catboost/model_256_0.001_3_10_100_256_16_16_ContrastiveLoss_gruepoch=22.ckpt,22,24,0.25022238,74.4763,2.7653,0.001,3.6989,1.1963,9.5823,0.7005,4056.1875,102.68,960.5556,24.3159,894.6294,22.647,858.7262,21.7381,812.9342,20.579,777.5205,19.6825,715.9809,18.1246,359.8834,7.8873,85.2249,1.8678,79.3756,1.7396,76.1901,1.6698,72.1272,1.5808,68.9852,1.5119,63.5251,1.3922,0.0,0.0,0.0,0.0,0.0,0.0,0.0,0.0,0.0,0.0,0.0,0.0,0.0,0.0,0.0,0.0,0.0,0.0,0.0,0.0,0.0,0.0,0.0,0.0,0.0,0.0,0.0,0.0,0.0,0.0,0.0,0.0,0.0,0.0,0.0,0.5589,0.7914
256,0.001,3,10,100,16,16,256,202,730,24,ContrastiveLoss,gru,/home/dpetrovitch/dzagcoffee/train_trace/age_pred/checkpoints/age_pred_2025-10-10 14:37:35.506749_ContrastiveLoss_gru_catboost/model_256_0.001_3_10_100_256_16_16_ContrastiveLoss_gruepoch=23.ckpt,23,24,0.24182142,74.4499,2.6716,0.0011,3.6953,1.1965,9.5103,0.7,4072.3396,103.0748,961.0082,24.324,895.298,22.6608,859.5158,21.7552,813.9409,20.6016,778.9202,19.7152,717.7719,18.1675,363.6639,7.986,85.819,1.8846,79.951,1.7557,76.7556,1.6855,72.6857,1.5962,69.5583,1.5275,64.0977,1.4076,0.0,0.0,0.0,0.0,0.0,0.0,0.0,0.0,0.0,0.0,0.0,0.0,0.0,0.0,0.0,0.0,0.0,0.0,0.0,0.0,0.0,0.0,0.0,0.0,0.0,0.0,0.0,0.0,0.0,0.0,0.0,0.0,0.0,0.0,0.0,0.5233,0.7874
128,0.0001,3,10,100,16,16,256,202,730,24,ContrastiveLoss,gru,/home/dpetrovitch/dzagcoffee/train_trace/age_pred/checkpoints/age_pred_2025-10-10 14:37:35.506749_ContrastiveLoss_gru_catboost/model_128_0.0001_3_10_100_256_16_16_ContrastiveLoss_gruepoch=00.ckpt,0,24,0.02341777,33.2428,5.3173,0.0005,4.1043,1.1035,3.9877,0.8166,1247.1115,33.447,600.5902,16.1076,524.4251,14.0648,487.7631,13.0816,445.313,11.9431,415.223,11.1361,365.7195,9.8084,77.0212,2.6905,37.0923,1.2957,32.3883,1.1314,30.1241,1.0523,27.5024,0.9607,25.6441,0.8958,22.5867,0.789,0.0,0.0,0.0,0.0,0.0,0.0,0.0,0.0,0.0,0.0,0.0,0.0,0.0,0.0,0.0,0.0,0.0,0.0,0.0,0.0,0.0,0.0,0.0,0.0,0.0,0.0,0.0,0.0,0.0,0.0,0.0,0.0,0.0,0.0,0.0,0.3767,0.6324
128,0.0001,3,10,100,16,16,256,202,730,24,ContrastiveLoss,gru,/home/dpetrovitch/dzagcoffee/train_trace/age_pred/checkpoints/age_pred_2025-10-10 14:37:35.506749_ContrastiveLoss_gru_catboost/model_128_0.0001_3_10_100_256_16_16_ContrastiveLoss_gruepoch=01.ckpt,1,24,0.037494082,38.5319,4.9205,0.0006,4.1929,1.1161,4.5023,0.8033,1420.9386,37.2205,648.6938,16.9921,574.4586,15.0475,538.3503,14.1017,494.9244,12.9642,462.7976,12.1227,407.4352,10.6725,91.024,2.9414,41.5547,1.3428,36.7993,1.1891,34.4862,1.1144,31.7044,1.0245,29.6464,0.958,26.0999,0.8434,0.0,0.0,0.0,0.0,0.0,0.0,0.0,0.0,0.0,0.0,0.0,0.0,0.0,0.0,0.0,0.0,0.0,0.0,0.0,0.0,0.0,0.0,0.0,0.0,0.0,0.0,0.0,0.0,0.0,0.0,0.0,0.0,0.0,0.0,0.0,0.3944,0.6449
128,0.0001,3,10,100,16,16,256,202,730,24,ContrastiveLoss,gru,/home/dpetrovitch/dzagcoffee/train_trace/age_pred/checkpoints/age_pred_2025-10-10 14:37:35.506749_ContrastiveLoss_gru_catboost/model_128_0.0001_3_10_100_256_16_16_ContrastiveLoss_gruepoch=02.ckpt,2,24,0.061020363,40.2745,4.7357,0.0006,4.242,1.1235,4.3527,0.7949,1581.0139,41.0147,674.908,17.5085,601.8184,15.6124,563.3936,14.6156,515.1547,13.3641,478.3677,12.4098,415.9827,10.7914,103.0211,3.2329,43.9779,1.3801,39.2153,1.2306,36.7115,1.152,33.5682,1.0534,31.1711,0.9782,27.106,0.8506,0.0,0.0,0.0,0.0,0.0,0.0,0.0,0.0,0.0,0.0,0.0,0.0,0.0,0.0,0.0,0.0,0.0,0.0,0.0,0.0,0.0,0.0,0.0,0.0,0.0,0.0,0.0,0.0,0.0,0.0,0.0,0.0,0.0,0.0,0.0,0.4011,0.6602
128,0.0001,3,10,100,16,16,256,202,730,24,ContrastiveLoss,gru,/home/dpetrovitch/dzagcoffee/train_trace/age_pred/checkpoints/age_pred_2025-10-10 14:37:35.506749_ContrastiveLoss_gru_catboost/model_128_0.0001_3_10_100_256_16_16_ContrastiveLoss_gruepoch=03.ckpt,3,24,0.084576234,41.2484,4.9458,0.0006,4.2571,1.1332,4.8344,0.7821,1698.5494,43.816,690.5835,17.8144,617.5153,15.9295,578.3622,14.9195,528.8776,13.643,491.7487,12.6852,429.3721,11.0762,115.1665,3.5193,46.8235,1.4308,41.8693,1.2794,39.2146,1.1983,35.8594,1.0958,33.342,1.0189,29.1127,0.8896,0.0,0.0,0.0,0.0,0.0,0.0,0.0,0.0,0.0,0.0,0.0,0.0,0.0,0.0,0.0,0.0,0.0,0.0,0.0,0.0,0.0,0.0,0.0,0.0,0.0,0.0,0.0,0.0,0.0,0.0,0.0,0.0,0.0,0.0,0.0,0.4378,0.6855
128,0.0001,3,10,100,16,16,256,202,730,24,ContrastiveLoss,gru,/home/dpetrovitch/dzagcoffee/train_trace/age_pred/checkpoints/age_pred_2025-10-10 14:37:35.506749_ContrastiveLoss_gru_catboost/model_128_0.0001_3_10_100_256_16_16_ContrastiveLoss_gruepoch=04.ckpt,4,24,0.09600892,42.4211,5.0177,0.0006,4.2541,1.1412,5.2564,0.7718,1793.3124,46.1147,708.0754,18.208,634.2846,16.3105,594.8901,15.2975,545.619,14.0305,508.3274,13.0716,444.8896,11.4403,130.7528,3.8119,51.6267,1.5051,46.2465,1.3482,43.3742,1.2645,39.7818,1.1598,37.0628,1.0805,32.4375,0.9457,0.0,0.0,0.0,0.0,0.0,0.0,0.0,0.0,0.0,0.0,0.0,0.0,0.0,0.0,0.0,0.0,0.0,0.0,0.0,0.0,0.0,0.0,0.0,0.0,0.0,0.0,0.0,0.0,0.0,0.0,0.0,0.0,0.0,0.0,0.0,0.4433,0.6927
128,0.0001,3,10,100,16,16,256,202,730,24,ContrastiveLoss,gru,/home/dpetrovitch/dzagcoffee/train_trace/age_pred/checkpoints/age_pred_2025-10-10 14:37:35.506749_ContrastiveLoss_gru_catboost/model_128_0.0001_3_10_100_256_16_16_ContrastiveLoss_gruepoch=05.ckpt,5,24,0.10662288,44.3454,4.9872,0.0006,4.2381,1.1538,5.7794,0.7553,1879.5712,48.2245,721.9111,18.5222,647.8421,16.6218,608.5098,15.6126,559.8001,14.3629,523.4447,13.4301,461.648,11.8446,139.5582,3.9475,53.6019,1.5162,48.1023,1.3606,45.1819,1.278,41.5652,1.1757,38.8658,1.0994,34.2774,0.9696,0.0,0.0,0.0,0.0,0.0,0.0,0.0,0.0,0.0,0.0,0.0,0.0,0.0,0.0,0.0,0.0,0.0,0.0,0.0,0.0,0.0,0.0,0.0,0.0,0.0,0.0,0.0,0.0,0.0,0.0,0.0,0.0,0.0,0.0,0.0,0.4611,0.6999
128,0.0001,3,10,100,16,16,256,202,730,24,ContrastiveLoss,gru,/home/dpetrovitch/dzagcoffee/train_trace/age_pred/checkpoints/age_pred_2025-10-10 14:37:35.506749_ContrastiveLoss_gru_catboost/model_128_0.0001_3_10_100_256_16_16_ContrastiveLoss_gruepoch=06.ckpt,6,24,0.117848404,43.1581,4.9256,0.0006,4.2392,1.1353,5.7692,0.7784,1905.2415,48.7905,733.2437,18.7773,658.724,16.869,619.0371,15.8526,570.121,14.6,533.9613,13.674,472.7396,12.1062,141.8337,4.0216,54.5856,1.5477,49.038,1.3904,46.0836,1.3067,42.4421,1.2034,39.7502,1.1271,35.1926,0.9979,0.0,0.0,0.0,0.0,0.0,0.0,0.0,0.0,0.0,0.0,0.0,0.0,0.0,0.0,0.0,0.0,0.0,0.0,0.0,0.0,0.0,0.0,0.0,0.0,0.0,0.0,0.0,0.0,0.0,0.0,0.0,0.0,0.0,0.0,0.0,0.4511,0.717
128,0.0001,3,10,100,16,16,256,202,730,24,ContrastiveLoss,gru,/home/dpetrovitch/dzagcoffee/train_trace/age_pred/checkpoints/age_pred_2025-10-10 14:37:35.506749_ContrastiveLoss_gru_catboost/model_128_0.0001_3_10_100_256_16_16_ContrastiveLoss_gruepoch=07.ckpt,7,24,0.13450915,45.2842,5.0745,0.0006,4.2015,1.1451,5.7791,0.7657,1999.928,51.1432,748.7267,19.1468,673.2425,17.2165,633.3262,16.1957,584.119,14.9374,547.6845,14.0057,488.169,12.4837,149.5624,4.1805,55.9927,1.5651,50.3477,1.4073,47.3626,1.3238,43.6827,1.221,40.958,1.1448,36.5072,1.0204,0.0,0.0,0.0,0.0,0.0,0.0,0.0,0.0,0.0,0.0,0.0,0.0,0.0,0.0,0.0,0.0,0.0,0.0,0.0,0.0,0.0,0.0,0.0,0.0,0.0,0.0,0.0,0.0,0.0,0.0,0.0,0.0,0.0,0.0,0.0,0.4644,0.7204
128,0.0001,3,10,100,16,16,256,202,730,24,ContrastiveLoss,gru,/home/dpetrovitch/dzagcoffee/train_trace/age_pred/checkpoints/age_pred_2025-10-10 14:37:35.506749_ContrastiveLoss_gru_catboost/model_128_0.0001_3_10_100_256_16_16_ContrastiveLoss_gruepoch=08.ckpt,8,24,0.13737966,45.9854,4.8551,0.0007,4.2014,1.1582,5.7884,0.7486,2086.257,53.2691,747.99,19.0987,673.8644,17.206,634.8252,16.2092,587.0554,14.9895,551.4976,14.0816,492.7036,12.5804,163.4989,4.5165,58.6196,1.6193,52.8104,1.4588,49.7509,1.3743,46.0072,1.2709,43.2206,1.1939,38.6129,1.0666,0.0,0.0,0.0,0.0,0.0,0.0,0.0,0.0,0.0,0.0,0.0,0.0,0.0,0.0,0.0,0.0,0.0,0.0,0.0,0.0,0.0,0.0,0.0,0.0,0.0,0.0,0.0,0.0,0.0,0.0,0.0,0.0,0.0,0.0,0.0,0.4744,0.7222
128,0.0001,3,10,100,16,16,256,202,730,24,ContrastiveLoss,gru,/home/dpetrovitch/dzagcoffee/train_trace/age_pred/checkpoints/age_pred_2025-10-10 14:37:35.506749_ContrastiveLoss_gru_catboost/model_128_0.0001_3_10_100_256_16_16_ContrastiveLoss_gruepoch=09.ckpt,9,24,0.1452612,48.1043,4.5427,0.0007,4.1915,1.165,6.793,0.7403,2157.5103,55.0413,770.2619,19.6505,697.0878,17.7838,658.256,16.7931,610.0058,15.5622,574.1916,14.6485,513.712,13.1056,176.3033,4.7448,62.9428,1.694,56.9633,1.533,53.7901,1.4476,49.8473,1.3415,46.9207,1.2628,41.9785,1.1298,0.0,0.0,0.0,0.0,0.0,0.0,0.0,0.0,0.0,0.0,0.0,0.0,0.0,0.0,0.0,0.0,0.0,0.0,0.0,0.0,0.0,0.0,0.0,0.0,0.0,0.0,0.0,0.0,0.0,0.0,0.0,0.0,0.0,0.0,0.0,0.4778,0.7319
128,0.0001,3,10,100,16,16,256,202,730,24,ContrastiveLoss,gru,/home/dpetrovitch/dzagcoffee/train_trace/age_pred/checkpoints/age_pred_2025-10-10 14:37:35.506749_ContrastiveLoss_gru_catboost/model_128_0.0001_3_10_100_256_16_16_ContrastiveLoss_gruepoch=10.ckpt,10,24,0.15165326,47.688,4.4206,0.0007,4.1832,1.1585,6.9288,0.7483,2176.1375,55.4831,773.9157,19.7319,701.0569,17.8742,662.4457,16.8898,614.5362,15.6683,579.0598,14.7638,519.4764,13.2446,182.4578,4.8798,64.8888,1.7354,58.78,1.5721,55.5426,1.4855,51.5257,1.378,48.5512,1.2985,43.5554,1.1649,0.0,0.0,0.0,0.0,0.0,0.0,0.0,0.0,0.0,0.0,0.0,0.0,0.0,0.0,0.0,0.0,0.0,0.0,0.0,0.0,0.0,0.0,0.0,0.0,0.0,0.0,0.0,0.0,0.0,0.0,0.0,0.0,0.0,0.0,0.0,0.5056,0.7371
128,0.0001,3,10,100,16,16,256,202,730,24,ContrastiveLoss,gru,/home/dpetrovitch/dzagcoffee/train_trace/age_pred/checkpoints/age_pred_2025-10-10 14:37:35.506749_ContrastiveLoss_gru_catboost/model_128_0.0001_3_10_100_256_16_16_ContrastiveLoss_gruepoch=11.ckpt,11,24,0.15787761,48.8771,4.5079,0.0007,4.1654,1.1672,6.7594,0.7373,2225.798,56.7186,774.8245,19.7444,701.728,17.8817,663.02,16.8953,615.1023,15.6743,579.6614,14.7711,520.4842,13.2632,188.4992,5.0007,65.6186,1.7408,59.4282,1.5766,56.1501,1.4896,52.092,1.382,49.0906,1.3023,44.0789,1.1694,0.0,0.0,0.0,0.0,0.0,0.0,0.0,0.0,0.0,0.0,0.0,0.0,0.0,0.0,0.0,0.0,0.0,0.0,0.0,0.0,0.0,0.0,0.0,0.0,0.0,0.0,0.0,0.0,0.0,0.0,0.0,0.0,0.0,0.0,0.0,0.4833,0.7231
128,0.0001,3,10,100,16,16,256,202,730,24,ContrastiveLoss,gru,/home/dpetrovitch/dzagcoffee/train_trace/age_pred/checkpoints/age_pred_2025-10-10 14:37:35.506749_ContrastiveLoss_gru_catboost/model_128_0.0001_3_10_100_256_16_16_ContrastiveLoss_gruepoch=12.ckpt,12,24,0.14663233,48.5918,4.043,0.0007,4.188,1.1619,6.8597,0.7438,2214.2954,56.4141,782.4928,19.9358,709.6978,18.0811,670.8895,17.0924,622.6141,15.8625,586.8165,14.9505,526.7604,13.4204,190.0545,4.9913,67.1619,1.7638,60.9139,1.5997,57.5829,1.5123,53.4394,1.4034,50.3669,1.3228,45.2122,1.1874,0.0,0.0,0.0,0.0,0.0,0.0,0.0,0.0,0.0,0.0,0.0,0.0,0.0,0.0,0.0,0.0,0.0,0.0,0.0,0.0,0.0,0.0,0.0,0.0,0.0,0.0,0.0,0.0,0.0,0.0,0.0,0.0,0.0,0.0,0.0,0.4811,0.7284
128,0.0001,3,10,100,16,16,256,202,730,24,ContrastiveLoss,gru,/home/dpetrovitch/dzagcoffee/train_trace/age_pred/checkpoints/age_pred_2025-10-10 14:37:35.506749_ContrastiveLoss_gru_catboost/model_128_0.0001_3_10_100_256_16_16_ContrastiveLoss_gruepoch=13.ckpt,13,24,0.17125355,49.4208,4.2868,0.0007,4.1561,1.17,7.3737,0.7342,2296.9473,58.4935,780.8036,19.8838,708.6537,18.0464,670.111,17.0649,622.5495,15.8537,587.2816,14.9556,527.1177,13.4235,204.9659,5.3338,69.6743,1.8131,63.236,1.6456,59.7967,1.5561,55.5526,1.4456,52.4055,1.3637,47.0368,1.224,0.0,0.0,0.0,0.0,0.0,0.0,0.0,0.0,0.0,0.0,0.0,0.0,0.0,0.0,0.0,0.0,0.0,0.0,0.0,0.0,0.0,0.0,0.0,0.0,0.0,0.0,0.0,0.0,0.0,0.0,0.0,0.0,0.0,0.0,0.0,0.4922,0.7396
128,0.0001,3,10,100,16,16,256,202,730,24,ContrastiveLoss,gru,/home/dpetrovitch/dzagcoffee/train_trace/age_pred/checkpoints/age_pred_2025-10-10 14:37:35.506749_ContrastiveLoss_gru_catboost/model_128_0.0001_3_10_100_256_16_16_ContrastiveLoss_gruepoch=14.ckpt,14,24,0.17071103,49.3202,4.1656,0.0007,4.1503,1.1688,7.057,0.7354,2324.3884,59.1481,780.8943,19.8712,708.5907,18.0313,669.8577,17.0457,621.9291,15.8261,586.0618,14.9134,525.3053,13.3673,208.4222,5.4166,70.0209,1.8197,63.5376,1.6513,60.0645,1.561,55.7669,1.4493,52.5507,1.3657,47.1028,1.2241,0.0,0.0,0.0,0.0,0.0,0.0,0.0,0.0,0.0,0.0,0.0,0.0,0.0,0.0,0.0,0.0,0.0,0.0,0.0,0.0,0.0,0.0,0.0,0.0,0.0,0.0,0.0,0.0,0.0,0.0,0.0,0.0,0.0,0.0,0.0,0.5022,0.7418
128,0.0001,3,10,100,16,16,256,202,730,24,ContrastiveLoss,gru,/home/dpetrovitch/dzagcoffee/train_trace/age_pred/checkpoints/age_pred_2025-10-10 14:37:35.506749_ContrastiveLoss_gru_catboost/model_128_0.0001_3_10_100_256_16_16_ContrastiveLoss_gruepoch=15.ckpt,15,24,0.17956914,50.8217,4.2747,0.0008,4.1339,1.1794,6.8257,0.7229,2379.0242,60.5242,786.6279,20.0124,713.9981,18.1647,675.0721,17.1744,626.6176,15.9416,590.2522,15.0165,528.4674,13.4446,213.6086,5.5079,70.63,1.8212,64.1087,1.653,60.6136,1.5629,56.263,1.4507,52.9978,1.3666,47.4502,1.2235,0.0,0.0,0.0,0.0,0.0,0.0,0.0,0.0,0.0,0.0,0.0,0.0,0.0,0.0,0.0,0.0,0.0,0.0,0.0,0.0,0.0,0.0,0.0,0.0,0.0,0.0,0.0,0.0,0.0,0.0,0.0,0.0,0.0,0.0,0.0,0.4911,0.7325
128,0.0001,3,10,100,16,16,256,202,730,24,ContrastiveLoss,gru,/home/dpetrovitch/dzagcoffee/train_trace/age_pred/checkpoints/age_pred_2025-10-10 14:37:35.506749_ContrastiveLoss_gru_catboost/model_128_0.0001_3_10_100_256_16_16_ContrastiveLoss_gruepoch=16.ckpt,16,24,0.17395635,51.4488,4.2621,0.0008,4.1249,1.1846,7.1285,0.717,2420.6086,61.5804,788.1895,20.0516,715.9097,18.2128,677.1508,17.2268,629.0982,16.0043,592.6567,15.0772,530.0158,13.4836,216.4019,5.5753,70.464,1.8154,64.0022,1.6489,60.5371,1.5597,56.2412,1.449,52.9834,1.3651,47.3833,1.2208,0.0,0.0,0.0,0.0,0.0,0.0,0.0,0.0,0.0,0.0,0.0,0.0,0.0,0.0,0.0,0.0,0.0,0.0,0.0,0.0,0.0,0.0,0.0,0.0,0.0,0.0,0.0,0.0,0.0,0.0,0.0,0.0,0.0,0.0,0.0,0.4956,0.7398
128,0.0001,3,10,100,16,16,256,202,730,24,ContrastiveLoss,gru,/home/dpetrovitch/dzagcoffee/train_trace/age_pred/checkpoints/age_pred_2025-10-10 14:37:35.506749_ContrastiveLoss_gru_catboost/model_128_0.0001_3_10_100_256_16_16_ContrastiveLoss_gruepoch=17.ckpt,17,24,0.18386993,51.1481,3.9496,0.0008,4.1415,1.1832,7.1952,0.7183,2435.3276,61.9365,793.1282,20.1712,721.5201,18.3501,683.3201,17.3785,635.4369,16.1607,599.1841,15.2387,537.6465,13.6737,219.2395,5.6463,71.4011,1.8389,64.9546,1.6729,61.5157,1.5843,57.205,1.4733,53.9413,1.3892,48.4014,1.2465,0.0,0.0,0.0,0.0,0.0,0.0,0.0,0.0,0.0,0.0,0.0,0.0,0.0,0.0,0.0,0.0,0.0,0.0,0.0,0.0,0.0,0.0,0.0,0.0,0.0,0.0,0.0,0.0,0.0,0.0,0.0,0.0,0.0,0.0,0.0,0.4956,0.7319
128,0.0001,3,10,100,16,16,256,202,730,24,ContrastiveLoss,gru,/home/dpetrovitch/dzagcoffee/train_trace/age_pred/checkpoints/age_pred_2025-10-10 14:37:35.506749_ContrastiveLoss_gru_catboost/model_128_0.0001_3_10_100_256_16_16_ContrastiveLoss_gruepoch=18.ckpt,18,24,0.18660235,52.3166,3.921,0.0008,4.1248,1.1915,7.5964,0.7087,2487.922,63.2659,795.8065,20.2367,724.5963,18.4259,686.3284,17.4528,638.5054,16.2367,602.2266,15.3141,540.1987,13.7368,222.8456,5.744,71.2812,1.8373,64.9028,1.6729,61.4751,1.5846,57.1916,1.4742,53.942,1.3904,48.3861,1.2472,0.0,0.0,0.0,0.0,0.0,0.0,0.0,0.0,0.0,0.0,0.0,0.0,0.0,0.0,0.0,0.0,0.0,0.0,0.0,0.0,0.0,0.0,0.0,0.0,0.0,0.0,0.0,0.0,0.0,0.0,0.0,0.0,0.0,0.0,0.0,0.4711,0.7222
128,0.0001,3,10,100,16,16,256,202,730,24,ContrastiveLoss,gru,/home/dpetrovitch/dzagcoffee/train_trace/age_pred/checkpoints/age_pred_2025-10-10 14:37:35.506749_ContrastiveLoss_gru_catboost/model_128_0.0001_3_10_100_256_16_16_ContrastiveLoss_gruepoch=19.ckpt,19,24,0.18289341,52.7023,3.9197,0.0008,4.1238,1.192,7.5218,0.7081,2513.5242,63.9058,801.7529,20.3844,730.5114,18.5731,692.3917,17.6039,644.4203,16.3843,608.0679,15.46,546.8298,13.903,226.6032,5.7841,72.2809,1.845,65.8582,1.6811,62.4216,1.5933,58.0968,1.4829,54.8195,1.3993,49.2987,1.2584,0.0,0.0,0.0,0.0,0.0,0.0,0.0,0.0,0.0,0.0,0.0,0.0,0.0,0.0,0.0,0.0,0.0,0.0,0.0,0.0,0.0,0.0,0.0,0.0,0.0,0.0,0.0,0.0,0.0,0.0,0.0,0.0,0.0,0.0,0.0,0.4967,0.7344
128,0.0001,3,10,100,16,16,256,202,730,24,ContrastiveLoss,gru,/home/dpetrovitch/dzagcoffee/train_trace/age_pred/checkpoints/age_pred_2025-10-10 14:37:35.506749_ContrastiveLoss_gru_catboost/model_128_0.0001_3_10_100_256_16_16_ContrastiveLoss_gruepoch=20.ckpt,20,24,0.18899935,52.6303,4.1736,0.0008,4.1077,1.191,7.5274,0.7094,2535.7024,64.4597,796.9891,20.2601,725.4816,18.4424,687.2092,17.4694,639.4817,16.2562,603.3626,15.338,542.0896,13.7804,227.4177,5.8543,71.479,1.8401,65.0657,1.675,61.6332,1.5866,57.3527,1.4764,54.1133,1.393,48.618,1.2516,0.0,0.0,0.0,0.0,0.0,0.0,0.0,0.0,0.0,0.0,0.0,0.0,0.0,0.0,0.0,0.0,0.0,0.0,0.0,0.0,0.0,0.0,0.0,0.0,0.0,0.0,0.0,0.0,0.0,0.0,0.0,0.0,0.0,0.0,0.0,0.4911,0.7441
128,0.0001,3,10,100,16,16,256,202,730,24,ContrastiveLoss,gru,/home/dpetrovitch/dzagcoffee/train_trace/age_pred/checkpoints/age_pred_2025-10-10 14:37:35.506749_ContrastiveLoss_gru_catboost/model_128_0.0001_3_10_100_256_16_16_ContrastiveLoss_gruepoch=21.ckpt,21,24,0.19177122,53.6497,4.3272,0.0008,4.0958,1.198,7.5186,0.7014,2571.593,65.3696,800.8922,20.3586,729.1121,18.5339,690.5917,17.5548,642.7093,16.3376,606.3848,15.4142,544.5646,13.8428,231.8708,5.9128,72.2134,1.8415,65.7413,1.6764,62.268,1.5878,57.9507,1.4778,54.6754,1.3942,49.1013,1.2521,0.0,0.0,0.0,0.0,0.0,0.0,0.0,0.0,0.0,0.0,0.0,0.0,0.0,0.0,0.0,0.0,0.0,0.0,0.0,0.0,0.0,0.0,0.0,0.0,0.0,0.0,0.0,0.0,0.0,0.0,0.0,0.0,0.0,0.0,0.0,0.4833,0.7394
128,0.0001,3,10,100,16,16,256,202,730,24,ContrastiveLoss,gru,/home/dpetrovitch/dzagcoffee/train_trace/age_pred/checkpoints/age_pred_2025-10-10 14:37:35.506749_ContrastiveLoss_gru_catboost/model_128_0.0001_3_10_100_256_16_16_ContrastiveLoss_gruepoch=22.ckpt,22,24,0.19082426,53.0309,3.9538,0.0008,4.109,1.1962,6.8944,0.703,2564.003,65.1779,798.57,20.2999,727.8033,18.501,689.6411,17.5309,641.81,16.315,605.5658,15.3937,544.108,13.8314,231.714,5.9265,72.1683,1.8458,65.773,1.6823,62.3242,1.5941,58.0016,1.4835,54.7262,1.3997,49.1721,1.2577,0.0,0.0,0.0,0.0,0.0,0.0,0.0,0.0,0.0,0.0,0.0,0.0,0.0,0.0,0.0,0.0,0.0,0.0,0.0,0.0,0.0,0.0,0.0,0.0,0.0,0.0,0.0,0.0,0.0,0.0,0.0,0.0,0.0,0.0,0.0,0.51,0.7481
128,0.0001,3,10,100,16,16,256,202,730,24,ContrastiveLoss,gru,/home/dpetrovitch/dzagcoffee/train_trace/age_pred/checkpoints/age_pred_2025-10-10 14:37:35.506749_ContrastiveLoss_gru_catboost/model_128_0.0001_3_10_100_256_16_16_ContrastiveLoss_gruepoch=23.ckpt,23,24,0.19245186,52.8343,4.1315,0.0008,4.1137,1.1852,7.4888,0.7157,2561.1453,65.0965,808.7026,20.5547,737.3049,18.74,699.0254,17.7671,651.1498,16.5502,614.9876,15.6311,554.1405,14.0846,228.9224,5.8052,72.2841,1.833,65.9024,1.6712,62.4809,1.5844,58.2016,1.4759,54.9693,1.394,49.5307,1.256,0.0,0.0,0.0,0.0,0.0,0.0,0.0,0.0,0.0,0.0,0.0,0.0,0.0,0.0,0.0,0.0,0.0,0.0,0.0,0.0,0.0,0.0,0.0,0.0,0.0,0.0,0.0,0.0,0.0,0.0,0.0,0.0,0.0,0.0,0.0,0.4867,0.7426
128,0.0005,3,10,100,16,16,256,202,730,24,ContrastiveLoss,gru,/home/dpetrovitch/dzagcoffee/train_trace/age_pred/checkpoints/age_pred_2025-10-10 14:37:35.506749_ContrastiveLoss_gru_catboost/model_128_0.0005_3_10_100_256_16_16_ContrastiveLoss_gruepoch=00.ckpt,0,24,0.073301375,43.4927,5.1395,0.0006,4.2211,1.1149,4.2463,0.8066,1517.8773,39.3567,738.8597,19.1577,656.1654,17.0136,612.6279,15.8847,558.4722,14.4805,518.6286,13.4474,451.8523,11.716,92.7109,2.9027,45.129,1.4129,40.0781,1.2548,37.4189,1.1715,34.1111,1.068,31.6775,0.9918,27.5988,0.8641,0.0,0.0,0.0,0.0,0.0,0.0,0.0,0.0,0.0,0.0,0.0,0.0,0.0,0.0,0.0,0.0,0.0,0.0,0.0,0.0,0.0,0.0,0.0,0.0,0.0,0.0,0.0,0.0,0.0,0.0,0.0,0.0,0.0,0.0,0.0,0.4156,0.6874
128,0.0005,3,10,100,16,16,256,202,730,24,ContrastiveLoss,gru,/home/dpetrovitch/dzagcoffee/train_trace/age_pred/checkpoints/age_pred_2025-10-10 14:37:35.506749_ContrastiveLoss_gru_catboost/model_128_0.0005_3_10_100_256_16_16_ContrastiveLoss_gruepoch=01.ckpt,1,24,0.12532553,52.0125,4.856,0.0008,4.1099,1.148,5.8925,0.7634,1821.0488,46.6538,787.7256,20.1809,704.8889,18.0587,660.7576,16.9281,605.4955,15.5123,563.8576,14.4456,491.6385,12.5954,115.8875,3.3497,50.1291,1.449,44.8576,1.2966,42.0491,1.2154,38.5324,1.1138,35.8826,1.0372,31.2868,0.9043,0.0,0.0,0.0,0.0,0.0,0.0,0.0,0.0,0.0,0.0,0.0,0.0,0.0,0.0,0.0,0.0,0.0,0.0,0.0,0.0,0.0,0.0,0.0,0.0,0.0,0.0,0.0,0.0,0.0,0.0,0.0,0.0,0.0,0.0,0.0,0.4633,0.712
128,0.0005,3,10,100,16,16,256,202,730,24,ContrastiveLoss,gru,/home/dpetrovitch/dzagcoffee/train_trace/age_pred/checkpoints/age_pred_2025-10-10 14:37:35.506749_ContrastiveLoss_gru_catboost/model_128_0.0005_3_10_100_256_16_16_ContrastiveLoss_gruepoch=02.ckpt,2,24,0.17631392,55.3642,4.6765,0.0008,4.1297,1.1543,6.5267,0.7527,2200.7214,55.9485,828.9204,21.0735,753.6223,19.1592,713.3984,18.1366,663.0669,16.857,625.4555,15.9008,562.4767,14.2997,170.2719,4.406,64.1344,1.6596,58.3085,1.5088,55.1963,1.4283,51.3021,1.3275,48.3921,1.2522,43.5194,1.1261,0.0,0.0,0.0,0.0,0.0,0.0,0.0,0.0,0.0,0.0,0.0,0.0,0.0,0.0,0.0,0.0,0.0,0.0,0.0,0.0,0.0,0.0,0.0,0.0,0.0,0.0,0.0,0.0,0.0,0.0,0.0,0.0,0.0,0.0,0.0,0.4811,0.7375
128,0.0005,3,10,100,16,16,256,202,730,24,ContrastiveLoss,gru,/home/dpetrovitch/dzagcoffee/train_trace/age_pred/checkpoints/age_pred_2025-10-10 14:37:35.506749_ContrastiveLoss_gru_catboost/model_128_0.0005_3_10_100_256_16_16_ContrastiveLoss_gruepoch=03.ckpt,3,24,0.2101385,56.8685,4.6924,0.0008,4.0882,1.1599,6.5888,0.7452,2436.3496,61.8655,845.3054,21.4646,767.1658,19.4804,724.5895,18.3993,670.1982,17.0182,629.216,15.9775,560.1161,14.2229,188.3271,4.8236,65.3411,1.6736,59.301,1.5189,56.0099,1.4346,51.8056,1.3269,48.6377,1.2457,43.2963,1.1089,0.0,0.0,0.0,0.0,0.0,0.0,0.0,0.0,0.0,0.0,0.0,0.0,0.0,0.0,0.0,0.0,0.0,0.0,0.0,0.0,0.0,0.0,0.0,0.0,0.0,0.0,0.0,0.0,0.0,0.0,0.0,0.0,0.0,0.0,0.0,0.5044,0.7508
128,0.0005,3,10,100,16,16,256,202,730,24,ContrastiveLoss,gru,/home/dpetrovitch/dzagcoffee/train_trace/age_pred/checkpoints/age_pred_2025-10-10 14:37:35.506749_ContrastiveLoss_gru_catboost/model_128_0.0005_3_10_100_256_16_16_ContrastiveLoss_gruepoch=04.ckpt,4,24,0.22750948,58.3332,4.4228,0.0008,4.0971,1.1677,7.1892,0.7359,2693.8594,68.3269,867.8833,22.013,795.1443,20.168,755.2604,19.1564,704.8355,17.8774,666.2734,16.8993,599.1902,15.1978,233.2356,5.6391,75.1418,1.8168,68.844,1.6645,65.3908,1.581,61.025,1.4755,57.6863,1.3947,51.8782,1.2543,0.0,0.0,0.0,0.0,0.0,0.0,0.0,0.0,0.0,0.0,0.0,0.0,0.0,0.0,0.0,0.0,0.0,0.0,0.0,0.0,0.0,0.0,0.0,0.0,0.0,0.0,0.0,0.0,0.0,0.0,0.0,0.0,0.0,0.0,0.0,0.5089,0.761
128,0.0005,3,10,100,16,16,256,202,730,24,ContrastiveLoss,gru,/home/dpetrovitch/dzagcoffee/train_trace/age_pred/checkpoints/age_pred_2025-10-10 14:37:35.506749_ContrastiveLoss_gru_catboost/model_128_0.0005_3_10_100_256_16_16_ContrastiveLoss_gruepoch=05.ckpt,5,24,0.24345015,59.2348,4.243,0.0008,4.0955,1.1718,7.6477,0.7301,2882.8496,73.0978,880.0507,22.3147,809.5316,20.5266,771.2116,19.5549,722.7346,18.3257,685.7751,17.3886,621.4876,15.7585,256.0556,6.0875,78.1664,1.8583,71.9028,1.7094,68.4992,1.6285,64.1935,1.5262,60.9107,1.4481,55.2007,1.3124,0.0,0.0,0.0,0.0,0.0,0.0,0.0,0.0,0.0,0.0,0.0,0.0,0.0,0.0,0.0,0.0,0.0,0.0,0.0,0.0,0.0,0.0,0.0,0.0,0.0,0.0,0.0,0.0,0.0,0.0,0.0,0.0,0.0,0.0,0.0,0.5144,0.7788
128,0.0005,3,10,100,16,16,256,202,730,24,ContrastiveLoss,gru,/home/dpetrovitch/dzagcoffee/train_trace/age_pred/checkpoints/age_pred_2025-10-10 14:37:35.506749_ContrastiveLoss_gru_catboost/model_128_0.0005_3_10_100_256_16_16_ContrastiveLoss_gruepoch=06.ckpt,6,24,0.25241673,60.8718,4.7346,0.0009,4.0728,1.1934,8.4219,0.7047,3054.4104,77.4448,881.3775,22.3474,812.518,20.6015,775.1162,19.6531,727.8451,18.4546,691.9716,17.545,628.1539,15.9269,288.2734,6.7472,83.1839,1.947,76.685,1.7949,73.155,1.7122,68.6936,1.6078,65.3079,1.5286,59.2848,1.3876,0.0,0.0,0.0,0.0,0.0,0.0,0.0,0.0,0.0,0.0,0.0,0.0,0.0,0.0,0.0,0.0,0.0,0.0,0.0,0.0,0.0,0.0,0.0,0.0,0.0,0.0,0.0,0.0,0.0,0.0,0.0,0.0,0.0,0.0,0.0,0.5389,0.7709
128,0.0005,3,10,100,16,16,256,202,730,24,ContrastiveLoss,gru,/home/dpetrovitch/dzagcoffee/train_trace/age_pred/checkpoints/age_pred_2025-10-10 14:37:35.506749_ContrastiveLoss_gru_catboost/model_128_0.0005_3_10_100_256_16_16_ContrastiveLoss_gruepoch=07.ckpt,7,24,0.2588581,62.0774,4.3342,0.0009,4.06,1.1917,8.4997,0.7064,3169.5872,80.3437,895.7997,22.707,827.6589,20.9798,790.7496,20.0442,743.8001,18.8541,708.1901,17.9514,644.3081,16.3321,297.1847,6.9215,83.9914,1.9562,77.6024,1.8074,74.1417,1.7268,69.7397,1.6243,66.4008,1.5465,60.4112,1.407,0.0,0.0,0.0,0.0,0.0,0.0,0.0,0.0,0.0,0.0,0.0,0.0,0.0,0.0,0.0,0.0,0.0,0.0,0.0,0.0,0.0,0.0,0.0,0.0,0.0,0.0,0.0,0.0,0.0,0.0,0.0,0.0,0.0,0.0,0.0,0.5478,0.7832
128,0.0005,3,10,100,16,16,256,202,730,24,ContrastiveLoss,gru,/home/dpetrovitch/dzagcoffee/train_trace/age_pred/checkpoints/age_pred_2025-10-10 14:37:35.506749_ContrastiveLoss_gru_catboost/model_128_0.0005_3_10_100_256_16_16_ContrastiveLoss_gruepoch=08.ckpt,8,24,0.26865333,60.8842,4.5531,0.0009,4.0565,1.1886,8.695,0.7099,3315.9265,84.0281,897.7392,22.7494,829.7112,21.0255,792.6639,20.0867,745.4256,18.8896,709.4506,17.978,646.0935,16.3725,313.3406,7.155,84.8324,1.9371,78.4041,1.7903,74.9033,1.7104,70.4395,1.6085,67.04,1.5308,61.053,1.3941,0.0,0.0,0.0,0.0,0.0,0.0,0.0,0.0,0.0,0.0,0.0,0.0,0.0,0.0,0.0,0.0,0.0,0.0,0.0,0.0,0.0,0.0,0.0,0.0,0.0,0.0,0.0,0.0,0.0,0.0,0.0,0.0,0.0,0.0,0.0,0.5222,0.7868
128,0.0005,3,10,100,16,16,256,202,730,24,ContrastiveLoss,gru,/home/dpetrovitch/dzagcoffee/train_trace/age_pred/checkpoints/age_pred_2025-10-10 14:37:35.506749_ContrastiveLoss_gru_catboost/model_128_0.0005_3_10_100_256_16_16_ContrastiveLoss_gruepoch=09.ckpt,9,24,0.27383205,62.8823,4.301,0.001,4.006,1.2072,8.5512,0.688,3469.983,87.9339,905.4603,22.9455,838.0186,21.2365,801.248,20.3047,754.6633,19.1242,719.2555,18.2269,657.4983,16.6619,337.6879,7.6148,88.1166,1.987,81.5534,1.839,77.975,1.7583,73.4415,1.6561,69.9957,1.5784,63.9857,1.4429,0.0,0.0,0.0,0.0,0.0,0.0,0.0,0.0,0.0,0.0,0.0,0.0,0.0,0.0,0.0,0.0,0.0,0.0,0.0,0.0,0.0,0.0,0.0,0.0,0.0,0.0,0.0,0.0,0.0,0.0,0.0,0.0,0.0,0.0,0.0,0.5433,0.789
128,0.0005,3,10,100,16,16,256,202,730,24,ContrastiveLoss,gru,/home/dpetrovitch/dzagcoffee/train_trace/age_pred/checkpoints/age_pred_2025-10-10 14:37:35.506749_ContrastiveLoss_gru_catboost/model_128_0.0005_3_10_100_256_16_16_ContrastiveLoss_gruepoch=10.ckpt,10,24,0.27792576,62.1802,4.1817,0.001,4.0147,1.2016,8.5376,0.6944,3506.0425,88.8329,907.3072,22.9885,840.0882,21.2854,803.4355,20.3567,757.1556,19.1841,722.0138,18.2937,660.8653,16.7444,339.3891,7.5997,87.8284,1.9667,81.3215,1.821,77.7735,1.7415,73.2936,1.6412,69.8918,1.565,63.9725,1.4325,0.0,0.0,0.0,0.0,0.0,0.0,0.0,0.0,0.0,0.0,0.0,0.0,0.0,0.0,0.0,0.0,0.0,0.0,0.0,0.0,0.0,0.0,0.0,0.0,0.0,0.0,0.0,0.0,0.0,0.0,0.0,0.0,0.0,0.0,0.0,0.5411,0.7878
128,0.0005,3,10,100,16,16,256,202,730,24,ContrastiveLoss,gru,/home/dpetrovitch/dzagcoffee/train_trace/age_pred/checkpoints/age_pred_2025-10-10 14:37:35.506749_ContrastiveLoss_gru_catboost/model_128_0.0005_3_10_100_256_16_16_ContrastiveLoss_gruepoch=11.ckpt,11,24,0.28055948,62.5428,4.2137,0.001,4.0125,1.2051,8.7907,0.6906,3551.678,89.9955,909.7173,23.0512,842.5742,21.3499,806.0489,20.4244,759.6016,19.2475,724.3956,18.3554,663.0596,16.8012,343.5238,7.6826,87.9893,1.9678,81.4951,1.8226,77.9623,1.7436,73.4698,1.6431,70.0647,1.5669,64.1321,1.4343,0.0,0.0,0.0,0.0,0.0,0.0,0.0,0.0,0.0,0.0,0.0,0.0,0.0,0.0,0.0,0.0,0.0,0.0,0.0,0.0,0.0,0.0,0.0,0.0,0.0,0.0,0.0,0.0,0.0,0.0,0.0,0.0,0.0,0.0,0.0,0.5411,0.7806
128,0.0005,3,10,100,16,16,256,202,730,24,ContrastiveLoss,gru,/home/dpetrovitch/dzagcoffee/train_trace/age_pred/checkpoints/age_pred_2025-10-10 14:37:35.506749_ContrastiveLoss_gru_catboost/model_128_0.0005_3_10_100_256_16_16_ContrastiveLoss_gruepoch=12.ckpt,12,24,0.27141532,61.2703,4.1154,0.0009,4.0334,1.1958,8.5144,0.7013,3533.723,89.5529,909.8918,23.0588,843.7093,21.3816,807.5799,20.466,761.9356,19.3092,727.3624,18.4331,668.7589,16.9479,344.3696,7.7004,88.6711,1.9828,82.2215,1.8386,78.7006,1.7598,74.2524,1.6604,70.8832,1.585,65.1721,1.4573,0.0,0.0,0.0,0.0,0.0,0.0,0.0,0.0,0.0,0.0,0.0,0.0,0.0,0.0,0.0,0.0,0.0,0.0,0.0,0.0,0.0,0.0,0.0,0.0,0.0,0.0,0.0,0.0,0.0,0.0,0.0,0.0,0.0,0.0,0.0,0.5478,0.7895
128,0.0005,3,10,100,16,16,256,202,730,24,ContrastiveLoss,gru,/home/dpetrovitch/dzagcoffee/train_trace/age_pred/checkpoints/age_pred_2025-10-10 14:37:35.506749_ContrastiveLoss_gru_catboost/model_128_0.0005_3_10_100_256_16_16_ContrastiveLoss_gruepoch=13.ckpt,13,24,0.28564948,62.0599,4.366,0.001,4.0022,1.2043,9.0036,0.6915,3644.6035,92.324,909.106,23.0292,842.8253,21.3502,806.9986,20.4426,761.2038,19.2826,726.6673,18.4077,667.4392,16.9074,362.3723,8.032,90.3898,2.0035,83.7997,1.8574,80.2375,1.7785,75.6843,1.6775,72.2504,1.6014,66.3615,1.4709,0.0,0.0,0.0,0.0,0.0,0.0,0.0,0.0,0.0,0.0,0.0,0.0,0.0,0.0,0.0,0.0,0.0,0.0,0.0,0.0,0.0,0.0,0.0,0.0,0.0,0.0,0.0,0.0,0.0,0.0,0.0,0.0,0.0,0.0,0.0,0.5556,0.8013
128,0.0005,3,10,100,16,16,256,202,730,24,ContrastiveLoss,gru,/home/dpetrovitch/dzagcoffee/train_trace/age_pred/checkpoints/age_pred_2025-10-10 14:37:35.506749_ContrastiveLoss_gru_catboost/model_128_0.0005_3_10_100_256_16_16_ContrastiveLoss_gruepoch=14.ckpt,14,24,0.28603417,63.5639,4.1599,0.001,3.99,1.2186,8.6293,0.6755,3747.8533,94.9414,912.468,23.1148,845.5455,21.4195,809.1642,20.4979,762.7125,19.3212,727.6179,18.4322,668.341,16.9305,375.233,8.309,91.3558,2.0229,84.6556,1.8746,81.0131,1.7939,76.3624,1.6909,72.8487,1.6131,66.9139,1.4817,0.0,0.0,0.0,0.0,0.0,0.0,0.0,0.0,0.0,0.0,0.0,0.0,0.0,0.0,0.0,0.0,0.0,0.0,0.0,0.0,0.0,0.0,0.0,0.0,0.0,0.0,0.0,0.0,0.0,0.0,0.0,0.0,0.0,0.0,0.0,0.5367,0.7793
128,0.0005,3,10,100,16,16,256,202,730,24,ContrastiveLoss,gru,/home/dpetrovitch/dzagcoffee/train_trace/age_pred/checkpoints/age_pred_2025-10-10 14:37:35.506749_ContrastiveLoss_gru_catboost/model_128_0.0005_3_10_100_256_16_16_ContrastiveLoss_gruepoch=15.ckpt,15,24,0.28520557,63.2105,4.1914,0.001,3.9913,1.2118,8.7665,0.6829,3749.6064,94.9802,914.8467,23.1737,848.5473,21.4943,812.6621,20.5853,766.7328,19.4219,732.0209,18.5426,672.5277,17.0356,380.9806,8.3497,92.9535,2.0372,86.2171,1.8896,82.5709,1.8097,77.9043,1.7074,74.3774,1.6301,68.3325,1.4976,0.0,0.0,0.0,0.0,0.0,0.0,0.0,0.0,0.0,0.0,0.0,0.0,0.0,0.0,0.0,0.0,0.0,0.0,0.0,0.0,0.0,0.0,0.0,0.0,0.0,0.0,0.0,0.0,0.0,0.0,0.0,0.0,0.0,0.0,0.0,0.5478,0.7961
128,0.0005,3,10,100,16,16,256,202,730,24,ContrastiveLoss,gru,/home/dpetrovitch/dzagcoffee/train_trace/age_pred/checkpoints/age_pred_2025-10-10 14:37:35.506749_ContrastiveLoss_gru_catboost/model_128_0.0005_3_10_100_256_16_16_ContrastiveLoss_gruepoch=16.ckpt,16,24,0.29116365,62.834,3.9106,0.001,3.989,1.2084,8.7834,0.6865,3784.9817,95.8613,917.2917,23.232,851.3044,21.5608,815.437,20.6524,769.1916,19.4811,733.9238,18.5879,673.1013,17.0475,387.8723,8.4291,94.001,2.0428,87.2388,1.8958,83.5633,1.816,78.8242,1.713,75.2101,1.6344,68.9772,1.499,0.0,0.0,0.0,0.0,0.0,0.0,0.0,0.0,0.0,0.0,0.0,0.0,0.0,0.0,0.0,0.0,0.0,0.0,0.0,0.0,0.0,0.0,0.0,0.0,0.0,0.0,0.0,0.0,0.0,0.0,0.0,0.0,0.0,0.0,0.0,0.5589,0.7857
128,0.0005,3,10,100,16,16,256,202,730,24,ContrastiveLoss,gru,/home/dpetrovitch/dzagcoffee/train_trace/age_pred/checkpoints/age_pred_2025-10-10 14:37:35.506749_ContrastiveLoss_gru_catboost/model_128_0.0005_3_10_100_256_16_16_ContrastiveLoss_gruepoch=17.ckpt,17,24,0.29297858,62.8005,4.294,0.001,3.9992,1.2059,9.201,0.6894,3807.6,96.4339,920.2222,23.3062,854.4695,21.6409,818.776,20.7369,772.9102,19.5753,738.0912,18.6934,677.6283,17.1621,388.657,8.4704,93.9308,2.0471,87.2191,1.9009,83.5757,1.8215,78.894,1.7194,75.3399,1.642,69.1682,1.5075,0.0,0.0,0.0,0.0,0.0,0.0,0.0,0.0,0.0,0.0,0.0,0.0,0.0,0.0,0.0,0.0,0.0,0.0,0.0,0.0,0.0,0.0,0.0,0.0,0.0,0.0,0.0,0.0,0.0,0.0,0.0,0.0,0.0,0.0,0.0,0.5478,0.7872
128,0.0005,3,10,100,16,16,256,202,730,24,ContrastiveLoss,gru,/home/dpetrovitch/dzagcoffee/train_trace/age_pred/checkpoints/age_pred_2025-10-10 14:37:35.506749_ContrastiveLoss_gru_catboost/model_128_0.0005_3_10_100_256_16_16_ContrastiveLoss_gruepoch=18.ckpt,18,24,0.2923473,63.0452,4.1307,0.001,3.9915,1.2086,8.6545,0.6868,3851.7031,97.5531,919.1719,23.2801,853.0503,21.6054,816.9669,20.6915,770.6197,19.5177,734.9515,18.6143,673.3709,17.0546,396.1251,8.6237,94.5314,2.058,87.7312,1.9099,84.0203,1.8291,79.2537,1.7254,75.5855,1.6455,69.2522,1.5076,0.0,0.0,0.0,0.0,0.0,0.0,0.0,0.0,0.0,0.0,0.0,0.0,0.0,0.0,0.0,0.0,0.0,0.0,0.0,0.0,0.0,0.0,0.0,0.0,0.0,0.0,0.0,0.0,0.0,0.0,0.0,0.0,0.0,0.0,0.0,0.5622,0.8013
128,0.0005,3,10,100,16,16,256,202,730,24,ContrastiveLoss,gru,/home/dpetrovitch/dzagcoffee/train_trace/age_pred/checkpoints/age_pred_2025-10-10 14:37:35.506749_ContrastiveLoss_gru_catboost/model_128_0.0005_3_10_100_256_16_16_ContrastiveLoss_gruepoch=19.ckpt,19,24,0.30037683,62.8944,3.9863,0.001,3.9808,1.2101,9.1859,0.685,3921.1953,99.3043,921.6477,23.3407,855.7887,21.6728,819.8318,20.7622,773.8008,19.5965,738.5653,18.7042,678.0896,17.1726,415.055,8.9495,97.5556,2.1035,90.5845,1.9532,86.7785,1.8711,81.9061,1.7661,78.1765,1.6857,71.7752,1.5476,0.0,0.0,0.0,0.0,0.0,0.0,0.0,0.0,0.0,0.0,0.0,0.0,0.0,0.0,0.0,0.0,0.0,0.0,0.0,0.0,0.0,0.0,0.0,0.0,0.0,0.0,0.0,0.0,0.0,0.0,0.0,0.0,0.0,0.0,0.0,0.5333,0.7955
128,0.0005,3,10,100,16,16,256,202,730,24,ContrastiveLoss,gru,/home/dpetrovitch/dzagcoffee/train_trace/age_pred/checkpoints/age_pred_2025-10-10 14:37:35.506749_ContrastiveLoss_gru_catboost/model_128_0.0005_3_10_100_256_16_16_ContrastiveLoss_gruepoch=20.ckpt,20,24,0.28830296,63.3738,3.7435,0.001,3.987,1.2153,9.1758,0.679,3924.5571,99.3817,922.0159,23.3482,856.8633,21.6984,821.4632,20.8019,776.5557,19.6647,742.4095,18.8001,684.3355,17.3294,419.9817,8.9709,98.6684,2.1076,91.6962,1.9586,87.9079,1.8777,83.1022,1.7751,79.448,1.697,73.2333,1.5643,0.0,0.0,0.0,0.0,0.0,0.0,0.0,0.0,0.0,0.0,0.0,0.0,0.0,0.0,0.0,0.0,0.0,0.0,0.0,0.0,0.0,0.0,0.0,0.0,0.0,0.0,0.0,0.0,0.0,0.0,0.0,0.0,0.0,0.0,0.0,0.5611,0.7987
128,0.0005,3,10,100,16,16,256,202,730,24,ContrastiveLoss,gru,/home/dpetrovitch/dzagcoffee/train_trace/age_pred/checkpoints/age_pred_2025-10-10 14:37:35.506749_ContrastiveLoss_gru_catboost/model_128_0.0005_3_10_100_256_16_16_ContrastiveLoss_gruepoch=21.ckpt,21,24,0.3003867,63.5124,3.5741,0.001,3.9815,1.2154,9.0571,0.679,3951.944,100.0753,923.5831,23.388,857.7506,21.7209,821.7905,20.8103,775.913,19.6485,740.9897,18.7641,681.9334,17.2686,423.1038,9.0629,98.8809,2.118,91.8327,1.967,87.9827,1.8846,83.071,1.7794,79.332,1.6993,73.0093,1.5639,0.0,0.0,0.0,0.0,0.0,0.0,0.0,0.0,0.0,0.0,0.0,0.0,0.0,0.0,0.0,0.0,0.0,0.0,0.0,0.0,0.0,0.0,0.0,0.0,0.0,0.0,0.0,0.0,0.0,0.0,0.0,0.0,0.0,0.0,0.0,0.5622,0.7983
128,0.0005,3,10,100,16,16,256,202,730,24,ContrastiveLoss,gru,/home/dpetrovitch/dzagcoffee/train_trace/age_pred/checkpoints/age_pred_2025-10-10 14:37:35.506749_ContrastiveLoss_gru_catboost/model_128_0.0005_3_10_100_256_16_16_ContrastiveLoss_gruepoch=22.ckpt,22,24,0.28925982,64.3804,3.5882,0.001,3.9818,1.2223,8.6779,0.6715,3979.7356,100.7974,924.3642,23.412,858.4094,21.7415,822.4129,20.8298,776.2768,19.6613,741.1016,18.7704,681.2733,17.2551,420.7684,9.0384,97.7309,2.0993,90.7577,1.9495,86.9518,1.8678,82.074,1.763,78.355,1.6831,72.0295,1.5472,0.0,0.0,0.0,0.0,0.0,0.0,0.0,0.0,0.0,0.0,0.0,0.0,0.0,0.0,0.0,0.0,0.0,0.0,0.0,0.0,0.0,0.0,0.0,0.0,0.0,0.0,0.0,0.0,0.0,0.0,0.0,0.0,0.0,0.0,0.0,0.5744,0.803
128,0.0005,3,10,100,16,16,256,202,730,24,ContrastiveLoss,gru,/home/dpetrovitch/dzagcoffee/train_trace/age_pred/checkpoints/age_pred_2025-10-10 14:37:35.506749_ContrastiveLoss_gru_catboost/model_128_0.0005_3_10_100_256_16_16_ContrastiveLoss_gruepoch=23.ckpt,23,24,0.29976523,63.5162,3.4567,0.001,3.9926,1.2147,8.9674,0.6796,3981.1023,100.8153,925.5747,23.4387,860.4449,21.7894,824.9953,20.8917,779.7941,19.7471,745.2214,18.8716,686.7186,17.3901,422.4694,9.0915,98.2208,2.1137,91.3093,1.965,87.5474,1.884,82.7507,1.7808,79.0819,1.7018,72.8737,1.5682,0.0,0.0,0.0,0.0,0.0,0.0,0.0,0.0,0.0,0.0,0.0,0.0,0.0,0.0,0.0,0.0,0.0,0.0,0.0,0.0,0.0,0.0,0.0,0.0,0.0,0.0,0.0,0.0,0.0,0.0,0.0,0.0,0.0,0.0,0.0,0.5589,0.7998
128,0.001,3,10,100,16,16,256,202,730,24,ContrastiveLoss,gru,/home/dpetrovitch/dzagcoffee/train_trace/age_pred/checkpoints/age_pred_2025-10-10 14:37:35.506749_ContrastiveLoss_gru_catboost/model_128_0.001_3_10_100_256_16_16_ContrastiveLoss_gruepoch=00.ckpt,0,24,0.11311355,52.4985,4.3657,0.0007,4.1069,1.1382,5.4845,0.7763,1797.5664,46.1298,774.3113,19.8707,696.986,17.8863,654.9414,16.8073,600.7256,15.416,558.5336,14.3333,481.6552,12.3604,110.1765,3.2761,47.4591,1.4112,42.7197,1.2703,40.1427,1.1936,36.8197,1.0948,34.2337,1.0179,29.5216,0.8778,0.0,0.0,0.0,0.0,0.0,0.0,0.0,0.0,0.0,0.0,0.0,0.0,0.0,0.0,0.0,0.0,0.0,0.0,0.0,0.0,0.0,0.0,0.0,0.0,0.0,0.0,0.0,0.0,0.0,0.0,0.0,0.0,0.0,0.0,0.0,0.4711,0.7279
128,0.001,3,10,100,16,16,256,202,730,24,ContrastiveLoss,gru,/home/dpetrovitch/dzagcoffee/train_trace/age_pred/checkpoints/age_pred_2025-10-10 14:37:35.506749_ContrastiveLoss_gru_catboost/model_128_0.001_3_10_100_256_16_16_ContrastiveLoss_gruepoch=01.ckpt,1,24,0.17602786,59.402,3.6528,0.0008,4.0538,1.1565,6.2773,0.7504,2321.3254,59.0328,849.2465,21.5969,775.4221,19.7195,735.456,18.7031,684.1654,17.3988,644.6905,16.3949,577.3934,14.6835,165.3438,4.3816,60.4903,1.603,55.2319,1.4637,52.3852,1.3882,48.7319,1.2914,45.9201,1.2169,41.1267,1.0899,0.0,0.0,0.0,0.0,0.0,0.0,0.0,0.0,0.0,0.0,0.0,0.0,0.0,0.0,0.0,0.0,0.0,0.0,0.0,0.0,0.0,0.0,0.0,0.0,0.0,0.0,0.0,0.0,0.0,0.0,0.0,0.0,0.0,0.0,0.0,0.4822,0.7512
128,0.001,3,10,100,16,16,256,202,730,24,ContrastiveLoss,gru,/home/dpetrovitch/dzagcoffee/train_trace/age_pred/checkpoints/age_pred_2025-10-10 14:37:35.506749_ContrastiveLoss_gru_catboost/model_128_0.001_3_10_100_256_16_16_ContrastiveLoss_gruepoch=02.ckpt,2,24,0.21414338,61.0836,3.2805,0.0007,4.0212,1.1664,6.6907,0.737,2689.7495,68.2381,866.6167,21.9858,797.2273,20.2254,759.3698,19.265,711.2688,18.0447,675.3247,17.1328,614.0043,15.5771,221.0738,5.4832,71.2283,1.7667,65.5251,1.6252,62.4135,1.548,58.4601,1.45,55.5058,1.3767,50.4658,1.2517,0.0,0.0,0.0,0.0,0.0,0.0,0.0,0.0,0.0,0.0,0.0,0.0,0.0,0.0,0.0,0.0,0.0,0.0,0.0,0.0,0.0,0.0,0.0,0.0,0.0,0.0,0.0,0.0,0.0,0.0,0.0,0.0,0.0,0.0,0.0,0.5044,0.7478
128,0.001,3,10,100,16,16,256,202,730,24,ContrastiveLoss,gru,/home/dpetrovitch/dzagcoffee/train_trace/age_pred/checkpoints/age_pred_2025-10-10 14:37:35.506749_ContrastiveLoss_gru_catboost/model_128_0.001_3_10_100_256_16_16_ContrastiveLoss_gruepoch=03.ckpt,3,24,0.24794821,62.3283,3.9319,0.0006,3.956,1.171,7.2354,0.7309,2977.5542,75.456,888.7548,22.5225,820.612,20.7956,783.3161,19.8505,736.5327,18.6649,701.055,17.7659,639.1278,16.1965,277.5965,6.4168,82.8583,1.9153,76.5054,1.7685,73.0283,1.6881,68.6667,1.5873,65.3591,1.5108,59.5857,1.3774,0.0,0.0,0.0,0.0,0.0,0.0,0.0,0.0,0.0,0.0,0.0,0.0,0.0,0.0,0.0,0.0,0.0,0.0,0.0,0.0,0.0,0.0,0.0,0.0,0.0,0.0,0.0,0.0,0.0,0.0,0.0,0.0,0.0,0.0,0.0,0.53,0.7671
128,0.001,3,10,100,16,16,256,202,730,24,ContrastiveLoss,gru,/home/dpetrovitch/dzagcoffee/train_trace/age_pred/checkpoints/age_pred_2025-10-10 14:37:35.506749_ContrastiveLoss_gru_catboost/model_128_0.001_3_10_100_256_16_16_ContrastiveLoss_gruepoch=04.ckpt,4,24,0.24896425,63.8499,3.79,0.0004,3.9668,1.1824,7.7454,0.7166,3180.7302,80.5773,900.0901,22.8019,832.6256,21.0929,795.8151,20.1603,749.4856,18.9867,714.9558,18.1119,655.7849,16.613,301.3775,6.8828,85.2845,1.9477,78.8922,1.8017,75.4043,1.7221,71.0146,1.6218,67.7428,1.5471,62.1363,1.4191,0.0,0.0,0.0,0.0,0.0,0.0,0.0,0.0,0.0,0.0,0.0,0.0,0.0,0.0,0.0,0.0,0.0,0.0,0.0,0.0,0.0,0.0,0.0,0.0,0.0,0.0,0.0,0.0,0.0,0.0,0.0,0.0,0.0,0.0,0.0,0.5422,0.7799
128,0.001,3,10,100,16,16,256,202,730,24,ContrastiveLoss,gru,/home/dpetrovitch/dzagcoffee/train_trace/age_pred/checkpoints/age_pred_2025-10-10 14:37:35.506749_ContrastiveLoss_gru_catboost/model_128_0.001_3_10_100_256_16_16_ContrastiveLoss_gruepoch=05.ckpt,5,24,0.27485797,65.591,3.6989,0.0004,3.9509,1.1907,7.8984,0.7073,3389.724,85.855,919.0906,23.2787,850.6015,21.544,812.9849,20.5913,764.5221,19.3638,726.6598,18.4048,658.3217,16.674,328.3788,7.3056,89.0367,1.9808,82.4018,1.8332,78.7577,1.7522,74.0629,1.6477,70.395,1.5661,63.7748,1.4188,0.0,0.0,0.0,0.0,0.0,0.0,0.0,0.0,0.0,0.0,0.0,0.0,0.0,0.0,0.0,0.0,0.0,0.0,0.0,0.0,0.0,0.0,0.0,0.0,0.0,0.0,0.0,0.0,0.0,0.0,0.0,0.0,0.0,0.0,0.0,0.5322,0.7935
128,0.001,3,10,100,16,16,256,202,730,24,ContrastiveLoss,gru,/home/dpetrovitch/dzagcoffee/train_trace/age_pred/checkpoints/age_pred_2025-10-10 14:37:35.506749_ContrastiveLoss_gru_catboost/model_128_0.001_3_10_100_256_16_16_ContrastiveLoss_gruepoch=06.ckpt,6,24,0.27922785,66.8704,3.5095,0.0006,3.9287,1.2053,8.2858,0.6904,3607.8672,91.3898,923.0204,23.3808,854.7315,21.651,817.1003,20.6977,768.4523,19.4654,730.7117,18.5094,663.0936,16.7966,357.3281,7.7769,91.4172,1.9896,84.6538,1.8424,80.9267,1.7613,76.1086,1.6564,72.3707,1.5751,65.6737,1.4293,0.0,0.0,0.0,0.0,0.0,0.0,0.0,0.0,0.0,0.0,0.0,0.0,0.0,0.0,0.0,0.0,0.0,0.0,0.0,0.0,0.0,0.0,0.0,0.0,0.0,0.0,0.0,0.0,0.0,0.0,0.0,0.0,0.0,0.0,0.0,0.5489,0.7947
128,0.001,3,10,100,16,16,256,202,730,24,ContrastiveLoss,gru,/home/dpetrovitch/dzagcoffee/train_trace/age_pred/checkpoints/age_pred_2025-10-10 14:37:35.506749_ContrastiveLoss_gru_catboost/model_128_0.001_3_10_100_256_16_16_ContrastiveLoss_gruepoch=07.ckpt,7,24,0.28005642,62.4787,3.9285,0.0004,4.01,1.1775,8.7199,0.7225,3618.3977,91.6035,926.0596,23.4442,860.7193,21.79,824.8956,20.8831,778.7793,19.7156,743.5502,18.8238,681.4784,17.2523,369.7748,7.9684,94.6368,2.0394,87.9595,1.8955,84.2985,1.8166,79.5858,1.715,75.9856,1.6374,69.6423,1.5007,0.0,0.0,0.0,0.0,0.0,0.0,0.0,0.0,0.0,0.0,0.0,0.0,0.0,0.0,0.0,0.0,0.0,0.0,0.0,0.0,0.0,0.0,0.0,0.0,0.0,0.0,0.0,0.0,0.0,0.0,0.0,0.0,0.0,0.0,0.0,0.5678,0.8037
128,0.001,3,10,100,16,16,256,202,730,24,ContrastiveLoss,gru,/home/dpetrovitch/dzagcoffee/train_trace/age_pred/checkpoints/age_pred_2025-10-10 14:37:35.506749_ContrastiveLoss_gru_catboost/model_128_0.001_3_10_100_256_16_16_ContrastiveLoss_gruepoch=08.ckpt,8,24,0.2857382,65.2373,2.7279,0.0004,3.9905,1.1956,8.5422,0.7015,3781.8704,95.7756,934.4513,23.6649,868.8906,22.0046,832.8447,21.0917,786.261,19.912,750.2518,19.0001,685.6379,17.3637,391.3826,8.3877,96.7056,2.0725,89.9208,1.9271,86.1904,1.8471,81.3695,1.7438,77.6429,1.664,70.9561,1.5206,0.0,0.0,0.0,0.0,0.0,0.0,0.0,0.0,0.0,0.0,0.0,0.0,0.0,0.0,0.0,0.0,0.0,0.0,0.0,0.0,0.0,0.0,0.0,0.0,0.0,0.0,0.0,0.0,0.0,0.0,0.0,0.0,0.0,0.0,0.0,0.5556,0.7987
128,0.001,3,10,100,16,16,256,202,730,24,ContrastiveLoss,gru,/home/dpetrovitch/dzagcoffee/train_trace/age_pred/checkpoints/age_pred_2025-10-10 14:37:35.506749_ContrastiveLoss_gru_catboost/model_128_0.001_3_10_100_256_16_16_ContrastiveLoss_gruepoch=09.ckpt,9,24,0.3020636,66.9734,2.7651,0.0004,3.9682,1.2072,7.8897,0.688,3922.1067,99.2915,934.5763,23.6596,867.8086,21.9693,830.6721,21.0292,782.6685,19.8139,745.3908,18.8702,678.4957,17.1767,407.4595,8.7212,97.0912,2.0781,90.1548,1.9297,86.2968,1.8471,81.3098,1.7403,77.4371,1.6574,70.4875,1.5087,0.0,0.0,0.0,0.0,0.0,0.0,0.0,0.0,0.0,0.0,0.0,0.0,0.0,0.0,0.0,0.0,0.0,0.0,0.0,0.0,0.0,0.0,0.0,0.0,0.0,0.0,0.0,0.0,0.0,0.0,0.0,0.0,0.0,0.0,0.0,0.5611,0.8003
128,0.001,3,10,100,16,16,256,202,730,24,ContrastiveLoss,gru,/home/dpetrovitch/dzagcoffee/train_trace/age_pred/checkpoints/age_pred_2025-10-10 14:37:35.506749_ContrastiveLoss_gru_catboost/model_128_0.001_3_10_100_256_16_16_ContrastiveLoss_gruepoch=10.ckpt,10,24,0.293314,62.9553,3.794,0.0002,4.0701,1.1807,8.3745,0.7187,3834.494,97.0826,935.8618,23.6944,871.6347,22.0682,836.1101,21.1688,790.3747,20.0109,754.6806,19.1072,691.3407,17.5035,401.6605,8.6467,98.0309,2.1104,91.3031,1.9655,87.5819,1.8854,82.7912,1.7823,79.0523,1.7018,72.4174,1.559,0.0,0.0,0.0,0.0,0.0,0.0,0.0,0.0,0.0,0.0,0.0,0.0,0.0,0.0,0.0,0.0,0.0,0.0,0.0,0.0,0.0,0.0,0.0,0.0,0.0,0.0,0.0,0.0,0.0,0.0,0.0,0.0,0.0,0.0,0.0,0.5622,0.8053
128,0.001,3,10,100,16,16,256,202,730,24,ContrastiveLoss,gru,/home/dpetrovitch/dzagcoffee/train_trace/age_pred/checkpoints/age_pred_2025-10-10 14:37:35.506749_ContrastiveLoss_gru_catboost/model_128_0.001_3_10_100_256_16_16_ContrastiveLoss_gruepoch=11.ckpt,11,24,0.3071437,67.402,3.7945,0.0003,4.0113,1.2082,8.5159,0.6863,4054.2395,102.6364,941.8885,23.8447,876.2268,22.1824,839.8436,21.2613,792.5176,20.0632,755.6275,19.1293,689.4248,17.4534,422.2128,8.9713,98.0893,2.0842,91.2512,1.9389,87.4622,1.8584,82.5336,1.7537,78.6919,1.6721,71.7974,1.5256,0.0,0.0,0.0,0.0,0.0,0.0,0.0,0.0,0.0,0.0,0.0,0.0,0.0,0.0,0.0,0.0,0.0,0.0,0.0,0.0,0.0,0.0,0.0,0.0,0.0,0.0,0.0,0.0,0.0,0.0,0.0,0.0,0.0,0.0,0.0,0.5744,0.799
128,0.001,3,10,100,16,16,256,202,730,24,ContrastiveLoss,gru,/home/dpetrovitch/dzagcoffee/train_trace/age_pred/checkpoints/age_pred_2025-10-10 14:37:35.506749_ContrastiveLoss_gru_catboost/model_128_0.001_3_10_100_256_16_16_ContrastiveLoss_gruepoch=12.ckpt,12,24,0.311553,66.0549,3.4819,0.0003,4.0563,1.2012,8.6264,0.6949,4062.4312,102.8588,940.1387,23.8039,874.1458,22.133,837.7111,21.2105,790.3777,20.012,753.7536,19.0847,688.2855,17.4271,410.9066,8.8923,95.0931,2.0579,88.4181,1.9134,84.7328,1.8337,79.9451,1.7301,76.2406,1.6499,69.6187,1.5066,0.0,0.0,0.0,0.0,0.0,0.0,0.0,0.0,0.0,0.0,0.0,0.0,0.0,0.0,0.0,0.0,0.0,0.0,0.0,0.0,0.0,0.0,0.0,0.0,0.0,0.0,0.0,0.0,0.0,0.0,0.0,0.0,0.0,0.0,0.0,0.5711,0.8069
128,0.001,3,10,100,16,16,256,202,730,24,ContrastiveLoss,gru,/home/dpetrovitch/dzagcoffee/train_trace/age_pred/checkpoints/age_pred_2025-10-10 14:37:35.506749_ContrastiveLoss_gru_catboost/model_128_0.001_3_10_100_256_16_16_ContrastiveLoss_gruepoch=13.ckpt,13,24,0.3072325,66.666,3.9995,0.0002,4.07,1.2006,8.7604,0.6949,4098.098,103.7473,948.0304,24.0003,883.1659,22.3582,847.0468,21.4438,800.0822,20.2549,763.4961,19.3286,697.7701,17.6647,415.1789,8.9439,96.0451,2.069,89.4737,1.9275,85.8144,1.8486,81.0564,1.7461,77.3499,1.6663,70.6912,1.5229,0.0,0.0,0.0,0.0,0.0,0.0,0.0,0.0,0.0,0.0,0.0,0.0,0.0,0.0,0.0,0.0,0.0,0.0,0.0,0.0,0.0,0.0,0.0,0.0,0.0,0.0,0.0,0.0,0.0,0.0,0.0,0.0,0.0,0.0,0.0,0.5756,0.8016
128,0.001,3,10,100,16,16,256,202,730,24,ContrastiveLoss,gru,/home/dpetrovitch/dzagcoffee/train_trace/age_pred/checkpoints/age_pred_2025-10-10 14:37:35.506749_ContrastiveLoss_gru_catboost/model_128_0.001_3_10_100_256_16_16_ContrastiveLoss_gruepoch=14.ckpt,14,24,0.3106159,65.5884,4.8055,0.0002,4.112,1.1931,9.4233,0.7039,4086.1147,103.4239,952.3117,24.104,888.2687,22.483,852.9885,21.59,807.388,20.4358,771.9877,19.5398,707.922,17.9183,420.5076,8.9394,98.0037,2.0834,91.4129,1.9433,87.7822,1.8661,83.0894,1.7664,79.4463,1.6889,72.8532,1.5488,0.0,0.0,0.0,0.0,0.0,0.0,0.0,0.0,0.0,0.0,0.0,0.0,0.0,0.0,0.0,0.0,0.0,0.0,0.0,0.0,0.0,0.0,0.0,0.0,0.0,0.0,0.0,0.0,0.0,0.0,0.0,0.0,0.0,0.0,0.0,0.5711,0.8075
128,0.001,3,10,100,16,16,256,202,730,24,ContrastiveLoss,gru,/home/dpetrovitch/dzagcoffee/train_trace/age_pred/checkpoints/age_pred_2025-10-10 14:37:35.506749_ContrastiveLoss_gru_catboost/model_128_0.001_3_10_100_256_16_16_ContrastiveLoss_gruepoch=15.ckpt,15,24,0.2987393,66.0276,5.0645,1e-04,4.1183,1.1925,8.6906,0.7044,4088.5037,103.4974,951.6896,24.0913,887.5694,22.4681,852.1781,21.5722,806.2695,20.4101,770.8482,19.5134,707.2805,17.9043,410.9046,8.7843,95.6471,2.0447,89.2029,1.907,85.646,1.8309,81.0321,1.7323,77.4721,1.6562,71.0834,1.5196,0.0,0.0,0.0,0.0,0.0,0.0,0.0,0.0,0.0,0.0,0.0,0.0,0.0,0.0,0.0,0.0,0.0,0.0,0.0,0.0,0.0,0.0,0.0,0.0,0.0,0.0,0.0,0.0,0.0,0.0,0.0,0.0,0.0,0.0,0.0,0.5722,0.8032
128,0.001,3,10,100,16,16,256,202,730,24,ContrastiveLoss,gru,/home/dpetrovitch/dzagcoffee/train_trace/age_pred/checkpoints/age_pred_2025-10-10 14:37:35.506749_ContrastiveLoss_gru_catboost/model_128_0.001_3_10_100_256_16_16_ContrastiveLoss_gruepoch=16.ckpt,16,24,0.32025334,65.8258,3.0856,0.0002,4.1179,1.189,9.6678,0.7086,4146.125,104.9504,955.7856,24.1937,892.3151,22.5871,857.1653,21.6973,811.5682,20.5431,775.9496,19.6415,712.473,18.0348,417.8788,8.8471,96.3315,2.0395,89.9345,1.904,86.3918,1.829,81.7962,1.7317,78.2062,1.6557,71.8086,1.5203,0.0,0.0,0.0,0.0,0.0,0.0,0.0,0.0,0.0,0.0,0.0,0.0,0.0,0.0,0.0,0.0,0.0,0.0,0.0,0.0,0.0,0.0,0.0,0.0,0.0,0.0,0.0,0.0,0.0,0.0,0.0,0.0,0.0,0.0,0.0,0.5733,0.8119
128,0.001,3,10,100,16,16,256,202,730,24,ContrastiveLoss,gru,/home/dpetrovitch/dzagcoffee/train_trace/age_pred/checkpoints/age_pred_2025-10-10 14:37:35.506749_ContrastiveLoss_gru_catboost/model_128_0.001_3_10_100_256_16_16_ContrastiveLoss_gruepoch=17.ckpt,17,24,0.31474906,67.1281,3.6835,1e-04,4.1298,1.1939,9.4139,0.703,4210.155,106.565,963.3867,24.3847,899.6992,22.7727,864.1102,21.8719,817.7689,20.6989,781.0363,19.7691,714.5965,18.0875,430.1648,9.0544,98.4323,2.0719,91.9251,1.9349,88.2889,1.8584,83.554,1.7587,79.8009,1.6797,73.0126,1.5368,0.0,0.0,0.0,0.0,0.0,0.0,0.0,0.0,0.0,0.0,0.0,0.0,0.0,0.0,0.0,0.0,0.0,0.0,0.0,0.0,0.0,0.0,0.0,0.0,0.0,0.0,0.0,0.0,0.0,0.0,0.0,0.0,0.0,0.0,0.0,0.5867,0.8084
128,0.001,3,10,100,16,16,256,202,730,24,ContrastiveLoss,gru,/home/dpetrovitch/dzagcoffee/train_trace/age_pred/checkpoints/age_pred_2025-10-10 14:37:35.506749_ContrastiveLoss_gru_catboost/model_128_0.001_3_10_100_256_16_16_ContrastiveLoss_gruepoch=18.ckpt,18,24,0.32535315,67.007,3.6775,0.0002,4.1332,1.1932,9.1744,0.7036,4238.8965,107.2806,963.2332,24.3781,899.7263,22.7708,864.4589,21.8783,818.1933,20.7073,781.426,19.7768,714.2874,18.0776,435.0645,9.1361,98.8627,2.0761,92.3446,1.9392,88.7248,1.8632,83.9763,1.7634,80.2026,1.6842,73.3118,1.5395,0.0,0.0,0.0,0.0,0.0,0.0,0.0,0.0,0.0,0.0,0.0,0.0,0.0,0.0,0.0,0.0,0.0,0.0,0.0,0.0,0.0,0.0,0.0,0.0,0.0,0.0,0.0,0.0,0.0,0.0,0.0,0.0,0.0,0.0,0.0,0.5667,0.8082
128,0.001,3,10,100,16,16,256,202,730,24,ContrastiveLoss,gru,/home/dpetrovitch/dzagcoffee/train_trace/age_pred/checkpoints/age_pred_2025-10-10 14:37:35.506749_ContrastiveLoss_gru_catboost/model_128_0.001_3_10_100_256_16_16_ContrastiveLoss_gruepoch=19.ckpt,19,24,0.3133582,69.5637,3.8547,1e-04,4.1023,1.2144,8.6135,0.6798,4325.838,109.5112,962.4918,24.3661,898.0423,22.7345,862.145,21.8257,814.6679,20.6238,776.4749,19.6569,706.4342,17.8838,423.6392,9.0272,94.259,2.0085,87.9473,1.874,84.4318,1.7991,79.7823,1.7001,76.0419,1.6204,69.1827,1.4742,0.0,0.0,0.0,0.0,0.0,0.0,0.0,0.0,0.0,0.0,0.0,0.0,0.0,0.0,0.0,0.0,0.0,0.0,0.0,0.0,0.0,0.0,0.0,0.0,0.0,0.0,0.0,0.0,0.0,0.0,0.0,0.0,0.0,0.0,0.0,0.5656,0.8026
128,0.001,3,10,100,16,16,256,202,730,24,ContrastiveLoss,gru,/home/dpetrovitch/dzagcoffee/train_trace/age_pred/checkpoints/age_pred_2025-10-10 14:37:35.506749_ContrastiveLoss_gru_catboost/model_128_0.001_3_10_100_256_16_16_ContrastiveLoss_gruepoch=20.ckpt,20,24,0.29702294,67.595,4.1203,1e-04,4.1292,1.1988,9.0076,0.6968,4204.306,106.4174,960.4526,24.3105,897.2173,22.7099,862.3665,21.8278,817.0584,20.681,781.9876,19.7933,717.2815,18.1555,413.5839,8.7872,94.4812,2.0074,88.2606,1.8752,84.8323,1.8024,80.3753,1.7077,76.9253,1.6344,70.5601,1.4991,0.0,0.0,0.0,0.0,0.0,0.0,0.0,0.0,0.0,0.0,0.0,0.0,0.0,0.0,0.0,0.0,0.0,0.0,0.0,0.0,0.0,0.0,0.0,0.0,0.0,0.0,0.0,0.0,0.0,0.0,0.0,0.0,0.0,0.0,0.0,0.5644,0.8089
128,0.001,3,10,100,16,16,256,202,730,24,ContrastiveLoss,gru,/home/dpetrovitch/dzagcoffee/train_trace/age_pred/checkpoints/age_pred_2025-10-10 14:37:35.506749_ContrastiveLoss_gru_catboost/model_128_0.001_3_10_100_256_16_16_ContrastiveLoss_gruepoch=21.ckpt,21,24,0.31501535,68.2543,3.4252,1e-04,4.1345,1.2011,9.1632,0.6942,4315.253,109.2051,966.221,24.4519,903.4696,22.8639,868.5311,21.9797,823.1929,20.8323,787.314,19.9244,721.3611,18.2553,439.721,9.1563,98.4572,2.0502,92.0629,1.917,88.5027,1.8429,83.8827,1.7467,80.2267,1.6706,73.5062,1.5306,0.0,0.0,0.0,0.0,0.0,0.0,0.0,0.0,0.0,0.0,0.0,0.0,0.0,0.0,0.0,0.0,0.0,0.0,0.0,0.0,0.0,0.0,0.0,0.0,0.0,0.0,0.0,0.0,0.0,0.0,0.0,0.0,0.0,0.0,0.0,0.5567,0.8066
128,0.001,3,10,100,16,16,256,202,730,24,ContrastiveLoss,gru,/home/dpetrovitch/dzagcoffee/train_trace/age_pred/checkpoints/age_pred_2025-10-10 14:37:35.506749_ContrastiveLoss_gru_catboost/model_128_0.001_3_10_100_256_16_16_ContrastiveLoss_gruepoch=22.ckpt,22,24,0.31737295,69.3575,3.3998,1e-04,4.1239,1.2102,8.0575,0.6844,4397.4844,111.2919,964.0222,24.3975,899.2363,22.7579,862.8006,21.8358,814.8435,20.6221,776.4295,19.6499,706.1479,17.8712,441.3272,9.2137,96.7483,2.0198,90.2465,1.8841,86.5898,1.8078,81.7769,1.7073,77.9217,1.6268,70.8683,1.4795,0.0,0.0,0.0,0.0,0.0,0.0,0.0,0.0,0.0,0.0,0.0,0.0,0.0,0.0,0.0,0.0,0.0,0.0,0.0,0.0,0.0,0.0,0.0,0.0,0.0,0.0,0.0,0.0,0.0,0.0,0.0,0.0,0.0,0.0,0.0,0.5811,0.8143
128,0.001,3,10,100,16,16,256,202,730,24,ContrastiveLoss,gru,/home/dpetrovitch/dzagcoffee/train_trace/age_pred/checkpoints/age_pred_2025-10-10 14:37:35.506749_ContrastiveLoss_gru_catboost/model_128_0.001_3_10_100_256_16_16_ContrastiveLoss_gruepoch=23.ckpt,23,24,0.32036182,68.968,3.681,1e-04,4.1296,1.2066,8.4693,0.6883,4414.999,111.7201,963.4697,24.3803,900.043,22.7753,864.5964,21.8783,818.3329,20.7076,781.4874,19.7753,713.6499,18.0587,452.4238,9.4373,98.7308,2.0595,92.2312,1.9239,88.5989,1.8481,83.8581,1.7492,80.0823,1.6705,73.1307,1.5255,0.0,0.0,0.0,0.0,0.0,0.0,0.0,0.0,0.0,0.0,0.0,0.0,0.0,0.0,0.0,0.0,0.0,0.0,0.0,0.0,0.0,0.0,0.0,0.0,0.0,0.0,0.0,0.0,0.0,0.0,0.0,0.0,0.0,0.0,0.0,0.5867,0.8178
128,0.005,3,10,100,16,16,256,202,730,24,ContrastiveLoss,gru,/home/dpetrovitch/dzagcoffee/train_trace/age_pred/checkpoints/age_pred_2025-10-10 14:37:35.506749_ContrastiveLoss_gru_catboost/model_128_0.005_3_10_100_256_16_16_ContrastiveLoss_gruepoch=00.ckpt,0,24,0.18887113,64.4365,5.3984,0.0,6.9924,1.1255,7.0176,0.7904,4035.3208,102.3491,947.6984,24.0368,872.7315,22.1354,830.8486,21.0731,776.6354,19.698,734.9837,18.6416,662.7737,16.8101,269.4733,6.6672,63.286,1.5658,58.2798,1.4419,55.483,1.3727,51.8627,1.2832,49.0812,1.2143,44.2591,1.095,0.0,0.0,0.0,0.0,0.0,0.0,0.0,0.0,0.0,0.0,0.0,0.0,0.0,0.0,0.0,0.0,0.0,0.0,0.0,0.0,0.0,0.0,0.0,0.0,0.0,0.0,0.0,0.0,0.0,0.0,0.0,0.0,0.0,0.0,0.0,0.51,0.7529
128,0.005,3,10,100,16,16,256,202,730,24,ContrastiveLoss,gru,/home/dpetrovitch/dzagcoffee/train_trace/age_pred/checkpoints/age_pred_2025-10-10 14:37:35.506749_ContrastiveLoss_gru_catboost/model_128_0.005_3_10_100_256_16_16_ContrastiveLoss_gruepoch=01.ckpt,1,24,0.25694445,66.0339,4.8785,0.0,7.1367,1.1598,8.9718,0.7445,4614.1455,116.7504,956.1301,24.1927,887.7849,22.4634,850.3478,21.5161,802.3861,20.3026,765.8033,19.3769,703.5267,17.8011,379.5916,8.5391,78.6579,1.7695,73.0353,1.643,69.9555,1.5737,66.0098,1.4849,63.0003,1.4172,57.877,1.302,0.0,0.0,0.0,0.0,0.0,0.0,0.0,0.0,0.0,0.0,0.0,0.0,0.0,0.0,0.0,0.0,0.0,0.0,0.0,0.0,0.0,0.0,0.0,0.0,0.0,0.0,0.0,0.0,0.0,0.0,0.0,0.0,0.0,0.0,0.0,0.5467,0.7916
128,0.005,3,10,100,16,16,256,202,730,24,ContrastiveLoss,gru,/home/dpetrovitch/dzagcoffee/train_trace/age_pred/checkpoints/age_pred_2025-10-10 14:37:35.506749_ContrastiveLoss_gru_catboost/model_128_0.005_3_10_100_256_16_16_ContrastiveLoss_gruepoch=02.ckpt,2,24,0.27364466,66.9663,3.2632,0.0,7.1101,1.1767,9.1681,0.7236,4836.517,122.4237,957.4905,24.2364,888.3083,22.4852,850.141,21.5191,801.3119,20.2831,764.5138,19.3517,702.5565,17.7834,414.1414,9.2039,81.988,1.8221,76.0641,1.6905,72.7959,1.6178,68.6147,1.5249,65.4638,1.4549,60.1585,1.337,0.0,0.0,0.0,0.0,0.0,0.0,0.0,0.0,0.0,0.0,0.0,0.0,0.0,0.0,0.0,0.0,0.0,0.0,0.0,0.0,0.0,0.0,0.0,0.0,0.0,0.0,0.0,0.0,0.0,0.0,0.0,0.0,0.0,0.0,0.0,0.5656,0.7997
128,0.005,3,10,100,16,16,256,202,730,24,ContrastiveLoss,gru,/home/dpetrovitch/dzagcoffee/train_trace/age_pred/checkpoints/age_pred_2025-10-10 14:37:35.506749_ContrastiveLoss_gru_catboost/model_128_0.005_3_10_100_256_16_16_ContrastiveLoss_gruepoch=03.ckpt,3,24,0.30126455,67.9674,2.8145,0.0,7.3514,1.1806,8.5691,0.7188,5014.3457,126.8392,966.727,24.4536,898.2074,22.7204,859.7088,21.7466,810.1119,20.492,772.0422,19.529,706.8051,17.8788,442.8846,9.6652,85.3847,1.8634,79.3328,1.7313,75.9325,1.6571,71.5519,1.5615,68.1895,1.4881,62.4275,1.3624,0.0,0.0,0.0,0.0,0.0,0.0,0.0,0.0,0.0,0.0,0.0,0.0,0.0,0.0,0.0,0.0,0.0,0.0,0.0,0.0,0.0,0.0,0.0,0.0,0.0,0.0,0.0,0.0,0.0,0.0,0.0,0.0,0.0,0.0,0.0,0.5656,0.7998
128,0.005,3,10,100,16,16,256,202,730,24,ContrastiveLoss,gru,/home/dpetrovitch/dzagcoffee/train_trace/age_pred/checkpoints/age_pred_2025-10-10 14:37:35.506749_ContrastiveLoss_gru_catboost/model_128_0.005_3_10_100_256_16_16_ContrastiveLoss_gruepoch=04.ckpt,4,24,0.27780738,71.8595,2.5119,0.0,7.1571,1.1893,8.9603,0.7084,5017.5273,126.9537,982.4328,24.8576,913.9055,23.1237,875.7332,22.1578,826.4785,20.9116,788.7739,19.9576,724.9186,18.3419,420.5344,9.2327,82.3407,1.8078,76.5972,1.6817,73.3979,1.6114,69.2697,1.5208,66.1096,1.4514,60.7577,1.3339,0.0,0.0,0.0,0.0,0.0,0.0,0.0,0.0,0.0,0.0,0.0,0.0,0.0,0.0,0.0,0.0,0.0,0.0,0.0,0.0,0.0,0.0,0.0,0.0,0.0,0.0,0.0,0.0,0.0,0.0,0.0,0.0,0.0,0.0,0.0,0.5411,0.7892
128,0.005,3,10,100,16,16,256,202,730,24,ContrastiveLoss,gru,/home/dpetrovitch/dzagcoffee/train_trace/age_pred/checkpoints/age_pred_2025-10-10 14:37:35.506749_ContrastiveLoss_gru_catboost/model_128_0.005_3_10_100_256_16_16_ContrastiveLoss_gruepoch=05.ckpt,5,24,0.31663316,73.7899,3.7334,0.0,7.0011,1.1963,8.6064,0.7001,5224.0493,132.0923,986.7559,24.9505,918.7239,23.2303,880.442,22.2624,830.272,20.9938,791.3239,20.009,721.8426,18.2521,445.8478,9.5646,84.2149,1.8066,78.4087,1.6821,75.1415,1.612,70.8598,1.5201,67.5357,1.4488,61.6058,1.3216,0.0,0.0,0.0,0.0,0.0,0.0,0.0,0.0,0.0,0.0,0.0,0.0,0.0,0.0,0.0,0.0,0.0,0.0,0.0,0.0,0.0,0.0,0.0,0.0,0.0,0.0,0.0,0.0,0.0,0.0,0.0,0.0,0.0,0.0,0.0,0.5756,0.808
128,0.005,3,10,100,16,16,256,202,730,24,ContrastiveLoss,gru,/home/dpetrovitch/dzagcoffee/train_trace/age_pred/checkpoints/age_pred_2025-10-10 14:37:35.506749_ContrastiveLoss_gru_catboost/model_128_0.005_3_10_100_256_16_16_ContrastiveLoss_gruepoch=06.ckpt,6,24,0.319622,73.9766,3.8871,0.0,6.9384,1.193,9.005,0.7039,5206.9004,131.6662,989.4229,25.0194,922.2681,23.3213,884.783,22.3734,835.6604,21.1312,797.5306,20.1671,730.5664,18.4737,462.922,9.8648,87.9651,1.8745,81.9947,1.7473,78.6621,1.6763,74.2948,1.5832,70.9048,1.511,64.9514,1.3841,0.0,0.0,0.0,0.0,0.0,0.0,0.0,0.0,0.0,0.0,0.0,0.0,0.0,0.0,0.0,0.0,0.0,0.0,0.0,0.0,0.0,0.0,0.0,0.0,0.0,0.0,0.0,0.0,0.0,0.0,0.0,0.0,0.0,0.0,0.0,0.5622,0.8106
128,0.005,3,10,100,16,16,256,202,730,24,ContrastiveLoss,gru,/home/dpetrovitch/dzagcoffee/train_trace/age_pred/checkpoints/age_pred_2025-10-10 14:37:35.506749_ContrastiveLoss_gru_catboost/model_128_0.005_3_10_100_256_16_16_ContrastiveLoss_gruepoch=07.ckpt,7,24,0.32322243,75.3348,3.5224,0.0,6.5384,1.1951,9.0722,0.7013,5242.2646,132.5935,987.2063,24.9696,919.7437,23.2632,882.1398,22.3121,833.0633,21.0708,795.025,20.1087,728.6325,18.4294,452.6846,9.7137,85.2481,1.8292,79.4225,1.7042,76.1753,1.6346,71.9374,1.5436,68.6527,1.4731,62.9195,1.3501,0.0,0.0,0.0,0.0,0.0,0.0,0.0,0.0,0.0,0.0,0.0,0.0,0.0,0.0,0.0,0.0,0.0,0.0,0.0,0.0,0.0,0.0,0.0,0.0,0.0,0.0,0.0,0.0,0.0,0.0,0.0,0.0,0.0,0.0,0.0,0.5722,0.8035
128,0.005,3,10,100,16,16,256,202,730,24,ContrastiveLoss,gru,/home/dpetrovitch/dzagcoffee/train_trace/age_pred/checkpoints/age_pred_2025-10-10 14:37:35.506749_ContrastiveLoss_gru_catboost/model_128_0.005_3_10_100_256_16_16_ContrastiveLoss_gruepoch=08.ckpt,8,24,0.32208803,77.3886,3.7026,0.0,6.1873,1.201,9.7414,0.6941,5313.742,134.3801,1000.6944,25.3067,935.5571,23.6595,899.1403,22.7385,851.7061,21.5389,814.5038,20.5981,749.9657,18.966,472.6148,9.9846,89.0038,1.8803,83.2103,1.7579,79.9713,1.6895,75.7524,1.6004,72.4436,1.5305,66.7034,1.4092,0.0,0.0,0.0,0.0,0.0,0.0,0.0,0.0,0.0,0.0,0.0,0.0,0.0,0.0,0.0,0.0,0.0,0.0,0.0,0.0,0.0,0.0,0.0,0.0,0.0,0.0,0.0,0.0,0.0,0.0,0.0,0.0,0.0,0.0,0.0,0.5578,0.8063
128,0.005,3,10,100,16,16,256,202,730,24,ContrastiveLoss,gru,/home/dpetrovitch/dzagcoffee/train_trace/age_pred/checkpoints/age_pred_2025-10-10 14:37:35.506749_ContrastiveLoss_gru_catboost/model_128_0.005_3_10_100_256_16_16_ContrastiveLoss_gruepoch=09.ckpt,9,24,0.32291666,79.378,5.2132,0.0,6.0285,1.2047,9.5982,0.6902,5338.3125,134.993,1002.4751,25.3502,935.6299,23.6598,898.0428,22.7093,848.6538,21.4604,810.1594,20.487,741.9545,18.7622,467.5686,9.9058,87.8041,1.8602,81.9493,1.7362,78.6572,1.6664,74.3313,1.5748,70.9597,1.5033,64.9858,1.3768,0.0,0.0,0.0,0.0,0.0,0.0,0.0,0.0,0.0,0.0,0.0,0.0,0.0,0.0,0.0,0.0,0.0,0.0,0.0,0.0,0.0,0.0,0.0,0.0,0.0,0.0,0.0,0.0,0.0,0.0,0.0,0.0,0.0,0.0,0.0,0.59,0.8175
128,0.005,3,10,100,16,16,256,202,730,24,ContrastiveLoss,gru,/home/dpetrovitch/dzagcoffee/train_trace/age_pred/checkpoints/age_pred_2025-10-10 14:37:35.506749_ContrastiveLoss_gru_catboost/model_128_0.005_3_10_100_256_16_16_ContrastiveLoss_gruepoch=10.ckpt,10,24,0.33746645,79.2245,3.839,0.0,6.1332,1.2068,9.6214,0.688,5426.71,137.2289,1003.0008,25.3636,936.5237,23.6825,899.3316,22.742,850.1746,21.4989,811.9952,20.5335,743.3223,18.7969,472.7039,10.0347,87.3683,1.8547,81.5777,1.7318,78.338,1.663,74.0561,1.5721,70.7304,1.5015,64.7485,1.3745,0.0,0.0,0.0,0.0,0.0,0.0,0.0,0.0,0.0,0.0,0.0,0.0,0.0,0.0,0.0,0.0,0.0,0.0,0.0,0.0,0.0,0.0,0.0,0.0,0.0,0.0,0.0,0.0,0.0,0.0,0.0,0.0,0.0,0.0,0.0,0.56,0.8099
128,0.005,3,10,100,16,16,256,202,730,24,ContrastiveLoss,gru,/home/dpetrovitch/dzagcoffee/train_trace/age_pred/checkpoints/age_pred_2025-10-10 14:37:35.506749_ContrastiveLoss_gru_catboost/model_128_0.005_3_10_100_256_16_16_ContrastiveLoss_gruepoch=11.ckpt,11,24,0.34338504,79.2036,3.1342,0.0,6.0286,1.2037,8.8766,0.6914,5341.362,135.0949,1001.1104,25.3203,933.6581,23.6143,895.5455,22.6503,845.5237,21.3852,806.4216,20.3962,736.0292,18.6158,442.7349,9.5128,82.9801,1.7829,77.3891,1.6628,74.23,1.5949,70.0838,1.5058,66.8427,1.4362,61.008,1.3108,0.0,0.0,0.0,0.0,0.0,0.0,0.0,0.0,0.0,0.0,0.0,0.0,0.0,0.0,0.0,0.0,0.0,0.0,0.0,0.0,0.0,0.0,0.0,0.0,0.0,0.0,0.0,0.0,0.0,0.0,0.0,0.0,0.0,0.0,0.0,0.5656,0.8175
128,0.005,3,10,100,16,16,256,202,730,24,ContrastiveLoss,gru,/home/dpetrovitch/dzagcoffee/train_trace/age_pred/checkpoints/age_pred_2025-10-10 14:37:35.506749_ContrastiveLoss_gru_catboost/model_128_0.005_3_10_100_256_16_16_ContrastiveLoss_gruepoch=12.ckpt,12,24,0.33079824,79.5481,3.3902,0.0,5.9757,1.2043,9.777,0.6903,5249.992,132.7431,997.0701,25.2104,930.8917,23.5371,893.944,22.6029,845.7193,21.3835,807.711,20.4225,741.9665,18.7602,465.1736,9.8573,88.345,1.8721,82.4813,1.7478,79.2076,1.6785,74.9346,1.5879,71.5669,1.5165,65.7417,1.3931,0.0,0.0,0.0,0.0,0.0,0.0,0.0,0.0,0.0,0.0,0.0,0.0,0.0,0.0,0.0,0.0,0.0,0.0,0.0,0.0,0.0,0.0,0.0,0.0,0.0,0.0,0.0,0.0,0.0,0.0,0.0,0.0,0.0,0.0,0.0,0.5922,0.8166
128,0.005,3,10,100,16,16,256,202,730,24,ContrastiveLoss,gru,/home/dpetrovitch/dzagcoffee/train_trace/age_pred/checkpoints/age_pred_2025-10-10 14:37:35.506749_ContrastiveLoss_gru_catboost/model_128_0.005_3_10_100_256_16_16_ContrastiveLoss_gruepoch=13.ckpt,13,24,0.3381865,78.6789,3.1491,0.0,5.8781,1.197,9.9334,0.6988,5211.4453,131.8089,999.1936,25.2718,933.0628,23.5992,896.2047,22.667,848.0395,21.4488,810.4135,20.4971,743.4942,18.8046,451.8084,9.6521,86.6255,1.8506,80.8923,1.7281,77.6968,1.6599,73.5211,1.5707,70.2591,1.501,64.4575,1.377,0.0,0.0,0.0,0.0,0.0,0.0,0.0,0.0,0.0,0.0,0.0,0.0,0.0,0.0,0.0,0.0,0.0,0.0,0.0,0.0,0.0,0.0,0.0,0.0,0.0,0.0,0.0,0.0,0.0,0.0,0.0,0.0,0.0,0.0,0.0,0.5889,0.8118
128,0.005,3,10,100,16,16,256,202,730,24,ContrastiveLoss,gru,/home/dpetrovitch/dzagcoffee/train_trace/age_pred/checkpoints/age_pred_2025-10-10 14:37:35.506749_ContrastiveLoss_gru_catboost/model_128_0.005_3_10_100_256_16_16_ContrastiveLoss_gruepoch=14.ckpt,14,24,0.3397944,80.7196,2.9304,0.0,5.7694,1.2027,9.3618,0.6925,5303.881,134.1193,1005.2343,25.4194,938.9745,23.7439,901.6301,22.7995,852.683,21.5618,814.1961,20.5886,745.6732,18.8558,445.2247,9.4641,84.3826,1.7937,78.8205,1.6755,75.6857,1.6088,71.5769,1.5215,68.3462,1.4528,62.5942,1.3306,0.0,0.0,0.0,0.0,0.0,0.0,0.0,0.0,0.0,0.0,0.0,0.0,0.0,0.0,0.0,0.0,0.0,0.0,0.0,0.0,0.0,0.0,0.0,0.0,0.0,0.0,0.0,0.0,0.0,0.0,0.0,0.0,0.0,0.0,0.0,0.58,0.8194
128,0.005,3,10,100,16,16,256,202,730,24,ContrastiveLoss,gru,/home/dpetrovitch/dzagcoffee/train_trace/age_pred/checkpoints/age_pred_2025-10-10 14:37:35.506749_ContrastiveLoss_gru_catboost/model_128_0.005_3_10_100_256_16_16_ContrastiveLoss_gruepoch=15.ckpt,15,24,0.33429015,79.6077,3.4054,0.0,6.0534,1.1919,9.5894,0.7049,5212.218,131.8142,1006.9125,25.4643,941.9916,23.8225,905.4213,22.8976,857.4811,21.6852,819.6543,20.7286,751.2588,18.9989,453.664,9.5527,87.6402,1.8454,81.9896,1.7264,78.8066,1.6594,74.6339,1.5716,71.3415,1.5022,65.3885,1.3769,0.0,0.0,0.0,0.0,0.0,0.0,0.0,0.0,0.0,0.0,0.0,0.0,0.0,0.0,0.0,0.0,0.0,0.0,0.0,0.0,0.0,0.0,0.0,0.0,0.0,0.0,0.0,0.0,0.0,0.0,0.0,0.0,0.0,0.0,0.0,0.5789,0.8149
128,0.005,3,10,100,16,16,256,202,730,24,ContrastiveLoss,gru,/home/dpetrovitch/dzagcoffee/train_trace/age_pred/checkpoints/age_pred_2025-10-10 14:37:35.506749_ContrastiveLoss_gru_catboost/model_128_0.005_3_10_100_256_16_16_ContrastiveLoss_gruepoch=16.ckpt,16,24,0.33160713,82.0304,3.1636,0.0,5.5593,1.2042,9.4007,0.6903,5307.9507,134.2094,1004.9,25.4085,940.1423,23.7711,903.8788,22.8542,856.5469,21.6574,819.6072,20.7234,755.1393,19.0934,457.922,9.7467,86.6937,1.8452,81.107,1.7263,77.9785,1.6597,73.8951,1.5728,70.7083,1.505,65.1466,1.3866,0.0,0.0,0.0,0.0,0.0,0.0,0.0,0.0,0.0,0.0,0.0,0.0,0.0,0.0,0.0,0.0,0.0,0.0,0.0,0.0,0.0,0.0,0.0,0.0,0.0,0.0,0.0,0.0,0.0,0.0,0.0,0.0,0.0,0.0,0.0,0.5989,0.8147
128,0.005,3,10,100,16,16,256,202,730,24,ContrastiveLoss,gru,/home/dpetrovitch/dzagcoffee/train_trace/age_pred/checkpoints/age_pred_2025-10-10 14:37:35.506749_ContrastiveLoss_gru_catboost/model_128_0.005_3_10_100_256_16_16_ContrastiveLoss_gruepoch=17.ckpt,17,24,0.34113595,81.7208,3.4028,0.0,5.7388,1.1964,9.5428,0.6994,5267.808,133.2218,1008.3676,25.5014,942.4461,23.8343,905.4016,22.8974,856.8554,21.6697,818.8364,20.7082,751.2228,18.9983,445.7818,9.4936,85.3319,1.8173,79.7533,1.6985,76.6185,1.6317,72.5103,1.5442,69.293,1.4757,63.5713,1.3539,0.0,0.0,0.0,0.0,0.0,0.0,0.0,0.0,0.0,0.0,0.0,0.0,0.0,0.0,0.0,0.0,0.0,0.0,0.0,0.0,0.0,0.0,0.0,0.0,0.0,0.0,0.0,0.0,0.0,0.0,0.0,0.0,0.0,0.0,0.0,0.5711,0.8194
128,0.005,3,10,100,16,16,256,202,730,24,ContrastiveLoss,gru,/home/dpetrovitch/dzagcoffee/train_trace/age_pred/checkpoints/age_pred_2025-10-10 14:37:35.506749_ContrastiveLoss_gru_catboost/model_128_0.005_3_10_100_256_16_16_ContrastiveLoss_gruepoch=18.ckpt,18,24,0.3331558,82.2759,3.0975,0.0,5.7443,1.199,9.7566,0.6965,5251.4355,132.8474,1008.9465,25.5237,942.4257,23.8409,905.0275,22.8948,856.2788,21.6616,817.9508,20.692,751.5326,19.0118,430.3979,9.2912,82.6914,1.7851,77.2395,1.6674,74.1744,1.6012,70.179,1.515,67.0377,1.4472,61.5942,1.3297,0.0,0.0,0.0,0.0,0.0,0.0,0.0,0.0,0.0,0.0,0.0,0.0,0.0,0.0,0.0,0.0,0.0,0.0,0.0,0.0,0.0,0.0,0.0,0.0,0.0,0.0,0.0,0.0,0.0,0.0,0.0,0.0,0.0,0.0,0.0,0.5789,0.8153
128,0.005,3,10,100,16,16,256,202,730,24,ContrastiveLoss,gru,/home/dpetrovitch/dzagcoffee/train_trace/age_pred/checkpoints/age_pred_2025-10-10 14:37:35.506749_ContrastiveLoss_gru_catboost/model_128_0.005_3_10_100_256_16_16_ContrastiveLoss_gruepoch=19.ckpt,19,24,0.34088936,82.8349,3.787,0.0,5.4354,1.1949,10.1087,0.7011,5185.8926,131.1706,1010.4246,25.5574,945.4045,23.9128,908.8065,22.9871,860.6972,21.7703,822.7852,20.8113,754.5947,19.0865,429.65,9.192,83.7134,1.791,78.3265,1.6757,75.2944,1.6109,71.3086,1.5256,68.1676,1.4584,62.518,1.3375,0.0,0.0,0.0,0.0,0.0,0.0,0.0,0.0,0.0,0.0,0.0,0.0,0.0,0.0,0.0,0.0,0.0,0.0,0.0,0.0,0.0,0.0,0.0,0.0,0.0,0.0,0.0,0.0,0.0,0.0,0.0,0.0,0.0,0.0,0.0,0.5922,0.8226
128,0.005,3,10,100,16,16,256,202,730,24,ContrastiveLoss,gru,/home/dpetrovitch/dzagcoffee/train_trace/age_pred/checkpoints/age_pred_2025-10-10 14:37:35.506749_ContrastiveLoss_gru_catboost/model_128_0.005_3_10_100_256_16_16_ContrastiveLoss_gruepoch=20.ckpt,20,24,0.34486464,84.3109,3.1279,0.0,5.2982,1.2041,9.7216,0.6907,5249.5024,132.7694,1009.6385,25.5356,943.4708,23.8621,906.5554,22.9284,858.2108,21.7057,820.1991,20.7443,754.0755,19.0719,430.9583,9.2329,82.8864,1.7758,77.4543,1.6594,74.4237,1.5945,70.4549,1.5094,67.3343,1.4426,61.9059,1.3263,0.0,0.0,0.0,0.0,0.0,0.0,0.0,0.0,0.0,0.0,0.0,0.0,0.0,0.0,0.0,0.0,0.0,0.0,0.0,0.0,0.0,0.0,0.0,0.0,0.0,0.0,0.0,0.0,0.0,0.0,0.0,0.0,0.0,0.0,0.0,0.5867,0.8221
128,0.005,3,10,100,16,16,256,202,730,24,ContrastiveLoss,gru,/home/dpetrovitch/dzagcoffee/train_trace/age_pred/checkpoints/age_pred_2025-10-10 14:37:35.506749_ContrastiveLoss_gru_catboost/model_128_0.005_3_10_100_256_16_16_ContrastiveLoss_gruepoch=21.ckpt,21,24,0.3457327,84.4512,3.7848,0.0,5.292,1.199,9.8894,0.6966,5236.1104,132.4369,1012.7576,25.6157,947.3518,23.9614,910.6131,23.0321,862.2952,21.81,824.1162,20.8444,756.3558,19.1305,423.1328,9.095,81.8415,1.7591,76.556,1.6455,73.5871,1.5817,69.6825,1.4978,66.5973,1.4315,61.1215,1.3138,0.0,0.0,0.0,0.0,0.0,0.0,0.0,0.0,0.0,0.0,0.0,0.0,0.0,0.0,0.0,0.0,0.0,0.0,0.0,0.0,0.0,0.0,0.0,0.0,0.0,0.0,0.0,0.0,0.0,0.0,0.0,0.0,0.0,0.0,0.0,0.58,0.8133
128,0.005,3,10,100,16,16,256,202,730,24,ContrastiveLoss,gru,/home/dpetrovitch/dzagcoffee/train_trace/age_pred/checkpoints/age_pred_2025-10-10 14:37:35.506749_ContrastiveLoss_gru_catboost/model_128_0.005_3_10_100_256_16_16_ContrastiveLoss_gruepoch=22.ckpt,22,24,0.3418068,83.9089,3.6422,0.0,5.3004,1.2034,9.6628,0.6914,5218.7954,131.9837,1002.7507,25.3596,937.8045,23.7171,901.5737,22.8009,854.7227,21.616,818.361,20.6964,755.4248,19.1047,431.4764,9.3405,82.9048,1.7947,77.5352,1.6785,74.5398,1.6136,70.6662,1.5298,67.66,1.4647,62.4566,1.3521,0.0,0.0,0.0,0.0,0.0,0.0,0.0,0.0,0.0,0.0,0.0,0.0,0.0,0.0,0.0,0.0,0.0,0.0,0.0,0.0,0.0,0.0,0.0,0.0,0.0,0.0,0.0,0.0,0.0,0.0,0.0,0.0,0.0,0.0,0.0,0.5933,0.8268
128,0.005,3,10,100,16,16,256,202,730,24,ContrastiveLoss,gru,/home/dpetrovitch/dzagcoffee/train_trace/age_pred/checkpoints/age_pred_2025-10-10 14:37:35.506749_ContrastiveLoss_gru_catboost/model_128_0.005_3_10_100_256_16_16_ContrastiveLoss_gruepoch=23.ckpt,23,24,0.3470841,85.2827,3.5504,0.0,5.3784,1.2056,9.5669,0.6891,5283.199,133.613,1009.7711,25.5373,943.8461,23.87,906.8404,22.9342,858.2686,21.7058,819.9,20.7354,751.9351,19.0166,424.9687,9.2228,81.2237,1.7627,75.9209,1.6477,72.9442,1.5831,69.0372,1.4983,65.9509,1.4313,60.484,1.3126,0.0,0.0,0.0,0.0,0.0,0.0,0.0,0.0,0.0,0.0,0.0,0.0,0.0,0.0,0.0,0.0,0.0,0.0,0.0,0.0,0.0,0.0,0.0,0.0,0.0,0.0,0.0,0.0,0.0,0.0,0.0,0.0,0.0,0.0,0.0,0.5844,0.8261
128,0.01,3,10,100,16,16,256,202,730,24,ContrastiveLoss,gru,/home/dpetrovitch/dzagcoffee/train_trace/age_pred/checkpoints/age_pred_2025-10-10 14:37:35.506749_ContrastiveLoss_gru_catboost/model_128_0.01_3_10_100_256_16_16_ContrastiveLoss_gruepoch=00.ckpt,0,24,0.2584438,80.8672,2.7796,0.0,5.3763,1.1614,8.851,0.7415,4173.573,105.517,988.1213,24.9819,920.0023,23.2597,882.1107,22.3017,833.3551,21.069,795.1576,20.1033,728.9626,18.4298,330.0697,7.3699,78.1462,1.7449,72.759,1.6246,69.7623,1.5577,65.9064,1.4716,62.8855,1.4041,57.6505,1.2872,0.0,0.0,0.0,0.0,0.0,0.0,0.0,0.0,0.0,0.0,0.0,0.0,0.0,0.0,0.0,0.0,0.0,0.0,0.0,0.0,0.0,0.0,0.0,0.0,0.0,0.0,0.0,0.0,0.0,0.0,0.0,0.0,0.0,0.0,0.0,0.5422,0.7856
128,0.01,3,10,100,16,16,256,202,730,24,ContrastiveLoss,gru,/home/dpetrovitch/dzagcoffee/train_trace/age_pred/checkpoints/age_pred_2025-10-10 14:37:35.506749_ContrastiveLoss_gru_catboost/model_128_0.01_3_10_100_256_16_16_ContrastiveLoss_gruepoch=01.ckpt,1,24,0.29331398,76.7817,3.3214,0.0,5.6901,1.1658,8.0242,0.7359,4321.7466,109.3028,990.5916,25.0534,919.565,23.257,879.5955,22.2462,826.601,20.9059,785.2386,19.8598,712.5984,18.0226,348.588,7.5609,79.9002,1.733,74.1712,1.6088,70.9473,1.5388,66.6728,1.4461,63.3366,1.3738,57.4775,1.2467,0.0,0.0,0.0,0.0,0.0,0.0,0.0,0.0,0.0,0.0,0.0,0.0,0.0,0.0,0.0,0.0,0.0,0.0,0.0,0.0,0.0,0.0,0.0,0.0,0.0,0.0,0.0,0.0,0.0,0.0,0.0,0.0,0.0,0.0,0.0,0.5533,0.8032
128,0.01,3,10,100,16,16,256,202,730,24,ContrastiveLoss,gru,/home/dpetrovitch/dzagcoffee/train_trace/age_pred/checkpoints/age_pred_2025-10-10 14:37:35.506749_ContrastiveLoss_gru_catboost/model_128_0.01_3_10_100_256_16_16_ContrastiveLoss_gruepoch=02.ckpt,2,24,0.30386877,80.5303,3.856,0.0,5.8597,1.1746,8.0945,0.7245,4457.263,112.6968,1007.3762,25.4703,935.567,23.6547,894.9292,22.6273,842.2315,21.2949,800.4734,20.239,728.7482,18.4256,351.6632,7.6083,79.4786,1.7195,73.8131,1.597,70.6069,1.5276,66.4493,1.4376,63.1547,1.3664,57.4958,1.2439,0.0,0.0,0.0,0.0,0.0,0.0,0.0,0.0,0.0,0.0,0.0,0.0,0.0,0.0,0.0,0.0,0.0,0.0,0.0,0.0,0.0,0.0,0.0,0.0,0.0,0.0,0.0,0.0,0.0,0.0,0.0,0.0,0.0,0.0,0.0,0.5633,0.82
128,0.01,3,10,100,16,16,256,202,730,24,ContrastiveLoss,gru,/home/dpetrovitch/dzagcoffee/train_trace/age_pred/checkpoints/age_pred_2025-10-10 14:37:35.506749_ContrastiveLoss_gru_catboost/model_128_0.01_3_10_100_256_16_16_ContrastiveLoss_gruepoch=03.ckpt,3,24,0.31505483,82.9583,4.9395,0.0,5.897,1.1785,8.5952,0.7195,4568.6025,115.5074,1015.0208,25.6626,943.4722,23.8537,902.9553,22.8293,849.2307,21.471,806.7899,20.398,733.5761,18.5469,342.3215,7.3752,76.0547,1.6386,70.6936,1.5231,67.6577,1.4577,63.6321,1.3709,60.4521,1.3024,54.9662,1.1842,0.0,0.0,0.0,0.0,0.0,0.0,0.0,0.0,0.0,0.0,0.0,0.0,0.0,0.0,0.0,0.0,0.0,0.0,0.0,0.0,0.0,0.0,0.0,0.0,0.0,0.0,0.0,0.0,0.0,0.0,0.0,0.0,0.0,0.0,0.0,0.5911,0.822
128,0.01,3,10,100,16,16,256,202,730,24,ContrastiveLoss,gru,/home/dpetrovitch/dzagcoffee/train_trace/age_pred/checkpoints/age_pred_2025-10-10 14:37:35.506749_ContrastiveLoss_gru_catboost/model_128_0.01_3_10_100_256_16_16_ContrastiveLoss_gruepoch=04.ckpt,4,24,0.31793523,84.5918,5.0834,0.0,5.6471,1.1812,8.011,0.7163,4609.984,116.547,1021.0306,25.8131,949.8465,24.0135,909.2598,22.9874,855.1592,21.6196,812.1974,20.5335,736.1501,18.6109,337.9208,7.4405,74.8435,1.6479,69.6256,1.533,66.6505,1.4675,62.6848,1.3802,59.5357,1.3109,53.9612,1.1881,0.0,0.0,0.0,0.0,0.0,0.0,0.0,0.0,0.0,0.0,0.0,0.0,0.0,0.0,0.0,0.0,0.0,0.0,0.0,0.0,0.0,0.0,0.0,0.0,0.0,0.0,0.0,0.0,0.0,0.0,0.0,0.0,0.0,0.0,0.0,0.5822,0.8179
128,0.01,3,10,100,16,16,256,202,730,24,ContrastiveLoss,gru,/home/dpetrovitch/dzagcoffee/train_trace/age_pred/checkpoints/age_pred_2025-10-10 14:37:35.506749_ContrastiveLoss_gru_catboost/model_128_0.01_3_10_100_256_16_16_ContrastiveLoss_gruepoch=05.ckpt,5,24,0.31676134,86.9469,4.8755,0.0,5.4067,1.1802,8.6865,0.7171,4634.698,117.1345,1028.1842,25.9857,959.1871,24.2419,919.847,23.2477,868.7611,21.9565,828.4941,20.9389,756.8872,19.1291,346.1976,7.4948,76.8022,1.6627,71.6483,1.5511,68.7097,1.4875,64.8938,1.4049,61.886,1.3398,56.5371,1.224,0.0,0.0,0.0,0.0,0.0,0.0,0.0,0.0,0.0,0.0,0.0,0.0,0.0,0.0,0.0,0.0,0.0,0.0,0.0,0.0,0.0,0.0,0.0,0.0,0.0,0.0,0.0,0.0,0.0,0.0,0.0,0.0,0.0,0.0,0.0,0.5956,0.8294
128,0.01,3,10,100,16,16,256,202,730,24,ContrastiveLoss,gru,/home/dpetrovitch/dzagcoffee/train_trace/age_pred/checkpoints/age_pred_2025-10-10 14:37:35.506749_ContrastiveLoss_gru_catboost/model_128_0.01_3_10_100_256_16_16_ContrastiveLoss_gruepoch=06.ckpt,6,24,0.31345683,87.2971,5.1983,0.0,5.7487,1.1812,9.2311,0.7155,4598.9756,116.2362,1029.4037,26.0175,961.0076,24.2889,922.2906,23.3103,871.5231,22.0272,831.8726,21.0251,763.8063,19.3047,351.6387,7.4995,78.7084,1.6786,73.4789,1.5671,70.5185,1.504,66.6368,1.4212,63.6052,1.3565,58.4008,1.2455,0.0,0.0,0.0,0.0,0.0,0.0,0.0,0.0,0.0,0.0,0.0,0.0,0.0,0.0,0.0,0.0,0.0,0.0,0.0,0.0,0.0,0.0,0.0,0.0,0.0,0.0,0.0,0.0,0.0,0.0,0.0,0.0,0.0,0.0,0.0,0.5844,0.8216
128,0.01,3,10,100,16,16,256,202,730,24,ContrastiveLoss,gru,/home/dpetrovitch/dzagcoffee/train_trace/age_pred/checkpoints/age_pred_2025-10-10 14:37:35.506749_ContrastiveLoss_gru_catboost/model_128_0.01_3_10_100_256_16_16_ContrastiveLoss_gruepoch=07.ckpt,7,24,0.32373536,89.5117,5.3384,0.0,5.1596,1.1816,8.7519,0.7158,4492.122,113.5406,1034.2099,26.1402,964.3541,24.3745,924.7739,23.3741,872.9614,22.0645,832.2538,21.0356,761.4148,19.2451,330.1939,7.1733,76.0197,1.6515,70.8849,1.5399,67.9756,1.4767,64.1671,1.394,61.1749,1.329,55.9679,1.2159,0.0,0.0,0.0,0.0,0.0,0.0,0.0,0.0,0.0,0.0,0.0,0.0,0.0,0.0,0.0,0.0,0.0,0.0,0.0,0.0,0.0,0.0,0.0,0.0,0.0,0.0,0.0,0.0,0.0,0.0,0.0,0.0,0.0,0.0,0.0,0.57,0.8203
128,0.01,3,10,100,16,16,256,202,730,24,ContrastiveLoss,gru,/home/dpetrovitch/dzagcoffee/train_trace/age_pred/checkpoints/age_pred_2025-10-10 14:37:35.506749_ContrastiveLoss_gru_catboost/model_128_0.01_3_10_100_256_16_16_ContrastiveLoss_gruepoch=08.ckpt,8,24,0.3216442,86.8363,3.7163,0.0,5.5263,1.1762,8.618,0.7222,4424.784,111.8626,1027.5037,25.9762,959.8686,24.2664,921.4068,23.294,871.054,22.021,831.4028,21.0186,761.5117,19.2517,334.1559,7.1948,77.5962,1.6707,72.4885,1.5608,69.5839,1.4982,65.7813,1.4164,62.7868,1.3519,57.5087,1.2382,0.0,0.0,0.0,0.0,0.0,0.0,0.0,0.0,0.0,0.0,0.0,0.0,0.0,0.0,0.0,0.0,0.0,0.0,0.0,0.0,0.0,0.0,0.0,0.0,0.0,0.0,0.0,0.0,0.0,0.0,0.0,0.0,0.0,0.0,0.0,0.5744,0.8234
128,0.01,3,10,100,16,16,256,202,730,24,ContrastiveLoss,gru,/home/dpetrovitch/dzagcoffee/train_trace/age_pred/checkpoints/age_pred_2025-10-10 14:37:35.506749_ContrastiveLoss_gru_catboost/model_128_0.01_3_10_100_256_16_16_ContrastiveLoss_gruepoch=09.ckpt,9,24,0.33874884,89.8295,5.7649,0.0,5.3855,1.1948,8.2101,0.7,4543.293,114.8861,1026.8189,25.9651,956.8146,24.1949,916.9555,23.187,864.5415,21.8616,822.96,20.8102,750.2118,18.9706,328.2995,7.1902,74.1982,1.625,69.1397,1.5143,66.2594,1.4512,62.472,1.3682,59.4673,1.3024,54.2105,1.1873,0.0,0.0,0.0,0.0,0.0,0.0,0.0,0.0,0.0,0.0,0.0,0.0,0.0,0.0,0.0,0.0,0.0,0.0,0.0,0.0,0.0,0.0,0.0,0.0,0.0,0.0,0.0,0.0,0.0,0.0,0.0,0.0,0.0,0.0,0.0,0.6044,0.8221
128,0.01,3,10,100,16,16,256,202,730,24,ContrastiveLoss,gru,/home/dpetrovitch/dzagcoffee/train_trace/age_pred/checkpoints/age_pred_2025-10-10 14:37:35.506749_ContrastiveLoss_gru_catboost/model_128_0.01_3_10_100_256_16_16_ContrastiveLoss_gruepoch=10.ckpt,10,24,0.3357402,90.6953,3.4246,0.0,5.249,1.1949,8.8024,0.6998,4513.4087,114.0978,1025.2156,25.9172,957.1422,24.1963,918.7192,23.225,868.09,21.9451,828.1557,20.9356,757.7168,19.1549,326.6164,7.1732,74.1905,1.6294,69.2644,1.5212,66.4838,1.4601,62.82,1.3797,59.9301,1.3162,54.8328,1.2042,0.0,0.0,0.0,0.0,0.0,0.0,0.0,0.0,0.0,0.0,0.0,0.0,0.0,0.0,0.0,0.0,0.0,0.0,0.0,0.0,0.0,0.0,0.0,0.0,0.0,0.0,0.0,0.0,0.0,0.0,0.0,0.0,0.0,0.0,0.0,0.6,0.8288
128,0.01,3,10,100,16,16,256,202,730,24,ContrastiveLoss,gru,/home/dpetrovitch/dzagcoffee/train_trace/age_pred/checkpoints/age_pred_2025-10-10 14:37:35.506749_ContrastiveLoss_gru_catboost/model_128_0.01_3_10_100_256_16_16_ContrastiveLoss_gruepoch=11.ckpt,11,24,0.33870932,89.2475,3.8274,0.0,5.057,1.1852,8.6762,0.7121,4426.8574,111.9426,1030.9489,26.0698,962.0544,24.3276,923.0466,23.3412,871.4637,22.0368,830.9739,21.013,759.4936,19.2054,305.0226,6.7636,71.0352,1.5751,66.2882,1.4699,63.6004,1.4103,60.0462,1.3315,57.2564,1.2696,52.3312,1.1604,0.0,0.0,0.0,0.0,0.0,0.0,0.0,0.0,0.0,0.0,0.0,0.0,0.0,0.0,0.0,0.0,0.0,0.0,0.0,0.0,0.0,0.0,0.0,0.0,0.0,0.0,0.0,0.0,0.0,0.0,0.0,0.0,0.0,0.0,0.0,0.5878,0.8293
128,0.01,3,10,100,16,16,256,202,730,24,ContrastiveLoss,gru,/home/dpetrovitch/dzagcoffee/train_trace/age_pred/checkpoints/age_pred_2025-10-10 14:37:35.506749_ContrastiveLoss_gru_catboost/model_128_0.01_3_10_100_256_16_16_ContrastiveLoss_gruepoch=12.ckpt,12,24,0.3454664,91.3813,4.2464,0.0,4.976,1.198,7.7202,0.6972,4501.5054,113.8592,1023.9351,25.899,953.101,24.1073,912.5158,23.0808,858.9982,21.7271,816.3261,20.6478,740.8306,18.7383,300.3276,6.7761,68.314,1.5413,63.5882,1.4347,60.8804,1.3736,57.3099,1.293,54.4629,1.2288,49.4261,1.1152,0.0,0.0,0.0,0.0,0.0,0.0,0.0,0.0,0.0,0.0,0.0,0.0,0.0,0.0,0.0,0.0,0.0,0.0,0.0,0.0,0.0,0.0,0.0,0.0,0.0,0.0,0.0,0.0,0.0,0.0,0.0,0.0,0.0,0.0,0.0,0.5956,0.8322
128,0.01,3,10,100,16,16,256,202,730,24,ContrastiveLoss,gru,/home/dpetrovitch/dzagcoffee/train_trace/age_pred/checkpoints/age_pred_2025-10-10 14:37:35.506749_ContrastiveLoss_gru_catboost/model_128_0.01_3_10_100_256_16_16_ContrastiveLoss_gruepoch=13.ckpt,13,24,0.34140232,89.7402,3.3581,0.0,5.1132,1.1904,8.0723,0.7056,4412.278,111.5861,1019.8797,25.7927,949.2797,24.0072,909.409,22.9989,856.9114,21.6712,816.1211,20.6396,745.0697,18.8427,299.8852,6.7564,69.3172,1.5617,64.5188,1.4536,61.809,1.3926,58.2409,1.3122,55.4686,1.2497,50.6395,1.1409,0.0,0.0,0.0,0.0,0.0,0.0,0.0,0.0,0.0,0.0,0.0,0.0,0.0,0.0,0.0,0.0,0.0,0.0,0.0,0.0,0.0,0.0,0.0,0.0,0.0,0.0,0.0,0.0,0.0,0.0,0.0,0.0,0.0,0.0,0.0,0.5933,0.8297
128,0.01,3,10,100,16,16,256,202,730,24,ContrastiveLoss,gru,/home/dpetrovitch/dzagcoffee/train_trace/age_pred/checkpoints/age_pred_2025-10-10 14:37:35.506749_ContrastiveLoss_gru_catboost/model_128_0.01_3_10_100_256_16_16_ContrastiveLoss_gruepoch=14.ckpt,14,24,0.34555516,90.6229,3.9243,0.0,5.0063,1.1924,7.9298,0.7033,4453.013,112.62,1027.8007,25.9939,957.705,24.2211,917.7688,23.2111,865.0749,21.8784,823.5117,20.8272,750.1276,18.9713,308.5415,6.8992,71.2145,1.5924,66.3577,1.4838,63.5906,1.4219,59.9395,1.3403,57.0597,1.2759,51.975,1.1622,0.0,0.0,0.0,0.0,0.0,0.0,0.0,0.0,0.0,0.0,0.0,0.0,0.0,0.0,0.0,0.0,0.0,0.0,0.0,0.0,0.0,0.0,0.0,0.0,0.0,0.0,0.0,0.0,0.0,0.0,0.0,0.0,0.0,0.0,0.0,0.6033,0.8325
128,0.01,3,10,100,16,16,256,202,730,24,ContrastiveLoss,gru,/home/dpetrovitch/dzagcoffee/train_trace/age_pred/checkpoints/age_pred_2025-10-10 14:37:35.506749_ContrastiveLoss_gru_catboost/model_128_0.01_3_10_100_256_16_16_ContrastiveLoss_gruepoch=15.ckpt,15,24,0.34066245,91.6135,3.1712,0.0,4.8848,1.1961,7.9509,0.6986,4448.997,112.5041,1021.941,25.8423,952.9275,24.0972,913.3159,23.0955,861.6293,21.7885,820.5928,20.7508,748.2593,18.9216,306.954,6.8596,70.5078,1.5757,65.7463,1.4693,63.0133,1.4082,59.4472,1.3285,56.616,1.2652,51.6254,1.1537,0.0,0.0,0.0,0.0,0.0,0.0,0.0,0.0,0.0,0.0,0.0,0.0,0.0,0.0,0.0,0.0,0.0,0.0,0.0,0.0,0.0,0.0,0.0,0.0,0.0,0.0,0.0,0.0,0.0,0.0,0.0,0.0,0.0,0.0,0.0,0.6022,0.8321
128,0.01,3,10,100,16,16,256,202,730,24,ContrastiveLoss,gru,/home/dpetrovitch/dzagcoffee/train_trace/age_pred/checkpoints/age_pred_2025-10-10 14:37:35.506749_ContrastiveLoss_gru_catboost/model_128_0.01_3_10_100_256_16_16_ContrastiveLoss_gruepoch=16.ckpt,16,24,0.3416785,92.5366,4.1982,0.0,4.8235,1.1987,8.3274,0.6954,4480.233,113.2984,1025.48,25.9329,956.5221,24.189,917.2506,23.1959,865.988,21.8995,825.9063,20.8859,756.3442,19.1268,325.2619,7.1909,74.4492,1.6459,69.4429,1.5353,66.5918,1.4722,62.8702,1.3899,59.9602,1.3256,54.9101,1.214,0.0,0.0,0.0,0.0,0.0,0.0,0.0,0.0,0.0,0.0,0.0,0.0,0.0,0.0,0.0,0.0,0.0,0.0,0.0,0.0,0.0,0.0,0.0,0.0,0.0,0.0,0.0,0.0,0.0,0.0,0.0,0.0,0.0,0.0,0.0,0.5956,0.8234
128,0.01,3,10,100,16,16,256,202,730,24,ContrastiveLoss,gru,/home/dpetrovitch/dzagcoffee/train_trace/age_pred/checkpoints/age_pred_2025-10-10 14:37:35.506749_ContrastiveLoss_gru_catboost/model_128_0.01_3_10_100_256_16_16_ContrastiveLoss_gruepoch=17.ckpt,17,24,0.34519017,93.0542,4.0014,0.0,4.9239,1.1983,7.6298,0.6964,4447.8745,112.4893,1031.78,26.0943,960.7334,24.2975,919.8608,23.2638,865.9098,21.8994,823.1095,20.8169,746.9551,18.8909,297.3087,6.6595,68.9671,1.5448,64.2182,1.4384,61.4861,1.3772,57.8799,1.2965,55.019,1.2324,49.9286,1.1184,0.0,0.0,0.0,0.0,0.0,0.0,0.0,0.0,0.0,0.0,0.0,0.0,0.0,0.0,0.0,0.0,0.0,0.0,0.0,0.0,0.0,0.0,0.0,0.0,0.0,0.0,0.0,0.0,0.0,0.0,0.0,0.0,0.0,0.0,0.0,0.6011,0.8349
128,0.01,3,10,100,16,16,256,202,730,24,ContrastiveLoss,gru,/home/dpetrovitch/dzagcoffee/train_trace/age_pred/checkpoints/age_pred_2025-10-10 14:37:35.506749_ContrastiveLoss_gru_catboost/model_128_0.01_3_10_100_256_16_16_ContrastiveLoss_gruepoch=18.ckpt,18,24,0.34654164,92.4765,4.2375,0.0,4.8501,1.197,8.2575,0.6978,4440.791,112.3114,1027.0924,25.976,958.1691,24.2329,918.9034,23.2398,867.5751,21.9417,826.9831,20.9151,755.3045,19.1023,306.594,6.8817,70.9109,1.5916,66.1524,1.4848,63.4415,1.424,59.8977,1.3444,57.0953,1.2815,52.1465,1.1705,0.0,0.0,0.0,0.0,0.0,0.0,0.0,0.0,0.0,0.0,0.0,0.0,0.0,0.0,0.0,0.0,0.0,0.0,0.0,0.0,0.0,0.0,0.0,0.0,0.0,0.0,0.0,0.0,0.0,0.0,0.0,0.0,0.0,0.0,0.0,0.6122,0.8328
128,0.01,3,10,100,16,16,256,202,730,24,ContrastiveLoss,gru,/home/dpetrovitch/dzagcoffee/train_trace/age_pred/checkpoints/age_pred_2025-10-10 14:37:35.506749_ContrastiveLoss_gru_catboost/model_128_0.01_3_10_100_256_16_16_ContrastiveLoss_gruepoch=19.ckpt,19,24,0.3479522,93.324,3.3425,0.0,5.0468,1.2012,8.5154,0.693,4514.905,114.193,1033.5361,26.1407,964.1121,24.3848,924.6977,23.3879,872.994,22.0802,832.1706,21.0476,761.818,19.2682,306.0442,6.8157,70.0586,1.5602,65.3526,1.4554,62.6809,1.3959,59.1762,1.3179,56.4089,1.2562,51.6401,1.15,0.0,0.0,0.0,0.0,0.0,0.0,0.0,0.0,0.0,0.0,0.0,0.0,0.0,0.0,0.0,0.0,0.0,0.0,0.0,0.0,0.0,0.0,0.0,0.0,0.0,0.0,0.0,0.0,0.0,0.0,0.0,0.0,0.0,0.0,0.0,0.6144,0.832
128,0.01,3,10,100,16,16,256,202,730,24,ContrastiveLoss,gru,/home/dpetrovitch/dzagcoffee/train_trace/age_pred/checkpoints/age_pred_2025-10-10 14:37:35.506749_ContrastiveLoss_gru_catboost/model_128_0.01_3_10_100_256_16_16_ContrastiveLoss_gruepoch=20.ckpt,20,24,0.3466797,93.2102,3.163,1e-04,4.9274,1.2054,7.8082,0.6885,4511.686,114.0943,1025.8993,25.9436,955.9478,24.1746,916.031,23.1651,863.3456,21.8328,821.6908,20.7794,748.4491,18.9272,310.2619,6.9627,70.5496,1.5832,65.7391,1.4753,62.9941,1.4137,59.371,1.3324,56.5064,1.2681,51.4697,1.1551,0.0,0.0,0.0,0.0,0.0,0.0,0.0,0.0,0.0,0.0,0.0,0.0,0.0,0.0,0.0,0.0,0.0,0.0,0.0,0.0,0.0,0.0,0.0,0.0,0.0,0.0,0.0,0.0,0.0,0.0,0.0,0.0,0.0,0.0,0.0,0.5944,0.8252
128,0.01,3,10,100,16,16,256,202,730,24,ContrastiveLoss,gru,/home/dpetrovitch/dzagcoffee/train_trace/age_pred/checkpoints/age_pred_2025-10-10 14:37:35.506749_ContrastiveLoss_gru_catboost/model_128_0.01_3_10_100_256_16_16_ContrastiveLoss_gruepoch=21.ckpt,21,24,0.33565143,92.2161,4.4615,0.0,5.0228,1.19,8.565,0.706,4336.136,109.6784,1023.6212,25.8915,955.0879,24.158,916.1118,23.1722,865.1566,21.8833,825.4243,20.8783,755.5519,19.111,300.4503,6.7666,70.9266,1.5974,66.1779,1.4904,63.4773,1.4296,59.9466,1.3501,57.1935,1.2881,52.3521,1.1791,0.0,0.0,0.0,0.0,0.0,0.0,0.0,0.0,0.0,0.0,0.0,0.0,0.0,0.0,0.0,0.0,0.0,0.0,0.0,0.0,0.0,0.0,0.0,0.0,0.0,0.0,0.0,0.0,0.0,0.0,0.0,0.0,0.0,0.0,0.0,0.5856,0.8265
128,0.01,3,10,100,16,16,256,202,730,24,ContrastiveLoss,gru,/home/dpetrovitch/dzagcoffee/train_trace/age_pred/checkpoints/age_pred_2025-10-10 14:37:35.506749_ContrastiveLoss_gru_catboost/model_128_0.01_3_10_100_256_16_16_ContrastiveLoss_gruepoch=22.ckpt,22,24,0.35067472,94.0787,3.843,1e-04,4.8538,1.1999,8.2897,0.6949,4455.81,112.7047,1033.1223,26.1317,964.2832,24.3905,924.8879,23.394,872.7792,22.076,831.418,21.0298,757.6837,19.1648,298.7568,6.729,69.2696,1.5602,64.654,1.4562,62.0126,1.3967,58.5188,1.318,55.7456,1.2556,50.8018,1.1442,0.0,0.0,0.0,0.0,0.0,0.0,0.0,0.0,0.0,0.0,0.0,0.0,0.0,0.0,0.0,0.0,0.0,0.0,0.0,0.0,0.0,0.0,0.0,0.0,0.0,0.0,0.0,0.0,0.0,0.0,0.0,0.0,0.0,0.0,0.0,0.6056,0.8379
128,0.01,3,10,100,16,16,256,202,730,24,ContrastiveLoss,gru,/home/dpetrovitch/dzagcoffee/train_trace/age_pred/checkpoints/age_pred_2025-10-10 14:37:35.506749_ContrastiveLoss_gru_catboost/model_128_0.01_3_10_100_256_16_16_ContrastiveLoss_gruepoch=23.ckpt,23,24,0.35170057,93.3813,3.7044,1e-04,4.9256,1.1993,7.9267,0.6957,4426.8525,111.9927,1029.9098,26.0552,959.9455,24.2852,919.9541,23.2735,867.0956,21.9362,825.3876,20.8811,751.9369,19.0229,302.0857,6.772,70.2804,1.5755,65.5061,1.4685,62.7771,1.4073,59.1701,1.3264,56.3239,1.2626,51.3117,1.1503,0.0,0.0,0.0,0.0,0.0,0.0,0.0,0.0,0.0,0.0,0.0,0.0,0.0,0.0,0.0,0.0,0.0,0.0,0.0,0.0,0.0,0.0,0.0,0.0,0.0,0.0,0.0,0.0,0.0,0.0,0.0,0.0,0.0,0.0,0.0,0.5878,0.8289
128,0.05,3,10,100,16,16,256,202,730,24,ContrastiveLoss,gru,/home/dpetrovitch/dzagcoffee/train_trace/age_pred/checkpoints/age_pred_2025-10-10 14:37:35.506749_ContrastiveLoss_gru_catboost/model_128_0.05_3_10_100_256_16_16_ContrastiveLoss_gruepoch=00.ckpt,0,24,0.06852707,39.2878,6.1523,0.0,41.2466,1.1128,12.4663,0.8071,6619.347,167.8653,1013.0769,25.6914,956.7107,24.262,926.5521,23.4972,888.5228,22.5328,859.5758,21.7987,810.0431,20.5425,625.3849,13.4013,95.7138,2.051,90.3884,1.9369,87.5391,1.8759,83.9462,1.7989,81.2113,1.7403,76.5315,1.64,0.0,0.0,0.0,0.0,0.0,0.0,0.0,0.0,0.0,0.0,0.0,0.0,0.0,0.0,0.0,0.0,0.0,0.0,0.0,0.0,0.0,0.0,0.0,0.0,0.0,0.0,0.0,0.0,0.0,0.0,0.0,0.0,0.0,0.0,0.0,0.4756,0.7285
128,0.05,3,10,100,16,16,256,202,730,24,ContrastiveLoss,gru,/home/dpetrovitch/dzagcoffee/train_trace/age_pred/checkpoints/age_pred_2025-10-10 14:37:35.506749_ContrastiveLoss_gru_catboost/model_128_0.05_3_10_100_256_16_16_ContrastiveLoss_gruepoch=01.ckpt,1,24,0.07230508,37.0078,6.1523,0.0,42.0017,1.1229,9.7491,0.7927,6826.0034,173.5758,968.2302,24.6208,910.1934,23.145,879.9975,22.3771,843.0393,21.4373,815.8538,20.746,769.7477,19.5736,642.4434,14.5253,91.127,2.0603,85.6647,1.9368,82.8228,1.8726,79.3444,1.7939,76.7858,1.7361,72.4464,1.638,0.0,0.0,0.0,0.0,0.0,0.0,0.0,0.0,0.0,0.0,0.0,0.0,0.0,0.0,0.0,0.0,0.0,0.0,0.0,0.0,0.0,0.0,0.0,0.0,0.0,0.0,0.0,0.0,0.0,0.0,0.0,0.0,0.0,0.0,0.0,0.42,0.7015
128,0.05,3,10,100,16,16,256,202,730,24,ContrastiveLoss,gru,/home/dpetrovitch/dzagcoffee/train_trace/age_pred/checkpoints/age_pred_2025-10-10 14:37:35.506749_ContrastiveLoss_gru_catboost/model_128_0.05_3_10_100_256_16_16_ContrastiveLoss_gruepoch=02.ckpt,2,24,0.074228615,37.6328,6.1523,0.0,42.4488,1.1106,13.8046,0.8102,6612.1777,168.1072,964.1695,24.5129,911.0322,23.162,882.4559,22.4354,846.6054,21.524,819.4281,20.833,773.63,19.6687,625.0916,14.3319,91.1491,2.0898,86.1257,1.9747,83.4242,1.9127,80.035,1.835,77.4658,1.7761,73.1362,1.6768,0.0,0.0,0.0,0.0,0.0,0.0,0.0,0.0,0.0,0.0,0.0,0.0,0.0,0.0,0.0,0.0,0.0,0.0,0.0,0.0,0.0,0.0,0.0,0.0,0.0,0.0,0.0,0.0,0.0,0.0,0.0,0.0,0.0,0.0,0.0,0.4444,0.7042
128,0.05,3,10,100,16,16,256,202,730,24,ContrastiveLoss,gru,/home/dpetrovitch/dzagcoffee/train_trace/age_pred/checkpoints/age_pred_2025-10-10 14:37:35.506749_ContrastiveLoss_gru_catboost/model_128_0.05_3_10_100_256_16_16_ContrastiveLoss_gruepoch=03.ckpt,3,24,0.084941216,37.0732,6.1523,0.0,42.5713,1.1177,11.6581,0.7999,6872.8726,174.5948,969.6235,24.6318,914.7813,23.2386,885.6142,22.4977,849.1876,21.5723,822.3452,20.8904,778.2247,19.7696,737.1256,15.95,103.9935,2.2502,98.1116,2.1229,94.9834,2.0553,91.0766,1.9707,88.1977,1.9084,83.4657,1.806,0.0,0.0,0.0,0.0,0.0,0.0,0.0,0.0,0.0,0.0,0.0,0.0,0.0,0.0,0.0,0.0,0.0,0.0,0.0,0.0,0.0,0.0,0.0,0.0,0.0,0.0,0.0,0.0,0.0,0.0,0.0,0.0,0.0,0.0,0.0,0.4611,0.7114
128,0.05,3,10,100,16,16,256,202,730,24,ContrastiveLoss,gru,/home/dpetrovitch/dzagcoffee/train_trace/age_pred/checkpoints/age_pred_2025-10-10 14:37:35.506749_ContrastiveLoss_gru_catboost/model_128_0.05_3_10_100_256_16_16_ContrastiveLoss_gruepoch=04.ckpt,4,24,0.08711135,39.8934,6.1523,0.0,44.2242,1.1258,12.484,0.7884,7158.8633,181.6292,985.8049,25.0111,931.9966,23.6459,903.2917,22.9176,867.4633,22.0086,840.7663,21.3313,797.1235,20.224,773.53,16.1788,106.5183,2.2279,100.7042,2.1063,97.6025,2.0414,93.7312,1.9604,90.8465,1.9001,86.1308,1.8015,0.0,0.0,0.0,0.0,0.0,0.0,0.0,0.0,0.0,0.0,0.0,0.0,0.0,0.0,0.0,0.0,0.0,0.0,0.0,0.0,0.0,0.0,0.0,0.0,0.0,0.0,0.0,0.0,0.0,0.0,0.0,0.0,0.0,0.0,0.0,0.4822,0.7354
128,0.05,3,10,100,16,16,256,202,730,24,ContrastiveLoss,gru,/home/dpetrovitch/dzagcoffee/train_trace/age_pred/checkpoints/age_pred_2025-10-10 14:37:35.506749_ContrastiveLoss_gru_catboost/model_128_0.05_3_10_100_256_16_16_ContrastiveLoss_gruepoch=05.ckpt,5,24,0.09322719,36.2179,6.1523,0.0,44.0707,1.1175,13.486,0.8002,6836.9414,173.8996,958.4148,24.3776,905.1553,23.0229,876.6836,22.2987,840.8667,21.3877,813.7909,20.699,768.0923,19.5366,672.693,15.2236,94.2993,2.1341,89.0591,2.0155,86.2577,1.9521,82.7337,1.8723,80.0696,1.812,75.5733,1.7103,0.0,0.0,0.0,0.0,0.0,0.0,0.0,0.0,0.0,0.0,0.0,0.0,0.0,0.0,0.0,0.0,0.0,0.0,0.0,0.0,0.0,0.0,0.0,0.0,0.0,0.0,0.0,0.0,0.0,0.0,0.0,0.0,0.0,0.0,0.0,0.4722,0.7044
128,0.05,3,10,100,16,16,256,202,730,24,ContrastiveLoss,gru,/home/dpetrovitch/dzagcoffee/train_trace/age_pred/checkpoints/age_pred_2025-10-10 14:37:35.506749_ContrastiveLoss_gru_catboost/model_128_0.05_3_10_100_256_16_16_ContrastiveLoss_gruepoch=06.ckpt,6,24,0.092240766,35.6102,6.1523,0.0,43.8361,1.1221,9.7714,0.7936,7026.276,178.7301,960.9301,24.4435,905.504,23.0337,876.651,22.2997,841.3209,21.401,815.3405,20.7401,772.5547,19.6518,777.7494,16.5067,106.3668,2.2575,100.2316,2.1273,97.0378,2.0595,93.1271,1.9765,90.2513,1.9155,85.5153,1.8149,0.0,0.0,0.0,0.0,0.0,0.0,0.0,0.0,0.0,0.0,0.0,0.0,0.0,0.0,0.0,0.0,0.0,0.0,0.0,0.0,0.0,0.0,0.0,0.0,0.0,0.0,0.0,0.0,0.0,0.0,0.0,0.0,0.0,0.0,0.0,0.4533,0.7202
128,0.05,3,10,100,16,16,256,202,730,24,ContrastiveLoss,gru,/home/dpetrovitch/dzagcoffee/train_trace/age_pred/checkpoints/age_pred_2025-10-10 14:37:35.506749_ContrastiveLoss_gru_catboost/model_128_0.05_3_10_100_256_16_16_ContrastiveLoss_gruepoch=07.ckpt,7,24,0.09891887,33.8163,6.1523,0.0,43.9508,1.1072,10.3436,0.8152,6397.519,163.4076,921.5165,23.5377,864.7232,22.087,834.9815,21.3274,798.2843,20.39,771.0891,19.6954,726.1695,18.5481,648.0428,15.2212,93.3459,2.1925,87.593,2.0574,84.5803,1.9866,80.863,1.8993,78.1082,1.8346,73.558,1.7277,0.0,0.0,0.0,0.0,0.0,0.0,0.0,0.0,0.0,0.0,0.0,0.0,0.0,0.0,0.0,0.0,0.0,0.0,0.0,0.0,0.0,0.0,0.0,0.0,0.0,0.0,0.0,0.0,0.0,0.0,0.0,0.0,0.0,0.0,0.0,0.4544,0.7315
128,0.05,3,10,100,16,16,256,202,730,24,ContrastiveLoss,gru,/home/dpetrovitch/dzagcoffee/train_trace/age_pred/checkpoints/age_pred_2025-10-10 14:37:35.506749_ContrastiveLoss_gru_catboost/model_128_0.05_3_10_100_256_16_16_ContrastiveLoss_gruepoch=08.ckpt,8,24,0.097143315,33.263,6.1523,0.0,43.4912,1.1075,10.0511,0.8148,6477.5566,165.0265,931.9389,23.7427,877.1433,22.3467,848.2566,21.6107,812.3247,20.6953,785.9105,20.0224,741.2822,18.8854,701.9214,15.6616,100.9868,2.2533,95.0491,2.1208,91.9188,2.0509,88.0252,1.9641,85.1629,1.9002,80.3269,1.7923,0.0,0.0,0.0,0.0,0.0,0.0,0.0,0.0,0.0,0.0,0.0,0.0,0.0,0.0,0.0,0.0,0.0,0.0,0.0,0.0,0.0,0.0,0.0,0.0,0.0,0.0,0.0,0.0,0.0,0.0,0.0,0.0,0.0,0.0,0.0,0.4633,0.7163
128,0.05,3,10,100,16,16,256,202,730,24,ContrastiveLoss,gru,/home/dpetrovitch/dzagcoffee/train_trace/age_pred/checkpoints/age_pred_2025-10-10 14:37:35.506749_ContrastiveLoss_gru_catboost/model_128_0.05_3_10_100_256_16_16_ContrastiveLoss_gruepoch=09.ckpt,9,24,0.10416666,33.9676,6.1523,0.0,43.7978,1.1134,9.1859,0.8061,6505.8496,166.1916,909.6766,23.2376,855.1094,21.8437,826.0088,21.1004,789.4737,20.1671,762.1489,19.4691,715.59,18.2797,638.9532,15.3804,89.3413,2.1506,83.9821,2.0216,81.1241,1.9528,77.5359,1.8664,74.8522,1.8018,70.2796,1.6917,0.0,0.0,0.0,0.0,0.0,0.0,0.0,0.0,0.0,0.0,0.0,0.0,0.0,0.0,0.0,0.0,0.0,0.0,0.0,0.0,0.0,0.0,0.0,0.0,0.0,0.0,0.0,0.0,0.0,0.0,0.0,0.0,0.0,0.0,0.0,0.4744,0.7366
128,0.05,3,10,100,16,16,256,202,730,24,ContrastiveLoss,gru,/home/dpetrovitch/dzagcoffee/train_trace/age_pred/checkpoints/age_pred_2025-10-10 14:37:35.506749_ContrastiveLoss_gru_catboost/model_128_0.05_3_10_100_256_16_16_ContrastiveLoss_gruepoch=10.ckpt,10,24,0.115806505,33.1012,6.1523,0.0,43.4298,1.1095,11.6221,0.8118,6518.4517,166.1965,926.4268,23.6205,872.8252,22.2538,844.1614,21.523,808.2736,20.608,781.6364,19.9289,736.2192,18.7709,691.8316,15.6477,98.3257,2.2239,92.6367,2.0952,89.5945,2.0264,85.7856,1.9403,82.9585,1.8763,78.1381,1.7673,0.0,0.0,0.0,0.0,0.0,0.0,0.0,0.0,0.0,0.0,0.0,0.0,0.0,0.0,0.0,0.0,0.0,0.0,0.0,0.0,0.0,0.0,0.0,0.0,0.0,0.0,0.0,0.0,0.0,0.0,0.0,0.0,0.0,0.0,0.0,0.4644,0.7273
128,0.05,3,10,100,16,16,256,202,730,24,ContrastiveLoss,gru,/home/dpetrovitch/dzagcoffee/train_trace/age_pred/checkpoints/age_pred_2025-10-10 14:37:35.506749_ContrastiveLoss_gru_catboost/model_128_0.05_3_10_100_256_16_16_ContrastiveLoss_gruepoch=11.ckpt,11,24,0.11914063,33.3855,6.1523,0.0,43.468,1.1064,12.6788,0.8163,6469.111,165.1147,933.636,23.8297,878.2941,22.4172,848.4415,21.6552,810.7922,20.6943,782.1737,19.9639,732.9835,18.7083,673.1609,15.5128,97.152,2.2388,91.3933,2.1061,88.2869,2.0346,84.3692,1.9443,81.3912,1.8756,76.2726,1.7577,0.0,0.0,0.0,0.0,0.0,0.0,0.0,0.0,0.0,0.0,0.0,0.0,0.0,0.0,0.0,0.0,0.0,0.0,0.0,0.0,0.0,0.0,0.0,0.0,0.0,0.0,0.0,0.0,0.0,0.0,0.0,0.0,0.0,0.0,0.0,0.4567,0.7257
128,0.05,3,10,100,16,16,256,202,730,24,ContrastiveLoss,gru,/home/dpetrovitch/dzagcoffee/train_trace/age_pred/checkpoints/age_pred_2025-10-10 14:37:35.506749_ContrastiveLoss_gru_catboost/model_128_0.05_3_10_100_256_16_16_ContrastiveLoss_gruepoch=12.ckpt,12,24,0.12305676,34.7098,6.1523,0.0,43.7703,1.1115,11.4523,0.8088,6622.8745,168.721,940.0012,23.947,886.2251,22.577,857.454,21.8441,820.8684,20.912,793.2155,20.2076,744.9598,18.9782,709.307,15.7859,100.6737,2.2405,94.9143,2.1123,91.833,2.0438,87.9147,1.9566,84.953,1.8907,79.7849,1.7756,0.0,0.0,0.0,0.0,0.0,0.0,0.0,0.0,0.0,0.0,0.0,0.0,0.0,0.0,0.0,0.0,0.0,0.0,0.0,0.0,0.0,0.0,0.0,0.0,0.0,0.0,0.0,0.0,0.0,0.0,0.0,0.0,0.0,0.0,0.0,0.4511,0.7214
128,0.05,3,10,100,16,16,256,202,730,24,ContrastiveLoss,gru,/home/dpetrovitch/dzagcoffee/train_trace/age_pred/checkpoints/age_pred_2025-10-10 14:37:35.506749_ContrastiveLoss_gru_catboost/model_128_0.05_3_10_100_256_16_16_ContrastiveLoss_gruepoch=13.ckpt,13,24,0.12754498,33.3063,6.1523,0.0,43.8083,1.1071,11.9025,0.8153,6499.416,165.6829,936.374,23.87,881.0204,22.4589,851.4486,21.7051,814.2464,20.7567,786.3435,20.0454,739.7682,18.8581,674.3618,15.4021,97.1556,2.219,91.4123,2.0878,88.344,2.0177,84.484,1.9296,81.5889,1.8634,76.7563,1.7531,0.0,0.0,0.0,0.0,0.0,0.0,0.0,0.0,0.0,0.0,0.0,0.0,0.0,0.0,0.0,0.0,0.0,0.0,0.0,0.0,0.0,0.0,0.0,0.0,0.0,0.0,0.0,0.0,0.0,0.0,0.0,0.0,0.0,0.0,0.0,0.4689,0.7267
128,0.05,3,10,100,16,16,256,202,730,24,ContrastiveLoss,gru,/home/dpetrovitch/dzagcoffee/train_trace/age_pred/checkpoints/age_pred_2025-10-10 14:37:35.506749_ContrastiveLoss_gru_catboost/model_128_0.05_3_10_100_256_16_16_ContrastiveLoss_gruepoch=14.ckpt,14,24,0.12530579,35.0508,6.1523,0.0,43.8068,1.1126,11.2784,0.8072,6714.115,171.1208,946.4397,24.1217,892.3036,22.7419,863.3707,22.0045,827.2049,21.0827,799.9269,20.3875,754.8628,19.239,680.0744,15.34,95.8651,2.1624,90.3817,2.0387,87.451,1.9726,83.7878,1.8899,81.0248,1.8276,76.4602,1.7247,0.0,0.0,0.0,0.0,0.0,0.0,0.0,0.0,0.0,0.0,0.0,0.0,0.0,0.0,0.0,0.0,0.0,0.0,0.0,0.0,0.0,0.0,0.0,0.0,0.0,0.0,0.0,0.0,0.0,0.0,0.0,0.0,0.0,0.0,0.0,0.4678,0.7251
128,0.05,3,10,100,16,16,256,202,730,24,ContrastiveLoss,gru,/home/dpetrovitch/dzagcoffee/train_trace/age_pred/checkpoints/age_pred_2025-10-10 14:37:35.506749_ContrastiveLoss_gru_catboost/model_128_0.05_3_10_100_256_16_16_ContrastiveLoss_gruepoch=15.ckpt,15,24,0.13221078,35.2855,6.1523,0.0,43.8098,1.1145,11.7482,0.8045,6803.528,173.2093,951.5799,24.226,897.6163,22.8522,868.7242,22.1166,832.305,21.1894,804.6625,20.4857,757.5924,19.2874,726.7448,15.9272,101.6467,2.2277,95.8823,2.1013,92.7961,2.0337,88.9058,1.9484,85.9531,1.8837,80.9251,1.7735,0.0,0.0,0.0,0.0,0.0,0.0,0.0,0.0,0.0,0.0,0.0,0.0,0.0,0.0,0.0,0.0,0.0,0.0,0.0,0.0,0.0,0.0,0.0,0.0,0.0,0.0,0.0,0.0,0.0,0.0,0.0,0.0,0.0,0.0,0.0,0.4833,0.7351
128,0.05,3,10,100,16,16,256,202,730,24,ContrastiveLoss,gru,/home/dpetrovitch/dzagcoffee/train_trace/age_pred/checkpoints/age_pred_2025-10-10 14:37:35.506749_ContrastiveLoss_gru_catboost/model_128_0.05_3_10_100_256_16_16_ContrastiveLoss_gruepoch=16.ckpt,16,24,0.12782118,33.7379,6.1523,0.0,43.6218,1.1086,10.7268,0.813,6518.915,166.0795,933.8765,23.792,879.3099,22.4018,849.9444,21.6537,812.9772,20.7119,785.222,20.0048,739.0508,18.8285,712.0662,16.0064,102.0081,2.293,96.0477,2.159,92.8401,2.0869,88.8021,1.9962,85.7704,1.928,80.7271,1.8147,0.0,0.0,0.0,0.0,0.0,0.0,0.0,0.0,0.0,0.0,0.0,0.0,0.0,0.0,0.0,0.0,0.0,0.0,0.0,0.0,0.0,0.0,0.0,0.0,0.0,0.0,0.0,0.0,0.0,0.0,0.0,0.0,0.0,0.0,0.0,0.4733,0.7227
128,0.05,3,10,100,16,16,256,202,730,24,ContrastiveLoss,gru,/home/dpetrovitch/dzagcoffee/train_trace/age_pred/checkpoints/age_pred_2025-10-10 14:37:35.506749_ContrastiveLoss_gru_catboost/model_128_0.05_3_10_100_256_16_16_ContrastiveLoss_gruepoch=17.ckpt,17,24,0.12529594,34.6365,6.1523,0.0,43.6684,1.1163,12.1238,0.8018,6863.276,174.5586,956.6666,24.3316,902.4921,22.9537,873.0696,22.2054,836.252,21.269,808.428,20.5613,761.9125,19.3783,744.047,16.134,103.7121,2.2489,97.8391,2.1216,94.6494,2.0524,90.658,1.9658,87.6416,1.9004,82.5988,1.7911,0.0,0.0,0.0,0.0,0.0,0.0,0.0,0.0,0.0,0.0,0.0,0.0,0.0,0.0,0.0,0.0,0.0,0.0,0.0,0.0,0.0,0.0,0.0,0.0,0.0,0.0,0.0,0.0,0.0,0.0,0.0,0.0,0.0,0.0,0.0,0.4722,0.7233
128,0.05,3,10,100,16,16,256,202,730,24,ContrastiveLoss,gru,/home/dpetrovitch/dzagcoffee/train_trace/age_pred/checkpoints/age_pred_2025-10-10 14:37:35.506749_ContrastiveLoss_gru_catboost/model_128_0.05_3_10_100_256_16_16_ContrastiveLoss_gruepoch=18.ckpt,18,24,0.12469422,34.4506,6.1523,0.0,43.5069,1.1133,12.0557,0.8062,6764.579,172.0441,951.3508,24.1958,897.2525,22.8199,868.4418,22.0871,831.9045,21.1579,804.0242,20.4488,756.2801,19.2345,730.8023,16.1795,102.7779,2.2754,96.9335,2.146,93.821,2.0771,89.8737,1.9897,86.8617,1.9231,81.7037,1.8089,0.0,0.0,0.0,0.0,0.0,0.0,0.0,0.0,0.0,0.0,0.0,0.0,0.0,0.0,0.0,0.0,0.0,0.0,0.0,0.0,0.0,0.0,0.0,0.0,0.0,0.0,0.0,0.0,0.0,0.0,0.0,0.0,0.0,0.0,0.0,0.4611,0.7267
128,0.05,3,10,100,16,16,256,202,730,24,ContrastiveLoss,gru,/home/dpetrovitch/dzagcoffee/train_trace/age_pred/checkpoints/age_pred_2025-10-10 14:37:35.506749_ContrastiveLoss_gru_catboost/model_128_0.05_3_10_100_256_16_16_ContrastiveLoss_gruepoch=19.ckpt,19,24,0.13152029,33.7439,6.1523,0.0,43.595,1.1101,12.1882,0.8108,6575.0317,167.4387,935.4161,23.8212,881.796,22.4557,853.0417,21.7234,816.9056,20.8032,789.6119,20.1081,743.7893,18.9412,696.7708,15.7256,99.1281,2.2373,93.4459,2.109,90.3987,2.0402,86.5693,1.9538,83.6769,1.8885,78.821,1.7789,0.0,0.0,0.0,0.0,0.0,0.0,0.0,0.0,0.0,0.0,0.0,0.0,0.0,0.0,0.0,0.0,0.0,0.0,0.0,0.0,0.0,0.0,0.0,0.0,0.0,0.0,0.0,0.0,0.0,0.0,0.0,0.0,0.0,0.0,0.0,0.4622,0.7259
128,0.05,3,10,100,16,16,256,202,730,24,ContrastiveLoss,gru,/home/dpetrovitch/dzagcoffee/train_trace/age_pred/checkpoints/age_pred_2025-10-10 14:37:35.506749_ContrastiveLoss_gru_catboost/model_128_0.05_3_10_100_256_16_16_ContrastiveLoss_gruepoch=20.ckpt,20,24,0.13922428,34.9216,6.1523,0.0,43.738,1.1121,12.5994,0.8079,6796.076,172.7956,957.4964,24.3451,904.872,23.0071,876.7212,22.2913,841.284,21.3903,814.7218,20.715,770.2904,19.5852,790.6513,16.8291,111.3946,2.3711,105.2723,2.2407,101.9972,2.171,97.8745,2.0833,94.7842,2.0175,89.6151,1.9075,0.0,0.0,0.0,0.0,0.0,0.0,0.0,0.0,0.0,0.0,0.0,0.0,0.0,0.0,0.0,0.0,0.0,0.0,0.0,0.0,0.0,0.0,0.0,0.0,0.0,0.0,0.0,0.0,0.0,0.0,0.0,0.0,0.0,0.0,0.0,0.4956,0.7421
128,0.05,3,10,100,16,16,256,202,730,24,ContrastiveLoss,gru,/home/dpetrovitch/dzagcoffee/train_trace/age_pred/checkpoints/age_pred_2025-10-10 14:37:35.506749_ContrastiveLoss_gru_catboost/model_128_0.05_3_10_100_256_16_16_ContrastiveLoss_gruepoch=21.ckpt,21,24,0.1407927,34.883,6.1523,0.0,43.7096,1.1133,11.9445,0.8062,6803.5073,172.9031,954.8299,24.2659,901.7696,22.9174,873.1158,22.1892,837.0744,21.2733,809.4328,20.5708,761.362,19.3491,785.2792,16.8089,110.2091,2.359,104.0847,2.2279,100.7774,2.1571,96.6174,2.0681,93.4269,1.9998,87.8785,1.881,0.0,0.0,0.0,0.0,0.0,0.0,0.0,0.0,0.0,0.0,0.0,0.0,0.0,0.0,0.0,0.0,0.0,0.0,0.0,0.0,0.0,0.0,0.0,0.0,0.0,0.0,0.0,0.0,0.0,0.0,0.0,0.0,0.0,0.0,0.0,0.4789,0.7385
128,0.05,3,10,100,16,16,256,202,730,24,ContrastiveLoss,gru,/home/dpetrovitch/dzagcoffee/train_trace/age_pred/checkpoints/age_pred_2025-10-10 14:37:35.506749_ContrastiveLoss_gru_catboost/model_128_0.05_3_10_100_256_16_16_ContrastiveLoss_gruepoch=22.ckpt,22,24,0.13985558,34.8826,6.1523,0.0,43.7398,1.1136,12.2244,0.8058,6797.86,172.9688,952.2035,24.2284,898.6025,22.8646,870.0108,22.1371,833.9548,21.2196,806.9011,20.5313,761.2967,19.3709,723.6252,15.9714,101.3611,2.2372,95.6553,2.1112,92.6118,2.0441,88.7736,1.9594,85.8938,1.8958,81.0392,1.7886,0.0,0.0,0.0,0.0,0.0,0.0,0.0,0.0,0.0,0.0,0.0,0.0,0.0,0.0,0.0,0.0,0.0,0.0,0.0,0.0,0.0,0.0,0.0,0.0,0.0,0.0,0.0,0.0,0.0,0.0,0.0,0.0,0.0,0.0,0.0,0.4711,0.7426
128,0.05,3,10,100,16,16,256,202,730,24,ContrastiveLoss,gru,/home/dpetrovitch/dzagcoffee/train_trace/age_pred/checkpoints/age_pred_2025-10-10 14:37:35.506749_ContrastiveLoss_gru_catboost/model_128_0.05_3_10_100_256_16_16_ContrastiveLoss_gruepoch=23.ckpt,23,24,0.13287172,34.7821,6.1523,0.0,43.6401,1.113,12.3719,0.8066,6750.6514,171.8137,948.412,24.1384,894.8936,22.7763,865.9186,22.0389,829.2004,21.1043,801.4077,20.397,753.7075,19.1829,727.6906,16.0622,102.2347,2.2566,96.4656,2.1293,93.3422,2.0603,89.3842,1.973,86.3882,1.9068,81.2464,1.7933,0.0,0.0,0.0,0.0,0.0,0.0,0.0,0.0,0.0,0.0,0.0,0.0,0.0,0.0,0.0,0.0,0.0,0.0,0.0,0.0,0.0,0.0,0.0,0.0,0.0,0.0,0.0,0.0,0.0,0.0,0.0,0.0,0.0,0.0,0.0,0.4789,0.7372
128,0.001,3,10,100,16,16,256,202,730,24,ContrastiveLoss,gru,/home/dpetrovitch/dzagcoffee/train_trace/age_pred/checkpoints/age_pred_2025-10-10 14:37:35.506749_ContrastiveLoss_gru_catboost/model_128_0.001_3_10_100_256_16_16_ContrastiveLoss_gruepoch=00.ckpt,0,24,0.11311355,52.4985,4.3657,0.0007,4.1069,1.1382,5.4845,0.7763,1797.5664,46.1298,774.3113,19.8707,696.986,17.8863,654.9414,16.8073,600.7256,15.416,558.5336,14.3333,481.6552,12.3604,110.1765,3.2761,47.4591,1.4112,42.7197,1.2703,40.1427,1.1936,36.8197,1.0948,34.2337,1.0179,29.5216,0.8778,0.0,0.0,0.0,0.0,0.0,0.0,0.0,0.0,0.0,0.0,0.0,0.0,0.0,0.0,0.0,0.0,0.0,0.0,0.0,0.0,0.0,0.0,0.0,0.0,0.0,0.0,0.0,0.0,0.0,0.0,0.0,0.0,0.0,0.0,0.0,0.4711,0.7279
128,0.001,3,10,100,16,16,256,202,730,24,ContrastiveLoss,gru,/home/dpetrovitch/dzagcoffee/train_trace/age_pred/checkpoints/age_pred_2025-10-10 14:37:35.506749_ContrastiveLoss_gru_catboost/model_128_0.001_3_10_100_256_16_16_ContrastiveLoss_gruepoch=01.ckpt,1,24,0.17602786,59.402,3.6528,0.0008,4.0538,1.1565,6.2773,0.7504,2321.3254,59.0328,849.2465,21.5969,775.4221,19.7195,735.456,18.7031,684.1654,17.3988,644.6905,16.3949,577.3934,14.6835,165.3438,4.3816,60.4903,1.603,55.2319,1.4637,52.3852,1.3882,48.7319,1.2914,45.9201,1.2169,41.1267,1.0899,0.0,0.0,0.0,0.0,0.0,0.0,0.0,0.0,0.0,0.0,0.0,0.0,0.0,0.0,0.0,0.0,0.0,0.0,0.0,0.0,0.0,0.0,0.0,0.0,0.0,0.0,0.0,0.0,0.0,0.0,0.0,0.0,0.0,0.0,0.0,0.4822,0.7512
128,0.001,3,10,100,16,16,256,202,730,24,ContrastiveLoss,gru,/home/dpetrovitch/dzagcoffee/train_trace/age_pred/checkpoints/age_pred_2025-10-10 14:37:35.506749_ContrastiveLoss_gru_catboost/model_128_0.001_3_10_100_256_16_16_ContrastiveLoss_gruepoch=02.ckpt,2,24,0.21414338,61.0836,3.2805,0.0007,4.0212,1.1664,6.6907,0.737,2689.7495,68.2381,866.6167,21.9858,797.2273,20.2254,759.3698,19.265,711.2688,18.0447,675.3247,17.1328,614.0043,15.5771,221.0738,5.4832,71.2283,1.7667,65.5251,1.6252,62.4135,1.548,58.4601,1.45,55.5058,1.3767,50.4658,1.2517,0.0,0.0,0.0,0.0,0.0,0.0,0.0,0.0,0.0,0.0,0.0,0.0,0.0,0.0,0.0,0.0,0.0,0.0,0.0,0.0,0.0,0.0,0.0,0.0,0.0,0.0,0.0,0.0,0.0,0.0,0.0,0.0,0.0,0.0,0.0,0.5044,0.7478
128,0.001,3,10,100,16,16,256,202,730,24,ContrastiveLoss,gru,/home/dpetrovitch/dzagcoffee/train_trace/age_pred/checkpoints/age_pred_2025-10-10 14:37:35.506749_ContrastiveLoss_gru_catboost/model_128_0.001_3_10_100_256_16_16_ContrastiveLoss_gruepoch=03.ckpt,3,24,0.24794821,62.3283,3.9319,0.0006,3.956,1.171,7.2354,0.7309,2977.5542,75.456,888.7548,22.5225,820.612,20.7956,783.3161,19.8505,736.5327,18.6649,701.055,17.7659,639.1278,16.1965,277.5965,6.4168,82.8583,1.9153,76.5054,1.7685,73.0283,1.6881,68.6667,1.5873,65.3591,1.5108,59.5857,1.3774,0.0,0.0,0.0,0.0,0.0,0.0,0.0,0.0,0.0,0.0,0.0,0.0,0.0,0.0,0.0,0.0,0.0,0.0,0.0,0.0,0.0,0.0,0.0,0.0,0.0,0.0,0.0,0.0,0.0,0.0,0.0,0.0,0.0,0.0,0.0,0.53,0.7671
128,0.001,3,10,100,16,16,256,202,730,24,ContrastiveLoss,gru,/home/dpetrovitch/dzagcoffee/train_trace/age_pred/checkpoints/age_pred_2025-10-10 14:37:35.506749_ContrastiveLoss_gru_catboost/model_128_0.001_3_10_100_256_16_16_ContrastiveLoss_gruepoch=04.ckpt,4,24,0.24896425,63.8499,3.79,0.0004,3.9668,1.1824,7.7454,0.7166,3180.7302,80.5773,900.0901,22.8019,832.6256,21.0929,795.8151,20.1603,749.4856,18.9867,714.9558,18.1119,655.7849,16.613,301.3775,6.8828,85.2845,1.9477,78.8922,1.8017,75.4043,1.7221,71.0146,1.6218,67.7428,1.5471,62.1363,1.4191,0.0,0.0,0.0,0.0,0.0,0.0,0.0,0.0,0.0,0.0,0.0,0.0,0.0,0.0,0.0,0.0,0.0,0.0,0.0,0.0,0.0,0.0,0.0,0.0,0.0,0.0,0.0,0.0,0.0,0.0,0.0,0.0,0.0,0.0,0.0,0.5422,0.7799
128,0.001,3,10,100,16,16,256,202,730,24,ContrastiveLoss,gru,/home/dpetrovitch/dzagcoffee/train_trace/age_pred/checkpoints/age_pred_2025-10-10 14:37:35.506749_ContrastiveLoss_gru_catboost/model_128_0.001_3_10_100_256_16_16_ContrastiveLoss_gruepoch=05.ckpt,5,24,0.27485797,65.591,3.6989,0.0004,3.9509,1.1907,7.8984,0.7073,3389.724,85.855,919.0906,23.2787,850.6015,21.544,812.9849,20.5913,764.5221,19.3638,726.6598,18.4048,658.3217,16.674,328.3788,7.3056,89.0367,1.9808,82.4018,1.8332,78.7577,1.7522,74.0629,1.6477,70.395,1.5661,63.7748,1.4188,0.0,0.0,0.0,0.0,0.0,0.0,0.0,0.0,0.0,0.0,0.0,0.0,0.0,0.0,0.0,0.0,0.0,0.0,0.0,0.0,0.0,0.0,0.0,0.0,0.0,0.0,0.0,0.0,0.0,0.0,0.0,0.0,0.0,0.0,0.0,0.5322,0.7935
128,0.001,3,10,100,16,16,256,202,730,24,ContrastiveLoss,gru,/home/dpetrovitch/dzagcoffee/train_trace/age_pred/checkpoints/age_pred_2025-10-10 14:37:35.506749_ContrastiveLoss_gru_catboost/model_128_0.001_3_10_100_256_16_16_ContrastiveLoss_gruepoch=06.ckpt,6,24,0.27922785,66.8704,3.5095,0.0006,3.9287,1.2053,8.2858,0.6904,3607.8672,91.3898,923.0204,23.3808,854.7315,21.651,817.1003,20.6977,768.4523,19.4654,730.7117,18.5094,663.0936,16.7966,357.3281,7.7769,91.4172,1.9896,84.6538,1.8424,80.9267,1.7613,76.1086,1.6564,72.3707,1.5751,65.6737,1.4293,0.0,0.0,0.0,0.0,0.0,0.0,0.0,0.0,0.0,0.0,0.0,0.0,0.0,0.0,0.0,0.0,0.0,0.0,0.0,0.0,0.0,0.0,0.0,0.0,0.0,0.0,0.0,0.0,0.0,0.0,0.0,0.0,0.0,0.0,0.0,0.5489,0.7947
128,0.001,3,10,100,16,16,256,202,730,24,ContrastiveLoss,gru,/home/dpetrovitch/dzagcoffee/train_trace/age_pred/checkpoints/age_pred_2025-10-10 14:37:35.506749_ContrastiveLoss_gru_catboost/model_128_0.001_3_10_100_256_16_16_ContrastiveLoss_gruepoch=07.ckpt,7,24,0.28005642,62.4787,3.9285,0.0004,4.01,1.1775,8.7199,0.7225,3618.3977,91.6035,926.0596,23.4442,860.7193,21.79,824.8956,20.8831,778.7793,19.7156,743.5502,18.8238,681.4784,17.2523,369.7748,7.9684,94.6368,2.0394,87.9595,1.8955,84.2985,1.8166,79.5858,1.715,75.9856,1.6374,69.6423,1.5007,0.0,0.0,0.0,0.0,0.0,0.0,0.0,0.0,0.0,0.0,0.0,0.0,0.0,0.0,0.0,0.0,0.0,0.0,0.0,0.0,0.0,0.0,0.0,0.0,0.0,0.0,0.0,0.0,0.0,0.0,0.0,0.0,0.0,0.0,0.0,0.5678,0.8037
128,0.001,3,10,100,16,16,256,202,730,24,ContrastiveLoss,gru,/home/dpetrovitch/dzagcoffee/train_trace/age_pred/checkpoints/age_pred_2025-10-10 14:37:35.506749_ContrastiveLoss_gru_catboost/model_128_0.001_3_10_100_256_16_16_ContrastiveLoss_gruepoch=08.ckpt,8,24,0.2857382,65.2373,2.7279,0.0004,3.9905,1.1956,8.5422,0.7015,3781.8704,95.7756,934.4513,23.6649,868.8906,22.0046,832.8447,21.0917,786.261,19.912,750.2518,19.0001,685.6379,17.3637,391.3826,8.3877,96.7056,2.0725,89.9208,1.9271,86.1904,1.8471,81.3695,1.7438,77.6429,1.664,70.9561,1.5206,0.0,0.0,0.0,0.0,0.0,0.0,0.0,0.0,0.0,0.0,0.0,0.0,0.0,0.0,0.0,0.0,0.0,0.0,0.0,0.0,0.0,0.0,0.0,0.0,0.0,0.0,0.0,0.0,0.0,0.0,0.0,0.0,0.0,0.0,0.0,0.5556,0.7987
128,0.001,3,10,100,16,16,256,202,730,24,ContrastiveLoss,gru,/home/dpetrovitch/dzagcoffee/train_trace/age_pred/checkpoints/age_pred_2025-10-10 14:37:35.506749_ContrastiveLoss_gru_catboost/model_128_0.001_3_10_100_256_16_16_ContrastiveLoss_gruepoch=09.ckpt,9,24,0.3020636,66.9734,2.7651,0.0004,3.9682,1.2072,7.8897,0.688,3922.1067,99.2915,934.5763,23.6596,867.8086,21.9693,830.6721,21.0292,782.6685,19.8139,745.3908,18.8702,678.4957,17.1767,407.4595,8.7212,97.0912,2.0781,90.1548,1.9297,86.2968,1.8471,81.3098,1.7403,77.4371,1.6574,70.4875,1.5087,0.0,0.0,0.0,0.0,0.0,0.0,0.0,0.0,0.0,0.0,0.0,0.0,0.0,0.0,0.0,0.0,0.0,0.0,0.0,0.0,0.0,0.0,0.0,0.0,0.0,0.0,0.0,0.0,0.0,0.0,0.0,0.0,0.0,0.0,0.0,0.5611,0.8003
128,0.001,3,10,100,16,16,256,202,730,24,ContrastiveLoss,gru,/home/dpetrovitch/dzagcoffee/train_trace/age_pred/checkpoints/age_pred_2025-10-10 14:37:35.506749_ContrastiveLoss_gru_catboost/model_128_0.001_3_10_100_256_16_16_ContrastiveLoss_gruepoch=10.ckpt,10,24,0.293314,62.9553,3.794,0.0002,4.0701,1.1807,8.3745,0.7187,3834.494,97.0826,935.8618,23.6944,871.6347,22.0682,836.1101,21.1688,790.3747,20.0109,754.6806,19.1072,691.3407,17.5035,401.6605,8.6467,98.0309,2.1104,91.3031,1.9655,87.5819,1.8854,82.7912,1.7823,79.0523,1.7018,72.4174,1.559,0.0,0.0,0.0,0.0,0.0,0.0,0.0,0.0,0.0,0.0,0.0,0.0,0.0,0.0,0.0,0.0,0.0,0.0,0.0,0.0,0.0,0.0,0.0,0.0,0.0,0.0,0.0,0.0,0.0,0.0,0.0,0.0,0.0,0.0,0.0,0.5622,0.8053
128,0.001,3,10,100,16,16,256,202,730,24,ContrastiveLoss,gru,/home/dpetrovitch/dzagcoffee/train_trace/age_pred/checkpoints/age_pred_2025-10-10 14:37:35.506749_ContrastiveLoss_gru_catboost/model_128_0.001_3_10_100_256_16_16_ContrastiveLoss_gruepoch=11.ckpt,11,24,0.3071437,67.402,3.7945,0.0003,4.0113,1.2082,8.5159,0.6863,4054.2395,102.6364,941.8885,23.8447,876.2268,22.1824,839.8436,21.2613,792.5176,20.0632,755.6275,19.1293,689.4248,17.4534,422.2128,8.9713,98.0893,2.0842,91.2512,1.9389,87.4622,1.8584,82.5336,1.7537,78.6919,1.6721,71.7974,1.5256,0.0,0.0,0.0,0.0,0.0,0.0,0.0,0.0,0.0,0.0,0.0,0.0,0.0,0.0,0.0,0.0,0.0,0.0,0.0,0.0,0.0,0.0,0.0,0.0,0.0,0.0,0.0,0.0,0.0,0.0,0.0,0.0,0.0,0.0,0.0,0.5744,0.799
128,0.001,3,10,100,16,16,256,202,730,24,ContrastiveLoss,gru,/home/dpetrovitch/dzagcoffee/train_trace/age_pred/checkpoints/age_pred_2025-10-10 14:37:35.506749_ContrastiveLoss_gru_catboost/model_128_0.001_3_10_100_256_16_16_ContrastiveLoss_gruepoch=12.ckpt,12,24,0.311553,66.0549,3.4819,0.0003,4.0563,1.2012,8.6264,0.6949,4062.4312,102.8588,940.1387,23.8039,874.1458,22.133,837.7111,21.2105,790.3777,20.012,753.7536,19.0847,688.2855,17.4271,410.9066,8.8923,95.0931,2.0579,88.4181,1.9134,84.7328,1.8337,79.9451,1.7301,76.2406,1.6499,69.6187,1.5066,0.0,0.0,0.0,0.0,0.0,0.0,0.0,0.0,0.0,0.0,0.0,0.0,0.0,0.0,0.0,0.0,0.0,0.0,0.0,0.0,0.0,0.0,0.0,0.0,0.0,0.0,0.0,0.0,0.0,0.0,0.0,0.0,0.0,0.0,0.0,0.5711,0.8069
128,0.001,3,10,100,16,16,256,202,730,24,ContrastiveLoss,gru,/home/dpetrovitch/dzagcoffee/train_trace/age_pred/checkpoints/age_pred_2025-10-10 14:37:35.506749_ContrastiveLoss_gru_catboost/model_128_0.001_3_10_100_256_16_16_ContrastiveLoss_gruepoch=13.ckpt,13,24,0.3072325,66.666,3.9995,0.0002,4.07,1.2006,8.7604,0.6949,4098.098,103.7473,948.0304,24.0003,883.1659,22.3582,847.0468,21.4438,800.0822,20.2549,763.4961,19.3286,697.7701,17.6647,415.1789,8.9439,96.0451,2.069,89.4737,1.9275,85.8144,1.8486,81.0564,1.7461,77.3499,1.6663,70.6912,1.5229,0.0,0.0,0.0,0.0,0.0,0.0,0.0,0.0,0.0,0.0,0.0,0.0,0.0,0.0,0.0,0.0,0.0,0.0,0.0,0.0,0.0,0.0,0.0,0.0,0.0,0.0,0.0,0.0,0.0,0.0,0.0,0.0,0.0,0.0,0.0,0.5756,0.8016
128,0.001,3,10,100,16,16,256,202,730,24,ContrastiveLoss,gru,/home/dpetrovitch/dzagcoffee/train_trace/age_pred/checkpoints/age_pred_2025-10-10 14:37:35.506749_ContrastiveLoss_gru_catboost/model_128_0.001_3_10_100_256_16_16_ContrastiveLoss_gruepoch=14.ckpt,14,24,0.3106159,65.5884,4.8055,0.0002,4.112,1.1931,9.4233,0.7039,4086.1147,103.4239,952.3117,24.104,888.2687,22.483,852.9885,21.59,807.388,20.4358,771.9877,19.5398,707.922,17.9183,420.5076,8.9394,98.0037,2.0834,91.4129,1.9433,87.7822,1.8661,83.0894,1.7664,79.4463,1.6889,72.8532,1.5488,0.0,0.0,0.0,0.0,0.0,0.0,0.0,0.0,0.0,0.0,0.0,0.0,0.0,0.0,0.0,0.0,0.0,0.0,0.0,0.0,0.0,0.0,0.0,0.0,0.0,0.0,0.0,0.0,0.0,0.0,0.0,0.0,0.0,0.0,0.0,0.5711,0.8075
128,0.001,3,10,100,16,16,256,202,730,24,ContrastiveLoss,gru,/home/dpetrovitch/dzagcoffee/train_trace/age_pred/checkpoints/age_pred_2025-10-10 14:37:35.506749_ContrastiveLoss_gru_catboost/model_128_0.001_3_10_100_256_16_16_ContrastiveLoss_gruepoch=15.ckpt,15,24,0.2987393,66.0276,5.0645,1e-04,4.1183,1.1925,8.6906,0.7044,4088.5037,103.4974,951.6896,24.0913,887.5694,22.4681,852.1781,21.5722,806.2695,20.4101,770.8482,19.5134,707.2805,17.9043,410.9046,8.7843,95.6471,2.0447,89.2029,1.907,85.646,1.8309,81.0321,1.7323,77.4721,1.6562,71.0834,1.5196,0.0,0.0,0.0,0.0,0.0,0.0,0.0,0.0,0.0,0.0,0.0,0.0,0.0,0.0,0.0,0.0,0.0,0.0,0.0,0.0,0.0,0.0,0.0,0.0,0.0,0.0,0.0,0.0,0.0,0.0,0.0,0.0,0.0,0.0,0.0,0.5722,0.8032
128,0.001,3,10,100,16,16,256,202,730,24,ContrastiveLoss,gru,/home/dpetrovitch/dzagcoffee/train_trace/age_pred/checkpoints/age_pred_2025-10-10 14:37:35.506749_ContrastiveLoss_gru_catboost/model_128_0.001_3_10_100_256_16_16_ContrastiveLoss_gruepoch=16.ckpt,16,24,0.32025334,65.8258,3.0856,0.0002,4.1179,1.189,9.6678,0.7086,4146.125,104.9504,955.7856,24.1937,892.3151,22.5871,857.1653,21.6973,811.5682,20.5431,775.9496,19.6415,712.473,18.0348,417.8788,8.8471,96.3315,2.0395,89.9345,1.904,86.3918,1.829,81.7962,1.7317,78.2062,1.6557,71.8086,1.5203,0.0,0.0,0.0,0.0,0.0,0.0,0.0,0.0,0.0,0.0,0.0,0.0,0.0,0.0,0.0,0.0,0.0,0.0,0.0,0.0,0.0,0.0,0.0,0.0,0.0,0.0,0.0,0.0,0.0,0.0,0.0,0.0,0.0,0.0,0.0,0.5733,0.8119
128,0.001,3,10,100,16,16,256,202,730,24,ContrastiveLoss,gru,/home/dpetrovitch/dzagcoffee/train_trace/age_pred/checkpoints/age_pred_2025-10-10 14:37:35.506749_ContrastiveLoss_gru_catboost/model_128_0.001_3_10_100_256_16_16_ContrastiveLoss_gruepoch=17.ckpt,17,24,0.31474906,67.1281,3.6835,1e-04,4.1298,1.1939,9.4139,0.703,4210.155,106.565,963.3867,24.3847,899.6992,22.7727,864.1102,21.8719,817.7689,20.6989,781.0363,19.7691,714.5965,18.0875,430.1648,9.0544,98.4323,2.0719,91.9251,1.9349,88.2889,1.8584,83.554,1.7587,79.8009,1.6797,73.0126,1.5368,0.0,0.0,0.0,0.0,0.0,0.0,0.0,0.0,0.0,0.0,0.0,0.0,0.0,0.0,0.0,0.0,0.0,0.0,0.0,0.0,0.0,0.0,0.0,0.0,0.0,0.0,0.0,0.0,0.0,0.0,0.0,0.0,0.0,0.0,0.0,0.5867,0.8084
128,0.001,3,10,100,16,16,256,202,730,24,ContrastiveLoss,gru,/home/dpetrovitch/dzagcoffee/train_trace/age_pred/checkpoints/age_pred_2025-10-10 14:37:35.506749_ContrastiveLoss_gru_catboost/model_128_0.001_3_10_100_256_16_16_ContrastiveLoss_gruepoch=18.ckpt,18,24,0.32535315,67.007,3.6775,0.0002,4.1332,1.1932,9.1744,0.7036,4238.8965,107.2806,963.2332,24.3781,899.7263,22.7708,864.4589,21.8783,818.1933,20.7073,781.426,19.7768,714.2874,18.0776,435.0645,9.1361,98.8627,2.0761,92.3446,1.9392,88.7248,1.8632,83.9763,1.7634,80.2026,1.6842,73.3118,1.5395,0.0,0.0,0.0,0.0,0.0,0.0,0.0,0.0,0.0,0.0,0.0,0.0,0.0,0.0,0.0,0.0,0.0,0.0,0.0,0.0,0.0,0.0,0.0,0.0,0.0,0.0,0.0,0.0,0.0,0.0,0.0,0.0,0.0,0.0,0.0,0.5667,0.8082
128,0.001,3,10,100,16,16,256,202,730,24,ContrastiveLoss,gru,/home/dpetrovitch/dzagcoffee/train_trace/age_pred/checkpoints/age_pred_2025-10-10 14:37:35.506749_ContrastiveLoss_gru_catboost/model_128_0.001_3_10_100_256_16_16_ContrastiveLoss_gruepoch=19.ckpt,19,24,0.3133582,69.5637,3.8547,1e-04,4.1023,1.2144,8.6135,0.6798,4325.838,109.5112,962.4918,24.3661,898.0423,22.7345,862.145,21.8257,814.6679,20.6238,776.4749,19.6569,706.4342,17.8838,423.6392,9.0272,94.259,2.0085,87.9473,1.874,84.4318,1.7991,79.7823,1.7001,76.0419,1.6204,69.1827,1.4742,0.0,0.0,0.0,0.0,0.0,0.0,0.0,0.0,0.0,0.0,0.0,0.0,0.0,0.0,0.0,0.0,0.0,0.0,0.0,0.0,0.0,0.0,0.0,0.0,0.0,0.0,0.0,0.0,0.0,0.0,0.0,0.0,0.0,0.0,0.0,0.5656,0.8026
128,0.001,3,10,100,16,16,256,202,730,24,ContrastiveLoss,gru,/home/dpetrovitch/dzagcoffee/train_trace/age_pred/checkpoints/age_pred_2025-10-10 14:37:35.506749_ContrastiveLoss_gru_catboost/model_128_0.001_3_10_100_256_16_16_ContrastiveLoss_gruepoch=20.ckpt,20,24,0.29702294,67.595,4.1203,1e-04,4.1292,1.1988,9.0076,0.6968,4204.306,106.4174,960.4526,24.3105,897.2173,22.7099,862.3665,21.8278,817.0584,20.681,781.9876,19.7933,717.2815,18.1555,413.5839,8.7872,94.4812,2.0074,88.2606,1.8752,84.8323,1.8024,80.3753,1.7077,76.9253,1.6344,70.5601,1.4991,0.0,0.0,0.0,0.0,0.0,0.0,0.0,0.0,0.0,0.0,0.0,0.0,0.0,0.0,0.0,0.0,0.0,0.0,0.0,0.0,0.0,0.0,0.0,0.0,0.0,0.0,0.0,0.0,0.0,0.0,0.0,0.0,0.0,0.0,0.0,0.5644,0.8089
128,0.001,3,10,100,16,16,256,202,730,24,ContrastiveLoss,gru,/home/dpetrovitch/dzagcoffee/train_trace/age_pred/checkpoints/age_pred_2025-10-10 14:37:35.506749_ContrastiveLoss_gru_catboost/model_128_0.001_3_10_100_256_16_16_ContrastiveLoss_gruepoch=21.ckpt,21,24,0.31501535,68.2543,3.4252,1e-04,4.1345,1.2011,9.1632,0.6942,4315.253,109.2051,966.221,24.4519,903.4696,22.8639,868.5311,21.9797,823.1929,20.8323,787.314,19.9244,721.3611,18.2553,439.721,9.1563,98.4572,2.0502,92.0629,1.917,88.5027,1.8429,83.8827,1.7467,80.2267,1.6706,73.5062,1.5306,0.0,0.0,0.0,0.0,0.0,0.0,0.0,0.0,0.0,0.0,0.0,0.0,0.0,0.0,0.0,0.0,0.0,0.0,0.0,0.0,0.0,0.0,0.0,0.0,0.0,0.0,0.0,0.0,0.0,0.0,0.0,0.0,0.0,0.0,0.0,0.5567,0.8066
128,0.001,3,10,100,16,16,256,202,730,24,ContrastiveLoss,gru,/home/dpetrovitch/dzagcoffee/train_trace/age_pred/checkpoints/age_pred_2025-10-10 14:37:35.506749_ContrastiveLoss_gru_catboost/model_128_0.001_3_10_100_256_16_16_ContrastiveLoss_gruepoch=22.ckpt,22,24,0.31737295,69.3575,3.3998,1e-04,4.1239,1.2102,8.0575,0.6844,4397.4844,111.2919,964.0222,24.3975,899.2363,22.7579,862.8006,21.8358,814.8435,20.6221,776.4295,19.6499,706.1479,17.8712,441.3272,9.2137,96.7483,2.0198,90.2465,1.8841,86.5898,1.8078,81.7769,1.7073,77.9217,1.6268,70.8683,1.4795,0.0,0.0,0.0,0.0,0.0,0.0,0.0,0.0,0.0,0.0,0.0,0.0,0.0,0.0,0.0,0.0,0.0,0.0,0.0,0.0,0.0,0.0,0.0,0.0,0.0,0.0,0.0,0.0,0.0,0.0,0.0,0.0,0.0,0.0,0.0,0.5811,0.8143
128,0.001,3,10,100,16,16,256,202,730,24,ContrastiveLoss,gru,/home/dpetrovitch/dzagcoffee/train_trace/age_pred/checkpoints/age_pred_2025-10-10 14:37:35.506749_ContrastiveLoss_gru_catboost/model_128_0.001_3_10_100_256_16_16_ContrastiveLoss_gruepoch=23.ckpt,23,24,0.32036182,68.968,3.681,1e-04,4.1296,1.2066,8.4693,0.6883,4414.999,111.7201,963.4697,24.3803,900.043,22.7753,864.5964,21.8783,818.3329,20.7076,781.4874,19.7753,713.6499,18.0587,452.4238,9.4373,98.7308,2.0595,92.2312,1.9239,88.5989,1.8481,83.8581,1.7492,80.0823,1.6705,73.1307,1.5255,0.0,0.0,0.0,0.0,0.0,0.0,0.0,0.0,0.0,0.0,0.0,0.0,0.0,0.0,0.0,0.0,0.0,0.0,0.0,0.0,0.0,0.0,0.0,0.0,0.0,0.0,0.0,0.0,0.0,0.0,0.0,0.0,0.0,0.0,0.0,0.5867,0.8178
128,0.001,5,10,100,16,16,256,202,730,24,ContrastiveLoss,gru,/home/dpetrovitch/dzagcoffee/train_trace/age_pred/checkpoints/age_pred_2025-10-10 14:37:35.506749_ContrastiveLoss_gru_catboost/model_128_0.001_5_10_100_256_16_16_ContrastiveLoss_gruepoch=00.ckpt,0,24,0.13767757,45.3422,4.1302,0.0002,4.2221,1.0697,5.7051,0.8746,1644.316,42.0896,830.7349,21.2644,750.6165,19.2136,706.9576,18.096,651.4693,16.6757,609.267,15.5954,536.8257,13.7412,98.2658,2.8404,49.6454,1.435,44.8575,1.2966,42.2484,1.2212,38.9324,1.1254,36.4103,1.0525,32.0812,0.9273,0.0,0.0,0.0,0.0,0.0,0.0,0.0,0.0,0.0,0.0,0.0,0.0,0.0,0.0,0.0,0.0,0.0,0.0,0.0,0.0,0.0,0.0,0.0,0.0,0.0,0.0,0.0,0.0,0.0,0.0,0.0,0.0,0.0,0.0,0.0,0.4367,0.6837
128,0.001,5,10,100,16,16,256,202,730,24,ContrastiveLoss,gru,/home/dpetrovitch/dzagcoffee/train_trace/age_pred/checkpoints/age_pred_2025-10-10 14:37:35.506749_ContrastiveLoss_gru_catboost/model_128_0.001_5_10_100_256_16_16_ContrastiveLoss_gruepoch=01.ckpt,1,24,0.257339,55.44,3.877,1e-04,4.2034,1.0933,6.885,0.8372,2222.7153,56.4448,899.7964,22.8499,826.8238,20.9968,786.9527,19.9843,736.1135,18.6933,697.57,17.7145,630.5744,16.0132,166.9516,4.1257,67.5851,1.6701,62.104,1.5347,59.1092,1.4607,55.2906,1.3663,52.3956,1.2948,47.3634,1.1704,0.0,0.0,0.0,0.0,0.0,0.0,0.0,0.0,0.0,0.0,0.0,0.0,0.0,0.0,0.0,0.0,0.0,0.0,0.0,0.0,0.0,0.0,0.0,0.0,0.0,0.0,0.0,0.0,0.0,0.0,0.0,0.0,0.0,0.0,0.0,0.45,0.7292
128,0.001,5,10,100,16,16,256,202,730,24,ContrastiveLoss,gru,/home/dpetrovitch/dzagcoffee/train_trace/age_pred/checkpoints/age_pred_2025-10-10 14:37:35.506749_ContrastiveLoss_gru_catboost/model_128_0.001_5_10_100_256_16_16_ContrastiveLoss_gruepoch=02.ckpt,2,24,0.33204308,58.7158,3.5001,1e-04,4.1622,1.1098,8.1287,0.8129,2570.9595,65.1716,912.8189,23.1392,840.7695,21.3128,800.8403,20.3006,749.495,18.9991,709.6873,17.99,641.086,16.251,209.4194,4.9644,74.3543,1.7626,68.4855,1.6235,65.233,1.5464,61.0507,1.4472,57.8081,1.3704,52.2201,1.2379,0.0,0.0,0.0,0.0,0.0,0.0,0.0,0.0,0.0,0.0,0.0,0.0,0.0,0.0,0.0,0.0,0.0,0.0,0.0,0.0,0.0,0.0,0.0,0.0,0.0,0.0,0.0,0.0,0.0,0.0,0.0,0.0,0.0,0.0,0.0,0.5,0.7614
128,0.001,5,10,100,16,16,256,202,730,24,ContrastiveLoss,gru,/home/dpetrovitch/dzagcoffee/train_trace/age_pred/checkpoints/age_pred_2025-10-10 14:37:35.506749_ContrastiveLoss_gru_catboost/model_128_0.001_5_10_100_256_16_16_ContrastiveLoss_gruepoch=03.ckpt,3,24,0.39680988,62.0853,3.4482,1e-04,4.0686,1.1262,7.8008,0.7897,2852.9788,72.2547,919.6148,23.2902,849.8917,21.5244,811.6719,20.5564,762.5266,19.3118,724.2429,18.3422,655.3856,16.5983,239.1448,5.5481,77.0847,1.7884,71.2403,1.6528,68.0366,1.5784,63.9171,1.4829,60.7081,1.4084,54.9363,1.2745,0.0,0.0,0.0,0.0,0.0,0.0,0.0,0.0,0.0,0.0,0.0,0.0,0.0,0.0,0.0,0.0,0.0,0.0,0.0,0.0,0.0,0.0,0.0,0.0,0.0,0.0,0.0,0.0,0.0,0.0,0.0,0.0,0.0,0.0,0.0,0.5,0.7667
128,0.001,5,10,100,16,16,256,202,730,24,ContrastiveLoss,gru,/home/dpetrovitch/dzagcoffee/train_trace/age_pred/checkpoints/age_pred_2025-10-10 14:37:35.506749_ContrastiveLoss_gru_catboost/model_128_0.001_5_10_100_256_16_16_ContrastiveLoss_gruepoch=04.ckpt,4,24,0.43929923,63.2816,3.5064,0.0002,4.0237,1.1311,8.2466,0.7827,3063.572,77.5705,932.9726,23.6231,863.5496,21.8653,825.1991,20.8943,775.7675,19.6427,737.5425,18.6748,669.8917,16.9619,265.8168,6.0171,80.9512,1.8324,74.9276,1.6961,71.6,1.6208,67.311,1.5237,63.9943,1.4486,58.1245,1.3157,0.0,0.0,0.0,0.0,0.0,0.0,0.0,0.0,0.0,0.0,0.0,0.0,0.0,0.0,0.0,0.0,0.0,0.0,0.0,0.0,0.0,0.0,0.0,0.0,0.0,0.0,0.0,0.0,0.0,0.0,0.0,0.0,0.0,0.0,0.0,0.5433,0.7776
128,0.001,5,10,100,16,16,256,202,730,24,ContrastiveLoss,gru,/home/dpetrovitch/dzagcoffee/train_trace/age_pred/checkpoints/age_pred_2025-10-10 14:37:35.506749_ContrastiveLoss_gru_catboost/model_128_0.001_5_10_100_256_16_16_ContrastiveLoss_gruepoch=05.ckpt,5,24,0.4564512,64.6081,4.1408,0.0002,4.0018,1.1411,8.3213,0.769,3271.8452,82.8239,947.5403,23.9861,880.3233,22.2846,843.3208,21.3479,795.233,20.1306,757.7685,19.1822,690.646,17.4831,300.9177,6.591,87.147,1.9088,80.965,1.7734,77.5618,1.6988,73.1391,1.602,69.6934,1.5265,63.52,1.3913,0.0,0.0,0.0,0.0,0.0,0.0,0.0,0.0,0.0,0.0,0.0,0.0,0.0,0.0,0.0,0.0,0.0,0.0,0.0,0.0,0.0,0.0,0.0,0.0,0.0,0.0,0.0,0.0,0.0,0.0,0.0,0.0,0.0,0.0,0.0,0.5144,0.7684
128,0.001,5,10,100,16,16,256,202,730,24,ContrastiveLoss,gru,/home/dpetrovitch/dzagcoffee/train_trace/age_pred/checkpoints/age_pred_2025-10-10 14:37:35.506749_ContrastiveLoss_gru_catboost/model_128_0.001_5_10_100_256_16_16_ContrastiveLoss_gruepoch=06.ckpt,6,24,0.4734848,66.9369,3.7547,0.0003,4.0275,1.1576,8.8127,0.7471,3504.0916,88.679,960.9276,24.3185,893.6925,22.6169,856.6765,21.6801,808.2952,20.4557,770.2586,19.4931,700.163,17.7192,327.5236,7.0849,89.8168,1.9429,83.5324,1.807,80.0726,1.7321,75.5505,1.6343,71.9952,1.5574,65.4435,1.4157,0.0,0.0,0.0,0.0,0.0,0.0,0.0,0.0,0.0,0.0,0.0,0.0,0.0,0.0,0.0,0.0,0.0,0.0,0.0,0.0,0.0,0.0,0.0,0.0,0.0,0.0,0.0,0.0,0.0,0.0,0.0,0.0,0.0,0.0,0.0,0.5344,0.7844
128,0.001,5,10,100,16,16,256,202,730,24,ContrastiveLoss,gru,/home/dpetrovitch/dzagcoffee/train_trace/age_pred/checkpoints/age_pred_2025-10-10 14:37:35.506749_ContrastiveLoss_gru_catboost/model_128_0.001_5_10_100_256_16_16_ContrastiveLoss_gruepoch=07.ckpt,7,24,0.49643698,63.468,4.4916,0.0003,4.0895,1.145,8.3545,0.7634,3541.0525,89.6338,958.5358,24.2632,890.6925,22.5459,852.8999,21.5892,803.4849,20.3384,764.3685,19.3483,693.5042,17.5545,332.1887,7.14,89.9209,1.9327,83.5565,1.7959,80.0112,1.7197,75.3755,1.6201,71.706,1.5412,65.0581,1.3983,0.0,0.0,0.0,0.0,0.0,0.0,0.0,0.0,0.0,0.0,0.0,0.0,0.0,0.0,0.0,0.0,0.0,0.0,0.0,0.0,0.0,0.0,0.0,0.0,0.0,0.0,0.0,0.0,0.0,0.0,0.0,0.0,0.0,0.0,0.0,0.5356,0.7858
128,0.001,5,10,100,16,16,256,202,730,24,ContrastiveLoss,gru,/home/dpetrovitch/dzagcoffee/train_trace/age_pred/checkpoints/age_pred_2025-10-10 14:37:35.506749_ContrastiveLoss_gru_catboost/model_128_0.001_5_10_100_256_16_16_ContrastiveLoss_gruepoch=08.ckpt,8,24,0.501237,66.067,2.8883,0.0002,4.1125,1.1576,8.6944,0.7469,3706.144,93.7985,967.3796,24.4833,899.9586,22.777,862.2392,21.8223,812.9152,20.574,774.0746,19.591,703.3326,17.8006,355.3536,7.5805,92.7546,1.9787,86.2901,1.8408,82.6735,1.7636,77.9442,1.6627,74.22,1.5833,67.4371,1.4386,0.0,0.0,0.0,0.0,0.0,0.0,0.0,0.0,0.0,0.0,0.0,0.0,0.0,0.0,0.0,0.0,0.0,0.0,0.0,0.0,0.0,0.0,0.0,0.0,0.0,0.0,0.0,0.0,0.0,0.0,0.0,0.0,0.0,0.0,0.0,0.5411,0.7923
128,0.001,5,10,100,16,16,256,202,730,24,ContrastiveLoss,gru,/home/dpetrovitch/dzagcoffee/train_trace/age_pred/checkpoints/age_pred_2025-10-10 14:37:35.506749_ContrastiveLoss_gru_catboost/model_128_0.001_5_10_100_256_16_16_ContrastiveLoss_gruepoch=09.ckpt,9,24,0.5077356,65.3494,2.6819,0.0002,4.1459,1.1529,8.9462,0.7529,3780.5923,95.661,969.2533,24.5252,903.2234,22.8544,866.5857,21.9274,818.9325,20.7216,781.8309,19.7828,715.0986,18.0943,361.9703,7.6889,92.8005,1.9712,86.4785,1.837,82.9707,1.7624,78.4082,1.6655,74.8559,1.5901,68.4666,1.4543,0.0,0.0,0.0,0.0,0.0,0.0,0.0,0.0,0.0,0.0,0.0,0.0,0.0,0.0,0.0,0.0,0.0,0.0,0.0,0.0,0.0,0.0,0.0,0.0,0.0,0.0,0.0,0.0,0.0,0.0,0.0,0.0,0.0,0.0,0.0,0.56,0.7988
128,0.001,5,10,100,16,16,256,202,730,24,ContrastiveLoss,gru,/home/dpetrovitch/dzagcoffee/train_trace/age_pred/checkpoints/age_pred_2025-10-10 14:37:35.506749_ContrastiveLoss_gru_catboost/model_128_0.001_5_10_100_256_16_16_ContrastiveLoss_gruepoch=10.ckpt,10,24,0.49319363,66.7146,2.6725,0.0002,4.1528,1.1558,9.1242,0.749,3776.2405,95.5599,975.5431,24.6867,909.7084,23.0207,873.1512,22.0956,825.7208,20.8953,788.7312,19.9593,722.5619,18.2848,351.8128,7.5097,90.8863,1.94,84.7528,1.8091,81.347,1.7364,76.9281,1.6421,73.482,1.5685,67.3173,1.4369,0.0,0.0,0.0,0.0,0.0,0.0,0.0,0.0,0.0,0.0,0.0,0.0,0.0,0.0,0.0,0.0,0.0,0.0,0.0,0.0,0.0,0.0,0.0,0.0,0.0,0.0,0.0,0.0,0.0,0.0,0.0,0.0,0.0,0.0,0.0,0.5478,0.7952
128,0.001,5,10,100,16,16,256,202,730,24,ContrastiveLoss,gru,/home/dpetrovitch/dzagcoffee/train_trace/age_pred/checkpoints/age_pred_2025-10-10 14:37:35.506749_ContrastiveLoss_gru_catboost/model_128_0.001_5_10_100_256_16_16_ContrastiveLoss_gruepoch=11.ckpt,11,24,0.5206616,66.0346,3.3311,0.0002,4.1775,1.1527,9.2743,0.7531,3844.3345,97.2747,975.032,24.6716,909.0829,23.0029,872.5765,22.0792,825.1563,20.8793,788.2505,19.9454,721.2431,18.2499,363.889,7.7237,92.2925,1.9589,86.0501,1.8264,82.5945,1.7531,78.1059,1.6578,74.6126,1.5837,68.2699,1.4491,0.0,0.0,0.0,0.0,0.0,0.0,0.0,0.0,0.0,0.0,0.0,0.0,0.0,0.0,0.0,0.0,0.0,0.0,0.0,0.0,0.0,0.0,0.0,0.0,0.0,0.0,0.0,0.0,0.0,0.0,0.0,0.0,0.0,0.0,0.0,0.5678,0.7943
128,0.001,5,10,100,16,16,256,202,730,24,ContrastiveLoss,gru,/home/dpetrovitch/dzagcoffee/train_trace/age_pred/checkpoints/age_pred_2025-10-10 14:37:35.506749_ContrastiveLoss_gru_catboost/model_128_0.001_5_10_100_256_16_16_ContrastiveLoss_gruepoch=12.ckpt,12,24,0.50653404,66.3235,3.4799,0.0002,4.1973,1.1535,9.3721,0.7519,3878.272,98.1216,978.4684,24.7556,913.2645,23.1059,877.103,22.191,830.3777,21.0088,794.3887,20.0983,728.5945,18.4337,372.6596,7.8651,94.0201,1.9843,87.7548,1.8521,84.28,1.7788,79.7902,1.684,76.3321,1.611,70.01,1.4776,0.0,0.0,0.0,0.0,0.0,0.0,0.0,0.0,0.0,0.0,0.0,0.0,0.0,0.0,0.0,0.0,0.0,0.0,0.0,0.0,0.0,0.0,0.0,0.0,0.0,0.0,0.0,0.0,0.0,0.0,0.0,0.0,0.0,0.0,0.0,0.5611,0.8006
128,0.001,5,10,100,16,16,256,202,730,24,ContrastiveLoss,gru,/home/dpetrovitch/dzagcoffee/train_trace/age_pred/checkpoints/age_pred_2025-10-10 14:37:35.506749_ContrastiveLoss_gru_catboost/model_128_0.001_5_10_100_256_16_16_ContrastiveLoss_gruepoch=13.ckpt,13,24,0.5199101,67.5766,2.459,0.0002,4.1989,1.1571,9.5099,0.7473,3936.223,99.5827,983.8427,24.8903,918.606,23.2399,882.347,22.3225,835.442,21.1359,799.103,20.2165,733.3883,18.554,378.0321,7.9848,94.4876,1.9958,88.2223,1.8634,84.74,1.7899,80.2353,1.6947,76.7453,1.621,70.4341,1.4877,0.0,0.0,0.0,0.0,0.0,0.0,0.0,0.0,0.0,0.0,0.0,0.0,0.0,0.0,0.0,0.0,0.0,0.0,0.0,0.0,0.0,0.0,0.0,0.0,0.0,0.0,0.0,0.0,0.0,0.0,0.0,0.0,0.0,0.0,0.0,0.5567,0.7976
128,0.001,5,10,100,16,16,256,202,730,24,ContrastiveLoss,gru,/home/dpetrovitch/dzagcoffee/train_trace/age_pred/checkpoints/age_pred_2025-10-10 14:37:35.506749_ContrastiveLoss_gru_catboost/model_128_0.001_5_10_100_256_16_16_ContrastiveLoss_gruepoch=14.ckpt,14,24,0.53649384,67.9256,2.6629,0.0002,4.2224,1.1597,8.787,0.744,4019.698,101.6969,982.1334,24.8476,916.6945,23.192,880.1662,22.2679,832.3714,21.0587,794.6857,20.1053,725.0363,18.3432,391.2613,8.2079,95.5969,2.0054,89.2274,1.8718,85.6719,1.7972,81.0197,1.6996,77.3515,1.6227,70.5721,1.4805,0.0,0.0,0.0,0.0,0.0,0.0,0.0,0.0,0.0,0.0,0.0,0.0,0.0,0.0,0.0,0.0,0.0,0.0,0.0,0.0,0.0,0.0,0.0,0.0,0.0,0.0,0.0,0.0,0.0,0.0,0.0,0.0,0.0,0.0,0.0,0.5756,0.7946
128,0.001,5,10,100,16,16,256,202,730,24,ContrastiveLoss,gru,/home/dpetrovitch/dzagcoffee/train_trace/age_pred/checkpoints/age_pred_2025-10-10 14:37:35.506749_ContrastiveLoss_gru_catboost/model_128_0.001_5_10_100_256_16_16_ContrastiveLoss_gruepoch=15.ckpt,15,24,0.5314689,65.9266,2.8297,0.0002,4.2837,1.1453,9.8159,0.7628,3941.9617,99.7393,985.4939,24.9349,921.0962,23.3055,885.29,22.3996,838.7896,21.223,802.7108,20.3101,737.7868,18.6674,381.0993,7.958,95.2752,1.9895,89.0494,1.8595,85.5877,1.7872,81.0922,1.6933,77.6041,1.6205,71.3274,1.4894,0.0,0.0,0.0,0.0,0.0,0.0,0.0,0.0,0.0,0.0,0.0,0.0,0.0,0.0,0.0,0.0,0.0,0.0,0.0,0.0,0.0,0.0,0.0,0.0,0.0,0.0,0.0,0.0,0.0,0.0,0.0,0.0,0.0,0.0,0.0,0.5733,0.81
128,0.001,5,10,100,16,16,256,202,730,24,ContrastiveLoss,gru,/home/dpetrovitch/dzagcoffee/train_trace/age_pred/checkpoints/age_pred_2025-10-10 14:37:35.506749_ContrastiveLoss_gru_catboost/model_128_0.001_5_10_100_256_16_16_ContrastiveLoss_gruepoch=16.ckpt,16,24,0.53218514,70.5809,2.7596,0.0002,4.2208,1.1676,8.8843,0.7339,4108.877,103.9528,992.5961,25.1122,927.2023,23.4578,890.3941,22.5266,841.8922,21.2995,803.7056,20.3334,733.4711,18.5565,395.653,8.2015,95.5793,1.9813,89.2824,1.8507,85.738,1.7773,81.0677,1.6804,77.3906,1.6042,70.6276,1.464,0.0,0.0,0.0,0.0,0.0,0.0,0.0,0.0,0.0,0.0,0.0,0.0,0.0,0.0,0.0,0.0,0.0,0.0,0.0,0.0,0.0,0.0,0.0,0.0,0.0,0.0,0.0,0.0,0.0,0.0,0.0,0.0,0.0,0.0,0.0,0.5478,0.798
128,0.001,5,10,100,16,16,256,202,730,24,ContrastiveLoss,gru,/home/dpetrovitch/dzagcoffee/train_trace/age_pred/checkpoints/age_pred_2025-10-10 14:37:35.506749_ContrastiveLoss_gru_catboost/model_128_0.001_5_10_100_256_16_16_ContrastiveLoss_gruepoch=17.ckpt,17,24,0.5342448,70.9352,2.5176,0.0002,4.2184,1.1689,9.0858,0.7321,4135.2153,104.5993,988.2278,24.997,923.0669,23.3488,886.6723,22.4282,838.8986,21.2197,801.2345,20.267,732.9539,18.5399,400.0141,8.2709,95.5948,1.9766,89.2915,1.8462,85.771,1.7734,81.1496,1.6779,77.5063,1.6026,70.9012,1.466,0.0,0.0,0.0,0.0,0.0,0.0,0.0,0.0,0.0,0.0,0.0,0.0,0.0,0.0,0.0,0.0,0.0,0.0,0.0,0.0,0.0,0.0,0.0,0.0,0.0,0.0,0.0,0.0,0.0,0.0,0.0,0.0,0.0,0.0,0.0,0.5711,0.799
128,0.001,5,10,100,16,16,256,202,730,24,ContrastiveLoss,gru,/home/dpetrovitch/dzagcoffee/train_trace/age_pred/checkpoints/age_pred_2025-10-10 14:37:35.506749_ContrastiveLoss_gru_catboost/model_128_0.001_5_10_100_256_16_16_ContrastiveLoss_gruepoch=18.ckpt,18,24,0.5446555,70.1071,3.3855,0.0002,4.2524,1.1593,9.5361,0.7443,4113.1436,104.0596,995.193,25.1777,930.5057,23.5411,894.3625,22.6267,846.7264,21.4216,809.6343,20.4832,742.5598,18.7862,395.7405,8.1789,95.7511,1.9789,89.5273,1.8503,86.0499,1.7784,81.4666,1.6837,77.8979,1.6099,71.4444,1.4766,0.0,0.0,0.0,0.0,0.0,0.0,0.0,0.0,0.0,0.0,0.0,0.0,0.0,0.0,0.0,0.0,0.0,0.0,0.0,0.0,0.0,0.0,0.0,0.0,0.0,0.0,0.0,0.0,0.0,0.0,0.0,0.0,0.0,0.0,0.0,0.57,0.8083
128,0.001,5,10,100,16,16,256,202,730,24,ContrastiveLoss,gru,/home/dpetrovitch/dzagcoffee/train_trace/age_pred/checkpoints/age_pred_2025-10-10 14:37:35.506749_ContrastiveLoss_gru_catboost/model_128_0.001_5_10_100_256_16_16_ContrastiveLoss_gruepoch=19.ckpt,19,24,0.541353,69.6022,2.8988,0.0002,4.3031,1.159,9.7701,0.745,4162.36,105.3041,994.0775,25.1493,929.3593,23.512,893.1411,22.5957,845.762,21.397,808.7017,20.4595,741.7882,18.7666,398.6376,8.2645,95.2048,1.9738,89.0066,1.8453,85.5379,1.7734,81.0003,1.6793,77.451,1.6057,71.0426,1.4728,0.0,0.0,0.0,0.0,0.0,0.0,0.0,0.0,0.0,0.0,0.0,0.0,0.0,0.0,0.0,0.0,0.0,0.0,0.0,0.0,0.0,0.0,0.0,0.0,0.0,0.0,0.0,0.0,0.0,0.0,0.0,0.0,0.0,0.0,0.0,0.5656,0.8101
128,0.001,5,10,100,16,16,256,202,730,24,ContrastiveLoss,gru,/home/dpetrovitch/dzagcoffee/train_trace/age_pred/checkpoints/age_pred_2025-10-10 14:37:35.506749_ContrastiveLoss_gru_catboost/model_128_0.001_5_10_100_256_16_16_ContrastiveLoss_gruepoch=20.ckpt,20,24,0.5541548,71.055,2.6122,0.0002,4.2726,1.164,8.6667,0.7384,4247.1313,107.4169,998.0856,25.2432,932.8847,23.5942,896.43,22.6722,847.9583,21.4463,809.4006,20.4711,738.3374,18.6738,412.987,8.448,97.0529,1.9853,90.7128,1.8556,87.168,1.7831,82.4547,1.6867,78.7053,1.61,71.7952,1.4686,0.0,0.0,0.0,0.0,0.0,0.0,0.0,0.0,0.0,0.0,0.0,0.0,0.0,0.0,0.0,0.0,0.0,0.0,0.0,0.0,0.0,0.0,0.0,0.0,0.0,0.0,0.0,0.0,0.0,0.0,0.0,0.0,0.0,0.0,0.0,0.5789,0.8065
128,0.001,5,10,100,16,16,256,202,730,24,ContrastiveLoss,gru,/home/dpetrovitch/dzagcoffee/train_trace/age_pred/checkpoints/age_pred_2025-10-10 14:37:35.506749_ContrastiveLoss_gru_catboost/model_128_0.001_5_10_100_256_16_16_ContrastiveLoss_gruepoch=21.ckpt,21,24,0.5553858,70.9871,3.5657,0.0002,4.2812,1.1664,8.6356,0.7355,4290.6685,108.52,994.994,25.1655,930.1034,23.5243,893.955,22.61,846.1386,21.4006,808.1359,20.4394,738.1871,18.6703,412.4447,8.5113,95.6448,1.9737,89.4071,1.845,85.9323,1.7733,81.3359,1.6785,77.6829,1.6031,70.959,1.4643,0.0,0.0,0.0,0.0,0.0,0.0,0.0,0.0,0.0,0.0,0.0,0.0,0.0,0.0,0.0,0.0,0.0,0.0,0.0,0.0,0.0,0.0,0.0,0.0,0.0,0.0,0.0,0.0,0.0,0.0,0.0,0.0,0.0,0.0,0.0,0.5789,0.8038
128,0.001,5,10,100,16,16,256,202,730,24,ContrastiveLoss,gru,/home/dpetrovitch/dzagcoffee/train_trace/age_pred/checkpoints/age_pred_2025-10-10 14:37:35.506749_ContrastiveLoss_gru_catboost/model_128_0.001_5_10_100_256_16_16_ContrastiveLoss_gruepoch=22.ckpt,22,24,0.55331445,71.2183,2.633,0.0003,4.2643,1.1627,9.2936,0.7397,4272.402,108.0419,999.1826,25.2677,934.9948,23.6445,899.2917,22.7416,852.0939,21.548,815.0546,20.6114,747.7821,18.9102,416.29,8.5169,97.3574,1.9918,91.1031,1.8639,87.6243,1.7927,83.0255,1.6986,79.4165,1.6248,72.8616,1.4907,0.0,0.0,0.0,0.0,0.0,0.0,0.0,0.0,0.0,0.0,0.0,0.0,0.0,0.0,0.0,0.0,0.0,0.0,0.0,0.0,0.0,0.0,0.0,0.0,0.0,0.0,0.0,0.0,0.0,0.0,0.0,0.0,0.0,0.0,0.0,0.5556,0.8019
128,0.001,5,10,100,16,16,256,202,730,24,ContrastiveLoss,gru,/home/dpetrovitch/dzagcoffee/train_trace/age_pred/checkpoints/age_pred_2025-10-10 14:37:35.506749_ContrastiveLoss_gru_catboost/model_128_0.001_5_10_100_256_16_16_ContrastiveLoss_gruepoch=23.ckpt,23,24,0.56977993,70.6476,2.7626,0.0002,4.306,1.1623,8.8488,0.7404,4312.2925,109.0504,1000.1841,25.2929,935.807,23.6649,899.9544,22.7583,852.4114,21.556,814.8399,20.6059,746.3009,18.8727,415.2354,8.5531,96.3088,1.9838,90.1099,1.8561,86.6576,1.785,82.0796,1.6907,78.4618,1.6162,71.8621,1.4802,0.0,0.0,0.0,0.0,0.0,0.0,0.0,0.0,0.0,0.0,0.0,0.0,0.0,0.0,0.0,0.0,0.0,0.0,0.0,0.0,0.0,0.0,0.0,0.0,0.0,0.0,0.0,0.0,0.0,0.0,0.0,0.0,0.0,0.0,0.0,0.5633,0.8063
128,0.001,7,10,100,16,16,256,202,730,24,ContrastiveLoss,gru,/home/dpetrovitch/dzagcoffee/train_trace/age_pred/checkpoints/age_pred_2025-10-10 14:37:35.506749_ContrastiveLoss_gru_catboost/model_128_0.001_7_10_100_256_16_16_ContrastiveLoss_gruepoch=00.ckpt,0,24,0.12658955,35.6871,4.5942,1e-04,5.0145,1.0427,5.617,0.9199,1783.1348,45.5187,844.8221,21.5661,770.1604,19.6601,729.4896,18.6219,677.0229,17.2826,636.2466,16.2417,566.617,14.4642,99.6213,2.8552,47.199,1.3528,43.0278,1.2332,40.7556,1.1681,37.8243,1.0841,35.5462,1.0188,31.6561,0.9073,0.0,0.0,0.0,0.0,0.0,0.0,0.0,0.0,0.0,0.0,0.0,0.0,0.0,0.0,0.0,0.0,0.0,0.0,0.0,0.0,0.0,0.0,0.0,0.0,0.0,0.0,0.0,0.0,0.0,0.0,0.0,0.0,0.0,0.0,0.0,0.4444,0.6973
128,0.001,7,10,100,16,16,256,202,730,24,ContrastiveLoss,gru,/home/dpetrovitch/dzagcoffee/train_trace/age_pred/checkpoints/age_pred_2025-10-10 14:37:35.506749_ContrastiveLoss_gru_catboost/model_128_0.001_7_10_100_256_16_16_ContrastiveLoss_gruepoch=01.ckpt,1,24,0.26384097,47.3468,4.248,1e-04,5.1385,1.0618,7.067,0.8874,2405.2053,61.0204,933.0361,23.6713,858.8211,21.7884,817.3098,20.7353,763.4969,19.37,721.8164,18.3126,649.1574,16.4692,151.8486,3.8343,58.9057,1.4874,54.2202,1.3691,51.5995,1.3029,48.2021,1.2172,45.5707,1.1507,40.9835,1.0349,0.0,0.0,0.0,0.0,0.0,0.0,0.0,0.0,0.0,0.0,0.0,0.0,0.0,0.0,0.0,0.0,0.0,0.0,0.0,0.0,0.0,0.0,0.0,0.0,0.0,0.0,0.0,0.0,0.0,0.0,0.0,0.0,0.0,0.0,0.0,0.4656,0.7341
128,0.001,7,10,100,16,16,256,202,730,24,ContrastiveLoss,gru,/home/dpetrovitch/dzagcoffee/train_trace/age_pred/checkpoints/age_pred_2025-10-10 14:37:35.506749_ContrastiveLoss_gru_catboost/model_128_0.001_7_10_100_256_16_16_ContrastiveLoss_gruepoch=02.ckpt,2,24,0.40617388,52.1873,3.9797,1e-04,5.0686,1.0758,7.9974,0.8644,2794.9788,70.7985,944.7993,23.9323,874.5203,22.1521,835.3424,21.1597,784.2625,19.8658,743.8156,18.8413,670.1027,16.9741,210.4372,4.9984,71.135,1.6896,65.8436,1.564,62.8939,1.4939,59.048,1.4025,56.0027,1.3302,50.4528,1.1984,0.0,0.0,0.0,0.0,0.0,0.0,0.0,0.0,0.0,0.0,0.0,0.0,0.0,0.0,0.0,0.0,0.0,0.0,0.0,0.0,0.0,0.0,0.0,0.0,0.0,0.0,0.0,0.0,0.0,0.0,0.0,0.0,0.0,0.0,0.0,0.5156,0.7603
128,0.001,7,10,100,16,16,256,202,730,24,ContrastiveLoss,gru,/home/dpetrovitch/dzagcoffee/train_trace/age_pred/checkpoints/age_pred_2025-10-10 14:37:35.506749_ContrastiveLoss_gru_catboost/model_128_0.001_7_10_100_256_16_16_ContrastiveLoss_gruepoch=03.ckpt,3,24,0.4529517,54.6541,3.7701,1e-04,4.9804,1.0785,8.5155,0.86,2947.8826,74.6501,960.7312,24.3289,892.3308,22.5968,854.0141,21.6265,804.2789,20.367,765.7838,19.3922,699.3518,17.7099,223.3619,5.1851,72.7949,1.6898,67.6122,1.5695,64.7089,1.5021,60.9404,1.4147,58.0237,1.3469,52.9901,1.2301,0.0,0.0,0.0,0.0,0.0,0.0,0.0,0.0,0.0,0.0,0.0,0.0,0.0,0.0,0.0,0.0,0.0,0.0,0.0,0.0,0.0,0.0,0.0,0.0,0.0,0.0,0.0,0.0,0.0,0.0,0.0,0.0,0.0,0.0,0.0,0.5189,0.7692
128,0.001,7,10,100,16,16,256,202,730,24,ContrastiveLoss,gru,/home/dpetrovitch/dzagcoffee/train_trace/age_pred/checkpoints/age_pred_2025-10-10 14:37:35.506749_ContrastiveLoss_gru_catboost/model_128_0.001_7_10_100_256_16_16_ContrastiveLoss_gruepoch=04.ckpt,4,24,0.51811504,55.8409,3.7788,1e-04,4.8766,1.0854,8.8287,0.8491,3213.9797,81.3539,968.2158,24.508,899.675,22.773,861.1235,21.7972,811.1387,20.532,771.8696,19.538,701.6167,17.7597,265.0737,5.9449,79.8538,1.7909,74.2009,1.6641,71.0214,1.5928,66.8988,1.5004,63.6601,1.4277,57.866,1.2978,0.0,0.0,0.0,0.0,0.0,0.0,0.0,0.0,0.0,0.0,0.0,0.0,0.0,0.0,0.0,0.0,0.0,0.0,0.0,0.0,0.0,0.0,0.0,0.0,0.0,0.0,0.0,0.0,0.0,0.0,0.0,0.0,0.0,0.0,0.0,0.5467,0.7967
128,0.001,7,10,100,16,16,256,202,730,24,ContrastiveLoss,gru,/home/dpetrovitch/dzagcoffee/train_trace/age_pred/checkpoints/age_pred_2025-10-10 14:37:35.506749_ContrastiveLoss_gru_catboost/model_128_0.001_7_10_100_256_16_16_ContrastiveLoss_gruepoch=05.ckpt,5,24,0.5381071,57.9497,3.2042,1e-04,4.6466,1.0927,9.3869,0.838,3392.758,85.8784,977.0524,24.7314,910.429,23.045,873.2785,22.1047,824.8494,20.8788,786.9472,19.9194,718.9757,18.1989,284.9422,6.2713,82.0581,1.806,76.4627,1.6829,73.3427,1.6142,69.2753,1.5247,66.0921,1.4546,60.3835,1.329,0.0,0.0,0.0,0.0,0.0,0.0,0.0,0.0,0.0,0.0,0.0,0.0,0.0,0.0,0.0,0.0,0.0,0.0,0.0,0.0,0.0,0.0,0.0,0.0,0.0,0.0,0.0,0.0,0.0,0.0,0.0,0.0,0.0,0.0,0.0,0.5356,0.7869
128,0.001,7,10,100,16,16,256,202,730,24,ContrastiveLoss,gru,/home/dpetrovitch/dzagcoffee/train_trace/age_pred/checkpoints/age_pred_2025-10-10 14:37:35.506749_ContrastiveLoss_gru_catboost/model_128_0.001_7_10_100_256_16_16_ContrastiveLoss_gruepoch=06.ckpt,6,24,0.55913067,59.0053,2.9822,1e-04,4.5365,1.1,9.6484,0.827,3538.3557,89.543,975.8452,24.6951,909.0756,23.0054,871.8596,22.0636,823.5329,20.8406,785.7431,19.8843,717.8815,18.167,313.3414,6.7601,86.4166,1.8644,80.5038,1.7368,77.2081,1.6657,72.9285,1.5734,69.582,1.5012,63.5725,1.3715,0.0,0.0,0.0,0.0,0.0,0.0,0.0,0.0,0.0,0.0,0.0,0.0,0.0,0.0,0.0,0.0,0.0,0.0,0.0,0.0,0.0,0.0,0.0,0.0,0.0,0.0,0.0,0.0,0.0,0.0,0.0,0.0,0.0,0.0,0.0,0.5444,0.7821
128,0.001,7,10,100,16,16,256,202,730,24,ContrastiveLoss,gru,/home/dpetrovitch/dzagcoffee/train_trace/age_pred/checkpoints/age_pred_2025-10-10 14:37:35.506749_ContrastiveLoss_gru_catboost/model_128_0.001_7_10_100_256_16_16_ContrastiveLoss_gruepoch=07.ckpt,7,24,0.571082,59.7759,2.9131,1e-04,4.477,1.1031,10.0126,0.8224,3636.3364,92.0297,978.5131,24.7646,911.7488,23.0749,874.458,22.1311,826.1986,20.9097,788.608,19.9584,721.5445,18.2611,328.585,7.0929,88.42,1.9086,82.387,1.7784,79.0174,1.7057,74.6566,1.6115,71.2599,1.5382,65.1999,1.4074,0.0,0.0,0.0,0.0,0.0,0.0,0.0,0.0,0.0,0.0,0.0,0.0,0.0,0.0,0.0,0.0,0.0,0.0,0.0,0.0,0.0,0.0,0.0,0.0,0.0,0.0,0.0,0.0,0.0,0.0,0.0,0.0,0.0,0.0,0.0,0.5689,0.7882
128,0.001,7,10,100,16,16,256,202,730,24,ContrastiveLoss,gru,/home/dpetrovitch/dzagcoffee/train_trace/age_pred/checkpoints/age_pred_2025-10-10 14:37:35.506749_ContrastiveLoss_gru_catboost/model_128_0.001_7_10_100_256_16_16_ContrastiveLoss_gruepoch=08.ckpt,8,24,0.5918054,58.6646,2.9074,1e-04,4.4888,1.1017,9.7669,0.8245,3650.5972,92.3995,974.2922,24.6601,906.6152,22.9471,868.9627,21.9941,820.1365,20.7583,782.0888,19.7953,712.8111,18.0418,321.9807,7.0222,85.9321,1.8741,79.963,1.7439,76.642,1.6715,72.3356,1.5776,68.9798,1.5044,62.8696,1.3711,0.0,0.0,0.0,0.0,0.0,0.0,0.0,0.0,0.0,0.0,0.0,0.0,0.0,0.0,0.0,0.0,0.0,0.0,0.0,0.0,0.0,0.0,0.0,0.0,0.0,0.0,0.0,0.0,0.0,0.0,0.0,0.0,0.0,0.0,0.0,0.5633,0.8058
128,0.001,7,10,100,16,16,256,202,730,24,ContrastiveLoss,gru,/home/dpetrovitch/dzagcoffee/train_trace/age_pred/checkpoints/age_pred_2025-10-10 14:37:35.506749_ContrastiveLoss_gru_catboost/model_128_0.001_7_10_100_256_16_16_ContrastiveLoss_gruepoch=09.ckpt,9,24,0.5937416,60.3298,3.0908,1e-04,4.5105,1.108,9.3145,0.815,3765.0144,95.2561,984.4302,24.9064,918.5422,23.2394,881.7692,22.309,833.992,21.1003,796.8204,20.1598,730.3555,18.4782,352.5076,7.498,92.1694,1.9605,86.0005,1.8293,82.5575,1.756,78.0843,1.6609,74.604,1.5869,68.3811,1.4545,0.0,0.0,0.0,0.0,0.0,0.0,0.0,0.0,0.0,0.0,0.0,0.0,0.0,0.0,0.0,0.0,0.0,0.0,0.0,0.0,0.0,0.0,0.0,0.0,0.0,0.0,0.0,0.0,0.0,0.0,0.0,0.0,0.0,0.0,0.0,0.5567,0.7994
128,0.001,7,10,100,16,16,256,202,730,24,ContrastiveLoss,gru,/home/dpetrovitch/dzagcoffee/train_trace/age_pred/checkpoints/age_pred_2025-10-10 14:37:35.506749_ContrastiveLoss_gru_catboost/model_128_0.001_7_10_100_256_16_16_ContrastiveLoss_gruepoch=10.ckpt,10,24,0.6205526,61.1102,2.8915,1e-04,4.499,1.1126,9.6928,0.8085,3858.2405,97.6188,985.2184,24.9274,918.443,23.2379,881.257,22.297,832.7459,21.0696,794.8995,20.112,724.8825,18.3405,355.7698,7.5564,90.8474,1.9296,84.69,1.7988,81.2611,1.726,76.7878,1.6309,73.298,1.5568,66.8417,1.4197,0.0,0.0,0.0,0.0,0.0,0.0,0.0,0.0,0.0,0.0,0.0,0.0,0.0,0.0,0.0,0.0,0.0,0.0,0.0,0.0,0.0,0.0,0.0,0.0,0.0,0.0,0.0,0.0,0.0,0.0,0.0,0.0,0.0,0.0,0.0,0.54,0.7955
128,0.001,7,10,100,16,16,256,202,730,24,ContrastiveLoss,gru,/home/dpetrovitch/dzagcoffee/train_trace/age_pred/checkpoints/age_pred_2025-10-10 14:37:35.506749_ContrastiveLoss_gru_catboost/model_128_0.001_7_10_100_256_16_16_ContrastiveLoss_gruepoch=11.ckpt,11,24,0.6294938,60.3915,2.8107,1e-04,4.4911,1.1115,9.5441,0.81,3863.0183,97.7413,983.2962,24.8792,916.8129,23.197,879.883,22.2626,832.0649,21.0527,795.0495,20.1162,726.5842,18.3839,359.7554,7.6194,91.5725,1.9395,85.381,1.8083,81.9418,1.7355,77.4886,1.6412,74.0414,1.5682,67.6654,1.4331,0.0,0.0,0.0,0.0,0.0,0.0,0.0,0.0,0.0,0.0,0.0,0.0,0.0,0.0,0.0,0.0,0.0,0.0,0.0,0.0,0.0,0.0,0.0,0.0,0.0,0.0,0.0,0.0,0.0,0.0,0.0,0.0,0.0,0.0,0.0,0.5567,0.8033
128,0.001,7,10,100,16,16,256,202,730,24,ContrastiveLoss,gru,/home/dpetrovitch/dzagcoffee/train_trace/age_pred/checkpoints/age_pred_2025-10-10 14:37:35.506749_ContrastiveLoss_gru_catboost/model_128_0.001_7_10_100_256_16_16_ContrastiveLoss_gruepoch=12.ckpt,12,24,0.6249282,60.4608,2.749,1e-04,4.5343,1.1117,10.1094,0.8099,3903.0557,98.7581,989.7261,25.0428,924.0526,23.3811,887.6568,22.4602,839.937,21.2527,803.0626,20.3197,735.1924,18.6024,360.3932,7.6059,91.3875,1.9287,85.3235,1.8007,81.9628,1.7298,77.5566,1.6368,74.1517,1.5649,67.8848,1.4327,0.0,0.0,0.0,0.0,0.0,0.0,0.0,0.0,0.0,0.0,0.0,0.0,0.0,0.0,0.0,0.0,0.0,0.0,0.0,0.0,0.0,0.0,0.0,0.0,0.0,0.0,0.0,0.0,0.0,0.0,0.0,0.0,0.0,0.0,0.0,0.5567,0.7996
128,0.001,7,10,100,16,16,256,202,730,24,ContrastiveLoss,gru,/home/dpetrovitch/dzagcoffee/train_trace/age_pred/checkpoints/age_pred_2025-10-10 14:37:35.506749_ContrastiveLoss_gru_catboost/model_128_0.001_7_10_100_256_16_16_ContrastiveLoss_gruepoch=13.ckpt,13,24,0.6291176,62.1467,2.7625,1e-04,4.5158,1.1173,9.9231,0.8018,3986.0872,100.8436,992.8821,25.1188,927.1092,23.4548,890.5192,22.5292,842.5698,21.3161,804.9612,20.3646,735.4848,18.607,369.3806,7.7924,92.0079,1.941,85.9129,1.8124,82.5222,1.7409,78.0788,1.6471,74.5937,1.5736,68.1555,1.4378,0.0,0.0,0.0,0.0,0.0,0.0,0.0,0.0,0.0,0.0,0.0,0.0,0.0,0.0,0.0,0.0,0.0,0.0,0.0,0.0,0.0,0.0,0.0,0.0,0.0,0.0,0.0,0.0,0.0,0.0,0.0,0.0,0.0,0.0,0.0,0.5511,0.8003
128,0.001,7,10,100,16,16,256,202,730,24,ContrastiveLoss,gru,/home/dpetrovitch/dzagcoffee/train_trace/age_pred/checkpoints/age_pred_2025-10-10 14:37:35.506749_ContrastiveLoss_gru_catboost/model_128_0.001_7_10_100_256_16_16_ContrastiveLoss_gruepoch=14.ckpt,14,24,0.6370316,60.2674,3.2335,1e-04,4.5731,1.112,10.2196,0.8093,3983.2417,100.7749,992.9365,25.121,927.2807,23.4599,890.7645,22.5361,842.7326,21.3209,805.8881,20.3887,738.9549,18.6954,366.5626,7.7212,91.3762,1.9247,85.3341,1.7975,81.9737,1.7267,77.5535,1.6336,74.1628,1.5622,68.0032,1.4324,0.0,0.0,0.0,0.0,0.0,0.0,0.0,0.0,0.0,0.0,0.0,0.0,0.0,0.0,0.0,0.0,0.0,0.0,0.0,0.0,0.0,0.0,0.0,0.0,0.0,0.0,0.0,0.0,0.0,0.0,0.0,0.0,0.0,0.0,0.0,0.5744,0.8068
128,0.001,7,10,100,16,16,256,202,730,24,ContrastiveLoss,gru,/home/dpetrovitch/dzagcoffee/train_trace/age_pred/checkpoints/age_pred_2025-10-10 14:37:35.506749_ContrastiveLoss_gru_catboost/model_128_0.001_7_10_100_256_16_16_ContrastiveLoss_gruepoch=15.ckpt,15,24,0.62311035,62.3377,2.98,1e-04,4.5979,1.1188,9.8521,0.7994,4061.8816,102.7336,998.2655,25.2482,933.7162,23.6157,897.7632,22.7063,851.0541,21.525,815.0276,20.6138,749.3467,18.9526,383.4622,7.9855,94.2413,1.9625,88.1475,1.8356,84.7534,1.765,80.3438,1.6731,76.9427,1.6023,70.7421,1.4732,0.0,0.0,0.0,0.0,0.0,0.0,0.0,0.0,0.0,0.0,0.0,0.0,0.0,0.0,0.0,0.0,0.0,0.0,0.0,0.0,0.0,0.0,0.0,0.0,0.0,0.0,0.0,0.0,0.0,0.0,0.0,0.0,0.0,0.0,0.0,0.5667,0.8037
128,0.001,7,10,100,16,16,256,202,730,24,ContrastiveLoss,gru,/home/dpetrovitch/dzagcoffee/train_trace/age_pred/checkpoints/age_pred_2025-10-10 14:37:35.506749_ContrastiveLoss_gru_catboost/model_128_0.001_7_10_100_256_16_16_ContrastiveLoss_gruepoch=16.ckpt,16,24,0.63840985,63.8516,2.9494,1e-04,4.5879,1.1238,9.8595,0.7922,4162.1973,105.248,1001.5935,25.3269,937.0991,23.6961,901.0947,22.7857,854.1845,21.5994,817.9005,20.682,751.9848,19.0152,394.9681,8.1686,95.0453,1.9657,88.9252,1.8391,85.5086,1.7685,81.0571,1.6764,77.614,1.6052,71.359,1.4758,0.0,0.0,0.0,0.0,0.0,0.0,0.0,0.0,0.0,0.0,0.0,0.0,0.0,0.0,0.0,0.0,0.0,0.0,0.0,0.0,0.0,0.0,0.0,0.0,0.0,0.0,0.0,0.0,0.0,0.0,0.0,0.0,0.0,0.0,0.0,0.5722,0.8098
128,0.001,7,10,100,16,16,256,202,730,24,ContrastiveLoss,gru,/home/dpetrovitch/dzagcoffee/train_trace/age_pred/checkpoints/age_pred_2025-10-10 14:37:35.506749_ContrastiveLoss_gru_catboost/model_128_0.001_7_10_100_256_16_16_ContrastiveLoss_gruepoch=17.ckpt,17,24,0.64946485,62.7736,2.6321,1e-04,4.6132,1.1206,9.7062,0.7968,4149.644,104.9416,998.2731,25.2456,933.1392,23.5984,896.5738,22.6737,848.4882,21.4577,810.9513,20.5084,742.083,18.7668,382.4887,8.037,92.0147,1.9334,86.011,1.8073,82.6407,1.7365,78.2084,1.6433,74.7485,1.5706,68.4006,1.4373,0.0,0.0,0.0,0.0,0.0,0.0,0.0,0.0,0.0,0.0,0.0,0.0,0.0,0.0,0.0,0.0,0.0,0.0,0.0,0.0,0.0,0.0,0.0,0.0,0.0,0.0,0.0,0.0,0.0,0.0,0.0,0.0,0.0,0.0,0.0,0.5678,0.8034
128,0.001,7,10,100,16,16,256,202,730,24,ContrastiveLoss,gru,/home/dpetrovitch/dzagcoffee/train_trace/age_pred/checkpoints/age_pred_2025-10-10 14:37:35.506749_ContrastiveLoss_gru_catboost/model_128_0.001_7_10_100_256_16_16_ContrastiveLoss_gruepoch=18.ckpt,18,24,0.640811,62.9009,2.8113,1e-04,4.6428,1.1191,9.9763,0.7989,4147.2803,104.8767,1001.1022,25.3159,937.0279,23.6956,901.3069,22.7923,855.0117,21.6216,819.2635,20.7176,755.5494,19.1064,383.598,8.0394,92.5958,1.9406,86.6693,1.8164,83.3654,1.7472,79.0833,1.6574,75.7769,1.5881,69.8837,1.4646,0.0,0.0,0.0,0.0,0.0,0.0,0.0,0.0,0.0,0.0,0.0,0.0,0.0,0.0,0.0,0.0,0.0,0.0,0.0,0.0,0.0,0.0,0.0,0.0,0.0,0.0,0.0,0.0,0.0,0.0,0.0,0.0,0.0,0.0,0.0,0.5744,0.8173
128,0.001,7,10,100,16,16,256,202,730,24,ContrastiveLoss,gru,/home/dpetrovitch/dzagcoffee/train_trace/age_pred/checkpoints/age_pred_2025-10-10 14:37:35.506749_ContrastiveLoss_gru_catboost/model_128_0.001_7_10_100_256_16_16_ContrastiveLoss_gruepoch=19.ckpt,19,24,0.6524198,63.5851,2.8345,1e-04,4.6363,1.1191,9.8014,0.799,4196.0586,106.1164,1006.0906,25.4436,940.7114,23.7902,904.0086,22.862,855.7904,21.6425,818.1715,20.6912,749.7226,18.9601,380.7062,7.981,91.2821,1.9136,85.3503,1.7893,82.0202,1.7195,77.6454,1.6277,74.2323,1.5562,68.0219,1.426,0.0,0.0,0.0,0.0,0.0,0.0,0.0,0.0,0.0,0.0,0.0,0.0,0.0,0.0,0.0,0.0,0.0,0.0,0.0,0.0,0.0,0.0,0.0,0.0,0.0,0.0,0.0,0.0,0.0,0.0,0.0,0.0,0.0,0.0,0.0,0.5867,0.8193
128,0.001,7,10,100,16,16,256,202,730,24,ContrastiveLoss,gru,/home/dpetrovitch/dzagcoffee/train_trace/age_pred/checkpoints/age_pred_2025-10-10 14:37:35.506749_ContrastiveLoss_gru_catboost/model_128_0.001_7_10_100_256_16_16_ContrastiveLoss_gruepoch=20.ckpt,20,24,0.6480358,62.9409,2.7172,1e-04,4.6382,1.1202,9.8849,0.7974,4230.966,107.0037,1002.0812,25.3433,937.5526,23.7113,901.3888,22.7967,853.9349,21.5965,817.2461,20.6687,750.1589,18.972,390.2854,8.1633,92.437,1.9334,86.4845,1.8089,83.1486,1.7391,78.7712,1.6476,75.3869,1.5768,69.1984,1.4474,0.0,0.0,0.0,0.0,0.0,0.0,0.0,0.0,0.0,0.0,0.0,0.0,0.0,0.0,0.0,0.0,0.0,0.0,0.0,0.0,0.0,0.0,0.0,0.0,0.0,0.0,0.0,0.0,0.0,0.0,0.0,0.0,0.0,0.0,0.0,0.5711,0.8165
128,0.001,7,10,100,16,16,256,202,730,24,ContrastiveLoss,gru,/home/dpetrovitch/dzagcoffee/train_trace/age_pred/checkpoints/age_pred_2025-10-10 14:37:35.506749_ContrastiveLoss_gru_catboost/model_128_0.001_7_10_100_256_16_16_ContrastiveLoss_gruepoch=21.ckpt,21,24,0.64927876,62.7766,2.7482,1e-04,4.6414,1.1178,9.7684,0.8008,4226.9395,106.9103,1004.3591,25.4028,939.5236,23.763,903.2029,22.8443,855.5945,21.6402,818.3394,20.6979,750.7875,18.9894,385.5788,8.0968,91.617,1.9239,85.7028,1.7997,82.3896,1.7301,78.0468,1.6389,74.6484,1.5676,68.4864,1.4382,0.0,0.0,0.0,0.0,0.0,0.0,0.0,0.0,0.0,0.0,0.0,0.0,0.0,0.0,0.0,0.0,0.0,0.0,0.0,0.0,0.0,0.0,0.0,0.0,0.0,0.0,0.0,0.0,0.0,0.0,0.0,0.0,0.0,0.0,0.0,0.5689,0.8169
128,0.001,7,10,100,16,16,256,202,730,24,ContrastiveLoss,gru,/home/dpetrovitch/dzagcoffee/train_trace/age_pred/checkpoints/age_pred_2025-10-10 14:37:35.506749_ContrastiveLoss_gru_catboost/model_128_0.001_7_10_100_256_16_16_ContrastiveLoss_gruepoch=22.ckpt,22,24,0.65761966,62.1155,2.6511,1e-04,4.6572,1.1142,10.0937,0.806,4190.7827,105.9877,1003.1369,25.37,938.5074,23.7355,902.2598,22.8188,854.8882,21.6207,818.171,20.6921,752.0678,19.0203,384.2633,8.0358,91.9801,1.9235,86.0541,1.7996,82.7304,1.7301,78.3868,1.6392,75.0201,1.5688,68.959,1.4421,0.0,0.0,0.0,0.0,0.0,0.0,0.0,0.0,0.0,0.0,0.0,0.0,0.0,0.0,0.0,0.0,0.0,0.0,0.0,0.0,0.0,0.0,0.0,0.0,0.0,0.0,0.0,0.0,0.0,0.0,0.0,0.0,0.0,0.0,0.0,0.5689,0.8086
128,0.001,7,10,100,16,16,256,202,730,24,ContrastiveLoss,gru,/home/dpetrovitch/dzagcoffee/train_trace/age_pred/checkpoints/age_pred_2025-10-10 14:37:35.506749_ContrastiveLoss_gru_catboost/model_128_0.001_7_10_100_256_16_16_ContrastiveLoss_gruepoch=23.ckpt,23,24,0.6482557,64.1254,2.6908,1e-04,4.6522,1.1224,10.2196,0.7942,4289.4453,108.474,1007.3876,25.4754,943.6275,23.863,907.9891,22.9618,861.6215,21.7892,825.6302,20.879,760.8578,19.241,400.9992,8.3186,94.1757,1.9536,88.2151,1.83,84.8834,1.7609,80.5488,1.671,77.1841,1.6012,71.1289,1.4755,0.0,0.0,0.0,0.0,0.0,0.0,0.0,0.0,0.0,0.0,0.0,0.0,0.0,0.0,0.0,0.0,0.0,0.0,0.0,0.0,0.0,0.0,0.0,0.0,0.0,0.0,0.0,0.0,0.0,0.0,0.0,0.0,0.0,0.0,0.0,0.5633,0.8059
128,0.001,3,5,100,16,16,256,202,730,24,ContrastiveLoss,gru,/home/dpetrovitch/dzagcoffee/train_trace/age_pred/checkpoints/age_pred_2025-10-10 14:37:35.506749_ContrastiveLoss_gru_catboost/model_128_0.001_3_5_100_256_16_16_ContrastiveLoss_gruepoch=00.ckpt,0,24,0.08930122,49.5036,4.7677,0.0006,4.1843,1.1091,5.4915,0.8153,1744.2784,44.7732,801.7023,20.5786,719.7641,18.4754,675.1208,17.3294,619.1325,15.8923,577.4218,14.8216,505.818,12.9836,109.9207,3.1989,50.5215,1.4703,45.358,1.32,42.5447,1.2381,39.0164,1.1354,36.3879,1.0589,31.8756,0.9276,0.0,0.0,0.0,0.0,0.0,0.0,0.0,0.0,0.0,0.0,0.0,0.0,0.0,0.0,0.0,0.0,0.0,0.0,0.0,0.0,0.0,0.0,0.0,0.0,0.0,0.0,0.0,0.0,0.0,0.0,0.0,0.0,0.0,0.0,0.0,0.4244,0.6941
128,0.001,3,5,100,16,16,256,202,730,24,ContrastiveLoss,gru,/home/dpetrovitch/dzagcoffee/train_trace/age_pred/checkpoints/age_pred_2025-10-10 14:37:35.506749_ContrastiveLoss_gru_catboost/model_128_0.001_3_5_100_256_16_16_ContrastiveLoss_gruepoch=01.ckpt,1,24,0.16330294,58.2216,4.4686,0.0008,4.0974,1.1554,6.8258,0.7526,2403.8997,61.0919,843.7464,21.4427,766.4712,19.4788,724.7813,18.4194,672.1509,17.0818,632.2826,16.0686,564.0825,14.3354,176.9404,4.5865,62.1044,1.6098,56.4166,1.4624,53.348,1.3828,49.4741,1.2824,46.5395,1.2064,41.5196,1.0762,0.0,0.0,0.0,0.0,0.0,0.0,0.0,0.0,0.0,0.0,0.0,0.0,0.0,0.0,0.0,0.0,0.0,0.0,0.0,0.0,0.0,0.0,0.0,0.0,0.0,0.0,0.0,0.0,0.0,0.0,0.0,0.0,0.0,0.0,0.0,0.5011,0.7494
128,0.001,3,5,100,16,16,256,202,730,24,ContrastiveLoss,gru,/home/dpetrovitch/dzagcoffee/train_trace/age_pred/checkpoints/age_pred_2025-10-10 14:37:35.506749_ContrastiveLoss_gru_catboost/model_128_0.001_3_5_100_256_16_16_ContrastiveLoss_gruepoch=02.ckpt,2,24,0.19527306,61.1333,4.3233,0.0008,4.0692,1.1606,7.2675,0.7453,2790.2598,70.7378,880.8908,22.3321,805.798,20.4283,764.9189,19.392,712.3623,18.0596,671.9713,17.0356,601.349,15.2452,232.6856,5.6339,73.4593,1.7786,67.1972,1.627,63.7882,1.5445,59.4054,1.4384,56.0371,1.3568,50.1477,1.2142,0.0,0.0,0.0,0.0,0.0,0.0,0.0,0.0,0.0,0.0,0.0,0.0,0.0,0.0,0.0,0.0,0.0,0.0,0.0,0.0,0.0,0.0,0.0,0.0,0.0,0.0,0.0,0.0,0.0,0.0,0.0,0.0,0.0,0.0,0.0,0.5056,0.7575
128,0.001,3,5,100,16,16,256,202,730,24,ContrastiveLoss,gru,/home/dpetrovitch/dzagcoffee/train_trace/age_pred/checkpoints/age_pred_2025-10-10 14:37:35.506749_ContrastiveLoss_gru_catboost/model_128_0.001_3_5_100_256_16_16_ContrastiveLoss_gruepoch=03.ckpt,3,24,0.21686593,63.2955,3.996,0.0008,4.0566,1.1582,8.3988,0.7478,3004.238,76.1069,905.2004,22.9316,832.943,21.1011,793.2622,20.0959,742.53,18.8107,704.0375,17.8355,638.6583,16.1793,251.6674,5.914,75.8294,1.7819,69.7763,1.6397,66.4522,1.5616,62.2023,1.4617,58.9778,1.3859,53.5009,1.2572,0.0,0.0,0.0,0.0,0.0,0.0,0.0,0.0,0.0,0.0,0.0,0.0,0.0,0.0,0.0,0.0,0.0,0.0,0.0,0.0,0.0,0.0,0.0,0.0,0.0,0.0,0.0,0.0,0.0,0.0,0.0,0.0,0.0,0.0,0.0,0.51,0.7577
128,0.001,3,5,100,16,16,256,202,730,24,ContrastiveLoss,gru,/home/dpetrovitch/dzagcoffee/train_trace/age_pred/checkpoints/age_pred_2025-10-10 14:37:35.506749_ContrastiveLoss_gru_catboost/model_128_0.001_3_5_100_256_16_16_ContrastiveLoss_gruepoch=04.ckpt,4,24,0.22987694,65.4438,3.9748,0.0009,4.0228,1.1752,8.1085,0.7266,3273.1814,82.885,915.0218,23.1706,843.9106,21.3699,804.603,20.3745,754.0472,19.0943,715.5994,18.1207,647.9141,16.4068,289.1155,6.6496,80.8226,1.8589,74.5414,1.7144,71.0694,1.6346,66.6039,1.5319,63.2079,1.4538,57.2293,1.3163,0.0,0.0,0.0,0.0,0.0,0.0,0.0,0.0,0.0,0.0,0.0,0.0,0.0,0.0,0.0,0.0,0.0,0.0,0.0,0.0,0.0,0.0,0.0,0.0,0.0,0.0,0.0,0.0,0.0,0.0,0.0,0.0,0.0,0.0,0.0,0.5278,0.7782
128,0.001,3,5,100,16,16,256,202,730,24,ContrastiveLoss,gru,/home/dpetrovitch/dzagcoffee/train_trace/age_pred/checkpoints/age_pred_2025-10-10 14:37:35.506749_ContrastiveLoss_gru_catboost/model_128_0.001_3_5_100_256_16_16_ContrastiveLoss_gruepoch=05.ckpt,5,24,0.24231572,64.0983,3.7017,0.0007,4.0161,1.1608,9.0294,0.7437,3431.6467,86.8601,926.9139,23.4616,858.5021,21.73,820.7955,20.7756,772.7896,19.5605,736.193,18.6341,671.4107,16.9944,327.4892,7.1859,88.4573,1.941,81.9286,1.7977,78.3302,1.7188,73.7489,1.6182,70.2564,1.5416,64.0741,1.4059,0.0,0.0,0.0,0.0,0.0,0.0,0.0,0.0,0.0,0.0,0.0,0.0,0.0,0.0,0.0,0.0,0.0,0.0,0.0,0.0,0.0,0.0,0.0,0.0,0.0,0.0,0.0,0.0,0.0,0.0,0.0,0.0,0.0,0.0,0.0,0.5156,0.776
128,0.001,3,5,100,16,16,256,202,730,24,ContrastiveLoss,gru,/home/dpetrovitch/dzagcoffee/train_trace/age_pred/checkpoints/age_pred_2025-10-10 14:37:35.506749_ContrastiveLoss_gru_catboost/model_128_0.001_3_5_100_256_16_16_ContrastiveLoss_gruepoch=06.ckpt,6,24,0.25838462,66.7518,4.4503,0.0007,3.9676,1.1858,8.9779,0.7131,3635.2417,92.0273,924.8812,23.4136,857.957,21.7194,821.1443,20.7875,773.8497,19.5902,737.5939,18.6724,672.9118,17.035,348.8714,7.7657,88.7602,1.9757,82.3375,1.8328,78.8046,1.7541,74.2658,1.6531,70.7863,1.5757,64.5789,1.4375,0.0,0.0,0.0,0.0,0.0,0.0,0.0,0.0,0.0,0.0,0.0,0.0,0.0,0.0,0.0,0.0,0.0,0.0,0.0,0.0,0.0,0.0,0.0,0.0,0.0,0.0,0.0,0.0,0.0,0.0,0.0,0.0,0.0,0.0,0.0,0.5422,0.792
128,0.001,3,5,100,16,16,256,202,730,24,ContrastiveLoss,gru,/home/dpetrovitch/dzagcoffee/train_trace/age_pred/checkpoints/age_pred_2025-10-10 14:37:35.506749_ContrastiveLoss_gru_catboost/model_128_0.001_3_5_100_256_16_16_ContrastiveLoss_gruepoch=07.ckpt,7,24,0.26654235,63.5312,3.2272,0.0006,3.9679,1.1762,8.4889,0.7241,3756.8423,95.1063,921.1962,23.3205,854.4434,21.6307,817.9236,20.7061,771.0072,19.5184,735.0675,18.6086,672.6018,17.0272,370.8363,8.1529,90.9309,1.9991,84.3417,1.8543,80.7369,1.775,76.1058,1.6732,72.5582,1.5952,66.3922,1.4596,0.0,0.0,0.0,0.0,0.0,0.0,0.0,0.0,0.0,0.0,0.0,0.0,0.0,0.0,0.0,0.0,0.0,0.0,0.0,0.0,0.0,0.0,0.0,0.0,0.0,0.0,0.0,0.0,0.0,0.0,0.0,0.0,0.0,0.0,0.0,0.5422,0.7949
128,0.001,3,5,100,16,16,256,202,730,24,ContrastiveLoss,gru,/home/dpetrovitch/dzagcoffee/train_trace/age_pred/checkpoints/age_pred_2025-10-10 14:37:35.506749_ContrastiveLoss_gru_catboost/model_128_0.001_3_5_100_256_16_16_ContrastiveLoss_gruepoch=08.ckpt,8,24,0.2664339,65.0959,4.3672,0.0005,3.9556,1.1808,9.6505,0.7189,3867.1924,97.8844,933.6078,23.631,868.1688,21.9746,832.196,21.0641,786.2335,19.9007,750.6737,19.0007,688.3623,17.4235,395.624,8.4837,95.5105,2.0481,88.816,1.9045,85.1358,1.8256,80.4338,1.7248,76.7959,1.6468,70.4213,1.5101,0.0,0.0,0.0,0.0,0.0,0.0,0.0,0.0,0.0,0.0,0.0,0.0,0.0,0.0,0.0,0.0,0.0,0.0,0.0,0.0,0.0,0.0,0.0,0.0,0.0,0.0,0.0,0.0,0.0,0.0,0.0,0.0,0.0,0.0,0.0,0.5156,0.7727
128,0.001,3,5,100,16,16,256,202,730,24,ContrastiveLoss,gru,/home/dpetrovitch/dzagcoffee/train_trace/age_pred/checkpoints/age_pred_2025-10-10 14:37:35.506749_ContrastiveLoss_gru_catboost/model_128_0.001_3_5_100_256_16_16_ContrastiveLoss_gruepoch=09.ckpt,9,24,0.25962755,66.7842,2.821,0.0005,3.9442,1.1979,9.4493,0.699,3942.45,99.82,935.7002,23.6913,870.3402,22.0364,834.713,21.1343,788.7214,19.9699,753.6627,19.0822,692.3085,17.5288,390.7125,8.3904,92.7316,1.9914,86.2542,1.8523,82.7234,1.7765,78.1654,1.6786,74.691,1.604,68.6105,1.4734,0.0,0.0,0.0,0.0,0.0,0.0,0.0,0.0,0.0,0.0,0.0,0.0,0.0,0.0,0.0,0.0,0.0,0.0,0.0,0.0,0.0,0.0,0.0,0.0,0.0,0.0,0.0,0.0,0.0,0.0,0.0,0.0,0.0,0.0,0.0,0.5433,0.7889
128,0.001,3,5,100,16,16,256,202,730,24,ContrastiveLoss,gru,/home/dpetrovitch/dzagcoffee/train_trace/age_pred/checkpoints/age_pred_2025-10-10 14:37:35.506749_ContrastiveLoss_gru_catboost/model_128_0.001_3_5_100_256_16_16_ContrastiveLoss_gruepoch=10.ckpt,10,24,0.2645005,66.1987,2.8127,0.0005,3.9614,1.1879,9.5306,0.7107,3958.7944,100.225,936.1607,23.7008,870.8362,22.047,834.7059,21.1323,788.6166,19.9654,753.2793,19.0708,691.8969,17.5168,394.5485,8.5059,93.3013,2.0114,86.7909,1.8711,83.19,1.7935,78.5965,1.6944,75.0747,1.6185,68.9571,1.4866,0.0,0.0,0.0,0.0,0.0,0.0,0.0,0.0,0.0,0.0,0.0,0.0,0.0,0.0,0.0,0.0,0.0,0.0,0.0,0.0,0.0,0.0,0.0,0.0,0.0,0.0,0.0,0.0,0.0,0.0,0.0,0.0,0.0,0.0,0.0,0.5311,0.7887
128,0.001,3,5,100,16,16,256,202,730,24,ContrastiveLoss,gru,/home/dpetrovitch/dzagcoffee/train_trace/age_pred/checkpoints/age_pred_2025-10-10 14:37:35.506749_ContrastiveLoss_gru_catboost/model_128_0.001_3_5_100_256_16_16_ContrastiveLoss_gruepoch=11.ckpt,11,24,0.27808356,66.2043,3.3905,0.0005,3.9581,1.1884,9.7773,0.71,4070.396,103.0283,938.4636,23.754,872.9251,22.0951,836.8588,21.1822,790.3371,20.0047,754.6075,19.1003,691.382,17.5,407.7853,8.7852,94.0183,2.0255,87.4524,1.884,83.8392,1.8062,79.1785,1.7058,75.599,1.6287,69.2649,1.4922,0.0,0.0,0.0,0.0,0.0,0.0,0.0,0.0,0.0,0.0,0.0,0.0,0.0,0.0,0.0,0.0,0.0,0.0,0.0,0.0,0.0,0.0,0.0,0.0,0.0,0.0,0.0,0.0,0.0,0.0,0.0,0.0,0.0,0.0,0.0,0.5489,0.7997
128,0.001,3,5,100,16,16,256,202,730,24,ContrastiveLoss,gru,/home/dpetrovitch/dzagcoffee/train_trace/age_pred/checkpoints/age_pred_2025-10-10 14:37:35.506749_ContrastiveLoss_gru_catboost/model_128_0.001_3_5_100_256_16_16_ContrastiveLoss_gruepoch=12.ckpt,12,24,0.25726998,63.8823,2.7008,0.0005,3.9842,1.1752,9.4905,0.7257,3913.2136,99.0555,934.4459,23.6537,870.1853,22.0271,835.1361,21.1399,790.3653,20.0066,756.2226,19.1423,696.7785,17.6376,395.4749,8.5093,94.4364,2.032,87.9422,1.8922,84.4,1.816,79.8754,1.7187,76.4249,1.6444,70.4174,1.5151,0.0,0.0,0.0,0.0,0.0,0.0,0.0,0.0,0.0,0.0,0.0,0.0,0.0,0.0,0.0,0.0,0.0,0.0,0.0,0.0,0.0,0.0,0.0,0.0,0.0,0.0,0.0,0.0,0.0,0.0,0.0,0.0,0.0,0.0,0.0,0.53,0.7793
128,0.001,3,5,100,16,16,256,202,730,24,ContrastiveLoss,gru,/home/dpetrovitch/dzagcoffee/train_trace/age_pred/checkpoints/age_pred_2025-10-10 14:37:35.506749_ContrastiveLoss_gru_catboost/model_128_0.001_3_5_100_256_16_16_ContrastiveLoss_gruepoch=13.ckpt,13,24,0.28243372,66.1016,3.247,0.0005,3.9657,1.1856,9.6817,0.7134,4098.1777,103.7477,944.5135,23.9109,879.3295,22.2607,843.389,21.3509,796.7682,20.1706,760.8745,19.262,697.1421,17.6485,413.0673,8.8444,95.2003,2.0384,88.6302,1.8977,85.0076,1.8202,80.3086,1.7195,76.6908,1.6421,70.267,1.5045,0.0,0.0,0.0,0.0,0.0,0.0,0.0,0.0,0.0,0.0,0.0,0.0,0.0,0.0,0.0,0.0,0.0,0.0,0.0,0.0,0.0,0.0,0.0,0.0,0.0,0.0,0.0,0.0,0.0,0.0,0.0,0.0,0.0,0.0,0.0,0.5433,0.7929
128,0.001,3,5,100,16,16,256,202,730,24,ContrastiveLoss,gru,/home/dpetrovitch/dzagcoffee/train_trace/age_pred/checkpoints/age_pred_2025-10-10 14:37:35.506749_ContrastiveLoss_gru_catboost/model_128_0.001_3_5_100_256_16_16_ContrastiveLoss_gruepoch=14.ckpt,14,24,0.27682093,66.098,2.9413,0.0005,4.0001,1.1919,10.0451,0.7055,4193.8716,106.133,944.2058,23.8947,881.0701,22.297,846.487,21.4218,802.4747,20.308,769.0874,19.4631,711.4538,18.0045,426.0102,9.1363,95.9117,2.0569,89.4984,1.9194,85.9855,1.8441,81.5148,1.7482,78.1233,1.6754,72.2689,1.5499,0.0,0.0,0.0,0.0,0.0,0.0,0.0,0.0,0.0,0.0,0.0,0.0,0.0,0.0,0.0,0.0,0.0,0.0,0.0,0.0,0.0,0.0,0.0,0.0,0.0,0.0,0.0,0.0,0.0,0.0,0.0,0.0,0.0,0.0,0.0,0.5533,0.7992
128,0.001,3,5,100,16,16,256,202,730,24,ContrastiveLoss,gru,/home/dpetrovitch/dzagcoffee/train_trace/age_pred/checkpoints/age_pred_2025-10-10 14:37:35.506749_ContrastiveLoss_gru_catboost/model_128_0.001_3_5_100_256_16_16_ContrastiveLoss_gruepoch=15.ckpt,15,24,0.28661615,65.3428,3.05,0.0004,4.0387,1.1867,9.8789,0.7116,4212.8545,106.6019,945.8214,23.933,882.9435,22.342,848.6467,21.4741,804.7723,20.3639,771.3945,19.5193,712.5238,18.0297,437.617,9.2824,98.2487,2.084,91.7172,1.9454,88.1545,1.8699,83.597,1.7732,80.1298,1.6997,74.0146,1.5699,0.0,0.0,0.0,0.0,0.0,0.0,0.0,0.0,0.0,0.0,0.0,0.0,0.0,0.0,0.0,0.0,0.0,0.0,0.0,0.0,0.0,0.0,0.0,0.0,0.0,0.0,0.0,0.0,0.0,0.0,0.0,0.0,0.0,0.0,0.0,0.5389,0.7964
128,0.001,3,5,100,16,16,256,202,730,24,ContrastiveLoss,gru,/home/dpetrovitch/dzagcoffee/train_trace/age_pred/checkpoints/age_pred_2025-10-10 14:37:35.506749_ContrastiveLoss_gru_catboost/model_128_0.001_3_5_100_256_16_16_ContrastiveLoss_gruepoch=16.ckpt,16,24,0.27616993,68.77,2.6283,0.0004,3.9985,1.2059,10.0435,0.6893,4273.847,108.1616,951.9601,24.092,888.146,22.477,853.4589,21.5991,809.0613,20.4755,775.178,19.618,715.9494,18.1191,432.609,9.2828,96.3597,2.0677,89.9003,1.9291,86.3892,1.8537,81.8951,1.7573,78.4654,1.6837,72.4701,1.555,0.0,0.0,0.0,0.0,0.0,0.0,0.0,0.0,0.0,0.0,0.0,0.0,0.0,0.0,0.0,0.0,0.0,0.0,0.0,0.0,0.0,0.0,0.0,0.0,0.0,0.0,0.0,0.0,0.0,0.0,0.0,0.0,0.0,0.0,0.0,0.5211,0.7897
128,0.001,3,5,100,16,16,256,202,730,24,ContrastiveLoss,gru,/home/dpetrovitch/dzagcoffee/train_trace/age_pred/checkpoints/age_pred_2025-10-10 14:37:35.506749_ContrastiveLoss_gru_catboost/model_128_0.001_3_5_100_256_16_16_ContrastiveLoss_gruepoch=17.ckpt,17,24,0.2866556,67.3156,3.3702,0.0004,4.0313,1.1984,9.6742,0.6976,4393.293,111.1667,954.4877,24.1521,891.5452,22.5594,856.9513,21.6841,812.5022,20.5593,778.3048,19.694,717.5125,18.1557,449.2896,9.545,97.6128,2.0738,91.1758,1.937,87.638,1.8618,83.0923,1.7653,79.595,1.691,73.378,1.5589,0.0,0.0,0.0,0.0,0.0,0.0,0.0,0.0,0.0,0.0,0.0,0.0,0.0,0.0,0.0,0.0,0.0,0.0,0.0,0.0,0.0,0.0,0.0,0.0,0.0,0.0,0.0,0.0,0.0,0.0,0.0,0.0,0.0,0.0,0.0,0.5511,0.8066
128,0.001,3,5,100,16,16,256,202,730,24,ContrastiveLoss,gru,/home/dpetrovitch/dzagcoffee/train_trace/age_pred/checkpoints/age_pred_2025-10-10 14:37:35.506749_ContrastiveLoss_gru_catboost/model_128_0.001_3_5_100_256_16_16_ContrastiveLoss_gruepoch=18.ckpt,18,24,0.29085782,65.4724,2.8225,0.0004,4.0589,1.1785,10.0096,0.7214,4305.7026,108.9664,956.6979,24.2116,892.9113,22.5973,857.71,21.7065,812.4958,20.5622,777.4278,19.6747,715.349,18.1037,428.9912,9.156,95.3189,2.0344,88.9637,1.8988,85.4564,1.8239,80.9516,1.7278,77.4577,1.6532,71.2725,1.5212,0.0,0.0,0.0,0.0,0.0,0.0,0.0,0.0,0.0,0.0,0.0,0.0,0.0,0.0,0.0,0.0,0.0,0.0,0.0,0.0,0.0,0.0,0.0,0.0,0.0,0.0,0.0,0.0,0.0,0.0,0.0,0.0,0.0,0.0,0.0,0.5556,0.7994
128,0.001,3,5,100,16,16,256,202,730,24,ContrastiveLoss,gru,/home/dpetrovitch/dzagcoffee/train_trace/age_pred/checkpoints/age_pred_2025-10-10 14:37:35.506749_ContrastiveLoss_gru_catboost/model_128_0.001_3_5_100_256_16_16_ContrastiveLoss_gruepoch=19.ckpt,19,24,0.29190344,66.2232,2.956,0.0005,4.0532,1.1801,9.8307,0.7194,4305.7876,108.9618,961.8954,24.3416,898.7596,22.7439,863.73,21.8575,818.6041,20.7155,783.7695,19.834,721.2176,18.2511,421.8298,9.0683,94.235,2.0258,88.0498,1.8929,84.618,1.8191,80.1971,1.724,76.7844,1.6507,70.6563,1.5189,0.0,0.0,0.0,0.0,0.0,0.0,0.0,0.0,0.0,0.0,0.0,0.0,0.0,0.0,0.0,0.0,0.0,0.0,0.0,0.0,0.0,0.0,0.0,0.0,0.0,0.0,0.0,0.0,0.0,0.0,0.0,0.0,0.0,0.0,0.0,0.5533,0.8087
128,0.001,3,5,100,16,16,256,202,730,24,ContrastiveLoss,gru,/home/dpetrovitch/dzagcoffee/train_trace/age_pred/checkpoints/age_pred_2025-10-10 14:37:35.506749_ContrastiveLoss_gru_catboost/model_128_0.001_3_5_100_256_16_16_ContrastiveLoss_gruepoch=20.ckpt,20,24,0.29599708,67.2259,3.2635,0.0004,4.0578,1.194,9.7358,0.7027,4458.2,112.786,959.3129,24.2692,897.4344,22.7038,863.3494,21.8415,819.3066,20.7273,785.1645,19.8635,723.5181,18.304,463.1397,9.6699,99.6581,2.0808,93.2299,1.9466,89.689,1.8726,85.1136,1.7771,81.5667,1.703,75.1626,1.5693,0.0,0.0,0.0,0.0,0.0,0.0,0.0,0.0,0.0,0.0,0.0,0.0,0.0,0.0,0.0,0.0,0.0,0.0,0.0,0.0,0.0,0.0,0.0,0.0,0.0,0.0,0.0,0.0,0.0,0.0,0.0,0.0,0.0,0.0,0.0,0.5733,0.8131
128,0.001,3,5,100,16,16,256,202,730,24,ContrastiveLoss,gru,/home/dpetrovitch/dzagcoffee/train_trace/age_pred/checkpoints/age_pred_2025-10-10 14:37:35.506749_ContrastiveLoss_gru_catboost/model_128_0.001_3_5_100_256_16_16_ContrastiveLoss_gruepoch=21.ckpt,21,24,0.2950205,67.9011,3.0367,0.0004,4.0525,1.1945,9.9979,0.7024,4468.53,113.0617,963.2424,24.3717,900.8076,22.792,866.28,21.9184,821.6542,20.7893,787.2673,19.9192,725.6813,18.361,454.966,9.5349,98.0731,2.0553,91.7163,1.9221,88.2008,1.8485,83.6572,1.7532,80.1561,1.6799,73.8857,1.5484,0.0,0.0,0.0,0.0,0.0,0.0,0.0,0.0,0.0,0.0,0.0,0.0,0.0,0.0,0.0,0.0,0.0,0.0,0.0,0.0,0.0,0.0,0.0,0.0,0.0,0.0,0.0,0.0,0.0,0.0,0.0,0.0,0.0,0.0,0.0,0.5756,0.8137
128,0.001,3,5,100,16,16,256,202,730,24,ContrastiveLoss,gru,/home/dpetrovitch/dzagcoffee/train_trace/age_pred/checkpoints/age_pred_2025-10-10 14:37:35.506749_ContrastiveLoss_gru_catboost/model_128_0.001_3_5_100_256_16_16_ContrastiveLoss_gruepoch=22.ckpt,22,24,0.29358032,67.6982,3.4087,0.0004,4.0624,1.192,10.2269,0.7048,4472.4956,113.1472,962.7523,24.3561,900.9697,22.7931,866.8746,21.9306,823.1057,20.8233,789.3057,19.9682,729.0098,18.4428,454.8766,9.6115,97.917,2.069,91.6334,1.9362,88.1658,1.8629,83.7142,1.7689,80.2766,1.6962,74.1442,1.5667,0.0,0.0,0.0,0.0,0.0,0.0,0.0,0.0,0.0,0.0,0.0,0.0,0.0,0.0,0.0,0.0,0.0,0.0,0.0,0.0,0.0,0.0,0.0,0.0,0.0,0.0,0.0,0.0,0.0,0.0,0.0,0.0,0.0,0.0,0.0,0.57,0.8095
128,0.001,3,5,100,16,16,256,202,730,24,ContrastiveLoss,gru,/home/dpetrovitch/dzagcoffee/train_trace/age_pred/checkpoints/age_pred_2025-10-10 14:37:35.506749_ContrastiveLoss_gru_catboost/model_128_0.001_3_5_100_256_16_16_ContrastiveLoss_gruepoch=23.ckpt,23,24,0.2888553,68.6195,3.172,0.0004,4.0675,1.2004,10.1033,0.6949,4525.5205,114.4818,964.9939,24.4114,903.6554,22.8597,869.6618,21.9998,825.9223,20.8933,792.2709,20.042,732.2768,18.5244,473.6511,9.8634,100.9984,2.1032,94.5786,1.9695,91.0208,1.8954,86.4429,1.8001,82.9209,1.7268,76.6417,1.596,0.0,0.0,0.0,0.0,0.0,0.0,0.0,0.0,0.0,0.0,0.0,0.0,0.0,0.0,0.0,0.0,0.0,0.0,0.0,0.0,0.0,0.0,0.0,0.0,0.0,0.0,0.0,0.0,0.0,0.0,0.0,0.0,0.0,0.0,0.0,0.5567,0.7959
128,0.001,3,10,100,16,16,256,202,730,24,ContrastiveLoss,gru,/home/dpetrovitch/dzagcoffee/train_trace/age_pred/checkpoints/age_pred_2025-10-10 14:37:35.506749_ContrastiveLoss_gru_catboost/model_128_0.001_3_10_100_256_16_16_ContrastiveLoss_gruepoch=00.ckpt,0,24,0.11311355,52.4985,4.3657,0.0007,4.1069,1.1382,5.4845,0.7763,1797.5664,46.1298,774.3113,19.8707,696.986,17.8863,654.9414,16.8073,600.7256,15.416,558.5336,14.3333,481.6552,12.3604,110.1765,3.2761,47.4591,1.4112,42.7197,1.2703,40.1427,1.1936,36.8197,1.0948,34.2337,1.0179,29.5216,0.8778,0.0,0.0,0.0,0.0,0.0,0.0,0.0,0.0,0.0,0.0,0.0,0.0,0.0,0.0,0.0,0.0,0.0,0.0,0.0,0.0,0.0,0.0,0.0,0.0,0.0,0.0,0.0,0.0,0.0,0.0,0.0,0.0,0.0,0.0,0.0,0.4711,0.7279
128,0.001,3,10,100,16,16,256,202,730,24,ContrastiveLoss,gru,/home/dpetrovitch/dzagcoffee/train_trace/age_pred/checkpoints/age_pred_2025-10-10 14:37:35.506749_ContrastiveLoss_gru_catboost/model_128_0.001_3_10_100_256_16_16_ContrastiveLoss_gruepoch=01.ckpt,1,24,0.17602786,59.402,3.6528,0.0008,4.0538,1.1565,6.2773,0.7504,2321.3254,59.0328,849.2465,21.5969,775.4221,19.7195,735.456,18.7031,684.1654,17.3988,644.6905,16.3949,577.3934,14.6835,165.3438,4.3816,60.4903,1.603,55.2319,1.4637,52.3852,1.3882,48.7319,1.2914,45.9201,1.2169,41.1267,1.0899,0.0,0.0,0.0,0.0,0.0,0.0,0.0,0.0,0.0,0.0,0.0,0.0,0.0,0.0,0.0,0.0,0.0,0.0,0.0,0.0,0.0,0.0,0.0,0.0,0.0,0.0,0.0,0.0,0.0,0.0,0.0,0.0,0.0,0.0,0.0,0.4822,0.7512
128,0.001,3,10,100,16,16,256,202,730,24,ContrastiveLoss,gru,/home/dpetrovitch/dzagcoffee/train_trace/age_pred/checkpoints/age_pred_2025-10-10 14:37:35.506749_ContrastiveLoss_gru_catboost/model_128_0.001_3_10_100_256_16_16_ContrastiveLoss_gruepoch=02.ckpt,2,24,0.21414338,61.0836,3.2805,0.0007,4.0212,1.1664,6.6907,0.737,2689.7495,68.2381,866.6167,21.9858,797.2273,20.2254,759.3698,19.265,711.2688,18.0447,675.3247,17.1328,614.0043,15.5771,221.0738,5.4832,71.2283,1.7667,65.5251,1.6252,62.4135,1.548,58.4601,1.45,55.5058,1.3767,50.4658,1.2517,0.0,0.0,0.0,0.0,0.0,0.0,0.0,0.0,0.0,0.0,0.0,0.0,0.0,0.0,0.0,0.0,0.0,0.0,0.0,0.0,0.0,0.0,0.0,0.0,0.0,0.0,0.0,0.0,0.0,0.0,0.0,0.0,0.0,0.0,0.0,0.5044,0.7478
128,0.001,3,10,100,16,16,256,202,730,24,ContrastiveLoss,gru,/home/dpetrovitch/dzagcoffee/train_trace/age_pred/checkpoints/age_pred_2025-10-10 14:37:35.506749_ContrastiveLoss_gru_catboost/model_128_0.001_3_10_100_256_16_16_ContrastiveLoss_gruepoch=03.ckpt,3,24,0.24794821,62.3283,3.9319,0.0006,3.956,1.171,7.2354,0.7309,2977.5542,75.456,888.7548,22.5225,820.612,20.7956,783.3161,19.8505,736.5327,18.6649,701.055,17.7659,639.1278,16.1965,277.5965,6.4168,82.8583,1.9153,76.5054,1.7685,73.0283,1.6881,68.6667,1.5873,65.3591,1.5108,59.5857,1.3774,0.0,0.0,0.0,0.0,0.0,0.0,0.0,0.0,0.0,0.0,0.0,0.0,0.0,0.0,0.0,0.0,0.0,0.0,0.0,0.0,0.0,0.0,0.0,0.0,0.0,0.0,0.0,0.0,0.0,0.0,0.0,0.0,0.0,0.0,0.0,0.53,0.7671
128,0.001,3,10,100,16,16,256,202,730,24,ContrastiveLoss,gru,/home/dpetrovitch/dzagcoffee/train_trace/age_pred/checkpoints/age_pred_2025-10-10 14:37:35.506749_ContrastiveLoss_gru_catboost/model_128_0.001_3_10_100_256_16_16_ContrastiveLoss_gruepoch=04.ckpt,4,24,0.24896425,63.8499,3.79,0.0004,3.9668,1.1824,7.7454,0.7166,3180.7302,80.5773,900.0901,22.8019,832.6256,21.0929,795.8151,20.1603,749.4856,18.9867,714.9558,18.1119,655.7849,16.613,301.3775,6.8828,85.2845,1.9477,78.8922,1.8017,75.4043,1.7221,71.0146,1.6218,67.7428,1.5471,62.1363,1.4191,0.0,0.0,0.0,0.0,0.0,0.0,0.0,0.0,0.0,0.0,0.0,0.0,0.0,0.0,0.0,0.0,0.0,0.0,0.0,0.0,0.0,0.0,0.0,0.0,0.0,0.0,0.0,0.0,0.0,0.0,0.0,0.0,0.0,0.0,0.0,0.5422,0.7799
128,0.001,3,10,100,16,16,256,202,730,24,ContrastiveLoss,gru,/home/dpetrovitch/dzagcoffee/train_trace/age_pred/checkpoints/age_pred_2025-10-10 14:37:35.506749_ContrastiveLoss_gru_catboost/model_128_0.001_3_10_100_256_16_16_ContrastiveLoss_gruepoch=05.ckpt,5,24,0.27485797,65.591,3.6989,0.0004,3.9509,1.1907,7.8984,0.7073,3389.724,85.855,919.0906,23.2787,850.6015,21.544,812.9849,20.5913,764.5221,19.3638,726.6598,18.4048,658.3217,16.674,328.3788,7.3056,89.0367,1.9808,82.4018,1.8332,78.7577,1.7522,74.0629,1.6477,70.395,1.5661,63.7748,1.4188,0.0,0.0,0.0,0.0,0.0,0.0,0.0,0.0,0.0,0.0,0.0,0.0,0.0,0.0,0.0,0.0,0.0,0.0,0.0,0.0,0.0,0.0,0.0,0.0,0.0,0.0,0.0,0.0,0.0,0.0,0.0,0.0,0.0,0.0,0.0,0.5322,0.7935
128,0.001,3,10,100,16,16,256,202,730,24,ContrastiveLoss,gru,/home/dpetrovitch/dzagcoffee/train_trace/age_pred/checkpoints/age_pred_2025-10-10 14:37:35.506749_ContrastiveLoss_gru_catboost/model_128_0.001_3_10_100_256_16_16_ContrastiveLoss_gruepoch=06.ckpt,6,24,0.27922785,66.8704,3.5095,0.0006,3.9287,1.2053,8.2858,0.6904,3607.8672,91.3898,923.0204,23.3808,854.7315,21.651,817.1003,20.6977,768.4523,19.4654,730.7117,18.5094,663.0936,16.7966,357.3281,7.7769,91.4172,1.9896,84.6538,1.8424,80.9267,1.7613,76.1086,1.6564,72.3707,1.5751,65.6737,1.4293,0.0,0.0,0.0,0.0,0.0,0.0,0.0,0.0,0.0,0.0,0.0,0.0,0.0,0.0,0.0,0.0,0.0,0.0,0.0,0.0,0.0,0.0,0.0,0.0,0.0,0.0,0.0,0.0,0.0,0.0,0.0,0.0,0.0,0.0,0.0,0.5489,0.7947
128,0.001,3,10,100,16,16,256,202,730,24,ContrastiveLoss,gru,/home/dpetrovitch/dzagcoffee/train_trace/age_pred/checkpoints/age_pred_2025-10-10 14:37:35.506749_ContrastiveLoss_gru_catboost/model_128_0.001_3_10_100_256_16_16_ContrastiveLoss_gruepoch=07.ckpt,7,24,0.28005642,62.4787,3.9285,0.0004,4.01,1.1775,8.7199,0.7225,3618.3977,91.6035,926.0596,23.4442,860.7193,21.79,824.8956,20.8831,778.7793,19.7156,743.5502,18.8238,681.4784,17.2523,369.7748,7.9684,94.6368,2.0394,87.9595,1.8955,84.2985,1.8166,79.5858,1.715,75.9856,1.6374,69.6423,1.5007,0.0,0.0,0.0,0.0,0.0,0.0,0.0,0.0,0.0,0.0,0.0,0.0,0.0,0.0,0.0,0.0,0.0,0.0,0.0,0.0,0.0,0.0,0.0,0.0,0.0,0.0,0.0,0.0,0.0,0.0,0.0,0.0,0.0,0.0,0.0,0.5678,0.8037
128,0.001,3,10,100,16,16,256,202,730,24,ContrastiveLoss,gru,/home/dpetrovitch/dzagcoffee/train_trace/age_pred/checkpoints/age_pred_2025-10-10 14:37:35.506749_ContrastiveLoss_gru_catboost/model_128_0.001_3_10_100_256_16_16_ContrastiveLoss_gruepoch=08.ckpt,8,24,0.2857382,65.2373,2.7279,0.0004,3.9905,1.1956,8.5422,0.7015,3781.8704,95.7756,934.4513,23.6649,868.8906,22.0046,832.8447,21.0917,786.261,19.912,750.2518,19.0001,685.6379,17.3637,391.3826,8.3877,96.7056,2.0725,89.9208,1.9271,86.1904,1.8471,81.3695,1.7438,77.6429,1.664,70.9561,1.5206,0.0,0.0,0.0,0.0,0.0,0.0,0.0,0.0,0.0,0.0,0.0,0.0,0.0,0.0,0.0,0.0,0.0,0.0,0.0,0.0,0.0,0.0,0.0,0.0,0.0,0.0,0.0,0.0,0.0,0.0,0.0,0.0,0.0,0.0,0.0,0.5556,0.7987
128,0.001,3,10,100,16,16,256,202,730,24,ContrastiveLoss,gru,/home/dpetrovitch/dzagcoffee/train_trace/age_pred/checkpoints/age_pred_2025-10-10 14:37:35.506749_ContrastiveLoss_gru_catboost/model_128_0.001_3_10_100_256_16_16_ContrastiveLoss_gruepoch=09.ckpt,9,24,0.3020636,66.9734,2.7651,0.0004,3.9682,1.2072,7.8897,0.688,3922.1067,99.2915,934.5763,23.6596,867.8086,21.9693,830.6721,21.0292,782.6685,19.8139,745.3908,18.8702,678.4957,17.1767,407.4595,8.7212,97.0912,2.0781,90.1548,1.9297,86.2968,1.8471,81.3098,1.7403,77.4371,1.6574,70.4875,1.5087,0.0,0.0,0.0,0.0,0.0,0.0,0.0,0.0,0.0,0.0,0.0,0.0,0.0,0.0,0.0,0.0,0.0,0.0,0.0,0.0,0.0,0.0,0.0,0.0,0.0,0.0,0.0,0.0,0.0,0.0,0.0,0.0,0.0,0.0,0.0,0.5611,0.8003
128,0.001,3,10,100,16,16,256,202,730,24,ContrastiveLoss,gru,/home/dpetrovitch/dzagcoffee/train_trace/age_pred/checkpoints/age_pred_2025-10-10 14:37:35.506749_ContrastiveLoss_gru_catboost/model_128_0.001_3_10_100_256_16_16_ContrastiveLoss_gruepoch=10.ckpt,10,24,0.293314,62.9553,3.794,0.0002,4.0701,1.1807,8.3745,0.7187,3834.494,97.0826,935.8618,23.6944,871.6347,22.0682,836.1101,21.1688,790.3747,20.0109,754.6806,19.1072,691.3407,17.5035,401.6605,8.6467,98.0309,2.1104,91.3031,1.9655,87.5819,1.8854,82.7912,1.7823,79.0523,1.7018,72.4174,1.559,0.0,0.0,0.0,0.0,0.0,0.0,0.0,0.0,0.0,0.0,0.0,0.0,0.0,0.0,0.0,0.0,0.0,0.0,0.0,0.0,0.0,0.0,0.0,0.0,0.0,0.0,0.0,0.0,0.0,0.0,0.0,0.0,0.0,0.0,0.0,0.5622,0.8053
128,0.001,3,10,100,16,16,256,202,730,24,ContrastiveLoss,gru,/home/dpetrovitch/dzagcoffee/train_trace/age_pred/checkpoints/age_pred_2025-10-10 14:37:35.506749_ContrastiveLoss_gru_catboost/model_128_0.001_3_10_100_256_16_16_ContrastiveLoss_gruepoch=11.ckpt,11,24,0.3071437,67.402,3.7945,0.0003,4.0113,1.2082,8.5159,0.6863,4054.2395,102.6364,941.8885,23.8447,876.2268,22.1824,839.8436,21.2613,792.5176,20.0632,755.6275,19.1293,689.4248,17.4534,422.2128,8.9713,98.0893,2.0842,91.2512,1.9389,87.4622,1.8584,82.5336,1.7537,78.6919,1.6721,71.7974,1.5256,0.0,0.0,0.0,0.0,0.0,0.0,0.0,0.0,0.0,0.0,0.0,0.0,0.0,0.0,0.0,0.0,0.0,0.0,0.0,0.0,0.0,0.0,0.0,0.0,0.0,0.0,0.0,0.0,0.0,0.0,0.0,0.0,0.0,0.0,0.0,0.5744,0.799
128,0.001,3,10,100,16,16,256,202,730,24,ContrastiveLoss,gru,/home/dpetrovitch/dzagcoffee/train_trace/age_pred/checkpoints/age_pred_2025-10-10 14:37:35.506749_ContrastiveLoss_gru_catboost/model_128_0.001_3_10_100_256_16_16_ContrastiveLoss_gruepoch=12.ckpt,12,24,0.311553,66.0549,3.4819,0.0003,4.0563,1.2012,8.6264,0.6949,4062.4312,102.8588,940.1387,23.8039,874.1458,22.133,837.7111,21.2105,790.3777,20.012,753.7536,19.0847,688.2855,17.4271,410.9066,8.8923,95.0931,2.0579,88.4181,1.9134,84.7328,1.8337,79.9451,1.7301,76.2406,1.6499,69.6187,1.5066,0.0,0.0,0.0,0.0,0.0,0.0,0.0,0.0,0.0,0.0,0.0,0.0,0.0,0.0,0.0,0.0,0.0,0.0,0.0,0.0,0.0,0.0,0.0,0.0,0.0,0.0,0.0,0.0,0.0,0.0,0.0,0.0,0.0,0.0,0.0,0.5711,0.8069
128,0.001,3,10,100,16,16,256,202,730,24,ContrastiveLoss,gru,/home/dpetrovitch/dzagcoffee/train_trace/age_pred/checkpoints/age_pred_2025-10-10 14:37:35.506749_ContrastiveLoss_gru_catboost/model_128_0.001_3_10_100_256_16_16_ContrastiveLoss_gruepoch=13.ckpt,13,24,0.3072325,66.666,3.9995,0.0002,4.07,1.2006,8.7604,0.6949,4098.098,103.7473,948.0304,24.0003,883.1659,22.3582,847.0468,21.4438,800.0822,20.2549,763.4961,19.3286,697.7701,17.6647,415.1789,8.9439,96.0451,2.069,89.4737,1.9275,85.8144,1.8486,81.0564,1.7461,77.3499,1.6663,70.6912,1.5229,0.0,0.0,0.0,0.0,0.0,0.0,0.0,0.0,0.0,0.0,0.0,0.0,0.0,0.0,0.0,0.0,0.0,0.0,0.0,0.0,0.0,0.0,0.0,0.0,0.0,0.0,0.0,0.0,0.0,0.0,0.0,0.0,0.0,0.0,0.0,0.5756,0.8016
128,0.001,3,10,100,16,16,256,202,730,24,ContrastiveLoss,gru,/home/dpetrovitch/dzagcoffee/train_trace/age_pred/checkpoints/age_pred_2025-10-10 14:37:35.506749_ContrastiveLoss_gru_catboost/model_128_0.001_3_10_100_256_16_16_ContrastiveLoss_gruepoch=14.ckpt,14,24,0.3106159,65.5884,4.8055,0.0002,4.112,1.1931,9.4233,0.7039,4086.1147,103.4239,952.3117,24.104,888.2687,22.483,852.9885,21.59,807.388,20.4358,771.9877,19.5398,707.922,17.9183,420.5076,8.9394,98.0037,2.0834,91.4129,1.9433,87.7822,1.8661,83.0894,1.7664,79.4463,1.6889,72.8532,1.5488,0.0,0.0,0.0,0.0,0.0,0.0,0.0,0.0,0.0,0.0,0.0,0.0,0.0,0.0,0.0,0.0,0.0,0.0,0.0,0.0,0.0,0.0,0.0,0.0,0.0,0.0,0.0,0.0,0.0,0.0,0.0,0.0,0.0,0.0,0.0,0.5711,0.8075
128,0.001,3,10,100,16,16,256,202,730,24,ContrastiveLoss,gru,/home/dpetrovitch/dzagcoffee/train_trace/age_pred/checkpoints/age_pred_2025-10-10 14:37:35.506749_ContrastiveLoss_gru_catboost/model_128_0.001_3_10_100_256_16_16_ContrastiveLoss_gruepoch=15.ckpt,15,24,0.2987393,66.0276,5.0645,1e-04,4.1183,1.1925,8.6906,0.7044,4088.5037,103.4974,951.6896,24.0913,887.5694,22.4681,852.1781,21.5722,806.2695,20.4101,770.8482,19.5134,707.2805,17.9043,410.9046,8.7843,95.6471,2.0447,89.2029,1.907,85.646,1.8309,81.0321,1.7323,77.4721,1.6562,71.0834,1.5196,0.0,0.0,0.0,0.0,0.0,0.0,0.0,0.0,0.0,0.0,0.0,0.0,0.0,0.0,0.0,0.0,0.0,0.0,0.0,0.0,0.0,0.0,0.0,0.0,0.0,0.0,0.0,0.0,0.0,0.0,0.0,0.0,0.0,0.0,0.0,0.5722,0.8032
128,0.001,3,10,100,16,16,256,202,730,24,ContrastiveLoss,gru,/home/dpetrovitch/dzagcoffee/train_trace/age_pred/checkpoints/age_pred_2025-10-10 14:37:35.506749_ContrastiveLoss_gru_catboost/model_128_0.001_3_10_100_256_16_16_ContrastiveLoss_gruepoch=16.ckpt,16,24,0.32025334,65.8258,3.0856,0.0002,4.1179,1.189,9.6678,0.7086,4146.125,104.9504,955.7856,24.1937,892.3151,22.5871,857.1653,21.6973,811.5682,20.5431,775.9496,19.6415,712.473,18.0348,417.8788,8.8471,96.3315,2.0395,89.9345,1.904,86.3918,1.829,81.7962,1.7317,78.2062,1.6557,71.8086,1.5203,0.0,0.0,0.0,0.0,0.0,0.0,0.0,0.0,0.0,0.0,0.0,0.0,0.0,0.0,0.0,0.0,0.0,0.0,0.0,0.0,0.0,0.0,0.0,0.0,0.0,0.0,0.0,0.0,0.0,0.0,0.0,0.0,0.0,0.0,0.0,0.5733,0.8119
128,0.001,3,10,100,16,16,256,202,730,24,ContrastiveLoss,gru,/home/dpetrovitch/dzagcoffee/train_trace/age_pred/checkpoints/age_pred_2025-10-10 14:37:35.506749_ContrastiveLoss_gru_catboost/model_128_0.001_3_10_100_256_16_16_ContrastiveLoss_gruepoch=17.ckpt,17,24,0.31474906,67.1281,3.6835,1e-04,4.1298,1.1939,9.4139,0.703,4210.155,106.565,963.3867,24.3847,899.6992,22.7727,864.1102,21.8719,817.7689,20.6989,781.0363,19.7691,714.5965,18.0875,430.1648,9.0544,98.4323,2.0719,91.9251,1.9349,88.2889,1.8584,83.554,1.7587,79.8009,1.6797,73.0126,1.5368,0.0,0.0,0.0,0.0,0.0,0.0,0.0,0.0,0.0,0.0,0.0,0.0,0.0,0.0,0.0,0.0,0.0,0.0,0.0,0.0,0.0,0.0,0.0,0.0,0.0,0.0,0.0,0.0,0.0,0.0,0.0,0.0,0.0,0.0,0.0,0.5867,0.8084
128,0.001,3,10,100,16,16,256,202,730,24,ContrastiveLoss,gru,/home/dpetrovitch/dzagcoffee/train_trace/age_pred/checkpoints/age_pred_2025-10-10 14:37:35.506749_ContrastiveLoss_gru_catboost/model_128_0.001_3_10_100_256_16_16_ContrastiveLoss_gruepoch=18.ckpt,18,24,0.32535315,67.007,3.6775,0.0002,4.1332,1.1932,9.1744,0.7036,4238.8965,107.2806,963.2332,24.3781,899.7263,22.7708,864.4589,21.8783,818.1933,20.7073,781.426,19.7768,714.2874,18.0776,435.0645,9.1361,98.8627,2.0761,92.3446,1.9392,88.7248,1.8632,83.9763,1.7634,80.2026,1.6842,73.3118,1.5395,0.0,0.0,0.0,0.0,0.0,0.0,0.0,0.0,0.0,0.0,0.0,0.0,0.0,0.0,0.0,0.0,0.0,0.0,0.0,0.0,0.0,0.0,0.0,0.0,0.0,0.0,0.0,0.0,0.0,0.0,0.0,0.0,0.0,0.0,0.0,0.5667,0.8082
128,0.001,3,10,100,16,16,256,202,730,24,ContrastiveLoss,gru,/home/dpetrovitch/dzagcoffee/train_trace/age_pred/checkpoints/age_pred_2025-10-10 14:37:35.506749_ContrastiveLoss_gru_catboost/model_128_0.001_3_10_100_256_16_16_ContrastiveLoss_gruepoch=19.ckpt,19,24,0.3133582,69.5637,3.8547,1e-04,4.1023,1.2144,8.6135,0.6798,4325.838,109.5112,962.4918,24.3661,898.0423,22.7345,862.145,21.8257,814.6679,20.6238,776.4749,19.6569,706.4342,17.8838,423.6392,9.0272,94.259,2.0085,87.9473,1.874,84.4318,1.7991,79.7823,1.7001,76.0419,1.6204,69.1827,1.4742,0.0,0.0,0.0,0.0,0.0,0.0,0.0,0.0,0.0,0.0,0.0,0.0,0.0,0.0,0.0,0.0,0.0,0.0,0.0,0.0,0.0,0.0,0.0,0.0,0.0,0.0,0.0,0.0,0.0,0.0,0.0,0.0,0.0,0.0,0.0,0.5656,0.8026
128,0.001,3,10,100,16,16,256,202,730,24,ContrastiveLoss,gru,/home/dpetrovitch/dzagcoffee/train_trace/age_pred/checkpoints/age_pred_2025-10-10 14:37:35.506749_ContrastiveLoss_gru_catboost/model_128_0.001_3_10_100_256_16_16_ContrastiveLoss_gruepoch=20.ckpt,20,24,0.29702294,67.595,4.1203,1e-04,4.1292,1.1988,9.0076,0.6968,4204.306,106.4174,960.4526,24.3105,897.2173,22.7099,862.3665,21.8278,817.0584,20.681,781.9876,19.7933,717.2815,18.1555,413.5839,8.7872,94.4812,2.0074,88.2606,1.8752,84.8323,1.8024,80.3753,1.7077,76.9253,1.6344,70.5601,1.4991,0.0,0.0,0.0,0.0,0.0,0.0,0.0,0.0,0.0,0.0,0.0,0.0,0.0,0.0,0.0,0.0,0.0,0.0,0.0,0.0,0.0,0.0,0.0,0.0,0.0,0.0,0.0,0.0,0.0,0.0,0.0,0.0,0.0,0.0,0.0,0.5644,0.8089
128,0.001,3,10,100,16,16,256,202,730,24,ContrastiveLoss,gru,/home/dpetrovitch/dzagcoffee/train_trace/age_pred/checkpoints/age_pred_2025-10-10 14:37:35.506749_ContrastiveLoss_gru_catboost/model_128_0.001_3_10_100_256_16_16_ContrastiveLoss_gruepoch=21.ckpt,21,24,0.31501535,68.2543,3.4252,1e-04,4.1345,1.2011,9.1632,0.6942,4315.253,109.2051,966.221,24.4519,903.4696,22.8639,868.5311,21.9797,823.1929,20.8323,787.314,19.9244,721.3611,18.2553,439.721,9.1563,98.4572,2.0502,92.0629,1.917,88.5027,1.8429,83.8827,1.7467,80.2267,1.6706,73.5062,1.5306,0.0,0.0,0.0,0.0,0.0,0.0,0.0,0.0,0.0,0.0,0.0,0.0,0.0,0.0,0.0,0.0,0.0,0.0,0.0,0.0,0.0,0.0,0.0,0.0,0.0,0.0,0.0,0.0,0.0,0.0,0.0,0.0,0.0,0.0,0.0,0.5567,0.8066
128,0.001,3,10,100,16,16,256,202,730,24,ContrastiveLoss,gru,/home/dpetrovitch/dzagcoffee/train_trace/age_pred/checkpoints/age_pred_2025-10-10 14:37:35.506749_ContrastiveLoss_gru_catboost/model_128_0.001_3_10_100_256_16_16_ContrastiveLoss_gruepoch=22.ckpt,22,24,0.31737295,69.3575,3.3998,1e-04,4.1239,1.2102,8.0575,0.6844,4397.4844,111.2919,964.0222,24.3975,899.2363,22.7579,862.8006,21.8358,814.8435,20.6221,776.4295,19.6499,706.1479,17.8712,441.3272,9.2137,96.7483,2.0198,90.2465,1.8841,86.5898,1.8078,81.7769,1.7073,77.9217,1.6268,70.8683,1.4795,0.0,0.0,0.0,0.0,0.0,0.0,0.0,0.0,0.0,0.0,0.0,0.0,0.0,0.0,0.0,0.0,0.0,0.0,0.0,0.0,0.0,0.0,0.0,0.0,0.0,0.0,0.0,0.0,0.0,0.0,0.0,0.0,0.0,0.0,0.0,0.5811,0.8143
128,0.001,3,10,100,16,16,256,202,730,24,ContrastiveLoss,gru,/home/dpetrovitch/dzagcoffee/train_trace/age_pred/checkpoints/age_pred_2025-10-10 14:37:35.506749_ContrastiveLoss_gru_catboost/model_128_0.001_3_10_100_256_16_16_ContrastiveLoss_gruepoch=23.ckpt,23,24,0.32036182,68.968,3.681,1e-04,4.1296,1.2066,8.4693,0.6883,4414.999,111.7201,963.4697,24.3803,900.043,22.7753,864.5964,21.8783,818.3329,20.7076,781.4874,19.7753,713.6499,18.0587,452.4238,9.4373,98.7308,2.0595,92.2312,1.9239,88.5989,1.8481,83.8581,1.7492,80.0823,1.6705,73.1307,1.5255,0.0,0.0,0.0,0.0,0.0,0.0,0.0,0.0,0.0,0.0,0.0,0.0,0.0,0.0,0.0,0.0,0.0,0.0,0.0,0.0,0.0,0.0,0.0,0.0,0.0,0.0,0.0,0.0,0.0,0.0,0.0,0.0,0.0,0.0,0.0,0.5867,0.8178
128,0.001,3,15,100,16,16,256,202,730,24,ContrastiveLoss,gru,/home/dpetrovitch/dzagcoffee/train_trace/age_pred/checkpoints/age_pred_2025-10-10 14:37:35.506749_ContrastiveLoss_gru_catboost/model_128_0.001_3_15_100_256_16_16_ContrastiveLoss_gruepoch=00.ckpt,0,24,0.12645005,53.0422,4.3119,0.0008,4.1057,1.1454,5.4355,0.7663,1818.1824,46.5359,786.9151,20.1409,707.5208,18.1088,664.9607,17.0195,611.0314,15.6392,569.0856,14.5656,494.3514,12.6528,112.8117,3.3189,48.8253,1.4364,43.8991,1.2915,41.2584,1.2138,37.9123,1.1154,35.3097,1.0388,30.6727,0.9024,0.0,0.0,0.0,0.0,0.0,0.0,0.0,0.0,0.0,0.0,0.0,0.0,0.0,0.0,0.0,0.0,0.0,0.0,0.0,0.0,0.0,0.0,0.0,0.0,0.0,0.0,0.0,0.0,0.0,0.0,0.0,0.0,0.0,0.0,0.0,0.4722,0.7286
128,0.001,3,15,100,16,16,256,202,730,24,ContrastiveLoss,gru,/home/dpetrovitch/dzagcoffee/train_trace/age_pred/checkpoints/age_pred_2025-10-10 14:37:35.506749_ContrastiveLoss_gru_catboost/model_128_0.001_3_15_100_256_16_16_ContrastiveLoss_gruepoch=01.ckpt,1,24,0.20398317,60.3834,3.9631,0.0008,4.0133,1.1721,6.0152,0.731,2238.3872,56.928,832.6607,21.1767,755.1129,19.2045,713.1655,18.1376,660.0935,16.7879,619.8506,15.7644,550.2241,13.9936,162.9602,4.3175,60.6198,1.6061,54.9741,1.4565,51.9202,1.3756,48.0564,1.2732,45.1267,1.1956,40.0577,1.0613,0.0,0.0,0.0,0.0,0.0,0.0,0.0,0.0,0.0,0.0,0.0,0.0,0.0,0.0,0.0,0.0,0.0,0.0,0.0,0.0,0.0,0.0,0.0,0.0,0.0,0.0,0.0,0.0,0.0,0.0,0.0,0.0,0.0,0.0,0.0,0.4933,0.7462
128,0.001,3,15,100,16,16,256,202,730,24,ContrastiveLoss,gru,/home/dpetrovitch/dzagcoffee/train_trace/age_pred/checkpoints/age_pred_2025-10-10 14:37:35.506749_ContrastiveLoss_gru_catboost/model_128_0.001_3_15_100_256_16_16_ContrastiveLoss_gruepoch=02.ckpt,2,24,0.24133916,61.5478,3.7922,0.0008,4.0238,1.1853,7.256,0.7141,2670.5671,67.7431,862.3825,21.8757,790.4836,20.0518,751.2267,19.056,701.3625,17.7911,662.4443,16.8039,593.9687,15.0669,227.8176,5.5634,73.5671,1.7965,67.4337,1.6468,64.0848,1.565,59.831,1.4611,56.511,1.38,50.6696,1.2374,0.0,0.0,0.0,0.0,0.0,0.0,0.0,0.0,0.0,0.0,0.0,0.0,0.0,0.0,0.0,0.0,0.0,0.0,0.0,0.0,0.0,0.0,0.0,0.0,0.0,0.0,0.0,0.0,0.0,0.0,0.0,0.0,0.0,0.0,0.0,0.5167,0.7649
128,0.001,3,15,100,16,16,256,202,730,24,ContrastiveLoss,gru,/home/dpetrovitch/dzagcoffee/train_trace/age_pred/checkpoints/age_pred_2025-10-10 14:37:35.506749_ContrastiveLoss_gru_catboost/model_128_0.001_3_15_100_256_16_16_ContrastiveLoss_gruepoch=03.ckpt,3,24,0.27292454,63.2411,3.1423,0.0008,4.0206,1.21,7.57,0.6843,3019.3147,76.5625,874.7517,22.1816,803.9139,20.3853,765.1527,19.4024,715.8153,18.1513,678.3857,17.2022,614.4699,15.5815,269.1309,6.4087,77.9722,1.8567,71.658,1.7064,68.203,1.6241,63.8052,1.5194,60.4689,1.4399,54.7717,1.3043,0.0,0.0,0.0,0.0,0.0,0.0,0.0,0.0,0.0,0.0,0.0,0.0,0.0,0.0,0.0,0.0,0.0,0.0,0.0,0.0,0.0,0.0,0.0,0.0,0.0,0.0,0.0,0.0,0.0,0.0,0.0,0.0,0.0,0.0,0.0,0.5389,0.7787
128,0.001,3,15,100,16,16,256,202,730,24,ContrastiveLoss,gru,/home/dpetrovitch/dzagcoffee/train_trace/age_pred/checkpoints/age_pred_2025-10-10 14:37:35.506749_ContrastiveLoss_gru_catboost/model_128_0.001_3_15_100_256_16_16_ContrastiveLoss_gruepoch=04.ckpt,4,24,0.27930674,62.2772,3.1184,0.0007,4.0275,1.203,7.3284,0.6927,3139.4033,79.5705,884.2231,22.4113,815.0523,20.6581,777.3814,19.7033,729.1456,18.4807,691.9465,17.5379,627.2032,15.8969,292.0366,6.7433,82.2531,1.8993,75.8186,1.7507,72.3143,1.6698,67.8273,1.5662,64.3669,1.4863,58.3443,1.3472,0.0,0.0,0.0,0.0,0.0,0.0,0.0,0.0,0.0,0.0,0.0,0.0,0.0,0.0,0.0,0.0,0.0,0.0,0.0,0.0,0.0,0.0,0.0,0.0,0.0,0.0,0.0,0.0,0.0,0.0,0.0,0.0,0.0,0.0,0.0,0.5467,0.7863
128,0.001,3,15,100,16,16,256,202,730,24,ContrastiveLoss,gru,/home/dpetrovitch/dzagcoffee/train_trace/age_pred/checkpoints/age_pred_2025-10-10 14:37:35.506749_ContrastiveLoss_gru_catboost/model_128_0.001_3_15_100_256_16_16_ContrastiveLoss_gruepoch=05.ckpt,5,24,0.2874941,64.2734,3.0926,0.0009,4.035,1.2253,8.1256,0.6679,3362.161,85.2077,899.9424,22.8074,830.2174,21.0403,792.1845,20.0765,743.5236,18.8432,705.8508,17.8885,640.3505,16.2285,321.6895,7.2552,86.106,1.942,79.4347,1.7915,75.7957,1.7095,71.1399,1.6045,67.5354,1.5232,61.2684,1.3818,0.0,0.0,0.0,0.0,0.0,0.0,0.0,0.0,0.0,0.0,0.0,0.0,0.0,0.0,0.0,0.0,0.0,0.0,0.0,0.0,0.0,0.0,0.0,0.0,0.0,0.0,0.0,0.0,0.0,0.0,0.0,0.0,0.0,0.0,0.0,0.5278,0.7768
128,0.001,3,15,100,16,16,256,202,730,24,ContrastiveLoss,gru,/home/dpetrovitch/dzagcoffee/train_trace/age_pred/checkpoints/age_pred_2025-10-10 14:37:35.506749_ContrastiveLoss_gru_catboost/model_128_0.001_3_15_100_256_16_16_ContrastiveLoss_gruepoch=06.ckpt,6,24,0.2989761,61.5824,2.9921,0.0009,4.0563,1.2074,7.931,0.6872,3440.6724,87.1763,890.396,22.56,822.0707,20.8288,785.0468,19.8907,737.9274,18.6969,701.9528,17.7854,640.2747,16.2226,319.2782,7.3156,82.6246,1.8932,76.2843,1.7479,72.8487,1.6692,68.4762,1.569,65.1379,1.4925,59.4145,1.3614,0.0,0.0,0.0,0.0,0.0,0.0,0.0,0.0,0.0,0.0,0.0,0.0,0.0,0.0,0.0,0.0,0.0,0.0,0.0,0.0,0.0,0.0,0.0,0.0,0.0,0.0,0.0,0.0,0.0,0.0,0.0,0.0,0.0,0.0,0.0,0.5478,0.789
128,0.001,3,15,100,16,16,256,202,730,24,ContrastiveLoss,gru,/home/dpetrovitch/dzagcoffee/train_trace/age_pred/checkpoints/age_pred_2025-10-10 14:37:35.506749_ContrastiveLoss_gru_catboost/model_128_0.001_3_15_100_256_16_16_ContrastiveLoss_gruepoch=07.ckpt,7,24,0.30008087,62.3907,2.994,0.0009,4.0754,1.2109,8.381,0.6834,3555.01,90.064,903.4285,22.8878,835.7279,21.1727,799.0358,20.2431,752.2107,19.0568,716.6825,18.1567,656.4016,16.6295,340.4983,7.6713,86.5302,1.9495,80.0459,1.8034,76.5315,1.7242,72.0466,1.6232,68.6437,1.5465,62.87,1.4164,0.0,0.0,0.0,0.0,0.0,0.0,0.0,0.0,0.0,0.0,0.0,0.0,0.0,0.0,0.0,0.0,0.0,0.0,0.0,0.0,0.0,0.0,0.0,0.0,0.0,0.0,0.0,0.0,0.0,0.0,0.0,0.0,0.0,0.0,0.0,0.5456,0.7861
128,0.001,3,15,100,16,16,256,202,730,24,ContrastiveLoss,gru,/home/dpetrovitch/dzagcoffee/train_trace/age_pred/checkpoints/age_pred_2025-10-10 14:37:35.506749_ContrastiveLoss_gru_catboost/model_128_0.001_3_15_100_256_16_16_ContrastiveLoss_gruepoch=08.ckpt,8,24,0.3037504,64.3301,3.365,0.001,4.1241,1.2249,8.5137,0.6677,3703.2383,93.7906,916.6469,23.2156,849.6346,21.5184,813.0696,20.5923,766.4024,19.4104,730.6479,18.5049,669.3802,16.9532,358.6756,7.9771,88.7815,1.9746,82.291,1.8302,78.7495,1.7514,74.2296,1.6509,70.7666,1.5739,64.8325,1.4419,0.0,0.0,0.0,0.0,0.0,0.0,0.0,0.0,0.0,0.0,0.0,0.0,0.0,0.0,0.0,0.0,0.0,0.0,0.0,0.0,0.0,0.0,0.0,0.0,0.0,0.0,0.0,0.0,0.0,0.0,0.0,0.0,0.0,0.0,0.0,0.5556,0.7848
128,0.001,3,15,100,16,16,256,202,730,24,ContrastiveLoss,gru,/home/dpetrovitch/dzagcoffee/train_trace/age_pred/checkpoints/age_pred_2025-10-10 14:37:35.506749_ContrastiveLoss_gru_catboost/model_128_0.001_3_15_100_256_16_16_ContrastiveLoss_gruepoch=09.ckpt,9,24,0.30481574,62.5213,3.1475,0.0008,4.199,1.2022,8.2166,0.6943,3660.589,92.755,920.4788,23.3238,851.7361,21.582,813.7604,20.6197,765.2199,19.3898,727.7593,18.4406,661.9276,16.7725,337.3276,7.5896,84.8232,1.9085,78.4885,1.7659,74.989,1.6872,70.5159,1.5866,67.0639,1.5089,60.9974,1.3724,0.0,0.0,0.0,0.0,0.0,0.0,0.0,0.0,0.0,0.0,0.0,0.0,0.0,0.0,0.0,0.0,0.0,0.0,0.0,0.0,0.0,0.0,0.0,0.0,0.0,0.0,0.0,0.0,0.0,0.0,0.0,0.0,0.0,0.0,0.0,0.5589,0.8004
128,0.001,3,15,100,16,16,256,202,730,24,ContrastiveLoss,gru,/home/dpetrovitch/dzagcoffee/train_trace/age_pred/checkpoints/age_pred_2025-10-10 14:37:35.506749_ContrastiveLoss_gru_catboost/model_128_0.001_3_15_100_256_16_16_ContrastiveLoss_gruepoch=10.ckpt,10,24,0.3149858,64.671,2.948,0.0009,4.2103,1.2247,8.5191,0.668,3867.252,97.9063,925.0411,23.4191,858.6089,21.7372,822.2573,20.8169,775.4611,19.6322,739.7297,18.7276,677.242,17.1456,376.1908,8.2554,89.9843,1.9747,83.5221,1.8329,79.9859,1.7553,75.4338,1.6554,71.958,1.5791,65.8794,1.4457,0.0,0.0,0.0,0.0,0.0,0.0,0.0,0.0,0.0,0.0,0.0,0.0,0.0,0.0,0.0,0.0,0.0,0.0,0.0,0.0,0.0,0.0,0.0,0.0,0.0,0.0,0.0,0.0,0.0,0.0,0.0,0.0,0.0,0.0,0.0,0.5611,0.793
128,0.001,3,15,100,16,16,256,202,730,24,ContrastiveLoss,gru,/home/dpetrovitch/dzagcoffee/train_trace/age_pred/checkpoints/age_pred_2025-10-10 14:37:35.506749_ContrastiveLoss_gru_catboost/model_128_0.001_3_15_100_256_16_16_ContrastiveLoss_gruepoch=11.ckpt,11,24,0.3226503,65.6394,2.9056,0.0009,4.2136,1.2308,9.2036,0.6618,3957.4011,100.2078,927.991,23.4982,861.2628,21.8086,824.5078,20.8779,777.8985,19.6976,742.2496,18.795,681.3137,17.252,382.7471,8.3983,89.7523,1.9694,83.2986,1.8277,79.7437,1.7497,75.2358,1.6508,71.788,1.5752,65.8945,1.4459,0.0,0.0,0.0,0.0,0.0,0.0,0.0,0.0,0.0,0.0,0.0,0.0,0.0,0.0,0.0,0.0,0.0,0.0,0.0,0.0,0.0,0.0,0.0,0.0,0.0,0.0,0.0,0.0,0.0,0.0,0.0,0.0,0.0,0.0,0.0,0.5656,0.7958
128,0.001,3,15,100,16,16,256,202,730,24,ContrastiveLoss,gru,/home/dpetrovitch/dzagcoffee/train_trace/age_pred/checkpoints/age_pred_2025-10-10 14:37:35.506749_ContrastiveLoss_gru_catboost/model_128_0.001_3_15_100_256_16_16_ContrastiveLoss_gruepoch=12.ckpt,12,24,0.32369593,64.8194,3.0347,0.0009,4.244,1.2277,8.3541,0.6651,3993.6309,101.1127,926.0707,23.4467,859.1107,21.7514,822.2213,20.8174,774.8796,19.6188,738.4472,18.6964,675.292,17.0974,392.039,8.4686,90.9087,1.9637,84.3355,1.8218,80.7142,1.7435,76.0669,1.6431,72.4905,1.5659,66.2908,1.432,0.0,0.0,0.0,0.0,0.0,0.0,0.0,0.0,0.0,0.0,0.0,0.0,0.0,0.0,0.0,0.0,0.0,0.0,0.0,0.0,0.0,0.0,0.0,0.0,0.0,0.0,0.0,0.0,0.0,0.0,0.0,0.0,0.0,0.0,0.0,0.5633,0.7919
128,0.001,3,15,100,16,16,256,202,730,24,ContrastiveLoss,gru,/home/dpetrovitch/dzagcoffee/train_trace/age_pred/checkpoints/age_pred_2025-10-10 14:37:35.506749_ContrastiveLoss_gru_catboost/model_128_0.001_3_15_100_256_16_16_ContrastiveLoss_gruepoch=13.ckpt,13,24,0.32866752,66.6237,3.3288,0.001,4.2263,1.2391,8.7044,0.6533,4042.723,102.3784,931.0263,23.5774,863.9581,21.879,827.1129,20.9459,780.3323,19.7612,744.5173,18.8543,683.977,17.3211,389.1182,8.4557,89.6127,1.9473,83.1573,1.807,79.6109,1.73,75.1082,1.6321,71.6609,1.5572,65.8338,1.4306,0.0,0.0,0.0,0.0,0.0,0.0,0.0,0.0,0.0,0.0,0.0,0.0,0.0,0.0,0.0,0.0,0.0,0.0,0.0,0.0,0.0,0.0,0.0,0.0,0.0,0.0,0.0,0.0,0.0,0.0,0.0,0.0,0.0,0.0,0.0,0.5611,0.7973
128,0.001,3,15,100,16,16,256,202,730,24,ContrastiveLoss,gru,/home/dpetrovitch/dzagcoffee/train_trace/age_pred/checkpoints/age_pred_2025-10-10 14:37:35.506749_ContrastiveLoss_gru_catboost/model_128_0.001_3_15_100_256_16_16_ContrastiveLoss_gruepoch=14.ckpt,14,24,0.32486978,65.5748,2.986,0.0009,4.2673,1.2237,8.9313,0.6691,4040.7263,102.2971,937.3287,23.7299,871.6955,22.0683,835.7571,21.1585,789.67,19.9917,754.3805,19.0983,692.8709,17.5411,391.4931,8.4914,90.8148,1.9698,84.4558,1.8318,80.9738,1.7563,76.5086,1.6595,73.0895,1.5853,67.13,1.456,0.0,0.0,0.0,0.0,0.0,0.0,0.0,0.0,0.0,0.0,0.0,0.0,0.0,0.0,0.0,0.0,0.0,0.0,0.0,0.0,0.0,0.0,0.0,0.0,0.0,0.0,0.0,0.0,0.0,0.0,0.0,0.0,0.0,0.0,0.0,0.5567,0.8003
128,0.001,3,15,100,16,16,256,202,730,24,ContrastiveLoss,gru,/home/dpetrovitch/dzagcoffee/train_trace/age_pred/checkpoints/age_pred_2025-10-10 14:37:35.506749_ContrastiveLoss_gru_catboost/model_128_0.001_3_15_100_256_16_16_ContrastiveLoss_gruepoch=15.ckpt,15,24,0.32393268,62.7217,3.0706,0.0008,4.3276,1.2005,8.9658,0.6952,3999.3147,101.2289,932.2942,23.5978,866.8374,21.941,830.7892,21.0286,784.2855,19.8515,748.8038,18.9534,687.4377,17.4001,384.781,8.4736,89.6976,1.9753,83.3999,1.8366,79.9317,1.7602,75.4575,1.6617,72.0437,1.5865,66.1396,1.4565,0.0,0.0,0.0,0.0,0.0,0.0,0.0,0.0,0.0,0.0,0.0,0.0,0.0,0.0,0.0,0.0,0.0,0.0,0.0,0.0,0.0,0.0,0.0,0.0,0.0,0.0,0.0,0.0,0.0,0.0,0.0,0.0,0.0,0.0,0.0,0.5378,0.7912
128,0.001,3,15,100,16,16,256,202,730,24,ContrastiveLoss,gru,/home/dpetrovitch/dzagcoffee/train_trace/age_pred/checkpoints/age_pred_2025-10-10 14:37:35.506749_ContrastiveLoss_gru_catboost/model_128_0.001_3_15_100_256_16_16_ContrastiveLoss_gruepoch=16.ckpt,16,24,0.33104482,67.0988,3.1193,0.001,4.2748,1.2349,8.7047,0.6571,4177.37,105.7361,939.9137,23.7908,873.708,22.115,837.2571,21.1924,789.9107,19.9939,753.4428,19.0709,689.6456,17.4561,401.2614,8.8016,90.2843,1.9804,83.9249,1.8409,80.4236,1.7641,75.8757,1.6643,72.3727,1.5875,66.2446,1.4531,0.0,0.0,0.0,0.0,0.0,0.0,0.0,0.0,0.0,0.0,0.0,0.0,0.0,0.0,0.0,0.0,0.0,0.0,0.0,0.0,0.0,0.0,0.0,0.0,0.0,0.0,0.0,0.0,0.0,0.0,0.0,0.0,0.0,0.0,0.0,0.5633,0.8004
128,0.001,3,15,100,16,16,256,202,730,24,ContrastiveLoss,gru,/home/dpetrovitch/dzagcoffee/train_trace/age_pred/checkpoints/age_pred_2025-10-10 14:37:35.506749_ContrastiveLoss_gru_catboost/model_128_0.001_3_15_100_256_16_16_ContrastiveLoss_gruepoch=17.ckpt,17,24,0.31569603,64.706,3.2733,0.0009,4.291,1.2097,8.6613,0.6839,4045.3848,102.3753,940.2942,23.7957,875.1206,22.1464,839.3595,21.2414,793.3652,20.0774,758.2112,19.1878,696.3166,17.6215,398.2974,8.6228,92.5788,2.0043,86.162,1.8653,82.641,1.7891,78.1126,1.6911,74.6514,1.6161,68.5574,1.4842,0.0,0.0,0.0,0.0,0.0,0.0,0.0,0.0,0.0,0.0,0.0,0.0,0.0,0.0,0.0,0.0,0.0,0.0,0.0,0.0,0.0,0.0,0.0,0.0,0.0,0.0,0.0,0.0,0.0,0.0,0.0,0.0,0.0,0.0,0.0,0.5533,0.8008
128,0.001,3,15,100,16,16,256,202,730,24,ContrastiveLoss,gru,/home/dpetrovitch/dzagcoffee/train_trace/age_pred/checkpoints/age_pred_2025-10-10 14:37:35.506749_ContrastiveLoss_gru_catboost/model_128_0.001_3_15_100_256_16_16_ContrastiveLoss_gruepoch=18.ckpt,18,24,0.3321003,65.3219,3.0162,0.0009,4.3006,1.2125,8.7873,0.6813,4134.4526,104.6333,941.2313,23.8204,875.8731,22.1663,839.8598,21.2549,793.4731,20.0809,757.8906,19.1804,696.7501,17.6331,406.615,8.8062,92.5682,2.0048,86.1403,1.8656,82.5985,1.7889,78.0365,1.6901,74.537,1.6143,68.524,1.484,0.0,0.0,0.0,0.0,0.0,0.0,0.0,0.0,0.0,0.0,0.0,0.0,0.0,0.0,0.0,0.0,0.0,0.0,0.0,0.0,0.0,0.0,0.0,0.0,0.0,0.0,0.0,0.0,0.0,0.0,0.0,0.0,0.0,0.0,0.0,0.5633,0.809
128,0.001,3,15,100,16,16,256,202,730,24,ContrastiveLoss,gru,/home/dpetrovitch/dzagcoffee/train_trace/age_pred/checkpoints/age_pred_2025-10-10 14:37:35.506749_ContrastiveLoss_gru_catboost/model_128_0.001_3_15_100_256_16_16_ContrastiveLoss_gruepoch=19.ckpt,19,24,0.33374763,67.4801,3.7967,0.001,4.2804,1.2307,8.5762,0.6618,4280.848,108.3442,944.5109,23.9047,878.6944,22.2389,842.4126,21.3207,795.2842,20.1279,758.9295,19.2078,696.2503,17.6214,423.086,9.1111,93.3482,2.0103,86.8434,1.8702,83.2576,1.7929,78.5997,1.6926,75.0067,1.6153,68.812,1.4819,0.0,0.0,0.0,0.0,0.0,0.0,0.0,0.0,0.0,0.0,0.0,0.0,0.0,0.0,0.0,0.0,0.0,0.0,0.0,0.0,0.0,0.0,0.0,0.0,0.0,0.0,0.0,0.0,0.0,0.0,0.0,0.0,0.0,0.0,0.0,0.5667,0.8047
128,0.001,3,15,100,16,16,256,202,730,24,ContrastiveLoss,gru,/home/dpetrovitch/dzagcoffee/train_trace/age_pred/checkpoints/age_pred_2025-10-10 14:37:35.506749_ContrastiveLoss_gru_catboost/model_128_0.001_3_15_100_256_16_16_ContrastiveLoss_gruepoch=20.ckpt,20,24,0.3360855,66.6458,4.0045,0.0009,4.3001,1.2235,8.4767,0.6688,4293.688,108.6404,945.2148,23.9161,879.8952,22.2634,843.8563,21.3515,797.2002,20.171,761.1812,19.2597,697.5375,17.6493,437.8362,9.3021,96.3855,2.0478,89.7247,1.9062,86.0498,1.8282,81.2922,1.7271,77.6192,1.6491,71.1293,1.5112,0.0,0.0,0.0,0.0,0.0,0.0,0.0,0.0,0.0,0.0,0.0,0.0,0.0,0.0,0.0,0.0,0.0,0.0,0.0,0.0,0.0,0.0,0.0,0.0,0.0,0.0,0.0,0.0,0.0,0.0,0.0,0.0,0.0,0.0,0.0,0.5633,0.8007
128,0.001,3,15,100,16,16,256,202,730,24,ContrastiveLoss,gru,/home/dpetrovitch/dzagcoffee/train_trace/age_pred/checkpoints/age_pred_2025-10-10 14:37:35.506749_ContrastiveLoss_gru_catboost/model_128_0.001_3_15_100_256_16_16_ContrastiveLoss_gruepoch=21.ckpt,21,24,0.3312421,65.7764,3.5455,0.0009,4.3182,1.2115,8.7567,0.6822,4216.179,106.6988,949.2365,24.0223,884.8188,22.3921,849.2518,21.492,803.312,20.3294,767.9297,19.434,706.4483,17.8781,420.9526,9.0388,94.7739,2.035,88.3422,1.8969,84.7912,1.8207,80.2044,1.7222,76.6718,1.6463,70.5333,1.5145,0.0,0.0,0.0,0.0,0.0,0.0,0.0,0.0,0.0,0.0,0.0,0.0,0.0,0.0,0.0,0.0,0.0,0.0,0.0,0.0,0.0,0.0,0.0,0.0,0.0,0.0,0.0,0.0,0.0,0.0,0.0,0.0,0.0,0.0,0.0,0.5722,0.8057
128,0.001,3,15,100,16,16,256,202,730,24,ContrastiveLoss,gru,/home/dpetrovitch/dzagcoffee/train_trace/age_pred/checkpoints/age_pred_2025-10-10 14:37:35.506749_ContrastiveLoss_gru_catboost/model_128_0.001_3_15_100_256_16_16_ContrastiveLoss_gruepoch=22.ckpt,22,24,0.3444898,66.904,3.5907,0.0009,4.3094,1.2198,8.1863,0.6732,4331.0225,109.592,947.9431,23.9867,882.5329,22.3316,846.3219,21.4153,799.0241,20.2185,762.0118,19.2819,695.7559,17.6054,439.4914,9.3261,96.1927,2.0412,89.5552,1.9004,85.8807,1.8224,81.0811,1.7206,77.3253,1.6409,70.602,1.4982,0.0,0.0,0.0,0.0,0.0,0.0,0.0,0.0,0.0,0.0,0.0,0.0,0.0,0.0,0.0,0.0,0.0,0.0,0.0,0.0,0.0,0.0,0.0,0.0,0.0,0.0,0.0,0.0,0.0,0.0,0.0,0.0,0.0,0.0,0.0,0.5644,0.8056
128,0.001,3,15,100,16,16,256,202,730,24,ContrastiveLoss,gru,/home/dpetrovitch/dzagcoffee/train_trace/age_pred/checkpoints/age_pred_2025-10-10 14:37:35.506749_ContrastiveLoss_gru_catboost/model_128_0.001_3_15_100_256_16_16_ContrastiveLoss_gruepoch=23.ckpt,23,24,0.3412248,67.695,3.6183,0.0009,4.2951,1.2277,8.7634,0.6646,4370.2056,110.5697,952.2876,24.0936,887.5792,22.4565,851.7611,21.5502,805.2919,20.3745,769.2816,19.4634,705.8515,17.8586,448.9092,9.5002,97.8193,2.0701,91.1725,1.9295,87.4932,1.8516,82.7199,1.7506,79.0209,1.6723,72.5053,1.5344,0.0,0.0,0.0,0.0,0.0,0.0,0.0,0.0,0.0,0.0,0.0,0.0,0.0,0.0,0.0,0.0,0.0,0.0,0.0,0.0,0.0,0.0,0.0,0.0,0.0,0.0,0.0,0.0,0.0,0.0,0.0,0.0,0.0,0.0,0.0,0.5822,0.8074
128,0.001,3,20,100,16,16,256,202,730,24,ContrastiveLoss,gru,/home/dpetrovitch/dzagcoffee/train_trace/age_pred/checkpoints/age_pred_2025-10-10 14:37:35.506749_ContrastiveLoss_gru_catboost/model_128_0.001_3_20_100_256_16_16_ContrastiveLoss_gruepoch=00.ckpt,0,24,0.14443259,54.3058,4.4178,0.0008,4.1004,1.1582,5.0237,0.7513,1628.2134,41.7197,796.872,20.4183,712.6951,18.2614,666.1852,17.0697,606.3354,15.5361,559.8244,14.3444,475.1175,12.1739,100.1001,2.9674,48.9905,1.4523,43.8154,1.2989,40.9561,1.2141,37.2766,1.105,34.4172,1.0203,29.2095,0.8659,0.0,0.0,0.0,0.0,0.0,0.0,0.0,0.0,0.0,0.0,0.0,0.0,0.0,0.0,0.0,0.0,0.0,0.0,0.0,0.0,0.0,0.0,0.0,0.0,0.0,0.0,0.0,0.0,0.0,0.0,0.0,0.0,0.0,0.0,0.0,0.4622,0.7194
128,0.001,3,20,100,16,16,256,202,730,24,ContrastiveLoss,gru,/home/dpetrovitch/dzagcoffee/train_trace/age_pred/checkpoints/age_pred_2025-10-10 14:37:35.506749_ContrastiveLoss_gru_catboost/model_128_0.001_3_20_100_256_16_16_ContrastiveLoss_gruepoch=01.ckpt,1,24,0.22807173,61.9234,4.0068,0.001,4.0017,1.1983,4.7915,0.7024,2093.5203,53.2211,840.3152,21.3623,759.8884,19.3177,714.7569,18.1704,655.2289,16.6571,607.6833,15.4484,523.7405,13.3144,151.0216,3.9076,60.6184,1.5685,54.8166,1.4183,51.5609,1.3341,47.2667,1.223,43.8368,1.1343,37.7814,0.9776,0.0,0.0,0.0,0.0,0.0,0.0,0.0,0.0,0.0,0.0,0.0,0.0,0.0,0.0,0.0,0.0,0.0,0.0,0.0,0.0,0.0,0.0,0.0,0.0,0.0,0.0,0.0,0.0,0.0,0.0,0.0,0.0,0.0,0.0,0.0,0.5267,0.7592
128,0.001,3,20,100,16,16,256,202,730,24,ContrastiveLoss,gru,/home/dpetrovitch/dzagcoffee/train_trace/age_pred/checkpoints/age_pred_2025-10-10 14:37:35.506749_ContrastiveLoss_gru_catboost/model_128_0.001_3_20_100_256_16_16_ContrastiveLoss_gruepoch=02.ckpt,2,24,0.2757951,63.4484,3.3989,0.001,4.0267,1.2129,7.5637,0.6828,2473.0042,62.7049,876.3169,22.2197,803.1981,20.3657,763.4395,19.3576,712.6955,18.0709,673.6249,17.0803,604.4523,15.3263,223.9528,5.229,79.3584,1.8529,72.7368,1.6983,69.1363,1.6142,64.541,1.5069,61.0028,1.4243,54.7386,1.2781,0.0,0.0,0.0,0.0,0.0,0.0,0.0,0.0,0.0,0.0,0.0,0.0,0.0,0.0,0.0,0.0,0.0,0.0,0.0,0.0,0.0,0.0,0.0,0.0,0.0,0.0,0.0,0.0,0.0,0.0,0.0,0.0,0.0,0.0,0.0,0.5089,0.7652
128,0.001,3,20,100,16,16,256,202,730,24,ContrastiveLoss,gru,/home/dpetrovitch/dzagcoffee/train_trace/age_pred/checkpoints/age_pred_2025-10-10 14:37:35.506749_ContrastiveLoss_gru_catboost/model_128_0.001_3_20_100_256_16_16_ContrastiveLoss_gruepoch=03.ckpt,3,24,0.29392558,61.7158,4.0649,0.0009,4.0401,1.2023,7.418,0.6942,2723.1863,69.0255,886.7885,22.4777,814.4022,20.6429,774.6028,19.6341,723.173,18.3305,682.7937,17.307,607.8698,15.4079,252.4435,5.7703,82.2066,1.879,75.4963,1.7257,71.8069,1.6413,67.0392,1.5324,63.296,1.4468,56.3504,1.288,0.0,0.0,0.0,0.0,0.0,0.0,0.0,0.0,0.0,0.0,0.0,0.0,0.0,0.0,0.0,0.0,0.0,0.0,0.0,0.0,0.0,0.0,0.0,0.0,0.0,0.0,0.0,0.0,0.0,0.0,0.0,0.0,0.0,0.0,0.0,0.54,0.7753
128,0.001,3,20,100,16,16,256,202,730,24,ContrastiveLoss,gru,/home/dpetrovitch/dzagcoffee/train_trace/age_pred/checkpoints/age_pred_2025-10-10 14:37:35.506749_ContrastiveLoss_gru_catboost/model_128_0.001_3_20_100_256_16_16_ContrastiveLoss_gruepoch=04.ckpt,4,24,0.30496368,61.6008,3.1006,0.0009,4.1042,1.2186,7.9922,0.6751,2988.5828,75.7208,896.2856,22.7089,826.324,20.9363,788.2992,19.9729,739.4112,18.7342,701.7779,17.7807,634.1093,16.0662,296.1939,6.6262,88.8295,1.9872,81.8957,1.8321,78.1271,1.7478,73.2819,1.6394,69.5521,1.556,62.8456,1.4059,0.0,0.0,0.0,0.0,0.0,0.0,0.0,0.0,0.0,0.0,0.0,0.0,0.0,0.0,0.0,0.0,0.0,0.0,0.0,0.0,0.0,0.0,0.0,0.0,0.0,0.0,0.0,0.0,0.0,0.0,0.0,0.0,0.0,0.0,0.0,0.5367,0.7881
128,0.001,3,20,100,16,16,256,202,730,24,ContrastiveLoss,gru,/home/dpetrovitch/dzagcoffee/train_trace/age_pred/checkpoints/age_pred_2025-10-10 14:37:35.506749_ContrastiveLoss_gru_catboost/model_128_0.001_3_20_100_256_16_16_ContrastiveLoss_gruepoch=05.ckpt,5,24,0.31604126,60.5587,3.2597,0.0009,4.1583,1.2243,8.4342,0.6687,3198.4556,81.0095,899.8094,22.7901,831.0197,21.0478,793.6034,20.1001,745.8638,18.891,709.0952,17.9597,643.7606,16.305,325.0375,7.1242,91.4416,2.0042,84.4509,1.851,80.6486,1.7677,75.7971,1.6613,72.0606,1.5794,65.4211,1.4339,0.0,0.0,0.0,0.0,0.0,0.0,0.0,0.0,0.0,0.0,0.0,0.0,0.0,0.0,0.0,0.0,0.0,0.0,0.0,0.0,0.0,0.0,0.0,0.0,0.0,0.0,0.0,0.0,0.0,0.0,0.0,0.0,0.0,0.0,0.0,0.5322,0.7802
128,0.001,3,20,100,16,16,256,202,730,24,ContrastiveLoss,gru,/home/dpetrovitch/dzagcoffee/train_trace/age_pred/checkpoints/age_pred_2025-10-10 14:37:35.506749_ContrastiveLoss_gru_catboost/model_128_0.001_3_20_100_256_16_16_ContrastiveLoss_gruepoch=06.ckpt,6,24,0.32107204,59.9729,3.2382,0.0009,4.2162,1.2194,7.8279,0.6738,3316.2092,83.9894,908.8139,23.0175,840.17,21.2789,802.525,20.3255,754.4674,19.1083,717.4188,18.17,652.5374,16.5268,338.5297,7.3363,92.7748,2.0105,85.7674,1.8587,81.9244,1.7754,77.0186,1.6691,73.2365,1.5871,66.6132,1.4436,0.0,0.0,0.0,0.0,0.0,0.0,0.0,0.0,0.0,0.0,0.0,0.0,0.0,0.0,0.0,0.0,0.0,0.0,0.0,0.0,0.0,0.0,0.0,0.0,0.0,0.0,0.0,0.0,0.0,0.0,0.0,0.0,0.0,0.0,0.0,0.5433,0.7896
128,0.001,3,20,100,16,16,256,202,730,24,ContrastiveLoss,gru,/home/dpetrovitch/dzagcoffee/train_trace/age_pred/checkpoints/age_pred_2025-10-10 14:37:35.506749_ContrastiveLoss_gru_catboost/model_128_0.001_3_20_100_256_16_16_ContrastiveLoss_gruepoch=07.ckpt,7,24,0.32054922,62.1244,3.3612,0.0009,4.2464,1.2295,7.2916,0.6632,3497.056,88.541,918.3302,23.2509,849.5988,21.5107,811.6145,20.549,762.871,19.3149,724.8806,18.353,656.5224,16.6223,364.8621,7.8072,95.8131,2.0502,88.6421,1.8967,84.679,1.8119,79.5934,1.7031,75.6297,1.6183,68.4977,1.4657,0.0,0.0,0.0,0.0,0.0,0.0,0.0,0.0,0.0,0.0,0.0,0.0,0.0,0.0,0.0,0.0,0.0,0.0,0.0,0.0,0.0,0.0,0.0,0.0,0.0,0.0,0.0,0.0,0.0,0.0,0.0,0.0,0.0,0.0,0.0,0.54,0.7886
128,0.001,3,20,100,16,16,256,202,730,24,ContrastiveLoss,gru,/home/dpetrovitch/dzagcoffee/train_trace/age_pred/checkpoints/age_pred_2025-10-10 14:37:35.506749_ContrastiveLoss_gru_catboost/model_128_0.001_3_20_100_256_16_16_ContrastiveLoss_gruepoch=08.ckpt,8,24,0.32731614,61.9033,3.2601,0.0009,4.2918,1.2149,8.3082,0.6787,3528.027,89.3144,927.2501,23.474,860.323,21.7797,823.7184,20.853,777.2065,19.6755,741.2273,18.7647,677.2617,17.1453,359.879,7.7345,94.5848,2.0328,87.7579,1.8861,84.024,1.8058,79.2795,1.7039,75.6094,1.625,69.0846,1.4848,0.0,0.0,0.0,0.0,0.0,0.0,0.0,0.0,0.0,0.0,0.0,0.0,0.0,0.0,0.0,0.0,0.0,0.0,0.0,0.0,0.0,0.0,0.0,0.0,0.0,0.0,0.0,0.0,0.0,0.0,0.0,0.0,0.0,0.0,0.0,0.5411,0.796
128,0.001,3,20,100,16,16,256,202,730,24,ContrastiveLoss,gru,/home/dpetrovitch/dzagcoffee/train_trace/age_pred/checkpoints/age_pred_2025-10-10 14:37:35.506749_ContrastiveLoss_gru_catboost/model_128_0.001_3_20_100_256_16_16_ContrastiveLoss_gruepoch=09.ckpt,9,24,0.33222854,63.6578,3.1879,0.0008,4.3325,1.2256,8.1608,0.6664,3675.2505,93.0029,931.7672,23.5785,864.3668,21.873,827.6048,20.9427,780.8122,19.7586,744.7386,18.8457,681.7322,17.2514,372.754,7.9459,94.5024,2.0145,87.6665,1.8688,83.938,1.7893,79.1921,1.6881,75.5334,1.6101,69.1432,1.4739,0.0,0.0,0.0,0.0,0.0,0.0,0.0,0.0,0.0,0.0,0.0,0.0,0.0,0.0,0.0,0.0,0.0,0.0,0.0,0.0,0.0,0.0,0.0,0.0,0.0,0.0,0.0,0.0,0.0,0.0,0.0,0.0,0.0,0.0,0.0,0.5511,0.8017
128,0.001,3,20,100,16,16,256,202,730,24,ContrastiveLoss,gru,/home/dpetrovitch/dzagcoffee/train_trace/age_pred/checkpoints/age_pred_2025-10-10 14:37:35.506749_ContrastiveLoss_gru_catboost/model_128_0.001_3_20_100_256_16_16_ContrastiveLoss_gruepoch=10.ckpt,10,24,0.33689433,63.6476,3.2202,0.0008,4.3657,1.2235,8.1635,0.6684,3732.8445,94.453,935.8385,23.6797,869.4282,21.9993,833.2138,21.083,786.7944,19.9084,751.2358,19.0087,687.7886,17.4033,382.6499,8.0837,95.9318,2.0266,89.1242,1.8828,85.4119,1.8044,80.6535,1.7038,77.0084,1.6268,70.5045,1.4894,0.0,0.0,0.0,0.0,0.0,0.0,0.0,0.0,0.0,0.0,0.0,0.0,0.0,0.0,0.0,0.0,0.0,0.0,0.0,0.0,0.0,0.0,0.0,0.0,0.0,0.0,0.0,0.0,0.0,0.0,0.0,0.0,0.0,0.0,0.0,0.5578,0.7985
128,0.001,3,20,100,16,16,256,202,730,24,ContrastiveLoss,gru,/home/dpetrovitch/dzagcoffee/train_trace/age_pred/checkpoints/age_pred_2025-10-10 14:37:35.506749_ContrastiveLoss_gru_catboost/model_128_0.001_3_20_100_256_16_16_ContrastiveLoss_gruepoch=11.ckpt,11,24,0.3383148,65.2148,3.8799,0.0008,4.3551,1.2305,7.7693,0.6607,3775.6611,95.5393,935.4061,23.6695,868.4763,21.9759,832.0994,21.0554,785.9709,19.8882,750.9724,19.0026,689.191,17.4393,377.9062,8.0777,93.6248,2.0012,86.9258,1.858,83.2849,1.7802,78.6679,1.6815,75.1649,1.6066,68.9812,1.4745,0.0,0.0,0.0,0.0,0.0,0.0,0.0,0.0,0.0,0.0,0.0,0.0,0.0,0.0,0.0,0.0,0.0,0.0,0.0,0.0,0.0,0.0,0.0,0.0,0.0,0.0,0.0,0.0,0.0,0.0,0.0,0.0,0.0,0.0,0.0,0.5589,0.7997
128,0.001,3,20,100,16,16,256,202,730,24,ContrastiveLoss,gru,/home/dpetrovitch/dzagcoffee/train_trace/age_pred/checkpoints/age_pred_2025-10-10 14:37:35.506749_ContrastiveLoss_gru_catboost/model_128_0.001_3_20_100_256_16_16_ContrastiveLoss_gruepoch=12.ckpt,12,24,0.3317649,61.7644,3.3199,0.0007,4.4415,1.1999,8.4998,0.6956,3678.6587,93.0961,938.0646,23.7397,871.9684,22.067,836.2155,21.1622,790.702,20.0104,756.2144,19.1376,695.1668,17.5926,368.2167,7.8967,93.8959,2.0137,87.28,1.8718,83.7013,1.795,79.1456,1.6973,75.6936,1.6233,69.583,1.4923,0.0,0.0,0.0,0.0,0.0,0.0,0.0,0.0,0.0,0.0,0.0,0.0,0.0,0.0,0.0,0.0,0.0,0.0,0.0,0.0,0.0,0.0,0.0,0.0,0.0,0.0,0.0,0.0,0.0,0.0,0.0,0.0,0.0,0.0,0.0,0.5711,0.795
128,0.001,3,20,100,16,16,256,202,730,24,ContrastiveLoss,gru,/home/dpetrovitch/dzagcoffee/train_trace/age_pred/checkpoints/age_pred_2025-10-10 14:37:35.506749_ContrastiveLoss_gru_catboost/model_128_0.001_3_20_100_256_16_16_ContrastiveLoss_gruepoch=13.ckpt,13,24,0.33893624,65.4462,3.9306,0.0008,4.4056,1.2284,7.9146,0.6636,3848.1533,97.3693,936.9582,23.7077,869.9673,22.0127,833.3891,21.0871,786.4366,19.8991,750.1566,18.9811,684.4023,17.3173,385.8723,8.226,93.9532,2.0029,87.2357,1.8597,83.5678,1.7815,78.8597,1.6811,75.2217,1.6036,68.6282,1.463,0.0,0.0,0.0,0.0,0.0,0.0,0.0,0.0,0.0,0.0,0.0,0.0,0.0,0.0,0.0,0.0,0.0,0.0,0.0,0.0,0.0,0.0,0.0,0.0,0.0,0.0,0.0,0.0,0.0,0.0,0.0,0.0,0.0,0.0,0.0,0.5633,0.7991
128,0.001,3,20,100,16,16,256,202,730,24,ContrastiveLoss,gru,/home/dpetrovitch/dzagcoffee/train_trace/age_pred/checkpoints/age_pred_2025-10-10 14:37:35.506749_ContrastiveLoss_gru_catboost/model_128_0.001_3_20_100_256_16_16_ContrastiveLoss_gruepoch=14.ckpt,14,24,0.34270436,65.8441,3.4069,0.0008,4.4422,1.2269,9.0344,0.6651,3878.6252,98.128,947.707,23.9767,881.8085,22.3095,845.7514,21.3972,799.4667,20.2262,763.6119,19.3191,698.7499,17.6781,389.7354,8.225,95.2283,2.0097,88.6067,1.87,84.9835,1.7935,80.3327,1.6953,76.7299,1.6193,70.2124,1.4818,0.0,0.0,0.0,0.0,0.0,0.0,0.0,0.0,0.0,0.0,0.0,0.0,0.0,0.0,0.0,0.0,0.0,0.0,0.0,0.0,0.0,0.0,0.0,0.0,0.0,0.0,0.0,0.0,0.0,0.0,0.0,0.0,0.0,0.0,0.0,0.5511,0.795
128,0.001,3,20,100,16,16,256,202,730,24,ContrastiveLoss,gru,/home/dpetrovitch/dzagcoffee/train_trace/age_pred/checkpoints/age_pred_2025-10-10 14:37:35.506749_ContrastiveLoss_gru_catboost/model_128_0.001_3_20_100_256_16_16_ContrastiveLoss_gruepoch=15.ckpt,15,24,0.34229997,64.6211,3.4289,0.0008,4.4791,1.2142,8.9737,0.6792,3833.6167,96.9942,943.6636,23.8756,877.3979,22.199,841.2319,21.284,794.7444,20.1078,758.9068,19.2011,695.0024,17.5842,374.8298,7.9489,92.2662,1.9566,85.7871,1.8193,82.251,1.7443,77.7057,1.6479,74.2017,1.5736,67.9535,1.4411,0.0,0.0,0.0,0.0,0.0,0.0,0.0,0.0,0.0,0.0,0.0,0.0,0.0,0.0,0.0,0.0,0.0,0.0,0.0,0.0,0.0,0.0,0.0,0.0,0.0,0.0,0.0,0.0,0.0,0.0,0.0,0.0,0.0,0.0,0.0,0.5789,0.8042
128,0.001,3,20,100,16,16,256,202,730,24,ContrastiveLoss,gru,/home/dpetrovitch/dzagcoffee/train_trace/age_pred/checkpoints/age_pred_2025-10-10 14:37:35.506749_ContrastiveLoss_gru_catboost/model_128_0.001_3_20_100_256_16_16_ContrastiveLoss_gruepoch=16.ckpt,16,24,0.3472913,65.4182,3.4125,0.0007,4.4759,1.2189,8.3483,0.6743,3907.6584,98.8816,943.5181,23.8753,877.074,22.194,840.4409,21.267,793.1959,20.0715,756.2552,19.1367,688.6362,17.4256,380.0745,8.079,91.7703,1.9507,85.3077,1.8133,81.7446,1.7376,77.1494,1.6399,73.5564,1.5636,66.9795,1.4237,0.0,0.0,0.0,0.0,0.0,0.0,0.0,0.0,0.0,0.0,0.0,0.0,0.0,0.0,0.0,0.0,0.0,0.0,0.0,0.0,0.0,0.0,0.0,0.0,0.0,0.0,0.0,0.0,0.0,0.0,0.0,0.0,0.0,0.0,0.0,0.56,0.8015
128,0.001,3,20,100,16,16,256,202,730,24,ContrastiveLoss,gru,/home/dpetrovitch/dzagcoffee/train_trace/age_pred/checkpoints/age_pred_2025-10-10 14:37:35.506749_ContrastiveLoss_gru_catboost/model_128_0.001_3_20_100_256_16_16_ContrastiveLoss_gruepoch=17.ckpt,17,24,0.3435823,64.3433,3.6826,0.0007,4.5161,1.2033,9.2355,0.6912,3868.164,97.8733,952.7313,24.1063,887.9725,22.4677,852.4994,21.5702,807.1767,20.4234,772.2863,19.5406,711.6486,18.0063,381.8222,8.1158,94.043,1.9989,87.6508,1.863,84.1493,1.7886,79.6755,1.6935,76.2315,1.6203,70.246,1.4931,0.0,0.0,0.0,0.0,0.0,0.0,0.0,0.0,0.0,0.0,0.0,0.0,0.0,0.0,0.0,0.0,0.0,0.0,0.0,0.0,0.0,0.0,0.0,0.0,0.0,0.0,0.0,0.0,0.0,0.0,0.0,0.0,0.0,0.0,0.0,0.5744,0.8061
128,0.001,3,20,100,16,16,256,202,730,24,ContrastiveLoss,gru,/home/dpetrovitch/dzagcoffee/train_trace/age_pred/checkpoints/age_pred_2025-10-10 14:37:35.506749_ContrastiveLoss_gru_catboost/model_128_0.001_3_20_100_256_16_16_ContrastiveLoss_gruepoch=18.ckpt,18,24,0.34831715,67.3405,3.7447,0.0008,4.5056,1.2294,9.0739,0.6625,3999.5388,101.1947,956.2196,24.1939,890.8931,22.541,855.0657,21.6345,808.8907,20.4662,772.9606,19.5571,707.3541,17.8972,392.1218,8.2585,93.7495,1.9745,87.3447,1.8396,83.8321,1.7656,79.3051,1.6702,75.7824,1.596,69.3502,1.4606,0.0,0.0,0.0,0.0,0.0,0.0,0.0,0.0,0.0,0.0,0.0,0.0,0.0,0.0,0.0,0.0,0.0,0.0,0.0,0.0,0.0,0.0,0.0,0.0,0.0,0.0,0.0,0.0,0.0,0.0,0.0,0.0,0.0,0.0,0.0,0.5778,0.8084
128,0.001,3,20,100,16,16,256,202,730,24,ContrastiveLoss,gru,/home/dpetrovitch/dzagcoffee/train_trace/age_pred/checkpoints/age_pred_2025-10-10 14:37:35.506749_ContrastiveLoss_gru_catboost/model_128_0.001_3_20_100_256_16_16_ContrastiveLoss_gruepoch=19.ckpt,19,24,0.35129616,68.3714,4.5411,0.0008,4.4839,1.2354,8.1126,0.656,4099.3867,103.7128,951.8483,24.0814,885.6332,22.4061,849.0561,21.4808,802.1627,20.2944,765.064,19.3558,697.4049,17.6441,402.1593,8.4684,93.3785,1.9663,86.8827,1.8295,83.2944,1.754,78.694,1.6571,75.0545,1.5805,68.417,1.4407,0.0,0.0,0.0,0.0,0.0,0.0,0.0,0.0,0.0,0.0,0.0,0.0,0.0,0.0,0.0,0.0,0.0,0.0,0.0,0.0,0.0,0.0,0.0,0.0,0.0,0.0,0.0,0.0,0.0,0.0,0.0,0.0,0.0,0.0,0.0,0.5667,0.8041
128,0.001,3,20,100,16,16,256,202,730,24,ContrastiveLoss,gru,/home/dpetrovitch/dzagcoffee/train_trace/age_pred/checkpoints/age_pred_2025-10-10 14:37:35.506749_ContrastiveLoss_gru_catboost/model_128_0.001_3_20_100_256_16_16_ContrastiveLoss_gruepoch=20.ckpt,20,24,0.34956992,66.737,3.4476,0.0008,4.5134,1.217,8.7691,0.6758,4042.3872,102.2639,958.8594,24.2571,894.0689,22.6181,858.3034,21.7133,812.0738,20.5438,775.7751,19.6255,709.1399,17.9397,404.5987,8.4355,95.9713,2.0009,89.4865,1.8657,85.9068,1.7911,81.2797,1.6946,77.6466,1.6189,70.9771,1.4798,0.0,0.0,0.0,0.0,0.0,0.0,0.0,0.0,0.0,0.0,0.0,0.0,0.0,0.0,0.0,0.0,0.0,0.0,0.0,0.0,0.0,0.0,0.0,0.0,0.0,0.0,0.0,0.0,0.0,0.0,0.0,0.0,0.0,0.0,0.0,0.5667,0.8095
128,0.001,3,20,100,16,16,256,202,730,24,ContrastiveLoss,gru,/home/dpetrovitch/dzagcoffee/train_trace/age_pred/checkpoints/age_pred_2025-10-10 14:37:35.506749_ContrastiveLoss_gru_catboost/model_128_0.001_3_20_100_256_16_16_ContrastiveLoss_gruepoch=21.ckpt,21,24,0.35611984,68.4479,3.4697,0.0008,4.4689,1.235,8.053,0.6562,4133.867,104.5795,951.9885,24.0836,885.8929,22.4115,849.5196,21.4913,802.6564,20.3058,765.6123,19.3686,697.6402,17.6491,404.659,8.528,93.189,1.9639,86.7189,1.8276,83.1584,1.7525,78.571,1.6558,74.9448,1.5794,68.2911,1.4392,0.0,0.0,0.0,0.0,0.0,0.0,0.0,0.0,0.0,0.0,0.0,0.0,0.0,0.0,0.0,0.0,0.0,0.0,0.0,0.0,0.0,0.0,0.0,0.0,0.0,0.0,0.0,0.0,0.0,0.0,0.0,0.0,0.0,0.0,0.0,0.5511,0.7984
128,0.001,3,20,100,16,16,256,202,730,24,ContrastiveLoss,gru,/home/dpetrovitch/dzagcoffee/train_trace/age_pred/checkpoints/age_pred_2025-10-10 14:37:35.506749_ContrastiveLoss_gru_catboost/model_128_0.001_3_20_100_256_16_16_ContrastiveLoss_gruepoch=22.ckpt,22,24,0.35470918,68.116,4.0225,0.0008,4.4679,1.2317,8.2832,0.6597,4147.5566,104.9229,951.8315,24.079,886.1901,22.4184,850.1455,21.5066,803.6966,20.3315,767.4639,19.4149,702.0625,17.7604,418.1996,8.7234,95.9735,2.002,89.3549,1.8639,85.7205,1.7881,81.037,1.6904,77.3836,1.6142,70.7892,1.4766,0.0,0.0,0.0,0.0,0.0,0.0,0.0,0.0,0.0,0.0,0.0,0.0,0.0,0.0,0.0,0.0,0.0,0.0,0.0,0.0,0.0,0.0,0.0,0.0,0.0,0.0,0.0,0.0,0.0,0.0,0.0,0.0,0.0,0.0,0.0,0.5633,0.8076
128,0.001,3,20,100,16,16,256,202,730,24,ContrastiveLoss,gru,/home/dpetrovitch/dzagcoffee/train_trace/age_pred/checkpoints/age_pred_2025-10-10 14:37:35.506749_ContrastiveLoss_gru_catboost/model_128_0.001_3_20_100_256_16_16_ContrastiveLoss_gruepoch=23.ckpt,23,24,0.35718513,68.1317,4.6105,0.0008,4.4826,1.2266,8.1971,0.6652,4147.809,104.921,956.7446,24.2013,891.0989,22.5408,854.7533,21.6214,807.7003,20.4312,770.4749,19.4896,702.1354,17.7609,415.221,8.6685,95.776,1.9995,89.2044,1.8623,85.566,1.7863,80.8557,1.688,77.1292,1.6102,70.288,1.4674,0.0,0.0,0.0,0.0,0.0,0.0,0.0,0.0,0.0,0.0,0.0,0.0,0.0,0.0,0.0,0.0,0.0,0.0,0.0,0.0,0.0,0.0,0.0,0.0,0.0,0.0,0.0,0.0,0.0,0.0,0.0,0.0,0.0,0.0,0.0,0.5733,0.8089
128,0.001,3,10,60,16,16,256,202,730,24,ContrastiveLoss,gru,/home/dpetrovitch/dzagcoffee/train_trace/age_pred/checkpoints/age_pred_2025-10-10 14:37:35.506749_ContrastiveLoss_gru_catboost/model_128_0.001_3_10_60_256_16_16_ContrastiveLoss_gruepoch=00.ckpt,0,24,0.08227785,50.4667,5.0598,0.0007,4.1331,1.1064,5.7757,0.8191,1658.7213,42.5771,800.7594,20.5544,726.6656,18.6525,685.9137,17.6065,632.8605,16.2447,590.5708,15.1592,509.5208,13.0787,106.5639,3.086,51.4445,1.4898,46.6843,1.3519,44.0663,1.2761,40.6579,1.1774,37.941,1.0987,32.734,0.948,0.0,0.0,0.0,0.0,0.0,0.0,0.0,0.0,0.0,0.0,0.0,0.0,0.0,0.0,0.0,0.0,0.0,0.0,0.0,0.0,0.0,0.0,0.0,0.0,0.0,0.0,0.0,0.0,0.0,0.0,0.0,0.0,0.0,0.0,0.0,0.4433,0.7126
128,0.001,3,10,60,16,16,256,202,730,24,ContrastiveLoss,gru,/home/dpetrovitch/dzagcoffee/train_trace/age_pred/checkpoints/age_pred_2025-10-10 14:37:35.506749_ContrastiveLoss_gru_catboost/model_128_0.001_3_10_60_256_16_16_ContrastiveLoss_gruepoch=01.ckpt,1,24,0.120196104,58.6858,4.5757,0.0006,4.023,1.1084,6.5883,0.8156,2087.4888,53.1763,876.1161,22.318,800.9062,20.4021,759.0145,19.335,703.9022,17.9311,660.3845,16.8225,584.3827,14.8865,139.5471,3.7001,58.5677,1.5529,53.54,1.4196,50.7396,1.3454,47.0554,1.2477,44.1462,1.1705,39.0656,1.0358,0.0,0.0,0.0,0.0,0.0,0.0,0.0,0.0,0.0,0.0,0.0,0.0,0.0,0.0,0.0,0.0,0.0,0.0,0.0,0.0,0.0,0.0,0.0,0.0,0.0,0.0,0.0,0.0,0.0,0.0,0.0,0.0,0.0,0.0,0.0,0.4789,0.737
128,0.001,3,10,60,16,16,256,202,730,24,ContrastiveLoss,gru,/home/dpetrovitch/dzagcoffee/train_trace/age_pred/checkpoints/age_pred_2025-10-10 14:37:35.506749_ContrastiveLoss_gru_catboost/model_128_0.001_3_10_60_256_16_16_ContrastiveLoss_gruepoch=02.ckpt,2,24,0.13696535,65.159,4.1469,0.0006,3.9147,1.1205,7.2842,0.7981,2349.024,59.7141,914.7963,23.2549,842.5233,21.4176,802.2827,20.3947,749.6011,19.0555,708.112,18.0008,633.3091,16.0992,170.2936,4.2258,66.3186,1.6457,61.0791,1.5157,58.1619,1.4433,54.3427,1.3485,51.3349,1.2739,45.912,1.1393,0.0,0.0,0.0,0.0,0.0,0.0,0.0,0.0,0.0,0.0,0.0,0.0,0.0,0.0,0.0,0.0,0.0,0.0,0.0,0.0,0.0,0.0,0.0,0.0,0.0,0.0,0.0,0.0,0.0,0.0,0.0,0.0,0.0,0.0,0.0,0.4811,0.7539
128,0.001,3,10,60,16,16,256,202,730,24,ContrastiveLoss,gru,/home/dpetrovitch/dzagcoffee/train_trace/age_pred/checkpoints/age_pred_2025-10-10 14:37:35.506749_ContrastiveLoss_gru_catboost/model_128_0.001_3_10_60_256_16_16_ContrastiveLoss_gruepoch=03.ckpt,3,24,0.15264954,68.1319,3.9232,0.0006,3.8303,1.1157,7.4653,0.8043,2585.2363,65.5885,943.5981,23.9395,871.7838,22.1175,831.7905,21.1029,779.5489,19.7775,738.4028,18.7336,664.8643,16.8679,177.1809,4.3232,64.6701,1.5779,59.7483,1.4579,57.0073,1.391,53.4269,1.3036,50.6069,1.2348,45.5669,1.1118,0.0,0.0,0.0,0.0,0.0,0.0,0.0,0.0,0.0,0.0,0.0,0.0,0.0,0.0,0.0,0.0,0.0,0.0,0.0,0.0,0.0,0.0,0.0,0.0,0.0,0.0,0.0,0.0,0.0,0.0,0.0,0.0,0.0,0.0,0.0,0.4878,0.7451
128,0.001,3,10,60,16,16,256,202,730,24,ContrastiveLoss,gru,/home/dpetrovitch/dzagcoffee/train_trace/age_pred/checkpoints/age_pred_2025-10-10 14:37:35.506749_ContrastiveLoss_gru_catboost/model_128_0.001_3_10_60_256_16_16_ContrastiveLoss_gruepoch=04.ckpt,4,24,0.16872829,71.9554,3.6088,0.0007,3.706,1.1232,7.5336,0.794,2776.8938,70.3848,958.2366,24.288,886.825,22.478,846.406,21.4535,793.1752,20.1043,750.2734,19.0169,671.9912,17.0327,188.8711,4.5685,65.1747,1.5765,60.3176,1.459,57.5685,1.3925,53.948,1.3049,51.03,1.2343,45.7056,1.1056,0.0,0.0,0.0,0.0,0.0,0.0,0.0,0.0,0.0,0.0,0.0,0.0,0.0,0.0,0.0,0.0,0.0,0.0,0.0,0.0,0.0,0.0,0.0,0.0,0.0,0.0,0.0,0.0,0.0,0.0,0.0,0.0,0.0,0.0,0.0,0.5111,0.757
128,0.001,3,10,60,16,16,256,202,730,24,ContrastiveLoss,gru,/home/dpetrovitch/dzagcoffee/train_trace/age_pred/checkpoints/age_pred_2025-10-10 14:37:35.506749_ContrastiveLoss_gru_catboost/model_128_0.001_3_10_60_256_16_16_ContrastiveLoss_gruepoch=05.ckpt,5,24,0.18814117,74.4804,4.0441,0.0007,3.6488,1.132,8.2698,0.7818,2939.2742,74.4689,961.5869,24.3626,889.4902,22.5359,848.8833,21.5071,795.5884,20.1569,752.8699,19.0746,674.1427,17.0799,203.7068,4.8413,66.6429,1.5838,61.6462,1.4651,58.832,1.3982,55.1384,1.3104,52.1777,1.2401,46.7215,1.1104,0.0,0.0,0.0,0.0,0.0,0.0,0.0,0.0,0.0,0.0,0.0,0.0,0.0,0.0,0.0,0.0,0.0,0.0,0.0,0.0,0.0,0.0,0.0,0.0,0.0,0.0,0.0,0.0,0.0,0.0,0.0,0.0,0.0,0.0,0.0,0.51,0.7657
128,0.001,3,10,60,16,16,256,202,730,24,ContrastiveLoss,gru,/home/dpetrovitch/dzagcoffee/train_trace/age_pred/checkpoints/age_pred_2025-10-10 14:37:35.506749_ContrastiveLoss_gru_catboost/model_128_0.001_3_10_60_256_16_16_ContrastiveLoss_gruepoch=06.ckpt,6,24,0.19939631,76.2668,3.7043,0.0006,3.6194,1.1363,8.9705,0.7758,3130.7454,79.2943,974.3331,24.6775,903.9232,22.8942,864.3233,21.8912,812.4346,20.577,771.7942,19.5477,696.7495,17.647,224.9753,5.2401,70.0155,1.6308,64.9559,1.513,62.1102,1.4467,58.3815,1.3598,55.4611,1.2918,50.0684,1.1662,0.0,0.0,0.0,0.0,0.0,0.0,0.0,0.0,0.0,0.0,0.0,0.0,0.0,0.0,0.0,0.0,0.0,0.0,0.0,0.0,0.0,0.0,0.0,0.0,0.0,0.0,0.0,0.0,0.0,0.0,0.0,0.0,0.0,0.0,0.0,0.5222,0.7761
128,0.001,3,10,60,16,16,256,202,730,24,ContrastiveLoss,gru,/home/dpetrovitch/dzagcoffee/train_trace/age_pred/checkpoints/age_pred_2025-10-10 14:37:35.506749_ContrastiveLoss_gru_catboost/model_128_0.001_3_10_60_256_16_16_ContrastiveLoss_gruepoch=07.ckpt,7,24,0.206469,76.0972,3.696,0.0005,3.5705,1.1337,8.9927,0.7793,3185.4412,80.6745,971.1888,24.5963,900.8804,22.8157,861.5638,21.82,810.3959,20.5241,770.2393,19.5071,696.1106,17.6297,222.8954,5.3002,67.9572,1.6159,63.0375,1.4989,60.2863,1.4335,56.706,1.3484,53.8961,1.2816,48.7091,1.1582,0.0,0.0,0.0,0.0,0.0,0.0,0.0,0.0,0.0,0.0,0.0,0.0,0.0,0.0,0.0,0.0,0.0,0.0,0.0,0.0,0.0,0.0,0.0,0.0,0.0,0.0,0.0,0.0,0.0,0.0,0.0,0.0,0.0,0.0,0.0,0.5244,0.7749
128,0.001,3,10,60,16,16,256,202,730,24,ContrastiveLoss,gru,/home/dpetrovitch/dzagcoffee/train_trace/age_pred/checkpoints/age_pred_2025-10-10 14:37:35.506749_ContrastiveLoss_gru_catboost/model_128_0.001_3_10_60_256_16_16_ContrastiveLoss_gruepoch=08.ckpt,8,24,0.21155897,79.9335,3.0448,0.0005,3.5532,1.1497,8.9796,0.758,3378.602,85.5445,985.0118,24.94,914.4899,23.1544,874.6568,22.1459,822.2659,20.8194,780.7249,19.7676,703.5719,17.8141,250.6324,5.7493,73.0704,1.6762,67.8389,1.5562,64.884,1.4884,60.9976,1.3992,57.916,1.3285,52.1926,1.1972,0.0,0.0,0.0,0.0,0.0,0.0,0.0,0.0,0.0,0.0,0.0,0.0,0.0,0.0,0.0,0.0,0.0,0.0,0.0,0.0,0.0,0.0,0.0,0.0,0.0,0.0,0.0,0.0,0.0,0.0,0.0,0.0,0.0,0.0,0.0,0.5289,0.7739
128,0.001,3,10,60,16,16,256,202,730,24,ContrastiveLoss,gru,/home/dpetrovitch/dzagcoffee/train_trace/age_pred/checkpoints/age_pred_2025-10-10 14:37:35.506749_ContrastiveLoss_gru_catboost/model_128_0.001_3_10_60_256_16_16_ContrastiveLoss_gruepoch=09.ckpt,9,24,0.22174874,79.5697,2.9178,0.0004,3.5493,1.1493,8.3931,0.7584,3512.8403,88.9211,981.8118,24.8528,911.4546,23.0718,871.8857,22.0702,819.519,20.7446,778.0501,19.6949,704.2214,17.8261,262.2306,6.0387,73.2914,1.6878,68.0393,1.5668,65.0855,1.4988,61.1764,1.4088,58.0808,1.3375,52.5695,1.2106,0.0,0.0,0.0,0.0,0.0,0.0,0.0,0.0,0.0,0.0,0.0,0.0,0.0,0.0,0.0,0.0,0.0,0.0,0.0,0.0,0.0,0.0,0.0,0.0,0.0,0.0,0.0,0.0,0.0,0.0,0.0,0.0,0.0,0.0,0.0,0.5311,0.7887
128,0.001,3,10,60,16,16,256,202,730,24,ContrastiveLoss,gru,/home/dpetrovitch/dzagcoffee/train_trace/age_pred/checkpoints/age_pred_2025-10-10 14:37:35.506749_ContrastiveLoss_gru_catboost/model_128_0.001_3_10_60_256_16_16_ContrastiveLoss_gruepoch=10.ckpt,10,24,0.22447129,80.0753,2.9063,0.0004,3.5245,1.156,9.1003,0.7501,3616.9536,91.5539,980.85,24.8277,911.4781,23.0717,872.5365,22.086,821.1508,20.7853,780.5722,19.7582,707.4646,17.9077,277.9082,6.3162,75.3635,1.7128,70.0333,1.5917,67.0412,1.5237,63.093,1.434,59.9752,1.3631,54.358,1.2354,0.0,0.0,0.0,0.0,0.0,0.0,0.0,0.0,0.0,0.0,0.0,0.0,0.0,0.0,0.0,0.0,0.0,0.0,0.0,0.0,0.0,0.0,0.0,0.0,0.0,0.0,0.0,0.0,0.0,0.0,0.0,0.0,0.0,0.0,0.0,0.53,0.7886
128,0.001,3,10,60,16,16,256,202,730,24,ContrastiveLoss,gru,/home/dpetrovitch/dzagcoffee/train_trace/age_pred/checkpoints/age_pred_2025-10-10 14:37:35.506749_ContrastiveLoss_gru_catboost/model_128_0.001_3_10_60_256_16_16_ContrastiveLoss_gruepoch=11.ckpt,11,24,0.22698669,80.0239,2.9925,0.0004,3.5062,1.15,9.028,0.7575,3616.35,91.5274,984.8096,24.9249,916.1916,23.1882,878.1059,22.2243,828.0269,20.9568,789.0189,19.9695,719.578,18.212,276.5838,6.3445,75.3197,1.7277,70.0717,1.6074,67.1588,1.5405,63.3287,1.4527,60.3453,1.3842,55.0344,1.2624,0.0,0.0,0.0,0.0,0.0,0.0,0.0,0.0,0.0,0.0,0.0,0.0,0.0,0.0,0.0,0.0,0.0,0.0,0.0,0.0,0.0,0.0,0.0,0.0,0.0,0.0,0.0,0.0,0.0,0.0,0.0,0.0,0.0,0.0,0.0,0.5522,0.7894
128,0.001,3,10,60,16,16,256,202,730,24,ContrastiveLoss,gru,/home/dpetrovitch/dzagcoffee/train_trace/age_pred/checkpoints/age_pred_2025-10-10 14:37:35.506749_ContrastiveLoss_gru_catboost/model_128_0.001_3_10_60_256_16_16_ContrastiveLoss_gruepoch=12.ckpt,12,24,0.23234296,80.8126,2.949,0.0004,3.5128,1.1592,8.6614,0.7458,3716.0537,94.03,982.735,24.8669,913.9031,23.1251,875.5133,22.1537,825.052,20.8769,785.2775,19.8704,714.1683,18.0711,289.4194,6.5788,76.5389,1.7398,71.178,1.6179,68.1881,1.55,64.258,1.4606,61.1602,1.3902,55.622,1.2643,0.0,0.0,0.0,0.0,0.0,0.0,0.0,0.0,0.0,0.0,0.0,0.0,0.0,0.0,0.0,0.0,0.0,0.0,0.0,0.0,0.0,0.0,0.0,0.0,0.0,0.0,0.0,0.0,0.0,0.0,0.0,0.0,0.0,0.0,0.0,0.5522,0.7936
128,0.001,3,10,60,16,16,256,202,730,24,ContrastiveLoss,gru,/home/dpetrovitch/dzagcoffee/train_trace/age_pred/checkpoints/age_pred_2025-10-10 14:37:35.506749_ContrastiveLoss_gru_catboost/model_128_0.001_3_10_60_256_16_16_ContrastiveLoss_gruepoch=13.ckpt,13,24,0.21674758,80.4753,2.9553,0.0004,3.5488,1.1542,8.9877,0.752,3679.4077,93.1117,989.7449,25.0466,921.7509,23.326,883.8974,22.368,834.7694,21.1248,796.3686,20.153,727.9167,18.4208,284.0869,6.407,76.4182,1.7235,71.1683,1.6051,68.2457,1.5392,64.4525,1.4536,61.4876,1.3867,56.2024,1.2675,0.0,0.0,0.0,0.0,0.0,0.0,0.0,0.0,0.0,0.0,0.0,0.0,0.0,0.0,0.0,0.0,0.0,0.0,0.0,0.0,0.0,0.0,0.0,0.0,0.0,0.0,0.0,0.0,0.0,0.0,0.0,0.0,0.0,0.0,0.0,0.5456,0.7861
128,0.001,3,10,60,16,16,256,202,730,24,ContrastiveLoss,gru,/home/dpetrovitch/dzagcoffee/train_trace/age_pred/checkpoints/age_pred_2025-10-10 14:37:35.506749_ContrastiveLoss_gru_catboost/model_128_0.001_3_10_60_256_16_16_ContrastiveLoss_gruepoch=14.ckpt,14,24,0.23828125,82.6635,2.8065,0.0004,3.5269,1.1705,9.0849,0.7315,3861.6597,97.7039,984.5514,24.9101,915.3836,23.1601,876.684,22.181,825.8651,20.8952,785.6842,19.8786,713.6844,18.0569,298.4779,6.7548,76.0986,1.7222,70.7524,1.6012,67.7612,1.5335,63.8333,1.4446,60.7276,1.3743,55.1626,1.2484,0.0,0.0,0.0,0.0,0.0,0.0,0.0,0.0,0.0,0.0,0.0,0.0,0.0,0.0,0.0,0.0,0.0,0.0,0.0,0.0,0.0,0.0,0.0,0.0,0.0,0.0,0.0,0.0,0.0,0.0,0.0,0.0,0.0,0.0,0.0,0.5656,0.7957
128,0.001,3,10,60,16,16,256,202,730,24,ContrastiveLoss,gru,/home/dpetrovitch/dzagcoffee/train_trace/age_pred/checkpoints/age_pred_2025-10-10 14:37:35.506749_ContrastiveLoss_gru_catboost/model_128_0.001_3_10_60_256_16_16_ContrastiveLoss_gruepoch=15.ckpt,15,24,0.22829862,80.9443,2.746,0.0004,3.5605,1.1611,9.0787,0.7433,3828.589,96.8623,986.9017,24.9683,920.0149,23.2761,882.7381,22.333,834.1959,21.1049,795.8776,20.1355,726.8383,18.3888,299.9065,6.7594,77.3074,1.7424,72.0679,1.6243,69.1479,1.5585,65.3454,1.4728,62.3438,1.4051,56.9357,1.2832,0.0,0.0,0.0,0.0,0.0,0.0,0.0,0.0,0.0,0.0,0.0,0.0,0.0,0.0,0.0,0.0,0.0,0.0,0.0,0.0,0.0,0.0,0.0,0.0,0.0,0.0,0.0,0.0,0.0,0.0,0.0,0.0,0.0,0.0,0.0,0.5456,0.7838
128,0.001,3,10,60,16,16,256,202,730,24,ContrastiveLoss,gru,/home/dpetrovitch/dzagcoffee/train_trace/age_pred/checkpoints/age_pred_2025-10-10 14:37:35.506749_ContrastiveLoss_gru_catboost/model_128_0.001_3_10_60_256_16_16_ContrastiveLoss_gruepoch=16.ckpt,16,24,0.21265392,78.9121,2.7726,0.0004,3.6251,1.1519,8.5753,0.7548,3703.0625,93.7039,983.3883,24.8841,916.4535,23.1903,879.3169,22.2506,831.0939,21.0304,793.7347,20.085,726.9036,18.3939,282.865,6.4204,75.1179,1.705,70.0049,1.589,67.1682,1.5246,63.4846,1.441,60.6308,1.3762,55.5258,1.2603,0.0,0.0,0.0,0.0,0.0,0.0,0.0,0.0,0.0,0.0,0.0,0.0,0.0,0.0,0.0,0.0,0.0,0.0,0.0,0.0,0.0,0.0,0.0,0.0,0.0,0.0,0.0,0.0,0.0,0.0,0.0,0.0,0.0,0.0,0.0,0.5256,0.7789
128,0.001,3,10,60,16,16,256,202,730,24,ContrastiveLoss,gru,/home/dpetrovitch/dzagcoffee/train_trace/age_pred/checkpoints/age_pred_2025-10-10 14:37:35.506749_ContrastiveLoss_gru_catboost/model_128_0.001_3_10_60_256_16_16_ContrastiveLoss_gruepoch=17.ckpt,17,24,0.23570666,84.1978,2.653,0.0004,3.5551,1.1741,9.6356,0.727,3990.6748,100.9626,996.8749,25.2206,929.355,23.5123,891.4798,22.5541,842.0248,21.3029,802.8065,20.3107,731.826,18.5149,315.8522,7.0294,78.9002,1.756,73.5562,1.637,70.5584,1.5703,66.6442,1.4832,63.5402,1.4141,57.9222,1.2891,0.0,0.0,0.0,0.0,0.0,0.0,0.0,0.0,0.0,0.0,0.0,0.0,0.0,0.0,0.0,0.0,0.0,0.0,0.0,0.0,0.0,0.0,0.0,0.0,0.0,0.0,0.0,0.0,0.0,0.0,0.0,0.0,0.0,0.0,0.0,0.5444,0.7918
128,0.001,3,10,60,16,16,256,202,730,24,ContrastiveLoss,gru,/home/dpetrovitch/dzagcoffee/train_trace/age_pred/checkpoints/age_pred_2025-10-10 14:37:35.506749_ContrastiveLoss_gru_catboost/model_128_0.001_3_10_60_256_16_16_ContrastiveLoss_gruepoch=18.ckpt,18,24,0.23850812,82.8291,2.6559,0.0005,3.5585,1.1677,9.7797,0.7349,3982.3447,100.7374,993.7403,25.1377,927.0409,23.4504,889.9644,22.5125,841.4401,21.2851,803.6695,20.3296,735.9325,18.6161,316.4143,6.9688,78.9569,1.739,73.6574,1.6222,70.7115,1.5574,66.856,1.4724,63.855,1.4064,58.473,1.2878,0.0,0.0,0.0,0.0,0.0,0.0,0.0,0.0,0.0,0.0,0.0,0.0,0.0,0.0,0.0,0.0,0.0,0.0,0.0,0.0,0.0,0.0,0.0,0.0,0.0,0.0,0.0,0.0,0.0,0.0,0.0,0.0,0.0,0.0,0.0,0.5444,0.7876
128,0.001,3,10,60,16,16,256,202,730,24,ContrastiveLoss,gru,/home/dpetrovitch/dzagcoffee/train_trace/age_pred/checkpoints/age_pred_2025-10-10 14:37:35.506749_ContrastiveLoss_gru_catboost/model_128_0.001_3_10_60_256_16_16_ContrastiveLoss_gruepoch=19.ckpt,19,24,0.24622197,82.4364,2.6148,0.0004,3.5849,1.1721,9.8058,0.7293,4083.453,103.2857,991.1725,25.0704,925.2259,23.4024,888.6083,22.4762,840.6838,21.264,803.3488,20.3197,735.8764,18.6131,332.2901,7.3097,80.6565,1.7743,75.2901,1.6562,72.3103,1.5907,68.4105,1.5049,65.3723,1.438,59.8818,1.3173,0.0,0.0,0.0,0.0,0.0,0.0,0.0,0.0,0.0,0.0,0.0,0.0,0.0,0.0,0.0,0.0,0.0,0.0,0.0,0.0,0.0,0.0,0.0,0.0,0.0,0.0,0.0,0.0,0.0,0.0,0.0,0.0,0.0,0.0,0.0,0.55,0.7931
128,0.001,3,10,60,16,16,256,202,730,24,ContrastiveLoss,gru,/home/dpetrovitch/dzagcoffee/train_trace/age_pred/checkpoints/age_pred_2025-10-10 14:37:35.506749_ContrastiveLoss_gru_catboost/model_128_0.001_3_10_60_256_16_16_ContrastiveLoss_gruepoch=20.ckpt,20,24,0.22480665,81.0696,2.6637,0.0005,3.6343,1.1646,8.9267,0.7387,3960.7373,100.1906,990.0445,25.0441,924.1041,23.3761,887.5874,22.4524,840.0828,21.2507,802.9647,20.3117,737.7998,18.6633,315.8768,7.0094,78.9581,1.7521,73.6992,1.6354,70.7869,1.5708,66.9983,1.4867,64.0381,1.421,58.841,1.3057,0.0,0.0,0.0,0.0,0.0,0.0,0.0,0.0,0.0,0.0,0.0,0.0,0.0,0.0,0.0,0.0,0.0,0.0,0.0,0.0,0.0,0.0,0.0,0.0,0.0,0.0,0.0,0.0,0.0,0.0,0.0,0.0,0.0,0.0,0.0,0.5667,0.7995
128,0.001,3,10,60,16,16,256,202,730,24,ContrastiveLoss,gru,/home/dpetrovitch/dzagcoffee/train_trace/age_pred/checkpoints/age_pred_2025-10-10 14:37:35.506749_ContrastiveLoss_gru_catboost/model_128_0.001_3_10_60_256_16_16_ContrastiveLoss_gruepoch=21.ckpt,21,24,0.2404514,82.5898,2.6754,0.0005,3.5803,1.1735,9.3165,0.7275,4119.1987,104.1829,992.8702,25.1117,927.1409,23.4493,890.6395,22.5261,843.0283,21.3219,805.7649,20.3794,739.0998,18.6933,342.2026,7.4844,82.4827,1.804,77.0223,1.6846,73.9899,1.6182,70.0346,1.5317,66.9389,1.464,61.4007,1.3429,0.0,0.0,0.0,0.0,0.0,0.0,0.0,0.0,0.0,0.0,0.0,0.0,0.0,0.0,0.0,0.0,0.0,0.0,0.0,0.0,0.0,0.0,0.0,0.0,0.0,0.0,0.0,0.0,0.0,0.0,0.0,0.0,0.0,0.0,0.0,0.55,0.795
128,0.001,3,10,60,16,16,256,202,730,24,ContrastiveLoss,gru,/home/dpetrovitch/dzagcoffee/train_trace/age_pred/checkpoints/age_pred_2025-10-10 14:37:35.506749_ContrastiveLoss_gru_catboost/model_128_0.001_3_10_60_256_16_16_ContrastiveLoss_gruepoch=22.ckpt,22,24,0.24154633,82.2086,2.6325,0.0004,3.601,1.1734,9.6194,0.7275,4160.093,105.2047,993.2363,25.118,927.9414,23.4667,891.7096,22.5505,844.2788,21.351,807.3333,20.4167,741.8796,18.7614,350.3371,7.6108,83.6442,1.8171,78.1454,1.6977,75.0942,1.6314,71.0999,1.5446,67.9886,1.477,62.4765,1.3573,0.0,0.0,0.0,0.0,0.0,0.0,0.0,0.0,0.0,0.0,0.0,0.0,0.0,0.0,0.0,0.0,0.0,0.0,0.0,0.0,0.0,0.0,0.0,0.0,0.0,0.0,0.0,0.0,0.0,0.0,0.0,0.0,0.0,0.0,0.0,0.5611,0.7971
128,0.001,3,10,60,16,16,256,202,730,24,ContrastiveLoss,gru,/home/dpetrovitch/dzagcoffee/train_trace/age_pred/checkpoints/age_pred_2025-10-10 14:37:35.506749_ContrastiveLoss_gru_catboost/model_128_0.001_3_10_60_256_16_16_ContrastiveLoss_gruepoch=23.ckpt,23,24,0.24306542,82.7237,2.5864,0.0005,3.6108,1.1779,9.5166,0.722,4189.7886,105.9645,993.5,25.1268,928.0515,23.4715,891.5837,22.5492,843.8861,21.3428,806.7914,20.4047,740.6821,18.7327,347.7988,7.5707,82.4715,1.7952,77.0386,1.6769,74.0113,1.611,70.0519,1.5248,66.9726,1.4578,61.4848,1.3384,0.0,0.0,0.0,0.0,0.0,0.0,0.0,0.0,0.0,0.0,0.0,0.0,0.0,0.0,0.0,0.0,0.0,0.0,0.0,0.0,0.0,0.0,0.0,0.0,0.0,0.0,0.0,0.0,0.0,0.0,0.0,0.0,0.0,0.0,0.0,0.5511,0.7951
128,0.001,3,10,80,16,16,256,202,730,24,ContrastiveLoss,gru,/home/dpetrovitch/dzagcoffee/train_trace/age_pred/checkpoints/age_pred_2025-10-10 14:37:35.506749_ContrastiveLoss_gru_catboost/model_128_0.001_3_10_80_256_16_16_ContrastiveLoss_gruepoch=00.ckpt,0,24,0.10593236,51.1999,4.2588,0.0007,4.1629,1.1244,5.4187,0.7937,1821.535,46.6688,812.4054,20.8143,732.574,18.769,688.694,17.6447,632.0673,16.1939,588.5865,15.0799,513.4943,13.156,120.5434,3.4424,53.7624,1.5353,48.4794,1.3845,45.5756,1.3015,41.8282,1.1945,38.9508,1.1123,33.9814,0.9704,0.0,0.0,0.0,0.0,0.0,0.0,0.0,0.0,0.0,0.0,0.0,0.0,0.0,0.0,0.0,0.0,0.0,0.0,0.0,0.0,0.0,0.0,0.0,0.0,0.0,0.0,0.0,0.0,0.0,0.0,0.0,0.0,0.0,0.0,0.0,0.4444,0.7057
128,0.001,3,10,80,16,16,256,202,730,24,ContrastiveLoss,gru,/home/dpetrovitch/dzagcoffee/train_trace/age_pred/checkpoints/age_pred_2025-10-10 14:37:35.506749_ContrastiveLoss_gru_catboost/model_128_0.001_3_10_80_256_16_16_ContrastiveLoss_gruepoch=01.ckpt,1,24,0.15677282,59.2804,3.9429,0.0007,4.0713,1.1355,6.3584,0.7778,2274.1646,57.8551,869.8891,22.1301,794.6832,20.2169,753.2428,19.1626,700.1303,17.8114,659.7864,16.7851,588.9415,14.9828,155.5094,4.0909,59.4838,1.5648,54.3411,1.4295,51.5074,1.355,47.8755,1.2594,45.1168,1.1869,40.2723,1.0594,0.0,0.0,0.0,0.0,0.0,0.0,0.0,0.0,0.0,0.0,0.0,0.0,0.0,0.0,0.0,0.0,0.0,0.0,0.0,0.0,0.0,0.0,0.0,0.0,0.0,0.0,0.0,0.0,0.0,0.0,0.0,0.0,0.0,0.0,0.0,0.4822,0.7441
128,0.001,3,10,80,16,16,256,202,730,24,ContrastiveLoss,gru,/home/dpetrovitch/dzagcoffee/train_trace/age_pred/checkpoints/age_pred_2025-10-10 14:37:35.506749_ContrastiveLoss_gru_catboost/model_128_0.001_3_10_80_256_16_16_ContrastiveLoss_gruepoch=02.ckpt,2,24,0.1936257,62.8508,3.8089,0.0007,3.9617,1.1539,6.6903,0.753,2643.46,67.0775,883.074,22.4079,810.2969,20.5612,770.5857,19.5535,720.3083,18.2778,681.5612,17.2945,615.5783,15.6202,197.8042,4.9394,66.0784,1.6501,60.6327,1.5141,57.6612,1.4399,53.899,1.3459,50.9997,1.2735,46.0623,1.1502,0.0,0.0,0.0,0.0,0.0,0.0,0.0,0.0,0.0,0.0,0.0,0.0,0.0,0.0,0.0,0.0,0.0,0.0,0.0,0.0,0.0,0.0,0.0,0.0,0.0,0.0,0.0,0.0,0.0,0.0,0.0,0.0,0.0,0.0,0.0,0.5044,0.7678
128,0.001,3,10,80,16,16,256,202,730,24,ContrastiveLoss,gru,/home/dpetrovitch/dzagcoffee/train_trace/age_pred/checkpoints/age_pred_2025-10-10 14:37:35.506749_ContrastiveLoss_gru_catboost/model_128_0.001_3_10_80_256_16_16_ContrastiveLoss_gruepoch=03.ckpt,3,24,0.22041707,64.9823,3.377,0.0005,3.9437,1.1639,7.5593,0.7407,2858.7231,72.5179,896.8852,22.7515,824.3033,20.9103,784.3856,19.8977,733.3222,18.6024,693.6228,17.5953,624.9785,15.854,227.418,5.5221,71.3493,1.7325,65.5752,1.5923,62.3997,1.5152,58.3375,1.4165,55.1793,1.3399,49.7185,1.2073,0.0,0.0,0.0,0.0,0.0,0.0,0.0,0.0,0.0,0.0,0.0,0.0,0.0,0.0,0.0,0.0,0.0,0.0,0.0,0.0,0.0,0.0,0.0,0.0,0.0,0.0,0.0,0.0,0.0,0.0,0.0,0.0,0.0,0.0,0.0,0.5344,0.7815
128,0.001,3,10,80,16,16,256,202,730,24,ContrastiveLoss,gru,/home/dpetrovitch/dzagcoffee/train_trace/age_pred/checkpoints/age_pred_2025-10-10 14:37:35.506749_ContrastiveLoss_gru_catboost/model_128_0.001_3_10_80_256_16_16_ContrastiveLoss_gruepoch=04.ckpt,4,24,0.22932447,68.728,3.8374,0.0004,3.8937,1.1831,7.5992,0.7173,3148.643,79.8344,910.8446,23.0946,839.4898,21.2854,800.2055,20.2893,749.2803,18.9981,709.7888,17.9968,638.9718,16.2012,259.5622,6.1226,75.0866,1.7711,69.2044,1.6324,65.9659,1.556,61.7678,1.457,58.5123,1.3802,52.6744,1.2425,0.0,0.0,0.0,0.0,0.0,0.0,0.0,0.0,0.0,0.0,0.0,0.0,0.0,0.0,0.0,0.0,0.0,0.0,0.0,0.0,0.0,0.0,0.0,0.0,0.0,0.0,0.0,0.0,0.0,0.0,0.0,0.0,0.0,0.0,0.0,0.5456,0.7893
128,0.001,3,10,80,16,16,256,202,730,24,ContrastiveLoss,gru,/home/dpetrovitch/dzagcoffee/train_trace/age_pred/checkpoints/age_pred_2025-10-10 14:37:35.506749_ContrastiveLoss_gru_catboost/model_128_0.001_3_10_80_256_16_16_ContrastiveLoss_gruepoch=05.ckpt,5,24,0.24066845,70.2212,3.5087,0.0004,3.8503,1.1854,8.081,0.714,3309.9458,83.8981,922.981,23.395,853.1729,21.6256,814.604,20.648,764.9046,19.3882,725.989,18.4018,656.5535,16.6418,274.9378,6.3687,76.6666,1.7759,70.8681,1.6416,67.6644,1.5674,63.5361,1.4718,60.3037,1.3969,54.5361,1.2633,0.0,0.0,0.0,0.0,0.0,0.0,0.0,0.0,0.0,0.0,0.0,0.0,0.0,0.0,0.0,0.0,0.0,0.0,0.0,0.0,0.0,0.0,0.0,0.0,0.0,0.0,0.0,0.0,0.0,0.0,0.0,0.0,0.0,0.0,0.0,0.5189,0.7731
128,0.001,3,10,80,16,16,256,202,730,24,ContrastiveLoss,gru,/home/dpetrovitch/dzagcoffee/train_trace/age_pred/checkpoints/age_pred_2025-10-10 14:37:35.506749_ContrastiveLoss_gru_catboost/model_128_0.001_3_10_80_256_16_16_ContrastiveLoss_gruepoch=06.ckpt,6,24,0.25105545,69.2072,2.9283,0.0003,3.8216,1.1819,8.0467,0.7184,3419.982,86.6624,921.4587,23.3498,851.6799,21.5816,813.1905,20.6063,763.319,19.3425,724.281,18.3533,655.9847,16.6227,292.9864,6.7414,78.9404,1.8164,72.9626,1.6788,69.6652,1.6029,65.3928,1.5046,62.0484,1.4277,56.1976,1.2931,0.0,0.0,0.0,0.0,0.0,0.0,0.0,0.0,0.0,0.0,0.0,0.0,0.0,0.0,0.0,0.0,0.0,0.0,0.0,0.0,0.0,0.0,0.0,0.0,0.0,0.0,0.0,0.0,0.0,0.0,0.0,0.0,0.0,0.0,0.0,0.5378,0.7925
128,0.001,3,10,80,16,16,256,202,730,24,ContrastiveLoss,gru,/home/dpetrovitch/dzagcoffee/train_trace/age_pred/checkpoints/age_pred_2025-10-10 14:37:35.506749_ContrastiveLoss_gru_catboost/model_128_0.001_3_10_80_256_16_16_ContrastiveLoss_gruepoch=07.ckpt,7,24,0.25781253,70.3386,3.2519,0.0002,3.7939,1.1786,8.9265,0.7222,3547.4556,89.8607,937.5722,23.7497,869.2146,22.0181,831.6623,21.0669,783.2044,19.8394,745.0897,18.8739,678.1967,17.1794,309.2882,6.9889,81.7431,1.8471,75.7833,1.7124,72.5092,1.6385,68.2844,1.543,64.9613,1.4679,59.1292,1.3361,0.0,0.0,0.0,0.0,0.0,0.0,0.0,0.0,0.0,0.0,0.0,0.0,0.0,0.0,0.0,0.0,0.0,0.0,0.0,0.0,0.0,0.0,0.0,0.0,0.0,0.0,0.0,0.0,0.0,0.0,0.0,0.0,0.0,0.0,0.0,0.5422,0.788
128,0.001,3,10,80,16,16,256,202,730,24,ContrastiveLoss,gru,/home/dpetrovitch/dzagcoffee/train_trace/age_pred/checkpoints/age_pred_2025-10-10 14:37:35.506749_ContrastiveLoss_gru_catboost/model_128_0.001_3_10_80_256_16_16_ContrastiveLoss_gruepoch=08.ckpt,8,24,0.26125515,71.075,2.7546,0.0002,3.778,1.1806,9.0612,0.7199,3616.5493,91.6253,938.0469,23.7654,869.1907,22.021,831.4892,21.0658,782.8182,19.8327,744.9903,18.8743,677.9706,17.1764,301.1875,6.9686,78.1209,1.8075,72.3865,1.6748,69.2467,1.6022,65.1934,1.5084,62.0431,1.4355,56.4616,1.3064,0.0,0.0,0.0,0.0,0.0,0.0,0.0,0.0,0.0,0.0,0.0,0.0,0.0,0.0,0.0,0.0,0.0,0.0,0.0,0.0,0.0,0.0,0.0,0.0,0.0,0.0,0.0,0.0,0.0,0.0,0.0,0.0,0.0,0.0,0.0,0.5367,0.7862
128,0.001,3,10,80,16,16,256,202,730,24,ContrastiveLoss,gru,/home/dpetrovitch/dzagcoffee/train_trace/age_pred/checkpoints/age_pred_2025-10-10 14:37:35.506749_ContrastiveLoss_gru_catboost/model_128_0.001_3_10_80_256_16_16_ContrastiveLoss_gruepoch=09.ckpt,9,24,0.26655224,71.8376,2.7214,0.0002,3.7922,1.1803,9.2028,0.7203,3682.1355,93.304,949.9976,24.0726,880.4633,22.3106,841.9731,21.3353,792.5875,20.0839,754.2545,19.1125,685.3491,17.3665,307.701,7.0264,79.3874,1.8128,73.5767,1.6801,70.3602,1.6067,66.2333,1.5124,63.03,1.4393,57.2718,1.3078,0.0,0.0,0.0,0.0,0.0,0.0,0.0,0.0,0.0,0.0,0.0,0.0,0.0,0.0,0.0,0.0,0.0,0.0,0.0,0.0,0.0,0.0,0.0,0.0,0.0,0.0,0.0,0.0,0.0,0.0,0.0,0.0,0.0,0.0,0.0,0.5444,0.797
128,0.001,3,10,80,16,16,256,202,730,24,ContrastiveLoss,gru,/home/dpetrovitch/dzagcoffee/train_trace/age_pred/checkpoints/age_pred_2025-10-10 14:37:35.506749_ContrastiveLoss_gru_catboost/model_128_0.001_3_10_80_256_16_16_ContrastiveLoss_gruepoch=10.ckpt,10,24,0.273181,71.93,2.6501,0.0002,3.8275,1.1867,8.8275,0.7121,3789.3567,95.9429,947.0774,23.9791,880.0864,22.2829,843.3034,21.3516,795.9983,20.1539,759.361,19.2263,693.9025,17.5689,324.9094,7.393,81.2049,1.8477,75.4609,1.717,72.3071,1.6453,68.251,1.553,65.1096,1.4815,59.497,1.3538,0.0,0.0,0.0,0.0,0.0,0.0,0.0,0.0,0.0,0.0,0.0,0.0,0.0,0.0,0.0,0.0,0.0,0.0,0.0,0.0,0.0,0.0,0.0,0.0,0.0,0.0,0.0,0.0,0.0,0.0,0.0,0.0,0.0,0.0,0.0,0.5467,0.7919
128,0.001,3,10,80,16,16,256,202,730,24,ContrastiveLoss,gru,/home/dpetrovitch/dzagcoffee/train_trace/age_pred/checkpoints/age_pred_2025-10-10 14:37:35.506749_ContrastiveLoss_gru_catboost/model_128_0.001_3_10_80_256_16_16_ContrastiveLoss_gruepoch=11.ckpt,11,24,0.2701823,70.9227,2.4395,0.0002,3.863,1.1815,9.4838,0.7184,3825.4812,96.859,950.3982,24.0635,884.2114,22.3877,847.7027,21.4633,801.3121,20.2888,765.7086,19.3873,703.3109,17.8074,331.7926,7.4411,82.4302,1.8487,76.6897,1.7199,73.5232,1.6489,69.4996,1.5587,66.4116,1.4894,60.9997,1.368,0.0,0.0,0.0,0.0,0.0,0.0,0.0,0.0,0.0,0.0,0.0,0.0,0.0,0.0,0.0,0.0,0.0,0.0,0.0,0.0,0.0,0.0,0.0,0.0,0.0,0.0,0.0,0.0,0.0,0.0,0.0,0.0,0.0,0.0,0.0,0.5378,0.7861
128,0.001,3,10,80,16,16,256,202,730,24,ContrastiveLoss,gru,/home/dpetrovitch/dzagcoffee/train_trace/age_pred/checkpoints/age_pred_2025-10-10 14:37:35.506749_ContrastiveLoss_gru_catboost/model_128_0.001_3_10_80_256_16_16_ContrastiveLoss_gruepoch=12.ckpt,12,24,0.2629518,70.7674,2.4806,0.0002,3.8804,1.1818,8.825,0.7179,3827.7495,96.9175,949.6062,24.0437,882.9394,22.3558,846.2234,21.4261,799.4806,20.2426,763.3946,19.3289,699.4271,17.7093,326.83,7.4089,81.0815,1.838,75.3892,1.709,72.2542,1.6379,68.2631,1.5475,65.182,1.4776,59.7201,1.3538,0.0,0.0,0.0,0.0,0.0,0.0,0.0,0.0,0.0,0.0,0.0,0.0,0.0,0.0,0.0,0.0,0.0,0.0,0.0,0.0,0.0,0.0,0.0,0.0,0.0,0.0,0.0,0.0,0.0,0.0,0.0,0.0,0.0,0.0,0.0,0.5511,0.7993
128,0.001,3,10,80,16,16,256,202,730,24,ContrastiveLoss,gru,/home/dpetrovitch/dzagcoffee/train_trace/age_pred/checkpoints/age_pred_2025-10-10 14:37:35.506749_ContrastiveLoss_gru_catboost/model_128_0.001_3_10_80_256_16_16_ContrastiveLoss_gruepoch=13.ckpt,13,24,0.27944487,71.9648,3.0456,0.0002,3.9117,1.1881,9.9032,0.7101,4009.0789,101.4752,960.2435,24.3051,894.2999,22.6359,857.8685,21.7138,811.1345,20.5309,775.0404,19.6173,711.4685,18.0082,351.5656,7.7492,84.206,1.8561,78.4233,1.7286,75.2285,1.6582,71.1303,1.5679,67.9651,1.4981,62.3903,1.3752,0.0,0.0,0.0,0.0,0.0,0.0,0.0,0.0,0.0,0.0,0.0,0.0,0.0,0.0,0.0,0.0,0.0,0.0,0.0,0.0,0.0,0.0,0.0,0.0,0.0,0.0,0.0,0.0,0.0,0.0,0.0,0.0,0.0,0.0,0.0,0.53,0.7928
128,0.001,3,10,80,16,16,256,202,730,24,ContrastiveLoss,gru,/home/dpetrovitch/dzagcoffee/train_trace/age_pred/checkpoints/age_pred_2025-10-10 14:37:35.506749_ContrastiveLoss_gru_catboost/model_128_0.001_3_10_80_256_16_16_ContrastiveLoss_gruepoch=14.ckpt,14,24,0.28386402,73.1793,2.4871,1e-04,3.9269,1.1913,9.365,0.7063,4045.512,102.3748,967.8875,24.4932,901.2896,22.8078,864.2633,21.8709,816.5532,20.6635,779.3303,19.7216,712.4905,18.0301,352.7947,7.7781,84.406,1.8609,78.5983,1.7329,75.3693,1.6617,71.2087,1.5699,67.9626,1.4984,62.1338,1.3699,0.0,0.0,0.0,0.0,0.0,0.0,0.0,0.0,0.0,0.0,0.0,0.0,0.0,0.0,0.0,0.0,0.0,0.0,0.0,0.0,0.0,0.0,0.0,0.0,0.0,0.0,0.0,0.0,0.0,0.0,0.0,0.0,0.0,0.0,0.0,0.5622,0.8033
128,0.001,3,10,80,16,16,256,202,730,24,ContrastiveLoss,gru,/home/dpetrovitch/dzagcoffee/train_trace/age_pred/checkpoints/age_pred_2025-10-10 14:37:35.506749_ContrastiveLoss_gru_catboost/model_128_0.001_3_10_80_256_16_16_ContrastiveLoss_gruepoch=15.ckpt,15,24,0.27115884,71.9902,2.5292,1e-04,3.9538,1.1872,9.3644,0.7114,3995.913,101.1697,962.196,24.3612,895.9091,22.6829,859.4732,21.7604,812.7765,20.5781,776.9112,19.6701,715.0018,18.1026,346.2145,7.7219,83.3667,1.8594,77.6235,1.7313,74.4666,1.6609,70.4207,1.5707,67.3133,1.5013,61.9493,1.3817,0.0,0.0,0.0,0.0,0.0,0.0,0.0,0.0,0.0,0.0,0.0,0.0,0.0,0.0,0.0,0.0,0.0,0.0,0.0,0.0,0.0,0.0,0.0,0.0,0.0,0.0,0.0,0.0,0.0,0.0,0.0,0.0,0.0,0.0,0.0,0.5544,0.796
128,0.001,3,10,80,16,16,256,202,730,24,ContrastiveLoss,gru,/home/dpetrovitch/dzagcoffee/train_trace/age_pred/checkpoints/age_pred_2025-10-10 14:37:35.506749_ContrastiveLoss_gru_catboost/model_128_0.001_3_10_80_256_16_16_ContrastiveLoss_gruepoch=16.ckpt,16,24,0.261847,68.0279,2.6126,1e-04,4.0185,1.1672,8.6589,0.7358,3862.5547,97.7997,952.545,24.1184,886.0411,22.4345,849.3455,21.5054,802.4397,20.3177,766.7674,19.4145,705.5065,17.8634,328.9485,7.4248,81.122,1.831,75.4583,1.7032,72.3332,1.6327,68.3385,1.5425,65.3006,1.4739,60.0834,1.3562,0.0,0.0,0.0,0.0,0.0,0.0,0.0,0.0,0.0,0.0,0.0,0.0,0.0,0.0,0.0,0.0,0.0,0.0,0.0,0.0,0.0,0.0,0.0,0.0,0.0,0.0,0.0,0.0,0.0,0.0,0.0,0.0,0.0,0.0,0.0,0.5456,0.7906
128,0.001,3,10,80,16,16,256,202,730,24,ContrastiveLoss,gru,/home/dpetrovitch/dzagcoffee/train_trace/age_pred/checkpoints/age_pred_2025-10-10 14:37:35.506749_ContrastiveLoss_gru_catboost/model_128_0.001_3_10_80_256_16_16_ContrastiveLoss_gruepoch=17.ckpt,17,24,0.2901673,73.5128,2.5533,0.0002,4.0016,1.2008,10.0313,0.695,4237.7104,107.2308,969.8915,24.5421,904.8348,22.8959,868.9667,21.9883,822.8866,20.8223,787.5465,19.928,725.569,18.3598,378.6445,8.2652,86.661,1.8917,80.8481,1.7648,77.6432,1.6948,73.5259,1.6049,70.3682,1.536,64.8305,1.4151,0.0,0.0,0.0,0.0,0.0,0.0,0.0,0.0,0.0,0.0,0.0,0.0,0.0,0.0,0.0,0.0,0.0,0.0,0.0,0.0,0.0,0.0,0.0,0.0,0.0,0.0,0.0,0.0,0.0,0.0,0.0,0.0,0.0,0.0,0.0,0.5611,0.799
128,0.001,3,10,80,16,16,256,202,730,24,ContrastiveLoss,gru,/home/dpetrovitch/dzagcoffee/train_trace/age_pred/checkpoints/age_pred_2025-10-10 14:37:35.506749_ContrastiveLoss_gru_catboost/model_128_0.001_3_10_80_256_16_16_ContrastiveLoss_gruepoch=18.ckpt,18,24,0.29695395,73.2316,2.6429,0.0002,4.0281,1.1982,9.5024,0.6979,4272.245,108.0886,973.344,24.6258,908.5339,22.9861,872.847,22.0832,826.9062,20.9209,791.433,20.0234,729.6057,18.4592,384.8381,8.3726,87.6775,1.9075,81.8395,1.7805,78.6249,1.7106,74.4866,1.6206,71.2912,1.551,65.7219,1.4299,0.0,0.0,0.0,0.0,0.0,0.0,0.0,0.0,0.0,0.0,0.0,0.0,0.0,0.0,0.0,0.0,0.0,0.0,0.0,0.0,0.0,0.0,0.0,0.0,0.0,0.0,0.0,0.0,0.0,0.0,0.0,0.0,0.0,0.0,0.0,0.5622,0.7992
128,0.001,3,10,80,16,16,256,202,730,24,ContrastiveLoss,gru,/home/dpetrovitch/dzagcoffee/train_trace/age_pred/checkpoints/age_pred_2025-10-10 14:37:35.506749_ContrastiveLoss_gru_catboost/model_128_0.001_3_10_80_256_16_16_ContrastiveLoss_gruepoch=19.ckpt,19,24,0.28739545,73.2772,2.978,0.0002,4.0226,1.194,9.5011,0.7023,4262.6885,107.8385,977.0973,24.7188,911.9468,23.0706,875.9073,22.1589,829.5774,20.9868,793.8719,20.0836,731.1247,18.4962,379.5188,8.2429,86.9937,1.8895,81.1931,1.7635,77.9844,1.6938,73.8595,1.6042,70.6806,1.5351,65.094,1.4138,0.0,0.0,0.0,0.0,0.0,0.0,0.0,0.0,0.0,0.0,0.0,0.0,0.0,0.0,0.0,0.0,0.0,0.0,0.0,0.0,0.0,0.0,0.0,0.0,0.0,0.0,0.0,0.0,0.0,0.0,0.0,0.0,0.0,0.0,0.0,0.5522,0.811
128,0.001,3,10,80,16,16,256,202,730,24,ContrastiveLoss,gru,/home/dpetrovitch/dzagcoffee/train_trace/age_pred/checkpoints/age_pred_2025-10-10 14:37:35.506749_ContrastiveLoss_gru_catboost/model_128_0.001_3_10_80_256_16_16_ContrastiveLoss_gruepoch=20.ckpt,20,24,0.28094423,72.9007,2.6261,0.0002,4.0247,1.1943,9.4123,0.7023,4213.0684,106.6078,968.9863,24.5193,904.257,22.8814,868.657,21.9806,823.2861,20.8325,788.5828,19.9544,729.0577,18.4481,379.2674,8.238,87.2298,1.8947,81.4027,1.7681,78.1979,1.6985,74.1136,1.6098,70.9895,1.542,65.631,1.4256,0.0,0.0,0.0,0.0,0.0,0.0,0.0,0.0,0.0,0.0,0.0,0.0,0.0,0.0,0.0,0.0,0.0,0.0,0.0,0.0,0.0,0.0,0.0,0.0,0.0,0.0,0.0,0.0,0.0,0.0,0.0,0.0,0.0,0.0,0.0,0.5422,0.7922
128,0.001,3,10,80,16,16,256,202,730,24,ContrastiveLoss,gru,/home/dpetrovitch/dzagcoffee/train_trace/age_pred/checkpoints/age_pred_2025-10-10 14:37:35.506749_ContrastiveLoss_gru_catboost/model_128_0.001_3_10_80_256_16_16_ContrastiveLoss_gruepoch=21.ckpt,21,24,0.2989169,73.9454,3.139,0.0002,4.0344,1.2077,9.7467,0.6869,4449.981,112.5622,976.2596,24.6945,911.8215,23.0645,876.2797,22.1655,830.6195,21.0105,795.42,20.1201,732.7707,18.5354,407.7228,8.7935,89.4483,1.9292,83.5443,1.8018,80.2878,1.7316,76.1042,1.6414,72.8792,1.5718,67.139,1.448,0.0,0.0,0.0,0.0,0.0,0.0,0.0,0.0,0.0,0.0,0.0,0.0,0.0,0.0,0.0,0.0,0.0,0.0,0.0,0.0,0.0,0.0,0.0,0.0,0.0,0.0,0.0,0.0,0.0,0.0,0.0,0.0,0.0,0.0,0.0,0.5533,0.7979
128,0.001,3,10,80,16,16,256,202,730,24,ContrastiveLoss,gru,/home/dpetrovitch/dzagcoffee/train_trace/age_pred/checkpoints/age_pred_2025-10-10 14:37:35.506749_ContrastiveLoss_gru_catboost/model_128_0.001_3_10_80_256_16_16_ContrastiveLoss_gruepoch=22.ckpt,22,24,0.29341266,74.18,4.1194,0.0002,4.0303,1.2028,9.7484,0.6926,4403.4165,111.4112,974.0534,24.6446,909.5494,23.0126,873.8885,22.1103,828.1836,20.9539,793.1804,20.0683,731.7877,18.515,397.1736,8.6584,87.8564,1.9153,82.0384,1.7884,78.8219,1.7183,74.6994,1.6285,71.5423,1.5596,66.0048,1.4389,0.0,0.0,0.0,0.0,0.0,0.0,0.0,0.0,0.0,0.0,0.0,0.0,0.0,0.0,0.0,0.0,0.0,0.0,0.0,0.0,0.0,0.0,0.0,0.0,0.0,0.0,0.0,0.0,0.0,0.0,0.0,0.0,0.0,0.0,0.0,0.5578,0.8045
128,0.001,3,10,80,16,16,256,202,730,24,ContrastiveLoss,gru,/home/dpetrovitch/dzagcoffee/train_trace/age_pred/checkpoints/age_pred_2025-10-10 14:37:35.506749_ContrastiveLoss_gru_catboost/model_128_0.001_3_10_80_256_16_16_ContrastiveLoss_gruepoch=23.ckpt,23,24,0.2969243,75.1916,2.7644,0.0002,4.026,1.2113,10.4252,0.6831,4477.04,113.2657,979.5053,24.7807,915.5344,23.1623,880.1937,22.2682,834.9338,21.1232,800.2736,20.2463,740.2801,18.7285,411.2124,8.7865,89.9667,1.9224,84.0911,1.7968,80.8451,1.7274,76.688,1.6386,73.5045,1.5706,67.9941,1.4529,0.0,0.0,0.0,0.0,0.0,0.0,0.0,0.0,0.0,0.0,0.0,0.0,0.0,0.0,0.0,0.0,0.0,0.0,0.0,0.0,0.0,0.0,0.0,0.0,0.0,0.0,0.0,0.0,0.0,0.0,0.0,0.0,0.0,0.0,0.0,0.5622,0.8011
128,0.001,3,10,100,16,16,256,202,730,24,ContrastiveLoss,gru,/home/dpetrovitch/dzagcoffee/train_trace/age_pred/checkpoints/age_pred_2025-10-10 14:37:35.506749_ContrastiveLoss_gru_catboost/model_128_0.001_3_10_100_256_16_16_ContrastiveLoss_gruepoch=00.ckpt,0,24,0.11311355,52.4985,4.3657,0.0007,4.1069,1.1382,5.4845,0.7763,1797.5664,46.1298,774.3113,19.8707,696.986,17.8863,654.9414,16.8073,600.7256,15.416,558.5336,14.3333,481.6552,12.3604,110.1765,3.2761,47.4591,1.4112,42.7197,1.2703,40.1427,1.1936,36.8197,1.0948,34.2337,1.0179,29.5216,0.8778,0.0,0.0,0.0,0.0,0.0,0.0,0.0,0.0,0.0,0.0,0.0,0.0,0.0,0.0,0.0,0.0,0.0,0.0,0.0,0.0,0.0,0.0,0.0,0.0,0.0,0.0,0.0,0.0,0.0,0.0,0.0,0.0,0.0,0.0,0.0,0.4711,0.7279
128,0.001,3,10,100,16,16,256,202,730,24,ContrastiveLoss,gru,/home/dpetrovitch/dzagcoffee/train_trace/age_pred/checkpoints/age_pred_2025-10-10 14:37:35.506749_ContrastiveLoss_gru_catboost/model_128_0.001_3_10_100_256_16_16_ContrastiveLoss_gruepoch=01.ckpt,1,24,0.17602786,59.402,3.6528,0.0008,4.0538,1.1565,6.2773,0.7504,2321.3254,59.0328,849.2465,21.5969,775.4221,19.7195,735.456,18.7031,684.1654,17.3988,644.6905,16.3949,577.3934,14.6835,165.3438,4.3816,60.4903,1.603,55.2319,1.4637,52.3852,1.3882,48.7319,1.2914,45.9201,1.2169,41.1267,1.0899,0.0,0.0,0.0,0.0,0.0,0.0,0.0,0.0,0.0,0.0,0.0,0.0,0.0,0.0,0.0,0.0,0.0,0.0,0.0,0.0,0.0,0.0,0.0,0.0,0.0,0.0,0.0,0.0,0.0,0.0,0.0,0.0,0.0,0.0,0.0,0.4822,0.7512
128,0.001,3,10,100,16,16,256,202,730,24,ContrastiveLoss,gru,/home/dpetrovitch/dzagcoffee/train_trace/age_pred/checkpoints/age_pred_2025-10-10 14:37:35.506749_ContrastiveLoss_gru_catboost/model_128_0.001_3_10_100_256_16_16_ContrastiveLoss_gruepoch=02.ckpt,2,24,0.21414338,61.0836,3.2805,0.0007,4.0212,1.1664,6.6907,0.737,2689.7495,68.2381,866.6167,21.9858,797.2273,20.2254,759.3698,19.265,711.2688,18.0447,675.3247,17.1328,614.0043,15.5771,221.0738,5.4832,71.2283,1.7667,65.5251,1.6252,62.4135,1.548,58.4601,1.45,55.5058,1.3767,50.4658,1.2517,0.0,0.0,0.0,0.0,0.0,0.0,0.0,0.0,0.0,0.0,0.0,0.0,0.0,0.0,0.0,0.0,0.0,0.0,0.0,0.0,0.0,0.0,0.0,0.0,0.0,0.0,0.0,0.0,0.0,0.0,0.0,0.0,0.0,0.0,0.0,0.5044,0.7478
128,0.001,3,10,100,16,16,256,202,730,24,ContrastiveLoss,gru,/home/dpetrovitch/dzagcoffee/train_trace/age_pred/checkpoints/age_pred_2025-10-10 14:37:35.506749_ContrastiveLoss_gru_catboost/model_128_0.001_3_10_100_256_16_16_ContrastiveLoss_gruepoch=03.ckpt,3,24,0.24794821,62.3283,3.9319,0.0006,3.956,1.171,7.2354,0.7309,2977.5542,75.456,888.7548,22.5225,820.612,20.7956,783.3161,19.8505,736.5327,18.6649,701.055,17.7659,639.1278,16.1965,277.5965,6.4168,82.8583,1.9153,76.5054,1.7685,73.0283,1.6881,68.6667,1.5873,65.3591,1.5108,59.5857,1.3774,0.0,0.0,0.0,0.0,0.0,0.0,0.0,0.0,0.0,0.0,0.0,0.0,0.0,0.0,0.0,0.0,0.0,0.0,0.0,0.0,0.0,0.0,0.0,0.0,0.0,0.0,0.0,0.0,0.0,0.0,0.0,0.0,0.0,0.0,0.0,0.53,0.7671
128,0.001,3,10,100,16,16,256,202,730,24,ContrastiveLoss,gru,/home/dpetrovitch/dzagcoffee/train_trace/age_pred/checkpoints/age_pred_2025-10-10 14:37:35.506749_ContrastiveLoss_gru_catboost/model_128_0.001_3_10_100_256_16_16_ContrastiveLoss_gruepoch=04.ckpt,4,24,0.24896425,63.8499,3.79,0.0004,3.9668,1.1824,7.7454,0.7166,3180.7302,80.5773,900.0901,22.8019,832.6256,21.0929,795.8151,20.1603,749.4856,18.9867,714.9558,18.1119,655.7849,16.613,301.3775,6.8828,85.2845,1.9477,78.8922,1.8017,75.4043,1.7221,71.0146,1.6218,67.7428,1.5471,62.1363,1.4191,0.0,0.0,0.0,0.0,0.0,0.0,0.0,0.0,0.0,0.0,0.0,0.0,0.0,0.0,0.0,0.0,0.0,0.0,0.0,0.0,0.0,0.0,0.0,0.0,0.0,0.0,0.0,0.0,0.0,0.0,0.0,0.0,0.0,0.0,0.0,0.5422,0.7799
128,0.001,3,10,100,16,16,256,202,730,24,ContrastiveLoss,gru,/home/dpetrovitch/dzagcoffee/train_trace/age_pred/checkpoints/age_pred_2025-10-10 14:37:35.506749_ContrastiveLoss_gru_catboost/model_128_0.001_3_10_100_256_16_16_ContrastiveLoss_gruepoch=05.ckpt,5,24,0.27485797,65.591,3.6989,0.0004,3.9509,1.1907,7.8984,0.7073,3389.724,85.855,919.0906,23.2787,850.6015,21.544,812.9849,20.5913,764.5221,19.3638,726.6598,18.4048,658.3217,16.674,328.3788,7.3056,89.0367,1.9808,82.4018,1.8332,78.7577,1.7522,74.0629,1.6477,70.395,1.5661,63.7748,1.4188,0.0,0.0,0.0,0.0,0.0,0.0,0.0,0.0,0.0,0.0,0.0,0.0,0.0,0.0,0.0,0.0,0.0,0.0,0.0,0.0,0.0,0.0,0.0,0.0,0.0,0.0,0.0,0.0,0.0,0.0,0.0,0.0,0.0,0.0,0.0,0.5322,0.7935
128,0.001,3,10,100,16,16,256,202,730,24,ContrastiveLoss,gru,/home/dpetrovitch/dzagcoffee/train_trace/age_pred/checkpoints/age_pred_2025-10-10 14:37:35.506749_ContrastiveLoss_gru_catboost/model_128_0.001_3_10_100_256_16_16_ContrastiveLoss_gruepoch=06.ckpt,6,24,0.27922785,66.8704,3.5095,0.0006,3.9287,1.2053,8.2858,0.6904,3607.8672,91.3898,923.0204,23.3808,854.7315,21.651,817.1003,20.6977,768.4523,19.4654,730.7117,18.5094,663.0936,16.7966,357.3281,7.7769,91.4172,1.9896,84.6538,1.8424,80.9267,1.7613,76.1086,1.6564,72.3707,1.5751,65.6737,1.4293,0.0,0.0,0.0,0.0,0.0,0.0,0.0,0.0,0.0,0.0,0.0,0.0,0.0,0.0,0.0,0.0,0.0,0.0,0.0,0.0,0.0,0.0,0.0,0.0,0.0,0.0,0.0,0.0,0.0,0.0,0.0,0.0,0.0,0.0,0.0,0.5489,0.7947
128,0.001,3,10,100,16,16,256,202,730,24,ContrastiveLoss,gru,/home/dpetrovitch/dzagcoffee/train_trace/age_pred/checkpoints/age_pred_2025-10-10 14:37:35.506749_ContrastiveLoss_gru_catboost/model_128_0.001_3_10_100_256_16_16_ContrastiveLoss_gruepoch=07.ckpt,7,24,0.28005642,62.4787,3.9285,0.0004,4.01,1.1775,8.7199,0.7225,3618.3977,91.6035,926.0596,23.4442,860.7193,21.79,824.8956,20.8831,778.7793,19.7156,743.5502,18.8238,681.4784,17.2523,369.7748,7.9684,94.6368,2.0394,87.9595,1.8955,84.2985,1.8166,79.5858,1.715,75.9856,1.6374,69.6423,1.5007,0.0,0.0,0.0,0.0,0.0,0.0,0.0,0.0,0.0,0.0,0.0,0.0,0.0,0.0,0.0,0.0,0.0,0.0,0.0,0.0,0.0,0.0,0.0,0.0,0.0,0.0,0.0,0.0,0.0,0.0,0.0,0.0,0.0,0.0,0.0,0.5678,0.8037
128,0.001,3,10,100,16,16,256,202,730,24,ContrastiveLoss,gru,/home/dpetrovitch/dzagcoffee/train_trace/age_pred/checkpoints/age_pred_2025-10-10 14:37:35.506749_ContrastiveLoss_gru_catboost/model_128_0.001_3_10_100_256_16_16_ContrastiveLoss_gruepoch=08.ckpt,8,24,0.2857382,65.2373,2.7279,0.0004,3.9905,1.1956,8.5422,0.7015,3781.8704,95.7756,934.4513,23.6649,868.8906,22.0046,832.8447,21.0917,786.261,19.912,750.2518,19.0001,685.6379,17.3637,391.3826,8.3877,96.7056,2.0725,89.9208,1.9271,86.1904,1.8471,81.3695,1.7438,77.6429,1.664,70.9561,1.5206,0.0,0.0,0.0,0.0,0.0,0.0,0.0,0.0,0.0,0.0,0.0,0.0,0.0,0.0,0.0,0.0,0.0,0.0,0.0,0.0,0.0,0.0,0.0,0.0,0.0,0.0,0.0,0.0,0.0,0.0,0.0,0.0,0.0,0.0,0.0,0.5556,0.7987
128,0.001,3,10,100,16,16,256,202,730,24,ContrastiveLoss,gru,/home/dpetrovitch/dzagcoffee/train_trace/age_pred/checkpoints/age_pred_2025-10-10 14:37:35.506749_ContrastiveLoss_gru_catboost/model_128_0.001_3_10_100_256_16_16_ContrastiveLoss_gruepoch=09.ckpt,9,24,0.3020636,66.9734,2.7651,0.0004,3.9682,1.2072,7.8897,0.688,3922.1067,99.2915,934.5763,23.6596,867.8086,21.9693,830.6721,21.0292,782.6685,19.8139,745.3908,18.8702,678.4957,17.1767,407.4595,8.7212,97.0912,2.0781,90.1548,1.9297,86.2968,1.8471,81.3098,1.7403,77.4371,1.6574,70.4875,1.5087,0.0,0.0,0.0,0.0,0.0,0.0,0.0,0.0,0.0,0.0,0.0,0.0,0.0,0.0,0.0,0.0,0.0,0.0,0.0,0.0,0.0,0.0,0.0,0.0,0.0,0.0,0.0,0.0,0.0,0.0,0.0,0.0,0.0,0.0,0.0,0.5611,0.8003
128,0.001,3,10,100,16,16,256,202,730,24,ContrastiveLoss,gru,/home/dpetrovitch/dzagcoffee/train_trace/age_pred/checkpoints/age_pred_2025-10-10 14:37:35.506749_ContrastiveLoss_gru_catboost/model_128_0.001_3_10_100_256_16_16_ContrastiveLoss_gruepoch=10.ckpt,10,24,0.293314,62.9553,3.794,0.0002,4.0701,1.1807,8.3745,0.7187,3834.494,97.0826,935.8618,23.6944,871.6347,22.0682,836.1101,21.1688,790.3747,20.0109,754.6806,19.1072,691.3407,17.5035,401.6605,8.6467,98.0309,2.1104,91.3031,1.9655,87.5819,1.8854,82.7912,1.7823,79.0523,1.7018,72.4174,1.559,0.0,0.0,0.0,0.0,0.0,0.0,0.0,0.0,0.0,0.0,0.0,0.0,0.0,0.0,0.0,0.0,0.0,0.0,0.0,0.0,0.0,0.0,0.0,0.0,0.0,0.0,0.0,0.0,0.0,0.0,0.0,0.0,0.0,0.0,0.0,0.5622,0.8053
128,0.001,3,10,100,16,16,256,202,730,24,ContrastiveLoss,gru,/home/dpetrovitch/dzagcoffee/train_trace/age_pred/checkpoints/age_pred_2025-10-10 14:37:35.506749_ContrastiveLoss_gru_catboost/model_128_0.001_3_10_100_256_16_16_ContrastiveLoss_gruepoch=11.ckpt,11,24,0.3071437,67.402,3.7945,0.0003,4.0113,1.2082,8.5159,0.6863,4054.2395,102.6364,941.8885,23.8447,876.2268,22.1824,839.8436,21.2613,792.5176,20.0632,755.6275,19.1293,689.4248,17.4534,422.2128,8.9713,98.0893,2.0842,91.2512,1.9389,87.4622,1.8584,82.5336,1.7537,78.6919,1.6721,71.7974,1.5256,0.0,0.0,0.0,0.0,0.0,0.0,0.0,0.0,0.0,0.0,0.0,0.0,0.0,0.0,0.0,0.0,0.0,0.0,0.0,0.0,0.0,0.0,0.0,0.0,0.0,0.0,0.0,0.0,0.0,0.0,0.0,0.0,0.0,0.0,0.0,0.5744,0.799
128,0.001,3,10,100,16,16,256,202,730,24,ContrastiveLoss,gru,/home/dpetrovitch/dzagcoffee/train_trace/age_pred/checkpoints/age_pred_2025-10-10 14:37:35.506749_ContrastiveLoss_gru_catboost/model_128_0.001_3_10_100_256_16_16_ContrastiveLoss_gruepoch=12.ckpt,12,24,0.311553,66.0549,3.4819,0.0003,4.0563,1.2012,8.6264,0.6949,4062.4312,102.8588,940.1387,23.8039,874.1458,22.133,837.7111,21.2105,790.3777,20.012,753.7536,19.0847,688.2855,17.4271,410.9066,8.8923,95.0931,2.0579,88.4181,1.9134,84.7328,1.8337,79.9451,1.7301,76.2406,1.6499,69.6187,1.5066,0.0,0.0,0.0,0.0,0.0,0.0,0.0,0.0,0.0,0.0,0.0,0.0,0.0,0.0,0.0,0.0,0.0,0.0,0.0,0.0,0.0,0.0,0.0,0.0,0.0,0.0,0.0,0.0,0.0,0.0,0.0,0.0,0.0,0.0,0.0,0.5711,0.8069
128,0.001,3,10,100,16,16,256,202,730,24,ContrastiveLoss,gru,/home/dpetrovitch/dzagcoffee/train_trace/age_pred/checkpoints/age_pred_2025-10-10 14:37:35.506749_ContrastiveLoss_gru_catboost/model_128_0.001_3_10_100_256_16_16_ContrastiveLoss_gruepoch=13.ckpt,13,24,0.3072325,66.666,3.9995,0.0002,4.07,1.2006,8.7604,0.6949,4098.098,103.7473,948.0304,24.0003,883.1659,22.3582,847.0468,21.4438,800.0822,20.2549,763.4961,19.3286,697.7701,17.6647,415.1789,8.9439,96.0451,2.069,89.4737,1.9275,85.8144,1.8486,81.0564,1.7461,77.3499,1.6663,70.6912,1.5229,0.0,0.0,0.0,0.0,0.0,0.0,0.0,0.0,0.0,0.0,0.0,0.0,0.0,0.0,0.0,0.0,0.0,0.0,0.0,0.0,0.0,0.0,0.0,0.0,0.0,0.0,0.0,0.0,0.0,0.0,0.0,0.0,0.0,0.0,0.0,0.5756,0.8016
128,0.001,3,10,100,16,16,256,202,730,24,ContrastiveLoss,gru,/home/dpetrovitch/dzagcoffee/train_trace/age_pred/checkpoints/age_pred_2025-10-10 14:37:35.506749_ContrastiveLoss_gru_catboost/model_128_0.001_3_10_100_256_16_16_ContrastiveLoss_gruepoch=14.ckpt,14,24,0.3106159,65.5884,4.8055,0.0002,4.112,1.1931,9.4233,0.7039,4086.1147,103.4239,952.3117,24.104,888.2687,22.483,852.9885,21.59,807.388,20.4358,771.9877,19.5398,707.922,17.9183,420.5076,8.9394,98.0037,2.0834,91.4129,1.9433,87.7822,1.8661,83.0894,1.7664,79.4463,1.6889,72.8532,1.5488,0.0,0.0,0.0,0.0,0.0,0.0,0.0,0.0,0.0,0.0,0.0,0.0,0.0,0.0,0.0,0.0,0.0,0.0,0.0,0.0,0.0,0.0,0.0,0.0,0.0,0.0,0.0,0.0,0.0,0.0,0.0,0.0,0.0,0.0,0.0,0.5711,0.8075
128,0.001,3,10,100,16,16,256,202,730,24,ContrastiveLoss,gru,/home/dpetrovitch/dzagcoffee/train_trace/age_pred/checkpoints/age_pred_2025-10-10 14:37:35.506749_ContrastiveLoss_gru_catboost/model_128_0.001_3_10_100_256_16_16_ContrastiveLoss_gruepoch=15.ckpt,15,24,0.2987393,66.0276,5.0645,1e-04,4.1183,1.1925,8.6906,0.7044,4088.5037,103.4974,951.6896,24.0913,887.5694,22.4681,852.1781,21.5722,806.2695,20.4101,770.8482,19.5134,707.2805,17.9043,410.9046,8.7843,95.6471,2.0447,89.2029,1.907,85.646,1.8309,81.0321,1.7323,77.4721,1.6562,71.0834,1.5196,0.0,0.0,0.0,0.0,0.0,0.0,0.0,0.0,0.0,0.0,0.0,0.0,0.0,0.0,0.0,0.0,0.0,0.0,0.0,0.0,0.0,0.0,0.0,0.0,0.0,0.0,0.0,0.0,0.0,0.0,0.0,0.0,0.0,0.0,0.0,0.5722,0.8032
128,0.001,3,10,100,16,16,256,202,730,24,ContrastiveLoss,gru,/home/dpetrovitch/dzagcoffee/train_trace/age_pred/checkpoints/age_pred_2025-10-10 14:37:35.506749_ContrastiveLoss_gru_catboost/model_128_0.001_3_10_100_256_16_16_ContrastiveLoss_gruepoch=16.ckpt,16,24,0.32025334,65.8258,3.0856,0.0002,4.1179,1.189,9.6678,0.7086,4146.125,104.9504,955.7856,24.1937,892.3151,22.5871,857.1653,21.6973,811.5682,20.5431,775.9496,19.6415,712.473,18.0348,417.8788,8.8471,96.3315,2.0395,89.9345,1.904,86.3918,1.829,81.7962,1.7317,78.2062,1.6557,71.8086,1.5203,0.0,0.0,0.0,0.0,0.0,0.0,0.0,0.0,0.0,0.0,0.0,0.0,0.0,0.0,0.0,0.0,0.0,0.0,0.0,0.0,0.0,0.0,0.0,0.0,0.0,0.0,0.0,0.0,0.0,0.0,0.0,0.0,0.0,0.0,0.0,0.5733,0.8119
128,0.001,3,10,100,16,16,256,202,730,24,ContrastiveLoss,gru,/home/dpetrovitch/dzagcoffee/train_trace/age_pred/checkpoints/age_pred_2025-10-10 14:37:35.506749_ContrastiveLoss_gru_catboost/model_128_0.001_3_10_100_256_16_16_ContrastiveLoss_gruepoch=17.ckpt,17,24,0.31474906,67.1281,3.6835,1e-04,4.1298,1.1939,9.4139,0.703,4210.155,106.565,963.3867,24.3847,899.6992,22.7727,864.1102,21.8719,817.7689,20.6989,781.0363,19.7691,714.5965,18.0875,430.1648,9.0544,98.4323,2.0719,91.9251,1.9349,88.2889,1.8584,83.554,1.7587,79.8009,1.6797,73.0126,1.5368,0.0,0.0,0.0,0.0,0.0,0.0,0.0,0.0,0.0,0.0,0.0,0.0,0.0,0.0,0.0,0.0,0.0,0.0,0.0,0.0,0.0,0.0,0.0,0.0,0.0,0.0,0.0,0.0,0.0,0.0,0.0,0.0,0.0,0.0,0.0,0.5867,0.8084
128,0.001,3,10,100,16,16,256,202,730,24,ContrastiveLoss,gru,/home/dpetrovitch/dzagcoffee/train_trace/age_pred/checkpoints/age_pred_2025-10-10 14:37:35.506749_ContrastiveLoss_gru_catboost/model_128_0.001_3_10_100_256_16_16_ContrastiveLoss_gruepoch=18.ckpt,18,24,0.32535315,67.007,3.6775,0.0002,4.1332,1.1932,9.1744,0.7036,4238.8965,107.2806,963.2332,24.3781,899.7263,22.7708,864.4589,21.8783,818.1933,20.7073,781.426,19.7768,714.2874,18.0776,435.0645,9.1361,98.8627,2.0761,92.3446,1.9392,88.7248,1.8632,83.9763,1.7634,80.2026,1.6842,73.3118,1.5395,0.0,0.0,0.0,0.0,0.0,0.0,0.0,0.0,0.0,0.0,0.0,0.0,0.0,0.0,0.0,0.0,0.0,0.0,0.0,0.0,0.0,0.0,0.0,0.0,0.0,0.0,0.0,0.0,0.0,0.0,0.0,0.0,0.0,0.0,0.0,0.5667,0.8082
128,0.001,3,10,100,16,16,256,202,730,24,ContrastiveLoss,gru,/home/dpetrovitch/dzagcoffee/train_trace/age_pred/checkpoints/age_pred_2025-10-10 14:37:35.506749_ContrastiveLoss_gru_catboost/model_128_0.001_3_10_100_256_16_16_ContrastiveLoss_gruepoch=19.ckpt,19,24,0.3133582,69.5637,3.8547,1e-04,4.1023,1.2144,8.6135,0.6798,4325.838,109.5112,962.4918,24.3661,898.0423,22.7345,862.145,21.8257,814.6679,20.6238,776.4749,19.6569,706.4342,17.8838,423.6392,9.0272,94.259,2.0085,87.9473,1.874,84.4318,1.7991,79.7823,1.7001,76.0419,1.6204,69.1827,1.4742,0.0,0.0,0.0,0.0,0.0,0.0,0.0,0.0,0.0,0.0,0.0,0.0,0.0,0.0,0.0,0.0,0.0,0.0,0.0,0.0,0.0,0.0,0.0,0.0,0.0,0.0,0.0,0.0,0.0,0.0,0.0,0.0,0.0,0.0,0.0,0.5656,0.8026
128,0.001,3,10,100,16,16,256,202,730,24,ContrastiveLoss,gru,/home/dpetrovitch/dzagcoffee/train_trace/age_pred/checkpoints/age_pred_2025-10-10 14:37:35.506749_ContrastiveLoss_gru_catboost/model_128_0.001_3_10_100_256_16_16_ContrastiveLoss_gruepoch=20.ckpt,20,24,0.29702294,67.595,4.1203,1e-04,4.1292,1.1988,9.0076,0.6968,4204.306,106.4174,960.4526,24.3105,897.2173,22.7099,862.3665,21.8278,817.0584,20.681,781.9876,19.7933,717.2815,18.1555,413.5839,8.7872,94.4812,2.0074,88.2606,1.8752,84.8323,1.8024,80.3753,1.7077,76.9253,1.6344,70.5601,1.4991,0.0,0.0,0.0,0.0,0.0,0.0,0.0,0.0,0.0,0.0,0.0,0.0,0.0,0.0,0.0,0.0,0.0,0.0,0.0,0.0,0.0,0.0,0.0,0.0,0.0,0.0,0.0,0.0,0.0,0.0,0.0,0.0,0.0,0.0,0.0,0.5644,0.8089
128,0.001,3,10,100,16,16,256,202,730,24,ContrastiveLoss,gru,/home/dpetrovitch/dzagcoffee/train_trace/age_pred/checkpoints/age_pred_2025-10-10 14:37:35.506749_ContrastiveLoss_gru_catboost/model_128_0.001_3_10_100_256_16_16_ContrastiveLoss_gruepoch=21.ckpt,21,24,0.31501535,68.2543,3.4252,1e-04,4.1345,1.2011,9.1632,0.6942,4315.253,109.2051,966.221,24.4519,903.4696,22.8639,868.5311,21.9797,823.1929,20.8323,787.314,19.9244,721.3611,18.2553,439.721,9.1563,98.4572,2.0502,92.0629,1.917,88.5027,1.8429,83.8827,1.7467,80.2267,1.6706,73.5062,1.5306,0.0,0.0,0.0,0.0,0.0,0.0,0.0,0.0,0.0,0.0,0.0,0.0,0.0,0.0,0.0,0.0,0.0,0.0,0.0,0.0,0.0,0.0,0.0,0.0,0.0,0.0,0.0,0.0,0.0,0.0,0.0,0.0,0.0,0.0,0.0,0.5567,0.8066
128,0.001,3,10,100,16,16,256,202,730,24,ContrastiveLoss,gru,/home/dpetrovitch/dzagcoffee/train_trace/age_pred/checkpoints/age_pred_2025-10-10 14:37:35.506749_ContrastiveLoss_gru_catboost/model_128_0.001_3_10_100_256_16_16_ContrastiveLoss_gruepoch=22.ckpt,22,24,0.31737295,69.3575,3.3998,1e-04,4.1239,1.2102,8.0575,0.6844,4397.4844,111.2919,964.0222,24.3975,899.2363,22.7579,862.8006,21.8358,814.8435,20.6221,776.4295,19.6499,706.1479,17.8712,441.3272,9.2137,96.7483,2.0198,90.2465,1.8841,86.5898,1.8078,81.7769,1.7073,77.9217,1.6268,70.8683,1.4795,0.0,0.0,0.0,0.0,0.0,0.0,0.0,0.0,0.0,0.0,0.0,0.0,0.0,0.0,0.0,0.0,0.0,0.0,0.0,0.0,0.0,0.0,0.0,0.0,0.0,0.0,0.0,0.0,0.0,0.0,0.0,0.0,0.0,0.0,0.0,0.5811,0.8143
128,0.001,3,10,100,16,16,256,202,730,24,ContrastiveLoss,gru,/home/dpetrovitch/dzagcoffee/train_trace/age_pred/checkpoints/age_pred_2025-10-10 14:37:35.506749_ContrastiveLoss_gru_catboost/model_128_0.001_3_10_100_256_16_16_ContrastiveLoss_gruepoch=23.ckpt,23,24,0.32036182,68.968,3.681,1e-04,4.1296,1.2066,8.4693,0.6883,4414.999,111.7201,963.4697,24.3803,900.043,22.7753,864.5964,21.8783,818.3329,20.7076,781.4874,19.7753,713.6499,18.0587,452.4238,9.4373,98.7308,2.0595,92.2312,1.9239,88.5989,1.8481,83.8581,1.7492,80.0823,1.6705,73.1307,1.5255,0.0,0.0,0.0,0.0,0.0,0.0,0.0,0.0,0.0,0.0,0.0,0.0,0.0,0.0,0.0,0.0,0.0,0.0,0.0,0.0,0.0,0.0,0.0,0.0,0.0,0.0,0.0,0.0,0.0,0.0,0.0,0.0,0.0,0.0,0.0,0.5867,0.8178
128,0.001,3,10,150,16,16,256,202,730,24,ContrastiveLoss,gru,/home/dpetrovitch/dzagcoffee/train_trace/age_pred/checkpoints/age_pred_2025-10-10 14:37:35.506749_ContrastiveLoss_gru_catboost/model_128_0.001_3_10_150_256_16_16_ContrastiveLoss_gruepoch=00.ckpt,0,24,0.14450167,50.4753,4.2718,0.0008,4.121,1.1581,5.2577,0.7501,1838.9524,47.1746,763.5218,19.5866,683.3436,17.5298,641.2183,16.4492,589.2052,15.1149,550.6074,14.1247,484.4853,12.4285,123.3609,3.6026,51.2187,1.4958,45.8402,1.3387,43.0143,1.2562,39.5252,1.1543,36.9359,1.0787,32.5003,0.9491,0.0,0.0,0.0,0.0,0.0,0.0,0.0,0.0,0.0,0.0,0.0,0.0,0.0,0.0,0.0,0.0,0.0,0.0,0.0,0.0,0.0,0.0,0.0,0.0,0.0,0.0,0.0,0.0,0.0,0.0,0.0,0.0,0.0,0.0,0.0,0.4411,0.7069
128,0.001,3,10,150,16,16,256,202,730,24,ContrastiveLoss,gru,/home/dpetrovitch/dzagcoffee/train_trace/age_pred/checkpoints/age_pred_2025-10-10 14:37:35.506749_ContrastiveLoss_gru_catboost/model_128_0.001_3_10_150_256_16_16_ContrastiveLoss_gruepoch=01.ckpt,1,24,0.23437501,57.9892,4.5263,0.0009,4.044,1.2149,5.5489,0.6831,2378.873,60.4755,798.6683,20.3037,723.2123,18.3854,683.1013,17.3657,633.0671,16.0938,594.9036,15.1236,529.2934,13.4556,184.5887,4.918,61.9727,1.6511,56.1177,1.4951,53.0053,1.4122,49.1229,1.3088,46.1616,1.2299,41.0705,1.0942,0.0,0.0,0.0,0.0,0.0,0.0,0.0,0.0,0.0,0.0,0.0,0.0,0.0,0.0,0.0,0.0,0.0,0.0,0.0,0.0,0.0,0.0,0.0,0.0,0.0,0.0,0.0,0.0,0.0,0.0,0.0,0.0,0.0,0.0,0.0,0.4744,0.7397
128,0.001,3,10,150,16,16,256,202,730,24,ContrastiveLoss,gru,/home/dpetrovitch/dzagcoffee/train_trace/age_pred/checkpoints/age_pred_2025-10-10 14:37:35.506749_ContrastiveLoss_gru_catboost/model_128_0.001_3_10_150_256_16_16_ContrastiveLoss_gruepoch=02.ckpt,2,24,0.28002688,57.2139,3.734,0.0009,4.105,1.2186,6.81,0.6785,2779.0818,70.5107,826.3078,20.965,753.9627,19.1295,715.1653,18.1451,666.2526,16.9041,629.0487,15.9602,564.0985,14.3123,260.2768,6.4037,77.3884,1.904,70.6129,1.7373,66.9793,1.6479,62.3983,1.5352,58.914,1.4495,52.831,1.2998,0.0,0.0,0.0,0.0,0.0,0.0,0.0,0.0,0.0,0.0,0.0,0.0,0.0,0.0,0.0,0.0,0.0,0.0,0.0,0.0,0.0,0.0,0.0,0.0,0.0,0.0,0.0,0.0,0.0,0.0,0.0,0.0,0.0,0.0,0.0,0.5078,0.7568
128,0.001,3,10,150,16,16,256,202,730,24,ContrastiveLoss,gru,/home/dpetrovitch/dzagcoffee/train_trace/age_pred/checkpoints/age_pred_2025-10-10 14:37:35.506749_ContrastiveLoss_gru_catboost/model_128_0.001_3_10_150_256_16_16_ContrastiveLoss_gruepoch=03.ckpt,3,24,0.30755803,56.9023,2.9827,0.0009,4.1019,1.2346,7.8149,0.6594,3137.7673,79.5729,847.1361,21.4831,779.2541,19.7617,742.9198,18.8402,697.0646,17.6774,662.2297,16.794,603.431,15.3028,334.7171,7.6755,90.3671,2.0722,83.1259,1.9062,79.25,1.8173,74.3584,1.7051,70.6425,1.6199,64.3702,1.4761,0.0,0.0,0.0,0.0,0.0,0.0,0.0,0.0,0.0,0.0,0.0,0.0,0.0,0.0,0.0,0.0,0.0,0.0,0.0,0.0,0.0,0.0,0.0,0.0,0.0,0.0,0.0,0.0,0.0,0.0,0.0,0.0,0.0,0.0,0.0,0.5244,0.7774
128,0.001,3,10,150,16,16,256,202,730,24,ContrastiveLoss,gru,/home/dpetrovitch/dzagcoffee/train_trace/age_pred/checkpoints/age_pred_2025-10-10 14:37:35.506749_ContrastiveLoss_gru_catboost/model_128_0.001_3_10_150_256_16_16_ContrastiveLoss_gruepoch=04.ckpt,4,24,0.31543958,55.5122,3.7843,0.0009,4.126,1.2448,7.4476,0.6481,3376.1973,85.5758,858.9508,21.7716,792.2278,20.0804,756.3788,19.1718,710.5375,18.0098,676.0035,17.1345,618.3587,15.6734,382.612,8.4775,97.3417,2.1568,89.7803,1.9893,85.7176,1.8992,80.5226,1.7841,76.609,1.6974,70.0763,1.5527,0.0,0.0,0.0,0.0,0.0,0.0,0.0,0.0,0.0,0.0,0.0,0.0,0.0,0.0,0.0,0.0,0.0,0.0,0.0,0.0,0.0,0.0,0.0,0.0,0.0,0.0,0.0,0.0,0.0,0.0,0.0,0.0,0.0,0.0,0.0,0.5378,0.7872
128,0.001,3,10,150,16,16,256,202,730,24,ContrastiveLoss,gru,/home/dpetrovitch/dzagcoffee/train_trace/age_pred/checkpoints/age_pred_2025-10-10 14:37:35.506749_ContrastiveLoss_gru_catboost/model_128_0.001_3_10_150_256_16_16_ContrastiveLoss_gruepoch=05.ckpt,5,24,0.32534325,54.9714,3.8574,0.0009,4.1473,1.2432,7.65,0.6501,3493.413,88.5538,870.3817,22.0631,802.7458,20.3486,765.7895,19.4118,718.9202,18.2238,683.5485,17.3271,624.6103,15.8331,387.0791,8.5924,96.4405,2.1408,88.9463,1.9744,84.8514,1.8835,79.6582,1.7683,75.7389,1.6813,69.2084,1.5363,0.0,0.0,0.0,0.0,0.0,0.0,0.0,0.0,0.0,0.0,0.0,0.0,0.0,0.0,0.0,0.0,0.0,0.0,0.0,0.0,0.0,0.0,0.0,0.0,0.0,0.0,0.0,0.0,0.0,0.0,0.0,0.0,0.0,0.0,0.0,0.5522,0.7928
128,0.001,3,10,150,16,16,256,202,730,24,ContrastiveLoss,gru,/home/dpetrovitch/dzagcoffee/train_trace/age_pred/checkpoints/age_pred_2025-10-10 14:37:35.506749_ContrastiveLoss_gru_catboost/model_128_0.001_3_10_150_256_16_16_ContrastiveLoss_gruepoch=06.ckpt,6,24,0.33075872,55.8947,4.2579,0.0008,4.2071,1.2499,7.9748,0.6429,3650.2869,92.5222,885.7389,22.4504,817.8037,20.7285,780.5725,19.7848,733.3544,18.588,697.7807,17.6863,638.261,16.1777,395.5578,8.7496,95.9818,2.1231,88.6201,1.9602,84.5856,1.871,79.4688,1.7578,75.614,1.6726,69.1642,1.5299,0.0,0.0,0.0,0.0,0.0,0.0,0.0,0.0,0.0,0.0,0.0,0.0,0.0,0.0,0.0,0.0,0.0,0.0,0.0,0.0,0.0,0.0,0.0,0.0,0.0,0.0,0.0,0.0,0.0,0.0,0.0,0.0,0.0,0.0,0.0,0.5622,0.7966
128,0.001,3,10,150,16,16,256,202,730,24,ContrastiveLoss,gru,/home/dpetrovitch/dzagcoffee/train_trace/age_pred/checkpoints/age_pred_2025-10-10 14:37:35.506749_ContrastiveLoss_gru_catboost/model_128_0.001_3_10_150_256_16_16_ContrastiveLoss_gruepoch=07.ckpt,7,24,0.34591028,55.1951,4.7674,0.0007,4.2873,1.2334,8.4274,0.6596,3744.358,94.8441,898.0768,22.7482,831.8355,21.0703,795.5011,20.1499,748.9271,18.9702,713.2602,18.0668,651.1878,16.4945,426.5731,9.1236,102.3127,2.1883,94.7662,2.0269,90.6269,1.9383,85.3209,1.8248,81.2576,1.7379,74.1861,1.5867,0.0,0.0,0.0,0.0,0.0,0.0,0.0,0.0,0.0,0.0,0.0,0.0,0.0,0.0,0.0,0.0,0.0,0.0,0.0,0.0,0.0,0.0,0.0,0.0,0.0,0.0,0.0,0.0,0.0,0.0,0.0,0.0,0.0,0.0,0.0,0.5544,0.7973
128,0.001,3,10,150,16,16,256,202,730,24,ContrastiveLoss,gru,/home/dpetrovitch/dzagcoffee/train_trace/age_pred/checkpoints/age_pred_2025-10-10 14:37:35.506749_ContrastiveLoss_gru_catboost/model_128_0.001_3_10_150_256_16_16_ContrastiveLoss_gruepoch=08.ckpt,8,24,0.34295097,55.6412,4.147,0.0007,4.3128,1.2341,7.985,0.6592,3768.5093,95.4725,904.5342,22.9157,837.2764,21.2118,800.2785,20.2745,752.2349,19.0573,715.4772,18.1261,652.513,16.5309,419.0196,9.0102,100.5749,2.1627,93.0965,2.0019,88.9828,1.9134,83.6408,1.7985,79.5537,1.7107,72.5527,1.5601,0.0,0.0,0.0,0.0,0.0,0.0,0.0,0.0,0.0,0.0,0.0,0.0,0.0,0.0,0.0,0.0,0.0,0.0,0.0,0.0,0.0,0.0,0.0,0.0,0.0,0.0,0.0,0.0,0.0,0.0,0.0,0.0,0.0,0.0,0.0,0.5722,0.8128
128,0.001,3,10,150,16,16,256,202,730,24,ContrastiveLoss,gru,/home/dpetrovitch/dzagcoffee/train_trace/age_pred/checkpoints/age_pred_2025-10-10 14:37:35.506749_ContrastiveLoss_gru_catboost/model_128_0.001_3_10_150_256_16_16_ContrastiveLoss_gruepoch=09.ckpt,9,24,0.33953792,57.3931,4.5742,0.0008,4.3114,1.2476,8.7206,0.6452,3851.1465,97.5628,906.4228,22.9628,839.0658,21.2564,802.1014,20.32,754.6104,19.1169,718.3687,18.1987,655.5303,16.6068,422.5867,9.091,99.4619,2.1397,92.0708,1.9807,88.0147,1.8934,82.8035,1.7813,78.8267,1.6958,71.9314,1.5474,0.0,0.0,0.0,0.0,0.0,0.0,0.0,0.0,0.0,0.0,0.0,0.0,0.0,0.0,0.0,0.0,0.0,0.0,0.0,0.0,0.0,0.0,0.0,0.0,0.0,0.0,0.0,0.0,0.0,0.0,0.0,0.0,0.0,0.0,0.0,0.5856,0.8172
128,0.001,3,10,150,16,16,256,202,730,24,ContrastiveLoss,gru,/home/dpetrovitch/dzagcoffee/train_trace/age_pred/checkpoints/age_pred_2025-10-10 14:37:35.506749_ContrastiveLoss_gru_catboost/model_128_0.001_3_10_150_256_16_16_ContrastiveLoss_gruepoch=10.ckpt,10,24,0.3476464,56.0406,4.7675,0.0007,4.347,1.2355,8.2302,0.6571,3848.3484,97.4499,907.5221,22.9808,840.4445,21.2822,803.5163,20.3471,755.3423,19.1272,718.5417,18.1953,655.2607,16.5929,439.739,9.3028,103.6998,2.1938,96.035,2.0317,91.8153,1.9424,86.3106,1.8259,82.1056,1.737,74.8746,1.584,0.0,0.0,0.0,0.0,0.0,0.0,0.0,0.0,0.0,0.0,0.0,0.0,0.0,0.0,0.0,0.0,0.0,0.0,0.0,0.0,0.0,0.0,0.0,0.0,0.0,0.0,0.0,0.0,0.0,0.0,0.0,0.0,0.0,0.0,0.0,0.5611,0.8005
128,0.001,3,10,150,16,16,256,202,730,24,ContrastiveLoss,gru,/home/dpetrovitch/dzagcoffee/train_trace/age_pred/checkpoints/age_pred_2025-10-10 14:37:35.506749_ContrastiveLoss_gru_catboost/model_128_0.001_3_10_150_256_16_16_ContrastiveLoss_gruepoch=11.ckpt,11,24,0.35037878,57.6665,4.7855,0.0008,4.3378,1.2461,8.5705,0.6463,3948.3853,99.9627,914.098,23.1425,847.424,21.4545,810.8219,20.5279,763.0117,19.3174,726.3093,18.3882,662.3388,16.7687,451.2442,9.4634,104.4684,2.1909,96.8485,2.0311,92.6654,1.9434,87.2014,1.8288,83.0068,1.7408,75.6959,1.5875,0.0,0.0,0.0,0.0,0.0,0.0,0.0,0.0,0.0,0.0,0.0,0.0,0.0,0.0,0.0,0.0,0.0,0.0,0.0,0.0,0.0,0.0,0.0,0.0,0.0,0.0,0.0,0.0,0.0,0.0,0.0,0.0,0.0,0.0,0.0,0.5611,0.8056
128,0.001,3,10,150,16,16,256,202,730,24,ContrastiveLoss,gru,/home/dpetrovitch/dzagcoffee/train_trace/age_pred/checkpoints/age_pred_2025-10-10 14:37:35.506749_ContrastiveLoss_gru_catboost/model_128_0.001_3_10_150_256_16_16_ContrastiveLoss_gruepoch=12.ckpt,12,24,0.34945154,57.3005,4.5086,0.0008,4.3536,1.2435,8.6693,0.6491,3965.0847,100.3861,913.0199,23.1154,846.8811,21.4409,810.5556,20.5212,763.3753,19.3268,727.3956,18.4158,664.9628,16.8352,449.8446,9.4698,103.5834,2.1806,96.0799,2.0226,91.9587,1.9359,86.606,1.8232,82.5241,1.7372,75.441,1.5881,0.0,0.0,0.0,0.0,0.0,0.0,0.0,0.0,0.0,0.0,0.0,0.0,0.0,0.0,0.0,0.0,0.0,0.0,0.0,0.0,0.0,0.0,0.0,0.0,0.0,0.0,0.0,0.0,0.0,0.0,0.0,0.0,0.0,0.0,0.0,0.5622,0.801
128,0.001,3,10,150,16,16,256,202,730,24,ContrastiveLoss,gru,/home/dpetrovitch/dzagcoffee/train_trace/age_pred/checkpoints/age_pred_2025-10-10 14:37:35.506749_ContrastiveLoss_gru_catboost/model_128_0.001_3_10_150_256_16_16_ContrastiveLoss_gruepoch=13.ckpt,13,24,0.3383444,54.4117,3.3521,0.0007,4.3969,1.2085,8.7154,0.6863,3735.7683,94.6197,909.2974,23.0307,845.131,21.4055,810.0664,20.5174,765.332,19.3844,730.9691,18.514,673.7187,17.064,412.7535,8.8514,100.4655,2.1545,93.3759,2.0024,89.5017,1.9194,84.5592,1.8134,80.7625,1.7319,74.4371,1.5963,0.0,0.0,0.0,0.0,0.0,0.0,0.0,0.0,0.0,0.0,0.0,0.0,0.0,0.0,0.0,0.0,0.0,0.0,0.0,0.0,0.0,0.0,0.0,0.0,0.0,0.0,0.0,0.0,0.0,0.0,0.0,0.0,0.0,0.0,0.0,0.5589,0.808
128,0.001,3,10,150,16,16,256,202,730,24,ContrastiveLoss,gru,/home/dpetrovitch/dzagcoffee/train_trace/age_pred/checkpoints/age_pred_2025-10-10 14:37:35.506749_ContrastiveLoss_gru_catboost/model_128_0.001_3_10_150_256_16_16_ContrastiveLoss_gruepoch=14.ckpt,14,24,0.34359217,57.1272,3.4915,0.0007,4.3738,1.2337,8.1249,0.659,3884.5237,98.3906,912.57,23.1144,846.2262,21.4339,810.137,20.5198,763.3083,19.3337,726.8522,18.4103,665.3426,16.8524,424.6818,9.1332,99.7682,2.1456,92.515,1.9896,88.5695,1.9048,83.4499,1.7947,79.4643,1.709,72.7397,1.5643,0.0,0.0,0.0,0.0,0.0,0.0,0.0,0.0,0.0,0.0,0.0,0.0,0.0,0.0,0.0,0.0,0.0,0.0,0.0,0.0,0.0,0.0,0.0,0.0,0.0,0.0,0.0,0.0,0.0,0.0,0.0,0.0,0.0,0.0,0.0,0.5533,0.792
128,0.001,3,10,150,16,16,256,202,730,24,ContrastiveLoss,gru,/home/dpetrovitch/dzagcoffee/train_trace/age_pred/checkpoints/age_pred_2025-10-10 14:37:35.506749_ContrastiveLoss_gru_catboost/model_128_0.001_3_10_150_256_16_16_ContrastiveLoss_gruepoch=15.ckpt,15,24,0.34463775,56.0778,4.6172,0.0007,4.3934,1.2131,8.5284,0.681,3860.7625,97.7563,916.3854,23.2033,851.6173,21.5633,816.1384,20.665,770.4949,19.5093,735.0649,18.6122,674.363,17.0752,425.9152,9.0765,101.0946,2.1544,93.9495,2.0021,90.0355,1.9187,85.0002,1.8114,81.0916,1.7281,74.395,1.5854,0.0,0.0,0.0,0.0,0.0,0.0,0.0,0.0,0.0,0.0,0.0,0.0,0.0,0.0,0.0,0.0,0.0,0.0,0.0,0.0,0.0,0.0,0.0,0.0,0.0,0.0,0.0,0.0,0.0,0.0,0.0,0.0,0.0,0.0,0.0,0.5611,0.7991
128,0.001,3,10,150,16,16,256,202,730,24,ContrastiveLoss,gru,/home/dpetrovitch/dzagcoffee/train_trace/age_pred/checkpoints/age_pred_2025-10-10 14:37:35.506749_ContrastiveLoss_gru_catboost/model_128_0.001_3_10_150_256_16_16_ContrastiveLoss_gruepoch=16.ckpt,16,24,0.36052907,59.4068,4.6217,0.0007,4.3804,1.2391,8.5472,0.6531,4050.532,102.5252,919.2729,23.2682,853.1719,21.5951,816.6828,20.6715,769.4972,19.4772,732.8271,18.549,668.0898,16.9104,438.4456,9.3675,99.5057,2.126,92.3507,1.9731,88.401,1.8887,83.2934,1.7796,79.3241,1.6948,72.3167,1.5451,0.0,0.0,0.0,0.0,0.0,0.0,0.0,0.0,0.0,0.0,0.0,0.0,0.0,0.0,0.0,0.0,0.0,0.0,0.0,0.0,0.0,0.0,0.0,0.0,0.0,0.0,0.0,0.0,0.0,0.0,0.0,0.0,0.0,0.0,0.0,0.5878,0.8108
128,0.001,3,10,150,16,16,256,202,730,24,ContrastiveLoss,gru,/home/dpetrovitch/dzagcoffee/train_trace/age_pred/checkpoints/age_pred_2025-10-10 14:37:35.506749_ContrastiveLoss_gru_catboost/model_128_0.001_3_10_150_256_16_16_ContrastiveLoss_gruepoch=17.ckpt,17,24,0.357994,61.5092,4.2569,0.0008,4.3619,1.2546,8.7138,0.6367,4102.5796,103.8493,926.3426,23.4487,861.355,21.8036,825.5622,20.8976,779.2395,19.725,742.8434,18.8037,677.6957,17.1546,456.5444,9.6156,103.0855,2.1711,95.8535,2.0188,91.8705,1.9349,86.7156,1.8264,82.6653,1.7411,75.4155,1.5884,0.0,0.0,0.0,0.0,0.0,0.0,0.0,0.0,0.0,0.0,0.0,0.0,0.0,0.0,0.0,0.0,0.0,0.0,0.0,0.0,0.0,0.0,0.0,0.0,0.0,0.0,0.0,0.0,0.0,0.0,0.0,0.0,0.0,0.0,0.0,0.57,0.8113
128,0.001,3,10,150,16,16,256,202,730,24,ContrastiveLoss,gru,/home/dpetrovitch/dzagcoffee/train_trace/age_pred/checkpoints/age_pred_2025-10-10 14:37:35.506749_ContrastiveLoss_gru_catboost/model_128_0.001_3_10_150_256_16_16_ContrastiveLoss_gruepoch=18.ckpt,18,24,0.3590791,60.0245,3.6303,0.0007,4.3878,1.2386,9.0275,0.6538,4064.673,102.9012,925.748,23.4362,861.2494,21.8034,825.8395,20.9069,780.12,19.7495,744.429,18.846,681.4288,17.251,445.2779,9.4592,101.4141,2.1544,94.3484,2.0043,90.4693,1.9219,85.4608,1.8155,81.5509,1.7324,74.6493,1.5858,0.0,0.0,0.0,0.0,0.0,0.0,0.0,0.0,0.0,0.0,0.0,0.0,0.0,0.0,0.0,0.0,0.0,0.0,0.0,0.0,0.0,0.0,0.0,0.0,0.0,0.0,0.0,0.0,0.0,0.0,0.0,0.0,0.0,0.0,0.0,0.5756,0.8046
128,0.001,3,10,150,16,16,256,202,730,24,ContrastiveLoss,gru,/home/dpetrovitch/dzagcoffee/train_trace/age_pred/checkpoints/age_pred_2025-10-10 14:37:35.506749_ContrastiveLoss_gru_catboost/model_128_0.001_3_10_150_256_16_16_ContrastiveLoss_gruepoch=19.ckpt,19,24,0.36245263,59.8693,3.9282,0.0007,4.4079,1.2285,9.0364,0.6648,4048.8997,102.505,930.2236,23.5502,865.1789,21.9035,829.4098,20.998,783.2574,19.8295,747.2995,18.9192,683.2781,17.2984,444.1449,9.4054,102.0411,2.1609,94.906,2.0098,90.9823,1.9267,85.9196,1.8195,81.9752,1.7359,74.9523,1.5872,0.0,0.0,0.0,0.0,0.0,0.0,0.0,0.0,0.0,0.0,0.0,0.0,0.0,0.0,0.0,0.0,0.0,0.0,0.0,0.0,0.0,0.0,0.0,0.0,0.0,0.0,0.0,0.0,0.0,0.0,0.0,0.0,0.0,0.0,0.0,0.5778,0.8117
128,0.001,3,10,150,16,16,256,202,730,24,ContrastiveLoss,gru,/home/dpetrovitch/dzagcoffee/train_trace/age_pred/checkpoints/age_pred_2025-10-10 14:37:35.506749_ContrastiveLoss_gru_catboost/model_128_0.001_3_10_150_256_16_16_ContrastiveLoss_gruepoch=20.ckpt,20,24,0.35203603,57.3557,4.0396,0.0006,4.4445,1.2055,9.041,0.6896,3930.8528,99.5302,927.3428,23.4805,862.9149,21.8492,827.4421,20.951,781.6876,19.7925,746.2277,18.8947,683.3037,17.3014,431.8672,9.1317,101.8835,2.1543,94.805,2.0046,90.9078,1.9222,85.8809,1.8159,81.9851,1.7335,75.0719,1.5874,0.0,0.0,0.0,0.0,0.0,0.0,0.0,0.0,0.0,0.0,0.0,0.0,0.0,0.0,0.0,0.0,0.0,0.0,0.0,0.0,0.0,0.0,0.0,0.0,0.0,0.0,0.0,0.0,0.0,0.0,0.0,0.0,0.0,0.0,0.0,0.5833,0.8198
128,0.001,3,10,150,16,16,256,202,730,24,ContrastiveLoss,gru,/home/dpetrovitch/dzagcoffee/train_trace/age_pred/checkpoints/age_pred_2025-10-10 14:37:35.506749_ContrastiveLoss_gru_catboost/model_128_0.001_3_10_150_256_16_16_ContrastiveLoss_gruepoch=21.ckpt,21,24,0.36569798,60.8819,4.5667,0.0007,4.4052,1.2357,8.7021,0.6562,4132.0938,104.5852,932.1685,23.5936,867.7839,21.964,832.2155,21.0638,786.0374,19.895,749.5327,18.971,683.9089,17.31,451.5712,9.5921,101.871,2.1639,94.8348,2.0144,90.9477,1.9319,85.9012,1.8247,81.9118,1.7399,74.7402,1.5876,0.0,0.0,0.0,0.0,0.0,0.0,0.0,0.0,0.0,0.0,0.0,0.0,0.0,0.0,0.0,0.0,0.0,0.0,0.0,0.0,0.0,0.0,0.0,0.0,0.0,0.0,0.0,0.0,0.0,0.0,0.0,0.0,0.0,0.0,0.0,0.5811,0.8123
128,0.001,3,10,150,16,16,256,202,730,24,ContrastiveLoss,gru,/home/dpetrovitch/dzagcoffee/train_trace/age_pred/checkpoints/age_pred_2025-10-10 14:37:35.506749_ContrastiveLoss_gru_catboost/model_128_0.001_3_10_150_256_16_16_ContrastiveLoss_gruepoch=22.ckpt,22,24,0.3635673,61.5835,4.4456,0.0007,4.4036,1.2334,9.4889,0.6587,4159.1646,105.2604,937.2115,23.719,872.8124,22.0892,837.2333,21.1887,791.044,20.0198,754.9951,19.1075,690.6969,17.4802,458.5745,9.6307,103.3336,2.1702,96.2332,2.021,92.3103,1.9387,87.2177,1.8317,83.243,1.7482,76.1538,1.5993,0.0,0.0,0.0,0.0,0.0,0.0,0.0,0.0,0.0,0.0,0.0,0.0,0.0,0.0,0.0,0.0,0.0,0.0,0.0,0.0,0.0,0.0,0.0,0.0,0.0,0.0,0.0,0.0,0.0,0.0,0.0,0.0,0.0,0.0,0.0,0.5622,0.8079
128,0.001,3,10,150,16,16,256,202,730,24,ContrastiveLoss,gru,/home/dpetrovitch/dzagcoffee/train_trace/age_pred/checkpoints/age_pred_2025-10-10 14:37:35.506749_ContrastiveLoss_gru_catboost/model_128_0.001_3_10_150_256_16_16_ContrastiveLoss_gruepoch=23.ckpt,23,24,0.36304453,61.2559,4.1805,0.0007,4.4123,1.2329,9.0853,0.6595,4151.013,105.0584,937.1239,23.7178,872.575,22.0841,836.9612,21.1827,790.8903,20.0167,754.7109,19.101,689.9401,17.4618,455.4685,9.5667,102.8256,2.1598,95.743,2.011,91.8353,1.9289,86.7802,1.8227,82.8104,1.7394,75.7034,1.5901,0.0,0.0,0.0,0.0,0.0,0.0,0.0,0.0,0.0,0.0,0.0,0.0,0.0,0.0,0.0,0.0,0.0,0.0,0.0,0.0,0.0,0.0,0.0,0.0,0.0,0.0,0.0,0.0,0.0,0.0,0.0,0.0,0.0,0.0,0.0,0.58,0.8115
128,0.001,3,10,100,32,16,256,202,730,24,ContrastiveLoss,gru,/home/dpetrovitch/dzagcoffee/train_trace/age_pred/checkpoints/age_pred_2025-10-10 14:37:35.506749_ContrastiveLoss_gru_catboost/model_128_0.001_3_10_100_256_32_16_ContrastiveLoss_gruepoch=00.ckpt,0,24,0.11413946,52.5461,5.0974,0.0007,4.0644,1.132,5.3081,0.7841,1870.4132,47.933,777.8557,19.9341,699.64,17.9297,656.9061,16.8345,601.1508,15.4057,557.1578,14.2783,479.5573,12.2896,124.4942,3.558,51.7739,1.4797,46.5679,1.3309,43.7235,1.2496,40.0124,1.1436,37.0843,1.0599,31.9192,0.9123,0.0,0.0,0.0,0.0,0.0,0.0,0.0,0.0,0.0,0.0,0.0,0.0,0.0,0.0,0.0,0.0,0.0,0.0,0.0,0.0,0.0,0.0,0.0,0.0,0.0,0.0,0.0,0.0,0.0,0.0,0.0,0.0,0.0,0.0,0.0,0.4789,0.7298
128,0.001,3,10,100,32,16,256,202,730,24,ContrastiveLoss,gru,/home/dpetrovitch/dzagcoffee/train_trace/age_pred/checkpoints/age_pred_2025-10-10 14:37:35.506749_ContrastiveLoss_gru_catboost/model_128_0.001_3_10_100_256_32_16_ContrastiveLoss_gruepoch=01.ckpt,1,24,0.18595129,60.7402,4.6064,0.0008,4.0309,1.1598,7.9539,0.7465,2397.774,60.9941,854.066,21.7255,779.7978,19.8363,739.3988,18.8087,688.1054,17.5039,648.9028,16.5067,579.7681,14.748,185.7303,4.7444,66.1555,1.6899,60.4027,1.543,57.2734,1.463,53.3003,1.3615,50.2637,1.284,44.9085,1.1472,0.0,0.0,0.0,0.0,0.0,0.0,0.0,0.0,0.0,0.0,0.0,0.0,0.0,0.0,0.0,0.0,0.0,0.0,0.0,0.0,0.0,0.0,0.0,0.0,0.0,0.0,0.0,0.0,0.0,0.0,0.0,0.0,0.0,0.0,0.0,0.5122,0.7609
128,0.001,3,10,100,32,16,256,202,730,24,ContrastiveLoss,gru,/home/dpetrovitch/dzagcoffee/train_trace/age_pred/checkpoints/age_pred_2025-10-10 14:37:35.506749_ContrastiveLoss_gru_catboost/model_128_0.001_3_10_100_256_32_16_ContrastiveLoss_gruepoch=02.ckpt,2,24,0.23164262,62.3883,4.4851,0.0009,4.0148,1.1847,7.8518,0.7154,2777.4683,70.4316,874.6255,22.1789,804.037,20.3889,765.6251,19.4149,716.2824,18.1636,678.2692,17.1997,612.5598,15.5334,248.7327,5.8646,78.326,1.8468,72.0045,1.6977,68.5646,1.6166,64.1458,1.5124,60.7415,1.4322,54.857,1.2934,0.0,0.0,0.0,0.0,0.0,0.0,0.0,0.0,0.0,0.0,0.0,0.0,0.0,0.0,0.0,0.0,0.0,0.0,0.0,0.0,0.0,0.0,0.0,0.0,0.0,0.0,0.0,0.0,0.0,0.0,0.0,0.0,0.0,0.0,0.0,0.5244,0.7745
128,0.001,3,10,100,32,16,256,202,730,24,ContrastiveLoss,gru,/home/dpetrovitch/dzagcoffee/train_trace/age_pred/checkpoints/age_pred_2025-10-10 14:37:35.506749_ContrastiveLoss_gru_catboost/model_128_0.001_3_10_100_256_32_16_ContrastiveLoss_gruepoch=03.ckpt,3,24,0.2435389,64.9013,4.014,0.0009,3.9465,1.1953,7.9714,0.7021,3032.018,76.838,896.8126,22.7272,828.192,20.9882,790.3704,20.0297,741.6292,18.7945,703.9578,17.8398,635.4894,16.1047,283.9846,6.4704,83.9972,1.9138,77.57,1.7674,74.0276,1.6867,69.4624,1.5827,65.934,1.5023,59.5212,1.3562,0.0,0.0,0.0,0.0,0.0,0.0,0.0,0.0,0.0,0.0,0.0,0.0,0.0,0.0,0.0,0.0,0.0,0.0,0.0,0.0,0.0,0.0,0.0,0.0,0.0,0.0,0.0,0.0,0.0,0.0,0.0,0.0,0.0,0.0,0.0,0.5478,0.7854
128,0.001,3,10,100,32,16,256,202,730,24,ContrastiveLoss,gru,/home/dpetrovitch/dzagcoffee/train_trace/age_pred/checkpoints/age_pred_2025-10-10 14:37:35.506749_ContrastiveLoss_gru_catboost/model_128_0.001_3_10_100_256_32_16_ContrastiveLoss_gruepoch=04.ckpt,4,24,0.26254737,61.7051,3.9635,0.0008,3.9631,1.1679,8.5658,0.7348,3113.7908,78.8806,900.537,22.813,832.6678,21.0937,795.2158,20.1449,747.6978,18.9412,711.5171,18.0246,648.4582,16.4272,296.5832,6.782,85.7746,1.9614,79.3102,1.8136,75.7429,1.732,71.2169,1.6285,67.7708,1.5497,61.7645,1.4124,0.0,0.0,0.0,0.0,0.0,0.0,0.0,0.0,0.0,0.0,0.0,0.0,0.0,0.0,0.0,0.0,0.0,0.0,0.0,0.0,0.0,0.0,0.0,0.0,0.0,0.0,0.0,0.0,0.0,0.0,0.0,0.0,0.0,0.0,0.0,0.5389,0.7838
128,0.001,3,10,100,32,16,256,202,730,24,ContrastiveLoss,gru,/home/dpetrovitch/dzagcoffee/train_trace/age_pred/checkpoints/age_pred_2025-10-10 14:37:35.506749_ContrastiveLoss_gru_catboost/model_128_0.001_3_10_100_256_32_16_ContrastiveLoss_gruepoch=05.ckpt,5,24,0.2682193,64.0143,3.3084,0.0009,3.9748,1.1943,8.539,0.7029,3352.7886,84.9391,910.8495,23.0753,844.6046,21.3971,808.3723,20.4792,761.8566,19.3008,726.3246,18.4006,666.033,16.8732,337.5052,7.4609,91.6898,2.0269,85.0213,1.8795,81.374,1.7988,76.6916,1.6953,73.1148,1.6163,67.0456,1.4821,0.0,0.0,0.0,0.0,0.0,0.0,0.0,0.0,0.0,0.0,0.0,0.0,0.0,0.0,0.0,0.0,0.0,0.0,0.0,0.0,0.0,0.0,0.0,0.0,0.0,0.0,0.0,0.0,0.0,0.0,0.0,0.0,0.0,0.0,0.0,0.5367,0.7836
128,0.001,3,10,100,32,16,256,202,730,24,ContrastiveLoss,gru,/home/dpetrovitch/dzagcoffee/train_trace/age_pred/checkpoints/age_pred_2025-10-10 14:37:35.506749_ContrastiveLoss_gru_catboost/model_128_0.001_3_10_100_256_32_16_ContrastiveLoss_gruepoch=06.ckpt,6,24,0.27209595,64.5176,3.315,0.0008,3.9749,1.1946,8.7451,0.7028,3494.83,88.5367,919.6415,23.2979,852.8503,21.6058,816.1394,20.6758,769.5351,19.4951,733.6402,18.5858,672.5665,17.0386,348.4001,7.7097,91.6792,2.0288,85.0208,1.8814,81.361,1.8004,76.7151,1.6976,73.1367,1.6184,67.0482,1.4837,0.0,0.0,0.0,0.0,0.0,0.0,0.0,0.0,0.0,0.0,0.0,0.0,0.0,0.0,0.0,0.0,0.0,0.0,0.0,0.0,0.0,0.0,0.0,0.0,0.0,0.0,0.0,0.0,0.0,0.0,0.0,0.0,0.0,0.0,0.0,0.5333,0.7753
128,0.001,3,10,100,32,16,256,202,730,24,ContrastiveLoss,gru,/home/dpetrovitch/dzagcoffee/train_trace/age_pred/checkpoints/age_pred_2025-10-10 14:37:35.506749_ContrastiveLoss_gru_catboost/model_128_0.001_3_10_100_256_32_16_ContrastiveLoss_gruepoch=07.ckpt,7,24,0.29269257,63.7055,3.9856,0.0008,4.001,1.1877,9.4029,0.7107,3649.1697,92.4172,925.7045,23.444,859.1435,21.7583,822.183,20.8222,774.4879,19.6143,737.7251,18.6833,672.0482,17.02,363.6912,7.9898,92.2595,2.0268,85.6258,1.8811,81.9421,1.8001,77.1886,1.6957,73.5247,1.6152,66.9791,1.4714,0.0,0.0,0.0,0.0,0.0,0.0,0.0,0.0,0.0,0.0,0.0,0.0,0.0,0.0,0.0,0.0,0.0,0.0,0.0,0.0,0.0,0.0,0.0,0.0,0.0,0.0,0.0,0.0,0.0,0.0,0.0,0.0,0.0,0.0,0.0,0.5656,0.8054
128,0.001,3,10,100,32,16,256,202,730,24,ContrastiveLoss,gru,/home/dpetrovitch/dzagcoffee/train_trace/age_pred/checkpoints/age_pred_2025-10-10 14:37:35.506749_ContrastiveLoss_gru_catboost/model_128_0.001_3_10_100_256_32_16_ContrastiveLoss_gruepoch=08.ckpt,8,24,0.29557294,65.7336,3.2447,0.0008,4.0239,1.2024,9.3877,0.6935,3802.3477,96.3085,939.012,23.7839,872.8279,22.1076,836.106,21.1775,788.7697,19.9785,752.2934,19.0546,688.5314,17.4396,370.3714,8.1682,91.4654,2.0172,85.0187,1.875,81.4417,1.7961,76.8309,1.6944,73.2779,1.6161,67.0671,1.4791,0.0,0.0,0.0,0.0,0.0,0.0,0.0,0.0,0.0,0.0,0.0,0.0,0.0,0.0,0.0,0.0,0.0,0.0,0.0,0.0,0.0,0.0,0.0,0.0,0.0,0.0,0.0,0.0,0.0,0.0,0.0,0.0,0.0,0.0,0.0,0.5567,0.7922
128,0.001,3,10,100,32,16,256,202,730,24,ContrastiveLoss,gru,/home/dpetrovitch/dzagcoffee/train_trace/age_pred/checkpoints/age_pred_2025-10-10 14:37:35.506749_ContrastiveLoss_gru_catboost/model_128_0.001_3_10_100_256_32_16_ContrastiveLoss_gruepoch=09.ckpt,9,24,0.29268268,65.0658,3.3886,0.0005,4.0706,1.1983,7.887,0.6983,3820.6135,96.7812,935.2232,23.6904,868.3539,21.9966,831.352,21.0592,783.6318,19.8504,747.1028,18.9251,685.1503,17.3558,360.1901,8.0567,88.1686,1.9721,81.8644,1.8311,78.3761,1.7531,73.8772,1.6525,70.4334,1.5754,64.5929,1.4448,0.0,0.0,0.0,0.0,0.0,0.0,0.0,0.0,0.0,0.0,0.0,0.0,0.0,0.0,0.0,0.0,0.0,0.0,0.0,0.0,0.0,0.0,0.0,0.0,0.0,0.0,0.0,0.0,0.0,0.0,0.0,0.0,0.0,0.0,0.0,0.5567,0.7977
128,0.001,3,10,100,32,16,256,202,730,24,ContrastiveLoss,gru,/home/dpetrovitch/dzagcoffee/train_trace/age_pred/checkpoints/age_pred_2025-10-10 14:37:35.506749_ContrastiveLoss_gru_catboost/model_128_0.001_3_10_100_256_32_16_ContrastiveLoss_gruepoch=10.ckpt,10,24,0.30773556,66.4572,4.1573,0.0006,4.0495,1.2089,8.8882,0.686,3968.8137,100.4966,945.0355,23.9298,878.9618,22.2567,842.4205,21.3314,795.0239,20.1313,758.8945,19.2164,696.2985,17.6314,386.4111,8.4966,92.0104,2.0232,85.5774,1.8817,82.0196,1.8035,77.405,1.702,73.8874,1.6247,67.7929,1.4907,0.0,0.0,0.0,0.0,0.0,0.0,0.0,0.0,0.0,0.0,0.0,0.0,0.0,0.0,0.0,0.0,0.0,0.0,0.0,0.0,0.0,0.0,0.0,0.0,0.0,0.0,0.0,0.0,0.0,0.0,0.0,0.0,0.0,0.0,0.0,0.5533,0.8014
128,0.001,3,10,100,32,16,256,202,730,24,ContrastiveLoss,gru,/home/dpetrovitch/dzagcoffee/train_trace/age_pred/checkpoints/age_pred_2025-10-10 14:37:35.506749_ContrastiveLoss_gru_catboost/model_128_0.001_3_10_100_256_32_16_ContrastiveLoss_gruepoch=11.ckpt,11,24,0.3088009,65.0818,4.0135,0.0006,4.065,1.2015,8.704,0.6946,4015.1587,101.6757,944.5699,23.9193,878.2395,22.2396,841.1785,21.3011,793.3886,20.091,756.3871,19.154,692.676,17.5406,402.3342,8.6945,94.6495,2.0454,88.0029,1.9017,84.2893,1.8215,79.5006,1.718,75.7929,1.6379,69.4088,1.4999,0.0,0.0,0.0,0.0,0.0,0.0,0.0,0.0,0.0,0.0,0.0,0.0,0.0,0.0,0.0,0.0,0.0,0.0,0.0,0.0,0.0,0.0,0.0,0.0,0.0,0.0,0.0,0.0,0.0,0.0,0.0,0.0,0.0,0.0,0.0,0.5522,0.7944
128,0.001,3,10,100,32,16,256,202,730,24,ContrastiveLoss,gru,/home/dpetrovitch/dzagcoffee/train_trace/age_pred/checkpoints/age_pred_2025-10-10 14:37:35.506749_ContrastiveLoss_gru_catboost/model_128_0.001_3_10_100_256_32_16_ContrastiveLoss_gruepoch=12.ckpt,12,24,0.30499327,64.7345,3.2116,0.0006,4.1028,1.2,9.2864,0.6963,4015.7769,101.664,949.2319,24.0309,883.7151,22.3723,847.2859,21.45,800.6216,20.2687,764.6804,19.3588,703.1677,17.8015,401.9024,8.6278,94.9999,2.0394,88.443,1.8986,84.7971,1.8204,80.1269,1.7201,76.5299,1.6429,70.3736,1.5107,0.0,0.0,0.0,0.0,0.0,0.0,0.0,0.0,0.0,0.0,0.0,0.0,0.0,0.0,0.0,0.0,0.0,0.0,0.0,0.0,0.0,0.0,0.0,0.0,0.0,0.0,0.0,0.0,0.0,0.0,0.0,0.0,0.0,0.0,0.0,0.5456,0.7945
128,0.001,3,10,100,32,16,256,202,730,24,ContrastiveLoss,gru,/home/dpetrovitch/dzagcoffee/train_trace/age_pred/checkpoints/age_pred_2025-10-10 14:37:35.506749_ContrastiveLoss_gru_catboost/model_128_0.001_3_10_100_256_32_16_ContrastiveLoss_gruepoch=13.ckpt,13,24,0.30014008,65.9928,3.3809,0.0007,4.0971,1.2078,8.5424,0.6871,4064.3003,102.8793,952.9591,24.1222,887.6469,22.4689,851.2278,21.5471,804.6186,20.3673,768.5057,19.4531,706.7635,17.8903,412.3084,8.7808,96.6742,2.0588,90.0485,1.9177,86.354,1.839,81.6256,1.7383,77.9621,1.6603,71.6986,1.5269,0.0,0.0,0.0,0.0,0.0,0.0,0.0,0.0,0.0,0.0,0.0,0.0,0.0,0.0,0.0,0.0,0.0,0.0,0.0,0.0,0.0,0.0,0.0,0.0,0.0,0.0,0.0,0.0,0.0,0.0,0.0,0.0,0.0,0.0,0.0,0.5467,0.7984
128,0.001,3,10,100,32,16,256,202,730,24,ContrastiveLoss,gru,/home/dpetrovitch/dzagcoffee/train_trace/age_pred/checkpoints/age_pred_2025-10-10 14:37:35.506749_ContrastiveLoss_gru_catboost/model_128_0.001_3_10_100_256_32_16_ContrastiveLoss_gruepoch=14.ckpt,14,24,0.31466025,65.6453,3.348,0.0007,4.1016,1.2024,9.1332,0.6933,4112.8506,104.1067,955.9306,24.197,890.7684,22.5476,854.3868,21.6267,807.4434,20.4384,770.7298,19.5091,706.9712,17.8952,417.0128,8.882,96.9243,2.0644,90.3174,1.9237,86.6285,1.8451,81.8688,1.7437,78.1463,1.6645,71.6817,1.5268,0.0,0.0,0.0,0.0,0.0,0.0,0.0,0.0,0.0,0.0,0.0,0.0,0.0,0.0,0.0,0.0,0.0,0.0,0.0,0.0,0.0,0.0,0.0,0.0,0.0,0.0,0.0,0.0,0.0,0.0,0.0,0.0,0.0,0.0,0.0,0.5544,0.7997
128,0.001,3,10,100,32,16,256,202,730,24,ContrastiveLoss,gru,/home/dpetrovitch/dzagcoffee/train_trace/age_pred/checkpoints/age_pred_2025-10-10 14:37:35.506749_ContrastiveLoss_gru_catboost/model_128_0.001_3_10_100_256_32_16_ContrastiveLoss_gruepoch=15.ckpt,15,24,0.31790558,67.5618,3.1964,0.0007,4.08,1.2137,8.7746,0.6805,4219.015,106.7884,959.1624,24.2776,893.6544,22.6195,857.3036,21.6994,810.4689,20.514,774.2437,19.5971,711.5052,18.0091,423.1548,8.9766,96.2012,2.0408,89.6309,1.9014,85.985,1.824,81.2877,1.7244,77.6544,1.6473,71.3619,1.5138,0.0,0.0,0.0,0.0,0.0,0.0,0.0,0.0,0.0,0.0,0.0,0.0,0.0,0.0,0.0,0.0,0.0,0.0,0.0,0.0,0.0,0.0,0.0,0.0,0.0,0.0,0.0,0.0,0.0,0.0,0.0,0.0,0.0,0.0,0.0,0.5556,0.8081
128,0.001,3,10,100,32,16,256,202,730,24,ContrastiveLoss,gru,/home/dpetrovitch/dzagcoffee/train_trace/age_pred/checkpoints/age_pred_2025-10-10 14:37:35.506749_ContrastiveLoss_gru_catboost/model_128_0.001_3_10_100_256_32_16_ContrastiveLoss_gruepoch=16.ckpt,16,24,0.3135259,66.8163,3.8241,0.0007,4.0979,1.2025,9.1381,0.6929,4171.3193,105.5734,960.3153,24.305,895.2166,22.6574,858.9584,21.7397,812.27,20.558,775.9995,19.64,711.9446,18.0189,409.0202,8.7792,94.164,2.0211,87.7808,1.8841,84.2255,1.8078,79.6474,1.7095,76.0909,1.6332,69.81,1.4984,0.0,0.0,0.0,0.0,0.0,0.0,0.0,0.0,0.0,0.0,0.0,0.0,0.0,0.0,0.0,0.0,0.0,0.0,0.0,0.0,0.0,0.0,0.0,0.0,0.0,0.0,0.0,0.0,0.0,0.0,0.0,0.0,0.0,0.0,0.0,0.5789,0.8057
128,0.001,3,10,100,32,16,256,202,730,24,ContrastiveLoss,gru,/home/dpetrovitch/dzagcoffee/train_trace/age_pred/checkpoints/age_pred_2025-10-10 14:37:35.506749_ContrastiveLoss_gru_catboost/model_128_0.001_3_10_100_256_32_16_ContrastiveLoss_gruepoch=17.ckpt,17,24,0.31218433,65.603,3.6621,0.0007,4.131,1.1993,8.9,0.6965,4212.8853,106.6359,958.0023,24.2488,893.7286,22.6219,858.0246,21.7182,812.0818,20.5553,776.2754,19.649,714.7465,18.0916,436.4645,9.1289,99.2512,2.0759,92.5923,1.9366,88.8933,1.8593,84.1335,1.7597,80.4239,1.6821,74.0494,1.5488,0.0,0.0,0.0,0.0,0.0,0.0,0.0,0.0,0.0,0.0,0.0,0.0,0.0,0.0,0.0,0.0,0.0,0.0,0.0,0.0,0.0,0.0,0.0,0.0,0.0,0.0,0.0,0.0,0.0,0.0,0.0,0.0,0.0,0.0,0.0,0.5567,0.8034
128,0.001,3,10,100,32,16,256,202,730,24,ContrastiveLoss,gru,/home/dpetrovitch/dzagcoffee/train_trace/age_pred/checkpoints/age_pred_2025-10-10 14:37:35.506749_ContrastiveLoss_gru_catboost/model_128_0.001_3_10_100_256_32_16_ContrastiveLoss_gruepoch=18.ckpt,18,24,0.31138533,67.1656,3.2483,0.0007,4.1145,1.2052,9.1458,0.6895,4268.429,108.0201,961.1442,24.3234,897.3851,22.7099,862.0487,21.8157,816.4671,20.6621,781.0961,19.767,719.7904,18.2156,428.2528,9.0837,96.4319,2.0454,90.0349,1.9097,86.4896,1.8345,81.9164,1.7375,78.3676,1.6623,72.2168,1.5318,0.0,0.0,0.0,0.0,0.0,0.0,0.0,0.0,0.0,0.0,0.0,0.0,0.0,0.0,0.0,0.0,0.0,0.0,0.0,0.0,0.0,0.0,0.0,0.0,0.0,0.0,0.0,0.0,0.0,0.0,0.0,0.0,0.0,0.0,0.0,0.5733,0.8094
128,0.001,3,10,100,32,16,256,202,730,24,ContrastiveLoss,gru,/home/dpetrovitch/dzagcoffee/train_trace/age_pred/checkpoints/age_pred_2025-10-10 14:37:35.506749_ContrastiveLoss_gru_catboost/model_128_0.001_3_10_100_256_32_16_ContrastiveLoss_gruepoch=19.ckpt,19,24,0.32351837,67.4388,3.3864,0.0007,4.1289,1.2068,9.1087,0.6881,4327.02,109.4943,958.5401,24.2557,893.4676,22.609,857.3472,21.695,810.359,20.506,773.7571,19.5798,709.8469,17.9625,423.3086,9.0582,93.7731,2.0066,87.4071,1.8704,83.8735,1.7948,79.2767,1.6964,75.696,1.6198,69.4437,1.486,0.0,0.0,0.0,0.0,0.0,0.0,0.0,0.0,0.0,0.0,0.0,0.0,0.0,0.0,0.0,0.0,0.0,0.0,0.0,0.0,0.0,0.0,0.0,0.0,0.0,0.0,0.0,0.0,0.0,0.0,0.0,0.0,0.0,0.0,0.0,0.5578,0.8044
128,0.001,3,10,100,32,16,256,202,730,24,ContrastiveLoss,gru,/home/dpetrovitch/dzagcoffee/train_trace/age_pred/checkpoints/age_pred_2025-10-10 14:37:35.506749_ContrastiveLoss_gru_catboost/model_128_0.001_3_10_100_256_32_16_ContrastiveLoss_gruepoch=20.ckpt,20,24,0.31716582,69.2141,3.3287,0.0008,4.1159,1.2184,8.7977,0.6751,4399.0244,111.3124,966.3768,24.4531,901.282,22.8059,864.9387,21.8863,817.5455,20.6871,780.2212,19.7426,714.1574,18.071,444.6992,9.341,97.6914,2.052,91.111,1.9138,87.437,1.8366,82.646,1.736,78.8729,1.6567,72.1945,1.5165,0.0,0.0,0.0,0.0,0.0,0.0,0.0,0.0,0.0,0.0,0.0,0.0,0.0,0.0,0.0,0.0,0.0,0.0,0.0,0.0,0.0,0.0,0.0,0.0,0.0,0.0,0.0,0.0,0.0,0.0,0.0,0.0,0.0,0.0,0.0,0.5611,0.7998
128,0.001,3,10,100,32,16,256,202,730,24,ContrastiveLoss,gru,/home/dpetrovitch/dzagcoffee/train_trace/age_pred/checkpoints/age_pred_2025-10-10 14:37:35.506749_ContrastiveLoss_gru_catboost/model_128_0.001_3_10_100_256_32_16_ContrastiveLoss_gruepoch=21.ckpt,21,24,0.32345918,68.4816,3.4949,0.0008,4.1195,1.209,9.084,0.6856,4359.79,110.3218,968.3393,24.5032,903.8181,22.8706,867.9769,21.9636,821.2461,20.7811,784.6928,19.8562,720.4716,18.2311,440.3954,9.2239,97.8148,2.0487,91.2974,1.9122,87.6769,1.8364,82.9565,1.7375,79.2641,1.6602,72.777,1.5243,0.0,0.0,0.0,0.0,0.0,0.0,0.0,0.0,0.0,0.0,0.0,0.0,0.0,0.0,0.0,0.0,0.0,0.0,0.0,0.0,0.0,0.0,0.0,0.0,0.0,0.0,0.0,0.0,0.0,0.0,0.0,0.0,0.0,0.0,0.0,0.5689,0.8093
128,0.001,3,10,100,32,16,256,202,730,24,ContrastiveLoss,gru,/home/dpetrovitch/dzagcoffee/train_trace/age_pred/checkpoints/age_pred_2025-10-10 14:37:35.506749_ContrastiveLoss_gru_catboost/model_128_0.001_3_10_100_256_32_16_ContrastiveLoss_gruepoch=22.ckpt,22,24,0.32633954,69.343,3.4632,0.0008,4.1104,1.2207,8.4806,0.6725,4461.481,112.8778,963.9612,24.3887,899.0302,22.7459,862.6317,21.825,815.067,20.6216,777.6288,19.6744,710.8454,17.9848,454.2811,9.47,98.1534,2.0461,91.5419,1.9083,87.8357,1.831,82.9925,1.7301,79.1804,1.6506,72.3804,1.5089,0.0,0.0,0.0,0.0,0.0,0.0,0.0,0.0,0.0,0.0,0.0,0.0,0.0,0.0,0.0,0.0,0.0,0.0,0.0,0.0,0.0,0.0,0.0,0.0,0.0,0.0,0.0,0.0,0.0,0.0,0.0,0.0,0.0,0.0,0.0,0.5544,0.8048
128,0.001,3,10,100,32,16,256,202,730,24,ContrastiveLoss,gru,/home/dpetrovitch/dzagcoffee/train_trace/age_pred/checkpoints/age_pred_2025-10-10 14:37:35.506749_ContrastiveLoss_gru_catboost/model_128_0.001_3_10_100_256_32_16_ContrastiveLoss_gruepoch=23.ckpt,23,24,0.3156467,67.237,3.2797,0.0008,4.1464,1.2016,8.8893,0.6936,4337.3154,109.7484,966.0335,24.4438,902.3131,22.8315,866.9618,21.937,821.3551,20.783,785.608,19.8785,723.7805,18.314,444.7875,9.2877,99.0658,2.0686,92.5313,1.9322,88.9061,1.8565,84.2292,1.7588,80.5633,1.6823,74.223,1.5499,0.0,0.0,0.0,0.0,0.0,0.0,0.0,0.0,0.0,0.0,0.0,0.0,0.0,0.0,0.0,0.0,0.0,0.0,0.0,0.0,0.0,0.0,0.0,0.0,0.0,0.0,0.0,0.0,0.0,0.0,0.0,0.0,0.0,0.0,0.0,0.5567,0.802
128,0.001,3,10,100,64,16,256,202,730,24,ContrastiveLoss,gru,/home/dpetrovitch/dzagcoffee/train_trace/age_pred/checkpoints/age_pred_2025-10-10 14:37:35.506749_ContrastiveLoss_gru_catboost/model_128_0.001_3_10_100_256_64_16_ContrastiveLoss_gruepoch=00.ckpt,0,24,0.11856851,53.5192,4.6415,0.0008,4.0677,1.1334,5.6138,0.7817,1873.4095,47.9304,805.7747,20.6154,728.1069,18.6283,685.8733,17.5478,631.8906,16.1666,590.3073,15.1028,516.4132,13.2122,121.1544,3.4742,52.1099,1.4943,47.0871,1.3502,44.3558,1.2719,40.8647,1.1718,38.1755,1.0947,33.3967,0.9577,0.0,0.0,0.0,0.0,0.0,0.0,0.0,0.0,0.0,0.0,0.0,0.0,0.0,0.0,0.0,0.0,0.0,0.0,0.0,0.0,0.0,0.0,0.0,0.0,0.0,0.0,0.0,0.0,0.0,0.0,0.0,0.0,0.0,0.0,0.0,0.4556,0.706
128,0.001,3,10,100,64,16,256,202,730,24,ContrastiveLoss,gru,/home/dpetrovitch/dzagcoffee/train_trace/age_pred/checkpoints/age_pred_2025-10-10 14:37:35.506749_ContrastiveLoss_gru_catboost/model_128_0.001_3_10_100_256_64_16_ContrastiveLoss_gruepoch=01.ckpt,1,24,0.19359612,59.7154,4.3913,0.0008,4.0141,1.1535,7.3463,0.7541,2450.2588,62.2332,865.9389,21.9937,792.3235,20.1239,751.9002,19.0972,699.573,17.7682,658.7294,16.7308,586.0311,14.8844,192.5628,4.8437,68.053,1.7118,62.2677,1.5663,59.0909,1.4864,54.9786,1.3829,51.7687,1.3022,46.0554,1.1585,0.0,0.0,0.0,0.0,0.0,0.0,0.0,0.0,0.0,0.0,0.0,0.0,0.0,0.0,0.0,0.0,0.0,0.0,0.0,0.0,0.0,0.0,0.0,0.0,0.0,0.0,0.0,0.0,0.0,0.0,0.0,0.0,0.0,0.0,0.0,0.4667,0.7344
128,0.001,3,10,100,64,16,256,202,730,24,ContrastiveLoss,gru,/home/dpetrovitch/dzagcoffee/train_trace/age_pred/checkpoints/age_pred_2025-10-10 14:37:35.506749_ContrastiveLoss_gru_catboost/model_128_0.001_3_10_100_256_64_16_ContrastiveLoss_gruepoch=02.ckpt,2,24,0.23025177,61.164,3.7649,0.0009,3.9977,1.1688,6.7979,0.7341,2782.3076,70.5785,873.3339,22.1538,800.811,20.3141,760.8708,19.3009,709.7455,18.004,670.2648,17.0025,601.6543,15.2621,240.247,5.777,75.4107,1.8133,69.1485,1.6628,65.6998,1.5798,61.2852,1.4737,57.8761,1.3917,51.9517,1.2492,0.0,0.0,0.0,0.0,0.0,0.0,0.0,0.0,0.0,0.0,0.0,0.0,0.0,0.0,0.0,0.0,0.0,0.0,0.0,0.0,0.0,0.0,0.0,0.0,0.0,0.0,0.0,0.0,0.0,0.0,0.0,0.0,0.0,0.0,0.0,0.5167,0.7681
128,0.001,3,10,100,64,16,256,202,730,24,ContrastiveLoss,gru,/home/dpetrovitch/dzagcoffee/train_trace/age_pred/checkpoints/age_pred_2025-10-10 14:37:35.506749_ContrastiveLoss_gru_catboost/model_128_0.001_3_10_100_256_64_16_ContrastiveLoss_gruepoch=03.ckpt,3,24,0.25414303,63.6747,3.5147,0.001,3.9463,1.1979,6.986,0.7,3110.955,78.8431,879.121,22.2802,807.7677,20.4718,768.5374,19.4776,718.7277,18.2152,680.7943,17.2538,614.1903,15.5659,290.6984,6.7392,82.1481,1.9044,75.4806,1.7499,71.8148,1.6649,67.1604,1.557,63.6158,1.4748,57.3921,1.3305,0.0,0.0,0.0,0.0,0.0,0.0,0.0,0.0,0.0,0.0,0.0,0.0,0.0,0.0,0.0,0.0,0.0,0.0,0.0,0.0,0.0,0.0,0.0,0.0,0.0,0.0,0.0,0.0,0.0,0.0,0.0,0.0,0.0,0.0,0.0,0.5244,0.7833
128,0.001,3,10,100,64,16,256,202,730,24,ContrastiveLoss,gru,/home/dpetrovitch/dzagcoffee/train_trace/age_pred/checkpoints/age_pred_2025-10-10 14:37:35.506749_ContrastiveLoss_gru_catboost/model_128_0.001_3_10_100_256_64_16_ContrastiveLoss_gruepoch=04.ckpt,4,24,0.25898635,64.1037,3.5008,0.0009,3.9077,1.1927,7.8304,0.7056,3220.164,81.612,895.3041,22.6906,825.243,20.915,787.148,19.9495,738.8003,18.7242,701.8729,17.7883,639.3657,16.2041,303.0208,6.929,84.2491,1.9265,77.6562,1.7757,74.0715,1.6937,69.5219,1.5897,66.047,1.5103,60.165,1.3758,0.0,0.0,0.0,0.0,0.0,0.0,0.0,0.0,0.0,0.0,0.0,0.0,0.0,0.0,0.0,0.0,0.0,0.0,0.0,0.0,0.0,0.0,0.0,0.0,0.0,0.0,0.0,0.0,0.0,0.0,0.0,0.0,0.0,0.0,0.0,0.5233,0.7756
128,0.001,3,10,100,64,16,256,202,730,24,ContrastiveLoss,gru,/home/dpetrovitch/dzagcoffee/train_trace/age_pred/checkpoints/age_pred_2025-10-10 14:37:35.506749_ContrastiveLoss_gru_catboost/model_128_0.001_3_10_100_256_64_16_ContrastiveLoss_gruepoch=05.ckpt,5,24,0.26983705,63.9912,3.8083,0.0009,3.8814,1.1799,8.763,0.7207,3308.0317,83.8387,905.9966,22.9616,837.5568,21.227,800.4692,20.2871,753.22,19.0896,717.32,18.1797,656.0215,16.6262,306.7132,6.9873,84.002,1.9137,77.6564,1.7691,74.2177,1.6908,69.8369,1.591,66.5083,1.5151,60.8248,1.3857,0.0,0.0,0.0,0.0,0.0,0.0,0.0,0.0,0.0,0.0,0.0,0.0,0.0,0.0,0.0,0.0,0.0,0.0,0.0,0.0,0.0,0.0,0.0,0.0,0.0,0.0,0.0,0.0,0.0,0.0,0.0,0.0,0.0,0.0,0.0,0.5333,0.7774
128,0.001,3,10,100,64,16,256,202,730,24,ContrastiveLoss,gru,/home/dpetrovitch/dzagcoffee/train_trace/age_pred/checkpoints/age_pred_2025-10-10 14:37:35.506749_ContrastiveLoss_gru_catboost/model_128_0.001_3_10_100_256_64_16_ContrastiveLoss_gruepoch=06.ckpt,6,24,0.2801057,68.7117,3.2911,0.0011,3.8607,1.2236,8.5402,0.6709,3597.0251,91.1644,921.4131,23.3527,852.3212,21.6016,814.2555,20.6368,765.2836,19.3957,727.7453,18.4443,664.1576,16.8327,339.6817,7.6257,87.0128,1.9534,80.4882,1.8069,76.8935,1.7262,72.2688,1.6224,68.7239,1.5428,62.7191,1.408,0.0,0.0,0.0,0.0,0.0,0.0,0.0,0.0,0.0,0.0,0.0,0.0,0.0,0.0,0.0,0.0,0.0,0.0,0.0,0.0,0.0,0.0,0.0,0.0,0.0,0.0,0.0,0.0,0.0,0.0,0.0,0.0,0.0,0.0,0.0,0.5556,0.7904
128,0.001,3,10,100,64,16,256,202,730,24,ContrastiveLoss,gru,/home/dpetrovitch/dzagcoffee/train_trace/age_pred/checkpoints/age_pred_2025-10-10 14:37:35.506749_ContrastiveLoss_gru_catboost/model_128_0.001_3_10_100_256_64_16_ContrastiveLoss_gruepoch=07.ckpt,7,24,0.2883227,65.5026,3.2209,0.001,3.8895,1.1965,9.0829,0.7011,3657.0005,92.6485,921.5355,23.3467,853.5199,21.6235,816.3173,20.681,768.3423,19.4656,731.6344,18.5356,668.1836,16.9281,340.8718,7.6498,85.897,1.9277,79.5572,1.7854,76.0896,1.7076,71.6178,1.6072,68.1962,1.5305,62.2819,1.3977,0.0,0.0,0.0,0.0,0.0,0.0,0.0,0.0,0.0,0.0,0.0,0.0,0.0,0.0,0.0,0.0,0.0,0.0,0.0,0.0,0.0,0.0,0.0,0.0,0.0,0.0,0.0,0.0,0.0,0.0,0.0,0.0,0.0,0.0,0.0,0.5367,0.8011
128,0.001,3,10,100,64,16,256,202,730,24,ContrastiveLoss,gru,/home/dpetrovitch/dzagcoffee/train_trace/age_pred/checkpoints/age_pred_2025-10-10 14:37:35.506749_ContrastiveLoss_gru_catboost/model_128_0.001_3_10_100_256_64_16_ContrastiveLoss_gruepoch=08.ckpt,8,24,0.28328204,62.7045,3.4355,0.001,3.9695,1.1771,9.1632,0.7235,3637.7185,92.1423,925.218,23.4355,860.1103,21.7863,824.9617,20.896,780.1539,19.7611,746.7598,18.9152,691.0065,17.503,351.6161,7.7839,89.4301,1.9798,83.1369,1.8404,79.7395,1.7652,75.4084,1.6693,72.1806,1.5979,66.7916,1.4786,0.0,0.0,0.0,0.0,0.0,0.0,0.0,0.0,0.0,0.0,0.0,0.0,0.0,0.0,0.0,0.0,0.0,0.0,0.0,0.0,0.0,0.0,0.0,0.0,0.0,0.0,0.0,0.0,0.0,0.0,0.0,0.0,0.0,0.0,0.0,0.5511,0.7882
128,0.001,3,10,100,64,16,256,202,730,24,ContrastiveLoss,gru,/home/dpetrovitch/dzagcoffee/train_trace/age_pred/checkpoints/age_pred_2025-10-10 14:37:35.506749_ContrastiveLoss_gru_catboost/model_128_0.001_3_10_100_256_64_16_ContrastiveLoss_gruepoch=09.ckpt,9,24,0.30100814,65.7017,3.1944,0.001,3.9851,1.195,9.0745,0.7021,3893.4197,98.5623,937.0459,23.7214,870.9363,22.0478,834.6404,21.129,788.3442,19.957,752.9967,19.0622,691.9785,17.5175,375.1727,8.1891,90.2944,1.9709,83.924,1.8319,80.4265,1.7555,75.9654,1.6581,72.5593,1.5838,66.6795,1.4555,0.0,0.0,0.0,0.0,0.0,0.0,0.0,0.0,0.0,0.0,0.0,0.0,0.0,0.0,0.0,0.0,0.0,0.0,0.0,0.0,0.0,0.0,0.0,0.0,0.0,0.0,0.0,0.0,0.0,0.0,0.0,0.0,0.0,0.0,0.0,0.5411,0.7943
128,0.001,3,10,100,64,16,256,202,730,24,ContrastiveLoss,gru,/home/dpetrovitch/dzagcoffee/train_trace/age_pred/checkpoints/age_pred_2025-10-10 14:37:35.506749_ContrastiveLoss_gru_catboost/model_128_0.001_3_10_100_256_64_16_ContrastiveLoss_gruepoch=10.ckpt,10,24,0.29513887,65.4024,3.3638,0.001,4.0112,1.1977,8.8057,0.6993,3915.402,99.1453,938.1592,23.756,872.2017,22.0858,836.2633,21.1758,790.443,20.0155,755.6472,19.1344,695.8954,17.6214,372.5512,8.2217,89.266,1.97,82.9901,1.8315,79.5706,1.756,75.2108,1.6598,71.9,1.5867,66.2146,1.4613,0.0,0.0,0.0,0.0,0.0,0.0,0.0,0.0,0.0,0.0,0.0,0.0,0.0,0.0,0.0,0.0,0.0,0.0,0.0,0.0,0.0,0.0,0.0,0.0,0.0,0.0,0.0,0.0,0.0,0.0,0.0,0.0,0.0,0.0,0.0,0.5467,0.8032
128,0.001,3,10,100,64,16,256,202,730,24,ContrastiveLoss,gru,/home/dpetrovitch/dzagcoffee/train_trace/age_pred/checkpoints/age_pred_2025-10-10 14:37:35.506749_ContrastiveLoss_gru_catboost/model_128_0.001_3_10_100_256_64_16_ContrastiveLoss_gruepoch=11.ckpt,11,24,0.302981,67.2461,3.5244,0.0009,4.007,1.208,9.3365,0.6869,4026.868,101.9309,946.6697,23.9628,881.5201,22.3136,845.9795,21.414,800.562,20.2644,765.9808,19.389,705.7877,17.8654,397.1629,8.5901,93.3684,2.0194,86.9428,1.8805,83.4375,1.8046,78.958,1.7078,75.5473,1.634,69.6106,1.5056,0.0,0.0,0.0,0.0,0.0,0.0,0.0,0.0,0.0,0.0,0.0,0.0,0.0,0.0,0.0,0.0,0.0,0.0,0.0,0.0,0.0,0.0,0.0,0.0,0.0,0.0,0.0,0.0,0.0,0.0,0.0,0.0,0.0,0.0,0.0,0.5522,0.7981
128,0.001,3,10,100,64,16,256,202,730,24,ContrastiveLoss,gru,/home/dpetrovitch/dzagcoffee/train_trace/age_pred/checkpoints/age_pred_2025-10-10 14:37:35.506749_ContrastiveLoss_gru_catboost/model_128_0.001_3_10_100_256_64_16_ContrastiveLoss_gruepoch=12.ckpt,12,24,0.31293404,65.5391,3.4086,0.0008,4.031,1.1954,8.6957,0.7016,4015.1968,101.6346,941.5063,23.8319,876.026,22.1744,840.1676,21.2667,793.988,20.0978,758.2333,19.1928,695.2689,17.599,397.666,8.6465,93.247,2.0275,86.7618,1.8865,83.2104,1.8093,78.6368,1.7098,75.0956,1.6328,68.8596,1.4972,0.0,0.0,0.0,0.0,0.0,0.0,0.0,0.0,0.0,0.0,0.0,0.0,0.0,0.0,0.0,0.0,0.0,0.0,0.0,0.0,0.0,0.0,0.0,0.0,0.0,0.0,0.0,0.0,0.0,0.0,0.0,0.0,0.0,0.0,0.0,0.5678,0.8089
128,0.001,3,10,100,64,16,256,202,730,24,ContrastiveLoss,gru,/home/dpetrovitch/dzagcoffee/train_trace/age_pred/checkpoints/age_pred_2025-10-10 14:37:35.506749_ContrastiveLoss_gru_catboost/model_128_0.001_3_10_100_256_64_16_ContrastiveLoss_gruepoch=13.ckpt,13,24,0.30596983,66.8091,3.2522,0.0008,4.0347,1.1988,9.0713,0.6977,4057.965,102.7172,947.9205,23.9942,882.793,22.3457,847.4082,21.45,801.8352,20.2964,767.2968,19.4222,707.0162,17.8963,394.2698,8.5598,92.0995,1.9995,85.7717,1.8621,82.3337,1.7875,77.9059,1.6914,74.5502,1.6185,68.6933,1.4914,0.0,0.0,0.0,0.0,0.0,0.0,0.0,0.0,0.0,0.0,0.0,0.0,0.0,0.0,0.0,0.0,0.0,0.0,0.0,0.0,0.0,0.0,0.0,0.0,0.0,0.0,0.0,0.0,0.0,0.0,0.0,0.0,0.0,0.0,0.0,0.5611,0.8063
128,0.001,3,10,100,64,16,256,202,730,24,ContrastiveLoss,gru,/home/dpetrovitch/dzagcoffee/train_trace/age_pred/checkpoints/age_pred_2025-10-10 14:37:35.506749_ContrastiveLoss_gru_catboost/model_128_0.001_3_10_100_256_64_16_ContrastiveLoss_gruepoch=14.ckpt,14,24,0.3033755,66.7368,3.6083,0.0008,4.0506,1.1941,9.3494,0.703,4045.9905,102.4077,952.0086,24.0962,887.62,22.4665,852.3528,21.5738,807.2791,20.433,772.8695,19.562,712.9692,18.0459,400.938,8.6539,94.3394,2.0362,87.9588,1.8985,84.464,1.8231,79.9975,1.7267,76.5876,1.6531,70.6518,1.525,0.0,0.0,0.0,0.0,0.0,0.0,0.0,0.0,0.0,0.0,0.0,0.0,0.0,0.0,0.0,0.0,0.0,0.0,0.0,0.0,0.0,0.0,0.0,0.0,0.0,0.0,0.0,0.0,0.0,0.0,0.0,0.0,0.0,0.0,0.0,0.5656,0.7973
128,0.001,3,10,100,64,16,256,202,730,24,ContrastiveLoss,gru,/home/dpetrovitch/dzagcoffee/train_trace/age_pred/checkpoints/age_pred_2025-10-10 14:37:35.506749_ContrastiveLoss_gru_catboost/model_128_0.001_3_10_100_256_64_16_ContrastiveLoss_gruepoch=15.ckpt,15,24,0.3154001,66.7955,3.7847,0.0007,4.0605,1.198,9.2733,0.6986,4152.4595,105.0949,950.0868,24.0458,885.3081,22.4063,849.8447,21.5088,804.2398,20.3546,768.8646,19.4593,706.9462,17.8922,416.2211,8.9183,95.2318,2.0405,88.7387,1.9014,85.184,1.8252,80.6128,1.7273,77.067,1.6513,70.8606,1.5183,0.0,0.0,0.0,0.0,0.0,0.0,0.0,0.0,0.0,0.0,0.0,0.0,0.0,0.0,0.0,0.0,0.0,0.0,0.0,0.0,0.0,0.0,0.0,0.0,0.0,0.0,0.0,0.0,0.0,0.0,0.0,0.0,0.0,0.0,0.0,0.5444,0.8023
128,0.001,3,10,100,64,16,256,202,730,24,ContrastiveLoss,gru,/home/dpetrovitch/dzagcoffee/train_trace/age_pred/checkpoints/age_pred_2025-10-10 14:37:35.506749_ContrastiveLoss_gru_catboost/model_128_0.001_3_10_100_256_64_16_ContrastiveLoss_gruepoch=16.ckpt,16,24,0.31678107,67.2559,3.2703,0.0007,4.0723,1.1984,9.3101,0.6978,4208.681,106.5083,951.6184,24.0824,886.8771,22.444,851.4033,21.5463,805.7165,20.3901,770.742,19.505,709.869,17.9645,411.315,8.8569,93.0018,2.0026,86.6746,1.8664,83.2078,1.7917,78.7428,1.6956,75.3247,1.622,69.3756,1.4939,0.0,0.0,0.0,0.0,0.0,0.0,0.0,0.0,0.0,0.0,0.0,0.0,0.0,0.0,0.0,0.0,0.0,0.0,0.0,0.0,0.0,0.0,0.0,0.0,0.0,0.0,0.0,0.0,0.0,0.0,0.0,0.0,0.0,0.0,0.0,0.5567,0.8067
128,0.001,3,10,100,64,16,256,202,730,24,ContrastiveLoss,gru,/home/dpetrovitch/dzagcoffee/train_trace/age_pred/checkpoints/age_pred_2025-10-10 14:37:35.506749_ContrastiveLoss_gru_catboost/model_128_0.001_3_10_100_256_64_16_ContrastiveLoss_gruepoch=17.ckpt,17,24,0.31557766,66.5847,3.9341,0.0006,4.1254,1.1911,9.7805,0.7061,4211.9697,106.5911,956.2926,24.2006,892.1543,22.5775,857.0093,21.6881,811.8081,20.5442,776.85,19.6595,715.9204,18.1176,417.6355,8.9487,94.8207,2.0317,88.4611,1.8955,84.9763,1.8208,80.4944,1.7248,77.0281,1.6505,70.9867,1.521,0.0,0.0,0.0,0.0,0.0,0.0,0.0,0.0,0.0,0.0,0.0,0.0,0.0,0.0,0.0,0.0,0.0,0.0,0.0,0.0,0.0,0.0,0.0,0.0,0.0,0.0,0.0,0.0,0.0,0.0,0.0,0.0,0.0,0.0,0.0,0.5511,0.7973
128,0.001,3,10,100,64,16,256,202,730,24,ContrastiveLoss,gru,/home/dpetrovitch/dzagcoffee/train_trace/age_pred/checkpoints/age_pred_2025-10-10 14:37:35.506749_ContrastiveLoss_gru_catboost/model_128_0.001_3_10_100_256_64_16_ContrastiveLoss_gruepoch=18.ckpt,18,24,0.2926235,67.4408,3.3765,0.0006,4.1165,1.1923,9.0408,0.7047,4159.048,105.265,952.4909,24.1074,888.398,22.4853,853.2604,21.5959,808.3212,20.4585,773.7588,19.5837,713.3871,18.0557,389.4128,8.5172,89.182,1.9506,83.1809,1.8193,79.891,1.7474,75.6833,1.6553,72.4472,1.5846,66.7946,1.4609,0.0,0.0,0.0,0.0,0.0,0.0,0.0,0.0,0.0,0.0,0.0,0.0,0.0,0.0,0.0,0.0,0.0,0.0,0.0,0.0,0.0,0.0,0.0,0.0,0.0,0.0,0.0,0.0,0.0,0.0,0.0,0.0,0.0,0.0,0.0,0.5656,0.8005
128,0.001,3,10,100,64,16,256,202,730,24,ContrastiveLoss,gru,/home/dpetrovitch/dzagcoffee/train_trace/age_pred/checkpoints/age_pred_2025-10-10 14:37:35.506749_ContrastiveLoss_gru_catboost/model_128_0.001_3_10_100_256_64_16_ContrastiveLoss_gruepoch=19.ckpt,19,24,0.3155678,67.3198,3.2227,0.0005,4.1825,1.1893,9.0725,0.7085,4239.1733,107.2768,960.4046,24.3041,895.9357,22.6726,860.4634,21.7749,814.3831,20.6088,778.399,19.6982,715.2255,18.0995,412.1941,8.8146,93.3845,1.997,87.1159,1.8629,83.6668,1.7892,79.1862,1.6934,75.6873,1.6185,69.5446,1.4872,0.0,0.0,0.0,0.0,0.0,0.0,0.0,0.0,0.0,0.0,0.0,0.0,0.0,0.0,0.0,0.0,0.0,0.0,0.0,0.0,0.0,0.0,0.0,0.0,0.0,0.0,0.0,0.0,0.0,0.0,0.0,0.0,0.0,0.0,0.0,0.5733,0.8045
128,0.001,3,10,100,64,16,256,202,730,24,ContrastiveLoss,gru,/home/dpetrovitch/dzagcoffee/train_trace/age_pred/checkpoints/age_pred_2025-10-10 14:37:35.506749_ContrastiveLoss_gru_catboost/model_128_0.001_3_10_100_256_64_16_ContrastiveLoss_gruepoch=20.ckpt,20,24,0.32308435,70.0648,3.5454,0.0006,4.127,1.2075,9.0538,0.6871,4409.767,111.5577,964.0519,24.3885,899.9446,22.7667,864.6173,21.873,818.6264,20.7095,782.3193,19.791,717.7248,18.1569,444.5275,9.3393,97.1815,2.0417,90.7191,1.906,87.1579,1.8311,82.5218,1.7337,78.8619,1.6568,72.3504,1.52,0.0,0.0,0.0,0.0,0.0,0.0,0.0,0.0,0.0,0.0,0.0,0.0,0.0,0.0,0.0,0.0,0.0,0.0,0.0,0.0,0.0,0.0,0.0,0.0,0.0,0.0,0.0,0.0,0.0,0.0,0.0,0.0,0.0,0.0,0.0,0.5756,0.8174
128,0.001,3,10,100,64,16,256,202,730,24,ContrastiveLoss,gru,/home/dpetrovitch/dzagcoffee/train_trace/age_pred/checkpoints/age_pred_2025-10-10 14:37:35.506749_ContrastiveLoss_gru_catboost/model_128_0.001_3_10_100_256_64_16_ContrastiveLoss_gruepoch=21.ckpt,21,24,0.31157276,68.4666,4.016,0.0005,4.164,1.1922,9.6159,0.7046,4313.012,109.1075,968.1719,24.4921,905.497,22.9066,871.0939,22.0363,826.5888,20.9105,792.1573,20.0394,730.4047,18.4773,436.8759,9.1551,98.0686,2.0551,91.7201,1.9221,88.2353,1.8491,83.7273,1.7546,80.2396,1.6815,73.9845,1.5504,0.0,0.0,0.0,0.0,0.0,0.0,0.0,0.0,0.0,0.0,0.0,0.0,0.0,0.0,0.0,0.0,0.0,0.0,0.0,0.0,0.0,0.0,0.0,0.0,0.0,0.0,0.0,0.0,0.0,0.0,0.0,0.0,0.0,0.0,0.0,0.5667,0.8018
128,0.001,3,10,100,64,16,256,202,730,24,ContrastiveLoss,gru,/home/dpetrovitch/dzagcoffee/train_trace/age_pred/checkpoints/age_pred_2025-10-10 14:37:35.506749_ContrastiveLoss_gru_catboost/model_128_0.001_3_10_100_256_64_16_ContrastiveLoss_gruepoch=22.ckpt,22,24,0.32288706,69.6466,3.8159,0.0005,4.1597,1.2033,9.6333,0.6918,4434.2905,112.1818,969.549,24.5283,906.6013,22.9358,871.9881,22.0602,826.9944,20.9219,791.8709,20.0333,728.6839,18.4348,453.6004,9.5061,99.1788,2.0785,92.7397,1.9435,89.199,1.8693,84.5964,1.7729,81.0035,1.6976,74.5398,1.5621,0.0,0.0,0.0,0.0,0.0,0.0,0.0,0.0,0.0,0.0,0.0,0.0,0.0,0.0,0.0,0.0,0.0,0.0,0.0,0.0,0.0,0.0,0.0,0.0,0.0,0.0,0.0,0.0,0.0,0.0,0.0,0.0,0.0,0.0,0.0,0.5544,0.8051
128,0.001,3,10,100,64,16,256,202,730,24,ContrastiveLoss,gru,/home/dpetrovitch/dzagcoffee/train_trace/age_pred/checkpoints/age_pred_2025-10-10 14:37:35.506749_ContrastiveLoss_gru_catboost/model_128_0.001_3_10_100_256_64_16_ContrastiveLoss_gruepoch=23.ckpt,23,24,0.32291672,69.9611,4.0037,0.0005,4.1363,1.2031,9.2332,0.692,4420.3213,111.8308,966.8262,24.46,903.7844,22.8651,868.9641,21.9841,823.8808,20.8436,788.6845,19.9531,725.7814,18.3617,447.0168,9.3987,97.7729,2.0557,91.3976,1.9217,87.8763,1.8476,83.3172,1.7518,79.7578,1.6769,73.3966,1.5432,0.0,0.0,0.0,0.0,0.0,0.0,0.0,0.0,0.0,0.0,0.0,0.0,0.0,0.0,0.0,0.0,0.0,0.0,0.0,0.0,0.0,0.0,0.0,0.0,0.0,0.0,0.0,0.0,0.0,0.0,0.0,0.0,0.0,0.0,0.0,0.5533,0.8028
128,0.001,3,10,100,128,16,256,202,730,24,ContrastiveLoss,gru,/home/dpetrovitch/dzagcoffee/train_trace/age_pred/checkpoints/age_pred_2025-10-10 14:37:35.506749_ContrastiveLoss_gru_catboost/model_128_0.001_3_10_100_256_128_16_ContrastiveLoss_gruepoch=00.ckpt,0,24,0.10367346,51.2085,4.6035,0.0007,4.1664,1.1223,6.1347,0.7981,1691.092,43.4376,812.0369,20.8581,728.1463,18.7033,682.3307,17.5264,623.4964,16.0152,577.8567,14.8429,496.947,12.7647,103.3676,3.0169,49.6356,1.4487,44.5078,1.299,41.7073,1.2173,38.1111,1.1123,35.3214,1.0309,30.3758,0.8866,0.0,0.0,0.0,0.0,0.0,0.0,0.0,0.0,0.0,0.0,0.0,0.0,0.0,0.0,0.0,0.0,0.0,0.0,0.0,0.0,0.0,0.0,0.0,0.0,0.0,0.0,0.0,0.0,0.0,0.0,0.0,0.0,0.0,0.0,0.0,0.4611,0.7207
128,0.001,3,10,100,128,16,256,202,730,24,ContrastiveLoss,gru,/home/dpetrovitch/dzagcoffee/train_trace/age_pred/checkpoints/age_pred_2025-10-10 14:37:35.506749_ContrastiveLoss_gru_catboost/model_128_0.001_3_10_100_256_128_16_ContrastiveLoss_gruepoch=01.ckpt,1,24,0.17143111,58.5356,4.0915,0.0006,4.073,1.1457,6.5539,0.7656,2123.1978,53.9974,849.5902,21.6069,770.927,19.6063,728.2944,18.5221,673.8188,17.1366,631.9076,16.0708,557.9369,14.1895,137.6621,3.7223,55.085,1.4895,49.9847,1.3515,47.2205,1.2768,43.6885,1.1813,40.9711,1.1078,36.175,0.9781,0.0,0.0,0.0,0.0,0.0,0.0,0.0,0.0,0.0,0.0,0.0,0.0,0.0,0.0,0.0,0.0,0.0,0.0,0.0,0.0,0.0,0.0,0.0,0.0,0.0,0.0,0.0,0.0,0.0,0.0,0.0,0.0,0.0,0.0,0.0,0.5122,0.7506
128,0.001,3,10,100,128,16,256,202,730,24,ContrastiveLoss,gru,/home/dpetrovitch/dzagcoffee/train_trace/age_pred/checkpoints/age_pred_2025-10-10 14:37:35.506749_ContrastiveLoss_gru_catboost/model_128_0.001_3_10_100_256_128_16_ContrastiveLoss_gruepoch=02.ckpt,2,24,0.2193024,63.4574,3.8608,0.0006,4.0466,1.1706,8.1921,0.7328,2567.4595,65.1224,880.0295,22.3215,806.9803,20.4687,767.4195,19.4652,717.1214,18.1894,678.7813,17.217,611.3219,15.5059,198.2809,4.9171,67.9633,1.6854,62.3218,1.5455,59.2666,1.4697,55.3822,1.3734,52.4212,1.3,47.2114,1.1708,0.0,0.0,0.0,0.0,0.0,0.0,0.0,0.0,0.0,0.0,0.0,0.0,0.0,0.0,0.0,0.0,0.0,0.0,0.0,0.0,0.0,0.0,0.0,0.0,0.0,0.0,0.0,0.0,0.0,0.0,0.0,0.0,0.0,0.0,0.0,0.5078,0.7584
128,0.001,3,10,100,128,16,256,202,730,24,ContrastiveLoss,gru,/home/dpetrovitch/dzagcoffee/train_trace/age_pred/checkpoints/age_pred_2025-10-10 14:37:35.506749_ContrastiveLoss_gru_catboost/model_128_0.001_3_10_100_256_128_16_ContrastiveLoss_gruepoch=03.ckpt,3,24,0.25090754,63.8399,3.591,0.0007,4.03,1.1885,7.6834,0.7107,2910.5874,73.7477,882.196,22.3528,812.2308,20.5801,774.0941,19.6138,726.5113,18.4081,690.1872,17.4878,626.1524,15.8653,257.7132,6.0712,78.1126,1.8402,71.9177,1.6942,68.5409,1.6147,64.3278,1.5154,61.1115,1.4397,55.4416,1.3061,0.0,0.0,0.0,0.0,0.0,0.0,0.0,0.0,0.0,0.0,0.0,0.0,0.0,0.0,0.0,0.0,0.0,0.0,0.0,0.0,0.0,0.0,0.0,0.0,0.0,0.0,0.0,0.0,0.0,0.0,0.0,0.0,0.0,0.0,0.0,0.5367,0.7745
128,0.001,3,10,100,128,16,256,202,730,24,ContrastiveLoss,gru,/home/dpetrovitch/dzagcoffee/train_trace/age_pred/checkpoints/age_pred_2025-10-10 14:37:35.506749_ContrastiveLoss_gru_catboost/model_128_0.001_3_10_100_256_128_16_ContrastiveLoss_gruepoch=04.ckpt,4,24,0.26745972,63.9861,3.3835,0.0007,4.0425,1.1833,8.8294,0.7165,3084.7537,78.1539,911.5381,23.0943,843.2199,21.3634,805.9443,20.419,758.2182,19.2099,721.4175,18.2775,655.4469,16.6061,284.8735,6.45,84.1795,1.906,77.8704,1.7631,74.428,1.6852,70.0206,1.5854,66.6221,1.5084,60.5298,1.3705,0.0,0.0,0.0,0.0,0.0,0.0,0.0,0.0,0.0,0.0,0.0,0.0,0.0,0.0,0.0,0.0,0.0,0.0,0.0,0.0,0.0,0.0,0.0,0.0,0.0,0.0,0.0,0.0,0.0,0.0,0.0,0.0,0.0,0.0,0.0,0.5267,0.7726
128,0.001,3,10,100,128,16,256,202,730,24,ContrastiveLoss,gru,/home/dpetrovitch/dzagcoffee/train_trace/age_pred/checkpoints/age_pred_2025-10-10 14:37:35.506749_ContrastiveLoss_gru_catboost/model_128_0.001_3_10_100_256_128_16_ContrastiveLoss_gruepoch=05.ckpt,5,24,0.28146705,64.9059,3.3593,0.0007,4.0016,1.1994,8.8204,0.6974,3327.438,84.3083,914.5225,23.1715,845.9366,21.4338,808.6633,20.4893,760.7027,19.2742,723.6227,18.3346,657.6207,16.6623,313.5552,7.0779,86.1784,1.9453,79.7153,1.7994,76.2029,1.7201,71.6835,1.6181,68.1893,1.5392,61.9697,1.3988,0.0,0.0,0.0,0.0,0.0,0.0,0.0,0.0,0.0,0.0,0.0,0.0,0.0,0.0,0.0,0.0,0.0,0.0,0.0,0.0,0.0,0.0,0.0,0.0,0.0,0.0,0.0,0.0,0.0,0.0,0.0,0.0,0.0,0.0,0.0,0.5589,0.7941
128,0.001,3,10,100,128,16,256,202,730,24,ContrastiveLoss,gru,/home/dpetrovitch/dzagcoffee/train_trace/age_pred/checkpoints/age_pred_2025-10-10 14:37:35.506749_ContrastiveLoss_gru_catboost/model_128_0.001_3_10_100_256_128_16_ContrastiveLoss_gruepoch=06.ckpt,6,24,0.27475932,63.0379,3.7131,0.0007,3.984,1.1835,8.1841,0.7158,3391.6565,85.9266,919.2997,23.2902,851.6695,21.5768,814.792,20.6425,767.6984,19.4494,731.3993,18.5298,668.5219,16.9368,337.9973,7.4557,91.6133,2.0208,84.8736,1.8722,81.1985,1.7911,76.5054,1.6876,72.888,1.6078,66.6219,1.4696,0.0,0.0,0.0,0.0,0.0,0.0,0.0,0.0,0.0,0.0,0.0,0.0,0.0,0.0,0.0,0.0,0.0,0.0,0.0,0.0,0.0,0.0,0.0,0.0,0.0,0.0,0.0,0.0,0.0,0.0,0.0,0.0,0.0,0.0,0.0,0.5578,0.7938
128,0.001,3,10,100,128,16,256,202,730,24,ContrastiveLoss,gru,/home/dpetrovitch/dzagcoffee/train_trace/age_pred/checkpoints/age_pred_2025-10-10 14:37:35.506749_ContrastiveLoss_gru_catboost/model_128_0.001_3_10_100_256_128_16_ContrastiveLoss_gruepoch=07.ckpt,7,24,0.29191327,62.0195,3.6516,0.0007,3.9792,1.181,7.2715,0.7192,3505.6423,88.8292,915.1161,23.188,845.8263,21.4323,807.6231,20.4643,757.9448,19.2055,719.2995,18.2263,649.1793,16.4495,349.8071,7.6688,91.314,2.0019,84.4,1.8503,80.5879,1.7667,75.6308,1.6581,71.7746,1.5735,64.7777,1.4201,0.0,0.0,0.0,0.0,0.0,0.0,0.0,0.0,0.0,0.0,0.0,0.0,0.0,0.0,0.0,0.0,0.0,0.0,0.0,0.0,0.0,0.0,0.0,0.0,0.0,0.0,0.0,0.0,0.0,0.0,0.0,0.0,0.0,0.0,0.0,0.5378,0.7842
128,0.001,3,10,100,128,16,256,202,730,24,ContrastiveLoss,gru,/home/dpetrovitch/dzagcoffee/train_trace/age_pred/checkpoints/age_pred_2025-10-10 14:37:35.506749_ContrastiveLoss_gru_catboost/model_128_0.001_3_10_100_256_128_16_ContrastiveLoss_gruepoch=08.ckpt,8,24,0.28874686,61.9316,3.6282,0.0007,4.0175,1.1726,9.3245,0.729,3602.3909,91.2372,934.5747,23.6698,868.2073,21.989,831.7417,21.0654,784.8612,19.8781,748.9292,18.968,684.0549,17.325,362.4234,7.8165,94.0241,2.0279,87.3472,1.8839,83.6785,1.8047,78.962,1.703,75.347,1.625,68.8203,1.4843,0.0,0.0,0.0,0.0,0.0,0.0,0.0,0.0,0.0,0.0,0.0,0.0,0.0,0.0,0.0,0.0,0.0,0.0,0.0,0.0,0.0,0.0,0.0,0.0,0.0,0.0,0.0,0.0,0.0,0.0,0.0,0.0,0.0,0.0,0.0,0.5556,0.7984
128,0.001,3,10,100,128,16,256,202,730,24,ContrastiveLoss,gru,/home/dpetrovitch/dzagcoffee/train_trace/age_pred/checkpoints/age_pred_2025-10-10 14:37:35.506749_ContrastiveLoss_gru_catboost/model_128_0.001_3_10_100_256_128_16_ContrastiveLoss_gruepoch=09.ckpt,9,24,0.29304767,65.4747,3.4485,0.0008,4.027,1.1988,9.3026,0.698,3770.7231,95.4847,943.9595,23.9036,878.0526,22.2346,842.0216,21.3222,795.5079,20.1444,759.6292,19.2358,692.87,17.5453,382.0082,8.1095,95.6316,2.0301,88.9546,1.8884,85.3044,1.8109,80.5921,1.7109,76.9573,1.6337,70.194,1.4901,0.0,0.0,0.0,0.0,0.0,0.0,0.0,0.0,0.0,0.0,0.0,0.0,0.0,0.0,0.0,0.0,0.0,0.0,0.0,0.0,0.0,0.0,0.0,0.0,0.0,0.0,0.0,0.0,0.0,0.0,0.0,0.0,0.0,0.0,0.0,0.5667,0.8053
128,0.001,3,10,100,128,16,256,202,730,24,ContrastiveLoss,gru,/home/dpetrovitch/dzagcoffee/train_trace/age_pred/checkpoints/age_pred_2025-10-10 14:37:35.506749_ContrastiveLoss_gru_catboost/model_128_0.001_3_10_100_256_128_16_ContrastiveLoss_gruepoch=10.ckpt,10,24,0.30433238,65.3178,3.9356,0.0008,4.0242,1.2026,8.9584,0.6939,3854.914,97.6126,943.0506,23.8796,876.0217,22.1823,838.977,21.2442,791.2707,20.0363,754.3661,19.1018,686.2491,17.3769,389.5935,8.3261,95.3086,2.0369,88.5344,1.8921,84.7905,1.8121,79.9691,1.709,76.2393,1.6293,69.3552,1.4822,0.0,0.0,0.0,0.0,0.0,0.0,0.0,0.0,0.0,0.0,0.0,0.0,0.0,0.0,0.0,0.0,0.0,0.0,0.0,0.0,0.0,0.0,0.0,0.0,0.0,0.0,0.0,0.0,0.0,0.0,0.0,0.0,0.0,0.0,0.0,0.5567,0.7985
128,0.001,3,10,100,128,16,256,202,730,24,ContrastiveLoss,gru,/home/dpetrovitch/dzagcoffee/train_trace/age_pred/checkpoints/age_pred_2025-10-10 14:37:35.506749_ContrastiveLoss_gru_catboost/model_128_0.001_3_10_100_256_128_16_ContrastiveLoss_gruepoch=11.ckpt,11,24,0.29505014,64.038,3.1116,0.0008,4.055,1.1926,8.9886,0.705,3799.266,96.2106,942.8704,23.8768,877.3937,22.2187,841.3181,21.3051,795.3923,20.1421,760.3562,19.2549,698.1557,17.6797,394.6554,8.3903,97.9423,2.0822,91.1408,1.9376,87.3934,1.858,82.6228,1.7565,78.9833,1.6792,72.5221,1.5418,0.0,0.0,0.0,0.0,0.0,0.0,0.0,0.0,0.0,0.0,0.0,0.0,0.0,0.0,0.0,0.0,0.0,0.0,0.0,0.0,0.0,0.0,0.0,0.0,0.0,0.0,0.0,0.0,0.0,0.0,0.0,0.0,0.0,0.0,0.0,0.5511,0.7932
128,0.001,3,10,100,128,16,256,202,730,24,ContrastiveLoss,gru,/home/dpetrovitch/dzagcoffee/train_trace/age_pred/checkpoints/age_pred_2025-10-10 14:37:35.506749_ContrastiveLoss_gru_catboost/model_128_0.001_3_10_100_256_128_16_ContrastiveLoss_gruepoch=12.ckpt,12,24,0.30856413,65.5084,4.1849,0.0008,4.0298,1.1965,9.9254,0.7004,3913.946,99.0771,949.9005,24.0457,883.7946,22.3723,847.2992,21.4484,800.2634,20.2578,763.9096,19.3375,697.8246,17.6646,397.1297,8.429,96.3819,2.0457,89.6745,1.9033,85.9715,1.8247,81.199,1.7234,77.5103,1.6451,70.805,1.5028,0.0,0.0,0.0,0.0,0.0,0.0,0.0,0.0,0.0,0.0,0.0,0.0,0.0,0.0,0.0,0.0,0.0,0.0,0.0,0.0,0.0,0.0,0.0,0.0,0.0,0.0,0.0,0.0,0.0,0.0,0.0,0.0,0.0,0.0,0.0,0.5544,0.8057
128,0.001,3,10,100,128,16,256,202,730,24,ContrastiveLoss,gru,/home/dpetrovitch/dzagcoffee/train_trace/age_pred/checkpoints/age_pred_2025-10-10 14:37:35.506749_ContrastiveLoss_gru_catboost/model_128_0.001_3_10_100_256_128_16_ContrastiveLoss_gruepoch=13.ckpt,13,24,0.30440137,64.7652,4.0906,0.0008,4.0525,1.1944,8.5843,0.703,3949.1235,99.9809,949.2775,24.0331,882.2988,22.3374,845.3059,21.4008,797.436,20.1889,760.2169,19.2466,691.2939,17.5017,406.7445,8.5881,97.7719,2.0644,90.8734,1.9187,87.0633,1.8383,82.1328,1.7342,78.2994,1.6532,71.2006,1.5033,0.0,0.0,0.0,0.0,0.0,0.0,0.0,0.0,0.0,0.0,0.0,0.0,0.0,0.0,0.0,0.0,0.0,0.0,0.0,0.0,0.0,0.0,0.0,0.0,0.0,0.0,0.0,0.0,0.0,0.0,0.0,0.0,0.0,0.0,0.0,0.5722,0.8139
128,0.001,3,10,100,128,16,256,202,730,24,ContrastiveLoss,gru,/home/dpetrovitch/dzagcoffee/train_trace/age_pred/checkpoints/age_pred_2025-10-10 14:37:35.506749_ContrastiveLoss_gru_catboost/model_128_0.001_3_10_100_256_128_16_ContrastiveLoss_gruepoch=14.ckpt,14,24,0.3010673,64.8844,4.0315,0.0009,4.0578,1.1924,9.8523,0.7052,3944.9016,99.8565,951.0507,24.0738,886.1134,22.43,850.4972,21.5285,804.9763,20.3762,769.9349,19.4892,706.1744,17.8753,410.1332,8.611,98.8763,2.076,92.1251,1.9342,88.4223,1.8565,83.6897,1.7571,80.0466,1.6806,73.4177,1.5414,0.0,0.0,0.0,0.0,0.0,0.0,0.0,0.0,0.0,0.0,0.0,0.0,0.0,0.0,0.0,0.0,0.0,0.0,0.0,0.0,0.0,0.0,0.0,0.0,0.0,0.0,0.0,0.0,0.0,0.0,0.0,0.0,0.0,0.0,0.0,0.5456,0.7964
128,0.001,3,10,100,128,16,256,202,730,24,ContrastiveLoss,gru,/home/dpetrovitch/dzagcoffee/train_trace/age_pred/checkpoints/age_pred_2025-10-10 14:37:35.506749_ContrastiveLoss_gru_catboost/model_128_0.001_3_10_100_256_128_16_ContrastiveLoss_gruepoch=15.ckpt,15,24,0.30862334,65.6787,4.4793,0.0009,4.0727,1.1913,9.2706,0.7068,3967.894,100.4531,955.27,24.1841,889.2992,22.5139,852.937,21.5934,805.9894,20.4048,769.4836,19.4806,701.0427,17.7479,399.9274,8.4624,96.2825,2.0373,89.6332,1.8966,85.9683,1.8191,81.2364,1.719,77.5569,1.6411,70.6587,1.4951,0.0,0.0,0.0,0.0,0.0,0.0,0.0,0.0,0.0,0.0,0.0,0.0,0.0,0.0,0.0,0.0,0.0,0.0,0.0,0.0,0.0,0.0,0.0,0.0,0.0,0.0,0.0,0.0,0.0,0.0,0.0,0.0,0.0,0.0,0.0,0.5822,0.8127
128,0.001,3,10,100,128,16,256,202,730,24,ContrastiveLoss,gru,/home/dpetrovitch/dzagcoffee/train_trace/age_pred/checkpoints/age_pred_2025-10-10 14:37:35.506749_ContrastiveLoss_gru_catboost/model_128_0.001_3_10_100_256_128_16_ContrastiveLoss_gruepoch=16.ckpt,16,24,0.31188843,66.4949,4.5893,0.0009,4.0649,1.199,9.538,0.6977,3991.3145,101.0489,953.1233,24.1304,887.4296,22.4672,851.4329,21.5559,805.0596,20.3819,769.0872,19.4711,702.7078,17.7906,397.5948,8.4732,94.9454,2.0234,88.4013,1.8839,84.8155,1.8075,80.196,1.7091,76.6126,1.6327,70.0002,1.4918,0.0,0.0,0.0,0.0,0.0,0.0,0.0,0.0,0.0,0.0,0.0,0.0,0.0,0.0,0.0,0.0,0.0,0.0,0.0,0.0,0.0,0.0,0.0,0.0,0.0,0.0,0.0,0.0,0.0,0.0,0.0,0.0,0.0,0.0,0.0,0.5733,0.8094
128,0.001,3,10,100,128,16,256,202,730,24,ContrastiveLoss,gru,/home/dpetrovitch/dzagcoffee/train_trace/age_pred/checkpoints/age_pred_2025-10-10 14:37:35.506749_ContrastiveLoss_gru_catboost/model_128_0.001_3_10_100_256_128_16_ContrastiveLoss_gruepoch=17.ckpt,17,24,0.30677876,67.1394,4.283,0.0009,4.0874,1.1991,10.0101,0.6976,4031.1667,102.0622,957.7674,24.249,892.8626,22.6058,857.2067,21.703,811.6369,20.5493,776.1392,19.6505,712.0373,18.0276,406.8432,8.6187,96.6621,2.0477,90.1117,1.909,86.5131,1.8327,81.914,1.7353,78.3314,1.6594,71.862,1.5224,0.0,0.0,0.0,0.0,0.0,0.0,0.0,0.0,0.0,0.0,0.0,0.0,0.0,0.0,0.0,0.0,0.0,0.0,0.0,0.0,0.0,0.0,0.0,0.0,0.0,0.0,0.0,0.0,0.0,0.0,0.0,0.0,0.0,0.0,0.0,0.56,0.8056
128,0.001,3,10,100,128,16,256,202,730,24,ContrastiveLoss,gru,/home/dpetrovitch/dzagcoffee/train_trace/age_pred/checkpoints/age_pred_2025-10-10 14:37:35.506749_ContrastiveLoss_gru_catboost/model_128_0.001_3_10_100_256_128_16_ContrastiveLoss_gruepoch=18.ckpt,18,24,0.3079033,65.6716,3.7759,0.0009,4.1054,1.1886,9.3715,0.7099,4055.0671,102.6446,957.6502,24.2407,892.5509,22.5928,856.9402,21.6914,810.9794,20.5281,775.3912,19.6272,709.7145,17.9648,410.3644,8.6708,96.9122,2.0477,90.3243,1.9085,86.7206,1.8324,82.0694,1.7341,78.468,1.658,71.8216,1.5176,0.0,0.0,0.0,0.0,0.0,0.0,0.0,0.0,0.0,0.0,0.0,0.0,0.0,0.0,0.0,0.0,0.0,0.0,0.0,0.0,0.0,0.0,0.0,0.0,0.0,0.0,0.0,0.0,0.0,0.0,0.0,0.0,0.0,0.0,0.0,0.5633,0.8009
128,0.001,3,10,100,128,16,256,202,730,24,ContrastiveLoss,gru,/home/dpetrovitch/dzagcoffee/train_trace/age_pred/checkpoints/age_pred_2025-10-10 14:37:35.506749_ContrastiveLoss_gru_catboost/model_128_0.001_3_10_100_256_128_16_ContrastiveLoss_gruepoch=19.ckpt,19,24,0.3174617,66.2808,3.9507,0.0009,4.1107,1.1957,8.6714,0.7012,4143.147,104.8564,956.3378,24.2034,890.4377,22.5355,854.3012,21.621,807.1797,20.4284,770.2613,19.4941,703.5438,17.8056,412.8554,8.7941,95.2969,2.0299,88.7301,1.89,85.1292,1.8133,80.4337,1.7133,76.7548,1.6349,70.1066,1.4933,0.0,0.0,0.0,0.0,0.0,0.0,0.0,0.0,0.0,0.0,0.0,0.0,0.0,0.0,0.0,0.0,0.0,0.0,0.0,0.0,0.0,0.0,0.0,0.0,0.0,0.0,0.0,0.0,0.0,0.0,0.0,0.0,0.0,0.0,0.0,0.5589,0.8011
128,0.001,3,10,100,128,16,256,202,730,24,ContrastiveLoss,gru,/home/dpetrovitch/dzagcoffee/train_trace/age_pred/checkpoints/age_pred_2025-10-10 14:37:35.506749_ContrastiveLoss_gru_catboost/model_128_0.001_3_10_100_256_128_16_ContrastiveLoss_gruepoch=20.ckpt,20,24,0.31562695,67.3186,3.8452,0.0009,4.1198,1.2008,9.4402,0.6955,4159.0664,105.2644,959.5392,24.2856,894.0517,22.6281,858.0082,21.7159,811.3983,20.5362,775.1712,19.6193,710.3412,17.9785,422.3265,8.9111,97.4351,2.0559,90.7852,1.9156,87.1252,1.8383,82.3923,1.7385,78.7137,1.6609,72.1306,1.522,0.0,0.0,0.0,0.0,0.0,0.0,0.0,0.0,0.0,0.0,0.0,0.0,0.0,0.0,0.0,0.0,0.0,0.0,0.0,0.0,0.0,0.0,0.0,0.0,0.0,0.0,0.0,0.0,0.0,0.0,0.0,0.0,0.0,0.0,0.0,0.5778,0.8066
128,0.001,3,10,100,128,16,256,202,730,24,ContrastiveLoss,gru,/home/dpetrovitch/dzagcoffee/train_trace/age_pred/checkpoints/age_pred_2025-10-10 14:37:35.506749_ContrastiveLoss_gru_catboost/model_128_0.001_3_10_100_256_128_16_ContrastiveLoss_gruepoch=21.ckpt,21,24,0.320934,68.5013,3.9025,0.0009,4.1072,1.2108,8.7042,0.6843,4269.5205,108.0519,961.0069,24.3209,895.3441,22.6591,859.2772,21.7464,812.1508,20.5537,775.312,19.6214,707.7446,17.9114,431.0346,9.0235,97.0196,2.0311,90.3905,1.8923,86.7494,1.8161,81.9917,1.7165,78.2726,1.6386,71.4512,1.4958,0.0,0.0,0.0,0.0,0.0,0.0,0.0,0.0,0.0,0.0,0.0,0.0,0.0,0.0,0.0,0.0,0.0,0.0,0.0,0.0,0.0,0.0,0.0,0.0,0.0,0.0,0.0,0.0,0.0,0.0,0.0,0.0,0.0,0.0,0.0,0.5922,0.8152
128,0.001,3,10,100,128,16,256,202,730,24,ContrastiveLoss,gru,/home/dpetrovitch/dzagcoffee/train_trace/age_pred/checkpoints/age_pred_2025-10-10 14:37:35.506749_ContrastiveLoss_gru_catboost/model_128_0.001_3_10_100_256_128_16_ContrastiveLoss_gruepoch=22.ckpt,22,24,0.31629774,67.0527,3.711,0.0009,4.1296,1.1969,9.3207,0.6998,4194.022,106.1394,959.4797,24.2818,894.6017,22.64,859.013,21.7393,813.0634,20.5764,777.352,19.6727,712.8775,18.041,410.3689,8.7247,93.8814,1.996,87.5333,1.861,84.0511,1.787,79.5551,1.6914,76.0609,1.6171,69.7523,1.483,0.0,0.0,0.0,0.0,0.0,0.0,0.0,0.0,0.0,0.0,0.0,0.0,0.0,0.0,0.0,0.0,0.0,0.0,0.0,0.0,0.0,0.0,0.0,0.0,0.0,0.0,0.0,0.0,0.0,0.0,0.0,0.0,0.0,0.0,0.0,0.55,0.7929
128,0.001,3,10,100,128,16,256,202,730,24,ContrastiveLoss,gru,/home/dpetrovitch/dzagcoffee/train_trace/age_pred/checkpoints/age_pred_2025-10-10 14:37:35.506749_ContrastiveLoss_gru_catboost/model_128_0.001_3_10_100_256_128_16_ContrastiveLoss_gruepoch=23.ckpt,23,24,0.3225714,68.7562,3.83,0.0009,4.1041,1.2101,8.2744,0.6849,4294.5186,108.6697,960.9252,24.3155,894.7193,22.6402,858.0947,21.7135,810.2489,20.5028,772.6334,19.5509,705.3185,17.8476,430.101,9.0386,96.2378,2.0224,89.6072,1.8831,85.9392,1.806,81.1474,1.7053,77.3801,1.6261,70.6385,1.4845,0.0,0.0,0.0,0.0,0.0,0.0,0.0,0.0,0.0,0.0,0.0,0.0,0.0,0.0,0.0,0.0,0.0,0.0,0.0,0.0,0.0,0.0,0.0,0.0,0.0,0.0,0.0,0.0,0.0,0.0,0.0,0.0,0.0,0.0,0.0,0.5689,0.803
128,0.001,3,10,100,256,16,256,202,730,24,ContrastiveLoss,gru,/home/dpetrovitch/dzagcoffee/train_trace/age_pred/checkpoints/age_pred_2025-10-10 14:37:35.506749_ContrastiveLoss_gru_catboost/model_128_0.001_3_10_100_256_256_16_ContrastiveLoss_gruepoch=00.ckpt,0,24,0.11558949,51.994,4.4996,0.0007,4.0677,1.1352,5.4718,0.7795,1880.3593,48.1091,789.2325,20.1926,709.5486,18.1539,666.381,17.0494,612.0041,15.6582,570.668,14.6006,498.9833,12.7665,121.2915,3.4985,50.909,1.4684,45.769,1.3201,42.9845,1.2398,39.477,1.1387,36.8106,1.0617,32.1866,0.9284,0.0,0.0,0.0,0.0,0.0,0.0,0.0,0.0,0.0,0.0,0.0,0.0,0.0,0.0,0.0,0.0,0.0,0.0,0.0,0.0,0.0,0.0,0.0,0.0,0.0,0.0,0.0,0.0,0.0,0.0,0.0,0.0,0.0,0.0,0.0,0.4533,0.704
128,0.001,3,10,100,256,16,256,202,730,24,ContrastiveLoss,gru,/home/dpetrovitch/dzagcoffee/train_trace/age_pred/checkpoints/age_pred_2025-10-10 14:37:35.506749_ContrastiveLoss_gru_catboost/model_128_0.001_3_10_100_256_256_16_ContrastiveLoss_gruepoch=01.ckpt,1,24,0.18485637,61.1041,4.594,0.0009,3.9982,1.1732,6.5567,0.7305,2439.9565,62.0317,844.1475,21.461,768.397,19.5352,727.1776,18.4872,674.6782,17.1525,634.1156,16.1213,564.0691,14.3405,182.7127,4.7687,63.2128,1.6498,57.5403,1.5018,54.4537,1.4212,50.5223,1.3186,47.4848,1.2393,42.2395,1.1024,0.0,0.0,0.0,0.0,0.0,0.0,0.0,0.0,0.0,0.0,0.0,0.0,0.0,0.0,0.0,0.0,0.0,0.0,0.0,0.0,0.0,0.0,0.0,0.0,0.0,0.0,0.0,0.0,0.0,0.0,0.0,0.0,0.0,0.0,0.0,0.4822,0.7404
128,0.001,3,10,100,256,16,256,202,730,24,ContrastiveLoss,gru,/home/dpetrovitch/dzagcoffee/train_trace/age_pred/checkpoints/age_pred_2025-10-10 14:37:35.506749_ContrastiveLoss_gru_catboost/model_128_0.001_3_10_100_256_256_16_ContrastiveLoss_gruepoch=02.ckpt,2,24,0.2396129,62.3634,3.6279,0.0008,4.0193,1.1668,7.9224,0.7363,2809.3164,71.1916,878.1993,22.2547,808.5224,20.489,771.1373,19.5416,723.836,18.3429,688.0642,17.4364,625.8997,15.8611,238.5326,5.7363,74.5659,1.7932,68.6498,1.6509,65.4755,1.5746,61.4593,1.478,58.422,1.405,53.1437,1.278,0.0,0.0,0.0,0.0,0.0,0.0,0.0,0.0,0.0,0.0,0.0,0.0,0.0,0.0,0.0,0.0,0.0,0.0,0.0,0.0,0.0,0.0,0.0,0.0,0.0,0.0,0.0,0.0,0.0,0.0,0.0,0.0,0.0,0.0,0.0,0.4978,0.7511
128,0.001,3,10,100,256,16,256,202,730,24,ContrastiveLoss,gru,/home/dpetrovitch/dzagcoffee/train_trace/age_pred/checkpoints/age_pred_2025-10-10 14:37:35.506749_ContrastiveLoss_gru_catboost/model_128_0.001_3_10_100_256_256_16_ContrastiveLoss_gruepoch=03.ckpt,3,24,0.25218984,65.1306,3.7012,0.0009,3.9942,1.1863,7.9823,0.7131,3099.984,78.5225,902.6279,22.8635,834.0712,21.127,796.875,20.1848,749.6807,18.9894,713.8319,18.0813,651.675,16.5069,279.8098,6.4177,81.4727,1.8687,75.2847,1.7267,71.9273,1.6497,67.6675,1.552,64.4317,1.4778,58.8213,1.3491,0.0,0.0,0.0,0.0,0.0,0.0,0.0,0.0,0.0,0.0,0.0,0.0,0.0,0.0,0.0,0.0,0.0,0.0,0.0,0.0,0.0,0.0,0.0,0.0,0.0,0.0,0.0,0.0,0.0,0.0,0.0,0.0,0.0,0.0,0.0,0.5122,0.7653
128,0.001,3,10,100,256,16,256,202,730,24,ContrastiveLoss,gru,/home/dpetrovitch/dzagcoffee/train_trace/age_pred/checkpoints/age_pred_2025-10-10 14:37:35.506749_ContrastiveLoss_gru_catboost/model_128_0.001_3_10_100_256_256_16_ContrastiveLoss_gruepoch=04.ckpt,4,24,0.27158302,64.6887,3.4762,0.0008,3.9835,1.1853,8.2897,0.714,3282.1921,83.1149,907.4039,22.9782,839.3775,21.2555,802.2908,20.3164,755.0224,19.1194,719.3455,18.216,657.1113,16.64,311.9204,7.0072,86.2344,1.9372,79.7696,1.792,76.245,1.7128,71.7529,1.6119,68.3624,1.5358,62.448,1.4029,0.0,0.0,0.0,0.0,0.0,0.0,0.0,0.0,0.0,0.0,0.0,0.0,0.0,0.0,0.0,0.0,0.0,0.0,0.0,0.0,0.0,0.0,0.0,0.0,0.0,0.0,0.0,0.0,0.0,0.0,0.0,0.0,0.0,0.0,0.0,0.5367,0.785
128,0.001,3,10,100,256,16,256,202,730,24,ContrastiveLoss,gru,/home/dpetrovitch/dzagcoffee/train_trace/age_pred/checkpoints/age_pred_2025-10-10 14:37:35.506749_ContrastiveLoss_gru_catboost/model_128_0.001_3_10_100_256_256_16_ContrastiveLoss_gruepoch=05.ckpt,5,24,0.26936355,63.6176,4.1049,0.0007,3.9932,1.1881,8.231,0.7106,3389.1997,85.815,906.8313,22.9611,839.0538,21.2449,802.2045,20.3119,755.0757,19.1186,719.0583,18.2066,656.7241,16.6283,335.6899,7.4494,89.8189,1.9932,83.1057,1.8442,79.4559,1.7632,74.7879,1.6596,71.2205,1.5805,65.0465,1.4435,0.0,0.0,0.0,0.0,0.0,0.0,0.0,0.0,0.0,0.0,0.0,0.0,0.0,0.0,0.0,0.0,0.0,0.0,0.0,0.0,0.0,0.0,0.0,0.0,0.0,0.0,0.0,0.0,0.0,0.0,0.0,0.0,0.0,0.0,0.0,0.5389,0.7907
128,0.001,3,10,100,256,16,256,202,730,24,ContrastiveLoss,gru,/home/dpetrovitch/dzagcoffee/train_trace/age_pred/checkpoints/age_pred_2025-10-10 14:37:35.506749_ContrastiveLoss_gru_catboost/model_128_0.001_3_10_100_256_256_16_ContrastiveLoss_gruepoch=06.ckpt,6,24,0.27521306,65.2396,3.4882,0.0008,3.9809,1.1994,8.7267,0.6973,3561.7117,90.1688,919.7876,23.2855,852.7075,21.5873,816.2819,20.6651,769.5092,19.481,733.744,18.5756,671.4002,16.9973,360.7208,7.8839,93.1537,2.036,86.36,1.8875,82.6709,1.8069,77.9339,1.7033,74.3117,1.6242,67.9976,1.4862,0.0,0.0,0.0,0.0,0.0,0.0,0.0,0.0,0.0,0.0,0.0,0.0,0.0,0.0,0.0,0.0,0.0,0.0,0.0,0.0,0.0,0.0,0.0,0.0,0.0,0.0,0.0,0.0,0.0,0.0,0.0,0.0,0.0,0.0,0.0,0.5267,0.7866
128,0.001,3,10,100,256,16,256,202,730,24,ContrastiveLoss,gru,/home/dpetrovitch/dzagcoffee/train_trace/age_pred/checkpoints/age_pred_2025-10-10 14:37:35.506749_ContrastiveLoss_gru_catboost/model_128_0.001_3_10_100_256_256_16_ContrastiveLoss_gruepoch=07.ckpt,7,24,0.285758,63.737,2.762,0.0006,3.9796,1.1938,8.4446,0.7031,3654.5415,92.5036,916.4479,23.1971,851.1109,21.5433,815.613,20.6448,770.3893,19.5001,735.855,18.6259,676.6033,17.1262,375.2575,8.1865,94.1032,2.0529,87.3942,1.9066,83.7492,1.827,79.1055,1.7257,75.5594,1.6484,69.4753,1.5156,0.0,0.0,0.0,0.0,0.0,0.0,0.0,0.0,0.0,0.0,0.0,0.0,0.0,0.0,0.0,0.0,0.0,0.0,0.0,0.0,0.0,0.0,0.0,0.0,0.0,0.0,0.0,0.0,0.0,0.0,0.0,0.0,0.0,0.0,0.0,0.5356,0.7888
128,0.001,3,10,100,256,16,256,202,730,24,ContrastiveLoss,gru,/home/dpetrovitch/dzagcoffee/train_trace/age_pred/checkpoints/age_pred_2025-10-10 14:37:35.506749_ContrastiveLoss_gru_catboost/model_128_0.001_3_10_100_256_256_16_ContrastiveLoss_gruepoch=08.ckpt,8,24,0.29211056,63.702,3.6099,0.0007,3.992,1.1933,8.9042,0.7036,3777.1323,95.6083,924.5861,23.4035,858.6443,21.7344,822.8194,20.8275,777.0327,19.6686,741.9604,18.7808,681.3475,17.2465,376.8065,8.2527,92.2367,2.0201,85.6583,1.8761,82.0844,1.7978,77.5167,1.6978,74.0179,1.6211,67.9712,1.4887,0.0,0.0,0.0,0.0,0.0,0.0,0.0,0.0,0.0,0.0,0.0,0.0,0.0,0.0,0.0,0.0,0.0,0.0,0.0,0.0,0.0,0.0,0.0,0.0,0.0,0.0,0.0,0.0,0.0,0.0,0.0,0.0,0.0,0.0,0.0,0.5456,0.7888
128,0.001,3,10,100,256,16,256,202,730,24,ContrastiveLoss,gru,/home/dpetrovitch/dzagcoffee/train_trace/age_pred/checkpoints/age_pred_2025-10-10 14:37:35.506749_ContrastiveLoss_gru_catboost/model_128_0.001_3_10_100_256_256_16_ContrastiveLoss_gruepoch=09.ckpt,9,24,0.28836215,67.3527,2.7033,0.0007,4.0115,1.2101,8.668,0.6848,3806.7332,96.3739,938.1683,23.7513,872.6,22.0913,836.7983,21.185,791.0798,20.0275,756.0301,19.1402,695.3404,17.6037,382.6648,8.3328,94.3076,2.0536,87.7165,1.9101,84.1176,1.8317,79.5218,1.7317,75.9985,1.6549,69.8978,1.5221,0.0,0.0,0.0,0.0,0.0,0.0,0.0,0.0,0.0,0.0,0.0,0.0,0.0,0.0,0.0,0.0,0.0,0.0,0.0,0.0,0.0,0.0,0.0,0.0,0.0,0.0,0.0,0.0,0.0,0.0,0.0,0.0,0.0,0.0,0.0,0.5444,0.7907
128,0.001,3,10,100,256,16,256,202,730,24,ContrastiveLoss,gru,/home/dpetrovitch/dzagcoffee/train_trace/age_pred/checkpoints/age_pred_2025-10-10 14:37:35.506749_ContrastiveLoss_gru_catboost/model_128_0.001_3_10_100_256_256_16_ContrastiveLoss_gruepoch=10.ckpt,10,24,0.2957702,63.6669,2.7294,0.0006,4.0568,1.1924,8.6499,0.7049,3826.734,96.8672,932.2074,23.5972,867.6017,21.9619,832.4472,21.072,787.6732,19.9386,753.3564,19.0699,694.7506,17.5864,380.1682,8.3405,92.6105,2.0318,86.1922,1.891,82.6997,1.8143,78.2517,1.7168,74.8424,1.642,69.0202,1.5142,0.0,0.0,0.0,0.0,0.0,0.0,0.0,0.0,0.0,0.0,0.0,0.0,0.0,0.0,0.0,0.0,0.0,0.0,0.0,0.0,0.0,0.0,0.0,0.0,0.0,0.0,0.0,0.0,0.0,0.0,0.0,0.0,0.0,0.0,0.0,0.5456,0.7897
128,0.001,3,10,100,256,16,256,202,730,24,ContrastiveLoss,gru,/home/dpetrovitch/dzagcoffee/train_trace/age_pred/checkpoints/age_pred_2025-10-10 14:37:35.506749_ContrastiveLoss_gru_catboost/model_128_0.001_3_10_100_256_256_16_ContrastiveLoss_gruepoch=11.ckpt,11,24,0.30597973,64.7088,3.5359,0.0006,4.0514,1.2004,8.5049,0.6959,3966.1309,100.3753,939.4256,23.7751,872.9689,22.0932,836.6692,21.1745,789.7109,19.9861,753.5215,19.0702,689.6699,17.4542,402.8921,8.6241,95.4298,2.0427,88.6789,1.8982,84.9915,1.8193,80.2213,1.7172,76.5451,1.6385,70.0588,1.4996,0.0,0.0,0.0,0.0,0.0,0.0,0.0,0.0,0.0,0.0,0.0,0.0,0.0,0.0,0.0,0.0,0.0,0.0,0.0,0.0,0.0,0.0,0.0,0.0,0.0,0.0,0.0,0.0,0.0,0.0,0.0,0.0,0.0,0.0,0.0,0.5567,0.7993
128,0.001,3,10,100,256,16,256,202,730,24,ContrastiveLoss,gru,/home/dpetrovitch/dzagcoffee/train_trace/age_pred/checkpoints/age_pred_2025-10-10 14:37:35.506749_ContrastiveLoss_gru_catboost/model_128_0.001_3_10_100_256_256_16_ContrastiveLoss_gruepoch=12.ckpt,12,24,0.29891688,63.8866,3.2204,0.0006,4.0984,1.1925,8.628,0.7048,3923.52,99.3029,940.8437,23.8124,875.7799,22.1657,840.1644,21.2643,794.8317,20.1169,760.2383,19.2414,700.5386,17.7304,387.2242,8.442,92.8548,2.0244,86.4334,1.8844,82.9184,1.8077,78.4444,1.7102,75.0303,1.6358,69.1383,1.5073,0.0,0.0,0.0,0.0,0.0,0.0,0.0,0.0,0.0,0.0,0.0,0.0,0.0,0.0,0.0,0.0,0.0,0.0,0.0,0.0,0.0,0.0,0.0,0.0,0.0,0.0,0.0,0.0,0.0,0.0,0.0,0.0,0.0,0.0,0.0,0.5478,0.8015
128,0.001,3,10,100,256,16,256,202,730,24,ContrastiveLoss,gru,/home/dpetrovitch/dzagcoffee/train_trace/age_pred/checkpoints/age_pred_2025-10-10 14:37:35.506749_ContrastiveLoss_gru_catboost/model_128_0.001_3_10_100_256_256_16_ContrastiveLoss_gruepoch=13.ckpt,13,24,0.31177005,67.4656,3.2782,0.0007,4.0617,1.2173,8.9197,0.6764,4121.543,104.2941,949.8635,24.036,884.7915,22.3893,849.2053,21.4888,803.0335,20.3205,767.454,19.4201,703.2368,17.7952,409.0089,8.7427,94.2615,2.0149,87.8039,1.8768,84.2724,1.8013,79.6905,1.7034,76.1597,1.6279,69.787,1.4917,0.0,0.0,0.0,0.0,0.0,0.0,0.0,0.0,0.0,0.0,0.0,0.0,0.0,0.0,0.0,0.0,0.0,0.0,0.0,0.0,0.0,0.0,0.0,0.0,0.0,0.0,0.0,0.0,0.0,0.0,0.0,0.0,0.0,0.0,0.0,0.5411,0.7967
128,0.001,3,10,100,256,16,256,202,730,24,ContrastiveLoss,gru,/home/dpetrovitch/dzagcoffee/train_trace/age_pred/checkpoints/age_pred_2025-10-10 14:37:35.506749_ContrastiveLoss_gru_catboost/model_128_0.001_3_10_100_256_256_16_ContrastiveLoss_gruepoch=14.ckpt,14,24,0.311701,65.3077,3.3174,0.0006,4.0862,1.2027,9.7412,0.6928,4129.11,104.4977,947.9243,23.9897,883.3553,22.3556,848.0345,21.4617,802.9112,20.3197,768.3577,19.4453,708.1227,17.9209,403.8713,8.7416,92.7172,2.0068,86.4016,1.8701,82.9469,1.7954,78.5333,1.6998,75.1536,1.6267,69.262,1.4991,0.0,0.0,0.0,0.0,0.0,0.0,0.0,0.0,0.0,0.0,0.0,0.0,0.0,0.0,0.0,0.0,0.0,0.0,0.0,0.0,0.0,0.0,0.0,0.0,0.0,0.0,0.0,0.0,0.0,0.0,0.0,0.0,0.0,0.0,0.0,0.5456,0.7995
128,0.001,3,10,100,256,16,256,202,730,24,ContrastiveLoss,gru,/home/dpetrovitch/dzagcoffee/train_trace/age_pred/checkpoints/age_pred_2025-10-10 14:37:35.506749_ContrastiveLoss_gru_catboost/model_128_0.001_3_10_100_256_256_16_ContrastiveLoss_gruepoch=15.ckpt,15,24,0.3028231,64.2208,3.6242,0.0006,4.1288,1.1973,9.014,0.6988,4082.1304,103.3111,945.1589,23.9202,881.2669,22.3032,846.5218,21.4239,802.2299,20.3029,768.4821,19.4489,710.6094,17.9842,402.1756,8.7339,93.118,2.0222,86.8233,1.8855,83.4002,1.8112,79.0365,1.7164,75.7116,1.6442,70.01,1.5204,0.0,0.0,0.0,0.0,0.0,0.0,0.0,0.0,0.0,0.0,0.0,0.0,0.0,0.0,0.0,0.0,0.0,0.0,0.0,0.0,0.0,0.0,0.0,0.0,0.0,0.0,0.0,0.0,0.0,0.0,0.0,0.0,0.0,0.0,0.0,0.5511,0.7879
128,0.001,3,10,100,256,16,256,202,730,24,ContrastiveLoss,gru,/home/dpetrovitch/dzagcoffee/train_trace/age_pred/checkpoints/age_pred_2025-10-10 14:37:35.506749_ContrastiveLoss_gru_catboost/model_128_0.001_3_10_100_256_256_16_ContrastiveLoss_gruepoch=16.ckpt,16,24,0.31542972,65.4013,4.1408,0.0006,4.1149,1.2047,8.8474,0.6906,4206.384,106.4371,950.3934,24.0485,886.4999,22.4317,851.2511,21.5398,806.174,20.3992,771.1558,19.5131,707.8626,17.9115,417.4311,8.9768,94.3147,2.0282,87.9741,1.8919,84.476,1.8167,80.0027,1.7205,76.5276,1.6457,70.2465,1.5106,0.0,0.0,0.0,0.0,0.0,0.0,0.0,0.0,0.0,0.0,0.0,0.0,0.0,0.0,0.0,0.0,0.0,0.0,0.0,0.0,0.0,0.0,0.0,0.0,0.0,0.0,0.0,0.0,0.0,0.0,0.0,0.0,0.0,0.0,0.0,0.5689,0.7947
128,0.001,3,10,100,256,16,256,202,730,24,ContrastiveLoss,gru,/home/dpetrovitch/dzagcoffee/train_trace/age_pred/checkpoints/age_pred_2025-10-10 14:37:35.506749_ContrastiveLoss_gru_catboost/model_128_0.001_3_10_100_256_256_16_ContrastiveLoss_gruepoch=17.ckpt,17,24,0.3121153,62.6678,3.6081,0.0006,4.1726,1.1833,8.9754,0.7152,4097.301,103.6656,950.0974,24.0384,886.7452,22.4355,852.1031,21.559,807.6355,20.434,773.4495,19.569,713.1001,18.0421,400.4997,8.7111,92.8694,2.02,86.6769,1.8853,83.2907,1.8116,78.9441,1.7171,75.6025,1.6444,69.7035,1.5161,0.0,0.0,0.0,0.0,0.0,0.0,0.0,0.0,0.0,0.0,0.0,0.0,0.0,0.0,0.0,0.0,0.0,0.0,0.0,0.0,0.0,0.0,0.0,0.0,0.0,0.0,0.0,0.0,0.0,0.0,0.0,0.0,0.0,0.0,0.0,0.5533,0.8026
128,0.001,3,10,100,256,16,256,202,730,24,ContrastiveLoss,gru,/home/dpetrovitch/dzagcoffee/train_trace/age_pred/checkpoints/age_pred_2025-10-10 14:37:35.506749_ContrastiveLoss_gru_catboost/model_128_0.001_3_10_100_256_256_16_ContrastiveLoss_gruepoch=18.ckpt,18,24,0.31647527,67.929,3.7396,0.0006,4.1159,1.2149,9.3829,0.6786,4301.5566,108.8299,957.6195,24.2279,894.3629,22.6275,859.9304,21.7563,815.4369,20.6307,781.3132,19.7673,720.1773,18.2206,425.368,9.0544,94.6961,2.0157,88.4409,1.8825,85.0359,1.8101,80.6361,1.7164,77.2617,1.6446,71.2162,1.5159,0.0,0.0,0.0,0.0,0.0,0.0,0.0,0.0,0.0,0.0,0.0,0.0,0.0,0.0,0.0,0.0,0.0,0.0,0.0,0.0,0.0,0.0,0.0,0.0,0.0,0.0,0.0,0.0,0.0,0.0,0.0,0.0,0.0,0.0,0.0,0.5611,0.8055
128,0.001,3,10,100,256,16,256,202,730,24,ContrastiveLoss,gru,/home/dpetrovitch/dzagcoffee/train_trace/age_pred/checkpoints/age_pred_2025-10-10 14:37:35.506749_ContrastiveLoss_gru_catboost/model_128_0.001_3_10_100_256_256_16_ContrastiveLoss_gruepoch=19.ckpt,19,24,0.30866277,68.1183,3.9342,0.0006,4.1089,1.2176,8.7209,0.6758,4272.8477,108.1063,951.7932,24.0811,888.1587,22.4711,853.5473,21.5954,808.7486,20.4619,774.5121,19.5957,713.448,18.0508,410.0066,8.8733,91.3306,1.9766,85.2244,1.8444,81.9032,1.7725,77.6045,1.6795,74.3193,1.6084,68.4598,1.4816,0.0,0.0,0.0,0.0,0.0,0.0,0.0,0.0,0.0,0.0,0.0,0.0,0.0,0.0,0.0,0.0,0.0,0.0,0.0,0.0,0.0,0.0,0.0,0.0,0.0,0.0,0.0,0.0,0.0,0.0,0.0,0.0,0.0,0.0,0.0,0.5522,0.793
128,0.001,3,10,100,256,16,256,202,730,24,ContrastiveLoss,gru,/home/dpetrovitch/dzagcoffee/train_trace/age_pred/checkpoints/age_pred_2025-10-10 14:37:35.506749_ContrastiveLoss_gru_catboost/model_128_0.001_3_10_100_256_256_16_ContrastiveLoss_gruepoch=20.ckpt,20,24,0.3201251,66.892,3.952,0.0006,4.1365,1.2096,8.8131,0.6842,4360.023,110.2887,954.4281,24.1427,891.4749,22.5502,857.1038,21.6808,813.1445,20.5688,778.8841,19.7022,717.7404,18.1556,440.178,9.4256,96.3569,2.0633,90.0013,1.9272,86.5313,1.8529,82.0932,1.7579,78.6344,1.6838,72.4614,1.5516,0.0,0.0,0.0,0.0,0.0,0.0,0.0,0.0,0.0,0.0,0.0,0.0,0.0,0.0,0.0,0.0,0.0,0.0,0.0,0.0,0.0,0.0,0.0,0.0,0.0,0.0,0.0,0.0,0.0,0.0,0.0,0.0,0.0,0.0,0.0,0.5656,0.8022
128,0.001,3,10,100,256,16,256,202,730,24,ContrastiveLoss,gru,/home/dpetrovitch/dzagcoffee/train_trace/age_pred/checkpoints/age_pred_2025-10-10 14:37:35.506749_ContrastiveLoss_gru_catboost/model_128_0.001_3_10_100_256_256_16_ContrastiveLoss_gruepoch=21.ckpt,21,24,0.32506707,68.7921,3.9875,0.0007,4.1206,1.2241,9.0317,0.6686,4453.076,112.6403,956.8992,24.2047,894.1135,22.6165,859.6425,21.7446,815.385,20.6251,781.0181,19.7558,719.2673,18.1938,454.7383,9.5935,97.7164,2.0615,91.3049,1.9262,87.7848,1.852,83.2653,1.7566,79.7558,1.6826,73.45,1.5495,0.0,0.0,0.0,0.0,0.0,0.0,0.0,0.0,0.0,0.0,0.0,0.0,0.0,0.0,0.0,0.0,0.0,0.0,0.0,0.0,0.0,0.0,0.0,0.0,0.0,0.0,0.0,0.0,0.0,0.0,0.0,0.0,0.0,0.0,0.0,0.5744,0.8076
128,0.001,3,10,100,256,16,256,202,730,24,ContrastiveLoss,gru,/home/dpetrovitch/dzagcoffee/train_trace/age_pred/checkpoints/age_pred_2025-10-10 14:37:35.506749_ContrastiveLoss_gru_catboost/model_128_0.001_3_10_100_256_256_16_ContrastiveLoss_gruepoch=22.ckpt,22,24,0.32343942,67.3206,3.9452,0.0006,4.143,1.2087,9.4338,0.6852,4367.356,110.4868,956.1398,24.1887,892.9604,22.5904,858.4291,21.7168,814.1341,20.5962,780.172,19.737,720.23,18.2206,425.6993,9.1134,93.1978,1.9952,87.0395,1.8634,83.6737,1.7913,79.3561,1.6989,76.0457,1.628,70.203,1.5029,0.0,0.0,0.0,0.0,0.0,0.0,0.0,0.0,0.0,0.0,0.0,0.0,0.0,0.0,0.0,0.0,0.0,0.0,0.0,0.0,0.0,0.0,0.0,0.0,0.0,0.0,0.0,0.0,0.0,0.0,0.0,0.0,0.0,0.0,0.0,0.5478,0.7977
128,0.001,3,10,100,256,16,256,202,730,24,ContrastiveLoss,gru,/home/dpetrovitch/dzagcoffee/train_trace/age_pred/checkpoints/age_pred_2025-10-10 14:37:35.506749_ContrastiveLoss_gru_catboost/model_128_0.001_3_10_100_256_256_16_ContrastiveLoss_gruepoch=23.ckpt,23,24,0.3215949,68.6042,4.314,0.0007,4.1298,1.2234,8.9754,0.669,4465.0225,112.9373,958.5316,24.2449,895.7769,22.6576,861.3149,21.7859,817.0269,20.6657,782.9243,19.8031,721.7453,18.2557,452.7008,9.5464,97.1838,2.0494,90.8212,1.9152,87.3272,1.8415,82.8369,1.7468,79.3793,1.6739,73.1765,1.5431,0.0,0.0,0.0,0.0,0.0,0.0,0.0,0.0,0.0,0.0,0.0,0.0,0.0,0.0,0.0,0.0,0.0,0.0,0.0,0.0,0.0,0.0,0.0,0.0,0.0,0.0,0.0,0.0,0.0,0.0,0.0,0.0,0.0,0.0,0.0,0.54,0.7969
128,0.001,3,10,100,512,16,256,202,730,24,ContrastiveLoss,gru,/home/dpetrovitch/dzagcoffee/train_trace/age_pred/checkpoints/age_pred_2025-10-10 14:37:35.506749_ContrastiveLoss_gru_catboost/model_128_0.001_3_10_100_256_512_16_ContrastiveLoss_gruepoch=00.ckpt,0,24,0.10881272,53.6114,4.9779,0.0008,4.0492,1.128,6.2149,0.7889,1760.144,45.1497,785.9388,20.1602,710.6418,18.2288,669.6391,17.177,616.5641,15.8156,575.9406,14.7735,503.21,12.9079,108.3948,3.1327,48.4004,1.3988,43.7634,1.2648,41.2383,1.1918,37.9698,1.0973,35.4681,1.025,30.9891,0.8956,0.0,0.0,0.0,0.0,0.0,0.0,0.0,0.0,0.0,0.0,0.0,0.0,0.0,0.0,0.0,0.0,0.0,0.0,0.0,0.0,0.0,0.0,0.0,0.0,0.0,0.0,0.0,0.0,0.0,0.0,0.0,0.0,0.0,0.0,0.0,0.4433,0.7043
128,0.001,3,10,100,512,16,256,202,730,24,ContrastiveLoss,gru,/home/dpetrovitch/dzagcoffee/train_trace/age_pred/checkpoints/age_pred_2025-10-10 14:37:35.506749_ContrastiveLoss_gru_catboost/model_128_0.001_3_10_100_256_512_16_ContrastiveLoss_gruepoch=01.ckpt,1,24,0.17669864,59.8741,3.907,0.0009,4.0075,1.1612,6.705,0.7447,2283.4373,58.0854,842.4113,21.429,768.6581,19.5529,728.1646,18.5229,676.2678,17.2027,636.2179,16.1839,566.8825,14.4202,180.941,4.6721,66.7532,1.7236,60.9089,1.5727,57.7002,1.4899,53.5879,1.3837,50.4143,1.3017,44.9201,1.1599,0.0,0.0,0.0,0.0,0.0,0.0,0.0,0.0,0.0,0.0,0.0,0.0,0.0,0.0,0.0,0.0,0.0,0.0,0.0,0.0,0.0,0.0,0.0,0.0,0.0,0.0,0.0,0.0,0.0,0.0,0.0,0.0,0.0,0.0,0.0,0.47,0.7411
128,0.001,3,10,100,512,16,256,202,730,24,ContrastiveLoss,gru,/home/dpetrovitch/dzagcoffee/train_trace/age_pred/checkpoints/age_pred_2025-10-10 14:37:35.506749_ContrastiveLoss_gru_catboost/model_128_0.001_3_10_100_256_512_16_ContrastiveLoss_gruepoch=02.ckpt,2,24,0.22476722,64.0663,3.5573,0.001,3.9595,1.1856,7.8422,0.7146,2748.0178,69.7379,881.701,22.3754,810.2662,20.5626,771.1333,19.5695,720.5517,18.2858,681.2144,17.2875,611.3742,15.5152,244.9569,5.7795,78.5944,1.8543,72.2267,1.7041,68.7384,1.6218,64.2296,1.5154,60.7231,1.4327,54.4976,1.2858,0.0,0.0,0.0,0.0,0.0,0.0,0.0,0.0,0.0,0.0,0.0,0.0,0.0,0.0,0.0,0.0,0.0,0.0,0.0,0.0,0.0,0.0,0.0,0.0,0.0,0.0,0.0,0.0,0.0,0.0,0.0,0.0,0.0,0.0,0.0,0.5156,0.7715
128,0.001,3,10,100,512,16,256,202,730,24,ContrastiveLoss,gru,/home/dpetrovitch/dzagcoffee/train_trace/age_pred/checkpoints/age_pred_2025-10-10 14:37:35.506749_ContrastiveLoss_gru_catboost/model_128_0.001_3_10_100_256_512_16_ContrastiveLoss_gruepoch=03.ckpt,3,24,0.24309501,64.6664,3.4273,0.001,3.9373,1.1976,7.8441,0.7001,2999.2637,76.0559,886.0099,22.4676,815.1715,20.6713,776.426,19.6888,726.9898,18.4352,688.8042,17.4668,622.6489,15.7893,284.0016,6.4991,83.8967,1.9199,77.189,1.7664,73.5201,1.6824,68.839,1.5753,65.2232,1.4926,58.9589,1.3492,0.0,0.0,0.0,0.0,0.0,0.0,0.0,0.0,0.0,0.0,0.0,0.0,0.0,0.0,0.0,0.0,0.0,0.0,0.0,0.0,0.0,0.0,0.0,0.0,0.0,0.0,0.0,0.0,0.0,0.0,0.0,0.0,0.0,0.0,0.0,0.5333,0.7811
128,0.001,3,10,100,512,16,256,202,730,24,ContrastiveLoss,gru,/home/dpetrovitch/dzagcoffee/train_trace/age_pred/checkpoints/age_pred_2025-10-10 14:37:35.506749_ContrastiveLoss_gru_catboost/model_128_0.001_3_10_100_256_512_16_ContrastiveLoss_gruepoch=04.ckpt,4,24,0.25332427,63.6258,3.4043,0.0008,3.9385,1.1874,8.5745,0.7116,3180.3503,80.6012,905.42,22.9465,836.6762,21.2043,799.1772,20.2539,751.3869,19.0428,714.4152,18.1058,648.0776,16.4245,306.1609,6.8716,87.1615,1.9563,80.5438,1.8077,76.9339,1.7267,72.3333,1.6235,68.7742,1.5436,62.3881,1.4003,0.0,0.0,0.0,0.0,0.0,0.0,0.0,0.0,0.0,0.0,0.0,0.0,0.0,0.0,0.0,0.0,0.0,0.0,0.0,0.0,0.0,0.0,0.0,0.0,0.0,0.0,0.0,0.0,0.0,0.0,0.0,0.0,0.0,0.0,0.0,0.5367,0.7828
128,0.001,3,10,100,512,16,256,202,730,24,ContrastiveLoss,gru,/home/dpetrovitch/dzagcoffee/train_trace/age_pred/checkpoints/age_pred_2025-10-10 14:37:35.506749_ContrastiveLoss_gru_catboost/model_128_0.001_3_10_100_256_512_16_ContrastiveLoss_gruepoch=05.ckpt,5,24,0.26464844,63.1871,3.3545,0.0007,3.929,1.1825,8.4949,0.7176,3289.2954,83.3873,914.5603,23.1851,846.0477,21.4483,808.2674,20.4905,760.2594,19.2734,723.0893,18.3311,656.8183,16.6511,319.1676,7.0876,88.7418,1.9706,82.0939,1.823,78.428,1.7416,73.7697,1.6382,70.163,1.5581,63.7325,1.4153,0.0,0.0,0.0,0.0,0.0,0.0,0.0,0.0,0.0,0.0,0.0,0.0,0.0,0.0,0.0,0.0,0.0,0.0,0.0,0.0,0.0,0.0,0.0,0.0,0.0,0.0,0.0,0.0,0.0,0.0,0.0,0.0,0.0,0.0,0.0,0.5444,0.7888
128,0.001,3,10,100,512,16,256,202,730,24,ContrastiveLoss,gru,/home/dpetrovitch/dzagcoffee/train_trace/age_pred/checkpoints/age_pred_2025-10-10 14:37:35.506749_ContrastiveLoss_gru_catboost/model_128_0.001_3_10_100_256_512_16_ContrastiveLoss_gruepoch=06.ckpt,6,24,0.28613284,64.9095,3.2737,0.0007,3.8884,1.2062,8.5761,0.6904,3552.7983,90.0393,915.7571,23.2082,846.1888,21.4451,807.688,20.4694,758.4455,19.2214,720.1026,18.2497,651.388,16.5083,353.0566,7.7319,91.0026,1.9929,84.0893,1.8415,80.2634,1.7578,75.3699,1.6506,71.5596,1.5671,64.7312,1.4176,0.0,0.0,0.0,0.0,0.0,0.0,0.0,0.0,0.0,0.0,0.0,0.0,0.0,0.0,0.0,0.0,0.0,0.0,0.0,0.0,0.0,0.0,0.0,0.0,0.0,0.0,0.0,0.0,0.0,0.0,0.0,0.0,0.0,0.0,0.0,0.5367,0.7936
128,0.001,3,10,100,512,16,256,202,730,24,ContrastiveLoss,gru,/home/dpetrovitch/dzagcoffee/train_trace/age_pred/checkpoints/age_pred_2025-10-10 14:37:35.506749_ContrastiveLoss_gru_catboost/model_128_0.001_3_10_100_256_512_16_ContrastiveLoss_gruepoch=07.ckpt,7,24,0.26615766,64.1853,3.3498,0.0007,3.9203,1.1889,8.4811,0.7096,3539.8623,89.6988,929.4226,23.5512,861.8766,21.8396,825.0474,20.9064,777.856,19.7106,742.0358,18.8029,681.3109,17.2642,345.4551,7.5592,90.7023,1.9847,84.1105,1.8405,80.5164,1.7619,75.9109,1.6611,72.4153,1.5846,66.4891,1.4549,0.0,0.0,0.0,0.0,0.0,0.0,0.0,0.0,0.0,0.0,0.0,0.0,0.0,0.0,0.0,0.0,0.0,0.0,0.0,0.0,0.0,0.0,0.0,0.0,0.0,0.0,0.0,0.0,0.0,0.0,0.0,0.0,0.0,0.0,0.0,0.5389,0.7889
128,0.001,3,10,100,512,16,256,202,730,24,ContrastiveLoss,gru,/home/dpetrovitch/dzagcoffee/train_trace/age_pred/checkpoints/age_pred_2025-10-10 14:37:35.506749_ContrastiveLoss_gru_catboost/model_128_0.001_3_10_100_256_512_16_ContrastiveLoss_gruepoch=08.ckpt,8,24,0.29028562,65.6593,3.0456,0.0007,3.9371,1.2045,8.4273,0.6914,3799.8936,96.2634,930.9353,23.5835,862.7778,21.8569,825.2719,20.9068,777.1706,19.6882,740.4319,18.7575,675.8633,17.1218,380.9428,8.2699,93.3271,2.026,86.4943,1.8777,82.7343,1.7961,77.9121,1.6914,74.229,1.6114,67.7559,1.4709,0.0,0.0,0.0,0.0,0.0,0.0,0.0,0.0,0.0,0.0,0.0,0.0,0.0,0.0,0.0,0.0,0.0,0.0,0.0,0.0,0.0,0.0,0.0,0.0,0.0,0.0,0.0,0.0,0.0,0.0,0.0,0.0,0.0,0.0,0.0,0.5511,0.7969
128,0.001,3,10,100,512,16,256,202,730,24,ContrastiveLoss,gru,/home/dpetrovitch/dzagcoffee/train_trace/age_pred/checkpoints/age_pred_2025-10-10 14:37:35.506749_ContrastiveLoss_gru_catboost/model_128_0.001_3_10_100_256_512_16_ContrastiveLoss_gruepoch=09.ckpt,9,24,0.28708965,67.4678,2.9647,0.0006,3.9738,1.2087,8.7937,0.687,3921.172,99.3174,941.7161,23.8523,874.2863,22.1444,837.3381,21.2085,789.6377,20.0003,753.0544,19.0737,689.4703,17.4632,391.4972,8.4207,94.0227,2.0223,87.2904,1.8775,83.6014,1.7982,78.8389,1.6957,75.1864,1.6172,68.838,1.4806,0.0,0.0,0.0,0.0,0.0,0.0,0.0,0.0,0.0,0.0,0.0,0.0,0.0,0.0,0.0,0.0,0.0,0.0,0.0,0.0,0.0,0.0,0.0,0.0,0.0,0.0,0.0,0.0,0.0,0.0,0.0,0.0,0.0,0.0,0.0,0.5389,0.7817
128,0.001,3,10,100,512,16,256,202,730,24,ContrastiveLoss,gru,/home/dpetrovitch/dzagcoffee/train_trace/age_pred/checkpoints/age_pred_2025-10-10 14:37:35.506749_ContrastiveLoss_gru_catboost/model_128_0.001_3_10_100_256_512_16_ContrastiveLoss_gruepoch=10.ckpt,10,24,0.30048534,66.4939,3.1906,0.0005,4.0272,1.205,9.2905,0.691,4005.069,101.4265,945.0592,23.9332,878.299,22.2425,841.6813,21.3152,794.5715,20.1221,758.2692,19.2028,695.3401,17.6092,401.5821,8.5722,94.7596,2.0228,88.0657,1.8799,84.3941,1.8015,79.6704,1.7007,76.0305,1.623,69.7207,1.4883,0.0,0.0,0.0,0.0,0.0,0.0,0.0,0.0,0.0,0.0,0.0,0.0,0.0,0.0,0.0,0.0,0.0,0.0,0.0,0.0,0.0,0.0,0.0,0.0,0.0,0.0,0.0,0.0,0.0,0.0,0.0,0.0,0.0,0.0,0.0,0.5489,0.7967
128,0.001,3,10,100,512,16,256,202,730,24,ContrastiveLoss,gru,/home/dpetrovitch/dzagcoffee/train_trace/age_pred/checkpoints/age_pred_2025-10-10 14:37:35.506749_ContrastiveLoss_gru_catboost/model_128_0.001_3_10_100_256_512_16_ContrastiveLoss_gruepoch=11.ckpt,11,24,0.29859138,65.192,3.1549,0.0004,4.0667,1.1919,9.5647,0.7059,3950.4849,100.0471,947.0978,23.9855,881.3365,22.3201,845.3795,21.4095,799.4271,20.2457,764.3026,19.3562,703.2009,17.8088,390.9343,8.3581,93.7234,2.0038,87.2158,1.8647,83.6575,1.7886,79.1101,1.6914,75.6343,1.6171,69.5877,1.4878,0.0,0.0,0.0,0.0,0.0,0.0,0.0,0.0,0.0,0.0,0.0,0.0,0.0,0.0,0.0,0.0,0.0,0.0,0.0,0.0,0.0,0.0,0.0,0.0,0.0,0.0,0.0,0.0,0.0,0.0,0.0,0.0,0.0,0.0,0.0,0.55,0.7988
128,0.001,3,10,100,512,16,256,202,730,24,ContrastiveLoss,gru,/home/dpetrovitch/dzagcoffee/train_trace/age_pred/checkpoints/age_pred_2025-10-10 14:37:35.506749_ContrastiveLoss_gru_catboost/model_128_0.001_3_10_100_256_512_16_ContrastiveLoss_gruepoch=12.ckpt,12,24,0.3078638,67.5813,3.2293,0.0004,4.0666,1.2076,9.2424,0.6877,4121.0444,104.35,952.9119,24.1289,886.0608,22.4362,849.1277,21.501,801.2842,20.2895,764.2663,19.3522,699.5501,17.7135,408.0117,8.7282,94.3448,2.0182,87.7261,1.8766,84.0695,1.7984,79.3326,1.6971,75.6676,1.6187,69.2603,1.4816,0.0,0.0,0.0,0.0,0.0,0.0,0.0,0.0,0.0,0.0,0.0,0.0,0.0,0.0,0.0,0.0,0.0,0.0,0.0,0.0,0.0,0.0,0.0,0.0,0.0,0.0,0.0,0.0,0.0,0.0,0.0,0.0,0.0,0.0,0.0,0.5433,0.7971
128,0.001,3,10,100,512,16,256,202,730,24,ContrastiveLoss,gru,/home/dpetrovitch/dzagcoffee/train_trace/age_pred/checkpoints/age_pred_2025-10-10 14:37:35.506749_ContrastiveLoss_gru_catboost/model_128_0.001_3_10_100_256_512_16_ContrastiveLoss_gruepoch=13.ckpt,13,24,0.30233,66.4907,3.1201,0.0003,4.0984,1.201,9.0444,0.6954,4078.6943,103.2933,951.9539,24.1083,885.5751,22.4273,849.1653,21.5052,802.3053,20.3185,766.4191,19.4096,705.265,17.8609,399.1624,8.5306,93.1632,1.991,86.667,1.8522,83.1038,1.776,78.5178,1.678,75.0058,1.603,69.0209,1.4751,0.0,0.0,0.0,0.0,0.0,0.0,0.0,0.0,0.0,0.0,0.0,0.0,0.0,0.0,0.0,0.0,0.0,0.0,0.0,0.0,0.0,0.0,0.0,0.0,0.0,0.0,0.0,0.0,0.0,0.0,0.0,0.0,0.0,0.0,0.0,0.5444,0.7993
128,0.001,3,10,100,512,16,256,202,730,24,ContrastiveLoss,gru,/home/dpetrovitch/dzagcoffee/train_trace/age_pred/checkpoints/age_pred_2025-10-10 14:37:35.506749_ContrastiveLoss_gru_catboost/model_128_0.001_3_10_100_256_512_16_ContrastiveLoss_gruepoch=14.ckpt,14,24,0.30525964,68.9451,3.2149,0.0002,4.0968,1.2109,8.8462,0.6842,4175.1025,105.7049,960.0157,24.3056,893.2464,22.6151,856.5036,21.6849,808.9532,20.481,772.2142,19.5509,709.4994,17.963,412.8543,8.7724,94.931,2.0171,88.3285,1.8768,84.6952,1.7996,79.9932,1.6997,76.3603,1.6225,70.1587,1.4908,0.0,0.0,0.0,0.0,0.0,0.0,0.0,0.0,0.0,0.0,0.0,0.0,0.0,0.0,0.0,0.0,0.0,0.0,0.0,0.0,0.0,0.0,0.0,0.0,0.0,0.0,0.0,0.0,0.0,0.0,0.0,0.0,0.0,0.0,0.0,0.5322,0.7913
128,0.001,3,10,100,512,16,256,202,730,24,ContrastiveLoss,gru,/home/dpetrovitch/dzagcoffee/train_trace/age_pred/checkpoints/age_pred_2025-10-10 14:37:35.506749_ContrastiveLoss_gru_catboost/model_128_0.001_3_10_100_256_512_16_ContrastiveLoss_gruepoch=15.ckpt,15,24,0.31095126,68.5072,3.1842,0.0002,4.1292,1.2043,9.3142,0.6915,4164.9336,105.4439,963.7331,24.3989,897.6313,22.7254,861.139,21.8015,813.8415,20.6041,777.2316,19.6772,713.7993,18.0713,407.2641,8.6742,94.2377,2.0071,87.774,1.8695,84.2057,1.7935,79.5807,1.695,76.0009,1.6187,69.7982,1.4866,0.0,0.0,0.0,0.0,0.0,0.0,0.0,0.0,0.0,0.0,0.0,0.0,0.0,0.0,0.0,0.0,0.0,0.0,0.0,0.0,0.0,0.0,0.0,0.0,0.0,0.0,0.0,0.0,0.0,0.0,0.0,0.0,0.0,0.0,0.0,0.5544,0.7898
128,0.001,3,10,100,512,16,256,202,730,24,ContrastiveLoss,gru,/home/dpetrovitch/dzagcoffee/train_trace/age_pred/checkpoints/age_pred_2025-10-10 14:37:35.506749_ContrastiveLoss_gru_catboost/model_128_0.001_3_10_100_256_512_16_ContrastiveLoss_gruepoch=16.ckpt,16,24,0.31864545,67.7953,3.4389,0.0002,4.1504,1.2018,9.1598,0.6946,4285.651,108.4863,962.4563,24.3635,895.6078,22.6713,858.5785,21.7339,810.6288,20.5201,773.2478,19.5739,707.6715,17.9139,421.4064,8.962,94.638,2.0127,88.0648,1.8729,84.4237,1.7954,79.7088,1.6952,76.0332,1.617,69.5851,1.4799,0.0,0.0,0.0,0.0,0.0,0.0,0.0,0.0,0.0,0.0,0.0,0.0,0.0,0.0,0.0,0.0,0.0,0.0,0.0,0.0,0.0,0.0,0.0,0.0,0.0,0.0,0.0,0.0,0.0,0.0,0.0,0.0,0.0,0.0,0.0,0.5467,0.8057
128,0.001,3,10,100,512,16,256,202,730,24,ContrastiveLoss,gru,/home/dpetrovitch/dzagcoffee/train_trace/age_pred/checkpoints/age_pred_2025-10-10 14:37:35.506749_ContrastiveLoss_gru_catboost/model_128_0.001_3_10_100_256_512_16_ContrastiveLoss_gruepoch=17.ckpt,17,24,0.29921284,68.6324,3.5791,1e-04,4.1595,1.2071,9.2155,0.6883,4275.208,108.2031,965.5217,24.4368,900.4226,22.7892,864.3178,21.8754,817.9033,20.7007,782.0764,19.7939,721.3292,18.2564,427.6074,8.9415,96.5717,2.0194,90.0605,1.8832,86.4493,1.8077,81.8069,1.7106,78.2235,1.6357,72.1475,1.5086,0.0,0.0,0.0,0.0,0.0,0.0,0.0,0.0,0.0,0.0,0.0,0.0,0.0,0.0,0.0,0.0,0.0,0.0,0.0,0.0,0.0,0.0,0.0,0.0,0.0,0.0,0.0,0.0,0.0,0.0,0.0,0.0,0.0,0.0,0.0,0.5556,0.7951
128,0.001,3,10,100,512,16,256,202,730,24,ContrastiveLoss,gru,/home/dpetrovitch/dzagcoffee/train_trace/age_pred/checkpoints/age_pred_2025-10-10 14:37:35.506749_ContrastiveLoss_gru_catboost/model_128_0.001_3_10_100_256_512_16_ContrastiveLoss_gruepoch=18.ckpt,18,24,0.31659365,68.0039,3.2747,1e-04,4.182,1.197,10.0355,0.6998,4299.6704,108.8074,969.7384,24.5402,903.9737,22.8759,867.4659,21.9521,820.4751,20.7629,783.9685,19.8391,721.3942,18.2556,427.9702,8.9778,96.5235,2.0248,89.9776,1.8875,86.3437,1.8113,81.6665,1.7132,78.0328,1.6369,71.8044,1.5063,0.0,0.0,0.0,0.0,0.0,0.0,0.0,0.0,0.0,0.0,0.0,0.0,0.0,0.0,0.0,0.0,0.0,0.0,0.0,0.0,0.0,0.0,0.0,0.0,0.0,0.0,0.0,0.0,0.0,0.0,0.0,0.0,0.0,0.0,0.0,0.5611,0.798
128,0.001,3,10,100,512,16,256,202,730,24,ContrastiveLoss,gru,/home/dpetrovitch/dzagcoffee/train_trace/age_pred/checkpoints/age_pred_2025-10-10 14:37:35.506749_ContrastiveLoss_gru_catboost/model_128_0.001_3_10_100_256_512_16_ContrastiveLoss_gruepoch=19.ckpt,19,24,0.30056426,65.1853,3.6674,1e-04,4.2139,1.1769,9.4699,0.7235,4095.7913,103.6743,962.3748,24.36,897.9574,22.7295,862.4061,21.8296,816.7707,20.6744,781.6796,19.7862,721.9399,18.274,397.8349,8.5009,93.478,1.9974,87.2209,1.8637,83.7678,1.79,79.3351,1.6952,75.9266,1.6224,70.1239,1.4984,0.0,0.0,0.0,0.0,0.0,0.0,0.0,0.0,0.0,0.0,0.0,0.0,0.0,0.0,0.0,0.0,0.0,0.0,0.0,0.0,0.0,0.0,0.0,0.0,0.0,0.0,0.0,0.0,0.0,0.0,0.0,0.0,0.0,0.0,0.0,0.5422,0.7923
128,0.001,3,10,100,512,16,256,202,730,24,ContrastiveLoss,gru,/home/dpetrovitch/dzagcoffee/train_trace/age_pred/checkpoints/age_pred_2025-10-10 14:37:35.506749_ContrastiveLoss_gru_catboost/model_128_0.001_3_10_100_256_512_16_ContrastiveLoss_gruepoch=20.ckpt,20,24,0.3249882,68.9656,3.4889,1e-04,4.1959,1.2066,9.1971,0.689,4416.744,111.7682,970.4377,24.5575,904.5034,22.889,867.7932,21.96,820.2488,20.7568,782.8622,19.8108,718.0672,18.1711,434.0252,9.1509,95.3631,2.0106,88.8839,1.874,85.2764,1.798,80.6043,1.6995,76.9304,1.622,70.5631,1.4877,0.0,0.0,0.0,0.0,0.0,0.0,0.0,0.0,0.0,0.0,0.0,0.0,0.0,0.0,0.0,0.0,0.0,0.0,0.0,0.0,0.0,0.0,0.0,0.0,0.0,0.0,0.0,0.0,0.0,0.0,0.0,0.0,0.0,0.0,0.0,0.5633,0.7973
128,0.001,3,10,100,512,16,256,202,730,24,ContrastiveLoss,gru,/home/dpetrovitch/dzagcoffee/train_trace/age_pred/checkpoints/age_pred_2025-10-10 14:37:35.506749_ContrastiveLoss_gru_catboost/model_128_0.001_3_10_100_256_512_16_ContrastiveLoss_gruepoch=21.ckpt,21,24,0.32589567,69.1293,3.6754,1e-04,4.1984,1.2047,9.3686,0.6909,4449.1553,112.5736,972.647,24.6101,907.361,22.9583,870.9956,22.0381,823.8571,20.8454,786.9468,19.9115,722.808,18.2887,445.297,9.3033,97.3481,2.0338,90.8139,1.8973,87.1742,1.8213,82.4563,1.7227,78.7621,1.6455,72.3428,1.5114,0.0,0.0,0.0,0.0,0.0,0.0,0.0,0.0,0.0,0.0,0.0,0.0,0.0,0.0,0.0,0.0,0.0,0.0,0.0,0.0,0.0,0.0,0.0,0.0,0.0,0.0,0.0,0.0,0.0,0.0,0.0,0.0,0.0,0.0,0.0,0.5589,0.8039
128,0.001,3,10,100,512,16,256,202,730,24,ContrastiveLoss,gru,/home/dpetrovitch/dzagcoffee/train_trace/age_pred/checkpoints/age_pred_2025-10-10 14:37:35.506749_ContrastiveLoss_gru_catboost/model_128_0.001_3_10_100_256_512_16_ContrastiveLoss_gruepoch=22.ckpt,22,24,0.31270716,68.7535,3.2812,1e-04,4.2235,1.2024,9.4981,0.6937,4424.7085,111.9741,975.2082,24.6791,909.8362,23.0248,873.4103,22.103,825.9741,20.9025,788.7539,19.9606,723.4581,18.3082,442.1925,9.2077,97.4595,2.0294,90.9264,1.8934,87.2861,1.8176,82.5454,1.7188,78.8258,1.6414,72.3003,1.5055,0.0,0.0,0.0,0.0,0.0,0.0,0.0,0.0,0.0,0.0,0.0,0.0,0.0,0.0,0.0,0.0,0.0,0.0,0.0,0.0,0.0,0.0,0.0,0.0,0.0,0.0,0.0,0.0,0.0,0.0,0.0,0.0,0.0,0.0,0.0,0.54,0.7948
128,0.001,3,10,100,512,16,256,202,730,24,ContrastiveLoss,gru,/home/dpetrovitch/dzagcoffee/train_trace/age_pred/checkpoints/age_pred_2025-10-10 14:37:35.506749_ContrastiveLoss_gru_catboost/model_128_0.001_3_10_100_256_512_16_ContrastiveLoss_gruepoch=23.ckpt,23,24,0.318675,68.972,3.4181,1e-04,4.2187,1.2047,9.7458,0.6908,4455.4272,112.7344,971.8369,24.5901,906.7546,22.9434,870.5525,22.0273,823.7314,20.8426,787.1776,19.9177,724.8409,18.3404,445.5628,9.3188,97.1881,2.0327,90.6795,1.8965,87.0592,1.8208,82.3768,1.7229,78.7213,1.6464,72.4873,1.516,0.0,0.0,0.0,0.0,0.0,0.0,0.0,0.0,0.0,0.0,0.0,0.0,0.0,0.0,0.0,0.0,0.0,0.0,0.0,0.0,0.0,0.0,0.0,0.0,0.0,0.0,0.0,0.0,0.0,0.0,0.0,0.0,0.0,0.0,0.0,0.56,0.7987
128,0.001,3,10,100,1024,16,256,202,730,24,ContrastiveLoss,gru,/home/dpetrovitch/dzagcoffee/train_trace/age_pred/checkpoints/age_pred_2025-10-10 14:37:35.506749_ContrastiveLoss_gru_catboost/model_128_0.001_3_10_100_256_1024_16_ContrastiveLoss_gruepoch=00.ckpt,0,24,0.119002536,51.8397,4.9274,0.0006,4.0983,1.143,5.7271,0.7689,1938.0916,49.5393,783.5925,20.0293,704.7825,18.0149,662.2836,16.9285,608.7286,15.5596,568.1855,14.5233,498.6749,12.7466,130.8684,3.7375,52.9116,1.5111,47.59,1.3591,44.7203,1.2772,41.104,1.1739,38.3664,1.0957,33.6727,0.9617,0.0,0.0,0.0,0.0,0.0,0.0,0.0,0.0,0.0,0.0,0.0,0.0,0.0,0.0,0.0,0.0,0.0,0.0,0.0,0.0,0.0,0.0,0.0,0.0,0.0,0.0,0.0,0.0,0.0,0.0,0.0,0.0,0.0,0.0,0.0,0.4511,0.718
128,0.001,3,10,100,1024,16,256,202,730,24,ContrastiveLoss,gru,/home/dpetrovitch/dzagcoffee/train_trace/age_pred/checkpoints/age_pred_2025-10-10 14:37:35.506749_ContrastiveLoss_gru_catboost/model_128_0.001_3_10_100_256_1024_16_ContrastiveLoss_gruepoch=01.ckpt,1,24,0.19220525,58.5362,4.2269,0.0006,4.0814,1.164,7.3447,0.7401,2534.653,64.3876,851.1535,21.6218,775.8832,19.7097,735.1212,18.6742,683.5134,17.3632,643.7179,16.3523,576.721,14.6504,200.8085,5.0874,67.4328,1.7084,61.4695,1.5573,58.2402,1.4755,54.1515,1.3719,50.9987,1.292,45.6909,1.1576,0.0,0.0,0.0,0.0,0.0,0.0,0.0,0.0,0.0,0.0,0.0,0.0,0.0,0.0,0.0,0.0,0.0,0.0,0.0,0.0,0.0,0.0,0.0,0.0,0.0,0.0,0.0,0.0,0.0,0.0,0.0,0.0,0.0,0.0,0.0,0.5078,0.7534
128,0.001,3,10,100,1024,16,256,202,730,24,ContrastiveLoss,gru,/home/dpetrovitch/dzagcoffee/train_trace/age_pred/checkpoints/age_pred_2025-10-10 14:37:35.506749_ContrastiveLoss_gru_catboost/model_128_0.001_3_10_100_256_1024_16_ContrastiveLoss_gruepoch=02.ckpt,2,24,0.21667849,58.8303,3.9889,0.0003,4.0889,1.1569,8.43,0.7486,2831.7551,71.7394,882.4242,22.3552,812.5597,20.5853,774.5205,19.6216,726.646,18.4088,690.7236,17.4987,630.8717,15.9824,254.673,6.0128,79.3605,1.8737,73.0773,1.7253,69.6563,1.6446,65.3507,1.5429,62.12,1.4666,56.7372,1.3396,0.0,0.0,0.0,0.0,0.0,0.0,0.0,0.0,0.0,0.0,0.0,0.0,0.0,0.0,0.0,0.0,0.0,0.0,0.0,0.0,0.0,0.0,0.0,0.0,0.0,0.0,0.0,0.0,0.0,0.0,0.0,0.0,0.0,0.0,0.0,0.5211,0.7694
128,0.001,3,10,100,1024,16,256,202,730,24,ContrastiveLoss,gru,/home/dpetrovitch/dzagcoffee/train_trace/age_pred/checkpoints/age_pred_2025-10-10 14:37:35.506749_ContrastiveLoss_gru_catboost/model_128_0.001_3_10_100_256_1024_16_ContrastiveLoss_gruepoch=03.ckpt,3,24,0.25680637,60.9319,3.6697,0.0002,4.0417,1.1763,8.5787,0.7247,3145.6372,79.6489,885.6353,22.4247,816.3997,20.6716,778.8723,19.7214,730.8224,18.5047,694.0782,17.5744,630.9388,15.9756,297.2218,6.9032,83.681,1.9435,77.1391,1.7916,73.5933,1.7093,69.0532,1.6038,65.5813,1.5232,59.6155,1.3846,0.0,0.0,0.0,0.0,0.0,0.0,0.0,0.0,0.0,0.0,0.0,0.0,0.0,0.0,0.0,0.0,0.0,0.0,0.0,0.0,0.0,0.0,0.0,0.0,0.0,0.0,0.0,0.0,0.0,0.0,0.0,0.0,0.0,0.0,0.0,0.5556,0.7874
128,0.001,3,10,100,1024,16,256,202,730,24,ContrastiveLoss,gru,/home/dpetrovitch/dzagcoffee/train_trace/age_pred/checkpoints/age_pred_2025-10-10 14:37:35.506749_ContrastiveLoss_gru_catboost/model_128_0.001_3_10_100_256_1024_16_ContrastiveLoss_gruepoch=04.ckpt,4,24,0.2688309,60.8598,3.3548,1e-04,4.0292,1.1784,8.8042,0.722,3331.3652,84.3551,894.4836,22.6497,827.5041,20.9536,791.0072,20.0295,744.8079,18.8596,709.0116,17.9532,646.021,16.3582,322.7542,7.3508,86.6607,1.9737,80.1715,1.8259,76.6355,1.7454,72.1596,1.6434,68.6915,1.5645,62.5888,1.4255,0.0,0.0,0.0,0.0,0.0,0.0,0.0,0.0,0.0,0.0,0.0,0.0,0.0,0.0,0.0,0.0,0.0,0.0,0.0,0.0,0.0,0.0,0.0,0.0,0.0,0.0,0.0,0.0,0.0,0.0,0.0,0.0,0.0,0.0,0.0,0.5456,0.7928
128,0.001,3,10,100,1024,16,256,202,730,24,ContrastiveLoss,gru,/home/dpetrovitch/dzagcoffee/train_trace/age_pred/checkpoints/age_pred_2025-10-10 14:37:35.506749_ContrastiveLoss_gru_catboost/model_128_0.001_3_10_100_256_1024_16_ContrastiveLoss_gruepoch=05.ckpt,5,24,0.28168404,63.2792,3.0273,1e-04,4.0337,1.201,8.7059,0.6959,3572.7583,90.4859,908.1838,23.0012,840.5689,21.2888,803.6637,20.3541,756.5351,19.1605,720.4506,18.2466,658.0822,16.667,345.4178,7.7838,87.8041,1.9786,81.267,1.8313,77.699,1.7509,73.1426,1.6482,69.6539,1.5696,63.624,1.4337,0.0,0.0,0.0,0.0,0.0,0.0,0.0,0.0,0.0,0.0,0.0,0.0,0.0,0.0,0.0,0.0,0.0,0.0,0.0,0.0,0.0,0.0,0.0,0.0,0.0,0.0,0.0,0.0,0.0,0.0,0.0,0.0,0.0,0.0,0.0,0.5389,0.7905
128,0.001,3,10,100,1024,16,256,202,730,24,ContrastiveLoss,gru,/home/dpetrovitch/dzagcoffee/train_trace/age_pred/checkpoints/age_pred_2025-10-10 14:37:35.506749_ContrastiveLoss_gru_catboost/model_128_0.001_3_10_100_256_1024_16_ContrastiveLoss_gruepoch=06.ckpt,6,24,0.27745226,63.5975,3.0552,1e-04,4.0618,1.1999,8.7049,0.6972,3711.7563,93.9884,925.5862,23.4375,858.0337,21.727,820.8743,20.786,772.7907,19.5685,735.4639,18.6233,670.8909,16.9882,375.2744,8.2183,93.5807,2.0494,86.7509,1.8998,82.9939,1.8175,78.1324,1.7111,74.3585,1.6284,67.8299,1.4854,0.0,0.0,0.0,0.0,0.0,0.0,0.0,0.0,0.0,0.0,0.0,0.0,0.0,0.0,0.0,0.0,0.0,0.0,0.0,0.0,0.0,0.0,0.0,0.0,0.0,0.0,0.0,0.0,0.0,0.0,0.0,0.0,0.0,0.0,0.0,0.5544,0.7946
128,0.001,3,10,100,1024,16,256,202,730,24,ContrastiveLoss,gru,/home/dpetrovitch/dzagcoffee/train_trace/age_pred/checkpoints/age_pred_2025-10-10 14:37:35.506749_ContrastiveLoss_gru_catboost/model_128_0.001_3_10_100_256_1024_16_ContrastiveLoss_gruepoch=07.ckpt,7,24,0.28725737,62.1591,3.088,1e-04,4.1019,1.1933,8.5351,0.7044,3813.983,96.555,926.1075,23.4454,859.6289,21.7624,822.9558,20.834,775.595,19.635,738.9311,18.7068,675.3281,17.0967,393.6988,8.5618,95.5976,2.079,88.7353,1.9297,84.9497,1.8474,80.0609,1.7411,76.2763,1.6588,69.7108,1.516,0.0,0.0,0.0,0.0,0.0,0.0,0.0,0.0,0.0,0.0,0.0,0.0,0.0,0.0,0.0,0.0,0.0,0.0,0.0,0.0,0.0,0.0,0.0,0.0,0.0,0.0,0.0,0.0,0.0,0.0,0.0,0.0,0.0,0.0,0.0,0.5311,0.7873
128,0.001,3,10,100,1024,16,256,202,730,24,ContrastiveLoss,gru,/home/dpetrovitch/dzagcoffee/train_trace/age_pred/checkpoints/age_pred_2025-10-10 14:37:35.506749_ContrastiveLoss_gru_catboost/model_128_0.001_3_10_100_256_1024_16_ContrastiveLoss_gruepoch=08.ckpt,8,24,0.29155815,65.2836,2.8773,0.0002,4.1101,1.2089,9.359,0.6866,4022.9187,101.8131,944.2689,23.8978,877.1841,22.2,840.0476,21.2601,791.3387,20.0274,753.502,19.0698,687.4671,17.3986,414.9261,8.7763,97.3924,2.06,90.4733,1.9136,86.643,1.8326,81.6191,1.7264,77.7166,1.6438,70.9057,1.4998,0.0,0.0,0.0,0.0,0.0,0.0,0.0,0.0,0.0,0.0,0.0,0.0,0.0,0.0,0.0,0.0,0.0,0.0,0.0,0.0,0.0,0.0,0.0,0.0,0.0,0.0,0.0,0.0,0.0,0.0,0.0,0.0,0.0,0.0,0.0,0.5344,0.7908
128,0.001,3,10,100,1024,16,256,202,730,24,ContrastiveLoss,gru,/home/dpetrovitch/dzagcoffee/train_trace/age_pred/checkpoints/age_pred_2025-10-10 14:37:35.506749_ContrastiveLoss_gru_catboost/model_128_0.001_3_10_100_256_1024_16_ContrastiveLoss_gruepoch=09.ckpt,9,24,0.30222142,65.376,2.7452,0.0003,4.1623,1.2044,8.7923,0.6914,4123.169,104.3294,951.5355,24.0769,885.9993,22.4186,849.5726,21.4969,801.6381,20.284,763.5361,19.3199,695.1848,17.5904,432.6165,9.081,99.8382,2.0957,92.962,1.9514,89.14,1.8711,84.1105,1.7656,80.1127,1.6816,72.9411,1.5311,0.0,0.0,0.0,0.0,0.0,0.0,0.0,0.0,0.0,0.0,0.0,0.0,0.0,0.0,0.0,0.0,0.0,0.0,0.0,0.0,0.0,0.0,0.0,0.0,0.0,0.0,0.0,0.0,0.0,0.0,0.0,0.0,0.0,0.0,0.0,0.5411,0.8046
128,0.001,3,10,100,1024,16,256,202,730,24,ContrastiveLoss,gru,/home/dpetrovitch/dzagcoffee/train_trace/age_pred/checkpoints/age_pred_2025-10-10 14:37:35.506749_ContrastiveLoss_gru_catboost/model_128_0.001_3_10_100_256_1024_16_ContrastiveLoss_gruepoch=10.ckpt,10,24,0.30732128,64.8271,2.7814,0.0003,4.2021,1.2025,9.4638,0.6932,4168.743,105.477,951.0108,24.0623,886.6012,22.4327,851.1513,21.5357,804.7519,20.3617,768.5929,19.4468,704.7528,17.8316,442.4212,9.233,100.9291,2.1063,94.0934,1.9636,90.3312,1.8851,85.4069,1.7824,81.5694,1.7023,74.7942,1.5609,0.0,0.0,0.0,0.0,0.0,0.0,0.0,0.0,0.0,0.0,0.0,0.0,0.0,0.0,0.0,0.0,0.0,0.0,0.0,0.0,0.0,0.0,0.0,0.0,0.0,0.0,0.0,0.0,0.0,0.0,0.0,0.0,0.0,0.0,0.0,0.5667,0.8034
128,0.001,3,10,100,1024,16,256,202,730,24,ContrastiveLoss,gru,/home/dpetrovitch/dzagcoffee/train_trace/age_pred/checkpoints/age_pred_2025-10-10 14:37:35.506749_ContrastiveLoss_gru_catboost/model_128_0.001_3_10_100_256_1024_16_ContrastiveLoss_gruepoch=11.ckpt,11,24,0.28954586,65.2256,2.6767,0.0003,4.2254,1.2026,9.4109,0.6931,4119.539,104.2295,955.7169,24.1808,891.419,22.554,856.0172,21.6583,810.055,20.4954,774.7162,19.6013,712.1321,18.0178,438.6262,9.1092,101.7596,2.1133,94.9135,1.9711,91.1441,1.8928,86.2503,1.7912,82.4876,1.7131,75.824,1.5747,0.0,0.0,0.0,0.0,0.0,0.0,0.0,0.0,0.0,0.0,0.0,0.0,0.0,0.0,0.0,0.0,0.0,0.0,0.0,0.0,0.0,0.0,0.0,0.0,0.0,0.0,0.0,0.0,0.0,0.0,0.0,0.0,0.0,0.0,0.0,0.53,0.7875
128,0.001,3,10,100,1024,16,256,202,730,24,ContrastiveLoss,gru,/home/dpetrovitch/dzagcoffee/train_trace/age_pred/checkpoints/age_pred_2025-10-10 14:37:35.506749_ContrastiveLoss_gru_catboost/model_128_0.001_3_10_100_256_1024_16_ContrastiveLoss_gruepoch=12.ckpt,12,24,0.29542497,64.4363,4.3105,0.0002,4.2547,1.1929,9.6314,0.7038,4164.43,105.3407,959.5342,24.2718,896.6736,22.6817,861.8929,21.8019,817.1805,20.6709,782.8863,19.8034,722.3238,18.2714,456.8252,9.3557,105.258,2.1557,98.3623,2.0145,94.547,1.9363,89.6422,1.8359,85.8802,1.7588,79.2367,1.6228,0.0,0.0,0.0,0.0,0.0,0.0,0.0,0.0,0.0,0.0,0.0,0.0,0.0,0.0,0.0,0.0,0.0,0.0,0.0,0.0,0.0,0.0,0.0,0.0,0.0,0.0,0.0,0.0,0.0,0.0,0.0,0.0,0.0,0.0,0.0,0.5489,0.7931
128,0.001,3,10,100,1024,16,256,202,730,24,ContrastiveLoss,gru,/home/dpetrovitch/dzagcoffee/train_trace/age_pred/checkpoints/age_pred_2025-10-10 14:37:35.506749_ContrastiveLoss_gru_catboost/model_128_0.001_3_10_100_256_1024_16_ContrastiveLoss_gruepoch=13.ckpt,13,24,0.30506232,67.3676,3.3315,0.0002,4.2293,1.2132,9.0219,0.6816,4298.806,108.7781,962.5065,24.3555,897.2324,22.7038,861.0368,21.7879,813.4022,20.5825,776.1547,19.64,709.995,17.9659,440.8502,9.221,98.7068,2.0646,92.0128,1.9246,88.3009,1.8469,83.4158,1.7448,79.5961,1.6649,72.8113,1.5229,0.0,0.0,0.0,0.0,0.0,0.0,0.0,0.0,0.0,0.0,0.0,0.0,0.0,0.0,0.0,0.0,0.0,0.0,0.0,0.0,0.0,0.0,0.0,0.0,0.0,0.0,0.0,0.0,0.0,0.0,0.0,0.0,0.0,0.0,0.0,0.57,0.8074
128,0.001,3,10,100,1024,16,256,202,730,24,ContrastiveLoss,gru,/home/dpetrovitch/dzagcoffee/train_trace/age_pred/checkpoints/age_pred_2025-10-10 14:37:35.506749_ContrastiveLoss_gru_catboost/model_128_0.001_3_10_100_256_1024_16_ContrastiveLoss_gruepoch=14.ckpt,14,24,0.3000809,66.7701,3.1233,0.0002,4.2528,1.2113,9.1775,0.6827,4357.431,110.2142,963.8114,24.3781,900.6157,22.7796,865.8225,21.8996,820.5334,20.7541,785.7278,19.8737,724.0941,18.3148,467.7408,9.639,103.4586,2.132,96.675,1.9922,92.9402,1.9153,88.0787,1.8151,84.3426,1.7381,77.7266,1.6018,0.0,0.0,0.0,0.0,0.0,0.0,0.0,0.0,0.0,0.0,0.0,0.0,0.0,0.0,0.0,0.0,0.0,0.0,0.0,0.0,0.0,0.0,0.0,0.0,0.0,0.0,0.0,0.0,0.0,0.0,0.0,0.0,0.0,0.0,0.0,0.5711,0.8054
128,0.001,3,10,100,1024,16,256,202,730,24,ContrastiveLoss,gru,/home/dpetrovitch/dzagcoffee/train_trace/age_pred/checkpoints/age_pred_2025-10-10 14:37:35.506749_ContrastiveLoss_gru_catboost/model_128_0.001_3_10_100_256_1024_16_ContrastiveLoss_gruepoch=15.ckpt,15,24,0.31457147,68.0653,3.3041,1e-04,4.2528,1.2139,9.7612,0.6802,4464.7563,112.9228,968.4121,24.4931,904.1246,22.8671,868.2967,21.961,821.931,20.7883,785.7587,19.8734,722.0302,18.2616,456.3817,9.4343,98.9898,2.0463,92.4185,1.9105,88.7562,1.8348,84.0167,1.7368,80.3192,1.6604,73.805,1.5257,0.0,0.0,0.0,0.0,0.0,0.0,0.0,0.0,0.0,0.0,0.0,0.0,0.0,0.0,0.0,0.0,0.0,0.0,0.0,0.0,0.0,0.0,0.0,0.0,0.0,0.0,0.0,0.0,0.0,0.0,0.0,0.0,0.0,0.0,0.0,0.5578,0.808
128,0.001,3,10,100,1024,16,256,202,730,24,ContrastiveLoss,gru,/home/dpetrovitch/dzagcoffee/train_trace/age_pred/checkpoints/age_pred_2025-10-10 14:37:35.506749_ContrastiveLoss_gru_catboost/model_128_0.001_3_10_100_256_1024_16_ContrastiveLoss_gruepoch=16.ckpt,16,24,0.30775526,67.9842,3.1286,1e-04,4.2645,1.2125,9.1953,0.6818,4417.1377,111.7247,967.9858,24.4837,904.2259,22.871,868.7332,21.9733,822.2417,20.7973,785.8429,19.8767,720.7246,18.2296,444.9624,9.3122,97.5105,2.0407,91.0876,1.9063,87.5122,1.8315,82.8289,1.7335,79.1622,1.6567,72.6025,1.5194,0.0,0.0,0.0,0.0,0.0,0.0,0.0,0.0,0.0,0.0,0.0,0.0,0.0,0.0,0.0,0.0,0.0,0.0,0.0,0.0,0.0,0.0,0.0,0.0,0.0,0.0,0.0,0.0,0.0,0.0,0.0,0.0,0.0,0.0,0.0,0.5611,0.7995
128,0.001,3,10,100,1024,16,256,202,730,24,ContrastiveLoss,gru,/home/dpetrovitch/dzagcoffee/train_trace/age_pred/checkpoints/age_pred_2025-10-10 14:37:35.506749_ContrastiveLoss_gru_catboost/model_128_0.001_3_10_100_256_1024_16_ContrastiveLoss_gruepoch=17.ckpt,17,24,0.31413746,68.2926,3.2808,1e-04,4.2698,1.2112,9.6044,0.6832,4469.249,113.0487,974.7887,24.6571,911.1013,23.0461,875.5438,22.1467,828.7928,20.9641,792.1163,20.0364,726.3045,18.3717,454.8426,9.4513,99.2058,2.0614,92.7242,1.9267,89.1055,1.8515,84.3476,1.7527,80.6149,1.6751,73.9172,1.5359,0.0,0.0,0.0,0.0,0.0,0.0,0.0,0.0,0.0,0.0,0.0,0.0,0.0,0.0,0.0,0.0,0.0,0.0,0.0,0.0,0.0,0.0,0.0,0.0,0.0,0.0,0.0,0.0,0.0,0.0,0.0,0.0,0.0,0.0,0.0,0.5456,0.8047
128,0.001,3,10,100,1024,16,256,202,730,24,ContrastiveLoss,gru,/home/dpetrovitch/dzagcoffee/train_trace/age_pred/checkpoints/age_pred_2025-10-10 14:37:35.506749_ContrastiveLoss_gru_catboost/model_128_0.001_3_10_100_256_1024_16_ContrastiveLoss_gruepoch=18.ckpt,18,24,0.32046044,68.4248,3.196,1e-04,4.2776,1.2114,9.3781,0.6828,4532.996,114.6522,973.1542,24.6138,908.3901,22.9757,872.2986,22.0629,824.823,20.8621,787.5597,19.9196,722.1907,18.2662,458.4694,9.5208,98.4253,2.0439,91.875,1.9079,88.2247,1.8321,83.423,1.7324,79.6542,1.6541,73.0427,1.5168,0.0,0.0,0.0,0.0,0.0,0.0,0.0,0.0,0.0,0.0,0.0,0.0,0.0,0.0,0.0,0.0,0.0,0.0,0.0,0.0,0.0,0.0,0.0,0.0,0.0,0.0,0.0,0.0,0.0,0.0,0.0,0.0,0.0,0.0,0.0,0.58,0.8101
128,0.001,3,10,100,1024,16,256,202,730,24,ContrastiveLoss,gru,/home/dpetrovitch/dzagcoffee/train_trace/age_pred/checkpoints/age_pred_2025-10-10 14:37:35.506749_ContrastiveLoss_gru_catboost/model_128_0.001_3_10_100_256_1024_16_ContrastiveLoss_gruepoch=19.ckpt,19,24,0.3061178,69.5639,3.5246,1e-04,4.2739,1.2207,9.4758,0.6726,4496.093,113.7261,972.9947,24.6113,909.6604,23.0093,874.718,22.1255,829.1144,20.972,793.551,20.0724,730.7537,18.484,451.4551,9.4506,97.6989,2.0452,91.3395,1.9121,87.8309,1.8386,83.2518,1.7428,79.6809,1.668,73.3754,1.536,0.0,0.0,0.0,0.0,0.0,0.0,0.0,0.0,0.0,0.0,0.0,0.0,0.0,0.0,0.0,0.0,0.0,0.0,0.0,0.0,0.0,0.0,0.0,0.0,0.0,0.0,0.0,0.0,0.0,0.0,0.0,0.0,0.0,0.0,0.0,0.5556,0.8117
128,0.001,3,10,100,1024,16,256,202,730,24,ContrastiveLoss,gru,/home/dpetrovitch/dzagcoffee/train_trace/age_pred/checkpoints/age_pred_2025-10-10 14:37:35.506749_ContrastiveLoss_gru_catboost/model_128_0.001_3_10_100_256_1024_16_ContrastiveLoss_gruepoch=20.ckpt,20,24,0.3184482,69.0689,3.2944,1e-04,4.3007,1.2138,9.1609,0.6799,4589.477,116.0463,975.181,24.6578,911.639,23.0511,876.3045,22.1576,830.2162,20.9923,794.1221,20.0796,729.416,18.4435,467.9136,9.6768,99.4232,2.0561,92.9449,1.9222,89.3424,1.8477,84.6435,1.7505,80.9636,1.6744,74.3666,1.538,0.0,0.0,0.0,0.0,0.0,0.0,0.0,0.0,0.0,0.0,0.0,0.0,0.0,0.0,0.0,0.0,0.0,0.0,0.0,0.0,0.0,0.0,0.0,0.0,0.0,0.0,0.0,0.0,0.0,0.0,0.0,0.0,0.0,0.0,0.0,0.5889,0.8146
128,0.001,3,10,100,1024,16,256,202,730,24,ContrastiveLoss,gru,/home/dpetrovitch/dzagcoffee/train_trace/age_pred/checkpoints/age_pred_2025-10-10 14:37:35.506749_ContrastiveLoss_gru_catboost/model_128_0.001_3_10_100_256_1024_16_ContrastiveLoss_gruepoch=21.ckpt,21,24,0.30812028,67.9109,2.9156,1e-04,4.3035,1.2059,9.1791,0.6888,4497.9536,113.7595,973.228,24.6143,909.8275,23.0108,874.7581,22.1238,828.6923,20.9588,792.4804,20.0429,727.9633,18.4112,464.5824,9.6241,100.5223,2.0824,93.9738,1.9467,90.3516,1.8717,85.5935,1.7731,81.8533,1.6956,75.1895,1.5576,0.0,0.0,0.0,0.0,0.0,0.0,0.0,0.0,0.0,0.0,0.0,0.0,0.0,0.0,0.0,0.0,0.0,0.0,0.0,0.0,0.0,0.0,0.0,0.0,0.0,0.0,0.0,0.0,0.0,0.0,0.0,0.0,0.0,0.0,0.0,0.5722,0.8056
128,0.001,3,10,100,1024,16,256,202,730,24,ContrastiveLoss,gru,/home/dpetrovitch/dzagcoffee/train_trace/age_pred/checkpoints/age_pred_2025-10-10 14:37:35.506749_ContrastiveLoss_gru_catboost/model_128_0.001_3_10_100_256_1024_16_ContrastiveLoss_gruepoch=22.ckpt,22,24,0.33062065,69.8644,3.2365,1e-04,4.2904,1.218,9.557,0.6754,4667.2803,118.0131,976.524,24.6916,912.7753,23.0797,877.2783,22.1822,830.7184,21.0049,794.587,20.0913,731.1729,18.4879,484.4436,9.9791,101.359,2.0879,94.7421,1.9516,91.0577,1.8757,86.225,1.7762,82.4747,1.6989,75.8926,1.5633,0.0,0.0,0.0,0.0,0.0,0.0,0.0,0.0,0.0,0.0,0.0,0.0,0.0,0.0,0.0,0.0,0.0,0.0,0.0,0.0,0.0,0.0,0.0,0.0,0.0,0.0,0.0,0.0,0.0,0.0,0.0,0.0,0.0,0.0,0.0,0.5811,0.8105
128,0.001,3,10,100,1024,16,256,202,730,24,ContrastiveLoss,gru,/home/dpetrovitch/dzagcoffee/train_trace/age_pred/checkpoints/age_pred_2025-10-10 14:37:35.506749_ContrastiveLoss_gru_catboost/model_128_0.001_3_10_100_256_1024_16_ContrastiveLoss_gruepoch=23.ckpt,23,24,0.3230252,68.9212,3.6421,1e-04,4.2978,1.2112,9.5969,0.6827,4652.79,117.6492,975.8862,24.676,912.9159,23.0838,878.0672,22.2026,832.714,21.0558,797.5111,20.1657,735.5045,18.5978,480.0632,9.8868,100.6895,2.0737,94.1924,1.9399,90.5968,1.8658,85.9174,1.7694,82.2852,1.6946,75.8875,1.5629,0.0,0.0,0.0,0.0,0.0,0.0,0.0,0.0,0.0,0.0,0.0,0.0,0.0,0.0,0.0,0.0,0.0,0.0,0.0,0.0,0.0,0.0,0.0,0.0,0.0,0.0,0.0,0.0,0.0,0.0,0.0,0.0,0.0,0.0,0.0,0.58,0.8064
128,0.001,3,10,100,16,4,256,202,730,24,ContrastiveLoss,gru,/home/dpetrovitch/dzagcoffee/train_trace/age_pred/checkpoints/age_pred_2025-10-10 14:37:35.506749_ContrastiveLoss_gru_catboost/model_128_0.001_3_10_100_256_16_4_ContrastiveLoss_gruepoch=00.ckpt,0,24,0.10947364,51.728,4.7649,0.0003,4.1763,1.1222,4.7311,0.7972,1836.8472,46.9926,800.3167,20.4748,716.8291,18.3389,670.9536,17.1652,613.1081,15.6853,569.9022,14.58,494.9443,12.6623,117.9699,3.358,51.3996,1.4631,46.0377,1.3105,43.0914,1.2266,39.3763,1.1209,36.6015,1.0419,31.7874,0.9048,0.0,0.0,0.0,0.0,0.0,0.0,0.0,0.0,0.0,0.0,0.0,0.0,0.0,0.0,0.0,0.0,0.0,0.0,0.0,0.0,0.0,0.0,0.0,0.0,0.0,0.0,0.0,0.0,0.0,0.0,0.0,0.0,0.0,0.0,0.0,0.45,0.7171
128,0.001,3,10,100,16,4,256,202,730,24,ContrastiveLoss,gru,/home/dpetrovitch/dzagcoffee/train_trace/age_pred/checkpoints/age_pred_2025-10-10 14:37:35.506749_ContrastiveLoss_gru_catboost/model_128_0.001_3_10_100_256_16_4_ContrastiveLoss_gruepoch=01.ckpt,1,24,0.17448904,58.5578,4.301,1e-04,4.1589,1.1381,5.7366,0.7752,2312.0947,58.8034,852.2398,21.675,771.9684,19.6334,727.5233,18.5031,670.0718,17.0419,625.4567,15.9072,548.5059,13.9501,156.6849,4.1594,57.7542,1.5332,52.3144,1.3887,49.3024,1.3088,45.4091,1.2054,42.3856,1.1252,37.1709,0.9867,0.0,0.0,0.0,0.0,0.0,0.0,0.0,0.0,0.0,0.0,0.0,0.0,0.0,0.0,0.0,0.0,0.0,0.0,0.0,0.0,0.0,0.0,0.0,0.0,0.0,0.0,0.0,0.0,0.0,0.0,0.0,0.0,0.0,0.0,0.0,0.5011,0.7438
128,0.001,3,10,100,16,4,256,202,730,24,ContrastiveLoss,gru,/home/dpetrovitch/dzagcoffee/train_trace/age_pred/checkpoints/age_pred_2025-10-10 14:37:35.506749_ContrastiveLoss_gru_catboost/model_128_0.001_3_10_100_256_16_4_ContrastiveLoss_gruepoch=02.ckpt,2,24,0.21397571,63.4561,4.0676,1e-04,4.1016,1.175,6.6313,0.7275,2752.1802,69.8374,873.5731,22.1672,799.9596,20.2992,759.8416,19.2812,707.9528,17.9645,667.7974,16.9456,597.9984,15.1744,217.2998,5.3675,68.9734,1.7037,63.1612,1.5601,59.9937,1.4819,55.8968,1.3807,52.7263,1.3024,47.2153,1.1663,0.0,0.0,0.0,0.0,0.0,0.0,0.0,0.0,0.0,0.0,0.0,0.0,0.0,0.0,0.0,0.0,0.0,0.0,0.0,0.0,0.0,0.0,0.0,0.0,0.0,0.0,0.0,0.0,0.0,0.0,0.0,0.0,0.0,0.0,0.0,0.5089,0.758
128,0.001,3,10,100,16,4,256,202,730,24,ContrastiveLoss,gru,/home/dpetrovitch/dzagcoffee/train_trace/age_pred/checkpoints/age_pred_2025-10-10 14:37:35.506749_ContrastiveLoss_gru_catboost/model_128_0.001_3_10_100_256_16_4_ContrastiveLoss_gruepoch=03.ckpt,3,24,0.24229603,63.5537,3.8567,1e-04,4.08,1.1779,7.9001,0.7232,3034.3215,76.9341,881.0392,22.3384,810.5759,20.5519,772.5963,19.5889,724.2572,18.3633,687.2738,17.4256,623.8348,15.8171,265.0298,6.2277,76.9535,1.8082,70.7989,1.6636,67.4817,1.5857,63.2595,1.4865,60.0292,1.4106,54.4882,1.2804,0.0,0.0,0.0,0.0,0.0,0.0,0.0,0.0,0.0,0.0,0.0,0.0,0.0,0.0,0.0,0.0,0.0,0.0,0.0,0.0,0.0,0.0,0.0,0.0,0.0,0.0,0.0,0.0,0.0,0.0,0.0,0.0,0.0,0.0,0.0,0.5122,0.7615
128,0.001,3,10,100,16,4,256,202,730,24,ContrastiveLoss,gru,/home/dpetrovitch/dzagcoffee/train_trace/age_pred/checkpoints/age_pred_2025-10-10 14:37:35.506749_ContrastiveLoss_gru_catboost/model_128_0.001_3_10_100_256_16_4_ContrastiveLoss_gruepoch=04.ckpt,4,24,0.25676692,65.3369,4.1081,1e-04,4.0291,1.1925,7.7014,0.7062,3250.0095,82.4325,891.6317,22.6151,820.4774,20.8104,781.869,19.8311,732.6269,18.5822,694.8311,17.6235,629.4278,15.9647,281.989,6.6177,77.3629,1.8155,71.1892,1.6707,67.8393,1.592,63.5668,1.4918,60.2874,1.4148,54.6127,1.2816,0.0,0.0,0.0,0.0,0.0,0.0,0.0,0.0,0.0,0.0,0.0,0.0,0.0,0.0,0.0,0.0,0.0,0.0,0.0,0.0,0.0,0.0,0.0,0.0,0.0,0.0,0.0,0.0,0.0,0.0,0.0,0.0,0.0,0.0,0.0,0.5267,0.7671
128,0.001,3,10,100,16,4,256,202,730,24,ContrastiveLoss,gru,/home/dpetrovitch/dzagcoffee/train_trace/age_pred/checkpoints/age_pred_2025-10-10 14:37:35.506749_ContrastiveLoss_gru_catboost/model_128_0.001_3_10_100_256_16_4_ContrastiveLoss_gruepoch=05.ckpt,5,24,0.24854995,64.9606,3.3811,1e-04,3.9713,1.2007,7.675,0.697,3290.271,83.4494,887.2762,22.5035,816.7458,20.7147,778.2457,19.7382,729.0838,18.4914,691.7988,17.5457,628.4144,15.9381,295.1139,6.8957,79.5824,1.8595,73.2563,1.7117,69.8031,1.631,65.3936,1.528,62.0494,1.4499,56.3643,1.317,0.0,0.0,0.0,0.0,0.0,0.0,0.0,0.0,0.0,0.0,0.0,0.0,0.0,0.0,0.0,0.0,0.0,0.0,0.0,0.0,0.0,0.0,0.0,0.0,0.0,0.0,0.0,0.0,0.0,0.0,0.0,0.0,0.0,0.0,0.0,0.5244,0.7683
128,0.001,3,10,100,16,4,256,202,730,24,ContrastiveLoss,gru,/home/dpetrovitch/dzagcoffee/train_trace/age_pred/checkpoints/age_pred_2025-10-10 14:37:35.506749_ContrastiveLoss_gru_catboost/model_128_0.001_3_10_100_256_16_4_ContrastiveLoss_gruepoch=06.ckpt,6,24,0.27844855,68.2054,3.6312,1e-04,3.921,1.2145,8.2747,0.6813,3598.14,91.2362,906.4742,22.985,836.6387,21.2142,798.5382,20.2481,749.9128,19.0152,712.6767,18.071,648.6277,16.4469,332.8448,7.6246,83.8531,1.9208,77.393,1.7729,73.8685,1.6921,69.3705,1.5891,65.9259,1.5102,60.0011,1.3745,0.0,0.0,0.0,0.0,0.0,0.0,0.0,0.0,0.0,0.0,0.0,0.0,0.0,0.0,0.0,0.0,0.0,0.0,0.0,0.0,0.0,0.0,0.0,0.0,0.0,0.0,0.0,0.0,0.0,0.0,0.0,0.0,0.0,0.0,0.0,0.5267,0.7656
128,0.001,3,10,100,16,4,256,202,730,24,ContrastiveLoss,gru,/home/dpetrovitch/dzagcoffee/train_trace/age_pred/checkpoints/age_pred_2025-10-10 14:37:35.506749_ContrastiveLoss_gru_catboost/model_128_0.001_3_10_100_256_16_4_ContrastiveLoss_gruepoch=07.ckpt,7,24,0.28711924,67.5415,3.565,0.0002,3.901,1.2136,9.0309,0.6819,3761.6667,95.3404,915.9214,23.2143,847.8075,21.4879,810.3495,20.5385,761.8753,19.3099,724.6462,18.3663,660.6026,16.7431,364.1204,8.0505,88.659,1.9602,82.0657,1.8144,78.4399,1.7343,73.7477,1.6305,70.144,1.5508,63.9448,1.4138,0.0,0.0,0.0,0.0,0.0,0.0,0.0,0.0,0.0,0.0,0.0,0.0,0.0,0.0,0.0,0.0,0.0,0.0,0.0,0.0,0.0,0.0,0.0,0.0,0.0,0.0,0.0,0.0,0.0,0.0,0.0,0.0,0.0,0.0,0.0,0.5078,0.7658
128,0.001,3,10,100,16,4,256,202,730,24,ContrastiveLoss,gru,/home/dpetrovitch/dzagcoffee/train_trace/age_pred/checkpoints/age_pred_2025-10-10 14:37:35.506749_ContrastiveLoss_gru_catboost/model_128_0.001_3_10_100_256_16_4_ContrastiveLoss_gruepoch=08.ckpt,8,24,0.2747593,67.2733,3.7648,0.0002,3.9336,1.21,8.6193,0.6858,3803.4673,96.3915,925.0917,23.4447,856.8088,21.7142,819.3843,20.7657,771.3149,19.5475,734.5048,18.6146,671.2467,17.0115,366.799,8.1386,89.214,1.9795,82.629,1.8334,79.0198,1.7533,74.3841,1.6504,70.8342,1.5717,64.7337,1.4363,0.0,0.0,0.0,0.0,0.0,0.0,0.0,0.0,0.0,0.0,0.0,0.0,0.0,0.0,0.0,0.0,0.0,0.0,0.0,0.0,0.0,0.0,0.0,0.0,0.0,0.0,0.0,0.0,0.0,0.0,0.0,0.0,0.0,0.0,0.0,0.5389,0.7855
128,0.001,3,10,100,16,4,256,202,730,24,ContrastiveLoss,gru,/home/dpetrovitch/dzagcoffee/train_trace/age_pred/checkpoints/age_pred_2025-10-10 14:37:35.506749_ContrastiveLoss_gru_catboost/model_128_0.001_3_10_100_256_16_4_ContrastiveLoss_gruepoch=09.ckpt,9,24,0.28851998,66.1382,3.7341,0.0003,3.9443,1.2102,8.9027,0.6851,3961.7915,100.3495,928.4285,23.5165,861.7739,21.8281,825.3641,20.9059,778.766,19.7256,743.0964,18.8221,681.8892,17.2718,396.3049,8.6142,92.8723,2.0187,86.2047,1.8738,82.5626,1.7946,77.9013,1.6933,74.3332,1.6157,68.2106,1.4826,0.0,0.0,0.0,0.0,0.0,0.0,0.0,0.0,0.0,0.0,0.0,0.0,0.0,0.0,0.0,0.0,0.0,0.0,0.0,0.0,0.0,0.0,0.0,0.0,0.0,0.0,0.0,0.0,0.0,0.0,0.0,0.0,0.0,0.0,0.0,0.54,0.7911
128,0.001,3,10,100,16,4,256,202,730,24,ContrastiveLoss,gru,/home/dpetrovitch/dzagcoffee/train_trace/age_pred/checkpoints/age_pred_2025-10-10 14:37:35.506749_ContrastiveLoss_gru_catboost/model_128_0.001_3_10_100_256_16_4_ContrastiveLoss_gruepoch=10.ckpt,10,24,0.2957505,65.4616,3.8869,0.0005,3.9647,1.2108,8.5412,0.6846,4019.995,101.8246,928.4403,23.517,862.3953,21.8441,826.3785,20.9318,779.8696,19.7537,744.6383,18.8613,683.8857,17.3225,411.2238,8.8439,94.9744,2.0425,88.2184,1.8972,84.5341,1.818,79.7765,1.7157,76.1725,1.6382,69.9578,1.5045,0.0,0.0,0.0,0.0,0.0,0.0,0.0,0.0,0.0,0.0,0.0,0.0,0.0,0.0,0.0,0.0,0.0,0.0,0.0,0.0,0.0,0.0,0.0,0.0,0.0,0.0,0.0,0.0,0.0,0.0,0.0,0.0,0.0,0.0,0.0,0.5667,0.7945
128,0.001,3,10,100,16,4,256,202,730,24,ContrastiveLoss,gru,/home/dpetrovitch/dzagcoffee/train_trace/age_pred/checkpoints/age_pred_2025-10-10 14:37:35.506749_ContrastiveLoss_gru_catboost/model_128_0.001_3_10_100_256_16_4_ContrastiveLoss_gruepoch=11.ckpt,11,24,0.29521778,66.5015,3.5917,0.0006,3.9755,1.2143,8.5646,0.6801,4113.067,104.1466,935.2788,23.6821,868.8901,22.0011,832.38,21.0766,785.1182,19.8799,748.8767,18.9622,685.8981,17.3676,413.837,8.8817,94.1033,2.0196,87.4235,1.8763,83.7501,1.7974,78.9948,1.6954,75.3484,1.6171,69.0118,1.4811,0.0,0.0,0.0,0.0,0.0,0.0,0.0,0.0,0.0,0.0,0.0,0.0,0.0,0.0,0.0,0.0,0.0,0.0,0.0,0.0,0.0,0.0,0.0,0.0,0.0,0.0,0.0,0.0,0.0,0.0,0.0,0.0,0.0,0.0,0.0,0.5378,0.7878
128,0.001,3,10,100,16,4,256,202,730,24,ContrastiveLoss,gru,/home/dpetrovitch/dzagcoffee/train_trace/age_pred/checkpoints/age_pred_2025-10-10 14:37:35.506749_ContrastiveLoss_gru_catboost/model_128_0.001_3_10_100_256_16_4_ContrastiveLoss_gruepoch=12.ckpt,12,24,0.30518067,65.5365,3.3649,0.0006,4.0246,1.2107,9.2718,0.684,4185.152,105.9465,937.8927,23.7426,873.0133,22.1002,837.2992,21.1961,791.3773,20.0336,756.2178,19.1435,695.1629,17.5979,434.7414,9.2887,97.4256,2.0816,90.6861,1.9376,86.9762,1.8583,82.206,1.7564,78.5537,1.6784,72.2115,1.5429,0.0,0.0,0.0,0.0,0.0,0.0,0.0,0.0,0.0,0.0,0.0,0.0,0.0,0.0,0.0,0.0,0.0,0.0,0.0,0.0,0.0,0.0,0.0,0.0,0.0,0.0,0.0,0.0,0.0,0.0,0.0,0.0,0.0,0.0,0.0,0.5267,0.7868
128,0.001,3,10,100,16,4,256,202,730,24,ContrastiveLoss,gru,/home/dpetrovitch/dzagcoffee/train_trace/age_pred/checkpoints/age_pred_2025-10-10 14:37:35.506749_ContrastiveLoss_gru_catboost/model_128_0.001_3_10_100_256_16_4_ContrastiveLoss_gruepoch=13.ckpt,13,24,0.29438922,63.9905,3.4741,0.0006,4.0593,1.1945,8.9938,0.7028,4059.7795,102.8141,940.2233,23.8112,875.5816,22.1741,840.1909,21.2779,794.5302,20.1215,759.387,19.2315,698.1145,17.6798,407.0245,8.8627,94.2647,2.0526,87.7839,1.9114,84.2357,1.8342,79.6578,1.7345,76.1344,1.6578,69.9914,1.524,0.0,0.0,0.0,0.0,0.0,0.0,0.0,0.0,0.0,0.0,0.0,0.0,0.0,0.0,0.0,0.0,0.0,0.0,0.0,0.0,0.0,0.0,0.0,0.0,0.0,0.0,0.0,0.0,0.0,0.0,0.0,0.0,0.0,0.0,0.0,0.55,0.7963
128,0.001,3,10,100,16,4,256,202,730,24,ContrastiveLoss,gru,/home/dpetrovitch/dzagcoffee/train_trace/age_pred/checkpoints/age_pred_2025-10-10 14:37:35.506749_ContrastiveLoss_gru_catboost/model_128_0.001_3_10_100_256_16_4_ContrastiveLoss_gruepoch=14.ckpt,14,24,0.283795,63.8015,3.6456,0.0006,4.0769,1.1938,8.6398,0.7036,4068.6003,103.0266,942.0316,23.8545,877.6789,22.2249,842.3258,21.3297,796.8108,20.1771,761.3662,19.2796,699.4516,17.7118,401.1154,8.7174,92.8731,2.0184,86.5287,1.8805,83.0433,1.8048,78.556,1.7072,75.0616,1.6313,68.9576,1.4986,0.0,0.0,0.0,0.0,0.0,0.0,0.0,0.0,0.0,0.0,0.0,0.0,0.0,0.0,0.0,0.0,0.0,0.0,0.0,0.0,0.0,0.0,0.0,0.0,0.0,0.0,0.0,0.0,0.0,0.0,0.0,0.0,0.0,0.0,0.0,0.5544,0.7937
128,0.001,3,10,100,16,4,256,202,730,24,ContrastiveLoss,gru,/home/dpetrovitch/dzagcoffee/train_trace/age_pred/checkpoints/age_pred_2025-10-10 14:37:35.506749_ContrastiveLoss_gru_catboost/model_128_0.001_3_10_100_256_16_4_ContrastiveLoss_gruepoch=15.ckpt,15,24,0.3092941,67.2693,4.1376,0.0007,4.0467,1.214,9.1375,0.68,4302.9683,108.9016,951.0142,24.0687,886.0603,22.4248,850.1003,21.5148,803.6248,20.3385,767.3926,19.4215,703.4948,17.8044,444.7424,9.2919,98.2941,2.0536,91.5806,1.9134,87.8639,1.8357,83.0603,1.7354,79.3155,1.6571,72.7112,1.5191,0.0,0.0,0.0,0.0,0.0,0.0,0.0,0.0,0.0,0.0,0.0,0.0,0.0,0.0,0.0,0.0,0.0,0.0,0.0,0.0,0.0,0.0,0.0,0.0,0.0,0.0,0.0,0.0,0.0,0.0,0.0,0.0,0.0,0.0,0.0,0.5622,0.7954
128,0.001,3,10,100,16,4,256,202,730,24,ContrastiveLoss,gru,/home/dpetrovitch/dzagcoffee/train_trace/age_pred/checkpoints/age_pred_2025-10-10 14:37:35.506749_ContrastiveLoss_gru_catboost/model_128_0.001_3_10_100_256_16_4_ContrastiveLoss_gruepoch=16.ckpt,16,24,0.31337792,68.2801,3.6722,0.0008,4.0598,1.2262,8.7944,0.6665,4452.7554,112.6865,956.3889,24.2035,891.8536,22.5703,856.254,21.6693,809.914,20.4966,773.7872,19.5823,708.268,17.9242,459.3564,9.5622,98.6633,2.0538,92.0057,1.9152,88.3331,1.8388,83.5526,1.7393,79.8257,1.6617,73.0666,1.521,0.0,0.0,0.0,0.0,0.0,0.0,0.0,0.0,0.0,0.0,0.0,0.0,0.0,0.0,0.0,0.0,0.0,0.0,0.0,0.0,0.0,0.0,0.0,0.0,0.0,0.0,0.0,0.0,0.0,0.0,0.0,0.0,0.0,0.0,0.0,0.5633,0.7986
128,0.001,3,10,100,16,4,256,202,730,24,ContrastiveLoss,gru,/home/dpetrovitch/dzagcoffee/train_trace/age_pred/checkpoints/age_pred_2025-10-10 14:37:35.506749_ContrastiveLoss_gru_catboost/model_128_0.001_3_10_100_256_16_4_ContrastiveLoss_gruepoch=17.ckpt,17,24,0.30444086,65.4851,3.1537,0.0007,4.0898,1.2008,9.3007,0.6952,4260.797,107.8441,948.9491,24.0186,884.6968,22.3924,849.3831,21.4986,804.234,20.3558,769.5781,19.4786,710.3531,17.9796,427.9492,9.13,95.3113,2.0334,88.8578,1.8957,85.311,1.8201,80.7763,1.7233,77.2955,1.649,71.347,1.5221,0.0,0.0,0.0,0.0,0.0,0.0,0.0,0.0,0.0,0.0,0.0,0.0,0.0,0.0,0.0,0.0,0.0,0.0,0.0,0.0,0.0,0.0,0.0,0.0,0.0,0.0,0.0,0.0,0.0,0.0,0.0,0.0,0.0,0.0,0.0,0.5744,0.802
128,0.001,3,10,100,16,4,256,202,730,24,ContrastiveLoss,gru,/home/dpetrovitch/dzagcoffee/train_trace/age_pred/checkpoints/age_pred_2025-10-10 14:37:35.506749_ContrastiveLoss_gru_catboost/model_128_0.001_3_10_100_256_16_4_ContrastiveLoss_gruepoch=18.ckpt,18,24,0.31706715,66.965,4.3172,0.0007,4.0956,1.2082,9.6574,0.6866,4430.23,112.0998,960.4054,24.3015,896.0966,22.6743,860.7701,21.7804,814.7991,20.6172,779.4537,19.7228,718.4079,18.1782,456.763,9.5523,99.0192,2.0708,92.3888,1.9321,88.7466,1.856,84.0069,1.7568,80.3628,1.6806,74.0689,1.549,0.0,0.0,0.0,0.0,0.0,0.0,0.0,0.0,0.0,0.0,0.0,0.0,0.0,0.0,0.0,0.0,0.0,0.0,0.0,0.0,0.0,0.0,0.0,0.0,0.0,0.0,0.0,0.0,0.0,0.0,0.0,0.0,0.0,0.0,0.0,0.5722,0.8006
128,0.001,3,10,100,16,4,256,202,730,24,ContrastiveLoss,gru,/home/dpetrovitch/dzagcoffee/train_trace/age_pred/checkpoints/age_pred_2025-10-10 14:37:35.506749_ContrastiveLoss_gru_catboost/model_128_0.001_3_10_100_256_16_4_ContrastiveLoss_gruepoch=19.ckpt,19,24,0.3180832,67.7248,4.1007,0.0008,4.1026,1.2132,9.0651,0.681,4468.656,113.0611,964.2067,24.3953,899.258,22.7521,863.382,21.8444,816.6617,20.6623,780.5534,19.7487,716.8504,18.137,462.9254,9.63,99.8859,2.0779,93.1576,1.9379,89.4411,1.8606,84.6011,1.7599,80.8606,1.6821,74.2613,1.5448,0.0,0.0,0.0,0.0,0.0,0.0,0.0,0.0,0.0,0.0,0.0,0.0,0.0,0.0,0.0,0.0,0.0,0.0,0.0,0.0,0.0,0.0,0.0,0.0,0.0,0.0,0.0,0.0,0.0,0.0,0.0,0.0,0.0,0.0,0.0,0.5589,0.8009
128,0.001,3,10,100,16,4,256,202,730,24,ContrastiveLoss,gru,/home/dpetrovitch/dzagcoffee/train_trace/age_pred/checkpoints/age_pred_2025-10-10 14:37:35.506749_ContrastiveLoss_gru_catboost/model_128_0.001_3_10_100_256_16_4_ContrastiveLoss_gruepoch=20.ckpt,20,24,0.31607082,67.4569,3.0457,0.0009,4.0992,1.215,9.7931,0.6789,4527.9224,114.5533,964.5759,24.4031,901.1937,22.7996,866.3834,21.9189,821.3284,20.779,786.812,19.9058,726.471,18.3792,486.9068,9.9924,103.725,2.1287,96.9092,1.9888,93.1659,1.912,88.321,1.8125,84.6093,1.7364,78.1205,1.6032,0.0,0.0,0.0,0.0,0.0,0.0,0.0,0.0,0.0,0.0,0.0,0.0,0.0,0.0,0.0,0.0,0.0,0.0,0.0,0.0,0.0,0.0,0.0,0.0,0.0,0.0,0.0,0.0,0.0,0.0,0.0,0.0,0.0,0.0,0.0,0.5622,0.8029
128,0.001,3,10,100,16,4,256,202,730,24,ContrastiveLoss,gru,/home/dpetrovitch/dzagcoffee/train_trace/age_pred/checkpoints/age_pred_2025-10-10 14:37:35.506749_ContrastiveLoss_gru_catboost/model_128_0.001_3_10_100_256_16_4_ContrastiveLoss_gruepoch=21.ckpt,21,24,0.32116082,68.3264,3.0535,0.0009,4.096,1.2183,9.593,0.6753,4533.0625,114.681,961.5087,24.325,897.2516,22.6994,861.9174,21.8055,816.0386,20.6448,780.9877,19.7581,720.3434,18.2238,467.4816,9.7653,99.1576,2.0713,92.531,1.9329,88.887,1.8568,84.1557,1.7579,80.541,1.6824,74.2869,1.5518,0.0,0.0,0.0,0.0,0.0,0.0,0.0,0.0,0.0,0.0,0.0,0.0,0.0,0.0,0.0,0.0,0.0,0.0,0.0,0.0,0.0,0.0,0.0,0.0,0.0,0.0,0.0,0.0,0.0,0.0,0.0,0.0,0.0,0.0,0.0,0.5667,0.8007
128,0.001,3,10,100,16,4,256,202,730,24,ContrastiveLoss,gru,/home/dpetrovitch/dzagcoffee/train_trace/age_pred/checkpoints/age_pred_2025-10-10 14:37:35.506749_ContrastiveLoss_gru_catboost/model_128_0.001_3_10_100_256_16_4_ContrastiveLoss_gruepoch=22.ckpt,22,24,0.3197601,68.38,3.1315,0.001,4.092,1.2165,9.9028,0.6766,4562.4434,115.4122,965.8596,24.4325,902.7344,22.8357,868.0184,21.9575,822.7296,20.8119,788.1517,19.9372,727.2934,18.3977,476.6851,9.8922,100.9132,2.0942,94.3179,1.9573,90.6908,1.882,85.959,1.7838,82.3463,1.7089,75.9878,1.5769,0.0,0.0,0.0,0.0,0.0,0.0,0.0,0.0,0.0,0.0,0.0,0.0,0.0,0.0,0.0,0.0,0.0,0.0,0.0,0.0,0.0,0.0,0.0,0.0,0.0,0.0,0.0,0.0,0.0,0.0,0.0,0.0,0.0,0.0,0.0,0.5744,0.8062
128,0.001,3,10,100,16,4,256,202,730,24,ContrastiveLoss,gru,/home/dpetrovitch/dzagcoffee/train_trace/age_pred/checkpoints/age_pred_2025-10-10 14:37:35.506749_ContrastiveLoss_gru_catboost/model_128_0.001_3_10_100_256_16_4_ContrastiveLoss_gruepoch=23.ckpt,23,24,0.32939747,68.6187,3.3332,0.0009,4.097,1.2203,9.6098,0.6727,4606.2036,116.5327,963.2309,24.3688,899.5159,22.7569,864.5283,21.8718,818.8623,20.7165,783.6361,19.8253,722.3514,18.2748,481.804,10.0222,100.7529,2.0958,94.0884,1.9572,90.4287,1.8811,85.6521,1.7817,81.9675,1.705,75.5572,1.5717,0.0,0.0,0.0,0.0,0.0,0.0,0.0,0.0,0.0,0.0,0.0,0.0,0.0,0.0,0.0,0.0,0.0,0.0,0.0,0.0,0.0,0.0,0.0,0.0,0.0,0.0,0.0,0.0,0.0,0.0,0.0,0.0,0.0,0.0,0.0,0.5833,0.803
128,0.001,3,10,100,16,8,256,202,730,24,ContrastiveLoss,gru,/home/dpetrovitch/dzagcoffee/train_trace/age_pred/checkpoints/age_pred_2025-10-10 14:37:35.506749_ContrastiveLoss_gru_catboost/model_128_0.001_3_10_100_256_16_8_ContrastiveLoss_gruepoch=00.ckpt,0,24,0.10985834,49.8529,4.4871,0.0007,4.1284,1.1347,5.0951,0.7795,1769.1497,45.322,766.0649,19.625,689.7462,17.6699,647.8838,16.5974,594.7601,15.2365,554.5371,14.2061,483.4177,12.3842,117.5194,3.382,50.8874,1.4645,45.8178,1.3186,43.037,1.2385,39.5082,1.137,36.8363,1.0601,32.112,0.9241,0.0,0.0,0.0,0.0,0.0,0.0,0.0,0.0,0.0,0.0,0.0,0.0,0.0,0.0,0.0,0.0,0.0,0.0,0.0,0.0,0.0,0.0,0.0,0.0,0.0,0.0,0.0,0.0,0.0,0.0,0.0,0.0,0.0,0.0,0.0,0.4533,0.7025
128,0.001,3,10,100,16,8,256,202,730,24,ContrastiveLoss,gru,/home/dpetrovitch/dzagcoffee/train_trace/age_pred/checkpoints/age_pred_2025-10-10 14:37:35.506749_ContrastiveLoss_gru_catboost/model_128_0.001_3_10_100_256_16_8_ContrastiveLoss_gruepoch=01.ckpt,1,24,0.18078242,59.9451,4.2258,0.0008,4.0595,1.1704,6.9884,0.7326,2380.2234,60.4663,847.9079,21.5399,774.0431,19.6635,733.9426,18.6448,682.8529,17.3469,643.8446,16.356,578.8954,14.706,195.1979,4.8759,69.5354,1.7369,63.4779,1.5856,60.1893,1.5035,55.9995,1.3988,52.8006,1.3189,47.4742,1.1859,0.0,0.0,0.0,0.0,0.0,0.0,0.0,0.0,0.0,0.0,0.0,0.0,0.0,0.0,0.0,0.0,0.0,0.0,0.0,0.0,0.0,0.0,0.0,0.0,0.0,0.0,0.0,0.0,0.0,0.0,0.0,0.0,0.0,0.0,0.0,0.4867,0.7412
128,0.001,3,10,100,16,8,256,202,730,24,ContrastiveLoss,gru,/home/dpetrovitch/dzagcoffee/train_trace/age_pred/checkpoints/age_pred_2025-10-10 14:37:35.506749_ContrastiveLoss_gru_catboost/model_128_0.001_3_10_100_256_16_8_ContrastiveLoss_gruepoch=02.ckpt,2,24,0.22599036,62.885,4.5689,0.0009,4.0246,1.1683,6.9469,0.734,2751.6133,69.7587,892.8459,22.6354,820.2448,20.7948,780.3823,19.7842,729.4632,18.4933,690.9303,17.5164,625.838,15.8662,241.6416,5.6936,78.4081,1.8475,72.0324,1.6972,68.5317,1.6148,64.0601,1.5094,60.6762,1.4297,54.96,1.295,0.0,0.0,0.0,0.0,0.0,0.0,0.0,0.0,0.0,0.0,0.0,0.0,0.0,0.0,0.0,0.0,0.0,0.0,0.0,0.0,0.0,0.0,0.0,0.0,0.0,0.0,0.0,0.0,0.0,0.0,0.0,0.0,0.0,0.0,0.0,0.4989,0.7548
128,0.001,3,10,100,16,8,256,202,730,24,ContrastiveLoss,gru,/home/dpetrovitch/dzagcoffee/train_trace/age_pred/checkpoints/age_pred_2025-10-10 14:37:35.506749_ContrastiveLoss_gru_catboost/model_128_0.001_3_10_100_256_16_8_ContrastiveLoss_gruepoch=03.ckpt,3,24,0.25553387,62.9516,3.4836,0.0008,4.0522,1.1831,7.3429,0.7165,3096.335,78.4282,897.6395,22.7367,828.2678,20.9795,790.4281,20.0211,741.5072,18.7819,704.2113,17.8372,640.307,16.2186,294.5324,6.6943,85.3861,1.9407,78.7873,1.7907,75.1878,1.7089,70.5343,1.6032,66.9866,1.5225,60.9079,1.3844,0.0,0.0,0.0,0.0,0.0,0.0,0.0,0.0,0.0,0.0,0.0,0.0,0.0,0.0,0.0,0.0,0.0,0.0,0.0,0.0,0.0,0.0,0.0,0.0,0.0,0.0,0.0,0.0,0.0,0.0,0.0,0.0,0.0,0.0,0.0,0.5367,0.7768
128,0.001,3,10,100,16,8,256,202,730,24,ContrastiveLoss,gru,/home/dpetrovitch/dzagcoffee/train_trace/age_pred/checkpoints/age_pred_2025-10-10 14:37:35.506749_ContrastiveLoss_gru_catboost/model_128_0.001_3_10_100_256_16_8_ContrastiveLoss_gruepoch=04.ckpt,4,24,0.26841658,63.201,3.045,0.0007,4.0383,1.1939,7.7698,0.7041,3327.247,84.256,901.0301,22.8168,832.0468,21.07,794.1934,20.1114,745.5431,18.8794,708.2679,17.9355,643.8512,16.3043,335.5632,7.4666,90.8717,2.022,83.9145,1.8672,80.0969,1.7822,75.1903,1.673,71.431,1.5894,64.9344,1.4448,0.0,0.0,0.0,0.0,0.0,0.0,0.0,0.0,0.0,0.0,0.0,0.0,0.0,0.0,0.0,0.0,0.0,0.0,0.0,0.0,0.0,0.0,0.0,0.0,0.0,0.0,0.0,0.0,0.0,0.0,0.0,0.0,0.0,0.0,0.0,0.55,0.7877
128,0.001,3,10,100,16,8,256,202,730,24,ContrastiveLoss,gru,/home/dpetrovitch/dzagcoffee/train_trace/age_pred/checkpoints/age_pred_2025-10-10 14:37:35.506749_ContrastiveLoss_gru_catboost/model_128_0.001_3_10_100_256_16_8_ContrastiveLoss_gruepoch=05.ckpt,5,24,0.2692353,62.2437,2.9783,0.0007,4.0027,1.1741,7.1962,0.7273,3311.189,83.8418,912.8968,23.1152,842.4486,21.3314,803.2722,20.3394,752.496,19.0538,712.9488,18.0524,645.979,16.3567,321.7928,7.2051,88.7185,1.9864,81.8721,1.8331,78.0648,1.7479,73.1302,1.6374,69.2868,1.5514,62.7785,1.4056,0.0,0.0,0.0,0.0,0.0,0.0,0.0,0.0,0.0,0.0,0.0,0.0,0.0,0.0,0.0,0.0,0.0,0.0,0.0,0.0,0.0,0.0,0.0,0.0,0.0,0.0,0.0,0.0,0.0,0.0,0.0,0.0,0.0,0.0,0.0,0.5444,0.7864
128,0.001,3,10,100,16,8,256,202,730,24,ContrastiveLoss,gru,/home/dpetrovitch/dzagcoffee/train_trace/age_pred/checkpoints/age_pred_2025-10-10 14:37:35.506749_ContrastiveLoss_gru_catboost/model_128_0.001_3_10_100_256_16_8_ContrastiveLoss_gruepoch=06.ckpt,6,24,0.27976048,64.6591,2.8709,0.0007,3.9471,1.2086,7.7653,0.6867,3572.6235,90.4543,912.155,23.0946,843.1928,21.3486,805.6052,20.3969,756.9597,19.1653,719.9152,18.2273,656.9159,16.6323,359.7938,7.9804,91.8618,2.0375,84.9167,1.8835,81.1313,1.7995,76.2323,1.6909,72.5016,1.6081,66.1571,1.4674,0.0,0.0,0.0,0.0,0.0,0.0,0.0,0.0,0.0,0.0,0.0,0.0,0.0,0.0,0.0,0.0,0.0,0.0,0.0,0.0,0.0,0.0,0.0,0.0,0.0,0.0,0.0,0.0,0.0,0.0,0.0,0.0,0.0,0.0,0.0,0.5544,0.7925
128,0.001,3,10,100,16,8,256,202,730,24,ContrastiveLoss,gru,/home/dpetrovitch/dzagcoffee/train_trace/age_pred/checkpoints/age_pred_2025-10-10 14:37:35.506749_ContrastiveLoss_gru_catboost/model_128_0.001_3_10_100_256_16_8_ContrastiveLoss_gruepoch=07.ckpt,7,24,0.28615254,62.3235,2.9666,0.0006,3.9698,1.1805,7.4615,0.72,3543.1487,89.7356,919.1198,23.2781,849.888,21.5247,811.4381,20.5509,761.5733,19.288,722.8434,18.3071,656.6496,16.6306,351.9748,7.7224,91.3049,2.0032,84.4275,1.8523,80.6079,1.7685,75.6543,1.6599,71.8069,1.5755,65.2313,1.4312,0.0,0.0,0.0,0.0,0.0,0.0,0.0,0.0,0.0,0.0,0.0,0.0,0.0,0.0,0.0,0.0,0.0,0.0,0.0,0.0,0.0,0.0,0.0,0.0,0.0,0.0,0.0,0.0,0.0,0.0,0.0,0.0,0.0,0.0,0.0,0.5544,0.8009
128,0.001,3,10,100,16,8,256,202,730,24,ContrastiveLoss,gru,/home/dpetrovitch/dzagcoffee/train_trace/age_pred/checkpoints/age_pred_2025-10-10 14:37:35.506749_ContrastiveLoss_gru_catboost/model_128_0.001_3_10_100_256_16_8_ContrastiveLoss_gruepoch=08.ckpt,8,24,0.28661612,64.0698,2.9224,0.0006,3.9588,1.1834,7.7762,0.716,3613.1277,91.503,923.9369,23.3988,854.1201,21.6307,815.3105,20.6478,764.9432,19.3723,726.4027,18.3962,660.6433,16.7309,350.0222,7.7608,89.5065,1.9846,82.743,1.8346,78.9833,1.7512,74.104,1.6431,70.3703,1.5603,63.9999,1.419,0.0,0.0,0.0,0.0,0.0,0.0,0.0,0.0,0.0,0.0,0.0,0.0,0.0,0.0,0.0,0.0,0.0,0.0,0.0,0.0,0.0,0.0,0.0,0.0,0.0,0.0,0.0,0.0,0.0,0.0,0.0,0.0,0.0,0.0,0.0,0.5578,0.7984
128,0.001,3,10,100,16,8,256,202,730,24,ContrastiveLoss,gru,/home/dpetrovitch/dzagcoffee/train_trace/age_pred/checkpoints/age_pred_2025-10-10 14:37:35.506749_ContrastiveLoss_gru_catboost/model_128_0.001_3_10_100_256_16_8_ContrastiveLoss_gruepoch=09.ckpt,9,24,0.29788116,63.1493,2.863,0.0005,3.9947,1.193,7.8475,0.7042,3764.8623,95.3156,920.7748,23.3114,852.7996,21.5904,815.2528,20.6399,766.7247,19.4113,729.3441,18.4649,664.8404,16.8319,376.1352,8.265,91.9916,2.0214,85.2004,1.8722,81.4493,1.7897,76.601,1.6832,72.8664,1.6011,66.422,1.4595,0.0,0.0,0.0,0.0,0.0,0.0,0.0,0.0,0.0,0.0,0.0,0.0,0.0,0.0,0.0,0.0,0.0,0.0,0.0,0.0,0.0,0.0,0.0,0.0,0.0,0.0,0.0,0.0,0.0,0.0,0.0,0.0,0.0,0.0,0.0,0.5578,0.807
128,0.001,3,10,100,16,8,256,202,730,24,ContrastiveLoss,gru,/home/dpetrovitch/dzagcoffee/train_trace/age_pred/checkpoints/age_pred_2025-10-10 14:37:35.506749_ContrastiveLoss_gru_catboost/model_128_0.001_3_10_100_256_16_8_ContrastiveLoss_gruepoch=10.ckpt,10,24,0.3016,65.1895,2.9562,0.0006,3.9935,1.2062,7.7873,0.6893,3885.611,98.3545,931.2161,23.5714,863.2857,21.8519,825.4283,20.8936,776.288,19.6498,737.657,18.6719,671.3137,16.9926,393.3683,8.5308,94.2737,2.0445,87.3966,1.8953,83.564,1.8122,78.5892,1.7043,74.6783,1.6195,67.9619,1.4739,0.0,0.0,0.0,0.0,0.0,0.0,0.0,0.0,0.0,0.0,0.0,0.0,0.0,0.0,0.0,0.0,0.0,0.0,0.0,0.0,0.0,0.0,0.0,0.0,0.0,0.0,0.0,0.0,0.0,0.0,0.0,0.0,0.0,0.0,0.0,0.5678,0.8062
128,0.001,3,10,100,16,8,256,202,730,24,ContrastiveLoss,gru,/home/dpetrovitch/dzagcoffee/train_trace/age_pred/checkpoints/age_pred_2025-10-10 14:37:35.506749_ContrastiveLoss_gru_catboost/model_128_0.001_3_10_100_256_16_8_ContrastiveLoss_gruepoch=11.ckpt,11,24,0.291134,64.3335,2.9283,0.0006,4.027,1.194,8.2919,0.7031,3822.6108,96.7841,936.6559,23.7151,869.4427,22.0133,832.3694,21.0746,784.6555,19.8666,748.1193,18.9415,685.5448,17.3572,372.9165,8.1763,91.3759,2.0034,84.8189,1.8597,81.2022,1.7804,76.5474,1.6783,72.9831,1.6002,66.8786,1.4663,0.0,0.0,0.0,0.0,0.0,0.0,0.0,0.0,0.0,0.0,0.0,0.0,0.0,0.0,0.0,0.0,0.0,0.0,0.0,0.0,0.0,0.0,0.0,0.0,0.0,0.0,0.0,0.0,0.0,0.0,0.0,0.0,0.0,0.0,0.0,0.5822,0.801
128,0.001,3,10,100,16,8,256,202,730,24,ContrastiveLoss,gru,/home/dpetrovitch/dzagcoffee/train_trace/age_pred/checkpoints/age_pred_2025-10-10 14:37:35.506749_ContrastiveLoss_gru_catboost/model_128_0.001_3_10_100_256_16_8_ContrastiveLoss_gruepoch=12.ckpt,12,24,0.30289218,65.403,3.1714,0.0006,4.0198,1.2006,8.0726,0.6949,3935.748,99.6122,938.5961,23.7555,871.9271,22.0681,834.8409,21.1295,786.7338,19.9119,748.7225,18.9499,683.1359,17.2899,395.8562,8.5378,94.4037,2.0361,87.6981,1.8915,83.968,1.811,79.1294,1.7067,75.3062,1.6242,68.7096,1.4819,0.0,0.0,0.0,0.0,0.0,0.0,0.0,0.0,0.0,0.0,0.0,0.0,0.0,0.0,0.0,0.0,0.0,0.0,0.0,0.0,0.0,0.0,0.0,0.0,0.0,0.0,0.0,0.0,0.0,0.0,0.0,0.0,0.0,0.0,0.0,0.5589,0.8003
128,0.001,3,10,100,16,8,256,202,730,24,ContrastiveLoss,gru,/home/dpetrovitch/dzagcoffee/train_trace/age_pred/checkpoints/age_pred_2025-10-10 14:37:35.506749_ContrastiveLoss_gru_catboost/model_128_0.001_3_10_100_256_16_8_ContrastiveLoss_gruepoch=13.ckpt,13,24,0.31302282,64.1339,3.1718,0.0005,4.0548,1.1865,8.6427,0.7113,3916.3413,99.0965,943.7673,23.8805,878.7091,22.2343,842.8498,21.3269,796.4727,20.1534,760.5922,19.2455,697.9912,17.6615,396.6922,8.505,95.5956,2.0495,89.0058,1.9083,85.3736,1.8304,80.6759,1.7297,77.0416,1.6517,70.7006,1.5158,0.0,0.0,0.0,0.0,0.0,0.0,0.0,0.0,0.0,0.0,0.0,0.0,0.0,0.0,0.0,0.0,0.0,0.0,0.0,0.0,0.0,0.0,0.0,0.0,0.0,0.0,0.0,0.0,0.0,0.0,0.0,0.0,0.0,0.0,0.0,0.5678,0.801
128,0.001,3,10,100,16,8,256,202,730,24,ContrastiveLoss,gru,/home/dpetrovitch/dzagcoffee/train_trace/age_pred/checkpoints/age_pred_2025-10-10 14:37:35.506749_ContrastiveLoss_gru_catboost/model_128_0.001_3_10_100_256_16_8_ContrastiveLoss_gruepoch=14.ckpt,14,24,0.30893904,65.547,3.6443,0.0006,4.058,1.1931,8.7072,0.7037,3961.8645,100.2639,946.8721,23.9627,880.2225,22.276,843.1597,21.3381,795.0606,20.1208,757.1178,19.1606,689.9996,17.462,385.713,8.3981,92.1841,2.0071,85.6953,1.8658,82.087,1.7873,77.4043,1.6853,73.7103,1.6049,67.1759,1.4626,0.0,0.0,0.0,0.0,0.0,0.0,0.0,0.0,0.0,0.0,0.0,0.0,0.0,0.0,0.0,0.0,0.0,0.0,0.0,0.0,0.0,0.0,0.0,0.0,0.0,0.0,0.0,0.0,0.0,0.0,0.0,0.0,0.0,0.0,0.0,0.5811,0.806
128,0.001,3,10,100,16,8,256,202,730,24,ContrastiveLoss,gru,/home/dpetrovitch/dzagcoffee/train_trace/age_pred/checkpoints/age_pred_2025-10-10 14:37:35.506749_ContrastiveLoss_gru_catboost/model_128_0.001_3_10_100_256_16_8_ContrastiveLoss_gruepoch=15.ckpt,15,24,0.31080335,67.6168,3.0129,0.0006,4.0572,1.209,8.7881,0.6853,4038.5784,102.2192,948.735,24.0131,883.1019,22.3519,847.0059,21.4383,800.6953,20.2661,764.5632,19.3516,702.8641,17.79,390.0424,8.5101,91.628,1.9992,85.2892,1.8609,81.8031,1.7848,77.3305,1.6872,73.8409,1.6111,67.882,1.4811,0.0,0.0,0.0,0.0,0.0,0.0,0.0,0.0,0.0,0.0,0.0,0.0,0.0,0.0,0.0,0.0,0.0,0.0,0.0,0.0,0.0,0.0,0.0,0.0,0.0,0.0,0.0,0.0,0.0,0.0,0.0,0.0,0.0,0.0,0.0,0.5767,0.8063
128,0.001,3,10,100,16,8,256,202,730,24,ContrastiveLoss,gru,/home/dpetrovitch/dzagcoffee/train_trace/age_pred/checkpoints/age_pred_2025-10-10 14:37:35.506749_ContrastiveLoss_gru_catboost/model_128_0.001_3_10_100_256_16_8_ContrastiveLoss_gruepoch=16.ckpt,16,24,0.32033223,67.0206,2.9964,0.0006,4.0957,1.204,8.7113,0.6913,4095.912,103.6539,953.5506,24.1312,888.016,22.4727,851.7896,21.556,804.4426,20.3578,767.6071,19.4256,703.092,17.7929,398.7126,8.5407,92.8225,1.9883,86.4431,1.8517,82.9166,1.7761,78.3077,1.6774,74.722,1.6006,68.4418,1.4661,0.0,0.0,0.0,0.0,0.0,0.0,0.0,0.0,0.0,0.0,0.0,0.0,0.0,0.0,0.0,0.0,0.0,0.0,0.0,0.0,0.0,0.0,0.0,0.0,0.0,0.0,0.0,0.0,0.0,0.0,0.0,0.0,0.0,0.0,0.0,0.5822,0.8082
128,0.001,3,10,100,16,8,256,202,730,24,ContrastiveLoss,gru,/home/dpetrovitch/dzagcoffee/train_trace/age_pred/checkpoints/age_pred_2025-10-10 14:37:35.506749_ContrastiveLoss_gru_catboost/model_128_0.001_3_10_100_256_16_8_ContrastiveLoss_gruepoch=17.ckpt,17,24,0.30702534,65.5977,3.0976,0.0005,4.123,1.1895,8.3348,0.7077,3963.0325,100.3151,951.963,24.0968,886.3414,22.4357,849.7812,21.5103,802.1828,20.3054,765.2417,19.3703,701.6929,17.7618,382.3281,8.2619,91.8393,1.9846,85.5086,1.8478,81.9815,1.7716,77.3895,1.6723,73.8256,1.5953,67.6949,1.4629,0.0,0.0,0.0,0.0,0.0,0.0,0.0,0.0,0.0,0.0,0.0,0.0,0.0,0.0,0.0,0.0,0.0,0.0,0.0,0.0,0.0,0.0,0.0,0.0,0.0,0.0,0.0,0.0,0.0,0.0,0.0,0.0,0.0,0.0,0.0,0.5644,0.8037
128,0.001,3,10,100,16,8,256,202,730,24,ContrastiveLoss,gru,/home/dpetrovitch/dzagcoffee/train_trace/age_pred/checkpoints/age_pred_2025-10-10 14:37:35.506749_ContrastiveLoss_gru_catboost/model_128_0.001_3_10_100_256_16_8_ContrastiveLoss_gruepoch=18.ckpt,18,24,0.31148398,68.1728,3.0589,0.0005,4.1106,1.206,8.9694,0.6883,4147.709,104.9512,959.5754,24.2805,895.3519,22.6555,859.9527,21.7597,813.8315,20.5927,777.9052,19.6837,715.9054,18.1149,408.6459,8.6514,94.5405,2.0015,88.213,1.8675,84.7254,1.7937,80.1814,1.6975,76.6418,1.6226,70.5334,1.4932,0.0,0.0,0.0,0.0,0.0,0.0,0.0,0.0,0.0,0.0,0.0,0.0,0.0,0.0,0.0,0.0,0.0,0.0,0.0,0.0,0.0,0.0,0.0,0.0,0.0,0.0,0.0,0.0,0.0,0.0,0.0,0.0,0.0,0.0,0.0,0.57,0.8121
128,0.001,3,10,100,16,8,256,202,730,24,ContrastiveLoss,gru,/home/dpetrovitch/dzagcoffee/train_trace/age_pred/checkpoints/age_pred_2025-10-10 14:37:35.506749_ContrastiveLoss_gru_catboost/model_128_0.001_3_10_100_256_16_8_ContrastiveLoss_gruepoch=19.ckpt,19,24,0.31591305,67.0691,4.2992,0.0005,4.1389,1.1988,8.826,0.6968,4149.4395,104.9863,956.3489,24.1969,891.5922,22.5585,855.6062,21.648,808.8877,20.4659,772.0693,19.5344,706.6852,17.8801,406.018,8.6874,93.5777,2.0022,87.2413,1.8667,83.7201,1.7913,79.1488,1.6935,75.5461,1.6164,69.1483,1.4795,0.0,0.0,0.0,0.0,0.0,0.0,0.0,0.0,0.0,0.0,0.0,0.0,0.0,0.0,0.0,0.0,0.0,0.0,0.0,0.0,0.0,0.0,0.0,0.0,0.0,0.0,0.0,0.0,0.0,0.0,0.0,0.0,0.0,0.0,0.0,0.5611,0.8056
128,0.001,3,10,100,16,8,256,202,730,24,ContrastiveLoss,gru,/home/dpetrovitch/dzagcoffee/train_trace/age_pred/checkpoints/age_pred_2025-10-10 14:37:35.506749_ContrastiveLoss_gru_catboost/model_128_0.001_3_10_100_256_16_8_ContrastiveLoss_gruepoch=20.ckpt,20,24,0.31939512,68.2311,4.1599,0.0004,4.1463,1.2102,9.0625,0.684,4269.7686,108.0157,960.4555,24.2974,896.0995,22.6693,860.5196,21.7692,814.0139,20.5927,777.8065,19.6768,714.3234,18.0708,431.2286,9.0687,97.002,2.0399,90.5023,1.9033,86.9089,1.8277,82.212,1.7289,78.5552,1.652,72.1437,1.5172,0.0,0.0,0.0,0.0,0.0,0.0,0.0,0.0,0.0,0.0,0.0,0.0,0.0,0.0,0.0,0.0,0.0,0.0,0.0,0.0,0.0,0.0,0.0,0.0,0.0,0.0,0.0,0.0,0.0,0.0,0.0,0.0,0.0,0.0,0.0,0.57,0.8087
128,0.001,3,10,100,16,8,256,202,730,24,ContrastiveLoss,gru,/home/dpetrovitch/dzagcoffee/train_trace/age_pred/checkpoints/age_pred_2025-10-10 14:37:35.506749_ContrastiveLoss_gru_catboost/model_128_0.001_3_10_100_256_16_8_ContrastiveLoss_gruepoch=21.ckpt,21,24,0.3093138,67.853,3.7935,0.0004,4.1389,1.204,8.8697,0.6904,4174.2466,105.6076,959.9218,24.2858,896.3924,22.6786,861.3394,21.7917,816.1282,20.6479,781.1786,19.7637,722.0569,18.2679,417.809,8.8329,96.0806,2.0312,89.7218,1.8968,86.2133,1.8226,81.688,1.727,78.1898,1.653,72.2722,1.5279,0.0,0.0,0.0,0.0,0.0,0.0,0.0,0.0,0.0,0.0,0.0,0.0,0.0,0.0,0.0,0.0,0.0,0.0,0.0,0.0,0.0,0.0,0.0,0.0,0.0,0.0,0.0,0.0,0.0,0.0,0.0,0.0,0.0,0.0,0.0,0.5678,0.8034
128,0.001,3,10,100,16,8,256,202,730,24,ContrastiveLoss,gru,/home/dpetrovitch/dzagcoffee/train_trace/age_pred/checkpoints/age_pred_2025-10-10 14:37:35.506749_ContrastiveLoss_gru_catboost/model_128_0.001_3_10_100_256_16_8_ContrastiveLoss_gruepoch=22.ckpt,22,24,0.31883284,69.2286,3.131,0.0003,4.1379,1.2157,8.7782,0.6774,4275.8677,108.1701,960.8562,24.3076,896.9977,22.6921,861.7882,21.8014,816.0958,20.6454,780.3456,19.741,718.0944,18.1662,427.7318,9.0569,96.1182,2.0352,89.7302,1.9,86.2081,1.8254,81.6373,1.7286,78.061,1.6529,71.8338,1.521,0.0,0.0,0.0,0.0,0.0,0.0,0.0,0.0,0.0,0.0,0.0,0.0,0.0,0.0,0.0,0.0,0.0,0.0,0.0,0.0,0.0,0.0,0.0,0.0,0.0,0.0,0.0,0.0,0.0,0.0,0.0,0.0,0.0,0.0,0.0,0.5556,0.8087
128,0.001,3,10,100,16,8,256,202,730,24,ContrastiveLoss,gru,/home/dpetrovitch/dzagcoffee/train_trace/age_pred/checkpoints/age_pred_2025-10-10 14:37:35.506749_ContrastiveLoss_gru_catboost/model_128_0.001_3_10_100_256_16_8_ContrastiveLoss_gruepoch=23.ckpt,23,24,0.32276872,68.4562,3.3085,0.0003,4.1606,1.2049,9.1087,0.6897,4276.9663,108.2057,967.0791,24.4668,903.839,22.8668,868.7753,21.9797,823.057,20.823,787.4904,19.9232,725.7638,18.3616,432.5091,9.0941,97.7961,2.0563,91.4009,1.9218,87.8551,1.8473,83.2318,1.7501,79.6351,1.6744,73.393,1.5432,0.0,0.0,0.0,0.0,0.0,0.0,0.0,0.0,0.0,0.0,0.0,0.0,0.0,0.0,0.0,0.0,0.0,0.0,0.0,0.0,0.0,0.0,0.0,0.0,0.0,0.0,0.0,0.0,0.0,0.0,0.0,0.0,0.0,0.0,0.0,0.5556,0.8022
128,0.001,3,10,100,16,16,256,202,730,24,ContrastiveLoss,gru,/home/dpetrovitch/dzagcoffee/train_trace/age_pred/checkpoints/age_pred_2025-10-10 14:37:35.506749_ContrastiveLoss_gru_catboost/model_128_0.001_3_10_100_256_16_16_ContrastiveLoss_gruepoch=00.ckpt,0,24,0.11311355,52.4985,4.3657,0.0007,4.1069,1.1382,5.4845,0.7763,1797.5664,46.1298,774.3113,19.8707,696.986,17.8863,654.9414,16.8073,600.7256,15.416,558.5336,14.3333,481.6552,12.3604,110.1765,3.2761,47.4591,1.4112,42.7197,1.2703,40.1427,1.1936,36.8197,1.0948,34.2337,1.0179,29.5216,0.8778,0.0,0.0,0.0,0.0,0.0,0.0,0.0,0.0,0.0,0.0,0.0,0.0,0.0,0.0,0.0,0.0,0.0,0.0,0.0,0.0,0.0,0.0,0.0,0.0,0.0,0.0,0.0,0.0,0.0,0.0,0.0,0.0,0.0,0.0,0.0,0.4711,0.7279
128,0.001,3,10,100,16,16,256,202,730,24,ContrastiveLoss,gru,/home/dpetrovitch/dzagcoffee/train_trace/age_pred/checkpoints/age_pred_2025-10-10 14:37:35.506749_ContrastiveLoss_gru_catboost/model_128_0.001_3_10_100_256_16_16_ContrastiveLoss_gruepoch=01.ckpt,1,24,0.17602786,59.402,3.6528,0.0008,4.0538,1.1565,6.2773,0.7504,2321.3254,59.0328,849.2465,21.5969,775.4221,19.7195,735.456,18.7031,684.1654,17.3988,644.6905,16.3949,577.3934,14.6835,165.3438,4.3816,60.4903,1.603,55.2319,1.4637,52.3852,1.3882,48.7319,1.2914,45.9201,1.2169,41.1267,1.0899,0.0,0.0,0.0,0.0,0.0,0.0,0.0,0.0,0.0,0.0,0.0,0.0,0.0,0.0,0.0,0.0,0.0,0.0,0.0,0.0,0.0,0.0,0.0,0.0,0.0,0.0,0.0,0.0,0.0,0.0,0.0,0.0,0.0,0.0,0.0,0.4822,0.7512
128,0.001,3,10,100,16,16,256,202,730,24,ContrastiveLoss,gru,/home/dpetrovitch/dzagcoffee/train_trace/age_pred/checkpoints/age_pred_2025-10-10 14:37:35.506749_ContrastiveLoss_gru_catboost/model_128_0.001_3_10_100_256_16_16_ContrastiveLoss_gruepoch=02.ckpt,2,24,0.21414338,61.0836,3.2805,0.0007,4.0212,1.1664,6.6907,0.737,2689.7495,68.2381,866.6167,21.9858,797.2273,20.2254,759.3698,19.265,711.2688,18.0447,675.3247,17.1328,614.0043,15.5771,221.0738,5.4832,71.2283,1.7667,65.5251,1.6252,62.4135,1.548,58.4601,1.45,55.5058,1.3767,50.4658,1.2517,0.0,0.0,0.0,0.0,0.0,0.0,0.0,0.0,0.0,0.0,0.0,0.0,0.0,0.0,0.0,0.0,0.0,0.0,0.0,0.0,0.0,0.0,0.0,0.0,0.0,0.0,0.0,0.0,0.0,0.0,0.0,0.0,0.0,0.0,0.0,0.5044,0.7478
128,0.001,3,10,100,16,16,256,202,730,24,ContrastiveLoss,gru,/home/dpetrovitch/dzagcoffee/train_trace/age_pred/checkpoints/age_pred_2025-10-10 14:37:35.506749_ContrastiveLoss_gru_catboost/model_128_0.001_3_10_100_256_16_16_ContrastiveLoss_gruepoch=03.ckpt,3,24,0.24794821,62.3283,3.9319,0.0006,3.956,1.171,7.2354,0.7309,2977.5542,75.456,888.7548,22.5225,820.612,20.7956,783.3161,19.8505,736.5327,18.6649,701.055,17.7659,639.1278,16.1965,277.5965,6.4168,82.8583,1.9153,76.5054,1.7685,73.0283,1.6881,68.6667,1.5873,65.3591,1.5108,59.5857,1.3774,0.0,0.0,0.0,0.0,0.0,0.0,0.0,0.0,0.0,0.0,0.0,0.0,0.0,0.0,0.0,0.0,0.0,0.0,0.0,0.0,0.0,0.0,0.0,0.0,0.0,0.0,0.0,0.0,0.0,0.0,0.0,0.0,0.0,0.0,0.0,0.53,0.7671
128,0.001,3,10,100,16,16,256,202,730,24,ContrastiveLoss,gru,/home/dpetrovitch/dzagcoffee/train_trace/age_pred/checkpoints/age_pred_2025-10-10 14:37:35.506749_ContrastiveLoss_gru_catboost/model_128_0.001_3_10_100_256_16_16_ContrastiveLoss_gruepoch=04.ckpt,4,24,0.24896425,63.8499,3.79,0.0004,3.9668,1.1824,7.7454,0.7166,3180.7302,80.5773,900.0901,22.8019,832.6256,21.0929,795.8151,20.1603,749.4856,18.9867,714.9558,18.1119,655.7849,16.613,301.3775,6.8828,85.2845,1.9477,78.8922,1.8017,75.4043,1.7221,71.0146,1.6218,67.7428,1.5471,62.1363,1.4191,0.0,0.0,0.0,0.0,0.0,0.0,0.0,0.0,0.0,0.0,0.0,0.0,0.0,0.0,0.0,0.0,0.0,0.0,0.0,0.0,0.0,0.0,0.0,0.0,0.0,0.0,0.0,0.0,0.0,0.0,0.0,0.0,0.0,0.0,0.0,0.5422,0.7799
128,0.001,3,10,100,16,16,256,202,730,24,ContrastiveLoss,gru,/home/dpetrovitch/dzagcoffee/train_trace/age_pred/checkpoints/age_pred_2025-10-10 14:37:35.506749_ContrastiveLoss_gru_catboost/model_128_0.001_3_10_100_256_16_16_ContrastiveLoss_gruepoch=05.ckpt,5,24,0.27485797,65.591,3.6989,0.0004,3.9509,1.1907,7.8984,0.7073,3389.724,85.855,919.0906,23.2787,850.6015,21.544,812.9849,20.5913,764.5221,19.3638,726.6598,18.4048,658.3217,16.674,328.3788,7.3056,89.0367,1.9808,82.4018,1.8332,78.7577,1.7522,74.0629,1.6477,70.395,1.5661,63.7748,1.4188,0.0,0.0,0.0,0.0,0.0,0.0,0.0,0.0,0.0,0.0,0.0,0.0,0.0,0.0,0.0,0.0,0.0,0.0,0.0,0.0,0.0,0.0,0.0,0.0,0.0,0.0,0.0,0.0,0.0,0.0,0.0,0.0,0.0,0.0,0.0,0.5322,0.7935
128,0.001,3,10,100,16,16,256,202,730,24,ContrastiveLoss,gru,/home/dpetrovitch/dzagcoffee/train_trace/age_pred/checkpoints/age_pred_2025-10-10 14:37:35.506749_ContrastiveLoss_gru_catboost/model_128_0.001_3_10_100_256_16_16_ContrastiveLoss_gruepoch=06.ckpt,6,24,0.27922785,66.8704,3.5095,0.0006,3.9287,1.2053,8.2858,0.6904,3607.8672,91.3898,923.0204,23.3808,854.7315,21.651,817.1003,20.6977,768.4523,19.4654,730.7117,18.5094,663.0936,16.7966,357.3281,7.7769,91.4172,1.9896,84.6538,1.8424,80.9267,1.7613,76.1086,1.6564,72.3707,1.5751,65.6737,1.4293,0.0,0.0,0.0,0.0,0.0,0.0,0.0,0.0,0.0,0.0,0.0,0.0,0.0,0.0,0.0,0.0,0.0,0.0,0.0,0.0,0.0,0.0,0.0,0.0,0.0,0.0,0.0,0.0,0.0,0.0,0.0,0.0,0.0,0.0,0.0,0.5489,0.7947
128,0.001,3,10,100,16,16,256,202,730,24,ContrastiveLoss,gru,/home/dpetrovitch/dzagcoffee/train_trace/age_pred/checkpoints/age_pred_2025-10-10 14:37:35.506749_ContrastiveLoss_gru_catboost/model_128_0.001_3_10_100_256_16_16_ContrastiveLoss_gruepoch=07.ckpt,7,24,0.28005642,62.4787,3.9285,0.0004,4.01,1.1775,8.7199,0.7225,3618.3977,91.6035,926.0596,23.4442,860.7193,21.79,824.8956,20.8831,778.7793,19.7156,743.5502,18.8238,681.4784,17.2523,369.7748,7.9684,94.6368,2.0394,87.9595,1.8955,84.2985,1.8166,79.5858,1.715,75.9856,1.6374,69.6423,1.5007,0.0,0.0,0.0,0.0,0.0,0.0,0.0,0.0,0.0,0.0,0.0,0.0,0.0,0.0,0.0,0.0,0.0,0.0,0.0,0.0,0.0,0.0,0.0,0.0,0.0,0.0,0.0,0.0,0.0,0.0,0.0,0.0,0.0,0.0,0.0,0.5678,0.8037
128,0.001,3,10,100,16,16,256,202,730,24,ContrastiveLoss,gru,/home/dpetrovitch/dzagcoffee/train_trace/age_pred/checkpoints/age_pred_2025-10-10 14:37:35.506749_ContrastiveLoss_gru_catboost/model_128_0.001_3_10_100_256_16_16_ContrastiveLoss_gruepoch=08.ckpt,8,24,0.2857382,65.2373,2.7279,0.0004,3.9905,1.1956,8.5422,0.7015,3781.8704,95.7756,934.4513,23.6649,868.8906,22.0046,832.8447,21.0917,786.261,19.912,750.2518,19.0001,685.6379,17.3637,391.3826,8.3877,96.7056,2.0725,89.9208,1.9271,86.1904,1.8471,81.3695,1.7438,77.6429,1.664,70.9561,1.5206,0.0,0.0,0.0,0.0,0.0,0.0,0.0,0.0,0.0,0.0,0.0,0.0,0.0,0.0,0.0,0.0,0.0,0.0,0.0,0.0,0.0,0.0,0.0,0.0,0.0,0.0,0.0,0.0,0.0,0.0,0.0,0.0,0.0,0.0,0.0,0.5556,0.7987
128,0.001,3,10,100,16,16,256,202,730,24,ContrastiveLoss,gru,/home/dpetrovitch/dzagcoffee/train_trace/age_pred/checkpoints/age_pred_2025-10-10 14:37:35.506749_ContrastiveLoss_gru_catboost/model_128_0.001_3_10_100_256_16_16_ContrastiveLoss_gruepoch=09.ckpt,9,24,0.3020636,66.9734,2.7651,0.0004,3.9682,1.2072,7.8897,0.688,3922.1067,99.2915,934.5763,23.6596,867.8086,21.9693,830.6721,21.0292,782.6685,19.8139,745.3908,18.8702,678.4957,17.1767,407.4595,8.7212,97.0912,2.0781,90.1548,1.9297,86.2968,1.8471,81.3098,1.7403,77.4371,1.6574,70.4875,1.5087,0.0,0.0,0.0,0.0,0.0,0.0,0.0,0.0,0.0,0.0,0.0,0.0,0.0,0.0,0.0,0.0,0.0,0.0,0.0,0.0,0.0,0.0,0.0,0.0,0.0,0.0,0.0,0.0,0.0,0.0,0.0,0.0,0.0,0.0,0.0,0.5611,0.8003
128,0.001,3,10,100,16,16,256,202,730,24,ContrastiveLoss,gru,/home/dpetrovitch/dzagcoffee/train_trace/age_pred/checkpoints/age_pred_2025-10-10 14:37:35.506749_ContrastiveLoss_gru_catboost/model_128_0.001_3_10_100_256_16_16_ContrastiveLoss_gruepoch=10.ckpt,10,24,0.293314,62.9553,3.794,0.0002,4.0701,1.1807,8.3745,0.7187,3834.494,97.0826,935.8618,23.6944,871.6347,22.0682,836.1101,21.1688,790.3747,20.0109,754.6806,19.1072,691.3407,17.5035,401.6605,8.6467,98.0309,2.1104,91.3031,1.9655,87.5819,1.8854,82.7912,1.7823,79.0523,1.7018,72.4174,1.559,0.0,0.0,0.0,0.0,0.0,0.0,0.0,0.0,0.0,0.0,0.0,0.0,0.0,0.0,0.0,0.0,0.0,0.0,0.0,0.0,0.0,0.0,0.0,0.0,0.0,0.0,0.0,0.0,0.0,0.0,0.0,0.0,0.0,0.0,0.0,0.5622,0.8053
128,0.001,3,10,100,16,16,256,202,730,24,ContrastiveLoss,gru,/home/dpetrovitch/dzagcoffee/train_trace/age_pred/checkpoints/age_pred_2025-10-10 14:37:35.506749_ContrastiveLoss_gru_catboost/model_128_0.001_3_10_100_256_16_16_ContrastiveLoss_gruepoch=11.ckpt,11,24,0.3071437,67.402,3.7945,0.0003,4.0113,1.2082,8.5159,0.6863,4054.2395,102.6364,941.8885,23.8447,876.2268,22.1824,839.8436,21.2613,792.5176,20.0632,755.6275,19.1293,689.4248,17.4534,422.2128,8.9713,98.0893,2.0842,91.2512,1.9389,87.4622,1.8584,82.5336,1.7537,78.6919,1.6721,71.7974,1.5256,0.0,0.0,0.0,0.0,0.0,0.0,0.0,0.0,0.0,0.0,0.0,0.0,0.0,0.0,0.0,0.0,0.0,0.0,0.0,0.0,0.0,0.0,0.0,0.0,0.0,0.0,0.0,0.0,0.0,0.0,0.0,0.0,0.0,0.0,0.0,0.5744,0.799
128,0.001,3,10,100,16,16,256,202,730,24,ContrastiveLoss,gru,/home/dpetrovitch/dzagcoffee/train_trace/age_pred/checkpoints/age_pred_2025-10-10 14:37:35.506749_ContrastiveLoss_gru_catboost/model_128_0.001_3_10_100_256_16_16_ContrastiveLoss_gruepoch=12.ckpt,12,24,0.311553,66.0549,3.4819,0.0003,4.0563,1.2012,8.6264,0.6949,4062.4312,102.8588,940.1387,23.8039,874.1458,22.133,837.7111,21.2105,790.3777,20.012,753.7536,19.0847,688.2855,17.4271,410.9066,8.8923,95.0931,2.0579,88.4181,1.9134,84.7328,1.8337,79.9451,1.7301,76.2406,1.6499,69.6187,1.5066,0.0,0.0,0.0,0.0,0.0,0.0,0.0,0.0,0.0,0.0,0.0,0.0,0.0,0.0,0.0,0.0,0.0,0.0,0.0,0.0,0.0,0.0,0.0,0.0,0.0,0.0,0.0,0.0,0.0,0.0,0.0,0.0,0.0,0.0,0.0,0.5711,0.8069
128,0.001,3,10,100,16,16,256,202,730,24,ContrastiveLoss,gru,/home/dpetrovitch/dzagcoffee/train_trace/age_pred/checkpoints/age_pred_2025-10-10 14:37:35.506749_ContrastiveLoss_gru_catboost/model_128_0.001_3_10_100_256_16_16_ContrastiveLoss_gruepoch=13.ckpt,13,24,0.3072325,66.666,3.9995,0.0002,4.07,1.2006,8.7604,0.6949,4098.098,103.7473,948.0304,24.0003,883.1659,22.3582,847.0468,21.4438,800.0822,20.2549,763.4961,19.3286,697.7701,17.6647,415.1789,8.9439,96.0451,2.069,89.4737,1.9275,85.8144,1.8486,81.0564,1.7461,77.3499,1.6663,70.6912,1.5229,0.0,0.0,0.0,0.0,0.0,0.0,0.0,0.0,0.0,0.0,0.0,0.0,0.0,0.0,0.0,0.0,0.0,0.0,0.0,0.0,0.0,0.0,0.0,0.0,0.0,0.0,0.0,0.0,0.0,0.0,0.0,0.0,0.0,0.0,0.0,0.5756,0.8016
128,0.001,3,10,100,16,16,256,202,730,24,ContrastiveLoss,gru,/home/dpetrovitch/dzagcoffee/train_trace/age_pred/checkpoints/age_pred_2025-10-10 14:37:35.506749_ContrastiveLoss_gru_catboost/model_128_0.001_3_10_100_256_16_16_ContrastiveLoss_gruepoch=14.ckpt,14,24,0.3106159,65.5884,4.8055,0.0002,4.112,1.1931,9.4233,0.7039,4086.1147,103.4239,952.3117,24.104,888.2687,22.483,852.9885,21.59,807.388,20.4358,771.9877,19.5398,707.922,17.9183,420.5076,8.9394,98.0037,2.0834,91.4129,1.9433,87.7822,1.8661,83.0894,1.7664,79.4463,1.6889,72.8532,1.5488,0.0,0.0,0.0,0.0,0.0,0.0,0.0,0.0,0.0,0.0,0.0,0.0,0.0,0.0,0.0,0.0,0.0,0.0,0.0,0.0,0.0,0.0,0.0,0.0,0.0,0.0,0.0,0.0,0.0,0.0,0.0,0.0,0.0,0.0,0.0,0.5711,0.8075
128,0.001,3,10,100,16,16,256,202,730,24,ContrastiveLoss,gru,/home/dpetrovitch/dzagcoffee/train_trace/age_pred/checkpoints/age_pred_2025-10-10 14:37:35.506749_ContrastiveLoss_gru_catboost/model_128_0.001_3_10_100_256_16_16_ContrastiveLoss_gruepoch=15.ckpt,15,24,0.2987393,66.0276,5.0645,1e-04,4.1183,1.1925,8.6906,0.7044,4088.5037,103.4974,951.6896,24.0913,887.5694,22.4681,852.1781,21.5722,806.2695,20.4101,770.8482,19.5134,707.2805,17.9043,410.9046,8.7843,95.6471,2.0447,89.2029,1.907,85.646,1.8309,81.0321,1.7323,77.4721,1.6562,71.0834,1.5196,0.0,0.0,0.0,0.0,0.0,0.0,0.0,0.0,0.0,0.0,0.0,0.0,0.0,0.0,0.0,0.0,0.0,0.0,0.0,0.0,0.0,0.0,0.0,0.0,0.0,0.0,0.0,0.0,0.0,0.0,0.0,0.0,0.0,0.0,0.0,0.5722,0.8032
128,0.001,3,10,100,16,16,256,202,730,24,ContrastiveLoss,gru,/home/dpetrovitch/dzagcoffee/train_trace/age_pred/checkpoints/age_pred_2025-10-10 14:37:35.506749_ContrastiveLoss_gru_catboost/model_128_0.001_3_10_100_256_16_16_ContrastiveLoss_gruepoch=16.ckpt,16,24,0.32025334,65.8258,3.0856,0.0002,4.1179,1.189,9.6678,0.7086,4146.125,104.9504,955.7856,24.1937,892.3151,22.5871,857.1653,21.6973,811.5682,20.5431,775.9496,19.6415,712.473,18.0348,417.8788,8.8471,96.3315,2.0395,89.9345,1.904,86.3918,1.829,81.7962,1.7317,78.2062,1.6557,71.8086,1.5203,0.0,0.0,0.0,0.0,0.0,0.0,0.0,0.0,0.0,0.0,0.0,0.0,0.0,0.0,0.0,0.0,0.0,0.0,0.0,0.0,0.0,0.0,0.0,0.0,0.0,0.0,0.0,0.0,0.0,0.0,0.0,0.0,0.0,0.0,0.0,0.5733,0.8119
128,0.001,3,10,100,16,16,256,202,730,24,ContrastiveLoss,gru,/home/dpetrovitch/dzagcoffee/train_trace/age_pred/checkpoints/age_pred_2025-10-10 14:37:35.506749_ContrastiveLoss_gru_catboost/model_128_0.001_3_10_100_256_16_16_ContrastiveLoss_gruepoch=17.ckpt,17,24,0.31474906,67.1281,3.6835,1e-04,4.1298,1.1939,9.4139,0.703,4210.155,106.565,963.3867,24.3847,899.6992,22.7727,864.1102,21.8719,817.7689,20.6989,781.0363,19.7691,714.5965,18.0875,430.1648,9.0544,98.4323,2.0719,91.9251,1.9349,88.2889,1.8584,83.554,1.7587,79.8009,1.6797,73.0126,1.5368,0.0,0.0,0.0,0.0,0.0,0.0,0.0,0.0,0.0,0.0,0.0,0.0,0.0,0.0,0.0,0.0,0.0,0.0,0.0,0.0,0.0,0.0,0.0,0.0,0.0,0.0,0.0,0.0,0.0,0.0,0.0,0.0,0.0,0.0,0.0,0.5867,0.8084
128,0.001,3,10,100,16,16,256,202,730,24,ContrastiveLoss,gru,/home/dpetrovitch/dzagcoffee/train_trace/age_pred/checkpoints/age_pred_2025-10-10 14:37:35.506749_ContrastiveLoss_gru_catboost/model_128_0.001_3_10_100_256_16_16_ContrastiveLoss_gruepoch=18.ckpt,18,24,0.32535315,67.007,3.6775,0.0002,4.1332,1.1932,9.1744,0.7036,4238.8965,107.2806,963.2332,24.3781,899.7263,22.7708,864.4589,21.8783,818.1933,20.7073,781.426,19.7768,714.2874,18.0776,435.0645,9.1361,98.8627,2.0761,92.3446,1.9392,88.7248,1.8632,83.9763,1.7634,80.2026,1.6842,73.3118,1.5395,0.0,0.0,0.0,0.0,0.0,0.0,0.0,0.0,0.0,0.0,0.0,0.0,0.0,0.0,0.0,0.0,0.0,0.0,0.0,0.0,0.0,0.0,0.0,0.0,0.0,0.0,0.0,0.0,0.0,0.0,0.0,0.0,0.0,0.0,0.0,0.5667,0.8082
128,0.001,3,10,100,16,16,256,202,730,24,ContrastiveLoss,gru,/home/dpetrovitch/dzagcoffee/train_trace/age_pred/checkpoints/age_pred_2025-10-10 14:37:35.506749_ContrastiveLoss_gru_catboost/model_128_0.001_3_10_100_256_16_16_ContrastiveLoss_gruepoch=19.ckpt,19,24,0.3133582,69.5637,3.8547,1e-04,4.1023,1.2144,8.6135,0.6798,4325.838,109.5112,962.4918,24.3661,898.0423,22.7345,862.145,21.8257,814.6679,20.6238,776.4749,19.6569,706.4342,17.8838,423.6392,9.0272,94.259,2.0085,87.9473,1.874,84.4318,1.7991,79.7823,1.7001,76.0419,1.6204,69.1827,1.4742,0.0,0.0,0.0,0.0,0.0,0.0,0.0,0.0,0.0,0.0,0.0,0.0,0.0,0.0,0.0,0.0,0.0,0.0,0.0,0.0,0.0,0.0,0.0,0.0,0.0,0.0,0.0,0.0,0.0,0.0,0.0,0.0,0.0,0.0,0.0,0.5656,0.8026
128,0.001,3,10,100,16,16,256,202,730,24,ContrastiveLoss,gru,/home/dpetrovitch/dzagcoffee/train_trace/age_pred/checkpoints/age_pred_2025-10-10 14:37:35.506749_ContrastiveLoss_gru_catboost/model_128_0.001_3_10_100_256_16_16_ContrastiveLoss_gruepoch=20.ckpt,20,24,0.29702294,67.595,4.1203,1e-04,4.1292,1.1988,9.0076,0.6968,4204.306,106.4174,960.4526,24.3105,897.2173,22.7099,862.3665,21.8278,817.0584,20.681,781.9876,19.7933,717.2815,18.1555,413.5839,8.7872,94.4812,2.0074,88.2606,1.8752,84.8323,1.8024,80.3753,1.7077,76.9253,1.6344,70.5601,1.4991,0.0,0.0,0.0,0.0,0.0,0.0,0.0,0.0,0.0,0.0,0.0,0.0,0.0,0.0,0.0,0.0,0.0,0.0,0.0,0.0,0.0,0.0,0.0,0.0,0.0,0.0,0.0,0.0,0.0,0.0,0.0,0.0,0.0,0.0,0.0,0.5644,0.8089
128,0.001,3,10,100,16,16,256,202,730,24,ContrastiveLoss,gru,/home/dpetrovitch/dzagcoffee/train_trace/age_pred/checkpoints/age_pred_2025-10-10 14:37:35.506749_ContrastiveLoss_gru_catboost/model_128_0.001_3_10_100_256_16_16_ContrastiveLoss_gruepoch=21.ckpt,21,24,0.31501535,68.2543,3.4252,1e-04,4.1345,1.2011,9.1632,0.6942,4315.253,109.2051,966.221,24.4519,903.4696,22.8639,868.5311,21.9797,823.1929,20.8323,787.314,19.9244,721.3611,18.2553,439.721,9.1563,98.4572,2.0502,92.0629,1.917,88.5027,1.8429,83.8827,1.7467,80.2267,1.6706,73.5062,1.5306,0.0,0.0,0.0,0.0,0.0,0.0,0.0,0.0,0.0,0.0,0.0,0.0,0.0,0.0,0.0,0.0,0.0,0.0,0.0,0.0,0.0,0.0,0.0,0.0,0.0,0.0,0.0,0.0,0.0,0.0,0.0,0.0,0.0,0.0,0.0,0.5567,0.8066
128,0.001,3,10,100,16,16,256,202,730,24,ContrastiveLoss,gru,/home/dpetrovitch/dzagcoffee/train_trace/age_pred/checkpoints/age_pred_2025-10-10 14:37:35.506749_ContrastiveLoss_gru_catboost/model_128_0.001_3_10_100_256_16_16_ContrastiveLoss_gruepoch=22.ckpt,22,24,0.31737295,69.3575,3.3998,1e-04,4.1239,1.2102,8.0575,0.6844,4397.4844,111.2919,964.0222,24.3975,899.2363,22.7579,862.8006,21.8358,814.8435,20.6221,776.4295,19.6499,706.1479,17.8712,441.3272,9.2137,96.7483,2.0198,90.2465,1.8841,86.5898,1.8078,81.7769,1.7073,77.9217,1.6268,70.8683,1.4795,0.0,0.0,0.0,0.0,0.0,0.0,0.0,0.0,0.0,0.0,0.0,0.0,0.0,0.0,0.0,0.0,0.0,0.0,0.0,0.0,0.0,0.0,0.0,0.0,0.0,0.0,0.0,0.0,0.0,0.0,0.0,0.0,0.0,0.0,0.0,0.5811,0.8143
128,0.001,3,10,100,16,16,256,202,730,24,ContrastiveLoss,gru,/home/dpetrovitch/dzagcoffee/train_trace/age_pred/checkpoints/age_pred_2025-10-10 14:37:35.506749_ContrastiveLoss_gru_catboost/model_128_0.001_3_10_100_256_16_16_ContrastiveLoss_gruepoch=23.ckpt,23,24,0.32036182,68.968,3.681,1e-04,4.1296,1.2066,8.4693,0.6883,4414.999,111.7201,963.4697,24.3803,900.043,22.7753,864.5964,21.8783,818.3329,20.7076,781.4874,19.7753,713.6499,18.0587,452.4238,9.4373,98.7308,2.0595,92.2312,1.9239,88.5989,1.8481,83.8581,1.7492,80.0823,1.6705,73.1307,1.5255,0.0,0.0,0.0,0.0,0.0,0.0,0.0,0.0,0.0,0.0,0.0,0.0,0.0,0.0,0.0,0.0,0.0,0.0,0.0,0.0,0.0,0.0,0.0,0.0,0.0,0.0,0.0,0.0,0.0,0.0,0.0,0.0,0.0,0.0,0.0,0.5867,0.8178
128,0.001,3,10,100,16,24,256,202,730,24,ContrastiveLoss,gru,/home/dpetrovitch/dzagcoffee/train_trace/age_pred/checkpoints/age_pred_2025-10-10 14:37:35.506749_ContrastiveLoss_gru_catboost/model_128_0.001_3_10_100_256_16_24_ContrastiveLoss_gruepoch=00.ckpt,0,24,0.11829231,50.8991,5.0233,0.0006,4.1578,1.1354,5.0945,0.7791,1847.439,47.2381,794.8492,20.3239,714.2027,18.2618,670.2605,17.1382,613.8973,15.6971,569.9965,14.5745,490.6848,12.5466,121.9481,3.4492,52.4674,1.484,47.144,1.3334,44.2434,1.2514,40.5229,1.1462,37.625,1.0642,32.3897,0.9161,0.0,0.0,0.0,0.0,0.0,0.0,0.0,0.0,0.0,0.0,0.0,0.0,0.0,0.0,0.0,0.0,0.0,0.0,0.0,0.0,0.0,0.0,0.0,0.0,0.0,0.0,0.0,0.0,0.0,0.0,0.0,0.0,0.0,0.0,0.0,0.4378,0.7138
128,0.001,3,10,100,16,24,256,202,730,24,ContrastiveLoss,gru,/home/dpetrovitch/dzagcoffee/train_trace/age_pred/checkpoints/age_pred_2025-10-10 14:37:35.506749_ContrastiveLoss_gru_catboost/model_128_0.001_3_10_100_256_16_24_ContrastiveLoss_gruepoch=01.ckpt,1,24,0.19124842,55.698,4.2364,0.0005,4.1296,1.1506,5.3982,0.7582,2354.8416,59.7998,840.8084,21.3518,763.8163,19.3967,722.1254,18.338,668.634,16.9796,627.3715,15.9317,553.8998,14.066,175.3477,4.5631,62.6088,1.6293,56.8758,1.4801,53.7714,1.3993,49.7882,1.2957,46.7157,1.2157,41.2448,1.0733,0.0,0.0,0.0,0.0,0.0,0.0,0.0,0.0,0.0,0.0,0.0,0.0,0.0,0.0,0.0,0.0,0.0,0.0,0.0,0.0,0.0,0.0,0.0,0.0,0.0,0.0,0.0,0.0,0.0,0.0,0.0,0.0,0.0,0.0,0.0,0.4933,0.7439
128,0.001,3,10,100,16,24,256,202,730,24,ContrastiveLoss,gru,/home/dpetrovitch/dzagcoffee/train_trace/age_pred/checkpoints/age_pred_2025-10-10 14:37:35.506749_ContrastiveLoss_gru_catboost/model_128_0.001_3_10_100_256_16_24_ContrastiveLoss_gruepoch=02.ckpt,2,24,0.21340355,58.7491,4.1366,0.0004,4.1284,1.1562,7.8269,0.7498,2654.3562,67.3072,878.3824,22.2734,807.991,20.4884,769.7695,19.5192,720.759,18.2765,683.0816,17.3211,615.5951,15.6098,227.4942,5.5076,75.2826,1.8226,69.2497,1.6765,65.9739,1.5972,61.7734,1.4955,58.5442,1.4174,52.7602,1.2773,0.0,0.0,0.0,0.0,0.0,0.0,0.0,0.0,0.0,0.0,0.0,0.0,0.0,0.0,0.0,0.0,0.0,0.0,0.0,0.0,0.0,0.0,0.0,0.0,0.0,0.0,0.0,0.0,0.0,0.0,0.0,0.0,0.0,0.0,0.0,0.5144,0.7579
128,0.001,3,10,100,16,24,256,202,730,24,ContrastiveLoss,gru,/home/dpetrovitch/dzagcoffee/train_trace/age_pred/checkpoints/age_pred_2025-10-10 14:37:35.506749_ContrastiveLoss_gru_catboost/model_128_0.001_3_10_100_256_16_24_ContrastiveLoss_gruepoch=03.ckpt,3,24,0.24534407,60.0425,3.95,0.0004,4.0773,1.171,8.2305,0.7312,2911.5417,73.7941,881.5857,22.3441,812.1862,20.5852,774.5736,19.6319,726.41,18.4111,689.3382,17.4715,623.6173,15.8058,261.4147,6.1893,79.1537,1.8741,72.9227,1.7265,69.5456,1.6466,65.2212,1.5442,61.8927,1.4654,55.9919,1.3257,0.0,0.0,0.0,0.0,0.0,0.0,0.0,0.0,0.0,0.0,0.0,0.0,0.0,0.0,0.0,0.0,0.0,0.0,0.0,0.0,0.0,0.0,0.0,0.0,0.0,0.0,0.0,0.0,0.0,0.0,0.0,0.0,0.0,0.0,0.0,0.5189,0.7689
128,0.001,3,10,100,16,24,256,202,730,24,ContrastiveLoss,gru,/home/dpetrovitch/dzagcoffee/train_trace/age_pred/checkpoints/age_pred_2025-10-10 14:37:35.506749_ContrastiveLoss_gru_catboost/model_128_0.001_3_10_100_256_16_24_ContrastiveLoss_gruepoch=04.ckpt,4,24,0.25999248,61.5121,4.3301,0.0004,4.0216,1.1848,7.9178,0.7151,3175.9365,80.4839,893.3167,22.6383,823.8088,20.8768,785.7845,19.9132,736.9397,18.6754,699.8068,17.7344,632.6291,16.032,298.9559,6.9205,84.0893,1.9466,77.5464,1.7951,73.9671,1.7123,69.3693,1.6058,65.8739,1.5249,59.5504,1.3785,0.0,0.0,0.0,0.0,0.0,0.0,0.0,0.0,0.0,0.0,0.0,0.0,0.0,0.0,0.0,0.0,0.0,0.0,0.0,0.0,0.0,0.0,0.0,0.0,0.0,0.0,0.0,0.0,0.0,0.0,0.0,0.0,0.0,0.0,0.0,0.5267,0.7796
128,0.001,3,10,100,16,24,256,202,730,24,ContrastiveLoss,gru,/home/dpetrovitch/dzagcoffee/train_trace/age_pred/checkpoints/age_pred_2025-10-10 14:37:35.506749_ContrastiveLoss_gru_catboost/model_128_0.001_3_10_100_256_16_24_ContrastiveLoss_gruepoch=05.ckpt,5,24,0.27120817,60.2893,3.5168,0.0003,4.009,1.1743,8.0085,0.7273,3244.3704,82.2154,895.3061,22.6879,826.3798,20.9412,788.5899,19.9836,740.3057,18.76,703.5267,17.828,638.074,16.1694,304.6214,6.971,84.0624,1.9237,77.5907,1.7756,74.0425,1.6944,69.509,1.5907,66.0557,1.5116,59.9102,1.371,0.0,0.0,0.0,0.0,0.0,0.0,0.0,0.0,0.0,0.0,0.0,0.0,0.0,0.0,0.0,0.0,0.0,0.0,0.0,0.0,0.0,0.0,0.0,0.0,0.0,0.0,0.0,0.0,0.0,0.0,0.0,0.0,0.0,0.0,0.0,0.5189,0.7827
128,0.001,3,10,100,16,24,256,202,730,24,ContrastiveLoss,gru,/home/dpetrovitch/dzagcoffee/train_trace/age_pred/checkpoints/age_pred_2025-10-10 14:37:35.506749_ContrastiveLoss_gru_catboost/model_128_0.001_3_10_100_256_16_24_ContrastiveLoss_gruepoch=06.ckpt,6,24,0.28485048,60.6359,3.6594,0.0003,3.9681,1.1854,8.7134,0.714,3505.285,88.8164,901.6772,22.8466,833.3808,21.1161,796.1233,20.172,748.8291,18.9737,712.4596,18.0522,648.3042,16.4266,343.7628,7.6892,88.4274,1.9779,81.7295,1.8281,78.0757,1.7464,73.4376,1.6426,69.8708,1.5628,63.5791,1.4221,0.0,0.0,0.0,0.0,0.0,0.0,0.0,0.0,0.0,0.0,0.0,0.0,0.0,0.0,0.0,0.0,0.0,0.0,0.0,0.0,0.0,0.0,0.0,0.0,0.0,0.0,0.0,0.0,0.0,0.0,0.0,0.0,0.0,0.0,0.0,0.5289,0.787
128,0.001,3,10,100,16,24,256,202,730,24,ContrastiveLoss,gru,/home/dpetrovitch/dzagcoffee/train_trace/age_pred/checkpoints/age_pred_2025-10-10 14:37:35.506749_ContrastiveLoss_gru_catboost/model_128_0.001_3_10_100_256_16_24_ContrastiveLoss_gruepoch=07.ckpt,7,24,0.2895064,63.6304,3.569,0.0005,3.9658,1.1952,8.9292,0.7023,3648.4531,92.4162,920.67,23.3208,852.4517,21.5928,814.9414,20.6427,767.3292,19.4366,730.8852,18.5135,664.601,16.8345,359.63,7.8846,90.7509,1.9896,84.0266,1.8422,80.3292,1.7612,75.636,1.6583,72.0437,1.5795,65.5101,1.4363,0.0,0.0,0.0,0.0,0.0,0.0,0.0,0.0,0.0,0.0,0.0,0.0,0.0,0.0,0.0,0.0,0.0,0.0,0.0,0.0,0.0,0.0,0.0,0.0,0.0,0.0,0.0,0.0,0.0,0.0,0.0,0.0,0.0,0.0,0.0,0.5689,0.8022
128,0.001,3,10,100,16,24,256,202,730,24,ContrastiveLoss,gru,/home/dpetrovitch/dzagcoffee/train_trace/age_pred/checkpoints/age_pred_2025-10-10 14:37:35.506749_ContrastiveLoss_gru_catboost/model_128_0.001_3_10_100_256_16_24_ContrastiveLoss_gruepoch=08.ckpt,8,24,0.29479367,64.7758,4.4196,0.0006,3.9586,1.2075,9.0325,0.6881,3813.476,96.5866,924.2556,23.4093,856.0181,21.681,818.6074,20.7334,770.9218,19.5257,734.4004,18.6007,669.3021,16.9519,373.0518,8.1941,90.4149,1.986,83.7396,1.8393,80.0799,1.759,75.4151,1.6565,71.8424,1.578,65.4742,1.4381,0.0,0.0,0.0,0.0,0.0,0.0,0.0,0.0,0.0,0.0,0.0,0.0,0.0,0.0,0.0,0.0,0.0,0.0,0.0,0.0,0.0,0.0,0.0,0.0,0.0,0.0,0.0,0.0,0.0,0.0,0.0,0.0,0.0,0.0,0.0,0.5678,0.7979
128,0.001,3,10,100,16,24,256,202,730,24,ContrastiveLoss,gru,/home/dpetrovitch/dzagcoffee/train_trace/age_pred/checkpoints/age_pred_2025-10-10 14:37:35.506749_ContrastiveLoss_gru_catboost/model_128_0.001_3_10_100_256_16_24_ContrastiveLoss_gruepoch=09.ckpt,9,24,0.2950008,67.0195,4.2083,0.0006,3.9554,1.2143,8.6165,0.6805,3887.9023,98.4413,933.4775,23.6356,865.4652,21.9135,827.7388,20.9583,779.2628,19.7309,741.9293,18.7856,675.6114,17.1064,369.6924,8.1346,88.7624,1.9531,82.2953,1.8108,78.7079,1.7319,74.0985,1.6304,70.5485,1.5523,64.2425,1.4136,0.0,0.0,0.0,0.0,0.0,0.0,0.0,0.0,0.0,0.0,0.0,0.0,0.0,0.0,0.0,0.0,0.0,0.0,0.0,0.0,0.0,0.0,0.0,0.0,0.0,0.0,0.0,0.0,0.0,0.0,0.0,0.0,0.0,0.0,0.0,0.5433,0.7994
128,0.001,3,10,100,16,24,256,202,730,24,ContrastiveLoss,gru,/home/dpetrovitch/dzagcoffee/train_trace/age_pred/checkpoints/age_pred_2025-10-10 14:37:35.506749_ContrastiveLoss_gru_catboost/model_128_0.001_3_10_100_256_16_24_ContrastiveLoss_gruepoch=10.ckpt,10,24,0.3021129,65.7588,4.008,0.0005,3.9984,1.2098,8.673,0.6852,3950.6345,100.0018,932.0277,23.5923,865.399,21.9057,828.9203,20.9823,782.471,19.8066,747.1445,18.9123,686.8429,17.3859,391.2161,8.4291,92.2951,1.9886,85.6971,1.8464,82.0848,1.7686,77.4851,1.6695,73.9868,1.5941,68.0154,1.4655,0.0,0.0,0.0,0.0,0.0,0.0,0.0,0.0,0.0,0.0,0.0,0.0,0.0,0.0,0.0,0.0,0.0,0.0,0.0,0.0,0.0,0.0,0.0,0.0,0.0,0.0,0.0,0.0,0.0,0.0,0.0,0.0,0.0,0.0,0.0,0.59,0.8152
128,0.001,3,10,100,16,24,256,202,730,24,ContrastiveLoss,gru,/home/dpetrovitch/dzagcoffee/train_trace/age_pred/checkpoints/age_pred_2025-10-10 14:37:35.506749_ContrastiveLoss_gru_catboost/model_128_0.001_3_10_100_256_16_24_ContrastiveLoss_gruepoch=11.ckpt,11,24,0.30810055,66.7184,3.3229,0.0006,4.0159,1.2092,8.4798,0.686,3978.016,100.715,939.9849,23.7984,872.8873,22.0997,835.9549,21.1646,788.4232,19.9612,751.7219,19.032,688.391,17.4286,385.9164,8.3844,91.1901,1.9812,84.6808,1.8398,81.0979,1.7619,76.4867,1.6618,72.9263,1.5844,66.7824,1.4509,0.0,0.0,0.0,0.0,0.0,0.0,0.0,0.0,0.0,0.0,0.0,0.0,0.0,0.0,0.0,0.0,0.0,0.0,0.0,0.0,0.0,0.0,0.0,0.0,0.0,0.0,0.0,0.0,0.0,0.0,0.0,0.0,0.0,0.0,0.0,0.5667,0.8033
128,0.001,3,10,100,16,24,256,202,730,24,ContrastiveLoss,gru,/home/dpetrovitch/dzagcoffee/train_trace/age_pred/checkpoints/age_pred_2025-10-10 14:37:35.506749_ContrastiveLoss_gru_catboost/model_128_0.001_3_10_100_256_16_24_ContrastiveLoss_gruepoch=12.ckpt,12,24,0.28925976,67.0576,3.206,0.0006,4.0392,1.2071,8.4293,0.6881,3945.2207,99.8803,943.1152,23.8767,876.0942,22.1799,839.3677,21.2501,792.3635,20.0601,756.3589,19.1486,694.3142,17.5778,374.2814,8.1375,89.4729,1.9453,83.1147,1.8071,79.6304,1.7313,75.1712,1.6344,71.7554,1.5601,65.8693,1.4321,0.0,0.0,0.0,0.0,0.0,0.0,0.0,0.0,0.0,0.0,0.0,0.0,0.0,0.0,0.0,0.0,0.0,0.0,0.0,0.0,0.0,0.0,0.0,0.0,0.0,0.0,0.0,0.0,0.0,0.0,0.0,0.0,0.0,0.0,0.0,0.5444,0.7899
128,0.001,3,10,100,16,24,256,202,730,24,ContrastiveLoss,gru,/home/dpetrovitch/dzagcoffee/train_trace/age_pred/checkpoints/age_pred_2025-10-10 14:37:35.506749_ContrastiveLoss_gru_catboost/model_128_0.001_3_10_100_256_16_24_ContrastiveLoss_gruepoch=13.ckpt,13,24,0.30654198,65.3785,3.1996,0.0005,4.0954,1.1982,9.1253,0.6979,4062.9265,102.7911,941.8299,23.8281,876.2454,22.1688,840.3078,21.2596,793.9248,20.0861,758.4868,19.1895,695.9616,17.6077,412.6209,8.8053,95.65,2.0412,88.9894,1.899,85.3396,1.8211,80.6291,1.7206,77.0301,1.6438,70.6802,1.5083,0.0,0.0,0.0,0.0,0.0,0.0,0.0,0.0,0.0,0.0,0.0,0.0,0.0,0.0,0.0,0.0,0.0,0.0,0.0,0.0,0.0,0.0,0.0,0.0,0.0,0.0,0.0,0.0,0.0,0.0,0.0,0.0,0.0,0.0,0.0,0.5833,0.8123
128,0.001,3,10,100,16,24,256,202,730,24,ContrastiveLoss,gru,/home/dpetrovitch/dzagcoffee/train_trace/age_pred/checkpoints/age_pred_2025-10-10 14:37:35.506749_ContrastiveLoss_gru_catboost/model_128_0.001_3_10_100_256_16_24_ContrastiveLoss_gruepoch=14.ckpt,14,24,0.29963702,67.075,3.2794,0.0006,4.0779,1.2054,7.8695,0.6899,4030.9111,102.0211,944.0739,23.8942,877.6586,22.2133,841.1688,21.2897,794.3977,20.106,758.5363,19.1983,697.7168,17.659,390.7739,8.4163,91.5226,1.9712,85.084,1.8325,81.5465,1.7563,77.0123,1.6587,73.5358,1.5838,67.6397,1.4568,0.0,0.0,0.0,0.0,0.0,0.0,0.0,0.0,0.0,0.0,0.0,0.0,0.0,0.0,0.0,0.0,0.0,0.0,0.0,0.0,0.0,0.0,0.0,0.0,0.0,0.0,0.0,0.0,0.0,0.0,0.0,0.0,0.0,0.0,0.0,0.5667,0.8062
128,0.001,3,10,100,16,24,256,202,730,24,ContrastiveLoss,gru,/home/dpetrovitch/dzagcoffee/train_trace/age_pred/checkpoints/age_pred_2025-10-10 14:37:35.506749_ContrastiveLoss_gru_catboost/model_128_0.001_3_10_100_256_16_24_ContrastiveLoss_gruepoch=15.ckpt,15,24,0.3032079,66.6272,3.1779,0.0006,4.118,1.1995,8.8053,0.696,4106.103,103.8823,950.0341,24.0354,885.1653,22.3942,849.8637,21.5011,805.0942,20.3685,770.8328,19.5017,712.8042,18.0336,413.908,8.7896,95.7664,2.0337,89.2274,1.8948,85.6689,1.8192,81.156,1.7234,77.7024,1.6501,71.8529,1.5258,0.0,0.0,0.0,0.0,0.0,0.0,0.0,0.0,0.0,0.0,0.0,0.0,0.0,0.0,0.0,0.0,0.0,0.0,0.0,0.0,0.0,0.0,0.0,0.0,0.0,0.0,0.0,0.0,0.0,0.0,0.0,0.0,0.0,0.0,0.0,0.5633,0.8016
128,0.001,3,10,100,16,24,256,202,730,24,ContrastiveLoss,gru,/home/dpetrovitch/dzagcoffee/train_trace/age_pred/checkpoints/age_pred_2025-10-10 14:37:35.506749_ContrastiveLoss_gru_catboost/model_128_0.001_3_10_100_256_16_24_ContrastiveLoss_gruepoch=16.ckpt,16,24,0.31197718,68.3508,3.2734,0.0006,4.1175,1.2076,8.9131,0.6873,4223.2534,106.8353,957.3865,24.2189,891.865,22.5614,855.4663,21.6407,808.0175,20.4404,771.081,19.506,705.0102,17.8346,412.4613,8.7667,93.5025,1.9874,87.1034,1.8514,83.5486,1.7758,78.9145,1.6773,75.3071,1.6006,68.8544,1.4635,0.0,0.0,0.0,0.0,0.0,0.0,0.0,0.0,0.0,0.0,0.0,0.0,0.0,0.0,0.0,0.0,0.0,0.0,0.0,0.0,0.0,0.0,0.0,0.0,0.0,0.0,0.0,0.0,0.0,0.0,0.0,0.0,0.0,0.0,0.0,0.56,0.8022
128,0.001,3,10,100,16,24,256,202,730,24,ContrastiveLoss,gru,/home/dpetrovitch/dzagcoffee/train_trace/age_pred/checkpoints/age_pred_2025-10-10 14:37:35.506749_ContrastiveLoss_gru_catboost/model_128_0.001_3_10_100_256_16_24_ContrastiveLoss_gruepoch=17.ckpt,17,24,0.31536064,67.1286,4.2099,0.0007,4.1356,1.1942,9.0261,0.702,4170.8257,105.495,959.1158,24.2595,894.2445,22.6186,858.7991,21.7221,812.7779,20.558,777.423,19.6638,716.6279,18.1261,414.8979,8.768,95.4092,2.0163,88.9561,1.8799,85.4301,1.8054,80.8521,1.7086,77.3351,1.6343,71.2874,1.5065,0.0,0.0,0.0,0.0,0.0,0.0,0.0,0.0,0.0,0.0,0.0,0.0,0.0,0.0,0.0,0.0,0.0,0.0,0.0,0.0,0.0,0.0,0.0,0.0,0.0,0.0,0.0,0.0,0.0,0.0,0.0,0.0,0.0,0.0,0.0,0.5656,0.8034
128,0.001,3,10,100,16,24,256,202,730,24,ContrastiveLoss,gru,/home/dpetrovitch/dzagcoffee/train_trace/age_pred/checkpoints/age_pred_2025-10-10 14:37:35.506749_ContrastiveLoss_gru_catboost/model_128_0.001_3_10_100_256_16_24_ContrastiveLoss_gruepoch=18.ckpt,18,24,0.31121767,66.852,3.2037,0.0006,4.1659,1.1903,9.3745,0.7066,4196.1123,106.1465,958.1197,24.237,893.8482,22.6111,858.513,21.7173,812.7637,20.56,777.3831,19.665,715.5866,18.1018,406.8538,8.6825,92.899,1.9825,86.6672,1.8495,83.2412,1.7764,78.8053,1.6818,75.3748,1.6085,69.3831,1.4807,0.0,0.0,0.0,0.0,0.0,0.0,0.0,0.0,0.0,0.0,0.0,0.0,0.0,0.0,0.0,0.0,0.0,0.0,0.0,0.0,0.0,0.0,0.0,0.0,0.0,0.0,0.0,0.0,0.0,0.0,0.0,0.0,0.0,0.0,0.0,0.5722,0.811
128,0.001,3,10,100,16,24,256,202,730,24,ContrastiveLoss,gru,/home/dpetrovitch/dzagcoffee/train_trace/age_pred/checkpoints/age_pred_2025-10-10 14:37:35.506749_ContrastiveLoss_gru_catboost/model_128_0.001_3_10_100_256_16_24_ContrastiveLoss_gruepoch=19.ckpt,19,24,0.319839,68.894,3.3011,0.0007,4.1286,1.2029,9.1286,0.692,4297.387,108.6906,962.4385,24.3422,897.2913,22.6945,861.2403,21.7827,814.6115,20.6034,778.3839,19.6871,715.729,18.1024,430.3469,9.0354,96.3801,2.0236,89.8561,1.8866,86.2459,1.8108,81.5764,1.7128,77.9485,1.6366,71.6742,1.5048,0.0,0.0,0.0,0.0,0.0,0.0,0.0,0.0,0.0,0.0,0.0,0.0,0.0,0.0,0.0,0.0,0.0,0.0,0.0,0.0,0.0,0.0,0.0,0.0,0.0,0.0,0.0,0.0,0.0,0.0,0.0,0.0,0.0,0.0,0.0,0.5756,0.8125
128,0.001,3,10,100,16,24,256,202,730,24,ContrastiveLoss,gru,/home/dpetrovitch/dzagcoffee/train_trace/age_pred/checkpoints/age_pred_2025-10-10 14:37:35.506749_ContrastiveLoss_gru_catboost/model_128_0.001_3_10_100_256_16_24_ContrastiveLoss_gruepoch=20.ckpt,20,24,0.30484533,69.4552,3.4013,0.0008,4.1126,1.2066,9.0718,0.6875,4285.65,108.3973,963.9339,24.3809,899.7379,22.7571,864.5634,21.8675,819.2591,20.7216,784.1589,19.8338,724.0525,18.3135,427.6342,9.0113,96.184,2.0268,89.7784,1.8919,86.2686,1.8179,81.748,1.7226,78.2456,1.6488,72.248,1.5224,0.0,0.0,0.0,0.0,0.0,0.0,0.0,0.0,0.0,0.0,0.0,0.0,0.0,0.0,0.0,0.0,0.0,0.0,0.0,0.0,0.0,0.0,0.0,0.0,0.0,0.0,0.0,0.0,0.0,0.0,0.0,0.0,0.0,0.0,0.0,0.5889,0.8116
128,0.001,3,10,100,16,24,256,202,730,24,ContrastiveLoss,gru,/home/dpetrovitch/dzagcoffee/train_trace/age_pred/checkpoints/age_pred_2025-10-10 14:37:35.506749_ContrastiveLoss_gru_catboost/model_128_0.001_3_10_100_256_16_24_ContrastiveLoss_gruepoch=21.ckpt,21,24,0.3218908,67.9987,3.2296,0.0007,4.1724,1.2,9.2614,0.6958,4332.032,109.5824,962.7389,24.3533,897.831,22.7114,862.0828,21.8071,815.6181,20.6318,779.5245,19.7187,716.8502,18.1333,432.8549,9.1429,96.1965,2.0319,89.7109,1.8949,86.139,1.8195,81.4962,1.7214,77.8898,1.6452,71.6274,1.5129,0.0,0.0,0.0,0.0,0.0,0.0,0.0,0.0,0.0,0.0,0.0,0.0,0.0,0.0,0.0,0.0,0.0,0.0,0.0,0.0,0.0,0.0,0.0,0.0,0.0,0.0,0.0,0.0,0.0,0.0,0.0,0.0,0.0,0.0,0.0,0.58,0.8186
128,0.001,3,10,100,16,24,256,202,730,24,ContrastiveLoss,gru,/home/dpetrovitch/dzagcoffee/train_trace/age_pred/checkpoints/age_pred_2025-10-10 14:37:35.506749_ContrastiveLoss_gru_catboost/model_128_0.001_3_10_100_256_16_24_ContrastiveLoss_gruepoch=22.ckpt,22,24,0.30398712,67.8816,3.3366,0.0008,4.1456,1.1978,8.8716,0.6976,4258.055,107.6933,959.4501,24.2661,895.7154,22.6541,860.6561,21.7674,815.6224,20.6285,781.1702,19.7571,722.3319,18.269,425.6384,8.9741,95.9074,2.0221,89.5364,1.8878,86.0318,1.8139,81.5302,1.719,78.0864,1.6464,72.2048,1.5224,0.0,0.0,0.0,0.0,0.0,0.0,0.0,0.0,0.0,0.0,0.0,0.0,0.0,0.0,0.0,0.0,0.0,0.0,0.0,0.0,0.0,0.0,0.0,0.0,0.0,0.0,0.0,0.0,0.0,0.0,0.0,0.0,0.0,0.0,0.0,0.5889,0.8163
128,0.001,3,10,100,16,24,256,202,730,24,ContrastiveLoss,gru,/home/dpetrovitch/dzagcoffee/train_trace/age_pred/checkpoints/age_pred_2025-10-10 14:37:35.506749_ContrastiveLoss_gru_catboost/model_128_0.001_3_10_100_256_16_24_ContrastiveLoss_gruepoch=23.ckpt,23,24,0.32524464,70.171,3.2227,0.0009,4.1206,1.2119,8.9503,0.6816,4416.0293,111.6798,963.8549,24.3755,899.1121,22.7382,863.3207,21.8331,816.8618,20.6581,780.6026,19.7412,717.1727,18.137,444.7062,9.3744,97.0628,2.0461,90.543,1.9086,86.9387,1.8327,82.2602,1.734,78.6088,1.6571,72.2212,1.5224,0.0,0.0,0.0,0.0,0.0,0.0,0.0,0.0,0.0,0.0,0.0,0.0,0.0,0.0,0.0,0.0,0.0,0.0,0.0,0.0,0.0,0.0,0.0,0.0,0.0,0.0,0.0,0.0,0.0,0.0,0.0,0.0,0.0,0.0,0.0,0.5778,0.8102
128,0.001,3,10,100,16,32,256,202,730,24,ContrastiveLoss,gru,/home/dpetrovitch/dzagcoffee/train_trace/age_pred/checkpoints/age_pred_2025-10-10 14:37:35.506749_ContrastiveLoss_gru_catboost/model_128_0.001_3_10_100_256_16_32_ContrastiveLoss_gruepoch=00.ckpt,0,24,0.113942154,51.6786,4.7128,0.0007,4.0972,1.1334,5.0345,0.7828,1838.9158,47.0894,799.5464,20.4741,715.9967,18.3346,670.0234,17.1574,610.8672,15.6426,564.7418,14.4614,481.7861,12.3372,116.6054,3.3292,50.6991,1.4475,45.4013,1.2962,42.4861,1.213,38.735,1.1059,35.8102,1.0224,30.55,0.8722,0.0,0.0,0.0,0.0,0.0,0.0,0.0,0.0,0.0,0.0,0.0,0.0,0.0,0.0,0.0,0.0,0.0,0.0,0.0,0.0,0.0,0.0,0.0,0.0,0.0,0.0,0.0,0.0,0.0,0.0,0.0,0.0,0.0,0.0,0.0,0.4678,0.7197
128,0.001,3,10,100,16,32,256,202,730,24,ContrastiveLoss,gru,/home/dpetrovitch/dzagcoffee/train_trace/age_pred/checkpoints/age_pred_2025-10-10 14:37:35.506749_ContrastiveLoss_gru_catboost/model_128_0.001_3_10_100_256_16_32_ContrastiveLoss_gruepoch=01.ckpt,1,24,0.19092292,61.3617,4.2252,0.0007,4.0147,1.1695,6.6053,0.7346,2389.0686,60.7045,843.4216,21.4307,767.0832,19.491,725.9786,18.4466,674.4269,17.1367,635.2802,16.142,569.5168,14.471,177.4862,4.6022,62.6586,1.6247,56.9874,1.4777,53.9337,1.3985,50.1038,1.2992,47.1956,1.2238,42.31,1.0971,0.0,0.0,0.0,0.0,0.0,0.0,0.0,0.0,0.0,0.0,0.0,0.0,0.0,0.0,0.0,0.0,0.0,0.0,0.0,0.0,0.0,0.0,0.0,0.0,0.0,0.0,0.0,0.0,0.0,0.0,0.0,0.0,0.0,0.0,0.0,0.5011,0.7519
128,0.001,3,10,100,16,32,256,202,730,24,ContrastiveLoss,gru,/home/dpetrovitch/dzagcoffee/train_trace/age_pred/checkpoints/age_pred_2025-10-10 14:37:35.506749_ContrastiveLoss_gru_catboost/model_128_0.001_3_10_100_256_16_32_ContrastiveLoss_gruepoch=02.ckpt,2,24,0.21477471,61.5353,3.5207,0.0006,4.0465,1.1582,6.4636,0.7471,2676.591,67.854,878.2795,22.2652,805.7948,20.4276,766.3973,19.4289,716.2523,18.1576,678.1795,17.1925,615.1277,15.594,210.766,5.2214,69.1594,1.7133,63.4516,1.5719,60.3493,1.4951,56.4007,1.3972,53.4027,1.323,48.4377,1.2,0.0,0.0,0.0,0.0,0.0,0.0,0.0,0.0,0.0,0.0,0.0,0.0,0.0,0.0,0.0,0.0,0.0,0.0,0.0,0.0,0.0,0.0,0.0,0.0,0.0,0.0,0.0,0.0,0.0,0.0,0.0,0.0,0.0,0.0,0.0,0.5189,0.7664
128,0.001,3,10,100,16,32,256,202,730,24,ContrastiveLoss,gru,/home/dpetrovitch/dzagcoffee/train_trace/age_pred/checkpoints/age_pred_2025-10-10 14:37:35.506749_ContrastiveLoss_gru_catboost/model_128_0.001_3_10_100_256_16_32_ContrastiveLoss_gruepoch=03.ckpt,3,24,0.24912208,64.8709,3.2892,0.0006,4.0043,1.1881,7.6947,0.7112,3071.271,77.8167,894.5635,22.6655,824.1765,20.8821,785.7187,19.9077,736.7952,18.6682,699.4039,17.7208,635.268,16.0958,269.6014,6.3907,78.5263,1.8614,72.3476,1.7149,68.9717,1.6349,64.6771,1.5331,61.3949,1.4553,55.7649,1.3219,0.0,0.0,0.0,0.0,0.0,0.0,0.0,0.0,0.0,0.0,0.0,0.0,0.0,0.0,0.0,0.0,0.0,0.0,0.0,0.0,0.0,0.0,0.0,0.0,0.0,0.0,0.0,0.0,0.0,0.0,0.0,0.0,0.0,0.0,0.0,0.51,0.7711
128,0.001,3,10,100,16,32,256,202,730,24,ContrastiveLoss,gru,/home/dpetrovitch/dzagcoffee/train_trace/age_pred/checkpoints/age_pred_2025-10-10 14:37:35.506749_ContrastiveLoss_gru_catboost/model_128_0.001_3_10_100_256_16_32_ContrastiveLoss_gruepoch=04.ckpt,4,24,0.2560764,63.8893,3.75,0.0005,4.009,1.1869,7.6087,0.7121,3225.9553,81.7104,899.0557,22.7722,830.9262,21.0466,793.7674,20.1054,746.4196,18.9061,710.2768,17.9906,649.017,16.439,306.712,7.0018,85.4789,1.9514,79.0014,1.8035,75.4685,1.7228,70.9668,1.6201,67.5305,1.5416,61.7061,1.4087,0.0,0.0,0.0,0.0,0.0,0.0,0.0,0.0,0.0,0.0,0.0,0.0,0.0,0.0,0.0,0.0,0.0,0.0,0.0,0.0,0.0,0.0,0.0,0.0,0.0,0.0,0.0,0.0,0.0,0.0,0.0,0.0,0.0,0.0,0.0,0.5378,0.7773
128,0.001,3,10,100,16,32,256,202,730,24,ContrastiveLoss,gru,/home/dpetrovitch/dzagcoffee/train_trace/age_pred/checkpoints/age_pred_2025-10-10 14:37:35.506749_ContrastiveLoss_gru_catboost/model_128_0.001_3_10_100_256_16_32_ContrastiveLoss_gruepoch=05.ckpt,5,24,0.28067788,65.6183,3.7878,0.0005,3.9777,1.2107,8.4613,0.6854,3534.0735,89.5022,907.1795,22.9748,838.4844,21.235,800.8323,20.2815,752.6224,19.0605,715.7955,18.1279,651.6214,16.5026,348.0695,7.7301,89.3478,1.9843,82.582,1.834,78.8737,1.7517,74.1255,1.6462,70.4984,1.5657,64.1779,1.4253,0.0,0.0,0.0,0.0,0.0,0.0,0.0,0.0,0.0,0.0,0.0,0.0,0.0,0.0,0.0,0.0,0.0,0.0,0.0,0.0,0.0,0.0,0.0,0.0,0.0,0.0,0.0,0.0,0.0,0.0,0.0,0.0,0.0,0.0,0.0,0.5567,0.7971
128,0.001,3,10,100,16,32,256,202,730,24,ContrastiveLoss,gru,/home/dpetrovitch/dzagcoffee/train_trace/age_pred/checkpoints/age_pred_2025-10-10 14:37:35.506749_ContrastiveLoss_gru_catboost/model_128_0.001_3_10_100_256_16_32_ContrastiveLoss_gruepoch=06.ckpt,6,24,0.28510693,63.3962,3.0725,0.0004,3.9793,1.2024,8.7868,0.6944,3649.8345,92.4327,906.4812,22.9568,839.0383,21.2488,802.2518,20.3172,755.2068,19.1257,719.4208,18.2195,655.5625,16.6022,367.6578,8.1383,91.3123,2.0212,84.5186,1.8709,80.813,1.7888,76.074,1.6839,72.4692,1.6041,66.0366,1.4618,0.0,0.0,0.0,0.0,0.0,0.0,0.0,0.0,0.0,0.0,0.0,0.0,0.0,0.0,0.0,0.0,0.0,0.0,0.0,0.0,0.0,0.0,0.0,0.0,0.0,0.0,0.0,0.0,0.0,0.0,0.0,0.0,0.0,0.0,0.0,0.5656,0.7999
128,0.001,3,10,100,16,32,256,202,730,24,ContrastiveLoss,gru,/home/dpetrovitch/dzagcoffee/train_trace/age_pred/checkpoints/age_pred_2025-10-10 14:37:35.506749_ContrastiveLoss_gru_catboost/model_128_0.001_3_10_100_256_16_32_ContrastiveLoss_gruepoch=07.ckpt,7,24,0.2849491,65.7787,2.7001,0.0004,3.9796,1.2113,8.3259,0.6845,3751.5007,95.0227,922.532,23.367,855.234,21.6624,818.2709,20.7262,770.3878,19.5133,733.8938,18.589,671.1277,16.9992,366.2475,8.155,90.064,2.0054,83.4939,1.8591,79.8853,1.7787,75.2106,1.6747,71.6478,1.5953,65.5201,1.4589,0.0,0.0,0.0,0.0,0.0,0.0,0.0,0.0,0.0,0.0,0.0,0.0,0.0,0.0,0.0,0.0,0.0,0.0,0.0,0.0,0.0,0.0,0.0,0.0,0.0,0.0,0.0,0.0,0.0,0.0,0.0,0.0,0.0,0.0,0.0,0.5422,0.7924
128,0.001,3,10,100,16,32,256,202,730,24,ContrastiveLoss,gru,/home/dpetrovitch/dzagcoffee/train_trace/age_pred/checkpoints/age_pred_2025-10-10 14:37:35.506749_ContrastiveLoss_gru_catboost/model_128_0.001_3_10_100_256_16_32_ContrastiveLoss_gruepoch=08.ckpt,8,24,0.28902307,64.7106,3.0008,0.0003,4.0564,1.2023,8.5537,0.6941,3800.4153,96.2728,928.0272,23.509,861.6624,21.8278,825.6973,20.9167,779.9064,19.7567,744.9445,18.8711,684.1878,17.332,371.128,8.1873,90.6261,1.9993,84.1453,1.8563,80.6331,1.7788,76.1614,1.6802,72.7472,1.6049,66.8141,1.474,0.0,0.0,0.0,0.0,0.0,0.0,0.0,0.0,0.0,0.0,0.0,0.0,0.0,0.0,0.0,0.0,0.0,0.0,0.0,0.0,0.0,0.0,0.0,0.0,0.0,0.0,0.0,0.0,0.0,0.0,0.0,0.0,0.0,0.0,0.0,0.5378,0.787
128,0.001,3,10,100,16,32,256,202,730,24,ContrastiveLoss,gru,/home/dpetrovitch/dzagcoffee/train_trace/age_pred/checkpoints/age_pred_2025-10-10 14:37:35.506749_ContrastiveLoss_gru_catboost/model_128_0.001_3_10_100_256_16_32_ContrastiveLoss_gruepoch=09.ckpt,9,24,0.28619206,66.8656,2.8554,0.0003,4.0521,1.2252,8.9658,0.6687,3934.4153,99.654,928.8859,23.5276,863.5522,21.8727,828.0951,20.9747,782.9302,19.8307,748.756,18.9651,689.5131,17.4645,376.7922,8.3559,88.9578,1.9728,82.7009,1.834,79.3052,1.7587,74.9799,1.6628,71.7071,1.5902,66.0335,1.4644,0.0,0.0,0.0,0.0,0.0,0.0,0.0,0.0,0.0,0.0,0.0,0.0,0.0,0.0,0.0,0.0,0.0,0.0,0.0,0.0,0.0,0.0,0.0,0.0,0.0,0.0,0.0,0.0,0.0,0.0,0.0,0.0,0.0,0.0,0.0,0.5333,0.791
128,0.001,3,10,100,16,32,256,202,730,24,ContrastiveLoss,gru,/home/dpetrovitch/dzagcoffee/train_trace/age_pred/checkpoints/age_pred_2025-10-10 14:37:35.506749_ContrastiveLoss_gru_catboost/model_128_0.001_3_10_100_256_16_32_ContrastiveLoss_gruepoch=10.ckpt,10,24,0.28464332,64.2486,2.8382,0.0003,4.0882,1.2088,8.5308,0.6869,3897.3767,98.7201,925.0871,23.4324,859.6711,21.7754,823.898,20.8692,778.534,19.7202,743.8319,18.8412,683.8676,17.3223,388.5352,8.5134,92.2233,2.0207,85.7019,1.8779,82.1356,1.7997,77.6132,1.7006,74.1537,1.6248,68.1758,1.4938,0.0,0.0,0.0,0.0,0.0,0.0,0.0,0.0,0.0,0.0,0.0,0.0,0.0,0.0,0.0,0.0,0.0,0.0,0.0,0.0,0.0,0.0,0.0,0.0,0.0,0.0,0.0,0.0,0.0,0.0,0.0,0.0,0.0,0.0,0.0,0.5433,0.7879
128,0.001,3,10,100,16,32,256,202,730,24,ContrastiveLoss,gru,/home/dpetrovitch/dzagcoffee/train_trace/age_pred/checkpoints/age_pred_2025-10-10 14:37:35.506749_ContrastiveLoss_gru_catboost/model_128_0.001_3_10_100_256_16_32_ContrastiveLoss_gruepoch=11.ckpt,11,24,0.30066288,66.8469,3.2301,0.0003,4.0696,1.2253,8.8194,0.6684,4125.676,104.4535,938.3172,23.7562,873.3945,22.1125,837.791,21.2111,791.9245,20.0499,756.571,19.1548,693.8748,17.5675,416.8208,8.972,94.799,2.0405,88.2398,1.8994,84.6428,1.8219,80.0089,1.7222,76.4371,1.6453,70.1028,1.509,0.0,0.0,0.0,0.0,0.0,0.0,0.0,0.0,0.0,0.0,0.0,0.0,0.0,0.0,0.0,0.0,0.0,0.0,0.0,0.0,0.0,0.0,0.0,0.0,0.0,0.0,0.0,0.0,0.0,0.0,0.0,0.0,0.0,0.0,0.0,0.5722,0.8053
128,0.001,3,10,100,16,32,256,202,730,24,ContrastiveLoss,gru,/home/dpetrovitch/dzagcoffee/train_trace/age_pred/checkpoints/age_pred_2025-10-10 14:37:35.506749_ContrastiveLoss_gru_catboost/model_128_0.001_3_10_100_256_16_32_ContrastiveLoss_gruepoch=12.ckpt,12,24,0.3098071,65.9167,3.0507,0.0002,4.1008,1.2171,9.1977,0.6775,4136.294,104.7254,939.6315,23.7902,874.9823,22.1534,839.3081,21.2502,793.3385,20.0863,757.7508,19.1852,693.4503,17.5572,412.2723,8.8419,93.6549,2.0086,87.2111,1.8704,83.6554,1.7941,79.0736,1.6959,75.5265,1.6198,69.1175,1.4823,0.0,0.0,0.0,0.0,0.0,0.0,0.0,0.0,0.0,0.0,0.0,0.0,0.0,0.0,0.0,0.0,0.0,0.0,0.0,0.0,0.0,0.0,0.0,0.0,0.0,0.0,0.0,0.0,0.0,0.0,0.0,0.0,0.0,0.0,0.0,0.5433,0.7962
128,0.001,3,10,100,16,32,256,202,730,24,ContrastiveLoss,gru,/home/dpetrovitch/dzagcoffee/train_trace/age_pred/checkpoints/age_pred_2025-10-10 14:37:35.506749_ContrastiveLoss_gru_catboost/model_128_0.001_3_10_100_256_16_32_ContrastiveLoss_gruepoch=13.ckpt,13,24,0.30368134,66.9039,2.9689,0.0002,4.1014,1.2163,8.7499,0.6781,4160.138,105.315,945.3833,23.9326,880.3946,22.2874,844.4984,21.3787,798.1045,20.2042,762.0552,19.2916,698.0383,17.671,414.3811,8.9152,94.1673,2.026,87.6939,1.8867,84.1184,1.8098,79.4972,1.7103,75.9064,1.6331,69.5299,1.4959,0.0,0.0,0.0,0.0,0.0,0.0,0.0,0.0,0.0,0.0,0.0,0.0,0.0,0.0,0.0,0.0,0.0,0.0,0.0,0.0,0.0,0.0,0.0,0.0,0.0,0.0,0.0,0.0,0.0,0.0,0.0,0.0,0.0,0.0,0.0,0.5456,0.7886
128,0.001,3,10,100,16,32,256,202,730,24,ContrastiveLoss,gru,/home/dpetrovitch/dzagcoffee/train_trace/age_pred/checkpoints/age_pred_2025-10-10 14:37:35.506749_ContrastiveLoss_gru_catboost/model_128_0.001_3_10_100_256_16_32_ContrastiveLoss_gruepoch=14.ckpt,14,24,0.31174046,67.7604,2.937,0.0002,4.1062,1.2192,9.3719,0.675,4240.9497,107.3312,950.1047,24.0455,885.3738,22.4073,849.2386,21.4928,802.2832,20.3044,765.1563,19.3648,698.838,17.6864,430.6211,9.0635,96.4725,2.0305,89.8998,1.8922,86.2307,1.8149,81.4629,1.7146,77.6931,1.6353,70.9592,1.4935,0.0,0.0,0.0,0.0,0.0,0.0,0.0,0.0,0.0,0.0,0.0,0.0,0.0,0.0,0.0,0.0,0.0,0.0,0.0,0.0,0.0,0.0,0.0,0.0,0.0,0.0,0.0,0.0,0.0,0.0,0.0,0.0,0.0,0.0,0.0,0.5544,0.7971
128,0.001,3,10,100,16,32,256,202,730,24,ContrastiveLoss,gru,/home/dpetrovitch/dzagcoffee/train_trace/age_pred/checkpoints/age_pred_2025-10-10 14:37:35.506749_ContrastiveLoss_gru_catboost/model_128_0.001_3_10_100_256_16_32_ContrastiveLoss_gruepoch=15.ckpt,15,24,0.30431265,70.2238,3.6298,0.0002,4.0859,1.2346,9.0594,0.6581,4304.063,108.9524,956.1532,24.2039,891.9001,22.5774,856.3568,21.6777,810.6027,20.5195,774.9407,19.6167,712.0638,18.0251,429.9642,9.1584,95.5171,2.0346,89.0984,1.8978,85.5477,1.8222,80.977,1.7248,77.4145,1.649,71.1332,1.5152,0.0,0.0,0.0,0.0,0.0,0.0,0.0,0.0,0.0,0.0,0.0,0.0,0.0,0.0,0.0,0.0,0.0,0.0,0.0,0.0,0.0,0.0,0.0,0.0,0.0,0.0,0.0,0.0,0.0,0.0,0.0,0.0,0.0,0.0,0.0,0.5389,0.7939
128,0.001,3,10,100,16,32,256,202,730,24,ContrastiveLoss,gru,/home/dpetrovitch/dzagcoffee/train_trace/age_pred/checkpoints/age_pred_2025-10-10 14:37:35.506749_ContrastiveLoss_gru_catboost/model_128_0.001_3_10_100_256_16_32_ContrastiveLoss_gruepoch=16.ckpt,16,24,0.30922505,67.5469,3.1959,0.0002,4.1322,1.2089,9.0801,0.686,4223.175,106.9055,952.2547,24.1054,887.423,22.4642,851.6473,21.5586,805.3869,20.3876,769.5447,19.4803,704.9504,17.8451,416.4287,8.9104,93.8976,2.0092,87.5049,1.8724,83.9772,1.7969,79.4157,1.6993,75.8814,1.6237,69.5121,1.4874,0.0,0.0,0.0,0.0,0.0,0.0,0.0,0.0,0.0,0.0,0.0,0.0,0.0,0.0,0.0,0.0,0.0,0.0,0.0,0.0,0.0,0.0,0.0,0.0,0.0,0.0,0.0,0.0,0.0,0.0,0.0,0.0,0.0,0.0,0.0,0.55,0.8012
128,0.001,3,10,100,16,32,256,202,730,24,ContrastiveLoss,gru,/home/dpetrovitch/dzagcoffee/train_trace/age_pred/checkpoints/age_pred_2025-10-10 14:37:35.506749_ContrastiveLoss_gru_catboost/model_128_0.001_3_10_100_256_16_32_ContrastiveLoss_gruepoch=17.ckpt,17,24,0.3095999,68.8947,2.8479,0.0002,4.1321,1.2225,8.9973,0.6711,4327.127,109.5293,955.2048,24.1784,890.8273,22.5488,855.2144,21.6474,809.5915,20.4926,774.2303,19.5975,711.6578,18.0137,431.2146,9.17,95.1898,2.0243,88.7743,1.8878,85.2254,1.8124,80.6789,1.7157,77.155,1.6407,70.9194,1.5081,0.0,0.0,0.0,0.0,0.0,0.0,0.0,0.0,0.0,0.0,0.0,0.0,0.0,0.0,0.0,0.0,0.0,0.0,0.0,0.0,0.0,0.0,0.0,0.0,0.0,0.0,0.0,0.0,0.0,0.0,0.0,0.0,0.0,0.0,0.0,0.5489,0.7964
128,0.001,3,10,100,16,32,256,202,730,24,ContrastiveLoss,gru,/home/dpetrovitch/dzagcoffee/train_trace/age_pred/checkpoints/age_pred_2025-10-10 14:37:35.506749_ContrastiveLoss_gru_catboost/model_128_0.001_3_10_100_256_16_32_ContrastiveLoss_gruepoch=18.ckpt,18,24,0.30748898,67.3554,2.8131,1e-04,4.1643,1.201,8.7224,0.6948,4253.074,107.6433,956.1156,24.1988,891.7829,22.5706,856.1765,21.6694,810.2481,20.507,774.3426,19.5982,710.456,17.9813,420.132,8.9628,94.4481,2.0149,88.0931,1.8793,84.5758,1.8043,80.0388,1.7075,76.492,1.6318,70.1811,1.4972,0.0,0.0,0.0,0.0,0.0,0.0,0.0,0.0,0.0,0.0,0.0,0.0,0.0,0.0,0.0,0.0,0.0,0.0,0.0,0.0,0.0,0.0,0.0,0.0,0.0,0.0,0.0,0.0,0.0,0.0,0.0,0.0,0.0,0.0,0.0,0.5556,0.8051
128,0.001,3,10,100,16,32,256,202,730,24,ContrastiveLoss,gru,/home/dpetrovitch/dzagcoffee/train_trace/age_pred/checkpoints/age_pred_2025-10-10 14:37:35.506749_ContrastiveLoss_gru_catboost/model_128_0.001_3_10_100_256_16_32_ContrastiveLoss_gruepoch=19.ckpt,19,24,0.3190893,68.8928,2.7471,1e-04,4.1615,1.2136,9.451,0.6808,4381.3516,110.8565,961.4202,24.3257,897.6705,22.7128,862.2756,21.8172,816.4965,20.6589,780.9123,19.7586,717.6001,18.1566,441.3294,9.3103,96.843,2.043,90.4215,1.9075,86.8562,1.8323,82.2449,1.735,78.6606,1.6594,72.2832,1.5249,0.0,0.0,0.0,0.0,0.0,0.0,0.0,0.0,0.0,0.0,0.0,0.0,0.0,0.0,0.0,0.0,0.0,0.0,0.0,0.0,0.0,0.0,0.0,0.0,0.0,0.0,0.0,0.0,0.0,0.0,0.0,0.0,0.0,0.0,0.0,0.5878,0.8165
128,0.001,3,10,100,16,32,256,202,730,24,ContrastiveLoss,gru,/home/dpetrovitch/dzagcoffee/train_trace/age_pred/checkpoints/age_pred_2025-10-10 14:37:35.506749_ContrastiveLoss_gru_catboost/model_128_0.001_3_10_100_256_16_32_ContrastiveLoss_gruepoch=20.ckpt,20,24,0.31497595,70.4507,2.7589,0.0002,4.1269,1.2264,9.0737,0.6665,4459.5264,112.8273,963.3187,24.3722,899.5172,22.758,864.119,21.8625,818.3719,20.705,782.6541,19.8014,718.8626,18.1874,457.0733,9.5259,98.7341,2.0577,92.1948,1.9214,88.5667,1.8458,83.8779,1.7481,80.2171,1.6718,73.6789,1.5355,0.0,0.0,0.0,0.0,0.0,0.0,0.0,0.0,0.0,0.0,0.0,0.0,0.0,0.0,0.0,0.0,0.0,0.0,0.0,0.0,0.0,0.0,0.0,0.0,0.0,0.0,0.0,0.0,0.0,0.0,0.0,0.0,0.0,0.0,0.0,0.5522,0.8004
128,0.001,3,10,100,16,32,256,202,730,24,ContrastiveLoss,gru,/home/dpetrovitch/dzagcoffee/train_trace/age_pred/checkpoints/age_pred_2025-10-10 14:37:35.506749_ContrastiveLoss_gru_catboost/model_128_0.001_3_10_100_256_16_32_ContrastiveLoss_gruepoch=21.ckpt,21,24,0.30665052,70.1048,2.7878,0.0002,4.1453,1.223,9.0705,0.67,4448.8926,112.5587,964.1388,24.3931,900.7669,22.7897,865.7395,21.9035,820.3339,20.7548,784.8058,19.8559,721.3756,18.2511,462.8857,9.6457,100.314,2.0904,93.7204,1.953,90.076,1.877,85.3518,1.7786,81.6552,1.7015,75.0556,1.564,0.0,0.0,0.0,0.0,0.0,0.0,0.0,0.0,0.0,0.0,0.0,0.0,0.0,0.0,0.0,0.0,0.0,0.0,0.0,0.0,0.0,0.0,0.0,0.0,0.0,0.0,0.0,0.0,0.0,0.0,0.0,0.0,0.0,0.0,0.0,0.5689,0.8049
128,0.001,3,10,100,16,32,256,202,730,24,ContrastiveLoss,gru,/home/dpetrovitch/dzagcoffee/train_trace/age_pred/checkpoints/age_pred_2025-10-10 14:37:35.506749_ContrastiveLoss_gru_catboost/model_128_0.001_3_10_100_256_16_32_ContrastiveLoss_gruepoch=22.ckpt,22,24,0.31409803,70.0796,2.79,0.0002,4.1511,1.2187,9.2193,0.6748,4439.161,112.3172,965.5642,24.4302,902.5315,22.8354,867.6869,21.9537,822.6908,20.8153,787.774,19.9318,726.5483,18.3827,446.2508,9.352,97.0642,2.0342,90.7278,1.9014,87.225,1.828,82.7018,1.7332,79.1917,1.6596,73.0369,1.5306,0.0,0.0,0.0,0.0,0.0,0.0,0.0,0.0,0.0,0.0,0.0,0.0,0.0,0.0,0.0,0.0,0.0,0.0,0.0,0.0,0.0,0.0,0.0,0.0,0.0,0.0,0.0,0.0,0.0,0.0,0.0,0.0,0.0,0.0,0.0,0.5689,0.7984
128,0.001,3,10,100,16,32,256,202,730,24,ContrastiveLoss,gru,/home/dpetrovitch/dzagcoffee/train_trace/age_pred/checkpoints/age_pred_2025-10-10 14:37:35.506749_ContrastiveLoss_gru_catboost/model_128_0.001_3_10_100_256_16_32_ContrastiveLoss_gruepoch=23.ckpt,23,24,0.33016688,70.6373,3.0616,0.0002,4.1369,1.2238,8.9545,0.6693,4524.8057,114.4529,966.2598,24.4411,902.6039,22.831,867.1046,21.933,820.849,20.763,784.4555,19.8424,718.3705,18.1709,465.4062,9.6358,99.3862,2.0577,92.8388,1.9221,89.1875,1.8466,84.4298,1.748,80.6864,1.6705,73.8892,1.5298,0.0,0.0,0.0,0.0,0.0,0.0,0.0,0.0,0.0,0.0,0.0,0.0,0.0,0.0,0.0,0.0,0.0,0.0,0.0,0.0,0.0,0.0,0.0,0.0,0.0,0.0,0.0,0.0,0.0,0.0,0.0,0.0,0.0,0.0,0.0,0.5456,0.8003
128,0.001,3,10,100,16,64,256,202,730,24,ContrastiveLoss,gru,/home/dpetrovitch/dzagcoffee/train_trace/age_pred/checkpoints/age_pred_2025-10-10 14:37:35.506749_ContrastiveLoss_gru_catboost/model_128_0.001_3_10_100_256_16_64_ContrastiveLoss_gruepoch=00.ckpt,0,24,0.11122949,49.5659,4.7621,0.0007,4.145,1.1446,5.6727,0.7674,1819.2032,46.5672,760.4198,19.4649,682.6141,17.4733,640.6638,16.3994,588.1494,15.0552,548.6823,14.0449,481.6865,12.33,119.9713,3.5046,50.1475,1.4649,45.0165,1.315,42.25,1.2342,38.7868,1.1331,36.1841,1.057,31.7659,0.928,0.0,0.0,0.0,0.0,0.0,0.0,0.0,0.0,0.0,0.0,0.0,0.0,0.0,0.0,0.0,0.0,0.0,0.0,0.0,0.0,0.0,0.0,0.0,0.0,0.0,0.0,0.0,0.0,0.0,0.0,0.0,0.0,0.0,0.0,0.0,0.49,0.7417
128,0.001,3,10,100,16,64,256,202,730,24,ContrastiveLoss,gru,/home/dpetrovitch/dzagcoffee/train_trace/age_pred/checkpoints/age_pred_2025-10-10 14:37:35.506749_ContrastiveLoss_gru_catboost/model_128_0.001_3_10_100_256_16_64_ContrastiveLoss_gruepoch=01.ckpt,1,24,0.1775667,57.7196,3.9945,0.0008,4.0348,1.1504,6.7984,0.758,2230.4673,56.6991,832.8444,21.1711,757.4544,19.2547,716.4315,18.2119,664.6497,16.8956,625.5566,15.9018,558.3632,14.1937,167.4112,4.4175,62.5105,1.6495,56.8519,1.5002,53.7729,1.4189,49.8863,1.3164,46.9521,1.2389,41.9088,1.1059,0.0,0.0,0.0,0.0,0.0,0.0,0.0,0.0,0.0,0.0,0.0,0.0,0.0,0.0,0.0,0.0,0.0,0.0,0.0,0.0,0.0,0.0,0.0,0.0,0.0,0.0,0.0,0.0,0.0,0.0,0.0,0.0,0.0,0.0,0.0,0.5044,0.7518
128,0.001,3,10,100,16,64,256,202,730,24,ContrastiveLoss,gru,/home/dpetrovitch/dzagcoffee/train_trace/age_pred/checkpoints/age_pred_2025-10-10 14:37:35.506749_ContrastiveLoss_gru_catboost/model_128_0.001_3_10_100_256_16_64_ContrastiveLoss_gruepoch=02.ckpt,2,24,0.22352429,61.5074,3.6231,0.0009,4.0026,1.1693,6.8962,0.7338,2616.8003,66.3845,866.1031,21.9718,792.4437,20.1032,752.3638,19.0864,701.193,17.7883,662.0208,16.7945,594.6362,15.0851,218.3404,5.2705,72.2659,1.7444,66.1199,1.5961,62.7757,1.5153,58.5061,1.4123,55.2377,1.3334,49.6152,1.1977,0.0,0.0,0.0,0.0,0.0,0.0,0.0,0.0,0.0,0.0,0.0,0.0,0.0,0.0,0.0,0.0,0.0,0.0,0.0,0.0,0.0,0.0,0.0,0.0,0.0,0.0,0.0,0.0,0.0,0.0,0.0,0.0,0.0,0.0,0.0,0.53,0.7801
128,0.001,3,10,100,16,64,256,202,730,24,ContrastiveLoss,gru,/home/dpetrovitch/dzagcoffee/train_trace/age_pred/checkpoints/age_pred_2025-10-10 14:37:35.506749_ContrastiveLoss_gru_catboost/model_128_0.001_3_10_100_256_16_64_ContrastiveLoss_gruepoch=03.ckpt,3,24,0.2465475,62.7622,4.289,0.0009,4.002,1.1882,8.3156,0.7115,2910.6726,73.767,883.9691,22.403,812.8043,20.5994,773.9119,19.6137,724.0223,18.3493,685.5882,17.3753,618.0823,15.6644,270.6706,6.2132,82.2025,1.8869,75.5847,1.735,71.968,1.652,67.3286,1.5455,63.7545,1.4635,57.477,1.3194,0.0,0.0,0.0,0.0,0.0,0.0,0.0,0.0,0.0,0.0,0.0,0.0,0.0,0.0,0.0,0.0,0.0,0.0,0.0,0.0,0.0,0.0,0.0,0.0,0.0,0.0,0.0,0.0,0.0,0.0,0.0,0.0,0.0,0.0,0.0,0.5067,0.7727
128,0.001,3,10,100,16,64,256,202,730,24,ContrastiveLoss,gru,/home/dpetrovitch/dzagcoffee/train_trace/age_pred/checkpoints/age_pred_2025-10-10 14:37:35.506749_ContrastiveLoss_gru_catboost/model_128_0.001_3_10_100_256_16_64_ContrastiveLoss_gruepoch=04.ckpt,4,24,0.2704388,62.446,4.1948,0.0009,3.9695,1.1877,7.9303,0.7115,3119.308,79.0004,892.8999,22.6138,823.571,20.858,785.756,19.9003,736.9649,18.6646,699.5602,17.7172,634.9295,16.0804,304.4849,6.9461,87.1586,1.9883,80.3912,1.8339,76.7,1.7497,71.9373,1.6411,68.2861,1.5578,61.9774,1.4139,0.0,0.0,0.0,0.0,0.0,0.0,0.0,0.0,0.0,0.0,0.0,0.0,0.0,0.0,0.0,0.0,0.0,0.0,0.0,0.0,0.0,0.0,0.0,0.0,0.0,0.0,0.0,0.0,0.0,0.0,0.0,0.0,0.0,0.0,0.0,0.5489,0.7924
128,0.001,3,10,100,16,64,256,202,730,24,ContrastiveLoss,gru,/home/dpetrovitch/dzagcoffee/train_trace/age_pred/checkpoints/age_pred_2025-10-10 14:37:35.506749_ContrastiveLoss_gru_catboost/model_128_0.001_3_10_100_256_16_64_ContrastiveLoss_gruepoch=05.ckpt,5,24,0.28388378,63.9294,3.7769,0.001,3.9402,1.2015,8.1947,0.6954,3368.6543,85.3096,897.7948,22.7362,829.2309,20.9999,791.6811,20.049,743.6393,18.8323,707.2722,17.9113,644.3537,16.318,336.196,7.4798,89.6011,1.9935,82.7583,1.8412,79.0108,1.7579,74.2161,1.6512,70.5867,1.5704,64.3073,1.4307,0.0,0.0,0.0,0.0,0.0,0.0,0.0,0.0,0.0,0.0,0.0,0.0,0.0,0.0,0.0,0.0,0.0,0.0,0.0,0.0,0.0,0.0,0.0,0.0,0.0,0.0,0.0,0.0,0.0,0.0,0.0,0.0,0.0,0.0,0.0,0.5311,0.7893
128,0.001,3,10,100,16,64,256,202,730,24,ContrastiveLoss,gru,/home/dpetrovitch/dzagcoffee/train_trace/age_pred/checkpoints/age_pred_2025-10-10 14:37:35.506749_ContrastiveLoss_gru_catboost/model_128_0.001_3_10_100_256_16_64_ContrastiveLoss_gruepoch=06.ckpt,6,24,0.27802438,63.7062,4.2884,0.0009,3.9602,1.1983,8.7241,0.6984,3479.654,88.1157,911.1794,23.0739,843.2742,21.3543,806.2371,20.4164,758.4745,19.2069,721.8422,18.2793,658.4929,16.6751,348.7228,7.7117,91.3163,2.0194,84.511,1.8689,80.7992,1.7868,76.0125,1.6809,72.3413,1.5998,65.9926,1.4594,0.0,0.0,0.0,0.0,0.0,0.0,0.0,0.0,0.0,0.0,0.0,0.0,0.0,0.0,0.0,0.0,0.0,0.0,0.0,0.0,0.0,0.0,0.0,0.0,0.0,0.0,0.0,0.0,0.0,0.0,0.0,0.0,0.0,0.0,0.0,0.5311,0.7867
128,0.001,3,10,100,16,64,256,202,730,24,ContrastiveLoss,gru,/home/dpetrovitch/dzagcoffee/train_trace/age_pred/checkpoints/age_pred_2025-10-10 14:37:35.506749_ContrastiveLoss_gru_catboost/model_128_0.001_3_10_100_256_16_64_ContrastiveLoss_gruepoch=07.ckpt,7,24,0.2955828,65.1971,4.7864,0.001,3.9538,1.2095,9.0311,0.6851,3663.6492,92.7469,924.6585,23.4081,858.1144,21.7235,821.4564,20.7955,774.9607,19.6185,739.341,18.7167,677.6971,17.1562,384.0646,8.2876,96.933,2.0917,89.9571,1.9412,86.1142,1.8582,81.24,1.7531,77.506,1.6725,71.0438,1.533,0.0,0.0,0.0,0.0,0.0,0.0,0.0,0.0,0.0,0.0,0.0,0.0,0.0,0.0,0.0,0.0,0.0,0.0,0.0,0.0,0.0,0.0,0.0,0.0,0.0,0.0,0.0,0.0,0.0,0.0,0.0,0.0,0.0,0.0,0.0,0.5589,0.7954
128,0.001,3,10,100,16,64,256,202,730,24,ContrastiveLoss,gru,/home/dpetrovitch/dzagcoffee/train_trace/age_pred/checkpoints/age_pred_2025-10-10 14:37:35.506749_ContrastiveLoss_gru_catboost/model_128_0.001_3_10_100_256_16_64_ContrastiveLoss_gruepoch=08.ckpt,8,24,0.29299834,62.8347,4.0252,0.0008,4.0055,1.1897,8.5942,0.7082,3663.8403,92.7583,930.4613,23.5567,863.7365,21.8674,827.1073,20.9401,780.1822,19.7521,743.9388,18.8345,681.4455,17.2523,381.0274,8.1543,96.7649,2.0709,89.8258,1.9224,86.0164,1.8408,81.1364,1.7364,77.3672,1.6557,70.8681,1.5166,0.0,0.0,0.0,0.0,0.0,0.0,0.0,0.0,0.0,0.0,0.0,0.0,0.0,0.0,0.0,0.0,0.0,0.0,0.0,0.0,0.0,0.0,0.0,0.0,0.0,0.0,0.0,0.0,0.0,0.0,0.0,0.0,0.0,0.0,0.0,0.5589,0.8055
128,0.001,3,10,100,16,64,256,202,730,24,ContrastiveLoss,gru,/home/dpetrovitch/dzagcoffee/train_trace/age_pred/checkpoints/age_pred_2025-10-10 14:37:35.506749_ContrastiveLoss_gru_catboost/model_128_0.001_3_10_100_256_16_64_ContrastiveLoss_gruepoch=09.ckpt,9,24,0.3010476,66.417,4.3925,0.001,4.006,1.217,9.1629,0.6777,3840.048,97.238,937.1968,23.7318,869.8253,22.0258,832.6117,21.0835,784.5211,19.8657,747.6525,18.9321,682.4993,17.2823,387.8812,8.3763,94.6657,2.0443,87.8606,1.8974,84.1017,1.8162,79.2441,1.7113,75.52,1.6309,68.9389,1.4887,0.0,0.0,0.0,0.0,0.0,0.0,0.0,0.0,0.0,0.0,0.0,0.0,0.0,0.0,0.0,0.0,0.0,0.0,0.0,0.0,0.0,0.0,0.0,0.0,0.0,0.0,0.0,0.0,0.0,0.0,0.0,0.0,0.0,0.0,0.0,0.5556,0.806
128,0.001,3,10,100,16,64,256,202,730,24,ContrastiveLoss,gru,/home/dpetrovitch/dzagcoffee/train_trace/age_pred/checkpoints/age_pred_2025-10-10 14:37:35.506749_ContrastiveLoss_gru_catboost/model_128_0.001_3_10_100_256_16_64_ContrastiveLoss_gruepoch=10.ckpt,10,24,0.3077652,65.0405,2.9291,0.0009,4.0389,1.2121,8.6688,0.682,3968.7893,100.4179,938.451,23.7446,872.4229,22.074,836.0925,21.1547,790.0208,19.989,754.6648,19.0945,693.7337,17.5528,418.2946,8.8005,98.909,2.0809,91.9499,1.9345,88.1208,1.854,83.265,1.7518,79.5387,1.6734,73.1168,1.5383,0.0,0.0,0.0,0.0,0.0,0.0,0.0,0.0,0.0,0.0,0.0,0.0,0.0,0.0,0.0,0.0,0.0,0.0,0.0,0.0,0.0,0.0,0.0,0.0,0.0,0.0,0.0,0.0,0.0,0.0,0.0,0.0,0.0,0.0,0.0,0.5622,0.8039
128,0.001,3,10,100,16,64,256,202,730,24,ContrastiveLoss,gru,/home/dpetrovitch/dzagcoffee/train_trace/age_pred/checkpoints/age_pred_2025-10-10 14:37:35.506749_ContrastiveLoss_gru_catboost/model_128_0.001_3_10_100_256_16_64_ContrastiveLoss_gruepoch=11.ckpt,11,24,0.30333608,65.7759,4.0178,0.0009,4.0473,1.212,8.5681,0.6826,3946.8909,99.9036,944.6194,23.9102,878.679,22.2411,842.3668,21.322,795.4499,20.1344,759.819,19.2325,697.6115,17.6579,409.6747,8.7089,98.0485,2.0843,91.2041,1.9388,87.435,1.8587,82.5652,1.7552,78.8668,1.6766,72.4099,1.5393,0.0,0.0,0.0,0.0,0.0,0.0,0.0,0.0,0.0,0.0,0.0,0.0,0.0,0.0,0.0,0.0,0.0,0.0,0.0,0.0,0.0,0.0,0.0,0.0,0.0,0.0,0.0,0.0,0.0,0.0,0.0,0.0,0.0,0.0,0.0,0.57,0.8088
128,0.001,3,10,100,16,64,256,202,730,24,ContrastiveLoss,gru,/home/dpetrovitch/dzagcoffee/train_trace/age_pred/checkpoints/age_pred_2025-10-10 14:37:35.506749_ContrastiveLoss_gru_catboost/model_128_0.001_3_10_100_256_16_64_ContrastiveLoss_gruepoch=12.ckpt,12,24,0.30936316,65.5238,3.2641,0.0009,4.049,1.212,9.408,0.6823,4060.254,102.7295,942.9185,23.857,876.8013,22.1842,840.3212,21.2612,793.7174,20.082,758.3521,19.1873,698.1713,17.6646,420.9254,8.9347,97.7521,2.0749,90.8978,1.9294,87.1159,1.8491,82.2845,1.7466,78.6182,1.6688,72.3792,1.5363,0.0,0.0,0.0,0.0,0.0,0.0,0.0,0.0,0.0,0.0,0.0,0.0,0.0,0.0,0.0,0.0,0.0,0.0,0.0,0.0,0.0,0.0,0.0,0.0,0.0,0.0,0.0,0.0,0.0,0.0,0.0,0.0,0.0,0.0,0.0,0.5589,0.8042
128,0.001,3,10,100,16,64,256,202,730,24,ContrastiveLoss,gru,/home/dpetrovitch/dzagcoffee/train_trace/age_pred/checkpoints/age_pred_2025-10-10 14:37:35.506749_ContrastiveLoss_gru_catboost/model_128_0.001_3_10_100_256_16_64_ContrastiveLoss_gruepoch=13.ckpt,13,24,0.30607837,66.6725,4.1034,0.001,4.0667,1.2216,8.8579,0.6717,4096.351,103.6583,949.1574,24.0185,884.1164,22.3726,848.2786,21.4657,802.115,20.2976,766.7512,19.4027,705.6687,17.857,436.6902,9.2105,101.1846,2.1341,94.2509,1.9879,90.4305,1.9073,85.5092,1.8035,81.7393,1.724,75.2276,1.5867,0.0,0.0,0.0,0.0,0.0,0.0,0.0,0.0,0.0,0.0,0.0,0.0,0.0,0.0,0.0,0.0,0.0,0.0,0.0,0.0,0.0,0.0,0.0,0.0,0.0,0.0,0.0,0.0,0.0,0.0,0.0,0.0,0.0,0.0,0.0,0.5433,0.7981
128,0.001,3,10,100,16,64,256,202,730,24,ContrastiveLoss,gru,/home/dpetrovitch/dzagcoffee/train_trace/age_pred/checkpoints/age_pred_2025-10-10 14:37:35.506749_ContrastiveLoss_gru_catboost/model_128_0.001_3_10_100_256_16_64_ContrastiveLoss_gruepoch=14.ckpt,14,24,0.31369358,64.5269,4.2752,0.0009,4.1131,1.2028,9.1046,0.693,4069.714,102.9966,948.0986,23.9945,882.3966,22.3317,846.0702,21.4124,799.1576,20.2251,763.1608,19.3141,700.7167,17.7338,417.1826,8.8682,97.1887,2.066,90.4536,1.9228,86.7299,1.8437,81.9209,1.7414,78.2309,1.663,71.8298,1.5269,0.0,0.0,0.0,0.0,0.0,0.0,0.0,0.0,0.0,0.0,0.0,0.0,0.0,0.0,0.0,0.0,0.0,0.0,0.0,0.0,0.0,0.0,0.0,0.0,0.0,0.0,0.0,0.0,0.0,0.0,0.0,0.0,0.0,0.0,0.0,0.5544,0.8087
128,0.001,3,10,100,16,64,256,202,730,24,ContrastiveLoss,gru,/home/dpetrovitch/dzagcoffee/train_trace/age_pred/checkpoints/age_pred_2025-10-10 14:37:35.506749_ContrastiveLoss_gru_catboost/model_128_0.001_3_10_100_256_16_64_ContrastiveLoss_gruepoch=15.ckpt,15,24,0.31676137,66.185,3.0706,0.0008,4.1001,1.2104,8.6762,0.6843,4138.732,104.7461,951.4854,24.0809,885.4068,22.4085,848.9115,21.4849,801.4053,20.2826,764.8465,19.3573,700.29,17.7235,422.5037,8.994,97.1327,2.0677,90.387,1.9241,86.6614,1.8448,81.8117,1.7416,78.0796,1.6621,71.4893,1.5218,0.0,0.0,0.0,0.0,0.0,0.0,0.0,0.0,0.0,0.0,0.0,0.0,0.0,0.0,0.0,0.0,0.0,0.0,0.0,0.0,0.0,0.0,0.0,0.0,0.0,0.0,0.0,0.0,0.0,0.0,0.0,0.0,0.0,0.0,0.0,0.5678,0.8111
128,0.001,3,10,100,16,64,256,202,730,24,ContrastiveLoss,gru,/home/dpetrovitch/dzagcoffee/train_trace/age_pred/checkpoints/age_pred_2025-10-10 14:37:35.506749_ContrastiveLoss_gru_catboost/model_128_0.001_3_10_100_256_16_64_ContrastiveLoss_gruepoch=16.ckpt,16,24,0.31357524,66.6821,2.9719,0.0008,4.1174,1.2084,9.7425,0.6865,4207.871,106.4698,961.1556,24.3197,895.7809,22.6655,859.577,21.7495,812.3614,20.5548,776.3186,19.6428,713.701,18.0584,436.233,9.0812,99.6437,2.0743,92.8663,1.9332,89.113,1.8551,84.2181,1.7532,80.4815,1.6754,73.9899,1.5403,0.0,0.0,0.0,0.0,0.0,0.0,0.0,0.0,0.0,0.0,0.0,0.0,0.0,0.0,0.0,0.0,0.0,0.0,0.0,0.0,0.0,0.0,0.0,0.0,0.0,0.0,0.0,0.0,0.0,0.0,0.0,0.0,0.0,0.0,0.0,0.5689,0.8035
128,0.001,3,10,100,16,64,256,202,730,24,ContrastiveLoss,gru,/home/dpetrovitch/dzagcoffee/train_trace/age_pred/checkpoints/age_pred_2025-10-10 14:37:35.506749_ContrastiveLoss_gru_catboost/model_128_0.001_3_10_100_256_16_64_ContrastiveLoss_gruepoch=17.ckpt,17,24,0.31830016,67.1333,3.0325,0.0008,4.1226,1.2112,8.9215,0.6831,4260.9277,107.79,959.471,24.272,895.0214,22.6416,859.3288,21.7387,812.9572,20.5656,777.2165,19.6615,713.9628,18.0613,449.2761,9.3242,101.1675,2.0996,94.3719,1.9586,90.6084,1.8805,85.719,1.779,81.9504,1.7008,75.2809,1.5624,0.0,0.0,0.0,0.0,0.0,0.0,0.0,0.0,0.0,0.0,0.0,0.0,0.0,0.0,0.0,0.0,0.0,0.0,0.0,0.0,0.0,0.0,0.0,0.0,0.0,0.0,0.0,0.0,0.0,0.0,0.0,0.0,0.0,0.0,0.0,0.5511,0.7981
128,0.001,3,10,100,16,64,256,202,730,24,ContrastiveLoss,gru,/home/dpetrovitch/dzagcoffee/train_trace/age_pred/checkpoints/age_pred_2025-10-10 14:37:35.506749_ContrastiveLoss_gru_catboost/model_128_0.001_3_10_100_256_16_64_ContrastiveLoss_gruepoch=18.ckpt,18,24,0.30923492,67.0369,2.9638,0.0008,4.1218,1.2032,8.9466,0.692,4188.329,105.9866,964.4976,24.4068,900.3986,22.7848,865.0627,21.8906,819.1484,20.7287,783.5982,19.8291,719.668,18.2114,441.3629,9.1765,101.638,2.1132,94.8833,1.9727,91.1596,1.8953,86.3212,1.7947,82.575,1.7168,75.8381,1.5768,0.0,0.0,0.0,0.0,0.0,0.0,0.0,0.0,0.0,0.0,0.0,0.0,0.0,0.0,0.0,0.0,0.0,0.0,0.0,0.0,0.0,0.0,0.0,0.0,0.0,0.0,0.0,0.0,0.0,0.0,0.0,0.0,0.0,0.0,0.0,0.5744,0.8048
128,0.001,3,10,100,16,64,256,202,730,24,ContrastiveLoss,gru,/home/dpetrovitch/dzagcoffee/train_trace/age_pred/checkpoints/age_pred_2025-10-10 14:37:35.506749_ContrastiveLoss_gru_catboost/model_128_0.001_3_10_100_256_16_64_ContrastiveLoss_gruepoch=19.ckpt,19,24,0.30514124,66.3958,2.7307,0.0008,4.1432,1.2045,9.4228,0.6903,4208.326,106.4732,958.5305,24.2514,894.6207,22.6344,859.6338,21.7493,815.0989,20.6225,781.1056,19.7624,722.5234,18.2803,443.1385,9.3006,100.9337,2.1184,94.2039,1.9772,90.5198,1.8998,85.8303,1.8014,82.2508,1.7263,76.082,1.5968,0.0,0.0,0.0,0.0,0.0,0.0,0.0,0.0,0.0,0.0,0.0,0.0,0.0,0.0,0.0,0.0,0.0,0.0,0.0,0.0,0.0,0.0,0.0,0.0,0.0,0.0,0.0,0.0,0.0,0.0,0.0,0.0,0.0,0.0,0.0,0.55,0.8042
128,0.001,3,10,100,16,64,256,202,730,24,ContrastiveLoss,gru,/home/dpetrovitch/dzagcoffee/train_trace/age_pred/checkpoints/age_pred_2025-10-10 14:37:35.506749_ContrastiveLoss_gru_catboost/model_128_0.001_3_10_100_256_16_64_ContrastiveLoss_gruepoch=20.ckpt,20,24,0.32225576,67.8095,2.7097,0.0008,4.1492,1.2114,9.4363,0.683,4363.834,110.4,965.426,24.4242,901.4368,22.8053,866.155,21.9127,820.4312,20.756,785.1736,19.864,723.3999,18.3012,466.7596,9.6472,103.2628,2.1343,96.4185,1.9928,92.6447,1.9148,87.7541,1.8137,83.9829,1.7358,77.3755,1.5992,0.0,0.0,0.0,0.0,0.0,0.0,0.0,0.0,0.0,0.0,0.0,0.0,0.0,0.0,0.0,0.0,0.0,0.0,0.0,0.0,0.0,0.0,0.0,0.0,0.0,0.0,0.0,0.0,0.0,0.0,0.0,0.0,0.0,0.0,0.0,0.5644,0.8038
128,0.001,3,10,100,16,64,256,202,730,24,ContrastiveLoss,gru,/home/dpetrovitch/dzagcoffee/train_trace/age_pred/checkpoints/age_pred_2025-10-10 14:37:35.506749_ContrastiveLoss_gru_catboost/model_128_0.001_3_10_100_256_16_64_ContrastiveLoss_gruepoch=21.ckpt,21,24,0.32309422,67.5225,2.8079,0.0008,4.1628,1.209,9.4143,0.6857,4377.0796,110.7147,966.2756,24.4412,902.6578,22.832,867.5373,21.9437,822.0517,20.7931,786.9653,19.9057,725.6047,18.3536,468.1123,9.6219,103.3396,2.1241,96.5359,1.9843,92.7799,1.9071,87.9154,1.8071,84.163,1.7299,77.6007,1.5951,0.0,0.0,0.0,0.0,0.0,0.0,0.0,0.0,0.0,0.0,0.0,0.0,0.0,0.0,0.0,0.0,0.0,0.0,0.0,0.0,0.0,0.0,0.0,0.0,0.0,0.0,0.0,0.0,0.0,0.0,0.0,0.0,0.0,0.0,0.0,0.5744,0.8107
128,0.001,3,10,100,16,64,256,202,730,24,ContrastiveLoss,gru,/home/dpetrovitch/dzagcoffee/train_trace/age_pred/checkpoints/age_pred_2025-10-10 14:37:35.506749_ContrastiveLoss_gru_catboost/model_128_0.001_3_10_100_256_16_64_ContrastiveLoss_gruepoch=22.ckpt,22,24,0.32192037,67.5803,2.6472,0.0008,4.1574,1.2057,9.347,0.6894,4385.3677,110.9292,968.488,24.4982,904.8957,22.8896,869.6579,21.9982,823.8291,20.839,788.2484,19.939,725.4808,18.3512,470.113,9.6645,103.8223,2.1344,97.0052,1.9942,93.2276,1.9166,88.3148,1.8156,84.5005,1.7371,77.7718,1.5988,0.0,0.0,0.0,0.0,0.0,0.0,0.0,0.0,0.0,0.0,0.0,0.0,0.0,0.0,0.0,0.0,0.0,0.0,0.0,0.0,0.0,0.0,0.0,0.0,0.0,0.0,0.0,0.0,0.0,0.0,0.0,0.0,0.0,0.0,0.0,0.5867,0.8072
128,0.001,3,10,100,16,64,256,202,730,24,ContrastiveLoss,gru,/home/dpetrovitch/dzagcoffee/train_trace/age_pred/checkpoints/age_pred_2025-10-10 14:37:35.506749_ContrastiveLoss_gru_catboost/model_128_0.001_3_10_100_256_16_64_ContrastiveLoss_gruepoch=23.ckpt,23,24,0.32489938,68.3632,2.6151,0.0008,4.1448,1.208,9.9452,0.6867,4427.736,111.989,969.954,24.5327,906.8906,22.9376,872.0344,22.056,826.8657,20.9136,792.0513,20.033,730.8721,18.4857,472.3656,9.7191,103.4779,2.1291,96.7501,1.9907,93.0315,1.9142,88.2128,1.815,84.4987,1.7386,77.9719,1.6043,0.0,0.0,0.0,0.0,0.0,0.0,0.0,0.0,0.0,0.0,0.0,0.0,0.0,0.0,0.0,0.0,0.0,0.0,0.0,0.0,0.0,0.0,0.0,0.0,0.0,0.0,0.0,0.0,0.0,0.0,0.0,0.0,0.0,0.0,0.0,0.5656,0.8073
128,0.001,3,10,100,16,128,256,202,730,24,ContrastiveLoss,gru,/home/dpetrovitch/dzagcoffee/train_trace/age_pred/checkpoints/age_pred_2025-10-10 14:37:35.506749_ContrastiveLoss_gru_catboost/model_128_0.001_3_10_100_256_16_128_ContrastiveLoss_gruepoch=00.ckpt,0,24,0.111268945,51.5425,4.1089,0.0007,4.1155,1.1271,5.3772,0.7908,1779.922,45.692,790.6696,20.2971,709.1784,18.2052,664.7235,17.064,608.3627,15.6172,565.6,14.5194,493.155,12.6597,107.707,3.16,47.8452,1.4037,42.9139,1.259,40.2239,1.1801,36.8134,1.0801,34.2257,1.0041,29.8419,0.8755,0.0,0.0,0.0,0.0,0.0,0.0,0.0,0.0,0.0,0.0,0.0,0.0,0.0,0.0,0.0,0.0,0.0,0.0,0.0,0.0,0.0,0.0,0.0,0.0,0.0,0.0,0.0,0.0,0.0,0.0,0.0,0.0,0.0,0.0,0.0,0.44,0.6992
128,0.001,3,10,100,16,128,256,202,730,24,ContrastiveLoss,gru,/home/dpetrovitch/dzagcoffee/train_trace/age_pred/checkpoints/age_pred_2025-10-10 14:37:35.506749_ContrastiveLoss_gru_catboost/model_128_0.001_3_10_100_256_16_128_ContrastiveLoss_gruepoch=01.ckpt,1,24,0.1818971,59.0887,4.0807,0.0008,4.0193,1.1512,5.8032,0.757,2365.504,60.1467,848.4607,21.5735,772.7529,19.6485,731.584,18.6017,678.876,17.2615,638.6127,16.2377,568.8738,14.4645,171.9968,4.5012,61.6919,1.6145,56.1872,1.4704,53.1938,1.3921,49.3613,1.2918,46.4338,1.2152,41.363,1.0825,0.0,0.0,0.0,0.0,0.0,0.0,0.0,0.0,0.0,0.0,0.0,0.0,0.0,0.0,0.0,0.0,0.0,0.0,0.0,0.0,0.0,0.0,0.0,0.0,0.0,0.0,0.0,0.0,0.0,0.0,0.0,0.0,0.0,0.0,0.0,0.5122,0.7606
128,0.001,3,10,100,16,128,256,202,730,24,ContrastiveLoss,gru,/home/dpetrovitch/dzagcoffee/train_trace/age_pred/checkpoints/age_pred_2025-10-10 14:37:35.506749_ContrastiveLoss_gru_catboost/model_128_0.001_3_10_100_256_16_128_ContrastiveLoss_gruepoch=02.ckpt,2,24,0.20706081,61.8135,3.4498,0.0008,3.9715,1.1702,6.8224,0.7329,2687.3516,68.1772,867.2036,22.0007,794.9028,20.1664,755.6586,19.1708,705.3437,17.8943,666.639,16.9124,599.5525,15.2104,209.501,5.2323,67.6056,1.6885,61.9692,1.5477,58.9097,1.4713,54.9873,1.3733,51.9699,1.298,46.74,1.1673,0.0,0.0,0.0,0.0,0.0,0.0,0.0,0.0,0.0,0.0,0.0,0.0,0.0,0.0,0.0,0.0,0.0,0.0,0.0,0.0,0.0,0.0,0.0,0.0,0.0,0.0,0.0,0.0,0.0,0.0,0.0,0.0,0.0,0.0,0.0,0.4978,0.7643
128,0.001,3,10,100,16,128,256,202,730,24,ContrastiveLoss,gru,/home/dpetrovitch/dzagcoffee/train_trace/age_pred/checkpoints/age_pred_2025-10-10 14:37:35.506749_ContrastiveLoss_gru_catboost/model_128_0.001_3_10_100_256_16_128_ContrastiveLoss_gruepoch=03.ckpt,3,24,0.2377683,63.5595,4.047,0.0008,3.8948,1.1811,7.3176,0.7193,2926.4182,74.1995,881.7765,22.3575,809.6645,20.5291,770.3403,19.532,720.4452,18.2669,682.0773,17.2941,615.2924,15.6008,253.7368,6.038,76.455,1.8193,70.2024,1.6706,66.7928,1.5894,62.4666,1.4865,59.1399,1.4073,53.3493,1.2695,0.0,0.0,0.0,0.0,0.0,0.0,0.0,0.0,0.0,0.0,0.0,0.0,0.0,0.0,0.0,0.0,0.0,0.0,0.0,0.0,0.0,0.0,0.0,0.0,0.0,0.0,0.0,0.0,0.0,0.0,0.0,0.0,0.0,0.0,0.0,0.4978,0.7592
128,0.001,3,10,100,16,128,256,202,730,24,ContrastiveLoss,gru,/home/dpetrovitch/dzagcoffee/train_trace/age_pred/checkpoints/age_pred_2025-10-10 14:37:35.506749_ContrastiveLoss_gru_catboost/model_128_0.001_3_10_100_256_16_128_ContrastiveLoss_gruepoch=04.ckpt,4,24,0.26063368,65.5602,3.3845,0.0008,3.8614,1.1986,7.39,0.6992,3169.6924,80.3243,890.7481,22.5728,818.4501,20.7406,778.6639,19.7324,728.0222,18.4491,689.3908,17.4701,624.3865,15.8228,283.6885,6.6284,79.7222,1.8627,73.2515,1.7115,69.6907,1.6283,65.1582,1.5224,61.7007,1.4416,55.8828,1.3057,0.0,0.0,0.0,0.0,0.0,0.0,0.0,0.0,0.0,0.0,0.0,0.0,0.0,0.0,0.0,0.0,0.0,0.0,0.0,0.0,0.0,0.0,0.0,0.0,0.0,0.0,0.0,0.0,0.0,0.0,0.0,0.0,0.0,0.0,0.0,0.4989,0.7603
128,0.001,3,10,100,16,128,256,202,730,24,ContrastiveLoss,gru,/home/dpetrovitch/dzagcoffee/train_trace/age_pred/checkpoints/age_pred_2025-10-10 14:37:35.506749_ContrastiveLoss_gru_catboost/model_128_0.001_3_10_100_256_16_128_ContrastiveLoss_gruepoch=05.ckpt,5,24,0.265625,64.4427,3.3212,0.0006,3.8663,1.1878,7.8859,0.711,3280.8928,83.1083,906.0516,22.9512,835.0087,21.1516,795.8686,20.1601,745.6359,18.8877,707.3631,17.9182,643.42,16.2985,313.0089,7.0229,86.4406,1.9394,79.6628,1.7874,75.9287,1.7036,71.1363,1.5961,67.485,1.5141,61.3846,1.3773,0.0,0.0,0.0,0.0,0.0,0.0,0.0,0.0,0.0,0.0,0.0,0.0,0.0,0.0,0.0,0.0,0.0,0.0,0.0,0.0,0.0,0.0,0.0,0.0,0.0,0.0,0.0,0.0,0.0,0.0,0.0,0.0,0.0,0.0,0.0,0.5444,0.7788
128,0.001,3,10,100,16,128,256,202,730,24,ContrastiveLoss,gru,/home/dpetrovitch/dzagcoffee/train_trace/age_pred/checkpoints/age_pred_2025-10-10 14:37:35.506749_ContrastiveLoss_gru_catboost/model_128_0.001_3_10_100_256_16_128_ContrastiveLoss_gruepoch=06.ckpt,6,24,0.27135614,64.1809,3.3114,0.0006,3.9123,1.1844,8.619,0.7146,3456.6785,87.5373,919.7247,23.2912,851.2612,21.5574,813.9115,20.6116,766.02,19.3988,729.579,18.4759,667.2638,16.8979,330.7349,7.3409,87.9992,1.9532,81.4487,1.8078,77.875,1.7285,73.2928,1.6268,69.8061,1.5494,63.8438,1.4171,0.0,0.0,0.0,0.0,0.0,0.0,0.0,0.0,0.0,0.0,0.0,0.0,0.0,0.0,0.0,0.0,0.0,0.0,0.0,0.0,0.0,0.0,0.0,0.0,0.0,0.0,0.0,0.0,0.0,0.0,0.0,0.0,0.0,0.0,0.0,0.5267,0.7787
128,0.001,3,10,100,16,128,256,202,730,24,ContrastiveLoss,gru,/home/dpetrovitch/dzagcoffee/train_trace/age_pred/checkpoints/age_pred_2025-10-10 14:37:35.506749_ContrastiveLoss_gru_catboost/model_128_0.001_3_10_100_256_16_128_ContrastiveLoss_gruepoch=07.ckpt,7,24,0.28416985,64.0703,3.0824,0.0007,3.9338,1.192,8.2272,0.7054,3614.538,91.5373,918.9865,23.2731,851.6511,21.5679,814.9769,20.6391,767.9303,19.4476,731.9497,18.5364,670.6456,16.9839,357.9885,7.8472,91.0176,1.9951,84.3486,1.8489,80.7164,1.7693,76.0568,1.6672,72.4933,1.5891,66.4216,1.456,0.0,0.0,0.0,0.0,0.0,0.0,0.0,0.0,0.0,0.0,0.0,0.0,0.0,0.0,0.0,0.0,0.0,0.0,0.0,0.0,0.0,0.0,0.0,0.0,0.0,0.0,0.0,0.0,0.0,0.0,0.0,0.0,0.0,0.0,0.0,0.5489,0.7879
128,0.001,3,10,100,16,128,256,202,730,24,ContrastiveLoss,gru,/home/dpetrovitch/dzagcoffee/train_trace/age_pred/checkpoints/age_pred_2025-10-10 14:37:35.506749_ContrastiveLoss_gru_catboost/model_128_0.001_3_10_100_256_16_128_ContrastiveLoss_gruepoch=08.ckpt,8,24,0.29612532,66.6911,3.0735,0.0007,3.9574,1.2187,7.6256,0.6747,3783.9993,95.8021,922.1363,23.3463,853.9818,21.6208,816.6191,20.6749,768.3442,19.4527,731.5301,18.5206,668.109,16.915,375.4703,8.2947,91.4997,2.0214,84.737,1.872,81.0297,1.7901,76.2396,1.6843,72.5866,1.6036,66.2936,1.4645,0.0,0.0,0.0,0.0,0.0,0.0,0.0,0.0,0.0,0.0,0.0,0.0,0.0,0.0,0.0,0.0,0.0,0.0,0.0,0.0,0.0,0.0,0.0,0.0,0.0,0.0,0.0,0.0,0.0,0.0,0.0,0.0,0.0,0.0,0.0,0.5533,0.7949
128,0.001,3,10,100,16,128,256,202,730,24,ContrastiveLoss,gru,/home/dpetrovitch/dzagcoffee/train_trace/age_pred/checkpoints/age_pred_2025-10-10 14:37:35.506749_ContrastiveLoss_gru_catboost/model_128_0.001_3_10_100_256_16_128_ContrastiveLoss_gruepoch=09.ckpt,9,24,0.30368137,67.2259,3.033,0.0007,3.966,1.2127,8.2537,0.6819,3873.108,98.0644,927.7432,23.4898,859.8638,21.7712,822.6038,20.8278,774.7516,19.6162,737.8213,18.6811,673.1942,17.0448,376.6042,8.2224,90.2097,1.9696,83.6094,1.8255,79.9864,1.7463,75.3335,1.6448,71.7425,1.5664,65.4585,1.4292,0.0,0.0,0.0,0.0,0.0,0.0,0.0,0.0,0.0,0.0,0.0,0.0,0.0,0.0,0.0,0.0,0.0,0.0,0.0,0.0,0.0,0.0,0.0,0.0,0.0,0.0,0.0,0.0,0.0,0.0,0.0,0.0,0.0,0.0,0.0,0.56,0.8074
128,0.001,3,10,100,16,128,256,202,730,24,ContrastiveLoss,gru,/home/dpetrovitch/dzagcoffee/train_trace/age_pred/checkpoints/age_pred_2025-10-10 14:37:35.506749_ContrastiveLoss_gru_catboost/model_128_0.001_3_10_100_256_16_128_ContrastiveLoss_gruepoch=10.ckpt,10,24,0.30425346,65.9293,3.1046,0.0007,4.0138,1.205,8.5707,0.6899,3901.41,98.7447,935.1278,23.6681,869.0798,21.9964,833.0232,21.0838,786.9582,19.9179,751.4731,19.0198,689.713,17.4566,391.99,8.4703,93.956,2.0302,87.3199,1.8868,83.6971,1.8086,79.0688,1.7086,75.5035,1.6315,69.2982,1.4974,0.0,0.0,0.0,0.0,0.0,0.0,0.0,0.0,0.0,0.0,0.0,0.0,0.0,0.0,0.0,0.0,0.0,0.0,0.0,0.0,0.0,0.0,0.0,0.0,0.0,0.0,0.0,0.0,0.0,0.0,0.0,0.0,0.0,0.0,0.0,0.5522,0.7916
128,0.001,3,10,100,16,128,256,202,730,24,ContrastiveLoss,gru,/home/dpetrovitch/dzagcoffee/train_trace/age_pred/checkpoints/age_pred_2025-10-10 14:37:35.506749_ContrastiveLoss_gru_catboost/model_128_0.001_3_10_100_256_16_128_ContrastiveLoss_gruepoch=11.ckpt,11,24,0.29419193,66.7984,3.0146,0.0008,4.0265,1.2151,8.3803,0.6784,3946.9724,99.8949,932.4305,23.5991,867.7914,21.9631,832.6149,21.0728,787.7294,19.9368,753.296,19.0653,694.4461,17.5759,393.5223,8.606,92.9655,2.0331,86.5208,1.8921,83.0136,1.8154,78.5384,1.7176,75.1054,1.6425,69.2379,1.5142,0.0,0.0,0.0,0.0,0.0,0.0,0.0,0.0,0.0,0.0,0.0,0.0,0.0,0.0,0.0,0.0,0.0,0.0,0.0,0.0,0.0,0.0,0.0,0.0,0.0,0.0,0.0,0.0,0.0,0.0,0.0,0.0,0.0,0.0,0.0,0.5556,0.7984
128,0.001,3,10,100,16,128,256,202,730,24,ContrastiveLoss,gru,/home/dpetrovitch/dzagcoffee/train_trace/age_pred/checkpoints/age_pred_2025-10-10 14:37:35.506749_ContrastiveLoss_gru_catboost/model_128_0.001_3_10_100_256_16_128_ContrastiveLoss_gruepoch=12.ckpt,12,24,0.3099353,68.9198,3.0086,0.0008,4.017,1.2254,8.1301,0.6673,4075.9775,103.1469,941.2132,23.8184,875.9421,22.1666,840.1162,21.26,794.1984,20.098,758.8577,19.2037,696.5469,17.6269,408.4794,8.7466,94.3249,2.0197,87.7837,1.8797,84.1933,1.8028,79.5916,1.7043,76.0499,1.6284,69.8054,1.4947,0.0,0.0,0.0,0.0,0.0,0.0,0.0,0.0,0.0,0.0,0.0,0.0,0.0,0.0,0.0,0.0,0.0,0.0,0.0,0.0,0.0,0.0,0.0,0.0,0.0,0.0,0.0,0.0,0.0,0.0,0.0,0.0,0.0,0.0,0.0,0.5478,0.7985
128,0.001,3,10,100,16,128,256,202,730,24,ContrastiveLoss,gru,/home/dpetrovitch/dzagcoffee/train_trace/age_pred/checkpoints/age_pred_2025-10-10 14:37:35.506749_ContrastiveLoss_gru_catboost/model_128_0.001_3_10_100_256_16_128_ContrastiveLoss_gruepoch=13.ckpt,13,24,0.30768624,69.0259,3.0264,0.0009,4.0237,1.2279,7.9016,0.6649,4106.5854,103.9383,937.4547,23.7271,871.1681,22.0494,834.6118,21.1241,787.3823,19.9288,750.956,19.0068,687.1493,17.3918,404.0688,8.756,92.2412,1.9988,85.7189,1.8575,82.1219,1.7795,77.4747,1.6788,73.8906,1.6012,67.6123,1.4651,0.0,0.0,0.0,0.0,0.0,0.0,0.0,0.0,0.0,0.0,0.0,0.0,0.0,0.0,0.0,0.0,0.0,0.0,0.0,0.0,0.0,0.0,0.0,0.0,0.0,0.0,0.0,0.0,0.0,0.0,0.0,0.0,0.0,0.0,0.0,0.5544,0.8071
128,0.001,3,10,100,16,128,256,202,730,24,ContrastiveLoss,gru,/home/dpetrovitch/dzagcoffee/train_trace/age_pred/checkpoints/age_pred_2025-10-10 14:37:35.506749_ContrastiveLoss_gru_catboost/model_128_0.001_3_10_100_256_16_128_ContrastiveLoss_gruepoch=14.ckpt,14,24,0.3103496,67.0882,3.105,0.0008,4.0744,1.2102,8.4919,0.6836,4128.2236,104.4441,939.9504,23.7808,875.1039,22.1401,839.6492,21.2431,794.1667,20.0924,759.2949,19.2102,698.3933,17.6694,409.7702,8.8647,93.3001,2.0184,86.8634,1.8792,83.3441,1.803,78.8295,1.7054,75.3681,1.6305,69.323,1.4997,0.0,0.0,0.0,0.0,0.0,0.0,0.0,0.0,0.0,0.0,0.0,0.0,0.0,0.0,0.0,0.0,0.0,0.0,0.0,0.0,0.0,0.0,0.0,0.0,0.0,0.0,0.0,0.0,0.0,0.0,0.0,0.0,0.0,0.0,0.0,0.5611,0.8018
128,0.001,3,10,100,16,128,256,202,730,24,ContrastiveLoss,gru,/home/dpetrovitch/dzagcoffee/train_trace/age_pred/checkpoints/age_pred_2025-10-10 14:37:35.506749_ContrastiveLoss_gru_catboost/model_128_0.001_3_10_100_256_16_128_ContrastiveLoss_gruepoch=15.ckpt,15,24,0.30461845,66.5106,3.0548,0.0008,4.0829,1.2051,8.0522,0.6898,4092.294,103.5465,939.6017,23.7746,875.3734,22.1494,840.1654,21.2585,794.9837,20.1153,760.2503,19.2365,699.6614,17.7034,405.1692,8.7893,93.0279,2.018,86.6688,1.8801,83.183,1.8045,78.7096,1.7074,75.2707,1.6328,69.272,1.5027,0.0,0.0,0.0,0.0,0.0,0.0,0.0,0.0,0.0,0.0,0.0,0.0,0.0,0.0,0.0,0.0,0.0,0.0,0.0,0.0,0.0,0.0,0.0,0.0,0.0,0.0,0.0,0.0,0.0,0.0,0.0,0.0,0.0,0.0,0.0,0.5589,0.8066
128,0.001,3,10,100,16,128,256,202,730,24,ContrastiveLoss,gru,/home/dpetrovitch/dzagcoffee/train_trace/age_pred/checkpoints/age_pred_2025-10-10 14:37:35.506749_ContrastiveLoss_gru_catboost/model_128_0.001_3_10_100_256_16_128_ContrastiveLoss_gruepoch=16.ckpt,16,24,0.3209537,69.0044,2.9971,0.0008,4.0682,1.2271,8.2146,0.6653,4271.8276,108.0715,941.3678,23.8153,877.1478,22.1907,841.8533,21.2978,796.0926,20.1401,760.6192,19.2426,697.3519,17.6421,432.2374,9.2665,95.2507,2.042,88.7527,1.9027,85.1815,1.8262,80.5512,1.7269,76.9619,1.65,70.5603,1.5127,0.0,0.0,0.0,0.0,0.0,0.0,0.0,0.0,0.0,0.0,0.0,0.0,0.0,0.0,0.0,0.0,0.0,0.0,0.0,0.0,0.0,0.0,0.0,0.0,0.0,0.0,0.0,0.0,0.0,0.0,0.0,0.0,0.0,0.0,0.0,0.5622,0.8045
128,0.001,3,10,100,16,128,256,202,730,24,ContrastiveLoss,gru,/home/dpetrovitch/dzagcoffee/train_trace/age_pred/checkpoints/age_pred_2025-10-10 14:37:35.506749_ContrastiveLoss_gru_catboost/model_128_0.001_3_10_100_256_16_128_ContrastiveLoss_gruepoch=17.ckpt,17,24,0.31902027,69.8891,3.0211,0.0009,4.0912,1.2291,8.1063,0.6631,4345.411,109.9138,946.3541,23.9373,881.6807,22.3014,845.694,21.3912,799.2927,20.2175,762.8785,19.2964,696.8113,17.6253,437.8119,9.3093,95.3477,2.0274,88.8317,1.8889,85.206,1.8118,80.5309,1.7124,76.8621,1.6343,70.2056,1.4928,0.0,0.0,0.0,0.0,0.0,0.0,0.0,0.0,0.0,0.0,0.0,0.0,0.0,0.0,0.0,0.0,0.0,0.0,0.0,0.0,0.0,0.0,0.0,0.0,0.0,0.0,0.0,0.0,0.0,0.0,0.0,0.0,0.0,0.0,0.0,0.5589,0.804
128,0.001,3,10,100,16,128,256,202,730,24,ContrastiveLoss,gru,/home/dpetrovitch/dzagcoffee/train_trace/age_pred/checkpoints/age_pred_2025-10-10 14:37:35.506749_ContrastiveLoss_gru_catboost/model_128_0.001_3_10_100_256_16_128_ContrastiveLoss_gruepoch=18.ckpt,18,24,0.3204013,69.2098,2.9833,0.0008,4.1107,1.2174,8.3681,0.6755,4308.5146,108.9669,951.1832,24.0564,886.8485,22.4293,851.2837,21.5299,805.1238,20.3624,769.2782,19.4559,705.1608,17.8343,433.0564,9.1775,95.6051,2.0261,89.1387,1.8891,85.564,1.8133,80.9244,1.715,77.3215,1.6386,70.877,1.502,0.0,0.0,0.0,0.0,0.0,0.0,0.0,0.0,0.0,0.0,0.0,0.0,0.0,0.0,0.0,0.0,0.0,0.0,0.0,0.0,0.0,0.0,0.0,0.0,0.0,0.0,0.0,0.0,0.0,0.0,0.0,0.0,0.0,0.0,0.0,0.56,0.8036
128,0.001,3,10,100,16,128,256,202,730,24,ContrastiveLoss,gru,/home/dpetrovitch/dzagcoffee/train_trace/age_pred/checkpoints/age_pred_2025-10-10 14:37:35.506749_ContrastiveLoss_gru_catboost/model_128_0.001_3_10_100_256_16_128_ContrastiveLoss_gruepoch=19.ckpt,19,24,0.32190067,70.4023,3.7608,0.0009,4.1247,1.2294,8.5869,0.6624,4412.8135,111.6172,952.5104,24.0927,888.8653,22.4829,853.5595,21.5898,807.8832,20.4345,772.4757,19.5389,709.0462,17.9345,441.1848,9.3506,95.2302,2.0183,88.8671,1.8835,85.3373,1.8087,80.7707,1.7119,77.2307,1.6368,70.8891,1.5024,0.0,0.0,0.0,0.0,0.0,0.0,0.0,0.0,0.0,0.0,0.0,0.0,0.0,0.0,0.0,0.0,0.0,0.0,0.0,0.0,0.0,0.0,0.0,0.0,0.0,0.0,0.0,0.0,0.0,0.0,0.0,0.0,0.0,0.0,0.0,0.5789,0.8134
128,0.001,3,10,100,16,128,256,202,730,24,ContrastiveLoss,gru,/home/dpetrovitch/dzagcoffee/train_trace/age_pred/checkpoints/age_pred_2025-10-10 14:37:35.506749_ContrastiveLoss_gru_catboost/model_128_0.001_3_10_100_256_16_128_ContrastiveLoss_gruepoch=20.ckpt,20,24,0.3193557,68.9348,3.07,0.0008,4.1584,1.2167,8.907,0.6761,4375.0073,110.6478,954.1901,24.1323,891.5151,22.5472,856.9364,21.6727,812.4582,20.5478,778.0695,19.6781,716.5665,18.1226,443.6506,9.3024,96.7603,2.0289,90.4047,1.8956,86.8982,1.8221,82.3879,1.7275,78.9007,1.6544,72.6639,1.5236,0.0,0.0,0.0,0.0,0.0,0.0,0.0,0.0,0.0,0.0,0.0,0.0,0.0,0.0,0.0,0.0,0.0,0.0,0.0,0.0,0.0,0.0,0.0,0.0,0.0,0.0,0.0,0.0,0.0,0.0,0.0,0.0,0.0,0.0,0.0,0.5911,0.8239
128,0.001,3,10,100,16,128,256,202,730,24,ContrastiveLoss,gru,/home/dpetrovitch/dzagcoffee/train_trace/age_pred/checkpoints/age_pred_2025-10-10 14:37:35.506749_ContrastiveLoss_gru_catboost/model_128_0.001_3_10_100_256_16_128_ContrastiveLoss_gruepoch=21.ckpt,21,24,0.3193951,69.7793,3.1224,0.0008,4.1417,1.2222,8.5224,0.6704,4399.165,111.2848,952.4287,24.0934,889.6408,22.5051,854.9595,21.6277,810.1395,20.4939,775.3526,19.6139,712.8733,18.0334,440.9694,9.342,95.4708,2.0226,89.177,1.8892,85.7006,1.8156,81.2079,1.7204,77.7208,1.6465,71.4579,1.5138,0.0,0.0,0.0,0.0,0.0,0.0,0.0,0.0,0.0,0.0,0.0,0.0,0.0,0.0,0.0,0.0,0.0,0.0,0.0,0.0,0.0,0.0,0.0,0.0,0.0,0.0,0.0,0.0,0.0,0.0,0.0,0.0,0.0,0.0,0.0,0.5533,0.8171
128,0.001,3,10,100,16,128,256,202,730,24,ContrastiveLoss,gru,/home/dpetrovitch/dzagcoffee/train_trace/age_pred/checkpoints/age_pred_2025-10-10 14:37:35.506749_ContrastiveLoss_gru_catboost/model_128_0.001_3_10_100_256_16_128_ContrastiveLoss_gruepoch=22.ckpt,22,24,0.32336056,70.7378,3.7065,0.0009,4.1422,1.2283,8.7288,0.6636,4497.2715,113.7376,956.0841,24.1797,892.9975,22.5842,858.0884,21.7014,812.7703,20.5553,777.5501,19.6645,714.7824,18.0771,453.5886,9.5354,96.4293,2.0272,90.0665,1.8934,86.5456,1.8194,81.9749,1.7233,78.4226,1.6486,72.092,1.5155,0.0,0.0,0.0,0.0,0.0,0.0,0.0,0.0,0.0,0.0,0.0,0.0,0.0,0.0,0.0,0.0,0.0,0.0,0.0,0.0,0.0,0.0,0.0,0.0,0.0,0.0,0.0,0.0,0.0,0.0,0.0,0.0,0.0,0.0,0.0,0.5733,0.8094
128,0.001,3,10,100,16,128,256,202,730,24,ContrastiveLoss,gru,/home/dpetrovitch/dzagcoffee/train_trace/age_pred/checkpoints/age_pred_2025-10-10 14:37:35.506749_ContrastiveLoss_gru_catboost/model_128_0.001_3_10_100_256_16_128_ContrastiveLoss_gruepoch=23.ckpt,23,24,0.31565654,68.3447,3.113,0.0008,4.1779,1.2079,8.3161,0.6857,4357.0693,110.1921,955.7664,24.1717,892.7175,22.5772,857.922,21.6972,812.5316,20.5493,776.9523,19.6494,713.0704,18.0338,443.686,9.3318,97.3269,2.047,90.9066,1.912,87.3633,1.8375,82.7411,1.7402,79.1181,1.664,72.6129,1.5272,0.0,0.0,0.0,0.0,0.0,0.0,0.0,0.0,0.0,0.0,0.0,0.0,0.0,0.0,0.0,0.0,0.0,0.0,0.0,0.0,0.0,0.0,0.0,0.0,0.0,0.0,0.0,0.0,0.0,0.0,0.0,0.0,0.0,0.0,0.0,0.5767,0.8168
128,0.001,3,10,100,16,16,64,202,730,24,ContrastiveLoss,gru,/home/dpetrovitch/dzagcoffee/train_trace/age_pred/checkpoints/age_pred_2025-10-10 14:37:35.506749_ContrastiveLoss_gru_catboost/model_128_0.001_3_10_100_64_16_16_ContrastiveLoss_gruepoch=00.ckpt,0,24,0.04789102,22.9426,6.3347,0.0042,3.0019,1.1125,4.2449,0.8072,1139.6079,29.5294,747.8653,19.3786,669.6912,17.3529,627.8693,16.2693,574.0586,14.8749,532.6966,13.8032,464.1262,12.0264,69.6688,2.113,45.72,1.3867,40.9409,1.2417,38.3841,1.1642,35.0945,1.0644,32.5659,0.9877,28.3739,0.8606,0.0,0.0,0.0,0.0,0.0,0.0,0.0,0.0,0.0,0.0,0.0,0.0,0.0,0.0,0.0,0.0,0.0,0.0,0.0,0.0,0.0,0.0,0.0,0.0,0.0,0.0,0.0,0.0,0.0,0.0,0.0,0.0,0.0,0.0,0.0,0.3922,0.6609
128,0.001,3,10,100,16,16,64,202,730,24,ContrastiveLoss,gru,/home/dpetrovitch/dzagcoffee/train_trace/age_pred/checkpoints/age_pred_2025-10-10 14:37:35.506749_ContrastiveLoss_gru_catboost/model_128_0.001_3_10_100_64_16_16_ContrastiveLoss_gruepoch=01.ckpt,1,24,0.10588305,26.7863,4.7755,0.0053,2.8201,1.1552,5.1525,0.7504,1359.9565,34.7392,829.7171,21.1946,749.028,19.1334,704.1267,17.9865,646.1986,16.5067,601.4001,15.3624,524.0047,13.3854,95.3352,2.5739,58.1645,1.5704,52.5081,1.4176,49.3604,1.3327,45.2996,1.223,42.1591,1.1382,36.7336,0.9918,0.0,0.0,0.0,0.0,0.0,0.0,0.0,0.0,0.0,0.0,0.0,0.0,0.0,0.0,0.0,0.0,0.0,0.0,0.0,0.0,0.0,0.0,0.0,0.0,0.0,0.0,0.0,0.0,0.0,0.0,0.0,0.0,0.0,0.0,0.0,0.4311,0.6984
128,0.001,3,10,100,16,16,64,202,730,24,ContrastiveLoss,gru,/home/dpetrovitch/dzagcoffee/train_trace/age_pred/checkpoints/age_pred_2025-10-10 14:37:35.506749_ContrastiveLoss_gru_catboost/model_128_0.001_3_10_100_64_16_16_ContrastiveLoss_gruepoch=02.ckpt,2,24,0.17011918,27.335,4.3469,0.005,2.8654,1.1791,5.7198,0.7209,1540.1356,39.1511,833.0544,21.1767,754.742,19.1859,711.4432,18.0853,656.2505,16.6822,613.9795,15.6077,540.6668,13.744,122.9012,3.1395,66.4768,1.6981,60.2276,1.5385,56.7724,1.4502,52.3681,1.3377,48.9949,1.2516,43.1446,1.1021,0.0,0.0,0.0,0.0,0.0,0.0,0.0,0.0,0.0,0.0,0.0,0.0,0.0,0.0,0.0,0.0,0.0,0.0,0.0,0.0,0.0,0.0,0.0,0.0,0.0,0.0,0.0,0.0,0.0,0.0,0.0,0.0,0.0,0.0,0.0,0.4444,0.7182
128,0.001,3,10,100,16,16,64,202,730,24,ContrastiveLoss,gru,/home/dpetrovitch/dzagcoffee/train_trace/age_pred/checkpoints/age_pred_2025-10-10 14:37:35.506749_ContrastiveLoss_gru_catboost/model_128_0.001_3_10_100_64_16_16_ContrastiveLoss_gruepoch=03.ckpt,3,24,0.20068856,28.2451,4.0377,0.0047,2.9418,1.2027,6.2139,0.692,1692.7769,42.9705,840.0102,21.3233,765.7698,19.4388,725.2003,18.4089,673.8684,17.1059,634.6284,16.1098,567.982,14.418,151.8568,3.6914,75.3562,1.8318,68.6962,1.6699,65.0568,1.5814,60.4519,1.4695,56.9317,1.3839,50.9529,1.2386,0.0,0.0,0.0,0.0,0.0,0.0,0.0,0.0,0.0,0.0,0.0,0.0,0.0,0.0,0.0,0.0,0.0,0.0,0.0,0.0,0.0,0.0,0.0,0.0,0.0,0.0,0.0,0.0,0.0,0.0,0.0,0.0,0.0,0.0,0.0,0.4733,0.7277
128,0.001,3,10,100,16,16,64,202,730,24,ContrastiveLoss,gru,/home/dpetrovitch/dzagcoffee/train_trace/age_pred/checkpoints/age_pred_2025-10-10 14:37:35.506749_ContrastiveLoss_gru_catboost/model_128_0.001_3_10_100_64_16_16_ContrastiveLoss_gruepoch=04.ckpt,4,24,0.21435052,28.7693,3.8898,0.0046,2.9896,1.2178,6.1716,0.6748,1755.9172,44.5612,843.6002,21.4087,771.6014,19.5815,732.3873,18.5863,682.8013,17.328,644.8784,16.3656,580.7377,14.7378,160.2913,3.8777,77.0092,1.863,70.4367,1.704,66.857,1.6174,62.3305,1.5079,58.8686,1.4241,53.0134,1.2825,0.0,0.0,0.0,0.0,0.0,0.0,0.0,0.0,0.0,0.0,0.0,0.0,0.0,0.0,0.0,0.0,0.0,0.0,0.0,0.0,0.0,0.0,0.0,0.0,0.0,0.0,0.0,0.0,0.0,0.0,0.0,0.0,0.0,0.0,0.0,0.5189,0.7569
128,0.001,3,10,100,16,16,64,202,730,24,ContrastiveLoss,gru,/home/dpetrovitch/dzagcoffee/train_trace/age_pred/checkpoints/age_pred_2025-10-10 14:37:35.506749_ContrastiveLoss_gru_catboost/model_128_0.001_3_10_100_64_16_16_ContrastiveLoss_gruepoch=05.ckpt,5,24,0.23401,29.0063,3.4815,0.0047,3.0774,1.2382,6.9343,0.6528,1877.6768,47.6218,841.9623,21.3539,770.3664,19.5381,731.3931,18.5497,682.3739,17.3064,645.0694,16.3603,581.9222,14.7588,175.0388,4.2147,78.4885,1.8899,71.8143,1.7292,68.1812,1.6417,63.6115,1.5317,60.134,1.448,54.2473,1.3062,0.0,0.0,0.0,0.0,0.0,0.0,0.0,0.0,0.0,0.0,0.0,0.0,0.0,0.0,0.0,0.0,0.0,0.0,0.0,0.0,0.0,0.0,0.0,0.0,0.0,0.0,0.0,0.0,0.0,0.0,0.0,0.0,0.0,0.0,0.0,0.5267,0.7656
128,0.001,3,10,100,16,16,64,202,730,24,ContrastiveLoss,gru,/home/dpetrovitch/dzagcoffee/train_trace/age_pred/checkpoints/age_pred_2025-10-10 14:37:35.506749_ContrastiveLoss_gru_catboost/model_128_0.001_3_10_100_64_16_16_ContrastiveLoss_gruepoch=06.ckpt,6,24,0.24275962,29.4291,3.6905,0.0045,3.1846,1.2499,7.0297,0.6406,1966.6718,49.8761,854.9105,21.6811,785.0775,19.9101,747.1735,18.9488,699.154,17.731,662.7838,16.8086,600.093,15.2187,190.3826,4.5063,82.7591,1.9589,75.999,1.7989,72.3297,1.712,67.6812,1.602,64.1604,1.5186,58.0917,1.375,0.0,0.0,0.0,0.0,0.0,0.0,0.0,0.0,0.0,0.0,0.0,0.0,0.0,0.0,0.0,0.0,0.0,0.0,0.0,0.0,0.0,0.0,0.0,0.0,0.0,0.0,0.0,0.0,0.0,0.0,0.0,0.0,0.0,0.0,0.0,0.4967,0.7518
128,0.001,3,10,100,16,16,64,202,730,24,ContrastiveLoss,gru,/home/dpetrovitch/dzagcoffee/train_trace/age_pred/checkpoints/age_pred_2025-10-10 14:37:35.506749_ContrastiveLoss_gru_catboost/model_128_0.001_3_10_100_64_16_16_ContrastiveLoss_gruepoch=07.ckpt,7,24,0.25247595,29.5489,3.7842,0.0043,3.21,1.2522,7.5682,0.6379,2033.6726,51.5617,857.1015,21.731,787.1111,19.9564,749.2467,18.9964,701.1626,17.7773,664.5962,16.8502,601.8774,15.26,200.7596,4.709,84.6112,1.9846,77.7019,1.8226,73.964,1.7349,69.2172,1.6236,65.6075,1.5389,59.416,1.3937,0.0,0.0,0.0,0.0,0.0,0.0,0.0,0.0,0.0,0.0,0.0,0.0,0.0,0.0,0.0,0.0,0.0,0.0,0.0,0.0,0.0,0.0,0.0,0.0,0.0,0.0,0.0,0.0,0.0,0.0,0.0,0.0,0.0,0.0,0.0,0.5056,0.7667
128,0.001,3,10,100,16,16,64,202,730,24,ContrastiveLoss,gru,/home/dpetrovitch/dzagcoffee/train_trace/age_pred/checkpoints/age_pred_2025-10-10 14:37:35.506749_ContrastiveLoss_gru_catboost/model_128_0.001_3_10_100_64_16_16_ContrastiveLoss_gruepoch=08.ckpt,8,24,0.26301095,29.873,4.3179,0.0041,3.2798,1.254,7.4511,0.6353,2087.3306,52.9067,870.298,22.0591,801.9032,20.3255,764.7826,19.3846,717.6485,18.1899,681.5665,17.2754,618.5779,15.6788,213.5046,4.9041,89.0192,2.0447,82.0234,1.884,78.2265,1.7968,73.4053,1.6861,69.7147,1.6013,63.2718,1.4533,0.0,0.0,0.0,0.0,0.0,0.0,0.0,0.0,0.0,0.0,0.0,0.0,0.0,0.0,0.0,0.0,0.0,0.0,0.0,0.0,0.0,0.0,0.0,0.0,0.0,0.0,0.0,0.0,0.0,0.0,0.0,0.0,0.0,0.0,0.0,0.53,0.7727
128,0.001,3,10,100,16,16,64,202,730,24,ContrastiveLoss,gru,/home/dpetrovitch/dzagcoffee/train_trace/age_pred/checkpoints/age_pred_2025-10-10 14:37:35.506749_ContrastiveLoss_gru_catboost/model_128_0.001_3_10_100_64_16_16_ContrastiveLoss_gruepoch=09.ckpt,9,24,0.27065578,29.5722,4.0208,0.004,3.3548,1.2556,7.549,0.6336,2149.9492,54.4844,867.7954,21.9918,799.3398,20.257,762.2562,19.3172,715.0148,18.12,679.355,17.2163,617.6252,15.652,219.0674,5.0089,88.4234,2.0218,81.4481,1.8623,77.6695,1.7759,72.8559,1.6658,69.2224,1.5828,62.9325,1.4389,0.0,0.0,0.0,0.0,0.0,0.0,0.0,0.0,0.0,0.0,0.0,0.0,0.0,0.0,0.0,0.0,0.0,0.0,0.0,0.0,0.0,0.0,0.0,0.0,0.0,0.0,0.0,0.0,0.0,0.0,0.0,0.0,0.0,0.0,0.0,0.5178,0.7679
128,0.001,3,10,100,16,16,64,202,730,24,ContrastiveLoss,gru,/home/dpetrovitch/dzagcoffee/train_trace/age_pred/checkpoints/age_pred_2025-10-10 14:37:35.506749_ContrastiveLoss_gru_catboost/model_128_0.001_3_10_100_64_16_16_ContrastiveLoss_gruepoch=10.ckpt,10,24,0.27605152,29.4813,4.1002,0.0039,3.3901,1.2526,7.7597,0.6363,2174.0364,55.0909,872.4873,22.1092,804.3167,20.3817,767.35,19.4449,720.2228,18.2507,684.4141,17.3433,622.4718,15.7737,225.2618,5.1263,90.4024,2.0573,83.3389,1.8965,79.5086,1.8094,74.6256,1.6982,70.9153,1.6138,64.4971,1.4678,0.0,0.0,0.0,0.0,0.0,0.0,0.0,0.0,0.0,0.0,0.0,0.0,0.0,0.0,0.0,0.0,0.0,0.0,0.0,0.0,0.0,0.0,0.0,0.0,0.0,0.0,0.0,0.0,0.0,0.0,0.0,0.0,0.0,0.0,0.0,0.51,0.7664
128,0.001,3,10,100,16,16,64,202,730,24,ContrastiveLoss,gru,/home/dpetrovitch/dzagcoffee/train_trace/age_pred/checkpoints/age_pred_2025-10-10 14:37:35.506749_ContrastiveLoss_gru_catboost/model_128_0.001_3_10_100_64_16_16_ContrastiveLoss_gruepoch=11.ckpt,11,24,0.27271745,29.1791,4.1911,0.0037,3.4412,1.2466,7.7529,0.6421,2183.773,55.3392,872.9801,22.1223,805.5202,20.4128,769.0429,19.4884,722.4694,18.3082,687.0698,17.4111,625.8893,15.8607,230.2412,5.2148,92.0407,2.0846,84.9282,1.9236,81.0823,1.8364,76.1719,1.7252,72.4397,1.6407,65.9892,1.4946,0.0,0.0,0.0,0.0,0.0,0.0,0.0,0.0,0.0,0.0,0.0,0.0,0.0,0.0,0.0,0.0,0.0,0.0,0.0,0.0,0.0,0.0,0.0,0.0,0.0,0.0,0.0,0.0,0.0,0.0,0.0,0.0,0.0,0.0,0.0,0.5311,0.773
128,0.001,3,10,100,16,16,64,202,730,24,ContrastiveLoss,gru,/home/dpetrovitch/dzagcoffee/train_trace/age_pred/checkpoints/age_pred_2025-10-10 14:37:35.506749_ContrastiveLoss_gru_catboost/model_128_0.001_3_10_100_64_16_16_ContrastiveLoss_gruepoch=12.ckpt,12,24,0.27395043,29.6423,4.0114,0.0039,3.422,1.2542,7.52,0.6344,2198.0051,55.6987,878.6062,22.2644,811.3205,20.5593,774.7176,19.6318,728.0795,18.4499,692.0672,17.5374,629.8365,15.9604,230.6877,5.201,92.2126,2.079,85.1507,1.9198,81.3091,1.8332,76.4143,1.7228,72.6347,1.6376,66.1034,1.4903,0.0,0.0,0.0,0.0,0.0,0.0,0.0,0.0,0.0,0.0,0.0,0.0,0.0,0.0,0.0,0.0,0.0,0.0,0.0,0.0,0.0,0.0,0.0,0.0,0.0,0.0,0.0,0.0,0.0,0.0,0.0,0.0,0.0,0.0,0.0,0.52,0.7663
128,0.001,3,10,100,16,16,64,202,730,24,ContrastiveLoss,gru,/home/dpetrovitch/dzagcoffee/train_trace/age_pred/checkpoints/age_pred_2025-10-10 14:37:35.506749_ContrastiveLoss_gru_catboost/model_128_0.001_3_10_100_64_16_16_ContrastiveLoss_gruepoch=13.ckpt,13,24,0.25823668,28.8461,4.0466,0.0036,3.4699,1.2374,7.2028,0.6518,2141.3984,54.2719,871.9214,22.0981,804.8343,20.3978,768.1636,19.4684,721.654,18.2897,685.6723,17.3778,624.3048,15.8225,225.7795,5.116,91.9315,2.0831,84.8581,1.9228,80.9917,1.8352,76.088,1.7241,72.2942,1.6381,65.8239,1.4915,0.0,0.0,0.0,0.0,0.0,0.0,0.0,0.0,0.0,0.0,0.0,0.0,0.0,0.0,0.0,0.0,0.0,0.0,0.0,0.0,0.0,0.0,0.0,0.0,0.0,0.0,0.0,0.0,0.0,0.0,0.0,0.0,0.0,0.0,0.0,0.5111,0.7637
128,0.001,3,10,100,16,16,64,202,730,24,ContrastiveLoss,gru,/home/dpetrovitch/dzagcoffee/train_trace/age_pred/checkpoints/age_pred_2025-10-10 14:37:35.506749_ContrastiveLoss_gru_catboost/model_128_0.001_3_10_100_64_16_16_ContrastiveLoss_gruepoch=14.ckpt,14,24,0.27220446,29.5342,3.9757,0.0038,3.4598,1.2509,7.5177,0.6374,2238.237,56.7098,881.6576,22.3384,814.2517,20.6306,777.5988,19.7019,730.7095,18.5139,694.5805,17.5985,631.6509,16.004,232.1626,5.2163,91.4505,2.0548,84.4588,1.8977,80.657,1.8122,75.7933,1.703,72.0458,1.6188,65.5184,1.4721,0.0,0.0,0.0,0.0,0.0,0.0,0.0,0.0,0.0,0.0,0.0,0.0,0.0,0.0,0.0,0.0,0.0,0.0,0.0,0.0,0.0,0.0,0.0,0.0,0.0,0.0,0.0,0.0,0.0,0.0,0.0,0.0,0.0,0.0,0.0,0.55,0.7853
128,0.001,3,10,100,16,16,64,202,730,24,ContrastiveLoss,gru,/home/dpetrovitch/dzagcoffee/train_trace/age_pred/checkpoints/age_pred_2025-10-10 14:37:35.506749_ContrastiveLoss_gru_catboost/model_128_0.001_3_10_100_64_16_16_ContrastiveLoss_gruepoch=15.ckpt,15,24,0.2806187,30.0472,4.1791,0.0041,3.4591,1.2671,7.6893,0.6216,2292.3303,58.0731,885.1695,22.4246,817.1423,20.7012,779.922,19.7583,732.0819,18.5463,695.3395,17.6155,632.0413,16.0119,241.9516,5.3707,93.4282,2.0739,86.248,1.9145,82.3195,1.8273,77.27,1.7152,73.3919,1.6291,66.7109,1.4808,0.0,0.0,0.0,0.0,0.0,0.0,0.0,0.0,0.0,0.0,0.0,0.0,0.0,0.0,0.0,0.0,0.0,0.0,0.0,0.0,0.0,0.0,0.0,0.0,0.0,0.0,0.0,0.0,0.0,0.0,0.0,0.0,0.0,0.0,0.0,0.5356,0.7745
128,0.001,3,10,100,16,16,64,202,730,24,ContrastiveLoss,gru,/home/dpetrovitch/dzagcoffee/train_trace/age_pred/checkpoints/age_pred_2025-10-10 14:37:35.506749_ContrastiveLoss_gru_catboost/model_128_0.001_3_10_100_64_16_16_ContrastiveLoss_gruepoch=16.ckpt,16,24,0.28306502,29.8612,4.2798,0.0039,3.5251,1.2664,7.6943,0.6222,2314.8455,58.6449,886.2926,22.4536,818.6114,20.7389,781.6681,19.803,733.9614,18.5944,697.2058,17.6632,633.7654,16.056,246.0856,5.4603,94.2196,2.0906,87.0246,1.9309,83.0972,1.8438,78.0256,1.7313,74.1182,1.6446,67.3741,1.4949,0.0,0.0,0.0,0.0,0.0,0.0,0.0,0.0,0.0,0.0,0.0,0.0,0.0,0.0,0.0,0.0,0.0,0.0,0.0,0.0,0.0,0.0,0.0,0.0,0.0,0.0,0.0,0.0,0.0,0.0,0.0,0.0,0.0,0.0,0.0,0.5578,0.7948
128,0.001,3,10,100,16,16,64,202,730,24,ContrastiveLoss,gru,/home/dpetrovitch/dzagcoffee/train_trace/age_pred/checkpoints/age_pred_2025-10-10 14:37:35.506749_ContrastiveLoss_gru_catboost/model_128_0.001_3_10_100_64_16_16_ContrastiveLoss_gruepoch=17.ckpt,17,24,0.2912129,30.0299,3.8817,0.004,3.5298,1.2722,7.6741,0.6166,2356.4978,59.6899,887.9283,22.4912,819.7984,20.7654,782.2991,19.8156,733.7486,18.5858,696.3172,17.6377,631.8461,16.0046,249.313,5.5405,93.9411,2.0877,86.7331,1.9275,82.7657,1.8393,77.6292,1.7252,73.669,1.6372,66.8481,1.4856,0.0,0.0,0.0,0.0,0.0,0.0,0.0,0.0,0.0,0.0,0.0,0.0,0.0,0.0,0.0,0.0,0.0,0.0,0.0,0.0,0.0,0.0,0.0,0.0,0.0,0.0,0.0,0.0,0.0,0.0,0.0,0.0,0.0,0.0,0.0,0.54,0.7835
128,0.001,3,10,100,16,16,64,202,730,24,ContrastiveLoss,gru,/home/dpetrovitch/dzagcoffee/train_trace/age_pred/checkpoints/age_pred_2025-10-10 14:37:35.506749_ContrastiveLoss_gru_catboost/model_128_0.001_3_10_100_64_16_16_ContrastiveLoss_gruepoch=18.ckpt,18,24,0.28912172,30.0634,3.7897,0.0039,3.5316,1.2685,7.4079,0.6204,2348.391,59.485,891.1019,22.5717,822.7817,20.8412,785.2349,19.8901,736.4842,18.6552,698.6294,17.6964,633.6455,16.0503,249.1398,5.484,94.5366,2.0809,87.2885,1.9214,83.3052,1.8337,78.1333,1.7199,74.1173,1.6315,67.2232,1.4797,0.0,0.0,0.0,0.0,0.0,0.0,0.0,0.0,0.0,0.0,0.0,0.0,0.0,0.0,0.0,0.0,0.0,0.0,0.0,0.0,0.0,0.0,0.0,0.0,0.0,0.0,0.0,0.0,0.0,0.0,0.0,0.0,0.0,0.0,0.0,0.54,0.7861
128,0.001,3,10,100,16,16,64,202,730,24,ContrastiveLoss,gru,/home/dpetrovitch/dzagcoffee/train_trace/age_pred/checkpoints/age_pred_2025-10-10 14:37:35.506749_ContrastiveLoss_gru_catboost/model_128_0.001_3_10_100_64_16_16_ContrastiveLoss_gruepoch=19.ckpt,19,24,0.2950205,29.7287,3.3674,0.0039,3.5849,1.2632,7.577,0.6257,2376.8242,60.2046,890.4362,22.5546,821.7223,20.8141,783.798,19.8535,734.6242,18.6079,696.5869,17.6445,631.1702,15.9875,249.6365,5.5486,93.522,2.0787,86.305,1.9183,82.3218,1.8297,77.1572,1.7149,73.1621,1.6262,66.2914,1.4734,0.0,0.0,0.0,0.0,0.0,0.0,0.0,0.0,0.0,0.0,0.0,0.0,0.0,0.0,0.0,0.0,0.0,0.0,0.0,0.0,0.0,0.0,0.0,0.0,0.0,0.0,0.0,0.0,0.0,0.0,0.0,0.0,0.0,0.0,0.0,0.5389,0.7811
128,0.001,3,10,100,16,16,64,202,730,24,ContrastiveLoss,gru,/home/dpetrovitch/dzagcoffee/train_trace/age_pred/checkpoints/age_pred_2025-10-10 14:37:35.506749_ContrastiveLoss_gru_catboost/model_128_0.001_3_10_100_64_16_16_ContrastiveLoss_gruepoch=20.ckpt,20,24,0.2962733,29.9218,3.4692,0.0039,3.587,1.2691,7.5875,0.6197,2405.7422,60.9327,891.2836,22.5745,823.0263,20.8456,785.3555,19.8915,736.4525,18.6529,698.6542,17.6955,633.7497,16.0516,254.8778,5.6534,94.4276,2.0945,87.196,1.9341,83.205,1.8456,78.0239,1.7306,74.0193,1.6418,67.143,1.4893,0.0,0.0,0.0,0.0,0.0,0.0,0.0,0.0,0.0,0.0,0.0,0.0,0.0,0.0,0.0,0.0,0.0,0.0,0.0,0.0,0.0,0.0,0.0,0.0,0.0,0.0,0.0,0.0,0.0,0.0,0.0,0.0,0.0,0.0,0.0,0.5378,0.7801
128,0.001,3,10,100,16,16,64,202,730,24,ContrastiveLoss,gru,/home/dpetrovitch/dzagcoffee/train_trace/age_pred/checkpoints/age_pred_2025-10-10 14:37:35.506749_ContrastiveLoss_gru_catboost/model_128_0.001_3_10_100_64_16_16_ContrastiveLoss_gruepoch=21.ckpt,21,24,0.29807842,30.165,3.5712,0.004,3.56,1.2677,7.8275,0.6211,2390.307,60.5415,896.1293,22.6971,828.1721,20.9759,790.7567,20.0282,742.0526,18.7947,704.4661,17.8427,640.2106,16.2152,256.5066,5.6083,96.1647,2.1026,88.8721,1.9431,84.857,1.8553,79.6305,1.7411,75.5971,1.6529,68.7018,1.5021,0.0,0.0,0.0,0.0,0.0,0.0,0.0,0.0,0.0,0.0,0.0,0.0,0.0,0.0,0.0,0.0,0.0,0.0,0.0,0.0,0.0,0.0,0.0,0.0,0.0,0.0,0.0,0.0,0.0,0.0,0.0,0.0,0.0,0.0,0.0,0.5333,0.7826
128,0.001,3,10,100,16,16,64,202,730,24,ContrastiveLoss,gru,/home/dpetrovitch/dzagcoffee/train_trace/age_pred/checkpoints/age_pred_2025-10-10 14:37:35.506749_ContrastiveLoss_gru_catboost/model_128_0.001_3_10_100_64_16_16_ContrastiveLoss_gruepoch=22.ckpt,22,24,0.28421915,29.5698,3.4265,0.0039,3.5882,1.2524,7.4149,0.6364,2351.033,59.5529,891.2062,22.5747,823.2502,20.8533,785.9104,19.9075,737.253,18.675,699.3559,17.715,633.7675,16.0537,247.819,5.497,93.9408,2.0837,86.7776,1.9249,82.8417,1.8375,77.7128,1.7238,73.7181,1.6352,66.8045,1.4818,0.0,0.0,0.0,0.0,0.0,0.0,0.0,0.0,0.0,0.0,0.0,0.0,0.0,0.0,0.0,0.0,0.0,0.0,0.0,0.0,0.0,0.0,0.0,0.0,0.0,0.0,0.0,0.0,0.0,0.0,0.0,0.0,0.0,0.0,0.0,0.55,0.7804
128,0.001,3,10,100,16,16,64,202,730,24,ContrastiveLoss,gru,/home/dpetrovitch/dzagcoffee/train_trace/age_pred/checkpoints/age_pred_2025-10-10 14:37:35.506749_ContrastiveLoss_gru_catboost/model_128_0.001_3_10_100_64_16_16_ContrastiveLoss_gruepoch=23.ckpt,23,24,0.2954644,29.9682,3.5978,0.0041,3.5968,1.2672,7.5576,0.6216,2424.46,61.4066,894.3568,22.6522,825.9287,20.9191,788.2043,19.9636,739.0509,18.7186,701.0465,17.7561,635.9106,16.1063,260.4513,5.7099,96.0777,2.1063,88.7267,1.9452,84.6741,1.8563,79.3937,1.7406,75.311,1.6511,68.3137,1.4977,0.0,0.0,0.0,0.0,0.0,0.0,0.0,0.0,0.0,0.0,0.0,0.0,0.0,0.0,0.0,0.0,0.0,0.0,0.0,0.0,0.0,0.0,0.0,0.0,0.0,0.0,0.0,0.0,0.0,0.0,0.0,0.0,0.0,0.0,0.0,0.54,0.7804
128,0.001,3,10,100,16,16,128,202,730,24,ContrastiveLoss,gru,/home/dpetrovitch/dzagcoffee/train_trace/age_pred/checkpoints/age_pred_2025-10-10 14:37:35.506749_ContrastiveLoss_gru_catboost/model_128_0.001_3_10_100_128_16_16_ContrastiveLoss_gruepoch=00.ckpt,0,24,0.08299795,35.6476,6.7642,0.002,3.5126,1.1165,5.267,0.8038,1402.5358,36.1364,784.2898,20.2073,703.1085,18.1156,659.0584,16.9807,603.2438,15.5426,560.8011,14.4491,485.8906,12.519,82.1548,2.4858,45.9405,1.3901,41.1852,1.2462,38.6049,1.1681,35.3355,1.0692,32.8494,0.994,28.4615,0.8612,0.0,0.0,0.0,0.0,0.0,0.0,0.0,0.0,0.0,0.0,0.0,0.0,0.0,0.0,0.0,0.0,0.0,0.0,0.0,0.0,0.0,0.0,0.0,0.0,0.0,0.0,0.0,0.0,0.0,0.0,0.0,0.0,0.0,0.0,0.0,0.4444,0.7014
128,0.001,3,10,100,16,16,128,202,730,24,ContrastiveLoss,gru,/home/dpetrovitch/dzagcoffee/train_trace/age_pred/checkpoints/age_pred_2025-10-10 14:37:35.506749_ContrastiveLoss_gru_catboost/model_128_0.001_3_10_100_128_16_16_ContrastiveLoss_gruepoch=01.ckpt,1,24,0.13783342,39.7103,5.7428,0.0021,3.3674,1.1428,5.536,0.7672,1665.2235,42.4927,827.1311,21.1065,746.4464,19.0476,702.4779,17.9256,647.1714,16.5144,604.952,15.437,533.1189,13.604,115.5566,3.1306,57.398,1.555,51.799,1.4033,48.7478,1.3207,44.9099,1.2167,41.9801,1.1373,36.9953,1.0023,0.0,0.0,0.0,0.0,0.0,0.0,0.0,0.0,0.0,0.0,0.0,0.0,0.0,0.0,0.0,0.0,0.0,0.0,0.0,0.0,0.0,0.0,0.0,0.0,0.0,0.0,0.0,0.0,0.0,0.0,0.0,0.0,0.0,0.0,0.0,0.4844,0.729
128,0.001,3,10,100,16,16,128,202,730,24,ContrastiveLoss,gru,/home/dpetrovitch/dzagcoffee/train_trace/age_pred/checkpoints/age_pred_2025-10-10 14:37:35.506749_ContrastiveLoss_gru_catboost/model_128_0.001_3_10_100_128_16_16_ContrastiveLoss_gruepoch=02.ckpt,2,24,0.19316207,41.8941,4.9444,0.002,3.3834,1.1684,6.225,0.7341,1951.7725,49.5644,846.6026,21.4991,769.2449,19.5346,727.4797,18.474,675.2284,17.1471,636.5665,16.1653,572.0543,14.5271,152.8722,3.8602,66.31,1.6744,60.251,1.5214,56.9797,1.4388,52.8871,1.3355,49.8589,1.259,44.806,1.1314,0.0,0.0,0.0,0.0,0.0,0.0,0.0,0.0,0.0,0.0,0.0,0.0,0.0,0.0,0.0,0.0,0.0,0.0,0.0,0.0,0.0,0.0,0.0,0.0,0.0,0.0,0.0,0.0,0.0,0.0,0.0,0.0,0.0,0.0,0.0,0.5089,0.757
128,0.001,3,10,100,16,16,128,202,730,24,ContrastiveLoss,gru,/home/dpetrovitch/dzagcoffee/train_trace/age_pred/checkpoints/age_pred_2025-10-10 14:37:35.506749_ContrastiveLoss_gru_catboost/model_128_0.001_3_10_100_128_16_16_ContrastiveLoss_gruepoch=03.ckpt,3,24,0.21393622,41.7832,5.074,0.0017,3.4726,1.1658,7.7686,0.7368,2118.9136,53.7359,874.7898,22.1848,803.7924,20.3843,765.3618,19.4097,716.512,18.1708,679.4109,17.23,615.6721,15.6135,182.7052,4.4392,75.4295,1.8327,69.3077,1.684,65.994,1.6034,61.7819,1.5011,58.5828,1.4234,53.0869,1.2898,0.0,0.0,0.0,0.0,0.0,0.0,0.0,0.0,0.0,0.0,0.0,0.0,0.0,0.0,0.0,0.0,0.0,0.0,0.0,0.0,0.0,0.0,0.0,0.0,0.0,0.0,0.0,0.0,0.0,0.0,0.0,0.0,0.0,0.0,0.0,0.5289,0.7717
128,0.001,3,10,100,16,16,128,202,730,24,ContrastiveLoss,gru,/home/dpetrovitch/dzagcoffee/train_trace/age_pred/checkpoints/age_pred_2025-10-10 14:37:35.506749_ContrastiveLoss_gru_catboost/model_128_0.001_3_10_100_128_16_16_ContrastiveLoss_gruepoch=04.ckpt,4,24,0.25314668,43.1813,4.5904,0.0018,3.5123,1.1946,7.4566,0.7018,2390.6333,60.5707,882.831,22.368,813.1012,20.6013,774.8719,19.6327,726.1735,18.3988,688.2741,17.4386,621.9275,15.7576,226.105,5.197,83.4977,1.9192,76.9027,1.7676,73.287,1.6845,68.6811,1.5786,65.0966,1.4962,58.8216,1.352,0.0,0.0,0.0,0.0,0.0,0.0,0.0,0.0,0.0,0.0,0.0,0.0,0.0,0.0,0.0,0.0,0.0,0.0,0.0,0.0,0.0,0.0,0.0,0.0,0.0,0.0,0.0,0.0,0.0,0.0,0.0,0.0,0.0,0.0,0.0,0.5211,0.7623
128,0.001,3,10,100,16,16,128,202,730,24,ContrastiveLoss,gru,/home/dpetrovitch/dzagcoffee/train_trace/age_pred/checkpoints/age_pred_2025-10-10 14:37:35.506749_ContrastiveLoss_gru_catboost/model_128_0.001_3_10_100_128_16_16_ContrastiveLoss_gruepoch=05.ckpt,5,24,0.26048574,43.5488,4.5279,0.0017,3.598,1.2148,8.1433,0.6781,2583.005,65.4134,889.707,22.5314,821.6556,20.808,784.4571,19.866,737.2164,18.6697,700.97,17.7517,637.3956,16.1417,262.3004,5.8472,90.3484,2.0141,83.4379,1.86,79.6605,1.7758,74.8632,1.6689,71.1825,1.5868,64.7266,1.4429,0.0,0.0,0.0,0.0,0.0,0.0,0.0,0.0,0.0,0.0,0.0,0.0,0.0,0.0,0.0,0.0,0.0,0.0,0.0,0.0,0.0,0.0,0.0,0.0,0.0,0.0,0.0,0.0,0.0,0.0,0.0,0.0,0.0,0.0,0.0,0.5056,0.7684
128,0.001,3,10,100,16,16,128,202,730,24,ContrastiveLoss,gru,/home/dpetrovitch/dzagcoffee/train_trace/age_pred/checkpoints/age_pred_2025-10-10 14:37:35.506749_ContrastiveLoss_gru_catboost/model_128_0.001_3_10_100_128_16_16_ContrastiveLoss_gruepoch=06.ckpt,6,24,0.27334875,43.3469,4.2582,0.0015,3.6546,1.2192,7.8611,0.6736,2703.2842,68.4464,891.1261,22.5631,823.3371,20.8467,786.3369,19.9098,739.5584,18.7254,703.7309,17.8183,640.9318,16.2282,281.4122,6.1643,92.7663,2.032,85.7095,1.8775,81.8578,1.7931,76.9881,1.6864,73.2585,1.6047,66.7211,1.4615,0.0,0.0,0.0,0.0,0.0,0.0,0.0,0.0,0.0,0.0,0.0,0.0,0.0,0.0,0.0,0.0,0.0,0.0,0.0,0.0,0.0,0.0,0.0,0.0,0.0,0.0,0.0,0.0,0.0,0.0,0.0,0.0,0.0,0.0,0.0,0.5556,0.788
128,0.001,3,10,100,16,16,128,202,730,24,ContrastiveLoss,gru,/home/dpetrovitch/dzagcoffee/train_trace/age_pred/checkpoints/age_pred_2025-10-10 14:37:35.506749_ContrastiveLoss_gru_catboost/model_128_0.001_3_10_100_128_16_16_ContrastiveLoss_gruepoch=07.ckpt,7,24,0.27815259,42.9291,3.9319,0.0013,3.6949,1.2172,7.9766,0.6756,2789.956,70.6319,887.2681,22.4625,820.5036,20.7723,784.1444,19.8518,738.01,18.6838,702.7169,17.7903,640.5698,16.217,290.039,6.414,92.2389,2.0398,85.2981,1.8863,81.5183,1.8027,76.7222,1.6967,73.0532,1.6155,66.5925,1.4727,0.0,0.0,0.0,0.0,0.0,0.0,0.0,0.0,0.0,0.0,0.0,0.0,0.0,0.0,0.0,0.0,0.0,0.0,0.0,0.0,0.0,0.0,0.0,0.0,0.0,0.0,0.0,0.0,0.0,0.0,0.0,0.0,0.0,0.0,0.0,0.5411,0.7797
128,0.001,3,10,100,16,16,128,202,730,24,ContrastiveLoss,gru,/home/dpetrovitch/dzagcoffee/train_trace/age_pred/checkpoints/age_pred_2025-10-10 14:37:35.506749_ContrastiveLoss_gru_catboost/model_128_0.001_3_10_100_128_16_16_ContrastiveLoss_gruepoch=08.ckpt,8,24,0.2796125,44.2275,4.1455,0.0014,3.7276,1.243,7.9826,0.6486,2901.8079,73.461,892.9221,22.6049,826.1018,20.9133,789.7621,19.9933,743.9073,18.8325,709.0756,17.9507,648.5058,16.4173,316.5944,6.8228,97.42,2.0995,90.1298,1.9423,86.165,1.8569,81.1621,1.7491,77.3619,1.6672,70.7536,1.5248,0.0,0.0,0.0,0.0,0.0,0.0,0.0,0.0,0.0,0.0,0.0,0.0,0.0,0.0,0.0,0.0,0.0,0.0,0.0,0.0,0.0,0.0,0.0,0.0,0.0,0.0,0.0,0.0,0.0,0.0,0.0,0.0,0.0,0.0,0.0,0.5133,0.7805
128,0.001,3,10,100,16,16,128,202,730,24,ContrastiveLoss,gru,/home/dpetrovitch/dzagcoffee/train_trace/age_pred/checkpoints/age_pred_2025-10-10 14:37:35.506749_ContrastiveLoss_gru_catboost/model_128_0.001_3_10_100_128_16_16_ContrastiveLoss_gruepoch=09.ckpt,9,24,0.28525493,43.9098,4.0271,0.0012,3.7896,1.2247,8.2859,0.6673,2907.9275,73.6294,901.2237,22.8192,835.3518,21.1513,799.5731,20.2454,753.9772,19.0909,719.5287,18.2186,659.4822,16.6982,300.5027,6.5884,93.1317,2.0419,86.3245,1.8926,82.6272,1.8116,77.9154,1.7083,74.3555,1.6302,68.1503,1.4942,0.0,0.0,0.0,0.0,0.0,0.0,0.0,0.0,0.0,0.0,0.0,0.0,0.0,0.0,0.0,0.0,0.0,0.0,0.0,0.0,0.0,0.0,0.0,0.0,0.0,0.0,0.0,0.0,0.0,0.0,0.0,0.0,0.0,0.0,0.0,0.53,0.7839
128,0.001,3,10,100,16,16,128,202,730,24,ContrastiveLoss,gru,/home/dpetrovitch/dzagcoffee/train_trace/age_pred/checkpoints/age_pred_2025-10-10 14:37:35.506749_ContrastiveLoss_gru_catboost/model_128_0.001_3_10_100_128_16_16_ContrastiveLoss_gruepoch=10.ckpt,10,24,0.28561,44.0828,4.157,0.0011,3.7954,1.2224,8.21,0.6697,2929.8481,74.1768,908.1116,22.9912,842.9098,21.3405,807.3581,20.4404,761.9493,19.2908,727.4141,18.4164,667.7776,16.9065,308.5893,6.648,95.6478,2.0606,88.7804,1.9126,85.0358,1.8319,80.2531,1.7289,76.6156,1.6505,70.3344,1.5152,0.0,0.0,0.0,0.0,0.0,0.0,0.0,0.0,0.0,0.0,0.0,0.0,0.0,0.0,0.0,0.0,0.0,0.0,0.0,0.0,0.0,0.0,0.0,0.0,0.0,0.0,0.0,0.0,0.0,0.0,0.0,0.0,0.0,0.0,0.0,0.5122,0.7797
128,0.001,3,10,100,16,16,128,202,730,24,ContrastiveLoss,gru,/home/dpetrovitch/dzagcoffee/train_trace/age_pred/checkpoints/age_pred_2025-10-10 14:37:35.506749_ContrastiveLoss_gru_catboost/model_128_0.001_3_10_100_128_16_16_ContrastiveLoss_gruepoch=11.ckpt,11,24,0.28642872,44.3201,4.31,0.0012,3.8044,1.2233,8.1907,0.6686,2954.6965,74.8072,909.0505,23.0154,843.5855,21.3579,808.0405,20.458,762.4688,19.3042,727.9654,18.4307,668.5698,16.9269,304.9004,6.6199,93.8065,2.0367,87.0511,1.89,83.3831,1.8104,78.6805,1.7083,75.12,1.631,68.9909,1.4979,0.0,0.0,0.0,0.0,0.0,0.0,0.0,0.0,0.0,0.0,0.0,0.0,0.0,0.0,0.0,0.0,0.0,0.0,0.0,0.0,0.0,0.0,0.0,0.0,0.0,0.0,0.0,0.0,0.0,0.0,0.0,0.0,0.0,0.0,0.0,0.5467,0.786
128,0.001,3,10,100,16,16,128,202,730,24,ContrastiveLoss,gru,/home/dpetrovitch/dzagcoffee/train_trace/age_pred/checkpoints/age_pred_2025-10-10 14:37:35.506749_ContrastiveLoss_gru_catboost/model_128_0.001_3_10_100_128_16_16_ContrastiveLoss_gruepoch=12.ckpt,12,24,0.29064077,44.1901,3.7619,0.0012,3.8533,1.2274,8.4442,0.6642,3020.6199,76.4658,909.1057,23.0136,843.8736,21.3623,808.473,20.4662,763.3964,19.3251,729.2781,18.4614,671.013,16.9864,313.9917,6.8345,94.501,2.057,87.7202,1.9094,84.0403,1.8293,79.3546,1.7273,75.808,1.6501,69.7514,1.5183,0.0,0.0,0.0,0.0,0.0,0.0,0.0,0.0,0.0,0.0,0.0,0.0,0.0,0.0,0.0,0.0,0.0,0.0,0.0,0.0,0.0,0.0,0.0,0.0,0.0,0.0,0.0,0.0,0.0,0.0,0.0,0.0,0.0,0.0,0.0,0.5267,0.7908
128,0.001,3,10,100,16,16,128,202,730,24,ContrastiveLoss,gru,/home/dpetrovitch/dzagcoffee/train_trace/age_pred/checkpoints/age_pred_2025-10-10 14:37:35.506749_ContrastiveLoss_gru_catboost/model_128_0.001_3_10_100_128_16_16_ContrastiveLoss_gruepoch=13.ckpt,13,24,0.29782197,43.9679,3.8498,0.0012,3.8856,1.2255,8.7367,0.6662,3075.4592,77.846,909.3036,23.0163,844.0309,21.3641,808.5285,20.4655,763.3156,19.321,729.0093,18.4527,669.1823,16.9383,318.7218,6.9402,94.2347,2.052,87.4702,1.9047,83.791,1.8245,79.1054,1.7225,75.5501,1.6451,69.35,1.5101,0.0,0.0,0.0,0.0,0.0,0.0,0.0,0.0,0.0,0.0,0.0,0.0,0.0,0.0,0.0,0.0,0.0,0.0,0.0,0.0,0.0,0.0,0.0,0.0,0.0,0.0,0.0,0.0,0.0,0.0,0.0,0.0,0.0,0.0,0.0,0.5556,0.8025
128,0.001,3,10,100,16,16,128,202,730,24,ContrastiveLoss,gru,/home/dpetrovitch/dzagcoffee/train_trace/age_pred/checkpoints/age_pred_2025-10-10 14:37:35.506749_ContrastiveLoss_gru_catboost/model_128_0.001_3_10_100_128_16_16_ContrastiveLoss_gruepoch=14.ckpt,14,24,0.2974077,44.4195,3.8971,0.0012,3.8943,1.2295,8.7655,0.6622,3115.5469,78.8651,911.4358,23.0715,845.7133,21.4079,809.9512,20.5026,764.1636,19.3436,729.3082,18.4613,667.9982,16.9093,320.5362,7.0149,93.7711,2.0522,87.0094,1.9042,83.3301,1.8237,78.6193,1.7206,75.0333,1.6421,68.7255,1.5041,0.0,0.0,0.0,0.0,0.0,0.0,0.0,0.0,0.0,0.0,0.0,0.0,0.0,0.0,0.0,0.0,0.0,0.0,0.0,0.0,0.0,0.0,0.0,0.0,0.0,0.0,0.0,0.0,0.0,0.0,0.0,0.0,0.0,0.0,0.0,0.5578,0.7951
128,0.001,3,10,100,16,16,128,202,730,24,ContrastiveLoss,gru,/home/dpetrovitch/dzagcoffee/train_trace/age_pred/checkpoints/age_pred_2025-10-10 14:37:35.506749_ContrastiveLoss_gru_catboost/model_128_0.001_3_10_100_128_16_16_ContrastiveLoss_gruepoch=15.ckpt,15,24,0.29691446,45.1754,4.0206,0.0015,3.9043,1.2368,8.9712,0.6539,3156.3547,79.8861,920.9355,23.3085,855.6333,21.6557,820.0545,20.7553,774.773,19.6092,740.4601,18.7408,681.863,17.2577,335.8146,7.1916,97.9813,2.0983,91.0335,1.9495,87.2482,1.8685,82.4306,1.7653,78.7799,1.6871,72.5456,1.5536,0.0,0.0,0.0,0.0,0.0,0.0,0.0,0.0,0.0,0.0,0.0,0.0,0.0,0.0,0.0,0.0,0.0,0.0,0.0,0.0,0.0,0.0,0.0,0.0,0.0,0.0,0.0,0.0,0.0,0.0,0.0,0.0,0.0,0.0,0.0,0.5533,0.7914
128,0.001,3,10,100,16,16,128,202,730,24,ContrastiveLoss,gru,/home/dpetrovitch/dzagcoffee/train_trace/age_pred/checkpoints/age_pred_2025-10-10 14:37:35.506749_ContrastiveLoss_gru_catboost/model_128_0.001_3_10_100_128_16_16_ContrastiveLoss_gruepoch=16.ckpt,16,24,0.30446064,44.7819,3.9536,0.0016,3.9406,1.231,8.5661,0.66,3148.4282,79.6945,918.9961,23.2621,853.3024,21.5992,817.5705,20.6947,772.007,19.5414,737.2841,18.6625,677.5238,17.1498,324.4377,7.0134,94.7003,2.0472,87.9307,1.9008,84.2486,1.8212,79.5534,1.7197,75.9753,1.6424,69.8171,1.5092,0.0,0.0,0.0,0.0,0.0,0.0,0.0,0.0,0.0,0.0,0.0,0.0,0.0,0.0,0.0,0.0,0.0,0.0,0.0,0.0,0.0,0.0,0.0,0.0,0.0,0.0,0.0,0.0,0.0,0.0,0.0,0.0,0.0,0.0,0.0,0.5711,0.8066
128,0.001,3,10,100,16,16,128,202,730,24,ContrastiveLoss,gru,/home/dpetrovitch/dzagcoffee/train_trace/age_pred/checkpoints/age_pred_2025-10-10 14:37:35.506749_ContrastiveLoss_gru_catboost/model_128_0.001_3_10_100_128_16_16_ContrastiveLoss_gruepoch=17.ckpt,17,24,0.2962338,43.6446,3.8307,0.0018,3.9701,1.2175,8.2475,0.6752,3098.6128,78.4576,912.1561,23.096,846.9032,21.4438,811.3628,20.5439,766.0695,19.3971,731.5052,18.5219,672.0863,17.0174,317.16,6.9881,93.3642,2.0571,86.6852,1.91,83.0474,1.8298,78.4114,1.7277,74.8736,1.6497,68.7917,1.5157,0.0,0.0,0.0,0.0,0.0,0.0,0.0,0.0,0.0,0.0,0.0,0.0,0.0,0.0,0.0,0.0,0.0,0.0,0.0,0.0,0.0,0.0,0.0,0.0,0.0,0.0,0.0,0.0,0.0,0.0,0.0,0.0,0.0,0.0,0.0,0.5567,0.7935
128,0.001,3,10,100,16,16,128,202,730,24,ContrastiveLoss,gru,/home/dpetrovitch/dzagcoffee/train_trace/age_pred/checkpoints/age_pred_2025-10-10 14:37:35.506749_ContrastiveLoss_gru_catboost/model_128_0.001_3_10_100_128_16_16_ContrastiveLoss_gruepoch=18.ckpt,18,24,0.30395752,43.8225,3.4897,0.0017,3.9892,1.2168,8.5744,0.676,3168.5293,80.2121,917.1577,23.2181,851.3555,21.5523,815.4698,20.6438,769.8203,19.4882,735.5333,18.6202,676.7861,17.133,332.4252,7.2355,96.2233,2.0944,89.3197,1.9441,85.5548,1.8622,80.7654,1.7579,77.1682,1.6796,71.0048,1.5455,0.0,0.0,0.0,0.0,0.0,0.0,0.0,0.0,0.0,0.0,0.0,0.0,0.0,0.0,0.0,0.0,0.0,0.0,0.0,0.0,0.0,0.0,0.0,0.0,0.0,0.0,0.0,0.0,0.0,0.0,0.0,0.0,0.0,0.0,0.0,0.5533,0.797
128,0.001,3,10,100,16,16,128,202,730,24,ContrastiveLoss,gru,/home/dpetrovitch/dzagcoffee/train_trace/age_pred/checkpoints/age_pred_2025-10-10 14:37:35.506749_ContrastiveLoss_gru_catboost/model_128_0.001_3_10_100_128_16_16_ContrastiveLoss_gruepoch=19.ckpt,19,24,0.2946358,42.8125,3.8094,0.0018,4.0027,1.2046,8.6196,0.6896,3084.965,78.1171,917.4304,23.2311,852.0286,21.575,816.3359,20.6712,771.124,19.5263,736.7412,18.6557,677.7961,17.1631,320.2048,6.9958,95.2249,2.0805,88.4365,1.9322,84.7318,1.8512,80.039,1.7487,76.4703,1.6707,70.352,1.537,0.0,0.0,0.0,0.0,0.0,0.0,0.0,0.0,0.0,0.0,0.0,0.0,0.0,0.0,0.0,0.0,0.0,0.0,0.0,0.0,0.0,0.0,0.0,0.0,0.0,0.0,0.0,0.0,0.0,0.0,0.0,0.0,0.0,0.0,0.0,0.5533,0.7998
128,0.001,3,10,100,16,16,128,202,730,24,ContrastiveLoss,gru,/home/dpetrovitch/dzagcoffee/train_trace/age_pred/checkpoints/age_pred_2025-10-10 14:37:35.506749_ContrastiveLoss_gru_catboost/model_128_0.001_3_10_100_128_16_16_ContrastiveLoss_gruepoch=20.ckpt,20,24,0.31295374,45.0024,3.6543,0.0019,4.003,1.2291,8.977,0.6622,3270.2493,82.7612,929.2752,23.5174,863.7386,21.8589,827.8521,20.9507,781.9633,19.7894,747.2295,18.9104,687.2644,17.3928,351.2154,7.4932,99.8015,2.1293,92.7631,1.9791,88.9089,1.8969,83.9806,1.7917,80.2503,1.7121,73.8102,1.5747,0.0,0.0,0.0,0.0,0.0,0.0,0.0,0.0,0.0,0.0,0.0,0.0,0.0,0.0,0.0,0.0,0.0,0.0,0.0,0.0,0.0,0.0,0.0,0.0,0.0,0.0,0.0,0.0,0.0,0.0,0.0,0.0,0.0,0.0,0.0,0.5733,0.8112
128,0.001,3,10,100,16,16,128,202,730,24,ContrastiveLoss,gru,/home/dpetrovitch/dzagcoffee/train_trace/age_pred/checkpoints/age_pred_2025-10-10 14:37:35.506749_ContrastiveLoss_gru_catboost/model_128_0.001_3_10_100_128_16_16_ContrastiveLoss_gruepoch=21.ckpt,21,24,0.30576268,44.853,3.6641,0.0019,4.021,1.2291,8.9974,0.662,3266.7349,82.6743,926.3465,23.4439,861.4101,21.8005,826.2309,20.9102,781.1853,19.7702,747.0054,18.9052,688.0888,17.4141,347.6212,7.4644,98.5748,2.1167,91.6647,1.9683,87.9212,1.8879,83.1278,1.785,79.4907,1.7069,73.2212,1.5723,0.0,0.0,0.0,0.0,0.0,0.0,0.0,0.0,0.0,0.0,0.0,0.0,0.0,0.0,0.0,0.0,0.0,0.0,0.0,0.0,0.0,0.0,0.0,0.0,0.0,0.0,0.0,0.0,0.0,0.0,0.0,0.0,0.0,0.0,0.0,0.5733,0.8117
128,0.001,3,10,100,16,16,128,202,730,24,ContrastiveLoss,gru,/home/dpetrovitch/dzagcoffee/train_trace/age_pred/checkpoints/age_pred_2025-10-10 14:37:35.506749_ContrastiveLoss_gru_catboost/model_128_0.001_3_10_100_128_16_16_ContrastiveLoss_gruepoch=22.ckpt,22,24,0.30401674,44.9843,3.9449,0.002,4.0113,1.2288,8.6909,0.6622,3246.8086,82.1791,926.1392,23.4412,861.1103,21.7953,825.6059,20.8967,780.2527,19.7488,745.7101,18.8745,685.9435,17.3617,342.2673,7.3524,97.6304,2.0972,90.7753,1.95,87.0325,1.8696,82.2515,1.7669,78.6102,1.6887,72.3098,1.5533,0.0,0.0,0.0,0.0,0.0,0.0,0.0,0.0,0.0,0.0,0.0,0.0,0.0,0.0,0.0,0.0,0.0,0.0,0.0,0.0,0.0,0.0,0.0,0.0,0.0,0.0,0.0,0.0,0.0,0.0,0.0,0.0,0.0,0.0,0.0,0.58,0.8067
128,0.001,3,10,100,16,16,128,202,730,24,ContrastiveLoss,gru,/home/dpetrovitch/dzagcoffee/train_trace/age_pred/checkpoints/age_pred_2025-10-10 14:37:35.506749_ContrastiveLoss_gru_catboost/model_128_0.001_3_10_100_128_16_16_ContrastiveLoss_gruepoch=23.ckpt,23,24,0.3010476,45.2224,3.7908,0.002,3.9804,1.2326,8.5221,0.6585,3234.0334,81.8842,925.8382,23.4418,860.0319,21.7756,824.2386,20.8693,778.502,19.7113,743.481,18.8246,682.4622,17.2796,340.4828,7.3805,97.4733,2.1129,90.5451,1.9627,86.7768,1.881,81.9616,1.7766,78.2745,1.6967,71.8504,1.5575,0.0,0.0,0.0,0.0,0.0,0.0,0.0,0.0,0.0,0.0,0.0,0.0,0.0,0.0,0.0,0.0,0.0,0.0,0.0,0.0,0.0,0.0,0.0,0.0,0.0,0.0,0.0,0.0,0.0,0.0,0.0,0.0,0.0,0.0,0.0,0.5389,0.7961
128,0.001,3,10,100,16,16,256,202,730,24,ContrastiveLoss,gru,/home/dpetrovitch/dzagcoffee/train_trace/age_pred/checkpoints/age_pred_2025-10-10 14:37:35.506749_ContrastiveLoss_gru_catboost/model_128_0.001_3_10_100_256_16_16_ContrastiveLoss_gruepoch=00.ckpt,0,24,0.11311355,52.4985,4.3657,0.0007,4.1069,1.1382,5.4845,0.7763,1797.5664,46.1298,774.3113,19.8707,696.986,17.8863,654.9414,16.8073,600.7256,15.416,558.5336,14.3333,481.6552,12.3604,110.1765,3.2761,47.4591,1.4112,42.7197,1.2703,40.1427,1.1936,36.8197,1.0948,34.2337,1.0179,29.5216,0.8778,0.0,0.0,0.0,0.0,0.0,0.0,0.0,0.0,0.0,0.0,0.0,0.0,0.0,0.0,0.0,0.0,0.0,0.0,0.0,0.0,0.0,0.0,0.0,0.0,0.0,0.0,0.0,0.0,0.0,0.0,0.0,0.0,0.0,0.0,0.0,0.4711,0.7279
128,0.001,3,10,100,16,16,256,202,730,24,ContrastiveLoss,gru,/home/dpetrovitch/dzagcoffee/train_trace/age_pred/checkpoints/age_pred_2025-10-10 14:37:35.506749_ContrastiveLoss_gru_catboost/model_128_0.001_3_10_100_256_16_16_ContrastiveLoss_gruepoch=01.ckpt,1,24,0.17602786,59.402,3.6528,0.0008,4.0538,1.1565,6.2773,0.7504,2321.3254,59.0328,849.2465,21.5969,775.4221,19.7195,735.456,18.7031,684.1654,17.3988,644.6905,16.3949,577.3934,14.6835,165.3438,4.3816,60.4903,1.603,55.2319,1.4637,52.3852,1.3882,48.7319,1.2914,45.9201,1.2169,41.1267,1.0899,0.0,0.0,0.0,0.0,0.0,0.0,0.0,0.0,0.0,0.0,0.0,0.0,0.0,0.0,0.0,0.0,0.0,0.0,0.0,0.0,0.0,0.0,0.0,0.0,0.0,0.0,0.0,0.0,0.0,0.0,0.0,0.0,0.0,0.0,0.0,0.4822,0.7512
128,0.001,3,10,100,16,16,256,202,730,24,ContrastiveLoss,gru,/home/dpetrovitch/dzagcoffee/train_trace/age_pred/checkpoints/age_pred_2025-10-10 14:37:35.506749_ContrastiveLoss_gru_catboost/model_128_0.001_3_10_100_256_16_16_ContrastiveLoss_gruepoch=02.ckpt,2,24,0.21414338,61.0836,3.2805,0.0007,4.0212,1.1664,6.6907,0.737,2689.7495,68.2381,866.6167,21.9858,797.2273,20.2254,759.3698,19.265,711.2688,18.0447,675.3247,17.1328,614.0043,15.5771,221.0738,5.4832,71.2283,1.7667,65.5251,1.6252,62.4135,1.548,58.4601,1.45,55.5058,1.3767,50.4658,1.2517,0.0,0.0,0.0,0.0,0.0,0.0,0.0,0.0,0.0,0.0,0.0,0.0,0.0,0.0,0.0,0.0,0.0,0.0,0.0,0.0,0.0,0.0,0.0,0.0,0.0,0.0,0.0,0.0,0.0,0.0,0.0,0.0,0.0,0.0,0.0,0.5044,0.7478
128,0.001,3,10,100,16,16,256,202,730,24,ContrastiveLoss,gru,/home/dpetrovitch/dzagcoffee/train_trace/age_pred/checkpoints/age_pred_2025-10-10 14:37:35.506749_ContrastiveLoss_gru_catboost/model_128_0.001_3_10_100_256_16_16_ContrastiveLoss_gruepoch=03.ckpt,3,24,0.24794821,62.3283,3.9319,0.0006,3.956,1.171,7.2354,0.7309,2977.5542,75.456,888.7548,22.5225,820.612,20.7956,783.3161,19.8505,736.5327,18.6649,701.055,17.7659,639.1278,16.1965,277.5965,6.4168,82.8583,1.9153,76.5054,1.7685,73.0283,1.6881,68.6667,1.5873,65.3591,1.5108,59.5857,1.3774,0.0,0.0,0.0,0.0,0.0,0.0,0.0,0.0,0.0,0.0,0.0,0.0,0.0,0.0,0.0,0.0,0.0,0.0,0.0,0.0,0.0,0.0,0.0,0.0,0.0,0.0,0.0,0.0,0.0,0.0,0.0,0.0,0.0,0.0,0.0,0.53,0.7671
128,0.001,3,10,100,16,16,256,202,730,24,ContrastiveLoss,gru,/home/dpetrovitch/dzagcoffee/train_trace/age_pred/checkpoints/age_pred_2025-10-10 14:37:35.506749_ContrastiveLoss_gru_catboost/model_128_0.001_3_10_100_256_16_16_ContrastiveLoss_gruepoch=04.ckpt,4,24,0.24896425,63.8499,3.79,0.0004,3.9668,1.1824,7.7454,0.7166,3180.7302,80.5773,900.0901,22.8019,832.6256,21.0929,795.8151,20.1603,749.4856,18.9867,714.9558,18.1119,655.7849,16.613,301.3775,6.8828,85.2845,1.9477,78.8922,1.8017,75.4043,1.7221,71.0146,1.6218,67.7428,1.5471,62.1363,1.4191,0.0,0.0,0.0,0.0,0.0,0.0,0.0,0.0,0.0,0.0,0.0,0.0,0.0,0.0,0.0,0.0,0.0,0.0,0.0,0.0,0.0,0.0,0.0,0.0,0.0,0.0,0.0,0.0,0.0,0.0,0.0,0.0,0.0,0.0,0.0,0.5422,0.7799
128,0.001,3,10,100,16,16,256,202,730,24,ContrastiveLoss,gru,/home/dpetrovitch/dzagcoffee/train_trace/age_pred/checkpoints/age_pred_2025-10-10 14:37:35.506749_ContrastiveLoss_gru_catboost/model_128_0.001_3_10_100_256_16_16_ContrastiveLoss_gruepoch=05.ckpt,5,24,0.27485797,65.591,3.6989,0.0004,3.9509,1.1907,7.8984,0.7073,3389.724,85.855,919.0906,23.2787,850.6015,21.544,812.9849,20.5913,764.5221,19.3638,726.6598,18.4048,658.3217,16.674,328.3788,7.3056,89.0367,1.9808,82.4018,1.8332,78.7577,1.7522,74.0629,1.6477,70.395,1.5661,63.7748,1.4188,0.0,0.0,0.0,0.0,0.0,0.0,0.0,0.0,0.0,0.0,0.0,0.0,0.0,0.0,0.0,0.0,0.0,0.0,0.0,0.0,0.0,0.0,0.0,0.0,0.0,0.0,0.0,0.0,0.0,0.0,0.0,0.0,0.0,0.0,0.0,0.5322,0.7935
128,0.001,3,10,100,16,16,256,202,730,24,ContrastiveLoss,gru,/home/dpetrovitch/dzagcoffee/train_trace/age_pred/checkpoints/age_pred_2025-10-10 14:37:35.506749_ContrastiveLoss_gru_catboost/model_128_0.001_3_10_100_256_16_16_ContrastiveLoss_gruepoch=06.ckpt,6,24,0.27922785,66.8704,3.5095,0.0006,3.9287,1.2053,8.2858,0.6904,3607.8672,91.3898,923.0204,23.3808,854.7315,21.651,817.1003,20.6977,768.4523,19.4654,730.7117,18.5094,663.0936,16.7966,357.3281,7.7769,91.4172,1.9896,84.6538,1.8424,80.9267,1.7613,76.1086,1.6564,72.3707,1.5751,65.6737,1.4293,0.0,0.0,0.0,0.0,0.0,0.0,0.0,0.0,0.0,0.0,0.0,0.0,0.0,0.0,0.0,0.0,0.0,0.0,0.0,0.0,0.0,0.0,0.0,0.0,0.0,0.0,0.0,0.0,0.0,0.0,0.0,0.0,0.0,0.0,0.0,0.5489,0.7947
128,0.001,3,10,100,16,16,256,202,730,24,ContrastiveLoss,gru,/home/dpetrovitch/dzagcoffee/train_trace/age_pred/checkpoints/age_pred_2025-10-10 14:37:35.506749_ContrastiveLoss_gru_catboost/model_128_0.001_3_10_100_256_16_16_ContrastiveLoss_gruepoch=07.ckpt,7,24,0.28005642,62.4787,3.9285,0.0004,4.01,1.1775,8.7199,0.7225,3618.3977,91.6035,926.0596,23.4442,860.7193,21.79,824.8956,20.8831,778.7793,19.7156,743.5502,18.8238,681.4784,17.2523,369.7748,7.9684,94.6368,2.0394,87.9595,1.8955,84.2985,1.8166,79.5858,1.715,75.9856,1.6374,69.6423,1.5007,0.0,0.0,0.0,0.0,0.0,0.0,0.0,0.0,0.0,0.0,0.0,0.0,0.0,0.0,0.0,0.0,0.0,0.0,0.0,0.0,0.0,0.0,0.0,0.0,0.0,0.0,0.0,0.0,0.0,0.0,0.0,0.0,0.0,0.0,0.0,0.5678,0.8037
128,0.001,3,10,100,16,16,256,202,730,24,ContrastiveLoss,gru,/home/dpetrovitch/dzagcoffee/train_trace/age_pred/checkpoints/age_pred_2025-10-10 14:37:35.506749_ContrastiveLoss_gru_catboost/model_128_0.001_3_10_100_256_16_16_ContrastiveLoss_gruepoch=08.ckpt,8,24,0.2857382,65.2373,2.7279,0.0004,3.9905,1.1956,8.5422,0.7015,3781.8704,95.7756,934.4513,23.6649,868.8906,22.0046,832.8447,21.0917,786.261,19.912,750.2518,19.0001,685.6379,17.3637,391.3826,8.3877,96.7056,2.0725,89.9208,1.9271,86.1904,1.8471,81.3695,1.7438,77.6429,1.664,70.9561,1.5206,0.0,0.0,0.0,0.0,0.0,0.0,0.0,0.0,0.0,0.0,0.0,0.0,0.0,0.0,0.0,0.0,0.0,0.0,0.0,0.0,0.0,0.0,0.0,0.0,0.0,0.0,0.0,0.0,0.0,0.0,0.0,0.0,0.0,0.0,0.0,0.5556,0.7987
128,0.001,3,10,100,16,16,256,202,730,24,ContrastiveLoss,gru,/home/dpetrovitch/dzagcoffee/train_trace/age_pred/checkpoints/age_pred_2025-10-10 14:37:35.506749_ContrastiveLoss_gru_catboost/model_128_0.001_3_10_100_256_16_16_ContrastiveLoss_gruepoch=09.ckpt,9,24,0.3020636,66.9734,2.7651,0.0004,3.9682,1.2072,7.8897,0.688,3922.1067,99.2915,934.5763,23.6596,867.8086,21.9693,830.6721,21.0292,782.6685,19.8139,745.3908,18.8702,678.4957,17.1767,407.4595,8.7212,97.0912,2.0781,90.1548,1.9297,86.2968,1.8471,81.3098,1.7403,77.4371,1.6574,70.4875,1.5087,0.0,0.0,0.0,0.0,0.0,0.0,0.0,0.0,0.0,0.0,0.0,0.0,0.0,0.0,0.0,0.0,0.0,0.0,0.0,0.0,0.0,0.0,0.0,0.0,0.0,0.0,0.0,0.0,0.0,0.0,0.0,0.0,0.0,0.0,0.0,0.5611,0.8003
128,0.001,3,10,100,16,16,256,202,730,24,ContrastiveLoss,gru,/home/dpetrovitch/dzagcoffee/train_trace/age_pred/checkpoints/age_pred_2025-10-10 14:37:35.506749_ContrastiveLoss_gru_catboost/model_128_0.001_3_10_100_256_16_16_ContrastiveLoss_gruepoch=10.ckpt,10,24,0.293314,62.9553,3.794,0.0002,4.0701,1.1807,8.3745,0.7187,3834.494,97.0826,935.8618,23.6944,871.6347,22.0682,836.1101,21.1688,790.3747,20.0109,754.6806,19.1072,691.3407,17.5035,401.6605,8.6467,98.0309,2.1104,91.3031,1.9655,87.5819,1.8854,82.7912,1.7823,79.0523,1.7018,72.4174,1.559,0.0,0.0,0.0,0.0,0.0,0.0,0.0,0.0,0.0,0.0,0.0,0.0,0.0,0.0,0.0,0.0,0.0,0.0,0.0,0.0,0.0,0.0,0.0,0.0,0.0,0.0,0.0,0.0,0.0,0.0,0.0,0.0,0.0,0.0,0.0,0.5622,0.8053
128,0.001,3,10,100,16,16,256,202,730,24,ContrastiveLoss,gru,/home/dpetrovitch/dzagcoffee/train_trace/age_pred/checkpoints/age_pred_2025-10-10 14:37:35.506749_ContrastiveLoss_gru_catboost/model_128_0.001_3_10_100_256_16_16_ContrastiveLoss_gruepoch=11.ckpt,11,24,0.3071437,67.402,3.7945,0.0003,4.0113,1.2082,8.5159,0.6863,4054.2395,102.6364,941.8885,23.8447,876.2268,22.1824,839.8436,21.2613,792.5176,20.0632,755.6275,19.1293,689.4248,17.4534,422.2128,8.9713,98.0893,2.0842,91.2512,1.9389,87.4622,1.8584,82.5336,1.7537,78.6919,1.6721,71.7974,1.5256,0.0,0.0,0.0,0.0,0.0,0.0,0.0,0.0,0.0,0.0,0.0,0.0,0.0,0.0,0.0,0.0,0.0,0.0,0.0,0.0,0.0,0.0,0.0,0.0,0.0,0.0,0.0,0.0,0.0,0.0,0.0,0.0,0.0,0.0,0.0,0.5744,0.799
128,0.001,3,10,100,16,16,256,202,730,24,ContrastiveLoss,gru,/home/dpetrovitch/dzagcoffee/train_trace/age_pred/checkpoints/age_pred_2025-10-10 14:37:35.506749_ContrastiveLoss_gru_catboost/model_128_0.001_3_10_100_256_16_16_ContrastiveLoss_gruepoch=12.ckpt,12,24,0.311553,66.0549,3.4819,0.0003,4.0563,1.2012,8.6264,0.6949,4062.4312,102.8588,940.1387,23.8039,874.1458,22.133,837.7111,21.2105,790.3777,20.012,753.7536,19.0847,688.2855,17.4271,410.9066,8.8923,95.0931,2.0579,88.4181,1.9134,84.7328,1.8337,79.9451,1.7301,76.2406,1.6499,69.6187,1.5066,0.0,0.0,0.0,0.0,0.0,0.0,0.0,0.0,0.0,0.0,0.0,0.0,0.0,0.0,0.0,0.0,0.0,0.0,0.0,0.0,0.0,0.0,0.0,0.0,0.0,0.0,0.0,0.0,0.0,0.0,0.0,0.0,0.0,0.0,0.0,0.5711,0.8069
128,0.001,3,10,100,16,16,256,202,730,24,ContrastiveLoss,gru,/home/dpetrovitch/dzagcoffee/train_trace/age_pred/checkpoints/age_pred_2025-10-10 14:37:35.506749_ContrastiveLoss_gru_catboost/model_128_0.001_3_10_100_256_16_16_ContrastiveLoss_gruepoch=13.ckpt,13,24,0.3072325,66.666,3.9995,0.0002,4.07,1.2006,8.7604,0.6949,4098.098,103.7473,948.0304,24.0003,883.1659,22.3582,847.0468,21.4438,800.0822,20.2549,763.4961,19.3286,697.7701,17.6647,415.1789,8.9439,96.0451,2.069,89.4737,1.9275,85.8144,1.8486,81.0564,1.7461,77.3499,1.6663,70.6912,1.5229,0.0,0.0,0.0,0.0,0.0,0.0,0.0,0.0,0.0,0.0,0.0,0.0,0.0,0.0,0.0,0.0,0.0,0.0,0.0,0.0,0.0,0.0,0.0,0.0,0.0,0.0,0.0,0.0,0.0,0.0,0.0,0.0,0.0,0.0,0.0,0.5756,0.8016
128,0.001,3,10,100,16,16,256,202,730,24,ContrastiveLoss,gru,/home/dpetrovitch/dzagcoffee/train_trace/age_pred/checkpoints/age_pred_2025-10-10 14:37:35.506749_ContrastiveLoss_gru_catboost/model_128_0.001_3_10_100_256_16_16_ContrastiveLoss_gruepoch=14.ckpt,14,24,0.3106159,65.5884,4.8055,0.0002,4.112,1.1931,9.4233,0.7039,4086.1147,103.4239,952.3117,24.104,888.2687,22.483,852.9885,21.59,807.388,20.4358,771.9877,19.5398,707.922,17.9183,420.5076,8.9394,98.0037,2.0834,91.4129,1.9433,87.7822,1.8661,83.0894,1.7664,79.4463,1.6889,72.8532,1.5488,0.0,0.0,0.0,0.0,0.0,0.0,0.0,0.0,0.0,0.0,0.0,0.0,0.0,0.0,0.0,0.0,0.0,0.0,0.0,0.0,0.0,0.0,0.0,0.0,0.0,0.0,0.0,0.0,0.0,0.0,0.0,0.0,0.0,0.0,0.0,0.5711,0.8075
128,0.001,3,10,100,16,16,256,202,730,24,ContrastiveLoss,gru,/home/dpetrovitch/dzagcoffee/train_trace/age_pred/checkpoints/age_pred_2025-10-10 14:37:35.506749_ContrastiveLoss_gru_catboost/model_128_0.001_3_10_100_256_16_16_ContrastiveLoss_gruepoch=15.ckpt,15,24,0.2987393,66.0276,5.0645,1e-04,4.1183,1.1925,8.6906,0.7044,4088.5037,103.4974,951.6896,24.0913,887.5694,22.4681,852.1781,21.5722,806.2695,20.4101,770.8482,19.5134,707.2805,17.9043,410.9046,8.7843,95.6471,2.0447,89.2029,1.907,85.646,1.8309,81.0321,1.7323,77.4721,1.6562,71.0834,1.5196,0.0,0.0,0.0,0.0,0.0,0.0,0.0,0.0,0.0,0.0,0.0,0.0,0.0,0.0,0.0,0.0,0.0,0.0,0.0,0.0,0.0,0.0,0.0,0.0,0.0,0.0,0.0,0.0,0.0,0.0,0.0,0.0,0.0,0.0,0.0,0.5722,0.8032
128,0.001,3,10,100,16,16,256,202,730,24,ContrastiveLoss,gru,/home/dpetrovitch/dzagcoffee/train_trace/age_pred/checkpoints/age_pred_2025-10-10 14:37:35.506749_ContrastiveLoss_gru_catboost/model_128_0.001_3_10_100_256_16_16_ContrastiveLoss_gruepoch=16.ckpt,16,24,0.32025334,65.8258,3.0856,0.0002,4.1179,1.189,9.6678,0.7086,4146.125,104.9504,955.7856,24.1937,892.3151,22.5871,857.1653,21.6973,811.5682,20.5431,775.9496,19.6415,712.473,18.0348,417.8788,8.8471,96.3315,2.0395,89.9345,1.904,86.3918,1.829,81.7962,1.7317,78.2062,1.6557,71.8086,1.5203,0.0,0.0,0.0,0.0,0.0,0.0,0.0,0.0,0.0,0.0,0.0,0.0,0.0,0.0,0.0,0.0,0.0,0.0,0.0,0.0,0.0,0.0,0.0,0.0,0.0,0.0,0.0,0.0,0.0,0.0,0.0,0.0,0.0,0.0,0.0,0.5733,0.8119
128,0.001,3,10,100,16,16,256,202,730,24,ContrastiveLoss,gru,/home/dpetrovitch/dzagcoffee/train_trace/age_pred/checkpoints/age_pred_2025-10-10 14:37:35.506749_ContrastiveLoss_gru_catboost/model_128_0.001_3_10_100_256_16_16_ContrastiveLoss_gruepoch=17.ckpt,17,24,0.31474906,67.1281,3.6835,1e-04,4.1298,1.1939,9.4139,0.703,4210.155,106.565,963.3867,24.3847,899.6992,22.7727,864.1102,21.8719,817.7689,20.6989,781.0363,19.7691,714.5965,18.0875,430.1648,9.0544,98.4323,2.0719,91.9251,1.9349,88.2889,1.8584,83.554,1.7587,79.8009,1.6797,73.0126,1.5368,0.0,0.0,0.0,0.0,0.0,0.0,0.0,0.0,0.0,0.0,0.0,0.0,0.0,0.0,0.0,0.0,0.0,0.0,0.0,0.0,0.0,0.0,0.0,0.0,0.0,0.0,0.0,0.0,0.0,0.0,0.0,0.0,0.0,0.0,0.0,0.5867,0.8084
128,0.001,3,10,100,16,16,256,202,730,24,ContrastiveLoss,gru,/home/dpetrovitch/dzagcoffee/train_trace/age_pred/checkpoints/age_pred_2025-10-10 14:37:35.506749_ContrastiveLoss_gru_catboost/model_128_0.001_3_10_100_256_16_16_ContrastiveLoss_gruepoch=18.ckpt,18,24,0.32535315,67.007,3.6775,0.0002,4.1332,1.1932,9.1744,0.7036,4238.8965,107.2806,963.2332,24.3781,899.7263,22.7708,864.4589,21.8783,818.1933,20.7073,781.426,19.7768,714.2874,18.0776,435.0645,9.1361,98.8627,2.0761,92.3446,1.9392,88.7248,1.8632,83.9763,1.7634,80.2026,1.6842,73.3118,1.5395,0.0,0.0,0.0,0.0,0.0,0.0,0.0,0.0,0.0,0.0,0.0,0.0,0.0,0.0,0.0,0.0,0.0,0.0,0.0,0.0,0.0,0.0,0.0,0.0,0.0,0.0,0.0,0.0,0.0,0.0,0.0,0.0,0.0,0.0,0.0,0.5667,0.8082
128,0.001,3,10,100,16,16,256,202,730,24,ContrastiveLoss,gru,/home/dpetrovitch/dzagcoffee/train_trace/age_pred/checkpoints/age_pred_2025-10-10 14:37:35.506749_ContrastiveLoss_gru_catboost/model_128_0.001_3_10_100_256_16_16_ContrastiveLoss_gruepoch=19.ckpt,19,24,0.3133582,69.5637,3.8547,1e-04,4.1023,1.2144,8.6135,0.6798,4325.838,109.5112,962.4918,24.3661,898.0423,22.7345,862.145,21.8257,814.6679,20.6238,776.4749,19.6569,706.4342,17.8838,423.6392,9.0272,94.259,2.0085,87.9473,1.874,84.4318,1.7991,79.7823,1.7001,76.0419,1.6204,69.1827,1.4742,0.0,0.0,0.0,0.0,0.0,0.0,0.0,0.0,0.0,0.0,0.0,0.0,0.0,0.0,0.0,0.0,0.0,0.0,0.0,0.0,0.0,0.0,0.0,0.0,0.0,0.0,0.0,0.0,0.0,0.0,0.0,0.0,0.0,0.0,0.0,0.5656,0.8026
128,0.001,3,10,100,16,16,256,202,730,24,ContrastiveLoss,gru,/home/dpetrovitch/dzagcoffee/train_trace/age_pred/checkpoints/age_pred_2025-10-10 14:37:35.506749_ContrastiveLoss_gru_catboost/model_128_0.001_3_10_100_256_16_16_ContrastiveLoss_gruepoch=20.ckpt,20,24,0.29702294,67.595,4.1203,1e-04,4.1292,1.1988,9.0076,0.6968,4204.306,106.4174,960.4526,24.3105,897.2173,22.7099,862.3665,21.8278,817.0584,20.681,781.9876,19.7933,717.2815,18.1555,413.5839,8.7872,94.4812,2.0074,88.2606,1.8752,84.8323,1.8024,80.3753,1.7077,76.9253,1.6344,70.5601,1.4991,0.0,0.0,0.0,0.0,0.0,0.0,0.0,0.0,0.0,0.0,0.0,0.0,0.0,0.0,0.0,0.0,0.0,0.0,0.0,0.0,0.0,0.0,0.0,0.0,0.0,0.0,0.0,0.0,0.0,0.0,0.0,0.0,0.0,0.0,0.0,0.5644,0.8089
128,0.001,3,10,100,16,16,256,202,730,24,ContrastiveLoss,gru,/home/dpetrovitch/dzagcoffee/train_trace/age_pred/checkpoints/age_pred_2025-10-10 14:37:35.506749_ContrastiveLoss_gru_catboost/model_128_0.001_3_10_100_256_16_16_ContrastiveLoss_gruepoch=21.ckpt,21,24,0.31501535,68.2543,3.4252,1e-04,4.1345,1.2011,9.1632,0.6942,4315.253,109.2051,966.221,24.4519,903.4696,22.8639,868.5311,21.9797,823.1929,20.8323,787.314,19.9244,721.3611,18.2553,439.721,9.1563,98.4572,2.0502,92.0629,1.917,88.5027,1.8429,83.8827,1.7467,80.2267,1.6706,73.5062,1.5306,0.0,0.0,0.0,0.0,0.0,0.0,0.0,0.0,0.0,0.0,0.0,0.0,0.0,0.0,0.0,0.0,0.0,0.0,0.0,0.0,0.0,0.0,0.0,0.0,0.0,0.0,0.0,0.0,0.0,0.0,0.0,0.0,0.0,0.0,0.0,0.5567,0.8066
128,0.001,3,10,100,16,16,256,202,730,24,ContrastiveLoss,gru,/home/dpetrovitch/dzagcoffee/train_trace/age_pred/checkpoints/age_pred_2025-10-10 14:37:35.506749_ContrastiveLoss_gru_catboost/model_128_0.001_3_10_100_256_16_16_ContrastiveLoss_gruepoch=22.ckpt,22,24,0.31737295,69.3575,3.3998,1e-04,4.1239,1.2102,8.0575,0.6844,4397.4844,111.2919,964.0222,24.3975,899.2363,22.7579,862.8006,21.8358,814.8435,20.6221,776.4295,19.6499,706.1479,17.8712,441.3272,9.2137,96.7483,2.0198,90.2465,1.8841,86.5898,1.8078,81.7769,1.7073,77.9217,1.6268,70.8683,1.4795,0.0,0.0,0.0,0.0,0.0,0.0,0.0,0.0,0.0,0.0,0.0,0.0,0.0,0.0,0.0,0.0,0.0,0.0,0.0,0.0,0.0,0.0,0.0,0.0,0.0,0.0,0.0,0.0,0.0,0.0,0.0,0.0,0.0,0.0,0.0,0.5811,0.8143
128,0.001,3,10,100,16,16,256,202,730,24,ContrastiveLoss,gru,/home/dpetrovitch/dzagcoffee/train_trace/age_pred/checkpoints/age_pred_2025-10-10 14:37:35.506749_ContrastiveLoss_gru_catboost/model_128_0.001_3_10_100_256_16_16_ContrastiveLoss_gruepoch=23.ckpt,23,24,0.32036182,68.968,3.681,1e-04,4.1296,1.2066,8.4693,0.6883,4414.999,111.7201,963.4697,24.3803,900.043,22.7753,864.5964,21.8783,818.3329,20.7076,781.4874,19.7753,713.6499,18.0587,452.4238,9.4373,98.7308,2.0595,92.2312,1.9239,88.5989,1.8481,83.8581,1.7492,80.0823,1.6705,73.1307,1.5255,0.0,0.0,0.0,0.0,0.0,0.0,0.0,0.0,0.0,0.0,0.0,0.0,0.0,0.0,0.0,0.0,0.0,0.0,0.0,0.0,0.0,0.0,0.0,0.0,0.0,0.0,0.0,0.0,0.0,0.0,0.0,0.0,0.0,0.0,0.0,0.5867,0.8178
128,0.001,3,10,100,16,16,512,202,730,24,ContrastiveLoss,gru,/home/dpetrovitch/dzagcoffee/train_trace/age_pred/checkpoints/age_pred_2025-10-10 14:37:35.506749_ContrastiveLoss_gru_catboost/model_128_0.001_3_10_100_512_16_16_ContrastiveLoss_gruepoch=00.ckpt,0,24,0.119771935,73.2199,2.8492,0.0002,4.7694,1.1389,6.8656,0.7743,2438.1836,62.1843,833.6958,21.2629,754.9862,19.2554,712.0206,18.1596,656.9117,16.7541,614.5291,15.6732,542.2081,13.8287,150.913,4.1356,51.6022,1.4141,46.7304,1.2806,44.071,1.2077,40.66,1.1142,38.0367,1.0424,33.5603,0.9197,0.0,0.0,0.0,0.0,0.0,0.0,0.0,0.0,0.0,0.0,0.0,0.0,0.0,0.0,0.0,0.0,0.0,0.0,0.0,0.0,0.0,0.0,0.0,0.0,0.0,0.0,0.0,0.0,0.0,0.0,0.0,0.0,0.0,0.0,0.0,0.4711,0.7227
128,0.001,3,10,100,16,16,512,202,730,24,ContrastiveLoss,gru,/home/dpetrovitch/dzagcoffee/train_trace/age_pred/checkpoints/age_pred_2025-10-10 14:37:35.506749_ContrastiveLoss_gru_catboost/model_128_0.001_3_10_100_512_16_16_ContrastiveLoss_gruepoch=01.ckpt,1,24,0.18677005,91.9284,2.8853,0.0003,4.7874,1.1614,6.8609,0.7449,3285.7935,83.3579,913.4645,23.1739,837.5118,21.247,795.5304,20.182,740.3377,18.7818,697.2899,17.6897,620.2518,15.7353,242.1391,5.8824,67.3157,1.6353,61.7185,1.4994,58.6248,1.4242,54.5575,1.3254,51.3852,1.2483,45.7081,1.1104,0.0,0.0,0.0,0.0,0.0,0.0,0.0,0.0,0.0,0.0,0.0,0.0,0.0,0.0,0.0,0.0,0.0,0.0,0.0,0.0,0.0,0.0,0.0,0.0,0.0,0.0,0.0,0.0,0.0,0.0,0.0,0.0,0.0,0.0,0.0,0.48,0.7412
128,0.001,3,10,100,16,16,512,202,730,24,ContrastiveLoss,gru,/home/dpetrovitch/dzagcoffee/train_trace/age_pred/checkpoints/age_pred_2025-10-10 14:37:35.506749_ContrastiveLoss_gru_catboost/model_128_0.001_3_10_100_512_16_16_ContrastiveLoss_gruepoch=02.ckpt,2,24,0.23398042,97.6003,2.8461,0.0003,4.6907,1.1649,8.0508,0.7401,3738.8696,94.7189,932.8566,23.6326,857.9482,21.7349,816.2748,20.6792,761.796,19.299,719.0015,18.2149,644.1512,16.3187,293.3143,6.8402,73.1826,1.7066,67.306,1.5696,64.0368,1.4934,59.7629,1.3937,56.4057,1.3154,50.5337,1.1785,0.0,0.0,0.0,0.0,0.0,0.0,0.0,0.0,0.0,0.0,0.0,0.0,0.0,0.0,0.0,0.0,0.0,0.0,0.0,0.0,0.0,0.0,0.0,0.0,0.0,0.0,0.0,0.0,0.0,0.0,0.0,0.0,0.0,0.0,0.0,0.4956,0.7544
128,0.001,3,10,100,16,16,512,202,730,24,ContrastiveLoss,gru,/home/dpetrovitch/dzagcoffee/train_trace/age_pred/checkpoints/age_pred_2025-10-10 14:37:35.506749_ContrastiveLoss_gru_catboost/model_128_0.001_3_10_100_512_16_16_ContrastiveLoss_gruepoch=03.ckpt,3,24,0.26432294,98.39,2.8555,0.0003,4.5547,1.1795,8.5785,0.7213,4068.0525,103.0194,937.5126,23.7416,867.6452,21.9723,828.8782,20.9905,778.4194,19.7127,739.1262,18.7176,668.1612,16.9205,349.424,7.9984,80.5273,1.8433,74.5261,1.7059,71.1962,1.6297,66.8621,1.5305,63.487,1.4532,57.3915,1.3137,0.0,0.0,0.0,0.0,0.0,0.0,0.0,0.0,0.0,0.0,0.0,0.0,0.0,0.0,0.0,0.0,0.0,0.0,0.0,0.0,0.0,0.0,0.0,0.0,0.0,0.0,0.0,0.0,0.0,0.0,0.0,0.0,0.0,0.0,0.0,0.5378,0.7783
128,0.001,3,10,100,16,16,512,202,730,24,ContrastiveLoss,gru,/home/dpetrovitch/dzagcoffee/train_trace/age_pred/checkpoints/age_pred_2025-10-10 14:37:35.506749_ContrastiveLoss_gru_catboost/model_128_0.001_3_10_100_512_16_16_ContrastiveLoss_gruepoch=04.ckpt,4,24,0.26978767,96.2092,2.6737,0.0002,4.4599,1.1797,8.274,0.7208,4172.7085,105.6109,932.7386,23.6075,864.0262,21.8684,826.0389,20.907,777.1908,19.6706,739.6369,18.7201,674.2916,17.0663,398.067,8.7318,88.9812,1.9518,82.4262,1.8081,78.8023,1.7286,74.1423,1.6263,70.5597,1.5478,64.3259,1.411,0.0,0.0,0.0,0.0,0.0,0.0,0.0,0.0,0.0,0.0,0.0,0.0,0.0,0.0,0.0,0.0,0.0,0.0,0.0,0.0,0.0,0.0,0.0,0.0,0.0,0.0,0.0,0.0,0.0,0.0,0.0,0.0,0.0,0.0,0.0,0.5544,0.7879
128,0.001,3,10,100,16,16,512,202,730,24,ContrastiveLoss,gru,/home/dpetrovitch/dzagcoffee/train_trace/age_pred/checkpoints/age_pred_2025-10-10 14:37:35.506749_ContrastiveLoss_gru_catboost/model_128_0.001_3_10_100_512_16_16_ContrastiveLoss_gruepoch=05.ckpt,5,24,0.27978018,96.845,2.6038,0.0002,4.3602,1.2029,8.1157,0.6937,4285.884,108.525,936.9104,23.724,868.3115,21.9869,830.2933,21.0243,780.9894,19.7758,742.4274,18.7994,674.9829,17.0916,408.9444,9.0314,89.3968,1.9743,82.8513,1.8298,79.2237,1.7496,74.5193,1.6457,70.8399,1.5645,64.4046,1.4224,0.0,0.0,0.0,0.0,0.0,0.0,0.0,0.0,0.0,0.0,0.0,0.0,0.0,0.0,0.0,0.0,0.0,0.0,0.0,0.0,0.0,0.0,0.0,0.0,0.0,0.0,0.0,0.0,0.0,0.0,0.0,0.0,0.0,0.0,0.0,0.5544,0.7891
128,0.001,3,10,100,16,16,512,202,730,24,ContrastiveLoss,gru,/home/dpetrovitch/dzagcoffee/train_trace/age_pred/checkpoints/age_pred_2025-10-10 14:37:35.506749_ContrastiveLoss_gru_catboost/model_128_0.001_3_10_100_512_16_16_ContrastiveLoss_gruepoch=06.ckpt,6,24,0.2855311,92.7167,2.8292,0.0002,4.3778,1.1902,7.7623,0.7081,4424.9336,112.0043,937.5215,23.7306,870.0354,22.0224,832.6988,21.0773,784.0959,19.8471,745.7922,18.8776,676.1091,17.1137,427.2513,9.3426,90.5228,1.9794,84.0066,1.837,80.4016,1.7581,75.7087,1.6555,72.0103,1.5746,65.282,1.4275,0.0,0.0,0.0,0.0,0.0,0.0,0.0,0.0,0.0,0.0,0.0,0.0,0.0,0.0,0.0,0.0,0.0,0.0,0.0,0.0,0.0,0.0,0.0,0.0,0.0,0.0,0.0,0.0,0.0,0.0,0.0,0.0,0.0,0.0,0.0,0.5411,0.788
128,0.001,3,10,100,16,16,512,202,730,24,ContrastiveLoss,gru,/home/dpetrovitch/dzagcoffee/train_trace/age_pred/checkpoints/age_pred_2025-10-10 14:37:35.506749_ContrastiveLoss_gru_catboost/model_128_0.001_3_10_100_512_16_16_ContrastiveLoss_gruepoch=07.ckpt,7,24,0.2966678,94.4178,2.9006,0.0002,4.3268,1.1927,8.0271,0.7054,4567.268,115.6492,942.2513,23.859,873.3697,22.1149,834.9653,21.1424,784.4757,19.8639,744.5414,18.8528,670.6172,16.9809,443.151,9.6829,91.4244,1.9976,84.741,1.8516,81.0147,1.7702,76.1158,1.6631,72.2411,1.5785,65.0684,1.4217,0.0,0.0,0.0,0.0,0.0,0.0,0.0,0.0,0.0,0.0,0.0,0.0,0.0,0.0,0.0,0.0,0.0,0.0,0.0,0.0,0.0,0.0,0.0,0.0,0.0,0.0,0.0,0.0,0.0,0.0,0.0,0.0,0.0,0.0,0.0,0.5556,0.7933
128,0.001,3,10,100,16,16,512,202,730,24,ContrastiveLoss,gru,/home/dpetrovitch/dzagcoffee/train_trace/age_pred/checkpoints/age_pred_2025-10-10 14:37:35.506749_ContrastiveLoss_gru_catboost/model_128_0.001_3_10_100_512_16_16_ContrastiveLoss_gruepoch=08.ckpt,8,24,0.2907592,99.3081,2.6241,1e-04,4.3571,1.2178,8.057,0.6761,4671.9795,118.2039,955.8492,24.1836,889.2162,22.4977,852.3194,21.5642,803.7867,20.3363,765.2711,19.3618,694.5028,17.5713,460.637,9.7949,94.2426,2.004,87.6729,1.8643,84.035,1.7869,79.2499,1.6852,75.4524,1.6044,68.475,1.456,0.0,0.0,0.0,0.0,0.0,0.0,0.0,0.0,0.0,0.0,0.0,0.0,0.0,0.0,0.0,0.0,0.0,0.0,0.0,0.0,0.0,0.0,0.0,0.0,0.0,0.0,0.0,0.0,0.0,0.0,0.0,0.0,0.0,0.0,0.0,0.5589,0.7946
128,0.001,3,10,100,16,16,512,202,730,24,ContrastiveLoss,gru,/home/dpetrovitch/dzagcoffee/train_trace/age_pred/checkpoints/age_pred_2025-10-10 14:37:35.506749_ContrastiveLoss_gru_catboost/model_128_0.001_3_10_100_512_16_16_ContrastiveLoss_gruepoch=09.ckpt,9,24,0.30894887,97.5902,2.7265,1e-04,4.3891,1.2075,8.8415,0.6883,4765.388,120.5846,959.108,24.2695,892.1052,22.5741,854.531,21.6233,805.1259,20.3731,765.9954,19.3829,695.092,17.5888,452.4658,9.7488,91.0657,1.9621,84.7039,1.825,81.1363,1.7482,76.4454,1.6471,72.73,1.567,65.9978,1.422,0.0,0.0,0.0,0.0,0.0,0.0,0.0,0.0,0.0,0.0,0.0,0.0,0.0,0.0,0.0,0.0,0.0,0.0,0.0,0.0,0.0,0.0,0.0,0.0,0.0,0.0,0.0,0.0,0.0,0.0,0.0,0.0,0.0,0.0,0.0,0.5744,0.8037
128,0.001,3,10,100,16,16,512,202,730,24,ContrastiveLoss,gru,/home/dpetrovitch/dzagcoffee/train_trace/age_pred/checkpoints/age_pred_2025-10-10 14:37:35.506749_ContrastiveLoss_gru_catboost/model_128_0.001_3_10_100_512_16_16_ContrastiveLoss_gruepoch=10.ckpt,10,24,0.31318063,92.2027,2.7202,0.0,4.4485,1.1904,8.9146,0.7077,4778.8477,120.9176,959.8809,24.2876,894.5864,22.6354,858.3806,21.7193,810.8158,20.5158,772.8862,19.5561,702.8501,17.784,475.3983,10.0471,95.4887,2.0181,88.9932,1.8808,85.3914,1.8047,80.6597,1.7047,76.8865,1.6249,69.9193,1.4777,0.0,0.0,0.0,0.0,0.0,0.0,0.0,0.0,0.0,0.0,0.0,0.0,0.0,0.0,0.0,0.0,0.0,0.0,0.0,0.0,0.0,0.0,0.0,0.0,0.0,0.0,0.0,0.0,0.0,0.0,0.0,0.0,0.0,0.0,0.0,0.5633,0.808
128,0.001,3,10,100,16,16,512,202,730,24,ContrastiveLoss,gru,/home/dpetrovitch/dzagcoffee/train_trace/age_pred/checkpoints/age_pred_2025-10-10 14:37:35.506749_ContrastiveLoss_gru_catboost/model_128_0.001_3_10_100_512_16_16_ContrastiveLoss_gruepoch=11.ckpt,11,24,0.3129439,95.2953,2.7585,0.0,4.4378,1.199,7.9154,0.698,4883.4736,123.5603,960.2293,24.2955,893.583,22.6092,856.0041,21.6584,806.1685,20.3975,765.8422,19.3771,691.3038,17.4912,486.085,10.2717,95.5781,2.0197,88.9443,1.8795,85.2039,1.8005,80.2434,1.6957,76.2294,1.6108,68.8101,1.4541,0.0,0.0,0.0,0.0,0.0,0.0,0.0,0.0,0.0,0.0,0.0,0.0,0.0,0.0,0.0,0.0,0.0,0.0,0.0,0.0,0.0,0.0,0.0,0.0,0.0,0.0,0.0,0.0,0.0,0.0,0.0,0.0,0.0,0.0,0.0,0.5756,0.812
128,0.001,3,10,100,16,16,512,202,730,24,ContrastiveLoss,gru,/home/dpetrovitch/dzagcoffee/train_trace/age_pred/checkpoints/age_pred_2025-10-10 14:37:35.506749_ContrastiveLoss_gru_catboost/model_128_0.001_3_10_100_512_16_16_ContrastiveLoss_gruepoch=12.ckpt,12,24,0.3196812,96.1638,2.8091,0.0,4.4638,1.1992,9.1055,0.6973,4986.7354,126.1065,971.3177,24.5631,907.043,22.9377,871.3356,22.0347,824.4728,20.8496,787.2147,19.9074,717.315,18.1397,510.094,10.6204,99.3563,2.0686,92.7816,1.9318,89.1291,1.8557,84.3355,1.7559,80.5243,1.6766,73.3743,1.5277,0.0,0.0,0.0,0.0,0.0,0.0,0.0,0.0,0.0,0.0,0.0,0.0,0.0,0.0,0.0,0.0,0.0,0.0,0.0,0.0,0.0,0.0,0.0,0.0,0.0,0.0,0.0,0.0,0.0,0.0,0.0,0.0,0.0,0.0,0.0,0.5622,0.8039
128,0.001,3,10,100,16,16,512,202,730,24,ContrastiveLoss,gru,/home/dpetrovitch/dzagcoffee/train_trace/age_pred/checkpoints/age_pred_2025-10-10 14:37:35.506749_ContrastiveLoss_gru_catboost/model_128_0.001_3_10_100_512_16_16_ContrastiveLoss_gruepoch=13.ckpt,13,24,0.31208572,94.5892,2.5602,0.0,4.5115,1.1884,8.7775,0.71,4908.7363,124.1444,972.4024,24.5925,907.7918,22.9585,871.5049,22.0408,823.9481,20.8381,786.0451,19.8795,716.5288,18.1214,491.4192,10.3038,97.3483,2.0411,90.8801,1.9055,87.2473,1.8293,82.4864,1.7295,78.6919,1.65,71.7325,1.504,0.0,0.0,0.0,0.0,0.0,0.0,0.0,0.0,0.0,0.0,0.0,0.0,0.0,0.0,0.0,0.0,0.0,0.0,0.0,0.0,0.0,0.0,0.0,0.0,0.0,0.0,0.0,0.0,0.0,0.0,0.0,0.0,0.0,0.0,0.0,0.5778,0.8076
128,0.001,3,10,100,16,16,512,202,730,24,ContrastiveLoss,gru,/home/dpetrovitch/dzagcoffee/train_trace/age_pred/checkpoints/age_pred_2025-10-10 14:37:35.506749_ContrastiveLoss_gru_catboost/model_128_0.001_3_10_100_512_16_16_ContrastiveLoss_gruepoch=14.ckpt,14,24,0.32112136,97.4477,2.5325,0.0,4.5089,1.1986,7.9864,0.6982,5008.123,126.6769,974.0511,24.6379,908.0512,22.9685,870.6674,22.0229,821.2357,20.7726,781.0598,19.7564,707.2894,17.8904,493.2512,10.3381,95.9345,2.0107,89.4342,1.8745,85.7522,1.7973,80.8837,1.6952,76.9268,1.6123,69.6611,1.46,0.0,0.0,0.0,0.0,0.0,0.0,0.0,0.0,0.0,0.0,0.0,0.0,0.0,0.0,0.0,0.0,0.0,0.0,0.0,0.0,0.0,0.0,0.0,0.0,0.0,0.0,0.0,0.0,0.0,0.0,0.0,0.0,0.0,0.0,0.0,0.57,0.8091
128,0.001,3,10,100,16,16,512,202,730,24,ContrastiveLoss,gru,/home/dpetrovitch/dzagcoffee/train_trace/age_pred/checkpoints/age_pred_2025-10-10 14:37:35.506749_ContrastiveLoss_gru_catboost/model_128_0.001_3_10_100_512_16_16_ContrastiveLoss_gruepoch=15.ckpt,15,24,0.32145676,98.965,2.7016,0.0,4.4898,1.2067,8.1954,0.6888,5151.595,130.2906,974.8215,24.6545,909.2192,22.9954,872.2054,22.0592,823.5517,20.8287,784.524,19.8416,713.8547,18.0543,517.1057,10.8065,97.8504,2.0449,91.2654,1.9073,87.55,1.8296,82.6663,1.7276,78.7488,1.6457,71.6552,1.4975,0.0,0.0,0.0,0.0,0.0,0.0,0.0,0.0,0.0,0.0,0.0,0.0,0.0,0.0,0.0,0.0,0.0,0.0,0.0,0.0,0.0,0.0,0.0,0.0,0.0,0.0,0.0,0.0,0.0,0.0,0.0,0.0,0.0,0.0,0.0,0.5744,0.8151
128,0.001,3,10,100,16,16,512,202,730,24,ContrastiveLoss,gru,/home/dpetrovitch/dzagcoffee/train_trace/age_pred/checkpoints/age_pred_2025-10-10 14:37:35.506749_ContrastiveLoss_gru_catboost/model_128_0.001_3_10_100_512_16_16_ContrastiveLoss_gruepoch=16.ckpt,16,24,0.3231633,100.049,2.6179,0.0,4.5086,1.2079,9.1721,0.687,5185.877,131.1474,978.9092,24.756,914.2948,23.1219,878.3299,22.2124,831.1683,21.0197,794.1915,20.0846,728.4307,18.4215,518.3384,10.743,97.8439,2.0279,91.3855,1.894,87.7908,1.8195,83.0769,1.7218,79.381,1.6452,72.808,1.509,0.0,0.0,0.0,0.0,0.0,0.0,0.0,0.0,0.0,0.0,0.0,0.0,0.0,0.0,0.0,0.0,0.0,0.0,0.0,0.0,0.0,0.0,0.0,0.0,0.0,0.0,0.0,0.0,0.0,0.0,0.0,0.0,0.0,0.0,0.0,0.6011,0.8238
128,0.001,3,10,100,16,16,512,202,730,24,ContrastiveLoss,gru,/home/dpetrovitch/dzagcoffee/train_trace/age_pred/checkpoints/age_pred_2025-10-10 14:37:35.506749_ContrastiveLoss_gru_catboost/model_128_0.001_3_10_100_512_16_16_ContrastiveLoss_gruepoch=17.ckpt,17,24,0.31548887,100.7466,2.4399,0.0,4.5336,1.2057,9.2229,0.689,5174.2803,130.8323,981.1943,24.8096,917.6835,23.2037,882.2789,22.3085,835.9488,21.1371,799.7133,20.2208,735.938,18.6083,516.53,10.7147,97.9491,2.0318,91.6091,1.9003,88.0748,1.827,83.4498,1.7311,79.8325,1.656,73.4661,1.524,0.0,0.0,0.0,0.0,0.0,0.0,0.0,0.0,0.0,0.0,0.0,0.0,0.0,0.0,0.0,0.0,0.0,0.0,0.0,0.0,0.0,0.0,0.0,0.0,0.0,0.0,0.0,0.0,0.0,0.0,0.0,0.0,0.0,0.0,0.0,0.5633,0.8059
128,0.001,3,10,100,16,16,512,202,730,24,ContrastiveLoss,gru,/home/dpetrovitch/dzagcoffee/train_trace/age_pred/checkpoints/age_pred_2025-10-10 14:37:35.506749_ContrastiveLoss_gru_catboost/model_128_0.001_3_10_100_512_16_16_ContrastiveLoss_gruepoch=18.ckpt,18,24,0.32410038,97.7787,2.4018,0.0,4.5767,1.1869,9.1108,0.7114,5032.1196,127.2724,983.3856,24.8718,919.8964,23.266,884.4976,22.3707,838.468,21.2065,801.8916,20.2814,733.2311,18.5449,494.0886,10.1915,96.5557,1.9916,90.3219,1.8631,86.8462,1.7914,82.3266,1.6981,78.7353,1.6241,71.9937,1.485,0.0,0.0,0.0,0.0,0.0,0.0,0.0,0.0,0.0,0.0,0.0,0.0,0.0,0.0,0.0,0.0,0.0,0.0,0.0,0.0,0.0,0.0,0.0,0.0,0.0,0.0,0.0,0.0,0.0,0.0,0.0,0.0,0.0,0.0,0.0,0.5844,0.8108
128,0.001,3,10,100,16,16,512,202,730,24,ContrastiveLoss,gru,/home/dpetrovitch/dzagcoffee/train_trace/age_pred/checkpoints/age_pred_2025-10-10 14:37:35.506749_ContrastiveLoss_gru_catboost/model_128_0.001_3_10_100_512_16_16_ContrastiveLoss_gruepoch=19.ckpt,19,24,0.3303839,99.8522,2.4965,0.0,4.5852,1.1961,7.8916,0.7012,5213.772,131.8604,981.2139,24.8157,915.8454,23.1624,878.9379,22.229,829.9419,20.9899,790.2097,19.985,716.0583,18.1097,511.2481,10.6448,96.2151,2.0033,89.8053,1.8699,86.1862,1.7945,81.3818,1.6945,77.4858,1.6134,70.2147,1.462,0.0,0.0,0.0,0.0,0.0,0.0,0.0,0.0,0.0,0.0,0.0,0.0,0.0,0.0,0.0,0.0,0.0,0.0,0.0,0.0,0.0,0.0,0.0,0.0,0.0,0.0,0.0,0.0,0.0,0.0,0.0,0.0,0.0,0.0,0.0,0.5722,0.8214
128,0.001,3,10,100,16,16,512,202,730,24,ContrastiveLoss,gru,/home/dpetrovitch/dzagcoffee/train_trace/age_pred/checkpoints/age_pred_2025-10-10 14:37:35.506749_ContrastiveLoss_gru_catboost/model_128_0.001_3_10_100_512_16_16_ContrastiveLoss_gruepoch=20.ckpt,20,24,0.31675148,100.2793,2.9207,0.0,4.5712,1.1991,8.5761,0.6967,5240.7476,132.5029,983.7213,24.8716,920.2646,23.2672,884.6184,22.366,837.9915,21.1871,801.0031,20.2519,731.9134,18.5051,530.388,10.8743,99.5572,2.0412,93.135,1.9095,89.5275,1.8355,84.8086,1.7388,81.0652,1.662,74.073,1.5187,0.0,0.0,0.0,0.0,0.0,0.0,0.0,0.0,0.0,0.0,0.0,0.0,0.0,0.0,0.0,0.0,0.0,0.0,0.0,0.0,0.0,0.0,0.0,0.0,0.0,0.0,0.0,0.0,0.0,0.0,0.0,0.0,0.0,0.0,0.0,0.5844,0.8185
128,0.001,3,10,100,16,16,512,202,730,24,ContrastiveLoss,gru,/home/dpetrovitch/dzagcoffee/train_trace/age_pred/checkpoints/age_pred_2025-10-10 14:37:35.506749_ContrastiveLoss_gru_catboost/model_128_0.001_3_10_100_512_16_16_ContrastiveLoss_gruepoch=21.ckpt,21,24,0.32303503,101.6985,3.0081,0.0,4.5579,1.2017,9.2457,0.6939,5277.022,133.4404,990.9722,25.0588,927.761,23.4604,892.2848,22.5633,846.0326,21.3937,809.0585,20.4587,741.1817,18.7423,529.5822,10.8153,99.4503,2.031,93.1066,1.9014,89.5464,1.8287,84.9047,1.7339,81.1941,1.6582,74.3822,1.5191,0.0,0.0,0.0,0.0,0.0,0.0,0.0,0.0,0.0,0.0,0.0,0.0,0.0,0.0,0.0,0.0,0.0,0.0,0.0,0.0,0.0,0.0,0.0,0.0,0.0,0.0,0.0,0.0,0.0,0.0,0.0,0.0,0.0,0.0,0.0,0.57,0.8075
128,0.001,3,10,100,16,16,512,202,730,24,ContrastiveLoss,gru,/home/dpetrovitch/dzagcoffee/train_trace/age_pred/checkpoints/age_pred_2025-10-10 14:37:35.506749_ContrastiveLoss_gru_catboost/model_128_0.001_3_10_100_512_16_16_ContrastiveLoss_gruepoch=22.ckpt,22,24,0.3110302,98.5276,2.9999,0.0,4.5776,1.1856,9.5082,0.7125,5157.241,130.4031,989.9664,25.0317,927.7553,23.4587,893.2221,22.5855,848.2864,21.4493,812.7963,20.5519,748.0989,18.916,516.8382,10.5759,99.2105,2.0301,92.9759,1.9025,89.5152,1.8317,85.0119,1.7396,81.4552,1.6668,74.9715,1.5341,0.0,0.0,0.0,0.0,0.0,0.0,0.0,0.0,0.0,0.0,0.0,0.0,0.0,0.0,0.0,0.0,0.0,0.0,0.0,0.0,0.0,0.0,0.0,0.0,0.0,0.0,0.0,0.0,0.0,0.0,0.0,0.0,0.0,0.0,0.0,0.55,0.8026
128,0.001,3,10,100,16,16,512,202,730,24,ContrastiveLoss,gru,/home/dpetrovitch/dzagcoffee/train_trace/age_pred/checkpoints/age_pred_2025-10-10 14:37:35.506749_ContrastiveLoss_gru_catboost/model_128_0.001_3_10_100_512_16_16_ContrastiveLoss_gruepoch=23.ckpt,23,24,0.33500037,101.9699,3.0643,0.0,4.5614,1.1998,8.8202,0.6963,5371.28,135.8092,991.7747,25.0764,928.09,23.4661,892.1804,22.5582,844.9437,21.3638,806.8297,20.4001,735.0435,18.5851,537.3508,10.9765,99.2186,2.0267,92.8475,1.8966,89.2551,1.8232,84.5294,1.7267,80.7164,1.6488,73.5348,1.5021,0.0,0.0,0.0,0.0,0.0,0.0,0.0,0.0,0.0,0.0,0.0,0.0,0.0,0.0,0.0,0.0,0.0,0.0,0.0,0.0,0.0,0.0,0.0,0.0,0.0,0.0,0.0,0.0,0.0,0.0,0.0,0.0,0.0,0.0,0.0,0.5622,0.8059
128,0.001,3,10,100,16,16,1024,202,730,24,ContrastiveLoss,gru,/home/dpetrovitch/dzagcoffee/train_trace/age_pred/checkpoints/age_pred_2025-10-10 14:37:35.506749_ContrastiveLoss_gru_catboost/model_128_0.001_3_10_100_1024_16_16_ContrastiveLoss_gruepoch=00.ckpt,0,24,0.11974235,108.195,1.5274,0.0,5.6553,1.1316,7.7233,0.7838,3179.1924,80.7305,960.1885,24.3824,877.7152,22.2882,831.0049,21.102,769.8505,19.5491,721.9452,18.3326,630.6965,16.0155,171.2388,4.4385,51.718,1.3405,47.2758,1.2254,44.7599,1.1602,41.466,1.0748,38.8857,1.0079,33.9708,0.8805,0.0,0.0,0.0,0.0,0.0,0.0,0.0,0.0,0.0,0.0,0.0,0.0,0.0,0.0,0.0,0.0,0.0,0.0,0.0,0.0,0.0,0.0,0.0,0.0,0.0,0.0,0.0,0.0,0.0,0.0,0.0,0.0,0.0,0.0,0.0,0.4789,0.7275
128,0.001,3,10,100,16,16,1024,202,730,24,ContrastiveLoss,gru,/home/dpetrovitch/dzagcoffee/train_trace/age_pred/checkpoints/age_pred_2025-10-10 14:37:35.506749_ContrastiveLoss_gru_catboost/model_128_0.001_3_10_100_1024_16_16_ContrastiveLoss_gruepoch=01.ckpt,1,24,0.1971078,135.9092,1.5232,1e-04,5.7321,1.1484,8.5978,0.7612,4107.3535,103.9549,997.2338,25.2394,920.9698,23.3092,877.6012,22.2116,820.1162,20.7567,773.7748,19.5838,687.7922,17.4077,248.8116,5.8991,60.4095,1.4322,55.7897,1.3227,53.1625,1.2604,49.6803,1.1779,46.873,1.1113,41.6645,0.9878,0.0,0.0,0.0,0.0,0.0,0.0,0.0,0.0,0.0,0.0,0.0,0.0,0.0,0.0,0.0,0.0,0.0,0.0,0.0,0.0,0.0,0.0,0.0,0.0,0.0,0.0,0.0,0.0,0.0,0.0,0.0,0.0,0.0,0.0,0.0,0.4878,0.746
128,0.001,3,10,100,16,16,1024,202,730,24,ContrastiveLoss,gru,/home/dpetrovitch/dzagcoffee/train_trace/age_pred/checkpoints/age_pred_2025-10-10 14:37:35.506749_ContrastiveLoss_gru_catboost/model_128_0.001_3_10_100_1024_16_16_ContrastiveLoss_gruepoch=02.ckpt,2,24,0.22782515,142.0434,1.5071,1e-04,5.6492,1.1556,9.7721,0.7516,4330.146,109.6435,993.0893,25.146,920.9807,23.3201,880.6542,22.299,827.5839,20.9552,786.3327,19.9107,708.4024,17.9374,279.3372,6.604,64.0641,1.5146,59.4123,1.4046,56.8109,1.3431,53.3873,1.2622,50.7262,1.1993,45.6989,1.0804,0.0,0.0,0.0,0.0,0.0,0.0,0.0,0.0,0.0,0.0,0.0,0.0,0.0,0.0,0.0,0.0,0.0,0.0,0.0,0.0,0.0,0.0,0.0,0.0,0.0,0.0,0.0,0.0,0.0,0.0,0.0,0.0,0.0,0.0,0.0,0.51,0.7525
128,0.001,3,10,100,16,16,1024,202,730,24,ContrastiveLoss,gru,/home/dpetrovitch/dzagcoffee/train_trace/age_pred/checkpoints/age_pred_2025-10-10 14:37:35.506749_ContrastiveLoss_gru_catboost/model_128_0.001_3_10_100_1024_16_16_ContrastiveLoss_gruepoch=03.ckpt,3,24,0.2641651,146.6828,1.4968,1e-04,5.4223,1.1773,8.9556,0.7248,4635.637,117.402,965.1784,24.4441,893.7069,22.634,853.0075,21.6032,799.216,20.2409,756.3077,19.1542,678.0026,17.1711,349.4081,8.0571,72.7497,1.6776,67.3626,1.5533,64.2949,1.4826,60.2404,1.3891,57.0062,1.3145,51.104,1.1784,0.0,0.0,0.0,0.0,0.0,0.0,0.0,0.0,0.0,0.0,0.0,0.0,0.0,0.0,0.0,0.0,0.0,0.0,0.0,0.0,0.0,0.0,0.0,0.0,0.0,0.0,0.0,0.0,0.0,0.0,0.0,0.0,0.0,0.0,0.0,0.5422,0.7863
128,0.001,3,10,100,16,16,1024,202,730,24,ContrastiveLoss,gru,/home/dpetrovitch/dzagcoffee/train_trace/age_pred/checkpoints/age_pred_2025-10-10 14:37:35.506749_ContrastiveLoss_gru_catboost/model_128_0.001_3_10_100_1024_16_16_ContrastiveLoss_gruepoch=04.ckpt,4,24,0.2724412,137.3497,1.5189,1e-04,5.2862,1.1707,8.4225,0.7322,4629.605,117.262,955.344,24.1976,884.8543,22.4122,845.4404,21.4139,794.2072,20.1163,753.9683,19.0971,680.1276,17.2268,378.4643,8.5849,78.0982,1.7715,72.3357,1.6408,69.1137,1.5677,64.9254,1.4727,61.6359,1.3981,55.5996,1.2612,0.0,0.0,0.0,0.0,0.0,0.0,0.0,0.0,0.0,0.0,0.0,0.0,0.0,0.0,0.0,0.0,0.0,0.0,0.0,0.0,0.0,0.0,0.0,0.0,0.0,0.0,0.0,0.0,0.0,0.0,0.0,0.0,0.0,0.0,0.0,0.5422,0.7833
128,0.001,3,10,100,16,16,1024,202,730,24,ContrastiveLoss,gru,/home/dpetrovitch/dzagcoffee/train_trace/age_pred/checkpoints/age_pred_2025-10-10 14:37:35.506749_ContrastiveLoss_gru_catboost/model_128_0.001_3_10_100_1024_16_16_ContrastiveLoss_gruepoch=05.ckpt,5,24,0.2804017,138.5899,1.51,1e-04,5.1249,1.1964,9.1319,0.7011,4923.519,124.6858,953.5364,24.1479,885.7,22.4299,848.1244,21.4783,799.1083,20.237,760.3613,19.2558,690.2714,17.4808,455.4814,9.9788,88.2129,1.9326,81.9373,1.7951,78.4611,1.719,73.9266,1.6196,70.3421,1.5411,63.8579,1.399,0.0,0.0,0.0,0.0,0.0,0.0,0.0,0.0,0.0,0.0,0.0,0.0,0.0,0.0,0.0,0.0,0.0,0.0,0.0,0.0,0.0,0.0,0.0,0.0,0.0,0.0,0.0,0.0,0.0,0.0,0.0,0.0,0.0,0.0,0.0,0.5478,0.7911
128,0.001,3,10,100,16,16,1024,202,730,24,ContrastiveLoss,gru,/home/dpetrovitch/dzagcoffee/train_trace/age_pred/checkpoints/age_pred_2025-10-10 14:37:35.506749_ContrastiveLoss_gru_catboost/model_128_0.001_3_10_100_1024_16_16_ContrastiveLoss_gruepoch=06.ckpt,6,24,0.30272448,132.2557,1.5144,1e-04,5.0444,1.1952,8.068,0.7024,5096.1724,129.0194,946.3447,23.9585,877.3961,22.213,839.0423,21.242,788.3917,19.9596,748.232,18.9429,672.905,17.0359,489.2822,10.5561,90.8583,1.9602,84.2386,1.8174,80.5562,1.738,75.6933,1.6331,71.8376,1.5499,64.6054,1.3938,0.0,0.0,0.0,0.0,0.0,0.0,0.0,0.0,0.0,0.0,0.0,0.0,0.0,0.0,0.0,0.0,0.0,0.0,0.0,0.0,0.0,0.0,0.0,0.0,0.0,0.0,0.0,0.0,0.0,0.0,0.0,0.0,0.0,0.0,0.0,0.5611,0.7964
128,0.001,3,10,100,16,16,1024,202,730,24,ContrastiveLoss,gru,/home/dpetrovitch/dzagcoffee/train_trace/age_pred/checkpoints/age_pred_2025-10-10 14:37:35.506749_ContrastiveLoss_gru_catboost/model_128_0.001_3_10_100_1024_16_16_ContrastiveLoss_gruepoch=07.ckpt,7,24,0.29321536,135.0143,1.4957,1e-04,5.0255,1.2037,9.0302,0.6926,5036.265,127.5458,957.1588,24.2405,888.8474,22.5105,850.9357,21.5503,801.692,20.3032,763.0473,19.3245,690.9448,17.4985,466.276,10.2214,88.6173,1.9426,82.2928,1.804,78.7828,1.727,74.2236,1.6271,70.6457,1.5486,63.9702,1.4023,0.0,0.0,0.0,0.0,0.0,0.0,0.0,0.0,0.0,0.0,0.0,0.0,0.0,0.0,0.0,0.0,0.0,0.0,0.0,0.0,0.0,0.0,0.0,0.0,0.0,0.0,0.0,0.0,0.0,0.0,0.0,0.0,0.0,0.0,0.0,0.5533,0.7885
128,0.001,3,10,100,16,16,1024,202,730,24,ContrastiveLoss,gru,/home/dpetrovitch/dzagcoffee/train_trace/age_pred/checkpoints/age_pred_2025-10-10 14:37:35.506749_ContrastiveLoss_gru_catboost/model_128_0.001_3_10_100_1024_16_16_ContrastiveLoss_gruepoch=08.ckpt,8,24,0.3042436,138.1956,1.5158,1e-04,5.0275,1.2042,9.0705,0.6928,5144.394,130.2858,963.489,24.4011,894.9997,22.6666,857.0244,21.7048,806.3324,20.421,766.2123,19.4049,690.1235,17.4779,475.947,10.2635,89.1397,1.9222,82.8032,1.7856,79.2898,1.7098,74.5999,1.6087,70.8881,1.5287,63.8486,1.3768,0.0,0.0,0.0,0.0,0.0,0.0,0.0,0.0,0.0,0.0,0.0,0.0,0.0,0.0,0.0,0.0,0.0,0.0,0.0,0.0,0.0,0.0,0.0,0.0,0.0,0.0,0.0,0.0,0.0,0.0,0.0,0.0,0.0,0.0,0.0,0.5611,0.8007
128,0.001,3,10,100,16,16,1024,202,730,24,ContrastiveLoss,gru,/home/dpetrovitch/dzagcoffee/train_trace/age_pred/checkpoints/age_pred_2025-10-10 14:37:35.506749_ContrastiveLoss_gru_catboost/model_128_0.001_3_10_100_1024_16_16_ContrastiveLoss_gruepoch=09.ckpt,9,24,0.3088009,137.0848,1.4989,1e-04,5.0744,1.2036,8.6576,0.6923,5220.547,132.1592,964.9317,24.4274,897.3111,22.7156,859.4973,21.7583,810.0264,20.506,770.9614,19.517,699.2444,17.7015,491.4709,10.554,90.8403,1.9507,84.4744,1.814,80.9145,1.7376,76.2572,1.6376,72.5796,1.5586,65.828,1.4136,0.0,0.0,0.0,0.0,0.0,0.0,0.0,0.0,0.0,0.0,0.0,0.0,0.0,0.0,0.0,0.0,0.0,0.0,0.0,0.0,0.0,0.0,0.0,0.0,0.0,0.0,0.0,0.0,0.0,0.0,0.0,0.0,0.0,0.0,0.0,0.5567,0.7983
128,0.001,3,10,100,16,16,1024,202,730,24,ContrastiveLoss,gru,/home/dpetrovitch/dzagcoffee/train_trace/age_pred/checkpoints/age_pred_2025-10-10 14:37:35.506749_ContrastiveLoss_gru_catboost/model_128_0.001_3_10_100_1024_16_16_ContrastiveLoss_gruepoch=10.ckpt,10,24,0.31414735,137.918,1.492,1e-04,5.1071,1.2003,8.7017,0.697,5292.407,134.0157,976.0257,24.7152,908.32,23.0007,870.3489,22.0392,819.7503,20.7579,778.8858,19.7231,700.0665,17.7273,497.488,10.7098,91.7467,1.9751,85.3824,1.8381,81.8131,1.7613,77.0568,1.6589,73.2155,1.5762,65.8065,1.4167,0.0,0.0,0.0,0.0,0.0,0.0,0.0,0.0,0.0,0.0,0.0,0.0,0.0,0.0,0.0,0.0,0.0,0.0,0.0,0.0,0.0,0.0,0.0,0.0,0.0,0.0,0.0,0.0,0.0,0.0,0.0,0.0,0.0,0.0,0.0,0.5789,0.8053
128,0.001,3,10,100,16,16,1024,202,730,24,ContrastiveLoss,gru,/home/dpetrovitch/dzagcoffee/train_trace/age_pred/checkpoints/age_pred_2025-10-10 14:37:35.506749_ContrastiveLoss_gru_catboost/model_128_0.001_3_10_100_1024_16_16_ContrastiveLoss_gruepoch=11.ckpt,11,24,0.31385145,136.9096,1.5204,1e-04,5.1365,1.1957,8.6927,0.7021,5341.4526,135.2509,972.7799,24.6318,906.0067,22.941,868.6447,21.9949,818.9413,20.7364,779.0659,19.7267,702.6155,17.7909,510.0261,10.9431,92.8854,1.9929,86.5096,1.8561,82.9421,1.7796,78.1962,1.6778,74.3887,1.5961,67.0889,1.4395,0.0,0.0,0.0,0.0,0.0,0.0,0.0,0.0,0.0,0.0,0.0,0.0,0.0,0.0,0.0,0.0,0.0,0.0,0.0,0.0,0.0,0.0,0.0,0.0,0.0,0.0,0.0,0.0,0.0,0.0,0.0,0.0,0.0,0.0,0.0,0.5778,0.8004
128,0.001,3,10,100,16,16,1024,202,730,24,ContrastiveLoss,gru,/home/dpetrovitch/dzagcoffee/train_trace/age_pred/checkpoints/age_pred_2025-10-10 14:37:35.506749_ContrastiveLoss_gru_catboost/model_128_0.001_3_10_100_1024_16_16_ContrastiveLoss_gruepoch=12.ckpt,12,24,0.31542966,142.3252,1.516,1e-04,5.1724,1.2053,8.7759,0.6914,5492.637,139.0693,979.156,24.7915,912.5749,23.1057,875.1882,22.1591,825.4293,20.8992,785.0213,19.8761,705.3527,17.859,513.8562,10.937,91.6036,1.9497,85.3747,1.8171,81.877,1.7427,77.2219,1.6436,73.4416,1.5631,65.9883,1.4045,0.0,0.0,0.0,0.0,0.0,0.0,0.0,0.0,0.0,0.0,0.0,0.0,0.0,0.0,0.0,0.0,0.0,0.0,0.0,0.0,0.0,0.0,0.0,0.0,0.0,0.0,0.0,0.0,0.0,0.0,0.0,0.0,0.0,0.0,0.0,0.5444,0.7978
128,0.001,3,10,100,16,16,1024,202,730,24,ContrastiveLoss,gru,/home/dpetrovitch/dzagcoffee/train_trace/age_pred/checkpoints/age_pred_2025-10-10 14:37:35.506749_ContrastiveLoss_gru_catboost/model_128_0.001_3_10_100_1024_16_16_ContrastiveLoss_gruepoch=13.ckpt,13,24,0.3005544,133.8035,1.461,1e-04,5.2136,1.1799,9.3191,0.72,5210.5283,131.9115,977.6612,24.7508,912.8174,23.1092,876.9015,22.1999,830.0947,21.015,792.9062,20.0735,722.3621,18.2876,493.6168,10.6086,92.6183,1.9905,86.4753,1.8585,83.0728,1.7854,78.6386,1.6901,75.1156,1.6144,68.4326,1.4707,0.0,0.0,0.0,0.0,0.0,0.0,0.0,0.0,0.0,0.0,0.0,0.0,0.0,0.0,0.0,0.0,0.0,0.0,0.0,0.0,0.0,0.0,0.0,0.0,0.0,0.0,0.0,0.0,0.0,0.0,0.0,0.0,0.0,0.0,0.0,0.56,0.7959
128,0.001,3,10,100,16,16,1024,202,730,24,ContrastiveLoss,gru,/home/dpetrovitch/dzagcoffee/train_trace/age_pred/checkpoints/age_pred_2025-10-10 14:37:35.506749_ContrastiveLoss_gru_catboost/model_128_0.001_3_10_100_1024_16_16_ContrastiveLoss_gruepoch=14.ckpt,14,24,0.32557014,145.2117,1.512,1e-04,5.2147,1.2093,8.6917,0.6859,5539.6343,140.2339,983.0301,24.8851,916.3183,23.1963,879.248,22.2579,830.4155,21.0217,790.9501,20.0226,715.2314,18.1058,519.9294,11.0221,92.2635,1.9559,86.0022,1.8232,82.5229,1.7494,77.9397,1.6523,74.2356,1.5737,67.129,1.4231,0.0,0.0,0.0,0.0,0.0,0.0,0.0,0.0,0.0,0.0,0.0,0.0,0.0,0.0,0.0,0.0,0.0,0.0,0.0,0.0,0.0,0.0,0.0,0.0,0.0,0.0,0.0,0.0,0.0,0.0,0.0,0.0,0.0,0.0,0.0,0.5678,0.8105
128,0.001,3,10,100,16,16,1024,202,730,24,ContrastiveLoss,gru,/home/dpetrovitch/dzagcoffee/train_trace/age_pred/checkpoints/age_pred_2025-10-10 14:37:35.506749_ContrastiveLoss_gru_catboost/model_128_0.001_3_10_100_1024_16_16_ContrastiveLoss_gruepoch=15.ckpt,15,24,0.32110164,144.5885,1.5045,1e-04,5.261,1.2009,9.365,0.6958,5544.1626,140.3415,985.1736,24.9381,918.9721,23.2623,882.105,22.3291,833.6197,21.1017,795.1289,20.1274,722.7176,18.2944,502.6035,10.6704,89.3105,1.8961,83.309,1.7687,79.9668,1.6977,75.5714,1.6044,72.082,1.5303,65.5176,1.391,0.0,0.0,0.0,0.0,0.0,0.0,0.0,0.0,0.0,0.0,0.0,0.0,0.0,0.0,0.0,0.0,0.0,0.0,0.0,0.0,0.0,0.0,0.0,0.0,0.0,0.0,0.0,0.0,0.0,0.0,0.0,0.0,0.0,0.0,0.0,0.5811,0.8121
128,0.001,3,10,100,16,16,1024,202,730,24,ContrastiveLoss,gru,/home/dpetrovitch/dzagcoffee/train_trace/age_pred/checkpoints/age_pred_2025-10-10 14:37:35.506749_ContrastiveLoss_gru_catboost/model_128_0.001_3_10_100_1024_16_16_ContrastiveLoss_gruepoch=16.ckpt,16,24,0.3185764,142.471,1.4981,1e-04,5.3043,1.1936,9.2707,0.7039,5505.089,139.3475,989.3769,25.0436,924.1304,23.392,887.685,22.4695,839.948,21.2612,801.7376,20.294,728.6533,18.444,505.2933,10.6993,90.8115,1.9229,84.8228,1.7961,81.4776,1.7252,77.096,1.6325,73.5888,1.5582,66.8806,1.4162,0.0,0.0,0.0,0.0,0.0,0.0,0.0,0.0,0.0,0.0,0.0,0.0,0.0,0.0,0.0,0.0,0.0,0.0,0.0,0.0,0.0,0.0,0.0,0.0,0.0,0.0,0.0,0.0,0.0,0.0,0.0,0.0,0.0,0.0,0.0,0.5767,0.8095
128,0.001,3,10,100,16,16,1024,202,730,24,ContrastiveLoss,gru,/home/dpetrovitch/dzagcoffee/train_trace/age_pred/checkpoints/age_pred_2025-10-10 14:37:35.506749_ContrastiveLoss_gru_catboost/model_128_0.001_3_10_100_1024_16_16_ContrastiveLoss_gruepoch=17.ckpt,17,24,0.3194839,144.3879,1.5073,1e-04,5.3382,1.1927,9.2081,0.7045,5506.443,139.3751,989.3455,25.0416,924.9212,23.4109,889.1188,22.5047,842.4286,21.3229,805.4298,20.3865,735.3413,18.6124,518.3349,10.875,93.1295,1.9539,87.0651,1.8267,83.6949,1.756,79.2999,1.6638,75.8171,1.5907,69.2195,1.4523,0.0,0.0,0.0,0.0,0.0,0.0,0.0,0.0,0.0,0.0,0.0,0.0,0.0,0.0,0.0,0.0,0.0,0.0,0.0,0.0,0.0,0.0,0.0,0.0,0.0,0.0,0.0,0.0,0.0,0.0,0.0,0.0,0.0,0.0,0.0,0.5789,0.8119
128,0.001,3,10,100,16,16,1024,202,730,24,ContrastiveLoss,gru,/home/dpetrovitch/dzagcoffee/train_trace/age_pred/checkpoints/age_pred_2025-10-10 14:37:35.506749_ContrastiveLoss_gru_catboost/model_128_0.001_3_10_100_1024_16_16_ContrastiveLoss_gruepoch=18.ckpt,18,24,0.31634706,149.0619,1.4976,1e-04,5.3669,1.2039,8.777,0.6918,5563.663,140.8455,990.6617,25.0788,924.3491,23.4001,887.21,22.4599,838.4483,21.2255,799.7442,20.2457,725.645,18.3699,505.4439,10.7044,89.999,1.906,83.9746,1.7784,80.6007,1.707,76.1708,1.6132,72.6546,1.5387,65.9229,1.3961,0.0,0.0,0.0,0.0,0.0,0.0,0.0,0.0,0.0,0.0,0.0,0.0,0.0,0.0,0.0,0.0,0.0,0.0,0.0,0.0,0.0,0.0,0.0,0.0,0.0,0.0,0.0,0.0,0.0,0.0,0.0,0.0,0.0,0.0,0.0,0.5756,0.8141
128,0.001,3,10,100,16,16,1024,202,730,24,ContrastiveLoss,gru,/home/dpetrovitch/dzagcoffee/train_trace/age_pred/checkpoints/age_pred_2025-10-10 14:37:35.506749_ContrastiveLoss_gru_catboost/model_128_0.001_3_10_100_1024_16_16_ContrastiveLoss_gruepoch=19.ckpt,19,24,0.3329585,152.1499,1.5128,1e-04,5.4138,1.2015,8.726,0.695,5715.2754,144.6702,998.5751,25.2768,931.5672,23.5807,893.6623,22.6212,843.1286,21.342,801.4791,20.2878,717.6736,18.1664,509.2126,10.7463,88.9698,1.8776,82.9996,1.7516,79.6224,1.6803,75.12,1.5853,71.4092,1.507,63.9424,1.3494,0.0,0.0,0.0,0.0,0.0,0.0,0.0,0.0,0.0,0.0,0.0,0.0,0.0,0.0,0.0,0.0,0.0,0.0,0.0,0.0,0.0,0.0,0.0,0.0,0.0,0.0,0.0,0.0,0.0,0.0,0.0,0.0,0.0,0.0,0.0,0.5578,0.8097
128,0.001,3,10,100,16,16,1024,202,730,24,ContrastiveLoss,gru,/home/dpetrovitch/dzagcoffee/train_trace/age_pred/checkpoints/age_pred_2025-10-10 14:37:35.506749_ContrastiveLoss_gru_catboost/model_128_0.001_3_10_100_1024_16_16_ContrastiveLoss_gruepoch=20.ckpt,20,24,0.3097873,141.3741,1.4829,1e-04,5.4329,1.18,9.4026,0.7199,5447.3535,137.8691,992.1199,25.1099,927.5113,23.4747,891.6346,22.5667,844.9127,21.3842,807.9061,20.4476,739.4302,18.7145,498.7252,10.6739,90.8322,1.944,84.9171,1.8174,81.6324,1.7471,77.3549,1.6556,73.9668,1.5831,67.6976,1.4489,0.0,0.0,0.0,0.0,0.0,0.0,0.0,0.0,0.0,0.0,0.0,0.0,0.0,0.0,0.0,0.0,0.0,0.0,0.0,0.0,0.0,0.0,0.0,0.0,0.0,0.0,0.0,0.0,0.0,0.0,0.0,0.0,0.0,0.0,0.0,0.5689,0.8084
128,0.001,3,10,100,16,16,1024,202,730,24,ContrastiveLoss,gru,/home/dpetrovitch/dzagcoffee/train_trace/age_pred/checkpoints/age_pred_2025-10-10 14:37:35.506749_ContrastiveLoss_gru_catboost/model_128_0.001_3_10_100_1024_16_16_ContrastiveLoss_gruepoch=21.ckpt,21,24,0.32934815,147.473,1.5255,1e-04,5.4702,1.191,9.2736,0.707,5762.0024,145.8104,995.8393,25.2002,930.7381,23.5528,894.3934,22.6331,846.1417,21.4121,807.2799,20.4286,731.8503,18.5198,514.2972,10.9218,88.8853,1.8876,83.0746,1.7642,79.8306,1.6953,75.5238,1.6038,72.0551,1.5302,65.3225,1.3872,0.0,0.0,0.0,0.0,0.0,0.0,0.0,0.0,0.0,0.0,0.0,0.0,0.0,0.0,0.0,0.0,0.0,0.0,0.0,0.0,0.0,0.0,0.0,0.0,0.0,0.0,0.0,0.0,0.0,0.0,0.0,0.0,0.0,0.0,0.0,0.5689,0.7989
128,0.001,3,10,100,16,16,1024,202,730,24,ContrastiveLoss,gru,/home/dpetrovitch/dzagcoffee/train_trace/age_pred/checkpoints/age_pred_2025-10-10 14:37:35.506749_ContrastiveLoss_gru_catboost/model_128_0.001_3_10_100_1024_16_16_ContrastiveLoss_gruepoch=22.ckpt,22,24,0.33655894,151.6273,1.5186,1e-04,5.4711,1.1976,8.7501,0.6994,5911.271,149.5865,999.2456,25.2862,934.1762,23.6396,897.4812,22.711,848.8733,21.481,808.9044,20.4696,730.3393,18.4815,538.0631,11.3125,90.9546,1.9123,85.0318,1.7877,81.6917,1.7175,77.2672,1.6245,73.6291,1.548,66.4779,1.3977,0.0,0.0,0.0,0.0,0.0,0.0,0.0,0.0,0.0,0.0,0.0,0.0,0.0,0.0,0.0,0.0,0.0,0.0,0.0,0.0,0.0,0.0,0.0,0.0,0.0,0.0,0.0,0.0,0.0,0.0,0.0,0.0,0.0,0.0,0.0,0.5889,0.8132
128,0.001,3,10,100,16,16,1024,202,730,24,ContrastiveLoss,gru,/home/dpetrovitch/dzagcoffee/train_trace/age_pred/checkpoints/age_pred_2025-10-10 14:37:35.506749_ContrastiveLoss_gru_catboost/model_128_0.001_3_10_100_1024_16_16_ContrastiveLoss_gruepoch=23.ckpt,23,24,0.33261326,153.5836,1.5208,1e-04,5.469,1.1981,9.0491,0.6985,5886.0327,148.9289,1003.1283,25.3812,939.1458,23.7623,903.2112,22.8531,855.5976,21.6484,816.869,20.6685,741.2044,18.754,543.2942,11.3835,92.591,1.94,86.6853,1.8163,83.3685,1.7468,78.9736,1.6547,75.3989,1.5798,68.4149,1.4335,0.0,0.0,0.0,0.0,0.0,0.0,0.0,0.0,0.0,0.0,0.0,0.0,0.0,0.0,0.0,0.0,0.0,0.0,0.0,0.0,0.0,0.0,0.0,0.0,0.0,0.0,0.0,0.0,0.0,0.0,0.0,0.0,0.0,0.0,0.0,0.5733,0.8127
128,0.001,3,10,100,16,16,2048,202,730,24,ContrastiveLoss,gru,/home/dpetrovitch/dzagcoffee/train_trace/age_pred/checkpoints/age_pred_2025-10-10 14:37:35.506749_ContrastiveLoss_gru_catboost/model_128_0.001_3_10_100_2048_16_16_ContrastiveLoss_gruepoch=00.ckpt,0,24,0.122139364,151.8656,1.0,0.0,6.2569,1.1304,6.9839,0.786,3923.1123,99.4811,1022.7138,25.9337,940.4178,23.8468,892.7778,22.6388,828.6699,21.0132,775.43,19.6631,670.4823,17.0019,183.1418,4.6555,47.7431,1.2136,43.9013,1.116,41.6774,1.0594,38.6846,0.9834,36.1992,0.9202,31.3,0.7957,0.0,0.0,0.0,0.0,0.0,0.0,0.0,0.0,0.0,0.0,0.0,0.0,0.0,0.0,0.0,0.0,0.0,0.0,0.0,0.0,0.0,0.0,0.0,0.0,0.0,0.0,0.0,0.0,0.0,0.0,0.0,0.0,0.0,0.0,0.0,0.4556,0.7187
128,0.001,3,10,100,16,16,2048,202,730,24,ContrastiveLoss,gru,/home/dpetrovitch/dzagcoffee/train_trace/age_pred/checkpoints/age_pred_2025-10-10 14:37:35.506749_ContrastiveLoss_gru_catboost/model_128_0.001_3_10_100_2048_16_16_ContrastiveLoss_gruepoch=01.ckpt,1,24,0.19241239,188.715,1.0,0.0,6.2493,1.1515,7.4248,0.758,4933.9214,124.8631,1031.7075,26.1095,953.6343,24.1337,908.1476,22.9825,845.6483,21.4009,792.6551,20.0598,687.8242,17.4068,264.5137,6.3116,55.3111,1.3198,51.1255,1.2199,48.6869,1.1617,45.3363,1.0818,42.4952,1.014,36.8751,0.8799,0.0,0.0,0.0,0.0,0.0,0.0,0.0,0.0,0.0,0.0,0.0,0.0,0.0,0.0,0.0,0.0,0.0,0.0,0.0,0.0,0.0,0.0,0.0,0.0,0.0,0.0,0.0,0.0,0.0,0.0,0.0,0.0,0.0,0.0,0.0,0.5067,0.7466
128,0.001,3,10,100,16,16,2048,202,730,24,ContrastiveLoss,gru,/home/dpetrovitch/dzagcoffee/train_trace/age_pred/checkpoints/age_pred_2025-10-10 14:37:35.506749_ContrastiveLoss_gru_catboost/model_128_0.001_3_10_100_2048_16_16_ContrastiveLoss_gruepoch=02.ckpt,2,24,0.25065106,191.5074,1.0,0.0,6.0387,1.1589,8.0214,0.7482,5153.1816,130.4884,994.1728,25.1743,919.1141,23.2737,875.846,22.1781,817.3212,20.6961,768.6746,19.4643,671.3929,17.0009,343.6762,7.9784,66.3034,1.5392,61.2976,1.423,58.412,1.356,54.5088,1.2654,51.2645,1.1901,44.7766,1.0395,0.0,0.0,0.0,0.0,0.0,0.0,0.0,0.0,0.0,0.0,0.0,0.0,0.0,0.0,0.0,0.0,0.0,0.0,0.0,0.0,0.0,0.0,0.0,0.0,0.0,0.0,0.0,0.0,0.0,0.0,0.0,0.0,0.0,0.0,0.0,0.5189,0.767
128,0.001,3,10,100,16,16,2048,202,730,24,ContrastiveLoss,gru,/home/dpetrovitch/dzagcoffee/train_trace/age_pred/checkpoints/age_pred_2025-10-10 14:37:35.506749_ContrastiveLoss_gru_catboost/model_128_0.001_3_10_100_2048_16_16_ContrastiveLoss_gruepoch=03.ckpt,3,24,0.26514167,183.7893,1.0,0.0,5.8139,1.1611,8.3897,0.7452,5162.8994,130.8132,971.5444,24.6162,898.7457,22.7717,857.6802,21.7312,803.3659,20.355,759.4577,19.2425,674.9954,17.1025,377.2001,8.7145,70.9808,1.6399,65.6621,1.517,62.6619,1.4477,58.6937,1.356,55.4858,1.2819,49.315,1.1393,0.0,0.0,0.0,0.0,0.0,0.0,0.0,0.0,0.0,0.0,0.0,0.0,0.0,0.0,0.0,0.0,0.0,0.0,0.0,0.0,0.0,0.0,0.0,0.0,0.0,0.0,0.0,0.0,0.0,0.0,0.0,0.0,0.0,0.0,0.0,0.5267,0.7796
128,0.001,3,10,100,16,16,2048,202,730,24,ContrastiveLoss,gru,/home/dpetrovitch/dzagcoffee/train_trace/age_pred/checkpoints/age_pred_2025-10-10 14:37:35.506749_ContrastiveLoss_gru_catboost/model_128_0.001_3_10_100_2048_16_16_ContrastiveLoss_gruepoch=04.ckpt,4,24,0.28158537,182.7291,1.0,0.0,5.5339,1.1787,8.4195,0.7229,5218.1543,132.2423,958.9289,24.3019,887.4061,22.4893,847.2524,21.4717,794.9575,20.1464,753.0205,19.0836,674.7978,17.1012,429.8469,9.7036,78.992,1.7832,73.1003,1.6502,69.7927,1.5755,65.4848,1.4783,62.0303,1.4003,55.5867,1.2548,0.0,0.0,0.0,0.0,0.0,0.0,0.0,0.0,0.0,0.0,0.0,0.0,0.0,0.0,0.0,0.0,0.0,0.0,0.0,0.0,0.0,0.0,0.0,0.0,0.0,0.0,0.0,0.0,0.0,0.0,0.0,0.0,0.0,0.0,0.0,0.53,0.7821
128,0.001,3,10,100,16,16,2048,202,730,24,ContrastiveLoss,gru,/home/dpetrovitch/dzagcoffee/train_trace/age_pred/checkpoints/age_pred_2025-10-10 14:37:35.506749_ContrastiveLoss_gru_catboost/model_128_0.001_3_10_100_2048_16_16_ContrastiveLoss_gruepoch=05.ckpt,5,24,0.29005882,170.0804,1.0,0.0,5.338,1.1989,8.4116,0.6993,5196.504,131.7242,942.8954,23.9011,870.9924,22.0785,831.1875,21.0695,779.4943,19.7591,738.6107,18.7228,663.663,16.8229,462.2234,10.4011,83.8695,1.8873,77.4738,1.7433,73.9332,1.6637,69.3352,1.5602,65.6986,1.4784,59.0321,1.3284,0.0,0.0,0.0,0.0,0.0,0.0,0.0,0.0,0.0,0.0,0.0,0.0,0.0,0.0,0.0,0.0,0.0,0.0,0.0,0.0,0.0,0.0,0.0,0.0,0.0,0.0,0.0,0.0,0.0,0.0,0.0,0.0,0.0,0.0,0.0,0.5589,0.7944
128,0.001,3,10,100,16,16,2048,202,730,24,ContrastiveLoss,gru,/home/dpetrovitch/dzagcoffee/train_trace/age_pred/checkpoints/age_pred_2025-10-10 14:37:35.506749_ContrastiveLoss_gru_catboost/model_128_0.001_3_10_100_2048_16_16_ContrastiveLoss_gruepoch=06.ckpt,6,24,0.29271224,169.192,1.0,0.0,5.3874,1.1868,10.0333,0.7129,5344.3486,135.4067,965.3049,24.4574,896.5654,22.7158,858.0702,21.7404,808.2202,20.4774,768.9881,19.4834,696.9341,17.6578,490.378,10.7307,88.5729,1.9382,82.2656,1.8002,78.7334,1.7229,74.1593,1.6228,70.5595,1.544,63.9481,1.3993,0.0,0.0,0.0,0.0,0.0,0.0,0.0,0.0,0.0,0.0,0.0,0.0,0.0,0.0,0.0,0.0,0.0,0.0,0.0,0.0,0.0,0.0,0.0,0.0,0.0,0.0,0.0,0.0,0.0,0.0,0.0,0.0,0.0,0.0,0.0,0.5389,0.7895
128,0.001,3,10,100,16,16,2048,202,730,24,ContrastiveLoss,gru,/home/dpetrovitch/dzagcoffee/train_trace/age_pred/checkpoints/age_pred_2025-10-10 14:37:35.506749_ContrastiveLoss_gru_catboost/model_128_0.001_3_10_100_2048_16_16_ContrastiveLoss_gruepoch=07.ckpt,7,24,0.29726955,177.9422,1.0,0.0,5.4615,1.2094,8.7508,0.6862,5506.8096,139.4667,967.555,24.5045,899.0482,22.7695,860.5399,21.7942,809.5857,20.5037,769.1639,19.48,695.4327,17.6127,512.168,11.1054,89.9887,1.9512,83.6171,1.8131,80.0356,1.7354,75.2966,1.6327,71.5371,1.5511,64.6796,1.4025,0.0,0.0,0.0,0.0,0.0,0.0,0.0,0.0,0.0,0.0,0.0,0.0,0.0,0.0,0.0,0.0,0.0,0.0,0.0,0.0,0.0,0.0,0.0,0.0,0.0,0.0,0.0,0.0,0.0,0.0,0.0,0.0,0.0,0.0,0.0,0.5544,0.7893
128,0.001,3,10,100,16,16,2048,202,730,24,ContrastiveLoss,gru,/home/dpetrovitch/dzagcoffee/train_trace/age_pred/checkpoints/age_pred_2025-10-10 14:37:35.506749_ContrastiveLoss_gru_catboost/model_128_0.001_3_10_100_2048_16_16_ContrastiveLoss_gruepoch=08.ckpt,8,24,0.30969855,176.9011,1.0,0.0,5.5703,1.1912,8.9582,0.7075,5527.5425,139.9336,976.7313,24.7266,908.53,23.0001,870.473,22.0366,820.2723,20.7658,779.7948,19.741,702.9329,17.7952,511.0183,10.9133,90.2983,1.9284,83.9931,1.7938,80.4748,1.7186,75.8337,1.6195,72.0916,1.5396,64.9858,1.3878,0.0,0.0,0.0,0.0,0.0,0.0,0.0,0.0,0.0,0.0,0.0,0.0,0.0,0.0,0.0,0.0,0.0,0.0,0.0,0.0,0.0,0.0,0.0,0.0,0.0,0.0,0.0,0.0,0.0,0.0,0.0,0.0,0.0,0.0,0.0,0.5456,0.7953
128,0.001,3,10,100,16,16,2048,202,730,24,ContrastiveLoss,gru,/home/dpetrovitch/dzagcoffee/train_trace/age_pred/checkpoints/age_pred_2025-10-10 14:37:35.506749_ContrastiveLoss_gru_catboost/model_128_0.001_3_10_100_2048_16_16_ContrastiveLoss_gruepoch=09.ckpt,9,24,0.31259865,181.1394,1.0,0.0,5.6462,1.1972,8.9387,0.7001,5650.8022,143.0678,980.2484,24.8181,911.694,23.0824,873.1352,22.1062,821.6722,20.8032,780.7139,19.7662,704.4278,17.8348,517.6667,11.0732,89.8,1.9209,83.5198,1.7865,79.9874,1.711,75.2729,1.6101,71.5207,1.5299,64.5322,1.3804,0.0,0.0,0.0,0.0,0.0,0.0,0.0,0.0,0.0,0.0,0.0,0.0,0.0,0.0,0.0,0.0,0.0,0.0,0.0,0.0,0.0,0.0,0.0,0.0,0.0,0.0,0.0,0.0,0.0,0.0,0.0,0.0,0.0,0.0,0.0,0.5622,0.7987
128,0.001,3,10,100,16,16,2048,202,730,24,ContrastiveLoss,gru,/home/dpetrovitch/dzagcoffee/train_trace/age_pred/checkpoints/age_pred_2025-10-10 14:37:35.506749_ContrastiveLoss_gru_catboost/model_128_0.001_3_10_100_2048_16_16_ContrastiveLoss_gruepoch=10.ckpt,10,24,0.3176393,182.5028,1.0,0.0,5.7136,1.1972,8.7522,0.7002,5666.181,143.4002,981.3245,24.8354,914.1074,23.1343,876.4561,22.1814,827.3055,20.9375,788.0875,19.945,715.5631,18.1095,522.2312,11.1555,90.4451,1.932,84.2499,1.7997,80.7797,1.7256,76.2497,1.6288,72.6351,1.5516,65.9508,1.4088,0.0,0.0,0.0,0.0,0.0,0.0,0.0,0.0,0.0,0.0,0.0,0.0,0.0,0.0,0.0,0.0,0.0,0.0,0.0,0.0,0.0,0.0,0.0,0.0,0.0,0.0,0.0,0.0,0.0,0.0,0.0,0.0,0.0,0.0,0.0,0.5556,0.7966
128,0.001,3,10,100,16,16,2048,202,730,24,ContrastiveLoss,gru,/home/dpetrovitch/dzagcoffee/train_trace/age_pred/checkpoints/age_pred_2025-10-10 14:37:35.506749_ContrastiveLoss_gru_catboost/model_128_0.001_3_10_100_2048_16_16_ContrastiveLoss_gruepoch=11.ckpt,11,24,0.31825086,185.6715,1.0,0.0,5.7651,1.1962,8.5163,0.7015,5689.519,144.0232,983.07,24.8852,914.5508,23.1507,876.3409,22.1835,825.3916,20.8938,784.6166,19.8616,708.0827,17.9242,499.1842,10.8179,86.2521,1.8692,80.2404,1.7389,76.888,1.6662,72.4178,1.5694,68.8403,1.4918,62.1254,1.3463,0.0,0.0,0.0,0.0,0.0,0.0,0.0,0.0,0.0,0.0,0.0,0.0,0.0,0.0,0.0,0.0,0.0,0.0,0.0,0.0,0.0,0.0,0.0,0.0,0.0,0.0,0.0,0.0,0.0,0.0,0.0,0.0,0.0,0.0,0.0,0.5722,0.8015
128,0.001,3,10,100,16,16,2048,202,730,24,ContrastiveLoss,gru,/home/dpetrovitch/dzagcoffee/train_trace/age_pred/checkpoints/age_pred_2025-10-10 14:37:35.506749_ContrastiveLoss_gru_catboost/model_128_0.001_3_10_100_2048_16_16_ContrastiveLoss_gruepoch=12.ckpt,12,24,0.32342955,185.4188,1.0,0.0,5.787,1.1957,8.7686,0.7018,5734.652,145.1551,989.5209,25.0467,922.0719,23.3394,884.4136,22.3862,834.7028,21.1279,794.7091,20.1156,719.8293,18.2203,512.4854,10.9845,88.43,1.8954,82.4023,1.7662,79.0369,1.6941,74.5944,1.5988,71.0203,1.5222,64.3286,1.3788,0.0,0.0,0.0,0.0,0.0,0.0,0.0,0.0,0.0,0.0,0.0,0.0,0.0,0.0,0.0,0.0,0.0,0.0,0.0,0.0,0.0,0.0,0.0,0.0,0.0,0.0,0.0,0.0,0.0,0.0,0.0,0.0,0.0,0.0,0.0,0.5678,0.8106
128,0.001,3,10,100,16,16,2048,202,730,24,ContrastiveLoss,gru,/home/dpetrovitch/dzagcoffee/train_trace/age_pred/checkpoints/age_pred_2025-10-10 14:37:35.506749_ContrastiveLoss_gru_catboost/model_128_0.001_3_10_100_2048_16_16_ContrastiveLoss_gruepoch=13.ckpt,13,24,0.32677358,194.517,1.0,0.0,5.822,1.2006,9.2425,0.6957,5904.4893,149.4224,997.3589,25.2397,931.1905,23.5652,894.0728,22.6259,844.761,21.378,804.8311,20.3675,727.212,18.4032,528.2986,11.199,89.2377,1.8917,83.3174,1.7662,79.9963,1.6958,75.5842,1.6023,72.0115,1.5265,65.0666,1.3793,0.0,0.0,0.0,0.0,0.0,0.0,0.0,0.0,0.0,0.0,0.0,0.0,0.0,0.0,0.0,0.0,0.0,0.0,0.0,0.0,0.0,0.0,0.0,0.0,0.0,0.0,0.0,0.0,0.0,0.0,0.0,0.0,0.0,0.0,0.0,0.58,0.8147
128,0.001,3,10,100,16,16,2048,202,730,24,ContrastiveLoss,gru,/home/dpetrovitch/dzagcoffee/train_trace/age_pred/checkpoints/age_pred_2025-10-10 14:37:35.506749_ContrastiveLoss_gru_catboost/model_128_0.001_3_10_100_2048_16_16_ContrastiveLoss_gruepoch=14.ckpt,14,24,0.32328165,193.3799,1.0,0.0,5.8632,1.2026,8.7341,0.6937,5827.853,147.5113,991.5335,25.0971,923.8147,23.3831,886.024,22.4265,836.3026,21.168,797.1776,20.1777,724.3639,18.3347,514.8217,10.9915,87.5902,1.8701,81.6081,1.7423,78.2697,1.6711,73.8774,1.5773,70.4212,1.5035,63.989,1.3662,0.0,0.0,0.0,0.0,0.0,0.0,0.0,0.0,0.0,0.0,0.0,0.0,0.0,0.0,0.0,0.0,0.0,0.0,0.0,0.0,0.0,0.0,0.0,0.0,0.0,0.0,0.0,0.0,0.0,0.0,0.0,0.0,0.0,0.0,0.0,0.5633,0.806
128,0.001,3,10,100,16,16,2048,202,730,24,ContrastiveLoss,gru,/home/dpetrovitch/dzagcoffee/train_trace/age_pred/checkpoints/age_pred_2025-10-10 14:37:35.506749_ContrastiveLoss_gru_catboost/model_128_0.001_3_10_100_2048_16_16_ContrastiveLoss_gruepoch=15.ckpt,15,24,0.32822365,197.0172,1.0,0.0,5.9017,1.203,8.8548,0.6932,6000.642,151.8421,993.5813,25.1419,926.4378,23.4429,888.677,22.4874,838.8484,21.2265,798.9922,20.2179,722.5233,18.2829,541.1187,11.45,89.598,1.8959,83.5432,1.7678,80.1381,1.6957,75.6447,1.6006,72.0506,1.5246,65.1548,1.3787,0.0,0.0,0.0,0.0,0.0,0.0,0.0,0.0,0.0,0.0,0.0,0.0,0.0,0.0,0.0,0.0,0.0,0.0,0.0,0.0,0.0,0.0,0.0,0.0,0.0,0.0,0.0,0.0,0.0,0.0,0.0,0.0,0.0,0.0,0.0,0.5589,0.8042
128,0.001,3,10,100,16,16,2048,202,730,24,ContrastiveLoss,gru,/home/dpetrovitch/dzagcoffee/train_trace/age_pred/checkpoints/age_pred_2025-10-10 14:37:35.506749_ContrastiveLoss_gru_catboost/model_128_0.001_3_10_100_2048_16_16_ContrastiveLoss_gruepoch=16.ckpt,16,24,0.32460344,191.7336,1.0,0.0,5.9374,1.1845,9.3321,0.7149,5792.012,146.6339,998.1085,25.2687,930.9389,23.5682,893.2372,22.6137,843.3164,21.3499,803.5732,20.3437,729.1412,18.4594,499.987,10.7895,86.1603,1.8593,80.3619,1.7342,77.1074,1.6639,72.7981,1.5709,69.3673,1.4969,62.9421,1.3583,0.0,0.0,0.0,0.0,0.0,0.0,0.0,0.0,0.0,0.0,0.0,0.0,0.0,0.0,0.0,0.0,0.0,0.0,0.0,0.0,0.0,0.0,0.0,0.0,0.0,0.0,0.0,0.0,0.0,0.0,0.0,0.0,0.0,0.0,0.0,0.5822,0.8149
128,0.001,3,10,100,16,16,2048,202,730,24,ContrastiveLoss,gru,/home/dpetrovitch/dzagcoffee/train_trace/age_pred/checkpoints/age_pred_2025-10-10 14:37:35.506749_ContrastiveLoss_gru_catboost/model_128_0.001_3_10_100_2048_16_16_ContrastiveLoss_gruepoch=17.ckpt,17,24,0.3297723,198.3359,1.0,0.0,5.9686,1.1891,8.6697,0.7092,5885.8276,148.9726,997.0554,25.2359,929.5842,23.5281,891.3553,22.5605,840.5892,21.2756,799.719,20.2412,720.7415,18.2422,503.1612,10.8158,85.2352,1.8322,79.4673,1.7082,76.1992,1.638,71.8594,1.5447,68.3655,1.4696,61.614,1.3244,0.0,0.0,0.0,0.0,0.0,0.0,0.0,0.0,0.0,0.0,0.0,0.0,0.0,0.0,0.0,0.0,0.0,0.0,0.0,0.0,0.0,0.0,0.0,0.0,0.0,0.0,0.0,0.0,0.0,0.0,0.0,0.0,0.0,0.0,0.0,0.5478,0.7998
128,0.001,3,10,100,16,16,2048,202,730,24,ContrastiveLoss,gru,/home/dpetrovitch/dzagcoffee/train_trace/age_pred/checkpoints/age_pred_2025-10-10 14:37:35.506749_ContrastiveLoss_gru_catboost/model_128_0.001_3_10_100_2048_16_16_ContrastiveLoss_gruepoch=18.ckpt,18,24,0.33305714,202.5662,1.0,0.0,5.9643,1.2024,9.15,0.6939,5998.8013,151.8266,999.8852,25.3066,934.205,23.6443,897.7316,22.7211,849.6908,21.5052,811.7825,20.5458,738.5467,18.6922,521.455,11.1634,86.9165,1.8607,81.2072,1.7385,78.0367,1.6706,73.8607,1.5812,70.5654,1.5107,64.1993,1.3744,0.0,0.0,0.0,0.0,0.0,0.0,0.0,0.0,0.0,0.0,0.0,0.0,0.0,0.0,0.0,0.0,0.0,0.0,0.0,0.0,0.0,0.0,0.0,0.0,0.0,0.0,0.0,0.0,0.0,0.0,0.0,0.0,0.0,0.0,0.0,0.5656,0.812
128,0.001,3,10,100,16,16,2048,202,730,24,ContrastiveLoss,gru,/home/dpetrovitch/dzagcoffee/train_trace/age_pred/checkpoints/age_pred_2025-10-10 14:37:35.506749_ContrastiveLoss_gru_catboost/model_128_0.001_3_10_100_2048_16_16_ContrastiveLoss_gruepoch=19.ckpt,19,24,0.3270695,203.7046,1.0,0.0,6.0341,1.1907,9.2045,0.7076,6016.2617,152.2337,1004.3102,25.4128,937.5373,23.7232,899.6737,22.7651,849.3148,21.4908,808.555,20.4594,728.1485,18.4249,519.5412,11.1324,86.7284,1.8584,80.9621,1.7348,77.6924,1.6647,73.3435,1.5716,69.8237,1.4961,62.8801,1.3474,0.0,0.0,0.0,0.0,0.0,0.0,0.0,0.0,0.0,0.0,0.0,0.0,0.0,0.0,0.0,0.0,0.0,0.0,0.0,0.0,0.0,0.0,0.0,0.0,0.0,0.0,0.0,0.0,0.0,0.0,0.0,0.0,0.0,0.0,0.0,0.5578,0.8023
128,0.001,3,10,100,16,16,2048,202,730,24,ContrastiveLoss,gru,/home/dpetrovitch/dzagcoffee/train_trace/age_pred/checkpoints/age_pred_2025-10-10 14:37:35.506749_ContrastiveLoss_gru_catboost/model_128_0.001_3_10_100_2048_16_16_ContrastiveLoss_gruepoch=20.ckpt,20,24,0.33785117,203.137,1.0,0.0,6.0581,1.1912,9.195,0.707,6030.7603,152.6178,1000.7583,25.3258,934.7308,23.6548,897.6508,22.7165,848.5795,21.4746,809.7928,20.4931,734.319,18.5831,524.3662,11.1836,87.0146,1.8558,81.2736,1.7334,78.0495,1.6646,73.7828,1.5736,70.4104,1.5017,63.848,1.3617,0.0,0.0,0.0,0.0,0.0,0.0,0.0,0.0,0.0,0.0,0.0,0.0,0.0,0.0,0.0,0.0,0.0,0.0,0.0,0.0,0.0,0.0,0.0,0.0,0.0,0.0,0.0,0.0,0.0,0.0,0.0,0.0,0.0,0.0,0.0,0.5689,0.813
128,0.001,3,10,100,16,16,2048,202,730,24,ContrastiveLoss,gru,/home/dpetrovitch/dzagcoffee/train_trace/age_pred/checkpoints/age_pred_2025-10-10 14:37:35.506749_ContrastiveLoss_gru_catboost/model_128_0.001_3_10_100_2048_16_16_ContrastiveLoss_gruepoch=21.ckpt,21,24,0.32968357,201.4755,1.0,0.0,6.049,1.1951,9.0857,0.702,5986.977,151.5189,998.9685,25.282,933.0024,23.6125,896.2307,22.6819,847.9939,21.4611,809.9924,20.4994,737.1742,18.6565,533.184,11.4667,88.9654,1.9133,83.0907,1.787,79.8159,1.7165,75.52,1.6241,72.1357,1.5514,65.6507,1.4119,0.0,0.0,0.0,0.0,0.0,0.0,0.0,0.0,0.0,0.0,0.0,0.0,0.0,0.0,0.0,0.0,0.0,0.0,0.0,0.0,0.0,0.0,0.0,0.0,0.0,0.0,0.0,0.0,0.0,0.0,0.0,0.0,0.0,0.0,0.0,0.5789,0.8109
128,0.001,3,10,100,16,16,2048,202,730,24,ContrastiveLoss,gru,/home/dpetrovitch/dzagcoffee/train_trace/age_pred/checkpoints/age_pred_2025-10-10 14:37:35.506749_ContrastiveLoss_gru_catboost/model_128_0.001_3_10_100_2048_16_16_ContrastiveLoss_gruepoch=22.ckpt,22,24,0.33283025,206.4584,1.0,0.0,6.0558,1.1968,8.8934,0.7005,6123.838,155.0079,1000.0216,25.3128,933.4281,23.6271,895.8898,22.6769,846.0491,21.4154,806.2102,20.407,727.9676,18.4265,526.7865,11.355,86.0241,1.8543,80.2956,1.7308,77.0665,1.6612,72.7791,1.5688,69.352,1.4949,62.6214,1.3498,0.0,0.0,0.0,0.0,0.0,0.0,0.0,0.0,0.0,0.0,0.0,0.0,0.0,0.0,0.0,0.0,0.0,0.0,0.0,0.0,0.0,0.0,0.0,0.0,0.0,0.0,0.0,0.0,0.0,0.0,0.0,0.0,0.0,0.0,0.0,0.5811,0.813
128,0.001,3,10,100,16,16,2048,202,730,24,ContrastiveLoss,gru,/home/dpetrovitch/dzagcoffee/train_trace/age_pred/checkpoints/age_pred_2025-10-10 14:37:35.506749_ContrastiveLoss_gru_catboost/model_128_0.001_3_10_100_2048_16_16_ContrastiveLoss_gruepoch=23.ckpt,23,24,0.33511877,209.5462,1.0,0.0,6.0733,1.1977,8.7947,0.7,6172.529,156.2333,1003.9689,25.4115,936.27,23.698,897.6525,22.7205,846.073,21.415,804.4927,20.3626,722.8864,18.297,525.0126,11.2724,85.3939,1.8335,79.6357,1.7098,76.351,1.6393,71.9639,1.5451,68.4272,1.4692,61.4861,1.3202,0.0,0.0,0.0,0.0,0.0,0.0,0.0,0.0,0.0,0.0,0.0,0.0,0.0,0.0,0.0,0.0,0.0,0.0,0.0,0.0,0.0,0.0,0.0,0.0,0.0,0.0,0.0,0.0,0.0,0.0,0.0,0.0,0.0,0.0,0.0,0.6,0.8201
128,0.001,3,10,100,16,16,4096,202,730,24,ContrastiveLoss,gru,/home/dpetrovitch/dzagcoffee/train_trace/age_pred/checkpoints/age_pred_2025-10-10 14:37:35.506749_ContrastiveLoss_gru_catboost/model_128_0.001_3_10_100_4096_16_16_ContrastiveLoss_gruepoch=00.ckpt,0,24,0.112945884,209.108,1.0,0.0,6.6344,1.1043,8.0867,0.8206,15974.795,404.6342,1010.2193,25.5884,950.0268,24.0637,916.0791,23.2039,870.978,22.0615,834.4467,21.1361,767.4667,19.4396,1064.2994,25.4327,67.3045,1.6083,63.2943,1.5125,61.0326,1.4584,58.0278,1.3866,55.5939,1.3285,51.1314,1.2218,0.0,0.0,0.0,0.0,0.0,0.0,0.0,0.0,0.0,0.0,0.0,0.0,0.0,0.0,0.0,0.0,0.0,0.0,0.0,0.0,0.0,0.0,0.0,0.0,0.0,0.0,0.0,0.0,0.0,0.0,0.0,0.0,0.0,0.0,0.0,0.4722,0.7438
128,0.001,3,10,100,16,16,4096,202,730,24,ContrastiveLoss,gru,/home/dpetrovitch/dzagcoffee/train_trace/age_pred/checkpoints/age_pred_2025-10-10 14:37:35.506749_ContrastiveLoss_gru_catboost/model_128_0.001_3_10_100_4096_16_16_ContrastiveLoss_gruepoch=01.ckpt,1,24,0.18225221,242.3028,1.0,0.0,6.2934,1.1097,9.9376,0.8124,17140.598,433.3872,1074.7848,27.1751,1012.829,25.6086,977.4333,24.7137,930.1142,23.5172,892.6576,22.5702,823.4321,20.8199,1169.4153,25.5339,73.3271,1.6011,69.1001,1.5088,66.6853,1.4561,63.4569,1.3856,60.9015,1.3298,56.1786,1.2266,0.0,0.0,0.0,0.0,0.0,0.0,0.0,0.0,0.0,0.0,0.0,0.0,0.0,0.0,0.0,0.0,0.0,0.0,0.0,0.0,0.0,0.0,0.0,0.0,0.0,0.0,0.0,0.0,0.0,0.0,0.0,0.0,0.0,0.0,0.0,0.5244,0.7752
128,0.001,3,10,100,16,16,4096,202,730,24,ContrastiveLoss,gru,/home/dpetrovitch/dzagcoffee/train_trace/age_pred/checkpoints/age_pred_2025-10-10 14:37:35.506749_ContrastiveLoss_gru_catboost/model_128_0.001_3_10_100_4096_16_16_ContrastiveLoss_gruepoch=02.ckpt,2,24,0.20993136,268.9356,1.0,0.0,5.8783,1.1187,8.9718,0.7995,17329.102,437.7204,1077.004,27.2043,1014.7796,25.6326,978.9659,24.728,931.2045,23.5215,892.909,22.5542,823.2188,20.7939,1265.4307,26.8367,78.6465,1.6679,74.1027,1.5715,71.4875,1.5161,67.9998,1.4421,65.2033,1.3828,60.1143,1.2749,0.0,0.0,0.0,0.0,0.0,0.0,0.0,0.0,0.0,0.0,0.0,0.0,0.0,0.0,0.0,0.0,0.0,0.0,0.0,0.0,0.0,0.0,0.0,0.0,0.0,0.0,0.0,0.0,0.0,0.0,0.0,0.0,0.0,0.0,0.0,0.5367,0.7865
128,0.001,3,10,100,16,16,4096,202,730,24,ContrastiveLoss,gru,/home/dpetrovitch/dzagcoffee/train_trace/age_pred/checkpoints/age_pred_2025-10-10 14:37:35.506749_ContrastiveLoss_gru_catboost/model_128_0.001_3_10_100_4096_16_16_ContrastiveLoss_gruepoch=03.ckpt,3,24,0.23720607,296.8304,1.0,1e-04,5.5068,1.1275,7.7344,0.7874,17277.701,436.4327,1075.4628,27.1661,1010.0754,25.5144,972.3048,24.5603,921.0726,23.2662,879.3191,22.2115,803.0717,20.2855,1100.986,24.3735,68.5317,1.5171,64.365,1.4249,61.9581,1.3716,58.6935,1.2994,56.0328,1.2404,51.1741,1.1329,0.0,0.0,0.0,0.0,0.0,0.0,0.0,0.0,0.0,0.0,0.0,0.0,0.0,0.0,0.0,0.0,0.0,0.0,0.0,0.0,0.0,0.0,0.0,0.0,0.0,0.0,0.0,0.0,0.0,0.0,0.0,0.0,0.0,0.0,0.0,0.5489,0.7901
128,0.001,3,10,100,16,16,4096,202,730,24,ContrastiveLoss,gru,/home/dpetrovitch/dzagcoffee/train_trace/age_pred/checkpoints/age_pred_2025-10-10 14:37:35.506749_ContrastiveLoss_gru_catboost/model_128_0.001_3_10_100_4096_16_16_ContrastiveLoss_gruepoch=04.ckpt,4,24,0.24476208,305.2542,1.0,1e-04,5.6627,1.128,8.5238,0.7864,17295.34,436.7252,1092.8255,27.595,1027.5003,25.9454,989.8984,24.996,940.8035,23.7563,903.3692,22.811,838.5202,21.1735,1111.7402,23.6607,70.2466,1.495,66.0475,1.4057,63.6304,1.3542,60.4746,1.2871,58.0684,1.2358,53.8999,1.1471,0.0,0.0,0.0,0.0,0.0,0.0,0.0,0.0,0.0,0.0,0.0,0.0,0.0,0.0,0.0,0.0,0.0,0.0,0.0,0.0,0.0,0.0,0.0,0.0,0.0,0.0,0.0,0.0,0.0,0.0,0.0,0.0,0.0,0.0,0.0,0.5389,0.7875
128,0.001,3,10,100,16,16,4096,202,730,24,ContrastiveLoss,gru,/home/dpetrovitch/dzagcoffee/train_trace/age_pred/checkpoints/age_pred_2025-10-10 14:37:35.506749_ContrastiveLoss_gru_catboost/model_128_0.001_3_10_100_4096_16_16_ContrastiveLoss_gruepoch=05.ckpt,5,24,0.2404514,319.9732,1.0,1e-04,5.5546,1.1204,11.8143,0.797,17361.09,438.4071,1127.0807,28.4614,1065.8865,26.9161,1030.6147,26.0254,983.7253,24.8413,946.7022,23.9064,880.8601,22.2437,1051.5913,22.1794,68.2692,1.4399,64.5626,1.3617,62.4261,1.3166,59.5859,1.2567,57.3434,1.2094,53.3552,1.1253,0.0,0.0,0.0,0.0,0.0,0.0,0.0,0.0,0.0,0.0,0.0,0.0,0.0,0.0,0.0,0.0,0.0,0.0,0.0,0.0,0.0,0.0,0.0,0.0,0.0,0.0,0.0,0.0,0.0,0.0,0.0,0.0,0.0,0.0,0.0,0.5633,0.7994
128,0.001,3,10,100,16,16,4096,202,730,24,ContrastiveLoss,gru,/home/dpetrovitch/dzagcoffee/train_trace/age_pred/checkpoints/age_pred_2025-10-10 14:37:35.506749_ContrastiveLoss_gru_catboost/model_128_0.001_3_10_100_4096_16_16_ContrastiveLoss_gruepoch=06.ckpt,6,24,0.25645122,338.028,1.0,1e-04,5.356,1.1256,8.7516,0.7898,17500.918,441.7897,1100.7068,27.786,1037.2911,26.1852,1001.1128,25.2719,954.0332,24.0834,917.9563,23.1727,856.1538,21.6126,1048.1272,22.6695,65.9212,1.4258,62.1232,1.3436,59.9565,1.2968,57.1369,1.2358,54.9763,1.1891,51.2749,1.109,0.0,0.0,0.0,0.0,0.0,0.0,0.0,0.0,0.0,0.0,0.0,0.0,0.0,0.0,0.0,0.0,0.0,0.0,0.0,0.0,0.0,0.0,0.0,0.0,0.0,0.0,0.0,0.0,0.0,0.0,0.0,0.0,0.0,0.0,0.0,0.5411,0.7893
128,0.001,3,10,100,16,16,4096,202,730,24,ContrastiveLoss,gru,/home/dpetrovitch/dzagcoffee/train_trace/age_pred/checkpoints/age_pred_2025-10-10 14:37:35.506749_ContrastiveLoss_gru_catboost/model_128_0.001_3_10_100_4096_16_16_ContrastiveLoss_gruepoch=07.ckpt,7,24,0.25984454,348.3248,1.0,1e-04,5.2287,1.1229,9.825,0.7935,17375.07,438.6617,1111.0411,28.05,1049.6852,26.501,1014.6557,25.6166,968.1232,24.4418,931.4901,23.517,867.1494,21.8926,1060.2609,22.8527,67.7979,1.4613,64.0538,1.3806,61.9163,1.3345,59.0768,1.2733,56.8414,1.2252,52.9152,1.1405,0.0,0.0,0.0,0.0,0.0,0.0,0.0,0.0,0.0,0.0,0.0,0.0,0.0,0.0,0.0,0.0,0.0,0.0,0.0,0.0,0.0,0.0,0.0,0.0,0.0,0.0,0.0,0.0,0.0,0.0,0.0,0.0,0.0,0.0,0.0,0.5578,0.8005
128,0.001,3,10,100,16,16,4096,202,730,24,ContrastiveLoss,gru,/home/dpetrovitch/dzagcoffee/train_trace/age_pred/checkpoints/age_pred_2025-10-10 14:37:35.506749_ContrastiveLoss_gru_catboost/model_128_0.001_3_10_100_4096_16_16_ContrastiveLoss_gruepoch=08.ckpt,8,24,0.25638217,361.889,1.0,1e-04,5.3477,1.1196,10.8636,0.798,18322.521,462.3698,1149.7594,29.0142,1091.0267,27.5321,1057.4372,26.6845,1013.2798,25.5702,979.0778,24.7071,919.6721,23.208,1121.5648,22.8757,70.3795,1.4355,66.7843,1.3621,64.7282,1.3202,62.0253,1.2651,59.9317,1.2224,56.2953,1.1482,0.0,0.0,0.0,0.0,0.0,0.0,0.0,0.0,0.0,0.0,0.0,0.0,0.0,0.0,0.0,0.0,0.0,0.0,0.0,0.0,0.0,0.0,0.0,0.0,0.0,0.0,0.0,0.0,0.0,0.0,0.0,0.0,0.0,0.0,0.0,0.5778,0.8048
128,0.001,3,10,100,16,16,4096,202,730,24,ContrastiveLoss,gru,/home/dpetrovitch/dzagcoffee/train_trace/age_pred/checkpoints/age_pred_2025-10-10 14:37:35.506749_ContrastiveLoss_gru_catboost/model_128_0.001_3_10_100_4096_16_16_ContrastiveLoss_gruepoch=09.ckpt,9,24,0.26387903,382.776,1.0,1e-04,5.1693,1.1243,9.3536,0.7914,18761.982,473.5402,1146.4974,28.9368,1084.5665,27.3737,1048.6176,26.4664,1000.9809,25.2641,963.9731,24.3301,899.361,22.6993,1101.3071,22.7843,67.2981,1.3923,63.6628,1.3171,61.5527,1.2734,58.7564,1.2156,56.5841,1.1706,52.7915,1.0922,0.0,0.0,0.0,0.0,0.0,0.0,0.0,0.0,0.0,0.0,0.0,0.0,0.0,0.0,0.0,0.0,0.0,0.0,0.0,0.0,0.0,0.0,0.0,0.0,0.0,0.0,0.0,0.0,0.0,0.0,0.0,0.0,0.0,0.0,0.0,0.5656,0.8052
128,0.001,3,10,100,16,16,4096,202,730,24,ContrastiveLoss,gru,/home/dpetrovitch/dzagcoffee/train_trace/age_pred/checkpoints/age_pred_2025-10-10 14:37:35.506749_ContrastiveLoss_gru_catboost/model_128_0.001_3_10_100_4096_16_16_ContrastiveLoss_gruepoch=10.ckpt,10,24,0.28142756,397.4474,1.0,1e-04,4.9549,1.1365,10.4693,0.7747,18806.436,474.5896,1111.667,28.0535,1052.9473,26.5716,1019.6972,25.7326,975.9475,24.6285,941.6823,23.7638,881.0768,22.2344,1267.8711,26.1589,74.9451,1.5463,70.9864,1.4646,68.7448,1.4184,65.7953,1.3575,63.4853,1.3098,59.3994,1.2255,0.0,0.0,0.0,0.0,0.0,0.0,0.0,0.0,0.0,0.0,0.0,0.0,0.0,0.0,0.0,0.0,0.0,0.0,0.0,0.0,0.0,0.0,0.0,0.0,0.0,0.0,0.0,0.0,0.0,0.0,0.0,0.0,0.0,0.0,0.0,0.5689,0.8046
128,0.001,3,10,100,16,16,4096,202,730,24,ContrastiveLoss,gru,/home/dpetrovitch/dzagcoffee/train_trace/age_pred/checkpoints/age_pred_2025-10-10 14:37:35.506749_ContrastiveLoss_gru_catboost/model_128_0.001_3_10_100_4096_16_16_ContrastiveLoss_gruepoch=11.ckpt,11,24,0.27845842,400.0892,1.0,1e-04,4.9249,1.1339,9.6644,0.7783,18753.264,473.3086,1115.0108,28.1415,1054.469,26.6135,1020.0223,25.7441,975.4017,24.6179,941.3698,23.759,882.7482,22.2794,1178.2844,24.6968,70.0571,1.4684,66.2532,1.3887,64.0889,1.3433,61.2854,1.2845,59.1471,1.2397,55.4639,1.1625,0.0,0.0,0.0,0.0,0.0,0.0,0.0,0.0,0.0,0.0,0.0,0.0,0.0,0.0,0.0,0.0,0.0,0.0,0.0,0.0,0.0,0.0,0.0,0.0,0.0,0.0,0.0,0.0,0.0,0.0,0.0,0.0,0.0,0.0,0.0,0.5622,0.8005
128,0.001,3,10,100,16,16,4096,202,730,24,ContrastiveLoss,gru,/home/dpetrovitch/dzagcoffee/train_trace/age_pred/checkpoints/age_pred_2025-10-10 14:37:35.506749_ContrastiveLoss_gru_catboost/model_128_0.001_3_10_100_4096_16_16_ContrastiveLoss_gruepoch=12.ckpt,12,24,0.28203917,401.5857,1.0,1e-04,4.8602,1.136,10.9496,0.7754,18833.219,475.4022,1106.4068,27.9287,1044.6658,26.3702,1009.5463,25.4837,963.4874,24.3211,927.7996,23.4202,867.4272,21.8962,1202.9869,25.5067,70.6726,1.4985,66.7289,1.4148,64.4856,1.3673,61.5435,1.3049,59.2639,1.2566,55.4076,1.1748,0.0,0.0,0.0,0.0,0.0,0.0,0.0,0.0,0.0,0.0,0.0,0.0,0.0,0.0,0.0,0.0,0.0,0.0,0.0,0.0,0.0,0.0,0.0,0.0,0.0,0.0,0.0,0.0,0.0,0.0,0.0,0.0,0.0,0.0,0.0,0.5756,0.8095
128,0.001,3,10,100,16,16,4096,202,730,24,ContrastiveLoss,gru,/home/dpetrovitch/dzagcoffee/train_trace/age_pred/checkpoints/age_pred_2025-10-10 14:37:35.506749_ContrastiveLoss_gru_catboost/model_128_0.001_3_10_100_4096_16_16_ContrastiveLoss_gruepoch=13.ckpt,13,24,0.2842389,409.3288,1.0,1e-04,4.7826,1.1366,10.0897,0.7746,18886.875,476.6383,1108.2829,27.9692,1048.8566,26.4695,1015.2363,25.621,971.2812,24.5117,937.5705,23.661,879.2967,22.1904,1254.9078,26.2761,73.6381,1.5419,69.6896,1.4592,67.4557,1.4124,64.5352,1.3513,62.2954,1.3044,58.4234,1.2233,0.0,0.0,0.0,0.0,0.0,0.0,0.0,0.0,0.0,0.0,0.0,0.0,0.0,0.0,0.0,0.0,0.0,0.0,0.0,0.0,0.0,0.0,0.0,0.0,0.0,0.0,0.0,0.0,0.0,0.0,0.0,0.0,0.0,0.0,0.0,0.5522,0.8094
128,0.001,3,10,100,16,16,4096,202,730,24,ContrastiveLoss,gru,/home/dpetrovitch/dzagcoffee/train_trace/age_pred/checkpoints/age_pred_2025-10-10 14:37:35.506749_ContrastiveLoss_gru_catboost/model_128_0.001_3_10_100_4096_16_16_ContrastiveLoss_gruepoch=14.ckpt,14,24,0.27256945,392.4878,1.0,1e-04,4.8486,1.1267,11.2342,0.7882,18377.947,463.9461,1113.6802,28.1145,1053.2753,26.5896,1018.8948,25.7217,973.8125,24.5836,938.6685,23.6964,878.6609,22.1815,1187.4607,25.0759,71.9586,1.5196,68.0556,1.4371,65.8342,1.3902,62.9213,1.3287,60.6505,1.2808,56.7732,1.1989,0.0,0.0,0.0,0.0,0.0,0.0,0.0,0.0,0.0,0.0,0.0,0.0,0.0,0.0,0.0,0.0,0.0,0.0,0.0,0.0,0.0,0.0,0.0,0.0,0.0,0.0,0.0,0.0,0.0,0.0,0.0,0.0,0.0,0.0,0.0,0.5722,0.804
128,0.001,3,10,100,16,16,4096,202,730,24,ContrastiveLoss,gru,/home/dpetrovitch/dzagcoffee/train_trace/age_pred/checkpoints/age_pred_2025-10-10 14:37:35.506749_ContrastiveLoss_gru_catboost/model_128_0.001_3_10_100_4096_16_16_ContrastiveLoss_gruepoch=15.ckpt,15,24,0.27866557,397.4688,1.0,1e-04,4.7889,1.1361,10.61,0.7753,18500.531,467.0391,1089.8502,27.5129,1030.1983,26.007,996.8288,25.1646,953.6474,24.0745,920.7016,23.2428,864.809,21.8318,1277.8474,26.9415,75.2769,1.5871,71.1567,1.5002,68.8518,1.4516,65.8692,1.3888,63.5936,1.3408,59.7331,1.2594,0.0,0.0,0.0,0.0,0.0,0.0,0.0,0.0,0.0,0.0,0.0,0.0,0.0,0.0,0.0,0.0,0.0,0.0,0.0,0.0,0.0,0.0,0.0,0.0,0.0,0.0,0.0,0.0,0.0,0.0,0.0,0.0,0.0,0.0,0.0,0.5489,0.7974
128,0.001,3,10,100,16,16,4096,202,730,24,ContrastiveLoss,gru,/home/dpetrovitch/dzagcoffee/train_trace/age_pred/checkpoints/age_pred_2025-10-10 14:37:35.506749_ContrastiveLoss_gru_catboost/model_128_0.001_3_10_100_4096_16_16_ContrastiveLoss_gruepoch=16.ckpt,16,24,0.28264087,405.0827,1.0,1e-04,4.7588,1.1439,11.4058,0.7648,19094.521,481.9569,1103.6162,27.8559,1045.1851,26.3811,1011.96,25.5425,968.3353,24.4413,934.3092,23.5825,875.8827,22.1078,1408.2678,28.6488,81.3944,1.6558,77.085,1.5682,74.6345,1.5183,71.4171,1.4529,68.9076,1.4018,64.5985,1.3141,0.0,0.0,0.0,0.0,0.0,0.0,0.0,0.0,0.0,0.0,0.0,0.0,0.0,0.0,0.0,0.0,0.0,0.0,0.0,0.0,0.0,0.0,0.0,0.0,0.0,0.0,0.0,0.0,0.0,0.0,0.0,0.0,0.0,0.0,0.0,0.5678,0.8052
128,0.001,3,10,100,16,16,4096,202,730,24,ContrastiveLoss,gru,/home/dpetrovitch/dzagcoffee/train_trace/age_pred/checkpoints/age_pred_2025-10-10 14:37:35.506749_ContrastiveLoss_gru_catboost/model_128_0.001_3_10_100_4096_16_16_ContrastiveLoss_gruepoch=17.ckpt,17,24,0.3024779,408.1538,1.0,1e-04,4.7513,1.1457,9.2518,0.7625,19059.61,481.0961,1096.9037,27.6877,1035.5791,26.1397,1000.7858,25.2615,955.3786,24.1153,920.7752,23.2419,862.3334,21.7667,1263.843,26.7335,72.7357,1.5385,68.6693,1.4525,66.3621,1.4037,63.3512,1.34,61.0566,1.2915,57.1813,1.2095,0.0,0.0,0.0,0.0,0.0,0.0,0.0,0.0,0.0,0.0,0.0,0.0,0.0,0.0,0.0,0.0,0.0,0.0,0.0,0.0,0.0,0.0,0.0,0.0,0.0,0.0,0.0,0.0,0.0,0.0,0.0,0.0,0.0,0.0,0.0,0.5911,0.8114
128,0.001,3,10,100,16,16,4096,202,730,24,ContrastiveLoss,gru,/home/dpetrovitch/dzagcoffee/train_trace/age_pred/checkpoints/age_pred_2025-10-10 14:37:35.506749_ContrastiveLoss_gru_catboost/model_128_0.001_3_10_100_4096_16_16_ContrastiveLoss_gruepoch=18.ckpt,18,24,0.28908223,385.3032,1.0,1e-04,4.8854,1.1297,10.9121,0.7839,18332.254,462.8174,1102.7566,27.8403,1043.6952,26.3492,1010.1419,25.5021,966.3481,24.3965,932.2849,23.5365,874.0132,22.0654,1325.7477,27.0886,79.7489,1.6295,75.4777,1.5422,73.0512,1.4926,69.8841,1.4279,67.4208,1.3776,63.2067,1.2915,0.0,0.0,0.0,0.0,0.0,0.0,0.0,0.0,0.0,0.0,0.0,0.0,0.0,0.0,0.0,0.0,0.0,0.0,0.0,0.0,0.0,0.0,0.0,0.0,0.0,0.0,0.0,0.0,0.0,0.0,0.0,0.0,0.0,0.0,0.0,0.5689,0.804
128,0.001,3,10,100,16,16,4096,202,730,24,ContrastiveLoss,gru,/home/dpetrovitch/dzagcoffee/train_trace/age_pred/checkpoints/age_pred_2025-10-10 14:37:35.506749_ContrastiveLoss_gru_catboost/model_128_0.001_3_10_100_4096_16_16_ContrastiveLoss_gruepoch=19.ckpt,19,24,0.29666787,400.1648,1.0,1e-04,4.8069,1.1414,10.5584,0.7681,18930.762,477.852,1093.8215,27.6103,1035.2342,26.1315,1002.2576,25.2991,959.3672,24.2164,926.2822,23.3813,869.3907,21.9452,1341.1686,27.8073,77.4929,1.6067,73.3422,1.5206,71.0059,1.4722,67.9673,1.4092,65.6234,1.3606,61.5928,1.277,0.0,0.0,0.0,0.0,0.0,0.0,0.0,0.0,0.0,0.0,0.0,0.0,0.0,0.0,0.0,0.0,0.0,0.0,0.0,0.0,0.0,0.0,0.0,0.0,0.0,0.0,0.0,0.0,0.0,0.0,0.0,0.0,0.0,0.0,0.0,0.5533,0.8004
128,0.001,3,10,100,16,16,4096,202,730,24,ContrastiveLoss,gru,/home/dpetrovitch/dzagcoffee/train_trace/age_pred/checkpoints/age_pred_2025-10-10 14:37:35.506749_ContrastiveLoss_gru_catboost/model_128_0.001_3_10_100_4096_16_16_ContrastiveLoss_gruepoch=20.ckpt,20,24,0.30520046,394.9982,1.0,1e-04,4.7756,1.1545,11.1799,0.751,19300.406,487.1354,1083.4589,27.3461,1024.7449,25.8642,991.3371,25.021,947.2871,23.9092,913.2715,23.0506,854.8525,21.5762,1604.9287,32.2586,90.0952,1.8109,85.2128,1.7128,82.4348,1.6569,78.7718,1.5833,75.9433,1.5264,71.0854,1.4288,0.0,0.0,0.0,0.0,0.0,0.0,0.0,0.0,0.0,0.0,0.0,0.0,0.0,0.0,0.0,0.0,0.0,0.0,0.0,0.0,0.0,0.0,0.0,0.0,0.0,0.0,0.0,0.0,0.0,0.0,0.0,0.0,0.0,0.0,0.0,0.5456,0.8072
128,0.001,3,10,100,16,16,4096,202,730,24,ContrastiveLoss,gru,/home/dpetrovitch/dzagcoffee/train_trace/age_pred/checkpoints/age_pred_2025-10-10 14:37:35.506749_ContrastiveLoss_gru_catboost/model_128_0.001_3_10_100_4096_16_16_ContrastiveLoss_gruepoch=21.ckpt,21,24,0.30985638,389.0142,1.0,1e-04,4.7704,1.1554,9.7955,0.7498,19197.99,484.5575,1073.3111,27.0904,1013.9668,25.5925,980.1884,24.74,936.9397,23.6484,903.737,22.8103,847.5559,21.3923,1574.2845,31.8164,88.0143,1.7788,83.1479,1.6804,80.378,1.6244,76.8315,1.5528,74.1088,1.4977,69.5018,1.4046,0.0,0.0,0.0,0.0,0.0,0.0,0.0,0.0,0.0,0.0,0.0,0.0,0.0,0.0,0.0,0.0,0.0,0.0,0.0,0.0,0.0,0.0,0.0,0.0,0.0,0.0,0.0,0.0,0.0,0.0,0.0,0.0,0.0,0.0,0.0,0.6033,0.8257
128,0.001,3,10,100,16,16,4096,202,730,24,ContrastiveLoss,gru,/home/dpetrovitch/dzagcoffee/train_trace/age_pred/checkpoints/age_pred_2025-10-10 14:37:35.506749_ContrastiveLoss_gru_catboost/model_128_0.001_3_10_100_4096_16_16_ContrastiveLoss_gruepoch=22.ckpt,22,24,0.31066525,384.5578,1.0,1e-04,4.7863,1.1577,10.1592,0.747,19209.14,484.898,1070.5062,27.0229,1011.9861,25.5457,979.0909,24.7153,936.3925,23.6374,903.3029,22.8022,846.581,21.3703,1607.6587,32.5184,89.5932,1.8122,84.6955,1.7132,81.9424,1.6575,78.3689,1.5852,75.5996,1.5292,70.8524,1.4331,0.0,0.0,0.0,0.0,0.0,0.0,0.0,0.0,0.0,0.0,0.0,0.0,0.0,0.0,0.0,0.0,0.0,0.0,0.0,0.0,0.0,0.0,0.0,0.0,0.0,0.0,0.0,0.0,0.0,0.0,0.0,0.0,0.0,0.0,0.0,0.5667,0.8155
128,0.001,3,10,100,16,16,4096,202,730,24,ContrastiveLoss,gru,/home/dpetrovitch/dzagcoffee/train_trace/age_pred/checkpoints/age_pred_2025-10-10 14:37:35.506749_ContrastiveLoss_gru_catboost/model_128_0.001_3_10_100_4096_16_16_ContrastiveLoss_gruepoch=23.ckpt,23,24,0.309521,382.8349,1.0,1e-04,4.8274,1.161,9.6035,0.7428,19200.191,484.6237,1063.5872,26.8455,1005.0292,25.3675,972.1285,24.5371,929.6807,23.4657,896.7594,22.6347,840.7257,21.2204,1635.9226,33.1076,90.6213,1.834,85.632,1.733,82.8287,1.6763,79.212,1.6031,76.407,1.5463,71.6327,1.4497,0.0,0.0,0.0,0.0,0.0,0.0,0.0,0.0,0.0,0.0,0.0,0.0,0.0,0.0,0.0,0.0,0.0,0.0,0.0,0.0,0.0,0.0,0.0,0.0,0.0,0.0,0.0,0.0,0.0,0.0,0.0,0.0,0.0,0.0,0.0,0.5811,0.8073
128,0.001,3,10,100,16,16,256,202,730,24,BarlowTwinsLoss,gru,/home/dpetrovitch/dzagcoffee/train_trace/age_pred/checkpoints/age_pred_2025-10-10 14:37:35.506749_ContrastiveLoss_gru_catboost/model_128_0.001_3_10_100_256_16_16_BarlowTwinsLoss_gruepoch=00.ckpt,0,24,0.055160984,1.0269,5.1443,0.0,6.6864,1.0,1.2571,1.0,7.1606,0.187,451.7407,11.7967,333.562,8.7106,280.0374,7.3129,224.5422,5.8637,190.5886,4.977,146.0388,3.8136,0.4858,0.016,30.6448,1.011,22.6279,0.7465,18.9969,0.6267,15.2323,0.5025,12.929,0.4265,9.9069,0.3268,0.0,0.0,0.0,0.0,0.0,0.0,0.0,0.0,0.0,0.0,0.0,0.0,0.0,0.0,0.0,0.0,0.0,0.0,0.0,0.0,0.0,0.0,0.0,0.0,0.0,0.0,0.0,0.0,0.0,0.0,0.0,0.0,0.0,0.0,0.0,0.3456,0.6196
128,0.001,3,10,100,16,16,256,202,730,24,BarlowTwinsLoss,gru,/home/dpetrovitch/dzagcoffee/train_trace/age_pred/checkpoints/age_pred_2025-10-10 14:37:35.506749_ContrastiveLoss_gru_catboost/model_128_0.001_3_10_100_256_16_16_BarlowTwinsLoss_gruepoch=01.ckpt,1,24,0.07183653,1.0234,6.1523,0.0,6.5622,1.0,1.7937,1.0,5.902,0.1595,565.4992,15.2806,462.039,12.485,406.1721,10.9754,338.1531,9.1374,290.2497,7.843,220.5402,5.9593,0.4286,0.0136,41.0679,1.3073,33.5544,1.0681,29.4972,0.939,24.5575,0.7817,21.0786,0.671,16.0162,0.5098,0.0,0.0,0.0,0.0,0.0,0.0,0.0,0.0,0.0,0.0,0.0,0.0,0.0,0.0,0.0,0.0,0.0,0.0,0.0,0.0,0.0,0.0,0.0,0.0,0.0,0.0,0.0,0.0,0.0,0.0,0.0,0.0,0.0,0.0,0.0,0.3867,0.6314
128,0.001,3,10,100,16,16,256,202,730,24,BarlowTwinsLoss,gru,/home/dpetrovitch/dzagcoffee/train_trace/age_pred/checkpoints/age_pred_2025-10-10 14:37:35.506749_ContrastiveLoss_gru_catboost/model_128_0.001_3_10_100_256_16_16_BarlowTwinsLoss_gruepoch=02.ckpt,2,24,0.06816702,1.0208,6.1511,0.0,6.4444,1.0,2.2975,1.0,5.2184,0.1384,582.8959,15.4617,492.0544,13.052,443.1778,11.7556,381.2481,10.1128,333.9686,8.8587,260.0923,6.8991,0.3973,0.0127,44.3796,1.4217,37.4633,1.2001,33.742,1.0809,29.0269,0.9299,25.4272,0.8146,19.8025,0.6344,0.0,0.0,0.0,0.0,0.0,0.0,0.0,0.0,0.0,0.0,0.0,0.0,0.0,0.0,0.0,0.0,0.0,0.0,0.0,0.0,0.0,0.0,0.0,0.0,0.0,0.0,0.0,0.0,0.0,0.0,0.0,0.0,0.0,0.0,0.0,0.3456,0.6194
128,0.001,3,10,100,16,16,256,202,730,24,BarlowTwinsLoss,gru,/home/dpetrovitch/dzagcoffee/train_trace/age_pred/checkpoints/age_pred_2025-10-10 14:37:35.506749_ContrastiveLoss_gru_catboost/model_128_0.001_3_10_100_256_16_16_BarlowTwinsLoss_gruepoch=03.ckpt,3,24,0.05974787,1.0194,6.0271,0.0,6.4097,1.0,2.6978,1.0,4.7581,0.1268,581.3667,15.4954,496.1125,13.2231,450.717,12.0131,393.1131,10.4778,350.5864,9.3443,277.5557,7.3978,0.3667,0.0119,44.8091,1.4554,38.2381,1.2419,34.7392,1.1283,30.2994,0.9841,27.0216,0.8776,21.3927,0.6948,0.0,0.0,0.0,0.0,0.0,0.0,0.0,0.0,0.0,0.0,0.0,0.0,0.0,0.0,0.0,0.0,0.0,0.0,0.0,0.0,0.0,0.0,0.0,0.0,0.0,0.0,0.0,0.0,0.0,0.0,0.0,0.0,0.0,0.0,0.0,0.3467,0.6075
128,0.001,3,10,100,16,16,256,202,730,24,BarlowTwinsLoss,gru,/home/dpetrovitch/dzagcoffee/train_trace/age_pred/checkpoints/age_pred_2025-10-10 14:37:35.506749_ContrastiveLoss_gru_catboost/model_128_0.001_3_10_100_256_16_16_BarlowTwinsLoss_gruepoch=04.ckpt,4,24,0.058209047,1.0188,6.1376,0.0,6.3301,1.0,3.2355,1.0,4.4614,0.1197,585.7761,15.7202,503.2532,13.5055,459.7838,12.339,404.8123,10.8637,363.4248,9.753,290.6701,7.8006,0.3245,0.0108,42.6115,1.4153,36.6085,1.2159,33.4463,1.1109,29.4475,0.978,26.4368,0.878,21.1444,0.7023,0.0,0.0,0.0,0.0,0.0,0.0,0.0,0.0,0.0,0.0,0.0,0.0,0.0,0.0,0.0,0.0,0.0,0.0,0.0,0.0,0.0,0.0,0.0,0.0,0.0,0.0,0.0,0.0,0.0,0.0,0.0,0.0,0.0,0.0,0.0,0.3522,0.5999
128,0.001,3,10,100,16,16,256,202,730,24,BarlowTwinsLoss,gru,/home/dpetrovitch/dzagcoffee/train_trace/age_pred/checkpoints/age_pred_2025-10-10 14:37:35.506749_ContrastiveLoss_gru_catboost/model_128_0.001_3_10_100_256_16_16_BarlowTwinsLoss_gruepoch=05.ckpt,5,24,0.05234967,1.0181,6.1352,0.0,6.2872,1.0,3.7609,1.0,4.1796,0.1129,585.3441,15.8058,504.3107,13.6177,462.3637,12.485,409.8256,11.0663,370.3039,9.9992,302.1295,8.1583,0.2929,0.0099,41.0188,1.383,35.3403,1.1916,32.4008,1.0925,28.7191,0.9683,25.9496,0.8749,21.1722,0.7139,0.0,0.0,0.0,0.0,0.0,0.0,0.0,0.0,0.0,0.0,0.0,0.0,0.0,0.0,0.0,0.0,0.0,0.0,0.0,0.0,0.0,0.0,0.0,0.0,0.0,0.0,0.0,0.0,0.0,0.0,0.0,0.0,0.0,0.0,0.0,0.3444,0.6115
128,0.001,3,10,100,16,16,256,202,730,24,BarlowTwinsLoss,gru,/home/dpetrovitch/dzagcoffee/train_trace/age_pred/checkpoints/age_pred_2025-10-10 14:37:35.506749_ContrastiveLoss_gru_catboost/model_128_0.001_3_10_100_256_16_16_BarlowTwinsLoss_gruepoch=06.ckpt,6,24,0.052763965,1.0174,6.1027,0.0,6.2495,1.0,3.9059,1.0,3.9391,0.1068,580.0081,15.7321,500.1141,13.5651,459.1958,12.4552,407.8632,11.0629,369.0541,10.0102,304.2277,8.2519,0.2727,0.0093,40.1562,1.3723,34.6248,1.1833,31.7919,1.0865,28.2379,0.965,25.551,0.8732,21.0629,0.7198,0.0,0.0,0.0,0.0,0.0,0.0,0.0,0.0,0.0,0.0,0.0,0.0,0.0,0.0,0.0,0.0,0.0,0.0,0.0,0.0,0.0,0.0,0.0,0.0,0.0,0.0,0.0,0.0,0.0,0.0,0.0,0.0,0.0,0.0,0.0,0.34,0.596
128,0.001,3,10,100,16,16,256,202,730,24,BarlowTwinsLoss,gru,/home/dpetrovitch/dzagcoffee/train_trace/age_pred/checkpoints/age_pred_2025-10-10 14:37:35.506749_ContrastiveLoss_gru_catboost/model_128_0.001_3_10_100_256_16_16_BarlowTwinsLoss_gruepoch=07.ckpt,7,24,0.0485026,1.0168,6.0646,0.0,6.2127,1.0,3.8681,1.0,3.7132,0.1013,576.4884,15.7295,497.0042,13.5608,456.9476,12.4679,406.9854,11.1046,368.9285,10.0663,307.3449,8.3859,0.2494,0.0086,38.7195,1.3417,33.381,1.1567,30.6906,1.0635,27.3349,0.9472,24.7789,0.8586,20.6427,0.7153,0.0,0.0,0.0,0.0,0.0,0.0,0.0,0.0,0.0,0.0,0.0,0.0,0.0,0.0,0.0,0.0,0.0,0.0,0.0,0.0,0.0,0.0,0.0,0.0,0.0,0.0,0.0,0.0,0.0,0.0,0.0,0.0,0.0,0.0,0.0,0.3556,0.6111
128,0.001,3,10,100,16,16,256,202,730,24,BarlowTwinsLoss,gru,/home/dpetrovitch/dzagcoffee/train_trace/age_pred/checkpoints/age_pred_2025-10-10 14:37:35.506749_ContrastiveLoss_gru_catboost/model_128_0.001_3_10_100_256_16_16_BarlowTwinsLoss_gruepoch=08.ckpt,8,24,0.04967152,1.0163,6.0086,0.0,6.179,1.0,3.7962,1.0,3.5271,0.0967,572.0207,15.6777,492.7356,13.5047,453.1099,12.4187,403.8435,11.0684,366.361,10.0411,306.2677,8.3941,0.2322,0.0082,37.6558,1.3345,32.4365,1.1495,29.828,1.057,26.5848,0.9421,24.1174,0.8547,20.1615,0.7145,0.0,0.0,0.0,0.0,0.0,0.0,0.0,0.0,0.0,0.0,0.0,0.0,0.0,0.0,0.0,0.0,0.0,0.0,0.0,0.0,0.0,0.0,0.0,0.0,0.0,0.0,0.0,0.0,0.0,0.0,0.0,0.0,0.0,0.0,0.0,0.3367,0.6044
128,0.001,3,10,100,16,16,256,202,730,24,BarlowTwinsLoss,gru,/home/dpetrovitch/dzagcoffee/train_trace/age_pred/checkpoints/age_pred_2025-10-10 14:37:35.506749_ContrastiveLoss_gru_catboost/model_128_0.001_3_10_100_256_16_16_BarlowTwinsLoss_gruepoch=09.ckpt,9,24,0.048828125,1.0155,5.6803,0.0,6.1957,1.0,3.5977,1.0,3.2811,0.0902,560.0916,15.404,481.9388,13.2546,443.2471,12.1905,395.2183,10.8696,358.6547,9.864,302.7365,8.3261,0.213,0.0077,36.3546,1.3167,31.2818,1.133,28.7704,1.042,25.6529,0.9291,23.2796,0.8431,19.6501,0.7117,0.0,0.0,0.0,0.0,0.0,0.0,0.0,0.0,0.0,0.0,0.0,0.0,0.0,0.0,0.0,0.0,0.0,0.0,0.0,0.0,0.0,0.0,0.0,0.0,0.0,0.0,0.0,0.0,0.0,0.0,0.0,0.0,0.0,0.0,0.0,0.3289,0.5967
128,0.001,3,10,100,16,16,256,202,730,24,BarlowTwinsLoss,gru,/home/dpetrovitch/dzagcoffee/train_trace/age_pred/checkpoints/age_pred_2025-10-10 14:37:35.506749_ContrastiveLoss_gru_catboost/model_128_0.001_3_10_100_256_16_16_BarlowTwinsLoss_gruepoch=10.ckpt,10,24,0.046046402,1.0155,5.8429,0.0,6.1556,1.0,3.6208,1.0,3.2345,0.0892,560.2899,15.4553,481.8199,13.2908,442.9922,12.2197,395.1503,10.9,358.7542,9.896,300.4236,8.287,0.2092,0.0076,36.244,1.3176,31.1679,1.1331,28.6562,1.0418,25.5614,0.9293,23.2071,0.8437,19.4338,0.7065,0.0,0.0,0.0,0.0,0.0,0.0,0.0,0.0,0.0,0.0,0.0,0.0,0.0,0.0,0.0,0.0,0.0,0.0,0.0,0.0,0.0,0.0,0.0,0.0,0.0,0.0,0.0,0.0,0.0,0.0,0.0,0.0,0.0,0.0,0.0,0.36,0.6093
128,0.001,3,10,100,16,16,256,202,730,24,BarlowTwinsLoss,gru,/home/dpetrovitch/dzagcoffee/train_trace/age_pred/checkpoints/age_pred_2025-10-10 14:37:35.506749_ContrastiveLoss_gru_catboost/model_128_0.001_3_10_100_256_16_16_BarlowTwinsLoss_gruepoch=11.ckpt,11,24,0.044108074,1.015,5.4859,0.0,6.18,1.0,3.5093,1.0,3.0989,0.0856,551.0892,15.2255,473.2949,13.0762,435.0167,12.0186,387.9382,10.7179,352.7159,9.7448,297.5873,8.2217,0.2056,0.0075,36.5674,1.3362,31.4054,1.1476,28.8654,1.0547,25.7416,0.9406,23.4044,0.8552,19.7463,0.7215,0.0,0.0,0.0,0.0,0.0,0.0,0.0,0.0,0.0,0.0,0.0,0.0,0.0,0.0,0.0,0.0,0.0,0.0,0.0,0.0,0.0,0.0,0.0,0.0,0.0,0.0,0.0,0.0,0.0,0.0,0.0,0.0,0.0,0.0,0.0,0.3344,0.5889
128,0.001,3,10,100,16,16,256,202,730,24,BarlowTwinsLoss,gru,/home/dpetrovitch/dzagcoffee/train_trace/age_pred/checkpoints/age_pred_2025-10-10 14:37:35.506749_ContrastiveLoss_gru_catboost/model_128_0.001_3_10_100_256_16_16_BarlowTwinsLoss_gruepoch=12.ckpt,12,24,0.04477391,1.0147,5.5997,0.0,6.1523,1.0,3.4523,1.0,3.0001,0.0832,547.1785,15.1704,469.4349,13.015,431.2654,11.9568,384.4679,10.6593,349.2558,9.6831,294.8975,8.176,0.1923,0.0072,35.0673,1.3064,30.0849,1.1208,27.6387,1.0296,24.6396,0.9179,22.3829,0.8339,18.8992,0.7041,0.0,0.0,0.0,0.0,0.0,0.0,0.0,0.0,0.0,0.0,0.0,0.0,0.0,0.0,0.0,0.0,0.0,0.0,0.0,0.0,0.0,0.0,0.0,0.0,0.0,0.0,0.0,0.0,0.0,0.0,0.0,0.0,0.0,0.0,0.0,0.3389,0.5937
128,0.001,3,10,100,16,16,256,202,730,24,BarlowTwinsLoss,gru,/home/dpetrovitch/dzagcoffee/train_trace/age_pred/checkpoints/age_pred_2025-10-10 14:37:35.506749_ContrastiveLoss_gru_catboost/model_128_0.001_3_10_100_256_16_16_BarlowTwinsLoss_gruepoch=13.ckpt,13,24,0.043279473,1.0147,5.8766,0.0,6.0985,1.0,3.4643,1.0,2.9479,0.082,547.9034,15.2448,469.5256,13.064,431.3164,12.0009,384.7352,10.7048,349.4887,9.7241,292.1345,8.1283,0.18,0.0069,33.4505,1.2771,28.6654,1.0944,26.3327,1.0053,23.4888,0.8967,21.3369,0.8146,17.8353,0.6809,0.0,0.0,0.0,0.0,0.0,0.0,0.0,0.0,0.0,0.0,0.0,0.0,0.0,0.0,0.0,0.0,0.0,0.0,0.0,0.0,0.0,0.0,0.0,0.0,0.0,0.0,0.0,0.0,0.0,0.0,0.0,0.0,0.0,0.0,0.0,0.3478,0.6081
128,0.001,3,10,100,16,16,256,202,730,24,BarlowTwinsLoss,gru,/home/dpetrovitch/dzagcoffee/train_trace/age_pred/checkpoints/age_pred_2025-10-10 14:37:35.506749_ContrastiveLoss_gru_catboost/model_128_0.001_3_10_100_256_16_16_BarlowTwinsLoss_gruepoch=14.ckpt,14,24,0.03887015,1.0142,5.7461,0.0,6.0982,1.0,3.362,1.0,2.8055,0.0784,537.1977,15.003,459.4955,12.8329,421.6975,11.7773,375.7259,10.4934,340.9824,9.5231,286.4871,8.0011,0.1699,0.0066,32.5388,1.2696,27.8323,1.0859,25.5428,0.9966,22.7582,0.888,20.6538,0.8059,17.3529,0.6771,0.0,0.0,0.0,0.0,0.0,0.0,0.0,0.0,0.0,0.0,0.0,0.0,0.0,0.0,0.0,0.0,0.0,0.0,0.0,0.0,0.0,0.0,0.0,0.0,0.0,0.0,0.0,0.0,0.0,0.0,0.0,0.0,0.0,0.0,0.0,0.3467,0.5985
128,0.001,3,10,100,16,16,256,202,730,24,BarlowTwinsLoss,gru,/home/dpetrovitch/dzagcoffee/train_trace/age_pred/checkpoints/age_pred_2025-10-10 14:37:35.506749_ContrastiveLoss_gru_catboost/model_128_0.001_3_10_100_256_16_16_BarlowTwinsLoss_gruepoch=15.ckpt,15,24,0.04074929,1.0139,5.7975,0.0,6.0649,1.0,3.2826,1.0,2.6534,0.0748,524.3265,14.7714,447.0127,12.5933,409.7903,11.5447,364.5298,10.2696,330.5832,9.3133,276.2964,7.7839,0.1529,0.0062,30.2213,1.2281,25.7651,1.047,23.6197,0.9599,21.0109,0.8538,19.0543,0.7743,15.9253,0.6472,0.0,0.0,0.0,0.0,0.0,0.0,0.0,0.0,0.0,0.0,0.0,0.0,0.0,0.0,0.0,0.0,0.0,0.0,0.0,0.0,0.0,0.0,0.0,0.0,0.0,0.0,0.0,0.0,0.0,0.0,0.0,0.0,0.0,0.0,0.0,0.3567,0.6065
128,0.001,3,10,100,16,16,256,202,730,24,BarlowTwinsLoss,gru,/home/dpetrovitch/dzagcoffee/train_trace/age_pred/checkpoints/age_pred_2025-10-10 14:37:35.506749_ContrastiveLoss_gru_catboost/model_128_0.001_3_10_100_256_16_16_BarlowTwinsLoss_gruepoch=16.ckpt,16,24,0.040098246,1.0137,5.9935,0.0,5.9864,1.0,3.2669,1.0,2.5182,0.072,510.6743,14.5915,434.3603,12.4109,397.6222,11.3612,353.0447,10.0875,319.9775,9.1427,266.5708,7.6167,0.1425,0.0059,28.8907,1.2048,24.5733,1.0247,22.4949,0.9381,19.973,0.8329,18.1023,0.7549,15.0809,0.6289,0.0,0.0,0.0,0.0,0.0,0.0,0.0,0.0,0.0,0.0,0.0,0.0,0.0,0.0,0.0,0.0,0.0,0.0,0.0,0.0,0.0,0.0,0.0,0.0,0.0,0.0,0.0,0.0,0.0,0.0,0.0,0.0,0.0,0.0,0.0,0.36,0.601
128,0.001,3,10,100,16,16,256,202,730,24,BarlowTwinsLoss,gru,/home/dpetrovitch/dzagcoffee/train_trace/age_pred/checkpoints/age_pred_2025-10-10 14:37:35.506749_ContrastiveLoss_gru_catboost/model_128_0.001_3_10_100_256_16_16_BarlowTwinsLoss_gruepoch=17.ckpt,17,24,0.034327652,1.0134,5.9672,0.0,5.9605,1.0,3.2356,1.0,2.4268,0.0696,502.6163,14.4169,427.2705,12.2557,391.0716,11.2174,347.1019,9.9562,314.575,9.0232,262.0711,7.5172,0.1377,0.0058,28.5098,1.2004,24.2359,1.0204,22.1826,0.934,19.6886,0.829,17.8435,0.7513,14.8654,0.6259,0.0,0.0,0.0,0.0,0.0,0.0,0.0,0.0,0.0,0.0,0.0,0.0,0.0,0.0,0.0,0.0,0.0,0.0,0.0,0.0,0.0,0.0,0.0,0.0,0.0,0.0,0.0,0.0,0.0,0.0,0.0,0.0,0.0,0.0,0.0,0.33,0.5862
128,0.001,3,10,100,16,16,256,202,730,24,BarlowTwinsLoss,gru,/home/dpetrovitch/dzagcoffee/train_trace/age_pred/checkpoints/age_pred_2025-10-10 14:37:35.506749_ContrastiveLoss_gru_catboost/model_128_0.001_3_10_100_256_16_16_BarlowTwinsLoss_gruepoch=18.ckpt,18,24,0.034756746,1.0131,5.94,0.0,5.9456,1.0,3.2116,1.0,2.3513,0.0676,496.4432,14.2769,421.7588,12.1291,386.0169,11.1013,342.5116,9.8501,310.4132,8.927,258.5714,7.4361,0.1321,0.0056,27.8885,1.1899,23.693,1.0109,21.6851,0.9252,19.2411,0.821,17.438,0.744,14.5257,0.6198,0.0,0.0,0.0,0.0,0.0,0.0,0.0,0.0,0.0,0.0,0.0,0.0,0.0,0.0,0.0,0.0,0.0,0.0,0.0,0.0,0.0,0.0,0.0,0.0,0.0,0.0,0.0,0.0,0.0,0.0,0.0,0.0,0.0,0.0,0.0,0.3278,0.5848
128,0.001,3,10,100,16,16,256,202,730,24,BarlowTwinsLoss,gru,/home/dpetrovitch/dzagcoffee/train_trace/age_pred/checkpoints/age_pred_2025-10-10 14:37:35.506749_ContrastiveLoss_gru_catboost/model_128_0.001_3_10_100_256_16_16_BarlowTwinsLoss_gruepoch=19.ckpt,19,24,0.03383937,1.0129,5.9166,0.0,5.9315,1.0,3.1945,1.0,2.2739,0.0657,487.9654,14.0996,414.3615,11.9728,379.1182,10.9545,336.15,9.7129,304.717,8.8047,253.8814,7.3358,0.1251,0.0055,26.8521,1.1735,22.8018,0.9965,20.8624,0.9117,18.4979,0.8084,16.7682,0.7328,13.9708,0.6106,0.0,0.0,0.0,0.0,0.0,0.0,0.0,0.0,0.0,0.0,0.0,0.0,0.0,0.0,0.0,0.0,0.0,0.0,0.0,0.0,0.0,0.0,0.0,0.0,0.0,0.0,0.0,0.0,0.0,0.0,0.0,0.0,0.0,0.0,0.0,0.3344,0.5902
128,0.001,3,10,100,16,16,256,202,730,24,BarlowTwinsLoss,gru,/home/dpetrovitch/dzagcoffee/train_trace/age_pred/checkpoints/age_pred_2025-10-10 14:37:35.506749_ContrastiveLoss_gru_catboost/model_128_0.001_3_10_100_256_16_16_BarlowTwinsLoss_gruepoch=20.ckpt,20,24,0.03293679,1.0129,5.9943,0.0,5.9019,1.0,3.2214,1.0,2.2681,0.0656,490.7044,14.2007,416.7934,12.0617,381.2389,11.0328,337.9676,9.7806,306.4107,8.8673,255.4642,7.393,0.1245,0.0054,26.9459,1.1779,22.8873,1.0005,20.9349,0.9151,18.5587,0.8113,16.8258,0.7355,14.0282,0.6132,0.0,0.0,0.0,0.0,0.0,0.0,0.0,0.0,0.0,0.0,0.0,0.0,0.0,0.0,0.0,0.0,0.0,0.0,0.0,0.0,0.0,0.0,0.0,0.0,0.0,0.0,0.0,0.0,0.0,0.0,0.0,0.0,0.0,0.0,0.0,0.3444,0.5904
128,0.001,3,10,100,16,16,256,202,730,24,BarlowTwinsLoss,gru,/home/dpetrovitch/dzagcoffee/train_trace/age_pred/checkpoints/age_pred_2025-10-10 14:37:35.506749_ContrastiveLoss_gru_catboost/model_128_0.001_3_10_100_256_16_16_BarlowTwinsLoss_gruepoch=21.ckpt,21,24,0.03744969,1.0124,5.5171,0.0,5.949,1.0,3.1287,1.0,2.1675,0.0628,476.5596,13.8179,404.4392,11.7268,369.7173,10.72,328.0566,9.512,297.6996,8.6318,249.7363,7.2411,0.1195,0.0054,26.269,1.1907,22.2936,1.0105,20.3796,0.9237,18.0832,0.8197,16.4099,0.7438,13.766,0.624,0.0,0.0,0.0,0.0,0.0,0.0,0.0,0.0,0.0,0.0,0.0,0.0,0.0,0.0,0.0,0.0,0.0,0.0,0.0,0.0,0.0,0.0,0.0,0.0,0.0,0.0,0.0,0.0,0.0,0.0,0.0,0.0,0.0,0.0,0.0,0.3244,0.5852
128,0.001,3,10,100,16,16,256,202,730,24,BarlowTwinsLoss,gru,/home/dpetrovitch/dzagcoffee/train_trace/age_pred/checkpoints/age_pred_2025-10-10 14:37:35.506749_ContrastiveLoss_gru_catboost/model_128_0.001_3_10_100_256_16_16_BarlowTwinsLoss_gruepoch=22.ckpt,22,24,0.035748105,1.0126,5.9629,0.0,5.8851,1.0,3.1955,1.0,2.1968,0.0637,486.3302,14.0949,412.9267,11.9675,377.6629,10.9455,334.8642,9.7051,303.6512,8.8004,252.9195,7.3301,0.1206,0.0053,26.6887,1.1741,22.6605,0.9969,20.7253,0.9117,18.3766,0.8084,16.6637,0.7331,13.8797,0.6106,0.0,0.0,0.0,0.0,0.0,0.0,0.0,0.0,0.0,0.0,0.0,0.0,0.0,0.0,0.0,0.0,0.0,0.0,0.0,0.0,0.0,0.0,0.0,0.0,0.0,0.0,0.0,0.0,0.0,0.0,0.0,0.0,0.0,0.0,0.0,0.3522,0.5871
128,0.001,3,10,100,16,16,256,202,730,24,BarlowTwinsLoss,gru,/home/dpetrovitch/dzagcoffee/train_trace/age_pred/checkpoints/age_pred_2025-10-10 14:37:35.506749_ContrastiveLoss_gru_catboost/model_128_0.001_3_10_100_256_16_16_BarlowTwinsLoss_gruepoch=23.ckpt,23,24,0.032300547,1.0123,5.8073,0.0,5.8949,1.0,3.1495,1.0,2.1328,0.0619,479.2129,13.902,406.8308,11.8022,372.0629,10.7936,329.8477,9.5689,299.0551,8.6756,251.5492,7.2975,0.1166,0.0052,26.195,1.175,22.2384,0.9975,20.3379,0.9123,18.0303,0.8088,16.3471,0.7333,13.7503,0.6168,0.0,0.0,0.0,0.0,0.0,0.0,0.0,0.0,0.0,0.0,0.0,0.0,0.0,0.0,0.0,0.0,0.0,0.0,0.0,0.0,0.0,0.0,0.0,0.0,0.0,0.0,0.0,0.0,0.0,0.0,0.0,0.0,0.0,0.0,0.0,0.33,0.5878
128,0.001,3,10,100,16,16,256,202,730,24,ContrastiveLoss,gru,/home/dpetrovitch/dzagcoffee/train_trace/age_pred/checkpoints/age_pred_2025-10-10 14:37:35.506749_ContrastiveLoss_gru_catboost/model_128_0.001_3_10_100_256_16_16_ContrastiveLoss_gruepoch=00.ckpt,0,24,0.11311355,52.4985,4.3657,0.0007,4.1069,1.1382,5.4845,0.7763,1797.5664,46.1298,774.3113,19.8707,696.986,17.8863,654.9414,16.8073,600.7256,15.416,558.5336,14.3333,481.6552,12.3604,110.1765,3.2761,47.4591,1.4112,42.7197,1.2703,40.1427,1.1936,36.8197,1.0948,34.2337,1.0179,29.5216,0.8778,0.0,0.0,0.0,0.0,0.0,0.0,0.0,0.0,0.0,0.0,0.0,0.0,0.0,0.0,0.0,0.0,0.0,0.0,0.0,0.0,0.0,0.0,0.0,0.0,0.0,0.0,0.0,0.0,0.0,0.0,0.0,0.0,0.0,0.0,0.0,0.4711,0.7279
128,0.001,3,10,100,16,16,256,202,730,24,ContrastiveLoss,gru,/home/dpetrovitch/dzagcoffee/train_trace/age_pred/checkpoints/age_pred_2025-10-10 14:37:35.506749_ContrastiveLoss_gru_catboost/model_128_0.001_3_10_100_256_16_16_ContrastiveLoss_gruepoch=01.ckpt,1,24,0.17602786,59.402,3.6528,0.0008,4.0538,1.1565,6.2773,0.7504,2321.3254,59.0328,849.2465,21.5969,775.4221,19.7195,735.456,18.7031,684.1654,17.3988,644.6905,16.3949,577.3934,14.6835,165.3438,4.3816,60.4903,1.603,55.2319,1.4637,52.3852,1.3882,48.7319,1.2914,45.9201,1.2169,41.1267,1.0899,0.0,0.0,0.0,0.0,0.0,0.0,0.0,0.0,0.0,0.0,0.0,0.0,0.0,0.0,0.0,0.0,0.0,0.0,0.0,0.0,0.0,0.0,0.0,0.0,0.0,0.0,0.0,0.0,0.0,0.0,0.0,0.0,0.0,0.0,0.0,0.4822,0.7512
128,0.001,3,10,100,16,16,256,202,730,24,ContrastiveLoss,gru,/home/dpetrovitch/dzagcoffee/train_trace/age_pred/checkpoints/age_pred_2025-10-10 14:37:35.506749_ContrastiveLoss_gru_catboost/model_128_0.001_3_10_100_256_16_16_ContrastiveLoss_gruepoch=02.ckpt,2,24,0.21414338,61.0836,3.2805,0.0007,4.0212,1.1664,6.6907,0.737,2689.7495,68.2381,866.6167,21.9858,797.2273,20.2254,759.3698,19.265,711.2688,18.0447,675.3247,17.1328,614.0043,15.5771,221.0738,5.4832,71.2283,1.7667,65.5251,1.6252,62.4135,1.548,58.4601,1.45,55.5058,1.3767,50.4658,1.2517,0.0,0.0,0.0,0.0,0.0,0.0,0.0,0.0,0.0,0.0,0.0,0.0,0.0,0.0,0.0,0.0,0.0,0.0,0.0,0.0,0.0,0.0,0.0,0.0,0.0,0.0,0.0,0.0,0.0,0.0,0.0,0.0,0.0,0.0,0.0,0.5044,0.7478
128,0.001,3,10,100,16,16,256,202,730,24,ContrastiveLoss,gru,/home/dpetrovitch/dzagcoffee/train_trace/age_pred/checkpoints/age_pred_2025-10-10 14:37:35.506749_ContrastiveLoss_gru_catboost/model_128_0.001_3_10_100_256_16_16_ContrastiveLoss_gruepoch=03.ckpt,3,24,0.24794821,62.3283,3.9319,0.0006,3.956,1.171,7.2354,0.7309,2977.5542,75.456,888.7548,22.5225,820.612,20.7956,783.3161,19.8505,736.5327,18.6649,701.055,17.7659,639.1278,16.1965,277.5965,6.4168,82.8583,1.9153,76.5054,1.7685,73.0283,1.6881,68.6667,1.5873,65.3591,1.5108,59.5857,1.3774,0.0,0.0,0.0,0.0,0.0,0.0,0.0,0.0,0.0,0.0,0.0,0.0,0.0,0.0,0.0,0.0,0.0,0.0,0.0,0.0,0.0,0.0,0.0,0.0,0.0,0.0,0.0,0.0,0.0,0.0,0.0,0.0,0.0,0.0,0.0,0.53,0.7671
128,0.001,3,10,100,16,16,256,202,730,24,ContrastiveLoss,gru,/home/dpetrovitch/dzagcoffee/train_trace/age_pred/checkpoints/age_pred_2025-10-10 14:37:35.506749_ContrastiveLoss_gru_catboost/model_128_0.001_3_10_100_256_16_16_ContrastiveLoss_gruepoch=04.ckpt,4,24,0.24896425,63.8499,3.79,0.0004,3.9668,1.1824,7.7454,0.7166,3180.7302,80.5773,900.0901,22.8019,832.6256,21.0929,795.8151,20.1603,749.4856,18.9867,714.9558,18.1119,655.7849,16.613,301.3775,6.8828,85.2845,1.9477,78.8922,1.8017,75.4043,1.7221,71.0146,1.6218,67.7428,1.5471,62.1363,1.4191,0.0,0.0,0.0,0.0,0.0,0.0,0.0,0.0,0.0,0.0,0.0,0.0,0.0,0.0,0.0,0.0,0.0,0.0,0.0,0.0,0.0,0.0,0.0,0.0,0.0,0.0,0.0,0.0,0.0,0.0,0.0,0.0,0.0,0.0,0.0,0.5422,0.7799
128,0.001,3,10,100,16,16,256,202,730,24,ContrastiveLoss,gru,/home/dpetrovitch/dzagcoffee/train_trace/age_pred/checkpoints/age_pred_2025-10-10 14:37:35.506749_ContrastiveLoss_gru_catboost/model_128_0.001_3_10_100_256_16_16_ContrastiveLoss_gruepoch=05.ckpt,5,24,0.27485797,65.591,3.6989,0.0004,3.9509,1.1907,7.8984,0.7073,3389.724,85.855,919.0906,23.2787,850.6015,21.544,812.9849,20.5913,764.5221,19.3638,726.6598,18.4048,658.3217,16.674,328.3788,7.3056,89.0367,1.9808,82.4018,1.8332,78.7577,1.7522,74.0629,1.6477,70.395,1.5661,63.7748,1.4188,0.0,0.0,0.0,0.0,0.0,0.0,0.0,0.0,0.0,0.0,0.0,0.0,0.0,0.0,0.0,0.0,0.0,0.0,0.0,0.0,0.0,0.0,0.0,0.0,0.0,0.0,0.0,0.0,0.0,0.0,0.0,0.0,0.0,0.0,0.0,0.5322,0.7935
128,0.001,3,10,100,16,16,256,202,730,24,ContrastiveLoss,gru,/home/dpetrovitch/dzagcoffee/train_trace/age_pred/checkpoints/age_pred_2025-10-10 14:37:35.506749_ContrastiveLoss_gru_catboost/model_128_0.001_3_10_100_256_16_16_ContrastiveLoss_gruepoch=06.ckpt,6,24,0.27922785,66.8704,3.5095,0.0006,3.9287,1.2053,8.2858,0.6904,3607.8672,91.3898,923.0204,23.3808,854.7315,21.651,817.1003,20.6977,768.4523,19.4654,730.7117,18.5094,663.0936,16.7966,357.3281,7.7769,91.4172,1.9896,84.6538,1.8424,80.9267,1.7613,76.1086,1.6564,72.3707,1.5751,65.6737,1.4293,0.0,0.0,0.0,0.0,0.0,0.0,0.0,0.0,0.0,0.0,0.0,0.0,0.0,0.0,0.0,0.0,0.0,0.0,0.0,0.0,0.0,0.0,0.0,0.0,0.0,0.0,0.0,0.0,0.0,0.0,0.0,0.0,0.0,0.0,0.0,0.5489,0.7947
128,0.001,3,10,100,16,16,256,202,730,24,ContrastiveLoss,gru,/home/dpetrovitch/dzagcoffee/train_trace/age_pred/checkpoints/age_pred_2025-10-10 14:37:35.506749_ContrastiveLoss_gru_catboost/model_128_0.001_3_10_100_256_16_16_ContrastiveLoss_gruepoch=07.ckpt,7,24,0.28005642,62.4787,3.9285,0.0004,4.01,1.1775,8.7199,0.7225,3618.3977,91.6035,926.0596,23.4442,860.7193,21.79,824.8956,20.8831,778.7793,19.7156,743.5502,18.8238,681.4784,17.2523,369.7748,7.9684,94.6368,2.0394,87.9595,1.8955,84.2985,1.8166,79.5858,1.715,75.9856,1.6374,69.6423,1.5007,0.0,0.0,0.0,0.0,0.0,0.0,0.0,0.0,0.0,0.0,0.0,0.0,0.0,0.0,0.0,0.0,0.0,0.0,0.0,0.0,0.0,0.0,0.0,0.0,0.0,0.0,0.0,0.0,0.0,0.0,0.0,0.0,0.0,0.0,0.0,0.5678,0.8037
128,0.001,3,10,100,16,16,256,202,730,24,ContrastiveLoss,gru,/home/dpetrovitch/dzagcoffee/train_trace/age_pred/checkpoints/age_pred_2025-10-10 14:37:35.506749_ContrastiveLoss_gru_catboost/model_128_0.001_3_10_100_256_16_16_ContrastiveLoss_gruepoch=08.ckpt,8,24,0.2857382,65.2373,2.7279,0.0004,3.9905,1.1956,8.5422,0.7015,3781.8704,95.7756,934.4513,23.6649,868.8906,22.0046,832.8447,21.0917,786.261,19.912,750.2518,19.0001,685.6379,17.3637,391.3826,8.3877,96.7056,2.0725,89.9208,1.9271,86.1904,1.8471,81.3695,1.7438,77.6429,1.664,70.9561,1.5206,0.0,0.0,0.0,0.0,0.0,0.0,0.0,0.0,0.0,0.0,0.0,0.0,0.0,0.0,0.0,0.0,0.0,0.0,0.0,0.0,0.0,0.0,0.0,0.0,0.0,0.0,0.0,0.0,0.0,0.0,0.0,0.0,0.0,0.0,0.0,0.5556,0.7987
128,0.001,3,10,100,16,16,256,202,730,24,ContrastiveLoss,gru,/home/dpetrovitch/dzagcoffee/train_trace/age_pred/checkpoints/age_pred_2025-10-10 14:37:35.506749_ContrastiveLoss_gru_catboost/model_128_0.001_3_10_100_256_16_16_ContrastiveLoss_gruepoch=09.ckpt,9,24,0.3020636,66.9734,2.7651,0.0004,3.9682,1.2072,7.8897,0.688,3922.1067,99.2915,934.5763,23.6596,867.8086,21.9693,830.6721,21.0292,782.6685,19.8139,745.3908,18.8702,678.4957,17.1767,407.4595,8.7212,97.0912,2.0781,90.1548,1.9297,86.2968,1.8471,81.3098,1.7403,77.4371,1.6574,70.4875,1.5087,0.0,0.0,0.0,0.0,0.0,0.0,0.0,0.0,0.0,0.0,0.0,0.0,0.0,0.0,0.0,0.0,0.0,0.0,0.0,0.0,0.0,0.0,0.0,0.0,0.0,0.0,0.0,0.0,0.0,0.0,0.0,0.0,0.0,0.0,0.0,0.5611,0.8003
128,0.001,3,10,100,16,16,256,202,730,24,ContrastiveLoss,gru,/home/dpetrovitch/dzagcoffee/train_trace/age_pred/checkpoints/age_pred_2025-10-10 14:37:35.506749_ContrastiveLoss_gru_catboost/model_128_0.001_3_10_100_256_16_16_ContrastiveLoss_gruepoch=10.ckpt,10,24,0.293314,62.9553,3.794,0.0002,4.0701,1.1807,8.3745,0.7187,3834.494,97.0826,935.8618,23.6944,871.6347,22.0682,836.1101,21.1688,790.3747,20.0109,754.6806,19.1072,691.3407,17.5035,401.6605,8.6467,98.0309,2.1104,91.3031,1.9655,87.5819,1.8854,82.7912,1.7823,79.0523,1.7018,72.4174,1.559,0.0,0.0,0.0,0.0,0.0,0.0,0.0,0.0,0.0,0.0,0.0,0.0,0.0,0.0,0.0,0.0,0.0,0.0,0.0,0.0,0.0,0.0,0.0,0.0,0.0,0.0,0.0,0.0,0.0,0.0,0.0,0.0,0.0,0.0,0.0,0.5622,0.8053
128,0.001,3,10,100,16,16,256,202,730,24,ContrastiveLoss,gru,/home/dpetrovitch/dzagcoffee/train_trace/age_pred/checkpoints/age_pred_2025-10-10 14:37:35.506749_ContrastiveLoss_gru_catboost/model_128_0.001_3_10_100_256_16_16_ContrastiveLoss_gruepoch=11.ckpt,11,24,0.3071437,67.402,3.7945,0.0003,4.0113,1.2082,8.5159,0.6863,4054.2395,102.6364,941.8885,23.8447,876.2268,22.1824,839.8436,21.2613,792.5176,20.0632,755.6275,19.1293,689.4248,17.4534,422.2128,8.9713,98.0893,2.0842,91.2512,1.9389,87.4622,1.8584,82.5336,1.7537,78.6919,1.6721,71.7974,1.5256,0.0,0.0,0.0,0.0,0.0,0.0,0.0,0.0,0.0,0.0,0.0,0.0,0.0,0.0,0.0,0.0,0.0,0.0,0.0,0.0,0.0,0.0,0.0,0.0,0.0,0.0,0.0,0.0,0.0,0.0,0.0,0.0,0.0,0.0,0.0,0.5744,0.799
128,0.001,3,10,100,16,16,256,202,730,24,ContrastiveLoss,gru,/home/dpetrovitch/dzagcoffee/train_trace/age_pred/checkpoints/age_pred_2025-10-10 14:37:35.506749_ContrastiveLoss_gru_catboost/model_128_0.001_3_10_100_256_16_16_ContrastiveLoss_gruepoch=12.ckpt,12,24,0.311553,66.0549,3.4819,0.0003,4.0563,1.2012,8.6264,0.6949,4062.4312,102.8588,940.1387,23.8039,874.1458,22.133,837.7111,21.2105,790.3777,20.012,753.7536,19.0847,688.2855,17.4271,410.9066,8.8923,95.0931,2.0579,88.4181,1.9134,84.7328,1.8337,79.9451,1.7301,76.2406,1.6499,69.6187,1.5066,0.0,0.0,0.0,0.0,0.0,0.0,0.0,0.0,0.0,0.0,0.0,0.0,0.0,0.0,0.0,0.0,0.0,0.0,0.0,0.0,0.0,0.0,0.0,0.0,0.0,0.0,0.0,0.0,0.0,0.0,0.0,0.0,0.0,0.0,0.0,0.5711,0.8069
128,0.001,3,10,100,16,16,256,202,730,24,ContrastiveLoss,gru,/home/dpetrovitch/dzagcoffee/train_trace/age_pred/checkpoints/age_pred_2025-10-10 14:37:35.506749_ContrastiveLoss_gru_catboost/model_128_0.001_3_10_100_256_16_16_ContrastiveLoss_gruepoch=13.ckpt,13,24,0.3072325,66.666,3.9995,0.0002,4.07,1.2006,8.7604,0.6949,4098.098,103.7473,948.0304,24.0003,883.1659,22.3582,847.0468,21.4438,800.0822,20.2549,763.4961,19.3286,697.7701,17.6647,415.1789,8.9439,96.0451,2.069,89.4737,1.9275,85.8144,1.8486,81.0564,1.7461,77.3499,1.6663,70.6912,1.5229,0.0,0.0,0.0,0.0,0.0,0.0,0.0,0.0,0.0,0.0,0.0,0.0,0.0,0.0,0.0,0.0,0.0,0.0,0.0,0.0,0.0,0.0,0.0,0.0,0.0,0.0,0.0,0.0,0.0,0.0,0.0,0.0,0.0,0.0,0.0,0.5756,0.8016
128,0.001,3,10,100,16,16,256,202,730,24,ContrastiveLoss,gru,/home/dpetrovitch/dzagcoffee/train_trace/age_pred/checkpoints/age_pred_2025-10-10 14:37:35.506749_ContrastiveLoss_gru_catboost/model_128_0.001_3_10_100_256_16_16_ContrastiveLoss_gruepoch=14.ckpt,14,24,0.3106159,65.5884,4.8055,0.0002,4.112,1.1931,9.4233,0.7039,4086.1147,103.4239,952.3117,24.104,888.2687,22.483,852.9885,21.59,807.388,20.4358,771.9877,19.5398,707.922,17.9183,420.5076,8.9394,98.0037,2.0834,91.4129,1.9433,87.7822,1.8661,83.0894,1.7664,79.4463,1.6889,72.8532,1.5488,0.0,0.0,0.0,0.0,0.0,0.0,0.0,0.0,0.0,0.0,0.0,0.0,0.0,0.0,0.0,0.0,0.0,0.0,0.0,0.0,0.0,0.0,0.0,0.0,0.0,0.0,0.0,0.0,0.0,0.0,0.0,0.0,0.0,0.0,0.0,0.5711,0.8075
128,0.001,3,10,100,16,16,256,202,730,24,ContrastiveLoss,gru,/home/dpetrovitch/dzagcoffee/train_trace/age_pred/checkpoints/age_pred_2025-10-10 14:37:35.506749_ContrastiveLoss_gru_catboost/model_128_0.001_3_10_100_256_16_16_ContrastiveLoss_gruepoch=15.ckpt,15,24,0.2987393,66.0276,5.0645,1e-04,4.1183,1.1925,8.6906,0.7044,4088.5037,103.4974,951.6896,24.0913,887.5694,22.4681,852.1781,21.5722,806.2695,20.4101,770.8482,19.5134,707.2805,17.9043,410.9046,8.7843,95.6471,2.0447,89.2029,1.907,85.646,1.8309,81.0321,1.7323,77.4721,1.6562,71.0834,1.5196,0.0,0.0,0.0,0.0,0.0,0.0,0.0,0.0,0.0,0.0,0.0,0.0,0.0,0.0,0.0,0.0,0.0,0.0,0.0,0.0,0.0,0.0,0.0,0.0,0.0,0.0,0.0,0.0,0.0,0.0,0.0,0.0,0.0,0.0,0.0,0.5722,0.8032
128,0.001,3,10,100,16,16,256,202,730,24,ContrastiveLoss,gru,/home/dpetrovitch/dzagcoffee/train_trace/age_pred/checkpoints/age_pred_2025-10-10 14:37:35.506749_ContrastiveLoss_gru_catboost/model_128_0.001_3_10_100_256_16_16_ContrastiveLoss_gruepoch=16.ckpt,16,24,0.32025334,65.8258,3.0856,0.0002,4.1179,1.189,9.6678,0.7086,4146.125,104.9504,955.7856,24.1937,892.3151,22.5871,857.1653,21.6973,811.5682,20.5431,775.9496,19.6415,712.473,18.0348,417.8788,8.8471,96.3315,2.0395,89.9345,1.904,86.3918,1.829,81.7962,1.7317,78.2062,1.6557,71.8086,1.5203,0.0,0.0,0.0,0.0,0.0,0.0,0.0,0.0,0.0,0.0,0.0,0.0,0.0,0.0,0.0,0.0,0.0,0.0,0.0,0.0,0.0,0.0,0.0,0.0,0.0,0.0,0.0,0.0,0.0,0.0,0.0,0.0,0.0,0.0,0.0,0.5733,0.8119
128,0.001,3,10,100,16,16,256,202,730,24,ContrastiveLoss,gru,/home/dpetrovitch/dzagcoffee/train_trace/age_pred/checkpoints/age_pred_2025-10-10 14:37:35.506749_ContrastiveLoss_gru_catboost/model_128_0.001_3_10_100_256_16_16_ContrastiveLoss_gruepoch=17.ckpt,17,24,0.31474906,67.1281,3.6835,1e-04,4.1298,1.1939,9.4139,0.703,4210.155,106.565,963.3867,24.3847,899.6992,22.7727,864.1102,21.8719,817.7689,20.6989,781.0363,19.7691,714.5965,18.0875,430.1648,9.0544,98.4323,2.0719,91.9251,1.9349,88.2889,1.8584,83.554,1.7587,79.8009,1.6797,73.0126,1.5368,0.0,0.0,0.0,0.0,0.0,0.0,0.0,0.0,0.0,0.0,0.0,0.0,0.0,0.0,0.0,0.0,0.0,0.0,0.0,0.0,0.0,0.0,0.0,0.0,0.0,0.0,0.0,0.0,0.0,0.0,0.0,0.0,0.0,0.0,0.0,0.5867,0.8084
128,0.001,3,10,100,16,16,256,202,730,24,ContrastiveLoss,gru,/home/dpetrovitch/dzagcoffee/train_trace/age_pred/checkpoints/age_pred_2025-10-10 14:37:35.506749_ContrastiveLoss_gru_catboost/model_128_0.001_3_10_100_256_16_16_ContrastiveLoss_gruepoch=18.ckpt,18,24,0.32535315,67.007,3.6775,0.0002,4.1332,1.1932,9.1744,0.7036,4238.8965,107.2806,963.2332,24.3781,899.7263,22.7708,864.4589,21.8783,818.1933,20.7073,781.426,19.7768,714.2874,18.0776,435.0645,9.1361,98.8627,2.0761,92.3446,1.9392,88.7248,1.8632,83.9763,1.7634,80.2026,1.6842,73.3118,1.5395,0.0,0.0,0.0,0.0,0.0,0.0,0.0,0.0,0.0,0.0,0.0,0.0,0.0,0.0,0.0,0.0,0.0,0.0,0.0,0.0,0.0,0.0,0.0,0.0,0.0,0.0,0.0,0.0,0.0,0.0,0.0,0.0,0.0,0.0,0.0,0.5667,0.8082
128,0.001,3,10,100,16,16,256,202,730,24,ContrastiveLoss,gru,/home/dpetrovitch/dzagcoffee/train_trace/age_pred/checkpoints/age_pred_2025-10-10 14:37:35.506749_ContrastiveLoss_gru_catboost/model_128_0.001_3_10_100_256_16_16_ContrastiveLoss_gruepoch=19.ckpt,19,24,0.3133582,69.5637,3.8547,1e-04,4.1023,1.2144,8.6135,0.6798,4325.838,109.5112,962.4918,24.3661,898.0423,22.7345,862.145,21.8257,814.6679,20.6238,776.4749,19.6569,706.4342,17.8838,423.6392,9.0272,94.259,2.0085,87.9473,1.874,84.4318,1.7991,79.7823,1.7001,76.0419,1.6204,69.1827,1.4742,0.0,0.0,0.0,0.0,0.0,0.0,0.0,0.0,0.0,0.0,0.0,0.0,0.0,0.0,0.0,0.0,0.0,0.0,0.0,0.0,0.0,0.0,0.0,0.0,0.0,0.0,0.0,0.0,0.0,0.0,0.0,0.0,0.0,0.0,0.0,0.5656,0.8026
128,0.001,3,10,100,16,16,256,202,730,24,ContrastiveLoss,gru,/home/dpetrovitch/dzagcoffee/train_trace/age_pred/checkpoints/age_pred_2025-10-10 14:37:35.506749_ContrastiveLoss_gru_catboost/model_128_0.001_3_10_100_256_16_16_ContrastiveLoss_gruepoch=20.ckpt,20,24,0.29702294,67.595,4.1203,1e-04,4.1292,1.1988,9.0076,0.6968,4204.306,106.4174,960.4526,24.3105,897.2173,22.7099,862.3665,21.8278,817.0584,20.681,781.9876,19.7933,717.2815,18.1555,413.5839,8.7872,94.4812,2.0074,88.2606,1.8752,84.8323,1.8024,80.3753,1.7077,76.9253,1.6344,70.5601,1.4991,0.0,0.0,0.0,0.0,0.0,0.0,0.0,0.0,0.0,0.0,0.0,0.0,0.0,0.0,0.0,0.0,0.0,0.0,0.0,0.0,0.0,0.0,0.0,0.0,0.0,0.0,0.0,0.0,0.0,0.0,0.0,0.0,0.0,0.0,0.0,0.5644,0.8089
128,0.001,3,10,100,16,16,256,202,730,24,ContrastiveLoss,gru,/home/dpetrovitch/dzagcoffee/train_trace/age_pred/checkpoints/age_pred_2025-10-10 14:37:35.506749_ContrastiveLoss_gru_catboost/model_128_0.001_3_10_100_256_16_16_ContrastiveLoss_gruepoch=21.ckpt,21,24,0.31501535,68.2543,3.4252,1e-04,4.1345,1.2011,9.1632,0.6942,4315.253,109.2051,966.221,24.4519,903.4696,22.8639,868.5311,21.9797,823.1929,20.8323,787.314,19.9244,721.3611,18.2553,439.721,9.1563,98.4572,2.0502,92.0629,1.917,88.5027,1.8429,83.8827,1.7467,80.2267,1.6706,73.5062,1.5306,0.0,0.0,0.0,0.0,0.0,0.0,0.0,0.0,0.0,0.0,0.0,0.0,0.0,0.0,0.0,0.0,0.0,0.0,0.0,0.0,0.0,0.0,0.0,0.0,0.0,0.0,0.0,0.0,0.0,0.0,0.0,0.0,0.0,0.0,0.0,0.5567,0.8066
128,0.001,3,10,100,16,16,256,202,730,24,ContrastiveLoss,gru,/home/dpetrovitch/dzagcoffee/train_trace/age_pred/checkpoints/age_pred_2025-10-10 14:37:35.506749_ContrastiveLoss_gru_catboost/model_128_0.001_3_10_100_256_16_16_ContrastiveLoss_gruepoch=22.ckpt,22,24,0.31737295,69.3575,3.3998,1e-04,4.1239,1.2102,8.0575,0.6844,4397.4844,111.2919,964.0222,24.3975,899.2363,22.7579,862.8006,21.8358,814.8435,20.6221,776.4295,19.6499,706.1479,17.8712,441.3272,9.2137,96.7483,2.0198,90.2465,1.8841,86.5898,1.8078,81.7769,1.7073,77.9217,1.6268,70.8683,1.4795,0.0,0.0,0.0,0.0,0.0,0.0,0.0,0.0,0.0,0.0,0.0,0.0,0.0,0.0,0.0,0.0,0.0,0.0,0.0,0.0,0.0,0.0,0.0,0.0,0.0,0.0,0.0,0.0,0.0,0.0,0.0,0.0,0.0,0.0,0.0,0.5811,0.8143
128,0.001,3,10,100,16,16,256,202,730,24,ContrastiveLoss,gru,/home/dpetrovitch/dzagcoffee/train_trace/age_pred/checkpoints/age_pred_2025-10-10 14:37:35.506749_ContrastiveLoss_gru_catboost/model_128_0.001_3_10_100_256_16_16_ContrastiveLoss_gruepoch=23.ckpt,23,24,0.32036182,68.968,3.681,1e-04,4.1296,1.2066,8.4693,0.6883,4414.999,111.7201,963.4697,24.3803,900.043,22.7753,864.5964,21.8783,818.3329,20.7076,781.4874,19.7753,713.6499,18.0587,452.4238,9.4373,98.7308,2.0595,92.2312,1.9239,88.5989,1.8481,83.8581,1.7492,80.0823,1.6705,73.1307,1.5255,0.0,0.0,0.0,0.0,0.0,0.0,0.0,0.0,0.0,0.0,0.0,0.0,0.0,0.0,0.0,0.0,0.0,0.0,0.0,0.0,0.0,0.0,0.0,0.0,0.0,0.0,0.0,0.0,0.0,0.0,0.0,0.0,0.0,0.0,0.0,0.5867,0.8178
128,0.001,3,10,100,16,16,256,202,730,24,VicregLoss,gru,/home/dpetrovitch/dzagcoffee/train_trace/age_pred/checkpoints/age_pred_2025-10-10 14:37:35.506749_ContrastiveLoss_gru_catboost/model_128_0.001_3_10_100_256_16_16_VicregLoss_gruepoch=00.ckpt,0,24,0.02544981,30.8734,4.9857,0.0007,3.5255,1.1164,1.1148,0.7009,1759.877,48.5136,189.3189,5.2189,108.3773,2.9876,95.0585,2.6204,86.6396,2.3883,82.5871,2.2766,77.7816,2.1442,98.0229,4.5814,10.5448,0.4928,6.0365,0.2821,5.2946,0.2475,4.8257,0.2255,4.6,0.215,4.3323,0.2025,0.0,0.0,0.0,0.0,0.0,0.0,0.0,0.0,0.0,0.0,0.0,0.0,0.0,0.0,0.0,0.0,0.0,0.0,0.0,0.0,0.0,0.0,0.0,0.0,0.0,0.0,0.0,0.0,0.0,0.0,0.0,0.0,0.0,0.0,0.0,0.3478,0.613
128,0.001,3,10,100,16,16,256,202,730,24,VicregLoss,gru,/home/dpetrovitch/dzagcoffee/train_trace/age_pred/checkpoints/age_pred_2025-10-10 14:37:35.506749_ContrastiveLoss_gru_catboost/model_128_0.001_3_10_100_256_16_16_VicregLoss_gruepoch=01.ckpt,1,24,0.026293205,28.5891,4.5101,0.0006,3.4627,1.1451,1.1478,0.6688,1691.809,47.0308,141.7502,3.9405,94.082,2.6154,84.8158,2.3578,78.4833,2.1818,75.3163,2.0937,71.8317,1.9969,91.298,5.1048,7.6495,0.4277,5.0771,0.2839,4.5771,0.2559,4.2353,0.2368,4.0644,0.2273,3.8764,0.2167,0.0,0.0,0.0,0.0,0.0,0.0,0.0,0.0,0.0,0.0,0.0,0.0,0.0,0.0,0.0,0.0,0.0,0.0,0.0,0.0,0.0,0.0,0.0,0.0,0.0,0.0,0.0,0.0,0.0,0.0,0.0,0.0,0.0,0.0,0.0,0.3589,0.6332
128,0.001,3,10,100,16,16,256,202,730,24,VicregLoss,gru,/home/dpetrovitch/dzagcoffee/train_trace/age_pred/checkpoints/age_pred_2025-10-10 14:37:35.506749_ContrastiveLoss_gru_catboost/model_128_0.001_3_10_100_256_16_16_VicregLoss_gruepoch=02.ckpt,2,24,0.027328955,25.2865,4.3651,0.0005,3.4615,1.0991,1.1099,0.7438,1526.0128,43.0431,125.6748,3.5448,79.9323,2.2546,74.3805,2.098,70.0029,1.9745,67.8004,1.9124,65.0338,1.8344,82.748,5.8383,6.8147,0.4808,4.3343,0.3058,4.0333,0.2846,3.7959,0.2678,3.6765,0.2594,3.5265,0.2488,0.0,0.0,0.0,0.0,0.0,0.0,0.0,0.0,0.0,0.0,0.0,0.0,0.0,0.0,0.0,0.0,0.0,0.0,0.0,0.0,0.0,0.0,0.0,0.0,0.0,0.0,0.0,0.0,0.0,0.0,0.0,0.0,0.0,0.0,0.0,0.3978,0.6462
128,0.001,3,10,100,16,16,256,202,730,24,VicregLoss,gru,/home/dpetrovitch/dzagcoffee/train_trace/age_pred/checkpoints/age_pred_2025-10-10 14:37:35.506749_ContrastiveLoss_gru_catboost/model_128_0.001_3_10_100_256_16_16_VicregLoss_gruepoch=03.ckpt,3,24,0.028601443,27.6771,4.4559,0.0006,3.3861,1.2185,1.1962,0.6359,1617.4934,43.8599,136.8197,3.71,93.061,2.5234,84.6025,2.2941,78.5081,2.1288,75.4085,2.0448,71.6462,1.9428,85.2328,5.7162,7.2096,0.4835,4.9038,0.3289,4.4581,0.299,4.1369,0.2774,3.9736,0.2665,3.7753,0.2532,0.0,0.0,0.0,0.0,0.0,0.0,0.0,0.0,0.0,0.0,0.0,0.0,0.0,0.0,0.0,0.0,0.0,0.0,0.0,0.0,0.0,0.0,0.0,0.0,0.0,0.0,0.0,0.0,0.0,0.0,0.0,0.0,0.0,0.0,0.0,0.3656,0.6356
128,0.001,3,10,100,16,16,256,202,730,24,VicregLoss,gru,/home/dpetrovitch/dzagcoffee/train_trace/age_pred/checkpoints/age_pred_2025-10-10 14:37:35.506749_ContrastiveLoss_gru_catboost/model_128_0.001_3_10_100_256_16_16_VicregLoss_gruepoch=04.ckpt,4,24,0.030865293,29.9863,3.8269,0.0007,3.3458,1.299,1.2994,0.5638,1685.9968,45.156,141.7429,3.7963,106.9587,2.8647,96.6721,2.5892,87.6396,2.3472,82.8665,2.2194,77.3593,2.0719,84.1083,5.0067,7.071,0.4209,5.3358,0.3176,4.8226,0.2871,4.372,0.2603,4.1339,0.2461,3.8592,0.2297,0.0,0.0,0.0,0.0,0.0,0.0,0.0,0.0,0.0,0.0,0.0,0.0,0.0,0.0,0.0,0.0,0.0,0.0,0.0,0.0,0.0,0.0,0.0,0.0,0.0,0.0,0.0,0.0,0.0,0.0,0.0,0.0,0.0,0.0,0.0,0.3733,0.6416
128,0.001,3,10,100,16,16,256,202,730,24,VicregLoss,gru,/home/dpetrovitch/dzagcoffee/train_trace/age_pred/checkpoints/age_pred_2025-10-10 14:37:35.506749_ContrastiveLoss_gru_catboost/model_128_0.001_3_10_100_256_16_16_VicregLoss_gruepoch=05.ckpt,5,24,0.030613756,26.3443,4.1875,0.0006,3.3924,1.2018,1.2007,0.6421,1548.7223,42.1368,121.5812,3.3079,86.347,2.3493,78.4841,2.1354,73.004,1.9863,70.2941,1.9125,66.9643,1.8219,76.5766,5.3301,6.0116,0.4184,4.2694,0.2972,3.8806,0.2701,3.6097,0.2513,3.4757,0.2419,3.311,0.2305,0.0,0.0,0.0,0.0,0.0,0.0,0.0,0.0,0.0,0.0,0.0,0.0,0.0,0.0,0.0,0.0,0.0,0.0,0.0,0.0,0.0,0.0,0.0,0.0,0.0,0.0,0.0,0.0,0.0,0.0,0.0,0.0,0.0,0.0,0.0,0.3644,0.6478
128,0.001,3,10,100,16,16,256,202,730,24,VicregLoss,gru,/home/dpetrovitch/dzagcoffee/train_trace/age_pred/checkpoints/age_pred_2025-10-10 14:37:35.506749_ContrastiveLoss_gru_catboost/model_128_0.001_3_10_100_256_16_16_VicregLoss_gruepoch=06.ckpt,6,24,0.030850498,28.6919,3.7523,0.0009,3.2999,1.637,1.6262,0.4863,1635.791,43.7312,128.2261,3.428,102.903,2.751,95.2234,2.5457,88.0082,2.3528,83.7652,2.2394,77.7972,2.0798,78.4897,5.3668,6.1526,0.4207,4.9376,0.3376,4.5691,0.3124,4.2229,0.2887,4.0193,0.2748,3.7329,0.2552,0.0,0.0,0.0,0.0,0.0,0.0,0.0,0.0,0.0,0.0,0.0,0.0,0.0,0.0,0.0,0.0,0.0,0.0,0.0,0.0,0.0,0.0,0.0,0.0,0.0,0.0,0.0,0.0,0.0,0.0,0.0,0.0,0.0,0.0,0.0,0.3644,0.6456
128,0.001,3,10,100,16,16,256,202,730,24,VicregLoss,gru,/home/dpetrovitch/dzagcoffee/train_trace/age_pred/checkpoints/age_pred_2025-10-10 14:37:35.506749_ContrastiveLoss_gru_catboost/model_128_0.001_3_10_100_256_16_16_VicregLoss_gruepoch=07.ckpt,7,24,0.03462358,26.123,3.6109,0.0008,3.3056,1.7267,1.7481,0.4886,1531.3738,41.1067,115.8818,3.1106,93.0781,2.4985,86.5084,2.3221,81.038,2.1753,78.0977,2.0964,74.0839,1.9886,69.3103,7.2647,5.2448,0.5497,4.2127,0.4416,3.9154,0.4104,3.6678,0.3844,3.5347,0.3705,3.3531,0.3514,0.0,0.0,0.0,0.0,0.0,0.0,0.0,0.0,0.0,0.0,0.0,0.0,0.0,0.0,0.0,0.0,0.0,0.0,0.0,0.0,0.0,0.0,0.0,0.0,0.0,0.0,0.0,0.0,0.0,0.0,0.0,0.0,0.0,0.0,0.0,0.3856,0.6522
128,0.001,3,10,100,16,16,256,202,730,24,VicregLoss,gru,/home/dpetrovitch/dzagcoffee/train_trace/age_pred/checkpoints/age_pred_2025-10-10 14:37:35.506749_ContrastiveLoss_gru_catboost/model_128_0.001_3_10_100_256_16_16_VicregLoss_gruepoch=08.ckpt,8,24,0.03203421,23.0394,4.1469,0.0006,3.3659,1.4933,1.5007,0.522,1399.6086,37.8952,102.5066,2.7754,80.9229,2.191,75.007,2.0309,70.2494,1.902,67.5624,1.8293,64.266,1.74,58.0533,7.4263,4.2518,0.5439,3.3565,0.4294,3.1112,0.398,2.9138,0.3727,2.8024,0.3585,2.6656,0.341,0.0,0.0,0.0,0.0,0.0,0.0,0.0,0.0,0.0,0.0,0.0,0.0,0.0,0.0,0.0,0.0,0.0,0.0,0.0,0.0,0.0,0.0,0.0,0.0,0.0,0.0,0.0,0.0,0.0,0.0,0.0,0.0,0.0,0.0,0.0,0.4078,0.658
128,0.001,3,10,100,16,16,256,202,730,24,VicregLoss,gru,/home/dpetrovitch/dzagcoffee/train_trace/age_pred/checkpoints/age_pred_2025-10-10 14:37:35.506749_ContrastiveLoss_gru_catboost/model_128_0.001_3_10_100_256_16_16_VicregLoss_gruepoch=09.ckpt,9,24,0.03486032,24.4753,3.9612,0.0008,3.315,1.8363,1.8495,0.4805,1459.282,38.9951,109.2608,2.9197,88.6376,2.3686,82.7547,2.2114,77.8897,2.0814,75.1752,2.0088,71.1908,1.9024,66.921,7.1959,5.0106,0.5388,4.0648,0.4371,3.795,0.4081,3.5719,0.3841,3.4474,0.3707,3.2647,0.3511,0.0,0.0,0.0,0.0,0.0,0.0,0.0,0.0,0.0,0.0,0.0,0.0,0.0,0.0,0.0,0.0,0.0,0.0,0.0,0.0,0.0,0.0,0.0,0.0,0.0,0.0,0.0,0.0,0.0,0.0,0.0,0.0,0.0,0.0,0.0,0.3856,0.6523
128,0.001,3,10,100,16,16,256,202,730,24,VicregLoss,gru,/home/dpetrovitch/dzagcoffee/train_trace/age_pred/checkpoints/age_pred_2025-10-10 14:37:35.506749_ContrastiveLoss_gru_catboost/model_128_0.001_3_10_100_256_16_16_VicregLoss_gruepoch=10.ckpt,10,24,0.03449041,23.4101,3.9621,0.0007,3.3194,1.7921,1.7946,0.4835,1430.7124,38.4408,107.4116,2.886,86.1948,2.3159,80.1694,2.154,75.3431,2.0243,72.7895,1.9557,69.3851,1.8643,62.0649,5.6774,4.6596,0.4262,3.7392,0.342,3.4778,0.3181,3.2684,0.299,3.1576,0.2888,3.01,0.2753,0.0,0.0,0.0,0.0,0.0,0.0,0.0,0.0,0.0,0.0,0.0,0.0,0.0,0.0,0.0,0.0,0.0,0.0,0.0,0.0,0.0,0.0,0.0,0.0,0.0,0.0,0.0,0.0,0.0,0.0,0.0,0.0,0.0,0.0,0.0,0.3922,0.6567
128,0.001,3,10,100,16,16,256,202,730,24,VicregLoss,gru,/home/dpetrovitch/dzagcoffee/train_trace/age_pred/checkpoints/age_pred_2025-10-10 14:37:35.506749_ContrastiveLoss_gru_catboost/model_128_0.001_3_10_100_256_16_16_VicregLoss_gruepoch=11.ckpt,11,24,0.034756746,21.9511,3.7538,0.0007,3.3441,1.7523,1.7502,0.4879,1350.2604,36.5508,99.4115,2.691,79.8211,2.1607,74.2765,2.0106,69.8748,1.8915,67.5432,1.8284,64.2708,1.7398,59.2306,6.1709,4.3608,0.4543,3.5014,0.3648,3.2582,0.3395,3.0651,0.3193,2.9629,0.3087,2.8193,0.2937,0.0,0.0,0.0,0.0,0.0,0.0,0.0,0.0,0.0,0.0,0.0,0.0,0.0,0.0,0.0,0.0,0.0,0.0,0.0,0.0,0.0,0.0,0.0,0.0,0.0,0.0,0.0,0.0,0.0,0.0,0.0,0.0,0.0,0.0,0.0,0.4067,0.6699
128,0.001,3,10,100,16,16,256,202,730,24,VicregLoss,gru,/home/dpetrovitch/dzagcoffee/train_trace/age_pred/checkpoints/age_pred_2025-10-10 14:37:35.506749_ContrastiveLoss_gru_catboost/model_128_0.001_3_10_100_256_16_16_VicregLoss_gruepoch=12.ckpt,12,24,0.03564453,20.7581,4.0521,0.0006,3.3634,1.8261,1.838,0.4857,1300.305,35.037,92.0489,2.4803,74.752,2.0142,69.7404,1.8792,65.8648,1.7747,63.8741,1.7211,61.3983,1.6544,54.7937,8.5099,3.8789,0.6024,3.15,0.4892,2.9388,0.4564,2.7755,0.4311,2.6916,0.418,2.5873,0.4018,0.0,0.0,0.0,0.0,0.0,0.0,0.0,0.0,0.0,0.0,0.0,0.0,0.0,0.0,0.0,0.0,0.0,0.0,0.0,0.0,0.0,0.0,0.0,0.0,0.0,0.0,0.0,0.0,0.0,0.0,0.0,0.0,0.0,0.0,0.0,0.3978,0.6644
128,0.001,3,10,100,16,16,256,202,730,24,VicregLoss,gru,/home/dpetrovitch/dzagcoffee/train_trace/age_pred/checkpoints/age_pred_2025-10-10 14:37:35.506749_ContrastiveLoss_gru_catboost/model_128_0.001_3_10_100_256_16_16_VicregLoss_gruepoch=13.ckpt,13,24,0.033883758,19.9209,4.1043,0.0005,3.4207,1.5876,1.595,0.5042,1267.0002,34.3742,89.9841,2.4413,72.8912,1.9776,68.3955,1.8556,64.8061,1.7582,62.8492,1.7051,60.0898,1.6303,52.4616,6.653,3.7259,0.4725,3.0181,0.3828,2.832,0.3591,2.6834,0.3403,2.6023,0.33,2.4881,0.3155,0.0,0.0,0.0,0.0,0.0,0.0,0.0,0.0,0.0,0.0,0.0,0.0,0.0,0.0,0.0,0.0,0.0,0.0,0.0,0.0,0.0,0.0,0.0,0.0,0.0,0.0,0.0,0.0,0.0,0.0,0.0,0.0,0.0,0.0,0.0,0.3967,0.6647
128,0.001,3,10,100,16,16,256,202,730,24,VicregLoss,gru,/home/dpetrovitch/dzagcoffee/train_trace/age_pred/checkpoints/age_pred_2025-10-10 14:37:35.506749_ContrastiveLoss_gru_catboost/model_128_0.001_3_10_100_256_16_16_VicregLoss_gruepoch=14.ckpt,14,24,0.03832268,20.9721,4.2301,0.0006,3.3838,1.6206,1.6214,0.5024,1335.7573,36.0353,100.9852,2.7243,80.2571,2.1651,74.5372,2.0108,70.02,1.889,67.5993,1.8237,64.2405,1.733,61.0707,5.903,4.617,0.4463,3.6693,0.3547,3.4078,0.3294,3.2013,0.3094,3.0906,0.2987,2.9371,0.2839,0.0,0.0,0.0,0.0,0.0,0.0,0.0,0.0,0.0,0.0,0.0,0.0,0.0,0.0,0.0,0.0,0.0,0.0,0.0,0.0,0.0,0.0,0.0,0.0,0.0,0.0,0.0,0.0,0.0,0.0,0.0,0.0,0.0,0.0,0.0,0.3944,0.6656
128,0.001,3,10,100,16,16,256,202,730,24,VicregLoss,gru,/home/dpetrovitch/dzagcoffee/train_trace/age_pred/checkpoints/age_pred_2025-10-10 14:37:35.506749_ContrastiveLoss_gru_catboost/model_128_0.001_3_10_100_256_16_16_VicregLoss_gruepoch=15.ckpt,15,24,0.036044035,20.2562,4.2475,0.0006,3.3748,1.7202,1.7291,0.4935,1307.8655,35.035,97.5307,2.6126,78.6032,2.1056,73.2225,1.9615,68.6995,1.8403,66.2639,1.7751,63.3316,1.6965,57.3316,7.6387,4.2754,0.5696,3.4456,0.4591,3.2098,0.4277,3.0115,0.4012,2.9047,0.387,2.7762,0.3699,0.0,0.0,0.0,0.0,0.0,0.0,0.0,0.0,0.0,0.0,0.0,0.0,0.0,0.0,0.0,0.0,0.0,0.0,0.0,0.0,0.0,0.0,0.0,0.0,0.0,0.0,0.0,0.0,0.0,0.0,0.0,0.0,0.0,0.0,0.0,0.4078,0.6762
128,0.001,3,10,100,16,16,256,202,730,24,VicregLoss,gru,/home/dpetrovitch/dzagcoffee/train_trace/age_pred/checkpoints/age_pred_2025-10-10 14:37:35.506749_ContrastiveLoss_gru_catboost/model_128_0.001_3_10_100_256_16_16_VicregLoss_gruepoch=16.ckpt,16,24,0.038855348,20.8071,4.1888,0.0006,3.3706,1.7959,1.7914,0.4879,1341.7489,36.0002,100.3272,2.6919,80.6942,2.1651,74.8627,2.0086,70.0808,1.8803,67.5818,1.8133,64.3933,1.7277,58.4951,6.2884,4.3739,0.4702,3.518,0.3782,3.2637,0.3509,3.0553,0.3285,2.9463,0.3167,2.8073,0.3018,0.0,0.0,0.0,0.0,0.0,0.0,0.0,0.0,0.0,0.0,0.0,0.0,0.0,0.0,0.0,0.0,0.0,0.0,0.0,0.0,0.0,0.0,0.0,0.0,0.0,0.0,0.0,0.0,0.0,0.0,0.0,0.0,0.0,0.0,0.0,0.4056,0.6792
128,0.001,3,10,100,16,16,256,202,730,24,VicregLoss,gru,/home/dpetrovitch/dzagcoffee/train_trace/age_pred/checkpoints/age_pred_2025-10-10 14:37:35.506749_ContrastiveLoss_gru_catboost/model_128_0.001_3_10_100_256_16_16_VicregLoss_gruepoch=17.ckpt,17,24,0.036191996,20.6513,4.0958,0.0005,3.4096,1.5776,1.5833,0.508,1350.2502,36.1457,102.2969,2.7385,81.3115,2.1767,75.5417,2.0222,70.7952,1.8952,68.2146,1.8261,64.6537,1.7308,66.2692,5.9015,5.0206,0.4471,3.9907,0.3554,3.7075,0.3302,3.4746,0.3094,3.3479,0.2981,3.1732,0.2826,0.0,0.0,0.0,0.0,0.0,0.0,0.0,0.0,0.0,0.0,0.0,0.0,0.0,0.0,0.0,0.0,0.0,0.0,0.0,0.0,0.0,0.0,0.0,0.0,0.0,0.0,0.0,0.0,0.0,0.0,0.0,0.0,0.0,0.0,0.0,0.4022,0.6752
128,0.001,3,10,100,16,16,256,202,730,24,VicregLoss,gru,/home/dpetrovitch/dzagcoffee/train_trace/age_pred/checkpoints/age_pred_2025-10-10 14:37:35.506749_ContrastiveLoss_gru_catboost/model_128_0.001_3_10_100_256_16_16_VicregLoss_gruepoch=18.ckpt,18,24,0.036295574,20.3406,3.8289,0.0006,3.3911,1.7473,1.7407,0.4882,1332.9535,35.6574,100.2074,2.6806,80.9516,2.1655,75.0435,2.0075,69.9902,1.8723,67.1476,1.7962,63.1511,1.6893,59.6309,6.3079,4.4829,0.4742,3.6214,0.3831,3.3571,0.3551,3.1311,0.3312,3.0039,0.3178,2.8251,0.2988,0.0,0.0,0.0,0.0,0.0,0.0,0.0,0.0,0.0,0.0,0.0,0.0,0.0,0.0,0.0,0.0,0.0,0.0,0.0,0.0,0.0,0.0,0.0,0.0,0.0,0.0,0.0,0.0,0.0,0.0,0.0,0.0,0.0,0.0,0.0,0.42,0.6857
128,0.001,3,10,100,16,16,256,202,730,24,VicregLoss,gru,/home/dpetrovitch/dzagcoffee/train_trace/age_pred/checkpoints/age_pred_2025-10-10 14:37:35.506749_ContrastiveLoss_gru_catboost/model_128_0.001_3_10_100_256_16_16_VicregLoss_gruepoch=19.ckpt,19,24,0.037686434,18.9602,4.5028,0.0004,3.4885,1.4021,1.4022,0.5575,1256.3131,33.8873,95.1349,2.5661,72.2282,1.9483,67.0311,1.8081,63.1844,1.7043,61.2096,1.651,58.58,1.5801,58.6808,6.7945,4.4436,0.5145,3.3737,0.3906,3.1309,0.3625,2.9513,0.3417,2.859,0.331,2.7362,0.3168,0.0,0.0,0.0,0.0,0.0,0.0,0.0,0.0,0.0,0.0,0.0,0.0,0.0,0.0,0.0,0.0,0.0,0.0,0.0,0.0,0.0,0.0,0.0,0.0,0.0,0.0,0.0,0.0,0.0,0.0,0.0,0.0,0.0,0.0,0.0,0.3756,0.6631
128,0.001,3,10,100,16,16,256,202,730,24,VicregLoss,gru,/home/dpetrovitch/dzagcoffee/train_trace/age_pred/checkpoints/age_pred_2025-10-10 14:37:35.506749_ContrastiveLoss_gru_catboost/model_128_0.001_3_10_100_256_16_16_VicregLoss_gruepoch=20.ckpt,20,24,0.032744437,18.624,4.2627,0.0005,3.4451,1.6409,1.6446,0.5011,1259.3901,33.755,92.2072,2.4714,73.3356,1.9656,68.0114,1.8229,63.9572,1.7142,61.9197,1.6596,59.327,1.5901,54.1305,6.8255,3.9632,0.4997,3.1521,0.3975,2.9232,0.3686,2.749,0.3466,2.6614,0.3356,2.55,0.3215,0.0,0.0,0.0,0.0,0.0,0.0,0.0,0.0,0.0,0.0,0.0,0.0,0.0,0.0,0.0,0.0,0.0,0.0,0.0,0.0,0.0,0.0,0.0,0.0,0.0,0.0,0.0,0.0,0.0,0.0,0.0,0.0,0.0,0.0,0.0,0.4033,0.6725
128,0.001,3,10,100,16,16,256,202,730,24,VicregLoss,gru,/home/dpetrovitch/dzagcoffee/train_trace/age_pred/checkpoints/age_pred_2025-10-10 14:37:35.506749_ContrastiveLoss_gru_catboost/model_128_0.001_3_10_100_256_16_16_VicregLoss_gruepoch=21.ckpt,21,24,0.036576703,18.8351,4.0227,0.0005,3.4496,1.6257,1.6295,0.5007,1284.3612,34.4554,95.0351,2.5495,76.0129,2.0392,70.4671,1.8904,66.0036,1.7707,63.6815,1.7084,60.6337,1.6266,57.769,5.6329,4.2746,0.4168,3.419,0.3334,3.1695,0.3091,2.9688,0.2895,2.8643,0.2793,2.7272,0.2659,0.0,0.0,0.0,0.0,0.0,0.0,0.0,0.0,0.0,0.0,0.0,0.0,0.0,0.0,0.0,0.0,0.0,0.0,0.0,0.0,0.0,0.0,0.0,0.0,0.0,0.0,0.0,0.0,0.0,0.0,0.0,0.0,0.0,0.0,0.0,0.4089,0.6819
128,0.001,3,10,100,16,16,256,202,730,24,VicregLoss,gru,/home/dpetrovitch/dzagcoffee/train_trace/age_pred/checkpoints/age_pred_2025-10-10 14:37:35.506749_ContrastiveLoss_gru_catboost/model_128_0.001_3_10_100_256_16_16_VicregLoss_gruepoch=22.ckpt,22,24,0.037982363,18.2933,3.8677,0.0005,3.4755,1.6662,1.6633,0.4979,1232.1542,33.2423,93.8622,2.5323,74.804,2.0181,69.1457,1.8655,64.5645,1.7419,62.2237,1.6787,59.2321,1.598,55.9979,5.3161,4.2658,0.405,3.3996,0.3227,3.1425,0.2983,2.9343,0.2786,2.8279,0.2685,2.6919,0.2556,0.0,0.0,0.0,0.0,0.0,0.0,0.0,0.0,0.0,0.0,0.0,0.0,0.0,0.0,0.0,0.0,0.0,0.0,0.0,0.0,0.0,0.0,0.0,0.0,0.0,0.0,0.0,0.0,0.0,0.0,0.0,0.0,0.0,0.0,0.0,0.4189,0.6744
128,0.001,3,10,100,16,16,256,202,730,24,VicregLoss,gru,/home/dpetrovitch/dzagcoffee/train_trace/age_pred/checkpoints/age_pred_2025-10-10 14:37:35.506749_ContrastiveLoss_gru_catboost/model_128_0.001_3_10_100_256_16_16_VicregLoss_gruepoch=23.ckpt,23,24,0.040601328,17.9386,3.9273,0.0005,3.4651,1.7924,1.7866,0.4883,1202.9331,32.3528,90.2967,2.4285,72.7641,1.957,67.5076,1.8156,63.148,1.6984,60.9064,1.6381,58.0272,1.5606,52.1647,5.9205,3.9157,0.4444,3.1554,0.3581,2.9274,0.3323,2.7384,0.3108,2.6412,0.2998,2.5163,0.2856,0.0,0.0,0.0,0.0,0.0,0.0,0.0,0.0,0.0,0.0,0.0,0.0,0.0,0.0,0.0,0.0,0.0,0.0,0.0,0.0,0.0,0.0,0.0,0.0,0.0,0.0,0.0,0.0,0.0,0.0,0.0,0.0,0.0,0.0,0.0,0.4211,0.6736
128,0.001,3,10,100,16,16,256,202,730,24,ContrastiveLoss,gru,/home/dpetrovitch/dzagcoffee/train_trace/age_pred/checkpoints/age_pred_2025-10-10 14:37:35.506749_ContrastiveLoss_gru_catboost/model_128_0.001_3_10_100_256_16_16_ContrastiveLoss_gruepoch=00.ckpt,0,24,0.11311355,52.4985,4.3657,0.0007,4.1069,1.1382,5.4845,0.7763,1797.5664,46.1298,774.3113,19.8707,696.986,17.8863,654.9414,16.8073,600.7256,15.416,558.5336,14.3333,481.6552,12.3604,110.1765,3.2761,47.4591,1.4112,42.7197,1.2703,40.1427,1.1936,36.8197,1.0948,34.2337,1.0179,29.5216,0.8778,0.0,0.0,0.0,0.0,0.0,0.0,0.0,0.0,0.0,0.0,0.0,0.0,0.0,0.0,0.0,0.0,0.0,0.0,0.0,0.0,0.0,0.0,0.0,0.0,0.0,0.0,0.0,0.0,0.0,0.0,0.0,0.0,0.0,0.0,0.0,0.4711,0.7279
128,0.001,3,10,100,16,16,256,202,730,24,ContrastiveLoss,gru,/home/dpetrovitch/dzagcoffee/train_trace/age_pred/checkpoints/age_pred_2025-10-10 14:37:35.506749_ContrastiveLoss_gru_catboost/model_128_0.001_3_10_100_256_16_16_ContrastiveLoss_gruepoch=01.ckpt,1,24,0.17602786,59.402,3.6528,0.0008,4.0538,1.1565,6.2773,0.7504,2321.3254,59.0328,849.2465,21.5969,775.4221,19.7195,735.456,18.7031,684.1654,17.3988,644.6905,16.3949,577.3934,14.6835,165.3438,4.3816,60.4903,1.603,55.2319,1.4637,52.3852,1.3882,48.7319,1.2914,45.9201,1.2169,41.1267,1.0899,0.0,0.0,0.0,0.0,0.0,0.0,0.0,0.0,0.0,0.0,0.0,0.0,0.0,0.0,0.0,0.0,0.0,0.0,0.0,0.0,0.0,0.0,0.0,0.0,0.0,0.0,0.0,0.0,0.0,0.0,0.0,0.0,0.0,0.0,0.0,0.4822,0.7512
128,0.001,3,10,100,16,16,256,202,730,24,ContrastiveLoss,gru,/home/dpetrovitch/dzagcoffee/train_trace/age_pred/checkpoints/age_pred_2025-10-10 14:37:35.506749_ContrastiveLoss_gru_catboost/model_128_0.001_3_10_100_256_16_16_ContrastiveLoss_gruepoch=02.ckpt,2,24,0.21414338,61.0836,3.2805,0.0007,4.0212,1.1664,6.6907,0.737,2689.7495,68.2381,866.6167,21.9858,797.2273,20.2254,759.3698,19.265,711.2688,18.0447,675.3247,17.1328,614.0043,15.5771,221.0738,5.4832,71.2283,1.7667,65.5251,1.6252,62.4135,1.548,58.4601,1.45,55.5058,1.3767,50.4658,1.2517,0.0,0.0,0.0,0.0,0.0,0.0,0.0,0.0,0.0,0.0,0.0,0.0,0.0,0.0,0.0,0.0,0.0,0.0,0.0,0.0,0.0,0.0,0.0,0.0,0.0,0.0,0.0,0.0,0.0,0.0,0.0,0.0,0.0,0.0,0.0,0.5044,0.7478
128,0.001,3,10,100,16,16,256,202,730,24,ContrastiveLoss,gru,/home/dpetrovitch/dzagcoffee/train_trace/age_pred/checkpoints/age_pred_2025-10-10 14:37:35.506749_ContrastiveLoss_gru_catboost/model_128_0.001_3_10_100_256_16_16_ContrastiveLoss_gruepoch=03.ckpt,3,24,0.24794821,62.3283,3.9319,0.0006,3.956,1.171,7.2354,0.7309,2977.5542,75.456,888.7548,22.5225,820.612,20.7956,783.3161,19.8505,736.5327,18.6649,701.055,17.7659,639.1278,16.1965,277.5965,6.4168,82.8583,1.9153,76.5054,1.7685,73.0283,1.6881,68.6667,1.5873,65.3591,1.5108,59.5857,1.3774,0.0,0.0,0.0,0.0,0.0,0.0,0.0,0.0,0.0,0.0,0.0,0.0,0.0,0.0,0.0,0.0,0.0,0.0,0.0,0.0,0.0,0.0,0.0,0.0,0.0,0.0,0.0,0.0,0.0,0.0,0.0,0.0,0.0,0.0,0.0,0.53,0.7671
128,0.001,3,10,100,16,16,256,202,730,24,ContrastiveLoss,gru,/home/dpetrovitch/dzagcoffee/train_trace/age_pred/checkpoints/age_pred_2025-10-10 14:37:35.506749_ContrastiveLoss_gru_catboost/model_128_0.001_3_10_100_256_16_16_ContrastiveLoss_gruepoch=04.ckpt,4,24,0.24896425,63.8499,3.79,0.0004,3.9668,1.1824,7.7454,0.7166,3180.7302,80.5773,900.0901,22.8019,832.6256,21.0929,795.8151,20.1603,749.4856,18.9867,714.9558,18.1119,655.7849,16.613,301.3775,6.8828,85.2845,1.9477,78.8922,1.8017,75.4043,1.7221,71.0146,1.6218,67.7428,1.5471,62.1363,1.4191,0.0,0.0,0.0,0.0,0.0,0.0,0.0,0.0,0.0,0.0,0.0,0.0,0.0,0.0,0.0,0.0,0.0,0.0,0.0,0.0,0.0,0.0,0.0,0.0,0.0,0.0,0.0,0.0,0.0,0.0,0.0,0.0,0.0,0.0,0.0,0.5422,0.7799
128,0.001,3,10,100,16,16,256,202,730,24,ContrastiveLoss,gru,/home/dpetrovitch/dzagcoffee/train_trace/age_pred/checkpoints/age_pred_2025-10-10 14:37:35.506749_ContrastiveLoss_gru_catboost/model_128_0.001_3_10_100_256_16_16_ContrastiveLoss_gruepoch=05.ckpt,5,24,0.27485797,65.591,3.6989,0.0004,3.9509,1.1907,7.8984,0.7073,3389.724,85.855,919.0906,23.2787,850.6015,21.544,812.9849,20.5913,764.5221,19.3638,726.6598,18.4048,658.3217,16.674,328.3788,7.3056,89.0367,1.9808,82.4018,1.8332,78.7577,1.7522,74.0629,1.6477,70.395,1.5661,63.7748,1.4188,0.0,0.0,0.0,0.0,0.0,0.0,0.0,0.0,0.0,0.0,0.0,0.0,0.0,0.0,0.0,0.0,0.0,0.0,0.0,0.0,0.0,0.0,0.0,0.0,0.0,0.0,0.0,0.0,0.0,0.0,0.0,0.0,0.0,0.0,0.0,0.5322,0.7935
128,0.001,3,10,100,16,16,256,202,730,24,ContrastiveLoss,gru,/home/dpetrovitch/dzagcoffee/train_trace/age_pred/checkpoints/age_pred_2025-10-10 14:37:35.506749_ContrastiveLoss_gru_catboost/model_128_0.001_3_10_100_256_16_16_ContrastiveLoss_gruepoch=06.ckpt,6,24,0.27922785,66.8704,3.5095,0.0006,3.9287,1.2053,8.2858,0.6904,3607.8672,91.3898,923.0204,23.3808,854.7315,21.651,817.1003,20.6977,768.4523,19.4654,730.7117,18.5094,663.0936,16.7966,357.3281,7.7769,91.4172,1.9896,84.6538,1.8424,80.9267,1.7613,76.1086,1.6564,72.3707,1.5751,65.6737,1.4293,0.0,0.0,0.0,0.0,0.0,0.0,0.0,0.0,0.0,0.0,0.0,0.0,0.0,0.0,0.0,0.0,0.0,0.0,0.0,0.0,0.0,0.0,0.0,0.0,0.0,0.0,0.0,0.0,0.0,0.0,0.0,0.0,0.0,0.0,0.0,0.5489,0.7947
128,0.001,3,10,100,16,16,256,202,730,24,ContrastiveLoss,gru,/home/dpetrovitch/dzagcoffee/train_trace/age_pred/checkpoints/age_pred_2025-10-10 14:37:35.506749_ContrastiveLoss_gru_catboost/model_128_0.001_3_10_100_256_16_16_ContrastiveLoss_gruepoch=07.ckpt,7,24,0.28005642,62.4787,3.9285,0.0004,4.01,1.1775,8.7199,0.7225,3618.3977,91.6035,926.0596,23.4442,860.7193,21.79,824.8956,20.8831,778.7793,19.7156,743.5502,18.8238,681.4784,17.2523,369.7748,7.9684,94.6368,2.0394,87.9595,1.8955,84.2985,1.8166,79.5858,1.715,75.9856,1.6374,69.6423,1.5007,0.0,0.0,0.0,0.0,0.0,0.0,0.0,0.0,0.0,0.0,0.0,0.0,0.0,0.0,0.0,0.0,0.0,0.0,0.0,0.0,0.0,0.0,0.0,0.0,0.0,0.0,0.0,0.0,0.0,0.0,0.0,0.0,0.0,0.0,0.0,0.5678,0.8037
128,0.001,3,10,100,16,16,256,202,730,24,ContrastiveLoss,gru,/home/dpetrovitch/dzagcoffee/train_trace/age_pred/checkpoints/age_pred_2025-10-10 14:37:35.506749_ContrastiveLoss_gru_catboost/model_128_0.001_3_10_100_256_16_16_ContrastiveLoss_gruepoch=08.ckpt,8,24,0.2857382,65.2373,2.7279,0.0004,3.9905,1.1956,8.5422,0.7015,3781.8704,95.7756,934.4513,23.6649,868.8906,22.0046,832.8447,21.0917,786.261,19.912,750.2518,19.0001,685.6379,17.3637,391.3826,8.3877,96.7056,2.0725,89.9208,1.9271,86.1904,1.8471,81.3695,1.7438,77.6429,1.664,70.9561,1.5206,0.0,0.0,0.0,0.0,0.0,0.0,0.0,0.0,0.0,0.0,0.0,0.0,0.0,0.0,0.0,0.0,0.0,0.0,0.0,0.0,0.0,0.0,0.0,0.0,0.0,0.0,0.0,0.0,0.0,0.0,0.0,0.0,0.0,0.0,0.0,0.5556,0.7987
128,0.001,3,10,100,16,16,256,202,730,24,ContrastiveLoss,gru,/home/dpetrovitch/dzagcoffee/train_trace/age_pred/checkpoints/age_pred_2025-10-10 14:37:35.506749_ContrastiveLoss_gru_catboost/model_128_0.001_3_10_100_256_16_16_ContrastiveLoss_gruepoch=09.ckpt,9,24,0.3020636,66.9734,2.7651,0.0004,3.9682,1.2072,7.8897,0.688,3922.1067,99.2915,934.5763,23.6596,867.8086,21.9693,830.6721,21.0292,782.6685,19.8139,745.3908,18.8702,678.4957,17.1767,407.4595,8.7212,97.0912,2.0781,90.1548,1.9297,86.2968,1.8471,81.3098,1.7403,77.4371,1.6574,70.4875,1.5087,0.0,0.0,0.0,0.0,0.0,0.0,0.0,0.0,0.0,0.0,0.0,0.0,0.0,0.0,0.0,0.0,0.0,0.0,0.0,0.0,0.0,0.0,0.0,0.0,0.0,0.0,0.0,0.0,0.0,0.0,0.0,0.0,0.0,0.0,0.0,0.5611,0.8003
128,0.001,3,10,100,16,16,256,202,730,24,ContrastiveLoss,gru,/home/dpetrovitch/dzagcoffee/train_trace/age_pred/checkpoints/age_pred_2025-10-10 14:37:35.506749_ContrastiveLoss_gru_catboost/model_128_0.001_3_10_100_256_16_16_ContrastiveLoss_gruepoch=10.ckpt,10,24,0.293314,62.9553,3.794,0.0002,4.0701,1.1807,8.3745,0.7187,3834.494,97.0826,935.8618,23.6944,871.6347,22.0682,836.1101,21.1688,790.3747,20.0109,754.6806,19.1072,691.3407,17.5035,401.6605,8.6467,98.0309,2.1104,91.3031,1.9655,87.5819,1.8854,82.7912,1.7823,79.0523,1.7018,72.4174,1.559,0.0,0.0,0.0,0.0,0.0,0.0,0.0,0.0,0.0,0.0,0.0,0.0,0.0,0.0,0.0,0.0,0.0,0.0,0.0,0.0,0.0,0.0,0.0,0.0,0.0,0.0,0.0,0.0,0.0,0.0,0.0,0.0,0.0,0.0,0.0,0.5622,0.8053
128,0.001,3,10,100,16,16,256,202,730,24,ContrastiveLoss,gru,/home/dpetrovitch/dzagcoffee/train_trace/age_pred/checkpoints/age_pred_2025-10-10 14:37:35.506749_ContrastiveLoss_gru_catboost/model_128_0.001_3_10_100_256_16_16_ContrastiveLoss_gruepoch=11.ckpt,11,24,0.3071437,67.402,3.7945,0.0003,4.0113,1.2082,8.5159,0.6863,4054.2395,102.6364,941.8885,23.8447,876.2268,22.1824,839.8436,21.2613,792.5176,20.0632,755.6275,19.1293,689.4248,17.4534,422.2128,8.9713,98.0893,2.0842,91.2512,1.9389,87.4622,1.8584,82.5336,1.7537,78.6919,1.6721,71.7974,1.5256,0.0,0.0,0.0,0.0,0.0,0.0,0.0,0.0,0.0,0.0,0.0,0.0,0.0,0.0,0.0,0.0,0.0,0.0,0.0,0.0,0.0,0.0,0.0,0.0,0.0,0.0,0.0,0.0,0.0,0.0,0.0,0.0,0.0,0.0,0.0,0.5744,0.799
128,0.001,3,10,100,16,16,256,202,730,24,ContrastiveLoss,gru,/home/dpetrovitch/dzagcoffee/train_trace/age_pred/checkpoints/age_pred_2025-10-10 14:37:35.506749_ContrastiveLoss_gru_catboost/model_128_0.001_3_10_100_256_16_16_ContrastiveLoss_gruepoch=12.ckpt,12,24,0.311553,66.0549,3.4819,0.0003,4.0563,1.2012,8.6264,0.6949,4062.4312,102.8588,940.1387,23.8039,874.1458,22.133,837.7111,21.2105,790.3777,20.012,753.7536,19.0847,688.2855,17.4271,410.9066,8.8923,95.0931,2.0579,88.4181,1.9134,84.7328,1.8337,79.9451,1.7301,76.2406,1.6499,69.6187,1.5066,0.0,0.0,0.0,0.0,0.0,0.0,0.0,0.0,0.0,0.0,0.0,0.0,0.0,0.0,0.0,0.0,0.0,0.0,0.0,0.0,0.0,0.0,0.0,0.0,0.0,0.0,0.0,0.0,0.0,0.0,0.0,0.0,0.0,0.0,0.0,0.5711,0.8069
128,0.001,3,10,100,16,16,256,202,730,24,ContrastiveLoss,gru,/home/dpetrovitch/dzagcoffee/train_trace/age_pred/checkpoints/age_pred_2025-10-10 14:37:35.506749_ContrastiveLoss_gru_catboost/model_128_0.001_3_10_100_256_16_16_ContrastiveLoss_gruepoch=13.ckpt,13,24,0.3072325,66.666,3.9995,0.0002,4.07,1.2006,8.7604,0.6949,4098.098,103.7473,948.0304,24.0003,883.1659,22.3582,847.0468,21.4438,800.0822,20.2549,763.4961,19.3286,697.7701,17.6647,415.1789,8.9439,96.0451,2.069,89.4737,1.9275,85.8144,1.8486,81.0564,1.7461,77.3499,1.6663,70.6912,1.5229,0.0,0.0,0.0,0.0,0.0,0.0,0.0,0.0,0.0,0.0,0.0,0.0,0.0,0.0,0.0,0.0,0.0,0.0,0.0,0.0,0.0,0.0,0.0,0.0,0.0,0.0,0.0,0.0,0.0,0.0,0.0,0.0,0.0,0.0,0.0,0.5756,0.8016
128,0.001,3,10,100,16,16,256,202,730,24,ContrastiveLoss,gru,/home/dpetrovitch/dzagcoffee/train_trace/age_pred/checkpoints/age_pred_2025-10-10 14:37:35.506749_ContrastiveLoss_gru_catboost/model_128_0.001_3_10_100_256_16_16_ContrastiveLoss_gruepoch=14.ckpt,14,24,0.3106159,65.5884,4.8055,0.0002,4.112,1.1931,9.4233,0.7039,4086.1147,103.4239,952.3117,24.104,888.2687,22.483,852.9885,21.59,807.388,20.4358,771.9877,19.5398,707.922,17.9183,420.5076,8.9394,98.0037,2.0834,91.4129,1.9433,87.7822,1.8661,83.0894,1.7664,79.4463,1.6889,72.8532,1.5488,0.0,0.0,0.0,0.0,0.0,0.0,0.0,0.0,0.0,0.0,0.0,0.0,0.0,0.0,0.0,0.0,0.0,0.0,0.0,0.0,0.0,0.0,0.0,0.0,0.0,0.0,0.0,0.0,0.0,0.0,0.0,0.0,0.0,0.0,0.0,0.5711,0.8075
128,0.001,3,10,100,16,16,256,202,730,24,ContrastiveLoss,gru,/home/dpetrovitch/dzagcoffee/train_trace/age_pred/checkpoints/age_pred_2025-10-10 14:37:35.506749_ContrastiveLoss_gru_catboost/model_128_0.001_3_10_100_256_16_16_ContrastiveLoss_gruepoch=15.ckpt,15,24,0.2987393,66.0276,5.0645,1e-04,4.1183,1.1925,8.6906,0.7044,4088.5037,103.4974,951.6896,24.0913,887.5694,22.4681,852.1781,21.5722,806.2695,20.4101,770.8482,19.5134,707.2805,17.9043,410.9046,8.7843,95.6471,2.0447,89.2029,1.907,85.646,1.8309,81.0321,1.7323,77.4721,1.6562,71.0834,1.5196,0.0,0.0,0.0,0.0,0.0,0.0,0.0,0.0,0.0,0.0,0.0,0.0,0.0,0.0,0.0,0.0,0.0,0.0,0.0,0.0,0.0,0.0,0.0,0.0,0.0,0.0,0.0,0.0,0.0,0.0,0.0,0.0,0.0,0.0,0.0,0.5722,0.8032
128,0.001,3,10,100,16,16,256,202,730,24,ContrastiveLoss,gru,/home/dpetrovitch/dzagcoffee/train_trace/age_pred/checkpoints/age_pred_2025-10-10 14:37:35.506749_ContrastiveLoss_gru_catboost/model_128_0.001_3_10_100_256_16_16_ContrastiveLoss_gruepoch=16.ckpt,16,24,0.32025334,65.8258,3.0856,0.0002,4.1179,1.189,9.6678,0.7086,4146.125,104.9504,955.7856,24.1937,892.3151,22.5871,857.1653,21.6973,811.5682,20.5431,775.9496,19.6415,712.473,18.0348,417.8788,8.8471,96.3315,2.0395,89.9345,1.904,86.3918,1.829,81.7962,1.7317,78.2062,1.6557,71.8086,1.5203,0.0,0.0,0.0,0.0,0.0,0.0,0.0,0.0,0.0,0.0,0.0,0.0,0.0,0.0,0.0,0.0,0.0,0.0,0.0,0.0,0.0,0.0,0.0,0.0,0.0,0.0,0.0,0.0,0.0,0.0,0.0,0.0,0.0,0.0,0.0,0.5733,0.8119
128,0.001,3,10,100,16,16,256,202,730,24,ContrastiveLoss,gru,/home/dpetrovitch/dzagcoffee/train_trace/age_pred/checkpoints/age_pred_2025-10-10 14:37:35.506749_ContrastiveLoss_gru_catboost/model_128_0.001_3_10_100_256_16_16_ContrastiveLoss_gruepoch=17.ckpt,17,24,0.31474906,67.1281,3.6835,1e-04,4.1298,1.1939,9.4139,0.703,4210.155,106.565,963.3867,24.3847,899.6992,22.7727,864.1102,21.8719,817.7689,20.6989,781.0363,19.7691,714.5965,18.0875,430.1648,9.0544,98.4323,2.0719,91.9251,1.9349,88.2889,1.8584,83.554,1.7587,79.8009,1.6797,73.0126,1.5368,0.0,0.0,0.0,0.0,0.0,0.0,0.0,0.0,0.0,0.0,0.0,0.0,0.0,0.0,0.0,0.0,0.0,0.0,0.0,0.0,0.0,0.0,0.0,0.0,0.0,0.0,0.0,0.0,0.0,0.0,0.0,0.0,0.0,0.0,0.0,0.5867,0.8084
128,0.001,3,10,100,16,16,256,202,730,24,ContrastiveLoss,gru,/home/dpetrovitch/dzagcoffee/train_trace/age_pred/checkpoints/age_pred_2025-10-10 14:37:35.506749_ContrastiveLoss_gru_catboost/model_128_0.001_3_10_100_256_16_16_ContrastiveLoss_gruepoch=18.ckpt,18,24,0.32535315,67.007,3.6775,0.0002,4.1332,1.1932,9.1744,0.7036,4238.8965,107.2806,963.2332,24.3781,899.7263,22.7708,864.4589,21.8783,818.1933,20.7073,781.426,19.7768,714.2874,18.0776,435.0645,9.1361,98.8627,2.0761,92.3446,1.9392,88.7248,1.8632,83.9763,1.7634,80.2026,1.6842,73.3118,1.5395,0.0,0.0,0.0,0.0,0.0,0.0,0.0,0.0,0.0,0.0,0.0,0.0,0.0,0.0,0.0,0.0,0.0,0.0,0.0,0.0,0.0,0.0,0.0,0.0,0.0,0.0,0.0,0.0,0.0,0.0,0.0,0.0,0.0,0.0,0.0,0.5667,0.8082
128,0.001,3,10,100,16,16,256,202,730,24,ContrastiveLoss,gru,/home/dpetrovitch/dzagcoffee/train_trace/age_pred/checkpoints/age_pred_2025-10-10 14:37:35.506749_ContrastiveLoss_gru_catboost/model_128_0.001_3_10_100_256_16_16_ContrastiveLoss_gruepoch=19.ckpt,19,24,0.3133582,69.5637,3.8547,1e-04,4.1023,1.2144,8.6135,0.6798,4325.838,109.5112,962.4918,24.3661,898.0423,22.7345,862.145,21.8257,814.6679,20.6238,776.4749,19.6569,706.4342,17.8838,423.6392,9.0272,94.259,2.0085,87.9473,1.874,84.4318,1.7991,79.7823,1.7001,76.0419,1.6204,69.1827,1.4742,0.0,0.0,0.0,0.0,0.0,0.0,0.0,0.0,0.0,0.0,0.0,0.0,0.0,0.0,0.0,0.0,0.0,0.0,0.0,0.0,0.0,0.0,0.0,0.0,0.0,0.0,0.0,0.0,0.0,0.0,0.0,0.0,0.0,0.0,0.0,0.5656,0.8026
128,0.001,3,10,100,16,16,256,202,730,24,ContrastiveLoss,gru,/home/dpetrovitch/dzagcoffee/train_trace/age_pred/checkpoints/age_pred_2025-10-10 14:37:35.506749_ContrastiveLoss_gru_catboost/model_128_0.001_3_10_100_256_16_16_ContrastiveLoss_gruepoch=20.ckpt,20,24,0.29702294,67.595,4.1203,1e-04,4.1292,1.1988,9.0076,0.6968,4204.306,106.4174,960.4526,24.3105,897.2173,22.7099,862.3665,21.8278,817.0584,20.681,781.9876,19.7933,717.2815,18.1555,413.5839,8.7872,94.4812,2.0074,88.2606,1.8752,84.8323,1.8024,80.3753,1.7077,76.9253,1.6344,70.5601,1.4991,0.0,0.0,0.0,0.0,0.0,0.0,0.0,0.0,0.0,0.0,0.0,0.0,0.0,0.0,0.0,0.0,0.0,0.0,0.0,0.0,0.0,0.0,0.0,0.0,0.0,0.0,0.0,0.0,0.0,0.0,0.0,0.0,0.0,0.0,0.0,0.5644,0.8089
128,0.001,3,10,100,16,16,256,202,730,24,ContrastiveLoss,gru,/home/dpetrovitch/dzagcoffee/train_trace/age_pred/checkpoints/age_pred_2025-10-10 14:37:35.506749_ContrastiveLoss_gru_catboost/model_128_0.001_3_10_100_256_16_16_ContrastiveLoss_gruepoch=21.ckpt,21,24,0.31501535,68.2543,3.4252,1e-04,4.1345,1.2011,9.1632,0.6942,4315.253,109.2051,966.221,24.4519,903.4696,22.8639,868.5311,21.9797,823.1929,20.8323,787.314,19.9244,721.3611,18.2553,439.721,9.1563,98.4572,2.0502,92.0629,1.917,88.5027,1.8429,83.8827,1.7467,80.2267,1.6706,73.5062,1.5306,0.0,0.0,0.0,0.0,0.0,0.0,0.0,0.0,0.0,0.0,0.0,0.0,0.0,0.0,0.0,0.0,0.0,0.0,0.0,0.0,0.0,0.0,0.0,0.0,0.0,0.0,0.0,0.0,0.0,0.0,0.0,0.0,0.0,0.0,0.0,0.5567,0.8066
128,0.001,3,10,100,16,16,256,202,730,24,ContrastiveLoss,gru,/home/dpetrovitch/dzagcoffee/train_trace/age_pred/checkpoints/age_pred_2025-10-10 14:37:35.506749_ContrastiveLoss_gru_catboost/model_128_0.001_3_10_100_256_16_16_ContrastiveLoss_gruepoch=22.ckpt,22,24,0.31737295,69.3575,3.3998,1e-04,4.1239,1.2102,8.0575,0.6844,4397.4844,111.2919,964.0222,24.3975,899.2363,22.7579,862.8006,21.8358,814.8435,20.6221,776.4295,19.6499,706.1479,17.8712,441.3272,9.2137,96.7483,2.0198,90.2465,1.8841,86.5898,1.8078,81.7769,1.7073,77.9217,1.6268,70.8683,1.4795,0.0,0.0,0.0,0.0,0.0,0.0,0.0,0.0,0.0,0.0,0.0,0.0,0.0,0.0,0.0,0.0,0.0,0.0,0.0,0.0,0.0,0.0,0.0,0.0,0.0,0.0,0.0,0.0,0.0,0.0,0.0,0.0,0.0,0.0,0.0,0.5811,0.8143
128,0.001,3,10,100,16,16,256,202,730,24,ContrastiveLoss,gru,/home/dpetrovitch/dzagcoffee/train_trace/age_pred/checkpoints/age_pred_2025-10-10 14:37:35.506749_ContrastiveLoss_gru_catboost/model_128_0.001_3_10_100_256_16_16_ContrastiveLoss_gruepoch=23.ckpt,23,24,0.32036182,68.968,3.681,1e-04,4.1296,1.2066,8.4693,0.6883,4414.999,111.7201,963.4697,24.3803,900.043,22.7753,864.5964,21.8783,818.3329,20.7076,781.4874,19.7753,713.6499,18.0587,452.4238,9.4373,98.7308,2.0595,92.2312,1.9239,88.5989,1.8481,83.8581,1.7492,80.0823,1.6705,73.1307,1.5255,0.0,0.0,0.0,0.0,0.0,0.0,0.0,0.0,0.0,0.0,0.0,0.0,0.0,0.0,0.0,0.0,0.0,0.0,0.0,0.0,0.0,0.0,0.0,0.0,0.0,0.0,0.0,0.0,0.0,0.0,0.0,0.0,0.0,0.0,0.0,0.5867,0.8178
128,0.001,3,10,100,16,16,256,202,730,24,ContrastiveLoss,lstm,/home/dpetrovitch/dzagcoffee/train_trace/age_pred/checkpoints/age_pred_2025-10-10 14:37:35.506749_ContrastiveLoss_gru_catboost/model_128_0.001_3_10_100_256_16_16_ContrastiveLoss_lstmepoch=00.ckpt,0,24,0.13097773,47.4837,5.166,0.0004,4.8512,1.2016,6.3004,0.6951,1802.4417,45.9062,802.7461,20.445,733.9209,18.6921,696.9303,17.75,649.6976,16.5471,614.17,15.6422,553.3374,14.0929,178.8558,4.4454,79.6563,1.9798,72.8268,1.8101,69.1562,1.7189,64.4693,1.6024,60.9439,1.5147,54.9075,1.3647,0.0,0.0,0.0,0.0,0.0,0.0,0.0,0.0,0.0,0.0,0.0,0.0,0.0,0.0,0.0,0.0,0.0,0.0,0.0,0.0,0.0,0.0,0.0,0.0,0.0,0.0,0.0,0.0,0.0,0.0,0.0,0.0,0.0,0.0,0.0,0.45,0.7083
128,0.001,3,10,100,16,16,256,202,730,24,ContrastiveLoss,lstm,/home/dpetrovitch/dzagcoffee/train_trace/age_pred/checkpoints/age_pred_2025-10-10 14:37:35.506749_ContrastiveLoss_gru_catboost/model_128_0.001_3_10_100_256_16_16_ContrastiveLoss_lstmepoch=01.ckpt,1,24,0.16370738,51.8115,5.0937,0.0004,4.9287,1.174,7.9635,0.7272,1951.361,49.6003,865.0042,21.9869,797.8445,20.2799,761.3547,19.3523,714.634,18.1648,678.5253,17.247,614.7831,15.6267,180.5769,4.3284,80.0466,1.9187,73.8317,1.7698,70.455,1.6888,66.1315,1.5852,62.79,1.5051,56.8914,1.3637,0.0,0.0,0.0,0.0,0.0,0.0,0.0,0.0,0.0,0.0,0.0,0.0,0.0,0.0,0.0,0.0,0.0,0.0,0.0,0.0,0.0,0.0,0.0,0.0,0.0,0.0,0.0,0.0,0.0,0.0,0.0,0.0,0.0,0.0,0.0,0.4733,0.722
128,0.001,3,10,100,16,16,256,202,730,24,ContrastiveLoss,lstm,/home/dpetrovitch/dzagcoffee/train_trace/age_pred/checkpoints/age_pred_2025-10-10 14:37:35.506749_ContrastiveLoss_gru_catboost/model_128_0.001_3_10_100_256_16_16_ContrastiveLoss_lstmepoch=02.ckpt,2,24,0.21069089,57.1478,4.8307,0.0004,4.9655,1.1928,8.5521,0.7043,2231.7288,56.6426,903.7593,22.938,837.0028,21.2436,799.9049,20.3021,751.9559,19.0851,714.3546,18.1308,646.7583,16.4151,213.1828,4.916,86.3304,1.9908,79.9535,1.8437,76.4098,1.762,71.8295,1.6564,68.2377,1.5736,61.7807,1.4247,0.0,0.0,0.0,0.0,0.0,0.0,0.0,0.0,0.0,0.0,0.0,0.0,0.0,0.0,0.0,0.0,0.0,0.0,0.0,0.0,0.0,0.0,0.0,0.0,0.0,0.0,0.0,0.0,0.0,0.0,0.0,0.0,0.0,0.0,0.0,0.4878,0.7481
128,0.001,3,10,100,16,16,256,202,730,24,ContrastiveLoss,lstm,/home/dpetrovitch/dzagcoffee/train_trace/age_pred/checkpoints/age_pred_2025-10-10 14:37:35.506749_ContrastiveLoss_gru_catboost/model_128_0.001_3_10_100_256_16_16_ContrastiveLoss_lstmepoch=03.ckpt,3,24,0.21867108,58.0554,4.842,0.0004,4.9825,1.208,7.9994,0.686,2394.8364,60.7232,902.7903,22.8911,839.0107,21.2739,804.3982,20.3962,760.2155,19.2759,726.0342,18.4092,666.6526,16.9036,240.5459,5.4558,90.6795,2.0567,84.2732,1.9114,80.7966,1.8325,76.3588,1.7319,72.9255,1.654,66.961,1.5187,0.0,0.0,0.0,0.0,0.0,0.0,0.0,0.0,0.0,0.0,0.0,0.0,0.0,0.0,0.0,0.0,0.0,0.0,0.0,0.0,0.0,0.0,0.0,0.0,0.0,0.0,0.0,0.0,0.0,0.0,0.0,0.0,0.0,0.0,0.0,0.51,0.753
128,0.001,3,10,100,16,16,256,202,730,24,ContrastiveLoss,lstm,/home/dpetrovitch/dzagcoffee/train_trace/age_pred/checkpoints/age_pred_2025-10-10 14:37:35.506749_ContrastiveLoss_gru_catboost/model_128_0.001_3_10_100_256_16_16_ContrastiveLoss_lstmepoch=04.ckpt,4,24,0.22690775,59.2363,4.5779,0.0003,4.9981,1.1904,8.3971,0.7067,2415.9302,61.259,924.2415,23.4353,859.8532,21.8027,824.3022,20.9012,778.3297,19.7355,743.0064,18.8399,682.1237,17.2961,237.4586,5.2823,90.8425,2.0208,84.5139,1.88,81.0196,1.8023,76.501,1.7018,73.0291,1.6245,67.0451,1.4914,0.0,0.0,0.0,0.0,0.0,0.0,0.0,0.0,0.0,0.0,0.0,0.0,0.0,0.0,0.0,0.0,0.0,0.0,0.0,0.0,0.0,0.0,0.0,0.0,0.0,0.0,0.0,0.0,0.0,0.0,0.0,0.0,0.0,0.0,0.0,0.5256,0.7709
128,0.001,3,10,100,16,16,256,202,730,24,ContrastiveLoss,lstm,/home/dpetrovitch/dzagcoffee/train_trace/age_pred/checkpoints/age_pred_2025-10-10 14:37:35.506749_ContrastiveLoss_gru_catboost/model_128_0.001_3_10_100_256_16_16_ContrastiveLoss_lstmepoch=05.ckpt,5,24,0.2467349,61.6393,4.181,0.0004,4.9289,1.2177,9.1877,0.6747,2615.8623,66.2441,927.7036,23.4932,864.9195,21.9032,830.3365,21.0274,786.001,19.9047,751.5669,19.0327,692.121,17.5273,279.0064,6.0004,98.9483,2.128,92.2518,1.984,88.5632,1.9047,83.8344,1.803,80.1617,1.724,73.8212,1.5876,0.0,0.0,0.0,0.0,0.0,0.0,0.0,0.0,0.0,0.0,0.0,0.0,0.0,0.0,0.0,0.0,0.0,0.0,0.0,0.0,0.0,0.0,0.0,0.0,0.0,0.0,0.0,0.0,0.0,0.0,0.0,0.0,0.0,0.0,0.0,0.5367,0.7694
128,0.001,3,10,100,16,16,256,202,730,24,ContrastiveLoss,lstm,/home/dpetrovitch/dzagcoffee/train_trace/age_pred/checkpoints/age_pred_2025-10-10 14:37:35.506749_ContrastiveLoss_gru_catboost/model_128_0.001_3_10_100_256_16_16_ContrastiveLoss_lstmepoch=06.ckpt,6,24,0.25876933,62.3654,3.9522,0.0003,4.9072,1.2178,9.4719,0.6744,2706.4194,68.5072,930.6706,23.5579,869.8956,22.0195,836.6982,21.1792,794.4401,20.1095,762.2912,19.2958,708.0821,17.9236,304.6854,6.4503,104.7738,2.2181,97.9318,2.0733,94.1945,1.9941,89.4371,1.8934,85.8178,1.8168,79.715,1.6876,0.0,0.0,0.0,0.0,0.0,0.0,0.0,0.0,0.0,0.0,0.0,0.0,0.0,0.0,0.0,0.0,0.0,0.0,0.0,0.0,0.0,0.0,0.0,0.0,0.0,0.0,0.0,0.0,0.0,0.0,0.0,0.0,0.0,0.0,0.0,0.5389,0.7706
128,0.001,3,10,100,16,16,256,202,730,24,ContrastiveLoss,lstm,/home/dpetrovitch/dzagcoffee/train_trace/age_pred/checkpoints/age_pred_2025-10-10 14:37:35.506749_ContrastiveLoss_gru_catboost/model_128_0.001_3_10_100_256_16_16_ContrastiveLoss_lstmepoch=07.ckpt,7,24,0.27397016,62.8268,3.6682,0.0004,4.8703,1.2309,9.1621,0.6601,2907.9976,73.5722,932.3135,23.5875,871.9896,22.0613,838.8963,21.224,796.5105,20.1517,763.7338,19.3224,707.7889,17.907,335.1925,6.9999,107.4638,2.2442,100.5105,2.099,96.696,2.0193,91.8104,1.9173,88.0323,1.8384,81.5838,1.7037,0.0,0.0,0.0,0.0,0.0,0.0,0.0,0.0,0.0,0.0,0.0,0.0,0.0,0.0,0.0,0.0,0.0,0.0,0.0,0.0,0.0,0.0,0.0,0.0,0.0,0.0,0.0,0.0,0.0,0.0,0.0,0.0,0.0,0.0,0.0,0.5411,0.7739
128,0.001,3,10,100,16,16,256,202,730,24,ContrastiveLoss,lstm,/home/dpetrovitch/dzagcoffee/train_trace/age_pred/checkpoints/age_pred_2025-10-10 14:37:35.506749_ContrastiveLoss_gru_catboost/model_128_0.001_3_10_100_256_16_16_ContrastiveLoss_lstmepoch=08.ckpt,8,24,0.27017242,60.4866,3.7598,0.0003,4.8306,1.2037,8.7938,0.6901,2774.9922,70.2687,919.2325,23.2769,855.753,21.6695,821.2072,20.7947,777.2391,19.6813,743.9065,18.8373,687.2098,17.4016,292.353,6.4234,96.8436,2.1278,90.1559,1.9809,86.5164,1.9009,81.8843,1.7991,78.3726,1.722,72.3994,1.5907,0.0,0.0,0.0,0.0,0.0,0.0,0.0,0.0,0.0,0.0,0.0,0.0,0.0,0.0,0.0,0.0,0.0,0.0,0.0,0.0,0.0,0.0,0.0,0.0,0.0,0.0,0.0,0.0,0.0,0.0,0.0,0.0,0.0,0.0,0.0,0.5256,0.7811
128,0.001,3,10,100,16,16,256,202,730,24,ContrastiveLoss,lstm,/home/dpetrovitch/dzagcoffee/train_trace/age_pred/checkpoints/age_pred_2025-10-10 14:37:35.506749_ContrastiveLoss_gru_catboost/model_128_0.001_3_10_100_256_16_16_ContrastiveLoss_lstmepoch=09.ckpt,9,24,0.27033022,64.1304,3.7074,0.0004,4.8133,1.2297,10.473,0.662,2893.6287,73.246,936.5598,23.707,875.1032,22.1514,841.2239,21.2938,798.2101,20.205,766.2376,19.3957,713.0972,18.0505,311.742,6.6515,100.8993,2.1528,94.2783,2.0116,90.6284,1.9337,85.9943,1.8348,82.5498,1.7613,76.8248,1.6392,0.0,0.0,0.0,0.0,0.0,0.0,0.0,0.0,0.0,0.0,0.0,0.0,0.0,0.0,0.0,0.0,0.0,0.0,0.0,0.0,0.0,0.0,0.0,0.0,0.0,0.0,0.0,0.0,0.0,0.0,0.0,0.0,0.0,0.0,0.0,0.5289,0.7644
128,0.001,3,10,100,16,16,256,202,730,24,ContrastiveLoss,lstm,/home/dpetrovitch/dzagcoffee/train_trace/age_pred/checkpoints/age_pred_2025-10-10 14:37:35.506749_ContrastiveLoss_gru_catboost/model_128_0.001_3_10_100_256_16_16_ContrastiveLoss_lstmepoch=10.ckpt,10,24,0.27937576,65.1262,3.2844,0.0004,4.7983,1.2407,10.7192,0.6501,3100.5447,78.4481,943.7076,23.8771,883.2639,22.3478,850.1755,21.5106,808.1455,20.4472,776.4473,19.6452,723.4313,18.3038,364.2636,7.5388,110.8703,2.2946,103.7692,2.1476,99.8818,2.0672,94.944,1.965,91.2199,1.8879,84.9914,1.759,0.0,0.0,0.0,0.0,0.0,0.0,0.0,0.0,0.0,0.0,0.0,0.0,0.0,0.0,0.0,0.0,0.0,0.0,0.0,0.0,0.0,0.0,0.0,0.0,0.0,0.0,0.0,0.0,0.0,0.0,0.0,0.0,0.0,0.0,0.0,0.5233,0.7747
128,0.001,3,10,100,16,16,256,202,730,24,ContrastiveLoss,lstm,/home/dpetrovitch/dzagcoffee/train_trace/age_pred/checkpoints/age_pred_2025-10-10 14:37:35.506749_ContrastiveLoss_gru_catboost/model_128_0.001_3_10_100_256_16_16_ContrastiveLoss_lstmepoch=11.ckpt,11,24,0.28347933,66.6721,3.2477,0.0004,4.748,1.2691,9.8516,0.6216,3193.624,80.8104,932.7839,23.6028,872.4908,22.0772,840.1341,21.2585,799.5564,20.2317,769.3857,19.4683,720.2021,18.2237,352.0872,7.5659,102.8366,2.2098,96.1894,2.067,92.6222,1.9903,88.1486,1.8942,84.8224,1.8227,79.4001,1.7062,0.0,0.0,0.0,0.0,0.0,0.0,0.0,0.0,0.0,0.0,0.0,0.0,0.0,0.0,0.0,0.0,0.0,0.0,0.0,0.0,0.0,0.0,0.0,0.0,0.0,0.0,0.0,0.0,0.0,0.0,0.0,0.0,0.0,0.0,0.0,0.5167,0.7668
128,0.001,3,10,100,16,16,256,202,730,24,ContrastiveLoss,lstm,/home/dpetrovitch/dzagcoffee/train_trace/age_pred/checkpoints/age_pred_2025-10-10 14:37:35.506749_ContrastiveLoss_gru_catboost/model_128_0.001_3_10_100_256_16_16_ContrastiveLoss_lstmepoch=12.ckpt,12,24,0.29403406,63.8484,3.2748,0.0004,4.7842,1.2389,9.4377,0.652,3261.229,82.4642,942.5099,23.8325,882.4109,22.3129,849.834,21.4891,808.8042,20.4516,778.3132,19.6806,727.4264,18.3939,399.2181,8.1718,115.3758,2.3617,108.0189,2.2111,104.0311,2.1295,99.0085,2.0267,95.276,1.9502,89.0467,1.8227,0.0,0.0,0.0,0.0,0.0,0.0,0.0,0.0,0.0,0.0,0.0,0.0,0.0,0.0,0.0,0.0,0.0,0.0,0.0,0.0,0.0,0.0,0.0,0.0,0.0,0.0,0.0,0.0,0.0,0.0,0.0,0.0,0.0,0.0,0.0,0.5322,0.7788
128,0.001,3,10,100,16,16,256,202,730,24,ContrastiveLoss,lstm,/home/dpetrovitch/dzagcoffee/train_trace/age_pred/checkpoints/age_pred_2025-10-10 14:37:35.506749_ContrastiveLoss_gru_catboost/model_128_0.001_3_10_100_256_16_16_ContrastiveLoss_lstmepoch=13.ckpt,13,24,0.29290953,64.3336,3.3302,0.0003,4.7824,1.2401,9.4947,0.6501,3318.263,83.9145,945.0795,23.8998,885.7841,22.4003,853.3507,21.5801,812.2543,20.5408,781.6046,19.7658,729.8063,18.4558,410.4608,8.3043,116.904,2.3652,109.5693,2.2168,105.5574,2.1356,100.4738,2.0328,96.6825,1.9561,90.2752,1.8264,0.0,0.0,0.0,0.0,0.0,0.0,0.0,0.0,0.0,0.0,0.0,0.0,0.0,0.0,0.0,0.0,0.0,0.0,0.0,0.0,0.0,0.0,0.0,0.0,0.0,0.0,0.0,0.0,0.0,0.0,0.0,0.0,0.0,0.0,0.0,0.5478,0.7925
128,0.001,3,10,100,16,16,256,202,730,24,ContrastiveLoss,lstm,/home/dpetrovitch/dzagcoffee/train_trace/age_pred/checkpoints/age_pred_2025-10-10 14:37:35.506749_ContrastiveLoss_gru_catboost/model_128_0.001_3_10_100_256_16_16_ContrastiveLoss_lstmepoch=14.ckpt,14,24,0.29312655,64.6966,3.1508,0.0003,4.7667,1.2386,9.8713,0.6521,3304.5781,83.5959,943.634,23.8711,883.2248,22.3429,850.4316,21.5134,809.2103,20.4706,778.3458,19.6898,726.9423,18.3895,373.3462,7.7275,106.6103,2.2066,99.7854,2.0654,96.0805,1.9887,91.4233,1.8923,87.9363,1.8201,82.1288,1.6999,0.0,0.0,0.0,0.0,0.0,0.0,0.0,0.0,0.0,0.0,0.0,0.0,0.0,0.0,0.0,0.0,0.0,0.0,0.0,0.0,0.0,0.0,0.0,0.0,0.0,0.0,0.0,0.0,0.0,0.0,0.0,0.0,0.0,0.0,0.0,0.5322,0.7872
128,0.001,3,10,100,16,16,256,202,730,24,ContrastiveLoss,lstm,/home/dpetrovitch/dzagcoffee/train_trace/age_pred/checkpoints/age_pred_2025-10-10 14:37:35.506749_ContrastiveLoss_gru_catboost/model_128_0.001_3_10_100_256_16_16_ContrastiveLoss_lstmepoch=15.ckpt,15,24,0.2908381,66.8981,3.3858,0.0004,4.7023,1.259,10.2981,0.6314,3338.0798,84.4406,939.4862,23.7654,878.8166,22.2307,845.994,21.4004,804.7974,20.3583,774.2996,19.5868,724.5697,18.3288,378.5652,7.9607,106.5453,2.2405,99.6649,2.0958,95.9425,2.0175,91.2705,1.9193,87.8118,1.8466,82.172,1.728,0.0,0.0,0.0,0.0,0.0,0.0,0.0,0.0,0.0,0.0,0.0,0.0,0.0,0.0,0.0,0.0,0.0,0.0,0.0,0.0,0.0,0.0,0.0,0.0,0.0,0.0,0.0,0.0,0.0,0.0,0.0,0.0,0.0,0.0,0.0,0.5222,0.779
128,0.001,3,10,100,16,16,256,202,730,24,ContrastiveLoss,lstm,/home/dpetrovitch/dzagcoffee/train_trace/age_pred/checkpoints/age_pred_2025-10-10 14:37:35.506749_ContrastiveLoss_gru_catboost/model_128_0.001_3_10_100_256_16_16_ContrastiveLoss_lstmepoch=16.ckpt,16,24,0.2958491,63.8959,3.3731,0.0003,4.783,1.2357,11.1156,0.6554,3349.1416,84.7173,947.1397,23.9581,887.7534,22.4559,855.744,21.6462,815.1835,20.6203,785.0744,19.8586,735.6291,18.6079,399.614,8.1298,113.0111,2.2991,105.9253,2.1549,102.106,2.0772,97.2664,1.9788,93.6738,1.9057,87.774,1.7857,0.0,0.0,0.0,0.0,0.0,0.0,0.0,0.0,0.0,0.0,0.0,0.0,0.0,0.0,0.0,0.0,0.0,0.0,0.0,0.0,0.0,0.0,0.0,0.0,0.0,0.0,0.0,0.0,0.0,0.0,0.0,0.0,0.0,0.0,0.0,0.5522,0.788
128,0.001,3,10,100,16,16,256,202,730,24,ContrastiveLoss,lstm,/home/dpetrovitch/dzagcoffee/train_trace/age_pred/checkpoints/age_pred_2025-10-10 14:37:35.506749_ContrastiveLoss_gru_catboost/model_128_0.001_3_10_100_256_16_16_ContrastiveLoss_lstmepoch=17.ckpt,17,24,0.29832506,65.281,3.2495,0.0003,4.7664,1.2497,10.3076,0.6409,3486.606,88.1768,950.2168,24.0311,891.3551,22.5425,859.5787,21.7389,819.4275,20.7235,789.3518,19.9628,739.9884,18.7144,422.7288,8.5455,115.2077,2.3289,108.0711,2.1847,104.2184,2.1068,99.3504,2.0084,95.7039,1.9347,89.7189,1.8137,0.0,0.0,0.0,0.0,0.0,0.0,0.0,0.0,0.0,0.0,0.0,0.0,0.0,0.0,0.0,0.0,0.0,0.0,0.0,0.0,0.0,0.0,0.0,0.0,0.0,0.0,0.0,0.0,0.0,0.0,0.0,0.0,0.0,0.0,0.0,0.5422,0.7849
128,0.001,3,10,100,16,16,256,202,730,24,ContrastiveLoss,lstm,/home/dpetrovitch/dzagcoffee/train_trace/age_pred/checkpoints/age_pred_2025-10-10 14:37:35.506749_ContrastiveLoss_gru_catboost/model_128_0.001_3_10_100_256_16_16_ContrastiveLoss_lstmepoch=18.ckpt,18,24,0.2944977,62.1199,3.5135,0.0002,4.8075,1.2209,10.4127,0.6712,3383.148,85.5621,944.5493,23.8883,885.2249,22.3879,853.113,21.5758,813.0484,20.5625,783.0978,19.8051,734.3779,18.5729,417.558,8.4248,116.579,2.3521,109.2571,2.2044,105.2937,2.1244,100.3488,2.0247,96.6522,1.9501,90.6391,1.8288,0.0,0.0,0.0,0.0,0.0,0.0,0.0,0.0,0.0,0.0,0.0,0.0,0.0,0.0,0.0,0.0,0.0,0.0,0.0,0.0,0.0,0.0,0.0,0.0,0.0,0.0,0.0,0.0,0.0,0.0,0.0,0.0,0.0,0.0,0.0,0.5578,0.7953
128,0.001,3,10,100,16,16,256,202,730,24,ContrastiveLoss,lstm,/home/dpetrovitch/dzagcoffee/train_trace/age_pred/checkpoints/age_pred_2025-10-10 14:37:35.506749_ContrastiveLoss_gru_catboost/model_128_0.001_3_10_100_256_16_16_ContrastiveLoss_lstmepoch=19.ckpt,19,24,0.3016,63.6303,3.2623,0.0003,4.8116,1.2346,11.0721,0.6568,3429.1035,86.7368,950.103,24.0322,889.4286,22.4975,856.7727,21.6715,815.6311,20.6308,784.8887,19.8532,735.0957,18.5937,390.6359,8.0544,108.2336,2.2316,101.3217,2.0891,97.6016,2.0124,92.9149,1.9158,89.4128,1.8436,83.7405,1.7266,0.0,0.0,0.0,0.0,0.0,0.0,0.0,0.0,0.0,0.0,0.0,0.0,0.0,0.0,0.0,0.0,0.0,0.0,0.0,0.0,0.0,0.0,0.0,0.0,0.0,0.0,0.0,0.0,0.0,0.0,0.0,0.0,0.0,0.0,0.0,0.5344,0.7845
128,0.001,3,10,100,16,16,256,202,730,24,ContrastiveLoss,lstm,/home/dpetrovitch/dzagcoffee/train_trace/age_pred/checkpoints/age_pred_2025-10-10 14:37:35.506749_ContrastiveLoss_gru_catboost/model_128_0.001_3_10_100_256_16_16_ContrastiveLoss_lstmepoch=20.ckpt,20,24,0.29718077,66.2397,3.2156,0.0003,4.8006,1.2604,10.523,0.6301,3622.0615,91.5749,955.9439,24.1687,898.2805,22.7108,867.0812,21.922,828.0006,20.934,798.7936,20.1955,751.157,18.9912,450.8546,8.98,118.9907,2.37,111.8131,2.2271,107.9296,2.1497,103.065,2.0528,99.4295,1.9804,93.4999,1.8623,0.0,0.0,0.0,0.0,0.0,0.0,0.0,0.0,0.0,0.0,0.0,0.0,0.0,0.0,0.0,0.0,0.0,0.0,0.0,0.0,0.0,0.0,0.0,0.0,0.0,0.0,0.0,0.0,0.0,0.0,0.0,0.0,0.0,0.0,0.0,0.5433,0.7958
128,0.001,3,10,100,16,16,256,202,730,24,ContrastiveLoss,lstm,/home/dpetrovitch/dzagcoffee/train_trace/age_pred/checkpoints/age_pred_2025-10-10 14:37:35.506749_ContrastiveLoss_gru_catboost/model_128_0.001_3_10_100_256_16_16_ContrastiveLoss_lstmepoch=21.ckpt,21,24,0.30618685,64.7549,3.3558,0.0002,4.793,1.2397,10.101,0.6506,3556.2036,89.8962,952.3025,24.073,894.9209,22.6224,864.2256,21.8465,825.4854,20.8672,796.6778,20.139,749.6158,18.9493,452.0324,8.9715,121.0481,2.4024,113.7543,2.2577,109.8525,2.1802,104.9282,2.0825,101.2665,2.0098,95.2844,1.8911,0.0,0.0,0.0,0.0,0.0,0.0,0.0,0.0,0.0,0.0,0.0,0.0,0.0,0.0,0.0,0.0,0.0,0.0,0.0,0.0,0.0,0.0,0.0,0.0,0.0,0.0,0.0,0.0,0.0,0.0,0.0,0.0,0.0,0.0,0.0,0.5378,0.7987
128,0.001,3,10,100,16,16,256,202,730,24,ContrastiveLoss,lstm,/home/dpetrovitch/dzagcoffee/train_trace/age_pred/checkpoints/age_pred_2025-10-10 14:37:35.506749_ContrastiveLoss_gru_catboost/model_128_0.001_3_10_100_256_16_16_ContrastiveLoss_lstmepoch=22.ckpt,22,24,0.30299088,64.719,3.2112,0.0002,4.7937,1.2377,11.0442,0.653,3635.5547,91.892,960.4778,24.277,901.7855,22.7935,869.911,21.9878,829.9056,20.9766,799.9401,20.2192,751.1869,18.987,460.8846,9.103,121.7612,2.4049,114.3207,2.258,110.2799,2.1782,105.2083,2.078,101.4096,2.003,95.2291,1.8809,0.0,0.0,0.0,0.0,0.0,0.0,0.0,0.0,0.0,0.0,0.0,0.0,0.0,0.0,0.0,0.0,0.0,0.0,0.0,0.0,0.0,0.0,0.0,0.0,0.0,0.0,0.0,0.0,0.0,0.0,0.0,0.0,0.0,0.0,0.0,0.5511,0.7881
128,0.001,3,10,100,16,16,256,202,730,24,ContrastiveLoss,lstm,/home/dpetrovitch/dzagcoffee/train_trace/age_pred/checkpoints/age_pred_2025-10-10 14:37:35.506749_ContrastiveLoss_gru_catboost/model_128_0.001_3_10_100_256_16_16_ContrastiveLoss_lstmepoch=23.ckpt,23,24,0.28110206,64.7471,3.451,0.0002,4.7944,1.2382,10.447,0.6525,3535.712,89.4013,947.0336,23.946,889.2024,22.4837,857.8542,21.691,818.4938,20.6958,789.4504,19.9614,741.6453,18.7527,425.4398,8.661,113.9532,2.3198,106.9946,2.1782,103.2226,2.1014,98.4865,2.005,94.9918,1.9338,89.2396,1.8167,0.0,0.0,0.0,0.0,0.0,0.0,0.0,0.0,0.0,0.0,0.0,0.0,0.0,0.0,0.0,0.0,0.0,0.0,0.0,0.0,0.0,0.0,0.0,0.0,0.0,0.0,0.0,0.0,0.0,0.0,0.0,0.0,0.0,0.0,0.0,0.5267,0.7733
