batch_size,learning_rate,split_count,cnt_min,cnt_max,embedding_dim,category_embedding_dim,hidden_size,mcc_code_in,term_id_in,tr_type_in,num_epochs,loss,rnn_encoder_type,checkpoint,epoch_num,early_stop_epoch,recall_topk,metric_rankme,metric_coherence,metric_pseudo_condition_number,metric_alpha_req,metric_stable_rank,metric_ne_sum,metric_self_clustering,metric_ripser_sum_H0,metric_ripser_sq_sum_H0,metric_ripser_sum_H0_norm0.5,metric_ripser_sq_sum_H0_norm0.5,metric_ripser_sum_H0_norm0.7,metric_ripser_sq_sum_H0_norm0.7,metric_ripser_sum_H0_norm0.8,metric_ripser_sq_sum_H0_norm0.8,metric_ripser_sum_H0_norm0.9,metric_ripser_sq_sum_H0_norm0.9,metric_ripser_sum_H0_norm0.95,metric_ripser_sq_sum_H0_norm0.95,metric_ripser_sum_H0_norm0.99,metric_ripser_sq_sum_H0_norm0.99,metric_ripser_sum_H1,metric_ripser_sq_sum_H1,metric_ripser_sum_H1_norm0.5,metric_ripser_sq_sum_H1_norm0.5,metric_ripser_sum_H1_norm0.7,metric_ripser_sq_sum_H1_norm0.7,metric_ripser_sum_H1_norm0.8,metric_ripser_sq_sum_H1_norm0.8,metric_ripser_sum_H1_norm0.9,metric_ripser_sq_sum_H1_norm0.9,metric_ripser_sum_H1_norm0.95,metric_ripser_sq_sum_H1_norm0.95,metric_ripser_sum_H1_norm0.99,metric_ripser_sq_sum_H1_norm0.99,std_rankme,std_coherence,std_pseudo_condition_number,std_alpha_req,std_stable_rank,std_ne_sum,std_self_clustering,std_ripser_sum_H0,std_ripser_sq_sum_H0,std_ripser_sum_H0_norm0.5,std_ripser_sq_sum_H0_norm0.5,std_ripser_sum_H0_norm0.7,std_ripser_sq_sum_H0_norm0.7,std_ripser_sum_H0_norm0.8,std_ripser_sq_sum_H0_norm0.8,std_ripser_sum_H0_norm0.9,std_ripser_sq_sum_H0_norm0.9,std_ripser_sum_H0_norm0.95,std_ripser_sq_sum_H0_norm0.95,std_ripser_sum_H0_norm0.99,std_ripser_sq_sum_H0_norm0.99,std_ripser_sum_H1,std_ripser_sq_sum_H1,std_ripser_sum_H1_norm0.5,std_ripser_sq_sum_H1_norm0.5,std_ripser_sum_H1_norm0.7,std_ripser_sq_sum_H1_norm0.7,std_ripser_sum_H1_norm0.8,std_ripser_sq_sum_H1_norm0.8,std_ripser_sum_H1_norm0.9,std_ripser_sq_sum_H1_norm0.9,std_ripser_sum_H1_norm0.95,std_ripser_sq_sum_H1_norm0.95,std_ripser_sum_H1_norm0.99,std_ripser_sq_sum_H1_norm0.99,accuracy,roc_auc
16,0.001,3,10,100,32,16,256,184,440338,73,30,ContrastiveLoss,gru,/home/dpetrovitch/dzagcoffee/train_trace/gender/checkpoints_2025-10-07 19:53:20.141369_ContrastiveLoss_gru_catboost/model_16_0.001_3_10_100_256_32_16_256_ContrastiveLoss_gruepoch=00.ckpt,0,30,0.45503473,42.721,1.6792,0.0004,4.6292,1.378,6.5542,0.5502,727.0806,36.3006,221.5757,11.0625,198.9103,9.9309,186.4486,9.3087,169.7486,8.475,155.3026,7.7537,132.3215,6.6064,52.2186,3.0567,15.9135,0.9315,14.2856,0.8362,13.3907,0.7838,12.1913,0.7136,11.1538,0.6529,9.5033,0.5563,0.0,0.0,0.0,0.0,0.0,0.0,0.0,0.0,0.0,0.0,0.0,0.0,0.0,0.0,0.0,0.0,0.0,0.0,0.0,0.0,0.0,0.0,0.0,0.0,0.0,0.0,0.0,0.0,0.0,0.0,0.0,0.0,0.0,0.0,0.0,0.604,0.6588
16,0.001,3,10,100,32,16,256,184,440338,73,30,ContrastiveLoss,gru,/home/dpetrovitch/dzagcoffee/train_trace/gender/checkpoints_2025-10-07 19:53:20.141369_ContrastiveLoss_gru_catboost/model_16_0.001_3_10_100_256_32_16_256_ContrastiveLoss_gruepoch=01.ckpt,1,30,0.47025463,45.9816,1.6789,0.0004,4.628,1.3001,7.6069,0.6009,854.3207,42.2605,233.7714,11.5639,213.2564,10.5491,201.9913,9.9919,187.4567,9.2729,175.2389,8.6685,152.5691,7.5471,67.6101,3.8463,18.5004,1.0525,16.8769,0.9601,15.9854,0.9094,14.8351,0.844,13.8682,0.789,12.0742,0.6869,0.0,0.0,0.0,0.0,0.0,0.0,0.0,0.0,0.0,0.0,0.0,0.0,0.0,0.0,0.0,0.0,0.0,0.0,0.0,0.0,0.0,0.0,0.0,0.0,0.0,0.0,0.0,0.0,0.0,0.0,0.0,0.0,0.0,0.0,0.0,0.664,0.7066
16,0.001,3,10,100,32,16,256,184,440338,73,30,ContrastiveLoss,gru,/home/dpetrovitch/dzagcoffee/train_trace/gender/checkpoints_2025-10-07 19:53:20.141369_ContrastiveLoss_gru_catboost/model_16_0.001_3_10_100_256_32_16_256_ContrastiveLoss_gruepoch=02.ckpt,2,30,0.4783564,48.0409,1.6787,0.0004,4.653,1.255,8.0774,0.641,890.2844,43.9497,241.6963,11.9316,221.5862,10.9388,210.5501,10.394,195.6962,9.6607,182.929,9.0305,156.0509,7.7036,65.1908,3.7147,17.6981,1.0085,16.2256,0.9246,15.4175,0.8785,14.3298,0.8165,13.3949,0.7633,11.4268,0.6511,0.0,0.0,0.0,0.0,0.0,0.0,0.0,0.0,0.0,0.0,0.0,0.0,0.0,0.0,0.0,0.0,0.0,0.0,0.0,0.0,0.0,0.0,0.0,0.0,0.0,0.0,0.0,0.0,0.0,0.0,0.0,0.0,0.0,0.0,0.0,0.7,0.7238
16,0.001,3,10,100,32,16,256,184,440338,73,30,ContrastiveLoss,gru,/home/dpetrovitch/dzagcoffee/train_trace/gender/checkpoints_2025-10-07 19:53:20.141369_ContrastiveLoss_gru_catboost/model_16_0.001_3_10_100_256_32_16_256_ContrastiveLoss_gruepoch=03.ckpt,3,30,0.47662035,52.5797,1.6785,0.0004,4.7291,1.2763,8.3524,0.6198,964.6378,47.4085,247.7063,12.1739,228.8014,11.2448,218.4522,10.7361,204.7864,10.0645,193.3811,9.504,169.1587,8.3135,73.5972,4.0738,18.8988,1.0461,17.4564,0.9663,16.6669,0.9226,15.6242,0.8648,14.754,0.8167,12.906,0.7144,0.0,0.0,0.0,0.0,0.0,0.0,0.0,0.0,0.0,0.0,0.0,0.0,0.0,0.0,0.0,0.0,0.0,0.0,0.0,0.0,0.0,0.0,0.0,0.0,0.0,0.0,0.0,0.0,0.0,0.0,0.0,0.0,0.0,0.0,0.0,0.704,0.7394
16,0.001,3,10,100,32,16,256,184,440338,73,30,ContrastiveLoss,gru,/home/dpetrovitch/dzagcoffee/train_trace/gender/checkpoints_2025-10-07 19:53:20.141369_ContrastiveLoss_gru_catboost/model_16_0.001_3_10_100_256_32_16_256_ContrastiveLoss_gruepoch=04.ckpt,4,30,0.4793404,53.6789,1.6782,0.0003,4.843,1.2528,8.6677,0.6437,983.4542,48.4326,251.9658,12.4087,232.4797,11.449,221.7799,10.9221,207.5172,10.2197,195.6859,9.637,167.6882,8.2582,73.5902,3.968,18.8542,1.0166,17.396,0.938,16.5954,0.8948,15.5282,0.8373,14.6428,0.7895,12.5478,0.6766,0.0,0.0,0.0,0.0,0.0,0.0,0.0,0.0,0.0,0.0,0.0,0.0,0.0,0.0,0.0,0.0,0.0,0.0,0.0,0.0,0.0,0.0,0.0,0.0,0.0,0.0,0.0,0.0,0.0,0.0,0.0,0.0,0.0,0.0,0.0,0.684,0.7303
16,0.001,3,10,100,32,16,256,184,440338,73,30,ContrastiveLoss,gru,/home/dpetrovitch/dzagcoffee/train_trace/gender/checkpoints_2025-10-07 19:53:20.141369_ContrastiveLoss_gru_catboost/model_16_0.001_3_10_100_256_32_16_256_ContrastiveLoss_gruepoch=05.ckpt,5,30,0.48287043,57.0629,1.6788,0.0003,4.9417,1.2723,9.4277,0.6249,1027.5962,50.5659,254.0666,12.5021,234.9201,11.5599,224.5771,11.051,210.7507,10.3706,198.6588,9.7756,171.7166,8.4498,77.4508,4.0999,19.1492,1.0137,17.7061,0.9373,16.9266,0.896,15.8845,0.8409,14.9731,0.7926,12.9424,0.6851,0.0,0.0,0.0,0.0,0.0,0.0,0.0,0.0,0.0,0.0,0.0,0.0,0.0,0.0,0.0,0.0,0.0,0.0,0.0,0.0,0.0,0.0,0.0,0.0,0.0,0.0,0.0,0.0,0.0,0.0,0.0,0.0,0.0,0.0,0.0,0.704,0.7405
16,0.001,3,10,100,32,16,256,184,440338,73,30,ContrastiveLoss,gru,/home/dpetrovitch/dzagcoffee/train_trace/gender/checkpoints_2025-10-07 19:53:20.141369_ContrastiveLoss_gru_catboost/model_16_0.001_3_10_100_256_32_16_256_ContrastiveLoss_gruepoch=06.ckpt,6,30,0.48107642,55.2138,1.6776,0.0002,5.0868,1.2312,8.5334,0.6639,996.5765,48.8513,255.8743,12.5427,236.7852,11.607,226.4754,11.1016,212.0498,10.3945,199.7182,9.79,167.7277,8.2219,73.9753,3.9408,18.9934,1.0118,17.5764,0.9363,16.8111,0.8956,15.7403,0.8385,14.825,0.7898,12.4503,0.6633,0.0,0.0,0.0,0.0,0.0,0.0,0.0,0.0,0.0,0.0,0.0,0.0,0.0,0.0,0.0,0.0,0.0,0.0,0.0,0.0,0.0,0.0,0.0,0.0,0.0,0.0,0.0,0.0,0.0,0.0,0.0,0.0,0.0,0.0,0.0,0.684,0.7177
16,0.001,3,10,100,32,16,256,184,440338,73,30,ContrastiveLoss,gru,/home/dpetrovitch/dzagcoffee/train_trace/gender/checkpoints_2025-10-07 19:53:20.141369_ContrastiveLoss_gru_catboost/model_16_0.001_3_10_100_256_32_16_256_ContrastiveLoss_gruepoch=07.ckpt,7,30,0.48217604,56.4994,1.6784,0.0002,5.2015,1.2413,9.0976,0.6532,1013.4194,49.7957,255.9463,12.5763,237.0121,11.6459,226.5108,11.1299,212.4416,10.4386,200.3022,9.8421,174.214,8.5602,68.1879,3.782,17.2213,0.9552,15.9473,0.8845,15.2408,0.8453,14.2941,0.7928,13.4773,0.7475,11.722,0.6502,0.0,0.0,0.0,0.0,0.0,0.0,0.0,0.0,0.0,0.0,0.0,0.0,0.0,0.0,0.0,0.0,0.0,0.0,0.0,0.0,0.0,0.0,0.0,0.0,0.0,0.0,0.0,0.0,0.0,0.0,0.0,0.0,0.0,0.0,0.0,0.716,0.7777
16,0.001,3,10,100,32,16,256,184,440338,73,30,ContrastiveLoss,gru,/home/dpetrovitch/dzagcoffee/train_trace/gender/checkpoints_2025-10-07 19:53:20.141369_ContrastiveLoss_gru_catboost/model_16_0.001_3_10_100_256_32_16_256_ContrastiveLoss_gruepoch=08.ckpt,8,30,0.47974545,53.8454,1.6733,0.0002,5.4212,1.2026,9.1557,0.6927,969.0028,47.2691,256.0924,12.4925,236.6329,11.5432,225.8211,11.0158,211.1306,10.2992,198.6312,9.6895,174.2017,8.4978,66.4865,3.5033,17.5713,0.9259,16.2362,0.8555,15.4943,0.8164,14.4864,0.7633,13.6287,0.7181,11.9526,0.6298,0.0,0.0,0.0,0.0,0.0,0.0,0.0,0.0,0.0,0.0,0.0,0.0,0.0,0.0,0.0,0.0,0.0,0.0,0.0,0.0,0.0,0.0,0.0,0.0,0.0,0.0,0.0,0.0,0.0,0.0,0.0,0.0,0.0,0.0,0.0,0.692,0.7088
16,0.001,3,10,100,32,16,256,184,440338,73,30,ContrastiveLoss,gru,/home/dpetrovitch/dzagcoffee/train_trace/gender/checkpoints_2025-10-07 19:53:20.141369_ContrastiveLoss_gru_catboost/model_16_0.001_3_10_100_256_32_16_256_ContrastiveLoss_gruepoch=09.ckpt,9,30,0.4804398,58.9956,1.6762,0.0002,5.5181,1.243,9.7692,0.65,1052.3258,51.4652,262.0031,12.8136,242.8633,11.8775,232.0558,11.349,217.6303,10.6435,205.5254,10.0515,177.3399,8.673,63.5538,3.4959,15.8233,0.8704,14.6674,0.8068,14.0147,0.7709,13.1435,0.723,12.4124,0.6828,10.7102,0.5891,0.0,0.0,0.0,0.0,0.0,0.0,0.0,0.0,0.0,0.0,0.0,0.0,0.0,0.0,0.0,0.0,0.0,0.0,0.0,0.0,0.0,0.0,0.0,0.0,0.0,0.0,0.0,0.0,0.0,0.0,0.0,0.0,0.0,0.0,0.0,0.668,0.717
16,0.001,3,10,100,32,16,256,184,440338,73,30,ContrastiveLoss,gru,/home/dpetrovitch/dzagcoffee/train_trace/gender/checkpoints_2025-10-07 19:53:20.141369_ContrastiveLoss_gru_catboost/model_16_0.001_3_10_100_256_32_16_256_ContrastiveLoss_gruepoch=10.ckpt,10,30,0.48437503,57.7037,1.6786,0.0002,5.5878,1.2438,10.3185,0.6501,1046.223,51.2672,261.7552,12.8266,242.7282,11.8942,232.415,11.3888,218.4545,10.7047,207.111,10.1489,178.8933,8.7662,71.7369,3.797,17.9479,0.95,16.6433,0.8809,15.9361,0.8435,14.9789,0.7928,14.2011,0.7517,12.2663,0.6493,0.0,0.0,0.0,0.0,0.0,0.0,0.0,0.0,0.0,0.0,0.0,0.0,0.0,0.0,0.0,0.0,0.0,0.0,0.0,0.0,0.0,0.0,0.0,0.0,0.0,0.0,0.0,0.0,0.0,0.0,0.0,0.0,0.0,0.0,0.0,0.708,0.7626
16,0.001,3,10,100,32,16,256,184,440338,73,30,ContrastiveLoss,gru,/home/dpetrovitch/dzagcoffee/train_trace/gender/checkpoints_2025-10-07 19:53:20.141369_ContrastiveLoss_gru_catboost/model_16_0.001_3_10_100_256_32_16_256_ContrastiveLoss_gruepoch=11.ckpt,11,30,0.48344913,55.9501,1.6785,0.0002,5.7301,1.2176,9.3724,0.676,1023.5848,49.9923,262.4528,12.8183,242.8933,11.863,232.2004,11.3408,217.6956,10.6323,205.7085,10.0469,179.3046,8.7573,60.7017,3.4211,15.5643,0.8772,14.4043,0.8118,13.7702,0.7761,12.91,0.7276,12.1991,0.6875,10.6333,0.5993,0.0,0.0,0.0,0.0,0.0,0.0,0.0,0.0,0.0,0.0,0.0,0.0,0.0,0.0,0.0,0.0,0.0,0.0,0.0,0.0,0.0,0.0,0.0,0.0,0.0,0.0,0.0,0.0,0.0,0.0,0.0,0.0,0.0,0.0,0.0,0.72,0.7424
16,0.001,3,10,100,32,16,256,184,440338,73,30,ContrastiveLoss,gru,/home/dpetrovitch/dzagcoffee/train_trace/gender/checkpoints_2025-10-07 19:53:20.141369_ContrastiveLoss_gru_catboost/model_16_0.001_3_10_100_256_32_16_256_ContrastiveLoss_gruepoch=12.ckpt,12,30,0.4848959,56.7923,1.6791,0.0002,5.7319,1.2286,10.072,0.6674,1032.6218,50.7064,263.0926,12.919,243.7225,11.9679,232.8251,11.4328,218.5176,10.7302,206.3071,10.1306,177.0282,8.6929,64.4842,3.4739,16.4294,0.8851,15.2198,0.8199,14.5392,0.7833,13.6458,0.7351,12.8833,0.694,11.0549,0.5955,0.0,0.0,0.0,0.0,0.0,0.0,0.0,0.0,0.0,0.0,0.0,0.0,0.0,0.0,0.0,0.0,0.0,0.0,0.0,0.0,0.0,0.0,0.0,0.0,0.0,0.0,0.0,0.0,0.0,0.0,0.0,0.0,0.0,0.0,0.0,0.728,0.7331
16,0.001,3,10,100,32,16,256,184,440338,73,30,ContrastiveLoss,gru,/home/dpetrovitch/dzagcoffee/train_trace/gender/checkpoints_2025-10-07 19:53:20.141369_ContrastiveLoss_gru_catboost/model_16_0.001_3_10_100_256_32_16_256_ContrastiveLoss_gruepoch=13.ckpt,13,30,0.48489583,56.7508,1.6787,1e-04,5.8395,1.2299,9.7821,0.6657,1040.1995,51.0378,262.6704,12.888,243.3219,11.9387,232.6233,11.4138,218.0209,10.6973,205.4629,10.0811,176.1375,8.6423,68.95,3.7131,17.4112,0.9376,16.1287,0.8686,15.4195,0.8304,14.4516,0.7783,13.6192,0.7334,11.6753,0.6287,0.0,0.0,0.0,0.0,0.0,0.0,0.0,0.0,0.0,0.0,0.0,0.0,0.0,0.0,0.0,0.0,0.0,0.0,0.0,0.0,0.0,0.0,0.0,0.0,0.0,0.0,0.0,0.0,0.0,0.0,0.0,0.0,0.0,0.0,0.0,0.692,0.746
16,0.001,3,10,100,32,16,256,184,440338,73,30,ContrastiveLoss,gru,/home/dpetrovitch/dzagcoffee/train_trace/gender/checkpoints_2025-10-07 19:53:20.141369_ContrastiveLoss_gru_catboost/model_16_0.001_3_10_100_256_32_16_256_ContrastiveLoss_gruepoch=14.ckpt,14,30,0.4819444,57.4168,1.6787,1e-04,5.8361,1.2356,9.8999,0.6583,1054.7994,51.6172,263.3932,12.8893,244.0748,11.9439,233.277,11.4155,219.1484,10.7242,207.0713,10.1332,177.9401,8.7076,63.0246,3.4467,15.7378,0.8607,14.5835,0.7976,13.9384,0.7623,13.0942,0.7161,12.3726,0.6766,10.632,0.5814,0.0,0.0,0.0,0.0,0.0,0.0,0.0,0.0,0.0,0.0,0.0,0.0,0.0,0.0,0.0,0.0,0.0,0.0,0.0,0.0,0.0,0.0,0.0,0.0,0.0,0.0,0.0,0.0,0.0,0.0,0.0,0.0,0.0,0.0,0.0,0.732,0.7571
16,0.001,3,10,100,32,16,256,184,440338,73,30,ContrastiveLoss,gru,/home/dpetrovitch/dzagcoffee/train_trace/gender/checkpoints_2025-10-07 19:53:20.141369_ContrastiveLoss_gru_catboost/model_16_0.001_3_10_100_256_32_16_256_ContrastiveLoss_gruepoch=15.ckpt,15,30,0.48350698,56.5093,1.6772,1e-04,5.9667,1.2198,10.2224,0.6739,1040.0142,50.8934,263.4741,12.8932,244.1065,11.9454,233.1878,11.4111,218.612,10.6978,206.3845,10.0995,179.0226,8.7605,62.7797,3.463,15.9044,0.8773,14.7353,0.8128,14.0762,0.7765,13.1964,0.7279,12.4583,0.6872,10.8066,0.5961,0.0,0.0,0.0,0.0,0.0,0.0,0.0,0.0,0.0,0.0,0.0,0.0,0.0,0.0,0.0,0.0,0.0,0.0,0.0,0.0,0.0,0.0,0.0,0.0,0.0,0.0,0.0,0.0,0.0,0.0,0.0,0.0,0.0,0.0,0.0,0.684,0.7326
16,0.001,3,10,100,32,16,256,184,440338,73,30,ContrastiveLoss,gru,/home/dpetrovitch/dzagcoffee/train_trace/gender/checkpoints_2025-10-07 19:53:20.141369_ContrastiveLoss_gru_catboost/model_16_0.001_3_10_100_256_32_16_256_ContrastiveLoss_gruepoch=16.ckpt,16,30,0.48362273,57.3794,1.6793,1e-04,5.9642,1.2279,10.1352,0.6684,1042.8292,51.197,264.4835,12.9846,244.7764,12.0171,233.5985,11.4684,218.5708,10.7306,205.6374,10.0956,175.8089,8.6312,65.7689,3.564,16.6804,0.9039,15.4375,0.8365,14.7325,0.7983,13.7848,0.747,12.9691,0.7028,11.0879,0.6008,0.0,0.0,0.0,0.0,0.0,0.0,0.0,0.0,0.0,0.0,0.0,0.0,0.0,0.0,0.0,0.0,0.0,0.0,0.0,0.0,0.0,0.0,0.0,0.0,0.0,0.0,0.0,0.0,0.0,0.0,0.0,0.0,0.0,0.0,0.0,0.7,0.7545
16,0.001,3,10,100,32,16,256,184,440338,73,30,ContrastiveLoss,gru,/home/dpetrovitch/dzagcoffee/train_trace/gender/checkpoints_2025-10-07 19:53:20.141369_ContrastiveLoss_gru_catboost/model_16_0.001_3_10_100_256_32_16_256_ContrastiveLoss_gruepoch=17.ckpt,17,30,0.4859375,57.4606,1.6789,1e-04,5.926,1.2313,9.9076,0.6645,1048.9834,51.4628,264.1571,12.9595,244.9932,12.0193,233.9883,11.4794,219.7299,10.7799,207.6218,10.1859,179.3401,8.7984,62.5272,3.5347,15.7457,0.8901,14.6034,0.8255,13.9474,0.7885,13.0975,0.7404,12.3758,0.6996,10.69,0.6043,0.0,0.0,0.0,0.0,0.0,0.0,0.0,0.0,0.0,0.0,0.0,0.0,0.0,0.0,0.0,0.0,0.0,0.0,0.0,0.0,0.0,0.0,0.0,0.0,0.0,0.0,0.0,0.0,0.0,0.0,0.0,0.0,0.0,0.0,0.0,0.692,0.7605
16,0.001,3,10,100,32,16,256,184,440338,73,30,ContrastiveLoss,gru,/home/dpetrovitch/dzagcoffee/train_trace/gender/checkpoints_2025-10-07 19:53:20.141369_ContrastiveLoss_gru_catboost/model_16_0.001_3_10_100_256_32_16_256_ContrastiveLoss_gruepoch=18.ckpt,18,30,0.4836227,56.047,1.677,1e-04,6.1215,1.224,9.433,0.6699,1040.0443,50.8072,263.1262,12.854,243.9156,11.9155,233.1259,11.3884,218.5254,10.6752,206.0994,10.0682,177.857,8.6885,62.9294,3.4717,15.9208,0.8783,14.7585,0.8142,14.1056,0.7782,13.2222,0.7295,12.4704,0.688,10.7615,0.5937,0.0,0.0,0.0,0.0,0.0,0.0,0.0,0.0,0.0,0.0,0.0,0.0,0.0,0.0,0.0,0.0,0.0,0.0,0.0,0.0,0.0,0.0,0.0,0.0,0.0,0.0,0.0,0.0,0.0,0.0,0.0,0.0,0.0,0.0,0.0,0.736,0.7716
16,0.001,3,10,100,32,16,256,184,440338,73,30,ContrastiveLoss,gru,/home/dpetrovitch/dzagcoffee/train_trace/gender/checkpoints_2025-10-07 19:53:20.141369_ContrastiveLoss_gru_catboost/model_16_0.001_3_10_100_256_32_16_256_ContrastiveLoss_gruepoch=19.ckpt,19,30,0.4846065,56.1593,1.6794,1e-04,6.0947,1.2281,9.751,0.6689,1047.18,51.4441,263.1639,12.9283,243.7335,11.9737,232.9609,11.4445,218.6105,10.7395,206.4259,10.1409,178.3507,8.7617,67.5966,3.6317,16.9875,0.9127,15.7333,0.8453,15.0379,0.8079,14.1115,0.7582,13.325,0.7159,11.5127,0.6185,0.0,0.0,0.0,0.0,0.0,0.0,0.0,0.0,0.0,0.0,0.0,0.0,0.0,0.0,0.0,0.0,0.0,0.0,0.0,0.0,0.0,0.0,0.0,0.0,0.0,0.0,0.0,0.0,0.0,0.0,0.0,0.0,0.0,0.0,0.0,0.712,0.7524
16,0.001,3,10,100,32,16,256,184,440338,73,30,ContrastiveLoss,gru,/home/dpetrovitch/dzagcoffee/train_trace/gender/checkpoints_2025-10-07 19:53:20.141369_ContrastiveLoss_gru_catboost/model_16_0.001_3_10_100_256_32_16_256_ContrastiveLoss_gruepoch=20.ckpt,20,30,0.4866898,55.7929,1.6792,1e-04,6.1412,1.2238,10.4478,0.6723,1052.2323,51.6533,264.42,12.9802,244.9701,12.0254,234.0986,11.4917,219.9216,10.7958,207.8793,10.2046,180.4415,8.8577,67.5172,3.6777,16.9667,0.9242,15.7187,0.8562,15.0211,0.8182,14.1114,0.7687,13.3387,0.7266,11.5781,0.6307,0.0,0.0,0.0,0.0,0.0,0.0,0.0,0.0,0.0,0.0,0.0,0.0,0.0,0.0,0.0,0.0,0.0,0.0,0.0,0.0,0.0,0.0,0.0,0.0,0.0,0.0,0.0,0.0,0.0,0.0,0.0,0.0,0.0,0.0,0.0,0.74,0.7628
16,0.001,3,10,100,32,16,256,184,440338,73,30,ContrastiveLoss,gru,/home/dpetrovitch/dzagcoffee/train_trace/gender/checkpoints_2025-10-07 19:53:20.141369_ContrastiveLoss_gru_catboost/model_16_0.001_3_10_100_256_32_16_256_ContrastiveLoss_gruepoch=21.ckpt,21,30,0.48420134,55.4356,1.6791,1e-04,6.0938,1.2187,10.4748,0.677,1043.055,51.0956,264.4393,12.954,244.8235,11.993,233.7922,11.4527,219.1332,10.7346,206.4938,10.1154,178.3053,8.7346,63.9361,3.4627,16.2093,0.8779,15.0069,0.8128,14.3308,0.7761,13.4322,0.7275,12.6574,0.6855,10.9296,0.5919,0.0,0.0,0.0,0.0,0.0,0.0,0.0,0.0,0.0,0.0,0.0,0.0,0.0,0.0,0.0,0.0,0.0,0.0,0.0,0.0,0.0,0.0,0.0,0.0,0.0,0.0,0.0,0.0,0.0,0.0,0.0,0.0,0.0,0.0,0.0,0.716,0.7605
16,0.001,3,10,100,32,16,256,184,440338,73,30,ContrastiveLoss,gru,/home/dpetrovitch/dzagcoffee/train_trace/gender/checkpoints_2025-10-07 19:53:20.141369_ContrastiveLoss_gru_catboost/model_16_0.001_3_10_100_256_32_16_256_ContrastiveLoss_gruepoch=22.ckpt,22,30,0.48425928,54.6608,1.6794,1e-04,6.2057,1.2119,9.9831,0.6854,1028.7295,50.4849,264.7226,12.9913,245.0416,12.0254,234.0135,11.4842,219.1995,10.7572,206.3718,10.1277,176.342,8.654,61.7263,3.3946,15.884,0.8735,14.7031,0.8086,14.0414,0.7722,13.1525,0.7233,12.3828,0.681,10.5809,0.5819,0.0,0.0,0.0,0.0,0.0,0.0,0.0,0.0,0.0,0.0,0.0,0.0,0.0,0.0,0.0,0.0,0.0,0.0,0.0,0.0,0.0,0.0,0.0,0.0,0.0,0.0,0.0,0.0,0.0,0.0,0.0,0.0,0.0,0.0,0.0,0.72,0.756
16,0.001,3,10,100,32,16,256,184,440338,73,30,ContrastiveLoss,gru,/home/dpetrovitch/dzagcoffee/train_trace/gender/checkpoints_2025-10-07 19:53:20.141369_ContrastiveLoss_gru_catboost/model_16_0.001_3_10_100_256_32_16_256_ContrastiveLoss_gruepoch=23.ckpt,23,30,0.48396984,55.788,1.6792,1e-04,6.1654,1.2285,9.9359,0.6667,1061.9116,52.0338,264.0514,12.9386,244.2876,11.9701,233.496,11.4413,218.8874,10.7255,206.8328,10.1348,180.5504,8.847,65.7359,3.5368,16.3457,0.8795,15.1222,0.8136,14.4542,0.7777,13.5499,0.729,12.8037,0.6889,11.1767,0.6013,0.0,0.0,0.0,0.0,0.0,0.0,0.0,0.0,0.0,0.0,0.0,0.0,0.0,0.0,0.0,0.0,0.0,0.0,0.0,0.0,0.0,0.0,0.0,0.0,0.0,0.0,0.0,0.0,0.0,0.0,0.0,0.0,0.0,0.0,0.0,0.748,0.7796
16,0.001,3,10,100,32,16,256,184,440338,73,30,ContrastiveLoss,gru,/home/dpetrovitch/dzagcoffee/train_trace/gender/checkpoints_2025-10-07 19:53:20.141369_ContrastiveLoss_gru_catboost/model_16_0.001_3_10_100_256_32_16_256_ContrastiveLoss_gruepoch=24.ckpt,24,30,0.48310181,54.7755,1.6791,1e-04,6.1369,1.215,10.6474,0.6793,1048.8475,51.3112,264.5985,12.9446,245.2888,11.9999,234.3118,11.4629,219.6674,10.7465,207.2473,10.1388,178.8686,8.7505,64.9933,3.5098,16.3962,0.8854,15.1997,0.8208,14.5195,0.7841,13.612,0.7351,12.8424,0.6935,11.0838,0.5986,0.0,0.0,0.0,0.0,0.0,0.0,0.0,0.0,0.0,0.0,0.0,0.0,0.0,0.0,0.0,0.0,0.0,0.0,0.0,0.0,0.0,0.0,0.0,0.0,0.0,0.0,0.0,0.0,0.0,0.0,0.0,0.0,0.0,0.0,0.0,0.732,0.7681
16,0.001,3,10,100,32,16,256,184,440338,73,30,ContrastiveLoss,gru,/home/dpetrovitch/dzagcoffee/train_trace/gender/checkpoints_2025-10-07 19:53:20.141369_ContrastiveLoss_gru_catboost/model_16_0.001_3_10_100_256_32_16_256_ContrastiveLoss_gruepoch=25.ckpt,25,30,0.48391202,55.2053,1.6784,1e-04,6.1277,1.2202,10.1255,0.6749,1049.8688,51.3576,264.5213,12.9399,244.8725,11.9787,233.8911,11.4415,219.0021,10.7132,206.0652,10.0803,176.2167,8.6202,62.1819,3.4592,15.6671,0.8716,14.5034,0.8068,13.853,0.7706,12.9711,0.7216,12.2049,0.679,10.437,0.5806,0.0,0.0,0.0,0.0,0.0,0.0,0.0,0.0,0.0,0.0,0.0,0.0,0.0,0.0,0.0,0.0,0.0,0.0,0.0,0.0,0.0,0.0,0.0,0.0,0.0,0.0,0.0,0.0,0.0,0.0,0.0,0.0,0.0,0.0,0.0,0.708,0.7602
16,0.001,3,10,100,32,16,256,184,440338,73,30,ContrastiveLoss,gru,/home/dpetrovitch/dzagcoffee/train_trace/gender/checkpoints_2025-10-07 19:53:20.141369_ContrastiveLoss_gru_catboost/model_16_0.001_3_10_100_256_32_16_256_ContrastiveLoss_gruepoch=26.ckpt,26,30,0.4844329,55.3116,1.6793,1e-04,6.0664,1.2226,10.0549,0.6727,1058.8895,51.8836,263.671,12.9194,244.3252,11.9715,233.4498,11.4386,218.9839,10.7298,206.5152,10.1189,178.7485,8.7583,69.0915,3.7489,17.2043,0.9335,15.942,0.865,15.2324,0.8265,14.2885,0.7753,13.4749,0.7311,11.6632,0.6328,0.0,0.0,0.0,0.0,0.0,0.0,0.0,0.0,0.0,0.0,0.0,0.0,0.0,0.0,0.0,0.0,0.0,0.0,0.0,0.0,0.0,0.0,0.0,0.0,0.0,0.0,0.0,0.0,0.0,0.0,0.0,0.0,0.0,0.0,0.0,0.716,0.7651
16,0.001,3,10,100,32,16,256,184,440338,73,30,ContrastiveLoss,gru,/home/dpetrovitch/dzagcoffee/train_trace/gender/checkpoints_2025-10-07 19:53:20.141369_ContrastiveLoss_gru_catboost/model_16_0.001_3_10_100_256_32_16_256_ContrastiveLoss_gruepoch=27.ckpt,27,30,0.48495382,54.9124,1.679,1e-04,6.0762,1.2186,10.5177,0.6766,1051.0032,51.443,263.5167,12.8982,244.1646,11.951,233.3415,11.4213,219.0961,10.724,207.0752,10.1356,180.4497,8.8324,66.4667,3.6236,16.6651,0.9085,15.4413,0.8418,14.7568,0.8045,13.8559,0.7554,13.0957,0.7139,11.4118,0.6221,0.0,0.0,0.0,0.0,0.0,0.0,0.0,0.0,0.0,0.0,0.0,0.0,0.0,0.0,0.0,0.0,0.0,0.0,0.0,0.0,0.0,0.0,0.0,0.0,0.0,0.0,0.0,0.0,0.0,0.0,0.0,0.0,0.0,0.0,0.0,0.728,0.7635
16,0.001,3,10,100,32,16,256,184,440338,73,30,ContrastiveLoss,gru,/home/dpetrovitch/dzagcoffee/train_trace/gender/checkpoints_2025-10-07 19:53:20.141369_ContrastiveLoss_gru_catboost/model_16_0.001_3_10_100_256_32_16_256_ContrastiveLoss_gruepoch=28.ckpt,28,30,0.48478016,55.2161,1.6792,1e-04,6.1123,1.2231,10.5006,0.672,1056.625,51.8298,263.4362,12.9221,243.9347,11.9655,232.9723,11.4278,218.4519,10.7155,206.4361,10.1261,178.4915,8.7554,62.3487,3.4556,15.5447,0.8616,14.394,0.7978,13.7471,0.7619,12.8903,0.7144,12.1813,0.6751,10.5323,0.5837,0.0,0.0,0.0,0.0,0.0,0.0,0.0,0.0,0.0,0.0,0.0,0.0,0.0,0.0,0.0,0.0,0.0,0.0,0.0,0.0,0.0,0.0,0.0,0.0,0.0,0.0,0.0,0.0,0.0,0.0,0.0,0.0,0.0,0.0,0.0,0.708,0.7445
16,0.001,3,10,100,32,16,256,184,440338,73,30,ContrastiveLoss,gru,/home/dpetrovitch/dzagcoffee/train_trace/gender/checkpoints_2025-10-07 19:53:20.141369_ContrastiveLoss_gru_catboost/model_16_0.001_3_10_100_256_32_16_256_ContrastiveLoss_gruepoch=29.ckpt,29,30,0.48402795,55.1445,1.6794,1e-04,6.0904,1.2193,10.9351,0.6767,1057.3145,51.8945,265.0315,13.0081,245.4444,12.0468,234.4216,11.5057,219.8935,10.7927,207.7596,10.1971,180.9746,8.8825,67.2834,3.5869,16.8656,0.8991,15.6191,0.8327,14.9177,0.7953,13.9932,0.746,13.221,0.7048,11.5165,0.614,0.0,0.0,0.0,0.0,0.0,0.0,0.0,0.0,0.0,0.0,0.0,0.0,0.0,0.0,0.0,0.0,0.0,0.0,0.0,0.0,0.0,0.0,0.0,0.0,0.0,0.0,0.0,0.0,0.0,0.0,0.0,0.0,0.0,0.0,0.0,0.692,0.7635
32,0.001,3,10,100,32,16,256,184,440338,73,30,ContrastiveLoss,gru,/home/dpetrovitch/dzagcoffee/train_trace/gender/checkpoints_2025-10-07 19:53:20.141369_ContrastiveLoss_gru_catboost/model_32_0.001_3_10_100_256_32_16_256_ContrastiveLoss_gruepoch=00.ckpt,0,30,0.42213693,37.3053,1.6791,0.0003,4.7172,1.3175,6.1284,0.5907,675.8924,33.9497,218.6319,10.9818,193.858,9.7374,180.3791,9.0604,162.3556,8.155,147.7977,7.4238,123.0974,6.1831,34.7369,2.3535,11.2364,0.7613,9.9632,0.675,9.2704,0.6281,8.3441,0.5653,7.5959,0.5146,6.3265,0.4286,0.0,0.0,0.0,0.0,0.0,0.0,0.0,0.0,0.0,0.0,0.0,0.0,0.0,0.0,0.0,0.0,0.0,0.0,0.0,0.0,0.0,0.0,0.0,0.0,0.0,0.0,0.0,0.0,0.0,0.0,0.0,0.0,0.0,0.0,0.0,0.54,0.5438
32,0.001,3,10,100,32,16,256,184,440338,73,30,ContrastiveLoss,gru,/home/dpetrovitch/dzagcoffee/train_trace/gender/checkpoints_2025-10-07 19:53:20.141369_ContrastiveLoss_gru_catboost/model_32_0.001_3_10_100_256_32_16_256_ContrastiveLoss_gruepoch=01.ckpt,1,30,0.4399914,44.1969,1.6788,0.0004,4.5606,1.3284,7.5964,0.5794,826.1745,40.9713,236.8144,11.744,213.5104,10.5883,200.3722,9.9368,182.9464,9.0726,169.0636,8.3841,137.9331,6.8403,52.0178,3.1069,14.9104,0.8906,13.4431,0.8029,12.6159,0.7535,11.5187,0.688,10.6446,0.6358,8.6846,0.5187,0.0,0.0,0.0,0.0,0.0,0.0,0.0,0.0,0.0,0.0,0.0,0.0,0.0,0.0,0.0,0.0,0.0,0.0,0.0,0.0,0.0,0.0,0.0,0.0,0.0,0.0,0.0,0.0,0.0,0.0,0.0,0.0,0.0,0.0,0.0,0.652,0.6643
32,0.001,3,10,100,32,16,256,184,440338,73,30,ContrastiveLoss,gru,/home/dpetrovitch/dzagcoffee/train_trace/gender/checkpoints_2025-10-07 19:53:20.141369_ContrastiveLoss_gru_catboost/model_32_0.001_3_10_100_256_32_16_256_ContrastiveLoss_gruepoch=02.ckpt,2,30,0.4530945,47.7856,1.6782,0.0005,4.611,1.2913,8.2638,0.6102,883.4614,43.5912,247.3674,12.2054,224.8903,11.0964,212.4748,10.4838,195.7512,9.6586,181.8385,8.9722,154.4772,7.6221,53.483,3.097,14.9751,0.8671,13.6144,0.7883,12.8628,0.7448,11.8504,0.6862,11.0082,0.6374,9.3518,0.5415,0.0,0.0,0.0,0.0,0.0,0.0,0.0,0.0,0.0,0.0,0.0,0.0,0.0,0.0,0.0,0.0,0.0,0.0,0.0,0.0,0.0,0.0,0.0,0.0,0.0,0.0,0.0,0.0,0.0,0.0,0.0,0.0,0.0,0.0,0.0,0.648,0.6664
32,0.001,3,10,100,32,16,256,184,440338,73,30,ContrastiveLoss,gru,/home/dpetrovitch/dzagcoffee/train_trace/gender/checkpoints_2025-10-07 19:53:20.141369_ContrastiveLoss_gru_catboost/model_32_0.001_3_10_100_256_32_16_256_ContrastiveLoss_gruepoch=03.ckpt,3,30,0.4606024,49.0789,1.6776,0.0004,4.6361,1.2484,9.3196,0.648,924.2765,45.4225,254.426,12.5035,232.6452,11.4331,220.6098,10.8416,204.5482,10.0523,191.2237,9.3975,159.2642,7.8269,61.7838,3.3336,17.0073,0.9176,15.5513,0.8391,14.7468,0.7957,13.6732,0.7377,12.7825,0.6897,10.6461,0.5744,0.0,0.0,0.0,0.0,0.0,0.0,0.0,0.0,0.0,0.0,0.0,0.0,0.0,0.0,0.0,0.0,0.0,0.0,0.0,0.0,0.0,0.0,0.0,0.0,0.0,0.0,0.0,0.0,0.0,0.0,0.0,0.0,0.0,0.0,0.0,0.636,0.682
32,0.001,3,10,100,32,16,256,184,440338,73,30,ContrastiveLoss,gru,/home/dpetrovitch/dzagcoffee/train_trace/gender/checkpoints_2025-10-07 19:53:20.141369_ContrastiveLoss_gru_catboost/model_32_0.001_3_10_100_256_32_16_256_ContrastiveLoss_gruepoch=04.ckpt,4,30,0.4619273,52.3106,1.6774,0.0004,4.6749,1.2668,9.4552,0.6296,977.4971,47.9022,257.6616,12.6267,237.111,11.6196,225.8111,11.0659,210.4631,10.3137,198.0459,9.7052,165.0966,8.0905,64.1391,3.5144,16.9066,0.9264,15.5582,0.8525,14.8167,0.8118,13.8097,0.7567,12.9949,0.712,10.8329,0.5936,0.0,0.0,0.0,0.0,0.0,0.0,0.0,0.0,0.0,0.0,0.0,0.0,0.0,0.0,0.0,0.0,0.0,0.0,0.0,0.0,0.0,0.0,0.0,0.0,0.0,0.0,0.0,0.0,0.0,0.0,0.0,0.0,0.0,0.0,0.0,0.656,0.6941
32,0.001,3,10,100,32,16,256,184,440338,73,30,ContrastiveLoss,gru,/home/dpetrovitch/dzagcoffee/train_trace/gender/checkpoints_2025-10-07 19:53:20.141369_ContrastiveLoss_gru_catboost/model_32_0.001_3_10_100_256_32_16_256_ContrastiveLoss_gruepoch=05.ckpt,5,30,0.46721196,54.4012,1.6766,0.0004,4.6856,1.2742,9.4601,0.6222,1017.9904,49.832,262.0092,12.8257,241.4427,11.819,229.6927,11.2438,214.2686,10.4887,201.3421,9.856,167.7977,8.2139,67.0749,3.6311,17.2637,0.9346,15.9085,0.8612,15.1343,0.8193,14.1181,0.7643,13.2663,0.7182,11.0561,0.5985,0.0,0.0,0.0,0.0,0.0,0.0,0.0,0.0,0.0,0.0,0.0,0.0,0.0,0.0,0.0,0.0,0.0,0.0,0.0,0.0,0.0,0.0,0.0,0.0,0.0,0.0,0.0,0.0,0.0,0.0,0.0,0.0,0.0,0.0,0.0,0.664,0.6781
32,0.001,3,10,100,32,16,256,184,440338,73,30,ContrastiveLoss,gru,/home/dpetrovitch/dzagcoffee/train_trace/gender/checkpoints_2025-10-07 19:53:20.141369_ContrastiveLoss_gru_catboost/model_32_0.001_3_10_100_256_32_16_256_ContrastiveLoss_gruepoch=06.ckpt,6,30,0.46819258,54.1242,1.6786,0.0003,4.7344,1.2401,9.9375,0.6586,1015.3404,50.0295,263.308,12.9741,242.6734,11.9574,231.3162,11.3978,215.9472,10.6405,202.7191,9.9887,165.9232,8.1756,63.5164,3.4992,16.4717,0.9074,15.1809,0.8363,14.4704,0.7972,13.509,0.7442,12.6815,0.6986,10.3796,0.5718,0.0,0.0,0.0,0.0,0.0,0.0,0.0,0.0,0.0,0.0,0.0,0.0,0.0,0.0,0.0,0.0,0.0,0.0,0.0,0.0,0.0,0.0,0.0,0.0,0.0,0.0,0.0,0.0,0.0,0.0,0.0,0.0,0.0,0.0,0.0,0.624,0.6598
32,0.001,3,10,100,32,16,256,184,440338,73,30,ContrastiveLoss,gru,/home/dpetrovitch/dzagcoffee/train_trace/gender/checkpoints_2025-10-07 19:53:20.141369_ContrastiveLoss_gru_catboost/model_32_0.001_3_10_100_256_32_16_256_ContrastiveLoss_gruepoch=07.ckpt,7,30,0.47323647,57.2677,1.6772,0.0003,4.7234,1.2748,8.9466,0.6213,1058.6271,51.8035,264.2821,12.9325,244.2972,11.9546,233.0046,11.402,218.1886,10.677,205.1958,10.0412,168.0958,8.2257,70.5169,3.8341,17.6043,0.9572,16.273,0.8848,15.5208,0.8439,14.5339,0.7902,13.6684,0.7432,11.1971,0.6088,0.0,0.0,0.0,0.0,0.0,0.0,0.0,0.0,0.0,0.0,0.0,0.0,0.0,0.0,0.0,0.0,0.0,0.0,0.0,0.0,0.0,0.0,0.0,0.0,0.0,0.0,0.0,0.0,0.0,0.0,0.0,0.0,0.0,0.0,0.0,0.676,0.7029
32,0.001,3,10,100,32,16,256,184,440338,73,30,ContrastiveLoss,gru,/home/dpetrovitch/dzagcoffee/train_trace/gender/checkpoints_2025-10-07 19:53:20.141369_ContrastiveLoss_gru_catboost/model_32_0.001_3_10_100_256_32_16_256_ContrastiveLoss_gruepoch=08.ckpt,8,30,0.47322124,58.2619,1.6767,0.0003,4.7508,1.271,9.4379,0.6254,1069.2617,52.3889,263.3761,12.9042,243.6504,11.9377,232.5745,11.3951,217.8576,10.674,204.9629,10.0422,166.3305,8.1494,65.8306,3.7452,16.2151,0.9225,15.0007,0.8534,14.3188,0.8146,13.4127,0.7631,12.6188,0.7179,10.2404,0.5826,0.0,0.0,0.0,0.0,0.0,0.0,0.0,0.0,0.0,0.0,0.0,0.0,0.0,0.0,0.0,0.0,0.0,0.0,0.0,0.0,0.0,0.0,0.0,0.0,0.0,0.0,0.0,0.0,0.0,0.0,0.0,0.0,0.0,0.0,0.0,0.7,0.7153
32,0.001,3,10,100,32,16,256,184,440338,73,30,ContrastiveLoss,gru,/home/dpetrovitch/dzagcoffee/train_trace/gender/checkpoints_2025-10-07 19:53:20.141369_ContrastiveLoss_gru_catboost/model_32_0.001_3_10_100_256_32_16_256_ContrastiveLoss_gruepoch=09.ckpt,9,30,0.472277,56.2997,1.6738,0.0003,4.8082,1.2237,10.0196,0.671,1028.0576,50.1911,264.7142,12.9237,245.0527,11.9638,233.9242,11.4205,218.8941,10.6867,206.2328,10.0686,169.9353,8.2965,65.0261,3.5777,16.7436,0.9212,15.4999,0.8528,14.796,0.8141,13.8454,0.7618,13.0445,0.7177,10.7487,0.5914,0.0,0.0,0.0,0.0,0.0,0.0,0.0,0.0,0.0,0.0,0.0,0.0,0.0,0.0,0.0,0.0,0.0,0.0,0.0,0.0,0.0,0.0,0.0,0.0,0.0,0.0,0.0,0.0,0.0,0.0,0.0,0.0,0.0,0.0,0.0,0.704,0.7448
32,0.001,3,10,100,32,16,256,184,440338,73,30,ContrastiveLoss,gru,/home/dpetrovitch/dzagcoffee/train_trace/gender/checkpoints_2025-10-07 19:53:20.141369_ContrastiveLoss_gru_catboost/model_32_0.001_3_10_100_256_32_16_256_ContrastiveLoss_gruepoch=10.ckpt,10,30,0.47101602,58.4245,1.6769,0.0003,4.7853,1.2493,10.0604,0.6457,1089.1007,53.2454,268.9089,13.1468,249.325,12.1893,238.3041,11.6505,223.374,10.9206,210.1699,10.2751,173.8639,8.5001,65.6774,3.6876,16.2164,0.9105,15.0354,0.8442,14.3708,0.8069,13.4704,0.7563,12.6741,0.7116,10.4847,0.5887,0.0,0.0,0.0,0.0,0.0,0.0,0.0,0.0,0.0,0.0,0.0,0.0,0.0,0.0,0.0,0.0,0.0,0.0,0.0,0.0,0.0,0.0,0.0,0.0,0.0,0.0,0.0,0.0,0.0,0.0,0.0,0.0,0.0,0.0,0.0,0.676,0.7487
32,0.001,3,10,100,32,16,256,184,440338,73,30,ContrastiveLoss,gru,/home/dpetrovitch/dzagcoffee/train_trace/gender/checkpoints_2025-10-07 19:53:20.141369_ContrastiveLoss_gru_catboost/model_32_0.001_3_10_100_256_32_16_256_ContrastiveLoss_gruepoch=11.ckpt,11,30,0.47422326,58.8933,1.677,0.0003,4.7951,1.254,11.2133,0.6416,1112.1398,54.4543,271.0607,13.2721,251.4862,12.3137,240.5044,11.776,225.5683,11.0446,213.0546,10.4319,176.9026,8.6618,70.744,3.8111,17.2424,0.9289,15.9972,0.8618,15.2986,0.8242,14.3485,0.773,13.5525,0.7301,11.2529,0.6062,0.0,0.0,0.0,0.0,0.0,0.0,0.0,0.0,0.0,0.0,0.0,0.0,0.0,0.0,0.0,0.0,0.0,0.0,0.0,0.0,0.0,0.0,0.0,0.0,0.0,0.0,0.0,0.0,0.0,0.0,0.0,0.0,0.0,0.0,0.0,0.68,0.7208
32,0.001,3,10,100,32,16,256,184,440338,73,30,ContrastiveLoss,gru,/home/dpetrovitch/dzagcoffee/train_trace/gender/checkpoints_2025-10-07 19:53:20.141369_ContrastiveLoss_gru_catboost/model_32_0.001_3_10_100_256_32_16_256_ContrastiveLoss_gruepoch=12.ckpt,12,30,0.47468635,58.8711,1.6769,0.0003,4.8113,1.2422,10.5658,0.6539,1102.4883,54.0008,270.6987,13.259,250.8685,12.2877,239.7028,11.7408,224.7827,11.01,212.2346,10.3954,176.9216,8.6658,69.4962,3.8032,17.0637,0.9338,15.8137,0.8654,15.1098,0.8269,14.1693,0.7754,13.3784,0.7321,11.1524,0.6103,0.0,0.0,0.0,0.0,0.0,0.0,0.0,0.0,0.0,0.0,0.0,0.0,0.0,0.0,0.0,0.0,0.0,0.0,0.0,0.0,0.0,0.0,0.0,0.0,0.0,0.0,0.0,0.0,0.0,0.0,0.0,0.0,0.0,0.0,0.0,0.664,0.7268
32,0.001,3,10,100,32,16,256,184,440338,73,30,ContrastiveLoss,gru,/home/dpetrovitch/dzagcoffee/train_trace/gender/checkpoints_2025-10-07 19:53:20.141369_ContrastiveLoss_gru_catboost/model_32_0.001_3_10_100_256_32_16_256_ContrastiveLoss_gruepoch=13.ckpt,13,30,0.47540203,59.8123,1.6753,0.0004,4.8248,1.258,11.1624,0.6354,1127.9766,55.0655,270.2983,13.1954,250.7119,12.2392,239.9985,11.7162,225.2867,10.998,212.6932,10.3832,176.9119,8.6365,69.7269,3.8121,16.7087,0.9135,15.498,0.8473,14.8357,0.8111,13.9263,0.7614,13.1478,0.7188,10.936,0.5979,0.0,0.0,0.0,0.0,0.0,0.0,0.0,0.0,0.0,0.0,0.0,0.0,0.0,0.0,0.0,0.0,0.0,0.0,0.0,0.0,0.0,0.0,0.0,0.0,0.0,0.0,0.0,0.0,0.0,0.0,0.0,0.0,0.0,0.0,0.0,0.692,0.7374
32,0.001,3,10,100,32,16,256,184,440338,73,30,ContrastiveLoss,gru,/home/dpetrovitch/dzagcoffee/train_trace/gender/checkpoints_2025-10-07 19:53:20.141369_ContrastiveLoss_gru_catboost/model_32_0.001_3_10_100_256_32_16_256_ContrastiveLoss_gruepoch=14.ckpt,14,30,0.47468328,59.269,1.677,0.0004,4.8146,1.2421,10.7144,0.6527,1124.8799,55.0102,270.9845,13.252,251.0881,12.279,239.7732,11.7257,225.0741,11.0068,212.2979,10.382,175.0743,8.5617,71.3104,3.8238,17.1787,0.9212,15.9174,0.8535,15.2001,0.8151,14.2683,0.7651,13.4584,0.7217,11.0986,0.5951,0.0,0.0,0.0,0.0,0.0,0.0,0.0,0.0,0.0,0.0,0.0,0.0,0.0,0.0,0.0,0.0,0.0,0.0,0.0,0.0,0.0,0.0,0.0,0.0,0.0,0.0,0.0,0.0,0.0,0.0,0.0,0.0,0.0,0.0,0.0,0.68,0.7288
32,0.001,3,10,100,32,16,256,184,440338,73,30,ContrastiveLoss,gru,/home/dpetrovitch/dzagcoffee/train_trace/gender/checkpoints_2025-10-07 19:53:20.141369_ContrastiveLoss_gru_catboost/model_32_0.001_3_10_100_256_32_16_256_ContrastiveLoss_gruepoch=15.ckpt,15,30,0.4753838,60.132,1.6782,0.0004,4.8444,1.2477,10.6279,0.6471,1131.9784,55.4017,270.4684,13.2374,250.8067,12.2751,239.8952,11.741,224.9328,11.0087,212.6441,10.4073,178.6985,8.7459,74.0875,3.9777,17.702,0.9504,16.4152,0.8813,15.701,0.843,14.7218,0.7904,13.9175,0.7472,11.6957,0.6279,0.0,0.0,0.0,0.0,0.0,0.0,0.0,0.0,0.0,0.0,0.0,0.0,0.0,0.0,0.0,0.0,0.0,0.0,0.0,0.0,0.0,0.0,0.0,0.0,0.0,0.0,0.0,0.0,0.0,0.0,0.0,0.0,0.0,0.0,0.0,0.708,0.7453
32,0.001,3,10,100,32,16,256,184,440338,73,30,ContrastiveLoss,gru,/home/dpetrovitch/dzagcoffee/train_trace/gender/checkpoints_2025-10-07 19:53:20.141369_ContrastiveLoss_gru_catboost/model_32_0.001_3_10_100_256_32_16_256_ContrastiveLoss_gruepoch=16.ckpt,16,30,0.4773727,61.2606,1.6779,0.0004,4.8591,1.2524,10.8621,0.6432,1145.7137,56.105,272.9783,13.3676,253.2166,12.3999,241.9846,11.8499,227.0057,11.1164,214.4951,10.5037,180.0208,8.8155,70.9678,3.8382,16.9088,0.9145,15.6847,0.8483,14.989,0.8107,14.0612,0.7605,13.2862,0.7186,11.1508,0.6031,0.0,0.0,0.0,0.0,0.0,0.0,0.0,0.0,0.0,0.0,0.0,0.0,0.0,0.0,0.0,0.0,0.0,0.0,0.0,0.0,0.0,0.0,0.0,0.0,0.0,0.0,0.0,0.0,0.0,0.0,0.0,0.0,0.0,0.0,0.0,0.672,0.7066
32,0.001,3,10,100,32,16,256,184,440338,73,30,ContrastiveLoss,gru,/home/dpetrovitch/dzagcoffee/train_trace/gender/checkpoints_2025-10-07 19:53:20.141369_ContrastiveLoss_gru_catboost/model_32_0.001_3_10_100_256_32_16_256_ContrastiveLoss_gruepoch=17.ckpt,17,30,0.4769462,60.3222,1.6773,0.0003,4.9002,1.2358,10.6707,0.6585,1127.8053,55.1188,271.3183,13.26,251.1432,12.274,239.8383,11.7215,224.859,10.9895,212.277,10.3745,176.3644,8.6194,67.8763,3.7431,16.3291,0.9005,15.1149,0.8335,14.4345,0.796,13.533,0.7463,12.7758,0.7045,10.6144,0.5853,0.0,0.0,0.0,0.0,0.0,0.0,0.0,0.0,0.0,0.0,0.0,0.0,0.0,0.0,0.0,0.0,0.0,0.0,0.0,0.0,0.0,0.0,0.0,0.0,0.0,0.0,0.0,0.0,0.0,0.0,0.0,0.0,0.0,0.0,0.0,0.68,0.7328
32,0.001,3,10,100,32,16,256,184,440338,73,30,ContrastiveLoss,gru,/home/dpetrovitch/dzagcoffee/train_trace/gender/checkpoints_2025-10-07 19:53:20.141369_ContrastiveLoss_gru_catboost/model_32_0.001_3_10_100_256_32_16_256_ContrastiveLoss_gruepoch=18.ckpt,18,30,0.4721461,60.6993,1.6753,0.0003,4.9085,1.2418,10.8271,0.6518,1144.6133,55.8779,272.1581,13.2863,252.4493,12.3241,241.3417,11.7819,226.5176,11.0582,213.9175,10.4431,177.3609,8.6584,69.9209,3.7928,16.6253,0.9018,15.4214,0.8365,14.7428,0.7997,13.8373,0.7506,13.0676,0.7088,10.8344,0.5877,0.0,0.0,0.0,0.0,0.0,0.0,0.0,0.0,0.0,0.0,0.0,0.0,0.0,0.0,0.0,0.0,0.0,0.0,0.0,0.0,0.0,0.0,0.0,0.0,0.0,0.0,0.0,0.0,0.0,0.0,0.0,0.0,0.0,0.0,0.0,0.7,0.7247
32,0.001,3,10,100,32,16,256,184,440338,73,30,ContrastiveLoss,gru,/home/dpetrovitch/dzagcoffee/train_trace/gender/checkpoints_2025-10-07 19:53:20.141369_ContrastiveLoss_gru_catboost/model_32_0.001_3_10_100_256_32_16_256_ContrastiveLoss_gruepoch=19.ckpt,19,30,0.47470447,60.3968,1.6776,0.0003,4.9098,1.2363,10.7088,0.6591,1143.9579,55.9717,273.3895,13.3764,253.3396,12.3954,242.1457,11.8477,226.8777,11.1007,214.1716,10.479,177.2457,8.6723,70.7572,3.7749,16.9099,0.9021,15.6698,0.836,14.9774,0.799,14.0331,0.7487,13.2471,0.7067,10.9632,0.5849,0.0,0.0,0.0,0.0,0.0,0.0,0.0,0.0,0.0,0.0,0.0,0.0,0.0,0.0,0.0,0.0,0.0,0.0,0.0,0.0,0.0,0.0,0.0,0.0,0.0,0.0,0.0,0.0,0.0,0.0,0.0,0.0,0.0,0.0,0.0,0.652,0.7032
32,0.001,3,10,100,32,16,256,184,440338,73,30,ContrastiveLoss,gru,/home/dpetrovitch/dzagcoffee/train_trace/gender/checkpoints_2025-10-07 19:53:20.141369_ContrastiveLoss_gru_catboost/model_32_0.001_3_10_100_256_32_16_256_ContrastiveLoss_gruepoch=20.ckpt,20,30,0.4778874,60.3413,1.6777,0.0003,4.9225,1.2357,11.5414,0.659,1146.9075,56.0179,273.8048,13.3733,254.1416,12.4129,243.1092,11.8741,228.2728,11.1494,215.6125,10.5311,178.1527,8.7014,69.9957,3.7398,16.7103,0.8928,15.5102,0.8287,14.8369,0.7927,13.9315,0.7443,13.1588,0.7031,10.8726,0.5809,0.0,0.0,0.0,0.0,0.0,0.0,0.0,0.0,0.0,0.0,0.0,0.0,0.0,0.0,0.0,0.0,0.0,0.0,0.0,0.0,0.0,0.0,0.0,0.0,0.0,0.0,0.0,0.0,0.0,0.0,0.0,0.0,0.0,0.0,0.0,0.712,0.7628
32,0.001,3,10,100,32,16,256,184,440338,73,30,ContrastiveLoss,gru,/home/dpetrovitch/dzagcoffee/train_trace/gender/checkpoints_2025-10-07 19:53:20.141369_ContrastiveLoss_gru_catboost/model_32_0.001_3_10_100_256_32_16_256_ContrastiveLoss_gruepoch=21.ckpt,21,30,0.47589853,60.1411,1.6769,0.0003,4.9322,1.2352,11.0698,0.6586,1151.6304,56.2012,273.1327,13.3293,253.5285,12.3725,242.6366,11.841,227.6496,11.1096,214.7622,10.4807,176.5449,8.6156,71.2604,3.8305,16.9009,0.9085,15.6878,0.8433,15.0138,0.8071,14.0865,0.7572,13.289,0.7143,10.9242,0.5872,0.0,0.0,0.0,0.0,0.0,0.0,0.0,0.0,0.0,0.0,0.0,0.0,0.0,0.0,0.0,0.0,0.0,0.0,0.0,0.0,0.0,0.0,0.0,0.0,0.0,0.0,0.0,0.0,0.0,0.0,0.0,0.0,0.0,0.0,0.0,0.716,0.7418
32,0.001,3,10,100,32,16,256,184,440338,73,30,ContrastiveLoss,gru,/home/dpetrovitch/dzagcoffee/train_trace/gender/checkpoints_2025-10-07 19:53:20.141369_ContrastiveLoss_gru_catboost/model_32_0.001_3_10_100_256_32_16_256_ContrastiveLoss_gruepoch=22.ckpt,22,30,0.4774001,60.7066,1.6783,0.0003,4.9337,1.2406,10.9387,0.6545,1173.1173,57.5025,273.4588,13.4041,253.6139,12.4314,242.4239,11.8829,227.735,11.1628,215.1712,10.547,180.4406,8.8446,70.2736,3.7767,16.3811,0.8804,15.1923,0.8165,14.522,0.7805,13.6421,0.7332,12.8895,0.6927,10.809,0.5809,0.0,0.0,0.0,0.0,0.0,0.0,0.0,0.0,0.0,0.0,0.0,0.0,0.0,0.0,0.0,0.0,0.0,0.0,0.0,0.0,0.0,0.0,0.0,0.0,0.0,0.0,0.0,0.0,0.0,0.0,0.0,0.0,0.0,0.0,0.0,0.688,0.7436
32,0.001,3,10,100,32,16,256,184,440338,73,30,ContrastiveLoss,gru,/home/dpetrovitch/dzagcoffee/train_trace/gender/checkpoints_2025-10-07 19:53:20.141369_ContrastiveLoss_gru_catboost/model_32_0.001_3_10_100_256_32_16_256_ContrastiveLoss_gruepoch=23.ckpt,23,30,0.47697678,60.2959,1.6777,0.0003,4.9461,1.2379,10.6175,0.6565,1162.8071,56.8048,272.9518,13.3341,253.4683,12.3823,242.5782,11.8503,227.9785,11.1371,215.6155,10.5331,177.9139,8.6913,72.2349,3.8421,16.9561,0.9019,15.7457,0.8375,15.0692,0.8015,14.1623,0.7533,13.3943,0.7124,11.0522,0.5879,0.0,0.0,0.0,0.0,0.0,0.0,0.0,0.0,0.0,0.0,0.0,0.0,0.0,0.0,0.0,0.0,0.0,0.0,0.0,0.0,0.0,0.0,0.0,0.0,0.0,0.0,0.0,0.0,0.0,0.0,0.0,0.0,0.0,0.0,0.0,0.708,0.7391
32,0.001,3,10,100,32,16,256,184,440338,73,30,ContrastiveLoss,gru,/home/dpetrovitch/dzagcoffee/train_trace/gender/checkpoints_2025-10-07 19:53:20.141369_ContrastiveLoss_gru_catboost/model_32_0.001_3_10_100_256_32_16_256_ContrastiveLoss_gruepoch=24.ckpt,24,30,0.47756147,60.0439,1.6764,0.0003,4.9609,1.2332,11.4408,0.6609,1164.4332,56.8449,273.5484,13.354,254.0402,12.4017,243.0873,11.867,228.5316,11.1564,216.1888,10.5538,179.4545,8.7606,72.0296,3.8671,16.9212,0.9085,15.7144,0.8437,15.0369,0.8073,14.1365,0.759,13.373,0.718,11.1007,0.596,0.0,0.0,0.0,0.0,0.0,0.0,0.0,0.0,0.0,0.0,0.0,0.0,0.0,0.0,0.0,0.0,0.0,0.0,0.0,0.0,0.0,0.0,0.0,0.0,0.0,0.0,0.0,0.0,0.0,0.0,0.0,0.0,0.0,0.0,0.0,0.684,0.7456
32,0.001,3,10,100,32,16,256,184,440338,73,30,ContrastiveLoss,gru,/home/dpetrovitch/dzagcoffee/train_trace/gender/checkpoints_2025-10-07 19:53:20.141369_ContrastiveLoss_gru_catboost/model_32_0.001_3_10_100_256_32_16_256_ContrastiveLoss_gruepoch=25.ckpt,25,30,0.4761757,59.7345,1.6741,0.0003,4.9646,1.2291,11.29,0.6649,1155.6764,56.3791,273.6957,13.3521,253.9795,12.3903,243.0792,11.8585,228.254,11.1353,215.6995,10.5228,179.5415,8.7588,71.0157,3.8061,16.8184,0.9014,15.6069,0.8365,14.9371,0.8006,14.0261,0.7517,13.2546,0.7104,11.0327,0.5913,0.0,0.0,0.0,0.0,0.0,0.0,0.0,0.0,0.0,0.0,0.0,0.0,0.0,0.0,0.0,0.0,0.0,0.0,0.0,0.0,0.0,0.0,0.0,0.0,0.0,0.0,0.0,0.0,0.0,0.0,0.0,0.0,0.0,0.0,0.0,0.716,0.7522
32,0.001,3,10,100,32,16,256,184,440338,73,30,ContrastiveLoss,gru,/home/dpetrovitch/dzagcoffee/train_trace/gender/checkpoints_2025-10-07 19:53:20.141369_ContrastiveLoss_gru_catboost/model_32_0.001_3_10_100_256_32_16_256_ContrastiveLoss_gruepoch=26.ckpt,26,30,0.47773814,60.5548,1.6758,0.0003,4.941,1.2352,10.5802,0.6589,1166.6294,56.9502,273.888,13.3701,254.0791,12.4031,242.9669,11.8607,228.1103,11.1354,215.476,10.5187,178.7736,8.727,72.4903,3.8428,17.0185,0.9022,15.7876,0.8369,15.0971,0.8003,14.174,0.7514,13.3889,0.7098,11.1084,0.5889,0.0,0.0,0.0,0.0,0.0,0.0,0.0,0.0,0.0,0.0,0.0,0.0,0.0,0.0,0.0,0.0,0.0,0.0,0.0,0.0,0.0,0.0,0.0,0.0,0.0,0.0,0.0,0.0,0.0,0.0,0.0,0.0,0.0,0.0,0.0,0.684,0.7294
32,0.001,3,10,100,32,16,256,184,440338,73,30,ContrastiveLoss,gru,/home/dpetrovitch/dzagcoffee/train_trace/gender/checkpoints_2025-10-07 19:53:20.141369_ContrastiveLoss_gru_catboost/model_32_0.001_3_10_100_256_32_16_256_ContrastiveLoss_gruepoch=27.ckpt,27,30,0.4767361,60.2454,1.6754,0.0003,4.9581,1.2302,11.7042,0.6642,1164.5787,56.8448,274.5553,13.4015,254.9021,12.4422,243.9279,11.9065,229.1354,11.1844,216.6149,10.5733,180.2136,8.7965,72.2038,3.8299,17.0224,0.9029,15.8039,0.8383,15.1235,0.8022,14.2064,0.7535,13.4301,0.7124,11.1732,0.5927,0.0,0.0,0.0,0.0,0.0,0.0,0.0,0.0,0.0,0.0,0.0,0.0,0.0,0.0,0.0,0.0,0.0,0.0,0.0,0.0,0.0,0.0,0.0,0.0,0.0,0.0,0.0,0.0,0.0,0.0,0.0,0.0,0.0,0.0,0.0,0.696,0.7406
32,0.001,3,10,100,32,16,256,184,440338,73,30,ContrastiveLoss,gru,/home/dpetrovitch/dzagcoffee/train_trace/gender/checkpoints_2025-10-07 19:53:20.141369_ContrastiveLoss_gru_catboost/model_32_0.001_3_10_100_256_32_16_256_ContrastiveLoss_gruepoch=28.ckpt,28,30,0.47702548,59.9186,1.6779,0.0003,4.9599,1.2271,11.4703,0.6678,1158.5142,56.6176,274.0451,13.3928,254.4208,12.4338,243.3468,11.8926,228.5247,11.1682,215.7163,10.5423,178.6217,8.7294,70.2506,3.7922,16.6177,0.897,15.4277,0.8328,14.7562,0.7965,13.8574,0.748,13.0807,0.7061,10.8314,0.5847,0.0,0.0,0.0,0.0,0.0,0.0,0.0,0.0,0.0,0.0,0.0,0.0,0.0,0.0,0.0,0.0,0.0,0.0,0.0,0.0,0.0,0.0,0.0,0.0,0.0,0.0,0.0,0.0,0.0,0.0,0.0,0.0,0.0,0.0,0.0,0.7,0.7588
32,0.001,3,10,100,32,16,256,184,440338,73,30,ContrastiveLoss,gru,/home/dpetrovitch/dzagcoffee/train_trace/gender/checkpoints_2025-10-07 19:53:20.141369_ContrastiveLoss_gru_catboost/model_32_0.001_3_10_100_256_32_16_256_ContrastiveLoss_gruepoch=29.ckpt,29,30,0.47321814,59.585,1.6768,0.0003,4.9587,1.2251,11.3179,0.6696,1163.6154,56.8386,274.3508,13.4011,254.6967,12.4411,243.548,11.8965,228.3734,11.1553,215.3357,10.5184,179.6221,8.7739,71.4158,3.7528,16.838,0.8848,15.6318,0.8214,14.9475,0.7855,14.0162,0.7365,13.216,0.6945,11.0241,0.5793,0.0,0.0,0.0,0.0,0.0,0.0,0.0,0.0,0.0,0.0,0.0,0.0,0.0,0.0,0.0,0.0,0.0,0.0,0.0,0.0,0.0,0.0,0.0,0.0,0.0,0.0,0.0,0.0,0.0,0.0,0.0,0.0,0.0,0.0,0.0,0.696,0.7276
64,0.001,3,10,100,32,16,256,184,440338,73,30,ContrastiveLoss,gru,/home/dpetrovitch/dzagcoffee/train_trace/gender/checkpoints_2025-10-07 19:53:20.141369_ContrastiveLoss_gru_catboost/model_64_0.001_3_10_100_256_32_16_256_ContrastiveLoss_gruepoch=00.ckpt,0,30,0.38459727,43.1451,1.6787,0.0004,4.8632,1.5142,6.2549,0.4603,699.9554,34.9153,218.2002,10.8843,193.9115,9.6727,180.5964,9.0086,162.721,8.1169,147.216,7.3435,117.9396,5.8831,37.415,2.4716,11.6635,0.7705,10.3652,0.6847,9.6535,0.6377,8.698,0.5746,7.8692,0.5198,6.3043,0.4164,0.0,0.0,0.0,0.0,0.0,0.0,0.0,0.0,0.0,0.0,0.0,0.0,0.0,0.0,0.0,0.0,0.0,0.0,0.0,0.0,0.0,0.0,0.0,0.0,0.0,0.0,0.0,0.0,0.0,0.0,0.0,0.0,0.0,0.0,0.0,0.628,0.5988
64,0.001,3,10,100,32,16,256,184,440338,73,30,ContrastiveLoss,gru,/home/dpetrovitch/dzagcoffee/train_trace/gender/checkpoints_2025-10-07 19:53:20.141369_ContrastiveLoss_gru_catboost/model_64_0.001_3_10_100_256_32_16_256_ContrastiveLoss_gruepoch=01.ckpt,1,30,0.41443202,40.2686,1.6787,0.0004,4.705,1.3496,6.5212,0.5584,820.889,40.6906,230.6604,11.4336,208.0854,10.3146,195.6195,9.6967,178.7446,8.8602,164.1915,8.1388,138.5718,6.8689,52.3722,3.1061,14.716,0.8728,13.2757,0.7874,12.4804,0.7402,11.4038,0.6763,10.4753,0.6213,8.8408,0.5243,0.0,0.0,0.0,0.0,0.0,0.0,0.0,0.0,0.0,0.0,0.0,0.0,0.0,0.0,0.0,0.0,0.0,0.0,0.0,0.0,0.0,0.0,0.0,0.0,0.0,0.0,0.0,0.0,0.0,0.0,0.0,0.0,0.0,0.0,0.0,0.68,0.6539
64,0.001,3,10,100,32,16,256,184,440338,73,30,ContrastiveLoss,gru,/home/dpetrovitch/dzagcoffee/train_trace/gender/checkpoints_2025-10-07 19:53:20.141369_ContrastiveLoss_gru_catboost/model_64_0.001_3_10_100_256_32_16_256_ContrastiveLoss_gruepoch=02.ckpt,2,30,0.42325455,44.2487,1.6785,0.0004,4.6244,1.3215,8.6444,0.5821,876.8167,43.3147,244.4569,12.0762,221.9268,10.9632,209.0586,10.3275,191.7975,9.4748,176.3592,8.7121,149.4155,7.3811,53.5039,3.0939,14.9169,0.8626,13.5421,0.7831,12.7569,0.7377,11.7036,0.6768,10.7615,0.6223,9.1174,0.5272,0.0,0.0,0.0,0.0,0.0,0.0,0.0,0.0,0.0,0.0,0.0,0.0,0.0,0.0,0.0,0.0,0.0,0.0,0.0,0.0,0.0,0.0,0.0,0.0,0.0,0.0,0.0,0.0,0.0,0.0,0.0,0.0,0.0,0.0,0.0,0.68,0.6855
64,0.001,3,10,100,32,16,256,184,440338,73,30,ContrastiveLoss,gru,/home/dpetrovitch/dzagcoffee/train_trace/gender/checkpoints_2025-10-07 19:53:20.141369_ContrastiveLoss_gru_catboost/model_64_0.001_3_10_100_256_32_16_256_ContrastiveLoss_gruepoch=03.ckpt,3,30,0.43558705,46.4093,1.6774,0.0004,4.5881,1.2933,9.3882,0.6034,924.4326,45.3943,250.5557,12.3035,228.4699,11.219,215.8451,10.5991,198.7646,9.7603,184.4309,9.0565,158.8212,7.7989,56.0208,3.1634,15.1837,0.8574,13.8453,0.7818,13.0803,0.7386,12.0452,0.6802,11.1766,0.6311,9.6246,0.5435,0.0,0.0,0.0,0.0,0.0,0.0,0.0,0.0,0.0,0.0,0.0,0.0,0.0,0.0,0.0,0.0,0.0,0.0,0.0,0.0,0.0,0.0,0.0,0.0,0.0,0.0,0.0,0.0,0.0,0.0,0.0,0.0,0.0,0.0,0.0,0.672,0.6853
64,0.001,3,10,100,32,16,256,184,440338,73,30,ContrastiveLoss,gru,/home/dpetrovitch/dzagcoffee/train_trace/gender/checkpoints_2025-10-07 19:53:20.141369_ContrastiveLoss_gru_catboost/model_64_0.001_3_10_100_256_32_16_256_ContrastiveLoss_gruepoch=04.ckpt,4,30,0.4425296,48.6493,1.6765,0.0005,4.565,1.28,9.5711,0.6162,951.4287,46.7364,255.9531,12.573,234.2402,11.5064,222.1546,10.9128,205.4748,10.0934,191.8721,9.4252,163.4673,8.0299,57.0534,3.1225,15.3485,0.84,14.0465,0.7688,13.3217,0.7291,12.3215,0.6743,11.5058,0.6297,9.8025,0.5365,0.0,0.0,0.0,0.0,0.0,0.0,0.0,0.0,0.0,0.0,0.0,0.0,0.0,0.0,0.0,0.0,0.0,0.0,0.0,0.0,0.0,0.0,0.0,0.0,0.0,0.0,0.0,0.0,0.0,0.0,0.0,0.0,0.0,0.0,0.0,0.68,0.6862
64,0.001,3,10,100,32,16,256,184,440338,73,30,ContrastiveLoss,gru,/home/dpetrovitch/dzagcoffee/train_trace/gender/checkpoints_2025-10-07 19:53:20.141369_ContrastiveLoss_gru_catboost/model_64_0.001_3_10_100_256_32_16_256_ContrastiveLoss_gruepoch=05.ckpt,5,30,0.4465759,50.3436,1.6778,0.0005,4.5654,1.2736,9.4575,0.6232,1007.645,49.4971,260.0717,12.7751,238.8128,11.7308,226.7591,11.1388,210.5728,10.3437,197.6605,9.7094,169.4585,8.3241,61.5362,3.4105,15.8824,0.8802,14.5841,0.8083,13.848,0.7675,12.8595,0.7127,12.071,0.669,10.3487,0.5735,0.0,0.0,0.0,0.0,0.0,0.0,0.0,0.0,0.0,0.0,0.0,0.0,0.0,0.0,0.0,0.0,0.0,0.0,0.0,0.0,0.0,0.0,0.0,0.0,0.0,0.0,0.0,0.0,0.0,0.0,0.0,0.0,0.0,0.0,0.0,0.696,0.7252
64,0.001,3,10,100,32,16,256,184,440338,73,30,ContrastiveLoss,gru,/home/dpetrovitch/dzagcoffee/train_trace/gender/checkpoints_2025-10-07 19:53:20.141369_ContrastiveLoss_gru_catboost/model_64_0.001_3_10_100_256_32_16_256_ContrastiveLoss_gruepoch=06.ckpt,6,30,0.45036295,53.4508,1.6772,0.0005,4.5739,1.2872,9.7428,0.6097,1049.6272,51.4881,262.541,12.8786,241.9047,11.8663,230.188,11.2916,214.7432,10.5339,201.838,9.9009,175.2212,8.5952,64.6249,3.4376,16.1645,0.8598,14.8939,0.7922,14.1725,0.7539,13.2216,0.7033,12.427,0.661,10.7883,0.5739,0.0,0.0,0.0,0.0,0.0,0.0,0.0,0.0,0.0,0.0,0.0,0.0,0.0,0.0,0.0,0.0,0.0,0.0,0.0,0.0,0.0,0.0,0.0,0.0,0.0,0.0,0.0,0.0,0.0,0.0,0.0,0.0,0.0,0.0,0.0,0.664,0.6944
64,0.001,3,10,100,32,16,256,184,440338,73,30,ContrastiveLoss,gru,/home/dpetrovitch/dzagcoffee/train_trace/gender/checkpoints_2025-10-07 19:53:20.141369_ContrastiveLoss_gru_catboost/model_64_0.001_3_10_100_256_32_16_256_ContrastiveLoss_gruepoch=07.ckpt,7,30,0.45357493,52.8279,1.6771,0.0004,4.5885,1.2503,10.1386,0.6426,1060.6785,51.9593,264.06,12.9355,243.5843,11.9324,231.9987,11.3649,216.5212,10.6067,203.8815,9.9875,177.2323,8.6821,67.4583,3.6797,16.794,0.9161,15.4918,0.845,14.7549,0.8049,13.7706,0.7512,12.9667,0.7073,11.2718,0.6149,0.0,0.0,0.0,0.0,0.0,0.0,0.0,0.0,0.0,0.0,0.0,0.0,0.0,0.0,0.0,0.0,0.0,0.0,0.0,0.0,0.0,0.0,0.0,0.0,0.0,0.0,0.0,0.0,0.0,0.0,0.0,0.0,0.0,0.0,0.0,0.708,0.7108
64,0.001,3,10,100,32,16,256,184,440338,73,30,ContrastiveLoss,gru,/home/dpetrovitch/dzagcoffee/train_trace/gender/checkpoints_2025-10-07 19:53:20.141369_ContrastiveLoss_gru_catboost/model_64_0.001_3_10_100_256_32_16_256_ContrastiveLoss_gruepoch=08.ckpt,8,30,0.45658135,55.6752,1.6769,0.0004,4.5856,1.2755,10.434,0.6189,1100.5396,53.8414,267.6587,13.0946,247.5128,12.109,236.0468,11.548,221.1182,10.8177,209.4019,10.2445,185.1849,9.0597,68.5914,3.6523,16.6819,0.8883,15.4263,0.8214,14.7117,0.7834,13.7812,0.7338,13.051,0.6949,11.5417,0.6146,0.0,0.0,0.0,0.0,0.0,0.0,0.0,0.0,0.0,0.0,0.0,0.0,0.0,0.0,0.0,0.0,0.0,0.0,0.0,0.0,0.0,0.0,0.0,0.0,0.0,0.0,0.0,0.0,0.0,0.0,0.0,0.0,0.0,0.0,0.0,0.712,0.7141
64,0.001,3,10,100,32,16,256,184,440338,73,30,ContrastiveLoss,gru,/home/dpetrovitch/dzagcoffee/train_trace/gender/checkpoints_2025-10-07 19:53:20.141369_ContrastiveLoss_gru_catboost/model_64_0.001_3_10_100_256_32_16_256_ContrastiveLoss_gruepoch=09.ckpt,9,30,0.45716533,57.5561,1.6763,0.0004,4.5797,1.2857,9.4074,0.611,1120.3718,54.7755,268.8512,13.1443,248.7039,12.1592,237.1495,11.5943,222.0376,10.8555,209.3954,10.2374,180.7577,8.8373,71.3993,3.7616,17.1334,0.9027,15.8495,0.835,15.1131,0.7962,14.1501,0.7455,13.3444,0.703,11.5194,0.6069,0.0,0.0,0.0,0.0,0.0,0.0,0.0,0.0,0.0,0.0,0.0,0.0,0.0,0.0,0.0,0.0,0.0,0.0,0.0,0.0,0.0,0.0,0.0,0.0,0.0,0.0,0.0,0.0,0.0,0.0,0.0,0.0,0.0,0.0,0.0,0.704,0.7155
64,0.001,3,10,100,32,16,256,184,440338,73,30,ContrastiveLoss,gru,/home/dpetrovitch/dzagcoffee/train_trace/gender/checkpoints_2025-10-07 19:53:20.141369_ContrastiveLoss_gru_catboost/model_64_0.001_3_10_100_256_32_16_256_ContrastiveLoss_gruepoch=10.ckpt,10,30,0.45889652,57.6894,1.6765,0.0005,4.5714,1.284,10.7006,0.6115,1141.4061,55.7899,271.3626,13.2637,251.5315,12.2944,240.3542,11.7481,225.6263,11.0282,213.5936,10.4401,186.4458,9.1131,71.139,3.7176,16.9129,0.8838,15.6769,0.8192,14.9802,0.7828,14.0623,0.7349,13.3124,0.6957,11.6204,0.6073,0.0,0.0,0.0,0.0,0.0,0.0,0.0,0.0,0.0,0.0,0.0,0.0,0.0,0.0,0.0,0.0,0.0,0.0,0.0,0.0,0.0,0.0,0.0,0.0,0.0,0.0,0.0,0.0,0.0,0.0,0.0,0.0,0.0,0.0,0.0,0.704,0.7282
64,0.001,3,10,100,32,16,256,184,440338,73,30,ContrastiveLoss,gru,/home/dpetrovitch/dzagcoffee/train_trace/gender/checkpoints_2025-10-07 19:53:20.141369_ContrastiveLoss_gru_catboost/model_64_0.001_3_10_100_256_32_16_256_ContrastiveLoss_gruepoch=11.ckpt,11,30,0.46041608,57.0643,1.6709,0.0005,4.575,1.2749,10.9299,0.6189,1140.7999,55.6544,270.8322,13.2127,251.1153,12.2508,240.1795,11.7173,225.5678,11.0044,213.4832,10.4149,187.3861,9.1417,70.8765,3.7186,16.8265,0.8828,15.6015,0.8185,14.9221,0.7829,14.0143,0.7353,13.2635,0.6959,11.6421,0.6108,0.0,0.0,0.0,0.0,0.0,0.0,0.0,0.0,0.0,0.0,0.0,0.0,0.0,0.0,0.0,0.0,0.0,0.0,0.0,0.0,0.0,0.0,0.0,0.0,0.0,0.0,0.0,0.0,0.0,0.0,0.0,0.0,0.0,0.0,0.0,0.72,0.739
64,0.001,3,10,100,32,16,256,184,440338,73,30,ContrastiveLoss,gru,/home/dpetrovitch/dzagcoffee/train_trace/gender/checkpoints_2025-10-07 19:53:20.141369_ContrastiveLoss_gru_catboost/model_64_0.001_3_10_100_256_32_16_256_ContrastiveLoss_gruepoch=12.ckpt,12,30,0.46028796,57.817,1.6771,0.0005,4.5983,1.2643,10.882,0.6308,1140.3679,55.8198,272.3856,13.333,252.9887,12.3835,241.7954,11.8356,227.1241,11.1175,214.7584,10.5122,187.4578,9.1759,70.5465,3.7188,16.8506,0.8883,15.6506,0.825,14.9582,0.7885,14.0506,0.7407,13.2856,0.7003,11.5967,0.6113,0.0,0.0,0.0,0.0,0.0,0.0,0.0,0.0,0.0,0.0,0.0,0.0,0.0,0.0,0.0,0.0,0.0,0.0,0.0,0.0,0.0,0.0,0.0,0.0,0.0,0.0,0.0,0.0,0.0,0.0,0.0,0.0,0.0,0.0,0.0,0.668,0.7034
64,0.001,3,10,100,32,16,256,184,440338,73,30,ContrastiveLoss,gru,/home/dpetrovitch/dzagcoffee/train_trace/gender/checkpoints_2025-10-07 19:53:20.141369_ContrastiveLoss_gru_catboost/model_64_0.001_3_10_100_256_32_16_256_ContrastiveLoss_gruepoch=13.ckpt,13,30,0.46122953,57.6671,1.6731,0.0004,4.5971,1.2672,10.9296,0.6262,1158.5245,56.5356,271.5138,13.2498,252.0899,12.3019,241.1859,11.7698,226.698,11.0628,214.43,10.4641,186.85,9.1182,71.2427,3.7941,16.6966,0.8892,15.5021,0.8256,14.8316,0.7899,13.9406,0.7424,13.1862,0.7022,11.4902,0.6119,0.0,0.0,0.0,0.0,0.0,0.0,0.0,0.0,0.0,0.0,0.0,0.0,0.0,0.0,0.0,0.0,0.0,0.0,0.0,0.0,0.0,0.0,0.0,0.0,0.0,0.0,0.0,0.0,0.0,0.0,0.0,0.0,0.0,0.0,0.0,0.712,0.7375
64,0.001,3,10,100,32,16,256,184,440338,73,30,ContrastiveLoss,gru,/home/dpetrovitch/dzagcoffee/train_trace/gender/checkpoints_2025-10-07 19:53:20.141369_ContrastiveLoss_gru_catboost/model_64_0.001_3_10_100_256_32_16_256_ContrastiveLoss_gruepoch=14.ckpt,14,30,0.45448962,58.7045,1.6766,0.0005,4.5854,1.2708,11.1753,0.623,1179.0428,57.6581,272.5829,13.33,253.088,12.3766,242.1888,11.8436,227.7851,11.1392,215.856,10.5559,187.9834,9.1928,75.2557,3.922,17.3984,0.9067,16.154,0.8419,15.4584,0.8056,14.539,0.7577,13.7776,0.718,11.9986,0.6253,0.0,0.0,0.0,0.0,0.0,0.0,0.0,0.0,0.0,0.0,0.0,0.0,0.0,0.0,0.0,0.0,0.0,0.0,0.0,0.0,0.0,0.0,0.0,0.0,0.0,0.0,0.0,0.0,0.0,0.0,0.0,0.0,0.0,0.0,0.0,0.68,0.7018
64,0.001,3,10,100,32,16,256,184,440338,73,30,ContrastiveLoss,gru,/home/dpetrovitch/dzagcoffee/train_trace/gender/checkpoints_2025-10-07 19:53:20.141369_ContrastiveLoss_gru_catboost/model_64_0.001_3_10_100_256_32_16_256_ContrastiveLoss_gruepoch=15.ckpt,15,30,0.46260312,59.7971,1.6773,0.0005,4.6164,1.2765,10.5987,0.6183,1200.5369,58.7529,273.6632,13.3928,254.4122,12.4506,243.7352,11.9281,229.4819,11.2306,217.7316,10.6555,191.7323,9.3832,78.1331,4.057,17.8105,0.9248,16.5576,0.8598,15.8627,0.8237,14.9351,0.7755,14.1704,0.7358,12.4783,0.6479,0.0,0.0,0.0,0.0,0.0,0.0,0.0,0.0,0.0,0.0,0.0,0.0,0.0,0.0,0.0,0.0,0.0,0.0,0.0,0.0,0.0,0.0,0.0,0.0,0.0,0.0,0.0,0.0,0.0,0.0,0.0,0.0,0.0,0.0,0.0,0.668,0.7226
64,0.001,3,10,100,32,16,256,184,440338,73,30,ContrastiveLoss,gru,/home/dpetrovitch/dzagcoffee/train_trace/gender/checkpoints_2025-10-07 19:53:20.141369_ContrastiveLoss_gru_catboost/model_64_0.001_3_10_100_256_32_16_256_ContrastiveLoss_gruepoch=16.ckpt,16,30,0.46164966,59.7928,1.6759,0.0004,4.5932,1.2685,11.3434,0.6247,1194.529,58.333,273.8798,13.3745,254.6278,12.4344,243.6871,11.9001,229.43,11.2039,217.7267,10.6323,190.1971,9.288,75.0207,3.9511,17.2006,0.9059,15.9915,0.8422,15.3044,0.806,14.409,0.7589,13.674,0.7202,11.9451,0.6291,0.0,0.0,0.0,0.0,0.0,0.0,0.0,0.0,0.0,0.0,0.0,0.0,0.0,0.0,0.0,0.0,0.0,0.0,0.0,0.0,0.0,0.0,0.0,0.0,0.0,0.0,0.0,0.0,0.0,0.0,0.0,0.0,0.0,0.0,0.0,0.708,0.7168
64,0.001,3,10,100,32,16,256,184,440338,73,30,ContrastiveLoss,gru,/home/dpetrovitch/dzagcoffee/train_trace/gender/checkpoints_2025-10-07 19:53:20.141369_ContrastiveLoss_gru_catboost/model_64_0.001_3_10_100_256_32_16_256_ContrastiveLoss_gruepoch=17.ckpt,17,30,0.4643432,58.8678,1.6712,0.0004,4.6067,1.2506,10.4331,0.6415,1172.8508,57.1843,273.0557,13.3133,253.8466,12.3767,242.9568,11.8458,228.4708,11.1395,216.5204,10.5568,188.5586,9.1935,73.74,3.8603,17.1677,0.8987,15.96,0.8355,15.2753,0.7997,14.3645,0.752,13.6132,0.7127,11.8551,0.6206,0.0,0.0,0.0,0.0,0.0,0.0,0.0,0.0,0.0,0.0,0.0,0.0,0.0,0.0,0.0,0.0,0.0,0.0,0.0,0.0,0.0,0.0,0.0,0.0,0.0,0.0,0.0,0.0,0.0,0.0,0.0,0.0,0.0,0.0,0.0,0.692,0.6947
64,0.001,3,10,100,32,16,256,184,440338,73,30,ContrastiveLoss,gru,/home/dpetrovitch/dzagcoffee/train_trace/gender/checkpoints_2025-10-07 19:53:20.141369_ContrastiveLoss_gru_catboost/model_64_0.001_3_10_100_256_32_16_256_ContrastiveLoss_gruepoch=18.ckpt,18,30,0.4615007,59.878,1.6746,0.0004,4.6154,1.253,11.527,0.6395,1196.8876,58.4014,275.0513,13.421,255.5024,12.4671,244.2664,11.9188,229.5901,11.2027,217.6411,10.6197,190.8557,9.3127,75.9986,3.9461,17.4649,0.9068,16.2236,0.8424,15.5101,0.8053,14.5782,0.7569,13.8195,0.7176,12.1187,0.6292,0.0,0.0,0.0,0.0,0.0,0.0,0.0,0.0,0.0,0.0,0.0,0.0,0.0,0.0,0.0,0.0,0.0,0.0,0.0,0.0,0.0,0.0,0.0,0.0,0.0,0.0,0.0,0.0,0.0,0.0,0.0,0.0,0.0,0.0,0.0,0.708,0.7243
64,0.001,3,10,100,32,16,256,184,440338,73,30,ContrastiveLoss,gru,/home/dpetrovitch/dzagcoffee/train_trace/gender/checkpoints_2025-10-07 19:53:20.141369_ContrastiveLoss_gru_catboost/model_64_0.001_3_10_100_256_32_16_256_ContrastiveLoss_gruepoch=19.ckpt,19,30,0.46050847,60.9804,1.6768,0.0005,4.6045,1.264,11.1138,0.6298,1208.7609,59.0375,274.3837,13.4013,255.2854,12.4685,244.5179,11.9426,230.2768,11.247,218.3919,10.6666,190.8583,9.3218,78.4204,4.0588,17.8011,0.9213,16.5621,0.8572,15.8635,0.8211,14.9396,0.7732,14.1686,0.7333,12.3823,0.6409,0.0,0.0,0.0,0.0,0.0,0.0,0.0,0.0,0.0,0.0,0.0,0.0,0.0,0.0,0.0,0.0,0.0,0.0,0.0,0.0,0.0,0.0,0.0,0.0,0.0,0.0,0.0,0.0,0.0,0.0,0.0,0.0,0.0,0.0,0.0,0.716,0.7434
64,0.001,3,10,100,32,16,256,184,440338,73,30,ContrastiveLoss,gru,/home/dpetrovitch/dzagcoffee/train_trace/gender/checkpoints_2025-10-07 19:53:20.141369_ContrastiveLoss_gru_catboost/model_64_0.001_3_10_100_256_32_16_256_ContrastiveLoss_gruepoch=20.ckpt,20,30,0.4653562,59.2911,1.6753,0.0004,4.6316,1.2397,11.8061,0.6535,1194.0281,58.2907,275.3949,13.4444,256.318,12.5131,245.3468,11.9775,230.9218,11.2733,218.7951,10.6813,190.4704,9.2985,75.3298,3.9462,17.3743,0.9102,16.1708,0.8471,15.4786,0.8109,14.5686,0.7632,13.8035,0.7231,12.0166,0.6295,0.0,0.0,0.0,0.0,0.0,0.0,0.0,0.0,0.0,0.0,0.0,0.0,0.0,0.0,0.0,0.0,0.0,0.0,0.0,0.0,0.0,0.0,0.0,0.0,0.0,0.0,0.0,0.0,0.0,0.0,0.0,0.0,0.0,0.0,0.0,0.684,0.7238
64,0.001,3,10,100,32,16,256,184,440338,73,30,ContrastiveLoss,gru,/home/dpetrovitch/dzagcoffee/train_trace/gender/checkpoints_2025-10-07 19:53:20.141369_ContrastiveLoss_gru_catboost/model_64_0.001_3_10_100_256_32_16_256_ContrastiveLoss_gruepoch=21.ckpt,21,30,0.4621085,60.6366,1.6747,0.0004,4.6257,1.2582,11.2691,0.6347,1217.972,59.4417,276.0608,13.4728,256.8568,12.5356,245.888,12.0003,231.4038,11.2934,219.4848,10.7117,191.4732,9.3446,76.3626,3.9986,17.308,0.9063,16.104,0.8433,15.4163,0.8073,14.5082,0.7597,13.7609,0.7206,12.0047,0.6286,0.0,0.0,0.0,0.0,0.0,0.0,0.0,0.0,0.0,0.0,0.0,0.0,0.0,0.0,0.0,0.0,0.0,0.0,0.0,0.0,0.0,0.0,0.0,0.0,0.0,0.0,0.0,0.0,0.0,0.0,0.0,0.0,0.0,0.0,0.0,0.684,0.7203
64,0.001,3,10,100,32,16,256,184,440338,73,30,ContrastiveLoss,gru,/home/dpetrovitch/dzagcoffee/train_trace/gender/checkpoints_2025-10-07 19:53:20.141369_ContrastiveLoss_gru_catboost/model_64_0.001_3_10_100_256_32_16_256_ContrastiveLoss_gruepoch=22.ckpt,22,30,0.46610412,60.404,1.6747,0.0004,4.6457,1.2508,11.3508,0.6419,1216.0441,59.3154,276.0083,13.463,256.9924,12.5354,246.1129,12.0047,231.6536,11.2995,219.5685,10.71,190.3893,9.2867,76.7523,4.0189,17.4207,0.9122,16.2204,0.8493,15.5338,0.8134,14.6211,0.7656,13.8584,0.7257,12.0167,0.6292,0.0,0.0,0.0,0.0,0.0,0.0,0.0,0.0,0.0,0.0,0.0,0.0,0.0,0.0,0.0,0.0,0.0,0.0,0.0,0.0,0.0,0.0,0.0,0.0,0.0,0.0,0.0,0.0,0.0,0.0,0.0,0.0,0.0,0.0,0.0,0.688,0.7243
64,0.001,3,10,100,32,16,256,184,440338,73,30,ContrastiveLoss,gru,/home/dpetrovitch/dzagcoffee/train_trace/gender/checkpoints_2025-10-07 19:53:20.141369_ContrastiveLoss_gru_catboost/model_64_0.001_3_10_100_256_32_16_256_ContrastiveLoss_gruepoch=23.ckpt,23,30,0.46634844,61.7366,1.675,0.0005,4.6193,1.2666,11.7191,0.6267,1240.0374,60.5474,276.5096,13.5012,257.6391,12.5798,246.9658,12.0586,232.7915,11.3665,221.1642,10.7988,193.7711,9.4613,80.227,4.1293,17.8894,0.9208,16.6685,0.8579,15.978,0.8224,15.061,0.7752,14.3087,0.7365,12.5365,0.6453,0.0,0.0,0.0,0.0,0.0,0.0,0.0,0.0,0.0,0.0,0.0,0.0,0.0,0.0,0.0,0.0,0.0,0.0,0.0,0.0,0.0,0.0,0.0,0.0,0.0,0.0,0.0,0.0,0.0,0.0,0.0,0.0,0.0,0.0,0.0,0.688,0.693
64,0.001,3,10,100,32,16,256,184,440338,73,30,ContrastiveLoss,gru,/home/dpetrovitch/dzagcoffee/train_trace/gender/checkpoints_2025-10-07 19:53:20.141369_ContrastiveLoss_gru_catboost/model_64_0.001_3_10_100_256_32_16_256_ContrastiveLoss_gruepoch=24.ckpt,24,30,0.46232894,60.7501,1.6746,0.0004,4.6409,1.2518,11.6259,0.6403,1232.657,60.1574,276.1497,13.4769,257.3872,12.5613,246.6735,12.0384,232.4784,11.3456,221.0333,10.7871,195.1171,9.5223,79.2393,4.0966,17.7518,0.9178,16.5457,0.8554,15.857,0.8198,14.9445,0.7726,14.2088,0.7346,12.5428,0.6485,0.0,0.0,0.0,0.0,0.0,0.0,0.0,0.0,0.0,0.0,0.0,0.0,0.0,0.0,0.0,0.0,0.0,0.0,0.0,0.0,0.0,0.0,0.0,0.0,0.0,0.0,0.0,0.0,0.0,0.0,0.0,0.0,0.0,0.0,0.0,0.676,0.6981
64,0.001,3,10,100,32,16,256,184,440338,73,30,ContrastiveLoss,gru,/home/dpetrovitch/dzagcoffee/train_trace/gender/checkpoints_2025-10-07 19:53:20.141369_ContrastiveLoss_gru_catboost/model_64_0.001_3_10_100_256_32_16_256_ContrastiveLoss_gruepoch=25.ckpt,25,30,0.4629636,59.4113,1.6727,0.0004,4.6767,1.2323,11.9105,0.6602,1207.0607,58.8156,276.3742,13.4667,257.5293,12.5485,246.7505,12.0232,232.1251,11.3106,220.2132,10.7302,193.8573,9.4459,79.5621,4.129,18.2169,0.9454,16.9748,0.8809,16.2643,0.8441,15.3003,0.794,14.5151,0.7533,12.7779,0.6631,0.0,0.0,0.0,0.0,0.0,0.0,0.0,0.0,0.0,0.0,0.0,0.0,0.0,0.0,0.0,0.0,0.0,0.0,0.0,0.0,0.0,0.0,0.0,0.0,0.0,0.0,0.0,0.0,0.0,0.0,0.0,0.0,0.0,0.0,0.0,0.688,0.7045
64,0.001,3,10,100,32,16,256,184,440338,73,30,ContrastiveLoss,gru,/home/dpetrovitch/dzagcoffee/train_trace/gender/checkpoints_2025-10-07 19:53:20.141369_ContrastiveLoss_gru_catboost/model_64_0.001_3_10_100_256_32_16_256_ContrastiveLoss_gruepoch=26.ckpt,26,30,0.46614882,62.1624,1.6761,0.0004,4.6462,1.2695,11.1544,0.6243,1247.9353,60.9422,277.0863,13.5313,258.2318,12.6106,247.5824,12.0905,233.5122,11.4034,222.0597,10.8442,195.0656,9.5259,81.7373,4.1846,18.1486,0.9291,16.9137,0.8659,16.2162,0.8302,15.2946,0.783,14.5445,0.7446,12.7764,0.6541,0.0,0.0,0.0,0.0,0.0,0.0,0.0,0.0,0.0,0.0,0.0,0.0,0.0,0.0,0.0,0.0,0.0,0.0,0.0,0.0,0.0,0.0,0.0,0.0,0.0,0.0,0.0,0.0,0.0,0.0,0.0,0.0,0.0,0.0,0.0,0.696,0.7329
64,0.001,3,10,100,32,16,256,184,440338,73,30,ContrastiveLoss,gru,/home/dpetrovitch/dzagcoffee/train_trace/gender/checkpoints_2025-10-07 19:53:20.141369_ContrastiveLoss_gru_catboost/model_64_0.001_3_10_100_256_32_16_256_ContrastiveLoss_gruepoch=27.ckpt,27,30,0.46487355,59.9853,1.6756,0.0004,4.6814,1.2319,11.9895,0.6612,1222.1201,59.6579,277.8256,13.5621,258.8416,12.6354,248.0821,12.1102,233.6683,11.4065,221.6793,10.8213,194.0707,9.4736,79.3236,4.0716,18.0327,0.9256,16.8005,0.8624,16.1022,0.8265,15.1666,0.7785,14.3884,0.7386,12.5965,0.6466,0.0,0.0,0.0,0.0,0.0,0.0,0.0,0.0,0.0,0.0,0.0,0.0,0.0,0.0,0.0,0.0,0.0,0.0,0.0,0.0,0.0,0.0,0.0,0.0,0.0,0.0,0.0,0.0,0.0,0.0,0.0,0.0,0.0,0.0,0.0,0.688,0.7122
64,0.001,3,10,100,32,16,256,184,440338,73,30,ContrastiveLoss,gru,/home/dpetrovitch/dzagcoffee/train_trace/gender/checkpoints_2025-10-07 19:53:20.141369_ContrastiveLoss_gru_catboost/model_64_0.001_3_10_100_256_32_16_256_ContrastiveLoss_gruepoch=28.ckpt,28,30,0.46502247,61.2789,1.6757,0.0004,4.6613,1.2512,12.0525,0.6413,1244.6357,60.7444,277.181,13.5278,258.2036,12.6016,247.4747,12.078,233.1976,11.3812,221.5626,10.8134,196.7842,9.604,81.8201,4.1803,18.2214,0.931,16.9738,0.8672,16.2685,0.8312,15.33,0.7832,14.5651,0.7442,12.9362,0.6609,0.0,0.0,0.0,0.0,0.0,0.0,0.0,0.0,0.0,0.0,0.0,0.0,0.0,0.0,0.0,0.0,0.0,0.0,0.0,0.0,0.0,0.0,0.0,0.0,0.0,0.0,0.0,0.0,0.0,0.0,0.0,0.0,0.0,0.0,0.0,0.676,0.7066
64,0.001,3,10,100,32,16,256,184,440338,73,30,ContrastiveLoss,gru,/home/dpetrovitch/dzagcoffee/train_trace/gender/checkpoints_2025-10-07 19:53:20.141369_ContrastiveLoss_gru_catboost/model_64_0.001_3_10_100_256_32_16_256_ContrastiveLoss_gruepoch=29.ckpt,29,30,0.46736452,60.3775,1.6695,0.0004,4.6721,1.2397,11.9874,0.6518,1227.3021,59.7714,276.4458,13.4633,257.5339,12.5423,246.7618,12.0177,232.4263,11.3195,220.7651,10.7516,196.1928,9.5549,80.337,4.1151,18.0957,0.9269,16.8577,0.8635,16.1526,0.8274,15.2142,0.7793,14.4509,0.7402,12.8424,0.6578,0.0,0.0,0.0,0.0,0.0,0.0,0.0,0.0,0.0,0.0,0.0,0.0,0.0,0.0,0.0,0.0,0.0,0.0,0.0,0.0,0.0,0.0,0.0,0.0,0.0,0.0,0.0,0.0,0.0,0.0,0.0,0.0,0.0,0.0,0.0,0.696,0.7235
128,0.001,3,10,100,32,16,256,184,440338,73,30,ContrastiveLoss,gru,/home/dpetrovitch/dzagcoffee/train_trace/gender/checkpoints_2025-10-07 19:53:20.141369_ContrastiveLoss_gru_catboost/model_128_0.001_3_10_100_256_32_16_256_ContrastiveLoss_gruepoch=00.ckpt,0,30,0.33565763,47.892,1.6791,0.0004,5.1327,1.4316,6.5308,0.5085,602.2334,30.1537,235.5299,11.7929,207.9396,10.4115,192.6429,9.6456,172.9342,8.6588,157.3821,7.8801,110.3803,5.5267,27.3802,1.7334,10.7082,0.6779,9.4539,0.5985,8.7584,0.5545,7.8624,0.4978,7.1553,0.453,5.0184,0.3177,0.0,0.0,0.0,0.0,0.0,0.0,0.0,0.0,0.0,0.0,0.0,0.0,0.0,0.0,0.0,0.0,0.0,0.0,0.0,0.0,0.0,0.0,0.0,0.0,0.0,0.0,0.0,0.0,0.0,0.0,0.0,0.0,0.0,0.0,0.0,0.576,0.5306
128,0.001,3,10,100,32,16,256,184,440338,73,30,ContrastiveLoss,gru,/home/dpetrovitch/dzagcoffee/train_trace/gender/checkpoints_2025-10-07 19:53:20.141369_ContrastiveLoss_gru_catboost/model_128_0.001_3_10_100_256_32_16_256_ContrastiveLoss_gruepoch=01.ckpt,1,30,0.37996563,43.6509,1.679,0.0004,4.8818,1.4285,7.4182,0.5052,775.0672,38.4432,238.1488,11.8122,212.6979,10.5498,198.3094,9.8361,179.6327,8.9098,165.2763,8.1977,137.21,6.8056,44.3767,2.6198,13.6353,0.805,12.1781,0.7189,11.3543,0.6703,10.2849,0.6072,9.4629,0.5586,7.856,0.4638,0.0,0.0,0.0,0.0,0.0,0.0,0.0,0.0,0.0,0.0,0.0,0.0,0.0,0.0,0.0,0.0,0.0,0.0,0.0,0.0,0.0,0.0,0.0,0.0,0.0,0.0,0.0,0.0,0.0,0.0,0.0,0.0,0.0,0.0,0.0,0.596,0.5709
128,0.001,3,10,100,32,16,256,184,440338,73,30,ContrastiveLoss,gru,/home/dpetrovitch/dzagcoffee/train_trace/gender/checkpoints_2025-10-07 19:53:20.141369_ContrastiveLoss_gru_catboost/model_128_0.001_3_10_100_256_32_16_256_ContrastiveLoss_gruepoch=02.ckpt,2,30,0.39181855,41.7269,1.6789,0.0004,4.7023,1.3506,7.3256,0.5582,842.0629,41.6732,239.9375,11.8744,215.6614,10.673,202.1118,10.0024,184.4326,9.1275,170.4998,8.4379,145.5242,7.2019,48.6798,2.8825,13.8708,0.8213,12.4674,0.7382,11.6841,0.6919,10.6621,0.6313,9.8566,0.5836,8.4128,0.4981,0.0,0.0,0.0,0.0,0.0,0.0,0.0,0.0,0.0,0.0,0.0,0.0,0.0,0.0,0.0,0.0,0.0,0.0,0.0,0.0,0.0,0.0,0.0,0.0,0.0,0.0,0.0,0.0,0.0,0.0,0.0,0.0,0.0,0.0,0.0,0.592,0.569
128,0.001,3,10,100,32,16,256,184,440338,73,30,ContrastiveLoss,gru,/home/dpetrovitch/dzagcoffee/train_trace/gender/checkpoints_2025-10-07 19:53:20.141369_ContrastiveLoss_gru_catboost/model_128_0.001_3_10_100_256_32_16_256_ContrastiveLoss_gruepoch=03.ckpt,3,30,0.40009364,42.6303,1.6786,0.0004,4.6286,1.31,8.8976,0.5883,920.7862,45.4421,248.3082,12.2544,225.1673,11.1123,212.4385,10.4841,195.818,9.6639,182.4598,9.0046,157.8334,7.7893,57.6161,3.2451,15.5373,0.8751,14.0893,0.7936,13.2929,0.7487,12.2529,0.6901,11.417,0.643,9.8761,0.5563,0.0,0.0,0.0,0.0,0.0,0.0,0.0,0.0,0.0,0.0,0.0,0.0,0.0,0.0,0.0,0.0,0.0,0.0,0.0,0.0,0.0,0.0,0.0,0.0,0.0,0.0,0.0,0.0,0.0,0.0,0.0,0.0,0.0,0.0,0.0,0.66,0.6471
128,0.001,3,10,100,32,16,256,184,440338,73,30,ContrastiveLoss,gru,/home/dpetrovitch/dzagcoffee/train_trace/gender/checkpoints_2025-10-07 19:53:20.141369_ContrastiveLoss_gru_catboost/model_128_0.001_3_10_100_256_32_16_256_ContrastiveLoss_gruepoch=04.ckpt,4,30,0.41265765,47.6649,1.6755,0.0005,4.5842,1.3893,9.7082,0.5248,986.5458,48.3812,255.5372,12.5318,233.0076,11.4269,220.6831,10.8225,204.6712,10.0373,191.601,9.3963,169.3618,8.3057,57.9573,3.3523,15.0122,0.8683,13.6887,0.7918,12.9646,0.7499,12.024,0.6955,11.2561,0.6511,9.9496,0.5755,0.0,0.0,0.0,0.0,0.0,0.0,0.0,0.0,0.0,0.0,0.0,0.0,0.0,0.0,0.0,0.0,0.0,0.0,0.0,0.0,0.0,0.0,0.0,0.0,0.0,0.0,0.0,0.0,0.0,0.0,0.0,0.0,0.0,0.0,0.0,0.6,0.6119
128,0.001,3,10,100,32,16,256,184,440338,73,30,ContrastiveLoss,gru,/home/dpetrovitch/dzagcoffee/train_trace/gender/checkpoints_2025-10-07 19:53:20.141369_ContrastiveLoss_gru_catboost/model_128_0.001_3_10_100_256_32_16_256_ContrastiveLoss_gruepoch=05.ckpt,5,30,0.42376816,47.4797,1.6773,0.0005,4.5759,1.3143,10.1974,0.5833,1002.3049,49.155,257.3038,12.6187,235.7668,11.5625,223.7305,10.9722,207.7235,10.1872,195.5962,9.5924,173.8176,8.5244,60.297,3.4129,15.479,0.8761,14.1833,0.8028,13.4593,0.7618,12.4963,0.7073,11.7667,0.666,10.4566,0.5919,0.0,0.0,0.0,0.0,0.0,0.0,0.0,0.0,0.0,0.0,0.0,0.0,0.0,0.0,0.0,0.0,0.0,0.0,0.0,0.0,0.0,0.0,0.0,0.0,0.0,0.0,0.0,0.0,0.0,0.0,0.0,0.0,0.0,0.0,0.0,0.628,0.6434
128,0.001,3,10,100,32,16,256,184,440338,73,30,ContrastiveLoss,gru,/home/dpetrovitch/dzagcoffee/train_trace/gender/checkpoints_2025-10-07 19:53:20.141369_ContrastiveLoss_gru_catboost/model_128_0.001_3_10_100_256_32_16_256_ContrastiveLoss_gruepoch=06.ckpt,6,30,0.42475903,49.4147,1.6773,0.0005,4.5703,1.3172,10.0127,0.5798,1061.5383,52.0092,262.0138,12.8372,241.1031,11.8127,229.4353,11.241,213.7105,10.4706,201.3931,9.8671,179.8756,8.8129,68.7606,3.7256,16.9718,0.9196,15.6173,0.8462,14.8616,0.8052,13.843,0.7501,13.0451,0.7068,11.6514,0.6313,0.0,0.0,0.0,0.0,0.0,0.0,0.0,0.0,0.0,0.0,0.0,0.0,0.0,0.0,0.0,0.0,0.0,0.0,0.0,0.0,0.0,0.0,0.0,0.0,0.0,0.0,0.0,0.0,0.0,0.0,0.0,0.0,0.0,0.0,0.0,0.668,0.6817
128,0.001,3,10,100,32,16,256,184,440338,73,30,ContrastiveLoss,gru,/home/dpetrovitch/dzagcoffee/train_trace/gender/checkpoints_2025-10-07 19:53:20.141369_ContrastiveLoss_gru_catboost/model_128_0.001_3_10_100_256_32_16_256_ContrastiveLoss_gruepoch=07.ckpt,7,30,0.43365657,51.2985,1.6776,0.0005,4.5523,1.3267,10.0081,0.5733,1091.0455,53.4186,263.9806,12.9247,243.5446,11.9242,232.2394,11.3706,217.4624,10.6472,206.0824,10.09,185.8613,9.0999,72.6934,3.909,17.5883,0.9458,16.2267,0.8726,15.4735,0.8321,14.4889,0.7791,13.7307,0.7384,12.3834,0.6659,0.0,0.0,0.0,0.0,0.0,0.0,0.0,0.0,0.0,0.0,0.0,0.0,0.0,0.0,0.0,0.0,0.0,0.0,0.0,0.0,0.0,0.0,0.0,0.0,0.0,0.0,0.0,0.0,0.0,0.0,0.0,0.0,0.0,0.0,0.0,0.656,0.6919
128,0.001,3,10,100,32,16,256,184,440338,73,30,ContrastiveLoss,gru,/home/dpetrovitch/dzagcoffee/train_trace/gender/checkpoints_2025-10-07 19:53:20.141369_ContrastiveLoss_gru_catboost/model_128_0.001_3_10_100_256_32_16_256_ContrastiveLoss_gruepoch=08.ckpt,8,30,0.4321746,52.5388,1.6771,0.0005,4.5416,1.3251,10.5486,0.5734,1134.0061,55.4368,266.1392,13.0104,245.686,12.0106,234.4386,11.4607,219.3237,10.7218,208.3559,10.1856,188.0777,9.1943,75.3168,3.9706,17.676,0.9319,16.3176,0.8602,15.5706,0.8209,14.5667,0.7679,13.8383,0.7295,12.4915,0.6585,0.0,0.0,0.0,0.0,0.0,0.0,0.0,0.0,0.0,0.0,0.0,0.0,0.0,0.0,0.0,0.0,0.0,0.0,0.0,0.0,0.0,0.0,0.0,0.0,0.0,0.0,0.0,0.0,0.0,0.0,0.0,0.0,0.0,0.0,0.0,0.676,0.6956
128,0.001,3,10,100,32,16,256,184,440338,73,30,ContrastiveLoss,gru,/home/dpetrovitch/dzagcoffee/train_trace/gender/checkpoints_2025-10-07 19:53:20.141369_ContrastiveLoss_gru_catboost/model_128_0.001_3_10_100_256_32_16_256_ContrastiveLoss_gruepoch=09.ckpt,9,30,0.43982148,51.5484,1.6759,0.0005,4.5566,1.2751,11.2654,0.6177,1120.5242,54.7107,268.9151,13.13,248.6656,12.1413,237.1786,11.5805,221.843,10.8317,210.0794,10.2573,188.9362,9.225,73.7107,3.9041,17.6899,0.9369,16.3578,0.8664,15.6022,0.8264,14.5934,0.7729,13.8195,0.7319,12.4287,0.6583,0.0,0.0,0.0,0.0,0.0,0.0,0.0,0.0,0.0,0.0,0.0,0.0,0.0,0.0,0.0,0.0,0.0,0.0,0.0,0.0,0.0,0.0,0.0,0.0,0.0,0.0,0.0,0.0,0.0,0.0,0.0,0.0,0.0,0.0,0.0,0.644,0.6719
128,0.001,3,10,100,32,16,256,184,440338,73,30,ContrastiveLoss,gru,/home/dpetrovitch/dzagcoffee/train_trace/gender/checkpoints_2025-10-07 19:53:20.141369_ContrastiveLoss_gru_catboost/model_128_0.001_3_10_100_256_32_16_256_ContrastiveLoss_gruepoch=10.ckpt,10,30,0.43962166,53.0236,1.6769,0.0005,4.5497,1.2935,11.7027,0.6001,1178.7943,57.56,271.4159,13.2531,251.5327,12.2822,240.3231,11.7349,225.1375,10.9934,213.6903,10.4344,192.3966,9.3946,78.6072,4.1586,18.0992,0.9575,16.7733,0.8874,16.0258,0.8478,15.0132,0.7943,14.2498,0.7539,12.8298,0.6787,0.0,0.0,0.0,0.0,0.0,0.0,0.0,0.0,0.0,0.0,0.0,0.0,0.0,0.0,0.0,0.0,0.0,0.0,0.0,0.0,0.0,0.0,0.0,0.0,0.0,0.0,0.0,0.0,0.0,0.0,0.0,0.0,0.0,0.0,0.0,0.692,0.6856
128,0.001,3,10,100,32,16,256,184,440338,73,30,ContrastiveLoss,gru,/home/dpetrovitch/dzagcoffee/train_trace/gender/checkpoints_2025-10-07 19:53:20.141369_ContrastiveLoss_gru_catboost/model_128_0.001_3_10_100_256_32_16_256_ContrastiveLoss_gruepoch=11.ckpt,11,30,0.43887636,53.6026,1.6767,0.0005,4.5486,1.2989,10.8609,0.5954,1191.3234,58.1118,271.6191,13.2494,251.5424,12.27,240.3934,11.7262,225.2803,10.989,213.8899,10.4334,192.8772,9.4084,78.9826,4.1609,18.0079,0.9487,16.6768,0.8786,15.9376,0.8396,14.9357,0.7868,14.1805,0.7471,12.7874,0.6737,0.0,0.0,0.0,0.0,0.0,0.0,0.0,0.0,0.0,0.0,0.0,0.0,0.0,0.0,0.0,0.0,0.0,0.0,0.0,0.0,0.0,0.0,0.0,0.0,0.0,0.0,0.0,0.0,0.0,0.0,0.0,0.0,0.0,0.0,0.0,0.668,0.6826
128,0.001,3,10,100,32,16,256,184,440338,73,30,ContrastiveLoss,gru,/home/dpetrovitch/dzagcoffee/train_trace/gender/checkpoints_2025-10-07 19:53:20.141369_ContrastiveLoss_gru_catboost/model_128_0.001_3_10_100_256_32_16_256_ContrastiveLoss_gruepoch=12.ckpt,12,30,0.43772563,53.6421,1.6749,0.0005,4.5621,1.2925,11.3934,0.6003,1203.1255,58.6456,272.1247,13.2646,252.2753,12.297,241.207,11.7575,226.4003,11.0357,215.2767,10.4935,194.7149,9.4913,78.8309,4.2108,17.8301,0.9524,16.5295,0.8829,15.8043,0.8442,14.8342,0.7924,14.1053,0.7534,12.7581,0.6815,0.0,0.0,0.0,0.0,0.0,0.0,0.0,0.0,0.0,0.0,0.0,0.0,0.0,0.0,0.0,0.0,0.0,0.0,0.0,0.0,0.0,0.0,0.0,0.0,0.0,0.0,0.0,0.0,0.0,0.0,0.0,0.0,0.0,0.0,0.0,0.716,0.6899
128,0.001,3,10,100,32,16,256,184,440338,73,30,ContrastiveLoss,gru,/home/dpetrovitch/dzagcoffee/train_trace/gender/checkpoints_2025-10-07 19:53:20.141369_ContrastiveLoss_gru_catboost/model_128_0.001_3_10_100_256_32_16_256_ContrastiveLoss_gruepoch=13.ckpt,13,30,0.44312236,53.8674,1.6765,0.0005,4.5617,1.2836,11.4391,0.6091,1216.9386,59.3477,273.6873,13.3472,253.9945,12.3868,243.1349,11.8572,228.393,11.1383,217.242,10.5945,196.9809,9.6064,79.7358,4.1694,17.9324,0.9377,16.6421,0.8702,15.9306,0.833,14.9647,0.7825,14.234,0.7443,12.9065,0.6749,0.0,0.0,0.0,0.0,0.0,0.0,0.0,0.0,0.0,0.0,0.0,0.0,0.0,0.0,0.0,0.0,0.0,0.0,0.0,0.0,0.0,0.0,0.0,0.0,0.0,0.0,0.0,0.0,0.0,0.0,0.0,0.0,0.0,0.0,0.0,0.684,0.6996
128,0.001,3,10,100,32,16,256,184,440338,73,30,ContrastiveLoss,gru,/home/dpetrovitch/dzagcoffee/train_trace/gender/checkpoints_2025-10-07 19:53:20.141369_ContrastiveLoss_gru_catboost/model_128_0.001_3_10_100_256_32_16_256_ContrastiveLoss_gruepoch=14.ckpt,14,30,0.4411635,54.4187,1.6735,0.0005,4.5523,1.2966,11.6841,0.5962,1234.1526,60.1469,273.729,13.3403,254.0585,12.3816,243.4039,11.8624,228.9974,11.1603,218.1314,10.6307,198.1761,9.6582,80.4373,4.224,17.8406,0.9369,16.5586,0.8695,15.8641,0.8331,14.9252,0.7838,14.217,0.7466,12.9164,0.6783,0.0,0.0,0.0,0.0,0.0,0.0,0.0,0.0,0.0,0.0,0.0,0.0,0.0,0.0,0.0,0.0,0.0,0.0,0.0,0.0,0.0,0.0,0.0,0.0,0.0,0.0,0.0,0.0,0.0,0.0,0.0,0.0,0.0,0.0,0.0,0.716,0.7207
128,0.001,3,10,100,32,16,256,184,440338,73,30,ContrastiveLoss,gru,/home/dpetrovitch/dzagcoffee/train_trace/gender/checkpoints_2025-10-07 19:53:20.141369_ContrastiveLoss_gru_catboost/model_128_0.001_3_10_100_256_32_16_256_ContrastiveLoss_gruepoch=15.ckpt,15,30,0.43983862,54.6083,1.6751,0.0005,4.5725,1.2824,10.9223,0.6109,1235.1586,60.2528,274.6525,13.3979,254.6848,12.4239,243.54,11.8802,228.763,11.1594,217.4685,10.6084,196.423,9.5818,81.5699,4.2072,18.1381,0.9355,16.8194,0.8675,16.0834,0.8295,15.1075,0.7792,14.3616,0.7407,12.9718,0.6691,0.0,0.0,0.0,0.0,0.0,0.0,0.0,0.0,0.0,0.0,0.0,0.0,0.0,0.0,0.0,0.0,0.0,0.0,0.0,0.0,0.0,0.0,0.0,0.0,0.0,0.0,0.0,0.0,0.0,0.0,0.0,0.0,0.0,0.0,0.0,0.68,0.7002
128,0.001,3,10,100,32,16,256,184,440338,73,30,ContrastiveLoss,gru,/home/dpetrovitch/dzagcoffee/train_trace/gender/checkpoints_2025-10-07 19:53:20.141369_ContrastiveLoss_gru_catboost/model_128_0.001_3_10_100_256_32_16_256_ContrastiveLoss_gruepoch=16.ckpt,16,30,0.44495273,54.3604,1.6742,0.0005,4.5751,1.2762,12.1386,0.6159,1251.3242,60.9575,275.7607,13.4335,256.0755,12.4746,245.1142,11.9406,230.6654,11.2367,219.8019,10.7075,199.7261,9.7295,79.3869,4.175,17.4949,0.9201,16.246,0.8544,15.5506,0.8178,14.6339,0.7696,13.9447,0.7334,12.6711,0.6664,0.0,0.0,0.0,0.0,0.0,0.0,0.0,0.0,0.0,0.0,0.0,0.0,0.0,0.0,0.0,0.0,0.0,0.0,0.0,0.0,0.0,0.0,0.0,0.0,0.0,0.0,0.0,0.0,0.0,0.0,0.0,0.0,0.0,0.0,0.0,0.704,0.716
128,0.001,3,10,100,32,16,256,184,440338,73,30,ContrastiveLoss,gru,/home/dpetrovitch/dzagcoffee/train_trace/gender/checkpoints_2025-10-07 19:53:20.141369_ContrastiveLoss_gru_catboost/model_128_0.001_3_10_100_256_32_16_256_ContrastiveLoss_gruepoch=17.ckpt,17,30,0.44576085,55.1592,1.6763,0.0005,4.5826,1.2734,12.1339,0.6194,1254.212,61.2277,276.7517,13.5104,257.1061,12.5513,246.0723,12.0127,231.7565,11.3138,220.8612,10.7819,200.1004,9.7684,79.7934,4.1138,17.607,0.9077,16.3572,0.8433,15.6552,0.8071,14.7444,0.7602,14.0513,0.7244,12.7305,0.6563,0.0,0.0,0.0,0.0,0.0,0.0,0.0,0.0,0.0,0.0,0.0,0.0,0.0,0.0,0.0,0.0,0.0,0.0,0.0,0.0,0.0,0.0,0.0,0.0,0.0,0.0,0.0,0.0,0.0,0.0,0.0,0.0,0.0,0.0,0.0,0.68,0.7054
128,0.001,3,10,100,32,16,256,184,440338,73,30,ContrastiveLoss,gru,/home/dpetrovitch/dzagcoffee/train_trace/gender/checkpoints_2025-10-07 19:53:20.141369_ContrastiveLoss_gru_catboost/model_128_0.001_3_10_100_256_32_16_256_ContrastiveLoss_gruepoch=18.ckpt,18,30,0.44755408,55.5648,1.6703,0.0005,4.5652,1.2781,12.0393,0.6136,1260.334,61.3858,277.1435,13.4985,257.6508,12.5491,246.7917,12.0202,232.531,11.3256,221.7149,10.7988,201.3442,9.8067,83.1598,4.2641,18.2866,0.9377,17.0004,0.8717,16.2839,0.835,15.3429,0.7867,14.6293,0.7501,13.2852,0.6812,0.0,0.0,0.0,0.0,0.0,0.0,0.0,0.0,0.0,0.0,0.0,0.0,0.0,0.0,0.0,0.0,0.0,0.0,0.0,0.0,0.0,0.0,0.0,0.0,0.0,0.0,0.0,0.0,0.0,0.0,0.0,0.0,0.0,0.0,0.0,0.692,0.6913
128,0.001,3,10,100,32,16,256,184,440338,73,30,ContrastiveLoss,gru,/home/dpetrovitch/dzagcoffee/train_trace/gender/checkpoints_2025-10-07 19:53:20.141369_ContrastiveLoss_gru_catboost/model_128_0.001_3_10_100_256_32_16_256_ContrastiveLoss_gruepoch=19.ckpt,19,30,0.4432052,55.9912,1.6735,0.0005,4.5795,1.2752,11.8325,0.6167,1271.6938,61.9708,276.9042,13.4938,257.6424,12.5551,246.8375,12.0286,232.5577,11.3327,221.3738,10.7877,200.6648,9.7786,82.7713,4.2027,18.023,0.9151,16.7693,0.8515,16.066,0.8157,15.1366,0.7686,14.4087,0.7316,13.0608,0.6632,0.0,0.0,0.0,0.0,0.0,0.0,0.0,0.0,0.0,0.0,0.0,0.0,0.0,0.0,0.0,0.0,0.0,0.0,0.0,0.0,0.0,0.0,0.0,0.0,0.0,0.0,0.0,0.0,0.0,0.0,0.0,0.0,0.0,0.0,0.0,0.672,0.7049
128,0.001,3,10,100,32,16,256,184,440338,73,30,ContrastiveLoss,gru,/home/dpetrovitch/dzagcoffee/train_trace/gender/checkpoints_2025-10-07 19:53:20.141369_ContrastiveLoss_gru_catboost/model_128_0.001_3_10_100_256_32_16_256_ContrastiveLoss_gruepoch=20.ckpt,20,30,0.4464147,56.5135,1.6734,0.0005,4.5785,1.2864,11.6986,0.6061,1298.3187,63.271,277.9856,13.5471,258.7293,12.6087,248.0229,12.0869,233.9661,11.4019,223.2836,10.8813,202.7084,9.8786,86.4232,4.3328,18.5042,0.9277,17.2224,0.8634,16.5098,0.8277,15.5741,0.7808,14.863,0.7451,13.4934,0.6765,0.0,0.0,0.0,0.0,0.0,0.0,0.0,0.0,0.0,0.0,0.0,0.0,0.0,0.0,0.0,0.0,0.0,0.0,0.0,0.0,0.0,0.0,0.0,0.0,0.0,0.0,0.0,0.0,0.0,0.0,0.0,0.0,0.0,0.0,0.0,0.684,0.6972
128,0.001,3,10,100,32,16,256,184,440338,73,30,ContrastiveLoss,gru,/home/dpetrovitch/dzagcoffee/train_trace/gender/checkpoints_2025-10-07 19:53:20.141369_ContrastiveLoss_gru_catboost/model_128_0.001_3_10_100_256_32_16_256_ContrastiveLoss_gruepoch=21.ckpt,21,30,0.45014104,56.4292,1.6739,0.0006,4.5746,1.2785,11.9358,0.6138,1290.633,62.9131,277.8901,13.546,258.7548,12.6132,248.0851,12.0931,234.2924,11.4208,223.5272,10.896,203.3958,9.9147,84.9272,4.3395,18.2859,0.9343,17.0268,0.87,16.3247,0.8341,15.4171,0.7878,14.7087,0.7516,13.384,0.6839,0.0,0.0,0.0,0.0,0.0,0.0,0.0,0.0,0.0,0.0,0.0,0.0,0.0,0.0,0.0,0.0,0.0,0.0,0.0,0.0,0.0,0.0,0.0,0.0,0.0,0.0,0.0,0.0,0.0,0.0,0.0,0.0,0.0,0.0,0.0,0.692,0.7094
128,0.001,3,10,100,32,16,256,184,440338,73,30,ContrastiveLoss,gru,/home/dpetrovitch/dzagcoffee/train_trace/gender/checkpoints_2025-10-07 19:53:20.141369_ContrastiveLoss_gru_catboost/model_128_0.001_3_10_100_256_32_16_256_ContrastiveLoss_gruepoch=22.ckpt,22,30,0.44976127,56.5863,1.6752,0.0005,4.5745,1.2784,11.7848,0.6136,1297.4775,63.2367,278.1839,13.5582,258.9626,12.6214,248.2859,12.101,234.4926,11.4287,224.0236,10.9185,203.8229,9.934,85.1241,4.3131,18.2509,0.9247,16.9899,0.8608,16.2894,0.8254,15.3844,0.7795,14.6976,0.7447,13.3723,0.6775,0.0,0.0,0.0,0.0,0.0,0.0,0.0,0.0,0.0,0.0,0.0,0.0,0.0,0.0,0.0,0.0,0.0,0.0,0.0,0.0,0.0,0.0,0.0,0.0,0.0,0.0,0.0,0.0,0.0,0.0,0.0,0.0,0.0,0.0,0.0,0.648,0.7014
128,0.001,3,10,100,32,16,256,184,440338,73,30,ContrastiveLoss,gru,/home/dpetrovitch/dzagcoffee/train_trace/gender/checkpoints_2025-10-07 19:53:20.141369_ContrastiveLoss_gru_catboost/model_128_0.001_3_10_100_256_32_16_256_ContrastiveLoss_gruepoch=23.ckpt,23,30,0.44998118,56.2968,1.6751,0.0005,4.5824,1.2697,12.2719,0.6218,1304.7527,63.5725,279.2955,13.6083,260.1653,12.6762,249.5575,12.1594,235.6704,11.4827,224.9699,10.9614,205.1145,9.9939,85.6048,4.3086,18.3246,0.9223,17.0694,0.8591,16.3735,0.8241,15.4623,0.7782,14.7603,0.7429,13.4576,0.6773,0.0,0.0,0.0,0.0,0.0,0.0,0.0,0.0,0.0,0.0,0.0,0.0,0.0,0.0,0.0,0.0,0.0,0.0,0.0,0.0,0.0,0.0,0.0,0.0,0.0,0.0,0.0,0.0,0.0,0.0,0.0,0.0,0.0,0.0,0.0,0.676,0.6874
128,0.001,3,10,100,32,16,256,184,440338,73,30,ContrastiveLoss,gru,/home/dpetrovitch/dzagcoffee/train_trace/gender/checkpoints_2025-10-07 19:53:20.141369_ContrastiveLoss_gru_catboost/model_128_0.001_3_10_100_256_32_16_256_ContrastiveLoss_gruepoch=24.ckpt,24,30,0.44889608,57.3101,1.6701,0.0006,4.5689,1.2894,12.0485,0.6031,1321.4491,64.3207,278.7554,13.5682,259.7208,12.6417,249.2672,12.1329,235.5196,11.4638,225.0036,10.9519,205.0901,9.9826,88.5043,4.4299,18.6697,0.9345,17.3948,0.8707,16.6947,0.8356,15.774,0.7895,15.0697,0.7543,13.7359,0.6875,0.0,0.0,0.0,0.0,0.0,0.0,0.0,0.0,0.0,0.0,0.0,0.0,0.0,0.0,0.0,0.0,0.0,0.0,0.0,0.0,0.0,0.0,0.0,0.0,0.0,0.0,0.0,0.0,0.0,0.0,0.0,0.0,0.0,0.0,0.0,0.664,0.7126
128,0.001,3,10,100,32,16,256,184,440338,73,30,ContrastiveLoss,gru,/home/dpetrovitch/dzagcoffee/train_trace/gender/checkpoints_2025-10-07 19:53:20.141369_ContrastiveLoss_gru_catboost/model_128_0.001_3_10_100_256_32_16_256_ContrastiveLoss_gruepoch=25.ckpt,25,30,0.44792238,56.1744,1.673,0.0005,4.5883,1.2649,12.0446,0.6255,1306.6064,63.6061,278.6684,13.5657,259.6425,12.6395,249.0119,12.122,235.0048,11.4401,224.2644,10.9173,203.5596,9.9094,85.5822,4.3357,18.2527,0.9247,17.0065,0.8616,16.3102,0.8263,15.3927,0.7798,14.6892,0.7442,13.3331,0.6755,0.0,0.0,0.0,0.0,0.0,0.0,0.0,0.0,0.0,0.0,0.0,0.0,0.0,0.0,0.0,0.0,0.0,0.0,0.0,0.0,0.0,0.0,0.0,0.0,0.0,0.0,0.0,0.0,0.0,0.0,0.0,0.0,0.0,0.0,0.0,0.688,0.697
128,0.001,3,10,100,32,16,256,184,440338,73,30,ContrastiveLoss,gru,/home/dpetrovitch/dzagcoffee/train_trace/gender/checkpoints_2025-10-07 19:53:20.141369_ContrastiveLoss_gru_catboost/model_128_0.001_3_10_100_256_32_16_256_ContrastiveLoss_gruepoch=26.ckpt,26,30,0.44930157,57.3217,1.6737,0.0005,4.5766,1.2825,12.5693,0.6097,1323.2834,64.4225,279.7548,13.6195,260.8639,12.6998,250.4583,12.1933,236.9234,11.5343,226.3637,11.0202,206.4222,10.0494,88.2933,4.3867,18.6661,0.9274,17.4056,0.8648,16.7113,0.8303,15.8082,0.7854,15.1036,0.7504,13.7731,0.6843,0.0,0.0,0.0,0.0,0.0,0.0,0.0,0.0,0.0,0.0,0.0,0.0,0.0,0.0,0.0,0.0,0.0,0.0,0.0,0.0,0.0,0.0,0.0,0.0,0.0,0.0,0.0,0.0,0.0,0.0,0.0,0.0,0.0,0.0,0.0,0.7,0.7126
128,0.001,3,10,100,32,16,256,184,440338,73,30,ContrastiveLoss,gru,/home/dpetrovitch/dzagcoffee/train_trace/gender/checkpoints_2025-10-07 19:53:20.141369_ContrastiveLoss_gru_catboost/model_128_0.001_3_10_100_256_32_16_256_ContrastiveLoss_gruepoch=27.ckpt,27,30,0.45112047,56.5421,1.6728,0.0005,4.5777,1.2654,12.6747,0.6252,1325.3912,64.5353,279.6177,13.615,260.7834,12.6979,250.3458,12.1897,236.7336,11.5269,226.2511,11.0165,206.4138,10.0506,88.0633,4.4472,18.5787,0.9382,17.3273,0.875,16.6338,0.84,15.7294,0.7943,15.0329,0.7592,13.7148,0.6926,0.0,0.0,0.0,0.0,0.0,0.0,0.0,0.0,0.0,0.0,0.0,0.0,0.0,0.0,0.0,0.0,0.0,0.0,0.0,0.0,0.0,0.0,0.0,0.0,0.0,0.0,0.0,0.0,0.0,0.0,0.0,0.0,0.0,0.0,0.0,0.684,0.7005
128,0.001,3,10,100,32,16,256,184,440338,73,30,ContrastiveLoss,gru,/home/dpetrovitch/dzagcoffee/train_trace/gender/checkpoints_2025-10-07 19:53:20.141369_ContrastiveLoss_gru_catboost/model_128_0.001_3_10_100_256_32_16_256_ContrastiveLoss_gruepoch=28.ckpt,28,30,0.44570944,57.0164,1.6689,0.0005,4.5781,1.2768,12.1921,0.615,1329.2549,64.6815,279.7041,13.6104,260.9273,12.6967,250.3713,12.1831,236.7274,11.5192,226.0381,10.999,206.1198,10.0298,91.1568,4.5241,19.1814,0.952,17.8937,0.8881,17.1698,0.8521,16.2341,0.8057,15.5011,0.7693,14.1352,0.7015,0.0,0.0,0.0,0.0,0.0,0.0,0.0,0.0,0.0,0.0,0.0,0.0,0.0,0.0,0.0,0.0,0.0,0.0,0.0,0.0,0.0,0.0,0.0,0.0,0.0,0.0,0.0,0.0,0.0,0.0,0.0,0.0,0.0,0.0,0.0,0.668,0.7193
128,0.001,3,10,100,32,16,256,184,440338,73,30,ContrastiveLoss,gru,/home/dpetrovitch/dzagcoffee/train_trace/gender/checkpoints_2025-10-07 19:53:20.141369_ContrastiveLoss_gru_catboost/model_128_0.001_3_10_100_256_32_16_256_ContrastiveLoss_gruepoch=29.ckpt,29,30,0.44877908,56.4635,1.6717,0.0005,4.5826,1.2579,12.9301,0.6329,1318.8782,64.2047,279.9602,13.6288,261.1784,12.7145,250.5306,12.1961,236.6578,11.5208,225.9278,10.9985,205.5342,10.0057,89.0019,4.4128,18.8926,0.9367,17.6251,0.8739,16.9066,0.8382,15.9704,0.7918,15.2463,0.7559,13.8701,0.6877,0.0,0.0,0.0,0.0,0.0,0.0,0.0,0.0,0.0,0.0,0.0,0.0,0.0,0.0,0.0,0.0,0.0,0.0,0.0,0.0,0.0,0.0,0.0,0.0,0.0,0.0,0.0,0.0,0.0,0.0,0.0,0.0,0.0,0.0,0.0,0.672,0.7058
256,0.001,3,10,100,32,16,256,184,440338,73,30,ContrastiveLoss,gru,/home/dpetrovitch/dzagcoffee/train_trace/gender/checkpoints_2025-10-07 19:53:20.141369_ContrastiveLoss_gru_catboost/model_256_0.001_3_10_100_256_32_16_256_ContrastiveLoss_gruepoch=00.ckpt,0,30,0.16360523,44.3749,1.6791,0.0003,5.2016,1.3572,4.489,0.597,388.9776,20.2512,248.53,12.9391,214.7901,11.1825,195.5712,10.182,169.6445,8.8321,148.2865,7.7202,64.1384,3.3392,13.6108,0.9202,8.6964,0.5879,7.5158,0.5081,6.8433,0.4627,5.9361,0.4013,5.1887,0.3508,2.2443,0.1517,0.0,0.0,0.0,0.0,0.0,0.0,0.0,0.0,0.0,0.0,0.0,0.0,0.0,0.0,0.0,0.0,0.0,0.0,0.0,0.0,0.0,0.0,0.0,0.0,0.0,0.0,0.0,0.0,0.0,0.0,0.0,0.0,0.0,0.0,0.0,0.616,0.6345
256,0.001,3,10,100,32,16,256,184,440338,73,30,ContrastiveLoss,gru,/home/dpetrovitch/dzagcoffee/train_trace/gender/checkpoints_2025-10-07 19:53:20.141369_ContrastiveLoss_gru_catboost/model_256_0.001_3_10_100_256_32_16_256_ContrastiveLoss_gruepoch=01.ckpt,1,30,0.31711707,49.987,1.6791,0.0004,5.1938,1.4421,7.3932,0.5084,607.5868,30.6246,246.2606,12.4124,217.8152,10.9787,201.8622,10.1746,180.6392,9.1049,163.0461,8.2181,105.1423,5.2996,23.7721,1.6083,9.6351,0.6519,8.5221,0.5766,7.898,0.5343,7.0676,0.4782,6.3793,0.4316,4.1137,0.2783,0.0,0.0,0.0,0.0,0.0,0.0,0.0,0.0,0.0,0.0,0.0,0.0,0.0,0.0,0.0,0.0,0.0,0.0,0.0,0.0,0.0,0.0,0.0,0.0,0.0,0.0,0.0,0.0,0.0,0.0,0.0,0.0,0.0,0.0,0.0,0.616,0.6117
256,0.001,3,10,100,32,16,256,184,440338,73,30,ContrastiveLoss,gru,/home/dpetrovitch/dzagcoffee/train_trace/gender/checkpoints_2025-10-07 19:53:20.141369_ContrastiveLoss_gru_catboost/model_256_0.001_3_10_100_256_32_16_256_ContrastiveLoss_gruepoch=02.ckpt,2,30,0.3529314,47.7499,1.6786,0.0004,5.0097,1.5089,9.5314,0.4651,718.5632,35.9202,247.4903,12.3718,219.8851,10.9918,204.3473,10.2151,184.0854,9.2022,166.8589,8.3411,125.2901,6.2631,33.5401,2.1158,11.552,0.7287,10.2635,0.6474,9.5382,0.6017,8.5925,0.542,7.7884,0.4913,5.8481,0.3689,0.0,0.0,0.0,0.0,0.0,0.0,0.0,0.0,0.0,0.0,0.0,0.0,0.0,0.0,0.0,0.0,0.0,0.0,0.0,0.0,0.0,0.0,0.0,0.0,0.0,0.0,0.0,0.0,0.0,0.0,0.0,0.0,0.0,0.0,0.0,0.62,0.642
256,0.001,3,10,100,32,16,256,184,440338,73,30,ContrastiveLoss,gru,/home/dpetrovitch/dzagcoffee/train_trace/gender/checkpoints_2025-10-07 19:53:20.141369_ContrastiveLoss_gru_catboost/model_256_0.001_3_10_100_256_32_16_256_ContrastiveLoss_gruepoch=03.ckpt,3,30,0.37066603,44.5034,1.6787,0.0004,4.869,1.412,10.2291,0.5177,800.523,39.8104,248.5248,12.3593,222.4083,11.0605,207.4276,10.3155,187.661,9.3325,172.161,8.5617,134.6048,6.694,36.7919,2.3363,11.4222,0.7253,10.2219,0.6491,9.5333,0.6054,8.6249,0.5477,7.9125,0.5024,6.1864,0.3928,0.0,0.0,0.0,0.0,0.0,0.0,0.0,0.0,0.0,0.0,0.0,0.0,0.0,0.0,0.0,0.0,0.0,0.0,0.0,0.0,0.0,0.0,0.0,0.0,0.0,0.0,0.0,0.0,0.0,0.0,0.0,0.0,0.0,0.0,0.0,0.644,0.6665
256,0.001,3,10,100,32,16,256,184,440338,73,30,ContrastiveLoss,gru,/home/dpetrovitch/dzagcoffee/train_trace/gender/checkpoints_2025-10-07 19:53:20.141369_ContrastiveLoss_gru_catboost/model_256_0.001_3_10_100_256_32_16_256_ContrastiveLoss_gruepoch=04.ckpt,4,30,0.37304652,45.7378,1.6784,0.0005,4.7214,1.4952,9.6632,0.4644,876.7651,43.377,248.3336,12.286,224.0482,11.0845,209.9713,10.3881,190.725,9.4359,175.3432,8.6749,146.693,7.2575,44.2863,2.7982,12.5436,0.7925,11.3169,0.715,10.6059,0.6701,9.6337,0.6087,8.8568,0.5596,7.4096,0.4682,0.0,0.0,0.0,0.0,0.0,0.0,0.0,0.0,0.0,0.0,0.0,0.0,0.0,0.0,0.0,0.0,0.0,0.0,0.0,0.0,0.0,0.0,0.0,0.0,0.0,0.0,0.0,0.0,0.0,0.0,0.0,0.0,0.0,0.0,0.0,0.628,0.6518
256,0.001,3,10,100,32,16,256,184,440338,73,30,ContrastiveLoss,gru,/home/dpetrovitch/dzagcoffee/train_trace/gender/checkpoints_2025-10-07 19:53:20.141369_ContrastiveLoss_gru_catboost/model_256_0.001_3_10_100_256_32_16_256_ContrastiveLoss_gruepoch=05.ckpt,5,30,0.3789967,42.9774,1.6781,0.0004,4.6492,1.3718,9.5538,0.5373,922.1401,45.4452,248.2033,12.232,225.0035,11.0887,211.7356,10.4348,193.8501,9.5534,179.2642,8.8345,151.7689,7.4795,54.1225,3.1745,14.5676,0.8545,13.206,0.7746,12.4273,0.7289,11.3775,0.6673,10.5214,0.6171,8.9077,0.5225,0.0,0.0,0.0,0.0,0.0,0.0,0.0,0.0,0.0,0.0,0.0,0.0,0.0,0.0,0.0,0.0,0.0,0.0,0.0,0.0,0.0,0.0,0.0,0.0,0.0,0.0,0.0,0.0,0.0,0.0,0.0,0.0,0.0,0.0,0.0,0.612,0.6372
256,0.001,3,10,100,32,16,256,184,440338,73,30,ContrastiveLoss,gru,/home/dpetrovitch/dzagcoffee/train_trace/gender/checkpoints_2025-10-07 19:53:20.141369_ContrastiveLoss_gru_catboost/model_256_0.001_3_10_100_256_32_16_256_ContrastiveLoss_gruepoch=06.ckpt,6,30,0.38400128,45.029,1.6779,0.0004,4.597,1.4068,10.1947,0.5154,946.5114,46.5812,252.6601,12.4343,229.3061,11.285,215.9012,10.6253,198.0231,9.7454,183.1827,9.0151,156.6715,7.7104,54.8631,3.2064,14.6451,0.8559,13.2914,0.7768,12.5144,0.7314,11.4781,0.6708,10.6179,0.6205,9.0812,0.5307,0.0,0.0,0.0,0.0,0.0,0.0,0.0,0.0,0.0,0.0,0.0,0.0,0.0,0.0,0.0,0.0,0.0,0.0,0.0,0.0,0.0,0.0,0.0,0.0,0.0,0.0,0.0,0.0,0.0,0.0,0.0,0.0,0.0,0.0,0.0,0.612,0.6443
256,0.001,3,10,100,32,16,256,184,440338,73,30,ContrastiveLoss,gru,/home/dpetrovitch/dzagcoffee/train_trace/gender/checkpoints_2025-10-07 19:53:20.141369_ContrastiveLoss_gru_catboost/model_256_0.001_3_10_100_256_32_16_256_ContrastiveLoss_gruepoch=07.ckpt,7,30,0.38943696,44.7392,1.6777,0.0004,4.5653,1.3398,10.4314,0.5626,954.2126,46.9912,254.6976,12.5428,231.6943,11.41,218.7217,10.7712,200.9223,9.8946,186.2556,9.1724,160.3745,7.8978,57.6834,3.2656,15.3968,0.8717,14.0062,0.7929,13.222,0.7485,12.146,0.6876,11.2594,0.6374,9.6949,0.5489,0.0,0.0,0.0,0.0,0.0,0.0,0.0,0.0,0.0,0.0,0.0,0.0,0.0,0.0,0.0,0.0,0.0,0.0,0.0,0.0,0.0,0.0,0.0,0.0,0.0,0.0,0.0,0.0,0.0,0.0,0.0,0.0,0.0,0.0,0.0,0.624,0.6341
256,0.001,3,10,100,32,16,256,184,440338,73,30,ContrastiveLoss,gru,/home/dpetrovitch/dzagcoffee/train_trace/gender/checkpoints_2025-10-07 19:53:20.141369_ContrastiveLoss_gru_catboost/model_256_0.001_3_10_100_256_32_16_256_ContrastiveLoss_gruepoch=08.ckpt,8,30,0.39165285,47.3788,1.6767,0.0005,4.5331,1.3913,11.3911,0.5231,1016.189,49.8609,256.8999,12.6052,234.5746,11.5098,221.9463,10.8901,204.9797,10.0576,191.4836,9.3954,165.6924,8.13,65.2839,3.5209,16.5042,0.8901,15.07,0.8128,14.2587,0.769,13.1687,0.7102,12.3016,0.6635,10.6447,0.5741,0.0,0.0,0.0,0.0,0.0,0.0,0.0,0.0,0.0,0.0,0.0,0.0,0.0,0.0,0.0,0.0,0.0,0.0,0.0,0.0,0.0,0.0,0.0,0.0,0.0,0.0,0.0,0.0,0.0,0.0,0.0,0.0,0.0,0.0,0.0,0.628,0.663
256,0.001,3,10,100,32,16,256,184,440338,73,30,ContrastiveLoss,gru,/home/dpetrovitch/dzagcoffee/train_trace/gender/checkpoints_2025-10-07 19:53:20.141369_ContrastiveLoss_gru_catboost/model_256_0.001_3_10_100_256_32_16_256_ContrastiveLoss_gruepoch=09.ckpt,9,30,0.40011272,46.9628,1.6762,0.0005,4.5153,1.3445,10.6412,0.5558,1050.1473,51.4883,258.9286,12.6952,237.1034,11.6251,224.967,11.03,208.1698,10.2065,194.4171,9.5322,169.3952,8.3054,65.4703,3.6063,16.1426,0.8892,14.782,0.8142,14.0253,0.7726,12.9781,0.7149,12.1207,0.6676,10.5608,0.5817,0.0,0.0,0.0,0.0,0.0,0.0,0.0,0.0,0.0,0.0,0.0,0.0,0.0,0.0,0.0,0.0,0.0,0.0,0.0,0.0,0.0,0.0,0.0,0.0,0.0,0.0,0.0,0.0,0.0,0.0,0.0,0.0,0.0,0.0,0.0,0.656,0.6789
256,0.001,3,10,100,32,16,256,184,440338,73,30,ContrastiveLoss,gru,/home/dpetrovitch/dzagcoffee/train_trace/gender/checkpoints_2025-10-07 19:53:20.141369_ContrastiveLoss_gru_catboost/model_256_0.001_3_10_100_256_32_16_256_ContrastiveLoss_gruepoch=10.ckpt,10,30,0.4009612,47.5547,1.6749,0.0005,4.5049,1.3361,11.4788,0.5621,1061.6548,51.9669,263.0608,12.8765,241.4337,11.8179,229.0703,11.2128,212.3848,10.396,198.09,9.6963,172.5968,8.4484,67.8094,3.6523,16.8021,0.905,15.4207,0.8306,14.631,0.788,13.5653,0.7306,12.6523,0.6815,11.024,0.5938,0.0,0.0,0.0,0.0,0.0,0.0,0.0,0.0,0.0,0.0,0.0,0.0,0.0,0.0,0.0,0.0,0.0,0.0,0.0,0.0,0.0,0.0,0.0,0.0,0.0,0.0,0.0,0.0,0.0,0.0,0.0,0.0,0.0,0.0,0.0,0.66,0.6777
256,0.001,3,10,100,32,16,256,184,440338,73,30,ContrastiveLoss,gru,/home/dpetrovitch/dzagcoffee/train_trace/gender/checkpoints_2025-10-07 19:53:20.141369_ContrastiveLoss_gru_catboost/model_256_0.001_3_10_100_256_32_16_256_ContrastiveLoss_gruepoch=11.ckpt,11,30,0.40975508,47.732,1.676,0.0005,4.5032,1.3298,11.397,0.567,1091.8168,53.4458,263.5965,12.9034,242.2528,11.8586,230.1454,11.2659,213.7148,10.4616,200.255,9.8027,175.5419,8.593,72.8221,3.8947,17.5814,0.9403,16.1578,0.8642,15.3503,0.821,14.2544,0.7624,13.3566,0.7143,11.7083,0.6262,0.0,0.0,0.0,0.0,0.0,0.0,0.0,0.0,0.0,0.0,0.0,0.0,0.0,0.0,0.0,0.0,0.0,0.0,0.0,0.0,0.0,0.0,0.0,0.0,0.0,0.0,0.0,0.0,0.0,0.0,0.0,0.0,0.0,0.0,0.0,0.668,0.7043
256,0.001,3,10,100,32,16,256,184,440338,73,30,ContrastiveLoss,gru,/home/dpetrovitch/dzagcoffee/train_trace/gender/checkpoints_2025-10-07 19:53:20.141369_ContrastiveLoss_gru_catboost/model_256_0.001_3_10_100_256_32_16_256_ContrastiveLoss_gruepoch=12.ckpt,12,30,0.40151405,48.0224,1.6757,0.0005,4.5057,1.3277,11.7482,0.5689,1109.5508,54.2867,262.9672,12.8661,242.2222,11.8511,230.6394,11.2844,215.0195,10.5202,202.1567,9.8909,177.5544,8.6872,74.2064,3.8946,17.5872,0.923,16.1997,0.8502,15.4251,0.8096,14.3804,0.7547,13.5202,0.7096,11.8748,0.6232,0.0,0.0,0.0,0.0,0.0,0.0,0.0,0.0,0.0,0.0,0.0,0.0,0.0,0.0,0.0,0.0,0.0,0.0,0.0,0.0,0.0,0.0,0.0,0.0,0.0,0.0,0.0,0.0,0.0,0.0,0.0,0.0,0.0,0.0,0.0,0.684,0.6994
256,0.001,3,10,100,32,16,256,184,440338,73,30,ContrastiveLoss,gru,/home/dpetrovitch/dzagcoffee/train_trace/gender/checkpoints_2025-10-07 19:53:20.141369_ContrastiveLoss_gru_catboost/model_256_0.001_3_10_100_256_32_16_256_ContrastiveLoss_gruepoch=13.ckpt,13,30,0.407861,48.061,1.6756,0.0005,4.4963,1.3124,11.7589,0.5812,1117.7714,54.6796,264.5377,12.9408,243.7882,11.9257,232.1121,11.3545,216.3708,10.5845,202.9857,9.9297,178.0615,8.7105,71.1444,3.6695,16.8374,0.8685,15.5167,0.8003,14.7736,0.762,13.7717,0.7103,12.9197,0.6664,11.3333,0.5846,0.0,0.0,0.0,0.0,0.0,0.0,0.0,0.0,0.0,0.0,0.0,0.0,0.0,0.0,0.0,0.0,0.0,0.0,0.0,0.0,0.0,0.0,0.0,0.0,0.0,0.0,0.0,0.0,0.0,0.0,0.0,0.0,0.0,0.0,0.0,0.684,0.7058
256,0.001,3,10,100,32,16,256,184,440338,73,30,ContrastiveLoss,gru,/home/dpetrovitch/dzagcoffee/train_trace/gender/checkpoints_2025-10-07 19:53:20.141369_ContrastiveLoss_gru_catboost/model_256_0.001_3_10_100_256_32_16_256_ContrastiveLoss_gruepoch=14.ckpt,14,30,0.40877482,48.802,1.6755,0.0005,4.4903,1.3191,10.9439,0.5751,1124.9263,55.0139,264.6832,12.9442,243.9131,11.9284,232.4296,11.3668,217.1006,10.6172,204.2339,9.988,179.4957,8.7781,77.8765,3.9816,18.3235,0.9368,16.8856,0.8633,16.0907,0.8227,15.0295,0.7684,14.1387,0.7229,12.4261,0.6353,0.0,0.0,0.0,0.0,0.0,0.0,0.0,0.0,0.0,0.0,0.0,0.0,0.0,0.0,0.0,0.0,0.0,0.0,0.0,0.0,0.0,0.0,0.0,0.0,0.0,0.0,0.0,0.0,0.0,0.0,0.0,0.0,0.0,0.0,0.0,0.668,0.6899
256,0.001,3,10,100,32,16,256,184,440338,73,30,ContrastiveLoss,gru,/home/dpetrovitch/dzagcoffee/train_trace/gender/checkpoints_2025-10-07 19:53:20.141369_ContrastiveLoss_gru_catboost/model_256_0.001_3_10_100_256_32_16_256_ContrastiveLoss_gruepoch=15.ckpt,15,30,0.41388866,49.3258,1.676,0.0005,4.4778,1.3112,11.4115,0.5827,1137.9381,55.6318,266.5177,13.0296,245.7141,12.0125,234.0098,11.4403,218.3947,10.6769,205.4046,10.0419,181.6758,8.8818,77.2939,4.0173,18.1031,0.9409,16.69,0.8674,15.895,0.8261,14.8344,0.771,13.952,0.7251,12.3402,0.6414,0.0,0.0,0.0,0.0,0.0,0.0,0.0,0.0,0.0,0.0,0.0,0.0,0.0,0.0,0.0,0.0,0.0,0.0,0.0,0.0,0.0,0.0,0.0,0.0,0.0,0.0,0.0,0.0,0.0,0.0,0.0,0.0,0.0,0.0,0.0,0.672,0.7011
256,0.001,3,10,100,32,16,256,184,440338,73,30,ContrastiveLoss,gru,/home/dpetrovitch/dzagcoffee/train_trace/gender/checkpoints_2025-10-07 19:53:20.141369_ContrastiveLoss_gru_catboost/model_256_0.001_3_10_100_256_32_16_256_ContrastiveLoss_gruepoch=16.ckpt,16,30,0.41460982,49.7894,1.6759,0.0005,4.4831,1.3183,12.1807,0.5772,1154.5331,56.4066,268.1035,13.0986,247.6983,12.1017,236.2458,11.5422,220.8503,10.79,208.1799,10.171,183.7253,8.9762,82.5448,4.1903,19.1684,0.9731,17.7095,0.899,16.8907,0.8574,15.79,0.8016,14.8841,0.7556,13.1357,0.6668,0.0,0.0,0.0,0.0,0.0,0.0,0.0,0.0,0.0,0.0,0.0,0.0,0.0,0.0,0.0,0.0,0.0,0.0,0.0,0.0,0.0,0.0,0.0,0.0,0.0,0.0,0.0,0.0,0.0,0.0,0.0,0.0,0.0,0.0,0.0,0.7,0.7164
256,0.001,3,10,100,32,16,256,184,440338,73,30,ContrastiveLoss,gru,/home/dpetrovitch/dzagcoffee/train_trace/gender/checkpoints_2025-10-07 19:53:20.141369_ContrastiveLoss_gru_catboost/model_256_0.001_3_10_100_256_32_16_256_ContrastiveLoss_gruepoch=17.ckpt,17,30,0.41152585,51.1617,1.6714,0.0005,4.4676,1.3524,11.3231,0.5487,1173.501,57.2713,267.1108,13.036,246.7488,12.0423,235.4102,11.4889,220.2971,10.7513,207.893,10.146,184.3723,8.9981,82.6177,4.2466,18.8053,0.9666,17.3718,0.8929,16.5735,0.8519,15.5095,0.7972,14.6362,0.7523,12.9803,0.6672,0.0,0.0,0.0,0.0,0.0,0.0,0.0,0.0,0.0,0.0,0.0,0.0,0.0,0.0,0.0,0.0,0.0,0.0,0.0,0.0,0.0,0.0,0.0,0.0,0.0,0.0,0.0,0.0,0.0,0.0,0.0,0.0,0.0,0.0,0.0,0.684,0.7112
256,0.001,3,10,100,32,16,256,184,440338,73,30,ContrastiveLoss,gru,/home/dpetrovitch/dzagcoffee/train_trace/gender/checkpoints_2025-10-07 19:53:20.141369_ContrastiveLoss_gru_catboost/model_256_0.001_3_10_100_256_32_16_256_ContrastiveLoss_gruepoch=18.ckpt,18,30,0.4132882,49.447,1.672,0.0005,4.479,1.3097,12.2961,0.5826,1175.9121,57.3604,266.7568,13.0123,246.5246,12.0253,235.3131,11.4785,220.2368,10.743,207.9445,10.1434,185.0145,9.0249,84.8104,4.3323,19.2393,0.9828,17.7801,0.9083,16.9715,0.8669,15.8841,0.8114,14.9976,0.7661,13.3438,0.6816,0.0,0.0,0.0,0.0,0.0,0.0,0.0,0.0,0.0,0.0,0.0,0.0,0.0,0.0,0.0,0.0,0.0,0.0,0.0,0.0,0.0,0.0,0.0,0.0,0.0,0.0,0.0,0.0,0.0,0.0,0.0,0.0,0.0,0.0,0.0,0.676,0.7086
256,0.001,3,10,100,32,16,256,184,440338,73,30,ContrastiveLoss,gru,/home/dpetrovitch/dzagcoffee/train_trace/gender/checkpoints_2025-10-07 19:53:20.141369_ContrastiveLoss_gru_catboost/model_256_0.001_3_10_100_256_32_16_256_ContrastiveLoss_gruepoch=19.ckpt,19,30,0.4170073,51.8181,1.6737,0.0005,4.4656,1.3441,11.4237,0.5557,1202.513,58.6778,268.239,13.089,248.2973,12.1159,237.0813,11.5686,222.2367,10.8443,210.4331,10.2683,187.2519,9.1371,85.9433,4.4454,19.171,0.9916,17.7458,0.9179,16.9441,0.8764,15.8832,0.8216,15.0396,0.7779,13.3828,0.6922,0.0,0.0,0.0,0.0,0.0,0.0,0.0,0.0,0.0,0.0,0.0,0.0,0.0,0.0,0.0,0.0,0.0,0.0,0.0,0.0,0.0,0.0,0.0,0.0,0.0,0.0,0.0,0.0,0.0,0.0,0.0,0.0,0.0,0.0,0.0,0.672,0.6922
256,0.001,3,10,100,32,16,256,184,440338,73,30,ContrastiveLoss,gru,/home/dpetrovitch/dzagcoffee/train_trace/gender/checkpoints_2025-10-07 19:53:20.141369_ContrastiveLoss_gru_catboost/model_256_0.001_3_10_100_256_32_16_256_ContrastiveLoss_gruepoch=20.ckpt,20,30,0.4181186,52.3077,1.6746,0.0006,4.4663,1.3423,11.9987,0.557,1203.4532,58.7231,270.4981,13.1991,250.3346,12.2152,238.9337,11.6589,224.0801,10.9341,212.252,10.3569,189.1444,9.2294,84.1146,4.2991,18.9063,0.9663,17.497,0.8943,16.7001,0.8536,15.6619,0.8005,14.8352,0.7582,13.2201,0.6757,0.0,0.0,0.0,0.0,0.0,0.0,0.0,0.0,0.0,0.0,0.0,0.0,0.0,0.0,0.0,0.0,0.0,0.0,0.0,0.0,0.0,0.0,0.0,0.0,0.0,0.0,0.0,0.0,0.0,0.0,0.0,0.0,0.0,0.0,0.0,0.68,0.7045
256,0.001,3,10,100,32,16,256,184,440338,73,30,ContrastiveLoss,gru,/home/dpetrovitch/dzagcoffee/train_trace/gender/checkpoints_2025-10-07 19:53:20.141369_ContrastiveLoss_gru_catboost/model_256_0.001_3_10_100_256_32_16_256_ContrastiveLoss_gruepoch=21.ckpt,21,30,0.41566503,50.1856,1.6726,0.0005,4.4745,1.2985,12.7598,0.5922,1198.5446,58.4267,270.6359,13.193,250.8569,12.2288,239.6808,11.684,224.9262,10.9647,212.4689,10.3574,189.9085,9.2577,88.5664,4.4655,19.9986,1.0083,18.5371,0.9346,17.7112,0.893,16.6209,0.838,15.7004,0.7916,14.0333,0.7076,0.0,0.0,0.0,0.0,0.0,0.0,0.0,0.0,0.0,0.0,0.0,0.0,0.0,0.0,0.0,0.0,0.0,0.0,0.0,0.0,0.0,0.0,0.0,0.0,0.0,0.0,0.0,0.0,0.0,0.0,0.0,0.0,0.0,0.0,0.0,0.696,0.7008
256,0.001,3,10,100,32,16,256,184,440338,73,30,ContrastiveLoss,gru,/home/dpetrovitch/dzagcoffee/train_trace/gender/checkpoints_2025-10-07 19:53:20.141369_ContrastiveLoss_gru_catboost/model_256_0.001_3_10_100_256_32_16_256_ContrastiveLoss_gruepoch=22.ckpt,22,30,0.4178407,51.0655,1.6741,0.0005,4.4847,1.3095,12.0883,0.5836,1202.1139,58.6317,270.5907,13.1977,250.6609,12.2257,239.3228,11.6727,224.4084,10.9453,212.2694,10.3532,188.8686,9.2118,88.2261,4.3965,19.8593,0.9896,18.3966,0.9167,17.5645,0.8753,16.4699,0.8207,15.579,0.7763,13.8615,0.6908,0.0,0.0,0.0,0.0,0.0,0.0,0.0,0.0,0.0,0.0,0.0,0.0,0.0,0.0,0.0,0.0,0.0,0.0,0.0,0.0,0.0,0.0,0.0,0.0,0.0,0.0,0.0,0.0,0.0,0.0,0.0,0.0,0.0,0.0,0.0,0.68,0.7266
256,0.001,3,10,100,32,16,256,184,440338,73,30,ContrastiveLoss,gru,/home/dpetrovitch/dzagcoffee/train_trace/gender/checkpoints_2025-10-07 19:53:20.141369_ContrastiveLoss_gru_catboost/model_256_0.001_3_10_100_256_32_16_256_ContrastiveLoss_gruepoch=23.ckpt,23,30,0.4158776,52.3993,1.6741,0.0005,4.4789,1.3347,12.1721,0.5627,1217.7633,59.4042,271.0405,13.2217,251.0523,12.2467,239.8028,11.6979,225.1647,10.9838,213.2243,10.4014,189.8575,9.2615,88.9596,4.4691,19.8,0.9947,18.3398,0.9214,17.518,0.8801,16.4487,0.8263,15.5764,0.7825,13.8694,0.6968,0.0,0.0,0.0,0.0,0.0,0.0,0.0,0.0,0.0,0.0,0.0,0.0,0.0,0.0,0.0,0.0,0.0,0.0,0.0,0.0,0.0,0.0,0.0,0.0,0.0,0.0,0.0,0.0,0.0,0.0,0.0,0.0,0.0,0.0,0.0,0.656,0.7032
256,0.001,3,10,100,32,16,256,184,440338,73,30,ContrastiveLoss,gru,/home/dpetrovitch/dzagcoffee/train_trace/gender/checkpoints_2025-10-07 19:53:20.141369_ContrastiveLoss_gru_catboost/model_256_0.001_3_10_100_256_32_16_256_ContrastiveLoss_gruepoch=24.ckpt,24,30,0.42057297,51.6826,1.6744,0.0005,4.4829,1.3133,12.0518,0.5805,1211.4962,59.0895,271.869,13.2601,251.8505,12.2838,240.6104,11.7355,225.8748,11.0168,213.7758,10.4267,190.1194,9.2729,85.5339,4.3801,19.1945,0.9829,17.7811,0.9105,16.9875,0.8699,15.9472,0.8166,15.093,0.7729,13.4228,0.6874,0.0,0.0,0.0,0.0,0.0,0.0,0.0,0.0,0.0,0.0,0.0,0.0,0.0,0.0,0.0,0.0,0.0,0.0,0.0,0.0,0.0,0.0,0.0,0.0,0.0,0.0,0.0,0.0,0.0,0.0,0.0,0.0,0.0,0.0,0.0,0.672,0.6762
256,0.001,3,10,100,32,16,256,184,440338,73,30,ContrastiveLoss,gru,/home/dpetrovitch/dzagcoffee/train_trace/gender/checkpoints_2025-10-07 19:53:20.141369_ContrastiveLoss_gru_catboost/model_256_0.001_3_10_100_256_32_16_256_ContrastiveLoss_gruepoch=25.ckpt,25,30,0.42254114,51.5912,1.6731,0.0005,4.4891,1.3114,12.564,0.5822,1219.4889,59.4557,272.2664,13.2742,252.2604,12.2989,241.05,11.7523,226.1878,11.0277,214.0913,10.4379,190.9784,9.3111,86.8704,4.406,19.3949,0.9837,17.9698,0.9114,17.1712,0.8709,16.1125,0.8172,15.2508,0.7735,13.6044,0.69,0.0,0.0,0.0,0.0,0.0,0.0,0.0,0.0,0.0,0.0,0.0,0.0,0.0,0.0,0.0,0.0,0.0,0.0,0.0,0.0,0.0,0.0,0.0,0.0,0.0,0.0,0.0,0.0,0.0,0.0,0.0,0.0,0.0,0.0,0.0,0.68,0.7204
256,0.001,3,10,100,32,16,256,184,440338,73,30,ContrastiveLoss,gru,/home/dpetrovitch/dzagcoffee/train_trace/gender/checkpoints_2025-10-07 19:53:20.141369_ContrastiveLoss_gru_catboost/model_256_0.001_3_10_100_256_32_16_256_ContrastiveLoss_gruepoch=26.ckpt,26,30,0.42399123,52.3881,1.6752,0.0005,4.4865,1.3224,12.1756,0.5729,1242.7285,60.6254,272.4535,13.2914,252.5942,12.3226,241.4838,11.7806,226.8718,11.0677,215.3028,10.5034,192.6225,9.3969,85.7081,4.3724,18.7905,0.9586,17.4208,0.8887,16.6546,0.8496,15.6468,0.7982,14.8489,0.7575,13.2847,0.6777,0.0,0.0,0.0,0.0,0.0,0.0,0.0,0.0,0.0,0.0,0.0,0.0,0.0,0.0,0.0,0.0,0.0,0.0,0.0,0.0,0.0,0.0,0.0,0.0,0.0,0.0,0.0,0.0,0.0,0.0,0.0,0.0,0.0,0.0,0.0,0.72,0.7469
256,0.001,3,10,100,32,16,256,184,440338,73,30,ContrastiveLoss,gru,/home/dpetrovitch/dzagcoffee/train_trace/gender/checkpoints_2025-10-07 19:53:20.141369_ContrastiveLoss_gru_catboost/model_256_0.001_3_10_100_256_32_16_256_ContrastiveLoss_gruepoch=27.ckpt,27,30,0.42296967,52.1042,1.6735,0.0005,4.4967,1.3131,12.5062,0.5809,1231.3207,60.0134,273.0601,13.3087,253.2378,12.3426,241.9691,11.7933,227.2761,11.0772,215.4042,10.4986,192.7569,9.3948,86.4571,4.4457,19.1729,0.9859,17.7811,0.9143,16.9898,0.8736,15.9582,0.8206,15.1246,0.7777,13.5344,0.696,0.0,0.0,0.0,0.0,0.0,0.0,0.0,0.0,0.0,0.0,0.0,0.0,0.0,0.0,0.0,0.0,0.0,0.0,0.0,0.0,0.0,0.0,0.0,0.0,0.0,0.0,0.0,0.0,0.0,0.0,0.0,0.0,0.0,0.0,0.0,0.704,0.7196
256,0.001,3,10,100,32,16,256,184,440338,73,30,ContrastiveLoss,gru,/home/dpetrovitch/dzagcoffee/train_trace/gender/checkpoints_2025-10-07 19:53:20.141369_ContrastiveLoss_gru_catboost/model_256_0.001_3_10_100_256_32_16_256_ContrastiveLoss_gruepoch=28.ckpt,28,30,0.42309034,52.2926,1.6749,0.0005,4.4933,1.3114,12.4049,0.5826,1235.9717,60.2623,273.0184,13.3116,253.2701,12.3487,242.0885,11.8035,227.2723,11.0811,215.5431,10.5092,192.4314,9.3824,84.9491,4.3717,18.7647,0.9657,17.4074,0.8958,16.6389,0.8563,15.6206,0.8039,14.8144,0.7624,13.2259,0.6806,0.0,0.0,0.0,0.0,0.0,0.0,0.0,0.0,0.0,0.0,0.0,0.0,0.0,0.0,0.0,0.0,0.0,0.0,0.0,0.0,0.0,0.0,0.0,0.0,0.0,0.0,0.0,0.0,0.0,0.0,0.0,0.0,0.0,0.0,0.0,0.716,0.7127
256,0.001,3,10,100,32,16,256,184,440338,73,30,ContrastiveLoss,gru,/home/dpetrovitch/dzagcoffee/train_trace/gender/checkpoints_2025-10-07 19:53:20.141369_ContrastiveLoss_gru_catboost/model_256_0.001_3_10_100_256_32_16_256_ContrastiveLoss_gruepoch=29.ckpt,29,30,0.4278067,51.6546,1.6759,0.0005,4.502,1.293,12.5582,0.598,1235.5997,60.2274,273.1042,13.312,253.4969,12.3563,242.2786,11.8095,227.5648,11.0923,215.6405,10.5111,192.2596,9.3714,83.0422,4.2983,18.3548,0.9501,17.037,0.8818,16.2831,0.8428,15.2942,0.7916,14.4928,0.7502,12.9214,0.6688,0.0,0.0,0.0,0.0,0.0,0.0,0.0,0.0,0.0,0.0,0.0,0.0,0.0,0.0,0.0,0.0,0.0,0.0,0.0,0.0,0.0,0.0,0.0,0.0,0.0,0.0,0.0,0.0,0.0,0.0,0.0,0.0,0.0,0.0,0.0,0.7,0.6961
128,0.0001,3,10,100,32,16,256,184,440338,73,30,ContrastiveLoss,gru,/home/dpetrovitch/dzagcoffee/train_trace/gender/checkpoints_2025-10-07 19:53:20.141369_ContrastiveLoss_gru_catboost/model_128_0.0001_3_10_100_256_32_16_256_ContrastiveLoss_gruepoch=00.ckpt,0,30,0.08763364,38.6809,1.6779,0.0003,5.0896,1.2279,6.5531,0.6842,345.8915,17.6663,242.7289,12.3973,217.4191,11.1046,203.1388,10.3752,182.8339,9.3382,164.9948,8.427,96.2403,4.9154,16.5396,1.0538,11.6066,0.7395,10.3964,0.6624,9.7135,0.6189,8.7426,0.557,7.8896,0.5027,4.6019,0.2932,0.0,0.0,0.0,0.0,0.0,0.0,0.0,0.0,0.0,0.0,0.0,0.0,0.0,0.0,0.0,0.0,0.0,0.0,0.0,0.0,0.0,0.0,0.0,0.0,0.0,0.0,0.0,0.0,0.0,0.0,0.0,0.0,0.0,0.0,0.0,0.532,0.5064
128,0.0001,3,10,100,32,16,256,184,440338,73,30,ContrastiveLoss,gru,/home/dpetrovitch/dzagcoffee/train_trace/gender/checkpoints_2025-10-07 19:53:20.141369_ContrastiveLoss_gru_catboost/model_128_0.0001_3_10_100_256_32_16_256_ContrastiveLoss_gruepoch=01.ckpt,1,30,0.11895788,41.8129,1.6775,0.0003,5.1229,1.2334,6.6793,0.6856,370.6552,18.777,260.0604,13.1744,232.773,11.792,216.5501,10.9702,193.483,9.8016,173.7665,8.8028,108.2528,5.484,16.3815,1.0363,11.4936,0.7271,10.2876,0.6508,9.5707,0.6054,8.5512,0.5409,7.6798,0.4858,4.7843,0.3027,0.0,0.0,0.0,0.0,0.0,0.0,0.0,0.0,0.0,0.0,0.0,0.0,0.0,0.0,0.0,0.0,0.0,0.0,0.0,0.0,0.0,0.0,0.0,0.0,0.0,0.0,0.0,0.0,0.0,0.0,0.0,0.0,0.0,0.0,0.0,0.524,0.5555
128,0.0001,3,10,100,32,16,256,184,440338,73,30,ContrastiveLoss,gru,/home/dpetrovitch/dzagcoffee/train_trace/gender/checkpoints_2025-10-07 19:53:20.141369_ContrastiveLoss_gru_catboost/model_128_0.0001_3_10_100_256_32_16_256_ContrastiveLoss_gruepoch=02.ckpt,2,30,0.18667477,43.354,1.677,0.0003,5.1663,1.2975,4.6387,0.6239,449.1536,22.5824,245.4717,12.3417,213.9195,10.7554,196.4099,9.875,172.8158,8.6888,152.5844,7.6716,80.2492,4.0347,18.3063,1.184,10.0048,0.6471,8.7188,0.5639,8.0051,0.5177,7.0435,0.4555,6.2189,0.4022,3.2707,0.2115,0.0,0.0,0.0,0.0,0.0,0.0,0.0,0.0,0.0,0.0,0.0,0.0,0.0,0.0,0.0,0.0,0.0,0.0,0.0,0.0,0.0,0.0,0.0,0.0,0.0,0.0,0.0,0.0,0.0,0.0,0.0,0.0,0.0,0.0,0.0,0.56,0.5732
128,0.0001,3,10,100,32,16,256,184,440338,73,30,ContrastiveLoss,gru,/home/dpetrovitch/dzagcoffee/train_trace/gender/checkpoints_2025-10-07 19:53:20.141369_ContrastiveLoss_gru_catboost/model_128_0.0001_3_10_100_256_32_16_256_ContrastiveLoss_gruepoch=03.ckpt,3,30,0.26757812,43.2512,1.6777,0.0003,5.1211,1.4094,5.3362,0.5289,571.8192,28.6062,220.7346,11.0426,192.818,9.646,177.8421,8.8968,158.1779,7.9131,142.022,7.1049,96.6263,4.8339,25.4633,1.7006,9.8294,0.6565,8.5863,0.5735,7.9194,0.5289,7.0437,0.4704,6.3243,0.4224,4.3028,0.2874,0.0,0.0,0.0,0.0,0.0,0.0,0.0,0.0,0.0,0.0,0.0,0.0,0.0,0.0,0.0,0.0,0.0,0.0,0.0,0.0,0.0,0.0,0.0,0.0,0.0,0.0,0.0,0.0,0.0,0.0,0.0,0.0,0.0,0.0,0.0,0.588,0.5993
128,0.0001,3,10,100,32,16,256,184,440338,73,30,ContrastiveLoss,gru,/home/dpetrovitch/dzagcoffee/train_trace/gender/checkpoints_2025-10-07 19:53:20.141369_ContrastiveLoss_gru_catboost/model_128_0.0001_3_10_100_256_32_16_256_ContrastiveLoss_gruepoch=04.ckpt,4,30,0.30780852,43.1746,1.6779,0.0004,5.0238,1.4754,6.1557,0.4797,681.8999,33.8373,214.7041,10.6541,190.0114,9.4288,176.9818,8.7822,160.8125,7.9799,148.1292,7.3505,110.8759,5.5019,40.5527,2.5726,12.7685,0.81,11.3,0.7168,10.5251,0.6677,9.5635,0.6067,8.8093,0.5588,6.5938,0.4183,0.0,0.0,0.0,0.0,0.0,0.0,0.0,0.0,0.0,0.0,0.0,0.0,0.0,0.0,0.0,0.0,0.0,0.0,0.0,0.0,0.0,0.0,0.0,0.0,0.0,0.0,0.0,0.0,0.0,0.0,0.0,0.0,0.0,0.0,0.0,0.612,0.6255
128,0.0001,3,10,100,32,16,256,184,440338,73,30,ContrastiveLoss,gru,/home/dpetrovitch/dzagcoffee/train_trace/gender/checkpoints_2025-10-07 19:53:20.141369_ContrastiveLoss_gru_catboost/model_128_0.0001_3_10_100_256_32_16_256_ContrastiveLoss_gruepoch=05.ckpt,5,30,0.33317629,41.8537,1.6769,0.0003,4.9275,1.4512,6.6685,0.4879,783.7663,38.7736,215.3066,10.6514,192.4625,9.5213,180.318,8.9205,164.486,8.1373,151.9233,7.5158,119.2379,5.8988,53.218,3.1996,14.6194,0.8789,13.0683,0.7857,12.2437,0.7361,11.1687,0.6715,10.3156,0.6202,8.0963,0.4868,0.0,0.0,0.0,0.0,0.0,0.0,0.0,0.0,0.0,0.0,0.0,0.0,0.0,0.0,0.0,0.0,0.0,0.0,0.0,0.0,0.0,0.0,0.0,0.0,0.0,0.0,0.0,0.0,0.0,0.0,0.0,0.0,0.0,0.0,0.0,0.596,0.6551
128,0.0001,3,10,100,32,16,256,184,440338,73,30,ContrastiveLoss,gru,/home/dpetrovitch/dzagcoffee/train_trace/gender/checkpoints_2025-10-07 19:53:20.141369_ContrastiveLoss_gru_catboost/model_128_0.0001_3_10_100_256_32_16_256_ContrastiveLoss_gruepoch=06.ckpt,6,30,0.3423394,42.1688,1.6778,0.0004,4.9209,1.4538,7.313,0.4845,818.609,40.486,217.7173,10.7677,195.4901,9.6684,183.7041,9.0855,168.3106,8.3242,155.9688,7.7138,123.5014,6.108,61.7259,3.6156,16.4166,0.9616,14.7406,0.8634,13.8519,0.8114,12.6912,0.7434,11.7606,0.6889,9.3124,0.5455,0.0,0.0,0.0,0.0,0.0,0.0,0.0,0.0,0.0,0.0,0.0,0.0,0.0,0.0,0.0,0.0,0.0,0.0,0.0,0.0,0.0,0.0,0.0,0.0,0.0,0.0,0.0,0.0,0.0,0.0,0.0,0.0,0.0,0.0,0.0,0.62,0.6564
128,0.0001,3,10,100,32,16,256,184,440338,73,30,ContrastiveLoss,gru,/home/dpetrovitch/dzagcoffee/train_trace/gender/checkpoints_2025-10-07 19:53:20.141369_ContrastiveLoss_gru_catboost/model_128_0.0001_3_10_100_256_32_16_256_ContrastiveLoss_gruepoch=07.ckpt,7,30,0.33928692,41.7648,1.6764,0.0004,4.8835,1.4463,7.1894,0.4874,842.9013,41.6056,220.6912,10.8933,198.5229,9.7991,186.7947,9.2202,171.5456,8.4675,159.2634,7.8612,125.1621,6.178,62.1065,3.6219,16.2609,0.9483,14.6275,0.853,13.7634,0.8026,12.6398,0.7371,11.7348,0.6843,9.2222,0.5378,0.0,0.0,0.0,0.0,0.0,0.0,0.0,0.0,0.0,0.0,0.0,0.0,0.0,0.0,0.0,0.0,0.0,0.0,0.0,0.0,0.0,0.0,0.0,0.0,0.0,0.0,0.0,0.0,0.0,0.0,0.0,0.0,0.0,0.0,0.0,0.62,0.6419
128,0.0001,3,10,100,32,16,256,184,440338,73,30,ContrastiveLoss,gru,/home/dpetrovitch/dzagcoffee/train_trace/gender/checkpoints_2025-10-07 19:53:20.141369_ContrastiveLoss_gru_catboost/model_128_0.0001_3_10_100_256_32_16_256_ContrastiveLoss_gruepoch=08.ckpt,8,30,0.3659996,41.396,1.6775,0.0004,4.8128,1.4288,7.4147,0.4962,887.5346,43.8035,222.6497,10.9887,200.9718,9.9188,189.4934,9.3523,174.4685,8.6107,162.3011,8.0102,130.4209,6.4368,63.7226,3.7692,15.9857,0.9455,14.4292,0.8535,13.6051,0.8047,12.5264,0.7409,11.6528,0.6893,9.3639,0.5539,0.0,0.0,0.0,0.0,0.0,0.0,0.0,0.0,0.0,0.0,0.0,0.0,0.0,0.0,0.0,0.0,0.0,0.0,0.0,0.0,0.0,0.0,0.0,0.0,0.0,0.0,0.0,0.0,0.0,0.0,0.0,0.0,0.0,0.0,0.0,0.616,0.6515
128,0.0001,3,10,100,32,16,256,184,440338,73,30,ContrastiveLoss,gru,/home/dpetrovitch/dzagcoffee/train_trace/gender/checkpoints_2025-10-07 19:53:20.141369_ContrastiveLoss_gru_catboost/model_128_0.0001_3_10_100_256_32_16_256_ContrastiveLoss_gruepoch=09.ckpt,9,30,0.35620832,40.6277,1.6771,0.0004,4.7768,1.4074,8.4581,0.5098,910.2015,44.8431,225.1711,11.0936,203.9895,10.05,192.6899,9.4933,178.2973,8.7842,166.2327,8.1898,132.5192,6.5289,66.9891,3.8562,16.5722,0.954,15.0132,0.8642,14.1816,0.8164,13.1224,0.7554,12.2344,0.7043,9.7532,0.5614,0.0,0.0,0.0,0.0,0.0,0.0,0.0,0.0,0.0,0.0,0.0,0.0,0.0,0.0,0.0,0.0,0.0,0.0,0.0,0.0,0.0,0.0,0.0,0.0,0.0,0.0,0.0,0.0,0.0,0.0,0.0,0.0,0.0,0.0,0.0,0.636,0.6412
128,0.0001,3,10,100,32,16,256,184,440338,73,30,ContrastiveLoss,gru,/home/dpetrovitch/dzagcoffee/train_trace/gender/checkpoints_2025-10-07 19:53:20.141369_ContrastiveLoss_gru_catboost/model_128_0.0001_3_10_100_256_32_16_256_ContrastiveLoss_gruepoch=10.ckpt,10,30,0.36009172,40.8061,1.6764,0.0004,4.7524,1.4372,8.0672,0.4903,929.5255,45.7703,225.808,11.1189,204.7241,10.0807,193.4344,9.5248,178.8368,8.806,166.9265,8.2195,135.5681,6.6754,73.5755,4.1091,17.8736,0.9982,16.2047,0.905,15.3111,0.8551,14.1556,0.7906,13.2129,0.7379,10.7307,0.5993,0.0,0.0,0.0,0.0,0.0,0.0,0.0,0.0,0.0,0.0,0.0,0.0,0.0,0.0,0.0,0.0,0.0,0.0,0.0,0.0,0.0,0.0,0.0,0.0,0.0,0.0,0.0,0.0,0.0,0.0,0.0,0.0,0.0,0.0,0.0,0.624,0.6653
128,0.0001,3,10,100,32,16,256,184,440338,73,30,ContrastiveLoss,gru,/home/dpetrovitch/dzagcoffee/train_trace/gender/checkpoints_2025-10-07 19:53:20.141369_ContrastiveLoss_gru_catboost/model_128_0.0001_3_10_100_256_32_16_256_ContrastiveLoss_gruepoch=11.ckpt,11,30,0.36274442,40.2594,1.6775,0.0004,4.7114,1.4009,7.6503,0.5096,949.9864,46.7753,224.7005,11.0638,204.0117,10.0451,193.0744,9.5066,179.0047,8.8138,167.4861,8.2467,135.0576,6.6499,77.418,4.2941,18.3117,1.0157,16.6257,0.9222,15.7344,0.8727,14.5878,0.8091,13.6491,0.7571,11.0064,0.6105,0.0,0.0,0.0,0.0,0.0,0.0,0.0,0.0,0.0,0.0,0.0,0.0,0.0,0.0,0.0,0.0,0.0,0.0,0.0,0.0,0.0,0.0,0.0,0.0,0.0,0.0,0.0,0.0,0.0,0.0,0.0,0.0,0.0,0.0,0.0,0.624,0.672
128,0.0001,3,10,100,32,16,256,184,440338,73,30,ContrastiveLoss,gru,/home/dpetrovitch/dzagcoffee/train_trace/gender/checkpoints_2025-10-07 19:53:20.141369_ContrastiveLoss_gru_catboost/model_128_0.0001_3_10_100_256_32_16_256_ContrastiveLoss_gruepoch=12.ckpt,12,30,0.3673531,39.8603,1.6774,0.0004,4.7054,1.3866,8.5973,0.5213,951.9874,46.8406,226.4068,11.1399,205.8729,10.1296,194.8993,9.5896,180.6527,8.8887,169.012,8.3159,136.0328,6.6932,80.7213,4.4986,19.1976,1.0699,17.4565,0.9728,16.526,0.921,15.318,0.8537,14.3309,0.7987,11.5346,0.6428,0.0,0.0,0.0,0.0,0.0,0.0,0.0,0.0,0.0,0.0,0.0,0.0,0.0,0.0,0.0,0.0,0.0,0.0,0.0,0.0,0.0,0.0,0.0,0.0,0.0,0.0,0.0,0.0,0.0,0.0,0.0,0.0,0.0,0.0,0.0,0.644,0.6583
128,0.0001,3,10,100,32,16,256,184,440338,73,30,ContrastiveLoss,gru,/home/dpetrovitch/dzagcoffee/train_trace/gender/checkpoints_2025-10-07 19:53:20.141369_ContrastiveLoss_gru_catboost/model_128_0.0001_3_10_100_256_32_16_256_ContrastiveLoss_gruepoch=13.ckpt,13,30,0.37180474,39.8983,1.6773,0.0004,4.6905,1.3906,8.7999,0.518,962.7231,47.3824,227.246,11.1844,206.7321,10.1748,195.7539,9.6344,181.529,8.9343,169.7776,8.356,137.8267,6.7834,77.1559,4.3071,18.2123,1.0167,16.5682,0.9249,15.6884,0.8758,14.5484,0.8121,13.6066,0.7596,11.0459,0.6166,0.0,0.0,0.0,0.0,0.0,0.0,0.0,0.0,0.0,0.0,0.0,0.0,0.0,0.0,0.0,0.0,0.0,0.0,0.0,0.0,0.0,0.0,0.0,0.0,0.0,0.0,0.0,0.0,0.0,0.0,0.0,0.0,0.0,0.0,0.0,0.632,0.6578
128,0.0001,3,10,100,32,16,256,184,440338,73,30,ContrastiveLoss,gru,/home/dpetrovitch/dzagcoffee/train_trace/gender/checkpoints_2025-10-07 19:53:20.141369_ContrastiveLoss_gru_catboost/model_128_0.0001_3_10_100_256_32_16_256_ContrastiveLoss_gruepoch=14.ckpt,14,30,0.367573,40.5518,1.6774,0.0004,4.7053,1.4263,8.8026,0.4958,960.5107,47.2813,227.2362,11.1857,206.702,10.1749,195.6264,9.6297,181.4416,8.9315,169.7864,8.3578,138.7812,6.8315,76.0865,4.2749,18.0004,1.0113,16.3738,0.92,15.4965,0.8707,14.3728,0.8075,13.4496,0.7557,10.9935,0.6177,0.0,0.0,0.0,0.0,0.0,0.0,0.0,0.0,0.0,0.0,0.0,0.0,0.0,0.0,0.0,0.0,0.0,0.0,0.0,0.0,0.0,0.0,0.0,0.0,0.0,0.0,0.0,0.0,0.0,0.0,0.0,0.0,0.0,0.0,0.0,0.672,0.651
128,0.0001,3,10,100,32,16,256,184,440338,73,30,ContrastiveLoss,gru,/home/dpetrovitch/dzagcoffee/train_trace/gender/checkpoints_2025-10-07 19:53:20.141369_ContrastiveLoss_gru_catboost/model_128_0.0001_3_10_100_256_32_16_256_ContrastiveLoss_gruepoch=15.ckpt,15,30,0.37156495,39.6449,1.6774,0.0004,4.6792,1.3853,9.1738,0.5208,972.3398,47.8167,228.4958,11.2367,208.2185,10.2395,197.4355,9.7093,183.2286,9.0106,171.7208,8.4447,138.652,6.8185,82.2226,4.5846,19.322,1.0774,17.6073,0.9818,16.6955,0.9309,15.4941,0.8639,14.521,0.8097,11.7246,0.6537,0.0,0.0,0.0,0.0,0.0,0.0,0.0,0.0,0.0,0.0,0.0,0.0,0.0,0.0,0.0,0.0,0.0,0.0,0.0,0.0,0.0,0.0,0.0,0.0,0.0,0.0,0.0,0.0,0.0,0.0,0.0,0.0,0.0,0.0,0.0,0.648,0.6784
128,0.0001,3,10,100,32,16,256,184,440338,73,30,ContrastiveLoss,gru,/home/dpetrovitch/dzagcoffee/train_trace/gender/checkpoints_2025-10-07 19:53:20.141369_ContrastiveLoss_gru_catboost/model_128_0.0001_3_10_100_256_32_16_256_ContrastiveLoss_gruepoch=16.ckpt,16,30,0.37086818,39.1532,1.6777,0.0004,4.6687,1.3567,8.598,0.5409,968.2492,47.6426,227.1064,11.1747,206.7213,10.1717,195.8699,9.6378,181.9285,8.9518,170.3663,8.3829,136.4453,6.7138,78.0318,4.3774,18.3026,1.0267,16.6598,0.9346,15.7853,0.8855,14.6617,0.8225,13.7299,0.7702,10.9962,0.6169,0.0,0.0,0.0,0.0,0.0,0.0,0.0,0.0,0.0,0.0,0.0,0.0,0.0,0.0,0.0,0.0,0.0,0.0,0.0,0.0,0.0,0.0,0.0,0.0,0.0,0.0,0.0,0.0,0.0,0.0,0.0,0.0,0.0,0.0,0.0,0.648,0.6915
128,0.0001,3,10,100,32,16,256,184,440338,73,30,ContrastiveLoss,gru,/home/dpetrovitch/dzagcoffee/train_trace/gender/checkpoints_2025-10-07 19:53:20.141369_ContrastiveLoss_gru_catboost/model_128_0.0001_3_10_100_256_32_16_256_ContrastiveLoss_gruepoch=17.ckpt,17,30,0.37598515,39.7961,1.6771,0.0004,4.6521,1.3935,8.8817,0.5154,990.1046,48.6829,229.6109,11.2898,209.1634,10.2844,198.326,9.7516,184.3388,9.0638,172.9826,8.5055,141.1918,6.9423,78.4774,4.3521,18.1994,1.0093,16.5787,0.9194,15.7197,0.8718,14.611,0.8103,13.7109,0.7604,11.1911,0.6206,0.0,0.0,0.0,0.0,0.0,0.0,0.0,0.0,0.0,0.0,0.0,0.0,0.0,0.0,0.0,0.0,0.0,0.0,0.0,0.0,0.0,0.0,0.0,0.0,0.0,0.0,0.0,0.0,0.0,0.0,0.0,0.0,0.0,0.0,0.0,0.656,0.6822
128,0.0001,3,10,100,32,16,256,184,440338,73,30,ContrastiveLoss,gru,/home/dpetrovitch/dzagcoffee/train_trace/gender/checkpoints_2025-10-07 19:53:20.141369_ContrastiveLoss_gru_catboost/model_128_0.0001_3_10_100_256_32_16_256_ContrastiveLoss_gruepoch=18.ckpt,18,30,0.3768132,39.4141,1.6772,0.0004,4.6372,1.3729,8.3725,0.5289,996.0707,48.9883,230.2706,11.3251,209.7798,10.3173,198.8439,9.7795,184.6298,9.0804,173.0788,8.5123,140.768,6.9232,81.1788,4.5406,18.7668,1.0497,17.0969,0.9563,16.2056,0.9064,15.0472,0.8416,14.1058,0.789,11.4725,0.6417,0.0,0.0,0.0,0.0,0.0,0.0,0.0,0.0,0.0,0.0,0.0,0.0,0.0,0.0,0.0,0.0,0.0,0.0,0.0,0.0,0.0,0.0,0.0,0.0,0.0,0.0,0.0,0.0,0.0,0.0,0.0,0.0,0.0,0.0,0.0,0.664,0.685
128,0.0001,3,10,100,32,16,256,184,440338,73,30,ContrastiveLoss,gru,/home/dpetrovitch/dzagcoffee/train_trace/gender/checkpoints_2025-10-07 19:53:20.141369_ContrastiveLoss_gru_catboost/model_128_0.0001_3_10_100_256_32_16_256_ContrastiveLoss_gruepoch=19.ckpt,19,30,0.37253007,39.8282,1.6777,0.0004,4.6365,1.3862,8.8425,0.5199,1007.9261,49.5953,230.8849,11.3608,210.5691,10.3611,199.7285,9.8277,185.6013,9.1326,174.147,8.5689,143.2522,7.0488,79.5741,4.4805,18.228,1.0263,16.6241,0.936,15.7682,0.8878,14.6529,0.825,13.7486,0.7741,11.3095,0.6368,0.0,0.0,0.0,0.0,0.0,0.0,0.0,0.0,0.0,0.0,0.0,0.0,0.0,0.0,0.0,0.0,0.0,0.0,0.0,0.0,0.0,0.0,0.0,0.0,0.0,0.0,0.0,0.0,0.0,0.0,0.0,0.0,0.0,0.0,0.0,0.652,0.6817
128,0.0001,3,10,100,32,16,256,184,440338,73,30,ContrastiveLoss,gru,/home/dpetrovitch/dzagcoffee/train_trace/gender/checkpoints_2025-10-07 19:53:20.141369_ContrastiveLoss_gru_catboost/model_128_0.0001_3_10_100_256_32_16_256_ContrastiveLoss_gruepoch=20.ckpt,20,30,0.37811813,38.697,1.6764,0.0004,4.6021,1.3463,8.5542,0.5465,1007.7845,49.5301,230.6212,11.3344,210.3854,10.3399,199.7251,9.816,185.7656,9.1299,174.3209,8.5674,141.5379,6.9562,83.0953,4.6137,19.0155,1.0558,17.347,0.9632,16.468,0.9144,15.317,0.8505,14.3734,0.7981,11.6703,0.648,0.0,0.0,0.0,0.0,0.0,0.0,0.0,0.0,0.0,0.0,0.0,0.0,0.0,0.0,0.0,0.0,0.0,0.0,0.0,0.0,0.0,0.0,0.0,0.0,0.0,0.0,0.0,0.0,0.0,0.0,0.0,0.0,0.0,0.0,0.0,0.656,0.6682
128,0.0001,3,10,100,32,16,256,184,440338,73,30,ContrastiveLoss,gru,/home/dpetrovitch/dzagcoffee/train_trace/gender/checkpoints_2025-10-07 19:53:20.141369_ContrastiveLoss_gru_catboost/model_128_0.0001_3_10_100_256_32_16_256_ContrastiveLoss_gruepoch=21.ckpt,21,30,0.38023403,39.208,1.6773,0.0004,4.6058,1.3611,9.4736,0.5367,1016.8957,49.9905,231.8627,11.3984,211.8184,10.413,200.9897,9.8806,186.952,9.1905,175.2221,8.6139,142.9166,7.0258,83.2248,4.5793,18.9761,1.0441,17.3357,0.9539,16.4494,0.9051,15.3005,0.8419,14.3405,0.7891,11.6966,0.6436,0.0,0.0,0.0,0.0,0.0,0.0,0.0,0.0,0.0,0.0,0.0,0.0,0.0,0.0,0.0,0.0,0.0,0.0,0.0,0.0,0.0,0.0,0.0,0.0,0.0,0.0,0.0,0.0,0.0,0.0,0.0,0.0,0.0,0.0,0.0,0.672,0.6763
128,0.0001,3,10,100,32,16,256,184,440338,73,30,ContrastiveLoss,gru,/home/dpetrovitch/dzagcoffee/train_trace/gender/checkpoints_2025-10-07 19:53:20.141369_ContrastiveLoss_gru_catboost/model_128_0.0001_3_10_100_256_32_16_256_ContrastiveLoss_gruepoch=22.ckpt,22,30,0.3834721,39.0527,1.6766,0.0004,4.6,1.3589,9.119,0.5375,1019.0613,50.0734,231.8111,11.3905,211.825,10.4084,201.114,9.8821,187.0713,9.1921,175.4158,8.6194,143.2795,7.0403,84.634,4.6458,19.2521,1.0568,17.5923,0.9657,16.7027,0.9169,15.5365,0.8528,14.5685,0.7997,11.8995,0.6532,0.0,0.0,0.0,0.0,0.0,0.0,0.0,0.0,0.0,0.0,0.0,0.0,0.0,0.0,0.0,0.0,0.0,0.0,0.0,0.0,0.0,0.0,0.0,0.0,0.0,0.0,0.0,0.0,0.0,0.0,0.0,0.0,0.0,0.0,0.0,0.648,0.6893
128,0.0001,3,10,100,32,16,256,184,440338,73,30,ContrastiveLoss,gru,/home/dpetrovitch/dzagcoffee/train_trace/gender/checkpoints_2025-10-07 19:53:20.141369_ContrastiveLoss_gru_catboost/model_128_0.0001_3_10_100_256_32_16_256_ContrastiveLoss_gruepoch=23.ckpt,23,30,0.37808958,39.3214,1.6775,0.0004,4.5979,1.3616,9.1553,0.5357,1027.1376,50.4812,232.255,11.4148,212.2096,10.4296,201.4544,9.901,187.5274,9.2165,176.0407,8.652,143.7846,7.0667,84.1388,4.6148,19.0254,1.0435,17.3833,0.9534,16.5023,0.9051,15.3615,0.8425,14.4205,0.7909,11.7782,0.646,0.0,0.0,0.0,0.0,0.0,0.0,0.0,0.0,0.0,0.0,0.0,0.0,0.0,0.0,0.0,0.0,0.0,0.0,0.0,0.0,0.0,0.0,0.0,0.0,0.0,0.0,0.0,0.0,0.0,0.0,0.0,0.0,0.0,0.0,0.0,0.66,0.6949
128,0.0001,3,10,100,32,16,256,184,440338,73,30,ContrastiveLoss,gru,/home/dpetrovitch/dzagcoffee/train_trace/gender/checkpoints_2025-10-07 19:53:20.141369_ContrastiveLoss_gru_catboost/model_128_0.0001_3_10_100_256_32_16_256_ContrastiveLoss_gruepoch=24.ckpt,24,30,0.3820044,38.9982,1.6776,0.0004,4.5945,1.3451,9.0833,0.5474,1021.7823,50.2278,231.6612,11.3878,211.6675,10.405,200.8693,9.8741,187.069,9.1958,175.7414,8.6389,142.3781,6.9989,83.4771,4.5891,18.9262,1.0405,17.2927,0.9507,16.4105,0.9022,15.2831,0.8402,14.3576,0.7893,11.6319,0.6395,0.0,0.0,0.0,0.0,0.0,0.0,0.0,0.0,0.0,0.0,0.0,0.0,0.0,0.0,0.0,0.0,0.0,0.0,0.0,0.0,0.0,0.0,0.0,0.0,0.0,0.0,0.0,0.0,0.0,0.0,0.0,0.0,0.0,0.0,0.0,0.664,0.6636
128,0.0001,3,10,100,32,16,256,184,440338,73,30,ContrastiveLoss,gru,/home/dpetrovitch/dzagcoffee/train_trace/gender/checkpoints_2025-10-07 19:53:20.141369_ContrastiveLoss_gru_catboost/model_128_0.0001_3_10_100_256_32_16_256_ContrastiveLoss_gruepoch=25.ckpt,25,30,0.38005698,39.105,1.6778,0.0004,4.5926,1.3452,8.3833,0.5473,1028.294,50.5691,232.8014,11.4486,212.6224,10.4563,201.8118,9.9246,187.8897,9.24,176.5612,8.6829,143.4452,7.0543,81.124,4.5339,18.3661,1.0265,16.7742,0.9375,15.9213,0.8898,14.823,0.8284,13.9292,0.7785,11.3166,0.6325,0.0,0.0,0.0,0.0,0.0,0.0,0.0,0.0,0.0,0.0,0.0,0.0,0.0,0.0,0.0,0.0,0.0,0.0,0.0,0.0,0.0,0.0,0.0,0.0,0.0,0.0,0.0,0.0,0.0,0.0,0.0,0.0,0.0,0.0,0.0,0.652,0.6714
128,0.0001,3,10,100,32,16,256,184,440338,73,30,ContrastiveLoss,gru,/home/dpetrovitch/dzagcoffee/train_trace/gender/checkpoints_2025-10-07 19:53:20.141369_ContrastiveLoss_gru_catboost/model_128_0.0001_3_10_100_256_32_16_256_ContrastiveLoss_gruepoch=26.ckpt,26,30,0.3843173,38.6485,1.6752,0.0004,4.5673,1.3443,8.6362,0.5476,1029.8247,50.5476,232.0863,11.3917,212.2304,10.4171,201.5323,9.892,187.7613,9.216,176.327,8.6548,144.0766,7.0718,83.2148,4.5727,18.7537,1.0305,17.1492,0.9424,16.2848,0.8949,15.172,0.8337,14.2481,0.7829,11.6421,0.6397,0.0,0.0,0.0,0.0,0.0,0.0,0.0,0.0,0.0,0.0,0.0,0.0,0.0,0.0,0.0,0.0,0.0,0.0,0.0,0.0,0.0,0.0,0.0,0.0,0.0,0.0,0.0,0.0,0.0,0.0,0.0,0.0,0.0,0.0,0.0,0.652,0.6686
128,0.0001,3,10,100,32,16,256,184,440338,73,30,ContrastiveLoss,gru,/home/dpetrovitch/dzagcoffee/train_trace/gender/checkpoints_2025-10-07 19:53:20.141369_ContrastiveLoss_gru_catboost/model_128_0.0001_3_10_100_256_32_16_256_ContrastiveLoss_gruepoch=27.ckpt,27,30,0.3850883,38.3502,1.6762,0.0004,4.56,1.3232,8.3373,0.5632,1032.2373,50.6853,232.8479,11.4334,212.6301,10.4406,202.0307,9.9202,188.2946,9.2457,177.0149,8.6918,142.7984,7.0117,85.0655,4.671,19.1887,1.0537,17.5226,0.9622,16.6491,0.9142,15.5171,0.8521,14.5876,0.801,11.7678,0.6462,0.0,0.0,0.0,0.0,0.0,0.0,0.0,0.0,0.0,0.0,0.0,0.0,0.0,0.0,0.0,0.0,0.0,0.0,0.0,0.0,0.0,0.0,0.0,0.0,0.0,0.0,0.0,0.0,0.0,0.0,0.0,0.0,0.0,0.0,0.0,0.652,0.6813
128,0.0001,3,10,100,32,16,256,184,440338,73,30,ContrastiveLoss,gru,/home/dpetrovitch/dzagcoffee/train_trace/gender/checkpoints_2025-10-07 19:53:20.141369_ContrastiveLoss_gru_catboost/model_128_0.0001_3_10_100_256_32_16_256_ContrastiveLoss_gruepoch=28.ckpt,28,30,0.38336644,38.3255,1.676,0.0004,4.5561,1.3225,8.5387,0.5643,1032.4225,50.6879,232.8112,11.4301,212.7784,10.4466,201.9659,9.9157,188.3622,9.2479,176.9321,8.6867,142.6174,7.002,84.3261,4.6207,19.0155,1.042,17.3793,0.9523,16.4962,0.9039,15.385,0.843,14.4515,0.7919,11.6487,0.6383,0.0,0.0,0.0,0.0,0.0,0.0,0.0,0.0,0.0,0.0,0.0,0.0,0.0,0.0,0.0,0.0,0.0,0.0,0.0,0.0,0.0,0.0,0.0,0.0,0.0,0.0,0.0,0.0,0.0,0.0,0.0,0.0,0.0,0.0,0.0,0.608,0.6568
128,0.0001,3,10,100,32,16,256,184,440338,73,30,ContrastiveLoss,gru,/home/dpetrovitch/dzagcoffee/train_trace/gender/checkpoints_2025-10-07 19:53:20.141369_ContrastiveLoss_gru_catboost/model_128_0.0001_3_10_100_256_32_16_256_ContrastiveLoss_gruepoch=29.ckpt,29,30,0.3831723,39.0195,1.6777,0.0004,4.5626,1.3333,8.1881,0.5556,1045.2023,51.3683,233.897,11.4953,213.7121,10.5033,202.8628,9.9701,188.9144,9.2845,177.5456,8.7258,143.7359,7.0642,85.9256,4.6806,19.2286,1.0474,17.5692,0.957,16.6773,0.9085,15.5306,0.846,14.5959,0.7951,11.8165,0.6437,0.0,0.0,0.0,0.0,0.0,0.0,0.0,0.0,0.0,0.0,0.0,0.0,0.0,0.0,0.0,0.0,0.0,0.0,0.0,0.0,0.0,0.0,0.0,0.0,0.0,0.0,0.0,0.0,0.0,0.0,0.0,0.0,0.0,0.0,0.0,0.684,0.6841
128,0.0005,3,10,100,32,16,256,184,440338,73,30,ContrastiveLoss,gru,/home/dpetrovitch/dzagcoffee/train_trace/gender/checkpoints_2025-10-07 19:53:20.141369_ContrastiveLoss_gru_catboost/model_128_0.0005_3_10_100_256_32_16_256_ContrastiveLoss_gruepoch=00.ckpt,0,30,0.20873308,44.5253,1.679,0.0003,5.237,1.3291,4.9518,0.5997,419.7694,21.6397,243.1761,12.5361,210.0804,10.8299,192.5681,9.9272,170.0033,8.7639,152.3,7.8513,77.3792,3.989,16.5382,1.0597,9.5807,0.6139,8.2768,0.5303,7.5868,0.4861,6.6978,0.4292,6.0004,0.3845,3.0486,0.1953,0.0,0.0,0.0,0.0,0.0,0.0,0.0,0.0,0.0,0.0,0.0,0.0,0.0,0.0,0.0,0.0,0.0,0.0,0.0,0.0,0.0,0.0,0.0,0.0,0.0,0.0,0.0,0.0,0.0,0.0,0.0,0.0,0.0,0.0,0.0,0.572,0.5645
128,0.0005,3,10,100,32,16,256,184,440338,73,30,ContrastiveLoss,gru,/home/dpetrovitch/dzagcoffee/train_trace/gender/checkpoints_2025-10-07 19:53:20.141369_ContrastiveLoss_gru_catboost/model_128_0.0005_3_10_100_256_32_16_256_ContrastiveLoss_gruepoch=01.ckpt,1,30,0.3517938,46.0931,1.6788,0.0004,5.1572,1.474,7.13,0.4879,634.1641,31.8097,235.1971,11.7975,206.8138,10.3738,190.7952,9.5703,169.6936,8.5118,152.7156,7.6602,117.5226,5.8949,28.9303,1.8546,10.7296,0.6878,9.4348,0.6048,8.704,0.558,7.7413,0.4963,6.9668,0.4466,5.3613,0.3437,0.0,0.0,0.0,0.0,0.0,0.0,0.0,0.0,0.0,0.0,0.0,0.0,0.0,0.0,0.0,0.0,0.0,0.0,0.0,0.0,0.0,0.0,0.0,0.0,0.0,0.0,0.0,0.0,0.0,0.0,0.0,0.0,0.0,0.0,0.0,0.568,0.5462
128,0.0005,3,10,100,32,16,256,184,440338,73,30,ContrastiveLoss,gru,/home/dpetrovitch/dzagcoffee/train_trace/gender/checkpoints_2025-10-07 19:53:20.141369_ContrastiveLoss_gru_catboost/model_128_0.0005_3_10_100_256_32_16_256_ContrastiveLoss_gruepoch=02.ckpt,2,30,0.36918628,40.5722,1.6788,0.0003,4.9539,1.385,7.6442,0.5345,776.675,38.6473,232.1178,11.5502,207.576,10.329,194.1069,9.6587,175.7946,8.7475,160.5018,7.9866,130.8353,6.5104,42.5962,2.6525,12.7303,0.7927,11.3844,0.7089,10.6457,0.6629,9.6413,0.6004,8.8026,0.5481,7.1756,0.4468,0.0,0.0,0.0,0.0,0.0,0.0,0.0,0.0,0.0,0.0,0.0,0.0,0.0,0.0,0.0,0.0,0.0,0.0,0.0,0.0,0.0,0.0,0.0,0.0,0.0,0.0,0.0,0.0,0.0,0.0,0.0,0.0,0.0,0.0,0.0,0.6,0.5976
128,0.0005,3,10,100,32,16,256,184,440338,73,30,ContrastiveLoss,gru,/home/dpetrovitch/dzagcoffee/train_trace/gender/checkpoints_2025-10-07 19:53:20.141369_ContrastiveLoss_gru_catboost/model_128_0.0005_3_10_100_256_32_16_256_ContrastiveLoss_gruepoch=03.ckpt,3,30,0.3851454,41.503,1.6787,0.0004,4.8286,1.4597,8.6175,0.4855,864.9312,42.9043,237.9224,11.802,213.8271,10.6067,200.6017,9.9507,182.8253,9.0689,167.4397,8.3057,141.3598,7.0121,44.9594,2.8232,12.3673,0.7766,11.1148,0.6979,10.4273,0.6548,9.5033,0.5967,8.7036,0.5465,7.3479,0.4614,0.0,0.0,0.0,0.0,0.0,0.0,0.0,0.0,0.0,0.0,0.0,0.0,0.0,0.0,0.0,0.0,0.0,0.0,0.0,0.0,0.0,0.0,0.0,0.0,0.0,0.0,0.0,0.0,0.0,0.0,0.0,0.0,0.0,0.0,0.0,0.592,0.5836
128,0.0005,3,10,100,32,16,256,184,440338,73,30,ContrastiveLoss,gru,/home/dpetrovitch/dzagcoffee/train_trace/gender/checkpoints_2025-10-07 19:53:20.141369_ContrastiveLoss_gru_catboost/model_128_0.0005_3_10_100_256_32_16_256_ContrastiveLoss_gruepoch=04.ckpt,4,30,0.39371178,39.9609,1.6789,0.0004,4.7187,1.3703,9.0736,0.5384,950.0367,46.8404,240.3772,11.8515,217.8918,10.7429,205.6499,10.1393,189.4335,9.3398,176.526,8.7034,150.9364,7.4417,59.556,3.5103,15.0688,0.8882,13.6592,0.8051,12.8918,0.7599,11.8752,0.6999,11.0661,0.6522,9.4619,0.5577,0.0,0.0,0.0,0.0,0.0,0.0,0.0,0.0,0.0,0.0,0.0,0.0,0.0,0.0,0.0,0.0,0.0,0.0,0.0,0.0,0.0,0.0,0.0,0.0,0.0,0.0,0.0,0.0,0.0,0.0,0.0,0.0,0.0,0.0,0.0,0.652,0.6466
128,0.0005,3,10,100,32,16,256,184,440338,73,30,ContrastiveLoss,gru,/home/dpetrovitch/dzagcoffee/train_trace/gender/checkpoints_2025-10-07 19:53:20.141369_ContrastiveLoss_gru_catboost/model_128_0.0005_3_10_100_256_32_16_256_ContrastiveLoss_gruepoch=05.ckpt,5,30,0.39768937,41.0218,1.6789,0.0004,4.678,1.384,9.0235,0.5279,981.605,48.3901,243.5658,12.007,221.5096,10.9197,209.2393,10.3148,192.9663,9.5126,179.6555,8.8565,155.6427,7.6727,57.4446,3.4492,14.2537,0.8558,12.963,0.7783,12.2449,0.7352,11.2926,0.678,10.5136,0.6313,9.1084,0.5469,0.0,0.0,0.0,0.0,0.0,0.0,0.0,0.0,0.0,0.0,0.0,0.0,0.0,0.0,0.0,0.0,0.0,0.0,0.0,0.0,0.0,0.0,0.0,0.0,0.0,0.0,0.0,0.0,0.0,0.0,0.0,0.0,0.0,0.0,0.0,0.632,0.6486
128,0.0005,3,10,100,32,16,256,184,440338,73,30,ContrastiveLoss,gru,/home/dpetrovitch/dzagcoffee/train_trace/gender/checkpoints_2025-10-07 19:53:20.141369_ContrastiveLoss_gru_catboost/model_128_0.0005_3_10_100_256_32_16_256_ContrastiveLoss_gruepoch=06.ckpt,6,30,0.39985383,41.7953,1.6785,0.0004,4.6203,1.3672,8.5228,0.5402,1002.0229,49.3612,245.0611,12.0721,223.1065,10.9906,211.2896,10.4085,195.4299,9.6272,183.0479,9.0172,159.7802,7.871,60.8852,3.4488,14.8905,0.8435,13.5565,0.7679,12.8384,0.7272,11.8748,0.6726,11.1224,0.63,9.7086,0.5499,0.0,0.0,0.0,0.0,0.0,0.0,0.0,0.0,0.0,0.0,0.0,0.0,0.0,0.0,0.0,0.0,0.0,0.0,0.0,0.0,0.0,0.0,0.0,0.0,0.0,0.0,0.0,0.0,0.0,0.0,0.0,0.0,0.0,0.0,0.0,0.608,0.6117
128,0.0005,3,10,100,32,16,256,184,440338,73,30,ContrastiveLoss,gru,/home/dpetrovitch/dzagcoffee/train_trace/gender/checkpoints_2025-10-07 19:53:20.141369_ContrastiveLoss_gru_catboost/model_128_0.0005_3_10_100_256_32_16_256_ContrastiveLoss_gruepoch=07.ckpt,7,30,0.40938243,41.8985,1.678,0.0004,4.5847,1.3445,7.6729,0.5563,1025.8832,50.4105,246.0287,12.0895,225.2215,11.0671,213.4819,10.4902,198.0715,9.733,185.2297,9.1019,161.1512,7.9188,67.4462,3.8234,16.175,0.9169,14.8071,0.8394,14.0353,0.7956,13.0221,0.7382,12.1778,0.6903,10.5948,0.6006,0.0,0.0,0.0,0.0,0.0,0.0,0.0,0.0,0.0,0.0,0.0,0.0,0.0,0.0,0.0,0.0,0.0,0.0,0.0,0.0,0.0,0.0,0.0,0.0,0.0,0.0,0.0,0.0,0.0,0.0,0.0,0.0,0.0,0.0,0.0,0.612,0.6411
128,0.0005,3,10,100,32,16,256,184,440338,73,30,ContrastiveLoss,gru,/home/dpetrovitch/dzagcoffee/train_trace/gender/checkpoints_2025-10-07 19:53:20.141369_ContrastiveLoss_gru_catboost/model_128_0.0005_3_10_100_256_32_16_256_ContrastiveLoss_gruepoch=08.ckpt,8,30,0.40935102,41.4195,1.6775,0.0004,4.5486,1.2981,8.6725,0.5949,1033.4122,50.7048,247.148,12.1264,226.5288,11.1147,215.0218,10.5501,199.7015,9.7984,186.4267,9.1471,160.9263,7.8959,65.9564,3.749,15.774,0.8966,14.458,0.8218,13.7235,0.7801,12.7457,0.7245,11.8985,0.6763,10.2709,0.5838,0.0,0.0,0.0,0.0,0.0,0.0,0.0,0.0,0.0,0.0,0.0,0.0,0.0,0.0,0.0,0.0,0.0,0.0,0.0,0.0,0.0,0.0,0.0,0.0,0.0,0.0,0.0,0.0,0.0,0.0,0.0,0.0,0.0,0.0,0.0,0.648,0.6177
128,0.0005,3,10,100,32,16,256,184,440338,73,30,ContrastiveLoss,gru,/home/dpetrovitch/dzagcoffee/train_trace/gender/checkpoints_2025-10-07 19:53:20.141369_ContrastiveLoss_gru_catboost/model_128_0.0005_3_10_100_256_32_16_256_ContrastiveLoss_gruepoch=09.ckpt,9,30,0.4101477,43.0731,1.6776,0.0004,4.5078,1.3213,9.829,0.5747,1092.3806,53.5107,249.129,12.2037,229.1121,11.2232,217.8409,10.671,203.2213,9.9549,191.437,9.3776,169.3573,8.296,77.294,4.2309,17.6277,0.9649,16.2114,0.8874,15.4139,0.8437,14.3794,0.7871,13.5456,0.7415,11.9833,0.6559,0.0,0.0,0.0,0.0,0.0,0.0,0.0,0.0,0.0,0.0,0.0,0.0,0.0,0.0,0.0,0.0,0.0,0.0,0.0,0.0,0.0,0.0,0.0,0.0,0.0,0.0,0.0,0.0,0.0,0.0,0.0,0.0,0.0,0.0,0.0,0.632,0.6238
128,0.0005,3,10,100,32,16,256,184,440338,73,30,ContrastiveLoss,gru,/home/dpetrovitch/dzagcoffee/train_trace/gender/checkpoints_2025-10-07 19:53:20.141369_ContrastiveLoss_gru_catboost/model_128_0.0005_3_10_100_256_32_16_256_ContrastiveLoss_gruepoch=10.ckpt,10,30,0.40794325,44.2428,1.6766,0.0004,4.4807,1.3495,10.377,0.5521,1128.3195,55.2329,252.7282,12.3714,232.8139,11.3966,221.821,10.8585,207.3227,10.1488,195.4176,9.566,173.6381,8.4998,78.8316,4.2708,17.6572,0.9566,16.2659,0.8812,15.4978,0.8396,14.4849,0.7847,13.6531,0.7397,12.1315,0.6572,0.0,0.0,0.0,0.0,0.0,0.0,0.0,0.0,0.0,0.0,0.0,0.0,0.0,0.0,0.0,0.0,0.0,0.0,0.0,0.0,0.0,0.0,0.0,0.0,0.0,0.0,0.0,0.0,0.0,0.0,0.0,0.0,0.0,0.0,0.0,0.652,0.6381
128,0.0005,3,10,100,32,16,256,184,440338,73,30,ContrastiveLoss,gru,/home/dpetrovitch/dzagcoffee/train_trace/gender/checkpoints_2025-10-07 19:53:20.141369_ContrastiveLoss_gru_catboost/model_128_0.0005_3_10_100_256_32_16_256_ContrastiveLoss_gruepoch=11.ckpt,11,30,0.41999614,44.7107,1.6763,0.0004,4.4826,1.3472,9.1343,0.5536,1129.5188,55.3095,252.6938,12.3737,232.6515,11.3923,221.4821,10.8454,206.9498,10.1338,195.7753,9.5866,174.0396,8.5223,83.9768,4.527,18.7871,1.0128,17.297,0.9325,16.4666,0.8877,15.3862,0.8294,14.5554,0.7847,12.9394,0.6975,0.0,0.0,0.0,0.0,0.0,0.0,0.0,0.0,0.0,0.0,0.0,0.0,0.0,0.0,0.0,0.0,0.0,0.0,0.0,0.0,0.0,0.0,0.0,0.0,0.0,0.0,0.0,0.0,0.0,0.0,0.0,0.0,0.0,0.0,0.0,0.592,0.6218
128,0.0005,3,10,100,32,16,256,184,440338,73,30,ContrastiveLoss,gru,/home/dpetrovitch/dzagcoffee/train_trace/gender/checkpoints_2025-10-07 19:53:20.141369_ContrastiveLoss_gru_catboost/model_128_0.0005_3_10_100_256_32_16_256_ContrastiveLoss_gruepoch=12.ckpt,12,30,0.41536173,44.4617,1.6764,0.0004,4.4612,1.3301,10.4022,0.567,1164.5739,56.9654,255.5046,12.4981,235.7464,11.5316,224.9618,11.0041,210.707,10.3068,199.2129,9.7445,177.699,8.6922,89.7022,4.7066,19.6804,1.0326,18.1585,0.9528,17.3279,0.9092,16.2299,0.8516,15.3445,0.8051,13.6874,0.7182,0.0,0.0,0.0,0.0,0.0,0.0,0.0,0.0,0.0,0.0,0.0,0.0,0.0,0.0,0.0,0.0,0.0,0.0,0.0,0.0,0.0,0.0,0.0,0.0,0.0,0.0,0.0,0.0,0.0,0.0,0.0,0.0,0.0,0.0,0.0,0.656,0.6269
128,0.0005,3,10,100,32,16,256,184,440338,73,30,ContrastiveLoss,gru,/home/dpetrovitch/dzagcoffee/train_trace/gender/checkpoints_2025-10-07 19:53:20.141369_ContrastiveLoss_gru_catboost/model_128_0.0005_3_10_100_256_32_16_256_ContrastiveLoss_gruepoch=13.ckpt,13,30,0.42269456,44.2679,1.6754,0.0004,4.4558,1.3251,10.097,0.5708,1162.1349,56.804,253.9621,12.4134,234.5,11.4621,223.7469,10.9365,209.5284,10.2416,197.9153,9.6739,175.2294,8.565,86.0922,4.5266,18.8138,0.9892,17.372,0.9134,16.5754,0.8715,15.5221,0.8161,14.6618,0.7709,12.9812,0.6825,0.0,0.0,0.0,0.0,0.0,0.0,0.0,0.0,0.0,0.0,0.0,0.0,0.0,0.0,0.0,0.0,0.0,0.0,0.0,0.0,0.0,0.0,0.0,0.0,0.0,0.0,0.0,0.0,0.0,0.0,0.0,0.0,0.0,0.0,0.0,0.672,0.6592
128,0.0005,3,10,100,32,16,256,184,440338,73,30,ContrastiveLoss,gru,/home/dpetrovitch/dzagcoffee/train_trace/gender/checkpoints_2025-10-07 19:53:20.141369_ContrastiveLoss_gru_catboost/model_128_0.0005_3_10_100_256_32_16_256_ContrastiveLoss_gruepoch=14.ckpt,14,30,0.41495624,44.5088,1.6764,0.0004,4.4468,1.3113,10.022,0.5819,1172.687,57.3311,254.4814,12.4413,234.813,11.4797,223.9509,10.9487,209.9661,10.265,198.5536,9.707,177.4289,8.6743,87.8246,4.6958,19.0586,1.019,17.5856,0.9403,16.7721,0.8968,15.7247,0.8408,14.87,0.7951,13.288,0.7105,0.0,0.0,0.0,0.0,0.0,0.0,0.0,0.0,0.0,0.0,0.0,0.0,0.0,0.0,0.0,0.0,0.0,0.0,0.0,0.0,0.0,0.0,0.0,0.0,0.0,0.0,0.0,0.0,0.0,0.0,0.0,0.0,0.0,0.0,0.0,0.62,0.6596
128,0.0005,3,10,100,32,16,256,184,440338,73,30,ContrastiveLoss,gru,/home/dpetrovitch/dzagcoffee/train_trace/gender/checkpoints_2025-10-07 19:53:20.141369_ContrastiveLoss_gru_catboost/model_128_0.0005_3_10_100_256_32_16_256_ContrastiveLoss_gruepoch=15.ckpt,15,30,0.41726056,45.6718,1.6763,0.0004,4.4379,1.3267,10.2515,0.57,1180.2081,57.7066,255.0514,12.4708,235.4838,11.5141,224.7358,10.9885,210.4765,10.2913,198.8081,9.7208,177.0012,8.6545,87.2518,4.703,18.8557,1.0164,17.4091,0.9384,16.6145,0.8956,15.5603,0.8387,14.6977,0.7922,13.0856,0.7053,0.0,0.0,0.0,0.0,0.0,0.0,0.0,0.0,0.0,0.0,0.0,0.0,0.0,0.0,0.0,0.0,0.0,0.0,0.0,0.0,0.0,0.0,0.0,0.0,0.0,0.0,0.0,0.0,0.0,0.0,0.0,0.0,0.0,0.0,0.0,0.636,0.6407
128,0.0005,3,10,100,32,16,256,184,440338,73,30,ContrastiveLoss,gru,/home/dpetrovitch/dzagcoffee/train_trace/gender/checkpoints_2025-10-07 19:53:20.141369_ContrastiveLoss_gru_catboost/model_128_0.0005_3_10_100_256_32_16_256_ContrastiveLoss_gruepoch=16.ckpt,16,30,0.42495027,45.6505,1.6761,0.0004,4.4254,1.3175,9.8183,0.5765,1209.6335,59.1037,256.7717,12.5461,237.4865,11.6038,226.8475,11.084,212.9588,10.4053,201.7262,9.8565,180.3909,8.814,92.9267,4.8478,19.7258,1.0291,18.2442,0.9518,17.4269,0.9091,16.36,0.8535,15.497,0.8084,13.858,0.7229,0.0,0.0,0.0,0.0,0.0,0.0,0.0,0.0,0.0,0.0,0.0,0.0,0.0,0.0,0.0,0.0,0.0,0.0,0.0,0.0,0.0,0.0,0.0,0.0,0.0,0.0,0.0,0.0,0.0,0.0,0.0,0.0,0.0,0.0,0.0,0.632,0.6483
128,0.0005,3,10,100,32,16,256,184,440338,73,30,ContrastiveLoss,gru,/home/dpetrovitch/dzagcoffee/train_trace/gender/checkpoints_2025-10-07 19:53:20.141369_ContrastiveLoss_gru_catboost/model_128_0.0005_3_10_100_256_32_16_256_ContrastiveLoss_gruepoch=17.ckpt,17,30,0.41690078,46.1445,1.6711,0.0005,4.4171,1.3278,9.4069,0.568,1188.8916,57.9933,255.7325,12.4745,236.2869,11.5259,225.3857,10.9942,211.3634,10.3102,200.369,9.7739,180.2819,8.794,89.8591,4.6469,19.3288,0.9995,17.8591,0.9235,17.0352,0.8809,15.9753,0.8261,15.1443,0.7832,13.6261,0.7046,0.0,0.0,0.0,0.0,0.0,0.0,0.0,0.0,0.0,0.0,0.0,0.0,0.0,0.0,0.0,0.0,0.0,0.0,0.0,0.0,0.0,0.0,0.0,0.0,0.0,0.0,0.0,0.0,0.0,0.0,0.0,0.0,0.0,0.0,0.0,0.652,0.6561
128,0.0005,3,10,100,32,16,256,184,440338,73,30,ContrastiveLoss,gru,/home/dpetrovitch/dzagcoffee/train_trace/gender/checkpoints_2025-10-07 19:53:20.141369_ContrastiveLoss_gru_catboost/model_128_0.0005_3_10_100_256_32_16_256_ContrastiveLoss_gruepoch=18.ckpt,18,30,0.4187797,46.2693,1.6748,0.0004,4.4295,1.316,10.255,0.5784,1218.563,59.4785,258.0604,12.596,238.3556,11.6342,227.5984,11.1092,213.6286,10.4273,202.5815,9.8881,182.5376,8.9097,91.6511,4.788,19.4094,1.014,17.9273,0.9366,17.1182,0.8943,16.0675,0.8394,15.2367,0.796,13.7291,0.7172,0.0,0.0,0.0,0.0,0.0,0.0,0.0,0.0,0.0,0.0,0.0,0.0,0.0,0.0,0.0,0.0,0.0,0.0,0.0,0.0,0.0,0.0,0.0,0.0,0.0,0.0,0.0,0.0,0.0,0.0,0.0,0.0,0.0,0.0,0.0,0.628,0.658
128,0.0005,3,10,100,32,16,256,184,440338,73,30,ContrastiveLoss,gru,/home/dpetrovitch/dzagcoffee/train_trace/gender/checkpoints_2025-10-07 19:53:20.141369_ContrastiveLoss_gru_catboost/model_128_0.0005_3_10_100_256_32_16_256_ContrastiveLoss_gruepoch=19.ckpt,19,30,0.42495036,45.3158,1.67,0.0004,4.4177,1.2987,10.7321,0.5916,1218.6936,59.3968,256.5571,12.5041,237.55,11.5777,227.084,11.0676,213.3491,10.3982,202.5295,9.8709,182.6038,8.8998,94.2704,4.8556,19.8456,1.0222,18.3754,0.9465,17.5658,0.9048,16.5033,0.85,15.6664,0.8069,14.1251,0.7275,0.0,0.0,0.0,0.0,0.0,0.0,0.0,0.0,0.0,0.0,0.0,0.0,0.0,0.0,0.0,0.0,0.0,0.0,0.0,0.0,0.0,0.0,0.0,0.0,0.0,0.0,0.0,0.0,0.0,0.0,0.0,0.0,0.0,0.0,0.0,0.668,0.6419
128,0.0005,3,10,100,32,16,256,184,440338,73,30,ContrastiveLoss,gru,/home/dpetrovitch/dzagcoffee/train_trace/gender/checkpoints_2025-10-07 19:53:20.141369_ContrastiveLoss_gru_catboost/model_128_0.0005_3_10_100_256_32_16_256_ContrastiveLoss_gruepoch=20.ckpt,20,30,0.4272404,46.7787,1.6721,0.0005,4.4198,1.325,10.4018,0.5711,1231.2109,60.0404,259.1455,12.6373,239.8833,11.698,229.3655,11.1851,215.6126,10.5144,204.7169,9.9831,185.2675,9.0346,93.6655,4.874,19.7147,1.0259,18.2493,0.9496,17.4492,0.908,16.4029,0.8536,15.574,0.8104,14.0944,0.7334,0.0,0.0,0.0,0.0,0.0,0.0,0.0,0.0,0.0,0.0,0.0,0.0,0.0,0.0,0.0,0.0,0.0,0.0,0.0,0.0,0.0,0.0,0.0,0.0,0.0,0.0,0.0,0.0,0.0,0.0,0.0,0.0,0.0,0.0,0.0,0.6,0.6094
128,0.0005,3,10,100,32,16,256,184,440338,73,30,ContrastiveLoss,gru,/home/dpetrovitch/dzagcoffee/train_trace/gender/checkpoints_2025-10-07 19:53:20.141369_ContrastiveLoss_gru_catboost/model_128_0.0005_3_10_100_256_32_16_256_ContrastiveLoss_gruepoch=21.ckpt,21,30,0.42590976,46.9408,1.6743,0.0005,4.4273,1.3194,10.65,0.5758,1239.7833,60.463,259.0412,12.6332,239.8627,11.6979,229.3762,11.1864,215.5833,10.5138,204.8137,9.9886,184.6679,9.0061,94.2723,4.9787,19.6973,1.0403,18.239,0.9632,17.4416,0.9211,16.3928,0.8657,15.5739,0.8225,14.042,0.7416,0.0,0.0,0.0,0.0,0.0,0.0,0.0,0.0,0.0,0.0,0.0,0.0,0.0,0.0,0.0,0.0,0.0,0.0,0.0,0.0,0.0,0.0,0.0,0.0,0.0,0.0,0.0,0.0,0.0,0.0,0.0,0.0,0.0,0.0,0.0,0.628,0.6532
128,0.0005,3,10,100,32,16,256,184,440338,73,30,ContrastiveLoss,gru,/home/dpetrovitch/dzagcoffee/train_trace/gender/checkpoints_2025-10-07 19:53:20.141369_ContrastiveLoss_gru_catboost/model_128_0.0005_3_10_100_256_32_16_256_ContrastiveLoss_gruepoch=22.ckpt,22,30,0.421895,47.7494,1.6747,0.0005,4.4289,1.33,10.26,0.5669,1244.6542,60.7109,259.6025,12.6627,240.2671,11.7196,229.789,11.2085,216.1816,10.5448,205.4007,10.0189,186.1584,9.0803,96.4827,4.9763,20.1238,1.0379,18.6249,0.9606,17.8127,0.9187,16.7579,0.8643,15.9222,0.8212,14.4306,0.7443,0.0,0.0,0.0,0.0,0.0,0.0,0.0,0.0,0.0,0.0,0.0,0.0,0.0,0.0,0.0,0.0,0.0,0.0,0.0,0.0,0.0,0.0,0.0,0.0,0.0,0.0,0.0,0.0,0.0,0.0,0.0,0.0,0.0,0.0,0.0,0.632,0.6522
128,0.0005,3,10,100,32,16,256,184,440338,73,30,ContrastiveLoss,gru,/home/dpetrovitch/dzagcoffee/train_trace/gender/checkpoints_2025-10-07 19:53:20.141369_ContrastiveLoss_gru_catboost/model_128_0.0005_3_10_100_256_32_16_256_ContrastiveLoss_gruepoch=23.ckpt,23,30,0.42782578,47.3759,1.6722,0.0005,4.44,1.3187,10.4484,0.5754,1236.8468,60.3165,259.6083,12.6601,240.5032,11.7285,229.9591,11.2143,216.3603,10.5511,205.5079,10.0219,185.6587,9.0539,96.4362,4.9777,20.2415,1.0448,18.7519,0.9679,17.9298,0.9255,16.8695,0.8707,16.0233,0.8271,14.4757,0.7472,0.0,0.0,0.0,0.0,0.0,0.0,0.0,0.0,0.0,0.0,0.0,0.0,0.0,0.0,0.0,0.0,0.0,0.0,0.0,0.0,0.0,0.0,0.0,0.0,0.0,0.0,0.0,0.0,0.0,0.0,0.0,0.0,0.0,0.0,0.0,0.644,0.6454
128,0.0005,3,10,100,32,16,256,184,440338,73,30,ContrastiveLoss,gru,/home/dpetrovitch/dzagcoffee/train_trace/gender/checkpoints_2025-10-07 19:53:20.141369_ContrastiveLoss_gru_catboost/model_128_0.0005_3_10_100_256_32_16_256_ContrastiveLoss_gruepoch=24.ckpt,24,30,0.42812276,47.3886,1.6698,0.0005,4.4333,1.324,10.3317,0.5718,1240.2815,60.445,259.6158,12.6524,240.4536,11.7185,229.8287,11.2007,215.9622,10.5249,205.1155,9.9963,186.5058,9.0893,95.4119,4.9416,19.9716,1.0344,18.4975,0.958,17.6802,0.9157,16.6135,0.8604,15.7791,0.8172,14.3474,0.7431,0.0,0.0,0.0,0.0,0.0,0.0,0.0,0.0,0.0,0.0,0.0,0.0,0.0,0.0,0.0,0.0,0.0,0.0,0.0,0.0,0.0,0.0,0.0,0.0,0.0,0.0,0.0,0.0,0.0,0.0,0.0,0.0,0.0,0.0,0.0,0.648,0.6487
128,0.0005,3,10,100,32,16,256,184,440338,73,30,ContrastiveLoss,gru,/home/dpetrovitch/dzagcoffee/train_trace/gender/checkpoints_2025-10-07 19:53:20.141369_ContrastiveLoss_gru_catboost/model_128_0.0005_3_10_100_256_32_16_256_ContrastiveLoss_gruepoch=25.ckpt,25,30,0.42692626,47.8005,1.675,0.0005,4.4412,1.3151,10.487,0.5797,1246.6392,60.8148,260.1769,12.6922,241.0849,11.7608,230.5523,11.247,216.959,10.5839,205.9083,10.0448,186.2185,9.0843,97.1519,4.9805,20.2759,1.0394,18.788,0.9632,17.9672,0.9211,16.9078,0.8668,16.0466,0.8226,14.5122,0.744,0.0,0.0,0.0,0.0,0.0,0.0,0.0,0.0,0.0,0.0,0.0,0.0,0.0,0.0,0.0,0.0,0.0,0.0,0.0,0.0,0.0,0.0,0.0,0.0,0.0,0.0,0.0,0.0,0.0,0.0,0.0,0.0,0.0,0.0,0.0,0.648,0.6481
128,0.0005,3,10,100,32,16,256,184,440338,73,30,ContrastiveLoss,gru,/home/dpetrovitch/dzagcoffee/train_trace/gender/checkpoints_2025-10-07 19:53:20.141369_ContrastiveLoss_gru_catboost/model_128_0.0005_3_10_100_256_32_16_256_ContrastiveLoss_gruepoch=26.ckpt,26,30,0.42658937,47.0549,1.674,0.0005,4.4455,1.3033,10.7044,0.5897,1252.407,61.0664,260.722,12.7126,241.6953,11.7849,231.1866,11.2725,217.5763,10.6088,206.4653,10.0671,185.3738,9.0387,94.933,4.9503,19.7628,1.0305,18.3206,0.9553,17.524,0.9138,16.4924,0.86,15.6502,0.8161,14.0514,0.7327,0.0,0.0,0.0,0.0,0.0,0.0,0.0,0.0,0.0,0.0,0.0,0.0,0.0,0.0,0.0,0.0,0.0,0.0,0.0,0.0,0.0,0.0,0.0,0.0,0.0,0.0,0.0,0.0,0.0,0.0,0.0,0.0,0.0,0.0,0.0,0.656,0.642
128,0.0005,3,10,100,32,16,256,184,440338,73,30,ContrastiveLoss,gru,/home/dpetrovitch/dzagcoffee/train_trace/gender/checkpoints_2025-10-07 19:53:20.141369_ContrastiveLoss_gru_catboost/model_128_0.0005_3_10_100_256_32_16_256_ContrastiveLoss_gruepoch=27.ckpt,27,30,0.43147215,48.205,1.6752,0.0005,4.4488,1.3194,10.2285,0.5756,1256.7429,61.2907,260.0953,12.6847,240.9021,11.7487,230.3856,11.2358,216.8165,10.574,205.8839,10.0408,185.415,9.0426,96.7619,5.0444,20.0258,1.044,18.5481,0.967,17.7383,0.9247,16.6936,0.8703,15.8519,0.8264,14.2759,0.7442,0.0,0.0,0.0,0.0,0.0,0.0,0.0,0.0,0.0,0.0,0.0,0.0,0.0,0.0,0.0,0.0,0.0,0.0,0.0,0.0,0.0,0.0,0.0,0.0,0.0,0.0,0.0,0.0,0.0,0.0,0.0,0.0,0.0,0.0,0.0,0.632,0.6456
128,0.0005,3,10,100,32,16,256,184,440338,73,30,ContrastiveLoss,gru,/home/dpetrovitch/dzagcoffee/train_trace/gender/checkpoints_2025-10-07 19:53:20.141369_ContrastiveLoss_gru_catboost/model_128_0.0005_3_10_100_256_32_16_256_ContrastiveLoss_gruepoch=28.ckpt,28,30,0.43114376,47.586,1.6741,0.0005,4.4564,1.3058,10.7301,0.587,1258.5784,61.3499,260.9419,12.7197,241.9495,11.7939,231.5272,11.2859,218.0099,10.627,207.2188,10.101,187.0821,9.1194,97.0428,4.9553,20.1199,1.0274,18.6555,0.9526,17.8519,0.9116,16.8097,0.8584,15.9776,0.8159,14.425,0.7366,0.0,0.0,0.0,0.0,0.0,0.0,0.0,0.0,0.0,0.0,0.0,0.0,0.0,0.0,0.0,0.0,0.0,0.0,0.0,0.0,0.0,0.0,0.0,0.0,0.0,0.0,0.0,0.0,0.0,0.0,0.0,0.0,0.0,0.0,0.0,0.64,0.6579
128,0.0005,3,10,100,32,16,256,184,440338,73,30,ContrastiveLoss,gru,/home/dpetrovitch/dzagcoffee/train_trace/gender/checkpoints_2025-10-07 19:53:20.141369_ContrastiveLoss_gru_catboost/model_128_0.0005_3_10_100_256_32_16_256_ContrastiveLoss_gruepoch=29.ckpt,29,30,0.42858815,48.5581,1.6756,0.0005,4.4557,1.3192,10.5403,0.5764,1269.0414,61.8954,261.3982,12.7493,242.4195,11.8236,231.964,11.3137,218.339,10.6491,207.4905,10.12,187.4246,9.1413,96.1655,4.964,19.8082,1.0225,18.3701,0.9482,17.5778,0.9073,16.5453,0.8541,15.7232,0.8116,14.2027,0.7331,0.0,0.0,0.0,0.0,0.0,0.0,0.0,0.0,0.0,0.0,0.0,0.0,0.0,0.0,0.0,0.0,0.0,0.0,0.0,0.0,0.0,0.0,0.0,0.0,0.0,0.0,0.0,0.0,0.0,0.0,0.0,0.0,0.0,0.0,0.0,0.664,0.656
128,0.001,3,10,100,32,16,256,184,440338,73,30,ContrastiveLoss,gru,/home/dpetrovitch/dzagcoffee/train_trace/gender/checkpoints_2025-10-07 19:53:20.141369_ContrastiveLoss_gru_catboost/model_128_0.001_3_10_100_256_32_16_256_ContrastiveLoss_gruepoch=00.ckpt,0,30,0.33227113,45.9154,1.679,0.0004,5.1615,1.3952,6.6599,0.5354,588.3527,29.4876,230.0086,11.5278,202.209,10.1345,186.8383,9.3641,167.1084,8.3753,151.297,7.5828,108.5043,5.4381,25.2076,1.6716,9.8546,0.6535,8.6635,0.5745,8.005,0.5308,7.1596,0.4748,6.4822,0.4299,4.6488,0.3083,0.0,0.0,0.0,0.0,0.0,0.0,0.0,0.0,0.0,0.0,0.0,0.0,0.0,0.0,0.0,0.0,0.0,0.0,0.0,0.0,0.0,0.0,0.0,0.0,0.0,0.0,0.0,0.0,0.0,0.0,0.0,0.0,0.0,0.0,0.0,0.596,0.5975
128,0.001,3,10,100,32,16,256,184,440338,73,30,ContrastiveLoss,gru,/home/dpetrovitch/dzagcoffee/train_trace/gender/checkpoints_2025-10-07 19:53:20.141369_ContrastiveLoss_gru_catboost/model_128_0.001_3_10_100_256_32_16_256_ContrastiveLoss_gruepoch=01.ckpt,1,30,0.37768698,41.8937,1.6787,0.0004,4.8356,1.445,8.5763,0.4972,773.8326,38.4805,230.9938,11.4867,206.8697,10.287,193.5555,9.625,176.2356,8.7637,161.1272,8.0124,135.0494,6.7156,37.627,2.5397,11.2319,0.7581,10.0589,0.6789,9.4115,0.6352,8.5693,0.5784,7.8347,0.5288,6.5667,0.4432,0.0,0.0,0.0,0.0,0.0,0.0,0.0,0.0,0.0,0.0,0.0,0.0,0.0,0.0,0.0,0.0,0.0,0.0,0.0,0.0,0.0,0.0,0.0,0.0,0.0,0.0,0.0,0.0,0.0,0.0,0.0,0.0,0.0,0.0,0.0,0.64,0.6121
128,0.001,3,10,100,32,16,256,184,440338,73,30,ContrastiveLoss,gru,/home/dpetrovitch/dzagcoffee/train_trace/gender/checkpoints_2025-10-07 19:53:20.141369_ContrastiveLoss_gru_catboost/model_128_0.001_3_10_100_256_32_16_256_ContrastiveLoss_gruepoch=02.ckpt,2,30,0.39184424,42.3075,1.6789,0.0004,4.6688,1.4206,8.2582,0.512,830.1028,41.232,235.7452,11.7097,212.3373,10.547,199.2336,9.8961,181.794,9.0299,166.918,8.291,143.1238,7.1091,41.2421,2.6393,11.7126,0.7495,10.5496,0.6751,9.8985,0.6335,9.0321,0.578,8.293,0.5307,7.1108,0.4551,0.0,0.0,0.0,0.0,0.0,0.0,0.0,0.0,0.0,0.0,0.0,0.0,0.0,0.0,0.0,0.0,0.0,0.0,0.0,0.0,0.0,0.0,0.0,0.0,0.0,0.0,0.0,0.0,0.0,0.0,0.0,0.0,0.0,0.0,0.0,0.628,0.642
128,0.001,3,10,100,32,16,256,184,440338,73,30,ContrastiveLoss,gru,/home/dpetrovitch/dzagcoffee/train_trace/gender/checkpoints_2025-10-07 19:53:20.141369_ContrastiveLoss_gru_catboost/model_128_0.001_3_10_100_256_32_16_256_ContrastiveLoss_gruepoch=03.ckpt,3,30,0.40188405,42.2513,1.6788,0.0004,4.569,1.3494,9.0938,0.5568,906.1977,44.7703,243.0149,12.0061,220.1503,10.8764,207.5177,10.2523,190.2322,9.3983,176.2961,8.7098,150.4383,7.4323,46.4695,2.823,12.4617,0.757,11.2892,0.6858,10.6414,0.6465,9.755,0.5926,9.0404,0.5492,7.7144,0.4686,0.0,0.0,0.0,0.0,0.0,0.0,0.0,0.0,0.0,0.0,0.0,0.0,0.0,0.0,0.0,0.0,0.0,0.0,0.0,0.0,0.0,0.0,0.0,0.0,0.0,0.0,0.0,0.0,0.0,0.0,0.0,0.0,0.0,0.0,0.0,0.64,0.6542
128,0.001,3,10,100,32,16,256,184,440338,73,30,ContrastiveLoss,gru,/home/dpetrovitch/dzagcoffee/train_trace/gender/checkpoints_2025-10-07 19:53:20.141369_ContrastiveLoss_gru_catboost/model_128_0.001_3_10_100_256_32_16_256_ContrastiveLoss_gruepoch=04.ckpt,4,30,0.4104761,45.5657,1.678,0.0005,4.5186,1.3609,9.9009,0.547,950.1871,46.808,247.1873,12.1769,225.5002,11.1086,213.2543,10.5053,197.3424,9.7214,184.9435,9.1107,161.2968,7.9458,54.5538,3.1936,14.192,0.8308,12.9468,0.7579,12.2437,0.7168,11.3302,0.6633,10.6183,0.6216,9.2607,0.5421,0.0,0.0,0.0,0.0,0.0,0.0,0.0,0.0,0.0,0.0,0.0,0.0,0.0,0.0,0.0,0.0,0.0,0.0,0.0,0.0,0.0,0.0,0.0,0.0,0.0,0.0,0.0,0.0,0.0,0.0,0.0,0.0,0.0,0.0,0.0,0.664,0.6873
128,0.001,3,10,100,32,16,256,184,440338,73,30,ContrastiveLoss,gru,/home/dpetrovitch/dzagcoffee/train_trace/gender/checkpoints_2025-10-07 19:53:20.141369_ContrastiveLoss_gru_catboost/model_128_0.001_3_10_100_256_32_16_256_ContrastiveLoss_gruepoch=05.ckpt,5,30,0.41598132,46.1604,1.6757,0.0005,4.4795,1.3354,10.1321,0.5662,1005.0292,49.2127,253.5289,12.4144,232.0304,11.3617,220.052,10.7752,204.1108,9.9946,191.6017,9.3821,167.8701,8.22,57.2564,3.2486,14.4435,0.8195,13.2188,0.75,12.5364,0.7113,11.6282,0.6598,10.9155,0.6193,9.5635,0.5426,0.0,0.0,0.0,0.0,0.0,0.0,0.0,0.0,0.0,0.0,0.0,0.0,0.0,0.0,0.0,0.0,0.0,0.0,0.0,0.0,0.0,0.0,0.0,0.0,0.0,0.0,0.0,0.0,0.0,0.0,0.0,0.0,0.0,0.0,0.0,0.664,0.6772
128,0.001,3,10,100,32,16,256,184,440338,73,30,ContrastiveLoss,gru,/home/dpetrovitch/dzagcoffee/train_trace/gender/checkpoints_2025-10-07 19:53:20.141369_ContrastiveLoss_gru_catboost/model_128_0.001_3_10_100_256_32_16_256_ContrastiveLoss_gruepoch=06.ckpt,6,30,0.42929915,48.3721,1.6775,0.0005,4.4802,1.3025,9.9843,0.5939,1008.4883,49.4246,257.1787,12.604,235.9581,11.564,224.2521,10.9903,209.098,10.2476,197.084,9.6588,173.2816,8.4923,58.0067,3.3857,14.7925,0.8634,13.5719,0.7922,12.8986,0.7529,12.027,0.702,11.336,0.6617,9.9669,0.5817,0.0,0.0,0.0,0.0,0.0,0.0,0.0,0.0,0.0,0.0,0.0,0.0,0.0,0.0,0.0,0.0,0.0,0.0,0.0,0.0,0.0,0.0,0.0,0.0,0.0,0.0,0.0,0.0,0.0,0.0,0.0,0.0,0.0,0.0,0.0,0.668,0.6949
128,0.001,3,10,100,32,16,256,184,440338,73,30,ContrastiveLoss,gru,/home/dpetrovitch/dzagcoffee/train_trace/gender/checkpoints_2025-10-07 19:53:20.141369_ContrastiveLoss_gru_catboost/model_128_0.001_3_10_100_256_32_16_256_ContrastiveLoss_gruepoch=07.ckpt,7,30,0.42726037,50.987,1.677,0.0006,4.4535,1.325,10.4796,0.5745,1059.397,51.8717,260.0515,12.733,239.3646,11.7201,227.5223,11.1403,212.428,10.4012,200.95,9.8392,177.0393,8.6684,61.2766,3.4833,15.0416,0.8551,13.8451,0.787,13.1601,0.7481,12.287,0.6985,11.6231,0.6607,10.2401,0.5821,0.0,0.0,0.0,0.0,0.0,0.0,0.0,0.0,0.0,0.0,0.0,0.0,0.0,0.0,0.0,0.0,0.0,0.0,0.0,0.0,0.0,0.0,0.0,0.0,0.0,0.0,0.0,0.0,0.0,0.0,0.0,0.0,0.0,0.0,0.0,0.692,0.7307
128,0.001,3,10,100,32,16,256,184,440338,73,30,ContrastiveLoss,gru,/home/dpetrovitch/dzagcoffee/train_trace/gender/checkpoints_2025-10-07 19:53:20.141369_ContrastiveLoss_gru_catboost/model_128_0.001_3_10_100_256_32_16_256_ContrastiveLoss_gruepoch=08.ckpt,8,30,0.42967033,52.6487,1.6762,0.0006,4.4278,1.3251,10.4325,0.5743,1080.1903,52.8041,264.2263,12.9164,243.404,11.8986,231.632,11.3231,216.3048,10.5739,204.0579,9.9752,179.2509,8.7625,60.6007,3.409,14.8236,0.8339,13.6554,0.7682,12.995,0.731,12.1351,0.6827,11.448,0.644,10.0563,0.5657,0.0,0.0,0.0,0.0,0.0,0.0,0.0,0.0,0.0,0.0,0.0,0.0,0.0,0.0,0.0,0.0,0.0,0.0,0.0,0.0,0.0,0.0,0.0,0.0,0.0,0.0,0.0,0.0,0.0,0.0,0.0,0.0,0.0,0.0,0.0,0.672,0.7017
128,0.001,3,10,100,32,16,256,184,440338,73,30,ContrastiveLoss,gru,/home/dpetrovitch/dzagcoffee/train_trace/gender/checkpoints_2025-10-07 19:53:20.141369_ContrastiveLoss_gru_catboost/model_128_0.001_3_10_100_256_32_16_256_ContrastiveLoss_gruepoch=09.ckpt,9,30,0.4395388,53.0432,1.6744,0.0006,4.4431,1.3056,10.7847,0.5914,1090.7583,53.3137,267.533,13.0764,246.6953,12.0579,234.8754,11.4802,219.2416,10.716,206.1281,10.0751,179.0309,8.7506,63.4814,3.4783,15.5702,0.8531,14.3575,0.7867,13.6696,0.749,12.7597,0.6991,11.9965,0.6573,10.4195,0.5709,0.0,0.0,0.0,0.0,0.0,0.0,0.0,0.0,0.0,0.0,0.0,0.0,0.0,0.0,0.0,0.0,0.0,0.0,0.0,0.0,0.0,0.0,0.0,0.0,0.0,0.0,0.0,0.0,0.0,0.0,0.0,0.0,0.0,0.0,0.0,0.696,0.7415
128,0.001,3,10,100,32,16,256,184,440338,73,30,ContrastiveLoss,gru,/home/dpetrovitch/dzagcoffee/train_trace/gender/checkpoints_2025-10-07 19:53:20.141369_ContrastiveLoss_gru_catboost/model_128_0.001_3_10_100_256_32_16_256_ContrastiveLoss_gruepoch=10.ckpt,10,30,0.43830812,52.5173,1.675,0.0006,4.4519,1.2861,11.1987,0.6081,1113.0105,54.3601,270.3652,13.2048,249.8587,12.2032,238.2639,11.6369,222.8956,10.8863,210.3467,10.2735,184.2426,8.9985,65.4596,3.5373,15.901,0.8593,14.695,0.7941,14.013,0.7572,13.1092,0.7084,12.3711,0.6685,10.8359,0.5856,0.0,0.0,0.0,0.0,0.0,0.0,0.0,0.0,0.0,0.0,0.0,0.0,0.0,0.0,0.0,0.0,0.0,0.0,0.0,0.0,0.0,0.0,0.0,0.0,0.0,0.0,0.0,0.0,0.0,0.0,0.0,0.0,0.0,0.0,0.0,0.68,0.7274
128,0.001,3,10,100,32,16,256,184,440338,73,30,ContrastiveLoss,gru,/home/dpetrovitch/dzagcoffee/train_trace/gender/checkpoints_2025-10-07 19:53:20.141369_ContrastiveLoss_gru_catboost/model_128_0.001_3_10_100_256_32_16_256_ContrastiveLoss_gruepoch=11.ckpt,11,30,0.44062957,52.6644,1.675,0.0005,4.4578,1.2841,11.892,0.6094,1132.0999,55.2669,270.5118,13.2059,250.3449,12.2214,239.1183,11.6733,224.2647,10.9482,212.7555,10.3863,189.2217,9.2374,67.0255,3.6317,16.0156,0.8678,14.8216,0.8031,14.1569,0.7671,13.2775,0.7194,12.5961,0.6825,11.2028,0.607,0.0,0.0,0.0,0.0,0.0,0.0,0.0,0.0,0.0,0.0,0.0,0.0,0.0,0.0,0.0,0.0,0.0,0.0,0.0,0.0,0.0,0.0,0.0,0.0,0.0,0.0,0.0,0.0,0.0,0.0,0.0,0.0,0.0,0.0,0.0,0.688,0.7418
128,0.001,3,10,100,32,16,256,184,440338,73,30,ContrastiveLoss,gru,/home/dpetrovitch/dzagcoffee/train_trace/gender/checkpoints_2025-10-07 19:53:20.141369_ContrastiveLoss_gru_catboost/model_128_0.001_3_10_100_256_32_16_256_ContrastiveLoss_gruepoch=12.ckpt,12,30,0.44003847,53.3138,1.674,0.0006,4.4526,1.2868,11.5028,0.6062,1141.4901,55.6663,271.7389,13.2517,251.4264,12.2612,240.1655,11.712,225.0081,10.9728,213.1257,10.3934,188.1054,9.1732,66.118,3.579,15.7398,0.852,14.5632,0.7883,13.911,0.753,13.033,0.7055,12.3448,0.6682,10.8955,0.5898,0.0,0.0,0.0,0.0,0.0,0.0,0.0,0.0,0.0,0.0,0.0,0.0,0.0,0.0,0.0,0.0,0.0,0.0,0.0,0.0,0.0,0.0,0.0,0.0,0.0,0.0,0.0,0.0,0.0,0.0,0.0,0.0,0.0,0.0,0.0,0.664,0.7101
128,0.001,3,10,100,32,16,256,184,440338,73,30,ContrastiveLoss,gru,/home/dpetrovitch/dzagcoffee/train_trace/gender/checkpoints_2025-10-07 19:53:20.141369_ContrastiveLoss_gru_catboost/model_128_0.001_3_10_100_256_32_16_256_ContrastiveLoss_gruepoch=13.ckpt,13,30,0.4430624,54.0775,1.6758,0.0006,4.4415,1.2867,10.7431,0.607,1162.0985,56.7427,273.0168,13.3308,253.0156,12.3542,241.5595,11.7948,226.693,11.0689,214.5202,10.4745,190.4801,9.3007,69.0598,3.6502,16.2245,0.8576,15.0359,0.7947,14.3551,0.7588,13.4716,0.7121,12.7482,0.6738,11.3196,0.5983,0.0,0.0,0.0,0.0,0.0,0.0,0.0,0.0,0.0,0.0,0.0,0.0,0.0,0.0,0.0,0.0,0.0,0.0,0.0,0.0,0.0,0.0,0.0,0.0,0.0,0.0,0.0,0.0,0.0,0.0,0.0,0.0,0.0,0.0,0.0,0.676,0.723
128,0.001,3,10,100,32,16,256,184,440338,73,30,ContrastiveLoss,gru,/home/dpetrovitch/dzagcoffee/train_trace/gender/checkpoints_2025-10-07 19:53:20.141369_ContrastiveLoss_gru_catboost/model_128_0.001_3_10_100_256_32_16_256_ContrastiveLoss_gruepoch=14.ckpt,14,30,0.4368461,55.1194,1.6761,0.0006,4.4356,1.292,12.2962,0.6028,1172.5013,57.2312,275.0043,13.4233,254.5266,12.4238,243.2665,11.8741,228.1482,11.1362,216.4713,10.5662,192.6167,9.4019,71.0087,3.6793,16.6547,0.863,15.4146,0.7987,14.7326,0.7634,13.817,0.7159,13.1099,0.6793,11.6652,0.6044,0.0,0.0,0.0,0.0,0.0,0.0,0.0,0.0,0.0,0.0,0.0,0.0,0.0,0.0,0.0,0.0,0.0,0.0,0.0,0.0,0.0,0.0,0.0,0.0,0.0,0.0,0.0,0.0,0.0,0.0,0.0,0.0,0.0,0.0,0.0,0.712,0.7407
128,0.001,3,10,100,32,16,256,184,440338,73,30,ContrastiveLoss,gru,/home/dpetrovitch/dzagcoffee/train_trace/gender/checkpoints_2025-10-07 19:53:20.141369_ContrastiveLoss_gru_catboost/model_128_0.001_3_10_100_256_32_16_256_ContrastiveLoss_gruepoch=15.ckpt,15,30,0.4382967,53.9732,1.6719,0.0006,4.4399,1.2709,12.394,0.6211,1167.834,56.9448,274.4015,13.3801,254.223,12.3962,242.9036,11.8442,227.9854,11.1168,216.1036,10.5374,191.5463,9.34,69.2908,3.7238,16.281,0.875,15.0838,0.8106,14.4121,0.7745,13.527,0.727,12.822,0.6891,11.365,0.6108,0.0,0.0,0.0,0.0,0.0,0.0,0.0,0.0,0.0,0.0,0.0,0.0,0.0,0.0,0.0,0.0,0.0,0.0,0.0,0.0,0.0,0.0,0.0,0.0,0.0,0.0,0.0,0.0,0.0,0.0,0.0,0.0,0.0,0.0,0.0,0.7,0.7374
128,0.001,3,10,100,32,16,256,184,440338,73,30,ContrastiveLoss,gru,/home/dpetrovitch/dzagcoffee/train_trace/gender/checkpoints_2025-10-07 19:53:20.141369_ContrastiveLoss_gru_catboost/model_128_0.001_3_10_100_256_32_16_256_ContrastiveLoss_gruepoch=16.ckpt,16,30,0.442754,55.5161,1.6728,0.0006,4.4266,1.2907,12.2576,0.6022,1197.5455,58.3986,275.423,13.4311,255.409,12.4551,244.3233,11.9145,229.6176,11.1974,217.9941,10.6305,194.2087,9.4706,73.3069,3.8103,16.8598,0.8763,15.6347,0.8126,14.9561,0.7774,14.0559,0.7306,13.3444,0.6936,11.8883,0.6179,0.0,0.0,0.0,0.0,0.0,0.0,0.0,0.0,0.0,0.0,0.0,0.0,0.0,0.0,0.0,0.0,0.0,0.0,0.0,0.0,0.0,0.0,0.0,0.0,0.0,0.0,0.0,0.0,0.0,0.0,0.0,0.0,0.0,0.0,0.0,0.724,0.7435
128,0.001,3,10,100,32,16,256,184,440338,73,30,ContrastiveLoss,gru,/home/dpetrovitch/dzagcoffee/train_trace/gender/checkpoints_2025-10-07 19:53:20.141369_ContrastiveLoss_gru_catboost/model_128_0.001_3_10_100_256_32_16_256_ContrastiveLoss_gruepoch=17.ckpt,17,30,0.43789122,55.7721,1.6731,0.0006,4.4238,1.2837,11.878,0.6092,1201.321,58.5656,275.6635,13.4389,255.4531,12.4536,244.2504,11.9074,229.1993,11.1737,217.2189,10.5896,192.5544,9.3872,74.5075,3.896,17.097,0.894,15.8435,0.8285,15.1487,0.7921,14.2152,0.7433,13.4722,0.7045,11.9425,0.6245,0.0,0.0,0.0,0.0,0.0,0.0,0.0,0.0,0.0,0.0,0.0,0.0,0.0,0.0,0.0,0.0,0.0,0.0,0.0,0.0,0.0,0.0,0.0,0.0,0.0,0.0,0.0,0.0,0.0,0.0,0.0,0.0,0.0,0.0,0.0,0.7,0.7462
128,0.001,3,10,100,32,16,256,184,440338,73,30,ContrastiveLoss,gru,/home/dpetrovitch/dzagcoffee/train_trace/gender/checkpoints_2025-10-07 19:53:20.141369_ContrastiveLoss_gru_catboost/model_128_0.001_3_10_100_256_32_16_256_ContrastiveLoss_gruepoch=18.ckpt,18,30,0.44110644,55.5202,1.6747,0.0006,4.4314,1.2689,12.4021,0.6231,1203.9486,58.7319,277.5808,13.5412,257.2783,12.5507,245.9036,11.9959,230.7284,11.2556,218.6862,10.6681,194.1537,9.4713,70.7381,3.7312,16.3093,0.8603,15.1164,0.7973,14.4481,0.7621,13.5565,0.7151,12.8489,0.6777,11.4075,0.6017,0.0,0.0,0.0,0.0,0.0,0.0,0.0,0.0,0.0,0.0,0.0,0.0,0.0,0.0,0.0,0.0,0.0,0.0,0.0,0.0,0.0,0.0,0.0,0.0,0.0,0.0,0.0,0.0,0.0,0.0,0.0,0.0,0.0,0.0,0.0,0.672,0.7032
128,0.001,3,10,100,32,16,256,184,440338,73,30,ContrastiveLoss,gru,/home/dpetrovitch/dzagcoffee/train_trace/gender/checkpoints_2025-10-07 19:53:20.141369_ContrastiveLoss_gru_catboost/model_128_0.001_3_10_100_256_32_16_256_ContrastiveLoss_gruepoch=19.ckpt,19,30,0.44445017,54.0828,1.6659,0.0005,4.445,1.2479,12.8598,0.6441,1182.1301,57.5847,275.6756,13.4289,255.5223,12.4472,244.2811,11.8996,229.249,11.1673,217.1606,10.5785,193.674,9.4344,67.5818,3.6379,15.7602,0.8484,14.6081,0.7863,13.9654,0.7517,13.106,0.7055,12.415,0.6683,11.0722,0.596,0.0,0.0,0.0,0.0,0.0,0.0,0.0,0.0,0.0,0.0,0.0,0.0,0.0,0.0,0.0,0.0,0.0,0.0,0.0,0.0,0.0,0.0,0.0,0.0,0.0,0.0,0.0,0.0,0.0,0.0,0.0,0.0,0.0,0.0,0.0,0.7,0.7345
128,0.001,3,10,100,32,16,256,184,440338,73,30,ContrastiveLoss,gru,/home/dpetrovitch/dzagcoffee/train_trace/gender/checkpoints_2025-10-07 19:53:20.141369_ContrastiveLoss_gru_catboost/model_128_0.001_3_10_100_256_32_16_256_ContrastiveLoss_gruepoch=20.ckpt,20,30,0.44323373,55.9758,1.6733,0.0005,4.4347,1.2645,11.848,0.6277,1217.6177,59.3563,277.3164,13.5186,257.5861,12.5568,246.2243,12.0029,231.5193,11.2861,219.8299,10.7162,196.1045,9.5597,72.668,3.7984,16.5504,0.8651,15.3729,0.8035,14.6948,0.7681,13.8172,0.7222,13.1196,0.6858,11.7036,0.6118,0.0,0.0,0.0,0.0,0.0,0.0,0.0,0.0,0.0,0.0,0.0,0.0,0.0,0.0,0.0,0.0,0.0,0.0,0.0,0.0,0.0,0.0,0.0,0.0,0.0,0.0,0.0,0.0,0.0,0.0,0.0,0.0,0.0,0.0,0.0,0.712,0.7461
128,0.001,3,10,100,32,16,256,184,440338,73,30,ContrastiveLoss,gru,/home/dpetrovitch/dzagcoffee/train_trace/gender/checkpoints_2025-10-07 19:53:20.141369_ContrastiveLoss_gru_catboost/model_128_0.001_3_10_100_256_32_16_256_ContrastiveLoss_gruepoch=21.ckpt,21,30,0.44234,57.0097,1.6739,0.0006,4.4302,1.2816,12.567,0.612,1236.5973,60.2842,277.9678,13.551,258.2272,12.5886,247.2024,12.0511,232.7548,11.3468,221.3244,10.7896,197.5449,9.6303,74.9031,3.8622,16.8371,0.8682,15.6413,0.8065,14.9735,0.7721,14.0984,0.727,13.406,0.6913,11.9657,0.617,0.0,0.0,0.0,0.0,0.0,0.0,0.0,0.0,0.0,0.0,0.0,0.0,0.0,0.0,0.0,0.0,0.0,0.0,0.0,0.0,0.0,0.0,0.0,0.0,0.0,0.0,0.0,0.0,0.0,0.0,0.0,0.0,0.0,0.0,0.0,0.716,0.7337
128,0.001,3,10,100,32,16,256,184,440338,73,30,ContrastiveLoss,gru,/home/dpetrovitch/dzagcoffee/train_trace/gender/checkpoints_2025-10-07 19:53:20.141369_ContrastiveLoss_gru_catboost/model_128_0.001_3_10_100_256_32_16_256_ContrastiveLoss_gruepoch=22.ckpt,22,30,0.44348785,56.3161,1.6726,0.0005,4.4408,1.269,12.8686,0.6236,1231.6796,60.0357,278.0805,13.5545,258.1667,12.5838,247.1858,12.0486,232.5931,11.3373,220.9174,10.7682,197.8382,9.6432,73.1696,3.8298,16.5198,0.8647,15.3367,0.8027,14.6844,0.7686,13.8175,0.7232,13.1239,0.6869,11.7528,0.6152,0.0,0.0,0.0,0.0,0.0,0.0,0.0,0.0,0.0,0.0,0.0,0.0,0.0,0.0,0.0,0.0,0.0,0.0,0.0,0.0,0.0,0.0,0.0,0.0,0.0,0.0,0.0,0.0,0.0,0.0,0.0,0.0,0.0,0.0,0.0,0.72,0.732
128,0.001,3,10,100,32,16,256,184,440338,73,30,ContrastiveLoss,gru,/home/dpetrovitch/dzagcoffee/train_trace/gender/checkpoints_2025-10-07 19:53:20.141369_ContrastiveLoss_gru_catboost/model_128_0.001_3_10_100_256_32_16_256_ContrastiveLoss_gruepoch=23.ckpt,23,30,0.44853058,57.2615,1.6738,0.0006,4.4347,1.2786,11.8671,0.6147,1241.0063,60.4662,277.9967,13.545,258.2026,12.5805,247.2331,12.0461,232.9821,11.3517,221.2401,10.7796,198.3238,9.663,74.7306,3.8533,16.7403,0.8632,15.5484,0.8017,14.8878,0.7677,14.0297,0.7234,13.3226,0.6869,11.9426,0.6158,0.0,0.0,0.0,0.0,0.0,0.0,0.0,0.0,0.0,0.0,0.0,0.0,0.0,0.0,0.0,0.0,0.0,0.0,0.0,0.0,0.0,0.0,0.0,0.0,0.0,0.0,0.0,0.0,0.0,0.0,0.0,0.0,0.0,0.0,0.0,0.68,0.719
128,0.001,3,10,100,32,16,256,184,440338,73,30,ContrastiveLoss,gru,/home/dpetrovitch/dzagcoffee/train_trace/gender/checkpoints_2025-10-07 19:53:20.141369_ContrastiveLoss_gru_catboost/model_128_0.001_3_10_100_256_32_16_256_ContrastiveLoss_gruepoch=24.ckpt,24,30,0.44833073,57.0739,1.6734,0.0005,4.4404,1.2715,12.161,0.6213,1243.725,60.6138,278.7959,13.5873,258.8828,12.6168,248.0213,12.0875,233.4219,11.376,221.7041,10.8049,198.4754,9.6728,75.5006,3.8627,16.9244,0.8659,15.7155,0.804,15.0562,0.7703,14.1699,0.7249,13.4586,0.6886,12.0485,0.6164,0.0,0.0,0.0,0.0,0.0,0.0,0.0,0.0,0.0,0.0,0.0,0.0,0.0,0.0,0.0,0.0,0.0,0.0,0.0,0.0,0.0,0.0,0.0,0.0,0.0,0.0,0.0,0.0,0.0,0.0,0.0,0.0,0.0,0.0,0.0,0.704,0.7527
128,0.001,3,10,100,32,16,256,184,440338,73,30,ContrastiveLoss,gru,/home/dpetrovitch/dzagcoffee/train_trace/gender/checkpoints_2025-10-07 19:53:20.141369_ContrastiveLoss_gru_catboost/model_128_0.001_3_10_100_256_32_16_256_ContrastiveLoss_gruepoch=25.ckpt,25,30,0.44737414,57.2869,1.671,0.0006,4.4336,1.2751,12.5979,0.6174,1255.3217,61.1427,278.5689,13.5682,259.0857,12.6192,248.2193,12.09,233.9894,11.3969,222.4969,10.8371,199.9081,9.7369,80.2346,4.146,17.8049,0.92,16.5596,0.8557,15.8651,0.8198,14.9556,0.7728,14.221,0.7348,12.7772,0.6602,0.0,0.0,0.0,0.0,0.0,0.0,0.0,0.0,0.0,0.0,0.0,0.0,0.0,0.0,0.0,0.0,0.0,0.0,0.0,0.0,0.0,0.0,0.0,0.0,0.0,0.0,0.0,0.0,0.0,0.0,0.0,0.0,0.0,0.0,0.0,0.7,0.7476
128,0.001,3,10,100,32,16,256,184,440338,73,30,ContrastiveLoss,gru,/home/dpetrovitch/dzagcoffee/train_trace/gender/checkpoints_2025-10-07 19:53:20.141369_ContrastiveLoss_gru_catboost/model_128_0.001_3_10_100_256_32_16_256_ContrastiveLoss_gruepoch=26.ckpt,26,30,0.44873616,56.2642,1.6693,0.0005,4.4495,1.2592,12.22,0.6328,1232.0277,59.9858,277.8264,13.527,258.2267,12.5727,247.5382,12.0523,232.9868,11.3438,221.4546,10.7823,198.0499,9.6428,73.9842,3.8593,16.6837,0.8703,15.5067,0.8089,14.8649,0.7754,13.991,0.7298,13.2985,0.6937,11.893,0.6204,0.0,0.0,0.0,0.0,0.0,0.0,0.0,0.0,0.0,0.0,0.0,0.0,0.0,0.0,0.0,0.0,0.0,0.0,0.0,0.0,0.0,0.0,0.0,0.0,0.0,0.0,0.0,0.0,0.0,0.0,0.0,0.0,0.0,0.0,0.0,0.712,0.7335
128,0.001,3,10,100,32,16,256,184,440338,73,30,ContrastiveLoss,gru,/home/dpetrovitch/dzagcoffee/train_trace/gender/checkpoints_2025-10-07 19:53:20.141369_ContrastiveLoss_gru_catboost/model_128_0.001_3_10_100_256_32_16_256_ContrastiveLoss_gruepoch=27.ckpt,27,30,0.4497784,57.5265,1.6715,0.0005,4.4446,1.2741,12.8791,0.6187,1253.1423,61.0394,279.1923,13.5992,259.5241,12.6412,248.7281,12.1153,234.3234,11.4137,223.0178,10.863,200.1246,9.7479,77.0656,4.0075,17.1697,0.8928,15.9602,0.8299,15.2963,0.7954,14.4104,0.7494,13.7151,0.7132,12.3072,0.64,0.0,0.0,0.0,0.0,0.0,0.0,0.0,0.0,0.0,0.0,0.0,0.0,0.0,0.0,0.0,0.0,0.0,0.0,0.0,0.0,0.0,0.0,0.0,0.0,0.0,0.0,0.0,0.0,0.0,0.0,0.0,0.0,0.0,0.0,0.0,0.704,0.759
128,0.001,3,10,100,32,16,256,184,440338,73,30,ContrastiveLoss,gru,/home/dpetrovitch/dzagcoffee/train_trace/gender/checkpoints_2025-10-07 19:53:20.141369_ContrastiveLoss_gru_catboost/model_128_0.001_3_10_100_256_32_16_256_ContrastiveLoss_gruepoch=28.ckpt,28,30,0.4482622,56.3263,1.6638,0.0005,4.4573,1.2586,12.6573,0.6329,1239.3596,60.3128,278.2114,13.539,258.6309,12.5861,248.0633,12.0719,233.4144,11.359,221.7368,10.7907,200.6405,9.7641,73.4536,3.8316,16.4889,0.8601,15.3284,0.7996,14.7021,0.7669,13.8339,0.7216,13.1418,0.6855,11.8914,0.6203,0.0,0.0,0.0,0.0,0.0,0.0,0.0,0.0,0.0,0.0,0.0,0.0,0.0,0.0,0.0,0.0,0.0,0.0,0.0,0.0,0.0,0.0,0.0,0.0,0.0,0.0,0.0,0.0,0.0,0.0,0.0,0.0,0.0,0.0,0.0,0.696,0.7422
128,0.001,3,10,100,32,16,256,184,440338,73,30,ContrastiveLoss,gru,/home/dpetrovitch/dzagcoffee/train_trace/gender/checkpoints_2025-10-07 19:53:20.141369_ContrastiveLoss_gru_catboost/model_128_0.001_3_10_100_256_32_16_256_ContrastiveLoss_gruepoch=29.ckpt,29,30,0.44480136,57.0861,1.6752,0.0005,4.4658,1.2566,12.9389,0.6358,1250.0931,60.9238,279.6227,13.6275,260.0796,12.6751,249.3776,12.1535,234.9477,11.4503,223.2376,10.8796,199.7606,9.7354,77.3841,3.9277,17.3094,0.8786,16.0996,0.8172,15.4371,0.7835,14.5439,0.7382,13.819,0.7014,12.3657,0.6276,0.0,0.0,0.0,0.0,0.0,0.0,0.0,0.0,0.0,0.0,0.0,0.0,0.0,0.0,0.0,0.0,0.0,0.0,0.0,0.0,0.0,0.0,0.0,0.0,0.0,0.0,0.0,0.0,0.0,0.0,0.0,0.0,0.0,0.0,0.0,0.716,0.7724
128,0.005,3,10,100,32,16,256,184,440338,73,30,ContrastiveLoss,gru,/home/dpetrovitch/dzagcoffee/train_trace/gender/checkpoints_2025-10-07 19:53:20.141369_ContrastiveLoss_gru_catboost/model_128_0.005_3_10_100_256_32_16_256_ContrastiveLoss_gruepoch=00.ckpt,0,30,0.40433118,51.9203,1.6787,0.0005,4.4285,1.2994,9.1366,0.6074,723.1778,36.1551,247.5571,12.3765,222.3752,11.1176,208.2739,10.4126,189.1568,9.4568,173.8318,8.6907,139.6186,6.9802,28.5054,1.8419,9.7579,0.6305,8.7653,0.5664,8.2095,0.5305,7.456,0.4818,6.8519,0.4427,5.5033,0.3556,0.0,0.0,0.0,0.0,0.0,0.0,0.0,0.0,0.0,0.0,0.0,0.0,0.0,0.0,0.0,0.0,0.0,0.0,0.0,0.0,0.0,0.0,0.0,0.0,0.0,0.0,0.0,0.0,0.0,0.0,0.0,0.0,0.0,0.0,0.0,0.708,0.7264
128,0.005,3,10,100,32,16,256,184,440338,73,30,ContrastiveLoss,gru,/home/dpetrovitch/dzagcoffee/train_trace/gender/checkpoints_2025-10-07 19:53:20.141369_ContrastiveLoss_gru_catboost/model_128_0.005_3_10_100_256_32_16_256_ContrastiveLoss_gruepoch=01.ckpt,1,30,0.43244871,66.9927,1.6761,0.0007,4.4932,1.3663,9.79,0.5469,979.1086,48.0407,268.7942,13.1886,247.0134,12.1199,234.9718,11.5291,219.1362,10.7521,206.0215,10.1086,170.6515,8.3731,52.5135,2.9481,14.4165,0.8093,13.2483,0.7438,12.6025,0.7075,11.7532,0.6598,11.0498,0.6203,9.1527,0.5138,0.0,0.0,0.0,0.0,0.0,0.0,0.0,0.0,0.0,0.0,0.0,0.0,0.0,0.0,0.0,0.0,0.0,0.0,0.0,0.0,0.0,0.0,0.0,0.0,0.0,0.0,0.0,0.0,0.0,0.0,0.0,0.0,0.0,0.0,0.0,0.688,0.7271
128,0.005,3,10,100,32,16,256,184,440338,73,30,ContrastiveLoss,gru,/home/dpetrovitch/dzagcoffee/train_trace/gender/checkpoints_2025-10-07 19:53:20.141369_ContrastiveLoss_gru_catboost/model_128_0.005_3_10_100_256_32_16_256_ContrastiveLoss_gruepoch=02.ckpt,2,30,0.44350505,69.8739,1.6776,0.0006,4.6029,1.2616,10.7391,0.6367,987.189,48.4496,280.0624,13.745,259.0208,12.7123,246.6889,12.1071,230.2938,11.3024,216.1854,10.61,175.2943,8.6032,49.4186,2.7974,14.0199,0.7936,12.9666,0.734,12.3492,0.699,11.5285,0.6526,10.8222,0.6126,8.7752,0.4967,0.0,0.0,0.0,0.0,0.0,0.0,0.0,0.0,0.0,0.0,0.0,0.0,0.0,0.0,0.0,0.0,0.0,0.0,0.0,0.0,0.0,0.0,0.0,0.0,0.0,0.0,0.0,0.0,0.0,0.0,0.0,0.0,0.0,0.0,0.0,0.692,0.737
128,0.005,3,10,100,32,16,256,184,440338,73,30,ContrastiveLoss,gru,/home/dpetrovitch/dzagcoffee/train_trace/gender/checkpoints_2025-10-07 19:53:20.141369_ContrastiveLoss_gru_catboost/model_128_0.005_3_10_100_256_32_16_256_ContrastiveLoss_gruepoch=03.ckpt,3,30,0.44930723,76.1028,1.6694,0.0005,4.632,1.2711,12.3641,0.6251,1036.0621,50.6358,285.0815,13.9329,264.5601,12.9299,252.9985,12.3649,236.8848,11.5773,223.2472,10.9108,184.0464,8.995,44.3175,2.49,12.1944,0.6851,11.3165,0.6358,10.822,0.608,10.1327,0.5693,9.5494,0.5365,7.8726,0.4423,0.0,0.0,0.0,0.0,0.0,0.0,0.0,0.0,0.0,0.0,0.0,0.0,0.0,0.0,0.0,0.0,0.0,0.0,0.0,0.0,0.0,0.0,0.0,0.0,0.0,0.0,0.0,0.0,0.0,0.0,0.0,0.0,0.0,0.0,0.0,0.692,0.712
128,0.005,3,10,100,32,16,256,184,440338,73,30,ContrastiveLoss,gru,/home/dpetrovitch/dzagcoffee/train_trace/gender/checkpoints_2025-10-07 19:53:20.141369_ContrastiveLoss_gru_catboost/model_128_0.005_3_10_100_256_32_16_256_ContrastiveLoss_gruepoch=04.ckpt,4,30,0.45223698,80.0379,1.6715,0.0005,4.7097,1.2741,12.583,0.6218,1084.3113,52.9239,290.2679,14.1676,270.0807,13.1823,258.2349,12.6041,241.4581,11.7853,227.8761,11.1224,186.7211,9.1136,50.7085,2.7952,13.5746,0.7483,12.6305,0.6962,12.0765,0.6657,11.2919,0.6224,10.6568,0.5874,8.7321,0.4813,0.0,0.0,0.0,0.0,0.0,0.0,0.0,0.0,0.0,0.0,0.0,0.0,0.0,0.0,0.0,0.0,0.0,0.0,0.0,0.0,0.0,0.0,0.0,0.0,0.0,0.0,0.0,0.0,0.0,0.0,0.0,0.0,0.0,0.0,0.0,0.716,0.7262
128,0.005,3,10,100,32,16,256,184,440338,73,30,ContrastiveLoss,gru,/home/dpetrovitch/dzagcoffee/train_trace/gender/checkpoints_2025-10-07 19:53:20.141369_ContrastiveLoss_gru_catboost/model_128_0.005_3_10_100_256_32_16_256_ContrastiveLoss_gruepoch=05.ckpt,5,30,0.4545556,82.8053,1.6767,0.0005,4.7258,1.2844,12.5127,0.6125,1118.2252,54.6655,293.6375,14.3548,273.4616,13.3684,261.8092,12.7988,245.8434,12.0183,232.2132,11.352,189.1593,9.2472,53.326,2.8808,14.003,0.7565,13.0408,0.7045,12.4852,0.6745,11.7238,0.6334,11.0738,0.5982,9.0206,0.4873,0.0,0.0,0.0,0.0,0.0,0.0,0.0,0.0,0.0,0.0,0.0,0.0,0.0,0.0,0.0,0.0,0.0,0.0,0.0,0.0,0.0,0.0,0.0,0.0,0.0,0.0,0.0,0.0,0.0,0.0,0.0,0.0,0.0,0.0,0.0,0.68,0.749
128,0.005,3,10,100,32,16,256,184,440338,73,30,ContrastiveLoss,gru,/home/dpetrovitch/dzagcoffee/train_trace/gender/checkpoints_2025-10-07 19:53:20.141369_ContrastiveLoss_gru_catboost/model_128_0.005_3_10_100_256_32_16_256_ContrastiveLoss_gruepoch=06.ckpt,6,30,0.45590904,83.2912,1.6741,0.0005,4.7551,1.2554,12.6989,0.6406,1093.8698,53.4623,294.8219,14.4093,274.5238,13.4172,262.6473,12.8367,246.0581,12.0259,232.1787,11.3476,191.1447,9.3421,49.4889,2.7026,13.3383,0.7284,12.42,0.6783,11.8827,0.6489,11.1322,0.6079,10.5042,0.5736,8.6478,0.4723,0.0,0.0,0.0,0.0,0.0,0.0,0.0,0.0,0.0,0.0,0.0,0.0,0.0,0.0,0.0,0.0,0.0,0.0,0.0,0.0,0.0,0.0,0.0,0.0,0.0,0.0,0.0,0.0,0.0,0.0,0.0,0.0,0.0,0.0,0.0,0.712,0.7535
128,0.005,3,10,100,32,16,256,184,440338,73,30,ContrastiveLoss,gru,/home/dpetrovitch/dzagcoffee/train_trace/gender/checkpoints_2025-10-07 19:53:20.141369_ContrastiveLoss_gru_catboost/model_128_0.005_3_10_100_256_32_16_256_ContrastiveLoss_gruepoch=07.ckpt,7,30,0.45726538,83.3549,1.6775,0.0005,4.7802,1.2365,13.1305,0.661,1074.0294,52.5945,296.2471,14.507,275.7883,13.5052,264.1111,12.9333,247.8026,12.1347,233.8181,11.4499,189.6503,9.2871,47.8601,2.5822,13.2011,0.7122,12.2895,0.663,11.7691,0.635,11.0424,0.5958,10.4192,0.5621,8.4511,0.456,0.0,0.0,0.0,0.0,0.0,0.0,0.0,0.0,0.0,0.0,0.0,0.0,0.0,0.0,0.0,0.0,0.0,0.0,0.0,0.0,0.0,0.0,0.0,0.0,0.0,0.0,0.0,0.0,0.0,0.0,0.0,0.0,0.0,0.0,0.0,0.736,0.7765
128,0.005,3,10,100,32,16,256,184,440338,73,30,ContrastiveLoss,gru,/home/dpetrovitch/dzagcoffee/train_trace/gender/checkpoints_2025-10-07 19:53:20.141369_ContrastiveLoss_gru_catboost/model_128_0.005_3_10_100_256_32_16_256_ContrastiveLoss_gruepoch=08.ckpt,8,30,0.45946124,84.4349,1.6748,0.0004,4.8079,1.2335,12.4511,0.6626,1083.9011,52.9984,298.2839,14.5849,277.5594,13.5715,265.3418,12.9742,248.4481,12.1481,234.2276,11.4528,193.9594,9.4838,39.3509,2.2631,10.8292,0.6228,10.0768,0.5795,9.6332,0.554,9.0199,0.5187,8.5036,0.4891,7.0417,0.405,0.0,0.0,0.0,0.0,0.0,0.0,0.0,0.0,0.0,0.0,0.0,0.0,0.0,0.0,0.0,0.0,0.0,0.0,0.0,0.0,0.0,0.0,0.0,0.0,0.0,0.0,0.0,0.0,0.0,0.0,0.0,0.0,0.0,0.0,0.0,0.7,0.7491
128,0.005,3,10,100,32,16,256,184,440338,73,30,ContrastiveLoss,gru,/home/dpetrovitch/dzagcoffee/train_trace/gender/checkpoints_2025-10-07 19:53:20.141369_ContrastiveLoss_gru_catboost/model_128_0.005_3_10_100_256_32_16_256_ContrastiveLoss_gruepoch=09.ckpt,9,30,0.46164283,83.4891,1.6765,0.0003,4.8717,1.2288,13.9116,0.6673,1085.8022,53.1208,299.0898,14.6324,278.2981,13.6152,266.1188,13.0194,249.1208,12.1878,234.7724,11.4858,191.8501,9.3859,43.0386,2.397,11.8552,0.6603,11.0311,0.6144,10.5483,0.5875,9.8745,0.5499,9.3058,0.5183,7.6045,0.4235,0.0,0.0,0.0,0.0,0.0,0.0,0.0,0.0,0.0,0.0,0.0,0.0,0.0,0.0,0.0,0.0,0.0,0.0,0.0,0.0,0.0,0.0,0.0,0.0,0.0,0.0,0.0,0.0,0.0,0.0,0.0,0.0,0.0,0.0,0.0,0.704,0.7438
128,0.005,3,10,100,32,16,256,184,440338,73,30,ContrastiveLoss,gru,/home/dpetrovitch/dzagcoffee/train_trace/gender/checkpoints_2025-10-07 19:53:20.141369_ContrastiveLoss_gru_catboost/model_128_0.005_3_10_100_256_32_16_256_ContrastiveLoss_gruepoch=10.ckpt,10,30,0.45984387,83.5806,1.674,0.0003,4.9467,1.2345,15.3946,0.6601,1111.3765,54.2228,301.269,14.6986,280.3199,13.6765,268.2857,13.0893,251.7511,12.2826,237.6884,11.5965,197.5468,9.6381,41.8132,2.3886,11.3346,0.6475,10.5464,0.6025,10.0937,0.5766,9.4716,0.5411,8.9425,0.5108,7.4323,0.4246,0.0,0.0,0.0,0.0,0.0,0.0,0.0,0.0,0.0,0.0,0.0,0.0,0.0,0.0,0.0,0.0,0.0,0.0,0.0,0.0,0.0,0.0,0.0,0.0,0.0,0.0,0.0,0.0,0.0,0.0,0.0,0.0,0.0,0.0,0.0,0.704,0.7609
128,0.005,3,10,100,32,16,256,184,440338,73,30,ContrastiveLoss,gru,/home/dpetrovitch/dzagcoffee/train_trace/gender/checkpoints_2025-10-07 19:53:20.141369_ContrastiveLoss_gru_catboost/model_128_0.005_3_10_100_256_32_16_256_ContrastiveLoss_gruepoch=11.ckpt,11,30,0.4616599,83.0795,1.6769,0.0003,4.9725,1.2316,14.781,0.6639,1103.6412,53.896,300.2527,14.6628,279.5276,13.6506,267.3067,13.0538,250.856,12.2505,236.9213,11.57,199.4487,9.74,44.5322,2.4893,12.1153,0.6772,11.279,0.6305,10.7859,0.6029,10.1221,0.5658,9.5598,0.5344,8.0478,0.4499,0.0,0.0,0.0,0.0,0.0,0.0,0.0,0.0,0.0,0.0,0.0,0.0,0.0,0.0,0.0,0.0,0.0,0.0,0.0,0.0,0.0,0.0,0.0,0.0,0.0,0.0,0.0,0.0,0.0,0.0,0.0,0.0,0.0,0.0,0.0,0.692,0.7332
128,0.005,3,10,100,32,16,256,184,440338,73,30,ContrastiveLoss,gru,/home/dpetrovitch/dzagcoffee/train_trace/gender/checkpoints_2025-10-07 19:53:20.141369_ContrastiveLoss_gru_catboost/model_128_0.005_3_10_100_256_32_16_256_ContrastiveLoss_gruepoch=12.ckpt,12,30,0.45867884,82.5473,1.6764,0.0003,4.9978,1.2244,16.4684,0.6731,1101.1442,53.963,301.983,14.7991,281.1565,13.7784,268.903,13.1779,252.1205,12.3555,237.6469,11.6462,198.8139,9.7431,38.9068,2.2124,10.67,0.6067,9.9341,0.5649,9.5012,0.5403,8.9082,0.5066,8.3968,0.4775,7.0247,0.3995,0.0,0.0,0.0,0.0,0.0,0.0,0.0,0.0,0.0,0.0,0.0,0.0,0.0,0.0,0.0,0.0,0.0,0.0,0.0,0.0,0.0,0.0,0.0,0.0,0.0,0.0,0.0,0.0,0.0,0.0,0.0,0.0,0.0,0.0,0.0,0.724,0.7532
128,0.005,3,10,100,32,16,256,184,440338,73,30,ContrastiveLoss,gru,/home/dpetrovitch/dzagcoffee/train_trace/gender/checkpoints_2025-10-07 19:53:20.141369_ContrastiveLoss_gru_catboost/model_128_0.005_3_10_100_256_32_16_256_ContrastiveLoss_gruepoch=13.ckpt,13,30,0.45244253,80.9976,1.6771,0.0003,5.0692,1.2222,15.8235,0.6733,1104.9056,53.9503,299.5673,14.6273,278.2833,13.588,266.1296,12.9946,249.6151,12.1882,236.3353,11.5398,197.8799,9.6621,37.883,2.236,10.271,0.6062,9.5413,0.5632,9.1246,0.5386,8.5584,0.5051,8.103,0.4783,6.7846,0.4004,0.0,0.0,0.0,0.0,0.0,0.0,0.0,0.0,0.0,0.0,0.0,0.0,0.0,0.0,0.0,0.0,0.0,0.0,0.0,0.0,0.0,0.0,0.0,0.0,0.0,0.0,0.0,0.0,0.0,0.0,0.0,0.0,0.0,0.0,0.0,0.704,0.7608
128,0.005,3,10,100,32,16,256,184,440338,73,30,ContrastiveLoss,gru,/home/dpetrovitch/dzagcoffee/train_trace/gender/checkpoints_2025-10-07 19:53:20.141369_ContrastiveLoss_gru_catboost/model_128_0.005_3_10_100_256_32_16_256_ContrastiveLoss_gruepoch=14.ckpt,14,30,0.45479834,79.7148,1.6759,0.0003,5.1015,1.2126,14.3622,0.6842,1086.6974,53.0566,299.4718,14.6213,278.2584,13.5856,266.0775,12.9909,249.2856,12.171,235.1476,11.4808,194.463,9.4944,38.5536,2.2609,10.6246,0.6231,9.872,0.5789,9.4398,0.5536,8.8441,0.5186,8.3425,0.4892,6.8991,0.4046,0.0,0.0,0.0,0.0,0.0,0.0,0.0,0.0,0.0,0.0,0.0,0.0,0.0,0.0,0.0,0.0,0.0,0.0,0.0,0.0,0.0,0.0,0.0,0.0,0.0,0.0,0.0,0.0,0.0,0.0,0.0,0.0,0.0,0.0,0.0,0.712,0.7549
128,0.005,3,10,100,32,16,256,184,440338,73,30,ContrastiveLoss,gru,/home/dpetrovitch/dzagcoffee/train_trace/gender/checkpoints_2025-10-07 19:53:20.141369_ContrastiveLoss_gru_catboost/model_128_0.005_3_10_100_256_32_16_256_ContrastiveLoss_gruepoch=15.ckpt,15,30,0.45846185,79.1409,1.6779,0.0003,5.1226,1.2081,15.3545,0.688,1088.3246,53.1503,298.8668,14.5957,277.9008,13.5718,265.5804,12.9701,248.971,12.1589,235.0611,11.4796,196.6235,9.6025,39.5433,2.2258,10.8591,0.6112,10.0973,0.5683,9.6496,0.5431,9.0461,0.5092,8.5407,0.4807,7.1441,0.4021,0.0,0.0,0.0,0.0,0.0,0.0,0.0,0.0,0.0,0.0,0.0,0.0,0.0,0.0,0.0,0.0,0.0,0.0,0.0,0.0,0.0,0.0,0.0,0.0,0.0,0.0,0.0,0.0,0.0,0.0,0.0,0.0,0.0,0.0,0.0,0.7,0.7488
128,0.005,3,10,100,32,16,256,184,440338,73,30,ContrastiveLoss,gru,/home/dpetrovitch/dzagcoffee/train_trace/gender/checkpoints_2025-10-07 19:53:20.141369_ContrastiveLoss_gru_catboost/model_128_0.005_3_10_100_256_32_16_256_ContrastiveLoss_gruepoch=16.ckpt,16,30,0.4583248,79.829,1.672,0.0003,5.1466,1.2187,15.5797,0.6758,1101.7179,53.7693,298.9945,14.5924,277.8432,13.5601,265.7142,12.9682,248.7141,12.1385,234.7118,11.4551,195.6127,9.5469,36.7581,2.1774,9.9758,0.5909,9.2701,0.5491,8.8654,0.5252,8.2982,0.4916,7.831,0.4639,6.5265,0.3866,0.0,0.0,0.0,0.0,0.0,0.0,0.0,0.0,0.0,0.0,0.0,0.0,0.0,0.0,0.0,0.0,0.0,0.0,0.0,0.0,0.0,0.0,0.0,0.0,0.0,0.0,0.0,0.0,0.0,0.0,0.0,0.0,0.0,0.0,0.0,0.68,0.7494
128,0.005,3,10,100,32,16,256,184,440338,73,30,ContrastiveLoss,gru,/home/dpetrovitch/dzagcoffee/train_trace/gender/checkpoints_2025-10-07 19:53:20.141369_ContrastiveLoss_gru_catboost/model_128_0.005_3_10_100_256_32_16_256_ContrastiveLoss_gruepoch=17.ckpt,17,30,0.45480403,80.8509,1.6781,0.0002,5.145,1.2274,14.3741,0.6675,1101.4995,53.7599,299.513,14.6181,277.9135,13.5639,265.4897,12.9575,248.4109,12.124,234.0131,11.4213,194.9943,9.5169,36.6881,2.1913,9.976,0.5958,9.2566,0.5529,8.8428,0.5282,8.2739,0.4942,7.7944,0.4655,6.4948,0.3879,0.0,0.0,0.0,0.0,0.0,0.0,0.0,0.0,0.0,0.0,0.0,0.0,0.0,0.0,0.0,0.0,0.0,0.0,0.0,0.0,0.0,0.0,0.0,0.0,0.0,0.0,0.0,0.0,0.0,0.0,0.0,0.0,0.0,0.0,0.0,0.712,0.7565
128,0.005,3,10,100,32,16,256,184,440338,73,30,ContrastiveLoss,gru,/home/dpetrovitch/dzagcoffee/train_trace/gender/checkpoints_2025-10-07 19:53:20.141369_ContrastiveLoss_gru_catboost/model_128_0.005_3_10_100_256_32_16_256_ContrastiveLoss_gruepoch=18.ckpt,18,30,0.4558034,77.8534,1.6754,0.0002,5.2313,1.2075,15.5333,0.6889,1087.1558,53.1114,299.2165,14.6178,277.6043,13.562,264.9336,12.943,248.2557,12.1282,234.0982,11.4365,193.9248,9.4739,36.1583,2.111,9.9518,0.581,9.233,0.539,8.8116,0.5144,8.2569,0.482,7.786,0.4546,6.4498,0.3766,0.0,0.0,0.0,0.0,0.0,0.0,0.0,0.0,0.0,0.0,0.0,0.0,0.0,0.0,0.0,0.0,0.0,0.0,0.0,0.0,0.0,0.0,0.0,0.0,0.0,0.0,0.0,0.0,0.0,0.0,0.0,0.0,0.0,0.0,0.0,0.708,0.7692
128,0.005,3,10,100,32,16,256,184,440338,73,30,ContrastiveLoss,gru,/home/dpetrovitch/dzagcoffee/train_trace/gender/checkpoints_2025-10-07 19:53:20.141369_ContrastiveLoss_gru_catboost/model_128_0.005_3_10_100_256_32_16_256_ContrastiveLoss_gruepoch=19.ckpt,19,30,0.44895604,78.4454,1.6774,0.0002,5.2519,1.213,15.8999,0.6847,1079.9974,52.863,299.6399,14.6666,277.6831,13.5918,265.1685,12.9793,247.7974,12.129,233.0141,11.4054,194.2761,9.5093,32.8772,2.0017,9.1216,0.5554,8.4532,0.5147,8.0722,0.4915,7.5434,0.4593,7.0934,0.4319,5.9141,0.3601,0.0,0.0,0.0,0.0,0.0,0.0,0.0,0.0,0.0,0.0,0.0,0.0,0.0,0.0,0.0,0.0,0.0,0.0,0.0,0.0,0.0,0.0,0.0,0.0,0.0,0.0,0.0,0.0,0.0,0.0,0.0,0.0,0.0,0.0,0.0,0.708,0.7622
128,0.005,3,10,100,32,16,256,184,440338,73,30,ContrastiveLoss,gru,/home/dpetrovitch/dzagcoffee/train_trace/gender/checkpoints_2025-10-07 19:53:20.141369_ContrastiveLoss_gru_catboost/model_128_0.005_3_10_100_256_32_16_256_ContrastiveLoss_gruepoch=20.ckpt,20,30,0.45749387,77.6699,1.6771,0.0002,5.3016,1.2156,15.9266,0.68,1099.7106,53.6819,298.9754,14.5944,277.361,13.5393,265.217,12.9465,248.5441,12.1326,234.7989,11.4616,196.0456,9.5699,35.3603,2.1449,9.6133,0.5831,8.9183,0.541,8.5278,0.5173,7.9917,0.4848,7.5498,0.458,6.3037,0.3824,0.0,0.0,0.0,0.0,0.0,0.0,0.0,0.0,0.0,0.0,0.0,0.0,0.0,0.0,0.0,0.0,0.0,0.0,0.0,0.0,0.0,0.0,0.0,0.0,0.0,0.0,0.0,0.0,0.0,0.0,0.0,0.0,0.0,0.0,0.0,0.688,0.7398
128,0.005,3,10,100,32,16,256,184,440338,73,30,ContrastiveLoss,gru,/home/dpetrovitch/dzagcoffee/train_trace/gender/checkpoints_2025-10-07 19:53:20.141369_ContrastiveLoss_gru_catboost/model_128_0.005_3_10_100_256_32_16_256_ContrastiveLoss_gruepoch=21.ckpt,21,30,0.45580626,76.9671,1.6784,0.0002,5.3044,1.2108,16.0504,0.6864,1088.6865,53.2899,299.3036,14.6505,277.8129,13.5986,265.4436,12.9931,248.4601,12.1618,234.4781,11.4774,196.9907,9.6425,36.2593,2.1096,9.9685,0.58,9.2527,0.5383,8.8407,0.5144,8.2751,0.4815,7.8094,0.4544,6.5609,0.3817,0.0,0.0,0.0,0.0,0.0,0.0,0.0,0.0,0.0,0.0,0.0,0.0,0.0,0.0,0.0,0.0,0.0,0.0,0.0,0.0,0.0,0.0,0.0,0.0,0.0,0.0,0.0,0.0,0.0,0.0,0.0,0.0,0.0,0.0,0.0,0.712,0.7518
128,0.005,3,10,100,32,16,256,184,440338,73,30,ContrastiveLoss,gru,/home/dpetrovitch/dzagcoffee/train_trace/gender/checkpoints_2025-10-07 19:53:20.141369_ContrastiveLoss_gru_catboost/model_128_0.005_3_10_100_256_32_16_256_ContrastiveLoss_gruepoch=22.ckpt,22,30,0.45933846,76.1569,1.6775,0.0002,5.3532,1.2112,15.8089,0.6847,1084.3721,52.9309,297.4639,14.52,276.079,13.4761,263.7741,12.8755,246.9352,12.0535,232.9198,11.3694,196.5731,9.5952,33.9872,2.068,9.3233,0.5673,8.6531,0.5265,8.2674,0.503,7.7396,0.4709,7.3004,0.4442,6.1612,0.3749,0.0,0.0,0.0,0.0,0.0,0.0,0.0,0.0,0.0,0.0,0.0,0.0,0.0,0.0,0.0,0.0,0.0,0.0,0.0,0.0,0.0,0.0,0.0,0.0,0.0,0.0,0.0,0.0,0.0,0.0,0.0,0.0,0.0,0.0,0.0,0.688,0.7397
128,0.005,3,10,100,32,16,256,184,440338,73,30,ContrastiveLoss,gru,/home/dpetrovitch/dzagcoffee/train_trace/gender/checkpoints_2025-10-07 19:53:20.141369_ContrastiveLoss_gru_catboost/model_128_0.005_3_10_100_256_32_16_256_ContrastiveLoss_gruepoch=23.ckpt,23,30,0.45701984,77.7298,1.6779,0.0002,5.3524,1.2264,16.9152,0.6683,1106.6946,54.044,299.5116,14.6263,277.8136,13.5667,265.4645,12.9636,248.5535,12.1378,234.4169,11.4474,198.135,9.6757,36.0543,2.0953,9.7576,0.5671,9.0507,0.526,8.6484,0.5026,8.0975,0.4706,7.6369,0.4438,6.4549,0.3751,0.0,0.0,0.0,0.0,0.0,0.0,0.0,0.0,0.0,0.0,0.0,0.0,0.0,0.0,0.0,0.0,0.0,0.0,0.0,0.0,0.0,0.0,0.0,0.0,0.0,0.0,0.0,0.0,0.0,0.0,0.0,0.0,0.0,0.0,0.0,0.716,0.7628
128,0.005,3,10,100,32,16,256,184,440338,73,30,ContrastiveLoss,gru,/home/dpetrovitch/dzagcoffee/train_trace/gender/checkpoints_2025-10-07 19:53:20.141369_ContrastiveLoss_gru_catboost/model_128_0.005_3_10_100_256_32_16_256_ContrastiveLoss_gruepoch=24.ckpt,24,30,0.45705128,76.2019,1.6763,0.0002,5.3478,1.2106,16.4198,0.6858,1087.792,53.1508,299.3802,14.6281,277.693,13.5684,265.4928,12.9723,248.6098,12.1474,234.2635,11.4464,197.7664,9.6631,36.8706,2.155,10.1475,0.5931,9.4124,0.5501,8.9989,0.526,8.4266,0.4925,7.9403,0.4641,6.7033,0.3918,0.0,0.0,0.0,0.0,0.0,0.0,0.0,0.0,0.0,0.0,0.0,0.0,0.0,0.0,0.0,0.0,0.0,0.0,0.0,0.0,0.0,0.0,0.0,0.0,0.0,0.0,0.0,0.0,0.0,0.0,0.0,0.0,0.0,0.0,0.0,0.68,0.7488
128,0.005,3,10,100,32,16,256,184,440338,73,30,ContrastiveLoss,gru,/home/dpetrovitch/dzagcoffee/train_trace/gender/checkpoints_2025-10-07 19:53:20.141369_ContrastiveLoss_gru_catboost/model_128_0.005_3_10_100_256_32_16_256_ContrastiveLoss_gruepoch=25.ckpt,25,30,0.4580535,76.395,1.6762,0.0002,5.3959,1.2189,14.6372,0.6765,1096.9342,53.6053,297.5762,14.542,276.1842,13.4967,263.9529,12.8989,247.4932,12.0946,233.8351,11.4271,196.8795,9.6212,37.5282,2.2036,10.1807,0.5978,9.4488,0.5548,9.0303,0.5302,8.4672,0.4972,8.0,0.4697,6.7356,0.3955,0.0,0.0,0.0,0.0,0.0,0.0,0.0,0.0,0.0,0.0,0.0,0.0,0.0,0.0,0.0,0.0,0.0,0.0,0.0,0.0,0.0,0.0,0.0,0.0,0.0,0.0,0.0,0.0,0.0,0.0,0.0,0.0,0.0,0.0,0.0,0.696,0.7555
128,0.005,3,10,100,32,16,256,184,440338,73,30,ContrastiveLoss,gru,/home/dpetrovitch/dzagcoffee/train_trace/gender/checkpoints_2025-10-07 19:53:20.141369_ContrastiveLoss_gru_catboost/model_128_0.005_3_10_100_256_32_16_256_ContrastiveLoss_gruepoch=26.ckpt,26,30,0.45924422,75.5772,1.679,0.0002,5.3911,1.211,16.9537,0.6865,1089.8707,53.3647,299.2672,14.6534,277.7238,13.5985,265.4387,12.997,248.454,12.1654,234.4571,11.48,199.0303,9.7454,34.5309,2.0976,9.4818,0.576,8.7992,0.5345,8.41,0.5109,7.8719,0.4782,7.4284,0.4512,6.306,0.3831,0.0,0.0,0.0,0.0,0.0,0.0,0.0,0.0,0.0,0.0,0.0,0.0,0.0,0.0,0.0,0.0,0.0,0.0,0.0,0.0,0.0,0.0,0.0,0.0,0.0,0.0,0.0,0.0,0.0,0.0,0.0,0.0,0.0,0.0,0.0,0.708,0.7681
128,0.005,3,10,100,32,16,256,184,440338,73,30,ContrastiveLoss,gru,/home/dpetrovitch/dzagcoffee/train_trace/gender/checkpoints_2025-10-07 19:53:20.141369_ContrastiveLoss_gru_catboost/model_128_0.005_3_10_100_256_32_16_256_ContrastiveLoss_gruepoch=27.ckpt,27,30,0.45283377,75.4993,1.6768,0.0002,5.4077,1.2178,17.1049,0.6771,1099.2827,53.6095,299.1343,14.5881,277.4193,13.5291,264.932,12.9201,247.7767,12.0835,233.5183,11.3881,198.0146,9.6567,37.2956,2.191,10.1488,0.5962,9.4121,0.5529,8.9884,0.528,8.4064,0.4938,7.9226,0.4654,6.7181,0.3947,0.0,0.0,0.0,0.0,0.0,0.0,0.0,0.0,0.0,0.0,0.0,0.0,0.0,0.0,0.0,0.0,0.0,0.0,0.0,0.0,0.0,0.0,0.0,0.0,0.0,0.0,0.0,0.0,0.0,0.0,0.0,0.0,0.0,0.0,0.0,0.728,0.7603
128,0.005,3,10,100,32,16,256,184,440338,73,30,ContrastiveLoss,gru,/home/dpetrovitch/dzagcoffee/train_trace/gender/checkpoints_2025-10-07 19:53:20.141369_ContrastiveLoss_gru_catboost/model_128_0.005_3_10_100_256_32_16_256_ContrastiveLoss_gruepoch=28.ckpt,28,30,0.45448136,75.4295,1.6784,0.0002,5.4477,1.2206,16.5632,0.6755,1101.0677,53.8907,298.6228,14.6158,277.0785,13.5613,264.6089,12.951,247.812,12.1289,233.6352,11.435,198.4755,9.7142,35.8052,2.1745,9.7108,0.5897,9.0102,0.5472,8.6047,0.5226,8.0585,0.4894,7.5975,0.4614,6.4542,0.392,0.0,0.0,0.0,0.0,0.0,0.0,0.0,0.0,0.0,0.0,0.0,0.0,0.0,0.0,0.0,0.0,0.0,0.0,0.0,0.0,0.0,0.0,0.0,0.0,0.0,0.0,0.0,0.0,0.0,0.0,0.0,0.0,0.0,0.0,0.0,0.688,0.759
128,0.005,3,10,100,32,16,256,184,440338,73,30,ContrastiveLoss,gru,/home/dpetrovitch/dzagcoffee/train_trace/gender/checkpoints_2025-10-07 19:53:20.141369_ContrastiveLoss_gru_catboost/model_128_0.005_3_10_100_256_32_16_256_ContrastiveLoss_gruepoch=29.ckpt,29,30,0.45780793,74.7513,1.6787,0.0002,5.4321,1.2116,16.6955,0.6854,1088.0594,53.2442,299.1141,14.6372,277.6404,13.5863,265.0464,12.97,248.0388,12.1378,233.5758,11.43,197.3824,9.6589,36.6906,2.1388,10.0865,0.588,9.3624,0.5458,8.9377,0.521,8.3642,0.4876,7.8765,0.4591,6.656,0.388,0.0,0.0,0.0,0.0,0.0,0.0,0.0,0.0,0.0,0.0,0.0,0.0,0.0,0.0,0.0,0.0,0.0,0.0,0.0,0.0,0.0,0.0,0.0,0.0,0.0,0.0,0.0,0.0,0.0,0.0,0.0,0.0,0.0,0.0,0.0,0.696,0.7456
128,0.01,3,10,100,32,16,256,184,440338,73,30,ContrastiveLoss,gru,/home/dpetrovitch/dzagcoffee/train_trace/gender/checkpoints_2025-10-07 19:53:20.141369_ContrastiveLoss_gru_catboost/model_128_0.01_3_10_100_256_32_16_256_ContrastiveLoss_gruepoch=00.ckpt,0,30,0.42680636,88.6886,1.6797,0.0,4.8812,1.2802,9.4226,0.6165,1539.7385,75.2352,280.4412,13.703,258.5688,12.6343,246.2647,12.0331,229.8586,11.2314,215.6529,10.5373,163.8565,8.0064,60.7407,3.5717,11.063,0.6505,10.2002,0.5998,9.7148,0.5712,9.0676,0.5332,8.5072,0.5002,6.4639,0.3801,0.0,0.0,0.0,0.0,0.0,0.0,0.0,0.0,0.0,0.0,0.0,0.0,0.0,0.0,0.0,0.0,0.0,0.0,0.0,0.0,0.0,0.0,0.0,0.0,0.0,0.0,0.0,0.0,0.0,0.0,0.0,0.0,0.0,0.0,0.0,0.64,0.672
128,0.01,3,10,100,32,16,256,184,440338,73,30,ContrastiveLoss,gru,/home/dpetrovitch/dzagcoffee/train_trace/gender/checkpoints_2025-10-07 19:53:20.141369_ContrastiveLoss_gru_catboost/model_128_0.01_3_10_100_256_32_16_256_ContrastiveLoss_gruepoch=01.ckpt,1,30,0.44907597,95.8015,1.6797,0.0,5.2894,1.2817,11.4882,0.613,1657.0153,80.5829,296.8801,14.4377,277.3006,13.4855,266.0577,12.9387,250.5563,12.1849,238.1259,11.5804,207.0487,10.0691,68.4474,3.8092,12.2634,0.6825,11.4546,0.6375,10.9902,0.6116,10.3499,0.576,9.8364,0.5474,8.5527,0.476,0.0,0.0,0.0,0.0,0.0,0.0,0.0,0.0,0.0,0.0,0.0,0.0,0.0,0.0,0.0,0.0,0.0,0.0,0.0,0.0,0.0,0.0,0.0,0.0,0.0,0.0,0.0,0.0,0.0,0.0,0.0,0.0,0.0,0.0,0.0,0.684,0.7367
128,0.01,3,10,100,32,16,256,184,440338,73,30,ContrastiveLoss,gru,/home/dpetrovitch/dzagcoffee/train_trace/gender/checkpoints_2025-10-07 19:53:20.141369_ContrastiveLoss_gru_catboost/model_128_0.01_3_10_100_256_32_16_256_ContrastiveLoss_gruepoch=02.ckpt,2,30,0.45745385,95.9503,1.6789,0.0,5.5169,1.2573,12.9654,0.6358,1604.6034,77.9991,301.9978,14.68,283.2891,13.7706,272.768,13.2591,258.4567,12.5635,246.2132,11.9683,212.9104,10.3495,58.9199,3.3832,11.0891,0.6367,10.4022,0.5973,10.0158,0.5751,9.4903,0.5449,9.0408,0.5191,7.8179,0.4489,0.0,0.0,0.0,0.0,0.0,0.0,0.0,0.0,0.0,0.0,0.0,0.0,0.0,0.0,0.0,0.0,0.0,0.0,0.0,0.0,0.0,0.0,0.0,0.0,0.0,0.0,0.0,0.0,0.0,0.0,0.0,0.0,0.0,0.0,0.0,0.668,0.735
128,0.01,3,10,100,32,16,256,184,440338,73,30,ContrastiveLoss,gru,/home/dpetrovitch/dzagcoffee/train_trace/gender/checkpoints_2025-10-07 19:53:20.141369_ContrastiveLoss_gru_catboost/model_128_0.01_3_10_100_256_32_16_256_ContrastiveLoss_gruepoch=03.ckpt,3,30,0.46232238,98.8798,1.6704,0.0,5.3657,1.2457,13.0426,0.6478,1583.6748,77.0267,309.7987,15.068,291.3968,14.1729,280.7187,13.6536,265.5981,12.9181,252.6488,12.2883,217.9216,10.5993,58.5845,3.2599,11.4603,0.6377,10.7796,0.5998,10.3846,0.5778,9.8252,0.5467,9.3462,0.5201,8.0615,0.4486,0.0,0.0,0.0,0.0,0.0,0.0,0.0,0.0,0.0,0.0,0.0,0.0,0.0,0.0,0.0,0.0,0.0,0.0,0.0,0.0,0.0,0.0,0.0,0.0,0.0,0.0,0.0,0.0,0.0,0.0,0.0,0.0,0.0,0.0,0.0,0.7,0.7411
128,0.01,3,10,100,32,16,256,184,440338,73,30,ContrastiveLoss,gru,/home/dpetrovitch/dzagcoffee/train_trace/gender/checkpoints_2025-10-07 19:53:20.141369_ContrastiveLoss_gru_catboost/model_128_0.01_3_10_100_256_32_16_256_ContrastiveLoss_gruepoch=04.ckpt,4,30,0.46103457,96.1918,1.6757,0.0,5.4036,1.2294,12.9693,0.6638,1516.451,73.722,310.0004,15.0706,291.0979,14.1517,280.275,13.6255,265.5668,12.9105,252.7748,12.2886,212.5694,10.334,44.5612,2.6676,9.1094,0.5453,8.554,0.5121,8.2359,0.493,7.8037,0.4672,7.4278,0.4447,6.2464,0.3739,0.0,0.0,0.0,0.0,0.0,0.0,0.0,0.0,0.0,0.0,0.0,0.0,0.0,0.0,0.0,0.0,0.0,0.0,0.0,0.0,0.0,0.0,0.0,0.0,0.0,0.0,0.0,0.0,0.0,0.0,0.0,0.0,0.0,0.0,0.0,0.668,0.7144
128,0.01,3,10,100,32,16,256,184,440338,73,30,ContrastiveLoss,gru,/home/dpetrovitch/dzagcoffee/train_trace/gender/checkpoints_2025-10-07 19:53:20.141369_ContrastiveLoss_gru_catboost/model_128_0.01_3_10_100_256_32_16_256_ContrastiveLoss_gruepoch=05.ckpt,5,30,0.4620683,97.3203,1.6752,0.0,5.1052,1.2313,12.918,0.6633,1504.2305,73.2656,311.3147,15.163,292.0668,14.2255,280.9224,13.6827,266.0343,12.9576,253.2123,12.3331,216.21,10.5308,42.1115,2.5843,8.7154,0.5348,8.1765,0.5018,7.8645,0.4826,7.4477,0.457,7.0888,0.435,6.0529,0.3714,0.0,0.0,0.0,0.0,0.0,0.0,0.0,0.0,0.0,0.0,0.0,0.0,0.0,0.0,0.0,0.0,0.0,0.0,0.0,0.0,0.0,0.0,0.0,0.0,0.0,0.0,0.0,0.0,0.0,0.0,0.0,0.0,0.0,0.0,0.0,0.708,0.7413
128,0.01,3,10,100,32,16,256,184,440338,73,30,ContrastiveLoss,gru,/home/dpetrovitch/dzagcoffee/train_trace/gender/checkpoints_2025-10-07 19:53:20.141369_ContrastiveLoss_gru_catboost/model_128_0.01_3_10_100_256_32_16_256_ContrastiveLoss_gruepoch=06.ckpt,6,30,0.46066627,95.3673,1.6785,1e-04,5.1623,1.2246,15.9033,0.6698,1447.3842,70.5401,311.0426,15.1591,292.095,14.2356,281.1135,13.7004,266.998,13.0125,254.8967,12.4227,223.1179,10.8739,39.3658,2.3986,8.4597,0.5155,7.9444,0.4841,7.6457,0.4659,7.2618,0.4425,6.9326,0.4224,6.0683,0.3698,0.0,0.0,0.0,0.0,0.0,0.0,0.0,0.0,0.0,0.0,0.0,0.0,0.0,0.0,0.0,0.0,0.0,0.0,0.0,0.0,0.0,0.0,0.0,0.0,0.0,0.0,0.0,0.0,0.0,0.0,0.0,0.0,0.0,0.0,0.0,0.668,0.7388
128,0.01,3,10,100,32,16,256,184,440338,73,30,ContrastiveLoss,gru,/home/dpetrovitch/dzagcoffee/train_trace/gender/checkpoints_2025-10-07 19:53:20.141369_ContrastiveLoss_gru_catboost/model_128_0.01_3_10_100_256_32_16_256_ContrastiveLoss_gruepoch=07.ckpt,7,30,0.45590904,89.6943,1.6287,0.0,5.4686,1.1922,14.0335,0.7044,1334.4878,64.8713,307.4194,14.9441,288.1742,14.0085,277.0802,13.4692,262.7446,12.7724,250.5757,12.1808,220.74,10.7305,36.0433,2.2582,8.3031,0.5202,7.7833,0.4876,7.4837,0.4689,7.0965,0.4446,6.7678,0.424,5.962,0.3735,0.0,0.0,0.0,0.0,0.0,0.0,0.0,0.0,0.0,0.0,0.0,0.0,0.0,0.0,0.0,0.0,0.0,0.0,0.0,0.0,0.0,0.0,0.0,0.0,0.0,0.0,0.0,0.0,0.0,0.0,0.0,0.0,0.0,0.0,0.0,0.664,0.7112
128,0.01,3,10,100,32,16,256,184,440338,73,30,ContrastiveLoss,gru,/home/dpetrovitch/dzagcoffee/train_trace/gender/checkpoints_2025-10-07 19:53:20.141369_ContrastiveLoss_gru_catboost/model_128_0.01_3_10_100_256_32_16_256_ContrastiveLoss_gruepoch=08.ckpt,8,30,0.4621882,87.0046,1.6796,1e-04,5.5125,1.1832,14.9862,0.7167,1276.3964,62.2291,307.836,15.0082,287.696,14.0263,276.2587,13.4686,260.9018,12.7199,248.2528,12.1033,213.2234,10.3954,33.4888,2.1141,8.0767,0.5099,7.5483,0.4765,7.2482,0.4576,6.8453,0.4321,6.5134,0.4112,5.5943,0.3532,0.0,0.0,0.0,0.0,0.0,0.0,0.0,0.0,0.0,0.0,0.0,0.0,0.0,0.0,0.0,0.0,0.0,0.0,0.0,0.0,0.0,0.0,0.0,0.0,0.0,0.0,0.0,0.0,0.0,0.0,0.0,0.0,0.0,0.0,0.0,0.696,0.732
128,0.01,3,10,100,32,16,256,184,440338,73,30,ContrastiveLoss,gru,/home/dpetrovitch/dzagcoffee/train_trace/gender/checkpoints_2025-10-07 19:53:20.141369_ContrastiveLoss_gru_catboost/model_128_0.01_3_10_100_256_32_16_256_ContrastiveLoss_gruepoch=09.ckpt,9,30,0.45332488,84.5124,1.6796,1e-04,5.6876,1.1867,16.6387,0.713,1285.0898,62.6511,309.3394,15.081,289.1017,14.0944,277.5142,13.5295,261.7527,12.7611,248.493,12.1146,212.4486,10.3574,31.7606,2.0766,7.6452,0.4999,7.1451,0.4672,6.8587,0.4484,6.4691,0.423,6.1414,0.4015,5.2506,0.3433,0.0,0.0,0.0,0.0,0.0,0.0,0.0,0.0,0.0,0.0,0.0,0.0,0.0,0.0,0.0,0.0,0.0,0.0,0.0,0.0,0.0,0.0,0.0,0.0,0.0,0.0,0.0,0.0,0.0,0.0,0.0,0.0,0.0,0.0,0.0,0.696,0.7592
128,0.01,3,10,100,32,16,256,184,440338,73,30,ContrastiveLoss,gru,/home/dpetrovitch/dzagcoffee/train_trace/gender/checkpoints_2025-10-07 19:53:20.141369_ContrastiveLoss_gru_catboost/model_128_0.01_3_10_100_256_32_16_256_ContrastiveLoss_gruepoch=10.ckpt,10,30,0.46061483,87.0466,1.6778,0.0,5.7517,1.2022,16.1348,0.6935,1334.02,64.9775,309.4082,15.0707,289.9431,14.1226,278.7763,13.5787,263.8296,12.8506,250.8908,12.2204,221.6977,10.7985,35.3066,2.2257,8.1889,0.5162,7.6737,0.4837,7.3782,0.4651,6.9826,0.4402,6.6401,0.4186,5.8675,0.3699,0.0,0.0,0.0,0.0,0.0,0.0,0.0,0.0,0.0,0.0,0.0,0.0,0.0,0.0,0.0,0.0,0.0,0.0,0.0,0.0,0.0,0.0,0.0,0.0,0.0,0.0,0.0,0.0,0.0,0.0,0.0,0.0,0.0,0.0,0.0,0.72,0.7631
128,0.01,3,10,100,32,16,256,184,440338,73,30,ContrastiveLoss,gru,/home/dpetrovitch/dzagcoffee/train_trace/gender/checkpoints_2025-10-07 19:53:20.141369_ContrastiveLoss_gru_catboost/model_128_0.01_3_10_100_256_32_16_256_ContrastiveLoss_gruepoch=11.ckpt,11,30,0.45630595,83.4096,1.6795,0.0,5.9538,1.1835,15.9103,0.7166,1283.3635,62.634,309.177,15.0892,289.0593,14.1074,277.7347,13.5547,262.576,12.8149,249.5816,12.1807,217.7408,10.6267,31.6207,2.0202,7.6178,0.4867,7.1221,0.455,6.8431,0.4372,6.4696,0.4133,6.1494,0.3929,5.3649,0.3428,0.0,0.0,0.0,0.0,0.0,0.0,0.0,0.0,0.0,0.0,0.0,0.0,0.0,0.0,0.0,0.0,0.0,0.0,0.0,0.0,0.0,0.0,0.0,0.0,0.0,0.0,0.0,0.0,0.0,0.0,0.0,0.0,0.0,0.0,0.0,0.696,0.7377
128,0.01,3,10,100,32,16,256,184,440338,73,30,ContrastiveLoss,gru,/home/dpetrovitch/dzagcoffee/train_trace/gender/checkpoints_2025-10-07 19:53:20.141369_ContrastiveLoss_gru_catboost/model_128_0.01_3_10_100_256_32_16_256_ContrastiveLoss_gruepoch=12.ckpt,12,30,0.45909572,80.6793,1.6777,0.0,6.0387,1.1728,14.4032,0.7291,1243.2478,60.59,306.3335,14.9292,286.3881,13.9572,274.7815,13.3916,258.9132,12.6182,245.3215,11.9558,214.0165,10.4302,32.1101,2.0896,7.9119,0.5149,7.3967,0.4814,7.0969,0.4619,6.6871,0.4352,6.3361,0.4123,5.5275,0.3597,0.0,0.0,0.0,0.0,0.0,0.0,0.0,0.0,0.0,0.0,0.0,0.0,0.0,0.0,0.0,0.0,0.0,0.0,0.0,0.0,0.0,0.0,0.0,0.0,0.0,0.0,0.0,0.0,0.0,0.0,0.0,0.0,0.0,0.0,0.0,0.692,0.7186
128,0.01,3,10,100,32,16,256,184,440338,73,30,ContrastiveLoss,gru,/home/dpetrovitch/dzagcoffee/train_trace/gender/checkpoints_2025-10-07 19:53:20.141369_ContrastiveLoss_gru_catboost/model_128_0.01_3_10_100_256_32_16_256_ContrastiveLoss_gruepoch=13.ckpt,13,30,0.457808,80.5755,1.6795,0.0,6.0853,1.1796,15.8153,0.7214,1255.7186,61.3099,306.6919,14.9741,287.0595,14.0156,275.7198,13.4619,259.8185,12.6855,246.2739,12.0242,216.5104,10.571,31.9568,2.1204,7.805,0.5179,7.3054,0.4847,7.0168,0.4656,6.6121,0.4387,6.2674,0.4159,5.51,0.3656,0.0,0.0,0.0,0.0,0.0,0.0,0.0,0.0,0.0,0.0,0.0,0.0,0.0,0.0,0.0,0.0,0.0,0.0,0.0,0.0,0.0,0.0,0.0,0.0,0.0,0.0,0.0,0.0,0.0,0.0,0.0,0.0,0.0,0.0,0.0,0.684,0.7179
128,0.01,3,10,100,32,16,256,184,440338,73,30,ContrastiveLoss,gru,/home/dpetrovitch/dzagcoffee/train_trace/gender/checkpoints_2025-10-07 19:53:20.141369_ContrastiveLoss_gru_catboost/model_128_0.01_3_10_100_256_32_16_256_ContrastiveLoss_gruepoch=14.ckpt,14,30,0.45865318,81.2128,1.679,0.0,6.0736,1.19,15.4586,0.7081,1285.1199,62.6539,307.6617,14.9995,287.4332,14.0133,275.93,13.4525,259.6837,12.6605,245.7684,11.982,214.8738,10.4758,34.4994,2.2366,8.2593,0.5355,7.7162,0.5003,7.4074,0.4802,6.9713,0.452,6.5977,0.4277,5.7683,0.374,0.0,0.0,0.0,0.0,0.0,0.0,0.0,0.0,0.0,0.0,0.0,0.0,0.0,0.0,0.0,0.0,0.0,0.0,0.0,0.0,0.0,0.0,0.0,0.0,0.0,0.0,0.0,0.0,0.0,0.0,0.0,0.0,0.0,0.0,0.0,0.688,0.7152
128,0.01,3,10,100,32,16,256,184,440338,73,30,ContrastiveLoss,gru,/home/dpetrovitch/dzagcoffee/train_trace/gender/checkpoints_2025-10-07 19:53:20.141369_ContrastiveLoss_gru_catboost/model_128_0.01_3_10_100_256_32_16_256_ContrastiveLoss_gruepoch=15.ckpt,15,30,0.4542729,79.1942,1.6796,1e-04,6.1694,1.1809,15.8931,0.7178,1251.5164,60.932,306.2273,14.9092,285.9631,13.9226,274.4717,13.3631,258.3251,12.577,244.7115,11.9142,216.1072,10.5215,29.9428,1.9999,7.3266,0.4893,6.8417,0.457,6.5668,0.4386,6.1805,0.4128,5.8548,0.391,5.1704,0.3453,0.0,0.0,0.0,0.0,0.0,0.0,0.0,0.0,0.0,0.0,0.0,0.0,0.0,0.0,0.0,0.0,0.0,0.0,0.0,0.0,0.0,0.0,0.0,0.0,0.0,0.0,0.0,0.0,0.0,0.0,0.0,0.0,0.0,0.0,0.0,0.68,0.7134
128,0.01,3,10,100,32,16,256,184,440338,73,30,ContrastiveLoss,gru,/home/dpetrovitch/dzagcoffee/train_trace/gender/checkpoints_2025-10-07 19:53:20.141369_ContrastiveLoss_gru_catboost/model_128_0.01_3_10_100_256_32_16_256_ContrastiveLoss_gruepoch=16.ckpt,16,30,0.45321348,79.1712,1.6796,1e-04,6.188,1.1832,14.5209,0.7144,1260.2434,61.3656,304.4501,14.8247,284.3817,13.8475,273.0379,13.2952,257.6139,12.5441,244.041,11.8832,216.0282,10.5192,31.482,2.0901,7.6054,0.5049,7.1041,0.4717,6.8207,0.4528,6.4354,0.4273,6.0964,0.4047,5.3966,0.3583,0.0,0.0,0.0,0.0,0.0,0.0,0.0,0.0,0.0,0.0,0.0,0.0,0.0,0.0,0.0,0.0,0.0,0.0,0.0,0.0,0.0,0.0,0.0,0.0,0.0,0.0,0.0,0.0,0.0,0.0,0.0,0.0,0.0,0.0,0.0,0.7,0.7165
128,0.01,3,10,100,32,16,256,184,440338,73,30,ContrastiveLoss,gru,/home/dpetrovitch/dzagcoffee/train_trace/gender/checkpoints_2025-10-07 19:53:20.141369_ContrastiveLoss_gru_catboost/model_128_0.01_3_10_100_256_32_16_256_ContrastiveLoss_gruepoch=17.ckpt,17,30,0.4554893,78.3765,1.6796,1e-04,6.2317,1.1896,15.8081,0.7085,1259.2517,61.3793,305.5659,14.8941,285.4656,13.9143,274.0731,13.3591,258.0246,12.5768,244.392,11.9123,216.9743,10.5759,34.3317,2.1845,8.3308,0.5301,7.7828,0.4952,7.4722,0.4755,7.0347,0.4476,6.663,0.424,5.9155,0.3764,0.0,0.0,0.0,0.0,0.0,0.0,0.0,0.0,0.0,0.0,0.0,0.0,0.0,0.0,0.0,0.0,0.0,0.0,0.0,0.0,0.0,0.0,0.0,0.0,0.0,0.0,0.0,0.0,0.0,0.0,0.0,0.0,0.0,0.0,0.0,0.66,0.7338
128,0.01,3,10,100,32,16,256,184,440338,73,30,ContrastiveLoss,gru,/home/dpetrovitch/dzagcoffee/train_trace/gender/checkpoints_2025-10-07 19:53:20.141369_ContrastiveLoss_gru_catboost/model_128_0.01_3_10_100_256_32_16_256_ContrastiveLoss_gruepoch=18.ckpt,18,30,0.45006397,76.5638,1.6708,1e-04,6.3523,1.1735,13.8217,0.726,1222.548,59.5237,303.2774,14.766,282.4859,13.7537,270.6157,13.1758,254.6968,12.4007,241.2804,11.7475,218.7492,10.6505,25.6009,1.8685,6.3508,0.4635,5.9154,0.4317,5.6669,0.4136,5.3335,0.3893,5.0526,0.3688,4.5807,0.3343,0.0,0.0,0.0,0.0,0.0,0.0,0.0,0.0,0.0,0.0,0.0,0.0,0.0,0.0,0.0,0.0,0.0,0.0,0.0,0.0,0.0,0.0,0.0,0.0,0.0,0.0,0.0,0.0,0.0,0.0,0.0,0.0,0.0,0.0,0.0,0.664,0.6971
128,0.01,3,10,100,32,16,256,184,440338,73,30,ContrastiveLoss,gru,/home/dpetrovitch/dzagcoffee/train_trace/gender/checkpoints_2025-10-07 19:53:20.141369_ContrastiveLoss_gru_catboost/model_128_0.01_3_10_100_256_32_16_256_ContrastiveLoss_gruepoch=19.ckpt,19,30,0.4525996,77.4384,1.6789,0.0,6.3712,1.1885,15.8535,0.7085,1266.9971,61.7975,304.9955,14.8761,284.5656,13.8796,272.9521,13.3132,257.3034,12.5499,244.4159,11.9213,218.4614,10.6554,33.917,2.2029,8.1646,0.5303,7.6177,0.4948,7.3068,0.4746,6.8879,0.4474,6.5429,0.425,5.8481,0.3798,0.0,0.0,0.0,0.0,0.0,0.0,0.0,0.0,0.0,0.0,0.0,0.0,0.0,0.0,0.0,0.0,0.0,0.0,0.0,0.0,0.0,0.0,0.0,0.0,0.0,0.0,0.0,0.0,0.0,0.0,0.0,0.0,0.0,0.0,0.0,0.664,0.6842
128,0.01,3,10,100,32,16,256,184,440338,73,30,ContrastiveLoss,gru,/home/dpetrovitch/dzagcoffee/train_trace/gender/checkpoints_2025-10-07 19:53:20.141369_ContrastiveLoss_gru_catboost/model_128_0.01_3_10_100_256_32_16_256_ContrastiveLoss_gruepoch=20.ckpt,20,30,0.44914162,76.139,1.6733,0.0,6.4212,1.1863,14.809,0.7103,1256.0001,61.14,303.4354,14.7707,283.1276,13.7822,271.6282,13.2224,256.0187,12.4626,243.124,11.8349,218.9409,10.6577,30.8315,2.1063,7.4485,0.5089,6.95,0.4748,6.6678,0.4555,6.2846,0.4293,5.9681,0.4077,5.3744,0.3672,0.0,0.0,0.0,0.0,0.0,0.0,0.0,0.0,0.0,0.0,0.0,0.0,0.0,0.0,0.0,0.0,0.0,0.0,0.0,0.0,0.0,0.0,0.0,0.0,0.0,0.0,0.0,0.0,0.0,0.0,0.0,0.0,0.0,0.0,0.0,0.664,0.6878
128,0.01,3,10,100,32,16,256,184,440338,73,30,ContrastiveLoss,gru,/home/dpetrovitch/dzagcoffee/train_trace/gender/checkpoints_2025-10-07 19:53:20.141369_ContrastiveLoss_gru_catboost/model_128_0.01_3_10_100_256_32_16_256_ContrastiveLoss_gruepoch=21.ckpt,21,30,0.4474113,74.5504,1.678,0.0,6.5,1.1764,14.7309,0.7223,1238.5924,60.3157,304.3199,14.8195,283.8472,13.8225,272.2412,13.2573,256.5961,12.4955,243.4504,11.8553,216.4694,10.5414,29.809,2.0373,7.324,0.5006,6.8313,0.4669,6.552,0.4478,6.1755,0.4221,5.8591,0.4004,5.2097,0.3561,0.0,0.0,0.0,0.0,0.0,0.0,0.0,0.0,0.0,0.0,0.0,0.0,0.0,0.0,0.0,0.0,0.0,0.0,0.0,0.0,0.0,0.0,0.0,0.0,0.0,0.0,0.0,0.0,0.0,0.0,0.0,0.0,0.0,0.0,0.0,0.692,0.7411
128,0.01,3,10,100,32,16,256,184,440338,73,30,ContrastiveLoss,gru,/home/dpetrovitch/dzagcoffee/train_trace/gender/checkpoints_2025-10-07 19:53:20.141369_ContrastiveLoss_gru_catboost/model_128_0.01_3_10_100_256_32_16_256_ContrastiveLoss_gruepoch=22.ckpt,22,30,0.4487648,75.1752,1.6782,0.0,6.4813,1.1882,15.4036,0.7084,1259.7015,61.3783,303.8654,14.8057,283.5989,13.8182,272.2193,13.2637,257.0208,12.5232,244.3936,11.9079,218.4518,10.6439,31.5707,2.0783,7.6155,0.5013,7.1076,0.4679,6.8224,0.4491,6.4415,0.424,6.125,0.4032,5.4749,0.3604,0.0,0.0,0.0,0.0,0.0,0.0,0.0,0.0,0.0,0.0,0.0,0.0,0.0,0.0,0.0,0.0,0.0,0.0,0.0,0.0,0.0,0.0,0.0,0.0,0.0,0.0,0.0,0.0,0.0,0.0,0.0,0.0,0.0,0.0,0.0,0.704,0.7122
128,0.01,3,10,100,32,16,256,184,440338,73,30,ContrastiveLoss,gru,/home/dpetrovitch/dzagcoffee/train_trace/gender/checkpoints_2025-10-07 19:53:20.141369_ContrastiveLoss_gru_catboost/model_128_0.01_3_10_100_256_32_16_256_ContrastiveLoss_gruepoch=23.ckpt,23,30,0.44642043,74.3118,1.6756,0.0,6.4935,1.1856,14.4734,0.7111,1234.9043,60.1417,302.0455,14.7101,281.6374,13.7162,269.9739,13.1481,254.3745,12.3884,241.2869,11.751,214.373,10.4403,33.9751,2.1983,8.31,0.5377,7.7485,0.5014,7.4276,0.4806,6.9984,0.4528,6.6384,0.4295,5.8979,0.3816,0.0,0.0,0.0,0.0,0.0,0.0,0.0,0.0,0.0,0.0,0.0,0.0,0.0,0.0,0.0,0.0,0.0,0.0,0.0,0.0,0.0,0.0,0.0,0.0,0.0,0.0,0.0,0.0,0.0,0.0,0.0,0.0,0.0,0.0,0.0,0.66,0.7124
128,0.01,3,10,100,32,16,256,184,440338,73,30,ContrastiveLoss,gru,/home/dpetrovitch/dzagcoffee/train_trace/gender/checkpoints_2025-10-07 19:53:20.141369_ContrastiveLoss_gru_catboost/model_128_0.01_3_10_100_256_32_16_256_ContrastiveLoss_gruepoch=24.ckpt,24,30,0.44421038,72.1571,1.6791,0.0,6.6011,1.1744,14.0115,0.7257,1213.6107,59.2023,302.0043,14.7324,281.3835,13.7264,269.4167,13.1427,253.5361,12.368,240.1301,11.714,214.2618,10.4521,31.7946,2.0673,7.912,0.5144,7.3718,0.4793,7.0583,0.4589,6.6422,0.4319,6.291,0.409,5.6133,0.365,0.0,0.0,0.0,0.0,0.0,0.0,0.0,0.0,0.0,0.0,0.0,0.0,0.0,0.0,0.0,0.0,0.0,0.0,0.0,0.0,0.0,0.0,0.0,0.0,0.0,0.0,0.0,0.0,0.0,0.0,0.0,0.0,0.0,0.0,0.0,0.668,0.719
128,0.01,3,10,100,32,16,256,184,440338,73,30,ContrastiveLoss,gru,/home/dpetrovitch/dzagcoffee/train_trace/gender/checkpoints_2025-10-07 19:53:20.141369_ContrastiveLoss_gru_catboost/model_128_0.01_3_10_100_256_32_16_256_ContrastiveLoss_gruepoch=25.ckpt,25,30,0.4460378,73.8482,1.6792,0.0,6.5607,1.184,14.1644,0.7134,1238.3622,60.3496,302.6266,14.748,282.2814,13.7565,270.6843,13.1914,255.1297,12.4333,242.0538,11.7961,215.8227,10.5178,30.8901,2.062,7.5488,0.5039,7.0413,0.47,6.752,0.4507,6.364,0.4248,6.0379,0.4031,5.3835,0.3594,0.0,0.0,0.0,0.0,0.0,0.0,0.0,0.0,0.0,0.0,0.0,0.0,0.0,0.0,0.0,0.0,0.0,0.0,0.0,0.0,0.0,0.0,0.0,0.0,0.0,0.0,0.0,0.0,0.0,0.0,0.0,0.0,0.0,0.0,0.0,0.688,0.7266
128,0.01,3,10,100,32,16,256,184,440338,73,30,ContrastiveLoss,gru,/home/dpetrovitch/dzagcoffee/train_trace/gender/checkpoints_2025-10-07 19:53:20.141369_ContrastiveLoss_gru_catboost/model_128_0.01_3_10_100_256_32_16_256_ContrastiveLoss_gruepoch=26.ckpt,26,30,0.4456552,72.9627,1.6701,0.0,6.6024,1.1872,14.6082,0.7089,1241.1802,60.4071,302.5445,14.7246,282.1702,13.733,270.6758,13.1735,255.0784,12.4144,242.2774,11.7914,220.4952,10.7313,29.373,1.984,7.1598,0.4836,6.6777,0.451,6.4056,0.4327,6.0365,0.4077,5.7336,0.3873,5.2181,0.3525,0.0,0.0,0.0,0.0,0.0,0.0,0.0,0.0,0.0,0.0,0.0,0.0,0.0,0.0,0.0,0.0,0.0,0.0,0.0,0.0,0.0,0.0,0.0,0.0,0.0,0.0,0.0,0.0,0.0,0.0,0.0,0.0,0.0,0.0,0.0,0.668,0.7069
128,0.01,3,10,100,32,16,256,184,440338,73,30,ContrastiveLoss,gru,/home/dpetrovitch/dzagcoffee/train_trace/gender/checkpoints_2025-10-07 19:53:20.141369_ContrastiveLoss_gru_catboost/model_128_0.01_3_10_100_256_32_16_256_ContrastiveLoss_gruepoch=27.ckpt,27,30,0.4508892,71.7429,1.6767,0.0,6.6111,1.1784,13.7467,0.7197,1212.7566,59.0875,301.6298,14.6959,280.9306,13.6874,269.2704,13.1193,253.6123,12.3564,240.2913,11.7074,214.3753,10.4447,30.0824,2.0893,7.4819,0.5196,6.9685,0.484,6.6793,0.4639,6.2909,0.4369,5.9604,0.414,5.3176,0.3693,0.0,0.0,0.0,0.0,0.0,0.0,0.0,0.0,0.0,0.0,0.0,0.0,0.0,0.0,0.0,0.0,0.0,0.0,0.0,0.0,0.0,0.0,0.0,0.0,0.0,0.0,0.0,0.0,0.0,0.0,0.0,0.0,0.0,0.0,0.0,0.692,0.7377
128,0.01,3,10,100,32,16,256,184,440338,73,30,ContrastiveLoss,gru,/home/dpetrovitch/dzagcoffee/train_trace/gender/checkpoints_2025-10-07 19:53:20.141369_ContrastiveLoss_gru_catboost/model_128_0.01_3_10_100_256_32_16_256_ContrastiveLoss_gruepoch=28.ckpt,28,30,0.45112047,70.7105,1.6796,0.0,6.6356,1.1751,14.1221,0.7248,1204.876,58.7956,301.5875,14.7169,280.8365,13.7043,269.0282,13.128,253.2637,12.3588,240.0162,11.7123,214.4934,10.4668,30.3828,2.0589,7.605,0.5154,7.0817,0.4799,6.784,0.4597,6.3864,0.4328,6.0524,0.4101,5.4088,0.3665,0.0,0.0,0.0,0.0,0.0,0.0,0.0,0.0,0.0,0.0,0.0,0.0,0.0,0.0,0.0,0.0,0.0,0.0,0.0,0.0,0.0,0.0,0.0,0.0,0.0,0.0,0.0,0.0,0.0,0.0,0.0,0.0,0.0,0.0,0.0,0.672,0.7346
128,0.01,3,10,100,32,16,256,184,440338,73,30,ContrastiveLoss,gru,/home/dpetrovitch/dzagcoffee/train_trace/gender/checkpoints_2025-10-07 19:53:20.141369_ContrastiveLoss_gru_catboost/model_128_0.01_3_10_100_256_32_16_256_ContrastiveLoss_gruepoch=29.ckpt,29,30,0.44375917,70.6814,1.6796,0.0,6.6792,1.1804,13.3319,0.7178,1214.0052,59.2034,299.7524,14.618,278.9166,13.6019,267.0169,13.0216,251.4954,12.2647,238.4418,11.6281,213.2878,10.4014,31.1463,2.1044,7.6904,0.5196,7.1558,0.4835,6.8505,0.4628,6.4523,0.4359,6.1174,0.4133,5.4721,0.3697,0.0,0.0,0.0,0.0,0.0,0.0,0.0,0.0,0.0,0.0,0.0,0.0,0.0,0.0,0.0,0.0,0.0,0.0,0.0,0.0,0.0,0.0,0.0,0.0,0.0,0.0,0.0,0.0,0.0,0.0,0.0,0.0,0.0,0.0,0.0,0.664,0.7029
128,0.05,3,10,100,32,16,256,184,440338,73,30,ContrastiveLoss,gru,/home/dpetrovitch/dzagcoffee/train_trace/gender/checkpoints_2025-10-07 19:53:20.141369_ContrastiveLoss_gru_catboost/model_128_0.05_3_10_100_256_32_16_256_ContrastiveLoss_gruepoch=00.ckpt,0,30,0.2885257,42.1344,1.6797,0.0,34.9179,1.1914,7.8876,0.7022,2382.1868,115.6369,292.7999,14.2132,275.1324,13.3556,265.1074,12.8689,251.0789,12.188,238.5914,11.5818,209.7538,10.1819,182.7571,8.3347,22.4631,1.0244,21.1077,0.9626,20.3386,0.9275,19.2623,0.8785,18.3043,0.8348,16.0919,0.7339,0.0,0.0,0.0,0.0,0.0,0.0,0.0,0.0,0.0,0.0,0.0,0.0,0.0,0.0,0.0,0.0,0.0,0.0,0.0,0.0,0.0,0.0,0.0,0.0,0.0,0.0,0.0,0.0,0.0,0.0,0.0,0.0,0.0,0.0,0.0,0.616,0.5983
128,0.05,3,10,100,32,16,256,184,440338,73,30,ContrastiveLoss,gru,/home/dpetrovitch/dzagcoffee/train_trace/gender/checkpoints_2025-10-07 19:53:20.141369_ContrastiveLoss_gru_catboost/model_128_0.05_3_10_100_256_32_16_256_ContrastiveLoss_gruepoch=01.ckpt,1,30,0.31231725,43.6301,1.6797,0.0,38.9091,1.1781,6.9552,0.7176,2331.3975,113.3198,293.9179,14.2862,274.3521,13.3351,262.9905,12.7829,247.2154,12.0161,233.8561,11.3668,205.8566,10.0059,174.4606,7.9883,21.9941,1.0071,20.53,0.94,19.6798,0.9011,18.4994,0.8471,17.4997,0.8013,15.4044,0.7053,0.0,0.0,0.0,0.0,0.0,0.0,0.0,0.0,0.0,0.0,0.0,0.0,0.0,0.0,0.0,0.0,0.0,0.0,0.0,0.0,0.0,0.0,0.0,0.0,0.0,0.0,0.0,0.0,0.0,0.0,0.0,0.0,0.0,0.0,0.0,0.588,0.6062
128,0.05,3,10,100,32,16,256,184,440338,73,30,ContrastiveLoss,gru,/home/dpetrovitch/dzagcoffee/train_trace/gender/checkpoints_2025-10-07 19:53:20.141369_ContrastiveLoss_gru_catboost/model_128_0.05_3_10_100_256_32_16_256_ContrastiveLoss_gruepoch=02.ckpt,2,30,0.32650596,44.3351,1.6797,0.0,41.5125,1.1876,6.6989,0.7062,2370.7783,115.0489,291.6599,14.1536,274.348,13.3135,264.5175,12.8365,251.1624,12.1884,239.9219,11.6429,218.8751,10.6215,180.9015,8.2155,22.255,1.0107,20.934,0.9507,20.1839,0.9166,19.1649,0.8704,18.3072,0.8314,16.7012,0.7585,0.0,0.0,0.0,0.0,0.0,0.0,0.0,0.0,0.0,0.0,0.0,0.0,0.0,0.0,0.0,0.0,0.0,0.0,0.0,0.0,0.0,0.0,0.0,0.0,0.0,0.0,0.0,0.0,0.0,0.0,0.0,0.0,0.0,0.0,0.0,0.616,0.6207
128,0.05,3,10,100,32,16,256,184,440338,73,30,ContrastiveLoss,gru,/home/dpetrovitch/dzagcoffee/train_trace/gender/checkpoints_2025-10-07 19:53:20.141369_ContrastiveLoss_gru_catboost/model_128_0.05_3_10_100_256_32_16_256_ContrastiveLoss_gruepoch=03.ckpt,3,30,0.3288503,50.748,1.6797,0.0,39.6658,1.2,8.2288,0.6918,2633.347,127.4976,305.6075,14.7965,289.375,14.0105,279.918,13.5527,266.5366,12.9048,254.9643,12.3445,231.1686,11.1924,229.5436,9.4468,26.6392,1.0963,25.2242,1.0381,24.3999,1.0042,23.2335,0.9562,22.2247,0.9147,20.1505,0.8293,0.0,0.0,0.0,0.0,0.0,0.0,0.0,0.0,0.0,0.0,0.0,0.0,0.0,0.0,0.0,0.0,0.0,0.0,0.0,0.0,0.0,0.0,0.0,0.0,0.0,0.0,0.0,0.0,0.0,0.0,0.0,0.0,0.0,0.0,0.0,0.652,0.6045
128,0.05,3,10,100,32,16,256,184,440338,73,30,ContrastiveLoss,gru,/home/dpetrovitch/dzagcoffee/train_trace/gender/checkpoints_2025-10-07 19:53:20.141369_ContrastiveLoss_gru_catboost/model_128_0.05_3_10_100_256_32_16_256_ContrastiveLoss_gruepoch=04.ckpt,4,30,0.31800532,50.172,1.6797,0.0,43.0559,1.1917,8.0679,0.7007,2554.7444,123.8401,300.7695,14.5797,283.736,13.754,273.9558,13.2799,260.167,12.6115,248.615,12.0515,227.5609,11.0309,201.6678,8.8755,23.7423,1.0449,22.3977,0.9857,21.6257,0.9518,20.5372,0.9039,19.6253,0.8637,17.9633,0.7906,0.0,0.0,0.0,0.0,0.0,0.0,0.0,0.0,0.0,0.0,0.0,0.0,0.0,0.0,0.0,0.0,0.0,0.0,0.0,0.0,0.0,0.0,0.0,0.0,0.0,0.0,0.0,0.0,0.0,0.0,0.0,0.0,0.0,0.0,0.0,0.588,0.5765
128,0.05,3,10,100,32,16,256,184,440338,73,30,ContrastiveLoss,gru,/home/dpetrovitch/dzagcoffee/train_trace/gender/checkpoints_2025-10-07 19:53:20.141369_ContrastiveLoss_gru_catboost/model_128_0.05_3_10_100_256_32_16_256_ContrastiveLoss_gruepoch=05.ckpt,5,30,0.32349348,49.1363,1.6797,0.0,43.6785,1.1907,7.6053,0.7022,2536.4133,122.9729,300.6784,14.5778,283.3863,13.7394,272.8236,13.2273,257.9323,12.5053,245.0515,11.8808,220.2824,10.6799,207.5629,8.9807,24.6055,1.0646,23.1904,1.0034,22.326,0.966,21.1074,0.9133,20.0534,0.8677,18.0264,0.78,0.0,0.0,0.0,0.0,0.0,0.0,0.0,0.0,0.0,0.0,0.0,0.0,0.0,0.0,0.0,0.0,0.0,0.0,0.0,0.0,0.0,0.0,0.0,0.0,0.0,0.0,0.0,0.0,0.0,0.0,0.0,0.0,0.0,0.0,0.0,0.564,0.5453
128,0.05,3,10,100,32,16,256,184,440338,73,30,ContrastiveLoss,gru,/home/dpetrovitch/dzagcoffee/train_trace/gender/checkpoints_2025-10-07 19:53:20.141369_ContrastiveLoss_gru_catboost/model_128_0.05_3_10_100_256_32_16_256_ContrastiveLoss_gruepoch=06.ckpt,6,30,0.301932,50.7062,1.6797,0.0,43.0245,1.1876,8.2834,0.7066,2536.6987,123.3101,300.4025,14.6027,283.9892,13.8049,274.3872,13.3381,261.4815,12.7107,250.0874,12.1569,214.7522,10.4392,187.9602,8.4202,22.2587,0.9971,21.0426,0.9427,20.3311,0.9108,19.3748,0.868,18.5306,0.8301,15.9124,0.7128,0.0,0.0,0.0,0.0,0.0,0.0,0.0,0.0,0.0,0.0,0.0,0.0,0.0,0.0,0.0,0.0,0.0,0.0,0.0,0.0,0.0,0.0,0.0,0.0,0.0,0.0,0.0,0.0,0.0,0.0,0.0,0.0,0.0,0.0,0.0,0.628,0.5919
128,0.05,3,10,100,32,16,256,184,440338,73,30,ContrastiveLoss,gru,/home/dpetrovitch/dzagcoffee/train_trace/gender/checkpoints_2025-10-07 19:53:20.141369_ContrastiveLoss_gru_catboost/model_128_0.05_3_10_100_256_32_16_256_ContrastiveLoss_gruepoch=07.ckpt,7,30,0.32121482,50.4657,1.6797,0.0,44.3947,1.2115,6.9034,0.6786,2694.4702,130.6223,297.9313,14.4431,281.6302,13.6528,272.064,13.1891,258.4439,12.5288,246.4384,11.9468,224.379,10.8774,198.9983,8.6847,22.0035,0.9603,20.7996,0.9077,20.0931,0.8769,19.0872,0.833,18.2005,0.7943,16.5714,0.7232,0.0,0.0,0.0,0.0,0.0,0.0,0.0,0.0,0.0,0.0,0.0,0.0,0.0,0.0,0.0,0.0,0.0,0.0,0.0,0.0,0.0,0.0,0.0,0.0,0.0,0.0,0.0,0.0,0.0,0.0,0.0,0.0,0.0,0.0,0.0,0.632,0.6052
128,0.05,3,10,100,32,16,256,184,440338,73,30,ContrastiveLoss,gru,/home/dpetrovitch/dzagcoffee/train_trace/gender/checkpoints_2025-10-07 19:53:20.141369_ContrastiveLoss_gru_catboost/model_128_0.05_3_10_100_256_32_16_256_ContrastiveLoss_gruepoch=08.ckpt,8,30,0.307483,47.0073,1.6797,0.0,44.2805,1.1881,7.4277,0.7061,2503.1072,121.5269,293.2269,14.2363,275.7111,13.3859,265.3198,12.8814,250.2559,12.15,236.6275,11.4884,206.7445,10.0375,177.4492,8.5522,20.7873,1.0019,19.5456,0.942,18.8089,0.9065,17.741,0.855,16.7749,0.8085,14.6564,0.7064,0.0,0.0,0.0,0.0,0.0,0.0,0.0,0.0,0.0,0.0,0.0,0.0,0.0,0.0,0.0,0.0,0.0,0.0,0.0,0.0,0.0,0.0,0.0,0.0,0.0,0.0,0.0,0.0,0.0,0.0,0.0,0.0,0.0,0.0,0.0,0.596,0.5954
128,0.05,3,10,100,32,16,256,184,440338,73,30,ContrastiveLoss,gru,/home/dpetrovitch/dzagcoffee/train_trace/gender/checkpoints_2025-10-07 19:53:20.141369_ContrastiveLoss_gru_catboost/model_128_0.05_3_10_100_256_32_16_256_ContrastiveLoss_gruepoch=09.ckpt,9,30,0.30586395,48.0792,1.6797,0.0,44.2781,1.1924,6.4102,0.7,2530.596,122.7382,293.1982,14.2206,274.5022,13.3138,263.1214,12.7618,246.1088,11.9367,231.8626,11.2457,208.7994,10.1271,213.3116,9.3216,24.7146,1.08,23.1386,1.0111,22.1793,0.9692,20.7453,0.9066,19.5444,0.8541,17.6003,0.7691,0.0,0.0,0.0,0.0,0.0,0.0,0.0,0.0,0.0,0.0,0.0,0.0,0.0,0.0,0.0,0.0,0.0,0.0,0.0,0.0,0.0,0.0,0.0,0.0,0.0,0.0,0.0,0.0,0.0,0.0,0.0,0.0,0.0,0.0,0.0,0.564,0.5655
128,0.05,3,10,100,32,16,256,184,440338,73,30,ContrastiveLoss,gru,/home/dpetrovitch/dzagcoffee/train_trace/gender/checkpoints_2025-10-07 19:53:20.141369_ContrastiveLoss_gru_catboost/model_128_0.05_3_10_100_256_32_16_256_ContrastiveLoss_gruepoch=10.ckpt,10,30,0.31813094,47.7532,1.6797,0.0,44.3014,1.1869,7.2509,0.7068,2557.8152,123.9976,299.4283,14.5157,282.6354,13.7016,272.6221,13.2162,258.8037,12.5463,246.9633,11.9723,223.2829,10.8243,198.8774,8.7375,23.2814,1.0228,21.9757,0.9655,21.1971,0.9313,20.1227,0.8841,19.2021,0.8436,17.3609,0.7627,0.0,0.0,0.0,0.0,0.0,0.0,0.0,0.0,0.0,0.0,0.0,0.0,0.0,0.0,0.0,0.0,0.0,0.0,0.0,0.0,0.0,0.0,0.0,0.0,0.0,0.0,0.0,0.0,0.0,0.0,0.0,0.0,0.0,0.0,0.0,0.592,0.5932
128,0.05,3,10,100,32,16,256,184,440338,73,30,ContrastiveLoss,gru,/home/dpetrovitch/dzagcoffee/train_trace/gender/checkpoints_2025-10-07 19:53:20.141369_ContrastiveLoss_gru_catboost/model_128_0.05_3_10_100_256_32_16_256_ContrastiveLoss_gruepoch=11.ckpt,11,30,0.33405578,48.3223,1.6797,0.0,44.3248,1.1887,6.9706,0.7046,2558.4883,123.929,298.9909,14.4826,282.2933,13.6738,272.5603,13.2024,258.806,12.5361,247.397,11.9835,224.8549,10.8916,200.0252,8.8166,23.3754,1.0303,22.07,0.9728,21.309,0.9393,20.2337,0.8919,19.3417,0.8525,17.5794,0.7749,0.0,0.0,0.0,0.0,0.0,0.0,0.0,0.0,0.0,0.0,0.0,0.0,0.0,0.0,0.0,0.0,0.0,0.0,0.0,0.0,0.0,0.0,0.0,0.0,0.0,0.0,0.0,0.0,0.0,0.0,0.0,0.0,0.0,0.0,0.0,0.588,0.5763
128,0.05,3,10,100,32,16,256,184,440338,73,30,ContrastiveLoss,gru,/home/dpetrovitch/dzagcoffee/train_trace/gender/checkpoints_2025-10-07 19:53:20.141369_ContrastiveLoss_gru_catboost/model_128_0.05_3_10_100_256_32_16_256_ContrastiveLoss_gruepoch=12.ckpt,12,30,0.3258635,49.243,1.6797,0.0,44.3931,1.1876,6.1073,0.7062,2479.9922,120.5955,293.1281,14.254,275.2135,13.3829,264.689,12.8711,249.6041,12.1376,235.8491,11.4687,206.0146,10.0179,155.8997,7.6857,18.4269,0.9084,17.3007,0.8529,16.6391,0.8203,15.6909,0.7735,14.8262,0.7309,12.9507,0.6385,0.0,0.0,0.0,0.0,0.0,0.0,0.0,0.0,0.0,0.0,0.0,0.0,0.0,0.0,0.0,0.0,0.0,0.0,0.0,0.0,0.0,0.0,0.0,0.0,0.0,0.0,0.0,0.0,0.0,0.0,0.0,0.0,0.0,0.0,0.0,0.592,0.5709
128,0.05,3,10,100,32,16,256,184,440338,73,30,ContrastiveLoss,gru,/home/dpetrovitch/dzagcoffee/train_trace/gender/checkpoints_2025-10-07 19:53:20.141369_ContrastiveLoss_gru_catboost/model_128_0.05_3_10_100_256_32_16_256_ContrastiveLoss_gruepoch=13.ckpt,13,30,0.3336446,50.6226,1.6797,0.0,44.3644,1.1872,6.8205,0.7066,2556.057,124.023,298.9772,14.5067,282.2803,13.6966,272.4964,13.2219,259.0887,12.5713,248.5006,12.0576,227.491,11.0381,173.9755,7.7225,20.3496,0.9033,19.2131,0.8528,18.5472,0.8233,17.6346,0.7828,16.9139,0.7508,15.4839,0.6873,0.0,0.0,0.0,0.0,0.0,0.0,0.0,0.0,0.0,0.0,0.0,0.0,0.0,0.0,0.0,0.0,0.0,0.0,0.0,0.0,0.0,0.0,0.0,0.0,0.0,0.0,0.0,0.0,0.0,0.0,0.0,0.0,0.0,0.0,0.0,0.616,0.6228
128,0.05,3,10,100,32,16,256,184,440338,73,30,ContrastiveLoss,gru,/home/dpetrovitch/dzagcoffee/train_trace/gender/checkpoints_2025-10-07 19:53:20.141369_ContrastiveLoss_gru_catboost/model_128_0.05_3_10_100_256_32_16_256_ContrastiveLoss_gruepoch=14.ckpt,14,30,0.33239388,51.5691,1.6797,0.0,44.4321,1.1871,6.1252,0.7061,2516.6396,122.114,299.1981,14.5179,282.0229,13.6845,271.931,13.1948,258.3398,12.5353,247.1373,11.9918,226.1077,10.9713,161.2098,7.5922,19.1659,0.9026,18.0657,0.8508,17.4192,0.8204,16.5486,0.7794,15.831,0.7456,14.4839,0.6821,0.0,0.0,0.0,0.0,0.0,0.0,0.0,0.0,0.0,0.0,0.0,0.0,0.0,0.0,0.0,0.0,0.0,0.0,0.0,0.0,0.0,0.0,0.0,0.0,0.0,0.0,0.0,0.0,0.0,0.0,0.0,0.0,0.0,0.0,0.0,0.588,0.5905
128,0.05,3,10,100,32,16,256,184,440338,73,30,ContrastiveLoss,gru,/home/dpetrovitch/dzagcoffee/train_trace/gender/checkpoints_2025-10-07 19:53:20.141369_ContrastiveLoss_gru_catboost/model_128_0.05_3_10_100_256_32_16_256_ContrastiveLoss_gruepoch=15.ckpt,15,30,0.34563458,55.1042,1.6797,0.0,44.51,1.1838,6.2345,0.7102,2483.348,120.6616,300.9664,14.6234,284.3774,13.8174,274.5009,13.3375,260.2026,12.6428,247.2869,12.0152,220.0387,10.6913,152.2649,7.0942,18.4536,0.8598,17.4364,0.8124,16.8308,0.7842,15.9542,0.7433,15.1622,0.7064,13.4915,0.6286,0.0,0.0,0.0,0.0,0.0,0.0,0.0,0.0,0.0,0.0,0.0,0.0,0.0,0.0,0.0,0.0,0.0,0.0,0.0,0.0,0.0,0.0,0.0,0.0,0.0,0.0,0.0,0.0,0.0,0.0,0.0,0.0,0.0,0.0,0.0,0.604,0.5878
128,0.05,3,10,100,32,16,256,184,440338,73,30,ContrastiveLoss,gru,/home/dpetrovitch/dzagcoffee/train_trace/gender/checkpoints_2025-10-07 19:53:20.141369_ContrastiveLoss_gru_catboost/model_128_0.05_3_10_100_256_32_16_256_ContrastiveLoss_gruepoch=16.ckpt,16,30,0.33836174,54.529,1.6797,0.0,44.5423,1.1893,6.5928,0.7037,2530.7874,122.8125,303.0174,14.7046,286.921,13.9235,277.3781,13.4604,264.6343,12.842,253.9023,12.3212,234.4301,11.3763,182.0387,7.8874,21.7959,0.9444,20.6381,0.8942,19.9517,0.8645,19.0351,0.8248,18.2631,0.7913,16.8625,0.7306,0.0,0.0,0.0,0.0,0.0,0.0,0.0,0.0,0.0,0.0,0.0,0.0,0.0,0.0,0.0,0.0,0.0,0.0,0.0,0.0,0.0,0.0,0.0,0.0,0.0,0.0,0.0,0.0,0.0,0.0,0.0,0.0,0.0,0.0,0.0,0.568,0.5885
128,0.05,3,10,100,32,16,256,184,440338,73,30,ContrastiveLoss,gru,/home/dpetrovitch/dzagcoffee/train_trace/gender/checkpoints_2025-10-07 19:53:20.141369_ContrastiveLoss_gru_catboost/model_128_0.05_3_10_100_256_32_16_256_ContrastiveLoss_gruepoch=17.ckpt,17,30,0.3421738,54.7683,1.6797,0.0,44.5159,1.1781,6.0652,0.7158,2408.0103,117.1086,300.9026,14.6338,282.8891,13.7577,272.0468,13.2304,255.6998,12.4354,241.3869,11.7394,214.7562,10.4442,147.8776,7.0497,18.4786,0.8809,17.3724,0.8282,16.7066,0.7964,15.7027,0.7486,14.8237,0.7067,13.1883,0.6287,0.0,0.0,0.0,0.0,0.0,0.0,0.0,0.0,0.0,0.0,0.0,0.0,0.0,0.0,0.0,0.0,0.0,0.0,0.0,0.0,0.0,0.0,0.0,0.0,0.0,0.0,0.0,0.0,0.0,0.0,0.0,0.0,0.0,0.0,0.0,0.644,0.5849
128,0.05,3,10,100,32,16,256,184,440338,73,30,ContrastiveLoss,gru,/home/dpetrovitch/dzagcoffee/train_trace/gender/checkpoints_2025-10-07 19:53:20.141369_ContrastiveLoss_gru_catboost/model_128_0.05_3_10_100_256_32_16_256_ContrastiveLoss_gruepoch=18.ckpt,18,30,0.3421595,54.8264,1.6797,0.0,44.4019,1.1833,6.6126,0.7107,2448.6016,118.799,302.2267,14.6632,285.9539,13.8737,276.2388,13.4023,262.8153,12.751,251.4278,12.1985,231.5512,11.2342,152.818,6.9484,18.8621,0.8576,17.8465,0.8114,17.2402,0.7839,16.4024,0.7458,15.6917,0.7135,14.4512,0.6571,0.0,0.0,0.0,0.0,0.0,0.0,0.0,0.0,0.0,0.0,0.0,0.0,0.0,0.0,0.0,0.0,0.0,0.0,0.0,0.0,0.0,0.0,0.0,0.0,0.0,0.0,0.0,0.0,0.0,0.0,0.0,0.0,0.0,0.0,0.0,0.656,0.6071
128,0.05,3,10,100,32,16,256,184,440338,73,30,ContrastiveLoss,gru,/home/dpetrovitch/dzagcoffee/train_trace/gender/checkpoints_2025-10-07 19:53:20.141369_ContrastiveLoss_gru_catboost/model_128_0.05_3_10_100_256_32_16_256_ContrastiveLoss_gruepoch=19.ckpt,19,30,0.34101734,57.7329,1.6797,0.0,44.5667,1.1947,6.2819,0.6967,2483.4104,120.6492,303.2305,14.7316,286.2299,13.9056,275.8401,13.4009,260.411,12.6513,246.6242,11.9815,220.4511,10.71,164.3682,7.4446,20.0698,0.909,18.9446,0.858,18.2569,0.8269,17.2357,0.7806,16.3232,0.7393,14.5909,0.6609,0.0,0.0,0.0,0.0,0.0,0.0,0.0,0.0,0.0,0.0,0.0,0.0,0.0,0.0,0.0,0.0,0.0,0.0,0.0,0.0,0.0,0.0,0.0,0.0,0.0,0.0,0.0,0.0,0.0,0.0,0.0,0.0,0.0,0.0,0.0,0.588,0.6085
128,0.05,3,10,100,32,16,256,184,440338,73,30,ContrastiveLoss,gru,/home/dpetrovitch/dzagcoffee/train_trace/gender/checkpoints_2025-10-07 19:53:20.141369_ContrastiveLoss_gru_catboost/model_128_0.05_3_10_100_256_32_16_256_ContrastiveLoss_gruepoch=20.ckpt,20,30,0.3427534,57.7746,1.6797,0.0,44.5879,1.1846,6.8724,0.7087,2468.758,119.8111,305.7373,14.8377,289.9431,14.0712,280.5347,13.6146,266.782,12.9472,254.8409,12.3677,233.1883,11.3168,159.9274,7.1405,19.8058,0.8843,18.7827,0.8386,18.1732,0.8114,17.2823,0.7716,16.5087,0.7371,15.1061,0.6745,0.0,0.0,0.0,0.0,0.0,0.0,0.0,0.0,0.0,0.0,0.0,0.0,0.0,0.0,0.0,0.0,0.0,0.0,0.0,0.0,0.0,0.0,0.0,0.0,0.0,0.0,0.0,0.0,0.0,0.0,0.0,0.0,0.0,0.0,0.0,0.592,0.5974
128,0.05,3,10,100,32,16,256,184,440338,73,30,ContrastiveLoss,gru,/home/dpetrovitch/dzagcoffee/train_trace/gender/checkpoints_2025-10-07 19:53:20.141369_ContrastiveLoss_gru_catboost/model_128_0.05_3_10_100_256_32_16_256_ContrastiveLoss_gruepoch=21.ckpt,21,30,0.3458202,58.0023,1.6797,0.0,44.5358,1.1864,6.5228,0.7062,2464.0972,119.5993,306.7885,14.8905,290.268,14.0887,280.2979,13.6047,265.8256,12.9023,253.3041,12.2946,232.1049,11.2656,154.4341,6.9601,19.2276,0.8666,18.1922,0.8199,17.5673,0.7917,16.6603,0.7509,15.8755,0.7155,14.5469,0.6556,0.0,0.0,0.0,0.0,0.0,0.0,0.0,0.0,0.0,0.0,0.0,0.0,0.0,0.0,0.0,0.0,0.0,0.0,0.0,0.0,0.0,0.0,0.0,0.0,0.0,0.0,0.0,0.0,0.0,0.0,0.0,0.0,0.0,0.0,0.0,0.636,0.6275
128,0.05,3,10,100,32,16,256,184,440338,73,30,ContrastiveLoss,gru,/home/dpetrovitch/dzagcoffee/train_trace/gender/checkpoints_2025-10-07 19:53:20.141369_ContrastiveLoss_gru_catboost/model_128_0.05_3_10_100_256_32_16_256_ContrastiveLoss_gruepoch=22.ckpt,22,30,0.35269323,57.3957,1.6797,0.0,44.5279,1.181,6.7832,0.713,2446.751,118.6704,306.4547,14.8634,290.5946,14.0942,281.3145,13.6441,268.4109,13.0183,257.0721,12.4683,236.5448,11.4727,158.9543,7.2281,19.909,0.9053,18.8786,0.8585,18.2757,0.831,17.4374,0.7929,16.7008,0.7594,15.3672,0.6988,0.0,0.0,0.0,0.0,0.0,0.0,0.0,0.0,0.0,0.0,0.0,0.0,0.0,0.0,0.0,0.0,0.0,0.0,0.0,0.0,0.0,0.0,0.0,0.0,0.0,0.0,0.0,0.0,0.0,0.0,0.0,0.0,0.0,0.0,0.0,0.584,0.6023
128,0.05,3,10,100,32,16,256,184,440338,73,30,ContrastiveLoss,gru,/home/dpetrovitch/dzagcoffee/train_trace/gender/checkpoints_2025-10-07 19:53:20.141369_ContrastiveLoss_gru_catboost/model_128_0.05_3_10_100_256_32_16_256_ContrastiveLoss_gruepoch=23.ckpt,23,30,0.3525876,59.3599,1.6797,0.0,44.5872,1.1871,6.7541,0.7056,2451.0005,118.9842,307.0194,14.9043,291.2988,14.1411,281.8734,13.6836,268.04,13.012,255.6176,12.409,231.0734,11.2175,179.4118,7.7607,22.4736,0.9721,21.3229,0.9223,20.633,0.8925,19.6204,0.8487,18.7111,0.8094,16.9144,0.7317,0.0,0.0,0.0,0.0,0.0,0.0,0.0,0.0,0.0,0.0,0.0,0.0,0.0,0.0,0.0,0.0,0.0,0.0,0.0,0.0,0.0,0.0,0.0,0.0,0.0,0.0,0.0,0.0,0.0,0.0,0.0,0.0,0.0,0.0,0.0,0.62,0.6234
128,0.05,3,10,100,32,16,256,184,440338,73,30,ContrastiveLoss,gru,/home/dpetrovitch/dzagcoffee/train_trace/gender/checkpoints_2025-10-07 19:53:20.141369_ContrastiveLoss_gru_catboost/model_128_0.05_3_10_100_256_32_16_256_ContrastiveLoss_gruepoch=24.ckpt,24,30,0.34796464,60.2478,1.6797,0.0,44.6476,1.1932,7.0392,0.6983,2502.2346,121.3835,308.052,14.9436,292.8367,14.2055,283.7944,13.7669,270.8706,13.1399,260.0402,12.6146,240.7746,11.68,187.5821,7.7801,23.0934,0.9578,21.9527,0.9105,21.2749,0.8824,20.306,0.8422,19.4941,0.8085,18.0499,0.7486,0.0,0.0,0.0,0.0,0.0,0.0,0.0,0.0,0.0,0.0,0.0,0.0,0.0,0.0,0.0,0.0,0.0,0.0,0.0,0.0,0.0,0.0,0.0,0.0,0.0,0.0,0.0,0.0,0.0,0.0,0.0,0.0,0.0,0.0,0.0,0.644,0.6326
128,0.05,3,10,100,32,16,256,184,440338,73,30,ContrastiveLoss,gru,/home/dpetrovitch/dzagcoffee/train_trace/gender/checkpoints_2025-10-07 19:53:20.141369_ContrastiveLoss_gru_catboost/model_128_0.05_3_10_100_256_32_16_256_ContrastiveLoss_gruepoch=25.ckpt,25,30,0.3552289,60.0648,1.6797,0.0,44.6549,1.1833,7.0969,0.7099,2440.3252,118.2855,308.8598,14.9708,293.1704,14.2103,283.8143,13.7568,270.6917,13.1208,259.5253,12.5795,238.8865,11.5791,164.2353,7.1731,20.7864,0.9079,19.7305,0.8617,19.1009,0.8342,18.2177,0.7957,17.4662,0.7628,16.0772,0.7022,0.0,0.0,0.0,0.0,0.0,0.0,0.0,0.0,0.0,0.0,0.0,0.0,0.0,0.0,0.0,0.0,0.0,0.0,0.0,0.0,0.0,0.0,0.0,0.0,0.0,0.0,0.0,0.0,0.0,0.0,0.0,0.0,0.0,0.0,0.0,0.6,0.6293
128,0.05,3,10,100,32,16,256,184,440338,73,30,ContrastiveLoss,gru,/home/dpetrovitch/dzagcoffee/train_trace/gender/checkpoints_2025-10-07 19:53:20.141369_ContrastiveLoss_gru_catboost/model_128_0.05_3_10_100_256_32_16_256_ContrastiveLoss_gruepoch=26.ckpt,26,30,0.346594,60.3301,1.6797,0.0,44.6553,1.185,7.2559,0.7083,2440.6882,118.4294,308.4922,14.969,293.0407,14.2192,284.077,13.7843,271.3429,13.1664,259.9759,12.6148,237.5444,11.5264,166.1088,7.2136,20.9954,0.9118,19.9438,0.8661,19.3338,0.8396,18.4671,0.802,17.6935,0.7684,16.1668,0.7021,0.0,0.0,0.0,0.0,0.0,0.0,0.0,0.0,0.0,0.0,0.0,0.0,0.0,0.0,0.0,0.0,0.0,0.0,0.0,0.0,0.0,0.0,0.0,0.0,0.0,0.0,0.0,0.0,0.0,0.0,0.0,0.0,0.0,0.0,0.0,0.648,0.6549
128,0.05,3,10,100,32,16,256,184,440338,73,30,ContrastiveLoss,gru,/home/dpetrovitch/dzagcoffee/train_trace/gender/checkpoints_2025-10-07 19:53:20.141369_ContrastiveLoss_gru_catboost/model_128_0.05_3_10_100_256_32_16_256_ContrastiveLoss_gruepoch=27.ckpt,27,30,0.35695925,60.6918,1.6797,0.0,44.6654,1.1854,6.4815,0.707,2407.4878,116.7615,305.4803,14.8156,289.1091,14.0216,279.381,13.5498,265.4321,12.8733,253.497,12.2944,233.7159,11.3351,142.003,6.577,18.0184,0.8345,17.0528,0.7898,16.479,0.7632,15.6562,0.7251,14.9522,0.6925,13.7855,0.6385,0.0,0.0,0.0,0.0,0.0,0.0,0.0,0.0,0.0,0.0,0.0,0.0,0.0,0.0,0.0,0.0,0.0,0.0,0.0,0.0,0.0,0.0,0.0,0.0,0.0,0.0,0.0,0.0,0.0,0.0,0.0,0.0,0.0,0.0,0.0,0.616,0.6089
128,0.05,3,10,100,32,16,256,184,440338,73,30,ContrastiveLoss,gru,/home/dpetrovitch/dzagcoffee/train_trace/gender/checkpoints_2025-10-07 19:53:20.141369_ContrastiveLoss_gru_catboost/model_128_0.05_3_10_100_256_32_16_256_ContrastiveLoss_gruepoch=28.ckpt,28,30,0.35675654,61.0499,1.6797,0.0,44.6264,1.1796,6.8287,0.7143,2384.9546,115.749,307.4742,14.9226,291.6395,14.1541,282.229,13.6974,268.8295,13.0471,256.9676,12.4714,232.7764,11.2973,142.6909,6.5418,18.3961,0.8434,17.4487,0.8,16.8856,0.7741,16.084,0.7374,15.3743,0.7049,13.9269,0.6385,0.0,0.0,0.0,0.0,0.0,0.0,0.0,0.0,0.0,0.0,0.0,0.0,0.0,0.0,0.0,0.0,0.0,0.0,0.0,0.0,0.0,0.0,0.0,0.0,0.0,0.0,0.0,0.0,0.0,0.0,0.0,0.0,0.0,0.0,0.0,0.604,0.6149
128,0.05,3,10,100,32,16,256,184,440338,73,30,ContrastiveLoss,gru,/home/dpetrovitch/dzagcoffee/train_trace/gender/checkpoints_2025-10-07 19:53:20.141369_ContrastiveLoss_gru_catboost/model_128_0.05_3_10_100_256_32_16_256_ContrastiveLoss_gruepoch=29.ckpt,29,30,0.35735336,60.6763,1.6797,0.0,44.6298,1.1776,6.8302,0.7171,2351.9133,114.109,306.9225,14.8911,291.007,14.1189,281.7641,13.6705,268.7942,13.0412,257.6718,12.5016,237.4989,11.5229,148.9222,6.6269,19.4342,0.8648,18.4264,0.82,17.8412,0.7939,17.0199,0.7574,16.3157,0.726,15.0383,0.6692,0.0,0.0,0.0,0.0,0.0,0.0,0.0,0.0,0.0,0.0,0.0,0.0,0.0,0.0,0.0,0.0,0.0,0.0,0.0,0.0,0.0,0.0,0.0,0.0,0.0,0.0,0.0,0.0,0.0,0.0,0.0,0.0,0.0,0.0,0.0,0.612,0.6075
128,0.001,3,10,100,32,16,256,184,440338,73,30,ContrastiveLoss,gru,/home/dpetrovitch/dzagcoffee/train_trace/gender/checkpoints_2025-10-07 19:53:20.141369_ContrastiveLoss_gru_catboost/model_128_0.001_3_10_100_256_32_16_256_ContrastiveLoss_gruepoch=00.ckpt,0,30,0.328559,45.8874,1.6789,0.0004,5.1752,1.3943,6.1521,0.532,558.003,28.2063,228.5898,11.5549,201.1129,10.166,186.1283,9.4085,166.4204,8.4123,150.7698,7.6212,98.8691,4.9977,27.3793,1.8403,11.2161,0.7539,9.8679,0.6633,9.1327,0.6139,8.1657,0.5489,7.3978,0.4972,4.8512,0.3261,0.0,0.0,0.0,0.0,0.0,0.0,0.0,0.0,0.0,0.0,0.0,0.0,0.0,0.0,0.0,0.0,0.0,0.0,0.0,0.0,0.0,0.0,0.0,0.0,0.0,0.0,0.0,0.0,0.0,0.0,0.0,0.0,0.0,0.0,0.0,0.604,0.623
128,0.001,3,10,100,32,16,256,184,440338,73,30,ContrastiveLoss,gru,/home/dpetrovitch/dzagcoffee/train_trace/gender/checkpoints_2025-10-07 19:53:20.141369_ContrastiveLoss_gru_catboost/model_128_0.001_3_10_100_256_32_16_256_ContrastiveLoss_gruepoch=01.ckpt,1,30,0.37412623,41.9869,1.6788,0.0004,4.945,1.429,6.4011,0.509,719.807,35.8861,232.8469,11.6086,207.5304,10.3465,193.4576,9.6449,175.1568,8.7325,159.843,7.969,124.913,6.2276,35.2919,2.2451,11.4164,0.7262,10.1751,0.6473,9.4852,0.6034,8.5879,0.5463,7.837,0.4985,6.1244,0.3896,0.0,0.0,0.0,0.0,0.0,0.0,0.0,0.0,0.0,0.0,0.0,0.0,0.0,0.0,0.0,0.0,0.0,0.0,0.0,0.0,0.0,0.0,0.0,0.0,0.0,0.0,0.0,0.0,0.0,0.0,0.0,0.0,0.0,0.0,0.0,0.62,0.6502
128,0.001,3,10,100,32,16,256,184,440338,73,30,ContrastiveLoss,gru,/home/dpetrovitch/dzagcoffee/train_trace/gender/checkpoints_2025-10-07 19:53:20.141369_ContrastiveLoss_gru_catboost/model_128_0.001_3_10_100_256_32_16_256_ContrastiveLoss_gruepoch=02.ckpt,2,30,0.3858707,39.6326,1.6789,0.0003,4.8049,1.3337,8.2452,0.571,794.1866,39.3827,238.3382,11.8189,213.808,10.6025,200.2369,9.9295,181.9888,9.0246,167.8676,8.3243,137.459,6.8164,38.9355,2.4975,11.6847,0.7495,10.4821,0.6724,9.8167,0.6297,8.9221,0.5723,8.2298,0.5279,6.739,0.4323,0.0,0.0,0.0,0.0,0.0,0.0,0.0,0.0,0.0,0.0,0.0,0.0,0.0,0.0,0.0,0.0,0.0,0.0,0.0,0.0,0.0,0.0,0.0,0.0,0.0,0.0,0.0,0.0,0.0,0.0,0.0,0.0,0.0,0.0,0.0,0.648,0.6527
128,0.001,3,10,100,32,16,256,184,440338,73,30,ContrastiveLoss,gru,/home/dpetrovitch/dzagcoffee/train_trace/gender/checkpoints_2025-10-07 19:53:20.141369_ContrastiveLoss_gru_catboost/model_128_0.001_3_10_100_256_32_16_256_ContrastiveLoss_gruepoch=03.ckpt,3,30,0.40292624,42.4888,1.6783,0.0004,4.6949,1.368,8.0377,0.5414,878.4832,43.2893,245.6973,12.1073,222.3855,10.9586,209.4252,10.3199,191.8882,9.4557,177.1912,8.7315,149.0657,7.3456,47.2062,2.8637,13.2028,0.8009,11.9501,0.7249,11.2537,0.6827,10.3113,0.6255,9.5216,0.5776,8.0102,0.4859,0.0,0.0,0.0,0.0,0.0,0.0,0.0,0.0,0.0,0.0,0.0,0.0,0.0,0.0,0.0,0.0,0.0,0.0,0.0,0.0,0.0,0.0,0.0,0.0,0.0,0.0,0.0,0.0,0.0,0.0,0.0,0.0,0.0,0.0,0.0,0.64,0.6695
128,0.001,3,10,100,32,16,256,184,440338,73,30,ContrastiveLoss,gru,/home/dpetrovitch/dzagcoffee/train_trace/gender/checkpoints_2025-10-07 19:53:20.141369_ContrastiveLoss_gru_catboost/model_128_0.001_3_10_100_256_32_16_256_ContrastiveLoss_gruepoch=04.ckpt,4,30,0.40883985,43.53,1.6786,0.0004,4.6764,1.3305,10.5432,0.573,948.0414,46.6695,252.6236,12.436,230.2012,11.3322,217.9761,10.7304,201.3841,9.9136,187.6034,9.2352,161.0203,7.9266,55.3396,3.1686,14.7463,0.8443,13.4374,0.7694,12.7238,0.7285,11.7553,0.6731,10.9509,0.627,9.3992,0.5382,0.0,0.0,0.0,0.0,0.0,0.0,0.0,0.0,0.0,0.0,0.0,0.0,0.0,0.0,0.0,0.0,0.0,0.0,0.0,0.0,0.0,0.0,0.0,0.0,0.0,0.0,0.0,0.0,0.0,0.0,0.0,0.0,0.0,0.0,0.0,0.668,0.6966
128,0.001,3,10,100,32,16,256,184,440338,73,30,ContrastiveLoss,gru,/home/dpetrovitch/dzagcoffee/train_trace/gender/checkpoints_2025-10-07 19:53:20.141369_ContrastiveLoss_gru_catboost/model_128_0.001_3_10_100_256_32_16_256_ContrastiveLoss_gruepoch=05.ckpt,5,30,0.42232904,45.253,1.6782,0.0004,4.6487,1.3055,10.3086,0.592,980.0487,48.1291,258.0573,12.6729,236.0925,11.5942,223.5185,10.9767,206.4013,10.1361,191.46,9.4024,163.4864,8.0286,60.1793,3.2629,15.8459,0.8592,14.4971,0.786,13.725,0.7442,12.674,0.6872,11.7565,0.6374,10.0388,0.5443,0.0,0.0,0.0,0.0,0.0,0.0,0.0,0.0,0.0,0.0,0.0,0.0,0.0,0.0,0.0,0.0,0.0,0.0,0.0,0.0,0.0,0.0,0.0,0.0,0.0,0.0,0.0,0.0,0.0,0.0,0.0,0.0,0.0,0.0,0.0,0.672,0.686
128,0.001,3,10,100,32,16,256,184,440338,73,30,ContrastiveLoss,gru,/home/dpetrovitch/dzagcoffee/train_trace/gender/checkpoints_2025-10-07 19:53:20.141369_ContrastiveLoss_gru_catboost/model_128_0.001_3_10_100_256_32_16_256_ContrastiveLoss_gruepoch=06.ckpt,6,30,0.42495027,47.3026,1.6781,0.0004,4.6554,1.2984,10.6039,0.5974,1013.4982,49.7236,260.7174,12.7912,239.5181,11.7511,227.5414,11.1635,210.975,10.3507,196.2357,9.6276,169.4417,8.313,58.2239,3.2957,14.9778,0.8478,13.7599,0.7789,13.0719,0.7399,12.1202,0.686,11.2734,0.6381,9.7342,0.551,0.0,0.0,0.0,0.0,0.0,0.0,0.0,0.0,0.0,0.0,0.0,0.0,0.0,0.0,0.0,0.0,0.0,0.0,0.0,0.0,0.0,0.0,0.0,0.0,0.0,0.0,0.0,0.0,0.0,0.0,0.0,0.0,0.0,0.0,0.0,0.7,0.6998
128,0.001,3,10,100,32,16,256,184,440338,73,30,ContrastiveLoss,gru,/home/dpetrovitch/dzagcoffee/train_trace/gender/checkpoints_2025-10-07 19:53:20.141369_ContrastiveLoss_gru_catboost/model_128_0.001_3_10_100_256_32_16_256_ContrastiveLoss_gruepoch=07.ckpt,7,30,0.42793143,50.8141,1.6765,0.0005,4.6415,1.342,10.5859,0.5613,1075.8356,52.6073,264.9857,12.9575,243.9181,11.9274,231.9611,11.3427,215.2461,10.5253,201.3463,9.8456,175.2047,8.5673,69.5502,3.756,17.1307,0.9251,15.7687,0.8516,14.9957,0.8098,13.9151,0.7515,13.0166,0.7029,11.3266,0.6117,0.0,0.0,0.0,0.0,0.0,0.0,0.0,0.0,0.0,0.0,0.0,0.0,0.0,0.0,0.0,0.0,0.0,0.0,0.0,0.0,0.0,0.0,0.0,0.0,0.0,0.0,0.0,0.0,0.0,0.0,0.0,0.0,0.0,0.0,0.0,0.688,0.7159
128,0.001,3,10,100,32,16,256,184,440338,73,30,ContrastiveLoss,gru,/home/dpetrovitch/dzagcoffee/train_trace/gender/checkpoints_2025-10-07 19:53:20.141369_ContrastiveLoss_gru_catboost/model_128_0.001_3_10_100_256_32_16_256_ContrastiveLoss_gruepoch=08.ckpt,8,30,0.43532705,51.0186,1.6765,0.0004,4.6504,1.308,10.347,0.5876,1092.3303,53.385,265.7236,12.9866,245.2699,11.987,233.2907,11.4015,216.8748,10.5992,202.4935,9.8964,176.2853,8.6155,65.7386,3.5904,15.9918,0.8734,14.7608,0.8062,14.0399,0.7668,13.052,0.7129,12.1865,0.6656,10.6092,0.5794,0.0,0.0,0.0,0.0,0.0,0.0,0.0,0.0,0.0,0.0,0.0,0.0,0.0,0.0,0.0,0.0,0.0,0.0,0.0,0.0,0.0,0.0,0.0,0.0,0.0,0.0,0.0,0.0,0.0,0.0,0.0,0.0,0.0,0.0,0.0,0.664,0.6869
128,0.001,3,10,100,32,16,256,184,440338,73,30,ContrastiveLoss,gru,/home/dpetrovitch/dzagcoffee/train_trace/gender/checkpoints_2025-10-07 19:53:20.141369_ContrastiveLoss_gru_catboost/model_128_0.001_3_10_100_256_32_16_256_ContrastiveLoss_gruepoch=09.ckpt,9,30,0.43681467,50.6638,1.6737,0.0005,4.6457,1.2893,10.7491,0.6061,1106.6417,53.9953,269.4683,13.1479,248.3691,12.1184,236.081,11.5189,219.4779,10.7088,205.2039,10.0123,179.4057,8.7536,65.7539,3.6191,16.0111,0.8812,14.7575,0.8122,14.0273,0.7721,13.0408,0.7178,12.1927,0.6711,10.6598,0.5867,0.0,0.0,0.0,0.0,0.0,0.0,0.0,0.0,0.0,0.0,0.0,0.0,0.0,0.0,0.0,0.0,0.0,0.0,0.0,0.0,0.0,0.0,0.0,0.0,0.0,0.0,0.0,0.0,0.0,0.0,0.0,0.0,0.0,0.0,0.0,0.66,0.7135
128,0.001,3,10,100,32,16,256,184,440338,73,30,ContrastiveLoss,gru,/home/dpetrovitch/dzagcoffee/train_trace/gender/checkpoints_2025-10-07 19:53:20.141369_ContrastiveLoss_gru_catboost/model_128_0.001_3_10_100_256_32_16_256_ContrastiveLoss_gruepoch=10.ckpt,10,30,0.44043538,51.8758,1.6769,0.0005,4.6733,1.292,11.01,0.6038,1130.1143,55.2196,270.9408,13.2387,250.2582,12.2281,238.5926,11.6581,222.334,10.8637,208.4678,10.1861,180.3321,8.8114,68.9405,3.7531,16.5282,0.8998,15.2665,0.8311,14.5549,0.7924,13.5631,0.7384,12.7172,0.6923,11.0008,0.5989,0.0,0.0,0.0,0.0,0.0,0.0,0.0,0.0,0.0,0.0,0.0,0.0,0.0,0.0,0.0,0.0,0.0,0.0,0.0,0.0,0.0,0.0,0.0,0.0,0.0,0.0,0.0,0.0,0.0,0.0,0.0,0.0,0.0,0.0,0.0,0.688,0.7183
128,0.001,3,10,100,32,16,256,184,440338,73,30,ContrastiveLoss,gru,/home/dpetrovitch/dzagcoffee/train_trace/gender/checkpoints_2025-10-07 19:53:20.141369_ContrastiveLoss_gru_catboost/model_128_0.001_3_10_100_256_32_16_256_ContrastiveLoss_gruepoch=11.ckpt,11,30,0.44107506,52.3471,1.6758,0.0005,4.6638,1.2989,10.724,0.5961,1159.4398,56.6107,272.1444,13.2877,251.8133,12.295,240.247,11.7303,224.2522,10.9493,210.8126,10.2931,184.508,9.0088,68.8463,3.7387,16.1597,0.8775,14.9524,0.812,14.2656,0.7747,13.3159,0.7231,12.5178,0.6798,10.9559,0.595,0.0,0.0,0.0,0.0,0.0,0.0,0.0,0.0,0.0,0.0,0.0,0.0,0.0,0.0,0.0,0.0,0.0,0.0,0.0,0.0,0.0,0.0,0.0,0.0,0.0,0.0,0.0,0.0,0.0,0.0,0.0,0.0,0.0,0.0,0.0,0.672,0.7071
128,0.001,3,10,100,32,16,256,184,440338,73,30,ContrastiveLoss,gru,/home/dpetrovitch/dzagcoffee/train_trace/gender/checkpoints_2025-10-07 19:53:20.141369_ContrastiveLoss_gru_catboost/model_128_0.001_3_10_100_256_32_16_256_ContrastiveLoss_gruepoch=12.ckpt,12,30,0.44248274,52.0732,1.6753,0.0005,4.6781,1.2878,12.257,0.6067,1157.3599,56.4776,272.4802,13.2967,252.1392,12.3041,240.6211,11.742,225.0188,10.9806,212.2454,10.3573,186.5321,9.1025,70.5953,3.7483,16.6204,0.8825,15.3797,0.8166,14.6771,0.7793,13.7254,0.7288,12.9463,0.6874,11.3779,0.6041,0.0,0.0,0.0,0.0,0.0,0.0,0.0,0.0,0.0,0.0,0.0,0.0,0.0,0.0,0.0,0.0,0.0,0.0,0.0,0.0,0.0,0.0,0.0,0.0,0.0,0.0,0.0,0.0,0.0,0.0,0.0,0.0,0.0,0.0,0.0,0.668,0.6996
128,0.001,3,10,100,32,16,256,184,440338,73,30,ContrastiveLoss,gru,/home/dpetrovitch/dzagcoffee/train_trace/gender/checkpoints_2025-10-07 19:53:20.141369_ContrastiveLoss_gru_catboost/model_128_0.001_3_10_100_256_32_16_256_ContrastiveLoss_gruepoch=13.ckpt,13,30,0.43940744,52.8408,1.6758,0.0005,4.6746,1.2971,11.0447,0.5982,1186.9238,57.9308,273.1561,13.3321,253.1954,12.3578,241.7961,11.8015,226.2835,11.0443,213.1482,10.4032,186.7546,9.115,73.9425,3.8945,17.017,0.8963,15.7735,0.8308,15.0633,0.7934,14.0969,0.7425,13.2786,0.6994,11.6344,0.6128,0.0,0.0,0.0,0.0,0.0,0.0,0.0,0.0,0.0,0.0,0.0,0.0,0.0,0.0,0.0,0.0,0.0,0.0,0.0,0.0,0.0,0.0,0.0,0.0,0.0,0.0,0.0,0.0,0.0,0.0,0.0,0.0,0.0,0.0,0.0,0.672,0.7454
128,0.001,3,10,100,32,16,256,184,440338,73,30,ContrastiveLoss,gru,/home/dpetrovitch/dzagcoffee/train_trace/gender/checkpoints_2025-10-07 19:53:20.141369_ContrastiveLoss_gru_catboost/model_128_0.001_3_10_100_256_32_16_256_ContrastiveLoss_gruepoch=14.ckpt,14,30,0.44150904,52.5513,1.6733,0.0005,4.6729,1.2817,11.9259,0.6107,1182.5095,57.6594,274.3883,13.3792,254.2351,12.3966,242.7377,11.8359,227.2064,11.0786,214.4721,10.4577,188.7426,9.2031,70.2913,3.7477,16.3103,0.8696,15.1124,0.8057,14.4289,0.7693,13.5057,0.7201,12.7488,0.6797,11.2193,0.5982,0.0,0.0,0.0,0.0,0.0,0.0,0.0,0.0,0.0,0.0,0.0,0.0,0.0,0.0,0.0,0.0,0.0,0.0,0.0,0.0,0.0,0.0,0.0,0.0,0.0,0.0,0.0,0.0,0.0,0.0,0.0,0.0,0.0,0.0,0.0,0.664,0.7126
128,0.001,3,10,100,32,16,256,184,440338,73,30,ContrastiveLoss,gru,/home/dpetrovitch/dzagcoffee/train_trace/gender/checkpoints_2025-10-07 19:53:20.141369_ContrastiveLoss_gru_catboost/model_128_0.001_3_10_100_256_32_16_256_ContrastiveLoss_gruepoch=15.ckpt,15,30,0.4424428,53.4344,1.6763,0.0005,4.6849,1.2873,11.8259,0.607,1197.4015,58.4254,274.1458,13.3765,254.1688,12.4018,242.8629,11.8501,227.4466,11.0979,214.5048,10.4664,189.2104,9.2322,77.4909,4.0451,17.7416,0.9261,16.4488,0.8586,15.7171,0.8204,14.7194,0.7684,13.8819,0.7246,12.2449,0.6392,0.0,0.0,0.0,0.0,0.0,0.0,0.0,0.0,0.0,0.0,0.0,0.0,0.0,0.0,0.0,0.0,0.0,0.0,0.0,0.0,0.0,0.0,0.0,0.0,0.0,0.0,0.0,0.0,0.0,0.0,0.0,0.0,0.0,0.0,0.0,0.676,0.7071
128,0.001,3,10,100,32,16,256,184,440338,73,30,ContrastiveLoss,gru,/home/dpetrovitch/dzagcoffee/train_trace/gender/checkpoints_2025-10-07 19:53:20.141369_ContrastiveLoss_gru_catboost/model_128_0.001_3_10_100_256_32_16_256_ContrastiveLoss_gruepoch=16.ckpt,16,30,0.44796237,52.9946,1.6696,0.0005,4.6826,1.2777,11.6159,0.6148,1189.826,57.9727,274.3035,13.3651,254.5436,12.4023,243.2966,11.8543,228.1368,11.1157,215.6065,10.5051,190.8423,9.2985,75.0068,3.9664,17.2921,0.9144,16.0465,0.8485,15.3374,0.811,14.3818,0.7605,13.5919,0.7187,12.0307,0.6362,0.0,0.0,0.0,0.0,0.0,0.0,0.0,0.0,0.0,0.0,0.0,0.0,0.0,0.0,0.0,0.0,0.0,0.0,0.0,0.0,0.0,0.0,0.0,0.0,0.0,0.0,0.0,0.0,0.0,0.0,0.0,0.0,0.0,0.0,0.0,0.672,0.7024
128,0.001,3,10,100,32,16,256,184,440338,73,30,ContrastiveLoss,gru,/home/dpetrovitch/dzagcoffee/train_trace/gender/checkpoints_2025-10-07 19:53:20.141369_ContrastiveLoss_gru_catboost/model_128_0.001_3_10_100_256_32_16_256_ContrastiveLoss_gruepoch=17.ckpt,17,30,0.440681,53.6909,1.6767,0.0005,4.6777,1.278,11.5242,0.6158,1203.6499,58.7478,276.0412,13.473,256.1587,12.5026,244.6949,11.9431,229.0999,11.1819,216.0316,10.5441,190.3767,9.2919,71.157,3.858,16.3189,0.8848,15.1435,0.8211,14.4658,0.7843,13.5439,0.7343,12.7713,0.6924,11.2546,0.6102,0.0,0.0,0.0,0.0,0.0,0.0,0.0,0.0,0.0,0.0,0.0,0.0,0.0,0.0,0.0,0.0,0.0,0.0,0.0,0.0,0.0,0.0,0.0,0.0,0.0,0.0,0.0,0.0,0.0,0.0,0.0,0.0,0.0,0.0,0.0,0.676,0.7554
128,0.001,3,10,100,32,16,256,184,440338,73,30,ContrastiveLoss,gru,/home/dpetrovitch/dzagcoffee/train_trace/gender/checkpoints_2025-10-07 19:53:20.141369_ContrastiveLoss_gru_catboost/model_128_0.001_3_10_100_256_32_16_256_ContrastiveLoss_gruepoch=18.ckpt,18,30,0.44670025,54.0689,1.6756,0.0005,4.6903,1.2817,11.5294,0.6124,1209.995,59.0372,275.5206,13.443,255.7139,12.4766,244.3252,11.9209,228.9424,11.1704,216.2979,10.5534,191.2516,9.3314,72.7541,3.8739,16.5664,0.8821,15.3755,0.8187,14.6907,0.7822,13.7658,0.733,13.0055,0.6925,11.4995,0.6123,0.0,0.0,0.0,0.0,0.0,0.0,0.0,0.0,0.0,0.0,0.0,0.0,0.0,0.0,0.0,0.0,0.0,0.0,0.0,0.0,0.0,0.0,0.0,0.0,0.0,0.0,0.0,0.0,0.0,0.0,0.0,0.0,0.0,0.0,0.0,0.672,0.7312
128,0.001,3,10,100,32,16,256,184,440338,73,30,ContrastiveLoss,gru,/home/dpetrovitch/dzagcoffee/train_trace/gender/checkpoints_2025-10-07 19:53:20.141369_ContrastiveLoss_gru_catboost/model_128_0.001_3_10_100_256_32_16_256_ContrastiveLoss_gruepoch=19.ckpt,19,30,0.44591212,55.7756,1.6751,0.0005,4.662,1.3109,11.1406,0.5854,1238.1373,60.4007,275.7974,13.4544,256.0352,12.4903,244.8542,11.9448,229.9322,11.2169,217.8534,10.6277,192.9986,9.4151,79.2206,4.0834,17.6465,0.9096,16.3821,0.8444,15.6667,0.8075,14.7119,0.7583,13.9391,0.7185,12.3488,0.6365,0.0,0.0,0.0,0.0,0.0,0.0,0.0,0.0,0.0,0.0,0.0,0.0,0.0,0.0,0.0,0.0,0.0,0.0,0.0,0.0,0.0,0.0,0.0,0.0,0.0,0.0,0.0,0.0,0.0,0.0,0.0,0.0,0.0,0.0,0.0,0.672,0.7091
128,0.001,3,10,100,32,16,256,184,440338,73,30,ContrastiveLoss,gru,/home/dpetrovitch/dzagcoffee/train_trace/gender/checkpoints_2025-10-07 19:53:20.141369_ContrastiveLoss_gru_catboost/model_128_0.001_3_10_100_256_32_16_256_ContrastiveLoss_gruepoch=20.ckpt,20,30,0.44174036,54.1626,1.6723,0.0005,4.6844,1.2861,11.796,0.6074,1238.2618,60.3287,276.6692,13.4795,257.2328,12.5325,245.9816,11.9843,231.1383,11.2612,218.7733,10.6587,193.8555,9.4447,78.461,4.0239,17.5308,0.8991,16.2992,0.8359,15.5863,0.7994,14.6458,0.7511,13.8623,0.7109,12.2834,0.63,0.0,0.0,0.0,0.0,0.0,0.0,0.0,0.0,0.0,0.0,0.0,0.0,0.0,0.0,0.0,0.0,0.0,0.0,0.0,0.0,0.0,0.0,0.0,0.0,0.0,0.0,0.0,0.0,0.0,0.0,0.0,0.0,0.0,0.0,0.0,0.676,0.7488
128,0.001,3,10,100,32,16,256,184,440338,73,30,ContrastiveLoss,gru,/home/dpetrovitch/dzagcoffee/train_trace/gender/checkpoints_2025-10-07 19:53:20.141369_ContrastiveLoss_gru_catboost/model_128_0.001_3_10_100_256_32_16_256_ContrastiveLoss_gruepoch=21.ckpt,21,30,0.4468231,54.1295,1.6761,0.0005,4.6922,1.2761,12.4081,0.6172,1234.4713,60.2103,276.9495,13.508,257.4234,12.5556,246.1739,12.0069,231.3199,11.2824,218.7246,10.6681,193.3707,9.4315,75.933,3.9413,17.0353,0.8842,15.8343,0.8219,15.1423,0.786,14.2286,0.7385,13.4539,0.6983,11.8943,0.6174,0.0,0.0,0.0,0.0,0.0,0.0,0.0,0.0,0.0,0.0,0.0,0.0,0.0,0.0,0.0,0.0,0.0,0.0,0.0,0.0,0.0,0.0,0.0,0.0,0.0,0.0,0.0,0.0,0.0,0.0,0.0,0.0,0.0,0.0,0.0,0.684,0.7415
128,0.001,3,10,100,32,16,256,184,440338,73,30,ContrastiveLoss,gru,/home/dpetrovitch/dzagcoffee/train_trace/gender/checkpoints_2025-10-07 19:53:20.141369_ContrastiveLoss_gru_catboost/model_128_0.001_3_10_100_256_32_16_256_ContrastiveLoss_gruepoch=22.ckpt,22,30,0.44524968,53.8126,1.6624,0.0005,4.6822,1.2766,12.2138,0.6161,1237.2671,60.2488,277.6988,13.5226,257.9312,12.56,246.6317,12.0097,231.5862,11.2771,219.5195,10.6895,198.8963,9.6853,76.466,3.9242,17.1624,0.8808,15.9407,0.8181,15.2424,0.7822,14.3126,0.7345,13.5668,0.6962,12.2923,0.6308,0.0,0.0,0.0,0.0,0.0,0.0,0.0,0.0,0.0,0.0,0.0,0.0,0.0,0.0,0.0,0.0,0.0,0.0,0.0,0.0,0.0,0.0,0.0,0.0,0.0,0.0,0.0,0.0,0.0,0.0,0.0,0.0,0.0,0.0,0.0,0.66,0.7292
128,0.001,3,10,100,32,16,256,184,440338,73,30,ContrastiveLoss,gru,/home/dpetrovitch/dzagcoffee/train_trace/gender/checkpoints_2025-10-07 19:53:20.141369_ContrastiveLoss_gru_catboost/model_128_0.001_3_10_100_256_32_16_256_ContrastiveLoss_gruepoch=23.ckpt,23,30,0.4458065,54.7419,1.6761,0.0005,4.6895,1.2797,12.3712,0.6137,1244.5166,60.6799,277.4156,13.5262,257.8692,12.5731,246.7185,12.0295,231.9263,11.3082,219.4787,10.7013,195.0882,9.5121,78.3601,4.0552,17.4673,0.904,16.2365,0.8403,15.5345,0.8039,14.6031,0.7557,13.8193,0.7152,12.2836,0.6357,0.0,0.0,0.0,0.0,0.0,0.0,0.0,0.0,0.0,0.0,0.0,0.0,0.0,0.0,0.0,0.0,0.0,0.0,0.0,0.0,0.0,0.0,0.0,0.0,0.0,0.0,0.0,0.0,0.0,0.0,0.0,0.0,0.0,0.0,0.0,0.684,0.7385
128,0.001,3,10,100,32,16,256,184,440338,73,30,ContrastiveLoss,gru,/home/dpetrovitch/dzagcoffee/train_trace/gender/checkpoints_2025-10-07 19:53:20.141369_ContrastiveLoss_gru_catboost/model_128_0.001_3_10_100_256_32_16_256_ContrastiveLoss_gruepoch=24.ckpt,24,30,0.44766545,55.1548,1.6693,0.0005,4.6706,1.2892,12.0268,0.6039,1257.5277,61.2242,278.324,13.5505,258.644,12.5924,247.4197,12.0459,232.3686,11.3131,220.1442,10.718,198.379,9.6583,81.6651,4.2226,18.0746,0.9346,16.7966,0.8685,16.0677,0.8308,15.0902,0.7803,14.2964,0.7392,12.8829,0.6661,0.0,0.0,0.0,0.0,0.0,0.0,0.0,0.0,0.0,0.0,0.0,0.0,0.0,0.0,0.0,0.0,0.0,0.0,0.0,0.0,0.0,0.0,0.0,0.0,0.0,0.0,0.0,0.0,0.0,0.0,0.0,0.0,0.0,0.0,0.0,0.7,0.7392
128,0.001,3,10,100,32,16,256,184,440338,73,30,ContrastiveLoss,gru,/home/dpetrovitch/dzagcoffee/train_trace/gender/checkpoints_2025-10-07 19:53:20.141369_ContrastiveLoss_gru_catboost/model_128_0.001_3_10_100_256_32_16_256_ContrastiveLoss_gruepoch=25.ckpt,25,30,0.44545245,55.7684,1.6767,0.0005,4.6804,1.2886,11.868,0.6061,1255.6259,61.2293,277.465,13.5303,258.1661,12.5892,247.0677,12.048,232.4814,11.3367,220.6561,10.7601,196.749,9.5943,81.1109,4.1613,17.9237,0.9195,16.677,0.8556,15.9601,0.8188,15.0178,0.7705,14.2539,0.7313,12.7096,0.652,0.0,0.0,0.0,0.0,0.0,0.0,0.0,0.0,0.0,0.0,0.0,0.0,0.0,0.0,0.0,0.0,0.0,0.0,0.0,0.0,0.0,0.0,0.0,0.0,0.0,0.0,0.0,0.0,0.0,0.0,0.0,0.0,0.0,0.0,0.0,0.672,0.7135
128,0.001,3,10,100,32,16,256,184,440338,73,30,ContrastiveLoss,gru,/home/dpetrovitch/dzagcoffee/train_trace/gender/checkpoints_2025-10-07 19:53:20.141369_ContrastiveLoss_gru_catboost/model_128_0.001_3_10_100_256_32_16_256_ContrastiveLoss_gruepoch=26.ckpt,26,30,0.45040378,54.4252,1.6759,0.0004,4.7001,1.2666,11.885,0.6261,1250.2202,61.0067,277.3903,13.5358,258.2516,12.6019,247.229,12.064,232.4046,11.3406,219.8424,10.7276,195.339,9.5319,79.3477,4.0566,17.6051,0.9001,16.3905,0.838,15.6909,0.8022,14.75,0.7541,13.9527,0.7133,12.3976,0.6338,0.0,0.0,0.0,0.0,0.0,0.0,0.0,0.0,0.0,0.0,0.0,0.0,0.0,0.0,0.0,0.0,0.0,0.0,0.0,0.0,0.0,0.0,0.0,0.0,0.0,0.0,0.0,0.0,0.0,0.0,0.0,0.0,0.0,0.0,0.0,0.692,0.7243
128,0.001,3,10,100,32,16,256,184,440338,73,30,ContrastiveLoss,gru,/home/dpetrovitch/dzagcoffee/train_trace/gender/checkpoints_2025-10-07 19:53:20.141369_ContrastiveLoss_gru_catboost/model_128_0.001_3_10_100_256_32_16_256_ContrastiveLoss_gruepoch=27.ckpt,27,30,0.45121753,55.267,1.675,0.0005,4.6941,1.2767,12.0525,0.616,1265.1404,61.6641,278.5928,13.5789,259.2102,12.6341,248.0388,12.0896,233.3548,11.3739,220.969,10.7702,196.7607,9.5903,80.4918,4.1499,17.7249,0.9138,16.4917,0.8503,15.7809,0.8136,14.8467,0.7655,14.0587,0.7248,12.5185,0.6454,0.0,0.0,0.0,0.0,0.0,0.0,0.0,0.0,0.0,0.0,0.0,0.0,0.0,0.0,0.0,0.0,0.0,0.0,0.0,0.0,0.0,0.0,0.0,0.0,0.0,0.0,0.0,0.0,0.0,0.0,0.0,0.0,0.0,0.0,0.0,0.68,0.7286
128,0.001,3,10,100,32,16,256,184,440338,73,30,ContrastiveLoss,gru,/home/dpetrovitch/dzagcoffee/train_trace/gender/checkpoints_2025-10-07 19:53:20.141369_ContrastiveLoss_gru_catboost/model_128_0.001_3_10_100_256_32_16_256_ContrastiveLoss_gruepoch=28.ckpt,28,30,0.44893897,54.6241,1.6752,0.0004,4.7033,1.2656,12.0863,0.6269,1260.4824,61.4429,278.4009,13.5708,259.0144,12.6258,247.9104,12.0845,233.181,11.3665,220.8417,10.765,195.428,9.5262,81.7034,4.212,18.0457,0.9303,16.7891,0.8655,16.0693,0.8284,15.1146,0.7792,14.3148,0.738,12.6675,0.653,0.0,0.0,0.0,0.0,0.0,0.0,0.0,0.0,0.0,0.0,0.0,0.0,0.0,0.0,0.0,0.0,0.0,0.0,0.0,0.0,0.0,0.0,0.0,0.0,0.0,0.0,0.0,0.0,0.0,0.0,0.0,0.0,0.0,0.0,0.0,0.684,0.7222
128,0.001,3,10,100,32,16,256,184,440338,73,30,ContrastiveLoss,gru,/home/dpetrovitch/dzagcoffee/train_trace/gender/checkpoints_2025-10-07 19:53:20.141369_ContrastiveLoss_gru_catboost/model_128_0.001_3_10_100_256_32_16_256_ContrastiveLoss_gruepoch=29.ckpt,29,30,0.4490731,54.8291,1.6767,0.0004,4.7101,1.2616,12.1013,0.6311,1265.5863,61.7467,278.7759,13.6012,259.4113,12.6564,248.3414,12.1163,233.5258,11.3935,221.0959,10.7871,197.0395,9.6134,79.1297,4.0737,17.4302,0.8973,16.2195,0.835,15.5273,0.7994,14.601,0.7517,13.8238,0.7117,12.3197,0.6342,0.0,0.0,0.0,0.0,0.0,0.0,0.0,0.0,0.0,0.0,0.0,0.0,0.0,0.0,0.0,0.0,0.0,0.0,0.0,0.0,0.0,0.0,0.0,0.0,0.0,0.0,0.0,0.0,0.0,0.0,0.0,0.0,0.0,0.0,0.0,0.668,0.7228
128,0.001,5,10,100,32,16,256,184,440338,73,30,ContrastiveLoss,gru,/home/dpetrovitch/dzagcoffee/train_trace/gender/checkpoints_2025-10-07 19:53:20.141369_ContrastiveLoss_gru_catboost/model_128_0.001_5_10_100_256_32_16_256_ContrastiveLoss_gruepoch=00.ckpt,0,30,0.5747208,46.4046,1.6792,0.0003,5.1808,1.2974,5.5399,0.6151,521.8175,26.501,237.3497,12.054,208.9861,10.6136,193.3299,9.8184,172.748,8.7732,155.8178,7.9134,90.6246,4.6025,20.8088,1.3881,9.4649,0.6314,8.3338,0.5559,7.7095,0.5143,6.8888,0.4595,6.2136,0.4145,3.6139,0.2411,0.0,0.0,0.0,0.0,0.0,0.0,0.0,0.0,0.0,0.0,0.0,0.0,0.0,0.0,0.0,0.0,0.0,0.0,0.0,0.0,0.0,0.0,0.0,0.0,0.0,0.0,0.0,0.0,0.0,0.0,0.0,0.0,0.0,0.0,0.0,0.568,0.5943
128,0.001,5,10,100,32,16,256,184,440338,73,30,ContrastiveLoss,gru,/home/dpetrovitch/dzagcoffee/train_trace/gender/checkpoints_2025-10-07 19:53:20.141369_ContrastiveLoss_gru_catboost/model_128_0.001_5_10_100_256_32_16_256_ContrastiveLoss_gruepoch=01.ckpt,1,30,0.6906387,40.6725,1.6792,0.0003,4.9058,1.3055,8.1673,0.6012,691.9627,34.5746,237.8512,11.8845,212.3316,10.6094,198.1459,9.9006,178.7235,8.9301,162.8107,8.135,119.6945,5.9807,38.3308,2.2744,13.1756,0.7818,11.762,0.6979,10.9761,0.6513,9.9003,0.5875,9.0188,0.5351,6.6304,0.3934,0.0,0.0,0.0,0.0,0.0,0.0,0.0,0.0,0.0,0.0,0.0,0.0,0.0,0.0,0.0,0.0,0.0,0.0,0.0,0.0,0.0,0.0,0.0,0.0,0.0,0.0,0.0,0.0,0.0,0.0,0.0,0.0,0.0,0.0,0.0,0.604,0.6292
128,0.001,5,10,100,32,16,256,184,440338,73,30,ContrastiveLoss,gru,/home/dpetrovitch/dzagcoffee/train_trace/gender/checkpoints_2025-10-07 19:53:20.141369_ContrastiveLoss_gru_catboost/model_128_0.001_5_10_100_256_32_16_256_ContrastiveLoss_gruepoch=02.ckpt,2,30,0.7275254,39.2202,1.679,0.0003,4.7862,1.264,8.8345,0.6327,808.4848,40.1074,246.8585,12.2462,223.0881,11.067,209.5475,10.3953,191.5853,9.5042,176.1643,8.7392,143.8248,7.1349,45.2339,2.6347,13.8115,0.8045,12.4815,0.727,11.724,0.6829,10.719,0.6243,9.8562,0.5741,8.0468,0.4687,0.0,0.0,0.0,0.0,0.0,0.0,0.0,0.0,0.0,0.0,0.0,0.0,0.0,0.0,0.0,0.0,0.0,0.0,0.0,0.0,0.0,0.0,0.0,0.0,0.0,0.0,0.0,0.0,0.0,0.0,0.0,0.0,0.0,0.0,0.0,0.648,0.6756
128,0.001,5,10,100,32,16,256,184,440338,73,30,ContrastiveLoss,gru,/home/dpetrovitch/dzagcoffee/train_trace/gender/checkpoints_2025-10-07 19:53:20.141369_ContrastiveLoss_gru_catboost/model_128_0.001_5_10_100_256_32_16_256_ContrastiveLoss_gruepoch=03.ckpt,3,30,0.7612613,41.1115,1.6782,0.0003,4.7532,1.2697,11.2687,0.6236,919.2758,45.2725,251.8701,12.4041,229.5057,11.3027,217.1766,10.6955,200.5833,9.8783,186.459,9.1827,157.7721,7.77,61.3736,3.4227,16.8156,0.9378,15.3225,0.8545,14.4994,0.8086,13.3916,0.7468,12.4486,0.6942,10.5333,0.5874,0.0,0.0,0.0,0.0,0.0,0.0,0.0,0.0,0.0,0.0,0.0,0.0,0.0,0.0,0.0,0.0,0.0,0.0,0.0,0.0,0.0,0.0,0.0,0.0,0.0,0.0,0.0,0.0,0.0,0.0,0.0,0.0,0.0,0.0,0.0,0.66,0.7079
128,0.001,5,10,100,32,16,256,184,440338,73,30,ContrastiveLoss,gru,/home/dpetrovitch/dzagcoffee/train_trace/gender/checkpoints_2025-10-07 19:53:20.141369_ContrastiveLoss_gru_catboost/model_128_0.001_5_10_100_256_32_16_256_ContrastiveLoss_gruepoch=04.ckpt,4,30,0.7789971,43.7699,1.6777,0.0004,4.7475,1.2752,11.7789,0.6157,989.6397,48.5337,256.264,12.5676,235.1893,11.5341,223.7894,10.975,208.599,10.2301,195.753,9.6001,167.9895,8.2385,65.2652,3.601,16.9002,0.9325,15.5104,0.8558,14.7586,0.8143,13.7568,0.759,12.9096,0.7123,11.0786,0.6113,0.0,0.0,0.0,0.0,0.0,0.0,0.0,0.0,0.0,0.0,0.0,0.0,0.0,0.0,0.0,0.0,0.0,0.0,0.0,0.0,0.0,0.0,0.0,0.0,0.0,0.0,0.0,0.0,0.0,0.0,0.0,0.0,0.0,0.0,0.0,0.688,0.7226
128,0.001,5,10,100,32,16,256,184,440338,73,30,ContrastiveLoss,gru,/home/dpetrovitch/dzagcoffee/train_trace/gender/checkpoints_2025-10-07 19:53:20.141369_ContrastiveLoss_gru_catboost/model_128_0.001_5_10_100_256_32_16_256_ContrastiveLoss_gruepoch=05.ckpt,5,30,0.800586,45.7522,1.6771,0.0004,4.7631,1.2775,10.8899,0.6148,1022.6786,50.0334,260.8394,12.7613,239.4589,11.7153,227.6879,11.1394,212.3682,10.3899,199.4406,9.7574,173.9923,8.5124,68.0192,3.6067,17.3486,0.9199,15.9266,0.8445,15.1437,0.803,14.1248,0.749,13.265,0.7034,11.5724,0.6136,0.0,0.0,0.0,0.0,0.0,0.0,0.0,0.0,0.0,0.0,0.0,0.0,0.0,0.0,0.0,0.0,0.0,0.0,0.0,0.0,0.0,0.0,0.0,0.0,0.0,0.0,0.0,0.0,0.0,0.0,0.0,0.0,0.0,0.0,0.0,0.664,0.6903
128,0.001,5,10,100,32,16,256,184,440338,73,30,ContrastiveLoss,gru,/home/dpetrovitch/dzagcoffee/train_trace/gender/checkpoints_2025-10-07 19:53:20.141369_ContrastiveLoss_gru_catboost/model_128_0.001_5_10_100_256_32_16_256_ContrastiveLoss_gruepoch=06.ckpt,6,30,0.8049171,46.8095,1.6771,0.0004,4.7907,1.2569,11.113,0.635,1051.9716,51.4639,264.3275,12.9313,243.4775,11.9113,232.0788,11.3536,216.675,10.6,203.491,9.9551,178.3702,8.7261,66.4328,3.5457,16.6925,0.8909,15.3758,0.8206,14.656,0.7822,13.6832,0.7303,12.8506,0.6859,11.2642,0.6012,0.0,0.0,0.0,0.0,0.0,0.0,0.0,0.0,0.0,0.0,0.0,0.0,0.0,0.0,0.0,0.0,0.0,0.0,0.0,0.0,0.0,0.0,0.0,0.0,0.0,0.0,0.0,0.0,0.0,0.0,0.0,0.0,0.0,0.0,0.0,0.676,0.723
128,0.001,5,10,100,32,16,256,184,440338,73,30,ContrastiveLoss,gru,/home/dpetrovitch/dzagcoffee/train_trace/gender/checkpoints_2025-10-07 19:53:20.141369_ContrastiveLoss_gru_catboost/model_128_0.001_5_10_100_256_32_16_256_ContrastiveLoss_gruepoch=07.ckpt,7,30,0.81502366,46.8542,1.6757,0.0003,4.806,1.2255,11.9046,0.6655,1066.74,52.142,266.5572,13.0293,246.0393,12.0264,234.8302,11.4785,219.8157,10.7445,207.3309,10.1343,181.7277,8.8828,64.4661,3.4464,16.1088,0.8612,14.8688,0.7949,14.1914,0.7587,13.2841,0.7102,12.5296,0.6698,10.9823,0.5871,0.0,0.0,0.0,0.0,0.0,0.0,0.0,0.0,0.0,0.0,0.0,0.0,0.0,0.0,0.0,0.0,0.0,0.0,0.0,0.0,0.0,0.0,0.0,0.0,0.0,0.0,0.0,0.0,0.0,0.0,0.0,0.0,0.0,0.0,0.0,0.656,0.6911
128,0.001,5,10,100,32,16,256,184,440338,73,30,ContrastiveLoss,gru,/home/dpetrovitch/dzagcoffee/train_trace/gender/checkpoints_2025-10-07 19:53:20.141369_ContrastiveLoss_gru_catboost/model_128_0.001_5_10_100_256_32_16_256_ContrastiveLoss_gruepoch=08.ckpt,8,30,0.8191834,48.353,1.6746,0.0004,4.8502,1.2299,11.6943,0.661,1102.0503,53.7982,270.2891,13.1946,250.2182,12.2148,239.1133,11.6727,224.1485,10.9421,211.5148,10.3254,186.1776,9.0885,65.7554,3.5684,16.1272,0.8752,14.9296,0.8102,14.267,0.7742,13.3741,0.7258,12.6203,0.6849,11.1085,0.6028,0.0,0.0,0.0,0.0,0.0,0.0,0.0,0.0,0.0,0.0,0.0,0.0,0.0,0.0,0.0,0.0,0.0,0.0,0.0,0.0,0.0,0.0,0.0,0.0,0.0,0.0,0.0,0.0,0.0,0.0,0.0,0.0,0.0,0.0,0.0,0.72,0.748
128,0.001,5,10,100,32,16,256,184,440338,73,30,ContrastiveLoss,gru,/home/dpetrovitch/dzagcoffee/train_trace/gender/checkpoints_2025-10-07 19:53:20.141369_ContrastiveLoss_gru_catboost/model_128_0.001_5_10_100_256_32_16_256_ContrastiveLoss_gruepoch=09.ckpt,9,30,0.8209687,49.9902,1.6711,0.0004,4.8506,1.242,12.0153,0.6494,1145.1888,55.8551,272.4249,13.2872,252.4843,12.3146,241.2344,11.7659,226.3458,11.0397,214.6162,10.4676,189.593,9.2472,72.0096,3.8444,17.1301,0.9145,15.8762,0.8476,15.1688,0.8098,14.2326,0.7598,13.4951,0.7205,11.9216,0.6365,0.0,0.0,0.0,0.0,0.0,0.0,0.0,0.0,0.0,0.0,0.0,0.0,0.0,0.0,0.0,0.0,0.0,0.0,0.0,0.0,0.0,0.0,0.0,0.0,0.0,0.0,0.0,0.0,0.0,0.0,0.0,0.0,0.0,0.0,0.0,0.68,0.7198
128,0.001,5,10,100,32,16,256,184,440338,73,30,ContrastiveLoss,gru,/home/dpetrovitch/dzagcoffee/train_trace/gender/checkpoints_2025-10-07 19:53:20.141369_ContrastiveLoss_gru_catboost/model_128_0.001_5_10_100_256_32_16_256_ContrastiveLoss_gruepoch=10.ckpt,10,30,0.83244246,49.8053,1.6727,0.0004,4.8581,1.2252,12.4635,0.6668,1151.9924,56.1891,275.1042,13.4184,255.1103,12.4432,243.8741,11.8951,228.8274,11.1612,215.9726,10.5342,190.6276,9.298,73.1725,3.768,17.4741,0.8998,16.2042,0.8344,15.4904,0.7977,14.5347,0.7485,13.7182,0.7064,12.1083,0.6235,0.0,0.0,0.0,0.0,0.0,0.0,0.0,0.0,0.0,0.0,0.0,0.0,0.0,0.0,0.0,0.0,0.0,0.0,0.0,0.0,0.0,0.0,0.0,0.0,0.0,0.0,0.0,0.0,0.0,0.0,0.0,0.0,0.0,0.0,0.0,0.684,0.7141
128,0.001,5,10,100,32,16,256,184,440338,73,30,ContrastiveLoss,gru,/home/dpetrovitch/dzagcoffee/train_trace/gender/checkpoints_2025-10-07 19:53:20.141369_ContrastiveLoss_gru_catboost/model_128_0.001_5_10_100_256_32_16_256_ContrastiveLoss_gruepoch=11.ckpt,11,30,0.8447249,51.3573,1.677,0.0004,4.8735,1.2407,12.7942,0.6513,1192.6425,58.2242,276.2773,13.4877,256.5206,12.5232,245.7016,11.995,230.8087,11.268,218.5101,10.6676,192.3942,9.3926,79.4326,4.053,18.4007,0.9389,17.0848,0.8717,16.3643,0.835,15.3724,0.7844,14.5533,0.7426,12.8139,0.6538,0.0,0.0,0.0,0.0,0.0,0.0,0.0,0.0,0.0,0.0,0.0,0.0,0.0,0.0,0.0,0.0,0.0,0.0,0.0,0.0,0.0,0.0,0.0,0.0,0.0,0.0,0.0,0.0,0.0,0.0,0.0,0.0,0.0,0.0,0.0,0.704,0.7266
128,0.001,5,10,100,32,16,256,184,440338,73,30,ContrastiveLoss,gru,/home/dpetrovitch/dzagcoffee/train_trace/gender/checkpoints_2025-10-07 19:53:20.141369_ContrastiveLoss_gru_catboost/model_128_0.001_5_10_100_256_32_16_256_ContrastiveLoss_gruepoch=12.ckpt,12,30,0.8431213,52.1165,1.6748,0.0004,4.8749,1.2468,13.2506,0.6438,1215.8949,59.2854,277.1258,13.5123,257.5753,12.559,246.7537,12.0314,232.1137,11.3176,220.0395,10.7288,194.9861,9.5073,83.076,4.1776,18.9346,0.9522,17.5988,0.885,16.8594,0.8478,15.8592,0.7975,15.0342,0.756,13.3224,0.6699,0.0,0.0,0.0,0.0,0.0,0.0,0.0,0.0,0.0,0.0,0.0,0.0,0.0,0.0,0.0,0.0,0.0,0.0,0.0,0.0,0.0,0.0,0.0,0.0,0.0,0.0,0.0,0.0,0.0,0.0,0.0,0.0,0.0,0.0,0.0,0.7,0.7168
128,0.001,5,10,100,32,16,256,184,440338,73,30,ContrastiveLoss,gru,/home/dpetrovitch/dzagcoffee/train_trace/gender/checkpoints_2025-10-07 19:53:20.141369_ContrastiveLoss_gru_catboost/model_128_0.001_5_10_100_256_32_16_256_ContrastiveLoss_gruepoch=13.ckpt,13,30,0.84366435,51.0043,1.672,0.0004,4.8888,1.2299,12.8094,0.6612,1195.438,58.2604,275.868,13.4446,256.2981,12.4908,245.2677,11.9533,230.7898,11.2477,218.5401,10.6507,195.905,9.5475,81.5543,4.1427,18.8201,0.956,17.485,0.8882,16.7325,0.85,15.7448,0.7998,14.9091,0.7573,13.3649,0.6789,0.0,0.0,0.0,0.0,0.0,0.0,0.0,0.0,0.0,0.0,0.0,0.0,0.0,0.0,0.0,0.0,0.0,0.0,0.0,0.0,0.0,0.0,0.0,0.0,0.0,0.0,0.0,0.0,0.0,0.0,0.0,0.0,0.0,0.0,0.0,0.704,0.73
128,0.001,5,10,100,32,16,256,184,440338,73,30,ContrastiveLoss,gru,/home/dpetrovitch/dzagcoffee/train_trace/gender/checkpoints_2025-10-07 19:53:20.141369_ContrastiveLoss_gru_catboost/model_128_0.001_5_10_100_256_32_16_256_ContrastiveLoss_gruepoch=14.ckpt,14,30,0.84402925,52.168,1.6759,0.0004,4.912,1.2303,13.4391,0.6616,1219.2863,59.4823,278.8963,13.6058,259.2765,12.6487,248.3425,12.1153,233.7805,11.4049,221.3427,10.7981,195.0119,9.5136,83.2867,4.1948,19.0508,0.9595,17.7106,0.892,16.9637,0.8544,15.969,0.8043,15.1194,0.7615,13.3208,0.6709,0.0,0.0,0.0,0.0,0.0,0.0,0.0,0.0,0.0,0.0,0.0,0.0,0.0,0.0,0.0,0.0,0.0,0.0,0.0,0.0,0.0,0.0,0.0,0.0,0.0,0.0,0.0,0.0,0.0,0.0,0.0,0.0,0.0,0.0,0.0,0.696,0.7123
128,0.001,5,10,100,32,16,256,184,440338,73,30,ContrastiveLoss,gru,/home/dpetrovitch/dzagcoffee/train_trace/gender/checkpoints_2025-10-07 19:53:20.141369_ContrastiveLoss_gru_catboost/model_128_0.001_5_10_100_256_32_16_256_ContrastiveLoss_gruepoch=15.ckpt,15,30,0.84691614,53.151,1.6767,0.0004,4.9081,1.2358,13.3187,0.6561,1232.2052,60.1002,280.1624,13.6648,260.4209,12.7019,249.5535,12.1719,234.9118,11.4577,222.4401,10.8494,197.3048,9.6234,85.5729,4.254,19.4564,0.9672,18.0854,0.8991,17.3307,0.8615,16.3139,0.811,15.4478,0.7679,13.7022,0.6812,0.0,0.0,0.0,0.0,0.0,0.0,0.0,0.0,0.0,0.0,0.0,0.0,0.0,0.0,0.0,0.0,0.0,0.0,0.0,0.0,0.0,0.0,0.0,0.0,0.0,0.0,0.0,0.0,0.0,0.0,0.0,0.0,0.0,0.0,0.0,0.684,0.739
128,0.001,5,10,100,32,16,256,184,440338,73,30,ContrastiveLoss,gru,/home/dpetrovitch/dzagcoffee/train_trace/gender/checkpoints_2025-10-07 19:53:20.141369_ContrastiveLoss_gru_catboost/model_128_0.001_5_10_100_256_32_16_256_ContrastiveLoss_gruepoch=16.ckpt,16,30,0.85146993,53.1133,1.6769,0.0004,4.9208,1.2311,13.4642,0.6607,1234.0593,60.1916,279.7785,13.6463,260.47,12.7045,249.737,12.181,235.4352,11.4834,223.3278,10.8929,196.6538,9.5918,82.0175,4.1318,18.5945,0.9367,17.3112,0.8721,16.5979,0.8362,15.6474,0.7883,14.8427,0.7477,13.0699,0.6584,0.0,0.0,0.0,0.0,0.0,0.0,0.0,0.0,0.0,0.0,0.0,0.0,0.0,0.0,0.0,0.0,0.0,0.0,0.0,0.0,0.0,0.0,0.0,0.0,0.0,0.0,0.0,0.0,0.0,0.0,0.0,0.0,0.0,0.0,0.0,0.7,0.7231
128,0.001,5,10,100,32,16,256,184,440338,73,30,ContrastiveLoss,gru,/home/dpetrovitch/dzagcoffee/train_trace/gender/checkpoints_2025-10-07 19:53:20.141369_ContrastiveLoss_gru_catboost/model_128_0.001_5_10_100_256_32_16_256_ContrastiveLoss_gruepoch=17.ckpt,17,30,0.8494603,54.1634,1.6774,0.0004,4.9216,1.2417,13.0283,0.6505,1249.4686,61.0038,280.3295,13.6867,260.6982,12.7283,249.664,12.1895,235.3687,11.4916,223.2284,10.8989,196.7994,9.6085,80.8678,4.1127,18.1434,0.9227,16.8728,0.8581,16.1587,0.8218,15.2335,0.7747,14.4477,0.7348,12.7372,0.6478,0.0,0.0,0.0,0.0,0.0,0.0,0.0,0.0,0.0,0.0,0.0,0.0,0.0,0.0,0.0,0.0,0.0,0.0,0.0,0.0,0.0,0.0,0.0,0.0,0.0,0.0,0.0,0.0,0.0,0.0,0.0,0.0,0.0,0.0,0.0,0.688,0.7166
128,0.001,5,10,100,32,16,256,184,440338,73,30,ContrastiveLoss,gru,/home/dpetrovitch/dzagcoffee/train_trace/gender/checkpoints_2025-10-07 19:53:20.141369_ContrastiveLoss_gru_catboost/model_128_0.001_5_10_100_256_32_16_256_ContrastiveLoss_gruepoch=18.ckpt,18,30,0.85561436,52.9371,1.675,0.0003,4.9395,1.2243,13.0147,0.667,1245.4271,60.7119,279.4356,13.6219,260.3872,12.6933,249.5745,12.1662,235.4372,11.4771,223.5669,10.8984,196.619,9.5848,84.5761,4.2393,18.9763,0.9512,17.6827,0.8863,16.9484,0.8495,15.9884,0.8014,15.1823,0.761,13.3523,0.6693,0.0,0.0,0.0,0.0,0.0,0.0,0.0,0.0,0.0,0.0,0.0,0.0,0.0,0.0,0.0,0.0,0.0,0.0,0.0,0.0,0.0,0.0,0.0,0.0,0.0,0.0,0.0,0.0,0.0,0.0,0.0,0.0,0.0,0.0,0.0,0.692,0.7079
128,0.001,5,10,100,32,16,256,184,440338,73,30,ContrastiveLoss,gru,/home/dpetrovitch/dzagcoffee/train_trace/gender/checkpoints_2025-10-07 19:53:20.141369_ContrastiveLoss_gru_catboost/model_128_0.001_5_10_100_256_32_16_256_ContrastiveLoss_gruepoch=19.ckpt,19,30,0.84948593,54.8784,1.6753,0.0004,4.9275,1.2457,12.4955,0.6454,1275.1396,62.189,280.474,13.6788,260.8687,12.7227,249.905,12.1879,235.7152,11.4959,223.8658,10.918,198.8535,9.6982,83.8386,4.2481,18.4408,0.9344,17.1517,0.8691,16.4309,0.8325,15.4979,0.7853,14.7189,0.7458,13.0743,0.6625,0.0,0.0,0.0,0.0,0.0,0.0,0.0,0.0,0.0,0.0,0.0,0.0,0.0,0.0,0.0,0.0,0.0,0.0,0.0,0.0,0.0,0.0,0.0,0.0,0.0,0.0,0.0,0.0,0.0,0.0,0.0,0.0,0.0,0.0,0.0,0.696,0.709
128,0.001,5,10,100,32,16,256,184,440338,73,30,ContrastiveLoss,gru,/home/dpetrovitch/dzagcoffee/train_trace/gender/checkpoints_2025-10-07 19:53:20.141369_ContrastiveLoss_gru_catboost/model_128_0.001_5_10_100_256_32_16_256_ContrastiveLoss_gruepoch=20.ckpt,20,30,0.8608125,54.4508,1.6763,0.0003,4.9504,1.2343,13.7876,0.6573,1277.8193,62.3227,281.7095,13.7397,262.3649,12.7962,251.5435,12.2685,237.2369,11.5707,225.3881,10.9928,199.1678,9.7139,82.8627,4.1986,18.268,0.9256,17.0136,0.8621,16.3118,0.8265,15.3841,0.7795,14.6157,0.7406,12.9154,0.6544,0.0,0.0,0.0,0.0,0.0,0.0,0.0,0.0,0.0,0.0,0.0,0.0,0.0,0.0,0.0,0.0,0.0,0.0,0.0,0.0,0.0,0.0,0.0,0.0,0.0,0.0,0.0,0.0,0.0,0.0,0.0,0.0,0.0,0.0,0.0,0.704,0.735
128,0.001,5,10,100,32,16,256,184,440338,73,30,ContrastiveLoss,gru,/home/dpetrovitch/dzagcoffee/train_trace/gender/checkpoints_2025-10-07 19:53:20.141369_ContrastiveLoss_gru_catboost/model_128_0.001_5_10_100_256_32_16_256_ContrastiveLoss_gruepoch=21.ckpt,21,30,0.86628634,54.1788,1.6759,0.0003,4.9526,1.2283,13.5461,0.663,1277.2133,62.2837,281.8885,13.7464,262.633,12.8074,252.016,12.2896,237.8443,11.5985,225.8289,11.0126,199.5065,9.729,85.8511,4.2775,18.9478,0.9441,17.6535,0.8796,16.9399,0.844,15.9873,0.7966,15.1797,0.7563,13.4103,0.6682,0.0,0.0,0.0,0.0,0.0,0.0,0.0,0.0,0.0,0.0,0.0,0.0,0.0,0.0,0.0,0.0,0.0,0.0,0.0,0.0,0.0,0.0,0.0,0.0,0.0,0.0,0.0,0.0,0.0,0.0,0.0,0.0,0.0,0.0,0.0,0.704,0.7447
128,0.001,5,10,100,32,16,256,184,440338,73,30,ContrastiveLoss,gru,/home/dpetrovitch/dzagcoffee/train_trace/gender/checkpoints_2025-10-07 19:53:20.141369_ContrastiveLoss_gru_catboost/model_128_0.001_5_10_100_256_32_16_256_ContrastiveLoss_gruepoch=22.ckpt,22,30,0.8579736,54.223,1.6746,0.0003,4.9586,1.2324,13.6252,0.6588,1288.7815,62.8216,281.755,13.7341,262.4605,12.7936,251.6934,12.2688,237.6381,11.5837,225.9156,11.0123,199.4436,9.7219,82.6914,4.1481,18.0781,0.9069,16.8401,0.8448,16.1493,0.8101,15.2474,0.7649,14.4953,0.7271,12.7968,0.6419,0.0,0.0,0.0,0.0,0.0,0.0,0.0,0.0,0.0,0.0,0.0,0.0,0.0,0.0,0.0,0.0,0.0,0.0,0.0,0.0,0.0,0.0,0.0,0.0,0.0,0.0,0.0,0.0,0.0,0.0,0.0,0.0,0.0,0.0,0.0,0.7,0.7342
128,0.001,5,10,100,32,16,256,184,440338,73,30,ContrastiveLoss,gru,/home/dpetrovitch/dzagcoffee/train_trace/gender/checkpoints_2025-10-07 19:53:20.141369_ContrastiveLoss_gru_catboost/model_128_0.001_5_10_100_256_32_16_256_ContrastiveLoss_gruepoch=23.ckpt,23,30,0.853226,54.6051,1.675,0.0003,4.9612,1.2341,13.9063,0.6578,1290.5499,62.9512,282.2213,13.7664,262.9882,12.8282,252.3593,12.3097,238.0959,11.614,226.3212,11.0396,199.9736,9.7544,84.22,4.194,18.4175,0.9171,17.1624,0.8546,16.4687,0.8201,15.5379,0.7737,14.7695,0.7355,13.0501,0.6499,0.0,0.0,0.0,0.0,0.0,0.0,0.0,0.0,0.0,0.0,0.0,0.0,0.0,0.0,0.0,0.0,0.0,0.0,0.0,0.0,0.0,0.0,0.0,0.0,0.0,0.0,0.0,0.0,0.0,0.0,0.0,0.0,0.0,0.0,0.0,0.716,0.7465
128,0.001,5,10,100,32,16,256,184,440338,73,30,ContrastiveLoss,gru,/home/dpetrovitch/dzagcoffee/train_trace/gender/checkpoints_2025-10-07 19:53:20.141369_ContrastiveLoss_gru_catboost/model_128_0.001_5_10_100_256_32_16_256_ContrastiveLoss_gruepoch=24.ckpt,24,30,0.86093235,53.1634,1.6667,0.0003,4.9703,1.2206,14.0759,0.6707,1273.8262,62.0261,280.8802,13.6768,261.8,12.7478,251.0461,12.2241,236.9551,11.538,224.8856,10.9503,200.3638,9.7563,81.1288,4.1151,17.889,0.9074,16.6738,0.8458,15.9889,0.811,15.0914,0.7655,14.3228,0.7265,12.761,0.6473,0.0,0.0,0.0,0.0,0.0,0.0,0.0,0.0,0.0,0.0,0.0,0.0,0.0,0.0,0.0,0.0,0.0,0.0,0.0,0.0,0.0,0.0,0.0,0.0,0.0,0.0,0.0,0.0,0.0,0.0,0.0,0.0,0.0,0.0,0.0,0.68,0.7521
128,0.001,5,10,100,32,16,256,184,440338,73,30,ContrastiveLoss,gru,/home/dpetrovitch/dzagcoffee/train_trace/gender/checkpoints_2025-10-07 19:53:20.141369_ContrastiveLoss_gru_catboost/model_128_0.001_5_10_100_256_32_16_256_ContrastiveLoss_gruepoch=25.ckpt,25,30,0.8598941,53.8073,1.6681,0.0003,4.9711,1.2247,13.6762,0.6662,1288.8275,62.7546,282.1313,13.7373,263.0205,12.8068,252.2272,12.2813,238.1727,11.5969,226.1365,11.0109,202.0514,9.8381,81.4962,4.1297,17.84,0.904,16.6315,0.8428,15.949,0.8082,15.0603,0.7632,14.2993,0.7246,12.7763,0.6474,0.0,0.0,0.0,0.0,0.0,0.0,0.0,0.0,0.0,0.0,0.0,0.0,0.0,0.0,0.0,0.0,0.0,0.0,0.0,0.0,0.0,0.0,0.0,0.0,0.0,0.0,0.0,0.0,0.0,0.0,0.0,0.0,0.0,0.0,0.0,0.684,0.7401
128,0.001,5,10,100,32,16,256,184,440338,73,30,ContrastiveLoss,gru,/home/dpetrovitch/dzagcoffee/train_trace/gender/checkpoints_2025-10-07 19:53:20.141369_ContrastiveLoss_gru_catboost/model_128_0.001_5_10_100_256_32_16_256_ContrastiveLoss_gruepoch=26.ckpt,26,30,0.8582819,55.4195,1.6756,0.0003,4.9665,1.2395,13.2472,0.6521,1305.1945,63.6671,282.5212,13.7813,263.211,12.8394,252.5175,12.3178,238.4405,11.6311,226.9704,11.0716,201.6271,9.8353,85.8428,4.2756,18.5814,0.9255,17.3114,0.8622,16.6081,0.8272,15.6823,0.7811,14.9279,0.7435,13.261,0.6605,0.0,0.0,0.0,0.0,0.0,0.0,0.0,0.0,0.0,0.0,0.0,0.0,0.0,0.0,0.0,0.0,0.0,0.0,0.0,0.0,0.0,0.0,0.0,0.0,0.0,0.0,0.0,0.0,0.0,0.0,0.0,0.0,0.0,0.0,0.0,0.692,0.716
128,0.001,5,10,100,32,16,256,184,440338,73,30,ContrastiveLoss,gru,/home/dpetrovitch/dzagcoffee/train_trace/gender/checkpoints_2025-10-07 19:53:20.141369_ContrastiveLoss_gru_catboost/model_128_0.001_5_10_100_256_32_16_256_ContrastiveLoss_gruepoch=27.ckpt,27,30,0.8594675,55.183,1.675,0.0004,4.9798,1.2369,13.4176,0.6547,1309.4486,63.8475,283.1151,13.8044,263.9954,12.8722,253.4049,12.3558,239.3928,11.6726,227.8402,11.1093,202.2335,9.8607,87.8157,4.3152,18.9866,0.933,17.7043,0.87,16.9941,0.8351,16.0544,0.7889,15.2797,0.7508,13.5624,0.6665,0.0,0.0,0.0,0.0,0.0,0.0,0.0,0.0,0.0,0.0,0.0,0.0,0.0,0.0,0.0,0.0,0.0,0.0,0.0,0.0,0.0,0.0,0.0,0.0,0.0,0.0,0.0,0.0,0.0,0.0,0.0,0.0,0.0,0.0,0.0,0.704,0.7414
128,0.001,5,10,100,32,16,256,184,440338,73,30,ContrastiveLoss,gru,/home/dpetrovitch/dzagcoffee/train_trace/gender/checkpoints_2025-10-07 19:53:20.141369_ContrastiveLoss_gru_catboost/model_128_0.001_5_10_100_256_32_16_256_ContrastiveLoss_gruepoch=28.ckpt,28,30,0.86171025,54.0256,1.6715,0.0003,4.9859,1.2249,13.8381,0.6664,1297.5358,63.1791,282.0651,13.7342,263.0873,12.8101,252.5738,12.2982,238.6132,11.6185,226.9302,11.0496,201.8469,9.8283,84.0845,4.1977,18.2787,0.9125,17.0489,0.8511,16.3676,0.8171,15.4629,0.7719,14.7058,0.7341,13.0803,0.653,0.0,0.0,0.0,0.0,0.0,0.0,0.0,0.0,0.0,0.0,0.0,0.0,0.0,0.0,0.0,0.0,0.0,0.0,0.0,0.0,0.0,0.0,0.0,0.0,0.0,0.0,0.0,0.0,0.0,0.0,0.0,0.0,0.0,0.0,0.0,0.688,0.7229
128,0.001,5,10,100,32,16,256,184,440338,73,30,ContrastiveLoss,gru,/home/dpetrovitch/dzagcoffee/train_trace/gender/checkpoints_2025-10-07 19:53:20.141369_ContrastiveLoss_gru_catboost/model_128_0.001_5_10_100_256_32_16_256_ContrastiveLoss_gruepoch=29.ckpt,29,30,0.858174,54.7596,1.6764,0.0003,4.9896,1.226,13.341,0.6655,1302.2755,63.4806,282.1897,13.7556,263.1789,12.8289,252.6518,12.3157,238.8816,11.6445,227.434,11.0865,200.5758,9.7772,86.5414,4.2434,18.7526,0.9195,17.4893,0.8576,16.7897,0.8232,15.8746,0.7784,15.1139,0.7411,13.3291,0.6536,0.0,0.0,0.0,0.0,0.0,0.0,0.0,0.0,0.0,0.0,0.0,0.0,0.0,0.0,0.0,0.0,0.0,0.0,0.0,0.0,0.0,0.0,0.0,0.0,0.0,0.0,0.0,0.0,0.0,0.0,0.0,0.0,0.0,0.0,0.0,0.704,0.7117
128,0.001,7,10,100,32,16,256,184,440338,73,30,ContrastiveLoss,gru,/home/dpetrovitch/dzagcoffee/train_trace/gender/checkpoints_2025-10-07 19:53:20.141369_ContrastiveLoss_gru_catboost/model_128_0.001_7_10_100_256_32_16_256_ContrastiveLoss_gruepoch=00.ckpt,0,30,0.65730613,45.6252,1.6787,0.0003,5.092,1.188,6.1361,0.7242,455.0167,23.2783,246.608,12.6163,214.8438,10.9912,197.7001,10.1142,175.4583,8.9763,157.8808,8.0771,78.9619,4.0396,15.3557,1.0697,8.3224,0.5797,7.2505,0.5051,6.6719,0.4648,5.9213,0.4125,5.3281,0.3712,2.6648,0.1856,0.0,0.0,0.0,0.0,0.0,0.0,0.0,0.0,0.0,0.0,0.0,0.0,0.0,0.0,0.0,0.0,0.0,0.0,0.0,0.0,0.0,0.0,0.0,0.0,0.0,0.0,0.0,0.0,0.0,0.0,0.0,0.0,0.0,0.0,0.0,0.584,0.577
128,0.001,7,10,100,32,16,256,184,440338,73,30,ContrastiveLoss,gru,/home/dpetrovitch/dzagcoffee/train_trace/gender/checkpoints_2025-10-07 19:53:20.141369_ContrastiveLoss_gru_catboost/model_128_0.001_7_10_100_256_32_16_256_ContrastiveLoss_gruepoch=01.ckpt,1,30,0.8139134,40.3002,1.6759,0.0003,4.8966,1.2401,7.9143,0.6594,665.1703,32.9503,244.8057,12.1268,218.6874,10.833,204.2911,10.1199,184.373,9.1332,166.2615,8.236,123.6437,6.1249,31.5203,1.9585,11.6006,0.7208,10.3629,0.6439,9.6807,0.6015,8.7369,0.5429,7.8786,0.4895,5.8591,0.3641,0.0,0.0,0.0,0.0,0.0,0.0,0.0,0.0,0.0,0.0,0.0,0.0,0.0,0.0,0.0,0.0,0.0,0.0,0.0,0.0,0.0,0.0,0.0,0.0,0.0,0.0,0.0,0.0,0.0,0.0,0.0,0.0,0.0,0.0,0.0,0.632,0.6437
128,0.001,7,10,100,32,16,256,184,440338,73,30,ContrastiveLoss,gru,/home/dpetrovitch/dzagcoffee/train_trace/gender/checkpoints_2025-10-07 19:53:20.141369_ContrastiveLoss_gru_catboost/model_128_0.001_7_10_100_256_32_16_256_ContrastiveLoss_gruepoch=02.ckpt,2,30,0.85110855,42.5817,1.6789,0.0003,4.8928,1.2408,9.0008,0.6563,802.1637,39.6887,255.8985,12.6611,231.4457,11.4512,217.4134,10.757,198.4784,9.8201,182.1043,9.01,149.8583,7.4145,41.5292,2.4904,13.2483,0.7945,11.9823,0.7186,11.2558,0.675,10.2755,0.6162,9.4278,0.5654,7.7584,0.4653,0.0,0.0,0.0,0.0,0.0,0.0,0.0,0.0,0.0,0.0,0.0,0.0,0.0,0.0,0.0,0.0,0.0,0.0,0.0,0.0,0.0,0.0,0.0,0.0,0.0,0.0,0.0,0.0,0.0,0.0,0.0,0.0,0.0,0.0,0.0,0.632,0.6562
128,0.001,7,10,100,32,16,256,184,440338,73,30,ContrastiveLoss,gru,/home/dpetrovitch/dzagcoffee/train_trace/gender/checkpoints_2025-10-07 19:53:20.141369_ContrastiveLoss_gru_catboost/model_128_0.001_7_10_100_256_32_16_256_ContrastiveLoss_gruepoch=03.ckpt,3,30,0.8680992,43.4612,1.6784,0.0003,4.9307,1.2168,9.6165,0.6782,870.0126,42.7685,260.2028,12.7912,237.3737,11.6689,224.449,11.0336,206.733,10.1627,190.7669,9.3778,159.1245,7.8223,51.5796,2.8566,15.4264,0.8544,14.0729,0.7794,13.3067,0.737,12.2564,0.6788,11.3098,0.6264,9.4339,0.5225,0.0,0.0,0.0,0.0,0.0,0.0,0.0,0.0,0.0,0.0,0.0,0.0,0.0,0.0,0.0,0.0,0.0,0.0,0.0,0.0,0.0,0.0,0.0,0.0,0.0,0.0,0.0,0.0,0.0,0.0,0.0,0.0,0.0,0.0,0.0,0.692,0.6879
128,0.001,7,10,100,32,16,256,184,440338,73,30,ContrastiveLoss,gru,/home/dpetrovitch/dzagcoffee/train_trace/gender/checkpoints_2025-10-07 19:53:20.141369_ContrastiveLoss_gru_catboost/model_128_0.001_7_10_100_256_32_16_256_ContrastiveLoss_gruepoch=04.ckpt,4,30,0.8936391,46.5015,1.678,0.0003,4.9857,1.2315,9.9314,0.662,945.3689,46.3637,268.1955,13.1531,245.733,12.0515,232.8216,11.4183,215.5493,10.5712,200.1245,9.8147,168.3571,8.2567,54.1509,2.9489,15.3623,0.8366,14.0756,0.7665,13.3361,0.7262,12.3467,0.6724,11.4632,0.6242,9.6435,0.5252,0.0,0.0,0.0,0.0,0.0,0.0,0.0,0.0,0.0,0.0,0.0,0.0,0.0,0.0,0.0,0.0,0.0,0.0,0.0,0.0,0.0,0.0,0.0,0.0,0.0,0.0,0.0,0.0,0.0,0.0,0.0,0.0,0.0,0.0,0.0,0.684,0.7285
128,0.001,7,10,100,32,16,256,184,440338,73,30,ContrastiveLoss,gru,/home/dpetrovitch/dzagcoffee/train_trace/gender/checkpoints_2025-10-07 19:53:20.141369_ContrastiveLoss_gru_catboost/model_128_0.001_7_10_100_256_32_16_256_ContrastiveLoss_gruepoch=05.ckpt,5,30,0.8981879,47.2546,1.6779,0.0003,5.0214,1.21,10.9023,0.6854,970.4559,47.5799,271.8405,13.3279,249.8874,12.2516,237.236,11.6313,220.2554,10.7988,205.3072,10.0659,173.1804,8.4908,52.4402,2.8882,14.6894,0.809,13.5031,0.7437,12.8195,0.706,11.9019,0.6555,11.0941,0.611,9.3581,0.5154,0.0,0.0,0.0,0.0,0.0,0.0,0.0,0.0,0.0,0.0,0.0,0.0,0.0,0.0,0.0,0.0,0.0,0.0,0.0,0.0,0.0,0.0,0.0,0.0,0.0,0.0,0.0,0.0,0.0,0.0,0.0,0.0,0.0,0.0,0.0,0.692,0.7118
128,0.001,7,10,100,32,16,256,184,440338,73,30,ContrastiveLoss,gru,/home/dpetrovitch/dzagcoffee/train_trace/gender/checkpoints_2025-10-07 19:53:20.141369_ContrastiveLoss_gru_catboost/model_128_0.001_7_10_100_256_32_16_256_ContrastiveLoss_gruepoch=06.ckpt,6,30,0.9070296,48.805,1.6779,0.0004,5.0401,1.2124,10.5763,0.6824,1008.8564,49.372,274.0552,13.4119,252.2631,12.3454,239.8313,11.737,222.8427,10.9056,207.6131,10.1603,176.3751,8.6315,55.4054,3.0627,15.0508,0.832,13.854,0.7658,13.1713,0.7281,12.2383,0.6765,11.4019,0.6303,9.6863,0.5354,0.0,0.0,0.0,0.0,0.0,0.0,0.0,0.0,0.0,0.0,0.0,0.0,0.0,0.0,0.0,0.0,0.0,0.0,0.0,0.0,0.0,0.0,0.0,0.0,0.0,0.0,0.0,0.0,0.0,0.0,0.0,0.0,0.0,0.0,0.0,0.692,0.7305
128,0.001,7,10,100,32,16,256,184,440338,73,30,ContrastiveLoss,gru,/home/dpetrovitch/dzagcoffee/train_trace/gender/checkpoints_2025-10-07 19:53:20.141369_ContrastiveLoss_gru_catboost/model_128_0.001_7_10_100_256_32_16_256_ContrastiveLoss_gruepoch=07.ckpt,7,30,0.911544,49.6638,1.6774,0.0004,5.0685,1.2067,11.514,0.6886,1029.7483,50.3622,275.1728,13.4579,254.0123,12.423,241.7814,11.8249,225.385,11.023,210.6119,10.3005,178.4299,8.7265,56.5613,3.0322,15.1145,0.8103,13.9522,0.748,13.2804,0.7119,12.3798,0.6637,11.5683,0.6202,9.8007,0.5254,0.0,0.0,0.0,0.0,0.0,0.0,0.0,0.0,0.0,0.0,0.0,0.0,0.0,0.0,0.0,0.0,0.0,0.0,0.0,0.0,0.0,0.0,0.0,0.0,0.0,0.0,0.0,0.0,0.0,0.0,0.0,0.0,0.0,0.0,0.0,0.728,0.7344
128,0.001,7,10,100,32,16,256,184,440338,73,30,ContrastiveLoss,gru,/home/dpetrovitch/dzagcoffee/train_trace/gender/checkpoints_2025-10-07 19:53:20.141369_ContrastiveLoss_gru_catboost/model_128_0.001_7_10_100_256_32_16_256_ContrastiveLoss_gruepoch=08.ckpt,8,30,0.9179823,49.5763,1.6767,0.0003,5.0925,1.1906,10.7476,0.7063,1037.6842,50.6898,277.1772,13.5398,256.0355,12.5071,243.9153,11.915,227.267,11.1018,212.2086,10.3662,176.4377,8.6188,56.3107,3.0593,15.0412,0.8172,13.8939,0.7548,13.2362,0.7191,12.3328,0.67,11.5156,0.6256,9.5745,0.5202,0.0,0.0,0.0,0.0,0.0,0.0,0.0,0.0,0.0,0.0,0.0,0.0,0.0,0.0,0.0,0.0,0.0,0.0,0.0,0.0,0.0,0.0,0.0,0.0,0.0,0.0,0.0,0.0,0.0,0.0,0.0,0.0,0.0,0.0,0.0,0.712,0.7288
128,0.001,7,10,100,32,16,256,184,440338,73,30,ContrastiveLoss,gru,/home/dpetrovitch/dzagcoffee/train_trace/gender/checkpoints_2025-10-07 19:53:20.141369_ContrastiveLoss_gru_catboost/model_128_0.001_7_10_100_256_32_16_256_ContrastiveLoss_gruepoch=09.ckpt,9,30,0.9213659,51.4015,1.6737,0.0003,5.0999,1.1984,11.6136,0.6966,1067.7563,52.0809,279.7071,13.643,258.9192,12.629,247.0559,12.0504,230.7429,11.2547,216.4764,10.5588,181.4888,8.8523,59.0339,3.1529,15.4644,0.8259,14.3151,0.7645,13.6592,0.7295,12.7573,0.6813,11.9685,0.6392,10.0341,0.5359,0.0,0.0,0.0,0.0,0.0,0.0,0.0,0.0,0.0,0.0,0.0,0.0,0.0,0.0,0.0,0.0,0.0,0.0,0.0,0.0,0.0,0.0,0.0,0.0,0.0,0.0,0.0,0.0,0.0,0.0,0.0,0.0,0.0,0.0,0.0,0.7,0.7144
128,0.001,7,10,100,32,16,256,184,440338,73,30,ContrastiveLoss,gru,/home/dpetrovitch/dzagcoffee/train_trace/gender/checkpoints_2025-10-07 19:53:20.141369_ContrastiveLoss_gru_catboost/model_128_0.001_7_10_100_256_32_16_256_ContrastiveLoss_gruepoch=10.ckpt,10,30,0.9167094,51.5821,1.6728,0.0003,5.1181,1.1964,12.0298,0.6984,1081.5176,52.6981,280.2714,13.6565,259.6174,12.6501,247.6562,12.0673,231.7753,11.2935,217.4882,10.5973,184.8291,9.006,58.7216,3.1629,15.2175,0.8197,14.0961,0.7593,13.4466,0.7243,12.5844,0.6778,11.8086,0.636,10.0354,0.5405,0.0,0.0,0.0,0.0,0.0,0.0,0.0,0.0,0.0,0.0,0.0,0.0,0.0,0.0,0.0,0.0,0.0,0.0,0.0,0.0,0.0,0.0,0.0,0.0,0.0,0.0,0.0,0.0,0.0,0.0,0.0,0.0,0.0,0.0,0.0,0.708,0.7341
128,0.001,7,10,100,32,16,256,184,440338,73,30,ContrastiveLoss,gru,/home/dpetrovitch/dzagcoffee/train_trace/gender/checkpoints_2025-10-07 19:53:20.141369_ContrastiveLoss_gru_catboost/model_128_0.001_7_10_100_256_32_16_256_ContrastiveLoss_gruepoch=11.ckpt,11,30,0.92258596,52.3574,1.6735,0.0003,5.1265,1.2002,12.0198,0.6938,1099.7172,53.5886,280.9911,13.6925,260.2726,12.6829,248.3871,12.1038,232.381,11.3238,218.4009,10.6426,185.6354,9.0459,59.5988,3.1992,15.2282,0.8174,14.1054,0.7572,13.4613,0.7226,12.5938,0.676,11.8362,0.6354,10.0604,0.54,0.0,0.0,0.0,0.0,0.0,0.0,0.0,0.0,0.0,0.0,0.0,0.0,0.0,0.0,0.0,0.0,0.0,0.0,0.0,0.0,0.0,0.0,0.0,0.0,0.0,0.0,0.0,0.0,0.0,0.0,0.0,0.0,0.0,0.0,0.0,0.696,0.7249
128,0.001,7,10,100,32,16,256,184,440338,73,30,ContrastiveLoss,gru,/home/dpetrovitch/dzagcoffee/train_trace/gender/checkpoints_2025-10-07 19:53:20.141369_ContrastiveLoss_gru_catboost/model_128_0.001_7_10_100_256_32_16_256_ContrastiveLoss_gruepoch=12.ckpt,12,30,0.9302272,53.6653,1.6769,0.0003,5.1292,1.2055,11.7352,0.6888,1124.5854,54.8865,282.5238,13.7889,262.2601,12.7999,250.326,12.2174,234.6132,11.4505,220.7856,10.7757,188.0521,9.1781,60.7405,3.2248,15.2595,0.8102,14.1651,0.752,13.5205,0.7178,12.6718,0.6728,11.925,0.6331,10.157,0.5392,0.0,0.0,0.0,0.0,0.0,0.0,0.0,0.0,0.0,0.0,0.0,0.0,0.0,0.0,0.0,0.0,0.0,0.0,0.0,0.0,0.0,0.0,0.0,0.0,0.0,0.0,0.0,0.0,0.0,0.0,0.0,0.0,0.0,0.0,0.0,0.712,0.7356
128,0.001,7,10,100,32,16,256,184,440338,73,30,ContrastiveLoss,gru,/home/dpetrovitch/dzagcoffee/train_trace/gender/checkpoints_2025-10-07 19:53:20.141369_ContrastiveLoss_gru_catboost/model_128_0.001_7_10_100_256_32_16_256_ContrastiveLoss_gruepoch=13.ckpt,13,30,0.92837447,53.6016,1.6763,0.0003,5.1521,1.201,12.4371,0.6933,1126.7511,54.9318,282.3794,13.7667,262.176,12.7817,250.5253,12.2137,234.8996,11.4519,221.1479,10.7815,188.558,9.1926,60.3967,3.2236,15.1362,0.8079,14.0533,0.7501,13.4288,0.7167,12.5912,0.672,11.8541,0.6327,10.1072,0.5395,0.0,0.0,0.0,0.0,0.0,0.0,0.0,0.0,0.0,0.0,0.0,0.0,0.0,0.0,0.0,0.0,0.0,0.0,0.0,0.0,0.0,0.0,0.0,0.0,0.0,0.0,0.0,0.0,0.0,0.0,0.0,0.0,0.0,0.0,0.0,0.72,0.763
128,0.001,7,10,100,32,16,256,184,440338,73,30,ContrastiveLoss,gru,/home/dpetrovitch/dzagcoffee/train_trace/gender/checkpoints_2025-10-07 19:53:20.141369_ContrastiveLoss_gru_catboost/model_128_0.001_7_10_100_256_32_16_256_ContrastiveLoss_gruepoch=14.ckpt,14,30,0.92999345,54.3216,1.6758,0.0003,5.1528,1.2061,12.5103,0.6875,1139.6797,55.5568,282.9359,13.7925,262.6438,12.8033,250.9021,12.2309,235.2305,11.4669,221.1919,10.7826,189.0259,9.2146,60.613,3.2042,15.0477,0.7955,13.9685,0.7384,13.344,0.7054,12.5106,0.6613,11.7639,0.6219,10.0532,0.5314,0.0,0.0,0.0,0.0,0.0,0.0,0.0,0.0,0.0,0.0,0.0,0.0,0.0,0.0,0.0,0.0,0.0,0.0,0.0,0.0,0.0,0.0,0.0,0.0,0.0,0.0,0.0,0.0,0.0,0.0,0.0,0.0,0.0,0.0,0.0,0.7,0.733
128,0.001,7,10,100,32,16,256,184,440338,73,30,ContrastiveLoss,gru,/home/dpetrovitch/dzagcoffee/train_trace/gender/checkpoints_2025-10-07 19:53:20.141369_ContrastiveLoss_gru_catboost/model_128_0.001_7_10_100_256_32_16_256_ContrastiveLoss_gruepoch=15.ckpt,15,30,0.9301856,53.9326,1.6696,0.0003,5.1572,1.1968,12.867,0.6974,1133.2362,55.1848,282.4213,13.753,262.2044,12.7685,250.6505,12.2058,234.9443,11.441,221.3542,10.7792,190.4056,9.2721,57.8301,3.1411,14.4122,0.7828,13.3805,0.7268,12.7909,0.6947,11.9894,0.6512,11.2959,0.6135,9.7166,0.5278,0.0,0.0,0.0,0.0,0.0,0.0,0.0,0.0,0.0,0.0,0.0,0.0,0.0,0.0,0.0,0.0,0.0,0.0,0.0,0.0,0.0,0.0,0.0,0.0,0.0,0.0,0.0,0.0,0.0,0.0,0.0,0.0,0.0,0.0,0.0,0.708,0.7453
128,0.001,7,10,100,32,16,256,184,440338,73,30,ContrastiveLoss,gru,/home/dpetrovitch/dzagcoffee/train_trace/gender/checkpoints_2025-10-07 19:53:20.141369_ContrastiveLoss_gru_catboost/model_128_0.001_7_10_100_256_32_16_256_ContrastiveLoss_gruepoch=16.ckpt,16,30,0.9295872,54.1256,1.6708,0.0003,5.1628,1.1961,12.5591,0.6984,1143.9099,55.6861,282.5298,13.7537,262.303,12.769,250.7833,12.2083,235.4492,11.4618,221.7504,10.7949,191.3173,9.3134,60.4822,3.2574,14.9383,0.8045,13.8688,0.7469,13.2597,0.7141,12.449,0.6705,11.7247,0.6314,10.1156,0.5448,0.0,0.0,0.0,0.0,0.0,0.0,0.0,0.0,0.0,0.0,0.0,0.0,0.0,0.0,0.0,0.0,0.0,0.0,0.0,0.0,0.0,0.0,0.0,0.0,0.0,0.0,0.0,0.0,0.0,0.0,0.0,0.0,0.0,0.0,0.0,0.712,0.7226
128,0.001,7,10,100,32,16,256,184,440338,73,30,ContrastiveLoss,gru,/home/dpetrovitch/dzagcoffee/train_trace/gender/checkpoints_2025-10-07 19:53:20.141369_ContrastiveLoss_gru_catboost/model_128_0.001_7_10_100_256_32_16_256_ContrastiveLoss_gruepoch=17.ckpt,17,30,0.92949295,54.4628,1.666,0.0003,5.1632,1.1928,12.651,0.7014,1151.1682,56.0501,283.1372,13.7859,263.0607,12.8084,251.4758,12.2443,235.9065,11.4862,222.6061,10.8386,192.7926,9.387,61.9572,3.3547,15.2388,0.8251,14.1582,0.7666,13.5347,0.7329,12.6968,0.6875,11.9809,0.6487,10.3763,0.5618,0.0,0.0,0.0,0.0,0.0,0.0,0.0,0.0,0.0,0.0,0.0,0.0,0.0,0.0,0.0,0.0,0.0,0.0,0.0,0.0,0.0,0.0,0.0,0.0,0.0,0.0,0.0,0.0,0.0,0.0,0.0,0.0,0.0,0.0,0.0,0.724,0.7318
128,0.001,7,10,100,32,16,256,184,440338,73,30,ContrastiveLoss,gru,/home/dpetrovitch/dzagcoffee/train_trace/gender/checkpoints_2025-10-07 19:53:20.141369_ContrastiveLoss_gru_catboost/model_128_0.001_7_10_100_256_32_16_256_ContrastiveLoss_gruepoch=18.ckpt,18,30,0.9328081,54.6793,1.6758,0.0003,5.1816,1.1852,12.8151,0.711,1148.3898,55.9974,283.9225,13.8445,263.7029,12.8586,252.1719,12.2963,236.5277,11.5335,222.9318,10.8705,188.8205,9.2072,61.0402,3.2136,15.0913,0.7945,14.0166,0.7379,13.4037,0.7057,12.5721,0.6619,11.8495,0.6238,10.0363,0.5284,0.0,0.0,0.0,0.0,0.0,0.0,0.0,0.0,0.0,0.0,0.0,0.0,0.0,0.0,0.0,0.0,0.0,0.0,0.0,0.0,0.0,0.0,0.0,0.0,0.0,0.0,0.0,0.0,0.0,0.0,0.0,0.0,0.0,0.0,0.0,0.696,0.748
128,0.001,7,10,100,32,16,256,184,440338,73,30,ContrastiveLoss,gru,/home/dpetrovitch/dzagcoffee/train_trace/gender/checkpoints_2025-10-07 19:53:20.141369_ContrastiveLoss_gru_catboost/model_128_0.001_7_10_100_256_32_16_256_ContrastiveLoss_gruepoch=19.ckpt,19,30,0.93554324,55.4648,1.675,0.0003,5.185,1.1901,12.8154,0.7054,1172.0201,57.1054,284.7931,13.8762,264.841,12.9041,253.3341,12.3434,237.8625,11.5896,224.3346,10.9305,190.7598,9.2946,61.1174,3.2897,14.8511,0.7994,13.8107,0.7434,13.2106,0.7111,12.4038,0.6676,11.6984,0.6297,9.9476,0.5354,0.0,0.0,0.0,0.0,0.0,0.0,0.0,0.0,0.0,0.0,0.0,0.0,0.0,0.0,0.0,0.0,0.0,0.0,0.0,0.0,0.0,0.0,0.0,0.0,0.0,0.0,0.0,0.0,0.0,0.0,0.0,0.0,0.0,0.0,0.0,0.708,0.7349
128,0.001,7,10,100,32,16,256,184,440338,73,30,ContrastiveLoss,gru,/home/dpetrovitch/dzagcoffee/train_trace/gender/checkpoints_2025-10-07 19:53:20.141369_ContrastiveLoss_gru_catboost/model_128_0.001_7_10_100_256_32_16_256_ContrastiveLoss_gruepoch=20.ckpt,20,30,0.9326246,55.8894,1.6728,0.0003,5.1973,1.1954,12.8988,0.6991,1182.6838,57.5823,285.195,13.8855,265.2793,12.9159,253.9352,12.3635,238.6864,11.6211,225.5365,10.9809,192.1335,9.3546,62.6996,3.3843,15.1195,0.8161,14.0637,0.7591,13.4623,0.7266,12.6539,0.683,11.9567,0.6454,10.1859,0.5498,0.0,0.0,0.0,0.0,0.0,0.0,0.0,0.0,0.0,0.0,0.0,0.0,0.0,0.0,0.0,0.0,0.0,0.0,0.0,0.0,0.0,0.0,0.0,0.0,0.0,0.0,0.0,0.0,0.0,0.0,0.0,0.0,0.0,0.0,0.0,0.696,0.7341
128,0.001,7,10,100,32,16,256,184,440338,73,30,ContrastiveLoss,gru,/home/dpetrovitch/dzagcoffee/train_trace/gender/checkpoints_2025-10-07 19:53:20.141369_ContrastiveLoss_gru_catboost/model_128_0.001_7_10_100_256_32_16_256_ContrastiveLoss_gruepoch=21.ckpt,21,30,0.9346536,56.0973,1.6756,0.0003,5.1992,1.1931,12.968,0.7025,1189.0197,57.9751,286.2861,13.959,266.1855,12.9789,254.71,12.4193,239.1914,11.6627,225.6029,11.0001,191.318,9.3284,62.1078,3.3265,14.954,0.8009,13.904,0.7447,13.3046,0.7126,12.494,0.6692,11.7842,0.6312,9.9934,0.5352,0.0,0.0,0.0,0.0,0.0,0.0,0.0,0.0,0.0,0.0,0.0,0.0,0.0,0.0,0.0,0.0,0.0,0.0,0.0,0.0,0.0,0.0,0.0,0.0,0.0,0.0,0.0,0.0,0.0,0.0,0.0,0.0,0.0,0.0,0.0,0.7,0.7464
128,0.001,7,10,100,32,16,256,184,440338,73,30,ContrastiveLoss,gru,/home/dpetrovitch/dzagcoffee/train_trace/gender/checkpoints_2025-10-07 19:53:20.141369_ContrastiveLoss_gru_catboost/model_128_0.001_7_10_100_256_32_16_256_ContrastiveLoss_gruepoch=22.ckpt,22,30,0.9337651,56.954,1.6762,0.0003,5.1874,1.2013,12.9052,0.6931,1201.8278,58.5882,286.6829,13.9756,266.7601,13.0043,255.3817,12.4497,239.9062,11.6952,226.6458,11.0488,192.8793,9.4027,65.4862,3.4298,15.621,0.8181,14.5354,0.7613,13.9154,0.7288,13.0722,0.6846,12.3497,0.6468,10.5098,0.5504,0.0,0.0,0.0,0.0,0.0,0.0,0.0,0.0,0.0,0.0,0.0,0.0,0.0,0.0,0.0,0.0,0.0,0.0,0.0,0.0,0.0,0.0,0.0,0.0,0.0,0.0,0.0,0.0,0.0,0.0,0.0,0.0,0.0,0.0,0.0,0.684,0.7278
128,0.001,7,10,100,32,16,256,184,440338,73,30,ContrastiveLoss,gru,/home/dpetrovitch/dzagcoffee/train_trace/gender/checkpoints_2025-10-07 19:53:20.141369_ContrastiveLoss_gru_catboost/model_128_0.001_7_10_100_256_32_16_256_ContrastiveLoss_gruepoch=23.ckpt,23,30,0.93479913,55.7796,1.6746,0.0003,5.2029,1.1862,13.5219,0.7094,1189.0312,57.9358,286.0288,13.9368,266.0929,12.9654,254.6901,12.4098,239.3418,11.662,225.9175,11.0079,189.5876,9.2377,61.1429,3.325,14.7083,0.7999,13.6831,0.7441,13.0968,0.7122,12.3075,0.6693,11.6172,0.6318,9.7491,0.5302,0.0,0.0,0.0,0.0,0.0,0.0,0.0,0.0,0.0,0.0,0.0,0.0,0.0,0.0,0.0,0.0,0.0,0.0,0.0,0.0,0.0,0.0,0.0,0.0,0.0,0.0,0.0,0.0,0.0,0.0,0.0,0.0,0.0,0.0,0.0,0.708,0.7648
128,0.001,7,10,100,32,16,256,184,440338,73,30,ContrastiveLoss,gru,/home/dpetrovitch/dzagcoffee/train_trace/gender/checkpoints_2025-10-07 19:53:20.141369_ContrastiveLoss_gru_catboost/model_128_0.001_7_10_100_256_32_16_256_ContrastiveLoss_gruepoch=24.ckpt,24,30,0.93558854,55.8525,1.6748,0.0003,5.2134,1.1864,13.195,0.7092,1192.4666,58.1072,285.5256,13.9132,265.6279,12.9437,254.2112,12.3873,238.8599,11.6393,225.8413,11.0049,189.7958,9.2485,62.4362,3.3377,14.9498,0.7992,13.908,0.7435,13.3102,0.7115,12.5064,0.6686,11.8248,0.6321,9.9375,0.5312,0.0,0.0,0.0,0.0,0.0,0.0,0.0,0.0,0.0,0.0,0.0,0.0,0.0,0.0,0.0,0.0,0.0,0.0,0.0,0.0,0.0,0.0,0.0,0.0,0.0,0.0,0.0,0.0,0.0,0.0,0.0,0.0,0.0,0.0,0.0,0.72,0.7288
128,0.001,7,10,100,32,16,256,184,440338,73,30,ContrastiveLoss,gru,/home/dpetrovitch/dzagcoffee/train_trace/gender/checkpoints_2025-10-07 19:53:20.141369_ContrastiveLoss_gru_catboost/model_128_0.001_7_10_100_256_32_16_256_ContrastiveLoss_gruepoch=25.ckpt,25,30,0.93586755,56.4956,1.6765,0.0003,5.2035,1.1885,13.1184,0.7076,1197.2302,58.3887,285.7917,13.938,266.0067,12.9731,254.5616,12.4149,239.3703,11.674,226.2976,11.0365,191.0395,9.317,63.7024,3.3644,15.2064,0.8031,14.1537,0.7475,13.5447,0.7153,12.7364,0.6727,12.0409,0.6359,10.1649,0.5368,0.0,0.0,0.0,0.0,0.0,0.0,0.0,0.0,0.0,0.0,0.0,0.0,0.0,0.0,0.0,0.0,0.0,0.0,0.0,0.0,0.0,0.0,0.0,0.0,0.0,0.0,0.0,0.0,0.0,0.0,0.0,0.0,0.0,0.0,0.0,0.688,0.7428
128,0.001,7,10,100,32,16,256,184,440338,73,30,ContrastiveLoss,gru,/home/dpetrovitch/dzagcoffee/train_trace/gender/checkpoints_2025-10-07 19:53:20.141369_ContrastiveLoss_gru_catboost/model_128_0.001_7_10_100_256_32_16_256_ContrastiveLoss_gruepoch=26.ckpt,26,30,0.9355311,56.8275,1.6754,0.0003,5.2019,1.192,12.7252,0.703,1204.2802,58.6589,285.6253,13.9124,265.8877,12.951,254.6528,12.4038,239.4994,11.6657,226.3151,11.0235,191.101,9.3083,64.1367,3.3448,15.2116,0.7933,14.1605,0.7385,13.5621,0.7073,12.7551,0.6652,12.0529,0.6286,10.1775,0.5308,0.0,0.0,0.0,0.0,0.0,0.0,0.0,0.0,0.0,0.0,0.0,0.0,0.0,0.0,0.0,0.0,0.0,0.0,0.0,0.0,0.0,0.0,0.0,0.0,0.0,0.0,0.0,0.0,0.0,0.0,0.0,0.0,0.0,0.0,0.0,0.688,0.7462
128,0.001,7,10,100,32,16,256,184,440338,73,30,ContrastiveLoss,gru,/home/dpetrovitch/dzagcoffee/train_trace/gender/checkpoints_2025-10-07 19:53:20.141369_ContrastiveLoss_gru_catboost/model_128_0.001_7_10_100_256_32_16_256_ContrastiveLoss_gruepoch=27.ckpt,27,30,0.93349344,56.9688,1.6756,0.0003,5.2046,1.1931,13.1468,0.7017,1213.7412,59.151,285.8112,13.9288,266.2048,12.9733,254.8593,12.4204,239.7336,11.6833,226.6795,11.0471,192.3602,9.3746,64.3323,3.3792,15.1489,0.7957,14.1097,0.7412,13.5084,0.7096,12.7067,0.6675,12.0148,0.6311,10.1957,0.5356,0.0,0.0,0.0,0.0,0.0,0.0,0.0,0.0,0.0,0.0,0.0,0.0,0.0,0.0,0.0,0.0,0.0,0.0,0.0,0.0,0.0,0.0,0.0,0.0,0.0,0.0,0.0,0.0,0.0,0.0,0.0,0.0,0.0,0.0,0.0,0.688,0.7331
128,0.001,7,10,100,32,16,256,184,440338,73,30,ContrastiveLoss,gru,/home/dpetrovitch/dzagcoffee/train_trace/gender/checkpoints_2025-10-07 19:53:20.141369_ContrastiveLoss_gru_catboost/model_128_0.001_7_10_100_256_32_16_256_ContrastiveLoss_gruepoch=28.ckpt,28,30,0.93959147,57.0875,1.6662,0.0003,5.2081,1.1967,12.8211,0.6968,1218.0059,59.2475,285.9471,13.9093,266.4354,12.9602,255.1704,12.4123,240.0632,11.6774,227.1519,11.0494,198.0276,9.6327,65.0071,3.4286,15.2615,0.8049,14.2201,0.75,13.6189,0.7183,12.8126,0.6758,12.1235,0.6394,10.5691,0.5574,0.0,0.0,0.0,0.0,0.0,0.0,0.0,0.0,0.0,0.0,0.0,0.0,0.0,0.0,0.0,0.0,0.0,0.0,0.0,0.0,0.0,0.0,0.0,0.0,0.0,0.0,0.0,0.0,0.0,0.0,0.0,0.0,0.0,0.0,0.0,0.68,0.712
128,0.001,7,10,100,32,16,256,184,440338,73,30,ContrastiveLoss,gru,/home/dpetrovitch/dzagcoffee/train_trace/gender/checkpoints_2025-10-07 19:53:20.141369_ContrastiveLoss_gru_catboost/model_128_0.001_7_10_100_256_32_16_256_ContrastiveLoss_gruepoch=29.ckpt,29,30,0.9353952,56.3316,1.6667,0.0003,5.2171,1.1852,13.2041,0.7096,1206.2308,58.6956,285.1947,13.8777,265.4213,12.9155,254.0328,12.3613,238.6998,11.6152,225.7623,10.9857,194.9667,9.4871,63.8656,3.3815,15.1,0.7995,14.0531,0.7441,13.4501,0.7122,12.6383,0.6692,11.9533,0.6329,10.3228,0.5466,0.0,0.0,0.0,0.0,0.0,0.0,0.0,0.0,0.0,0.0,0.0,0.0,0.0,0.0,0.0,0.0,0.0,0.0,0.0,0.0,0.0,0.0,0.0,0.0,0.0,0.0,0.0,0.0,0.0,0.0,0.0,0.0,0.0,0.0,0.0,0.692,0.7231
128,0.001,3,5,100,32,16,256,184,440338,73,30,ContrastiveLoss,gru,/home/dpetrovitch/dzagcoffee/train_trace/gender/checkpoints_2025-10-07 19:53:20.141369_ContrastiveLoss_gru_catboost/model_128_0.001_3_5_100_256_32_16_256_ContrastiveLoss_gruepoch=00.ckpt,0,30,0.30328548,46.0707,1.6787,0.0004,5.1815,1.3872,6.3932,0.5431,593.1233,29.6489,236.083,11.8013,208.3868,10.4168,192.9036,9.6428,172.3779,8.6168,155.8248,7.7893,127.281,6.3625,28.5614,1.8033,11.3684,0.7178,10.0347,0.6336,9.2891,0.5865,8.3007,0.5241,7.5036,0.4738,6.1291,0.387,0.0,0.0,0.0,0.0,0.0,0.0,0.0,0.0,0.0,0.0,0.0,0.0,0.0,0.0,0.0,0.0,0.0,0.0,0.0,0.0,0.0,0.0,0.0,0.0,0.0,0.0,0.0,0.0,0.0,0.0,0.0,0.0,0.0,0.0,0.0,0.6,0.5524
128,0.001,3,5,100,32,16,256,184,440338,73,30,ContrastiveLoss,gru,/home/dpetrovitch/dzagcoffee/train_trace/gender/checkpoints_2025-10-07 19:53:20.141369_ContrastiveLoss_gru_catboost/model_128_0.001_3_5_100_256_32_16_256_ContrastiveLoss_gruepoch=01.ckpt,1,30,0.34673107,45.0504,1.6784,0.0004,4.8439,1.4252,8.0334,0.5066,807.1706,40.0213,236.0655,11.7046,210.7367,10.4488,196.7868,9.7571,178.8687,8.8687,165.4349,8.2026,142.5013,7.0655,41.5451,2.6827,12.1503,0.7846,10.8466,0.7004,10.1286,0.654,9.2064,0.5945,8.5149,0.5498,7.3345,0.4736,0.0,0.0,0.0,0.0,0.0,0.0,0.0,0.0,0.0,0.0,0.0,0.0,0.0,0.0,0.0,0.0,0.0,0.0,0.0,0.0,0.0,0.0,0.0,0.0,0.0,0.0,0.0,0.0,0.0,0.0,0.0,0.0,0.0,0.0,0.0,0.612,0.599
128,0.001,3,5,100,32,16,256,184,440338,73,30,ContrastiveLoss,gru,/home/dpetrovitch/dzagcoffee/train_trace/gender/checkpoints_2025-10-07 19:53:20.141369_ContrastiveLoss_gru_catboost/model_128_0.001_3_5_100_256_32_16_256_ContrastiveLoss_gruepoch=02.ckpt,2,30,0.35858405,42.8867,1.6788,0.0004,4.625,1.3363,7.9947,0.5639,890.959,44.0331,238.3168,11.7781,214.9944,10.6255,202.3518,10.0006,186.1076,9.1978,173.4131,8.5704,150.9908,7.4623,55.2152,3.257,14.7692,0.8712,13.3238,0.7859,12.5403,0.7397,11.5336,0.6803,10.7469,0.6339,9.3573,0.552,0.0,0.0,0.0,0.0,0.0,0.0,0.0,0.0,0.0,0.0,0.0,0.0,0.0,0.0,0.0,0.0,0.0,0.0,0.0,0.0,0.0,0.0,0.0,0.0,0.0,0.0,0.0,0.0,0.0,0.0,0.0,0.0,0.0,0.0,0.0,0.632,0.6102
128,0.001,3,5,100,32,16,256,184,440338,73,30,ContrastiveLoss,gru,/home/dpetrovitch/dzagcoffee/train_trace/gender/checkpoints_2025-10-07 19:53:20.141369_ContrastiveLoss_gru_catboost/model_128_0.001_3_5_100_256_32_16_256_ContrastiveLoss_gruepoch=03.ckpt,3,30,0.37040558,44.3212,1.6781,0.0005,4.4833,1.3298,9.2477,0.5706,986.6907,48.588,244.745,12.0521,222.5925,10.9612,210.4976,10.3656,194.542,9.5799,182.4327,8.9836,160.7816,7.9174,56.5084,3.2775,14.0167,0.813,12.748,0.7394,12.0553,0.6992,11.1415,0.6462,10.448,0.606,9.2081,0.5341,0.0,0.0,0.0,0.0,0.0,0.0,0.0,0.0,0.0,0.0,0.0,0.0,0.0,0.0,0.0,0.0,0.0,0.0,0.0,0.0,0.0,0.0,0.0,0.0,0.0,0.0,0.0,0.0,0.0,0.0,0.0,0.0,0.0,0.0,0.0,0.648,0.6405
128,0.001,3,5,100,32,16,256,184,440338,73,30,ContrastiveLoss,gru,/home/dpetrovitch/dzagcoffee/train_trace/gender/checkpoints_2025-10-07 19:53:20.141369_ContrastiveLoss_gru_catboost/model_128_0.001_3_5_100_256_32_16_256_ContrastiveLoss_gruepoch=04.ckpt,4,30,0.37914893,45.7425,1.6771,0.0005,4.4388,1.3125,10.01,0.5842,1029.6132,50.5618,248.2582,12.1914,226.4906,11.1224,214.8158,10.5491,199.9383,9.8185,189.099,9.2862,167.8067,8.2406,67.5407,3.8738,16.2853,0.934,14.8574,0.8521,14.0915,0.8082,13.1156,0.7522,12.4045,0.7115,11.0078,0.6313,0.0,0.0,0.0,0.0,0.0,0.0,0.0,0.0,0.0,0.0,0.0,0.0,0.0,0.0,0.0,0.0,0.0,0.0,0.0,0.0,0.0,0.0,0.0,0.0,0.0,0.0,0.0,0.0,0.0,0.0,0.0,0.0,0.0,0.0,0.0,0.628,0.6274
128,0.001,3,5,100,32,16,256,184,440338,73,30,ContrastiveLoss,gru,/home/dpetrovitch/dzagcoffee/train_trace/gender/checkpoints_2025-10-07 19:53:20.141369_ContrastiveLoss_gru_catboost/model_128_0.001_3_5_100_256_32_16_256_ContrastiveLoss_gruepoch=05.ckpt,5,30,0.38517395,47.4615,1.6775,0.0005,4.425,1.307,9.1355,0.5872,1088.999,53.3621,253.0799,12.4012,232.2133,11.3787,220.6679,10.813,205.8904,10.0888,194.4274,9.5271,172.8584,8.4702,68.2223,3.8696,15.8547,0.8993,14.5474,0.8251,13.8241,0.7841,12.8984,0.7316,12.1803,0.6909,10.829,0.6142,0.0,0.0,0.0,0.0,0.0,0.0,0.0,0.0,0.0,0.0,0.0,0.0,0.0,0.0,0.0,0.0,0.0,0.0,0.0,0.0,0.0,0.0,0.0,0.0,0.0,0.0,0.0,0.0,0.0,0.0,0.0,0.0,0.0,0.0,0.0,0.688,0.6699
128,0.001,3,5,100,32,16,256,184,440338,73,30,ContrastiveLoss,gru,/home/dpetrovitch/dzagcoffee/train_trace/gender/checkpoints_2025-10-07 19:53:20.141369_ContrastiveLoss_gru_catboost/model_128_0.001_3_5_100_256_32_16_256_ContrastiveLoss_gruepoch=06.ckpt,6,30,0.39592472,48.9049,1.6763,0.0005,4.3977,1.2992,9.6316,0.5942,1113.3538,54.4737,256.2146,12.536,235.3712,11.5161,223.8429,10.9521,208.8767,10.2198,197.3087,9.6538,175.0871,8.5666,76.1806,4.0036,17.5313,0.9213,16.1051,0.8464,15.3163,0.8049,14.2923,0.7511,13.5007,0.7095,11.9802,0.6296,0.0,0.0,0.0,0.0,0.0,0.0,0.0,0.0,0.0,0.0,0.0,0.0,0.0,0.0,0.0,0.0,0.0,0.0,0.0,0.0,0.0,0.0,0.0,0.0,0.0,0.0,0.0,0.0,0.0,0.0,0.0,0.0,0.0,0.0,0.0,0.704,0.7094
128,0.001,3,5,100,32,16,256,184,440338,73,30,ContrastiveLoss,gru,/home/dpetrovitch/dzagcoffee/train_trace/gender/checkpoints_2025-10-07 19:53:20.141369_ContrastiveLoss_gru_catboost/model_128_0.001_3_5_100_256_32_16_256_ContrastiveLoss_gruepoch=07.ckpt,7,30,0.40197256,50.2852,1.6761,0.0005,4.4262,1.2917,11.2244,0.6009,1162.3875,56.8403,260.2099,12.7242,240.1461,11.7431,228.9438,11.1953,214.633,10.4955,203.6919,9.9605,183.0072,8.949,78.0451,4.2062,17.471,0.9416,16.1239,0.869,15.3718,0.8284,14.4109,0.7767,13.6763,0.7371,12.2875,0.6622,0.0,0.0,0.0,0.0,0.0,0.0,0.0,0.0,0.0,0.0,0.0,0.0,0.0,0.0,0.0,0.0,0.0,0.0,0.0,0.0,0.0,0.0,0.0,0.0,0.0,0.0,0.0,0.0,0.0,0.0,0.0,0.0,0.0,0.0,0.0,0.696,0.6895
128,0.001,3,5,100,32,16,256,184,440338,73,30,ContrastiveLoss,gru,/home/dpetrovitch/dzagcoffee/train_trace/gender/checkpoints_2025-10-07 19:53:20.141369_ContrastiveLoss_gru_catboost/model_128_0.001_3_5_100_256_32_16_256_ContrastiveLoss_gruepoch=08.ckpt,8,30,0.40875137,51.9363,1.677,0.0005,4.4865,1.2821,11.2999,0.6111,1170.602,57.257,264.1726,12.9213,243.7354,11.9217,232.2559,11.3602,217.406,10.6339,205.9283,10.0725,183.7747,8.9889,74.3153,4.0139,16.7709,0.9058,15.4735,0.8357,14.7447,0.7964,13.802,0.7455,13.0733,0.7061,11.6669,0.6301,0.0,0.0,0.0,0.0,0.0,0.0,0.0,0.0,0.0,0.0,0.0,0.0,0.0,0.0,0.0,0.0,0.0,0.0,0.0,0.0,0.0,0.0,0.0,0.0,0.0,0.0,0.0,0.0,0.0,0.0,0.0,0.0,0.0,0.0,0.0,0.696,0.6792
128,0.001,3,5,100,32,16,256,184,440338,73,30,ContrastiveLoss,gru,/home/dpetrovitch/dzagcoffee/train_trace/gender/checkpoints_2025-10-07 19:53:20.141369_ContrastiveLoss_gru_catboost/model_128_0.001_3_5_100_256_32_16_256_ContrastiveLoss_gruepoch=09.ckpt,9,30,0.4140739,53.091,1.6763,0.0005,4.4949,1.2764,11.1632,0.6171,1180.1252,57.6724,266.4434,13.021,246.1766,12.0306,235.0083,11.4848,220.3935,10.7706,208.8871,10.2083,187.1278,9.1449,77.2166,4.0643,17.4336,0.9176,16.1075,0.8478,15.3768,0.8094,14.4205,0.759,13.6677,0.7194,12.2439,0.6445,0.0,0.0,0.0,0.0,0.0,0.0,0.0,0.0,0.0,0.0,0.0,0.0,0.0,0.0,0.0,0.0,0.0,0.0,0.0,0.0,0.0,0.0,0.0,0.0,0.0,0.0,0.0,0.0,0.0,0.0,0.0,0.0,0.0,0.0,0.0,0.68,0.6877
128,0.001,3,5,100,32,16,256,184,440338,73,30,ContrastiveLoss,gru,/home/dpetrovitch/dzagcoffee/train_trace/gender/checkpoints_2025-10-07 19:53:20.141369_ContrastiveLoss_gru_catboost/model_128_0.001_3_5_100_256_32_16_256_ContrastiveLoss_gruepoch=10.ckpt,10,30,0.42262885,54.7396,1.6749,0.0005,4.5115,1.2982,11.6976,0.5961,1206.2357,58.8472,268.6789,13.1077,248.7909,12.1375,237.7936,11.6009,223.6102,10.909,212.5111,10.3675,190.9874,9.3175,82.344,4.3358,18.3414,0.9658,16.9838,0.8943,16.233,0.8548,15.2648,0.8038,14.5071,0.7639,13.0378,0.6865,0.0,0.0,0.0,0.0,0.0,0.0,0.0,0.0,0.0,0.0,0.0,0.0,0.0,0.0,0.0,0.0,0.0,0.0,0.0,0.0,0.0,0.0,0.0,0.0,0.0,0.0,0.0,0.0,0.0,0.0,0.0,0.0,0.0,0.0,0.0,0.708,0.7025
128,0.001,3,5,100,32,16,256,184,440338,73,30,ContrastiveLoss,gru,/home/dpetrovitch/dzagcoffee/train_trace/gender/checkpoints_2025-10-07 19:53:20.141369_ContrastiveLoss_gru_catboost/model_128_0.001_3_5_100_256_32_16_256_ContrastiveLoss_gruepoch=11.ckpt,11,30,0.41813442,52.9227,1.6738,0.0005,4.538,1.2639,11.7568,0.6285,1200.1722,58.5203,269.3291,13.1325,249.3191,12.1568,237.9948,11.6046,223.4498,10.8954,212.0537,10.3397,189.7902,9.2542,80.5666,4.2264,18.0799,0.9484,16.7366,0.878,15.9764,0.8381,15.0,0.7869,14.235,0.7468,12.7405,0.6684,0.0,0.0,0.0,0.0,0.0,0.0,0.0,0.0,0.0,0.0,0.0,0.0,0.0,0.0,0.0,0.0,0.0,0.0,0.0,0.0,0.0,0.0,0.0,0.0,0.0,0.0,0.0,0.0,0.0,0.0,0.0,0.0,0.0,0.0,0.0,0.696,0.6893
128,0.001,3,5,100,32,16,256,184,440338,73,30,ContrastiveLoss,gru,/home/dpetrovitch/dzagcoffee/train_trace/gender/checkpoints_2025-10-07 19:53:20.141369_ContrastiveLoss_gru_catboost/model_128_0.001_3_5_100_256_32_16_256_ContrastiveLoss_gruepoch=12.ckpt,12,30,0.42121828,51.9773,1.6739,0.0004,4.5592,1.2391,11.5549,0.6516,1208.4567,58.9294,271.3981,13.2345,251.6769,12.2728,240.4582,11.7257,225.8657,11.0142,214.1252,10.4416,191.7955,9.3527,80.9285,4.22,18.1751,0.9477,16.8544,0.8789,16.1031,0.8397,15.1259,0.7887,14.3396,0.7477,12.8443,0.6698,0.0,0.0,0.0,0.0,0.0,0.0,0.0,0.0,0.0,0.0,0.0,0.0,0.0,0.0,0.0,0.0,0.0,0.0,0.0,0.0,0.0,0.0,0.0,0.0,0.0,0.0,0.0,0.0,0.0,0.0,0.0,0.0,0.0,0.0,0.0,0.712,0.6827
128,0.001,3,5,100,32,16,256,184,440338,73,30,ContrastiveLoss,gru,/home/dpetrovitch/dzagcoffee/train_trace/gender/checkpoints_2025-10-07 19:53:20.141369_ContrastiveLoss_gru_catboost/model_128_0.001_3_5_100_256_32_16_256_ContrastiveLoss_gruepoch=13.ckpt,13,30,0.42061284,55.4063,1.673,0.0005,4.55,1.2826,12.1866,0.6103,1253.4512,61.1171,273.4332,13.3323,253.8348,12.3767,242.797,11.8386,228.7029,11.1513,217.622,10.611,196.6082,9.5864,81.8835,4.2827,17.8624,0.9343,16.5821,0.8673,15.8611,0.8296,14.9403,0.7814,14.2165,0.7436,12.8437,0.6718,0.0,0.0,0.0,0.0,0.0,0.0,0.0,0.0,0.0,0.0,0.0,0.0,0.0,0.0,0.0,0.0,0.0,0.0,0.0,0.0,0.0,0.0,0.0,0.0,0.0,0.0,0.0,0.0,0.0,0.0,0.0,0.0,0.0,0.0,0.0,0.7,0.7031
128,0.001,3,5,100,32,16,256,184,440338,73,30,ContrastiveLoss,gru,/home/dpetrovitch/dzagcoffee/train_trace/gender/checkpoints_2025-10-07 19:53:20.141369_ContrastiveLoss_gru_catboost/model_128_0.001_3_5_100_256_32_16_256_ContrastiveLoss_gruepoch=14.ckpt,14,30,0.4292849,55.3838,1.6727,0.0005,4.5743,1.2669,12.5027,0.625,1243.5924,60.6287,274.0227,13.3594,254.3333,12.3995,243.301,11.8616,229.0529,11.167,218.2619,10.6409,197.4096,9.6243,84.4445,4.3734,18.6072,0.9637,17.2702,0.8944,16.521,0.8556,15.5535,0.8055,14.8208,0.7676,13.4048,0.6942,0.0,0.0,0.0,0.0,0.0,0.0,0.0,0.0,0.0,0.0,0.0,0.0,0.0,0.0,0.0,0.0,0.0,0.0,0.0,0.0,0.0,0.0,0.0,0.0,0.0,0.0,0.0,0.0,0.0,0.0,0.0,0.0,0.0,0.0,0.0,0.688,0.6771
128,0.001,3,5,100,32,16,256,184,440338,73,30,ContrastiveLoss,gru,/home/dpetrovitch/dzagcoffee/train_trace/gender/checkpoints_2025-10-07 19:53:20.141369_ContrastiveLoss_gru_catboost/model_128_0.001_3_5_100_256_32_16_256_ContrastiveLoss_gruepoch=15.ckpt,15,30,0.41945925,54.6205,1.6741,0.0004,4.5937,1.2506,12.0208,0.6414,1232.1631,60.0768,273.6369,13.3418,253.8386,12.3765,242.5905,11.828,228.1336,11.1232,216.5354,10.5577,195.5123,9.5326,77.2368,4.1317,17.1526,0.9176,15.9116,0.8512,15.2065,0.8135,14.3003,0.765,13.5733,0.7261,12.2555,0.6556,0.0,0.0,0.0,0.0,0.0,0.0,0.0,0.0,0.0,0.0,0.0,0.0,0.0,0.0,0.0,0.0,0.0,0.0,0.0,0.0,0.0,0.0,0.0,0.0,0.0,0.0,0.0,0.0,0.0,0.0,0.0,0.0,0.0,0.0,0.0,0.7,0.6885
128,0.001,3,5,100,32,16,256,184,440338,73,30,ContrastiveLoss,gru,/home/dpetrovitch/dzagcoffee/train_trace/gender/checkpoints_2025-10-07 19:53:20.141369_ContrastiveLoss_gru_catboost/model_128_0.001_3_5_100_256_32_16_256_ContrastiveLoss_gruepoch=16.ckpt,16,30,0.4288566,56.2861,1.6748,0.0005,4.5972,1.2647,12.2963,0.6275,1264.8641,61.6699,275.7341,13.4437,256.2714,12.4948,245.2516,11.9575,231.1905,11.272,220.1344,10.7329,198.5321,9.6797,80.7479,4.2017,17.6026,0.9159,16.3602,0.8513,15.6567,0.8147,14.759,0.768,14.0532,0.7313,12.6741,0.6595,0.0,0.0,0.0,0.0,0.0,0.0,0.0,0.0,0.0,0.0,0.0,0.0,0.0,0.0,0.0,0.0,0.0,0.0,0.0,0.0,0.0,0.0,0.0,0.0,0.0,0.0,0.0,0.0,0.0,0.0,0.0,0.0,0.0,0.0,0.0,0.708,0.7168
128,0.001,3,5,100,32,16,256,184,440338,73,30,ContrastiveLoss,gru,/home/dpetrovitch/dzagcoffee/train_trace/gender/checkpoints_2025-10-07 19:53:20.141369_ContrastiveLoss_gru_catboost/model_128_0.001_3_5_100_256_32_16_256_ContrastiveLoss_gruepoch=17.ckpt,17,30,0.42916784,55.5154,1.6745,0.0005,4.6117,1.2456,12.6362,0.6458,1263.9967,61.6036,276.0546,13.4541,256.5861,12.5053,245.6319,11.9714,231.2397,11.27,220.0642,10.7253,197.7263,9.6366,76.2123,4.001,16.6446,0.8738,15.4708,0.8122,14.8103,0.7775,13.9425,0.732,13.2687,0.6966,11.9219,0.6259,0.0,0.0,0.0,0.0,0.0,0.0,0.0,0.0,0.0,0.0,0.0,0.0,0.0,0.0,0.0,0.0,0.0,0.0,0.0,0.0,0.0,0.0,0.0,0.0,0.0,0.0,0.0,0.0,0.0,0.0,0.0,0.0,0.0,0.0,0.0,0.712,0.677
128,0.001,3,5,100,32,16,256,184,440338,73,30,ContrastiveLoss,gru,/home/dpetrovitch/dzagcoffee/train_trace/gender/checkpoints_2025-10-07 19:53:20.141369_ContrastiveLoss_gru_catboost/model_128_0.001_3_5_100_256_32_16_256_ContrastiveLoss_gruepoch=18.ckpt,18,30,0.43105245,56.7332,1.6746,0.0005,4.6154,1.2582,11.7185,0.634,1277.3134,62.2638,277.1575,13.5103,257.5896,12.5564,246.547,12.0182,232.3506,11.3261,221.2661,10.7858,199.979,9.7482,82.0989,4.2407,17.8142,0.9202,16.5565,0.8552,15.8467,0.8185,14.9343,0.7714,14.2218,0.7346,12.8536,0.6639,0.0,0.0,0.0,0.0,0.0,0.0,0.0,0.0,0.0,0.0,0.0,0.0,0.0,0.0,0.0,0.0,0.0,0.0,0.0,0.0,0.0,0.0,0.0,0.0,0.0,0.0,0.0,0.0,0.0,0.0,0.0,0.0,0.0,0.0,0.0,0.676,0.672
128,0.001,3,5,100,32,16,256,184,440338,73,30,ContrastiveLoss,gru,/home/dpetrovitch/dzagcoffee/train_trace/gender/checkpoints_2025-10-07 19:53:20.141369_ContrastiveLoss_gru_catboost/model_128_0.001_3_5_100_256_32_16_256_ContrastiveLoss_gruepoch=19.ckpt,19,30,0.4298817,57.5704,1.6699,0.0004,4.5963,1.2775,12.5139,0.6146,1303.8531,63.4389,277.6909,13.511,258.1123,12.5584,247.3229,12.0335,233.2364,11.3481,222.3414,10.818,201.6929,9.8134,81.6684,4.1981,17.3935,0.8941,16.1672,0.8311,15.4914,0.7963,14.609,0.751,13.9266,0.7159,12.6333,0.6494,0.0,0.0,0.0,0.0,0.0,0.0,0.0,0.0,0.0,0.0,0.0,0.0,0.0,0.0,0.0,0.0,0.0,0.0,0.0,0.0,0.0,0.0,0.0,0.0,0.0,0.0,0.0,0.0,0.0,0.0,0.0,0.0,0.0,0.0,0.0,0.684,0.6858
128,0.001,3,5,100,32,16,256,184,440338,73,30,ContrastiveLoss,gru,/home/dpetrovitch/dzagcoffee/train_trace/gender/checkpoints_2025-10-07 19:53:20.141369_ContrastiveLoss_gru_catboost/model_128_0.001_3_5_100_256_32_16_256_ContrastiveLoss_gruepoch=20.ckpt,20,30,0.42898795,56.1872,1.6648,0.0004,4.6163,1.2505,12.7075,0.64,1286.5497,62.5735,278.3456,13.5378,258.9236,12.5932,247.9929,12.0616,233.7637,11.3695,222.8137,10.8369,203.0767,9.877,77.9728,3.9324,16.8694,0.8508,15.6923,0.7914,15.0299,0.758,14.1675,0.7145,13.5039,0.681,12.3077,0.6207,0.0,0.0,0.0,0.0,0.0,0.0,0.0,0.0,0.0,0.0,0.0,0.0,0.0,0.0,0.0,0.0,0.0,0.0,0.0,0.0,0.0,0.0,0.0,0.0,0.0,0.0,0.0,0.0,0.0,0.0,0.0,0.0,0.0,0.0,0.0,0.696,0.6647
128,0.001,3,5,100,32,16,256,184,440338,73,30,ContrastiveLoss,gru,/home/dpetrovitch/dzagcoffee/train_trace/gender/checkpoints_2025-10-07 19:53:20.141369_ContrastiveLoss_gru_catboost/model_128_0.001_3_5_100_256_32_16_256_ContrastiveLoss_gruepoch=21.ckpt,21,30,0.42437065,56.6125,1.6759,0.0004,4.6342,1.2462,13.3439,0.6457,1289.6735,62.8468,279.3866,13.6147,259.9699,12.6685,248.9866,12.1333,234.7048,11.4373,223.4347,10.8881,202.3393,9.8602,76.7318,3.9467,16.6227,0.855,15.4674,0.7956,14.814,0.762,13.9642,0.7183,13.2937,0.6838,12.0386,0.6192,0.0,0.0,0.0,0.0,0.0,0.0,0.0,0.0,0.0,0.0,0.0,0.0,0.0,0.0,0.0,0.0,0.0,0.0,0.0,0.0,0.0,0.0,0.0,0.0,0.0,0.0,0.0,0.0,0.0,0.0,0.0,0.0,0.0,0.0,0.0,0.7,0.693
128,0.001,3,5,100,32,16,256,184,440338,73,30,ContrastiveLoss,gru,/home/dpetrovitch/dzagcoffee/train_trace/gender/checkpoints_2025-10-07 19:53:20.141369_ContrastiveLoss_gru_catboost/model_128_0.001_3_5_100_256_32_16_256_ContrastiveLoss_gruepoch=22.ckpt,22,30,0.427703,57.1728,1.6727,0.0005,4.6205,1.2584,13.0215,0.6326,1308.7389,63.6944,279.5121,13.6034,260.0849,12.6579,249.1918,12.1278,235.1893,11.4463,224.1002,10.9066,202.8837,9.874,83.299,4.2372,17.7905,0.905,16.554,0.8421,15.8606,0.8068,14.9694,0.7615,14.2636,0.7256,12.9132,0.6569,0.0,0.0,0.0,0.0,0.0,0.0,0.0,0.0,0.0,0.0,0.0,0.0,0.0,0.0,0.0,0.0,0.0,0.0,0.0,0.0,0.0,0.0,0.0,0.0,0.0,0.0,0.0,0.0,0.0,0.0,0.0,0.0,0.0,0.0,0.0,0.66,0.6585
128,0.001,3,5,100,32,16,256,184,440338,73,30,ContrastiveLoss,gru,/home/dpetrovitch/dzagcoffee/train_trace/gender/checkpoints_2025-10-07 19:53:20.141369_ContrastiveLoss_gru_catboost/model_128_0.001_3_5_100_256_32_16_256_ContrastiveLoss_gruepoch=23.ckpt,23,30,0.43343386,57.0198,1.672,0.0004,4.624,1.2556,13.2038,0.636,1302.6786,63.4153,279.3973,13.6012,259.8471,12.6495,248.984,12.1207,234.7793,11.4292,223.4045,10.8755,201.2944,9.7991,78.4326,4.0572,16.8222,0.8702,15.6451,0.8093,14.991,0.7755,14.1358,0.7312,13.4509,0.6958,12.1197,0.6269,0.0,0.0,0.0,0.0,0.0,0.0,0.0,0.0,0.0,0.0,0.0,0.0,0.0,0.0,0.0,0.0,0.0,0.0,0.0,0.0,0.0,0.0,0.0,0.0,0.0,0.0,0.0,0.0,0.0,0.0,0.0,0.0,0.0,0.0,0.0,0.656,0.6642
128,0.001,3,5,100,32,16,256,184,440338,73,30,ContrastiveLoss,gru,/home/dpetrovitch/dzagcoffee/train_trace/gender/checkpoints_2025-10-07 19:53:20.141369_ContrastiveLoss_gru_catboost/model_128_0.001_3_5_100_256_32_16_256_ContrastiveLoss_gruepoch=24.ckpt,24,30,0.427583,57.8721,1.6755,0.0004,4.635,1.2532,13.7017,0.6385,1315.7529,64.1355,281.0988,13.702,261.7328,12.758,250.769,12.2236,236.6645,11.5361,225.3611,10.9851,203.7282,9.9306,81.2433,4.1656,17.3569,0.89,16.1611,0.8286,15.4841,0.7939,14.6132,0.7493,13.9153,0.7135,12.5795,0.645,0.0,0.0,0.0,0.0,0.0,0.0,0.0,0.0,0.0,0.0,0.0,0.0,0.0,0.0,0.0,0.0,0.0,0.0,0.0,0.0,0.0,0.0,0.0,0.0,0.0,0.0,0.0,0.0,0.0,0.0,0.0,0.0,0.0,0.0,0.0,0.692,0.7028
128,0.001,3,5,100,32,16,256,184,440338,73,30,ContrastiveLoss,gru,/home/dpetrovitch/dzagcoffee/train_trace/gender/checkpoints_2025-10-07 19:53:20.141369_ContrastiveLoss_gru_catboost/model_128_0.001_3_5_100_256_32_16_256_ContrastiveLoss_gruepoch=25.ckpt,25,30,0.42870238,57.8524,1.6689,0.0004,4.637,1.2637,12.6138,0.6281,1310.9591,63.8156,279.4301,13.6022,260.0746,12.66,249.1975,12.1306,235.2525,11.4517,224.0233,10.9051,202.3098,9.8481,80.9067,4.0986,17.2452,0.8736,16.0507,0.8131,15.3794,0.7791,14.5188,0.7355,13.8257,0.7004,12.4857,0.6325,0.0,0.0,0.0,0.0,0.0,0.0,0.0,0.0,0.0,0.0,0.0,0.0,0.0,0.0,0.0,0.0,0.0,0.0,0.0,0.0,0.0,0.0,0.0,0.0,0.0,0.0,0.0,0.0,0.0,0.0,0.0,0.0,0.0,0.0,0.0,0.672,0.6784
128,0.001,3,5,100,32,16,256,184,440338,73,30,ContrastiveLoss,gru,/home/dpetrovitch/dzagcoffee/train_trace/gender/checkpoints_2025-10-07 19:53:20.141369_ContrastiveLoss_gru_catboost/model_128_0.001_3_5_100_256_32_16_256_ContrastiveLoss_gruepoch=26.ckpt,26,30,0.43259725,58.2545,1.6737,0.0005,4.6399,1.2597,13.0205,0.6322,1321.9741,64.3682,281.064,13.6853,261.709,12.7429,250.7602,12.2098,236.7434,11.5273,225.5626,10.9829,203.5359,9.9104,83.4265,4.1627,17.7373,0.885,16.5158,0.8241,15.8249,0.7896,14.9403,0.7455,14.2347,0.7103,12.8447,0.6409,0.0,0.0,0.0,0.0,0.0,0.0,0.0,0.0,0.0,0.0,0.0,0.0,0.0,0.0,0.0,0.0,0.0,0.0,0.0,0.0,0.0,0.0,0.0,0.0,0.0,0.0,0.0,0.0,0.0,0.0,0.0,0.0,0.0,0.0,0.0,0.66,0.6696
128,0.001,3,5,100,32,16,256,184,440338,73,30,ContrastiveLoss,gru,/home/dpetrovitch/dzagcoffee/train_trace/gender/checkpoints_2025-10-07 19:53:20.141369_ContrastiveLoss_gru_catboost/model_128_0.001_3_5_100_256_32_16_256_ContrastiveLoss_gruepoch=27.ckpt,27,30,0.43234023,57.3406,1.6745,0.0004,4.6538,1.2434,13.3543,0.6478,1320.4005,64.2902,281.4516,13.7039,262.1256,12.7629,251.4036,12.2408,237.1652,11.5476,225.685,10.9886,203.0058,9.8843,84.2144,4.2359,17.9508,0.9029,16.7182,0.8409,16.0344,0.8065,15.1263,0.7608,14.3941,0.724,12.9476,0.6513,0.0,0.0,0.0,0.0,0.0,0.0,0.0,0.0,0.0,0.0,0.0,0.0,0.0,0.0,0.0,0.0,0.0,0.0,0.0,0.0,0.0,0.0,0.0,0.0,0.0,0.0,0.0,0.0,0.0,0.0,0.0,0.0,0.0,0.0,0.0,0.692,0.7043
128,0.001,3,5,100,32,16,256,184,440338,73,30,ContrastiveLoss,gru,/home/dpetrovitch/dzagcoffee/train_trace/gender/checkpoints_2025-10-07 19:53:20.141369_ContrastiveLoss_gru_catboost/model_128_0.001_3_5_100_256_32_16_256_ContrastiveLoss_gruepoch=28.ckpt,28,30,0.42991307,59.1627,1.6739,0.0005,4.6404,1.2689,13.1403,0.623,1343.6433,65.4288,281.7639,13.7205,262.7027,12.7923,252.0106,12.2717,238.1367,11.5961,227.1353,11.0604,205.9793,10.0302,86.0802,4.2981,18.0511,0.9013,16.83,0.8403,16.145,0.8061,15.2562,0.7618,14.5514,0.7266,13.196,0.6589,0.0,0.0,0.0,0.0,0.0,0.0,0.0,0.0,0.0,0.0,0.0,0.0,0.0,0.0,0.0,0.0,0.0,0.0,0.0,0.0,0.0,0.0,0.0,0.0,0.0,0.0,0.0,0.0,0.0,0.0,0.0,0.0,0.0,0.0,0.0,0.656,0.7028
128,0.001,3,5,100,32,16,256,184,440338,73,30,ContrastiveLoss,gru,/home/dpetrovitch/dzagcoffee/train_trace/gender/checkpoints_2025-10-07 19:53:20.141369_ContrastiveLoss_gru_catboost/model_128_0.001_3_5_100_256_32_16_256_ContrastiveLoss_gruepoch=29.ckpt,29,30,0.4309696,57.4751,1.6676,0.0004,4.6535,1.2477,13.4663,0.643,1316.941,64.0462,281.2056,13.6757,261.9239,12.738,251.0606,12.2097,236.9281,11.5224,225.6065,10.9718,205.31,9.9848,81.3616,4.122,17.3731,0.8802,16.1819,0.8198,15.5107,0.7858,14.6376,0.7416,13.9381,0.7061,12.6842,0.6426,0.0,0.0,0.0,0.0,0.0,0.0,0.0,0.0,0.0,0.0,0.0,0.0,0.0,0.0,0.0,0.0,0.0,0.0,0.0,0.0,0.0,0.0,0.0,0.0,0.0,0.0,0.0,0.0,0.0,0.0,0.0,0.0,0.0,0.0,0.0,0.656,0.6648
128,0.001,3,10,100,32,16,256,184,440338,73,30,ContrastiveLoss,gru,/home/dpetrovitch/dzagcoffee/train_trace/gender/checkpoints_2025-10-07 19:53:20.141369_ContrastiveLoss_gru_catboost/model_128_0.001_3_10_100_256_32_16_256_ContrastiveLoss_gruepoch=00.ckpt,0,30,0.3245928,47.0451,1.679,0.0004,5.1945,1.3923,6.2456,0.5403,572.7855,28.9785,234.7599,11.877,207.0212,10.4737,191.6861,9.6978,170.5724,8.6296,152.1077,7.6955,98.86,5.0016,27.3521,1.7497,11.2104,0.7171,9.8858,0.6324,9.1535,0.5856,8.1453,0.5211,7.2636,0.4647,4.7208,0.302,0.0,0.0,0.0,0.0,0.0,0.0,0.0,0.0,0.0,0.0,0.0,0.0,0.0,0.0,0.0,0.0,0.0,0.0,0.0,0.0,0.0,0.0,0.0,0.0,0.0,0.0,0.0,0.0,0.0,0.0,0.0,0.0,0.0,0.0,0.0,0.552,0.583
128,0.001,3,10,100,32,16,256,184,440338,73,30,ContrastiveLoss,gru,/home/dpetrovitch/dzagcoffee/train_trace/gender/checkpoints_2025-10-07 19:53:20.141369_ContrastiveLoss_gru_catboost/model_128_0.001_3_10_100_256_32_16_256_ContrastiveLoss_gruepoch=01.ckpt,1,30,0.37943736,42.2545,1.6788,0.0004,4.9084,1.3782,7.3172,0.5384,766.2525,38.0884,237.2293,11.792,212.2541,10.5506,198.4676,9.8653,180.3218,8.9633,164.3299,8.1684,133.5228,6.6371,38.579,2.4076,11.9439,0.7454,10.6865,0.6669,9.9924,0.6236,9.0788,0.5666,8.2736,0.5163,6.7226,0.4195,0.0,0.0,0.0,0.0,0.0,0.0,0.0,0.0,0.0,0.0,0.0,0.0,0.0,0.0,0.0,0.0,0.0,0.0,0.0,0.0,0.0,0.0,0.0,0.0,0.0,0.0,0.0,0.0,0.0,0.0,0.0,0.0,0.0,0.0,0.0,0.62,0.6126
128,0.001,3,10,100,32,16,256,184,440338,73,30,ContrastiveLoss,gru,/home/dpetrovitch/dzagcoffee/train_trace/gender/checkpoints_2025-10-07 19:53:20.141369_ContrastiveLoss_gru_catboost/model_128_0.001_3_10_100_256_32_16_256_ContrastiveLoss_gruepoch=02.ckpt,2,30,0.39864883,43.7088,1.6786,0.0004,4.7039,1.4394,8.8235,0.4958,880.6315,43.5036,243.191,12.0138,219.7785,10.8572,207.0063,10.2262,189.8145,9.3769,175.074,8.6487,150.3048,7.4251,50.1526,2.9842,13.8499,0.8241,12.5165,0.7448,11.7892,0.7015,10.8101,0.6432,9.9706,0.5933,8.56,0.5093,0.0,0.0,0.0,0.0,0.0,0.0,0.0,0.0,0.0,0.0,0.0,0.0,0.0,0.0,0.0,0.0,0.0,0.0,0.0,0.0,0.0,0.0,0.0,0.0,0.0,0.0,0.0,0.0,0.0,0.0,0.0,0.0,0.0,0.0,0.0,0.672,0.6646
128,0.001,3,10,100,32,16,256,184,440338,73,30,ContrastiveLoss,gru,/home/dpetrovitch/dzagcoffee/train_trace/gender/checkpoints_2025-10-07 19:53:20.141369_ContrastiveLoss_gru_catboost/model_128_0.001_3_10_100_256_32_16_256_ContrastiveLoss_gruepoch=03.ckpt,3,30,0.4034374,41.1853,1.6782,0.0003,4.6361,1.3094,9.6188,0.5862,945.8665,46.4946,247.8806,12.1847,225.6652,11.0927,213.4798,10.4937,197.1174,9.6894,183.5208,9.0211,159.0432,7.8179,54.7523,3.2305,14.3488,0.8466,13.0628,0.7707,12.3575,0.7291,11.4103,0.6732,10.6233,0.6268,9.2063,0.5432,0.0,0.0,0.0,0.0,0.0,0.0,0.0,0.0,0.0,0.0,0.0,0.0,0.0,0.0,0.0,0.0,0.0,0.0,0.0,0.0,0.0,0.0,0.0,0.0,0.0,0.0,0.0,0.0,0.0,0.0,0.0,0.0,0.0,0.0,0.0,0.684,0.6817
128,0.001,3,10,100,32,16,256,184,440338,73,30,ContrastiveLoss,gru,/home/dpetrovitch/dzagcoffee/train_trace/gender/checkpoints_2025-10-07 19:53:20.141369_ContrastiveLoss_gru_catboost/model_128_0.001_3_10_100_256_32_16_256_ContrastiveLoss_gruepoch=04.ckpt,4,30,0.40775764,46.4069,1.6782,0.0005,4.5777,1.3702,9.3534,0.5373,995.8779,48.9197,252.4475,12.4008,230.7351,11.3342,218.944,10.755,203.5036,9.9965,190.9648,9.3806,165.926,8.1506,64.0663,3.5579,16.2403,0.9019,14.8435,0.8243,14.085,0.7822,13.0917,0.727,12.285,0.6822,10.6743,0.5928,0.0,0.0,0.0,0.0,0.0,0.0,0.0,0.0,0.0,0.0,0.0,0.0,0.0,0.0,0.0,0.0,0.0,0.0,0.0,0.0,0.0,0.0,0.0,0.0,0.0,0.0,0.0,0.0,0.0,0.0,0.0,0.0,0.0,0.0,0.0,0.664,0.6771
128,0.001,3,10,100,32,16,256,184,440338,73,30,ContrastiveLoss,gru,/home/dpetrovitch/dzagcoffee/train_trace/gender/checkpoints_2025-10-07 19:53:20.141369_ContrastiveLoss_gru_catboost/model_128_0.001_3_10_100_256_32_16_256_ContrastiveLoss_gruepoch=05.ckpt,5,30,0.42018744,47.752,1.6769,0.0005,4.5395,1.3562,9.3954,0.5479,1052.3687,51.6133,255.6937,12.5405,234.7878,11.5151,223.2355,10.9486,208.4443,10.2231,196.7568,9.6499,174.5381,8.5602,66.7708,3.6331,16.2233,0.8827,14.8968,0.8106,14.1639,0.7707,13.2254,0.7196,12.4838,0.6793,11.0741,0.6026,0.0,0.0,0.0,0.0,0.0,0.0,0.0,0.0,0.0,0.0,0.0,0.0,0.0,0.0,0.0,0.0,0.0,0.0,0.0,0.0,0.0,0.0,0.0,0.0,0.0,0.0,0.0,0.0,0.0,0.0,0.0,0.0,0.0,0.0,0.0,0.7,0.698
128,0.001,3,10,100,32,16,256,184,440338,73,30,ContrastiveLoss,gru,/home/dpetrovitch/dzagcoffee/train_trace/gender/checkpoints_2025-10-07 19:53:20.141369_ContrastiveLoss_gru_catboost/model_128_0.001_3_10_100_256_32_16_256_ContrastiveLoss_gruepoch=06.ckpt,6,30,0.42292297,48.0879,1.6779,0.0005,4.5596,1.3237,8.8448,0.575,1064.7773,52.1845,259.4227,12.7142,238.6293,11.6952,227.0198,11.1262,211.9701,10.3886,200.3063,9.817,176.5084,8.6506,67.4769,3.6846,16.4401,0.8977,15.1224,0.8258,14.3867,0.7856,13.4329,0.7335,12.6938,0.6932,11.1857,0.6108,0.0,0.0,0.0,0.0,0.0,0.0,0.0,0.0,0.0,0.0,0.0,0.0,0.0,0.0,0.0,0.0,0.0,0.0,0.0,0.0,0.0,0.0,0.0,0.0,0.0,0.0,0.0,0.0,0.0,0.0,0.0,0.0,0.0,0.0,0.0,0.68,0.6922
128,0.001,3,10,100,32,16,256,184,440338,73,30,ContrastiveLoss,gru,/home/dpetrovitch/dzagcoffee/train_trace/gender/checkpoints_2025-10-07 19:53:20.141369_ContrastiveLoss_gru_catboost/model_128_0.001_3_10_100_256_32_16_256_ContrastiveLoss_gruepoch=07.ckpt,7,30,0.43056127,50.2948,1.6779,0.0005,4.5635,1.3257,9.6617,0.5744,1090.8258,53.4409,263.1191,12.8905,242.09,11.8603,230.6116,11.2979,215.385,10.552,203.1546,9.9528,178.4429,8.7421,67.0304,3.62,16.1685,0.8732,14.8762,0.8034,14.1709,0.7653,13.2352,0.7148,12.4837,0.6742,10.9652,0.5922,0.0,0.0,0.0,0.0,0.0,0.0,0.0,0.0,0.0,0.0,0.0,0.0,0.0,0.0,0.0,0.0,0.0,0.0,0.0,0.0,0.0,0.0,0.0,0.0,0.0,0.0,0.0,0.0,0.0,0.0,0.0,0.0,0.0,0.0,0.0,0.672,0.7105
128,0.001,3,10,100,32,16,256,184,440338,73,30,ContrastiveLoss,gru,/home/dpetrovitch/dzagcoffee/train_trace/gender/checkpoints_2025-10-07 19:53:20.141369_ContrastiveLoss_gru_catboost/model_128_0.001_3_10_100_256_32_16_256_ContrastiveLoss_gruepoch=08.ckpt,8,30,0.42929062,50.5553,1.6779,0.0005,4.5718,1.3075,10.685,0.5897,1123.6647,55.119,266.8869,13.0916,246.1892,12.0763,234.645,11.51,219.195,10.7521,207.3353,10.1704,182.8181,8.9678,70.9667,3.7657,16.8556,0.8944,15.5484,0.8251,14.8194,0.7864,13.8436,0.7346,13.0946,0.6948,11.5461,0.6127,0.0,0.0,0.0,0.0,0.0,0.0,0.0,0.0,0.0,0.0,0.0,0.0,0.0,0.0,0.0,0.0,0.0,0.0,0.0,0.0,0.0,0.0,0.0,0.0,0.0,0.0,0.0,0.0,0.0,0.0,0.0,0.0,0.0,0.0,0.0,0.692,0.7125
128,0.001,3,10,100,32,16,256,184,440338,73,30,ContrastiveLoss,gru,/home/dpetrovitch/dzagcoffee/train_trace/gender/checkpoints_2025-10-07 19:53:20.141369_ContrastiveLoss_gru_catboost/model_128_0.001_3_10_100_256_32_16_256_ContrastiveLoss_gruepoch=09.ckpt,9,30,0.43512997,50.6637,1.6773,0.0005,4.6071,1.2765,10.6872,0.6184,1096.6787,53.737,268.1044,13.1371,247.1894,12.1122,235.486,11.5388,220.2659,10.793,208.004,10.1922,183.7493,9.0037,63.9249,3.4524,15.6277,0.844,14.4086,0.7782,13.7264,0.7413,12.8392,0.6934,12.1245,0.6548,10.7107,0.5785,0.0,0.0,0.0,0.0,0.0,0.0,0.0,0.0,0.0,0.0,0.0,0.0,0.0,0.0,0.0,0.0,0.0,0.0,0.0,0.0,0.0,0.0,0.0,0.0,0.0,0.0,0.0,0.0,0.0,0.0,0.0,0.0,0.0,0.0,0.0,0.672,0.6936
128,0.001,3,10,100,32,16,256,184,440338,73,30,ContrastiveLoss,gru,/home/dpetrovitch/dzagcoffee/train_trace/gender/checkpoints_2025-10-07 19:53:20.141369_ContrastiveLoss_gru_catboost/model_128_0.001_3_10_100_256_32_16_256_ContrastiveLoss_gruepoch=10.ckpt,10,30,0.4363778,51.5385,1.6772,0.0005,4.6015,1.2849,11.1231,0.6098,1125.5701,55.0893,270.9968,13.2635,249.9964,12.2357,238.2347,11.66,223.0332,10.916,210.8851,10.3214,187.7837,9.1908,66.7123,3.5685,16.0619,0.8592,14.8172,0.7926,14.1201,0.7553,13.2191,0.7071,12.4991,0.6686,11.1299,0.5953,0.0,0.0,0.0,0.0,0.0,0.0,0.0,0.0,0.0,0.0,0.0,0.0,0.0,0.0,0.0,0.0,0.0,0.0,0.0,0.0,0.0,0.0,0.0,0.0,0.0,0.0,0.0,0.0,0.0,0.0,0.0,0.0,0.0,0.0,0.0,0.708,0.7252
128,0.001,3,10,100,32,16,256,184,440338,73,30,ContrastiveLoss,gru,/home/dpetrovitch/dzagcoffee/train_trace/gender/checkpoints_2025-10-07 19:53:20.141369_ContrastiveLoss_gru_catboost/model_128_0.001_3_10_100_256_32_16_256_ContrastiveLoss_gruepoch=11.ckpt,11,30,0.43758854,52.5871,1.6765,0.0005,4.5952,1.3032,10.6399,0.5932,1154.7563,56.4685,271.0638,13.2552,250.2954,12.2397,238.7824,11.6767,223.7846,10.9433,211.8056,10.3575,187.2651,9.1574,66.3444,3.6299,15.5735,0.8521,14.3803,0.7868,13.7188,0.7506,12.8571,0.7034,12.1689,0.6658,10.759,0.5887,0.0,0.0,0.0,0.0,0.0,0.0,0.0,0.0,0.0,0.0,0.0,0.0,0.0,0.0,0.0,0.0,0.0,0.0,0.0,0.0,0.0,0.0,0.0,0.0,0.0,0.0,0.0,0.0,0.0,0.0,0.0,0.0,0.0,0.0,0.0,0.688,0.7199
128,0.001,3,10,100,32,16,256,184,440338,73,30,ContrastiveLoss,gru,/home/dpetrovitch/dzagcoffee/train_trace/gender/checkpoints_2025-10-07 19:53:20.141369_ContrastiveLoss_gru_catboost/model_128_0.001_3_10_100_256_32_16_256_ContrastiveLoss_gruepoch=12.ckpt,12,30,0.43623218,53.2264,1.6766,0.0005,4.6094,1.2998,10.5307,0.5965,1167.8629,57.1318,272.1827,13.3152,251.5454,12.3056,240.0446,11.743,225.2491,11.0192,213.2678,10.433,189.4352,9.2672,67.4856,3.558,15.7282,0.8292,14.5357,0.7664,13.8711,0.7313,13.0161,0.6862,12.3238,0.6497,10.9466,0.5771,0.0,0.0,0.0,0.0,0.0,0.0,0.0,0.0,0.0,0.0,0.0,0.0,0.0,0.0,0.0,0.0,0.0,0.0,0.0,0.0,0.0,0.0,0.0,0.0,0.0,0.0,0.0,0.0,0.0,0.0,0.0,0.0,0.0,0.0,0.0,0.676,0.729
128,0.001,3,10,100,32,16,256,184,440338,73,30,ContrastiveLoss,gru,/home/dpetrovitch/dzagcoffee/train_trace/gender/checkpoints_2025-10-07 19:53:20.141369_ContrastiveLoss_gru_catboost/model_128_0.001_3_10_100_256_32_16_256_ContrastiveLoss_gruepoch=13.ckpt,13,30,0.44206306,54.0594,1.6767,0.0005,4.6098,1.3069,11.38,0.5902,1187.8795,58.0642,274.0655,13.3965,253.6227,12.3972,242.1768,11.8377,227.3744,11.1142,215.669,10.542,192.1265,9.3913,69.2385,3.6682,15.9746,0.8463,14.783,0.7832,14.1159,0.7478,13.2531,0.7021,12.5708,0.666,11.1986,0.5933,0.0,0.0,0.0,0.0,0.0,0.0,0.0,0.0,0.0,0.0,0.0,0.0,0.0,0.0,0.0,0.0,0.0,0.0,0.0,0.0,0.0,0.0,0.0,0.0,0.0,0.0,0.0,0.0,0.0,0.0,0.0,0.0,0.0,0.0,0.0,0.68,0.7107
128,0.001,3,10,100,32,16,256,184,440338,73,30,ContrastiveLoss,gru,/home/dpetrovitch/dzagcoffee/train_trace/gender/checkpoints_2025-10-07 19:53:20.141369_ContrastiveLoss_gru_catboost/model_128_0.001_3_10_100_256_32_16_256_ContrastiveLoss_gruepoch=14.ckpt,14,30,0.4377627,51.2153,1.6689,0.0004,4.6116,1.2665,11.7459,0.6252,1178.0465,57.42,272.883,13.3008,252.6126,12.3128,241.2188,11.7574,226.4264,11.0364,214.5882,10.4594,191.6165,9.3397,67.1082,3.5524,15.545,0.8229,14.3902,0.7618,13.7412,0.7274,12.8985,0.6828,12.2242,0.6471,10.9156,0.5778,0.0,0.0,0.0,0.0,0.0,0.0,0.0,0.0,0.0,0.0,0.0,0.0,0.0,0.0,0.0,0.0,0.0,0.0,0.0,0.0,0.0,0.0,0.0,0.0,0.0,0.0,0.0,0.0,0.0,0.0,0.0,0.0,0.0,0.0,0.0,0.704,0.7298
128,0.001,3,10,100,32,16,256,184,440338,73,30,ContrastiveLoss,gru,/home/dpetrovitch/dzagcoffee/train_trace/gender/checkpoints_2025-10-07 19:53:20.141369_ContrastiveLoss_gru_catboost/model_128_0.001_3_10_100_256_32_16_256_ContrastiveLoss_gruepoch=15.ckpt,15,30,0.44198593,53.6291,1.6745,0.0005,4.6166,1.2865,11.3562,0.6078,1187.7573,57.9833,274.7448,13.4123,254.1747,12.4082,242.7633,11.8511,228.0718,11.1339,216.2864,10.5585,191.6546,9.3561,69.514,3.6563,16.0796,0.8458,14.8757,0.7824,14.2078,0.7473,13.348,0.7021,12.6582,0.6658,11.2167,0.59,0.0,0.0,0.0,0.0,0.0,0.0,0.0,0.0,0.0,0.0,0.0,0.0,0.0,0.0,0.0,0.0,0.0,0.0,0.0,0.0,0.0,0.0,0.0,0.0,0.0,0.0,0.0,0.0,0.0,0.0,0.0,0.0,0.0,0.0,0.0,0.68,0.7267
128,0.001,3,10,100,32,16,256,184,440338,73,30,ContrastiveLoss,gru,/home/dpetrovitch/dzagcoffee/train_trace/gender/checkpoints_2025-10-07 19:53:20.141369_ContrastiveLoss_gru_catboost/model_128_0.001_3_10_100_256_32_16_256_ContrastiveLoss_gruepoch=16.ckpt,16,30,0.44023553,54.4634,1.6759,0.0005,4.63,1.2901,11.5542,0.6055,1216.6826,59.4744,275.9693,13.49,255.5449,12.4916,244.3713,11.9455,229.9746,11.2417,218.3194,10.672,194.3546,9.5005,65.17,3.5187,14.7819,0.7981,13.6879,0.739,13.0894,0.7067,12.3183,0.6651,11.694,0.6314,10.4103,0.5621,0.0,0.0,0.0,0.0,0.0,0.0,0.0,0.0,0.0,0.0,0.0,0.0,0.0,0.0,0.0,0.0,0.0,0.0,0.0,0.0,0.0,0.0,0.0,0.0,0.0,0.0,0.0,0.0,0.0,0.0,0.0,0.0,0.0,0.0,0.0,0.684,0.7293
128,0.001,3,10,100,32,16,256,184,440338,73,30,ContrastiveLoss,gru,/home/dpetrovitch/dzagcoffee/train_trace/gender/checkpoints_2025-10-07 19:53:20.141369_ContrastiveLoss_gru_catboost/model_128_0.001_3_10_100_256_32_16_256_ContrastiveLoss_gruepoch=17.ckpt,17,30,0.44908455,53.8171,1.6751,0.0005,4.632,1.2747,11.0573,0.6178,1215.315,59.2635,276.3639,13.4766,256.1966,12.4932,245.0469,11.9495,230.5756,11.2438,219.344,10.6961,196.5452,9.5843,69.1682,3.7047,15.7289,0.8425,14.5811,0.781,13.9466,0.747,13.1229,0.7029,12.4837,0.6686,11.1861,0.5991,0.0,0.0,0.0,0.0,0.0,0.0,0.0,0.0,0.0,0.0,0.0,0.0,0.0,0.0,0.0,0.0,0.0,0.0,0.0,0.0,0.0,0.0,0.0,0.0,0.0,0.0,0.0,0.0,0.0,0.0,0.0,0.0,0.0,0.0,0.0,0.692,0.7239
128,0.001,3,10,100,32,16,256,184,440338,73,30,ContrastiveLoss,gru,/home/dpetrovitch/dzagcoffee/train_trace/gender/checkpoints_2025-10-07 19:53:20.141369_ContrastiveLoss_gru_catboost/model_128_0.001_3_10_100_256_32_16_256_ContrastiveLoss_gruepoch=18.ckpt,18,30,0.44516972,54.8961,1.6758,0.0005,4.642,1.2755,11.7215,0.6189,1212.4731,59.195,278.3132,13.5877,257.8263,12.5875,246.4271,12.031,231.5962,11.3069,219.8313,10.7325,195.7991,9.5592,65.4224,3.5644,15.0172,0.8182,13.9117,0.7579,13.2967,0.7244,12.4964,0.6808,11.8616,0.6462,10.5649,0.5756,0.0,0.0,0.0,0.0,0.0,0.0,0.0,0.0,0.0,0.0,0.0,0.0,0.0,0.0,0.0,0.0,0.0,0.0,0.0,0.0,0.0,0.0,0.0,0.0,0.0,0.0,0.0,0.0,0.0,0.0,0.0,0.0,0.0,0.0,0.0,0.656,0.7305
128,0.001,3,10,100,32,16,256,184,440338,73,30,ContrastiveLoss,gru,/home/dpetrovitch/dzagcoffee/train_trace/gender/checkpoints_2025-10-07 19:53:20.141369_ContrastiveLoss_gru_catboost/model_128_0.001_3_10_100_256_32_16_256_ContrastiveLoss_gruepoch=19.ckpt,19,30,0.44596645,56.1653,1.6774,0.0005,4.6238,1.2981,11.6914,0.5986,1240.5653,60.5997,277.7526,13.5678,257.7405,12.5902,246.6974,12.0508,232.581,11.3612,221.3514,10.8127,198.3329,9.6883,71.3642,3.7549,15.9779,0.8407,14.8267,0.7801,14.1914,0.7467,13.3793,0.704,12.7334,0.67,11.4092,0.6003,0.0,0.0,0.0,0.0,0.0,0.0,0.0,0.0,0.0,0.0,0.0,0.0,0.0,0.0,0.0,0.0,0.0,0.0,0.0,0.0,0.0,0.0,0.0,0.0,0.0,0.0,0.0,0.0,0.0,0.0,0.0,0.0,0.0,0.0,0.0,0.704,0.7458
128,0.001,3,10,100,32,16,256,184,440338,73,30,ContrastiveLoss,gru,/home/dpetrovitch/dzagcoffee/train_trace/gender/checkpoints_2025-10-07 19:53:20.141369_ContrastiveLoss_gru_catboost/model_128_0.001_3_10_100_256_32_16_256_ContrastiveLoss_gruepoch=20.ckpt,20,30,0.44881332,55.2036,1.6756,0.0005,4.6399,1.2797,11.7544,0.6135,1245.0375,60.697,279.8346,13.6423,259.9383,12.6723,248.8682,12.1326,234.6605,11.44,223.4241,10.8922,199.6379,9.7326,69.7564,3.6763,15.6784,0.8263,14.5637,0.7675,13.9435,0.7349,13.1474,0.6929,12.5179,0.6597,11.1852,0.5895,0.0,0.0,0.0,0.0,0.0,0.0,0.0,0.0,0.0,0.0,0.0,0.0,0.0,0.0,0.0,0.0,0.0,0.0,0.0,0.0,0.0,0.0,0.0,0.0,0.0,0.0,0.0,0.0,0.0,0.0,0.0,0.0,0.0,0.0,0.0,0.696,0.7484
128,0.001,3,10,100,32,16,256,184,440338,73,30,ContrastiveLoss,gru,/home/dpetrovitch/dzagcoffee/train_trace/gender/checkpoints_2025-10-07 19:53:20.141369_ContrastiveLoss_gru_catboost/model_128_0.001_3_10_100_256_32_16_256_ContrastiveLoss_gruepoch=21.ckpt,21,30,0.45305932,55.87,1.6762,0.0005,4.6433,1.2851,11.738,0.6093,1255.9377,61.3134,279.702,13.6547,259.9217,12.6891,249.015,12.1566,235.0622,11.4755,223.9402,10.9325,200.9663,9.8109,69.9399,3.7252,15.5759,0.8296,14.4744,0.7709,13.867,0.7386,13.09,0.6972,12.4706,0.6642,11.1913,0.5961,0.0,0.0,0.0,0.0,0.0,0.0,0.0,0.0,0.0,0.0,0.0,0.0,0.0,0.0,0.0,0.0,0.0,0.0,0.0,0.0,0.0,0.0,0.0,0.0,0.0,0.0,0.0,0.0,0.0,0.0,0.0,0.0,0.0,0.0,0.0,0.676,0.7437
128,0.001,3,10,100,32,16,256,184,440338,73,30,ContrastiveLoss,gru,/home/dpetrovitch/dzagcoffee/train_trace/gender/checkpoints_2025-10-07 19:53:20.141369_ContrastiveLoss_gru_catboost/model_128_0.001_3_10_100_256_32_16_256_ContrastiveLoss_gruepoch=22.ckpt,22,30,0.45429575,55.9192,1.6771,0.0005,4.646,1.2874,11.0149,0.6075,1261.7852,61.6055,279.7277,13.6574,259.7762,12.6833,248.8405,12.1494,234.5627,11.4523,223.4537,10.9099,200.1714,9.7732,70.5448,3.8228,15.6392,0.8475,14.5238,0.787,13.9124,0.7539,13.1141,0.7107,12.493,0.677,11.1913,0.6065,0.0,0.0,0.0,0.0,0.0,0.0,0.0,0.0,0.0,0.0,0.0,0.0,0.0,0.0,0.0,0.0,0.0,0.0,0.0,0.0,0.0,0.0,0.0,0.0,0.0,0.0,0.0,0.0,0.0,0.0,0.0,0.0,0.0,0.0,0.0,0.676,0.7567
128,0.001,3,10,100,32,16,256,184,440338,73,30,ContrastiveLoss,gru,/home/dpetrovitch/dzagcoffee/train_trace/gender/checkpoints_2025-10-07 19:53:20.141369_ContrastiveLoss_gru_catboost/model_128_0.001_3_10_100_256_32_16_256_ContrastiveLoss_gruepoch=23.ckpt,23,30,0.4498726,55.7556,1.6776,0.0005,4.6511,1.2795,11.142,0.6148,1264.2203,61.7846,279.3971,13.6546,259.7058,12.6923,248.768,12.1577,234.6069,11.4656,223.4174,10.9188,200.2839,9.7882,69.5243,3.6773,15.3651,0.8127,14.2822,0.7554,13.6807,0.7236,12.9019,0.6824,12.2866,0.6499,11.0144,0.5826,0.0,0.0,0.0,0.0,0.0,0.0,0.0,0.0,0.0,0.0,0.0,0.0,0.0,0.0,0.0,0.0,0.0,0.0,0.0,0.0,0.0,0.0,0.0,0.0,0.0,0.0,0.0,0.0,0.0,0.0,0.0,0.0,0.0,0.0,0.0,0.664,0.7282
128,0.001,3,10,100,32,16,256,184,440338,73,30,ContrastiveLoss,gru,/home/dpetrovitch/dzagcoffee/train_trace/gender/checkpoints_2025-10-07 19:53:20.141369_ContrastiveLoss_gru_catboost/model_128_0.001_3_10_100_256_32_16_256_ContrastiveLoss_gruepoch=24.ckpt,24,30,0.45143175,55.689,1.6764,0.0005,4.6448,1.2812,11.6393,0.6123,1270.4485,61.9496,279.6924,13.6384,260.0,12.6781,249.2338,12.1531,235.1886,11.4683,224.0683,10.926,200.9307,9.7978,73.1611,3.904,16.1066,0.8595,14.9726,0.799,14.3526,0.7659,13.5438,0.7227,12.9034,0.6885,11.571,0.6174,0.0,0.0,0.0,0.0,0.0,0.0,0.0,0.0,0.0,0.0,0.0,0.0,0.0,0.0,0.0,0.0,0.0,0.0,0.0,0.0,0.0,0.0,0.0,0.0,0.0,0.0,0.0,0.0,0.0,0.0,0.0,0.0,0.0,0.0,0.0,0.704,0.7521
128,0.001,3,10,100,32,16,256,184,440338,73,30,ContrastiveLoss,gru,/home/dpetrovitch/dzagcoffee/train_trace/gender/checkpoints_2025-10-07 19:53:20.141369_ContrastiveLoss_gru_catboost/model_128_0.001_3_10_100_256_32_16_256_ContrastiveLoss_gruepoch=25.ckpt,25,30,0.44612917,54.7645,1.6769,0.0004,4.6795,1.2569,11.7484,0.6366,1252.8755,61.2088,280.3004,13.694,260.5855,12.7308,249.6439,12.1963,235.2242,11.4918,223.8327,10.9353,199.3147,9.7375,73.1676,3.8299,16.3695,0.8568,15.2181,0.7966,14.5791,0.7631,13.737,0.719,13.0718,0.6842,11.6399,0.6093,0.0,0.0,0.0,0.0,0.0,0.0,0.0,0.0,0.0,0.0,0.0,0.0,0.0,0.0,0.0,0.0,0.0,0.0,0.0,0.0,0.0,0.0,0.0,0.0,0.0,0.0,0.0,0.0,0.0,0.0,0.0,0.0,0.0,0.0,0.0,0.704,0.756
128,0.001,3,10,100,32,16,256,184,440338,73,30,ContrastiveLoss,gru,/home/dpetrovitch/dzagcoffee/train_trace/gender/checkpoints_2025-10-07 19:53:20.141369_ContrastiveLoss_gru_catboost/model_128_0.001_3_10_100_256_32_16_256_ContrastiveLoss_gruepoch=26.ckpt,26,30,0.45150027,55.6476,1.6761,0.0005,4.6639,1.2741,11.366,0.6194,1273.7164,62.1541,280.7899,13.7018,261.1173,12.7419,250.1288,12.2056,235.7841,11.5057,224.4997,10.955,199.7508,9.7473,74.5481,3.9429,16.4341,0.8692,15.2827,0.8083,14.6395,0.7743,13.8,0.7299,13.1395,0.695,11.691,0.6183,0.0,0.0,0.0,0.0,0.0,0.0,0.0,0.0,0.0,0.0,0.0,0.0,0.0,0.0,0.0,0.0,0.0,0.0,0.0,0.0,0.0,0.0,0.0,0.0,0.0,0.0,0.0,0.0,0.0,0.0,0.0,0.0,0.0,0.0,0.0,0.696,0.7288
128,0.001,3,10,100,32,16,256,184,440338,73,30,ContrastiveLoss,gru,/home/dpetrovitch/dzagcoffee/train_trace/gender/checkpoints_2025-10-07 19:53:20.141369_ContrastiveLoss_gru_catboost/model_128_0.001_3_10_100_256_32_16_256_ContrastiveLoss_gruepoch=27.ckpt,27,30,0.4517087,56.993,1.6765,0.0005,4.6624,1.2924,11.8939,0.6028,1290.4148,62.9651,280.9807,13.7103,261.5453,12.762,250.683,12.2319,236.8819,11.5585,225.8104,11.0183,202.8139,9.8962,76.3361,3.9805,16.6218,0.8667,15.472,0.8068,14.8295,0.7733,14.013,0.7307,13.3581,0.6965,11.9977,0.6256,0.0,0.0,0.0,0.0,0.0,0.0,0.0,0.0,0.0,0.0,0.0,0.0,0.0,0.0,0.0,0.0,0.0,0.0,0.0,0.0,0.0,0.0,0.0,0.0,0.0,0.0,0.0,0.0,0.0,0.0,0.0,0.0,0.0,0.0,0.0,0.7,0.7425
128,0.001,3,10,100,32,16,256,184,440338,73,30,ContrastiveLoss,gru,/home/dpetrovitch/dzagcoffee/train_trace/gender/checkpoints_2025-10-07 19:53:20.141369_ContrastiveLoss_gru_catboost/model_128_0.001_3_10_100_256_32_16_256_ContrastiveLoss_gruepoch=28.ckpt,28,30,0.4499012,56.6202,1.6756,0.0005,4.6611,1.2857,11.372,0.6082,1286.502,62.7175,280.2797,13.6638,261.0455,12.7261,250.2195,12.1983,236.5009,11.5295,225.4762,10.9921,201.6338,9.8297,73.7499,3.9011,16.0673,0.8499,14.9647,0.7916,14.3441,0.7588,13.5576,0.7172,12.9256,0.6837,11.5588,0.6114,0.0,0.0,0.0,0.0,0.0,0.0,0.0,0.0,0.0,0.0,0.0,0.0,0.0,0.0,0.0,0.0,0.0,0.0,0.0,0.0,0.0,0.0,0.0,0.0,0.0,0.0,0.0,0.0,0.0,0.0,0.0,0.0,0.0,0.0,0.0,0.684,0.7461
128,0.001,3,10,100,32,16,256,184,440338,73,30,ContrastiveLoss,gru,/home/dpetrovitch/dzagcoffee/train_trace/gender/checkpoints_2025-10-07 19:53:20.141369_ContrastiveLoss_gru_catboost/model_128_0.001_3_10_100_256_32_16_256_ContrastiveLoss_gruepoch=29.ckpt,29,30,0.45404732,54.8286,1.6768,0.0004,4.693,1.2532,12.1162,0.6396,1271.1974,62.0377,280.2828,13.6785,261.0678,12.7408,250.3242,12.2165,236.2375,11.529,225.0645,10.9837,202.2709,9.8713,73.6282,3.8839,16.2341,0.8564,15.1211,0.7976,14.4989,0.7648,13.683,0.7218,13.0358,0.6876,11.7156,0.618,0.0,0.0,0.0,0.0,0.0,0.0,0.0,0.0,0.0,0.0,0.0,0.0,0.0,0.0,0.0,0.0,0.0,0.0,0.0,0.0,0.0,0.0,0.0,0.0,0.0,0.0,0.0,0.0,0.0,0.0,0.0,0.0,0.0,0.0,0.0,0.676,0.7431
128,0.001,3,15,100,32,16,256,184,440338,73,30,ContrastiveLoss,gru,/home/dpetrovitch/dzagcoffee/train_trace/gender/checkpoints_2025-10-07 19:53:20.141369_ContrastiveLoss_gru_catboost/model_128_0.001_3_15_100_256_32_16_256_ContrastiveLoss_gruepoch=00.ckpt,0,30,0.3591894,45.3746,1.6786,0.0003,5.1919,1.4189,6.9858,0.5207,605.6104,30.4946,227.8943,11.4753,200.7629,10.1091,186.6933,9.4007,168.0405,8.4614,152.7111,7.6895,92.5808,4.6618,31.1608,1.9023,11.726,0.7158,10.33,0.6306,9.606,0.5864,8.6463,0.5278,7.8575,0.4797,4.7636,0.2908,0.0,0.0,0.0,0.0,0.0,0.0,0.0,0.0,0.0,0.0,0.0,0.0,0.0,0.0,0.0,0.0,0.0,0.0,0.0,0.0,0.0,0.0,0.0,0.0,0.0,0.0,0.0,0.0,0.0,0.0,0.0,0.0,0.0,0.0,0.0,0.528,0.499
128,0.001,3,15,100,32,16,256,184,440338,73,30,ContrastiveLoss,gru,/home/dpetrovitch/dzagcoffee/train_trace/gender/checkpoints_2025-10-07 19:53:20.141369_ContrastiveLoss_gru_catboost/model_128_0.001_3_15_100_256_32_16_256_ContrastiveLoss_gruepoch=01.ckpt,1,30,0.3893286,41.4449,1.6791,0.0004,4.9268,1.4257,7.8221,0.5129,748.9127,37.2966,237.2615,11.8159,211.2707,10.5215,196.8944,9.8055,177.2762,8.8285,160.9076,8.0134,126.6721,6.3084,37.2798,2.3518,11.8105,0.7451,10.5167,0.6634,9.8011,0.6183,8.8245,0.5567,8.0097,0.5053,6.3055,0.3978,0.0,0.0,0.0,0.0,0.0,0.0,0.0,0.0,0.0,0.0,0.0,0.0,0.0,0.0,0.0,0.0,0.0,0.0,0.0,0.0,0.0,0.0,0.0,0.0,0.0,0.0,0.0,0.0,0.0,0.0,0.0,0.0,0.0,0.0,0.0,0.564,0.5549
128,0.001,3,15,100,32,16,256,184,440338,73,30,ContrastiveLoss,gru,/home/dpetrovitch/dzagcoffee/train_trace/gender/checkpoints_2025-10-07 19:53:20.141369_ContrastiveLoss_gru_catboost/model_128_0.001_3_15_100_256_32_16_256_ContrastiveLoss_gruepoch=02.ckpt,2,30,0.40924537,43.0008,1.6786,0.0004,4.7582,1.4929,8.3271,0.4665,839.7972,41.6095,240.7785,11.9299,216.4892,10.7264,202.7373,10.045,184.1853,9.1258,168.5192,8.3496,138.6365,6.869,44.3979,2.6836,12.7293,0.7694,11.4452,0.6918,10.7182,0.6479,9.7374,0.5886,8.9092,0.5385,7.3294,0.443,0.0,0.0,0.0,0.0,0.0,0.0,0.0,0.0,0.0,0.0,0.0,0.0,0.0,0.0,0.0,0.0,0.0,0.0,0.0,0.0,0.0,0.0,0.0,0.0,0.0,0.0,0.0,0.0,0.0,0.0,0.0,0.0,0.0,0.0,0.0,0.588,0.5803
128,0.001,3,15,100,32,16,256,184,440338,73,30,ContrastiveLoss,gru,/home/dpetrovitch/dzagcoffee/train_trace/gender/checkpoints_2025-10-07 19:53:20.141369_ContrastiveLoss_gru_catboost/model_128_0.001_3_15_100_256_32_16_256_ContrastiveLoss_gruepoch=03.ckpt,3,30,0.419642,43.3003,1.6783,0.0004,4.6896,1.3976,9.2486,0.525,865.48,42.7991,246.7169,12.2005,222.7853,11.017,209.4393,10.357,190.8181,9.4362,175.0801,8.6579,147.681,7.303,48.8021,2.8703,13.9117,0.8182,12.5623,0.7389,11.8097,0.6946,10.7597,0.6328,9.8723,0.5806,8.3273,0.4898,0.0,0.0,0.0,0.0,0.0,0.0,0.0,0.0,0.0,0.0,0.0,0.0,0.0,0.0,0.0,0.0,0.0,0.0,0.0,0.0,0.0,0.0,0.0,0.0,0.0,0.0,0.0,0.0,0.0,0.0,0.0,0.0,0.0,0.0,0.0,0.628,0.6183
128,0.001,3,15,100,32,16,256,184,440338,73,30,ContrastiveLoss,gru,/home/dpetrovitch/dzagcoffee/train_trace/gender/checkpoints_2025-10-07 19:53:20.141369_ContrastiveLoss_gru_catboost/model_128_0.001_3_15_100_256_32_16_256_ContrastiveLoss_gruepoch=04.ckpt,4,30,0.42302296,45.9798,1.6774,0.0004,4.6357,1.3912,10.0288,0.5277,923.1445,45.4527,251.95,12.4052,228.5107,11.2511,215.4373,10.6075,197.5784,9.7281,183.1579,9.0181,157.0946,7.7348,53.8057,3.0367,14.685,0.8288,13.3188,0.7517,12.5568,0.7087,11.5159,0.6499,10.6754,0.6025,9.1563,0.5168,0.0,0.0,0.0,0.0,0.0,0.0,0.0,0.0,0.0,0.0,0.0,0.0,0.0,0.0,0.0,0.0,0.0,0.0,0.0,0.0,0.0,0.0,0.0,0.0,0.0,0.0,0.0,0.0,0.0,0.0,0.0,0.0,0.0,0.0,0.0,0.62,0.6051
128,0.001,3,15,100,32,16,256,184,440338,73,30,ContrastiveLoss,gru,/home/dpetrovitch/dzagcoffee/train_trace/gender/checkpoints_2025-10-07 19:53:20.141369_ContrastiveLoss_gru_catboost/model_128_0.001_3_15_100_256_32_16_256_ContrastiveLoss_gruepoch=05.ckpt,5,30,0.42988738,47.6505,1.6764,0.0005,4.6036,1.3701,8.7777,0.5402,987.3879,48.4804,254.9829,12.5196,232.0887,11.3955,219.4474,10.7748,202.1977,9.9278,188.1089,9.2361,164.1317,8.0588,62.071,3.4898,16.0292,0.9012,14.59,0.8203,13.7953,0.7756,12.7109,0.7146,11.8253,0.6648,10.318,0.5801,0.0,0.0,0.0,0.0,0.0,0.0,0.0,0.0,0.0,0.0,0.0,0.0,0.0,0.0,0.0,0.0,0.0,0.0,0.0,0.0,0.0,0.0,0.0,0.0,0.0,0.0,0.0,0.0,0.0,0.0,0.0,0.0,0.0,0.0,0.0,0.632,0.6431
128,0.001,3,15,100,32,16,256,184,440338,73,30,ContrastiveLoss,gru,/home/dpetrovitch/dzagcoffee/train_trace/gender/checkpoints_2025-10-07 19:53:20.141369_ContrastiveLoss_gru_catboost/model_128_0.001_3_15_100_256_32_16_256_ContrastiveLoss_gruepoch=06.ckpt,6,30,0.4343076,49.1129,1.6768,0.0005,4.6027,1.3417,9.9736,0.5617,1000.0342,49.0525,257.7081,12.6408,235.4433,11.5487,222.823,10.9297,206.0452,10.1067,192.1267,9.424,167.0818,8.1955,59.713,3.2809,15.388,0.8455,14.0586,0.7724,13.305,0.731,12.3032,0.676,11.4721,0.6303,9.9766,0.5482,0.0,0.0,0.0,0.0,0.0,0.0,0.0,0.0,0.0,0.0,0.0,0.0,0.0,0.0,0.0,0.0,0.0,0.0,0.0,0.0,0.0,0.0,0.0,0.0,0.0,0.0,0.0,0.0,0.0,0.0,0.0,0.0,0.0,0.0,0.0,0.608,0.6347
128,0.001,3,15,100,32,16,256,184,440338,73,30,ContrastiveLoss,gru,/home/dpetrovitch/dzagcoffee/train_trace/gender/checkpoints_2025-10-07 19:53:20.141369_ContrastiveLoss_gru_catboost/model_128_0.001_3_15_100_256_32_16_256_ContrastiveLoss_gruepoch=07.ckpt,7,30,0.4408666,50.7763,1.6781,0.0005,4.5846,1.3226,10.586,0.5795,1010.2695,49.6214,263.0444,12.92,240.7348,11.8242,227.966,11.197,210.7254,10.3502,195.5938,9.607,169.7405,8.3371,59.8824,3.2767,15.5916,0.8532,14.2692,0.7808,13.5124,0.7394,12.4905,0.6835,11.5936,0.6344,10.0611,0.5505,0.0,0.0,0.0,0.0,0.0,0.0,0.0,0.0,0.0,0.0,0.0,0.0,0.0,0.0,0.0,0.0,0.0,0.0,0.0,0.0,0.0,0.0,0.0,0.0,0.0,0.0,0.0,0.0,0.0,0.0,0.0,0.0,0.0,0.0,0.0,0.616,0.6432
128,0.001,3,15,100,32,16,256,184,440338,73,30,ContrastiveLoss,gru,/home/dpetrovitch/dzagcoffee/train_trace/gender/checkpoints_2025-10-07 19:53:20.141369_ContrastiveLoss_gru_catboost/model_128_0.001_3_15_100_256_32_16_256_ContrastiveLoss_gruepoch=08.ckpt,8,30,0.44493845,51.7492,1.6767,0.0005,4.5768,1.3154,9.8365,0.5831,1024.366,50.1656,262.6892,12.8645,240.466,11.7762,228.2238,11.1767,211.4836,10.3568,197.44,9.6691,173.3658,8.4901,63.0624,3.4024,16.1718,0.8725,14.8037,0.7987,14.05,0.758,13.0194,0.7024,12.1549,0.6558,10.6728,0.5758,0.0,0.0,0.0,0.0,0.0,0.0,0.0,0.0,0.0,0.0,0.0,0.0,0.0,0.0,0.0,0.0,0.0,0.0,0.0,0.0,0.0,0.0,0.0,0.0,0.0,0.0,0.0,0.0,0.0,0.0,0.0,0.0,0.0,0.0,0.0,0.612,0.6493
128,0.001,3,15,100,32,16,256,184,440338,73,30,ContrastiveLoss,gru,/home/dpetrovitch/dzagcoffee/train_trace/gender/checkpoints_2025-10-07 19:53:20.141369_ContrastiveLoss_gru_catboost/model_128_0.001_3_15_100_256_32_16_256_ContrastiveLoss_gruepoch=09.ckpt,9,30,0.44412747,54.3194,1.6758,0.0006,4.568,1.3407,9.8024,0.5632,1060.7024,51.8533,264.7512,12.9426,243.3363,11.8957,231.2684,11.3057,214.5154,10.4868,200.82,9.8172,177.4195,8.6733,68.8899,3.6307,17.1949,0.9062,15.8041,0.8329,15.0203,0.7916,13.9322,0.7343,13.0427,0.6874,11.5229,0.6073,0.0,0.0,0.0,0.0,0.0,0.0,0.0,0.0,0.0,0.0,0.0,0.0,0.0,0.0,0.0,0.0,0.0,0.0,0.0,0.0,0.0,0.0,0.0,0.0,0.0,0.0,0.0,0.0,0.0,0.0,0.0,0.0,0.0,0.0,0.0,0.644,0.6732
128,0.001,3,15,100,32,16,256,184,440338,73,30,ContrastiveLoss,gru,/home/dpetrovitch/dzagcoffee/train_trace/gender/checkpoints_2025-10-07 19:53:20.141369_ContrastiveLoss_gru_catboost/model_128_0.001_3_15_100_256_32_16_256_ContrastiveLoss_gruepoch=10.ckpt,10,30,0.44930443,54.3874,1.677,0.0005,4.5913,1.3218,10.8866,0.5788,1088.1592,53.2474,268.555,13.1413,247.1816,12.0954,234.9531,11.4971,218.2646,10.6804,204.4437,10.0041,179.9413,8.8051,71.1578,3.7714,17.5616,0.9308,16.1639,0.8567,15.3642,0.8143,14.2729,0.7565,13.3691,0.7086,11.7669,0.6236,0.0,0.0,0.0,0.0,0.0,0.0,0.0,0.0,0.0,0.0,0.0,0.0,0.0,0.0,0.0,0.0,0.0,0.0,0.0,0.0,0.0,0.0,0.0,0.0,0.0,0.0,0.0,0.0,0.0,0.0,0.0,0.0,0.0,0.0,0.0,0.648,0.6898
128,0.001,3,15,100,32,16,256,184,440338,73,30,ContrastiveLoss,gru,/home/dpetrovitch/dzagcoffee/train_trace/gender/checkpoints_2025-10-07 19:53:20.141369_ContrastiveLoss_gru_catboost/model_128_0.001_3_15_100_256_32_16_256_ContrastiveLoss_gruepoch=11.ckpt,11,30,0.4511747,53.7961,1.6745,0.0005,4.5789,1.3114,11.3558,0.5853,1114.5146,54.4867,267.7617,13.0904,246.8584,12.0685,234.9065,11.4842,219.0079,10.7069,205.3066,10.0371,181.122,8.8547,72.557,3.8445,17.4318,0.9236,16.0709,0.8515,15.2928,0.8103,14.2578,0.7555,13.3658,0.7082,11.7914,0.6248,0.0,0.0,0.0,0.0,0.0,0.0,0.0,0.0,0.0,0.0,0.0,0.0,0.0,0.0,0.0,0.0,0.0,0.0,0.0,0.0,0.0,0.0,0.0,0.0,0.0,0.0,0.0,0.0,0.0,0.0,0.0,0.0,0.0,0.0,0.0,0.652,0.6915
128,0.001,3,15,100,32,16,256,184,440338,73,30,ContrastiveLoss,gru,/home/dpetrovitch/dzagcoffee/train_trace/gender/checkpoints_2025-10-07 19:53:20.141369_ContrastiveLoss_gru_catboost/model_128_0.001_3_15_100_256_32_16_256_ContrastiveLoss_gruepoch=12.ckpt,12,30,0.45167732,54.3,1.6745,0.0005,4.583,1.3085,11.103,0.5887,1112.1792,54.3481,268.7353,13.1321,247.7945,12.1088,235.7696,11.5212,219.5283,10.7275,206.053,10.069,181.8923,8.8884,70.3137,3.7918,16.9899,0.9162,15.666,0.8448,14.9057,0.8038,13.8789,0.7485,13.027,0.7025,11.4995,0.6201,0.0,0.0,0.0,0.0,0.0,0.0,0.0,0.0,0.0,0.0,0.0,0.0,0.0,0.0,0.0,0.0,0.0,0.0,0.0,0.0,0.0,0.0,0.0,0.0,0.0,0.0,0.0,0.0,0.0,0.0,0.0,0.0,0.0,0.0,0.0,0.68,0.7352
128,0.001,3,15,100,32,16,256,184,440338,73,30,ContrastiveLoss,gru,/home/dpetrovitch/dzagcoffee/train_trace/gender/checkpoints_2025-10-07 19:53:20.141369_ContrastiveLoss_gru_catboost/model_128_0.001_3_15_100_256_32_16_256_ContrastiveLoss_gruepoch=13.ckpt,13,30,0.45280516,54.8276,1.677,0.0005,4.5936,1.295,11.7039,0.6008,1127.6329,55.1517,270.3248,13.2214,249.389,12.1974,237.5582,11.6188,221.5516,10.8359,208.1333,10.1797,184.3709,9.0174,71.5681,3.8893,17.1569,0.9324,15.8281,0.8602,15.0772,0.8194,14.0613,0.7642,13.2097,0.7179,11.7016,0.6359,0.0,0.0,0.0,0.0,0.0,0.0,0.0,0.0,0.0,0.0,0.0,0.0,0.0,0.0,0.0,0.0,0.0,0.0,0.0,0.0,0.0,0.0,0.0,0.0,0.0,0.0,0.0,0.0,0.0,0.0,0.0,0.0,0.0,0.0,0.0,0.656,0.7101
128,0.001,3,15,100,32,16,256,184,440338,73,30,ContrastiveLoss,gru,/home/dpetrovitch/dzagcoffee/train_trace/gender/checkpoints_2025-10-07 19:53:20.141369_ContrastiveLoss_gru_catboost/model_128_0.001_3_15_100_256_32_16_256_ContrastiveLoss_gruepoch=14.ckpt,14,30,0.45653152,54.6708,1.6737,0.0005,4.5937,1.2934,11.6791,0.6008,1151.3464,56.1707,271.3244,13.2371,250.95,12.2431,239.2561,11.6726,223.4068,10.8993,209.7351,10.2323,185.7506,9.0622,73.4922,3.9476,17.3191,0.9303,16.0185,0.8604,15.2721,0.8203,14.2604,0.766,13.3877,0.7191,11.8568,0.6369,0.0,0.0,0.0,0.0,0.0,0.0,0.0,0.0,0.0,0.0,0.0,0.0,0.0,0.0,0.0,0.0,0.0,0.0,0.0,0.0,0.0,0.0,0.0,0.0,0.0,0.0,0.0,0.0,0.0,0.0,0.0,0.0,0.0,0.0,0.0,0.66,0.7094
128,0.001,3,15,100,32,16,256,184,440338,73,30,ContrastiveLoss,gru,/home/dpetrovitch/dzagcoffee/train_trace/gender/checkpoints_2025-10-07 19:53:20.141369_ContrastiveLoss_gru_catboost/model_128_0.001_3_15_100_256_32_16_256_ContrastiveLoss_gruepoch=15.ckpt,15,30,0.45406154,55.5919,1.6715,0.0005,4.5826,1.3065,10.5717,0.5881,1165.804,56.82,271.1045,13.2133,250.8483,12.2261,239.2794,11.6622,223.5106,10.8937,210.3977,10.2545,186.8406,9.1064,76.0601,4.0095,17.6876,0.9324,16.366,0.8627,15.6112,0.823,14.5824,0.7687,13.7269,0.7236,12.19,0.6426,0.0,0.0,0.0,0.0,0.0,0.0,0.0,0.0,0.0,0.0,0.0,0.0,0.0,0.0,0.0,0.0,0.0,0.0,0.0,0.0,0.0,0.0,0.0,0.0,0.0,0.0,0.0,0.0,0.0,0.0,0.0,0.0,0.0,0.0,0.0,0.672,0.7099
128,0.001,3,15,100,32,16,256,184,440338,73,30,ContrastiveLoss,gru,/home/dpetrovitch/dzagcoffee/train_trace/gender/checkpoints_2025-10-07 19:53:20.141369_ContrastiveLoss_gru_catboost/model_128_0.001_3_15_100_256_32_16_256_ContrastiveLoss_gruepoch=16.ckpt,16,30,0.45578912,55.8107,1.6769,0.0005,4.6005,1.2848,11.9999,0.609,1176.5898,57.4876,274.9443,13.4336,254.516,12.4355,243.0812,11.8768,227.3412,11.1078,213.8592,10.4491,189.4068,9.2543,74.8813,3.9813,17.4982,0.9303,16.1981,0.8612,15.4703,0.8225,14.4686,0.7693,13.6106,0.7236,12.0543,0.6409,0.0,0.0,0.0,0.0,0.0,0.0,0.0,0.0,0.0,0.0,0.0,0.0,0.0,0.0,0.0,0.0,0.0,0.0,0.0,0.0,0.0,0.0,0.0,0.0,0.0,0.0,0.0,0.0,0.0,0.0,0.0,0.0,0.0,0.0,0.0,0.688,0.7364
128,0.001,3,15,100,32,16,256,184,440338,73,30,ContrastiveLoss,gru,/home/dpetrovitch/dzagcoffee/train_trace/gender/checkpoints_2025-10-07 19:53:20.141369_ContrastiveLoss_gru_catboost/model_128_0.001_3_15_100_256_32_16_256_ContrastiveLoss_gruepoch=17.ckpt,17,30,0.4554893,57.4797,1.6766,0.0005,4.5963,1.3143,12.1687,0.5827,1204.1909,58.8109,274.9399,13.4277,254.8569,12.4468,243.515,11.8929,227.7041,11.1207,214.5403,10.4778,189.9741,9.2781,75.0241,3.9572,17.1294,0.9035,15.8782,0.8375,15.1716,0.8002,14.1865,0.7483,13.3664,0.705,11.8359,0.6243,0.0,0.0,0.0,0.0,0.0,0.0,0.0,0.0,0.0,0.0,0.0,0.0,0.0,0.0,0.0,0.0,0.0,0.0,0.0,0.0,0.0,0.0,0.0,0.0,0.0,0.0,0.0,0.0,0.0,0.0,0.0,0.0,0.0,0.0,0.0,0.688,0.7099
128,0.001,3,15,100,32,16,256,184,440338,73,30,ContrastiveLoss,gru,/home/dpetrovitch/dzagcoffee/train_trace/gender/checkpoints_2025-10-07 19:53:20.141369_ContrastiveLoss_gru_catboost/model_128_0.001_3_15_100_256_32_16_256_ContrastiveLoss_gruepoch=18.ckpt,18,30,0.46093753,57.4305,1.6764,0.0005,4.6006,1.3042,11.9183,0.591,1212.9917,59.2295,275.4605,13.4505,255.5098,12.4764,244.2036,11.9243,228.8043,11.1723,215.9532,10.5448,191.52,9.3518,78.8482,4.1592,17.9058,0.9445,16.6089,0.8761,15.874,0.8373,14.873,0.7845,14.0376,0.7405,12.4494,0.6567,0.0,0.0,0.0,0.0,0.0,0.0,0.0,0.0,0.0,0.0,0.0,0.0,0.0,0.0,0.0,0.0,0.0,0.0,0.0,0.0,0.0,0.0,0.0,0.0,0.0,0.0,0.0,0.0,0.0,0.0,0.0,0.0,0.0,0.0,0.0,0.684,0.731
128,0.001,3,15,100,32,16,256,184,440338,73,30,ContrastiveLoss,gru,/home/dpetrovitch/dzagcoffee/train_trace/gender/checkpoints_2025-10-07 19:53:20.141369_ContrastiveLoss_gru_catboost/model_128_0.001_3_15_100_256_32_16_256_ContrastiveLoss_gruepoch=19.ckpt,19,30,0.45492396,57.3084,1.675,0.0005,4.6064,1.302,11.8335,0.5935,1209.5121,59.0665,274.5208,13.4062,254.4672,12.4269,243.1673,11.8751,227.7132,11.1204,214.7528,10.4874,191.1186,9.3333,78.913,4.1191,17.9108,0.9349,16.6024,0.8666,15.8651,0.8281,14.8568,0.7755,14.0113,0.7314,12.4693,0.6509,0.0,0.0,0.0,0.0,0.0,0.0,0.0,0.0,0.0,0.0,0.0,0.0,0.0,0.0,0.0,0.0,0.0,0.0,0.0,0.0,0.0,0.0,0.0,0.0,0.0,0.0,0.0,0.0,0.0,0.0,0.0,0.0,0.0,0.0,0.0,0.684,0.7232
128,0.001,3,15,100,32,16,256,184,440338,73,30,ContrastiveLoss,gru,/home/dpetrovitch/dzagcoffee/train_trace/gender/checkpoints_2025-10-07 19:53:20.141369_ContrastiveLoss_gru_catboost/model_128_0.001_3_15_100_256_32_16_256_ContrastiveLoss_gruepoch=20.ckpt,20,30,0.4584961,56.8443,1.6755,0.0005,4.6194,1.2866,12.0157,0.6072,1208.9034,58.9962,276.1601,13.477,256.1476,12.5004,244.8706,11.95,229.4114,11.1956,216.3993,10.5606,192.1914,9.3792,79.3008,4.0777,18.1154,0.9315,16.8026,0.864,16.0629,0.826,15.0488,0.7738,14.1952,0.7299,12.6072,0.6483,0.0,0.0,0.0,0.0,0.0,0.0,0.0,0.0,0.0,0.0,0.0,0.0,0.0,0.0,0.0,0.0,0.0,0.0,0.0,0.0,0.0,0.0,0.0,0.0,0.0,0.0,0.0,0.0,0.0,0.0,0.0,0.0,0.0,0.0,0.0,0.7,0.7409
128,0.001,3,15,100,32,16,256,184,440338,73,30,ContrastiveLoss,gru,/home/dpetrovitch/dzagcoffee/train_trace/gender/checkpoints_2025-10-07 19:53:20.141369_ContrastiveLoss_gru_catboost/model_128_0.001_3_15_100_256_32_16_256_ContrastiveLoss_gruepoch=21.ckpt,21,30,0.45672572,58.0805,1.6768,0.0005,4.6019,1.306,11.7958,0.5899,1232.6245,60.1813,276.8467,13.5167,256.8688,12.5413,245.5643,11.9894,230.3431,11.2462,217.6435,10.6262,194.3745,9.4901,81.4858,4.1389,18.3016,0.9296,16.981,0.8625,16.2336,0.8246,15.2274,0.7734,14.3879,0.7308,12.8496,0.6527,0.0,0.0,0.0,0.0,0.0,0.0,0.0,0.0,0.0,0.0,0.0,0.0,0.0,0.0,0.0,0.0,0.0,0.0,0.0,0.0,0.0,0.0,0.0,0.0,0.0,0.0,0.0,0.0,0.0,0.0,0.0,0.0,0.0,0.0,0.0,0.708,0.7532
128,0.001,3,15,100,32,16,256,184,440338,73,30,ContrastiveLoss,gru,/home/dpetrovitch/dzagcoffee/train_trace/gender/checkpoints_2025-10-07 19:53:20.141369_ContrastiveLoss_gru_catboost/model_128_0.001_3_15_100_256_32_16_256_ContrastiveLoss_gruepoch=22.ckpt,22,30,0.45992386,56.2912,1.6752,0.0005,4.6241,1.2714,13.0387,0.621,1217.311,59.3834,277.5009,13.5372,257.5752,12.5652,246.3899,12.0195,230.8295,11.2604,217.4829,10.6094,192.5714,9.3941,78.2122,4.046,17.8294,0.9223,16.5492,0.8561,15.8306,0.8189,14.8308,0.7672,13.9733,0.7228,12.3727,0.6401,0.0,0.0,0.0,0.0,0.0,0.0,0.0,0.0,0.0,0.0,0.0,0.0,0.0,0.0,0.0,0.0,0.0,0.0,0.0,0.0,0.0,0.0,0.0,0.0,0.0,0.0,0.0,0.0,0.0,0.0,0.0,0.0,0.0,0.0,0.0,0.716,0.7372
128,0.001,3,15,100,32,16,256,184,440338,73,30,ContrastiveLoss,gru,/home/dpetrovitch/dzagcoffee/train_trace/gender/checkpoints_2025-10-07 19:53:20.141369_ContrastiveLoss_gru_catboost/model_128_0.001_3_15_100_256_32_16_256_ContrastiveLoss_gruepoch=23.ckpt,23,30,0.46012366,57.0429,1.6762,0.0005,4.6121,1.2791,12.568,0.6143,1225.2891,59.8166,277.4708,13.5457,257.5568,12.5735,246.5097,12.0342,231.1849,11.2861,217.8634,10.6357,193.181,9.4308,79.4645,4.057,17.995,0.9187,16.7035,0.8528,15.9871,0.8162,14.9932,0.7655,14.1292,0.7214,12.5285,0.6396,0.0,0.0,0.0,0.0,0.0,0.0,0.0,0.0,0.0,0.0,0.0,0.0,0.0,0.0,0.0,0.0,0.0,0.0,0.0,0.0,0.0,0.0,0.0,0.0,0.0,0.0,0.0,0.0,0.0,0.0,0.0,0.0,0.0,0.0,0.0,0.684,0.7398
128,0.001,3,15,100,32,16,256,184,440338,73,30,ContrastiveLoss,gru,/home/dpetrovitch/dzagcoffee/train_trace/gender/checkpoints_2025-10-07 19:53:20.141369_ContrastiveLoss_gru_catboost/model_128_0.001_3_15_100_256_32_16_256_ContrastiveLoss_gruepoch=24.ckpt,24,30,0.4572511,58.4067,1.6763,0.0005,4.6164,1.3003,11.5355,0.5952,1248.5413,60.948,277.5783,13.5501,257.7194,12.5807,246.4919,12.0326,231.1068,11.2816,218.1829,10.6507,194.0035,9.4704,79.9344,4.1021,17.7712,0.912,16.4998,0.8467,15.781,0.8098,14.796,0.7593,13.9686,0.7168,12.4205,0.6374,0.0,0.0,0.0,0.0,0.0,0.0,0.0,0.0,0.0,0.0,0.0,0.0,0.0,0.0,0.0,0.0,0.0,0.0,0.0,0.0,0.0,0.0,0.0,0.0,0.0,0.0,0.0,0.0,0.0,0.0,0.0,0.0,0.0,0.0,0.0,0.736,0.7332
128,0.001,3,15,100,32,16,256,184,440338,73,30,ContrastiveLoss,gru,/home/dpetrovitch/dzagcoffee/train_trace/gender/checkpoints_2025-10-07 19:53:20.141369_ContrastiveLoss_gru_catboost/model_128_0.001_3_15_100_256_32_16_256_ContrastiveLoss_gruepoch=25.ckpt,25,30,0.45882738,56.6267,1.6657,0.0005,4.6089,1.2764,12.5506,0.6152,1234.4124,60.1167,276.9223,13.4863,257.1309,12.5225,246.1127,11.9859,230.8998,11.245,218.0693,10.6201,195.9384,9.5423,79.2886,4.0076,17.7872,0.899,16.516,0.8348,15.8083,0.799,14.8311,0.7496,14.007,0.708,12.5855,0.6361,0.0,0.0,0.0,0.0,0.0,0.0,0.0,0.0,0.0,0.0,0.0,0.0,0.0,0.0,0.0,0.0,0.0,0.0,0.0,0.0,0.0,0.0,0.0,0.0,0.0,0.0,0.0,0.0,0.0,0.0,0.0,0.0,0.0,0.0,0.0,0.684,0.7335
128,0.001,3,15,100,32,16,256,184,440338,73,30,ContrastiveLoss,gru,/home/dpetrovitch/dzagcoffee/train_trace/gender/checkpoints_2025-10-07 19:53:20.141369_ContrastiveLoss_gru_catboost/model_128_0.001_3_15_100_256_32_16_256_ContrastiveLoss_gruepoch=26.ckpt,26,30,0.46363875,58.2966,1.6758,0.0005,4.6152,1.2964,11.9771,0.598,1261.9502,61.5741,278.0708,13.5679,258.4685,12.6114,247.3406,12.0684,232.2493,11.3321,219.3666,10.7035,195.3884,9.5336,82.0587,4.2169,18.0816,0.9292,16.807,0.8637,16.0834,0.8265,15.1021,0.7761,14.2644,0.733,12.7052,0.6529,0.0,0.0,0.0,0.0,0.0,0.0,0.0,0.0,0.0,0.0,0.0,0.0,0.0,0.0,0.0,0.0,0.0,0.0,0.0,0.0,0.0,0.0,0.0,0.0,0.0,0.0,0.0,0.0,0.0,0.0,0.0,0.0,0.0,0.0,0.0,0.704,0.7234
128,0.001,3,15,100,32,16,256,184,440338,73,30,ContrastiveLoss,gru,/home/dpetrovitch/dzagcoffee/train_trace/gender/checkpoints_2025-10-07 19:53:20.141369_ContrastiveLoss_gru_catboost/model_128_0.001_3_15_100_256_32_16_256_ContrastiveLoss_gruepoch=27.ckpt,27,30,0.46392146,58.1603,1.6754,0.0005,4.6152,1.2922,12.4405,0.6023,1252.4375,61.1009,277.7927,13.5523,258.1569,12.5943,247.0399,12.052,232.0677,11.3216,219.1685,10.6923,195.6162,9.5433,80.6466,4.1451,17.8876,0.9194,16.6232,0.8544,15.9073,0.8176,14.9432,0.7681,14.1126,0.7254,12.5961,0.6474,0.0,0.0,0.0,0.0,0.0,0.0,0.0,0.0,0.0,0.0,0.0,0.0,0.0,0.0,0.0,0.0,0.0,0.0,0.0,0.0,0.0,0.0,0.0,0.0,0.0,0.0,0.0,0.0,0.0,0.0,0.0,0.0,0.0,0.0,0.0,0.728,0.7564
128,0.001,3,15,100,32,16,256,184,440338,73,30,ContrastiveLoss,gru,/home/dpetrovitch/dzagcoffee/train_trace/gender/checkpoints_2025-10-07 19:53:20.141369_ContrastiveLoss_gru_catboost/model_128_0.001_3_15_100_256_32_16_256_ContrastiveLoss_gruepoch=28.ckpt,28,30,0.4595069,57.8674,1.6696,0.0005,4.6105,1.2896,11.8907,0.6034,1256.8303,61.2287,278.1085,13.5485,258.6244,12.5993,247.4391,12.0544,232.4914,11.3262,219.6123,10.6988,195.8589,9.5416,83.7102,4.2578,18.5232,0.9422,17.2255,0.8761,16.4805,0.8383,15.4849,0.7876,14.6271,0.744,13.045,0.6635,0.0,0.0,0.0,0.0,0.0,0.0,0.0,0.0,0.0,0.0,0.0,0.0,0.0,0.0,0.0,0.0,0.0,0.0,0.0,0.0,0.0,0.0,0.0,0.0,0.0,0.0,0.0,0.0,0.0,0.0,0.0,0.0,0.0,0.0,0.0,0.676,0.7143
128,0.001,3,15,100,32,16,256,184,440338,73,30,ContrastiveLoss,gru,/home/dpetrovitch/dzagcoffee/train_trace/gender/checkpoints_2025-10-07 19:53:20.141369_ContrastiveLoss_gru_catboost/model_128_0.001_3_15_100_256_32_16_256_ContrastiveLoss_gruepoch=29.ckpt,29,30,0.4612944,58.4584,1.6748,0.0005,4.6158,1.2962,12.0527,0.5985,1273.1027,62.098,278.2902,13.5741,258.8101,12.6239,247.7048,12.0823,232.7598,11.3533,220.001,10.731,196.2645,9.5732,82.5703,4.2352,18.0492,0.9258,16.7858,0.861,16.0655,0.824,15.0962,0.7743,14.2687,0.7319,12.7292,0.6529,0.0,0.0,0.0,0.0,0.0,0.0,0.0,0.0,0.0,0.0,0.0,0.0,0.0,0.0,0.0,0.0,0.0,0.0,0.0,0.0,0.0,0.0,0.0,0.0,0.0,0.0,0.0,0.0,0.0,0.0,0.0,0.0,0.0,0.0,0.0,0.712,0.7243
128,0.001,3,20,100,32,16,256,184,440338,73,30,ContrastiveLoss,gru,/home/dpetrovitch/dzagcoffee/train_trace/gender/checkpoints_2025-10-07 19:53:20.141369_ContrastiveLoss_gru_catboost/model_128_0.001_3_20_100_256_32_16_256_ContrastiveLoss_gruepoch=00.ckpt,0,30,0.3633155,48.4397,1.6791,0.0004,5.0618,1.5279,6.069,0.4617,643.9166,32.4143,225.6569,11.3594,199.1823,10.0267,185.1533,9.3205,166.3803,8.3755,149.1367,7.5074,90.1847,4.5398,28.6913,1.9708,10.0547,0.6907,8.8751,0.6096,8.25,0.5667,7.4135,0.5092,6.6452,0.4565,4.0184,0.276,0.0,0.0,0.0,0.0,0.0,0.0,0.0,0.0,0.0,0.0,0.0,0.0,0.0,0.0,0.0,0.0,0.0,0.0,0.0,0.0,0.0,0.0,0.0,0.0,0.0,0.0,0.0,0.0,0.0,0.0,0.0,0.0,0.0,0.0,0.0,0.552,0.5221
128,0.001,3,20,100,32,16,256,184,440338,73,30,ContrastiveLoss,gru,/home/dpetrovitch/dzagcoffee/train_trace/gender/checkpoints_2025-10-07 19:53:20.141369_ContrastiveLoss_gru_catboost/model_128_0.001_3_20_100_256_32_16_256_ContrastiveLoss_gruepoch=01.ckpt,1,30,0.40186688,42.4325,1.6787,0.0004,4.8437,1.4499,7.9189,0.4956,747.449,37.2333,234.7107,11.6918,210.1222,10.467,196.3053,9.7787,177.926,8.8632,162.3772,8.0886,112.7091,5.6145,40.8765,2.5361,12.8358,0.7964,11.4912,0.7129,10.7355,0.6661,9.7304,0.6037,8.8801,0.5509,6.1638,0.3824,0.0,0.0,0.0,0.0,0.0,0.0,0.0,0.0,0.0,0.0,0.0,0.0,0.0,0.0,0.0,0.0,0.0,0.0,0.0,0.0,0.0,0.0,0.0,0.0,0.0,0.0,0.0,0.0,0.0,0.0,0.0,0.0,0.0,0.0,0.0,0.636,0.6196
128,0.001,3,20,100,32,16,256,184,440338,73,30,ContrastiveLoss,gru,/home/dpetrovitch/dzagcoffee/train_trace/gender/checkpoints_2025-10-07 19:53:20.141369_ContrastiveLoss_gru_catboost/model_128_0.001_3_20_100_256_32_16_256_ContrastiveLoss_gruepoch=02.ckpt,2,30,0.41558442,43.3782,1.6788,0.0004,4.7527,1.4389,8.9032,0.4996,802.413,39.7903,240.7409,11.9379,217.309,10.776,204.2027,10.1261,186.3394,9.2403,169.4003,8.4003,123.8504,6.1415,44.4347,2.7538,13.3314,0.8262,12.0338,0.7458,11.308,0.7008,10.3188,0.6395,9.3808,0.5814,6.8584,0.425,0.0,0.0,0.0,0.0,0.0,0.0,0.0,0.0,0.0,0.0,0.0,0.0,0.0,0.0,0.0,0.0,0.0,0.0,0.0,0.0,0.0,0.0,0.0,0.0,0.0,0.0,0.0,0.0,0.0,0.0,0.0,0.0,0.0,0.0,0.0,0.628,0.6653
128,0.001,3,20,100,32,16,256,184,440338,73,30,ContrastiveLoss,gru,/home/dpetrovitch/dzagcoffee/train_trace/gender/checkpoints_2025-10-07 19:53:20.141369_ContrastiveLoss_gru_catboost/model_128_0.001_3_20_100_256_32_16_256_ContrastiveLoss_gruepoch=03.ckpt,3,30,0.43149498,43.0725,1.6788,0.0004,4.7223,1.3374,8.3614,0.5678,859.4526,42.5071,246.4852,12.1907,223.3914,11.0486,209.9828,10.3854,191.5295,9.4727,173.0534,8.5589,134.0559,6.6302,44.3453,2.7426,12.7179,0.7866,11.5264,0.7129,10.8345,0.6701,9.8824,0.6112,8.9291,0.5522,6.9169,0.4278,0.0,0.0,0.0,0.0,0.0,0.0,0.0,0.0,0.0,0.0,0.0,0.0,0.0,0.0,0.0,0.0,0.0,0.0,0.0,0.0,0.0,0.0,0.0,0.0,0.0,0.0,0.0,0.0,0.0,0.0,0.0,0.0,0.0,0.0,0.0,0.632,0.6634
128,0.001,3,20,100,32,16,256,184,440338,73,30,ContrastiveLoss,gru,/home/dpetrovitch/dzagcoffee/train_trace/gender/checkpoints_2025-10-07 19:53:20.141369_ContrastiveLoss_gru_catboost/model_128_0.001_3_20_100_256_32_16_256_ContrastiveLoss_gruepoch=04.ckpt,4,30,0.43311688,44.5653,1.6772,0.0004,4.6915,1.3126,8.8992,0.5856,889.4641,43.7942,250.766,12.3469,228.0777,11.2298,215.4834,10.6097,198.0122,9.7495,180.8128,8.9026,139.4052,6.8638,51.0302,3.0012,14.3869,0.8461,13.0852,0.7696,12.3627,0.7271,11.3603,0.6681,10.3736,0.6101,7.9979,0.4704,0.0,0.0,0.0,0.0,0.0,0.0,0.0,0.0,0.0,0.0,0.0,0.0,0.0,0.0,0.0,0.0,0.0,0.0,0.0,0.0,0.0,0.0,0.0,0.0,0.0,0.0,0.0,0.0,0.0,0.0,0.0,0.0,0.0,0.0,0.0,0.644,0.6919
128,0.001,3,20,100,32,16,256,184,440338,73,30,ContrastiveLoss,gru,/home/dpetrovitch/dzagcoffee/train_trace/gender/checkpoints_2025-10-07 19:53:20.141369_ContrastiveLoss_gru_catboost/model_128_0.001_3_20_100_256_32_16_256_ContrastiveLoss_gruepoch=05.ckpt,5,30,0.44279686,47.9189,1.6773,0.0004,4.6446,1.3435,9.9856,0.5606,941.8665,46.3071,255.1261,12.5433,233.7342,11.4916,221.532,10.8917,204.5824,10.0583,188.9964,9.2921,151.2436,7.4359,56.2866,3.1961,15.2465,0.8657,13.9681,0.7932,13.2389,0.7518,12.226,0.6942,11.2946,0.6413,9.0384,0.5132,0.0,0.0,0.0,0.0,0.0,0.0,0.0,0.0,0.0,0.0,0.0,0.0,0.0,0.0,0.0,0.0,0.0,0.0,0.0,0.0,0.0,0.0,0.0,0.0,0.0,0.0,0.0,0.0,0.0,0.0,0.0,0.0,0.0,0.0,0.0,0.668,0.6981
128,0.001,3,20,100,32,16,256,184,440338,73,30,ContrastiveLoss,gru,/home/dpetrovitch/dzagcoffee/train_trace/gender/checkpoints_2025-10-07 19:53:20.141369_ContrastiveLoss_gru_catboost/model_128_0.001_3_20_100_256_32_16_256_ContrastiveLoss_gruepoch=06.ckpt,6,30,0.4413035,49.4954,1.6765,0.0005,4.6101,1.3223,10.0059,0.5774,961.7591,47.262,258.8443,12.7199,237.2041,11.6565,225.0856,11.061,207.9255,10.2177,192.1391,9.442,156.2339,7.6775,60.6623,3.2968,16.3264,0.8873,14.9615,0.8131,14.1971,0.7716,13.1148,0.7127,12.119,0.6586,9.8543,0.5355,0.0,0.0,0.0,0.0,0.0,0.0,0.0,0.0,0.0,0.0,0.0,0.0,0.0,0.0,0.0,0.0,0.0,0.0,0.0,0.0,0.0,0.0,0.0,0.0,0.0,0.0,0.0,0.0,0.0,0.0,0.0,0.0,0.0,0.0,0.0,0.664,0.6972
128,0.001,3,20,100,32,16,256,184,440338,73,30,ContrastiveLoss,gru,/home/dpetrovitch/dzagcoffee/train_trace/gender/checkpoints_2025-10-07 19:53:20.141369_ContrastiveLoss_gru_catboost/model_128_0.001_3_20_100_256_32_16_256_ContrastiveLoss_gruepoch=07.ckpt,7,30,0.45207134,51.1883,1.6769,0.0005,4.6205,1.3272,10.1945,0.5737,979.0257,48.0187,260.8796,12.7955,240.0284,11.7728,227.9624,11.181,211.2328,10.3604,196.1853,9.6224,162.6898,7.9795,60.0378,3.2997,15.9982,0.8793,14.7195,0.809,13.9796,0.7683,12.9537,0.7119,12.0309,0.6612,9.9768,0.5483,0.0,0.0,0.0,0.0,0.0,0.0,0.0,0.0,0.0,0.0,0.0,0.0,0.0,0.0,0.0,0.0,0.0,0.0,0.0,0.0,0.0,0.0,0.0,0.0,0.0,0.0,0.0,0.0,0.0,0.0,0.0,0.0,0.0,0.0,0.0,0.648,0.6768
128,0.001,3,20,100,32,16,256,184,440338,73,30,ContrastiveLoss,gru,/home/dpetrovitch/dzagcoffee/train_trace/gender/checkpoints_2025-10-07 19:53:20.141369_ContrastiveLoss_gru_catboost/model_128_0.001_3_20_100_256_32_16_256_ContrastiveLoss_gruepoch=08.ckpt,8,30,0.45093203,51.9523,1.6759,0.0005,4.6231,1.3187,10.3627,0.5783,1018.0758,49.8626,262.2519,12.8444,241.7828,11.8419,230.211,11.2751,214.1214,10.4871,200.0821,9.7995,166.5457,8.157,65.6298,3.5863,16.9059,0.9238,15.5864,0.8517,14.8404,0.8109,13.8032,0.7543,12.8982,0.7048,10.7363,0.5867,0.0,0.0,0.0,0.0,0.0,0.0,0.0,0.0,0.0,0.0,0.0,0.0,0.0,0.0,0.0,0.0,0.0,0.0,0.0,0.0,0.0,0.0,0.0,0.0,0.0,0.0,0.0,0.0,0.0,0.0,0.0,0.0,0.0,0.0,0.0,0.66,0.6985
128,0.001,3,20,100,32,16,256,184,440338,73,30,ContrastiveLoss,gru,/home/dpetrovitch/dzagcoffee/train_trace/gender/checkpoints_2025-10-07 19:53:20.141369_ContrastiveLoss_gru_catboost/model_128_0.001_3_20_100_256_32_16_256_ContrastiveLoss_gruepoch=09.ckpt,9,30,0.45795643,51.8687,1.6755,0.0005,4.6368,1.2816,11.4445,0.6115,1025.5547,50.1892,266.5731,13.0457,246.1779,12.0476,234.5131,11.4767,218.5138,10.6938,204.4103,10.0035,168.4637,8.2444,63.6392,3.4956,16.5418,0.9086,15.2762,0.8391,14.5523,0.7993,13.5595,0.7448,12.6844,0.6967,10.4537,0.5742,0.0,0.0,0.0,0.0,0.0,0.0,0.0,0.0,0.0,0.0,0.0,0.0,0.0,0.0,0.0,0.0,0.0,0.0,0.0,0.0,0.0,0.0,0.0,0.0,0.0,0.0,0.0,0.0,0.0,0.0,0.0,0.0,0.0,0.0,0.0,0.676,0.7292
128,0.001,3,20,100,32,16,256,184,440338,73,30,ContrastiveLoss,gru,/home/dpetrovitch/dzagcoffee/train_trace/gender/checkpoints_2025-10-07 19:53:20.141369_ContrastiveLoss_gru_catboost/model_128_0.001_3_20_100_256_32_16_256_ContrastiveLoss_gruepoch=10.ckpt,10,30,0.45898724,54.7067,1.6759,0.0005,4.6153,1.3319,10.7016,0.5687,1071.1775,52.4285,268.0936,13.1218,247.9852,12.1376,236.6008,11.5804,220.7229,10.8032,206.5865,10.1113,175.097,8.5701,65.997,3.5271,16.5177,0.8828,15.2788,0.8165,14.5774,0.7791,13.5991,0.7268,12.7281,0.6802,10.788,0.5765,0.0,0.0,0.0,0.0,0.0,0.0,0.0,0.0,0.0,0.0,0.0,0.0,0.0,0.0,0.0,0.0,0.0,0.0,0.0,0.0,0.0,0.0,0.0,0.0,0.0,0.0,0.0,0.0,0.0,0.0,0.0,0.0,0.0,0.0,0.0,0.66,0.7177
128,0.001,3,20,100,32,16,256,184,440338,73,30,ContrastiveLoss,gru,/home/dpetrovitch/dzagcoffee/train_trace/gender/checkpoints_2025-10-07 19:53:20.141369_ContrastiveLoss_gru_catboost/model_128_0.001_3_20_100_256_32_16_256_ContrastiveLoss_gruepoch=11.ckpt,11,30,0.45579204,53.9918,1.6744,0.0005,4.6112,1.3078,11.1212,0.5883,1070.006,52.2948,268.7658,13.1355,248.4253,12.1414,236.9842,11.5822,220.827,10.7926,206.5145,10.0931,172.9959,8.4549,67.0083,3.5576,16.8312,0.8936,15.5574,0.826,14.8409,0.7879,13.8291,0.7342,12.9328,0.6866,10.8337,0.5752,0.0,0.0,0.0,0.0,0.0,0.0,0.0,0.0,0.0,0.0,0.0,0.0,0.0,0.0,0.0,0.0,0.0,0.0,0.0,0.0,0.0,0.0,0.0,0.0,0.0,0.0,0.0,0.0,0.0,0.0,0.0,0.0,0.0,0.0,0.0,0.668,0.7131
128,0.001,3,20,100,32,16,256,184,440338,73,30,ContrastiveLoss,gru,/home/dpetrovitch/dzagcoffee/train_trace/gender/checkpoints_2025-10-07 19:53:20.141369_ContrastiveLoss_gru_catboost/model_128_0.001_3_20_100_256_32_16_256_ContrastiveLoss_gruepoch=12.ckpt,12,30,0.46011516,54.9647,1.6773,0.0005,4.6256,1.3177,10.5534,0.5814,1099.125,53.8114,269.7695,13.2075,249.641,12.222,238.0765,11.6558,222.376,10.8872,208.1985,10.1931,177.0411,8.6676,66.6943,3.614,16.3695,0.887,15.1481,0.8208,14.4464,0.7828,13.4937,0.7312,12.6334,0.6846,10.7428,0.5821,0.0,0.0,0.0,0.0,0.0,0.0,0.0,0.0,0.0,0.0,0.0,0.0,0.0,0.0,0.0,0.0,0.0,0.0,0.0,0.0,0.0,0.0,0.0,0.0,0.0,0.0,0.0,0.0,0.0,0.0,0.0,0.0,0.0,0.0,0.0,0.652,0.7194
128,0.001,3,20,100,32,16,256,184,440338,73,30,ContrastiveLoss,gru,/home/dpetrovitch/dzagcoffee/train_trace/gender/checkpoints_2025-10-07 19:53:20.141369_ContrastiveLoss_gru_catboost/model_128_0.001_3_20_100_256_32_16_256_ContrastiveLoss_gruepoch=13.ckpt,13,30,0.4592214,55.2851,1.6773,0.0005,4.6259,1.3098,11.1507,0.5873,1115.3169,54.5643,271.733,13.2939,251.498,12.304,240.0369,11.7432,224.2313,10.97,210.0654,10.277,179.3511,8.7743,69.2118,3.6813,16.8626,0.8969,15.6069,0.8301,14.8957,0.7923,13.9148,0.7401,13.0358,0.6934,11.1298,0.592,0.0,0.0,0.0,0.0,0.0,0.0,0.0,0.0,0.0,0.0,0.0,0.0,0.0,0.0,0.0,0.0,0.0,0.0,0.0,0.0,0.0,0.0,0.0,0.0,0.0,0.0,0.0,0.0,0.0,0.0,0.0,0.0,0.0,0.0,0.0,0.684,0.7386
128,0.001,3,20,100,32,16,256,184,440338,73,30,ContrastiveLoss,gru,/home/dpetrovitch/dzagcoffee/train_trace/gender/checkpoints_2025-10-07 19:53:20.141369_ContrastiveLoss_gru_catboost/model_128_0.001_3_20_100_256_32_16_256_ContrastiveLoss_gruepoch=14.ckpt,14,30,0.46323326,54.7715,1.6751,0.0005,4.6289,1.304,10.375,0.5924,1121.5444,54.7631,271.6465,13.264,251.5208,12.2813,240.031,11.7203,224.3554,10.9549,210.3419,10.2706,180.0087,8.7895,73.4379,3.8769,17.7872,0.939,16.4694,0.8694,15.7171,0.8297,14.6906,0.7755,13.773,0.7271,11.7868,0.6222,0.0,0.0,0.0,0.0,0.0,0.0,0.0,0.0,0.0,0.0,0.0,0.0,0.0,0.0,0.0,0.0,0.0,0.0,0.0,0.0,0.0,0.0,0.0,0.0,0.0,0.0,0.0,0.0,0.0,0.0,0.0,0.0,0.0,0.0,0.0,0.68,0.7569
128,0.001,3,20,100,32,16,256,184,440338,73,30,ContrastiveLoss,gru,/home/dpetrovitch/dzagcoffee/train_trace/gender/checkpoints_2025-10-07 19:53:20.141369_ContrastiveLoss_gru_catboost/model_128_0.001_3_20_100_256_32_16_256_ContrastiveLoss_gruepoch=15.ckpt,15,30,0.46215963,54.6313,1.6758,0.0005,4.635,1.292,11.6448,0.6018,1135.036,55.4582,272.1372,13.2967,252.3035,12.3276,241.0533,11.7779,225.6523,11.0254,211.639,10.3407,179.7508,8.7827,71.9133,3.7625,17.242,0.9021,15.9854,0.8363,15.2726,0.7991,14.2968,0.748,13.409,0.7016,11.3886,0.5958,0.0,0.0,0.0,0.0,0.0,0.0,0.0,0.0,0.0,0.0,0.0,0.0,0.0,0.0,0.0,0.0,0.0,0.0,0.0,0.0,0.0,0.0,0.0,0.0,0.0,0.0,0.0,0.0,0.0,0.0,0.0,0.0,0.0,0.0,0.0,0.68,0.7215
128,0.001,3,20,100,32,16,256,184,440338,73,30,ContrastiveLoss,gru,/home/dpetrovitch/dzagcoffee/train_trace/gender/checkpoints_2025-10-07 19:53:20.141369_ContrastiveLoss_gru_catboost/model_128_0.001_3_20_100_256_32_16_256_ContrastiveLoss_gruepoch=16.ckpt,16,30,0.46337032,56.4324,1.6767,0.0006,4.6179,1.3166,11.7356,0.5812,1169.3383,57.1833,273.6223,13.3808,253.9228,12.4174,242.6533,11.8663,227.1987,11.1105,213.4619,10.4388,183.0255,8.9504,76.1224,3.9802,17.8125,0.9314,16.53,0.8643,15.7964,0.8259,14.7903,0.7733,13.8961,0.7266,11.9147,0.623,0.0,0.0,0.0,0.0,0.0,0.0,0.0,0.0,0.0,0.0,0.0,0.0,0.0,0.0,0.0,0.0,0.0,0.0,0.0,0.0,0.0,0.0,0.0,0.0,0.0,0.0,0.0,0.0,0.0,0.0,0.0,0.0,0.0,0.0,0.0,0.7,0.7392
128,0.001,3,20,100,32,16,256,184,440338,73,30,ContrastiveLoss,gru,/home/dpetrovitch/dzagcoffee/train_trace/gender/checkpoints_2025-10-07 19:53:20.141369_ContrastiveLoss_gru_catboost/model_128_0.001_3_20_100_256_32_16_256_ContrastiveLoss_gruepoch=17.ckpt,17,30,0.4625565,55.7803,1.6764,0.0005,4.6291,1.2971,11.5395,0.5973,1158.2646,56.6091,273.8007,13.3818,253.959,12.412,242.8517,11.8692,227.5243,11.12,213.7975,10.4492,181.5773,8.8744,74.8033,3.9211,17.6827,0.9269,16.4012,0.8597,15.6839,0.8221,14.694,0.7702,13.8075,0.7238,11.7267,0.6147,0.0,0.0,0.0,0.0,0.0,0.0,0.0,0.0,0.0,0.0,0.0,0.0,0.0,0.0,0.0,0.0,0.0,0.0,0.0,0.0,0.0,0.0,0.0,0.0,0.0,0.0,0.0,0.0,0.0,0.0,0.0,0.0,0.0,0.0,0.0,0.692,0.7505
128,0.001,3,20,100,32,16,256,184,440338,73,30,ContrastiveLoss,gru,/home/dpetrovitch/dzagcoffee/train_trace/gender/checkpoints_2025-10-07 19:53:20.141369_ContrastiveLoss_gru_catboost/model_128_0.001_3_20_100_256_32_16_256_ContrastiveLoss_gruepoch=18.ckpt,18,30,0.46124017,55.3855,1.6757,0.0005,4.6257,1.2816,11.8506,0.6098,1166.6292,56.9447,273.8591,13.3674,254.0841,12.4022,242.9857,11.8605,227.4525,11.1023,213.9442,10.4429,181.2033,8.8448,79.1664,4.0301,18.5838,0.946,17.2419,0.8777,16.4888,0.8394,15.4347,0.7857,14.5181,0.7391,12.2963,0.626,0.0,0.0,0.0,0.0,0.0,0.0,0.0,0.0,0.0,0.0,0.0,0.0,0.0,0.0,0.0,0.0,0.0,0.0,0.0,0.0,0.0,0.0,0.0,0.0,0.0,0.0,0.0,0.0,0.0,0.0,0.0,0.0,0.0,0.0,0.0,0.692,0.7549
128,0.001,3,20,100,32,16,256,184,440338,73,30,ContrastiveLoss,gru,/home/dpetrovitch/dzagcoffee/train_trace/gender/checkpoints_2025-10-07 19:53:20.141369_ContrastiveLoss_gru_catboost/model_128_0.001_3_20_100_256_32_16_256_ContrastiveLoss_gruepoch=19.ckpt,19,30,0.46545768,56.8794,1.6747,0.0005,4.6133,1.3026,11.7965,0.5924,1179.787,57.5787,275.0327,13.4228,255.2394,12.4568,243.997,11.9081,228.6227,11.1578,214.9947,10.4927,184.1787,8.9887,76.1874,3.9666,17.7609,0.9247,16.4827,0.8581,15.7567,0.8204,14.7638,0.7687,13.8838,0.7228,11.8938,0.6192,0.0,0.0,0.0,0.0,0.0,0.0,0.0,0.0,0.0,0.0,0.0,0.0,0.0,0.0,0.0,0.0,0.0,0.0,0.0,0.0,0.0,0.0,0.0,0.0,0.0,0.0,0.0,0.0,0.0,0.0,0.0,0.0,0.0,0.0,0.0,0.664,0.7394
128,0.001,3,20,100,32,16,256,184,440338,73,30,ContrastiveLoss,gru,/home/dpetrovitch/dzagcoffee/train_trace/gender/checkpoints_2025-10-07 19:53:20.141369_ContrastiveLoss_gru_catboost/model_128_0.001_3_20_100_256_32_16_256_ContrastiveLoss_gruepoch=20.ckpt,20,30,0.46582317,57.0167,1.6747,0.0005,4.6119,1.3083,11.422,0.5881,1189.0608,58.0296,275.1779,13.4295,255.5222,12.4702,244.2631,11.9207,229.1791,11.1846,215.5772,10.5208,185.0656,9.0317,76.3299,3.9316,17.6646,0.9099,16.4028,0.8449,15.6801,0.8077,14.7118,0.7578,13.8386,0.7128,11.88,0.6119,0.0,0.0,0.0,0.0,0.0,0.0,0.0,0.0,0.0,0.0,0.0,0.0,0.0,0.0,0.0,0.0,0.0,0.0,0.0,0.0,0.0,0.0,0.0,0.0,0.0,0.0,0.0,0.0,0.0,0.0,0.0,0.0,0.0,0.0,0.0,0.704,0.7573
128,0.001,3,20,100,32,16,256,184,440338,73,30,ContrastiveLoss,gru,/home/dpetrovitch/dzagcoffee/train_trace/gender/checkpoints_2025-10-07 19:53:20.141369_ContrastiveLoss_gru_catboost/model_128_0.001_3_20_100_256_32_16_256_ContrastiveLoss_gruepoch=21.ckpt,21,30,0.46656847,56.2738,1.6743,0.0005,4.6156,1.2906,11.3354,0.603,1191.9474,58.1774,275.5934,13.4514,255.9186,12.4911,244.5666,11.937,229.3716,11.1953,215.6943,10.5278,184.9193,9.0257,77.1141,4.0172,17.8298,0.9288,16.5569,0.8625,15.8225,0.8243,14.8394,0.773,13.9545,0.7269,11.9635,0.6232,0.0,0.0,0.0,0.0,0.0,0.0,0.0,0.0,0.0,0.0,0.0,0.0,0.0,0.0,0.0,0.0,0.0,0.0,0.0,0.0,0.0,0.0,0.0,0.0,0.0,0.0,0.0,0.0,0.0,0.0,0.0,0.0,0.0,0.0,0.0,0.712,0.7584
128,0.001,3,20,100,32,16,256,184,440338,73,30,ContrastiveLoss,gru,/home/dpetrovitch/dzagcoffee/train_trace/gender/checkpoints_2025-10-07 19:53:20.141369_ContrastiveLoss_gru_catboost/model_128_0.001_3_20_100_256_32_16_256_ContrastiveLoss_gruepoch=22.ckpt,22,30,0.4620397,55.5366,1.6684,0.0005,4.6099,1.279,11.6564,0.613,1187.3036,57.8628,275.403,13.4217,255.7018,12.4615,244.5983,11.9204,229.4281,11.1811,215.7529,10.5146,186.7258,9.1,75.506,3.9466,17.5141,0.9154,16.2612,0.8499,15.5551,0.813,14.5904,0.7626,13.7207,0.7172,11.8747,0.6207,0.0,0.0,0.0,0.0,0.0,0.0,0.0,0.0,0.0,0.0,0.0,0.0,0.0,0.0,0.0,0.0,0.0,0.0,0.0,0.0,0.0,0.0,0.0,0.0,0.0,0.0,0.0,0.0,0.0,0.0,0.0,0.0,0.0,0.0,0.0,0.72,0.7436
128,0.001,3,20,100,32,16,256,184,440338,73,30,ContrastiveLoss,gru,/home/dpetrovitch/dzagcoffee/train_trace/gender/checkpoints_2025-10-07 19:53:20.141369_ContrastiveLoss_gru_catboost/model_128_0.001_3_20_100_256_32_16_256_ContrastiveLoss_gruepoch=23.ckpt,23,30,0.4661744,57.1948,1.6735,0.0005,4.6063,1.3046,11.9599,0.5904,1211.8181,59.0997,275.8579,13.4534,256.223,12.4958,245.0904,11.9529,230.079,11.2208,216.7025,10.5685,187.6563,9.1519,82.6938,4.2484,18.8244,0.9671,17.4845,0.8983,16.7248,0.8592,15.7005,0.8066,14.7877,0.7597,12.8056,0.6579,0.0,0.0,0.0,0.0,0.0,0.0,0.0,0.0,0.0,0.0,0.0,0.0,0.0,0.0,0.0,0.0,0.0,0.0,0.0,0.0,0.0,0.0,0.0,0.0,0.0,0.0,0.0,0.0,0.0,0.0,0.0,0.0,0.0,0.0,0.0,0.668,0.7352
128,0.001,3,20,100,32,16,256,184,440338,73,30,ContrastiveLoss,gru,/home/dpetrovitch/dzagcoffee/train_trace/gender/checkpoints_2025-10-07 19:53:20.141369_ContrastiveLoss_gru_catboost/model_128_0.001_3_20_100_256_32_16_256_ContrastiveLoss_gruepoch=24.ckpt,24,30,0.46200255,57.3007,1.6752,0.0005,4.6086,1.2952,11.5473,0.5982,1212.2079,59.1796,276.081,13.4782,256.6536,12.5297,245.5349,11.9869,230.3511,11.2457,216.8998,10.589,186.9012,9.1245,80.028,4.0801,18.2264,0.9293,16.9439,0.8639,16.2098,0.8264,15.2074,0.7753,14.3194,0.7301,12.3389,0.6291,0.0,0.0,0.0,0.0,0.0,0.0,0.0,0.0,0.0,0.0,0.0,0.0,0.0,0.0,0.0,0.0,0.0,0.0,0.0,0.0,0.0,0.0,0.0,0.0,0.0,0.0,0.0,0.0,0.0,0.0,0.0,0.0,0.0,0.0,0.0,0.684,0.7562
128,0.001,3,20,100,32,16,256,184,440338,73,30,ContrastiveLoss,gru,/home/dpetrovitch/dzagcoffee/train_trace/gender/checkpoints_2025-10-07 19:53:20.141369_ContrastiveLoss_gru_catboost/model_128_0.001_3_20_100_256_32_16_256_ContrastiveLoss_gruepoch=25.ckpt,25,30,0.46640852,57.7172,1.6758,0.0005,4.6071,1.3001,12.3412,0.5949,1223.3553,59.7771,276.2163,13.4968,256.6474,12.5406,245.6967,12.0055,230.9077,11.2829,217.9974,10.6521,188.9651,9.2335,81.0912,4.1582,18.3092,0.9389,17.0121,0.8724,16.2862,0.8351,15.3059,0.7849,14.4502,0.741,12.5257,0.6423,0.0,0.0,0.0,0.0,0.0,0.0,0.0,0.0,0.0,0.0,0.0,0.0,0.0,0.0,0.0,0.0,0.0,0.0,0.0,0.0,0.0,0.0,0.0,0.0,0.0,0.0,0.0,0.0,0.0,0.0,0.0,0.0,0.0,0.0,0.0,0.712,0.7672
128,0.001,3,20,100,32,16,256,184,440338,73,30,ContrastiveLoss,gru,/home/dpetrovitch/dzagcoffee/train_trace/gender/checkpoints_2025-10-07 19:53:20.141369_ContrastiveLoss_gru_catboost/model_128_0.001_3_20_100_256_32_16_256_ContrastiveLoss_gruepoch=26.ckpt,26,30,0.4655005,58.4051,1.6764,0.0005,4.6134,1.312,11.4845,0.5844,1232.6417,60.2004,275.8358,13.4714,256.3665,12.5206,245.3504,11.9825,230.4075,11.2528,216.9767,10.5968,188.1282,9.1879,81.6859,4.2236,18.2794,0.9451,16.9892,0.8784,16.2591,0.8407,15.2689,0.7895,14.3788,0.7435,12.4671,0.6446,0.0,0.0,0.0,0.0,0.0,0.0,0.0,0.0,0.0,0.0,0.0,0.0,0.0,0.0,0.0,0.0,0.0,0.0,0.0,0.0,0.0,0.0,0.0,0.0,0.0,0.0,0.0,0.0,0.0,0.0,0.0,0.0,0.0,0.0,0.0,0.684,0.7449
128,0.001,3,20,100,32,16,256,184,440338,73,30,ContrastiveLoss,gru,/home/dpetrovitch/dzagcoffee/train_trace/gender/checkpoints_2025-10-07 19:53:20.141369_ContrastiveLoss_gru_catboost/model_128_0.001_3_20_100_256_32_16_256_ContrastiveLoss_gruepoch=27.ckpt,27,30,0.4658403,57.6284,1.676,0.0005,4.6297,1.296,11.6674,0.5995,1224.3597,59.7976,276.4387,13.5012,256.8847,12.5462,245.8888,12.0092,230.926,11.2784,217.8427,10.6394,188.7343,9.2178,82.2838,4.1729,18.5782,0.9422,17.2641,0.8755,16.5251,0.8381,15.5195,0.7871,14.6403,0.7425,12.684,0.6433,0.0,0.0,0.0,0.0,0.0,0.0,0.0,0.0,0.0,0.0,0.0,0.0,0.0,0.0,0.0,0.0,0.0,0.0,0.0,0.0,0.0,0.0,0.0,0.0,0.0,0.0,0.0,0.0,0.0,0.0,0.0,0.0,0.0,0.0,0.0,0.676,0.7494
128,0.001,3,20,100,32,16,256,184,440338,73,30,ContrastiveLoss,gru,/home/dpetrovitch/dzagcoffee/train_trace/gender/checkpoints_2025-10-07 19:53:20.141369_ContrastiveLoss_gru_catboost/model_128_0.001_3_20_100_256_32_16_256_ContrastiveLoss_gruepoch=28.ckpt,28,30,0.4650379,58.1918,1.6731,0.0005,4.6033,1.3121,11.4758,0.5834,1248.5043,60.8359,276.9139,13.4932,257.4615,12.5453,246.4463,12.0086,231.5688,11.2837,218.2965,10.6369,190.3429,9.2748,85.4958,4.2895,18.9627,0.9514,17.6306,0.8846,16.8763,0.8467,15.8575,0.7956,14.9486,0.75,13.0344,0.654,0.0,0.0,0.0,0.0,0.0,0.0,0.0,0.0,0.0,0.0,0.0,0.0,0.0,0.0,0.0,0.0,0.0,0.0,0.0,0.0,0.0,0.0,0.0,0.0,0.0,0.0,0.0,0.0,0.0,0.0,0.0,0.0,0.0,0.0,0.0,0.688,0.7596
128,0.001,3,20,100,32,16,256,184,440338,73,30,ContrastiveLoss,gru,/home/dpetrovitch/dzagcoffee/train_trace/gender/checkpoints_2025-10-07 19:53:20.141369_ContrastiveLoss_gru_catboost/model_128_0.001_3_20_100_256_32_16_256_ContrastiveLoss_gruepoch=29.ckpt,29,30,0.4660516,57.3138,1.6761,0.0005,4.6182,1.2855,11.9216,0.6079,1226.7562,59.8393,277.1268,13.5178,257.5204,12.5614,246.4224,12.0201,231.5635,11.2953,218.3067,10.6487,186.4238,9.0935,78.9217,4.061,17.8286,0.9174,16.5672,0.8525,15.8532,0.8158,14.8973,0.7666,14.0445,0.7227,11.9933,0.6171,0.0,0.0,0.0,0.0,0.0,0.0,0.0,0.0,0.0,0.0,0.0,0.0,0.0,0.0,0.0,0.0,0.0,0.0,0.0,0.0,0.0,0.0,0.0,0.0,0.0,0.0,0.0,0.0,0.0,0.0,0.0,0.0,0.0,0.0,0.0,0.708,0.7434
128,0.001,3,10,60,32,16,256,184,440338,73,30,ContrastiveLoss,gru,/home/dpetrovitch/dzagcoffee/train_trace/gender/checkpoints_2025-10-07 19:53:20.141369_ContrastiveLoss_gru_catboost/model_128_0.001_3_10_60_256_32_16_256_ContrastiveLoss_gruepoch=00.ckpt,0,30,0.28820875,48.5819,1.6789,0.0003,5.2076,1.3677,7.5092,0.5605,601.4816,30.2153,245.2319,12.3192,216.3974,10.8707,200.1902,10.0565,178.959,8.99,160.3058,8.0529,97.3964,4.8927,24.0777,1.6146,9.8168,0.6583,8.6625,0.5809,8.0138,0.5374,7.1639,0.4804,6.4172,0.4303,3.8988,0.2615,0.0,0.0,0.0,0.0,0.0,0.0,0.0,0.0,0.0,0.0,0.0,0.0,0.0,0.0,0.0,0.0,0.0,0.0,0.0,0.0,0.0,0.0,0.0,0.0,0.0,0.0,0.0,0.0,0.0,0.0,0.0,0.0,0.0,0.0,0.0,0.632,0.6355
128,0.001,3,10,60,32,16,256,184,440338,73,30,ContrastiveLoss,gru,/home/dpetrovitch/dzagcoffee/train_trace/gender/checkpoints_2025-10-07 19:53:20.141369_ContrastiveLoss_gru_catboost/model_128_0.001_3_10_60_256_32_16_256_ContrastiveLoss_gruepoch=01.ckpt,1,30,0.33807623,46.7166,1.6788,0.0004,5.0004,1.3337,9.0866,0.5755,729.2758,36.2475,246.4504,12.2494,220.0676,10.9381,204.9753,10.188,184.6141,9.176,168.2431,8.3623,124.4057,6.1834,31.5118,2.0563,10.6491,0.6949,9.5091,0.6205,8.8569,0.578,7.9771,0.5205,7.2697,0.4744,5.3755,0.3508,0.0,0.0,0.0,0.0,0.0,0.0,0.0,0.0,0.0,0.0,0.0,0.0,0.0,0.0,0.0,0.0,0.0,0.0,0.0,0.0,0.0,0.0,0.0,0.0,0.0,0.0,0.0,0.0,0.0,0.0,0.0,0.0,0.0,0.0,0.0,0.624,0.6847
128,0.001,3,10,60,32,16,256,184,440338,73,30,ContrastiveLoss,gru,/home/dpetrovitch/dzagcoffee/train_trace/gender/checkpoints_2025-10-07 19:53:20.141369_ContrastiveLoss_gru_catboost/model_128_0.001_3_10_60_256_32_16_256_ContrastiveLoss_gruepoch=02.ckpt,2,30,0.34741926,48.0962,1.678,0.0005,4.7534,1.3683,9.2448,0.5464,813.9933,40.1663,248.1184,12.2434,223.7021,11.0385,210.196,10.3721,192.1679,9.4825,177.2696,8.7473,140.0696,6.9117,40.6381,2.5402,12.3872,0.7743,11.1682,0.6981,10.4939,0.6559,9.5939,0.5997,8.8501,0.5532,6.9929,0.4371,0.0,0.0,0.0,0.0,0.0,0.0,0.0,0.0,0.0,0.0,0.0,0.0,0.0,0.0,0.0,0.0,0.0,0.0,0.0,0.0,0.0,0.0,0.0,0.0,0.0,0.0,0.0,0.0,0.0,0.0,0.0,0.0,0.0,0.0,0.0,0.664,0.6664
128,0.001,3,10,60,32,16,256,184,440338,73,30,ContrastiveLoss,gru,/home/dpetrovitch/dzagcoffee/train_trace/gender/checkpoints_2025-10-07 19:53:20.141369_ContrastiveLoss_gru_catboost/model_128_0.001_3_10_60_256_32_16_256_ContrastiveLoss_gruepoch=03.ckpt,3,30,0.35798156,46.441,1.678,0.0004,4.6555,1.2811,9.8185,0.6143,870.4509,42.8983,252.1868,12.4285,228.6844,11.2702,215.7318,10.6319,198.7288,9.7939,184.8214,9.1085,153.0255,7.5415,45.1164,2.7033,13.0711,0.7832,11.853,0.7102,11.1816,0.67,10.3003,0.6172,9.5795,0.574,7.9315,0.4752,0.0,0.0,0.0,0.0,0.0,0.0,0.0,0.0,0.0,0.0,0.0,0.0,0.0,0.0,0.0,0.0,0.0,0.0,0.0,0.0,0.0,0.0,0.0,0.0,0.0,0.0,0.0,0.0,0.0,0.0,0.0,0.0,0.0,0.0,0.0,0.656,0.6849
128,0.001,3,10,60,32,16,256,184,440338,73,30,ContrastiveLoss,gru,/home/dpetrovitch/dzagcoffee/train_trace/gender/checkpoints_2025-10-07 19:53:20.141369_ContrastiveLoss_gru_catboost/model_128_0.001_3_10_60_256_32_16_256_ContrastiveLoss_gruepoch=04.ckpt,4,30,0.36667636,49.8286,1.6755,0.0005,4.5467,1.3065,10.449,0.5907,922.677,45.2449,255.1572,12.512,232.7724,11.4144,220.1869,10.7972,203.2904,9.9687,189.1045,9.273,161.5589,7.9223,49.3683,2.9701,13.6523,0.8214,12.4546,0.7493,11.7812,0.7088,10.8772,0.6544,10.1181,0.6087,8.6443,0.5201,0.0,0.0,0.0,0.0,0.0,0.0,0.0,0.0,0.0,0.0,0.0,0.0,0.0,0.0,0.0,0.0,0.0,0.0,0.0,0.0,0.0,0.0,0.0,0.0,0.0,0.0,0.0,0.0,0.0,0.0,0.0,0.0,0.0,0.0,0.0,0.688,0.7156
128,0.001,3,10,60,32,16,256,184,440338,73,30,ContrastiveLoss,gru,/home/dpetrovitch/dzagcoffee/train_trace/gender/checkpoints_2025-10-07 19:53:20.141369_ContrastiveLoss_gru_catboost/model_128_0.001_3_10_60_256_32_16_256_ContrastiveLoss_gruepoch=05.ckpt,5,30,0.37969434,51.6131,1.6755,0.0005,4.5263,1.2859,10.0574,0.6082,981.1816,48.1551,261.3352,12.826,239.073,11.7334,226.74,11.1281,210.2557,10.3191,197.1085,9.6738,171.0564,8.3952,53.207,3.051,14.1715,0.8126,12.9643,0.7434,12.2955,0.705,11.4016,0.6538,10.6887,0.6129,9.276,0.5319,0.0,0.0,0.0,0.0,0.0,0.0,0.0,0.0,0.0,0.0,0.0,0.0,0.0,0.0,0.0,0.0,0.0,0.0,0.0,0.0,0.0,0.0,0.0,0.0,0.0,0.0,0.0,0.0,0.0,0.0,0.0,0.0,0.0,0.0,0.0,0.684,0.7281
128,0.001,3,10,60,32,16,256,184,440338,73,30,ContrastiveLoss,gru,/home/dpetrovitch/dzagcoffee/train_trace/gender/checkpoints_2025-10-07 19:53:20.141369_ContrastiveLoss_gru_catboost/model_128_0.001_3_10_60_256_32_16_256_ContrastiveLoss_gruepoch=06.ckpt,6,30,0.3803711,52.1371,1.671,0.0006,4.5131,1.275,11.5674,0.6186,1018.2483,49.7558,263.5588,12.8786,242.0197,11.8261,230.3263,11.2547,214.5003,10.4814,201.5012,9.8462,178.0172,8.6987,59.1823,3.256,15.3185,0.8428,14.0666,0.7739,13.387,0.7365,12.4671,0.6859,11.7116,0.6443,10.3467,0.5692,0.0,0.0,0.0,0.0,0.0,0.0,0.0,0.0,0.0,0.0,0.0,0.0,0.0,0.0,0.0,0.0,0.0,0.0,0.0,0.0,0.0,0.0,0.0,0.0,0.0,0.0,0.0,0.0,0.0,0.0,0.0,0.0,0.0,0.0,0.0,0.688,0.6983
128,0.001,3,10,60,32,16,256,184,440338,73,30,ContrastiveLoss,gru,/home/dpetrovitch/dzagcoffee/train_trace/gender/checkpoints_2025-10-07 19:53:20.141369_ContrastiveLoss_gru_catboost/model_128_0.001_3_10_60_256_32_16_256_ContrastiveLoss_gruepoch=07.ckpt,7,30,0.39131606,56.66,1.6764,0.0005,4.4972,1.2937,11.1279,0.6021,1073.6298,52.5461,268.9313,13.1622,247.6453,12.1204,235.9735,11.5491,220.0017,10.7674,207.3945,10.1504,185.0267,9.0557,60.6567,3.3424,15.1938,0.8372,13.9912,0.771,13.3318,0.7346,12.4294,0.6849,11.7171,0.6457,10.4534,0.576,0.0,0.0,0.0,0.0,0.0,0.0,0.0,0.0,0.0,0.0,0.0,0.0,0.0,0.0,0.0,0.0,0.0,0.0,0.0,0.0,0.0,0.0,0.0,0.0,0.0,0.0,0.0,0.0,0.0,0.0,0.0,0.0,0.0,0.0,0.0,0.672,0.7347
128,0.001,3,10,60,32,16,256,184,440338,73,30,ContrastiveLoss,gru,/home/dpetrovitch/dzagcoffee/train_trace/gender/checkpoints_2025-10-07 19:53:20.141369_ContrastiveLoss_gru_catboost/model_128_0.001_3_10_60_256_32_16_256_ContrastiveLoss_gruepoch=08.ckpt,8,30,0.39958823,56.1871,1.6763,0.0006,4.5269,1.2467,11.4922,0.6481,1059.2046,51.9007,270.5826,13.2585,249.0969,12.2057,237.2352,11.6244,220.6218,10.8104,206.8799,10.137,182.8907,8.9616,61.3781,3.3576,15.6795,0.8577,14.4345,0.7896,13.7472,0.752,12.7844,0.6994,11.9881,0.6558,10.598,0.5798,0.0,0.0,0.0,0.0,0.0,0.0,0.0,0.0,0.0,0.0,0.0,0.0,0.0,0.0,0.0,0.0,0.0,0.0,0.0,0.0,0.0,0.0,0.0,0.0,0.0,0.0,0.0,0.0,0.0,0.0,0.0,0.0,0.0,0.0,0.0,0.68,0.7171
128,0.001,3,10,60,32,16,256,184,440338,73,30,ContrastiveLoss,gru,/home/dpetrovitch/dzagcoffee/train_trace/gender/checkpoints_2025-10-07 19:53:20.141369_ContrastiveLoss_gru_catboost/model_128_0.001_3_10_60_256_32_16_256_ContrastiveLoss_gruepoch=09.ckpt,9,30,0.39477396,57.24,1.6747,0.0005,4.5196,1.2497,11.1622,0.642,1113.3436,54.4705,273.185,13.3656,252.1527,12.3366,240.583,11.7706,224.8484,11.0007,211.8112,10.3629,188.6791,9.2311,61.5055,3.3634,15.0918,0.8253,13.9299,0.7618,13.2907,0.7268,12.4215,0.6793,11.7013,0.6399,10.4234,0.57,0.0,0.0,0.0,0.0,0.0,0.0,0.0,0.0,0.0,0.0,0.0,0.0,0.0,0.0,0.0,0.0,0.0,0.0,0.0,0.0,0.0,0.0,0.0,0.0,0.0,0.0,0.0,0.0,0.0,0.0,0.0,0.0,0.0,0.0,0.0,0.66,0.7162
128,0.001,3,10,60,32,16,256,184,440338,73,30,ContrastiveLoss,gru,/home/dpetrovitch/dzagcoffee/train_trace/gender/checkpoints_2025-10-07 19:53:20.141369_ContrastiveLoss_gru_catboost/model_128_0.001_3_10_60_256_32_16_256_ContrastiveLoss_gruepoch=10.ckpt,10,30,0.40201536,58.553,1.6732,0.0006,4.5227,1.2637,11.7637,0.6292,1154.6301,56.3619,276.4182,13.493,255.8098,12.4871,244.3262,11.9265,228.7318,11.1653,216.4025,10.5634,194.0352,9.4716,63.3077,3.4649,15.1558,0.8295,14.0259,0.7676,13.3963,0.7332,12.5412,0.6864,11.8652,0.6494,10.6388,0.5823,0.0,0.0,0.0,0.0,0.0,0.0,0.0,0.0,0.0,0.0,0.0,0.0,0.0,0.0,0.0,0.0,0.0,0.0,0.0,0.0,0.0,0.0,0.0,0.0,0.0,0.0,0.0,0.0,0.0,0.0,0.0,0.0,0.0,0.0,0.0,0.656,0.6952
128,0.001,3,10,60,32,16,256,184,440338,73,30,ContrastiveLoss,gru,/home/dpetrovitch/dzagcoffee/train_trace/gender/checkpoints_2025-10-07 19:53:20.141369_ContrastiveLoss_gru_catboost/model_128_0.001_3_10_60_256_32_16_256_ContrastiveLoss_gruepoch=11.ckpt,11,30,0.40551332,60.1979,1.6733,0.0006,4.5255,1.273,12.0277,0.6214,1177.6572,57.5085,276.9851,13.526,256.4878,12.5251,244.873,11.9579,229.407,11.2026,217.4673,10.6196,195.1194,9.5283,64.582,3.5118,15.1897,0.826,14.0656,0.7648,13.4287,0.7302,12.5805,0.6841,11.9258,0.6485,10.7002,0.5818,0.0,0.0,0.0,0.0,0.0,0.0,0.0,0.0,0.0,0.0,0.0,0.0,0.0,0.0,0.0,0.0,0.0,0.0,0.0,0.0,0.0,0.0,0.0,0.0,0.0,0.0,0.0,0.0,0.0,0.0,0.0,0.0,0.0,0.0,0.0,0.696,0.7107
128,0.001,3,10,60,32,16,256,184,440338,73,30,ContrastiveLoss,gru,/home/dpetrovitch/dzagcoffee/train_trace/gender/checkpoints_2025-10-07 19:53:20.141369_ContrastiveLoss_gru_catboost/model_128_0.001_3_10_60_256_32_16_256_ContrastiveLoss_gruepoch=12.ckpt,12,30,0.41592714,60.2631,1.675,0.0006,4.5322,1.2621,11.2331,0.6314,1213.6187,59.2556,278.4951,13.5977,258.5209,12.6224,247.3223,12.0756,232.2991,11.3421,220.4294,10.7626,198.5891,9.6962,71.3706,3.7099,16.3778,0.8513,15.2031,0.7903,14.5446,0.756,13.6611,0.7101,12.963,0.6738,11.6786,0.6071,0.0,0.0,0.0,0.0,0.0,0.0,0.0,0.0,0.0,0.0,0.0,0.0,0.0,0.0,0.0,0.0,0.0,0.0,0.0,0.0,0.0,0.0,0.0,0.0,0.0,0.0,0.0,0.0,0.0,0.0,0.0,0.0,0.0,0.0,0.0,0.696,0.7211
128,0.001,3,10,60,32,16,256,184,440338,73,30,ContrastiveLoss,gru,/home/dpetrovitch/dzagcoffee/train_trace/gender/checkpoints_2025-10-07 19:53:20.141369_ContrastiveLoss_gru_catboost/model_128_0.001_3_10_60_256_32_16_256_ContrastiveLoss_gruepoch=13.ckpt,13,30,0.41043893,60.2644,1.673,0.0006,4.5469,1.2499,11.935,0.6426,1215.3402,59.3,279.6731,13.6461,259.6103,12.6671,248.6487,12.1323,233.7191,11.4038,221.8254,10.8235,200.211,9.7689,72.9277,3.7355,16.7821,0.8596,15.5782,0.7979,14.9204,0.7642,14.0245,0.7184,13.3109,0.6818,12.0139,0.6154,0.0,0.0,0.0,0.0,0.0,0.0,0.0,0.0,0.0,0.0,0.0,0.0,0.0,0.0,0.0,0.0,0.0,0.0,0.0,0.0,0.0,0.0,0.0,0.0,0.0,0.0,0.0,0.0,0.0,0.0,0.0,0.0,0.0,0.0,0.0,0.688,0.7135
128,0.001,3,10,60,32,16,256,184,440338,73,30,ContrastiveLoss,gru,/home/dpetrovitch/dzagcoffee/train_trace/gender/checkpoints_2025-10-07 19:53:20.141369_ContrastiveLoss_gru_catboost/model_128_0.001_3_10_60_256_32_16_256_ContrastiveLoss_gruepoch=14.ckpt,14,30,0.41116992,60.7481,1.6578,0.0006,4.5276,1.2712,11.3615,0.6214,1242.1497,60.4751,278.2368,13.5462,258.4613,12.5834,247.461,12.0478,232.8272,11.3354,221.6839,10.7929,202.193,9.8439,74.0503,3.8533,16.587,0.8631,15.4081,0.8018,14.7523,0.7676,13.8799,0.7223,13.2156,0.6877,12.0537,0.6272,0.0,0.0,0.0,0.0,0.0,0.0,0.0,0.0,0.0,0.0,0.0,0.0,0.0,0.0,0.0,0.0,0.0,0.0,0.0,0.0,0.0,0.0,0.0,0.0,0.0,0.0,0.0,0.0,0.0,0.0,0.0,0.0,0.0,0.0,0.0,0.7,0.7194
128,0.001,3,10,60,32,16,256,184,440338,73,30,ContrastiveLoss,gru,/home/dpetrovitch/dzagcoffee/train_trace/gender/checkpoints_2025-10-07 19:53:20.141369_ContrastiveLoss_gru_catboost/model_128_0.001_3_10_60_256_32_16_256_ContrastiveLoss_gruepoch=15.ckpt,15,30,0.416541,61.7179,1.6715,0.0006,4.5517,1.2596,11.5877,0.6335,1245.0562,60.6812,280.6655,13.679,260.6563,12.7038,249.7027,12.1699,234.8351,11.4453,223.5125,10.8935,200.4135,9.7677,75.1876,3.8041,16.9491,0.8575,15.7408,0.7964,15.0793,0.7629,14.1814,0.7175,13.4977,0.6829,12.1028,0.6123,0.0,0.0,0.0,0.0,0.0,0.0,0.0,0.0,0.0,0.0,0.0,0.0,0.0,0.0,0.0,0.0,0.0,0.0,0.0,0.0,0.0,0.0,0.0,0.0,0.0,0.0,0.0,0.0,0.0,0.0,0.0,0.0,0.0,0.0,0.0,0.688,0.7147
128,0.001,3,10,60,32,16,256,184,440338,73,30,ContrastiveLoss,gru,/home/dpetrovitch/dzagcoffee/train_trace/gender/checkpoints_2025-10-07 19:53:20.141369_ContrastiveLoss_gru_catboost/model_128_0.001_3_10_60_256_32_16_256_ContrastiveLoss_gruepoch=16.ckpt,16,30,0.41713786,61.5506,1.672,0.0005,4.5589,1.2554,11.2447,0.6367,1268.0996,61.7432,280.6003,13.6623,261.1448,12.715,250.2008,12.1822,235.9052,11.4861,224.8252,10.9466,202.1572,9.8429,78.7829,3.9822,17.4328,0.8812,16.2241,0.8201,15.5442,0.7857,14.656,0.7408,13.9677,0.706,12.5594,0.6348,0.0,0.0,0.0,0.0,0.0,0.0,0.0,0.0,0.0,0.0,0.0,0.0,0.0,0.0,0.0,0.0,0.0,0.0,0.0,0.0,0.0,0.0,0.0,0.0,0.0,0.0,0.0,0.0,0.0,0.0,0.0,0.0,0.0,0.0,0.0,0.688,0.7352
128,0.001,3,10,60,32,16,256,184,440338,73,30,ContrastiveLoss,gru,/home/dpetrovitch/dzagcoffee/train_trace/gender/checkpoints_2025-10-07 19:53:20.141369_ContrastiveLoss_gru_catboost/model_128_0.001_3_10_60_256_32_16_256_ContrastiveLoss_gruepoch=17.ckpt,17,30,0.4146707,62.0328,1.6729,0.0006,4.5683,1.2482,12.1306,0.6446,1273.9534,62.1387,281.6417,13.7374,262.0867,12.7836,251.1547,12.2504,236.4694,11.5341,224.996,10.9745,201.7057,9.8385,75.3434,3.8815,16.6567,0.8581,15.5002,0.7985,14.8536,0.7652,13.9851,0.7205,13.3066,0.6855,11.9292,0.6146,0.0,0.0,0.0,0.0,0.0,0.0,0.0,0.0,0.0,0.0,0.0,0.0,0.0,0.0,0.0,0.0,0.0,0.0,0.0,0.0,0.0,0.0,0.0,0.0,0.0,0.0,0.0,0.0,0.0,0.0,0.0,0.0,0.0,0.0,0.0,0.676,0.7379
128,0.001,3,10,60,32,16,256,184,440338,73,30,ContrastiveLoss,gru,/home/dpetrovitch/dzagcoffee/train_trace/gender/checkpoints_2025-10-07 19:53:20.141369_ContrastiveLoss_gru_catboost/model_128_0.001_3_10_60_256_32_16_256_ContrastiveLoss_gruepoch=18.ckpt,18,30,0.41177818,62.4099,1.6715,0.0006,4.5677,1.2432,12.2922,0.6496,1283.0452,62.5143,283.4431,13.8103,263.7731,12.8519,252.8098,12.3177,238.0622,11.5992,226.6979,11.0455,203.4399,9.9123,77.8674,3.9218,17.202,0.8664,16.0083,0.8063,15.3429,0.7728,14.4479,0.7277,13.7582,0.6929,12.3467,0.6218,0.0,0.0,0.0,0.0,0.0,0.0,0.0,0.0,0.0,0.0,0.0,0.0,0.0,0.0,0.0,0.0,0.0,0.0,0.0,0.0,0.0,0.0,0.0,0.0,0.0,0.0,0.0,0.0,0.0,0.0,0.0,0.0,0.0,0.0,0.0,0.7,0.7497
128,0.001,3,10,60,32,16,256,184,440338,73,30,ContrastiveLoss,gru,/home/dpetrovitch/dzagcoffee/train_trace/gender/checkpoints_2025-10-07 19:53:20.141369_ContrastiveLoss_gru_catboost/model_128_0.001_3_10_60_256_32_16_256_ContrastiveLoss_gruepoch=19.ckpt,19,30,0.41585,63.9035,1.6715,0.0006,4.5598,1.261,12.0207,0.6317,1313.4713,63.982,284.0785,13.8381,264.3894,12.879,253.3254,12.34,238.802,11.6326,227.707,11.0921,205.6908,10.0196,80.8946,4.0409,17.4959,0.874,16.2833,0.8134,15.6019,0.7794,14.7074,0.7347,14.0241,0.7005,12.6682,0.6328,0.0,0.0,0.0,0.0,0.0,0.0,0.0,0.0,0.0,0.0,0.0,0.0,0.0,0.0,0.0,0.0,0.0,0.0,0.0,0.0,0.0,0.0,0.0,0.0,0.0,0.0,0.0,0.0,0.0,0.0,0.0,0.0,0.0,0.0,0.0,0.68,0.7466
128,0.001,3,10,60,32,16,256,184,440338,73,30,ContrastiveLoss,gru,/home/dpetrovitch/dzagcoffee/train_trace/gender/checkpoints_2025-10-07 19:53:20.141369_ContrastiveLoss_gru_catboost/model_128_0.001_3_10_60_256_32_16_256_ContrastiveLoss_gruepoch=20.ckpt,20,30,0.4134657,63.3975,1.6707,0.0006,4.5699,1.2528,12.0541,0.6392,1319.4224,64.2569,284.358,13.8485,264.8854,12.9001,254.0627,12.3731,239.628,11.6701,228.8608,11.1457,206.837,10.0731,82.4673,4.0765,17.7731,0.8785,16.556,0.8184,15.8796,0.7849,14.9774,0.7404,14.3044,0.7071,12.9279,0.639,0.0,0.0,0.0,0.0,0.0,0.0,0.0,0.0,0.0,0.0,0.0,0.0,0.0,0.0,0.0,0.0,0.0,0.0,0.0,0.0,0.0,0.0,0.0,0.0,0.0,0.0,0.0,0.0,0.0,0.0,0.0,0.0,0.0,0.0,0.0,0.692,0.7456
128,0.001,3,10,60,32,16,256,184,440338,73,30,ContrastiveLoss,gru,/home/dpetrovitch/dzagcoffee/train_trace/gender/checkpoints_2025-10-07 19:53:20.141369_ContrastiveLoss_gru_catboost/model_128_0.001_3_10_60_256_32_16_256_ContrastiveLoss_gruepoch=21.ckpt,21,30,0.4222205,62.913,1.6711,0.0006,4.5799,1.2434,12.918,0.6491,1315.4513,64.057,285.2097,13.8885,265.8666,12.9466,254.982,12.4166,240.2338,11.6984,228.8973,11.1463,205.8636,10.0247,81.82,4.0753,17.7398,0.8836,16.5367,0.8237,15.8597,0.7899,14.9423,0.7442,14.2372,0.7091,12.8045,0.6378,0.0,0.0,0.0,0.0,0.0,0.0,0.0,0.0,0.0,0.0,0.0,0.0,0.0,0.0,0.0,0.0,0.0,0.0,0.0,0.0,0.0,0.0,0.0,0.0,0.0,0.0,0.0,0.0,0.0,0.0,0.0,0.0,0.0,0.0,0.0,0.728,0.7571
128,0.001,3,10,60,32,16,256,184,440338,73,30,ContrastiveLoss,gru,/home/dpetrovitch/dzagcoffee/train_trace/gender/checkpoints_2025-10-07 19:53:20.141369_ContrastiveLoss_gru_catboost/model_128_0.001_3_10_60_256_32_16_256_ContrastiveLoss_gruepoch=22.ckpt,22,30,0.41590428,63.4153,1.6735,0.0006,4.5824,1.2454,12.3426,0.6475,1326.9722,64.67,284.7284,13.8762,265.4317,12.9358,254.6344,12.4096,240.0979,11.7012,228.9793,11.1593,206.4934,10.0635,81.1502,4.0304,17.4124,0.8648,16.2323,0.8062,15.572,0.7734,14.6831,0.7293,14.0031,0.6955,12.628,0.6272,0.0,0.0,0.0,0.0,0.0,0.0,0.0,0.0,0.0,0.0,0.0,0.0,0.0,0.0,0.0,0.0,0.0,0.0,0.0,0.0,0.0,0.0,0.0,0.0,0.0,0.0,0.0,0.0,0.0,0.0,0.0,0.0,0.0,0.0,0.0,0.708,0.7528
128,0.001,3,10,60,32,16,256,184,440338,73,30,ContrastiveLoss,gru,/home/dpetrovitch/dzagcoffee/train_trace/gender/checkpoints_2025-10-07 19:53:20.141369_ContrastiveLoss_gru_catboost/model_128_0.001_3_10_60_256_32_16_256_ContrastiveLoss_gruepoch=23.ckpt,23,30,0.41246343,64.134,1.6739,0.0006,4.5777,1.2517,11.8364,0.641,1330.8207,64.8341,284.2845,13.8496,265.0564,12.9129,254.2141,12.3846,239.8072,11.6828,228.8408,11.1485,206.733,10.0715,79.1938,4.013,16.9171,0.8572,15.7728,0.7993,15.1277,0.7666,14.2703,0.7231,13.6177,0.6901,12.3022,0.6234,0.0,0.0,0.0,0.0,0.0,0.0,0.0,0.0,0.0,0.0,0.0,0.0,0.0,0.0,0.0,0.0,0.0,0.0,0.0,0.0,0.0,0.0,0.0,0.0,0.0,0.0,0.0,0.0,0.0,0.0,0.0,0.0,0.0,0.0,0.0,0.724,0.7468
128,0.001,3,10,60,32,16,256,184,440338,73,30,ContrastiveLoss,gru,/home/dpetrovitch/dzagcoffee/train_trace/gender/checkpoints_2025-10-07 19:53:20.141369_ContrastiveLoss_gru_catboost/model_128_0.001_3_10_60_256_32_16_256_ContrastiveLoss_gruepoch=24.ckpt,24,30,0.41514468,64.3443,1.6722,0.0006,4.5791,1.251,12.6038,0.6419,1343.0513,65.4584,285.1452,13.8976,265.9801,12.9635,255.2276,12.4394,240.6319,11.7281,229.7056,11.1955,207.17,10.0972,80.4676,4.0465,17.0842,0.8591,15.9359,0.8014,15.2917,0.769,14.4172,0.725,13.7626,0.6921,12.4124,0.6242,0.0,0.0,0.0,0.0,0.0,0.0,0.0,0.0,0.0,0.0,0.0,0.0,0.0,0.0,0.0,0.0,0.0,0.0,0.0,0.0,0.0,0.0,0.0,0.0,0.0,0.0,0.0,0.0,0.0,0.0,0.0,0.0,0.0,0.0,0.0,0.7,0.7435
128,0.001,3,10,60,32,16,256,184,440338,73,30,ContrastiveLoss,gru,/home/dpetrovitch/dzagcoffee/train_trace/gender/checkpoints_2025-10-07 19:53:20.141369_ContrastiveLoss_gru_catboost/model_128_0.001_3_10_60_256_32_16_256_ContrastiveLoss_gruepoch=25.ckpt,25,30,0.42271733,63.7532,1.6742,0.0006,4.6029,1.2363,13.0081,0.657,1327.379,64.6823,285.6536,13.9197,266.3809,12.9806,255.629,12.4566,241.1401,11.7506,229.8656,11.2012,207.0363,10.0887,76.4116,3.9736,16.4439,0.8551,15.3344,0.7974,14.7155,0.7652,13.8814,0.7219,13.2324,0.6881,11.9182,0.6198,0.0,0.0,0.0,0.0,0.0,0.0,0.0,0.0,0.0,0.0,0.0,0.0,0.0,0.0,0.0,0.0,0.0,0.0,0.0,0.0,0.0,0.0,0.0,0.0,0.0,0.0,0.0,0.0,0.0,0.0,0.0,0.0,0.0,0.0,0.0,0.704,0.7465
128,0.001,3,10,60,32,16,256,184,440338,73,30,ContrastiveLoss,gru,/home/dpetrovitch/dzagcoffee/train_trace/gender/checkpoints_2025-10-07 19:53:20.141369_ContrastiveLoss_gru_catboost/model_128_0.001_3_10_60_256_32_16_256_ContrastiveLoss_gruepoch=26.ckpt,26,30,0.42282876,64.36,1.673,0.0005,4.5907,1.2419,12.0862,0.6507,1344.6488,65.4878,285.1234,13.8862,266.0127,12.9555,255.3814,12.4377,240.9001,11.7325,229.8621,11.1949,207.773,10.1191,80.9529,4.0939,17.1655,0.8681,16.015,0.8099,15.3749,0.7775,14.5031,0.7334,13.8386,0.6998,12.5087,0.6326,0.0,0.0,0.0,0.0,0.0,0.0,0.0,0.0,0.0,0.0,0.0,0.0,0.0,0.0,0.0,0.0,0.0,0.0,0.0,0.0,0.0,0.0,0.0,0.0,0.0,0.0,0.0,0.0,0.0,0.0,0.0,0.0,0.0,0.0,0.0,0.704,0.7509
128,0.001,3,10,60,32,16,256,184,440338,73,30,ContrastiveLoss,gru,/home/dpetrovitch/dzagcoffee/train_trace/gender/checkpoints_2025-10-07 19:53:20.141369_ContrastiveLoss_gru_catboost/model_128_0.001_3_10_60_256_32_16_256_ContrastiveLoss_gruepoch=27.ckpt,27,30,0.4197391,65.1798,1.6732,0.0006,4.5871,1.2507,12.2806,0.6419,1361.4905,66.313,286.0697,13.9334,266.9849,13.0038,256.2985,12.4833,241.763,11.7753,230.815,11.2421,207.855,10.1238,83.5099,4.2118,17.5467,0.885,16.3761,0.8259,15.7206,0.7929,14.829,0.7479,14.1575,0.714,12.7492,0.643,0.0,0.0,0.0,0.0,0.0,0.0,0.0,0.0,0.0,0.0,0.0,0.0,0.0,0.0,0.0,0.0,0.0,0.0,0.0,0.0,0.0,0.0,0.0,0.0,0.0,0.0,0.0,0.0,0.0,0.0,0.0,0.0,0.0,0.0,0.0,0.696,0.757
128,0.001,3,10,60,32,16,256,184,440338,73,30,ContrastiveLoss,gru,/home/dpetrovitch/dzagcoffee/train_trace/gender/checkpoints_2025-10-07 19:53:20.141369_ContrastiveLoss_gru_catboost/model_128_0.001_3_10_60_256_32_16_256_ContrastiveLoss_gruepoch=28.ckpt,28,30,0.41983902,64.674,1.6732,0.0005,4.6004,1.2425,12.5207,0.65,1359.5579,66.2194,285.4231,13.902,266.2996,12.9705,255.5786,12.4483,241.1964,11.7478,229.8981,11.1975,207.4501,10.1042,82.3862,4.1587,17.296,0.8731,16.1372,0.8146,15.4875,0.7818,14.616,0.7378,13.9313,0.7032,12.571,0.6346,0.0,0.0,0.0,0.0,0.0,0.0,0.0,0.0,0.0,0.0,0.0,0.0,0.0,0.0,0.0,0.0,0.0,0.0,0.0,0.0,0.0,0.0,0.0,0.0,0.0,0.0,0.0,0.0,0.0,0.0,0.0,0.0,0.0,0.0,0.0,0.7,0.7688
128,0.001,3,10,60,32,16,256,184,440338,73,30,ContrastiveLoss,gru,/home/dpetrovitch/dzagcoffee/train_trace/gender/checkpoints_2025-10-07 19:53:20.141369_ContrastiveLoss_gru_catboost/model_128_0.001_3_10_60_256_32_16_256_ContrastiveLoss_gruepoch=29.ckpt,29,30,0.42688918,65.0947,1.6697,0.0006,4.5859,1.2449,12.142,0.647,1364.9497,66.4581,285.7533,13.9131,266.6372,12.9823,256.0979,12.4692,241.8323,11.7746,230.7716,11.2361,208.4902,10.1512,84.0932,4.2144,17.605,0.8823,16.4272,0.8233,15.7779,0.7907,14.899,0.7467,14.2176,0.7125,12.8449,0.6437,0.0,0.0,0.0,0.0,0.0,0.0,0.0,0.0,0.0,0.0,0.0,0.0,0.0,0.0,0.0,0.0,0.0,0.0,0.0,0.0,0.0,0.0,0.0,0.0,0.0,0.0,0.0,0.0,0.0,0.0,0.0,0.0,0.0,0.0,0.0,0.696,0.7583
128,0.001,3,10,80,32,16,256,184,440338,73,30,ContrastiveLoss,gru,/home/dpetrovitch/dzagcoffee/train_trace/gender/checkpoints_2025-10-07 19:53:20.141369_ContrastiveLoss_gru_catboost/model_128_0.001_3_10_80_256_32_16_256_ContrastiveLoss_gruepoch=00.ckpt,0,30,0.3113892,49.1629,1.6788,0.0004,5.235,1.3714,6.1052,0.5586,527.2169,26.5377,243.791,12.2713,214.74,10.809,199.329,10.0333,178.8049,9.0002,161.5899,8.1337,99.5447,5.0106,22.0351,1.4102,10.1893,0.6521,8.9751,0.5744,8.331,0.5332,7.4732,0.4783,6.7537,0.4322,4.1605,0.2663,0.0,0.0,0.0,0.0,0.0,0.0,0.0,0.0,0.0,0.0,0.0,0.0,0.0,0.0,0.0,0.0,0.0,0.0,0.0,0.0,0.0,0.0,0.0,0.0,0.0,0.0,0.0,0.0,0.0,0.0,0.0,0.0,0.0,0.0,0.0,0.648,0.6204
128,0.001,3,10,80,32,16,256,184,440338,73,30,ContrastiveLoss,gru,/home/dpetrovitch/dzagcoffee/train_trace/gender/checkpoints_2025-10-07 19:53:20.141369_ContrastiveLoss_gru_catboost/model_128_0.001_3_10_80_256_32_16_256_ContrastiveLoss_gruepoch=01.ckpt,1,30,0.3650602,43.7256,1.6787,0.0003,4.9838,1.3562,7.9792,0.562,707.8133,35.2617,245.8824,12.2493,218.6731,10.8938,203.8778,10.1567,183.3351,9.1334,163.4681,8.1436,126.9928,6.3265,34.0409,2.1217,11.8253,0.7371,10.5167,0.6555,9.8051,0.6111,8.8172,0.5496,7.8617,0.49,6.1075,0.3807,0.0,0.0,0.0,0.0,0.0,0.0,0.0,0.0,0.0,0.0,0.0,0.0,0.0,0.0,0.0,0.0,0.0,0.0,0.0,0.0,0.0,0.0,0.0,0.0,0.0,0.0,0.0,0.0,0.0,0.0,0.0,0.0,0.0,0.0,0.0,0.632,0.6192
128,0.001,3,10,80,32,16,256,184,440338,73,30,ContrastiveLoss,gru,/home/dpetrovitch/dzagcoffee/train_trace/gender/checkpoints_2025-10-07 19:53:20.141369_ContrastiveLoss_gru_catboost/model_128_0.001_3_10_80_256_32_16_256_ContrastiveLoss_gruepoch=02.ckpt,2,30,0.37869498,46.3552,1.6789,0.0004,4.8103,1.4415,10.1947,0.5014,810.5114,40.383,249.6414,12.4382,223.8438,11.1528,209.4421,10.4353,190.0215,9.4677,174.0416,8.6715,147.1115,7.3297,35.8165,2.3683,11.0317,0.7295,9.8917,0.6541,9.2552,0.612,8.3971,0.5553,7.6909,0.5086,6.5009,0.4299,0.0,0.0,0.0,0.0,0.0,0.0,0.0,0.0,0.0,0.0,0.0,0.0,0.0,0.0,0.0,0.0,0.0,0.0,0.0,0.0,0.0,0.0,0.0,0.0,0.0,0.0,0.0,0.0,0.0,0.0,0.0,0.0,0.0,0.0,0.0,0.632,0.6343
128,0.001,3,10,80,32,16,256,184,440338,73,30,ContrastiveLoss,gru,/home/dpetrovitch/dzagcoffee/train_trace/gender/checkpoints_2025-10-07 19:53:20.141369_ContrastiveLoss_gru_catboost/model_128_0.001_3_10_80_256_32_16_256_ContrastiveLoss_gruepoch=03.ckpt,3,30,0.38939717,45.4893,1.6783,0.0004,4.7329,1.3622,8.7026,0.5505,874.8535,43.2861,250.3563,12.3872,226.6281,11.2131,213.4333,10.5603,195.8335,9.6895,181.0817,8.9596,154.2577,7.6324,45.42,2.8181,12.9978,0.8065,11.7659,0.73,11.0809,0.6875,10.1671,0.6308,9.4013,0.5833,8.0086,0.4969,0.0,0.0,0.0,0.0,0.0,0.0,0.0,0.0,0.0,0.0,0.0,0.0,0.0,0.0,0.0,0.0,0.0,0.0,0.0,0.0,0.0,0.0,0.0,0.0,0.0,0.0,0.0,0.0,0.0,0.0,0.0,0.0,0.0,0.0,0.0,0.672,0.676
128,0.001,3,10,80,32,16,256,184,440338,73,30,ContrastiveLoss,gru,/home/dpetrovitch/dzagcoffee/train_trace/gender/checkpoints_2025-10-07 19:53:20.141369_ContrastiveLoss_gru_catboost/model_128_0.001_3_10_80_256_32_16_256_ContrastiveLoss_gruepoch=04.ckpt,4,30,0.39599323,45.0008,1.6764,0.0004,4.6935,1.2975,9.919,0.5984,916.3889,45.063,254.0368,12.4921,231.5267,11.3852,219.1684,10.7775,202.2375,9.9449,188.6536,9.2769,163.1733,8.024,52.4434,2.9941,14.5381,0.83,13.2499,0.7565,12.5426,0.7161,11.5737,0.6608,10.7963,0.6164,9.3381,0.5331,0.0,0.0,0.0,0.0,0.0,0.0,0.0,0.0,0.0,0.0,0.0,0.0,0.0,0.0,0.0,0.0,0.0,0.0,0.0,0.0,0.0,0.0,0.0,0.0,0.0,0.0,0.0,0.0,0.0,0.0,0.0,0.0,0.0,0.0,0.0,0.66,0.6716
128,0.001,3,10,80,32,16,256,184,440338,73,30,ContrastiveLoss,gru,/home/dpetrovitch/dzagcoffee/train_trace/gender/checkpoints_2025-10-07 19:53:20.141369_ContrastiveLoss_gru_catboost/model_128_0.001_3_10_80_256_32_16_256_ContrastiveLoss_gruepoch=05.ckpt,5,30,0.40698385,46.7339,1.677,0.0004,4.6595,1.288,11.3817,0.6082,980.6986,48.1158,260.0886,12.7607,238.0208,11.678,225.7571,11.0763,209.0217,10.2552,195.4214,9.5879,168.7898,8.2813,57.0814,3.2293,15.1384,0.8564,13.854,0.7838,13.1401,0.7434,12.1661,0.6883,11.3745,0.6435,9.8244,0.5558,0.0,0.0,0.0,0.0,0.0,0.0,0.0,0.0,0.0,0.0,0.0,0.0,0.0,0.0,0.0,0.0,0.0,0.0,0.0,0.0,0.0,0.0,0.0,0.0,0.0,0.0,0.0,0.0,0.0,0.0,0.0,0.0,0.0,0.0,0.0,0.652,0.6799
128,0.001,3,10,80,32,16,256,184,440338,73,30,ContrastiveLoss,gru,/home/dpetrovitch/dzagcoffee/train_trace/gender/checkpoints_2025-10-07 19:53:20.141369_ContrastiveLoss_gru_catboost/model_128_0.001_3_10_80_256_32_16_256_ContrastiveLoss_gruepoch=06.ckpt,6,30,0.4055561,50.5653,1.677,0.0005,4.6172,1.3274,10.266,0.573,1049.9697,51.4908,263.6553,12.9297,241.8116,11.8585,229.7195,11.2655,213.6071,10.4754,201.2559,9.8697,176.4593,8.6536,59.7175,3.4028,14.9955,0.8545,13.7531,0.7837,13.0654,0.7445,12.149,0.6923,11.4465,0.6522,10.0362,0.5719,0.0,0.0,0.0,0.0,0.0,0.0,0.0,0.0,0.0,0.0,0.0,0.0,0.0,0.0,0.0,0.0,0.0,0.0,0.0,0.0,0.0,0.0,0.0,0.0,0.0,0.0,0.0,0.0,0.0,0.0,0.0,0.0,0.0,0.0,0.0,0.68,0.6963
128,0.001,3,10,80,32,16,256,184,440338,73,30,ContrastiveLoss,gru,/home/dpetrovitch/dzagcoffee/train_trace/gender/checkpoints_2025-10-07 19:53:20.141369_ContrastiveLoss_gru_catboost/model_128_0.001_3_10_80_256_32_16_256_ContrastiveLoss_gruepoch=07.ckpt,7,30,0.41655815,51.753,1.6772,0.0005,4.6095,1.3175,11.1888,0.5804,1092.0927,53.521,266.0984,13.0409,245.3215,12.0226,233.506,11.4436,217.9914,10.6833,205.6179,10.0769,178.2261,8.7345,68.7977,3.6633,16.7632,0.8926,15.4543,0.8229,14.71,0.7833,13.7326,0.7312,12.9532,0.6897,11.2276,0.5978,0.0,0.0,0.0,0.0,0.0,0.0,0.0,0.0,0.0,0.0,0.0,0.0,0.0,0.0,0.0,0.0,0.0,0.0,0.0,0.0,0.0,0.0,0.0,0.0,0.0,0.0,0.0,0.0,0.0,0.0,0.0,0.0,0.0,0.0,0.0,0.708,0.7287
128,0.001,3,10,80,32,16,256,184,440338,73,30,ContrastiveLoss,gru,/home/dpetrovitch/dzagcoffee/train_trace/gender/checkpoints_2025-10-07 19:53:20.141369_ContrastiveLoss_gru_catboost/model_128_0.001_3_10_80_256_32_16_256_ContrastiveLoss_gruepoch=08.ckpt,8,30,0.42403662,52.5231,1.6758,0.0005,4.5948,1.3141,10.7986,0.5835,1109.393,54.2012,267.6805,13.078,247.2138,12.078,235.7833,11.5196,220.6062,10.7781,209.0686,10.2144,183.1412,8.9477,72.1172,3.7768,17.4008,0.9113,16.0704,0.8416,15.3273,0.8027,14.3407,0.751,13.5907,0.7118,11.9053,0.6235,0.0,0.0,0.0,0.0,0.0,0.0,0.0,0.0,0.0,0.0,0.0,0.0,0.0,0.0,0.0,0.0,0.0,0.0,0.0,0.0,0.0,0.0,0.0,0.0,0.0,0.0,0.0,0.0,0.0,0.0,0.0,0.0,0.0,0.0,0.0,0.68,0.7174
128,0.001,3,10,80,32,16,256,184,440338,73,30,ContrastiveLoss,gru,/home/dpetrovitch/dzagcoffee/train_trace/gender/checkpoints_2025-10-07 19:53:20.141369_ContrastiveLoss_gru_catboost/model_128_0.001_3_10_80_256_32_16_256_ContrastiveLoss_gruepoch=09.ckpt,9,30,0.42443633,52.8606,1.6758,0.0005,4.5913,1.286,10.5021,0.6084,1117.8993,54.667,270.9054,13.2477,250.2864,12.2394,238.8097,11.6782,223.0948,10.9097,210.1887,10.2785,182.2462,8.9121,71.4879,3.7468,17.324,0.908,16.0054,0.8389,15.2715,0.8004,14.2666,0.7477,13.4412,0.7045,11.6544,0.6108,0.0,0.0,0.0,0.0,0.0,0.0,0.0,0.0,0.0,0.0,0.0,0.0,0.0,0.0,0.0,0.0,0.0,0.0,0.0,0.0,0.0,0.0,0.0,0.0,0.0,0.0,0.0,0.0,0.0,0.0,0.0,0.0,0.0,0.0,0.0,0.692,0.7027
128,0.001,3,10,80,32,16,256,184,440338,73,30,ContrastiveLoss,gru,/home/dpetrovitch/dzagcoffee/train_trace/gender/checkpoints_2025-10-07 19:53:20.141369_ContrastiveLoss_gru_catboost/model_128_0.001_3_10_80_256_32_16_256_ContrastiveLoss_gruepoch=10.ckpt,10,30,0.4252473,52.4255,1.6765,0.0004,4.6206,1.2673,11.7391,0.6269,1120.0118,54.7574,272.3916,13.3172,251.8057,12.3108,240.2078,11.7438,224.4469,10.9732,211.7441,10.3522,183.3721,8.9651,65.925,3.5658,16.0332,0.8672,14.8215,0.8017,14.1389,0.7648,13.2112,0.7146,12.4635,0.6741,10.7935,0.5838,0.0,0.0,0.0,0.0,0.0,0.0,0.0,0.0,0.0,0.0,0.0,0.0,0.0,0.0,0.0,0.0,0.0,0.0,0.0,0.0,0.0,0.0,0.0,0.0,0.0,0.0,0.0,0.0,0.0,0.0,0.0,0.0,0.0,0.0,0.0,0.712,0.7367
128,0.001,3,10,80,32,16,256,184,440338,73,30,ContrastiveLoss,gru,/home/dpetrovitch/dzagcoffee/train_trace/gender/checkpoints_2025-10-07 19:53:20.141369_ContrastiveLoss_gru_catboost/model_128_0.001_3_10_80_256_32_16_256_ContrastiveLoss_gruepoch=11.ckpt,11,30,0.4343847,54.6966,1.6767,0.0005,4.5919,1.2968,11.734,0.6002,1163.0922,56.9089,273.8452,13.399,253.447,12.4009,241.7911,11.8306,226.4713,11.081,214.2026,10.4807,187.4467,9.1716,70.5199,3.7583,16.6036,0.8849,15.3668,0.819,14.6601,0.7813,13.7313,0.7318,12.9874,0.6922,11.3652,0.6057,0.0,0.0,0.0,0.0,0.0,0.0,0.0,0.0,0.0,0.0,0.0,0.0,0.0,0.0,0.0,0.0,0.0,0.0,0.0,0.0,0.0,0.0,0.0,0.0,0.0,0.0,0.0,0.0,0.0,0.0,0.0,0.0,0.0,0.0,0.0,0.696,0.7276
128,0.001,3,10,80,32,16,256,184,440338,73,30,ContrastiveLoss,gru,/home/dpetrovitch/dzagcoffee/train_trace/gender/checkpoints_2025-10-07 19:53:20.141369_ContrastiveLoss_gru_catboost/model_128_0.001_3_10_80_256_32_16_256_ContrastiveLoss_gruepoch=12.ckpt,12,30,0.42812273,54.6992,1.6752,0.0005,4.5861,1.2951,10.9909,0.6002,1182.7886,57.7719,273.6937,13.3683,253.4743,12.3807,242.2486,11.8324,227.1409,11.0944,214.7835,10.4909,187.2348,9.1453,71.7905,3.7861,16.6121,0.8761,15.3849,0.8114,14.7035,0.7754,13.7865,0.7271,13.0365,0.6875,11.3644,0.5993,0.0,0.0,0.0,0.0,0.0,0.0,0.0,0.0,0.0,0.0,0.0,0.0,0.0,0.0,0.0,0.0,0.0,0.0,0.0,0.0,0.0,0.0,0.0,0.0,0.0,0.0,0.0,0.0,0.0,0.0,0.0,0.0,0.0,0.0,0.0,0.692,0.7375
128,0.001,3,10,80,32,16,256,184,440338,73,30,ContrastiveLoss,gru,/home/dpetrovitch/dzagcoffee/train_trace/gender/checkpoints_2025-10-07 19:53:20.141369_ContrastiveLoss_gru_catboost/model_128_0.001_3_10_80_256_32_16_256_ContrastiveLoss_gruepoch=13.ckpt,13,30,0.43078116,55.4042,1.6758,0.0005,4.5902,1.2958,11.5671,0.6008,1189.8,58.1438,275.3624,13.4566,255.2436,12.4734,243.9486,11.9214,228.8739,11.1847,216.6424,10.587,190.2572,9.2976,71.0428,3.8027,16.4419,0.8801,15.2406,0.8158,14.5661,0.7797,13.666,0.7315,12.9357,0.6924,11.3602,0.6081,0.0,0.0,0.0,0.0,0.0,0.0,0.0,0.0,0.0,0.0,0.0,0.0,0.0,0.0,0.0,0.0,0.0,0.0,0.0,0.0,0.0,0.0,0.0,0.0,0.0,0.0,0.0,0.0,0.0,0.0,0.0,0.0,0.0,0.0,0.0,0.704,0.7449
128,0.001,3,10,80,32,16,256,184,440338,73,30,ContrastiveLoss,gru,/home/dpetrovitch/dzagcoffee/train_trace/gender/checkpoints_2025-10-07 19:53:20.141369_ContrastiveLoss_gru_catboost/model_128_0.001_3_10_80_256_32_16_256_ContrastiveLoss_gruepoch=14.ckpt,14,30,0.43412772,55.6342,1.6758,0.0005,4.5902,1.2965,11.4003,0.5999,1213.6237,59.2923,275.5297,13.4612,255.626,12.4888,244.3524,11.938,229.5682,11.2157,217.6089,10.6314,191.9265,9.3767,73.5372,3.8983,16.6952,0.885,15.4892,0.8211,14.8061,0.7849,13.9102,0.7374,13.1856,0.699,11.6294,0.6165,0.0,0.0,0.0,0.0,0.0,0.0,0.0,0.0,0.0,0.0,0.0,0.0,0.0,0.0,0.0,0.0,0.0,0.0,0.0,0.0,0.0,0.0,0.0,0.0,0.0,0.0,0.0,0.0,0.0,0.0,0.0,0.0,0.0,0.0,0.0,0.7,0.7267
128,0.001,3,10,80,32,16,256,184,440338,73,30,ContrastiveLoss,gru,/home/dpetrovitch/dzagcoffee/train_trace/gender/checkpoints_2025-10-07 19:53:20.141369_ContrastiveLoss_gru_catboost/model_128_0.001_3_10_80_256_32_16_256_ContrastiveLoss_gruepoch=15.ckpt,15,30,0.4266436,55.4244,1.6745,0.0004,4.5925,1.2865,11.5898,0.6078,1223.3728,59.7387,276.0479,13.4797,256.2559,12.5133,245.0469,11.9659,230.2409,11.2429,218.5173,10.6704,192.9156,9.4203,78.2618,4.0491,17.6594,0.9137,16.3932,0.8481,15.6762,0.811,14.729,0.762,13.979,0.7232,12.3412,0.6385,0.0,0.0,0.0,0.0,0.0,0.0,0.0,0.0,0.0,0.0,0.0,0.0,0.0,0.0,0.0,0.0,0.0,0.0,0.0,0.0,0.0,0.0,0.0,0.0,0.0,0.0,0.0,0.0,0.0,0.0,0.0,0.0,0.0,0.0,0.0,0.696,0.7194
128,0.001,3,10,80,32,16,256,184,440338,73,30,ContrastiveLoss,gru,/home/dpetrovitch/dzagcoffee/train_trace/gender/checkpoints_2025-10-07 19:53:20.141369_ContrastiveLoss_gru_catboost/model_128_0.001_3_10_80_256_32_16_256_ContrastiveLoss_gruepoch=16.ckpt,16,30,0.43128654,55.3262,1.6754,0.0004,4.5966,1.2749,11.5366,0.6186,1217.3507,59.424,275.6261,13.4545,255.8013,12.4867,244.664,11.9431,229.7922,11.2171,218.4141,10.6617,192.2252,9.3833,74.8423,3.9714,16.9454,0.8992,15.7266,0.8345,15.0419,0.7982,14.1276,0.7497,13.428,0.7125,11.8179,0.6271,0.0,0.0,0.0,0.0,0.0,0.0,0.0,0.0,0.0,0.0,0.0,0.0,0.0,0.0,0.0,0.0,0.0,0.0,0.0,0.0,0.0,0.0,0.0,0.0,0.0,0.0,0.0,0.0,0.0,0.0,0.0,0.0,0.0,0.0,0.0,0.668,0.7186
128,0.001,3,10,80,32,16,256,184,440338,73,30,ContrastiveLoss,gru,/home/dpetrovitch/dzagcoffee/train_trace/gender/checkpoints_2025-10-07 19:53:20.141369_ContrastiveLoss_gru_catboost/model_128_0.001_3_10_80_256_32_16_256_ContrastiveLoss_gruepoch=17.ckpt,17,30,0.43246302,56.9212,1.6724,0.0005,4.5764,1.302,12.3649,0.5932,1253.742,61.1044,276.849,13.493,257.4627,12.5481,246.5729,12.0174,232.2606,11.3198,220.6199,10.7525,195.3807,9.5224,79.4965,4.106,17.5543,0.9067,16.325,0.8432,15.6345,0.8075,14.727,0.7606,13.9889,0.7225,12.3886,0.6399,0.0,0.0,0.0,0.0,0.0,0.0,0.0,0.0,0.0,0.0,0.0,0.0,0.0,0.0,0.0,0.0,0.0,0.0,0.0,0.0,0.0,0.0,0.0,0.0,0.0,0.0,0.0,0.0,0.0,0.0,0.0,0.0,0.0,0.0,0.0,0.668,0.7204
128,0.001,3,10,80,32,16,256,184,440338,73,30,ContrastiveLoss,gru,/home/dpetrovitch/dzagcoffee/train_trace/gender/checkpoints_2025-10-07 19:53:20.141369_ContrastiveLoss_gru_catboost/model_128_0.001_3_10_80_256_32_16_256_ContrastiveLoss_gruepoch=18.ckpt,18,30,0.43583527,55.6585,1.6758,0.0005,4.592,1.2687,11.8395,0.6242,1248.3723,60.9325,278.1234,13.5751,258.2709,12.6061,247.3013,12.0707,232.3874,11.3427,220.1862,10.7472,194.1079,9.4743,79.476,4.0772,17.7064,0.9084,16.4425,0.8435,15.7441,0.8077,14.7946,0.759,14.0179,0.7191,12.3576,0.634,0.0,0.0,0.0,0.0,0.0,0.0,0.0,0.0,0.0,0.0,0.0,0.0,0.0,0.0,0.0,0.0,0.0,0.0,0.0,0.0,0.0,0.0,0.0,0.0,0.0,0.0,0.0,0.0,0.0,0.0,0.0,0.0,0.0,0.0,0.0,0.696,0.7315
128,0.001,3,10,80,32,16,256,184,440338,73,30,ContrastiveLoss,gru,/home/dpetrovitch/dzagcoffee/train_trace/gender/checkpoints_2025-10-07 19:53:20.141369_ContrastiveLoss_gru_catboost/model_128_0.001_3_10_80_256_32_16_256_ContrastiveLoss_gruepoch=19.ckpt,19,30,0.43518707,56.1501,1.6744,0.0004,4.6166,1.2678,12.2213,0.6253,1260.3596,61.516,278.6972,13.6027,258.9433,12.6386,247.7957,12.0945,233.14,11.3792,221.477,10.8099,195.5662,9.5452,77.5017,4.045,17.1376,0.8945,15.9229,0.8311,15.2374,0.7953,14.3362,0.7482,13.619,0.7108,12.0257,0.6277,0.0,0.0,0.0,0.0,0.0,0.0,0.0,0.0,0.0,0.0,0.0,0.0,0.0,0.0,0.0,0.0,0.0,0.0,0.0,0.0,0.0,0.0,0.0,0.0,0.0,0.0,0.0,0.0,0.0,0.0,0.0,0.0,0.0,0.0,0.0,0.696,0.7335
128,0.001,3,10,80,32,16,256,184,440338,73,30,ContrastiveLoss,gru,/home/dpetrovitch/dzagcoffee/train_trace/gender/checkpoints_2025-10-07 19:53:20.141369_ContrastiveLoss_gru_catboost/model_128_0.001_3_10_80_256_32_16_256_ContrastiveLoss_gruepoch=20.ckpt,20,30,0.43642065,56.7962,1.6722,0.0004,4.5871,1.2795,11.8904,0.6132,1268.6136,61.8329,278.5459,13.5765,258.9667,12.6222,247.9879,12.0871,233.5107,11.3814,221.6461,10.8031,196.8579,9.595,82.6478,4.2291,18.1467,0.9286,16.8712,0.8633,16.1559,0.8267,15.2128,0.7784,14.4398,0.7389,12.8249,0.6563,0.0,0.0,0.0,0.0,0.0,0.0,0.0,0.0,0.0,0.0,0.0,0.0,0.0,0.0,0.0,0.0,0.0,0.0,0.0,0.0,0.0,0.0,0.0,0.0,0.0,0.0,0.0,0.0,0.0,0.0,0.0,0.0,0.0,0.0,0.0,0.692,0.7462
128,0.001,3,10,80,32,16,256,184,440338,73,30,ContrastiveLoss,gru,/home/dpetrovitch/dzagcoffee/train_trace/gender/checkpoints_2025-10-07 19:53:20.141369_ContrastiveLoss_gru_catboost/model_128_0.001_3_10_80_256_32_16_256_ContrastiveLoss_gruepoch=21.ckpt,21,30,0.43582955,56.0372,1.6717,0.0004,4.603,1.2626,12.1044,0.629,1265.4185,61.6614,279.2316,13.6064,259.9319,12.666,249.1989,12.143,234.7976,11.4412,223.2104,10.8766,198.8632,9.6902,82.3307,4.1814,18.1674,0.9227,16.9117,0.8589,16.2134,0.8234,15.2764,0.7759,14.5225,0.7376,12.9385,0.6571,0.0,0.0,0.0,0.0,0.0,0.0,0.0,0.0,0.0,0.0,0.0,0.0,0.0,0.0,0.0,0.0,0.0,0.0,0.0,0.0,0.0,0.0,0.0,0.0,0.0,0.0,0.0,0.0,0.0,0.0,0.0,0.0,0.0,0.0,0.0,0.7,0.7441
128,0.001,3,10,80,32,16,256,184,440338,73,30,ContrastiveLoss,gru,/home/dpetrovitch/dzagcoffee/train_trace/gender/checkpoints_2025-10-07 19:53:20.141369_ContrastiveLoss_gru_catboost/model_128_0.001_3_10_80_256_32_16_256_ContrastiveLoss_gruepoch=22.ckpt,22,30,0.44152617,57.3112,1.6755,0.0004,4.6016,1.2783,11.5637,0.6151,1294.553,63.1728,278.6413,13.5974,259.3626,12.6566,248.4885,12.126,234.3874,11.4379,223.1706,10.8905,200.0047,9.76,81.1188,4.2084,17.4601,0.9058,16.2521,0.8431,15.5707,0.8078,14.6871,0.762,13.9842,0.7255,12.5326,0.6502,0.0,0.0,0.0,0.0,0.0,0.0,0.0,0.0,0.0,0.0,0.0,0.0,0.0,0.0,0.0,0.0,0.0,0.0,0.0,0.0,0.0,0.0,0.0,0.0,0.0,0.0,0.0,0.0,0.0,0.0,0.0,0.0,0.0,0.0,0.0,0.708,0.7398
128,0.001,3,10,80,32,16,256,184,440338,73,30,ContrastiveLoss,gru,/home/dpetrovitch/dzagcoffee/train_trace/gender/checkpoints_2025-10-07 19:53:20.141369_ContrastiveLoss_gru_catboost/model_128_0.001_3_10_80_256_32_16_256_ContrastiveLoss_gruepoch=23.ckpt,23,30,0.4406153,57.4199,1.6742,0.0004,4.5947,1.2755,12.0434,0.6174,1299.3351,63.4109,279.9146,13.6605,260.5953,12.7177,249.7428,12.1881,235.5987,11.4978,223.9427,10.929,199.5054,9.7364,83.2596,4.2917,17.9365,0.9246,16.6986,0.8607,16.0032,0.8249,15.0968,0.7782,14.3499,0.7397,12.784,0.659,0.0,0.0,0.0,0.0,0.0,0.0,0.0,0.0,0.0,0.0,0.0,0.0,0.0,0.0,0.0,0.0,0.0,0.0,0.0,0.0,0.0,0.0,0.0,0.0,0.0,0.0,0.0,0.0,0.0,0.0,0.0,0.0,0.0,0.0,0.0,0.712,0.749
128,0.001,3,10,80,32,16,256,184,440338,73,30,ContrastiveLoss,gru,/home/dpetrovitch/dzagcoffee/train_trace/gender/checkpoints_2025-10-07 19:53:20.141369_ContrastiveLoss_gru_catboost/model_128_0.001_3_10_80_256_32_16_256_ContrastiveLoss_gruepoch=24.ckpt,24,30,0.43472457,57.519,1.674,0.0004,4.5911,1.2743,12.035,0.6182,1306.6189,63.722,280.5925,13.6841,261.4733,12.7517,250.6878,12.2257,236.6055,11.5389,225.2457,10.9849,201.3562,9.8199,84.9582,4.3183,18.2445,0.9273,17.0014,0.8642,16.3001,0.8285,15.3844,0.782,14.6458,0.7444,13.0925,0.6655,0.0,0.0,0.0,0.0,0.0,0.0,0.0,0.0,0.0,0.0,0.0,0.0,0.0,0.0,0.0,0.0,0.0,0.0,0.0,0.0,0.0,0.0,0.0,0.0,0.0,0.0,0.0,0.0,0.0,0.0,0.0,0.0,0.0,0.0,0.0,0.696,0.7522
128,0.001,3,10,80,32,16,256,184,440338,73,30,ContrastiveLoss,gru,/home/dpetrovitch/dzagcoffee/train_trace/gender/checkpoints_2025-10-07 19:53:20.141369_ContrastiveLoss_gru_catboost/model_128_0.001_3_10_80_256_32_16_256_ContrastiveLoss_gruepoch=25.ckpt,25,30,0.43442753,58.0799,1.6727,0.0004,4.5938,1.2777,11.6471,0.6151,1304.9459,63.6299,280.5544,13.68,261.3422,12.7432,250.6346,12.2211,236.4683,11.5303,224.7469,10.9588,199.395,9.7226,87.7834,4.4347,18.8728,0.9534,17.5804,0.8881,16.8601,0.8517,15.9072,0.8036,15.1187,0.7638,13.4133,0.6776,0.0,0.0,0.0,0.0,0.0,0.0,0.0,0.0,0.0,0.0,0.0,0.0,0.0,0.0,0.0,0.0,0.0,0.0,0.0,0.0,0.0,0.0,0.0,0.0,0.0,0.0,0.0,0.0,0.0,0.0,0.0,0.0,0.0,0.0,0.0,0.704,0.7424
128,0.001,3,10,80,32,16,256,184,440338,73,30,ContrastiveLoss,gru,/home/dpetrovitch/dzagcoffee/train_trace/gender/checkpoints_2025-10-07 19:53:20.141369_ContrastiveLoss_gru_catboost/model_128_0.001_3_10_80_256_32_16_256_ContrastiveLoss_gruepoch=26.ckpt,26,30,0.43865934,57.7892,1.6737,0.0004,4.6044,1.2702,11.8158,0.622,1316.9967,64.2129,281.08,13.7046,261.9192,12.7704,251.1564,12.2457,236.9653,11.5537,225.3855,10.9891,200.4046,9.7711,85.8445,4.3722,18.3214,0.9331,17.0724,0.8695,16.3709,0.8338,15.4459,0.7867,14.6911,0.7482,13.0628,0.6653,0.0,0.0,0.0,0.0,0.0,0.0,0.0,0.0,0.0,0.0,0.0,0.0,0.0,0.0,0.0,0.0,0.0,0.0,0.0,0.0,0.0,0.0,0.0,0.0,0.0,0.0,0.0,0.0,0.0,0.0,0.0,0.0,0.0,0.0,0.0,0.688,0.7375
128,0.001,3,10,80,32,16,256,184,440338,73,30,ContrastiveLoss,gru,/home/dpetrovitch/dzagcoffee/train_trace/gender/checkpoints_2025-10-07 19:53:20.141369_ContrastiveLoss_gru_catboost/model_128_0.001_3_10_80_256_32_16_256_ContrastiveLoss_gruepoch=27.ckpt,27,30,0.43851086,58.1967,1.6743,0.0004,4.6099,1.2732,11.6828,0.6199,1321.8815,64.4789,281.3051,13.7215,262.1204,12.7857,251.2246,12.2543,237.0003,11.5604,225.2296,10.9863,201.3156,9.8198,84.1696,4.3291,17.9119,0.9213,16.6903,0.8584,15.9965,0.8227,15.0908,0.7762,14.3413,0.7376,12.8186,0.6593,0.0,0.0,0.0,0.0,0.0,0.0,0.0,0.0,0.0,0.0,0.0,0.0,0.0,0.0,0.0,0.0,0.0,0.0,0.0,0.0,0.0,0.0,0.0,0.0,0.0,0.0,0.0,0.0,0.0,0.0,0.0,0.0,0.0,0.0,0.0,0.7,0.7423
128,0.001,3,10,80,32,16,256,184,440338,73,30,ContrastiveLoss,gru,/home/dpetrovitch/dzagcoffee/train_trace/gender/checkpoints_2025-10-07 19:53:20.141369_ContrastiveLoss_gru_catboost/model_128_0.001_3_10_80_256_32_16_256_ContrastiveLoss_gruepoch=28.ckpt,28,30,0.44395617,59.7491,1.6728,0.0005,4.5789,1.3016,11.6876,0.593,1352.1646,65.8886,281.0393,13.6945,262.1231,12.7728,251.5523,12.2577,237.6854,11.582,226.6377,11.0436,202.6518,9.8749,90.3501,4.5675,18.7787,0.9493,17.5148,0.8854,16.8084,0.8497,15.8819,0.8029,15.1437,0.7656,13.541,0.6845,0.0,0.0,0.0,0.0,0.0,0.0,0.0,0.0,0.0,0.0,0.0,0.0,0.0,0.0,0.0,0.0,0.0,0.0,0.0,0.0,0.0,0.0,0.0,0.0,0.0,0.0,0.0,0.0,0.0,0.0,0.0,0.0,0.0,0.0,0.0,0.692,0.7217
128,0.001,3,10,80,32,16,256,184,440338,73,30,ContrastiveLoss,gru,/home/dpetrovitch/dzagcoffee/train_trace/gender/checkpoints_2025-10-07 19:53:20.141369_ContrastiveLoss_gru_catboost/model_128_0.001_3_10_80_256_32_16_256_ContrastiveLoss_gruepoch=29.ckpt,29,30,0.44060385,58.7554,1.672,0.0004,4.5936,1.2779,12.242,0.6151,1331.3744,64.8577,281.4468,13.7106,262.441,12.7848,251.7972,12.2663,237.658,11.5775,226.0654,11.0127,200.2583,9.7555,87.5548,4.4273,18.5087,0.9359,17.2588,0.8727,16.5589,0.8373,15.629,0.7903,14.8667,0.7518,13.1695,0.6659,0.0,0.0,0.0,0.0,0.0,0.0,0.0,0.0,0.0,0.0,0.0,0.0,0.0,0.0,0.0,0.0,0.0,0.0,0.0,0.0,0.0,0.0,0.0,0.0,0.0,0.0,0.0,0.0,0.0,0.0,0.0,0.0,0.0,0.0,0.0,0.696,0.7436
128,0.001,3,10,100,32,16,256,184,440338,73,30,ContrastiveLoss,gru,/home/dpetrovitch/dzagcoffee/train_trace/gender/checkpoints_2025-10-07 19:53:20.141369_ContrastiveLoss_gru_catboost/model_128_0.001_3_10_100_256_32_16_256_ContrastiveLoss_gruepoch=00.ckpt,0,30,0.33595467,46.2932,1.6789,0.0004,5.0995,1.4079,7.0344,0.5274,610.7655,30.4872,230.4297,11.5022,203.7678,10.1714,189.1182,9.4401,169.0364,8.4377,152.0291,7.5887,108.5509,5.4185,29.0582,1.8617,10.9631,0.7024,9.6946,0.6211,8.9976,0.5765,8.0422,0.5153,7.233,0.4634,5.1645,0.3309,0.0,0.0,0.0,0.0,0.0,0.0,0.0,0.0,0.0,0.0,0.0,0.0,0.0,0.0,0.0,0.0,0.0,0.0,0.0,0.0,0.0,0.0,0.0,0.0,0.0,0.0,0.0,0.0,0.0,0.0,0.0,0.0,0.0,0.0,0.0,0.56,0.5455
128,0.001,3,10,100,32,16,256,184,440338,73,30,ContrastiveLoss,gru,/home/dpetrovitch/dzagcoffee/train_trace/gender/checkpoints_2025-10-07 19:53:20.141369_ContrastiveLoss_gru_catboost/model_128_0.001_3_10_100_256_32_16_256_ContrastiveLoss_gruepoch=01.ckpt,1,30,0.3777041,44.1079,1.6788,0.0004,4.787,1.4841,7.1278,0.4757,784.3,39.0989,233.237,11.6273,208.8406,10.4111,195.1603,9.7291,176.438,8.7958,160.1405,7.9833,130.2564,6.4935,44.4507,2.7189,13.2188,0.8086,11.8362,0.724,11.0608,0.6766,9.9997,0.6117,9.0761,0.5552,7.3824,0.4516,0.0,0.0,0.0,0.0,0.0,0.0,0.0,0.0,0.0,0.0,0.0,0.0,0.0,0.0,0.0,0.0,0.0,0.0,0.0,0.0,0.0,0.0,0.0,0.0,0.0,0.0,0.0,0.0,0.0,0.0,0.0,0.0,0.0,0.0,0.0,0.64,0.6108
128,0.001,3,10,100,32,16,256,184,440338,73,30,ContrastiveLoss,gru,/home/dpetrovitch/dzagcoffee/train_trace/gender/checkpoints_2025-10-07 19:53:20.141369_ContrastiveLoss_gru_catboost/model_128_0.001_3_10_100_256_32_16_256_ContrastiveLoss_gruepoch=02.ckpt,2,30,0.39166725,42.287,1.6775,0.0004,4.6286,1.3909,8.1762,0.5294,860.5953,42.4558,239.6036,11.8204,215.969,10.6544,202.2336,9.9768,184.3971,9.0969,168.4854,8.3119,141.2468,6.9681,55.1745,3.1672,15.3615,0.8818,13.8462,0.7948,12.9656,0.7443,11.8221,0.6786,10.8019,0.6201,9.0556,0.5198,0.0,0.0,0.0,0.0,0.0,0.0,0.0,0.0,0.0,0.0,0.0,0.0,0.0,0.0,0.0,0.0,0.0,0.0,0.0,0.0,0.0,0.0,0.0,0.0,0.0,0.0,0.0,0.0,0.0,0.0,0.0,0.0,0.0,0.0,0.0,0.64,0.654
128,0.001,3,10,100,32,16,256,184,440338,73,30,ContrastiveLoss,gru,/home/dpetrovitch/dzagcoffee/train_trace/gender/checkpoints_2025-10-07 19:53:20.141369_ContrastiveLoss_gru_catboost/model_128_0.001_3_10_100_256_32_16_256_ContrastiveLoss_gruepoch=03.ckpt,3,30,0.40255794,43.4417,1.6759,0.0004,4.5428,1.3638,8.7576,0.5443,928.2201,45.5699,242.4655,11.9036,220.5039,10.8254,208.0022,10.2116,190.8634,9.3702,177.0018,8.6897,152.7219,7.4977,58.578,3.4068,15.3015,0.8899,13.9155,0.8093,13.1266,0.7634,12.045,0.7005,11.1702,0.6496,9.6379,0.5605,0.0,0.0,0.0,0.0,0.0,0.0,0.0,0.0,0.0,0.0,0.0,0.0,0.0,0.0,0.0,0.0,0.0,0.0,0.0,0.0,0.0,0.0,0.0,0.0,0.0,0.0,0.0,0.0,0.0,0.0,0.0,0.0,0.0,0.0,0.0,0.62,0.6189
128,0.001,3,10,100,32,16,256,184,440338,73,30,ContrastiveLoss,gru,/home/dpetrovitch/dzagcoffee/train_trace/gender/checkpoints_2025-10-07 19:53:20.141369_ContrastiveLoss_gru_catboost/model_128_0.001_3_10_100_256_32_16_256_ContrastiveLoss_gruepoch=04.ckpt,4,30,0.4091511,45.0963,1.6774,0.0005,4.5126,1.3284,10.1481,0.5709,995.287,48.8299,249.4104,12.2364,228.0516,11.1885,215.5986,10.5775,198.6651,9.7467,185.2814,9.0901,161.9525,7.9456,66.1275,3.6722,16.571,0.9202,15.1519,0.8414,14.3245,0.7955,13.1994,0.733,12.3102,0.6836,10.7602,0.5975,0.0,0.0,0.0,0.0,0.0,0.0,0.0,0.0,0.0,0.0,0.0,0.0,0.0,0.0,0.0,0.0,0.0,0.0,0.0,0.0,0.0,0.0,0.0,0.0,0.0,0.0,0.0,0.0,0.0,0.0,0.0,0.0,0.0,0.0,0.0,0.648,0.6568
128,0.001,3,10,100,32,16,256,184,440338,73,30,ContrastiveLoss,gru,/home/dpetrovitch/dzagcoffee/train_trace/gender/checkpoints_2025-10-07 19:53:20.141369_ContrastiveLoss_gru_catboost/model_128_0.001_3_10_100_256_32_16_256_ContrastiveLoss_gruepoch=05.ckpt,5,30,0.41038468,48.3493,1.6775,0.0005,4.5208,1.331,9.5777,0.5688,1034.0172,50.6702,254.9584,12.4938,233.9618,11.4649,222.0905,10.8832,205.7363,10.0817,192.7205,9.4439,170.6703,8.3634,73.6937,3.9419,18.1707,0.9719,16.6743,0.8919,15.8282,0.8466,14.6627,0.7843,13.7351,0.7347,12.1635,0.6506,0.0,0.0,0.0,0.0,0.0,0.0,0.0,0.0,0.0,0.0,0.0,0.0,0.0,0.0,0.0,0.0,0.0,0.0,0.0,0.0,0.0,0.0,0.0,0.0,0.0,0.0,0.0,0.0,0.0,0.0,0.0,0.0,0.0,0.0,0.0,0.684,0.6779
128,0.001,3,10,100,32,16,256,184,440338,73,30,ContrastiveLoss,gru,/home/dpetrovitch/dzagcoffee/train_trace/gender/checkpoints_2025-10-07 19:53:20.141369_ContrastiveLoss_gru_catboost/model_128_0.001_3_10_100_256_32_16_256_ContrastiveLoss_gruepoch=06.ckpt,6,30,0.4280399,49.0318,1.677,0.0005,4.5219,1.3063,9.714,0.5902,1062.7168,52.0051,258.4205,12.6461,237.0539,11.6005,225.2275,11.0217,209.1038,10.2327,196.4612,9.614,173.3464,8.4829,69.1838,3.7594,16.8234,0.9142,15.4324,0.8386,14.6625,0.7968,13.6128,0.7397,12.7898,0.695,11.285,0.6132,0.0,0.0,0.0,0.0,0.0,0.0,0.0,0.0,0.0,0.0,0.0,0.0,0.0,0.0,0.0,0.0,0.0,0.0,0.0,0.0,0.0,0.0,0.0,0.0,0.0,0.0,0.0,0.0,0.0,0.0,0.0,0.0,0.0,0.0,0.0,0.652,0.6583
128,0.001,3,10,100,32,16,256,184,440338,73,30,ContrastiveLoss,gru,/home/dpetrovitch/dzagcoffee/train_trace/gender/checkpoints_2025-10-07 19:53:20.141369_ContrastiveLoss_gru_catboost/model_128_0.001_3_10_100_256_32_16_256_ContrastiveLoss_gruepoch=07.ckpt,7,30,0.43091246,51.4334,1.6768,0.0006,4.5082,1.324,10.2426,0.5761,1094.9027,53.5412,264.1742,12.9182,243.157,11.8905,231.254,11.3084,215.7325,10.5494,203.2872,9.9408,180.5049,8.8268,74.3826,3.9569,17.9468,0.9547,16.519,0.8787,15.7103,0.8357,14.6559,0.7796,13.8104,0.7347,12.2627,0.6523,0.0,0.0,0.0,0.0,0.0,0.0,0.0,0.0,0.0,0.0,0.0,0.0,0.0,0.0,0.0,0.0,0.0,0.0,0.0,0.0,0.0,0.0,0.0,0.0,0.0,0.0,0.0,0.0,0.0,0.0,0.0,0.0,0.0,0.0,0.0,0.652,0.6677
128,0.001,3,10,100,32,16,256,184,440338,73,30,ContrastiveLoss,gru,/home/dpetrovitch/dzagcoffee/train_trace/gender/checkpoints_2025-10-07 19:53:20.141369_ContrastiveLoss_gru_catboost/model_128_0.001_3_10_100_256_32_16_256_ContrastiveLoss_gruepoch=08.ckpt,8,30,0.43975583,51.8974,1.6762,0.0005,4.51,1.3066,9.9245,0.5903,1113.5741,54.4078,266.3988,13.0159,245.6638,12.0028,233.9657,11.4313,218.1492,10.6585,204.9422,10.0132,181.4644,8.8661,81.1242,4.1222,19.4072,0.9862,17.8967,0.9094,17.0445,0.8661,15.8922,0.8075,14.9301,0.7587,13.2197,0.6717,0.0,0.0,0.0,0.0,0.0,0.0,0.0,0.0,0.0,0.0,0.0,0.0,0.0,0.0,0.0,0.0,0.0,0.0,0.0,0.0,0.0,0.0,0.0,0.0,0.0,0.0,0.0,0.0,0.0,0.0,0.0,0.0,0.0,0.0,0.0,0.672,0.6801
128,0.001,3,10,100,32,16,256,184,440338,73,30,ContrastiveLoss,gru,/home/dpetrovitch/dzagcoffee/train_trace/gender/checkpoints_2025-10-07 19:53:20.141369_ContrastiveLoss_gru_catboost/model_128_0.001_3_10_100_256_32_16_256_ContrastiveLoss_gruepoch=09.ckpt,9,30,0.4376656,53.0414,1.6768,0.0006,4.5127,1.311,10.2716,0.5868,1151.3333,56.2524,268.6099,13.1239,248.0083,12.1173,236.4189,11.5511,220.7461,10.7853,207.9872,10.1619,184.0375,8.9918,80.4568,4.1001,18.7708,0.9566,17.3312,0.8832,16.5213,0.8419,15.4261,0.7861,14.5344,0.7407,12.8608,0.6554,0.0,0.0,0.0,0.0,0.0,0.0,0.0,0.0,0.0,0.0,0.0,0.0,0.0,0.0,0.0,0.0,0.0,0.0,0.0,0.0,0.0,0.0,0.0,0.0,0.0,0.0,0.0,0.0,0.0,0.0,0.0,0.0,0.0,0.0,0.0,0.68,0.6679
128,0.001,3,10,100,32,16,256,184,440338,73,30,ContrastiveLoss,gru,/home/dpetrovitch/dzagcoffee/train_trace/gender/checkpoints_2025-10-07 19:53:20.141369_ContrastiveLoss_gru_catboost/model_128_0.001_3_10_100_256_32_16_256_ContrastiveLoss_gruepoch=10.ckpt,10,30,0.436829,52.6349,1.6766,0.0006,4.5132,1.2962,10.1364,0.5992,1162.5183,56.787,271.5643,13.2654,250.9404,12.258,239.4135,11.6949,223.458,10.9155,210.3567,10.2756,186.7323,9.1215,81.2101,4.0976,18.9707,0.9572,17.53,0.8845,16.7247,0.8439,15.6101,0.7876,14.6949,0.7415,13.0446,0.6582,0.0,0.0,0.0,0.0,0.0,0.0,0.0,0.0,0.0,0.0,0.0,0.0,0.0,0.0,0.0,0.0,0.0,0.0,0.0,0.0,0.0,0.0,0.0,0.0,0.0,0.0,0.0,0.0,0.0,0.0,0.0,0.0,0.0,0.0,0.0,0.668,0.6607
128,0.001,3,10,100,32,16,256,184,440338,73,30,ContrastiveLoss,gru,/home/dpetrovitch/dzagcoffee/train_trace/gender/checkpoints_2025-10-07 19:53:20.141369_ContrastiveLoss_gru_catboost/model_128_0.001_3_10_100_256_32_16_256_ContrastiveLoss_gruepoch=11.ckpt,11,30,0.43719733,52.4384,1.6711,0.0005,4.509,1.2948,11.2169,0.5993,1181.9484,57.5998,271.0696,13.21,250.7784,12.2212,239.3849,11.6659,223.9319,10.9129,211.094,10.2872,188.5425,9.1882,84.3343,4.1994,19.3413,0.9631,17.8935,0.891,17.0806,0.8505,15.978,0.7956,15.062,0.75,13.4529,0.6699,0.0,0.0,0.0,0.0,0.0,0.0,0.0,0.0,0.0,0.0,0.0,0.0,0.0,0.0,0.0,0.0,0.0,0.0,0.0,0.0,0.0,0.0,0.0,0.0,0.0,0.0,0.0,0.0,0.0,0.0,0.0,0.0,0.0,0.0,0.0,0.644,0.6815
128,0.001,3,10,100,32,16,256,184,440338,73,30,ContrastiveLoss,gru,/home/dpetrovitch/dzagcoffee/train_trace/gender/checkpoints_2025-10-07 19:53:20.141369_ContrastiveLoss_gru_catboost/model_128_0.001_3_10_100_256_32_16_256_ContrastiveLoss_gruepoch=12.ckpt,12,30,0.43950167,52.1849,1.6704,0.0005,4.5182,1.2858,10.6886,0.6077,1180.8618,57.5255,271.425,13.2224,250.972,12.2261,239.5922,11.6717,223.9844,10.9114,211.1011,10.2838,189.0688,9.2105,83.6632,4.1415,19.2303,0.9519,17.7812,0.8802,16.9749,0.8403,15.8691,0.7856,14.9564,0.7404,13.3954,0.6631,0.0,0.0,0.0,0.0,0.0,0.0,0.0,0.0,0.0,0.0,0.0,0.0,0.0,0.0,0.0,0.0,0.0,0.0,0.0,0.0,0.0,0.0,0.0,0.0,0.0,0.0,0.0,0.0,0.0,0.0,0.0,0.0,0.0,0.0,0.0,0.672,0.6796
128,0.001,3,10,100,32,16,256,184,440338,73,30,ContrastiveLoss,gru,/home/dpetrovitch/dzagcoffee/train_trace/gender/checkpoints_2025-10-07 19:53:20.141369_ContrastiveLoss_gru_catboost/model_128_0.001_3_10_100_256_32_16_256_ContrastiveLoss_gruepoch=13.ckpt,13,30,0.44362208,52.8765,1.6764,0.0005,4.5569,1.2723,11.7719,0.6206,1197.8275,58.4722,272.968,13.325,252.9659,12.3486,241.947,11.8107,226.9344,11.0778,214.1126,10.4519,189.8871,9.2694,83.3093,4.2002,18.985,0.9572,17.5939,0.887,16.8275,0.8484,15.7834,0.7957,14.8916,0.7508,13.2067,0.6658,0.0,0.0,0.0,0.0,0.0,0.0,0.0,0.0,0.0,0.0,0.0,0.0,0.0,0.0,0.0,0.0,0.0,0.0,0.0,0.0,0.0,0.0,0.0,0.0,0.0,0.0,0.0,0.0,0.0,0.0,0.0,0.0,0.0,0.0,0.0,0.668,0.6898
128,0.001,3,10,100,32,16,256,184,440338,73,30,ContrastiveLoss,gru,/home/dpetrovitch/dzagcoffee/train_trace/gender/checkpoints_2025-10-07 19:53:20.141369_ContrastiveLoss_gru_catboost/model_128_0.001_3_10_100_256_32_16_256_ContrastiveLoss_gruepoch=14.ckpt,14,30,0.44645754,53.36,1.6741,0.0005,4.5319,1.2839,11.6091,0.6103,1205.4758,58.808,274.4287,13.3878,254.0273,12.3925,242.4518,11.8278,226.6358,11.0562,213.5076,10.4158,188.5494,9.1982,81.6329,4.1305,18.5839,0.9403,17.2023,0.8704,16.4185,0.8308,15.3474,0.7766,14.4584,0.7316,12.7683,0.6461,0.0,0.0,0.0,0.0,0.0,0.0,0.0,0.0,0.0,0.0,0.0,0.0,0.0,0.0,0.0,0.0,0.0,0.0,0.0,0.0,0.0,0.0,0.0,0.0,0.0,0.0,0.0,0.0,0.0,0.0,0.0,0.0,0.0,0.0,0.0,0.664,0.681
128,0.001,3,10,100,32,16,256,184,440338,73,30,ContrastiveLoss,gru,/home/dpetrovitch/dzagcoffee/train_trace/gender/checkpoints_2025-10-07 19:53:20.141369_ContrastiveLoss_gru_catboost/model_128_0.001_3_10_100_256_32_16_256_ContrastiveLoss_gruepoch=15.ckpt,15,30,0.44518116,53.837,1.6761,0.0005,4.5477,1.2819,10.9762,0.6117,1222.9535,59.7083,274.3355,13.3939,254.2861,12.415,243.0081,11.8644,227.6242,11.1133,214.783,10.4864,190.8867,9.3197,85.3173,4.2522,19.1386,0.9539,17.7398,0.8842,16.9531,0.8449,15.8798,0.7915,14.984,0.7468,13.3169,0.6637,0.0,0.0,0.0,0.0,0.0,0.0,0.0,0.0,0.0,0.0,0.0,0.0,0.0,0.0,0.0,0.0,0.0,0.0,0.0,0.0,0.0,0.0,0.0,0.0,0.0,0.0,0.0,0.0,0.0,0.0,0.0,0.0,0.0,0.0,0.0,0.664,0.6735
128,0.001,3,10,100,32,16,256,184,440338,73,30,ContrastiveLoss,gru,/home/dpetrovitch/dzagcoffee/train_trace/gender/checkpoints_2025-10-07 19:53:20.141369_ContrastiveLoss_gru_catboost/model_128_0.001_3_10_100_256_32_16_256_ContrastiveLoss_gruepoch=16.ckpt,16,30,0.43931326,52.5208,1.6713,0.0005,4.5662,1.2613,11.3064,0.6297,1229.0088,59.8922,274.4514,13.3746,254.5681,12.4056,243.375,11.8602,227.9328,11.1076,214.5867,10.4573,189.9487,9.2566,87.5178,4.265,19.5437,0.9524,18.1278,0.8834,17.3308,0.8446,16.2311,0.791,15.2807,0.7447,13.5263,0.6592,0.0,0.0,0.0,0.0,0.0,0.0,0.0,0.0,0.0,0.0,0.0,0.0,0.0,0.0,0.0,0.0,0.0,0.0,0.0,0.0,0.0,0.0,0.0,0.0,0.0,0.0,0.0,0.0,0.0,0.0,0.0,0.0,0.0,0.0,0.0,0.66,0.6533
128,0.001,3,10,100,32,16,256,184,440338,73,30,ContrastiveLoss,gru,/home/dpetrovitch/dzagcoffee/train_trace/gender/checkpoints_2025-10-07 19:53:20.141369_ContrastiveLoss_gru_catboost/model_128_0.001_3_10_100_256_32_16_256_ContrastiveLoss_gruepoch=17.ckpt,17,30,0.44739127,53.8472,1.6752,0.0005,4.5567,1.2696,12.748,0.6236,1233.8433,60.1788,275.0181,13.4136,255.1777,12.4459,243.9813,11.8998,228.8568,11.1621,216.0896,10.5394,192.3907,9.3836,86.7883,4.3026,19.3447,0.959,17.9492,0.8898,17.1616,0.8508,16.0978,0.7981,15.1997,0.7535,13.5327,0.6709,0.0,0.0,0.0,0.0,0.0,0.0,0.0,0.0,0.0,0.0,0.0,0.0,0.0,0.0,0.0,0.0,0.0,0.0,0.0,0.0,0.0,0.0,0.0,0.0,0.0,0.0,0.0,0.0,0.0,0.0,0.0,0.0,0.0,0.0,0.0,0.672,0.6781
128,0.001,3,10,100,32,16,256,184,440338,73,30,ContrastiveLoss,gru,/home/dpetrovitch/dzagcoffee/train_trace/gender/checkpoints_2025-10-07 19:53:20.141369_ContrastiveLoss_gru_catboost/model_128_0.001_3_10_100_256_32_16_256_ContrastiveLoss_gruepoch=18.ckpt,18,30,0.44299674,55.5226,1.676,0.0005,4.5394,1.2904,12.4702,0.6044,1268.8031,61.9162,277.5182,13.5426,257.8127,12.581,246.8764,12.0473,231.423,11.2932,218.737,10.6741,194.7993,9.506,90.7684,4.4132,19.8533,0.9653,18.4436,0.8967,17.6612,0.8587,16.5557,0.805,15.6481,0.7608,13.9357,0.6776,0.0,0.0,0.0,0.0,0.0,0.0,0.0,0.0,0.0,0.0,0.0,0.0,0.0,0.0,0.0,0.0,0.0,0.0,0.0,0.0,0.0,0.0,0.0,0.0,0.0,0.0,0.0,0.0,0.0,0.0,0.0,0.0,0.0,0.0,0.0,0.672,0.6637
128,0.001,3,10,100,32,16,256,184,440338,73,30,ContrastiveLoss,gru,/home/dpetrovitch/dzagcoffee/train_trace/gender/checkpoints_2025-10-07 19:53:20.141369_ContrastiveLoss_gru_catboost/model_128_0.001_3_10_100_256_32_16_256_ContrastiveLoss_gruepoch=19.ckpt,19,30,0.4459978,55.9999,1.6757,0.0005,4.5549,1.296,11.8551,0.5985,1276.0757,62.2392,276.5184,13.4869,257.0979,12.5397,246.0426,12.0005,231.0646,11.2699,218.6926,10.6665,194.3235,9.4779,90.3863,4.3889,19.5862,0.9511,18.2106,0.8843,17.4276,0.8462,16.3666,0.7947,15.4903,0.7522,13.7642,0.6684,0.0,0.0,0.0,0.0,0.0,0.0,0.0,0.0,0.0,0.0,0.0,0.0,0.0,0.0,0.0,0.0,0.0,0.0,0.0,0.0,0.0,0.0,0.0,0.0,0.0,0.0,0.0,0.0,0.0,0.0,0.0,0.0,0.0,0.0,0.0,0.684,0.6752
128,0.001,3,10,100,32,16,256,184,440338,73,30,ContrastiveLoss,gru,/home/dpetrovitch/dzagcoffee/train_trace/gender/checkpoints_2025-10-07 19:53:20.141369_ContrastiveLoss_gru_catboost/model_128_0.001_3_10_100_256_32_16_256_ContrastiveLoss_gruepoch=20.ckpt,20,30,0.44417313,54.6222,1.676,0.0005,4.5743,1.2697,12.3865,0.6228,1265.0184,61.676,276.9986,13.5051,257.3738,12.5483,246.5191,12.019,231.4217,11.283,218.9868,10.6767,194.9376,9.5042,91.0443,4.4605,19.9358,0.9767,18.5234,0.9075,17.7422,0.8692,16.6556,0.816,15.7606,0.7721,14.0298,0.6874,0.0,0.0,0.0,0.0,0.0,0.0,0.0,0.0,0.0,0.0,0.0,0.0,0.0,0.0,0.0,0.0,0.0,0.0,0.0,0.0,0.0,0.0,0.0,0.0,0.0,0.0,0.0,0.0,0.0,0.0,0.0,0.0,0.0,0.0,0.0,0.688,0.6973
128,0.001,3,10,100,32,16,256,184,440338,73,30,ContrastiveLoss,gru,/home/dpetrovitch/dzagcoffee/train_trace/gender/checkpoints_2025-10-07 19:53:20.141369_ContrastiveLoss_gru_catboost/model_128_0.001_3_10_100_256_32_16_256_ContrastiveLoss_gruepoch=21.ckpt,21,30,0.45563492,54.9378,1.6761,0.0005,4.5732,1.2707,12.5325,0.6209,1280.163,62.4144,277.6182,13.5353,257.8856,12.5732,247.0051,12.0427,232.1175,11.3169,219.437,10.6987,195.0507,9.5097,91.1234,4.4589,19.7612,0.967,18.3566,0.8982,17.5821,0.8603,16.5224,0.8085,15.6198,0.7643,13.8839,0.6794,0.0,0.0,0.0,0.0,0.0,0.0,0.0,0.0,0.0,0.0,0.0,0.0,0.0,0.0,0.0,0.0,0.0,0.0,0.0,0.0,0.0,0.0,0.0,0.0,0.0,0.0,0.0,0.0,0.0,0.0,0.0,0.0,0.0,0.0,0.0,0.676,0.6504
128,0.001,3,10,100,32,16,256,184,440338,73,30,ContrastiveLoss,gru,/home/dpetrovitch/dzagcoffee/train_trace/gender/checkpoints_2025-10-07 19:53:20.141369_ContrastiveLoss_gru_catboost/model_128_0.001_3_10_100_256_32_16_256_ContrastiveLoss_gruepoch=22.ckpt,22,30,0.44941294,55.6443,1.6748,0.0005,4.5607,1.2812,12.2426,0.6111,1298.5143,63.289,277.6503,13.5325,257.9651,12.5731,247.2906,12.0528,232.5311,11.3335,220.1639,10.7307,196.1719,9.5613,90.2523,4.4455,19.2979,0.9506,17.9297,0.8832,17.1878,0.8466,16.1619,0.7961,15.3023,0.7537,13.6348,0.6716,0.0,0.0,0.0,0.0,0.0,0.0,0.0,0.0,0.0,0.0,0.0,0.0,0.0,0.0,0.0,0.0,0.0,0.0,0.0,0.0,0.0,0.0,0.0,0.0,0.0,0.0,0.0,0.0,0.0,0.0,0.0,0.0,0.0,0.0,0.0,0.672,0.6819
128,0.001,3,10,100,32,16,256,184,440338,73,30,ContrastiveLoss,gru,/home/dpetrovitch/dzagcoffee/train_trace/gender/checkpoints_2025-10-07 19:53:20.141369_ContrastiveLoss_gru_catboost/model_128_0.001_3_10_100_256_32_16_256_ContrastiveLoss_gruepoch=23.ckpt,23,30,0.44894746,55.5256,1.6741,0.0005,4.5652,1.2786,12.3296,0.6139,1293.9739,63.0388,277.7815,13.5327,258.3847,12.5878,247.6683,12.0657,232.8634,11.3445,220.4235,10.7384,196.4373,9.5699,92.0762,4.4293,19.7663,0.9509,18.3861,0.8845,17.6235,0.8478,16.57,0.7971,15.6848,0.7545,13.978,0.6724,0.0,0.0,0.0,0.0,0.0,0.0,0.0,0.0,0.0,0.0,0.0,0.0,0.0,0.0,0.0,0.0,0.0,0.0,0.0,0.0,0.0,0.0,0.0,0.0,0.0,0.0,0.0,0.0,0.0,0.0,0.0,0.0,0.0,0.0,0.0,0.64,0.6742
128,0.001,3,10,100,32,16,256,184,440338,73,30,ContrastiveLoss,gru,/home/dpetrovitch/dzagcoffee/train_trace/gender/checkpoints_2025-10-07 19:53:20.141369_ContrastiveLoss_gru_catboost/model_128_0.001_3_10_100_256_32_16_256_ContrastiveLoss_gruepoch=24.ckpt,24,30,0.44306812,55.8376,1.6732,0.0005,4.5606,1.2836,12.6217,0.6088,1308.0249,63.6953,278.3269,13.5533,258.8638,12.6056,247.9966,12.0764,233.5318,11.372,221.1667,10.7699,197.0588,9.5959,96.0541,4.5834,20.4388,0.9753,19.0095,0.9071,18.2115,0.869,17.1493,0.8183,16.2413,0.775,14.4709,0.6905,0.0,0.0,0.0,0.0,0.0,0.0,0.0,0.0,0.0,0.0,0.0,0.0,0.0,0.0,0.0,0.0,0.0,0.0,0.0,0.0,0.0,0.0,0.0,0.0,0.0,0.0,0.0,0.0,0.0,0.0,0.0,0.0,0.0,0.0,0.0,0.616,0.6723
128,0.001,3,10,100,32,16,256,184,440338,73,30,ContrastiveLoss,gru,/home/dpetrovitch/dzagcoffee/train_trace/gender/checkpoints_2025-10-07 19:53:20.141369_ContrastiveLoss_gru_catboost/model_128_0.001_3_10_100_256_32_16_256_ContrastiveLoss_gruepoch=25.ckpt,25,30,0.45102906,56.2337,1.6762,0.0005,4.5624,1.2837,12.4883,0.6091,1312.5785,63.9779,277.761,13.5387,258.4346,12.5967,247.7467,12.0757,233.3398,11.3735,221.3355,10.7884,197.9901,9.6505,94.9072,4.6799,20.0838,0.9903,18.6864,0.9214,17.9136,0.8833,16.8719,0.832,16.0039,0.7892,14.3159,0.7059,0.0,0.0,0.0,0.0,0.0,0.0,0.0,0.0,0.0,0.0,0.0,0.0,0.0,0.0,0.0,0.0,0.0,0.0,0.0,0.0,0.0,0.0,0.0,0.0,0.0,0.0,0.0,0.0,0.0,0.0,0.0,0.0,0.0,0.0,0.0,0.656,0.6608
128,0.001,3,10,100,32,16,256,184,440338,73,30,ContrastiveLoss,gru,/home/dpetrovitch/dzagcoffee/train_trace/gender/checkpoints_2025-10-07 19:53:20.141369_ContrastiveLoss_gru_catboost/model_128_0.001_3_10_100_256_32_16_256_ContrastiveLoss_gruepoch=26.ckpt,26,30,0.4460521,56.7622,1.6716,0.0005,4.5541,1.2955,11.9506,0.5978,1327.9132,64.684,278.1013,13.5466,258.726,12.6028,248.0374,12.0822,233.6168,11.3797,221.7064,10.7995,198.5202,9.6701,97.4617,4.7431,20.4111,0.9933,18.9891,0.9241,18.2046,0.886,17.1462,0.8344,16.2721,0.7919,14.5703,0.7091,0.0,0.0,0.0,0.0,0.0,0.0,0.0,0.0,0.0,0.0,0.0,0.0,0.0,0.0,0.0,0.0,0.0,0.0,0.0,0.0,0.0,0.0,0.0,0.0,0.0,0.0,0.0,0.0,0.0,0.0,0.0,0.0,0.0,0.0,0.0,0.652,0.6896
128,0.001,3,10,100,32,16,256,184,440338,73,30,ContrastiveLoss,gru,/home/dpetrovitch/dzagcoffee/train_trace/gender/checkpoints_2025-10-07 19:53:20.141369_ContrastiveLoss_gru_catboost/model_128_0.001_3_10_100_256_32_16_256_ContrastiveLoss_gruepoch=27.ckpt,27,30,0.44577506,56.5781,1.6702,0.0005,4.5579,1.2936,12.0575,0.5997,1322.1632,64.3856,277.6123,13.5189,258.2894,12.578,247.698,12.0622,233.0723,11.35,220.8969,10.7571,197.318,9.6088,98.121,4.713,20.6023,0.9896,19.1683,0.9207,18.3823,0.8829,17.2969,0.8308,16.3933,0.7874,14.6435,0.7034,0.0,0.0,0.0,0.0,0.0,0.0,0.0,0.0,0.0,0.0,0.0,0.0,0.0,0.0,0.0,0.0,0.0,0.0,0.0,0.0,0.0,0.0,0.0,0.0,0.0,0.0,0.0,0.0,0.0,0.0,0.0,0.0,0.0,0.0,0.0,0.66,0.6566
128,0.001,3,10,100,32,16,256,184,440338,73,30,ContrastiveLoss,gru,/home/dpetrovitch/dzagcoffee/train_trace/gender/checkpoints_2025-10-07 19:53:20.141369_ContrastiveLoss_gru_catboost/model_128_0.001_3_10_100_256_32_16_256_ContrastiveLoss_gruepoch=28.ckpt,28,30,0.44812223,55.164,1.6746,0.0004,4.5848,1.2601,12.1423,0.6312,1299.614,63.3251,278.3497,13.5629,258.9645,12.6183,248.145,12.0911,233.6003,11.3824,221.0622,10.7715,196.0696,9.5537,96.1455,4.5847,20.5923,0.982,19.1582,0.9136,18.3578,0.8754,17.2818,0.8241,16.3542,0.7799,14.5052,0.6917,0.0,0.0,0.0,0.0,0.0,0.0,0.0,0.0,0.0,0.0,0.0,0.0,0.0,0.0,0.0,0.0,0.0,0.0,0.0,0.0,0.0,0.0,0.0,0.0,0.0,0.0,0.0,0.0,0.0,0.0,0.0,0.0,0.0,0.0,0.0,0.656,0.6626
128,0.001,3,10,100,32,16,256,184,440338,73,30,ContrastiveLoss,gru,/home/dpetrovitch/dzagcoffee/train_trace/gender/checkpoints_2025-10-07 19:53:20.141369_ContrastiveLoss_gru_catboost/model_128_0.001_3_10_100_256_32_16_256_ContrastiveLoss_gruepoch=29.ckpt,29,30,0.45003828,56.1737,1.6709,0.0005,4.5707,1.2772,11.1913,0.6145,1318.9854,64.2314,278.0921,13.5424,258.7847,12.6022,248.078,12.0808,233.5573,11.3737,221.4159,10.7824,197.5328,9.6194,96.0887,4.5984,20.2591,0.9695,18.8526,0.9022,18.0726,0.8649,17.0148,0.8142,16.1303,0.7719,14.3904,0.6887,0.0,0.0,0.0,0.0,0.0,0.0,0.0,0.0,0.0,0.0,0.0,0.0,0.0,0.0,0.0,0.0,0.0,0.0,0.0,0.0,0.0,0.0,0.0,0.0,0.0,0.0,0.0,0.0,0.0,0.0,0.0,0.0,0.0,0.0,0.0,0.648,0.709
128,0.001,3,10,150,32,16,256,184,440338,73,30,ContrastiveLoss,gru,/home/dpetrovitch/dzagcoffee/train_trace/gender/checkpoints_2025-10-07 19:53:20.141369_ContrastiveLoss_gru_catboost/model_128_0.001_3_10_150_256_32_16_256_ContrastiveLoss_gruepoch=00.ckpt,0,30,0.36558273,46.773,1.6791,0.0004,5.0779,1.5222,6.0928,0.4588,623.5967,31.3474,225.6856,11.3449,198.5677,9.9817,183.8801,9.2434,164.6487,8.2767,149.6944,7.5249,115.9023,5.8263,33.731,2.0832,12.2076,0.7539,10.7407,0.6634,9.9463,0.6143,8.906,0.55,8.0971,0.5001,6.2693,0.3872,0.0,0.0,0.0,0.0,0.0,0.0,0.0,0.0,0.0,0.0,0.0,0.0,0.0,0.0,0.0,0.0,0.0,0.0,0.0,0.0,0.0,0.0,0.0,0.0,0.0,0.0,0.0,0.0,0.0,0.0,0.0,0.0,0.0,0.0,0.0,0.524,0.4989
128,0.001,3,10,150,32,16,256,184,440338,73,30,ContrastiveLoss,gru,/home/dpetrovitch/dzagcoffee/train_trace/gender/checkpoints_2025-10-07 19:53:20.141369_ContrastiveLoss_gru_catboost/model_128_0.001_3_10_150_256_32_16_256_ContrastiveLoss_gruepoch=01.ckpt,1,30,0.40618145,39.7295,1.6784,0.0004,4.7689,1.4384,7.0301,0.4976,783.5796,38.8335,229.0305,11.3505,204.5997,10.1398,190.9202,9.4618,172.721,8.5599,157.9113,7.8259,134.756,6.6784,48.5922,2.9043,14.2029,0.8489,12.6879,0.7583,11.8396,0.7076,10.711,0.6402,9.7926,0.5853,8.3566,0.4995,0.0,0.0,0.0,0.0,0.0,0.0,0.0,0.0,0.0,0.0,0.0,0.0,0.0,0.0,0.0,0.0,0.0,0.0,0.0,0.0,0.0,0.0,0.0,0.0,0.0,0.0,0.0,0.0,0.0,0.0,0.0,0.0,0.0,0.0,0.0,0.62,0.6259
128,0.001,3,10,150,32,16,256,184,440338,73,30,ContrastiveLoss,gru,/home/dpetrovitch/dzagcoffee/train_trace/gender/checkpoints_2025-10-07 19:53:20.141369_ContrastiveLoss_gru_catboost/model_128_0.001_3_10_150_256_32_16_256_ContrastiveLoss_gruepoch=02.ckpt,2,30,0.42272308,39.809,1.679,0.0004,4.6605,1.4034,7.4679,0.5184,860.4921,42.473,232.6197,11.4819,209.3625,10.3339,196.5244,9.7002,180.1253,8.8908,167.664,8.2757,146.6221,7.2371,56.5807,3.3313,15.2956,0.9006,13.7664,0.8105,12.9222,0.7608,11.8439,0.6973,11.0246,0.6491,9.641,0.5676,0.0,0.0,0.0,0.0,0.0,0.0,0.0,0.0,0.0,0.0,0.0,0.0,0.0,0.0,0.0,0.0,0.0,0.0,0.0,0.0,0.0,0.0,0.0,0.0,0.0,0.0,0.0,0.0,0.0,0.0,0.0,0.0,0.0,0.0,0.0,0.628,0.6649
128,0.001,3,10,150,32,16,256,184,440338,73,30,ContrastiveLoss,gru,/home/dpetrovitch/dzagcoffee/train_trace/gender/checkpoints_2025-10-07 19:53:20.141369_ContrastiveLoss_gru_catboost/model_128_0.001_3_10_150_256_32_16_256_ContrastiveLoss_gruepoch=03.ckpt,3,30,0.42627525,42.7467,1.6783,0.0004,4.5709,1.442,7.6774,0.4944,917.8895,45.1915,239.9114,11.8118,216.9001,10.6789,203.9962,10.0436,187.2963,9.2214,173.8895,8.5613,149.3814,7.3547,65.3665,3.6694,17.085,0.9591,15.4463,0.8671,14.5274,0.8155,13.3381,0.7487,12.3833,0.6951,10.638,0.5972,0.0,0.0,0.0,0.0,0.0,0.0,0.0,0.0,0.0,0.0,0.0,0.0,0.0,0.0,0.0,0.0,0.0,0.0,0.0,0.0,0.0,0.0,0.0,0.0,0.0,0.0,0.0,0.0,0.0,0.0,0.0,0.0,0.0,0.0,0.0,0.676,0.6629
128,0.001,3,10,150,32,16,256,184,440338,73,30,ContrastiveLoss,gru,/home/dpetrovitch/dzagcoffee/train_trace/gender/checkpoints_2025-10-07 19:53:20.141369_ContrastiveLoss_gru_catboost/model_128_0.001_3_10_150_256_32_16_256_ContrastiveLoss_gruepoch=04.ckpt,4,30,0.4309353,44.0529,1.6781,0.0005,4.5189,1.388,9.061,0.5244,951.1378,46.6668,245.3996,12.0403,223.2794,10.955,211.2074,10.3627,195.0746,9.5712,182.0894,8.9341,158.2959,7.7667,66.9874,3.6278,17.2832,0.936,15.7253,0.8516,14.8751,0.8056,13.7388,0.7441,12.8243,0.6945,11.1486,0.6038,0.0,0.0,0.0,0.0,0.0,0.0,0.0,0.0,0.0,0.0,0.0,0.0,0.0,0.0,0.0,0.0,0.0,0.0,0.0,0.0,0.0,0.0,0.0,0.0,0.0,0.0,0.0,0.0,0.0,0.0,0.0,0.0,0.0,0.0,0.0,0.676,0.6699
128,0.001,3,10,150,32,16,256,184,440338,73,30,ContrastiveLoss,gru,/home/dpetrovitch/dzagcoffee/train_trace/gender/checkpoints_2025-10-07 19:53:20.141369_ContrastiveLoss_gru_catboost/model_128_0.001_3_10_150_256_32_16_256_ContrastiveLoss_gruepoch=05.ckpt,5,30,0.4373858,45.184,1.678,0.0005,4.5091,1.3643,9.3987,0.543,985.4951,48.3919,248.2201,12.1886,226.9418,11.1438,214.837,10.5494,199.1125,9.7773,186.5975,9.1627,163.8475,8.0456,72.6426,3.8971,18.2967,0.9816,16.7283,0.8974,15.836,0.8496,14.6769,0.7874,13.7544,0.7379,12.0775,0.6479,0.0,0.0,0.0,0.0,0.0,0.0,0.0,0.0,0.0,0.0,0.0,0.0,0.0,0.0,0.0,0.0,0.0,0.0,0.0,0.0,0.0,0.0,0.0,0.0,0.0,0.0,0.0,0.0,0.0,0.0,0.0,0.0,0.0,0.0,0.0,0.64,0.6724
128,0.001,3,10,150,32,16,256,184,440338,73,30,ContrastiveLoss,gru,/home/dpetrovitch/dzagcoffee/train_trace/gender/checkpoints_2025-10-07 19:53:20.141369_ContrastiveLoss_gru_catboost/model_128_0.001_3_10_150_256_32_16_256_ContrastiveLoss_gruepoch=06.ckpt,6,30,0.44617772,46.3924,1.6774,0.0005,4.4889,1.3566,9.8211,0.5481,1039.9954,50.9451,252.3779,12.363,231.4111,11.3359,219.8491,10.7695,204.448,10.0151,192.3341,9.4217,171.0485,8.379,71.6498,3.8764,17.3874,0.9407,15.9429,0.8625,15.1464,0.8195,14.0853,0.762,13.2507,0.7169,11.7843,0.6376,0.0,0.0,0.0,0.0,0.0,0.0,0.0,0.0,0.0,0.0,0.0,0.0,0.0,0.0,0.0,0.0,0.0,0.0,0.0,0.0,0.0,0.0,0.0,0.0,0.0,0.0,0.0,0.0,0.0,0.0,0.0,0.0,0.0,0.0,0.0,0.648,0.6883
128,0.001,3,10,150,32,16,256,184,440338,73,30,ContrastiveLoss,gru,/home/dpetrovitch/dzagcoffee/train_trace/gender/checkpoints_2025-10-07 19:53:20.141369_ContrastiveLoss_gru_catboost/model_128_0.001_3_10_150_256_32_16_256_ContrastiveLoss_gruepoch=07.ckpt,7,30,0.4524368,46.0968,1.6767,0.0005,4.4821,1.3158,9.8715,0.5817,1048.727,51.3233,255.739,12.5155,234.856,11.4936,223.3403,10.93,207.8948,10.1741,195.3528,9.5603,172.1536,8.425,71.1926,3.8196,17.3608,0.9314,15.9431,0.8554,15.1614,0.8134,14.1129,0.7572,13.2615,0.7115,11.6866,0.627,0.0,0.0,0.0,0.0,0.0,0.0,0.0,0.0,0.0,0.0,0.0,0.0,0.0,0.0,0.0,0.0,0.0,0.0,0.0,0.0,0.0,0.0,0.0,0.0,0.0,0.0,0.0,0.0,0.0,0.0,0.0,0.0,0.0,0.0,0.0,0.692,0.7168
128,0.001,3,10,150,32,16,256,184,440338,73,30,ContrastiveLoss,gru,/home/dpetrovitch/dzagcoffee/train_trace/gender/checkpoints_2025-10-07 19:53:20.141369_ContrastiveLoss_gru_catboost/model_128_0.001_3_10_150_256_32_16_256_ContrastiveLoss_gruepoch=08.ckpt,8,30,0.45116332,49.9667,1.6783,0.0005,4.4656,1.3583,9.9701,0.548,1084.9496,53.1568,258.2051,12.6507,237.4781,11.6352,225.8826,11.0671,210.8205,10.3291,198.6724,9.7339,175.8948,8.6179,78.8335,4.1335,18.7614,0.9837,17.2554,0.9048,16.4128,0.8606,15.3184,0.8032,14.4357,0.7569,12.7807,0.6701,0.0,0.0,0.0,0.0,0.0,0.0,0.0,0.0,0.0,0.0,0.0,0.0,0.0,0.0,0.0,0.0,0.0,0.0,0.0,0.0,0.0,0.0,0.0,0.0,0.0,0.0,0.0,0.0,0.0,0.0,0.0,0.0,0.0,0.0,0.0,0.668,0.6987
128,0.001,3,10,150,32,16,256,184,440338,73,30,ContrastiveLoss,gru,/home/dpetrovitch/dzagcoffee/train_trace/gender/checkpoints_2025-10-07 19:53:20.141369_ContrastiveLoss_gru_catboost/model_128_0.001_3_10_150_256_32_16_256_ContrastiveLoss_gruepoch=09.ckpt,9,30,0.45063508,50.9565,1.6777,0.0005,4.4654,1.3613,10.0696,0.5458,1108.2378,54.2622,260.1108,12.7357,239.3655,11.72,228.0836,11.1676,212.7256,10.4156,200.9816,9.8406,177.0735,8.67,77.4734,4.1754,18.1835,0.98,16.7333,0.9018,15.9446,0.8593,14.871,0.8015,14.05,0.7572,12.3786,0.6671,0.0,0.0,0.0,0.0,0.0,0.0,0.0,0.0,0.0,0.0,0.0,0.0,0.0,0.0,0.0,0.0,0.0,0.0,0.0,0.0,0.0,0.0,0.0,0.0,0.0,0.0,0.0,0.0,0.0,0.0,0.0,0.0,0.0,0.0,0.0,0.672,0.7058
128,0.001,3,10,150,32,16,256,184,440338,73,30,ContrastiveLoss,gru,/home/dpetrovitch/dzagcoffee/train_trace/gender/checkpoints_2025-10-07 19:53:20.141369_ContrastiveLoss_gru_catboost/model_128_0.001_3_10_150_256_32_16_256_ContrastiveLoss_gruepoch=10.ckpt,10,30,0.4590129,50.5747,1.6778,0.0005,4.4701,1.3424,10.2101,0.5604,1123.6892,54.9974,262.6615,12.8556,242.4193,11.8649,231.0553,11.3087,215.6783,10.5561,203.1962,9.9452,177.3868,8.682,79.8059,4.181,18.6546,0.9773,17.2169,0.902,16.4099,0.8597,15.3178,0.8025,14.4313,0.7561,12.5982,0.66,0.0,0.0,0.0,0.0,0.0,0.0,0.0,0.0,0.0,0.0,0.0,0.0,0.0,0.0,0.0,0.0,0.0,0.0,0.0,0.0,0.0,0.0,0.0,0.0,0.0,0.0,0.0,0.0,0.0,0.0,0.0,0.0,0.0,0.0,0.0,0.696,0.7162
128,0.001,3,10,150,32,16,256,184,440338,73,30,ContrastiveLoss,gru,/home/dpetrovitch/dzagcoffee/train_trace/gender/checkpoints_2025-10-07 19:53:20.141369_ContrastiveLoss_gru_catboost/model_128_0.001_3_10_150_256_32_16_256_ContrastiveLoss_gruepoch=11.ckpt,11,30,0.45767376,49.3448,1.6753,0.0005,4.4827,1.3101,11.2156,0.5862,1123.9541,54.8933,263.3151,12.8602,243.2752,11.8814,232.016,11.3315,216.5684,10.5771,204.1194,9.9691,180.3775,8.8095,80.9818,4.2004,18.9721,0.984,17.5282,0.9092,16.7169,0.8671,15.6039,0.8093,14.707,0.7628,12.9963,0.6741,0.0,0.0,0.0,0.0,0.0,0.0,0.0,0.0,0.0,0.0,0.0,0.0,0.0,0.0,0.0,0.0,0.0,0.0,0.0,0.0,0.0,0.0,0.0,0.0,0.0,0.0,0.0,0.0,0.0,0.0,0.0,0.0,0.0,0.0,0.0,0.672,0.7187
128,0.001,3,10,150,32,16,256,184,440338,73,30,ContrastiveLoss,gru,/home/dpetrovitch/dzagcoffee/train_trace/gender/checkpoints_2025-10-07 19:53:20.141369_ContrastiveLoss_gru_catboost/model_128_0.001_3_10_150_256_32_16_256_ContrastiveLoss_gruepoch=12.ckpt,12,30,0.46109173,50.5559,1.6762,0.0005,4.4979,1.3218,10.4446,0.5759,1138.5366,55.6124,263.1254,12.8525,243.306,11.8844,232.1831,11.3411,217.5009,10.6239,205.8537,10.055,182.2785,8.9035,83.132,4.3266,19.2125,0.9999,17.7654,0.9246,16.9532,0.8823,15.8812,0.8265,15.0307,0.7823,13.3093,0.6927,0.0,0.0,0.0,0.0,0.0,0.0,0.0,0.0,0.0,0.0,0.0,0.0,0.0,0.0,0.0,0.0,0.0,0.0,0.0,0.0,0.0,0.0,0.0,0.0,0.0,0.0,0.0,0.0,0.0,0.0,0.0,0.0,0.0,0.0,0.0,0.688,0.7069
128,0.001,3,10,150,32,16,256,184,440338,73,30,ContrastiveLoss,gru,/home/dpetrovitch/dzagcoffee/train_trace/gender/checkpoints_2025-10-07 19:53:20.141369_ContrastiveLoss_gru_catboost/model_128_0.001_3_10_150_256_32_16_256_ContrastiveLoss_gruepoch=13.ckpt,13,30,0.45670858,50.9038,1.6737,0.0005,4.5054,1.3266,10.3409,0.5715,1161.7993,56.6826,264.9924,12.9286,245.0526,11.9558,233.9274,11.413,219.0275,10.6861,207.3878,10.1182,184.8753,9.0198,82.6078,4.3797,18.8418,0.9989,17.424,0.9238,16.633,0.8818,15.5736,0.8257,14.746,0.7818,13.1452,0.6969,0.0,0.0,0.0,0.0,0.0,0.0,0.0,0.0,0.0,0.0,0.0,0.0,0.0,0.0,0.0,0.0,0.0,0.0,0.0,0.0,0.0,0.0,0.0,0.0,0.0,0.0,0.0,0.0,0.0,0.0,0.0,0.0,0.0,0.0,0.0,0.676,0.674
128,0.001,3,10,150,32,16,256,184,440338,73,30,ContrastiveLoss,gru,/home/dpetrovitch/dzagcoffee/train_trace/gender/checkpoints_2025-10-07 19:53:20.141369_ContrastiveLoss_gru_catboost/model_128_0.001_3_10_150_256_32_16_256_ContrastiveLoss_gruepoch=14.ckpt,14,30,0.45706263,51.0436,1.675,0.0005,4.5183,1.3129,11.7116,0.5831,1172.0604,57.256,266.3303,13.0104,246.6927,12.0511,235.477,11.5032,220.8455,10.7885,208.9743,10.2086,186.365,9.1041,82.6215,4.3856,18.7743,0.9966,17.39,0.9231,16.5994,0.8811,15.568,0.8264,14.7311,0.7819,13.1373,0.6973,0.0,0.0,0.0,0.0,0.0,0.0,0.0,0.0,0.0,0.0,0.0,0.0,0.0,0.0,0.0,0.0,0.0,0.0,0.0,0.0,0.0,0.0,0.0,0.0,0.0,0.0,0.0,0.0,0.0,0.0,0.0,0.0,0.0,0.0,0.0,0.668,0.7166
128,0.001,3,10,150,32,16,256,184,440338,73,30,ContrastiveLoss,gru,/home/dpetrovitch/dzagcoffee/train_trace/gender/checkpoints_2025-10-07 19:53:20.141369_ContrastiveLoss_gru_catboost/model_128_0.001_3_10_150_256_32_16_256_ContrastiveLoss_gruepoch=15.ckpt,15,30,0.45977244,51.5984,1.6736,0.0005,4.5271,1.3133,10.9758,0.5823,1171.4583,57.1435,266.07,12.9788,246.4009,12.0194,235.4289,11.4842,220.6309,10.7623,208.7845,10.1845,186.1731,9.0815,83.1722,4.3822,18.8907,0.9953,17.4942,0.9217,16.7152,0.8807,15.6645,0.8253,14.8235,0.781,13.2181,0.6964,0.0,0.0,0.0,0.0,0.0,0.0,0.0,0.0,0.0,0.0,0.0,0.0,0.0,0.0,0.0,0.0,0.0,0.0,0.0,0.0,0.0,0.0,0.0,0.0,0.0,0.0,0.0,0.0,0.0,0.0,0.0,0.0,0.0,0.0,0.0,0.664,0.6982
128,0.001,3,10,150,32,16,256,184,440338,73,30,ContrastiveLoss,gru,/home/dpetrovitch/dzagcoffee/train_trace/gender/checkpoints_2025-10-07 19:53:20.141369_ContrastiveLoss_gru_catboost/model_128_0.001_3_10_150_256_32_16_256_ContrastiveLoss_gruepoch=16.ckpt,16,30,0.46079472,52.313,1.6732,0.0005,4.5419,1.3224,10.7558,0.575,1182.1046,57.6617,266.3352,12.9915,246.9,12.0435,235.7513,11.4997,221.0389,10.782,209.0865,10.199,184.9953,9.0239,84.1905,4.3548,18.9686,0.9812,17.5844,0.9096,16.7904,0.8685,15.7426,0.8143,14.8913,0.7703,13.1755,0.6815,0.0,0.0,0.0,0.0,0.0,0.0,0.0,0.0,0.0,0.0,0.0,0.0,0.0,0.0,0.0,0.0,0.0,0.0,0.0,0.0,0.0,0.0,0.0,0.0,0.0,0.0,0.0,0.0,0.0,0.0,0.0,0.0,0.0,0.0,0.0,0.676,0.7233
128,0.001,3,10,150,32,16,256,184,440338,73,30,ContrastiveLoss,gru,/home/dpetrovitch/dzagcoffee/train_trace/gender/checkpoints_2025-10-07 19:53:20.141369_ContrastiveLoss_gru_catboost/model_128_0.001_3_10_150_256_32_16_256_ContrastiveLoss_gruepoch=17.ckpt,17,30,0.46292207,51.1255,1.676,0.0005,4.566,1.2836,11.1015,0.6093,1166.5177,56.9303,267.7469,13.067,248.2499,12.1155,237.2954,11.5809,222.5265,10.8601,210.3581,10.2662,186.4713,9.1005,80.6756,4.1612,18.5172,0.9551,17.1688,0.8856,16.4112,0.8465,15.3898,0.7938,14.5482,0.7504,12.8962,0.6652,0.0,0.0,0.0,0.0,0.0,0.0,0.0,0.0,0.0,0.0,0.0,0.0,0.0,0.0,0.0,0.0,0.0,0.0,0.0,0.0,0.0,0.0,0.0,0.0,0.0,0.0,0.0,0.0,0.0,0.0,0.0,0.0,0.0,0.0,0.0,0.664,0.7346
128,0.001,3,10,150,32,16,256,184,440338,73,30,ContrastiveLoss,gru,/home/dpetrovitch/dzagcoffee/train_trace/gender/checkpoints_2025-10-07 19:53:20.141369_ContrastiveLoss_gru_catboost/model_128_0.001_3_10_150_256_32_16_256_ContrastiveLoss_gruepoch=18.ckpt,18,30,0.46651423,53.1191,1.6761,0.0005,4.555,1.3125,10.9617,0.5841,1200.3405,58.6127,268.9537,13.133,249.4731,12.1818,238.6414,11.6529,224.0775,10.9417,212.3691,10.37,190.1354,9.2843,80.0327,4.181,17.9325,0.9368,16.6336,0.869,15.9114,0.8312,14.9404,0.7805,14.1597,0.7397,12.6773,0.6623,0.0,0.0,0.0,0.0,0.0,0.0,0.0,0.0,0.0,0.0,0.0,0.0,0.0,0.0,0.0,0.0,0.0,0.0,0.0,0.0,0.0,0.0,0.0,0.0,0.0,0.0,0.0,0.0,0.0,0.0,0.0,0.0,0.0,0.0,0.0,0.676,0.7098
128,0.001,3,10,150,32,16,256,184,440338,73,30,ContrastiveLoss,gru,/home/dpetrovitch/dzagcoffee/train_trace/gender/checkpoints_2025-10-07 19:53:20.141369_ContrastiveLoss_gru_catboost/model_128_0.001_3_10_150_256_32_16_256_ContrastiveLoss_gruepoch=19.ckpt,19,30,0.46692255,52.3831,1.6687,0.0005,4.5557,1.3046,10.8629,0.5893,1190.0787,57.993,268.2618,13.0725,249.1184,12.1396,238.3663,11.6157,223.6869,10.9003,211.8472,10.3234,189.3807,9.2286,79.3558,4.1216,17.888,0.9291,16.6115,0.8628,15.8945,0.8255,14.9157,0.7747,14.1262,0.7337,12.6281,0.6559,0.0,0.0,0.0,0.0,0.0,0.0,0.0,0.0,0.0,0.0,0.0,0.0,0.0,0.0,0.0,0.0,0.0,0.0,0.0,0.0,0.0,0.0,0.0,0.0,0.0,0.0,0.0,0.0,0.0,0.0,0.0,0.0,0.0,0.0,0.0,0.672,0.704
128,0.001,3,10,150,32,16,256,184,440338,73,30,ContrastiveLoss,gru,/home/dpetrovitch/dzagcoffee/train_trace/gender/checkpoints_2025-10-07 19:53:20.141369_ContrastiveLoss_gru_catboost/model_128_0.001_3_10_150_256_32_16_256_ContrastiveLoss_gruepoch=20.ckpt,20,30,0.46317902,53.0033,1.6751,0.0005,4.5729,1.307,11.1218,0.5874,1205.3306,58.772,269.8881,13.1598,250.7836,12.2282,239.9329,11.6991,225.389,10.99,213.7564,10.4228,190.3972,9.2838,85.2317,4.3725,19.0844,0.9791,17.7335,0.9098,16.9662,0.8704,15.9378,0.8176,15.1152,0.7754,13.4634,0.6907,0.0,0.0,0.0,0.0,0.0,0.0,0.0,0.0,0.0,0.0,0.0,0.0,0.0,0.0,0.0,0.0,0.0,0.0,0.0,0.0,0.0,0.0,0.0,0.0,0.0,0.0,0.0,0.0,0.0,0.0,0.0,0.0,0.0,0.0,0.0,0.692,0.715
128,0.001,3,10,150,32,16,256,184,440338,73,30,ContrastiveLoss,gru,/home/dpetrovitch/dzagcoffee/train_trace/gender/checkpoints_2025-10-07 19:53:20.141369_ContrastiveLoss_gru_catboost/model_128_0.001_3_10_150_256_32_16_256_ContrastiveLoss_gruepoch=21.ckpt,21,30,0.46930683,53.5261,1.6737,0.0005,4.5687,1.3122,11.0803,0.5834,1204.1892,58.6989,269.9403,13.1584,250.6724,12.2192,240.0523,11.7015,225.667,11.0003,213.7559,10.4197,190.2371,9.2732,81.6788,4.2298,18.3098,0.9482,17.0028,0.8805,16.2825,0.8432,15.3067,0.7927,14.4988,0.7508,12.9036,0.6682,0.0,0.0,0.0,0.0,0.0,0.0,0.0,0.0,0.0,0.0,0.0,0.0,0.0,0.0,0.0,0.0,0.0,0.0,0.0,0.0,0.0,0.0,0.0,0.0,0.0,0.0,0.0,0.0,0.0,0.0,0.0,0.0,0.0,0.0,0.0,0.676,0.7254
128,0.001,3,10,150,32,16,256,184,440338,73,30,ContrastiveLoss,gru,/home/dpetrovitch/dzagcoffee/train_trace/gender/checkpoints_2025-10-07 19:53:20.141369_ContrastiveLoss_gru_catboost/model_128_0.001_3_10_150_256_32_16_256_ContrastiveLoss_gruepoch=22.ckpt,22,30,0.4636416,53.0949,1.6718,0.0005,4.5774,1.3071,11.2806,0.5878,1222.4229,59.5682,270.6298,13.1877,251.453,12.2532,240.6867,11.7286,226.358,11.0303,214.7555,10.465,191.644,9.3387,83.0952,4.3243,18.3963,0.9573,17.0927,0.8895,16.3609,0.8514,15.3869,0.8007,14.5982,0.7597,13.0272,0.6779,0.0,0.0,0.0,0.0,0.0,0.0,0.0,0.0,0.0,0.0,0.0,0.0,0.0,0.0,0.0,0.0,0.0,0.0,0.0,0.0,0.0,0.0,0.0,0.0,0.0,0.0,0.0,0.0,0.0,0.0,0.0,0.0,0.0,0.0,0.0,0.66,0.6928
128,0.001,3,10,150,32,16,256,184,440338,73,30,ContrastiveLoss,gru,/home/dpetrovitch/dzagcoffee/train_trace/gender/checkpoints_2025-10-07 19:53:20.141369_ContrastiveLoss_gru_catboost/model_128_0.001_3_10_150_256_32_16_256_ContrastiveLoss_gruepoch=23.ckpt,23,30,0.46144295,52.9274,1.6676,0.0005,4.5747,1.307,11.7389,0.5873,1224.9375,59.6461,271.1969,13.2054,252.1017,12.2756,241.424,11.7557,227.0046,11.0536,215.2999,10.4836,193.8303,9.4382,84.1108,4.348,18.6218,0.9626,17.3107,0.8949,16.5775,0.857,15.5874,0.8058,14.7836,0.7642,13.3094,0.688,0.0,0.0,0.0,0.0,0.0,0.0,0.0,0.0,0.0,0.0,0.0,0.0,0.0,0.0,0.0,0.0,0.0,0.0,0.0,0.0,0.0,0.0,0.0,0.0,0.0,0.0,0.0,0.0,0.0,0.0,0.0,0.0,0.0,0.0,0.0,0.66,0.6885
128,0.001,3,10,150,32,16,256,184,440338,73,30,ContrastiveLoss,gru,/home/dpetrovitch/dzagcoffee/train_trace/gender/checkpoints_2025-10-07 19:53:20.141369_ContrastiveLoss_gru_catboost/model_128_0.001_3_10_150_256_32_16_256_ContrastiveLoss_gruepoch=24.ckpt,24,30,0.4660801,52.8787,1.6747,0.0005,4.5993,1.2938,11.3071,0.5995,1219.6157,59.4659,271.7911,13.252,252.7328,12.3227,241.8157,11.7904,227.3013,11.0827,215.4221,10.5035,192.3796,9.38,82.3865,4.2626,18.3598,0.9499,17.0724,0.8833,16.3349,0.8452,15.3545,0.7944,14.552,0.7529,12.9955,0.6724,0.0,0.0,0.0,0.0,0.0,0.0,0.0,0.0,0.0,0.0,0.0,0.0,0.0,0.0,0.0,0.0,0.0,0.0,0.0,0.0,0.0,0.0,0.0,0.0,0.0,0.0,0.0,0.0,0.0,0.0,0.0,0.0,0.0,0.0,0.0,0.684,0.7217
128,0.001,3,10,150,32,16,256,184,440338,73,30,ContrastiveLoss,gru,/home/dpetrovitch/dzagcoffee/train_trace/gender/checkpoints_2025-10-07 19:53:20.141369_ContrastiveLoss_gru_catboost/model_128_0.001_3_10_150_256_32_16_256_ContrastiveLoss_gruepoch=25.ckpt,25,30,0.46576893,52.8123,1.6729,0.0005,4.5988,1.2951,11.6162,0.5984,1227.9001,59.8539,271.8901,13.2533,252.86,12.3257,242.0396,11.7982,227.5245,11.0907,215.5554,10.5072,192.4804,9.3825,85.4075,4.3752,18.9115,0.9688,17.5879,0.901,16.8353,0.8624,15.8256,0.8107,14.9931,0.7681,13.3881,0.6858,0.0,0.0,0.0,0.0,0.0,0.0,0.0,0.0,0.0,0.0,0.0,0.0,0.0,0.0,0.0,0.0,0.0,0.0,0.0,0.0,0.0,0.0,0.0,0.0,0.0,0.0,0.0,0.0,0.0,0.0,0.0,0.0,0.0,0.0,0.0,0.712,0.7224
128,0.001,3,10,150,32,16,256,184,440338,73,30,ContrastiveLoss,gru,/home/dpetrovitch/dzagcoffee/train_trace/gender/checkpoints_2025-10-07 19:53:20.141369_ContrastiveLoss_gru_catboost/model_128_0.001_3_10_150_256_32_16_256_ContrastiveLoss_gruepoch=26.ckpt,26,30,0.46530637,53.3565,1.6759,0.0005,4.602,1.296,11.5751,0.5979,1234.6149,60.2277,272.1678,13.277,253.2834,12.3558,242.6617,11.8377,228.168,11.1306,216.2741,10.5504,193.825,9.4553,86.4981,4.3884,19.0683,0.9674,17.7452,0.9003,17.0011,0.8625,15.9856,0.811,15.1523,0.7687,13.5795,0.6889,0.0,0.0,0.0,0.0,0.0,0.0,0.0,0.0,0.0,0.0,0.0,0.0,0.0,0.0,0.0,0.0,0.0,0.0,0.0,0.0,0.0,0.0,0.0,0.0,0.0,0.0,0.0,0.0,0.0,0.0,0.0,0.0,0.0,0.0,0.0,0.66,0.7142
128,0.001,3,10,150,32,16,256,184,440338,73,30,ContrastiveLoss,gru,/home/dpetrovitch/dzagcoffee/train_trace/gender/checkpoints_2025-10-07 19:53:20.141369_ContrastiveLoss_gru_catboost/model_128_0.001_3_10_150_256_32_16_256_ContrastiveLoss_gruepoch=27.ckpt,27,30,0.4706917,54.063,1.6727,0.0005,4.5939,1.3138,11.7381,0.5817,1248.6039,60.8625,272.227,13.2696,253.2884,12.3464,242.6176,11.8263,228.4472,11.1355,217.0822,10.5816,194.7136,9.4912,86.3121,4.4542,18.8182,0.9711,17.509,0.9036,16.7714,0.8655,15.7918,0.8149,15.0062,0.7744,13.46,0.6946,0.0,0.0,0.0,0.0,0.0,0.0,0.0,0.0,0.0,0.0,0.0,0.0,0.0,0.0,0.0,0.0,0.0,0.0,0.0,0.0,0.0,0.0,0.0,0.0,0.0,0.0,0.0,0.0,0.0,0.0,0.0,0.0,0.0,0.0,0.0,0.66,0.6954
128,0.001,3,10,150,32,16,256,184,440338,73,30,ContrastiveLoss,gru,/home/dpetrovitch/dzagcoffee/train_trace/gender/checkpoints_2025-10-07 19:53:20.141369_ContrastiveLoss_gru_catboost/model_128_0.001_3_10_150_256_32_16_256_ContrastiveLoss_gruepoch=28.ckpt,28,30,0.46678832,53.5753,1.6731,0.0005,4.607,1.2986,11.3488,0.5957,1231.6138,60.0598,272.436,13.2854,253.2604,12.3503,242.431,11.8222,227.8804,11.1126,216.0527,10.5358,192.2621,9.3757,79.5964,4.1425,17.6069,0.9163,16.3677,0.8518,15.6678,0.8154,14.7274,0.7665,13.963,0.7267,12.4255,0.6467,0.0,0.0,0.0,0.0,0.0,0.0,0.0,0.0,0.0,0.0,0.0,0.0,0.0,0.0,0.0,0.0,0.0,0.0,0.0,0.0,0.0,0.0,0.0,0.0,0.0,0.0,0.0,0.0,0.0,0.0,0.0,0.0,0.0,0.0,0.0,0.672,0.6984
128,0.001,3,10,150,32,16,256,184,440338,73,30,ContrastiveLoss,gru,/home/dpetrovitch/dzagcoffee/train_trace/gender/checkpoints_2025-10-07 19:53:20.141369_ContrastiveLoss_gru_catboost/model_128_0.001_3_10_150_256_32_16_256_ContrastiveLoss_gruepoch=29.ckpt,29,30,0.46735656,53.8813,1.6753,0.0005,4.616,1.3005,11.5715,0.5939,1246.896,60.8223,273.361,13.3343,254.5201,12.4152,243.8168,11.8931,229.5163,11.1956,217.7702,10.6226,194.4625,9.4857,86.0953,4.3802,18.8749,0.9603,17.574,0.8941,16.835,0.8565,15.8476,0.8063,15.0365,0.765,13.4272,0.6831,0.0,0.0,0.0,0.0,0.0,0.0,0.0,0.0,0.0,0.0,0.0,0.0,0.0,0.0,0.0,0.0,0.0,0.0,0.0,0.0,0.0,0.0,0.0,0.0,0.0,0.0,0.0,0.0,0.0,0.0,0.0,0.0,0.0,0.0,0.0,0.676,0.7041
128,0.001,3,10,200,32,16,256,184,440338,73,30,ContrastiveLoss,gru,/home/dpetrovitch/dzagcoffee/train_trace/gender/checkpoints_2025-10-07 19:53:20.141369_ContrastiveLoss_gru_catboost/model_128_0.001_3_10_200_256_32_16_256_ContrastiveLoss_gruepoch=00.ckpt,0,30,0.37413764,45.2928,1.6788,0.0004,5.0712,1.5314,5.5441,0.4602,645.1842,32.2128,215.9726,10.7831,189.8235,9.4775,176.1236,8.7935,158.4402,7.9106,144.4158,7.2104,99.0913,4.9474,35.7866,2.2974,11.9794,0.769,10.529,0.6759,9.7691,0.6271,8.7882,0.5642,8.0103,0.5142,5.4963,0.3528,0.0,0.0,0.0,0.0,0.0,0.0,0.0,0.0,0.0,0.0,0.0,0.0,0.0,0.0,0.0,0.0,0.0,0.0,0.0,0.0,0.0,0.0,0.0,0.0,0.0,0.0,0.0,0.0,0.0,0.0,0.0,0.0,0.0,0.0,0.0,0.604,0.5604
128,0.001,3,10,200,32,16,256,184,440338,73,30,ContrastiveLoss,gru,/home/dpetrovitch/dzagcoffee/train_trace/gender/checkpoints_2025-10-07 19:53:20.141369_ContrastiveLoss_gru_catboost/model_128_0.001_3_10_200_256_32_16_256_ContrastiveLoss_gruepoch=01.ckpt,1,30,0.42442203,40.7169,1.6777,0.0004,4.7153,1.5937,7.6559,0.4155,838.0322,41.4405,221.8923,10.9725,198.7264,9.827,186.3636,9.2156,170.0655,8.4097,157.04,7.7656,132.3498,6.5447,52.9051,3.2884,14.0081,0.8707,12.5456,0.7798,11.7652,0.7313,10.7363,0.6673,9.914,0.6162,8.3553,0.5193,0.0,0.0,0.0,0.0,0.0,0.0,0.0,0.0,0.0,0.0,0.0,0.0,0.0,0.0,0.0,0.0,0.0,0.0,0.0,0.0,0.0,0.0,0.0,0.0,0.0,0.0,0.0,0.0,0.0,0.0,0.0,0.0,0.0,0.0,0.0,0.612,0.6287
128,0.001,3,10,200,32,16,256,184,440338,73,30,ContrastiveLoss,gru,/home/dpetrovitch/dzagcoffee/train_trace/gender/checkpoints_2025-10-07 19:53:20.141369_ContrastiveLoss_gru_catboost/model_128_0.001_3_10_200_256_32_16_256_ContrastiveLoss_gruepoch=02.ckpt,2,30,0.43338534,39.1149,1.6786,0.0004,4.6685,1.4258,8.3857,0.5042,902.7124,44.5346,235.0263,11.5948,211.9696,10.4573,199.2678,9.8307,182.0476,8.9812,167.4873,8.2628,141.7092,6.9911,51.4175,3.0946,13.3868,0.8057,12.0735,0.7267,11.3501,0.6831,10.3692,0.6241,9.5399,0.5742,8.0716,0.4858,0.0,0.0,0.0,0.0,0.0,0.0,0.0,0.0,0.0,0.0,0.0,0.0,0.0,0.0,0.0,0.0,0.0,0.0,0.0,0.0,0.0,0.0,0.0,0.0,0.0,0.0,0.0,0.0,0.0,0.0,0.0,0.0,0.0,0.0,0.0,0.644,0.6609
128,0.001,3,10,200,32,16,256,184,440338,73,30,ContrastiveLoss,gru,/home/dpetrovitch/dzagcoffee/train_trace/gender/checkpoints_2025-10-07 19:53:20.141369_ContrastiveLoss_gru_catboost/model_128_0.001_3_10_200_256_32_16_256_ContrastiveLoss_gruepoch=03.ckpt,3,30,0.43899056,39.9523,1.6782,0.0004,4.5931,1.3984,7.4598,0.5223,926.9459,45.6271,237.6596,11.6983,215.202,10.5929,202.66,9.9755,185.5375,9.1327,171.5025,8.4419,148.2363,7.2966,60.685,3.4611,15.559,0.8874,14.0888,0.8035,13.2677,0.7567,12.1467,0.6928,11.2279,0.6404,9.7047,0.5535,0.0,0.0,0.0,0.0,0.0,0.0,0.0,0.0,0.0,0.0,0.0,0.0,0.0,0.0,0.0,0.0,0.0,0.0,0.0,0.0,0.0,0.0,0.0,0.0,0.0,0.0,0.0,0.0,0.0,0.0,0.0,0.0,0.0,0.0,0.0,0.62,0.6651
128,0.001,3,10,200,32,16,256,184,440338,73,30,ContrastiveLoss,gru,/home/dpetrovitch/dzagcoffee/train_trace/gender/checkpoints_2025-10-07 19:53:20.141369_ContrastiveLoss_gru_catboost/model_128_0.001_3_10_200_256_32_16_256_ContrastiveLoss_gruepoch=04.ckpt,4,30,0.4477054,42.1074,1.6781,0.0005,4.5166,1.4204,8.2596,0.5031,984.8392,48.4024,239.6883,11.7801,218.113,10.7197,206.5826,10.153,190.8675,9.3807,178.7053,8.7829,154.9688,7.6163,64.1497,3.6004,15.6126,0.8763,14.2073,0.7974,13.4562,0.7552,12.4326,0.6978,11.6404,0.6533,10.0942,0.5665,0.0,0.0,0.0,0.0,0.0,0.0,0.0,0.0,0.0,0.0,0.0,0.0,0.0,0.0,0.0,0.0,0.0,0.0,0.0,0.0,0.0,0.0,0.0,0.0,0.0,0.0,0.0,0.0,0.0,0.0,0.0,0.0,0.0,0.0,0.0,0.648,0.683
128,0.001,3,10,200,32,16,256,184,440338,73,30,ContrastiveLoss,gru,/home/dpetrovitch/dzagcoffee/train_trace/gender/checkpoints_2025-10-07 19:53:20.141369_ContrastiveLoss_gru_catboost/model_128_0.001_3_10_200_256_32_16_256_ContrastiveLoss_gruepoch=05.ckpt,5,30,0.44935867,43.1786,1.6771,0.0004,4.4799,1.3987,8.522,0.5191,1033.7405,50.6169,243.8802,11.9416,222.6357,10.9013,210.9369,10.3285,195.1739,9.5567,182.3816,8.9303,158.1222,7.7424,69.1278,3.8522,16.3086,0.9088,14.888,0.8296,14.1057,0.786,13.0516,0.7273,12.1961,0.6796,10.5739,0.5892,0.0,0.0,0.0,0.0,0.0,0.0,0.0,0.0,0.0,0.0,0.0,0.0,0.0,0.0,0.0,0.0,0.0,0.0,0.0,0.0,0.0,0.0,0.0,0.0,0.0,0.0,0.0,0.0,0.0,0.0,0.0,0.0,0.0,0.0,0.0,0.64,0.6864
128,0.001,3,10,200,32,16,256,184,440338,73,30,ContrastiveLoss,gru,/home/dpetrovitch/dzagcoffee/train_trace/gender/checkpoints_2025-10-07 19:53:20.141369_ContrastiveLoss_gru_catboost/model_128_0.001_3_10_200_256_32_16_256_ContrastiveLoss_gruepoch=06.ckpt,6,30,0.44827643,43.167,1.6775,0.0004,4.4912,1.3446,9.0998,0.5578,1066.8633,52.2539,247.0906,12.1023,225.95,11.0668,214.1786,10.4903,198.5863,9.7266,186.2481,9.1222,161.828,7.9262,74.3434,4.0255,17.2183,0.9323,15.7451,0.8526,14.9248,0.8081,13.8383,0.7493,12.9785,0.7028,11.2768,0.6106,0.0,0.0,0.0,0.0,0.0,0.0,0.0,0.0,0.0,0.0,0.0,0.0,0.0,0.0,0.0,0.0,0.0,0.0,0.0,0.0,0.0,0.0,0.0,0.0,0.0,0.0,0.0,0.0,0.0,0.0,0.0,0.0,0.0,0.0,0.0,0.676,0.68
128,0.001,3,10,200,32,16,256,184,440338,73,30,ContrastiveLoss,gru,/home/dpetrovitch/dzagcoffee/train_trace/gender/checkpoints_2025-10-07 19:53:20.141369_ContrastiveLoss_gru_catboost/model_128_0.001_3_10_200_256_32_16_256_ContrastiveLoss_gruepoch=07.ckpt,7,30,0.4559776,45.3787,1.6771,0.0005,4.4567,1.3546,9.4415,0.5494,1097.4634,53.6925,249.141,12.189,228.7852,11.1931,217.4467,10.6384,202.3369,9.8992,190.1001,9.3005,165.3089,8.0876,80.3548,4.3431,18.2418,0.986,16.7514,0.9054,15.9212,0.8605,14.8148,0.8007,13.9189,0.7523,12.1037,0.6542,0.0,0.0,0.0,0.0,0.0,0.0,0.0,0.0,0.0,0.0,0.0,0.0,0.0,0.0,0.0,0.0,0.0,0.0,0.0,0.0,0.0,0.0,0.0,0.0,0.0,0.0,0.0,0.0,0.0,0.0,0.0,0.0,0.0,0.0,0.0,0.648,0.6666
128,0.001,3,10,200,32,16,256,184,440338,73,30,ContrastiveLoss,gru,/home/dpetrovitch/dzagcoffee/train_trace/gender/checkpoints_2025-10-07 19:53:20.141369_ContrastiveLoss_gru_catboost/model_128_0.001_3_10_200_256_32_16_256_ContrastiveLoss_gruepoch=08.ckpt,8,30,0.45899007,47.9513,1.6766,0.0005,4.4611,1.369,9.7816,0.5388,1118.7053,54.6922,254.2226,12.4286,233.6966,11.4251,222.3823,10.872,207.2845,10.1339,194.5505,9.5113,170.3037,8.3259,85.7254,4.4669,19.4808,1.0151,17.908,0.9331,17.041,0.888,15.884,0.8277,14.9082,0.7768,13.0502,0.68,0.0,0.0,0.0,0.0,0.0,0.0,0.0,0.0,0.0,0.0,0.0,0.0,0.0,0.0,0.0,0.0,0.0,0.0,0.0,0.0,0.0,0.0,0.0,0.0,0.0,0.0,0.0,0.0,0.0,0.0,0.0,0.0,0.0,0.0,0.0,0.676,0.6832
128,0.001,3,10,200,32,16,256,184,440338,73,30,ContrastiveLoss,gru,/home/dpetrovitch/dzagcoffee/train_trace/gender/checkpoints_2025-10-07 19:53:20.141369_ContrastiveLoss_gru_catboost/model_128_0.001_3_10_200_256_32_16_256_ContrastiveLoss_gruepoch=09.ckpt,9,30,0.46199688,49.6351,1.6763,0.0005,4.4544,1.3777,10.0024,0.5331,1146.4861,56.0254,255.5731,12.4891,234.9307,11.4804,223.7377,10.9334,208.8215,10.2045,197.0366,9.6286,173.8608,8.4961,86.4212,4.4962,19.2649,1.0023,17.7089,0.9213,16.8652,0.8774,15.7408,0.8189,14.8525,0.7727,13.1055,0.6818,0.0,0.0,0.0,0.0,0.0,0.0,0.0,0.0,0.0,0.0,0.0,0.0,0.0,0.0,0.0,0.0,0.0,0.0,0.0,0.0,0.0,0.0,0.0,0.0,0.0,0.0,0.0,0.0,0.0,0.0,0.0,0.0,0.0,0.0,0.0,0.68,0.6941
128,0.001,3,10,200,32,16,256,184,440338,73,30,ContrastiveLoss,gru,/home/dpetrovitch/dzagcoffee/train_trace/gender/checkpoints_2025-10-07 19:53:20.141369_ContrastiveLoss_gru_catboost/model_128_0.001_3_10_200_256_32_16_256_ContrastiveLoss_gruepoch=10.ckpt,10,30,0.46409848,47.9659,1.6746,0.0005,4.4666,1.345,10.2198,0.5562,1158.185,56.4979,256.4961,12.5122,235.9421,11.5096,224.7409,10.9632,209.7498,10.2319,197.7919,9.6486,175.4526,8.5588,86.1334,4.4623,19.0754,0.9882,17.5469,0.909,16.7138,0.8659,15.599,0.8081,14.7097,0.7621,13.0483,0.676,0.0,0.0,0.0,0.0,0.0,0.0,0.0,0.0,0.0,0.0,0.0,0.0,0.0,0.0,0.0,0.0,0.0,0.0,0.0,0.0,0.0,0.0,0.0,0.0,0.0,0.0,0.0,0.0,0.0,0.0,0.0,0.0,0.0,0.0,0.0,0.672,0.701
128,0.001,3,10,200,32,16,256,184,440338,73,30,ContrastiveLoss,gru,/home/dpetrovitch/dzagcoffee/train_trace/gender/checkpoints_2025-10-07 19:53:20.141369_ContrastiveLoss_gru_catboost/model_128_0.001_3_10_200_256_32_16_256_ContrastiveLoss_gruepoch=11.ckpt,11,30,0.46412984,49.688,1.6764,0.0005,4.4849,1.361,9.9168,0.5449,1163.5231,56.8047,257.4442,12.5688,236.9757,11.5695,225.784,11.0231,211.0676,10.3046,199.4772,9.7387,177.1386,8.6481,89.4104,4.641,19.7832,1.0269,18.2103,0.9452,17.3503,0.9006,16.2194,0.8419,15.3287,0.7957,13.6121,0.7066,0.0,0.0,0.0,0.0,0.0,0.0,0.0,0.0,0.0,0.0,0.0,0.0,0.0,0.0,0.0,0.0,0.0,0.0,0.0,0.0,0.0,0.0,0.0,0.0,0.0,0.0,0.0,0.0,0.0,0.0,0.0,0.0,0.0,0.0,0.0,0.672,0.6986
128,0.001,3,10,200,32,16,256,184,440338,73,30,ContrastiveLoss,gru,/home/dpetrovitch/dzagcoffee/train_trace/gender/checkpoints_2025-10-07 19:53:20.141369_ContrastiveLoss_gru_catboost/model_128_0.001_3_10_200_256_32_16_256_ContrastiveLoss_gruepoch=12.ckpt,12,30,0.4634503,48.8855,1.6752,0.0005,4.5007,1.334,10.0422,0.5658,1169.9934,57.0893,258.7955,12.6278,238.347,11.63,227.0709,11.0798,212.2162,10.355,200.5033,9.7835,177.5012,8.6611,86.4459,4.4894,19.1213,0.993,17.6105,0.9146,16.7773,0.8713,15.6798,0.8143,14.8143,0.7694,13.1148,0.6811,0.0,0.0,0.0,0.0,0.0,0.0,0.0,0.0,0.0,0.0,0.0,0.0,0.0,0.0,0.0,0.0,0.0,0.0,0.0,0.0,0.0,0.0,0.0,0.0,0.0,0.0,0.0,0.0,0.0,0.0,0.0,0.0,0.0,0.0,0.0,0.684,0.7183
128,0.001,3,10,200,32,16,256,184,440338,73,30,ContrastiveLoss,gru,/home/dpetrovitch/dzagcoffee/train_trace/gender/checkpoints_2025-10-07 19:53:20.141369_ContrastiveLoss_gru_catboost/model_128_0.001_3_10_200_256_32_16_256_ContrastiveLoss_gruepoch=13.ckpt,13,30,0.46634004,49.8332,1.6765,0.0005,4.5099,1.3409,10.7483,0.5599,1192.0388,58.2343,260.4524,12.7238,240.2763,11.7381,229.2141,11.1977,214.5044,10.4791,202.7064,9.9027,179.3691,8.7627,92.1471,4.6548,20.1335,1.017,18.5739,0.9383,17.7187,0.8951,16.5816,0.8376,15.6696,0.7916,13.8656,0.7004,0.0,0.0,0.0,0.0,0.0,0.0,0.0,0.0,0.0,0.0,0.0,0.0,0.0,0.0,0.0,0.0,0.0,0.0,0.0,0.0,0.0,0.0,0.0,0.0,0.0,0.0,0.0,0.0,0.0,0.0,0.0,0.0,0.0,0.0,0.0,0.668,0.7082
128,0.001,3,10,200,32,16,256,184,440338,73,30,ContrastiveLoss,gru,/home/dpetrovitch/dzagcoffee/train_trace/gender/checkpoints_2025-10-07 19:53:20.141369_ContrastiveLoss_gru_catboost/model_128_0.001_3_10_200_256_32_16_256_ContrastiveLoss_gruepoch=14.ckpt,14,30,0.46635148,50.7205,1.6767,0.0005,4.5112,1.3546,10.2745,0.5504,1206.5317,58.9483,262.3349,12.8171,241.973,11.8222,230.6123,11.2672,215.4591,10.5268,203.597,9.9473,179.41,8.7656,88.1667,4.5697,19.17,0.9936,17.6821,0.9165,16.8519,0.8734,15.7446,0.8161,14.8777,0.7711,13.1103,0.6795,0.0,0.0,0.0,0.0,0.0,0.0,0.0,0.0,0.0,0.0,0.0,0.0,0.0,0.0,0.0,0.0,0.0,0.0,0.0,0.0,0.0,0.0,0.0,0.0,0.0,0.0,0.0,0.0,0.0,0.0,0.0,0.0,0.0,0.0,0.0,0.66,0.7047
128,0.001,3,10,200,32,16,256,184,440338,73,30,ContrastiveLoss,gru,/home/dpetrovitch/dzagcoffee/train_trace/gender/checkpoints_2025-10-07 19:53:20.141369_ContrastiveLoss_gru_catboost/model_128_0.001_3_10_200_256_32_16_256_ContrastiveLoss_gruepoch=15.ckpt,15,30,0.46563756,49.2051,1.6771,0.0004,4.5486,1.3044,10.1933,0.5915,1188.9125,58.1394,263.198,12.8707,242.6229,11.8646,231.3654,11.3141,216.0635,10.5658,203.4553,9.9492,179.8537,8.7951,90.7909,4.6251,20.099,1.0239,18.5278,0.9438,17.6682,0.9001,16.4996,0.8405,15.5368,0.7915,13.7345,0.6997,0.0,0.0,0.0,0.0,0.0,0.0,0.0,0.0,0.0,0.0,0.0,0.0,0.0,0.0,0.0,0.0,0.0,0.0,0.0,0.0,0.0,0.0,0.0,0.0,0.0,0.0,0.0,0.0,0.0,0.0,0.0,0.0,0.0,0.0,0.0,0.696,0.7284
128,0.001,3,10,200,32,16,256,184,440338,73,30,ContrastiveLoss,gru,/home/dpetrovitch/dzagcoffee/train_trace/gender/checkpoints_2025-10-07 19:53:20.141369_ContrastiveLoss_gru_catboost/model_128_0.001_3_10_200_256_32_16_256_ContrastiveLoss_gruepoch=16.ckpt,16,30,0.46892703,50.679,1.6764,0.0005,4.526,1.3375,10.5849,0.5626,1223.0642,59.7259,263.0297,12.8445,242.7367,11.8536,231.5436,11.307,216.6279,10.5786,204.7256,9.9974,182.1335,8.8941,91.1409,4.627,19.6006,0.9951,18.0884,0.9183,17.2543,0.876,16.1428,0.8195,15.2558,0.7745,13.5723,0.689,0.0,0.0,0.0,0.0,0.0,0.0,0.0,0.0,0.0,0.0,0.0,0.0,0.0,0.0,0.0,0.0,0.0,0.0,0.0,0.0,0.0,0.0,0.0,0.0,0.0,0.0,0.0,0.0,0.0,0.0,0.0,0.0,0.0,0.0,0.0,0.672,0.7153
128,0.001,3,10,200,32,16,256,184,440338,73,30,ContrastiveLoss,gru,/home/dpetrovitch/dzagcoffee/train_trace/gender/checkpoints_2025-10-07 19:53:20.141369_ContrastiveLoss_gru_catboost/model_128_0.001_3_10_200_256_32_16_256_ContrastiveLoss_gruepoch=17.ckpt,17,30,0.4705404,49.9914,1.6746,0.0004,4.5446,1.3071,10.4449,0.5878,1213.3882,59.213,264.8028,12.9223,244.6259,11.9377,233.543,11.3968,218.298,10.6529,205.6535,10.0358,180.5897,8.8127,91.4065,4.5668,19.948,0.9966,18.4281,0.9207,17.5932,0.879,16.4447,0.8216,15.4922,0.774,13.6041,0.6797,0.0,0.0,0.0,0.0,0.0,0.0,0.0,0.0,0.0,0.0,0.0,0.0,0.0,0.0,0.0,0.0,0.0,0.0,0.0,0.0,0.0,0.0,0.0,0.0,0.0,0.0,0.0,0.0,0.0,0.0,0.0,0.0,0.0,0.0,0.0,0.692,0.7234
128,0.001,3,10,200,32,16,256,184,440338,73,30,ContrastiveLoss,gru,/home/dpetrovitch/dzagcoffee/train_trace/gender/checkpoints_2025-10-07 19:53:20.141369_ContrastiveLoss_gru_catboost/model_128_0.001_3_10_200_256_32_16_256_ContrastiveLoss_gruepoch=18.ckpt,18,30,0.470706,52.0635,1.6767,0.0004,4.5331,1.3451,10.7449,0.557,1242.3674,60.6537,265.5574,12.9648,245.3766,11.9795,234.3066,11.4391,219.3958,10.7111,207.6202,10.1362,184.6965,9.0171,92.8024,4.6449,19.8366,0.9929,18.3291,0.9174,17.5022,0.876,16.3884,0.8203,15.5088,0.7762,13.7965,0.6905,0.0,0.0,0.0,0.0,0.0,0.0,0.0,0.0,0.0,0.0,0.0,0.0,0.0,0.0,0.0,0.0,0.0,0.0,0.0,0.0,0.0,0.0,0.0,0.0,0.0,0.0,0.0,0.0,0.0,0.0,0.0,0.0,0.0,0.0,0.0,0.672,0.7194
128,0.001,3,10,200,32,16,256,184,440338,73,30,ContrastiveLoss,gru,/home/dpetrovitch/dzagcoffee/train_trace/gender/checkpoints_2025-10-07 19:53:20.141369_ContrastiveLoss_gru_catboost/model_128_0.001_3_10_200_256_32_16_256_ContrastiveLoss_gruepoch=19.ckpt,19,30,0.47158834,51.6444,1.6756,0.0004,4.5573,1.3236,10.3064,0.5742,1222.5927,59.6004,266.0866,12.9715,245.7894,11.982,234.6314,11.4381,219.573,10.704,207.5928,10.12,184.0424,8.9719,89.1697,4.5331,19.407,0.9866,17.9266,0.9113,17.1128,0.87,16.0145,0.8141,15.1408,0.7697,13.4231,0.6824,0.0,0.0,0.0,0.0,0.0,0.0,0.0,0.0,0.0,0.0,0.0,0.0,0.0,0.0,0.0,0.0,0.0,0.0,0.0,0.0,0.0,0.0,0.0,0.0,0.0,0.0,0.0,0.0,0.0,0.0,0.0,0.0,0.0,0.0,0.0,0.652,0.7039
128,0.001,3,10,200,32,16,256,184,440338,73,30,ContrastiveLoss,gru,/home/dpetrovitch/dzagcoffee/train_trace/gender/checkpoints_2025-10-07 19:53:20.141369_ContrastiveLoss_gru_catboost/model_128_0.001_3_10_200_256_32_16_256_ContrastiveLoss_gruepoch=20.ckpt,20,30,0.47368994,51.2188,1.6739,0.0004,4.5618,1.3185,10.836,0.5777,1244.5469,60.6483,266.9845,13.0105,246.9398,12.0337,235.8641,11.4939,220.8267,10.7612,208.7951,10.1748,184.8152,9.0063,94.2131,4.6821,20.2109,1.0044,18.6935,0.929,17.8551,0.8873,16.7167,0.8308,15.8059,0.7855,13.9907,0.6953,0.0,0.0,0.0,0.0,0.0,0.0,0.0,0.0,0.0,0.0,0.0,0.0,0.0,0.0,0.0,0.0,0.0,0.0,0.0,0.0,0.0,0.0,0.0,0.0,0.0,0.0,0.0,0.0,0.0,0.0,0.0,0.0,0.0,0.0,0.0,0.66,0.7144
128,0.001,3,10,200,32,16,256,184,440338,73,30,ContrastiveLoss,gru,/home/dpetrovitch/dzagcoffee/train_trace/gender/checkpoints_2025-10-07 19:53:20.141369_ContrastiveLoss_gru_catboost/model_128_0.001_3_10_200_256_32_16_256_ContrastiveLoss_gruepoch=21.ckpt,21,30,0.46959522,51.3143,1.6738,0.0004,4.562,1.3224,10.9689,0.5748,1256.5692,61.2392,268.0158,13.0618,248.0099,12.0868,236.9877,11.5497,221.986,10.8185,209.7005,10.2198,186.1788,9.0735,92.6907,4.6896,19.7702,1.0002,18.2944,0.9256,17.4814,0.8844,16.3748,0.8285,15.4685,0.7826,13.7335,0.6948,0.0,0.0,0.0,0.0,0.0,0.0,0.0,0.0,0.0,0.0,0.0,0.0,0.0,0.0,0.0,0.0,0.0,0.0,0.0,0.0,0.0,0.0,0.0,0.0,0.0,0.0,0.0,0.0,0.0,0.0,0.0,0.0,0.0,0.0,0.0,0.676,0.6969
128,0.001,3,10,200,32,16,256,184,440338,73,30,ContrastiveLoss,gru,/home/dpetrovitch/dzagcoffee/train_trace/gender/checkpoints_2025-10-07 19:53:20.141369_ContrastiveLoss_gru_catboost/model_128_0.001_3_10_200_256_32_16_256_ContrastiveLoss_gruepoch=22.ckpt,22,30,0.47051468,51.8649,1.6753,0.0004,4.5752,1.3286,11.2914,0.5695,1266.4838,61.7777,267.4538,13.0461,247.743,12.0846,236.92,11.5567,222.2798,10.8426,210.4692,10.2665,187.3389,9.1382,92.58,4.6401,19.5509,0.9799,18.11,0.9077,17.3189,0.868,16.2487,0.8144,15.3853,0.7711,13.6945,0.6864,0.0,0.0,0.0,0.0,0.0,0.0,0.0,0.0,0.0,0.0,0.0,0.0,0.0,0.0,0.0,0.0,0.0,0.0,0.0,0.0,0.0,0.0,0.0,0.0,0.0,0.0,0.0,0.0,0.0,0.0,0.0,0.0,0.0,0.0,0.0,0.668,0.6969
128,0.001,3,10,200,32,16,256,184,440338,73,30,ContrastiveLoss,gru,/home/dpetrovitch/dzagcoffee/train_trace/gender/checkpoints_2025-10-07 19:53:20.141369_ContrastiveLoss_gru_catboost/model_128_0.001_3_10_200_256_32_16_256_ContrastiveLoss_gruepoch=23.ckpt,23,30,0.46585742,51.4846,1.6755,0.0004,4.5829,1.3117,11.7545,0.584,1261.8153,61.5602,268.7856,13.1133,248.948,12.1454,238.0188,11.6122,223.2743,10.8929,211.1946,10.3036,187.6529,9.155,95.0487,4.6868,20.2468,0.9984,18.7525,0.9247,17.9292,0.8841,16.8186,0.8293,15.9086,0.7845,14.1353,0.697,0.0,0.0,0.0,0.0,0.0,0.0,0.0,0.0,0.0,0.0,0.0,0.0,0.0,0.0,0.0,0.0,0.0,0.0,0.0,0.0,0.0,0.0,0.0,0.0,0.0,0.0,0.0,0.0,0.0,0.0,0.0,0.0,0.0,0.0,0.0,0.696,0.7253
128,0.001,3,10,200,32,16,256,184,440338,73,30,ContrastiveLoss,gru,/home/dpetrovitch/dzagcoffee/train_trace/gender/checkpoints_2025-10-07 19:53:20.141369_ContrastiveLoss_gru_catboost/model_128_0.001_3_10_200_256_32_16_256_ContrastiveLoss_gruepoch=24.ckpt,24,30,0.47280762,51.5348,1.6749,0.0004,4.5861,1.311,11.6263,0.5843,1256.7822,61.3115,268.9398,13.1201,249.1066,12.1525,238.0922,11.6152,223.3862,10.8978,211.5055,10.3182,188.2664,9.1845,94.1671,4.6405,20.1509,0.993,18.6648,0.9198,17.8396,0.8791,16.7377,0.8248,15.8475,0.781,14.1063,0.6951,0.0,0.0,0.0,0.0,0.0,0.0,0.0,0.0,0.0,0.0,0.0,0.0,0.0,0.0,0.0,0.0,0.0,0.0,0.0,0.0,0.0,0.0,0.0,0.0,0.0,0.0,0.0,0.0,0.0,0.0,0.0,0.0,0.0,0.0,0.0,0.672,0.7026
128,0.001,3,10,200,32,16,256,184,440338,73,30,ContrastiveLoss,gru,/home/dpetrovitch/dzagcoffee/train_trace/gender/checkpoints_2025-10-07 19:53:20.141369_ContrastiveLoss_gru_catboost/model_128_0.001_3_10_200_256_32_16_256_ContrastiveLoss_gruepoch=25.ckpt,25,30,0.47279334,51.9353,1.6753,0.0004,4.5998,1.3202,11.0522,0.5771,1274.0826,62.1626,269.1946,13.134,249.3891,12.1677,238.2415,11.6238,223.697,10.9142,212.2326,10.3549,189.53,9.2472,95.3092,4.7018,20.1374,0.9934,18.6558,0.9203,17.8219,0.8792,16.7339,0.8255,15.8763,0.7832,14.178,0.6994,0.0,0.0,0.0,0.0,0.0,0.0,0.0,0.0,0.0,0.0,0.0,0.0,0.0,0.0,0.0,0.0,0.0,0.0,0.0,0.0,0.0,0.0,0.0,0.0,0.0,0.0,0.0,0.0,0.0,0.0,0.0,0.0,0.0,0.0,0.0,0.696,0.7085
128,0.001,3,10,200,32,16,256,184,440338,73,30,ContrastiveLoss,gru,/home/dpetrovitch/dzagcoffee/train_trace/gender/checkpoints_2025-10-07 19:53:20.141369_ContrastiveLoss_gru_catboost/model_128_0.001_3_10_200_256_32_16_256_ContrastiveLoss_gruepoch=26.ckpt,26,30,0.4708973,51.3519,1.6715,0.0004,4.6005,1.3098,11.4538,0.5852,1266.7557,61.7178,269.772,13.1436,249.9109,12.1759,238.9346,11.6412,224.2095,10.9237,212.1421,10.3358,190.0213,9.2581,92.5591,4.6823,19.7117,0.9971,18.2604,0.9237,17.4584,0.8832,16.3825,0.8287,15.5008,0.7841,13.8844,0.7024,0.0,0.0,0.0,0.0,0.0,0.0,0.0,0.0,0.0,0.0,0.0,0.0,0.0,0.0,0.0,0.0,0.0,0.0,0.0,0.0,0.0,0.0,0.0,0.0,0.0,0.0,0.0,0.0,0.0,0.0,0.0,0.0,0.0,0.0,0.0,0.68,0.7104
128,0.001,3,10,200,32,16,256,184,440338,73,30,ContrastiveLoss,gru,/home/dpetrovitch/dzagcoffee/train_trace/gender/checkpoints_2025-10-07 19:53:20.141369_ContrastiveLoss_gru_catboost/model_128_0.001_3_10_200_256_32_16_256_ContrastiveLoss_gruepoch=27.ckpt,27,30,0.47024342,51.7813,1.6697,0.0004,4.5896,1.3179,11.3065,0.5774,1276.1213,62.1554,268.9848,13.1013,249.2521,12.1402,238.3698,11.6102,223.813,10.9011,212.1372,10.3325,191.375,9.3212,92.1193,4.6547,19.4172,0.9811,17.9927,0.9092,17.2072,0.8695,16.1564,0.8164,15.3135,0.7738,13.8148,0.698,0.0,0.0,0.0,0.0,0.0,0.0,0.0,0.0,0.0,0.0,0.0,0.0,0.0,0.0,0.0,0.0,0.0,0.0,0.0,0.0,0.0,0.0,0.0,0.0,0.0,0.0,0.0,0.0,0.0,0.0,0.0,0.0,0.0,0.0,0.0,0.648,0.7027
128,0.001,3,10,200,32,16,256,184,440338,73,30,ContrastiveLoss,gru,/home/dpetrovitch/dzagcoffee/train_trace/gender/checkpoints_2025-10-07 19:53:20.141369_ContrastiveLoss_gru_catboost/model_128_0.001_3_10_200_256_32_16_256_ContrastiveLoss_gruepoch=28.ckpt,28,30,0.47293034,52.2181,1.6761,0.0004,4.6058,1.315,11.4401,0.5813,1281.6151,62.553,270.126,13.1843,250.4225,12.2226,239.5359,11.6913,224.9881,10.9812,212.8658,10.3895,188.9967,9.2245,90.7226,4.6055,19.1216,0.9707,17.7268,0.8999,16.9562,0.8608,15.9264,0.8085,15.0683,0.7649,13.3786,0.6792,0.0,0.0,0.0,0.0,0.0,0.0,0.0,0.0,0.0,0.0,0.0,0.0,0.0,0.0,0.0,0.0,0.0,0.0,0.0,0.0,0.0,0.0,0.0,0.0,0.0,0.0,0.0,0.0,0.0,0.0,0.0,0.0,0.0,0.0,0.0,0.696,0.7161
128,0.001,3,10,200,32,16,256,184,440338,73,30,ContrastiveLoss,gru,/home/dpetrovitch/dzagcoffee/train_trace/gender/checkpoints_2025-10-07 19:53:20.141369_ContrastiveLoss_gru_catboost/model_128_0.001_3_10_200_256_32_16_256_ContrastiveLoss_gruepoch=29.ckpt,29,30,0.47461224,53.0933,1.6763,0.0004,4.6079,1.327,11.8007,0.5723,1291.915,63.0784,270.6789,13.216,250.8885,12.2498,240.026,11.7194,225.5186,11.0111,213.7679,10.4373,190.8521,9.3185,89.2383,4.5819,18.697,0.96,17.33,0.8898,16.5797,0.8513,15.5776,0.7998,14.7659,0.7582,13.183,0.6769,0.0,0.0,0.0,0.0,0.0,0.0,0.0,0.0,0.0,0.0,0.0,0.0,0.0,0.0,0.0,0.0,0.0,0.0,0.0,0.0,0.0,0.0,0.0,0.0,0.0,0.0,0.0,0.0,0.0,0.0,0.0,0.0,0.0,0.0,0.0,0.696,0.705
128,0.001,3,10,100,32,16,256,184,440338,73,30,ContrastiveLoss,gru,/home/dpetrovitch/dzagcoffee/train_trace/gender/checkpoints_2025-10-07 19:53:20.141369_ContrastiveLoss_gru_catboost/model_128_0.001_3_10_100_256_32_16_256_ContrastiveLoss_gruepoch=00.ckpt,0,30,0.33857307,47.3864,1.6787,0.0004,5.0439,1.4412,6.8743,0.4998,632.6677,31.5226,229.493,11.4345,203.8579,10.1572,189.9557,9.4645,171.8358,8.5617,156.8805,7.8165,111.3329,5.5471,29.0981,1.9483,10.555,0.7067,9.376,0.6278,8.7366,0.585,7.9032,0.5292,7.2153,0.4831,5.1205,0.3428,0.0,0.0,0.0,0.0,0.0,0.0,0.0,0.0,0.0,0.0,0.0,0.0,0.0,0.0,0.0,0.0,0.0,0.0,0.0,0.0,0.0,0.0,0.0,0.0,0.0,0.0,0.0,0.0,0.0,0.0,0.0,0.0,0.0,0.0,0.0,0.648,0.6601
128,0.001,3,10,100,32,16,256,184,440338,73,30,ContrastiveLoss,gru,/home/dpetrovitch/dzagcoffee/train_trace/gender/checkpoints_2025-10-07 19:53:20.141369_ContrastiveLoss_gru_catboost/model_128_0.001_3_10_100_256_32_16_256_ContrastiveLoss_gruepoch=01.ckpt,1,30,0.37618217,43.4394,1.6789,0.0004,4.8101,1.436,7.8474,0.5001,775.8554,38.4361,233.0259,11.5442,209.0317,10.3555,195.5556,9.6879,177.4503,8.7909,162.5504,8.0528,135.6143,6.7184,43.0218,2.681,12.9215,0.8052,11.591,0.7223,10.8437,0.6758,9.8398,0.6132,9.0136,0.5617,7.5199,0.4686,0.0,0.0,0.0,0.0,0.0,0.0,0.0,0.0,0.0,0.0,0.0,0.0,0.0,0.0,0.0,0.0,0.0,0.0,0.0,0.0,0.0,0.0,0.0,0.0,0.0,0.0,0.0,0.0,0.0,0.0,0.0,0.0,0.0,0.0,0.0,0.636,0.6753
128,0.001,3,10,100,32,16,256,184,440338,73,30,ContrastiveLoss,gru,/home/dpetrovitch/dzagcoffee/train_trace/gender/checkpoints_2025-10-07 19:53:20.141369_ContrastiveLoss_gru_catboost/model_128_0.001_3_10_100_256_32_16_256_ContrastiveLoss_gruepoch=02.ckpt,2,30,0.38626185,42.437,1.6787,0.0004,4.6596,1.3555,8.2609,0.5517,883.0308,43.6468,240.1472,11.8701,217.3465,10.7431,204.613,10.1137,187.6531,9.2754,174.0852,8.6048,151.3454,7.4808,50.7473,3.1085,13.8011,0.8454,12.4908,0.7651,11.759,0.7203,10.7843,0.6606,10.0046,0.6128,8.6977,0.5328,0.0,0.0,0.0,0.0,0.0,0.0,0.0,0.0,0.0,0.0,0.0,0.0,0.0,0.0,0.0,0.0,0.0,0.0,0.0,0.0,0.0,0.0,0.0,0.0,0.0,0.0,0.0,0.0,0.0,0.0,0.0,0.0,0.0,0.0,0.0,0.668,0.6952
128,0.001,3,10,100,32,16,256,184,440338,73,30,ContrastiveLoss,gru,/home/dpetrovitch/dzagcoffee/train_trace/gender/checkpoints_2025-10-07 19:53:20.141369_ContrastiveLoss_gru_catboost/model_128_0.001_3_10_100_256_32_16_256_ContrastiveLoss_gruepoch=03.ckpt,3,30,0.4067097,42.9323,1.6769,0.0004,4.5953,1.3196,8.958,0.5803,912.972,44.7789,244.2964,11.9821,222.1135,10.8941,209.7691,10.2886,193.1942,9.4757,179.7084,8.8142,156.5532,7.6785,52.3788,3.0803,14.0157,0.8242,12.743,0.7494,12.0348,0.7078,11.0839,0.6518,10.3102,0.6063,8.9817,0.5282,0.0,0.0,0.0,0.0,0.0,0.0,0.0,0.0,0.0,0.0,0.0,0.0,0.0,0.0,0.0,0.0,0.0,0.0,0.0,0.0,0.0,0.0,0.0,0.0,0.0,0.0,0.0,0.0,0.0,0.0,0.0,0.0,0.0,0.0,0.0,0.652,0.6515
128,0.001,3,10,100,32,16,256,184,440338,73,30,ContrastiveLoss,gru,/home/dpetrovitch/dzagcoffee/train_trace/gender/checkpoints_2025-10-07 19:53:20.141369_ContrastiveLoss_gru_catboost/model_128_0.001_3_10_100_256_32_16_256_ContrastiveLoss_gruepoch=04.ckpt,4,30,0.4055989,46.6707,1.6772,0.0004,4.5834,1.3443,9.5984,0.56,985.225,48.2645,253.4215,12.4147,231.8313,11.357,219.4935,10.7526,203.1142,9.9502,189.6216,9.2892,163.413,8.0053,59.6119,3.4421,15.3335,0.8854,14.0272,0.81,13.2807,0.7669,12.2896,0.7096,11.4732,0.6625,9.8874,0.5709,0.0,0.0,0.0,0.0,0.0,0.0,0.0,0.0,0.0,0.0,0.0,0.0,0.0,0.0,0.0,0.0,0.0,0.0,0.0,0.0,0.0,0.0,0.0,0.0,0.0,0.0,0.0,0.0,0.0,0.0,0.0,0.0,0.0,0.0,0.0,0.664,0.6747
128,0.001,3,10,100,32,16,256,184,440338,73,30,ContrastiveLoss,gru,/home/dpetrovitch/dzagcoffee/train_trace/gender/checkpoints_2025-10-07 19:53:20.141369_ContrastiveLoss_gru_catboost/model_128_0.001_3_10_100_256_32_16_256_ContrastiveLoss_gruepoch=05.ckpt,5,30,0.42029595,46.5556,1.677,0.0004,4.5738,1.3037,9.9607,0.5927,1005.1783,49.2278,253.5685,12.4183,232.5917,11.391,220.7779,10.8124,205.2642,10.0527,192.2489,9.4152,167.2003,8.1885,61.11,3.5263,15.4157,0.8896,14.1405,0.816,13.4222,0.7745,12.4791,0.7201,11.6878,0.6744,10.165,0.5866,0.0,0.0,0.0,0.0,0.0,0.0,0.0,0.0,0.0,0.0,0.0,0.0,0.0,0.0,0.0,0.0,0.0,0.0,0.0,0.0,0.0,0.0,0.0,0.0,0.0,0.0,0.0,0.0,0.0,0.0,0.0,0.0,0.0,0.0,0.0,0.664,0.7007
128,0.001,3,10,100,32,16,256,184,440338,73,30,ContrastiveLoss,gru,/home/dpetrovitch/dzagcoffee/train_trace/gender/checkpoints_2025-10-07 19:53:20.141369_ContrastiveLoss_gru_catboost/model_128_0.001_3_10_100_256_32_16_256_ContrastiveLoss_gruepoch=06.ckpt,6,30,0.4220349,47.4327,1.6763,0.0005,4.5889,1.2757,9.809,0.6175,1013.5715,49.5929,259.0012,12.6726,237.8176,11.6361,226.0827,11.062,210.2832,10.2889,197.7399,9.6752,171.9707,8.4143,62.3531,3.5123,15.9333,0.8975,14.6301,0.8241,13.9082,0.7834,12.9363,0.7287,12.1646,0.6852,10.5793,0.5959,0.0,0.0,0.0,0.0,0.0,0.0,0.0,0.0,0.0,0.0,0.0,0.0,0.0,0.0,0.0,0.0,0.0,0.0,0.0,0.0,0.0,0.0,0.0,0.0,0.0,0.0,0.0,0.0,0.0,0.0,0.0,0.0,0.0,0.0,0.0,0.684,0.6911
128,0.001,3,10,100,32,16,256,184,440338,73,30,ContrastiveLoss,gru,/home/dpetrovitch/dzagcoffee/train_trace/gender/checkpoints_2025-10-07 19:53:20.141369_ContrastiveLoss_gru_catboost/model_128_0.001_3_10_100_256_32_16_256_ContrastiveLoss_gruepoch=07.ckpt,7,30,0.4214895,50.34,1.6776,0.0005,4.5619,1.2907,10.1594,0.6051,1050.8066,51.4289,264.3899,12.9399,243.1294,11.8993,231.2933,11.32,215.4803,10.5461,202.514,9.9115,175.321,8.5806,63.4593,3.3874,15.9668,0.8523,14.6828,0.7838,13.968,0.7456,13.0131,0.6946,12.23,0.6528,10.5878,0.5652,0.0,0.0,0.0,0.0,0.0,0.0,0.0,0.0,0.0,0.0,0.0,0.0,0.0,0.0,0.0,0.0,0.0,0.0,0.0,0.0,0.0,0.0,0.0,0.0,0.0,0.0,0.0,0.0,0.0,0.0,0.0,0.0,0.0,0.0,0.0,0.66,0.6945
128,0.001,3,10,100,32,16,256,184,440338,73,30,ContrastiveLoss,gru,/home/dpetrovitch/dzagcoffee/train_trace/gender/checkpoints_2025-10-07 19:53:20.141369_ContrastiveLoss_gru_catboost/model_128_0.001_3_10_100_256_32_16_256_ContrastiveLoss_gruepoch=08.ckpt,8,30,0.43363944,49.2728,1.6744,0.0004,4.5897,1.2581,10.2469,0.6352,1048.6584,51.2094,264.819,12.932,243.6205,11.8968,231.7079,11.315,215.6279,10.5298,202.2357,9.8758,172.8081,8.4388,63.1046,3.4081,15.9359,0.8607,14.6602,0.7918,13.9434,0.753,12.9757,0.7008,12.1698,0.6573,10.399,0.5616,0.0,0.0,0.0,0.0,0.0,0.0,0.0,0.0,0.0,0.0,0.0,0.0,0.0,0.0,0.0,0.0,0.0,0.0,0.0,0.0,0.0,0.0,0.0,0.0,0.0,0.0,0.0,0.0,0.0,0.0,0.0,0.0,0.0,0.0,0.0,0.696,0.7269
128,0.001,3,10,100,32,16,256,184,440338,73,30,ContrastiveLoss,gru,/home/dpetrovitch/dzagcoffee/train_trace/gender/checkpoints_2025-10-07 19:53:20.141369_ContrastiveLoss_gru_catboost/model_128_0.001_3_10_100_256_32_16_256_ContrastiveLoss_gruepoch=09.ckpt,9,30,0.43567538,53.4374,1.6766,0.0005,4.5698,1.3007,10.715,0.5967,1121.152,54.7869,268.2684,13.1094,247.4647,12.0928,235.9175,11.5285,221.0573,10.8023,208.9572,10.211,181.8437,8.8861,67.0448,3.554,16.0424,0.8504,14.7984,0.7845,14.1079,0.7478,13.2192,0.7007,12.4956,0.6624,10.8742,0.5764,0.0,0.0,0.0,0.0,0.0,0.0,0.0,0.0,0.0,0.0,0.0,0.0,0.0,0.0,0.0,0.0,0.0,0.0,0.0,0.0,0.0,0.0,0.0,0.0,0.0,0.0,0.0,0.0,0.0,0.0,0.0,0.0,0.0,0.0,0.0,0.66,0.6847
128,0.001,3,10,100,32,16,256,184,440338,73,30,ContrastiveLoss,gru,/home/dpetrovitch/dzagcoffee/train_trace/gender/checkpoints_2025-10-07 19:53:20.141369_ContrastiveLoss_gru_catboost/model_128_0.001_3_10_100_256_32_16_256_ContrastiveLoss_gruepoch=10.ckpt,10,30,0.43749428,53.8719,1.6755,0.0005,4.573,1.301,11.3644,0.5951,1141.236,55.6713,269.8724,13.1648,249.4875,12.1704,238.1016,11.615,223.4441,10.9,211.272,10.3062,185.1044,9.0297,71.9803,3.8113,17.0215,0.9013,15.7357,0.8332,15.0176,0.7952,14.0931,0.7462,13.3254,0.7056,11.6749,0.6182,0.0,0.0,0.0,0.0,0.0,0.0,0.0,0.0,0.0,0.0,0.0,0.0,0.0,0.0,0.0,0.0,0.0,0.0,0.0,0.0,0.0,0.0,0.0,0.0,0.0,0.0,0.0,0.0,0.0,0.0,0.0,0.0,0.0,0.0,0.0,0.672,0.7298
128,0.001,3,10,100,32,16,256,184,440338,73,30,ContrastiveLoss,gru,/home/dpetrovitch/dzagcoffee/train_trace/gender/checkpoints_2025-10-07 19:53:20.141369_ContrastiveLoss_gru_catboost/model_128_0.001_3_10_100_256_32_16_256_ContrastiveLoss_gruepoch=11.ckpt,11,30,0.4392561,53.8846,1.6753,0.0005,4.5927,1.2886,11.5784,0.6055,1162.9673,56.7304,271.6287,13.2503,251.2821,12.2577,239.8946,11.7022,225.1825,10.9846,213.1541,10.3978,187.6507,9.1537,73.4396,3.8799,17.1529,0.9062,15.8681,0.8383,15.149,0.8003,14.2199,0.7513,13.4603,0.7111,11.8498,0.626,0.0,0.0,0.0,0.0,0.0,0.0,0.0,0.0,0.0,0.0,0.0,0.0,0.0,0.0,0.0,0.0,0.0,0.0,0.0,0.0,0.0,0.0,0.0,0.0,0.0,0.0,0.0,0.0,0.0,0.0,0.0,0.0,0.0,0.0,0.0,0.672,0.6904
128,0.001,3,10,100,32,16,256,184,440338,73,30,ContrastiveLoss,gru,/home/dpetrovitch/dzagcoffee/train_trace/gender/checkpoints_2025-10-07 19:53:20.141369_ContrastiveLoss_gru_catboost/model_128_0.001_3_10_100_256_32_16_256_ContrastiveLoss_gruepoch=12.ckpt,12,30,0.43783978,55.2126,1.6758,0.0005,4.5904,1.2981,10.6215,0.5968,1178.7909,57.5265,271.8407,13.2662,251.883,12.2922,240.8238,11.7525,226.4889,11.053,214.6985,10.4776,189.4173,9.2438,75.8769,3.9518,17.4979,0.9113,16.2133,0.8444,15.5014,0.8073,14.5787,0.7593,13.8198,0.7198,12.1925,0.635,0.0,0.0,0.0,0.0,0.0,0.0,0.0,0.0,0.0,0.0,0.0,0.0,0.0,0.0,0.0,0.0,0.0,0.0,0.0,0.0,0.0,0.0,0.0,0.0,0.0,0.0,0.0,0.0,0.0,0.0,0.0,0.0,0.0,0.0,0.0,0.644,0.7034
128,0.001,3,10,100,32,16,256,184,440338,73,30,ContrastiveLoss,gru,/home/dpetrovitch/dzagcoffee/train_trace/gender/checkpoints_2025-10-07 19:53:20.141369_ContrastiveLoss_gru_catboost/model_128_0.001_3_10_100_256_32_16_256_ContrastiveLoss_gruepoch=13.ckpt,13,30,0.44649467,54.8144,1.6763,0.0005,4.6146,1.2852,10.6879,0.6088,1186.0148,57.8828,273.0027,13.3237,252.9346,12.3443,241.7074,11.7964,227.2358,11.0901,215.574,10.521,190.2153,9.2833,76.3888,3.9697,17.5835,0.9138,16.291,0.8466,15.5679,0.809,14.6358,0.7606,13.8847,0.7216,12.2514,0.6367,0.0,0.0,0.0,0.0,0.0,0.0,0.0,0.0,0.0,0.0,0.0,0.0,0.0,0.0,0.0,0.0,0.0,0.0,0.0,0.0,0.0,0.0,0.0,0.0,0.0,0.0,0.0,0.0,0.0,0.0,0.0,0.0,0.0,0.0,0.0,0.664,0.7013
128,0.001,3,10,100,32,16,256,184,440338,73,30,ContrastiveLoss,gru,/home/dpetrovitch/dzagcoffee/train_trace/gender/checkpoints_2025-10-07 19:53:20.141369_ContrastiveLoss_gru_catboost/model_128_0.001_3_10_100_256_32_16_256_ContrastiveLoss_gruepoch=14.ckpt,14,30,0.44442156,54.247,1.6754,0.0005,4.6142,1.2704,11.3504,0.6219,1183.3195,57.7198,272.6452,13.2991,252.8085,12.3315,241.7022,11.7897,227.4696,11.0955,215.6277,10.5179,189.2919,9.2333,74.2368,3.9452,17.1047,0.909,15.8602,0.8429,15.1634,0.8058,14.2705,0.7584,13.5276,0.7189,11.8754,0.6311,0.0,0.0,0.0,0.0,0.0,0.0,0.0,0.0,0.0,0.0,0.0,0.0,0.0,0.0,0.0,0.0,0.0,0.0,0.0,0.0,0.0,0.0,0.0,0.0,0.0,0.0,0.0,0.0,0.0,0.0,0.0,0.0,0.0,0.0,0.0,0.668,0.7085
128,0.001,3,10,100,32,16,256,184,440338,73,30,ContrastiveLoss,gru,/home/dpetrovitch/dzagcoffee/train_trace/gender/checkpoints_2025-10-07 19:53:20.141369_ContrastiveLoss_gru_catboost/model_128_0.001_3_10_100_256_32_16_256_ContrastiveLoss_gruepoch=15.ckpt,15,30,0.44390476,56.152,1.6763,0.0005,4.6101,1.2909,11.1518,0.603,1197.761,58.4061,273.523,13.3377,253.8946,12.3806,242.8674,11.8429,228.5074,11.1427,216.4438,10.5544,189.3792,9.2347,73.5129,3.8908,16.7876,0.8885,15.5829,0.8247,14.9061,0.7889,14.0247,0.7423,13.2843,0.7031,11.6232,0.6152,0.0,0.0,0.0,0.0,0.0,0.0,0.0,0.0,0.0,0.0,0.0,0.0,0.0,0.0,0.0,0.0,0.0,0.0,0.0,0.0,0.0,0.0,0.0,0.0,0.0,0.0,0.0,0.0,0.0,0.0,0.0,0.0,0.0,0.0,0.0,0.668,0.7252
128,0.001,3,10,100,32,16,256,184,440338,73,30,ContrastiveLoss,gru,/home/dpetrovitch/dzagcoffee/train_trace/gender/checkpoints_2025-10-07 19:53:20.141369_ContrastiveLoss_gru_catboost/model_128_0.001_3_10_100_256_32_16_256_ContrastiveLoss_gruepoch=16.ckpt,16,30,0.44079232,55.1361,1.6742,0.0005,4.615,1.2735,11.1559,0.6189,1196.7025,58.3167,273.1803,13.3124,253.4497,12.3509,242.4776,11.8162,228.2038,11.1206,216.5444,10.5525,189.7147,9.245,76.0293,4.0111,17.3558,0.9156,16.1023,0.8495,15.4052,0.8127,14.4983,0.7649,13.7576,0.7258,12.053,0.6359,0.0,0.0,0.0,0.0,0.0,0.0,0.0,0.0,0.0,0.0,0.0,0.0,0.0,0.0,0.0,0.0,0.0,0.0,0.0,0.0,0.0,0.0,0.0,0.0,0.0,0.0,0.0,0.0,0.0,0.0,0.0,0.0,0.0,0.0,0.0,0.664,0.7026
128,0.001,3,10,100,32,16,256,184,440338,73,30,ContrastiveLoss,gru,/home/dpetrovitch/dzagcoffee/train_trace/gender/checkpoints_2025-10-07 19:53:20.141369_ContrastiveLoss_gru_catboost/model_128_0.001_3_10_100_256_32_16_256_ContrastiveLoss_gruepoch=17.ckpt,17,30,0.43986714,56.1928,1.6759,0.0005,4.6291,1.2724,11.5081,0.6213,1209.2466,59.0079,275.5409,13.4456,256.0958,12.4968,245.0461,11.9576,230.7797,11.2614,219.2183,10.6972,192.6267,9.3996,78.458,4.0308,17.8776,0.9185,16.6159,0.8536,15.899,0.8168,14.9734,0.7693,14.2233,0.7307,12.498,0.6421,0.0,0.0,0.0,0.0,0.0,0.0,0.0,0.0,0.0,0.0,0.0,0.0,0.0,0.0,0.0,0.0,0.0,0.0,0.0,0.0,0.0,0.0,0.0,0.0,0.0,0.0,0.0,0.0,0.0,0.0,0.0,0.0,0.0,0.0,0.0,0.68,0.7381
128,0.001,3,10,100,32,16,256,184,440338,73,30,ContrastiveLoss,gru,/home/dpetrovitch/dzagcoffee/train_trace/gender/checkpoints_2025-10-07 19:53:20.141369_ContrastiveLoss_gru_catboost/model_128_0.001_3_10_100_256_32_16_256_ContrastiveLoss_gruepoch=18.ckpt,18,30,0.44534394,56.5054,1.6755,0.0005,4.6213,1.2761,11.1851,0.6169,1226.437,59.8168,275.4032,13.4322,256.1016,12.4908,245.1141,11.9549,231.1134,11.2721,219.4876,10.705,194.256,9.4744,77.4398,4.053,17.3895,0.9101,16.1708,0.8463,15.477,0.81,14.593,0.7638,13.8589,0.7253,12.2657,0.642,0.0,0.0,0.0,0.0,0.0,0.0,0.0,0.0,0.0,0.0,0.0,0.0,0.0,0.0,0.0,0.0,0.0,0.0,0.0,0.0,0.0,0.0,0.0,0.0,0.0,0.0,0.0,0.0,0.0,0.0,0.0,0.0,0.0,0.0,0.0,0.656,0.735
128,0.001,3,10,100,32,16,256,184,440338,73,30,ContrastiveLoss,gru,/home/dpetrovitch/dzagcoffee/train_trace/gender/checkpoints_2025-10-07 19:53:20.141369_ContrastiveLoss_gru_catboost/model_128_0.001_3_10_100_256_32_16_256_ContrastiveLoss_gruepoch=19.ckpt,19,30,0.44058672,57.2578,1.6743,0.0005,4.6253,1.2796,11.0838,0.6138,1231.0717,60.0335,276.6931,13.493,257.2461,12.5447,246.2711,12.0095,232.1317,11.32,220.5695,10.7561,194.8518,9.502,71.4698,3.8381,16.0634,0.8627,14.9344,0.802,14.2973,0.7678,13.4764,0.7237,12.8052,0.6877,11.3121,0.6075,0.0,0.0,0.0,0.0,0.0,0.0,0.0,0.0,0.0,0.0,0.0,0.0,0.0,0.0,0.0,0.0,0.0,0.0,0.0,0.0,0.0,0.0,0.0,0.0,0.0,0.0,0.0,0.0,0.0,0.0,0.0,0.0,0.0,0.0,0.0,0.66,0.7251
128,0.001,3,10,100,32,16,256,184,440338,73,30,ContrastiveLoss,gru,/home/dpetrovitch/dzagcoffee/train_trace/gender/checkpoints_2025-10-07 19:53:20.141369_ContrastiveLoss_gru_catboost/model_128_0.001_3_10_100_256_32_16_256_ContrastiveLoss_gruepoch=20.ckpt,20,30,0.44371346,57.9637,1.6734,0.0005,4.6313,1.2943,11.4076,0.6,1247.5712,60.7976,275.8854,13.4447,256.7526,12.5123,246.0628,11.9913,232.2776,11.3195,220.8091,10.7606,195.7069,9.5373,74.7895,3.9318,16.5388,0.8695,15.3918,0.8092,14.751,0.7755,13.9246,0.732,13.2371,0.6959,11.7323,0.6168,0.0,0.0,0.0,0.0,0.0,0.0,0.0,0.0,0.0,0.0,0.0,0.0,0.0,0.0,0.0,0.0,0.0,0.0,0.0,0.0,0.0,0.0,0.0,0.0,0.0,0.0,0.0,0.0,0.0,0.0,0.0,0.0,0.0,0.0,0.0,0.708,0.7243
128,0.001,3,10,100,32,16,256,184,440338,73,30,ContrastiveLoss,gru,/home/dpetrovitch/dzagcoffee/train_trace/gender/checkpoints_2025-10-07 19:53:20.141369_ContrastiveLoss_gru_catboost/model_128_0.001_3_10_100_256_32_16_256_ContrastiveLoss_gruepoch=21.ckpt,21,30,0.449116,56.883,1.6721,0.0005,4.6414,1.2762,11.8146,0.6159,1243.4108,60.5827,275.9846,13.4468,256.7985,12.512,245.9937,11.9855,232.1644,11.3117,220.6271,10.7496,194.861,9.4942,75.7273,4.0486,16.8083,0.8986,15.6398,0.8361,14.9817,0.801,14.1395,0.7559,13.4368,0.7184,11.8676,0.6345,0.0,0.0,0.0,0.0,0.0,0.0,0.0,0.0,0.0,0.0,0.0,0.0,0.0,0.0,0.0,0.0,0.0,0.0,0.0,0.0,0.0,0.0,0.0,0.0,0.0,0.0,0.0,0.0,0.0,0.0,0.0,0.0,0.0,0.0,0.0,0.676,0.7371
128,0.001,3,10,100,32,16,256,184,440338,73,30,ContrastiveLoss,gru,/home/dpetrovitch/dzagcoffee/train_trace/gender/checkpoints_2025-10-07 19:53:20.141369_ContrastiveLoss_gru_catboost/model_128_0.001_3_10_100_256_32_16_256_ContrastiveLoss_gruepoch=22.ckpt,22,30,0.4479852,57.7195,1.6744,0.0005,4.6409,1.286,11.2504,0.6074,1263.2631,61.6083,276.5916,13.4891,257.5842,12.5622,246.9911,12.0455,233.1873,11.3723,221.819,10.8179,196.2985,9.5733,76.6437,4.0455,16.7811,0.8858,15.6279,0.8249,14.9852,0.791,14.1477,0.7468,13.458,0.7104,11.9097,0.6286,0.0,0.0,0.0,0.0,0.0,0.0,0.0,0.0,0.0,0.0,0.0,0.0,0.0,0.0,0.0,0.0,0.0,0.0,0.0,0.0,0.0,0.0,0.0,0.0,0.0,0.0,0.0,0.0,0.0,0.0,0.0,0.0,0.0,0.0,0.0,0.7,0.7378
128,0.001,3,10,100,32,16,256,184,440338,73,30,ContrastiveLoss,gru,/home/dpetrovitch/dzagcoffee/train_trace/gender/checkpoints_2025-10-07 19:53:20.141369_ContrastiveLoss_gru_catboost/model_128_0.001_3_10_100_256_32_16_256_ContrastiveLoss_gruepoch=23.ckpt,23,30,0.4462434,57.528,1.6737,0.0005,4.6505,1.2767,11.1056,0.6161,1256.29,61.2349,277.2874,13.5157,257.9718,12.5742,247.3413,12.0561,233.3958,11.3763,222.0394,10.8228,196.2534,9.5659,75.993,4.0201,16.7731,0.8873,15.6047,0.8255,14.9617,0.7915,14.1181,0.7469,13.4312,0.7105,11.8714,0.628,0.0,0.0,0.0,0.0,0.0,0.0,0.0,0.0,0.0,0.0,0.0,0.0,0.0,0.0,0.0,0.0,0.0,0.0,0.0,0.0,0.0,0.0,0.0,0.0,0.0,0.0,0.0,0.0,0.0,0.0,0.0,0.0,0.0,0.0,0.0,0.692,0.72
128,0.001,3,10,100,32,16,256,184,440338,73,30,ContrastiveLoss,gru,/home/dpetrovitch/dzagcoffee/train_trace/gender/checkpoints_2025-10-07 19:53:20.141369_ContrastiveLoss_gru_catboost/model_128_0.001_3_10_100_256_32_16_256_ContrastiveLoss_gruepoch=24.ckpt,24,30,0.44678304,57.3081,1.6729,0.0005,4.6484,1.2762,11.5667,0.6163,1270.2836,61.8895,277.5784,13.5239,258.4661,12.5927,247.8096,12.0735,234.1505,11.4081,222.8314,10.8566,197.366,9.6159,76.5694,4.0563,16.7317,0.8864,15.5797,0.8253,14.9373,0.7913,14.114,0.7477,13.4317,0.7116,11.8967,0.6302,0.0,0.0,0.0,0.0,0.0,0.0,0.0,0.0,0.0,0.0,0.0,0.0,0.0,0.0,0.0,0.0,0.0,0.0,0.0,0.0,0.0,0.0,0.0,0.0,0.0,0.0,0.0,0.0,0.0,0.0,0.0,0.0,0.0,0.0,0.0,0.676,0.7305
128,0.001,3,10,100,32,16,256,184,440338,73,30,ContrastiveLoss,gru,/home/dpetrovitch/dzagcoffee/train_trace/gender/checkpoints_2025-10-07 19:53:20.141369_ContrastiveLoss_gru_catboost/model_128_0.001_3_10_100_256_32_16_256_ContrastiveLoss_gruepoch=25.ckpt,25,30,0.44569516,57.9319,1.6737,0.0005,4.6513,1.2816,11.6563,0.6114,1277.8136,62.2551,278.0924,13.5487,258.9833,12.6177,248.3433,12.0993,234.5725,11.4284,223.137,10.8712,197.7244,9.6331,77.9923,4.092,16.9736,0.8906,15.8072,0.8294,15.1578,0.7953,14.3173,0.7512,13.6193,0.7146,12.0683,0.6332,0.0,0.0,0.0,0.0,0.0,0.0,0.0,0.0,0.0,0.0,0.0,0.0,0.0,0.0,0.0,0.0,0.0,0.0,0.0,0.0,0.0,0.0,0.0,0.0,0.0,0.0,0.0,0.0,0.0,0.0,0.0,0.0,0.0,0.0,0.0,0.688,0.7544
128,0.001,3,10,100,32,16,256,184,440338,73,30,ContrastiveLoss,gru,/home/dpetrovitch/dzagcoffee/train_trace/gender/checkpoints_2025-10-07 19:53:20.141369_ContrastiveLoss_gru_catboost/model_128_0.001_3_10_100_256_32_16_256_ContrastiveLoss_gruepoch=26.ckpt,26,30,0.44970703,57.6555,1.6744,0.0005,4.6558,1.2739,12.34,0.6184,1279.3118,62.3589,277.9261,13.5473,258.9462,12.6221,248.5005,12.1129,234.8703,11.4485,223.769,10.9074,199.0847,9.7042,78.338,4.1001,17.0187,0.8907,15.8564,0.8299,15.2168,0.7964,14.3822,0.7527,13.7024,0.7172,12.1908,0.6381,0.0,0.0,0.0,0.0,0.0,0.0,0.0,0.0,0.0,0.0,0.0,0.0,0.0,0.0,0.0,0.0,0.0,0.0,0.0,0.0,0.0,0.0,0.0,0.0,0.0,0.0,0.0,0.0,0.0,0.0,0.0,0.0,0.0,0.0,0.0,0.712,0.7734
128,0.001,3,10,100,32,16,256,184,440338,73,30,ContrastiveLoss,gru,/home/dpetrovitch/dzagcoffee/train_trace/gender/checkpoints_2025-10-07 19:53:20.141369_ContrastiveLoss_gru_catboost/model_128_0.001_3_10_100_256_32_16_256_ContrastiveLoss_gruepoch=27.ckpt,27,30,0.44804516,58.1708,1.6767,0.0005,4.6605,1.2779,11.6387,0.6164,1283.3423,62.6192,278.3086,13.5797,259.1674,12.6458,248.596,12.13,234.7686,11.4553,223.4324,10.9021,198.4877,9.685,75.2214,4.0117,16.3127,0.87,15.1907,0.8102,14.5711,0.7771,13.7606,0.7339,13.0962,0.6985,11.6341,0.6205,0.0,0.0,0.0,0.0,0.0,0.0,0.0,0.0,0.0,0.0,0.0,0.0,0.0,0.0,0.0,0.0,0.0,0.0,0.0,0.0,0.0,0.0,0.0,0.0,0.0,0.0,0.0,0.0,0.0,0.0,0.0,0.0,0.0,0.0,0.0,0.684,0.7206
128,0.001,3,10,100,32,16,256,184,440338,73,30,ContrastiveLoss,gru,/home/dpetrovitch/dzagcoffee/train_trace/gender/checkpoints_2025-10-07 19:53:20.141369_ContrastiveLoss_gru_catboost/model_128_0.001_3_10_100_256_32_16_256_ContrastiveLoss_gruepoch=28.ckpt,28,30,0.44902173,57.7214,1.6731,0.0005,4.6666,1.2731,11.8458,0.6194,1279.8472,62.3351,278.55,13.5668,259.558,12.6418,249.1246,12.1336,235.6957,11.4796,224.5833,10.9384,200.0427,9.7431,78.9047,4.157,17.1731,0.9047,16.0022,0.8431,15.3589,0.8092,14.531,0.7656,13.8459,0.7295,12.333,0.6498,0.0,0.0,0.0,0.0,0.0,0.0,0.0,0.0,0.0,0.0,0.0,0.0,0.0,0.0,0.0,0.0,0.0,0.0,0.0,0.0,0.0,0.0,0.0,0.0,0.0,0.0,0.0,0.0,0.0,0.0,0.0,0.0,0.0,0.0,0.0,0.688,0.7519
128,0.001,3,10,100,32,16,256,184,440338,73,30,ContrastiveLoss,gru,/home/dpetrovitch/dzagcoffee/train_trace/gender/checkpoints_2025-10-07 19:53:20.141369_ContrastiveLoss_gru_catboost/model_128_0.001_3_10_100_256_32_16_256_ContrastiveLoss_gruepoch=29.ckpt,29,30,0.45072648,58.2052,1.6731,0.0005,4.662,1.2781,11.8437,0.6149,1290.7784,62.8637,278.6419,13.5705,259.6942,12.6477,249.2398,12.1385,235.7496,11.4815,224.4552,10.9315,199.3771,9.7101,80.2996,4.1935,17.3344,0.9053,16.1556,0.8437,15.5053,0.8097,14.666,0.7659,13.9634,0.7292,12.4033,0.6477,0.0,0.0,0.0,0.0,0.0,0.0,0.0,0.0,0.0,0.0,0.0,0.0,0.0,0.0,0.0,0.0,0.0,0.0,0.0,0.0,0.0,0.0,0.0,0.0,0.0,0.0,0.0,0.0,0.0,0.0,0.0,0.0,0.0,0.0,0.0,0.708,0.7433
128,0.001,3,10,100,64,16,256,184,440338,73,30,ContrastiveLoss,gru,/home/dpetrovitch/dzagcoffee/train_trace/gender/checkpoints_2025-10-07 19:53:20.141369_ContrastiveLoss_gru_catboost/model_128_0.001_3_10_100_256_64_16_256_ContrastiveLoss_gruepoch=00.ckpt,0,30,0.35706496,57.3142,1.6775,0.0006,4.6932,1.3555,6.8792,0.5615,688.6824,34.3046,239.6783,11.9388,212.0725,10.5637,196.9863,9.8123,176.1049,8.7721,158.0151,7.871,109.6862,5.4637,25.4794,1.818,8.8674,0.6327,7.8461,0.5598,7.288,0.52,6.5154,0.4649,5.8461,0.4171,4.0581,0.2896,0.0,0.0,0.0,0.0,0.0,0.0,0.0,0.0,0.0,0.0,0.0,0.0,0.0,0.0,0.0,0.0,0.0,0.0,0.0,0.0,0.0,0.0,0.0,0.0,0.0,0.0,0.0,0.0,0.0,0.0,0.0,0.0,0.0,0.0,0.0,0.624,0.6392
128,0.001,3,10,100,64,16,256,184,440338,73,30,ContrastiveLoss,gru,/home/dpetrovitch/dzagcoffee/train_trace/gender/checkpoints_2025-10-07 19:53:20.141369_ContrastiveLoss_gru_catboost/model_128_0.001_3_10_100_256_64_16_256_ContrastiveLoss_gruepoch=01.ckpt,1,30,0.40637568,52.0865,1.6763,0.0006,4.5713,1.3666,9.043,0.5487,880.2748,43.6047,245.1748,12.1448,221.0548,10.95,207.908,10.2988,189.7327,9.3985,173.2434,8.5817,140.7382,6.9715,39.4132,2.5761,10.9774,0.7175,9.8975,0.6469,9.3088,0.6084,8.495,0.5552,7.7568,0.507,6.3014,0.4119,0.0,0.0,0.0,0.0,0.0,0.0,0.0,0.0,0.0,0.0,0.0,0.0,0.0,0.0,0.0,0.0,0.0,0.0,0.0,0.0,0.0,0.0,0.0,0.0,0.0,0.0,0.0,0.0,0.0,0.0,0.0,0.0,0.0,0.0,0.0,0.652,0.6753
128,0.001,3,10,100,64,16,256,184,440338,73,30,ContrastiveLoss,gru,/home/dpetrovitch/dzagcoffee/train_trace/gender/checkpoints_2025-10-07 19:53:20.141369_ContrastiveLoss_gru_catboost/model_128_0.001_3_10_100_256_64_16_256_ContrastiveLoss_gruepoch=02.ckpt,2,30,0.41358563,53.5932,1.6769,0.0006,4.5933,1.3456,9.1986,0.5611,1016.9489,50.1465,259.0323,12.7731,235.4191,11.6087,222.1535,10.9546,203.6437,10.0418,187.8445,9.2628,160.3556,7.9073,43.2965,2.7026,11.0283,0.6884,10.0229,0.6256,9.4582,0.5904,8.6701,0.5412,7.9975,0.4992,6.8271,0.4262,0.0,0.0,0.0,0.0,0.0,0.0,0.0,0.0,0.0,0.0,0.0,0.0,0.0,0.0,0.0,0.0,0.0,0.0,0.0,0.0,0.0,0.0,0.0,0.0,0.0,0.0,0.0,0.0,0.0,0.0,0.0,0.0,0.0,0.0,0.0,0.628,0.6534
128,0.001,3,10,100,64,16,256,184,440338,73,30,ContrastiveLoss,gru,/home/dpetrovitch/dzagcoffee/train_trace/gender/checkpoints_2025-10-07 19:53:20.141369_ContrastiveLoss_gru_catboost/model_128_0.001_3_10_100_256_64_16_256_ContrastiveLoss_gruepoch=03.ckpt,3,30,0.42353687,52.7556,1.6775,0.0005,4.6259,1.2664,11.0056,0.626,1065.7133,52.4441,263.5732,12.9705,241.1232,11.8657,228.115,11.2256,210.9275,10.3798,196.2427,9.6572,168.2931,8.2818,51.6621,3.0882,12.7771,0.7638,11.6888,0.6987,11.0582,0.661,10.225,0.6112,9.5132,0.5687,8.1583,0.4877,0.0,0.0,0.0,0.0,0.0,0.0,0.0,0.0,0.0,0.0,0.0,0.0,0.0,0.0,0.0,0.0,0.0,0.0,0.0,0.0,0.0,0.0,0.0,0.0,0.0,0.0,0.0,0.0,0.0,0.0,0.0,0.0,0.0,0.0,0.0,0.684,0.6969
128,0.001,3,10,100,64,16,256,184,440338,73,30,ContrastiveLoss,gru,/home/dpetrovitch/dzagcoffee/train_trace/gender/checkpoints_2025-10-07 19:53:20.141369_ContrastiveLoss_gru_catboost/model_128_0.001_3_10_100_256_64_16_256_ContrastiveLoss_gruepoch=04.ckpt,4,30,0.43431616,56.1205,1.6758,0.0005,4.6421,1.3071,11.5339,0.5899,1172.6583,57.5053,268.906,13.1867,247.0148,12.1132,234.3512,11.4922,217.419,10.6619,203.1233,9.9609,177.2797,8.6935,62.9258,3.5276,14.4297,0.8089,13.255,0.7431,12.5755,0.705,11.6669,0.654,10.8998,0.611,9.513,0.5333,0.0,0.0,0.0,0.0,0.0,0.0,0.0,0.0,0.0,0.0,0.0,0.0,0.0,0.0,0.0,0.0,0.0,0.0,0.0,0.0,0.0,0.0,0.0,0.0,0.0,0.0,0.0,0.0,0.0,0.0,0.0,0.0,0.0,0.0,0.0,0.664,0.6849
128,0.001,3,10,100,64,16,256,184,440338,73,30,ContrastiveLoss,gru,/home/dpetrovitch/dzagcoffee/train_trace/gender/checkpoints_2025-10-07 19:53:20.141369_ContrastiveLoss_gru_catboost/model_128_0.001_3_10_100_256_64_16_256_ContrastiveLoss_gruepoch=05.ckpt,5,30,0.43802252,57.6822,1.6738,0.0005,4.6427,1.3082,10.8866,0.5889,1205.9912,59.0508,271.746,13.3059,250.6221,12.2716,238.426,11.6744,222.0511,10.8726,208.2027,10.1946,180.1058,8.8188,64.502,3.6298,14.5342,0.8179,13.4044,0.7543,12.7521,0.7176,11.8763,0.6683,11.1357,0.6267,9.6329,0.5421,0.0,0.0,0.0,0.0,0.0,0.0,0.0,0.0,0.0,0.0,0.0,0.0,0.0,0.0,0.0,0.0,0.0,0.0,0.0,0.0,0.0,0.0,0.0,0.0,0.0,0.0,0.0,0.0,0.0,0.0,0.0,0.0,0.0,0.0,0.0,0.676,0.6837
128,0.001,3,10,100,64,16,256,184,440338,73,30,ContrastiveLoss,gru,/home/dpetrovitch/dzagcoffee/train_trace/gender/checkpoints_2025-10-07 19:53:20.141369_ContrastiveLoss_gru_catboost/model_128_0.001_3_10_100_256_64_16_256_ContrastiveLoss_gruepoch=06.ckpt,6,30,0.44118068,59.2354,1.6753,0.0005,4.6811,1.2999,12.5445,0.5961,1256.6226,61.5005,275.1266,13.465,254.2725,12.4444,242.1548,11.8513,225.9223,11.0569,212.725,10.411,184.8635,9.0474,73.231,3.9514,16.0333,0.8651,14.818,0.7995,14.1118,0.7614,13.1659,0.7104,12.3968,0.6689,10.7731,0.5813,0.0,0.0,0.0,0.0,0.0,0.0,0.0,0.0,0.0,0.0,0.0,0.0,0.0,0.0,0.0,0.0,0.0,0.0,0.0,0.0,0.0,0.0,0.0,0.0,0.0,0.0,0.0,0.0,0.0,0.0,0.0,0.0,0.0,0.0,0.0,0.664,0.7109
128,0.001,3,10,100,64,16,256,184,440338,73,30,ContrastiveLoss,gru,/home/dpetrovitch/dzagcoffee/train_trace/gender/checkpoints_2025-10-07 19:53:20.141369_ContrastiveLoss_gru_catboost/model_128_0.001_3_10_100_256_64_16_256_ContrastiveLoss_gruepoch=07.ckpt,7,30,0.44170895,61.2144,1.673,0.0006,4.6626,1.3157,11.5806,0.5824,1282.0298,62.6659,276.2221,13.5018,255.6006,12.4938,243.6291,11.9086,227.8848,11.1391,215.6252,10.5398,190.6025,9.3167,71.9693,3.8754,15.5063,0.835,14.3487,0.7726,13.6766,0.7365,12.7928,0.6889,12.1046,0.6518,10.6999,0.5762,0.0,0.0,0.0,0.0,0.0,0.0,0.0,0.0,0.0,0.0,0.0,0.0,0.0,0.0,0.0,0.0,0.0,0.0,0.0,0.0,0.0,0.0,0.0,0.0,0.0,0.0,0.0,0.0,0.0,0.0,0.0,0.0,0.0,0.0,0.0,0.664,0.691
128,0.001,3,10,100,64,16,256,184,440338,73,30,ContrastiveLoss,gru,/home/dpetrovitch/dzagcoffee/train_trace/gender/checkpoints_2025-10-07 19:53:20.141369_ContrastiveLoss_gru_catboost/model_128_0.001_3_10_100_256_64_16_256_ContrastiveLoss_gruepoch=08.ckpt,8,30,0.4453582,61.0468,1.6742,0.0005,4.6957,1.2782,11.8496,0.6142,1297.4204,63.4185,277.9095,13.5843,257.3428,12.579,245.6845,12.0092,229.761,11.2308,217.1188,10.6129,190.9389,9.3332,75.1854,4.0113,16.1048,0.8592,14.913,0.7956,14.2374,0.7596,13.3146,0.7104,12.582,0.6713,11.0649,0.5903,0.0,0.0,0.0,0.0,0.0,0.0,0.0,0.0,0.0,0.0,0.0,0.0,0.0,0.0,0.0,0.0,0.0,0.0,0.0,0.0,0.0,0.0,0.0,0.0,0.0,0.0,0.0,0.0,0.0,0.0,0.0,0.0,0.0,0.0,0.0,0.668,0.7037
128,0.001,3,10,100,64,16,256,184,440338,73,30,ContrastiveLoss,gru,/home/dpetrovitch/dzagcoffee/train_trace/gender/checkpoints_2025-10-07 19:53:20.141369_ContrastiveLoss_gru_catboost/model_128_0.001_3_10_100_256_64_16_256_ContrastiveLoss_gruepoch=09.ckpt,9,30,0.44737697,62.7419,1.6735,0.0006,4.7035,1.2849,12.9722,0.6088,1327.114,64.8272,281.138,13.7331,260.9656,12.7477,249.4115,12.1833,233.6088,11.4114,220.9046,10.7908,192.0859,9.3831,71.9985,3.9666,15.2523,0.8403,14.1579,0.78,13.5311,0.7455,12.6737,0.6982,11.9845,0.6603,10.421,0.5741,0.0,0.0,0.0,0.0,0.0,0.0,0.0,0.0,0.0,0.0,0.0,0.0,0.0,0.0,0.0,0.0,0.0,0.0,0.0,0.0,0.0,0.0,0.0,0.0,0.0,0.0,0.0,0.0,0.0,0.0,0.0,0.0,0.0,0.0,0.0,0.676,0.7162
128,0.001,3,10,100,64,16,256,184,440338,73,30,ContrastiveLoss,gru,/home/dpetrovitch/dzagcoffee/train_trace/gender/checkpoints_2025-10-07 19:53:20.141369_ContrastiveLoss_gru_catboost/model_128_0.001_3_10_100_256_64_16_256_ContrastiveLoss_gruepoch=10.ckpt,10,30,0.45008966,61.8337,1.6688,0.0005,4.7249,1.2601,12.2638,0.6317,1316.8275,64.2753,282.0867,13.7689,261.6728,12.7724,249.9414,12.1998,233.7078,11.4075,220.7679,10.7758,194.164,9.4773,75.4788,3.9989,16.1688,0.8566,14.9987,0.7946,14.3263,0.759,13.3958,0.7097,12.6541,0.6704,11.1292,0.5896,0.0,0.0,0.0,0.0,0.0,0.0,0.0,0.0,0.0,0.0,0.0,0.0,0.0,0.0,0.0,0.0,0.0,0.0,0.0,0.0,0.0,0.0,0.0,0.0,0.0,0.0,0.0,0.0,0.0,0.0,0.0,0.0,0.0,0.0,0.0,0.672,0.7026
128,0.001,3,10,100,64,16,256,184,440338,73,30,ContrastiveLoss,gru,/home/dpetrovitch/dzagcoffee/train_trace/gender/checkpoints_2025-10-07 19:53:20.141369_ContrastiveLoss_gru_catboost/model_128_0.001_3_10_100_256_64_16_256_ContrastiveLoss_gruepoch=11.ckpt,11,30,0.4486705,63.7794,1.6733,0.0006,4.728,1.2799,11.9645,0.6134,1349.6859,65.9592,282.5578,13.8086,262.2025,12.8138,250.2811,12.2312,234.3272,11.4516,221.7495,10.8369,195.2333,9.5411,74.3526,3.9607,15.5658,0.8292,14.4444,0.7694,13.7877,0.7345,12.9088,0.6876,12.2159,0.6507,10.7552,0.5729,0.0,0.0,0.0,0.0,0.0,0.0,0.0,0.0,0.0,0.0,0.0,0.0,0.0,0.0,0.0,0.0,0.0,0.0,0.0,0.0,0.0,0.0,0.0,0.0,0.0,0.0,0.0,0.0,0.0,0.0,0.0,0.0,0.0,0.0,0.0,0.676,0.7193
128,0.001,3,10,100,64,16,256,184,440338,73,30,ContrastiveLoss,gru,/home/dpetrovitch/dzagcoffee/train_trace/gender/checkpoints_2025-10-07 19:53:20.141369_ContrastiveLoss_gru_catboost/model_128_0.001_3_10_100_256_64_16_256_ContrastiveLoss_gruepoch=12.ckpt,12,30,0.44807664,62.7754,1.6734,0.0005,4.7548,1.2563,12.6903,0.6361,1337.5425,65.3454,283.2704,13.8391,263.2462,12.8609,251.5969,12.2917,235.6428,11.5123,222.6177,10.876,194.5923,9.5068,74.7212,4.0177,15.8248,0.8509,14.7061,0.7907,14.0554,0.7558,13.1641,0.7078,12.4364,0.6687,10.8708,0.5845,0.0,0.0,0.0,0.0,0.0,0.0,0.0,0.0,0.0,0.0,0.0,0.0,0.0,0.0,0.0,0.0,0.0,0.0,0.0,0.0,0.0,0.0,0.0,0.0,0.0,0.0,0.0,0.0,0.0,0.0,0.0,0.0,0.0,0.0,0.0,0.68,0.7335
128,0.001,3,10,100,64,16,256,184,440338,73,30,ContrastiveLoss,gru,/home/dpetrovitch/dzagcoffee/train_trace/gender/checkpoints_2025-10-07 19:53:20.141369_ContrastiveLoss_gru_catboost/model_128_0.001_3_10_100_256_64_16_256_ContrastiveLoss_gruepoch=13.ckpt,13,30,0.44811082,64.0788,1.664,0.0005,4.7405,1.2776,12.1252,0.6147,1366.2412,66.6005,283.505,13.8201,263.4482,12.8424,251.8472,12.2769,236.107,11.5096,223.5796,10.8989,198.5299,9.6778,75.6657,3.9406,15.7012,0.8177,14.5904,0.7599,13.9479,0.7264,13.0762,0.681,12.3824,0.6449,10.9951,0.5726,0.0,0.0,0.0,0.0,0.0,0.0,0.0,0.0,0.0,0.0,0.0,0.0,0.0,0.0,0.0,0.0,0.0,0.0,0.0,0.0,0.0,0.0,0.0,0.0,0.0,0.0,0.0,0.0,0.0,0.0,0.0,0.0,0.0,0.0,0.0,0.688,0.7259
128,0.001,3,10,100,64,16,256,184,440338,73,30,ContrastiveLoss,gru,/home/dpetrovitch/dzagcoffee/train_trace/gender/checkpoints_2025-10-07 19:53:20.141369_ContrastiveLoss_gru_catboost/model_128_0.001_3_10_100_256_64_16_256_ContrastiveLoss_gruepoch=14.ckpt,14,30,0.45505247,63.9969,1.6721,0.0005,4.7692,1.2596,12.9453,0.6316,1363.2905,66.4854,284.146,13.8573,264.4609,12.8973,253.2008,12.3482,237.5311,11.584,224.8994,10.968,197.676,9.6403,76.8529,4.0863,16.0182,0.8517,14.9085,0.7927,14.2737,0.7589,13.3904,0.712,12.6783,0.6741,11.1436,0.5925,0.0,0.0,0.0,0.0,0.0,0.0,0.0,0.0,0.0,0.0,0.0,0.0,0.0,0.0,0.0,0.0,0.0,0.0,0.0,0.0,0.0,0.0,0.0,0.0,0.0,0.0,0.0,0.0,0.0,0.0,0.0,0.0,0.0,0.0,0.0,0.676,0.7295
128,0.001,3,10,100,64,16,256,184,440338,73,30,ContrastiveLoss,gru,/home/dpetrovitch/dzagcoffee/train_trace/gender/checkpoints_2025-10-07 19:53:20.141369_ContrastiveLoss_gru_catboost/model_128_0.001_3_10_100_256_64_16_256_ContrastiveLoss_gruepoch=15.ckpt,15,30,0.4478967,64.6142,1.6725,0.0005,4.7773,1.2613,12.5277,0.6301,1377.9305,67.1913,285.2318,13.9086,265.6548,12.954,254.4516,12.4077,239.1012,11.6592,226.5973,11.0494,199.3656,9.7216,76.0778,4.0318,15.7481,0.8346,14.6672,0.7773,14.0487,0.7445,13.2012,0.6996,12.5108,0.663,11.0073,0.5833,0.0,0.0,0.0,0.0,0.0,0.0,0.0,0.0,0.0,0.0,0.0,0.0,0.0,0.0,0.0,0.0,0.0,0.0,0.0,0.0,0.0,0.0,0.0,0.0,0.0,0.0,0.0,0.0,0.0,0.0,0.0,0.0,0.0,0.0,0.0,0.708,0.7096
128,0.001,3,10,100,64,16,256,184,440338,73,30,ContrastiveLoss,gru,/home/dpetrovitch/dzagcoffee/train_trace/gender/checkpoints_2025-10-07 19:53:20.141369_ContrastiveLoss_gru_catboost/model_128_0.001_3_10_100_256_64_16_256_ContrastiveLoss_gruepoch=16.ckpt,16,30,0.45638308,65.6438,1.669,0.0005,4.7702,1.2696,13.17,0.6218,1404.3108,68.4764,286.7396,13.9819,267.1105,13.0247,255.7017,12.4684,240.1235,11.7088,227.7273,11.1043,200.9491,9.7986,76.6257,4.0406,15.6458,0.825,14.5748,0.7686,13.9523,0.7357,13.1022,0.6909,12.4259,0.6552,10.9647,0.5782,0.0,0.0,0.0,0.0,0.0,0.0,0.0,0.0,0.0,0.0,0.0,0.0,0.0,0.0,0.0,0.0,0.0,0.0,0.0,0.0,0.0,0.0,0.0,0.0,0.0,0.0,0.0,0.0,0.0,0.0,0.0,0.0,0.0,0.0,0.0,0.684,0.7335
128,0.001,3,10,100,64,16,256,184,440338,73,30,ContrastiveLoss,gru,/home/dpetrovitch/dzagcoffee/train_trace/gender/checkpoints_2025-10-07 19:53:20.141369_ContrastiveLoss_gru_catboost/model_128_0.001_3_10_100_256_64_16_256_ContrastiveLoss_gruepoch=17.ckpt,17,30,0.45569777,65.2146,1.6677,0.0005,4.777,1.2652,12.5887,0.6264,1400.9183,68.2885,286.0942,13.9458,266.6038,12.9957,255.2684,12.4432,239.8635,11.6923,227.3479,11.0822,199.7349,9.7362,79.6264,4.1566,16.2612,0.8488,15.1534,0.791,14.5091,0.7574,13.6335,0.7117,12.9222,0.6745,11.3527,0.5926,0.0,0.0,0.0,0.0,0.0,0.0,0.0,0.0,0.0,0.0,0.0,0.0,0.0,0.0,0.0,0.0,0.0,0.0,0.0,0.0,0.0,0.0,0.0,0.0,0.0,0.0,0.0,0.0,0.0,0.0,0.0,0.0,0.0,0.0,0.0,0.712,0.7477
128,0.001,3,10,100,64,16,256,184,440338,73,30,ContrastiveLoss,gru,/home/dpetrovitch/dzagcoffee/train_trace/gender/checkpoints_2025-10-07 19:53:20.141369_ContrastiveLoss_gru_catboost/model_128_0.001_3_10_100_256_64_16_256_ContrastiveLoss_gruepoch=18.ckpt,18,30,0.45716825,66.774,1.6727,0.0005,4.7726,1.2719,12.6813,0.6204,1412.3798,68.898,286.3226,13.9673,266.9201,13.0208,255.6724,12.4721,240.7159,11.7425,228.6333,11.1531,201.0054,9.8053,75.9086,4.0976,15.3885,0.8307,14.3457,0.7744,13.7412,0.7418,12.9373,0.6984,12.2879,0.6633,10.8031,0.5832,0.0,0.0,0.0,0.0,0.0,0.0,0.0,0.0,0.0,0.0,0.0,0.0,0.0,0.0,0.0,0.0,0.0,0.0,0.0,0.0,0.0,0.0,0.0,0.0,0.0,0.0,0.0,0.0,0.0,0.0,0.0,0.0,0.0,0.0,0.0,0.688,0.746
128,0.001,3,10,100,64,16,256,184,440338,73,30,ContrastiveLoss,gru,/home/dpetrovitch/dzagcoffee/train_trace/gender/checkpoints_2025-10-07 19:53:20.141369_ContrastiveLoss_gru_catboost/model_128_0.001_3_10_100_256_64_16_256_ContrastiveLoss_gruepoch=19.ckpt,19,30,0.45270813,66.0301,1.6733,0.0005,4.7924,1.2539,12.6597,0.6379,1393.7283,67.9654,286.5645,13.9744,267.014,13.021,255.7367,12.4711,240.2785,11.7172,227.6184,11.0999,200.2521,9.7653,77.272,4.1522,15.8879,0.8537,14.804,0.7955,14.1787,0.7619,13.3217,0.7158,12.6198,0.6781,11.1025,0.5966,0.0,0.0,0.0,0.0,0.0,0.0,0.0,0.0,0.0,0.0,0.0,0.0,0.0,0.0,0.0,0.0,0.0,0.0,0.0,0.0,0.0,0.0,0.0,0.0,0.0,0.0,0.0,0.0,0.0,0.0,0.0,0.0,0.0,0.0,0.0,0.708,0.7595
128,0.001,3,10,100,64,16,256,184,440338,73,30,ContrastiveLoss,gru,/home/dpetrovitch/dzagcoffee/train_trace/gender/checkpoints_2025-10-07 19:53:20.141369_ContrastiveLoss_gru_catboost/model_128_0.001_3_10_100_256_64_16_256_ContrastiveLoss_gruepoch=20.ckpt,20,30,0.45259103,66.417,1.672,0.0005,4.7913,1.2597,13.1539,0.6323,1413.7845,68.9612,287.6022,14.0286,268.233,13.0838,257.052,12.5384,241.7962,11.7943,229.4872,11.1939,201.5564,9.8315,76.872,4.0785,15.6378,0.8297,14.5847,0.7738,13.9767,0.7416,13.1472,0.6975,12.4779,0.662,10.9593,0.5815,0.0,0.0,0.0,0.0,0.0,0.0,0.0,0.0,0.0,0.0,0.0,0.0,0.0,0.0,0.0,0.0,0.0,0.0,0.0,0.0,0.0,0.0,0.0,0.0,0.0,0.0,0.0,0.0,0.0,0.0,0.0,0.0,0.0,0.0,0.0,0.704,0.7556
128,0.001,3,10,100,64,16,256,184,440338,73,30,ContrastiveLoss,gru,/home/dpetrovitch/dzagcoffee/train_trace/gender/checkpoints_2025-10-07 19:53:20.141369_ContrastiveLoss_gru_catboost/model_128_0.001_3_10_100_256_64_16_256_ContrastiveLoss_gruepoch=21.ckpt,21,30,0.45409298,66.7053,1.6696,0.0005,4.7969,1.2648,13.1922,0.6266,1424.0189,69.4204,287.7447,14.0275,268.3079,13.0799,257.4897,12.5525,242.3086,11.8125,230.3689,11.2304,203.5388,9.9224,80.9153,4.2233,16.3502,0.8534,15.2457,0.7957,14.631,0.7637,13.7684,0.7186,13.09,0.6832,11.5654,0.6037,0.0,0.0,0.0,0.0,0.0,0.0,0.0,0.0,0.0,0.0,0.0,0.0,0.0,0.0,0.0,0.0,0.0,0.0,0.0,0.0,0.0,0.0,0.0,0.0,0.0,0.0,0.0,0.0,0.0,0.0,0.0,0.0,0.0,0.0,0.0,0.712,0.7458
128,0.001,3,10,100,64,16,256,184,440338,73,30,ContrastiveLoss,gru,/home/dpetrovitch/dzagcoffee/train_trace/gender/checkpoints_2025-10-07 19:53:20.141369_ContrastiveLoss_gru_catboost/model_128_0.001_3_10_100_256_64_16_256_ContrastiveLoss_gruepoch=22.ckpt,22,30,0.45601758,66.891,1.6713,0.0005,4.7969,1.2673,13.423,0.6247,1433.8401,69.8917,288.097,14.0431,268.661,13.0957,257.6888,12.5609,242.5715,11.824,230.3666,11.2291,203.028,9.8965,80.4651,4.2217,16.1676,0.8483,15.0769,0.791,14.4611,0.7587,13.6128,0.7142,12.9279,0.6783,11.3937,0.5978,0.0,0.0,0.0,0.0,0.0,0.0,0.0,0.0,0.0,0.0,0.0,0.0,0.0,0.0,0.0,0.0,0.0,0.0,0.0,0.0,0.0,0.0,0.0,0.0,0.0,0.0,0.0,0.0,0.0,0.0,0.0,0.0,0.0,0.0,0.0,0.72,0.7633
128,0.001,3,10,100,64,16,256,184,440338,73,30,ContrastiveLoss,gru,/home/dpetrovitch/dzagcoffee/train_trace/gender/checkpoints_2025-10-07 19:53:20.141369_ContrastiveLoss_gru_catboost/model_128_0.001_3_10_100_256_64_16_256_ContrastiveLoss_gruepoch=23.ckpt,23,30,0.45691416,65.5442,1.6723,0.0004,4.8081,1.2448,13.4991,0.6466,1411.1229,68.8019,287.9234,14.0382,268.4092,13.0868,257.3933,12.5497,242.0599,11.8021,229.2549,11.1777,202.2438,9.8608,75.86,4.0474,15.4784,0.8258,14.4293,0.7699,13.8371,0.7383,13.0128,0.6943,12.3244,0.6576,10.8724,0.5801,0.0,0.0,0.0,0.0,0.0,0.0,0.0,0.0,0.0,0.0,0.0,0.0,0.0,0.0,0.0,0.0,0.0,0.0,0.0,0.0,0.0,0.0,0.0,0.0,0.0,0.0,0.0,0.0,0.0,0.0,0.0,0.0,0.0,0.0,0.0,0.72,0.7521
128,0.001,3,10,100,64,16,256,184,440338,73,30,ContrastiveLoss,gru,/home/dpetrovitch/dzagcoffee/train_trace/gender/checkpoints_2025-10-07 19:53:20.141369_ContrastiveLoss_gru_catboost/model_128_0.001_3_10_100_256_64_16_256_ContrastiveLoss_gruepoch=24.ckpt,24,30,0.45739958,67.0159,1.6735,0.0005,4.789,1.2627,12.8457,0.6291,1434.5232,69.9522,287.9529,14.0415,268.4787,13.0919,257.4469,12.554,242.138,11.8075,229.6139,11.1967,202.7771,9.8881,78.0379,4.1325,15.6646,0.8295,14.6052,0.7734,14.0051,0.7416,13.1723,0.6975,12.491,0.6615,11.0311,0.5841,0.0,0.0,0.0,0.0,0.0,0.0,0.0,0.0,0.0,0.0,0.0,0.0,0.0,0.0,0.0,0.0,0.0,0.0,0.0,0.0,0.0,0.0,0.0,0.0,0.0,0.0,0.0,0.0,0.0,0.0,0.0,0.0,0.0,0.0,0.0,0.696,0.7379
128,0.001,3,10,100,64,16,256,184,440338,73,30,ContrastiveLoss,gru,/home/dpetrovitch/dzagcoffee/train_trace/gender/checkpoints_2025-10-07 19:53:20.141369_ContrastiveLoss_gru_catboost/model_128_0.001_3_10_100_256_64_16_256_ContrastiveLoss_gruepoch=25.ckpt,25,30,0.4552866,67.5844,1.6729,0.0005,4.8002,1.2689,13.8059,0.6231,1446.3412,70.5435,288.2192,14.0575,268.9667,13.1185,257.8727,12.5774,242.9366,11.8489,231.0784,11.2706,204.8454,9.9911,79.3806,4.1941,15.8186,0.8358,14.7619,0.7799,14.153,0.7478,13.3333,0.7045,12.6824,0.6701,11.2427,0.594,0.0,0.0,0.0,0.0,0.0,0.0,0.0,0.0,0.0,0.0,0.0,0.0,0.0,0.0,0.0,0.0,0.0,0.0,0.0,0.0,0.0,0.0,0.0,0.0,0.0,0.0,0.0,0.0,0.0,0.0,0.0,0.0,0.0,0.0,0.0,0.7,0.7591
128,0.001,3,10,100,64,16,256,184,440338,73,30,ContrastiveLoss,gru,/home/dpetrovitch/dzagcoffee/train_trace/gender/checkpoints_2025-10-07 19:53:20.141369_ContrastiveLoss_gru_catboost/model_128_0.001_3_10_100_256_64_16_256_ContrastiveLoss_gruepoch=26.ckpt,26,30,0.45644307,66.5946,1.6684,0.0004,4.8105,1.2515,13.5933,0.6393,1434.9075,69.8906,288.8778,14.0705,269.5583,13.1295,258.5678,12.5942,243.5194,11.8612,231.2167,11.262,205.3384,10.0015,77.7718,4.1675,15.6571,0.839,14.61,0.7829,14.0143,0.751,13.1987,0.7073,12.5319,0.6715,11.1293,0.5964,0.0,0.0,0.0,0.0,0.0,0.0,0.0,0.0,0.0,0.0,0.0,0.0,0.0,0.0,0.0,0.0,0.0,0.0,0.0,0.0,0.0,0.0,0.0,0.0,0.0,0.0,0.0,0.0,0.0,0.0,0.0,0.0,0.0,0.0,0.0,0.676,0.7349
128,0.001,3,10,100,64,16,256,184,440338,73,30,ContrastiveLoss,gru,/home/dpetrovitch/dzagcoffee/train_trace/gender/checkpoints_2025-10-07 19:53:20.141369_ContrastiveLoss_gru_catboost/model_128_0.001_3_10_100_256_64_16_256_ContrastiveLoss_gruepoch=27.ckpt,27,30,0.45868742,66.9496,1.6697,0.0005,4.8066,1.254,13.1952,0.6371,1438.9606,70.1293,288.8417,14.077,269.5071,13.1347,258.6783,12.607,243.6664,11.8753,231.4783,11.2813,204.9391,9.9879,79.3004,4.1499,15.9179,0.833,14.8524,0.7773,14.2556,0.746,13.4283,0.7027,12.7567,0.6676,11.2941,0.591,0.0,0.0,0.0,0.0,0.0,0.0,0.0,0.0,0.0,0.0,0.0,0.0,0.0,0.0,0.0,0.0,0.0,0.0,0.0,0.0,0.0,0.0,0.0,0.0,0.0,0.0,0.0,0.0,0.0,0.0,0.0,0.0,0.0,0.0,0.0,0.692,0.7539
128,0.001,3,10,100,64,16,256,184,440338,73,30,ContrastiveLoss,gru,/home/dpetrovitch/dzagcoffee/train_trace/gender/checkpoints_2025-10-07 19:53:20.141369_ContrastiveLoss_gru_catboost/model_128_0.001_3_10_100_256_64_16_256_ContrastiveLoss_gruepoch=28.ckpt,28,30,0.45916426,66.9087,1.669,0.0005,4.8138,1.2527,13.4798,0.6383,1441.5216,70.2587,288.2084,14.0471,268.9509,13.1085,258.119,12.5805,243.0269,11.8449,230.7447,11.2463,204.5587,9.97,78.2984,4.1552,15.6545,0.8308,14.6085,0.7753,14.0201,0.744,13.2004,0.7005,12.5332,0.6651,11.1109,0.5896,0.0,0.0,0.0,0.0,0.0,0.0,0.0,0.0,0.0,0.0,0.0,0.0,0.0,0.0,0.0,0.0,0.0,0.0,0.0,0.0,0.0,0.0,0.0,0.0,0.0,0.0,0.0,0.0,0.0,0.0,0.0,0.0,0.0,0.0,0.0,0.672,0.733
128,0.001,3,10,100,64,16,256,184,440338,73,30,ContrastiveLoss,gru,/home/dpetrovitch/dzagcoffee/train_trace/gender/checkpoints_2025-10-07 19:53:20.141369_ContrastiveLoss_gru_catboost/model_128_0.001_3_10_100_256_64_16_256_ContrastiveLoss_gruepoch=29.ckpt,29,30,0.45500103,67.0507,1.6699,0.0005,4.8148,1.2534,12.9247,0.6375,1442.1376,70.2631,288.1374,14.0385,268.9294,13.1027,258.122,12.5761,243.2309,11.8506,231.1076,11.2599,204.5888,9.9679,79.6517,4.1738,15.9143,0.8339,14.8534,0.7783,14.2565,0.7471,13.4341,0.704,12.7645,0.6689,11.2998,0.5921,0.0,0.0,0.0,0.0,0.0,0.0,0.0,0.0,0.0,0.0,0.0,0.0,0.0,0.0,0.0,0.0,0.0,0.0,0.0,0.0,0.0,0.0,0.0,0.0,0.0,0.0,0.0,0.0,0.0,0.0,0.0,0.0,0.0,0.0,0.0,0.684,0.7297
128,0.001,3,10,100,128,16,256,184,440338,73,30,ContrastiveLoss,gru,/home/dpetrovitch/dzagcoffee/train_trace/gender/checkpoints_2025-10-07 19:53:20.141369_ContrastiveLoss_gru_catboost/model_128_0.001_3_10_100_256_128_16_256_ContrastiveLoss_gruepoch=00.ckpt,0,30,0.3787035,67.5809,1.6734,0.0008,4.1959,1.357,7.2631,0.5556,927.375,45.7368,247.8445,12.2233,223.7144,11.0333,210.5903,10.386,192.9824,9.5176,177.5442,8.7562,128.7046,6.3475,40.4271,2.5603,10.8043,0.6843,9.7524,0.6176,9.1803,0.5814,8.4127,0.5328,7.7397,0.4902,5.6106,0.3553,0.0,0.0,0.0,0.0,0.0,0.0,0.0,0.0,0.0,0.0,0.0,0.0,0.0,0.0,0.0,0.0,0.0,0.0,0.0,0.0,0.0,0.0,0.0,0.0,0.0,0.0,0.0,0.0,0.0,0.0,0.0,0.0,0.0,0.0,0.0,0.652,0.6541
128,0.001,3,10,100,128,16,256,184,440338,73,30,ContrastiveLoss,gru,/home/dpetrovitch/dzagcoffee/train_trace/gender/checkpoints_2025-10-07 19:53:20.141369_ContrastiveLoss_gru_catboost/model_128_0.001_3_10_100_256_128_16_256_ContrastiveLoss_gruepoch=01.ckpt,1,30,0.41612697,63.4807,1.6712,0.0007,4.429,1.322,10.592,0.5775,1188.4141,58.1581,264.0573,12.9223,243.0726,11.8954,231.667,11.3372,216.5642,10.5981,203.3261,9.9503,169.3211,8.2862,66.5968,3.7529,14.7974,0.8339,13.6214,0.7676,12.9823,0.7316,12.1359,0.6839,11.3941,0.6421,9.4885,0.5347,0.0,0.0,0.0,0.0,0.0,0.0,0.0,0.0,0.0,0.0,0.0,0.0,0.0,0.0,0.0,0.0,0.0,0.0,0.0,0.0,0.0,0.0,0.0,0.0,0.0,0.0,0.0,0.0,0.0,0.0,0.0,0.0,0.0,0.0,0.0,0.656,0.6943
128,0.001,3,10,100,128,16,256,184,440338,73,30,ContrastiveLoss,gru,/home/dpetrovitch/dzagcoffee/train_trace/gender/checkpoints_2025-10-07 19:53:20.141369_ContrastiveLoss_gru_catboost/model_128_0.001_3_10_100_256_128_16_256_ContrastiveLoss_gruepoch=02.ckpt,2,30,0.4314436,63.5536,1.6753,0.0005,4.6287,1.2864,10.6222,0.6077,1276.6244,62.4447,271.9652,13.3029,251.1404,12.2843,239.576,11.7186,224.2408,10.9685,210.6047,10.3015,181.3362,8.8699,65.6664,3.7116,13.9892,0.7907,12.918,0.7302,12.3232,0.6965,11.5344,0.6519,10.833,0.6123,9.3275,0.5272,0.0,0.0,0.0,0.0,0.0,0.0,0.0,0.0,0.0,0.0,0.0,0.0,0.0,0.0,0.0,0.0,0.0,0.0,0.0,0.0,0.0,0.0,0.0,0.0,0.0,0.0,0.0,0.0,0.0,0.0,0.0,0.0,0.0,0.0,0.0,0.652,0.6819
128,0.001,3,10,100,128,16,256,184,440338,73,30,ContrastiveLoss,gru,/home/dpetrovitch/dzagcoffee/train_trace/gender/checkpoints_2025-10-07 19:53:20.141369_ContrastiveLoss_gru_catboost/model_128_0.001_3_10_100_256_128_16_256_ContrastiveLoss_gruepoch=03.ckpt,3,30,0.435624,64.1886,1.6736,0.0004,4.7351,1.2583,11.3763,0.6339,1308.4895,63.859,275.6958,13.4549,255.6131,12.4748,244.4284,11.929,229.253,11.1884,215.3107,10.5079,187.0227,9.1274,68.0343,3.7193,14.3347,0.7837,13.2905,0.7266,12.7089,0.6948,11.9199,0.6516,11.195,0.612,9.7242,0.5316,0.0,0.0,0.0,0.0,0.0,0.0,0.0,0.0,0.0,0.0,0.0,0.0,0.0,0.0,0.0,0.0,0.0,0.0,0.0,0.0,0.0,0.0,0.0,0.0,0.0,0.0,0.0,0.0,0.0,0.0,0.0,0.0,0.0,0.0,0.0,0.652,0.6839
128,0.001,3,10,100,128,16,256,184,440338,73,30,ContrastiveLoss,gru,/home/dpetrovitch/dzagcoffee/train_trace/gender/checkpoints_2025-10-07 19:53:20.141369_ContrastiveLoss_gru_catboost/model_128_0.001_3_10_100_256_128_16_256_ContrastiveLoss_gruepoch=04.ckpt,4,30,0.44233713,67.5758,1.6719,0.0004,4.7845,1.2745,12.4889,0.6177,1387.6146,67.628,281.2795,13.7087,261.6238,12.7507,250.6584,12.2163,235.4991,11.4775,221.974,10.8183,194.5691,9.4827,73.8576,4.0346,14.9715,0.8178,13.9253,0.7607,13.3416,0.7288,12.5347,0.6847,11.8148,0.6454,10.3562,0.5657,0.0,0.0,0.0,0.0,0.0,0.0,0.0,0.0,0.0,0.0,0.0,0.0,0.0,0.0,0.0,0.0,0.0,0.0,0.0,0.0,0.0,0.0,0.0,0.0,0.0,0.0,0.0,0.0,0.0,0.0,0.0,0.0,0.0,0.0,0.0,0.66,0.6647
128,0.001,3,10,100,128,16,256,184,440338,73,30,ContrastiveLoss,gru,/home/dpetrovitch/dzagcoffee/train_trace/gender/checkpoints_2025-10-07 19:53:20.141369_ContrastiveLoss_gru_catboost/model_128_0.001_3_10_100_256_128_16_256_ContrastiveLoss_gruepoch=05.ckpt,5,30,0.44619772,68.9788,1.6732,0.0005,4.8473,1.2584,12.855,0.6335,1402.8234,68.3959,283.7934,13.8366,264.341,12.8882,253.5149,12.3603,238.2552,11.6163,224.6187,10.9515,197.1774,9.6136,73.2888,3.984,14.8264,0.806,13.8102,0.7507,13.2446,0.72,12.4474,0.6766,11.7349,0.6379,10.3013,0.56,0.0,0.0,0.0,0.0,0.0,0.0,0.0,0.0,0.0,0.0,0.0,0.0,0.0,0.0,0.0,0.0,0.0,0.0,0.0,0.0,0.0,0.0,0.0,0.0,0.0,0.0,0.0,0.0,0.0,0.0,0.0,0.0,0.0,0.0,0.0,0.668,0.696
128,0.001,3,10,100,128,16,256,184,440338,73,30,ContrastiveLoss,gru,/home/dpetrovitch/dzagcoffee/train_trace/gender/checkpoints_2025-10-07 19:53:20.141369_ContrastiveLoss_gru_catboost/model_128_0.001_3_10_100_256_128_16_256_ContrastiveLoss_gruepoch=06.ckpt,6,30,0.4522741,72.0882,1.6707,0.0005,4.8706,1.2792,12.5138,0.6131,1457.5587,70.9656,286.0402,13.9267,267.0938,13.0043,256.1835,12.4731,241.3011,11.7485,228.3049,11.1157,200.7336,9.7733,78.1582,4.1554,15.3383,0.8155,14.3223,0.7615,13.7373,0.7304,12.9392,0.6879,12.2423,0.6509,10.7639,0.5723,0.0,0.0,0.0,0.0,0.0,0.0,0.0,0.0,0.0,0.0,0.0,0.0,0.0,0.0,0.0,0.0,0.0,0.0,0.0,0.0,0.0,0.0,0.0,0.0,0.0,0.0,0.0,0.0,0.0,0.0,0.0,0.0,0.0,0.0,0.0,0.652,0.6996
128,0.001,3,10,100,128,16,256,184,440338,73,30,ContrastiveLoss,gru,/home/dpetrovitch/dzagcoffee/train_trace/gender/checkpoints_2025-10-07 19:53:20.141369_ContrastiveLoss_gru_catboost/model_128_0.001_3_10_100_256_128_16_256_ContrastiveLoss_gruepoch=07.ckpt,7,30,0.45775366,73.7493,1.6721,0.0004,4.9056,1.2759,12.743,0.6162,1482.8046,72.2156,289.5048,14.0995,270.1964,13.1591,259.2061,12.6239,243.6305,11.8653,230.0689,11.2048,200.2281,9.7515,78.6287,4.109,15.3516,0.8022,14.3277,0.7487,13.7449,0.7183,12.919,0.6751,12.1999,0.6375,10.6175,0.5549,0.0,0.0,0.0,0.0,0.0,0.0,0.0,0.0,0.0,0.0,0.0,0.0,0.0,0.0,0.0,0.0,0.0,0.0,0.0,0.0,0.0,0.0,0.0,0.0,0.0,0.0,0.0,0.0,0.0,0.0,0.0,0.0,0.0,0.0,0.0,0.676,0.715
128,0.001,3,10,100,128,16,256,184,440338,73,30,ContrastiveLoss,gru,/home/dpetrovitch/dzagcoffee/train_trace/gender/checkpoints_2025-10-07 19:53:20.141369_ContrastiveLoss_gru_catboost/model_128_0.001_3_10_100_256_128_16_256_ContrastiveLoss_gruepoch=08.ckpt,8,30,0.45405018,74.3337,1.668,0.0004,4.9365,1.2572,13.3538,0.6339,1489.3887,72.4918,290.7814,14.153,271.9292,13.2354,260.8558,12.6964,245.7604,11.9617,232.8635,11.334,203.1137,9.886,78.8792,4.1208,15.4,0.8045,14.4016,0.7524,13.8151,0.7217,13.0157,0.68,12.3326,0.6443,10.7571,0.562,0.0,0.0,0.0,0.0,0.0,0.0,0.0,0.0,0.0,0.0,0.0,0.0,0.0,0.0,0.0,0.0,0.0,0.0,0.0,0.0,0.0,0.0,0.0,0.0,0.0,0.0,0.0,0.0,0.0,0.0,0.0,0.0,0.0,0.0,0.0,0.696,0.7238
128,0.001,3,10,100,128,16,256,184,440338,73,30,ContrastiveLoss,gru,/home/dpetrovitch/dzagcoffee/train_trace/gender/checkpoints_2025-10-07 19:53:20.141369_ContrastiveLoss_gru_catboost/model_128_0.001_3_10_100_256_128_16_256_ContrastiveLoss_gruepoch=09.ckpt,9,30,0.45599186,74.8015,1.6699,0.0004,4.9963,1.2388,13.0879,0.6521,1473.2964,71.7348,291.5816,14.1971,272.7606,13.2807,261.9254,12.7532,246.5593,12.005,233.0492,11.3472,203.4078,9.9039,72.0551,3.8728,14.2605,0.7665,13.34,0.717,12.8101,0.6885,12.0586,0.6481,11.3978,0.6126,9.9481,0.5347,0.0,0.0,0.0,0.0,0.0,0.0,0.0,0.0,0.0,0.0,0.0,0.0,0.0,0.0,0.0,0.0,0.0,0.0,0.0,0.0,0.0,0.0,0.0,0.0,0.0,0.0,0.0,0.0,0.0,0.0,0.0,0.0,0.0,0.0,0.0,0.696,0.733
128,0.001,3,10,100,128,16,256,184,440338,73,30,ContrastiveLoss,gru,/home/dpetrovitch/dzagcoffee/train_trace/gender/checkpoints_2025-10-07 19:53:20.141369_ContrastiveLoss_gru_catboost/model_128_0.001_3_10_100_256_128_16_256_ContrastiveLoss_gruepoch=10.ckpt,10,30,0.46047774,76.295,1.6653,0.0004,4.9973,1.2549,13.8974,0.6356,1504.5283,73.1551,292.3141,14.2133,273.7221,13.3093,262.9851,12.7872,247.9958,12.0584,235.4405,11.4479,206.7305,10.0519,72.9201,3.9426,14.1676,0.766,13.2665,0.7173,12.7461,0.6891,12.0196,0.6499,11.4111,0.617,10.0196,0.5417,0.0,0.0,0.0,0.0,0.0,0.0,0.0,0.0,0.0,0.0,0.0,0.0,0.0,0.0,0.0,0.0,0.0,0.0,0.0,0.0,0.0,0.0,0.0,0.0,0.0,0.0,0.0,0.0,0.0,0.0,0.0,0.0,0.0,0.0,0.0,0.692,0.7313
128,0.001,3,10,100,128,16,256,184,440338,73,30,ContrastiveLoss,gru,/home/dpetrovitch/dzagcoffee/train_trace/gender/checkpoints_2025-10-07 19:53:20.141369_ContrastiveLoss_gru_catboost/model_128_0.001_3_10_100_256_128_16_256_ContrastiveLoss_gruepoch=11.ckpt,11,30,0.45563778,76.348,1.665,0.0004,5.0202,1.2423,14.1218,0.6485,1484.5372,72.2183,292.6498,14.2365,273.7977,13.3194,263.2092,12.8043,248.1998,12.0742,235.4382,11.4534,206.4162,10.0415,72.2765,3.8911,14.248,0.7671,13.3302,0.7177,12.8147,0.6899,12.0839,0.6506,11.4626,0.6171,10.0496,0.541,0.0,0.0,0.0,0.0,0.0,0.0,0.0,0.0,0.0,0.0,0.0,0.0,0.0,0.0,0.0,0.0,0.0,0.0,0.0,0.0,0.0,0.0,0.0,0.0,0.0,0.0,0.0,0.0,0.0,0.0,0.0,0.0,0.0,0.0,0.0,0.716,0.7473
128,0.001,3,10,100,128,16,256,184,440338,73,30,ContrastiveLoss,gru,/home/dpetrovitch/dzagcoffee/train_trace/gender/checkpoints_2025-10-07 19:53:20.141369_ContrastiveLoss_gru_catboost/model_128_0.001_3_10_100_256_128_16_256_ContrastiveLoss_gruepoch=12.ckpt,12,30,0.46103743,76.5552,1.6631,0.0004,5.0314,1.2331,13.2864,0.6581,1481.7736,72.0902,293.4081,14.2747,274.8379,13.3712,264.2279,12.855,249.2818,12.1279,236.4123,11.5018,206.209,10.0323,70.5667,3.8104,13.973,0.7545,13.0886,0.7067,12.5834,0.6795,11.8716,0.641,11.2587,0.6079,9.8203,0.5303,0.0,0.0,0.0,0.0,0.0,0.0,0.0,0.0,0.0,0.0,0.0,0.0,0.0,0.0,0.0,0.0,0.0,0.0,0.0,0.0,0.0,0.0,0.0,0.0,0.0,0.0,0.0,0.0,0.0,0.0,0.0,0.0,0.0,0.0,0.0,0.732,0.7535
128,0.001,3,10,100,128,16,256,184,440338,73,30,ContrastiveLoss,gru,/home/dpetrovitch/dzagcoffee/train_trace/gender/checkpoints_2025-10-07 19:53:20.141369_ContrastiveLoss_gru_catboost/model_128_0.001_3_10_100_256_128_16_256_ContrastiveLoss_gruepoch=13.ckpt,13,30,0.46391007,77.122,1.6512,0.0003,5.0755,1.2402,13.8681,0.6501,1505.8431,73.1966,293.7697,14.2797,275.5475,13.3939,265.1358,12.8878,250.5396,12.1783,237.6398,11.5513,211.5418,10.2827,71.0248,3.7899,13.856,0.7394,12.9965,0.6935,12.5054,0.6673,11.817,0.6306,11.2085,0.5981,9.9776,0.5324,0.0,0.0,0.0,0.0,0.0,0.0,0.0,0.0,0.0,0.0,0.0,0.0,0.0,0.0,0.0,0.0,0.0,0.0,0.0,0.0,0.0,0.0,0.0,0.0,0.0,0.0,0.0,0.0,0.0,0.0,0.0,0.0,0.0,0.0,0.0,0.712,0.7386
128,0.001,3,10,100,128,16,256,184,440338,73,30,ContrastiveLoss,gru,/home/dpetrovitch/dzagcoffee/train_trace/gender/checkpoints_2025-10-07 19:53:20.141369_ContrastiveLoss_gru_catboost/model_128_0.001_3_10_100_256_128_16_256_ContrastiveLoss_gruepoch=14.ckpt,14,30,0.45810774,78.2775,1.661,0.0004,5.0828,1.2414,14.1558,0.6491,1522.8944,74.0466,295.8286,14.3839,277.565,13.4958,267.1127,12.9876,252.4396,12.2742,239.5935,11.6496,209.7842,10.2002,69.7236,3.7202,13.5441,0.7227,12.7079,0.6781,12.2294,0.6525,11.5576,0.6167,10.9695,0.5853,9.6047,0.5125,0.0,0.0,0.0,0.0,0.0,0.0,0.0,0.0,0.0,0.0,0.0,0.0,0.0,0.0,0.0,0.0,0.0,0.0,0.0,0.0,0.0,0.0,0.0,0.0,0.0,0.0,0.0,0.0,0.0,0.0,0.0,0.0,0.0,0.0,0.0,0.692,0.7377
128,0.001,3,10,100,128,16,256,184,440338,73,30,ContrastiveLoss,gru,/home/dpetrovitch/dzagcoffee/train_trace/gender/checkpoints_2025-10-07 19:53:20.141369_ContrastiveLoss_gru_catboost/model_128_0.001_3_10_100_256_128_16_256_ContrastiveLoss_gruepoch=15.ckpt,15,30,0.46243373,79.2812,1.6702,0.0004,5.0789,1.2427,14.5224,0.6475,1537.8481,74.7626,296.7996,14.4289,278.5737,13.5429,268.1974,13.0384,253.6029,12.3289,241.3326,11.7324,212.9262,10.3514,71.7372,3.8484,13.845,0.7427,12.9948,0.6971,12.5108,0.6711,11.83,0.6346,11.2576,0.6039,9.9325,0.5328,0.0,0.0,0.0,0.0,0.0,0.0,0.0,0.0,0.0,0.0,0.0,0.0,0.0,0.0,0.0,0.0,0.0,0.0,0.0,0.0,0.0,0.0,0.0,0.0,0.0,0.0,0.0,0.0,0.0,0.0,0.0,0.0,0.0,0.0,0.0,0.696,0.7503
128,0.001,3,10,100,128,16,256,184,440338,73,30,ContrastiveLoss,gru,/home/dpetrovitch/dzagcoffee/train_trace/gender/checkpoints_2025-10-07 19:53:20.141369_ContrastiveLoss_gru_catboost/model_128_0.001_3_10_100_256_128_16_256_ContrastiveLoss_gruepoch=16.ckpt,16,30,0.46448115,80.2876,1.6687,0.0004,5.0834,1.2518,14.8382,0.6388,1549.6453,75.3424,296.8358,14.4319,278.5249,13.5416,268.11,13.0353,253.7064,12.335,241.707,11.7516,213.0362,10.3576,70.782,3.8123,13.5583,0.7302,12.722,0.6852,12.2463,0.6596,11.5884,0.6241,11.0403,0.5946,9.7307,0.5241,0.0,0.0,0.0,0.0,0.0,0.0,0.0,0.0,0.0,0.0,0.0,0.0,0.0,0.0,0.0,0.0,0.0,0.0,0.0,0.0,0.0,0.0,0.0,0.0,0.0,0.0,0.0,0.0,0.0,0.0,0.0,0.0,0.0,0.0,0.0,0.744,0.7801
128,0.001,3,10,100,128,16,256,184,440338,73,30,ContrastiveLoss,gru,/home/dpetrovitch/dzagcoffee/train_trace/gender/checkpoints_2025-10-07 19:53:20.141369_ContrastiveLoss_gru_catboost/model_128_0.001_3_10_100_256_128_16_256_ContrastiveLoss_gruepoch=17.ckpt,17,30,0.46387002,80.3989,1.6595,0.0004,5.1117,1.2462,15.1401,0.6436,1542.2343,74.9465,296.4985,14.4087,278.3896,13.5286,267.9493,13.0213,253.4666,12.3175,241.2221,11.7224,212.3237,10.3181,71.4755,3.8601,13.7414,0.7421,12.9021,0.6968,12.4182,0.6707,11.747,0.6344,11.1795,0.6038,9.8402,0.5314,0.0,0.0,0.0,0.0,0.0,0.0,0.0,0.0,0.0,0.0,0.0,0.0,0.0,0.0,0.0,0.0,0.0,0.0,0.0,0.0,0.0,0.0,0.0,0.0,0.0,0.0,0.0,0.0,0.0,0.0,0.0,0.0,0.0,0.0,0.0,0.732,0.7841
128,0.001,3,10,100,128,16,256,184,440338,73,30,ContrastiveLoss,gru,/home/dpetrovitch/dzagcoffee/train_trace/gender/checkpoints_2025-10-07 19:53:20.141369_ContrastiveLoss_gru_catboost/model_128_0.001_3_10_100_256_128_16_256_ContrastiveLoss_gruepoch=18.ckpt,18,30,0.4655633,80.0778,1.6718,0.0003,5.13,1.2336,14.4867,0.658,1527.9532,74.373,297.7999,14.4954,279.4464,13.602,268.9535,13.0913,254.2385,12.375,241.1123,11.7361,212.0174,10.3199,66.8492,3.6403,13.029,0.7095,12.226,0.6658,11.7669,0.6408,11.1231,0.6057,10.5489,0.5744,9.2759,0.5051,0.0,0.0,0.0,0.0,0.0,0.0,0.0,0.0,0.0,0.0,0.0,0.0,0.0,0.0,0.0,0.0,0.0,0.0,0.0,0.0,0.0,0.0,0.0,0.0,0.0,0.0,0.0,0.0,0.0,0.0,0.0,0.0,0.0,0.0,0.0,0.724,0.7625
128,0.001,3,10,100,128,16,256,184,440338,73,30,ContrastiveLoss,gru,/home/dpetrovitch/dzagcoffee/train_trace/gender/checkpoints_2025-10-07 19:53:20.141369_ContrastiveLoss_gru_catboost/model_128_0.001_3_10_100_256_128_16_256_ContrastiveLoss_gruepoch=19.ckpt,19,30,0.45612895,80.3163,1.6674,0.0003,5.152,1.2327,14.5357,0.6591,1525.5613,74.2217,297.2144,14.4601,278.9065,13.5694,268.2067,13.0488,253.1777,12.3176,240.4145,11.6967,211.2016,10.2754,69.3012,3.7192,13.5015,0.7246,12.6698,0.68,12.1837,0.6539,11.501,0.6172,10.9212,0.5861,9.5942,0.5149,0.0,0.0,0.0,0.0,0.0,0.0,0.0,0.0,0.0,0.0,0.0,0.0,0.0,0.0,0.0,0.0,0.0,0.0,0.0,0.0,0.0,0.0,0.0,0.0,0.0,0.0,0.0,0.0,0.0,0.0,0.0,0.0,0.0,0.0,0.0,0.724,0.7841
128,0.001,3,10,100,128,16,256,184,440338,73,30,ContrastiveLoss,gru,/home/dpetrovitch/dzagcoffee/train_trace/gender/checkpoints_2025-10-07 19:53:20.141369_ContrastiveLoss_gru_catboost/model_128_0.001_3_10_100_256_128_16_256_ContrastiveLoss_gruepoch=20.ckpt,20,30,0.46335605,81.5944,1.663,0.0004,5.1212,1.2421,14.521,0.6484,1551.033,75.3969,298.1759,14.4946,279.8542,13.6039,269.3673,13.0941,254.6003,12.3763,241.8751,11.7577,212.6284,10.336,69.1456,3.7113,13.2928,0.7135,12.476,0.6696,12.0085,0.6445,11.3502,0.6092,10.7829,0.5788,9.4791,0.5088,0.0,0.0,0.0,0.0,0.0,0.0,0.0,0.0,0.0,0.0,0.0,0.0,0.0,0.0,0.0,0.0,0.0,0.0,0.0,0.0,0.0,0.0,0.0,0.0,0.0,0.0,0.0,0.0,0.0,0.0,0.0,0.0,0.0,0.0,0.0,0.728,0.7998
128,0.001,3,10,100,128,16,256,184,440338,73,30,ContrastiveLoss,gru,/home/dpetrovitch/dzagcoffee/train_trace/gender/checkpoints_2025-10-07 19:53:20.141369_ContrastiveLoss_gru_catboost/model_128_0.001_3_10_100_256_128_16_256_ContrastiveLoss_gruepoch=21.ckpt,21,30,0.46419844,80.6792,1.6622,0.0003,5.1504,1.2327,14.3089,0.6582,1539.9781,74.8321,297.8529,14.4736,279.5766,13.5855,269.0813,13.0755,254.2874,12.3566,241.2144,11.7213,212.443,10.3232,70.2692,3.7565,13.591,0.7266,12.7571,0.682,12.2782,0.6564,11.6031,0.6203,11.0066,0.5884,9.6938,0.5182,0.0,0.0,0.0,0.0,0.0,0.0,0.0,0.0,0.0,0.0,0.0,0.0,0.0,0.0,0.0,0.0,0.0,0.0,0.0,0.0,0.0,0.0,0.0,0.0,0.0,0.0,0.0,0.0,0.0,0.0,0.0,0.0,0.0,0.0,0.0,0.728,0.7903
128,0.001,3,10,100,128,16,256,184,440338,73,30,ContrastiveLoss,gru,/home/dpetrovitch/dzagcoffee/train_trace/gender/checkpoints_2025-10-07 19:53:20.141369_ContrastiveLoss_gru_catboost/model_128_0.001_3_10_100_256_128_16_256_ContrastiveLoss_gruepoch=22.ckpt,22,30,0.4614172,81.8508,1.6686,0.0003,5.1307,1.243,14.3105,0.6475,1564.7241,76.0693,298.8748,14.5298,280.7291,13.6477,270.2049,13.1361,255.5995,12.426,242.9773,11.8124,214.2242,10.4145,69.2228,3.7299,13.2221,0.7124,12.4193,0.6692,11.9538,0.6441,11.3076,0.6093,10.7492,0.5792,9.4772,0.5107,0.0,0.0,0.0,0.0,0.0,0.0,0.0,0.0,0.0,0.0,0.0,0.0,0.0,0.0,0.0,0.0,0.0,0.0,0.0,0.0,0.0,0.0,0.0,0.0,0.0,0.0,0.0,0.0,0.0,0.0,0.0,0.0,0.0,0.0,0.0,0.712,0.7672
128,0.001,3,10,100,128,16,256,184,440338,73,30,ContrastiveLoss,gru,/home/dpetrovitch/dzagcoffee/train_trace/gender/checkpoints_2025-10-07 19:53:20.141369_ContrastiveLoss_gru_catboost/model_128_0.001_3_10_100_256_128_16_256_ContrastiveLoss_gruepoch=23.ckpt,23,30,0.4637216,81.7825,1.6643,0.0003,5.1372,1.2404,14.9243,0.6497,1562.5387,75.9435,298.8425,14.5245,280.7866,13.647,270.3027,13.1374,255.7637,12.4308,242.7687,11.7992,214.8564,10.4426,68.5103,3.749,13.1029,0.717,12.3112,0.6737,11.8516,0.6485,11.2141,0.6137,10.6443,0.5825,9.4205,0.5155,0.0,0.0,0.0,0.0,0.0,0.0,0.0,0.0,0.0,0.0,0.0,0.0,0.0,0.0,0.0,0.0,0.0,0.0,0.0,0.0,0.0,0.0,0.0,0.0,0.0,0.0,0.0,0.0,0.0,0.0,0.0,0.0,0.0,0.0,0.0,0.732,0.7829
128,0.001,3,10,100,128,16,256,184,440338,73,30,ContrastiveLoss,gru,/home/dpetrovitch/dzagcoffee/train_trace/gender/checkpoints_2025-10-07 19:53:20.141369_ContrastiveLoss_gru_catboost/model_128_0.001_3_10_100_256_128_16_256_ContrastiveLoss_gruepoch=24.ckpt,24,30,0.46354166,81.5134,1.6703,0.0003,5.1506,1.2325,14.8558,0.6585,1544.1885,75.0547,299.2868,14.5467,281.0485,13.6603,270.6414,13.1544,255.7801,12.4321,242.4228,11.7829,213.1472,10.3599,68.3934,3.7009,13.2557,0.7173,12.4479,0.6736,11.9869,0.6486,11.3287,0.613,10.7371,0.581,9.4405,0.5108,0.0,0.0,0.0,0.0,0.0,0.0,0.0,0.0,0.0,0.0,0.0,0.0,0.0,0.0,0.0,0.0,0.0,0.0,0.0,0.0,0.0,0.0,0.0,0.0,0.0,0.0,0.0,0.0,0.0,0.0,0.0,0.0,0.0,0.0,0.0,0.716,0.7701
128,0.001,3,10,100,128,16,256,184,440338,73,30,ContrastiveLoss,gru,/home/dpetrovitch/dzagcoffee/train_trace/gender/checkpoints_2025-10-07 19:53:20.141369_ContrastiveLoss_gru_catboost/model_128_0.001_3_10_100_256_128_16_256_ContrastiveLoss_gruepoch=25.ckpt,25,30,0.4668169,81.9996,1.6559,0.0003,5.1443,1.2388,14.7297,0.6513,1558.1012,75.6996,298.8999,14.5219,280.6807,13.6367,270.1918,13.1271,255.5582,12.4162,242.7898,11.7958,214.1456,10.4042,66.4893,3.6744,12.755,0.7049,11.9776,0.6619,11.53,0.6372,10.9055,0.6027,10.3606,0.5726,9.1383,0.505,0.0,0.0,0.0,0.0,0.0,0.0,0.0,0.0,0.0,0.0,0.0,0.0,0.0,0.0,0.0,0.0,0.0,0.0,0.0,0.0,0.0,0.0,0.0,0.0,0.0,0.0,0.0,0.0,0.0,0.0,0.0,0.0,0.0,0.0,0.0,0.708,0.7758
128,0.001,3,10,100,128,16,256,184,440338,73,30,ContrastiveLoss,gru,/home/dpetrovitch/dzagcoffee/train_trace/gender/checkpoints_2025-10-07 19:53:20.141369_ContrastiveLoss_gru_catboost/model_128_0.001_3_10_100_256_128_16_256_ContrastiveLoss_gruepoch=26.ckpt,26,30,0.46691963,81.8279,1.6737,0.0003,5.1423,1.2351,15.2534,0.6552,1556.4625,75.6227,299.313,14.5425,281.1526,13.6602,270.9103,13.1625,256.1873,12.4472,243.4422,11.828,215.3572,10.4634,65.3767,3.6292,12.5722,0.6979,11.8094,0.6556,11.3791,0.6317,10.7607,0.5973,10.2254,0.5676,9.0457,0.5021,0.0,0.0,0.0,0.0,0.0,0.0,0.0,0.0,0.0,0.0,0.0,0.0,0.0,0.0,0.0,0.0,0.0,0.0,0.0,0.0,0.0,0.0,0.0,0.0,0.0,0.0,0.0,0.0,0.0,0.0,0.0,0.0,0.0,0.0,0.0,0.752,0.7735
128,0.001,3,10,100,128,16,256,184,440338,73,30,ContrastiveLoss,gru,/home/dpetrovitch/dzagcoffee/train_trace/gender/checkpoints_2025-10-07 19:53:20.141369_ContrastiveLoss_gru_catboost/model_128_0.001_3_10_100_256_128_16_256_ContrastiveLoss_gruepoch=27.ckpt,27,30,0.46922687,83.1041,1.6714,0.0003,5.139,1.2453,15.1364,0.6455,1575.389,76.57,300.0298,14.5826,281.9105,13.7019,271.5611,13.1989,257.0597,12.4941,244.612,11.8891,217.193,10.5564,68.4074,3.7371,13.0281,0.7117,12.2413,0.6687,11.7919,0.6442,11.1622,0.6098,10.6217,0.5803,9.4311,0.5152,0.0,0.0,0.0,0.0,0.0,0.0,0.0,0.0,0.0,0.0,0.0,0.0,0.0,0.0,0.0,0.0,0.0,0.0,0.0,0.0,0.0,0.0,0.0,0.0,0.0,0.0,0.0,0.0,0.0,0.0,0.0,0.0,0.0,0.0,0.0,0.708,0.7738
128,0.001,3,10,100,128,16,256,184,440338,73,30,ContrastiveLoss,gru,/home/dpetrovitch/dzagcoffee/train_trace/gender/checkpoints_2025-10-07 19:53:20.141369_ContrastiveLoss_gru_catboost/model_128_0.001_3_10_100_256_128_16_256_ContrastiveLoss_gruepoch=28.ckpt,28,30,0.46479237,81.743,1.6647,0.0003,5.1722,1.229,15.0252,0.6618,1550.8344,75.3513,299.9456,14.5736,281.738,13.689,271.2918,13.1814,256.5981,12.4675,243.584,11.8352,215.0751,10.45,67.1313,3.7131,12.9838,0.7182,12.1957,0.6746,11.7435,0.6495,11.1074,0.6144,10.5441,0.5832,9.31,0.5149,0.0,0.0,0.0,0.0,0.0,0.0,0.0,0.0,0.0,0.0,0.0,0.0,0.0,0.0,0.0,0.0,0.0,0.0,0.0,0.0,0.0,0.0,0.0,0.0,0.0,0.0,0.0,0.0,0.0,0.0,0.0,0.0,0.0,0.0,0.0,0.736,0.7891
128,0.001,3,10,100,128,16,256,184,440338,73,30,ContrastiveLoss,gru,/home/dpetrovitch/dzagcoffee/train_trace/gender/checkpoints_2025-10-07 19:53:20.141369_ContrastiveLoss_gru_catboost/model_128_0.001_3_10_100_256_128_16_256_ContrastiveLoss_gruepoch=29.ckpt,29,30,0.46415558,81.9464,1.6659,0.0003,5.1717,1.2322,13.8424,0.6583,1557.5676,75.6704,299.4372,14.5474,281.2677,13.6647,270.9829,13.165,256.4108,12.4571,243.5121,11.8304,215.5392,10.4714,66.8171,3.6928,12.8454,0.7099,12.0659,0.6669,11.6247,0.6425,10.9996,0.6079,10.4463,0.5773,9.2463,0.511,0.0,0.0,0.0,0.0,0.0,0.0,0.0,0.0,0.0,0.0,0.0,0.0,0.0,0.0,0.0,0.0,0.0,0.0,0.0,0.0,0.0,0.0,0.0,0.0,0.0,0.0,0.0,0.0,0.0,0.0,0.0,0.0,0.0,0.0,0.0,0.744,0.7836
128,0.001,3,10,100,256,16,256,184,440338,73,30,ContrastiveLoss,gru,/home/dpetrovitch/dzagcoffee/train_trace/gender/checkpoints_2025-10-07 19:53:20.141369_ContrastiveLoss_gru_catboost/model_128_0.001_3_10_100_256_256_16_256_ContrastiveLoss_gruepoch=00.ckpt,0,30,0.4057846,82.349,1.666,0.0007,4.0348,1.3029,8.2162,0.5966,1203.7299,58.8764,269.0496,13.1597,245.2327,11.9947,232.2302,11.3588,215.4314,10.5371,201.8371,9.8722,165.566,8.0981,50.4883,2.9373,11.2848,0.6565,10.2859,0.5984,9.7405,0.5667,9.0359,0.5257,8.4657,0.4925,6.9444,0.404,0.0,0.0,0.0,0.0,0.0,0.0,0.0,0.0,0.0,0.0,0.0,0.0,0.0,0.0,0.0,0.0,0.0,0.0,0.0,0.0,0.0,0.0,0.0,0.0,0.0,0.0,0.0,0.0,0.0,0.0,0.0,0.0,0.0,0.0,0.0,0.604,0.6164
128,0.001,3,10,100,256,16,256,184,440338,73,30,ContrastiveLoss,gru,/home/dpetrovitch/dzagcoffee/train_trace/gender/checkpoints_2025-10-07 19:53:20.141369_ContrastiveLoss_gru_catboost/model_128_0.001_3_10_100_256_256_16_256_ContrastiveLoss_gruepoch=01.ckpt,1,30,0.43561253,77.348,1.664,0.0005,4.6227,1.2984,11.0195,0.5969,1439.3942,70.1389,281.7143,13.7274,261.7807,12.7561,250.5735,12.21,235.6749,11.484,223.933,10.9118,201.1053,9.7995,68.0919,3.8257,13.3268,0.7488,12.3838,0.6958,11.8536,0.666,11.1488,0.6264,10.5934,0.5952,9.5135,0.5345,0.0,0.0,0.0,0.0,0.0,0.0,0.0,0.0,0.0,0.0,0.0,0.0,0.0,0.0,0.0,0.0,0.0,0.0,0.0,0.0,0.0,0.0,0.0,0.0,0.0,0.0,0.0,0.0,0.0,0.0,0.0,0.0,0.0,0.0,0.0,0.66,0.6954
128,0.001,3,10,100,256,16,256,184,440338,73,30,ContrastiveLoss,gru,/home/dpetrovitch/dzagcoffee/train_trace/gender/checkpoints_2025-10-07 19:53:20.141369_ContrastiveLoss_gru_catboost/model_128_0.001_3_10_100_256_256_16_256_ContrastiveLoss_gruepoch=02.ckpt,2,30,0.44648895,78.1001,1.6585,0.0005,4.865,1.2752,11.2097,0.6165,1542.3684,74.988,289.9876,14.0988,270.5845,13.1555,259.9328,12.6376,245.6327,11.9423,234.1562,11.3844,209.7355,10.1971,77.1018,4.1883,14.4962,0.7875,13.5263,0.7348,12.9938,0.7058,12.279,0.667,11.7053,0.6358,10.4845,0.5695,0.0,0.0,0.0,0.0,0.0,0.0,0.0,0.0,0.0,0.0,0.0,0.0,0.0,0.0,0.0,0.0,0.0,0.0,0.0,0.0,0.0,0.0,0.0,0.0,0.0,0.0,0.0,0.0,0.0,0.0,0.0,0.0,0.0,0.0,0.0,0.676,0.7169
128,0.001,3,10,100,256,16,256,184,440338,73,30,ContrastiveLoss,gru,/home/dpetrovitch/dzagcoffee/train_trace/gender/checkpoints_2025-10-07 19:53:20.141369_ContrastiveLoss_gru_catboost/model_128_0.001_3_10_100_256_256_16_256_ContrastiveLoss_gruepoch=03.ckpt,3,30,0.45708835,80.7459,1.6639,0.0004,4.9811,1.2844,12.2083,0.6084,1621.6979,78.8911,294.2563,14.3148,275.2897,13.3921,264.4322,12.8639,250.1513,12.1692,238.6053,11.6075,213.1765,10.3704,81.7481,4.3201,14.8331,0.7839,13.8771,0.7333,13.3297,0.7044,12.6099,0.6664,12.0278,0.6356,10.746,0.5679,0.0,0.0,0.0,0.0,0.0,0.0,0.0,0.0,0.0,0.0,0.0,0.0,0.0,0.0,0.0,0.0,0.0,0.0,0.0,0.0,0.0,0.0,0.0,0.0,0.0,0.0,0.0,0.0,0.0,0.0,0.0,0.0,0.0,0.0,0.0,0.696,0.7356
128,0.001,3,10,100,256,16,256,184,440338,73,30,ContrastiveLoss,gru,/home/dpetrovitch/dzagcoffee/train_trace/gender/checkpoints_2025-10-07 19:53:20.141369_ContrastiveLoss_gru_catboost/model_128_0.001_3_10_100_256_256_16_256_ContrastiveLoss_gruepoch=04.ckpt,4,30,0.4574453,80.4378,1.6617,0.0004,5.1182,1.2444,12.7766,0.6472,1594.2809,77.5966,296.658,14.4389,277.7346,13.5179,266.7796,12.9847,252.4476,12.2871,240.7569,11.7181,214.8693,10.4581,75.4032,3.9825,14.0308,0.7411,13.1358,0.6938,12.6176,0.6664,11.9398,0.6306,11.3869,0.6014,10.1625,0.5367,0.0,0.0,0.0,0.0,0.0,0.0,0.0,0.0,0.0,0.0,0.0,0.0,0.0,0.0,0.0,0.0,0.0,0.0,0.0,0.0,0.0,0.0,0.0,0.0,0.0,0.0,0.0,0.0,0.0,0.0,0.0,0.0,0.0,0.0,0.0,0.688,0.7419
128,0.001,3,10,100,256,16,256,184,440338,73,30,ContrastiveLoss,gru,/home/dpetrovitch/dzagcoffee/train_trace/gender/checkpoints_2025-10-07 19:53:20.141369_ContrastiveLoss_gru_catboost/model_128_0.001_3_10_100_256_256_16_256_ContrastiveLoss_gruepoch=05.ckpt,5,30,0.45611182,81.8678,1.6674,0.0003,5.1841,1.2424,13.5618,0.6491,1613.3438,78.5192,298.6029,14.5326,280.049,13.6296,269.2682,13.1049,254.6876,12.3953,242.5106,11.8027,214.2947,10.4294,76.4115,3.9747,14.1425,0.7356,13.2637,0.6899,12.7531,0.6634,12.0626,0.6275,11.4858,0.5975,10.1495,0.5279,0.0,0.0,0.0,0.0,0.0,0.0,0.0,0.0,0.0,0.0,0.0,0.0,0.0,0.0,0.0,0.0,0.0,0.0,0.0,0.0,0.0,0.0,0.0,0.0,0.0,0.0,0.0,0.0,0.0,0.0,0.0,0.0,0.0,0.0,0.0,0.664,0.7311
128,0.001,3,10,100,256,16,256,184,440338,73,30,ContrastiveLoss,gru,/home/dpetrovitch/dzagcoffee/train_trace/gender/checkpoints_2025-10-07 19:53:20.141369_ContrastiveLoss_gru_catboost/model_128_0.001_3_10_100_256_256_16_256_ContrastiveLoss_gruepoch=06.ckpt,6,30,0.4576623,84.9332,1.6571,0.0003,5.2184,1.253,13.7799,0.6381,1663.2811,80.884,301.5492,14.6641,283.3196,13.7776,272.8933,13.2706,258.6578,12.5783,246.7214,11.9979,219.1651,10.6578,78.8165,4.0713,14.2893,0.7381,13.4254,0.6935,12.9314,0.668,12.2568,0.6331,11.6912,0.6039,10.3854,0.5365,0.0,0.0,0.0,0.0,0.0,0.0,0.0,0.0,0.0,0.0,0.0,0.0,0.0,0.0,0.0,0.0,0.0,0.0,0.0,0.0,0.0,0.0,0.0,0.0,0.0,0.0,0.0,0.0,0.0,0.0,0.0,0.0,0.0,0.0,0.0,0.696,0.7586
128,0.001,3,10,100,256,16,256,184,440338,73,30,ContrastiveLoss,gru,/home/dpetrovitch/dzagcoffee/train_trace/gender/checkpoints_2025-10-07 19:53:20.141369_ContrastiveLoss_gru_catboost/model_128_0.001_3_10_100_256_256_16_256_ContrastiveLoss_gruepoch=07.ckpt,7,30,0.46774778,85.9718,1.6576,0.0003,5.2485,1.2383,13.8551,0.653,1662.3956,80.8519,304.5124,14.8102,286.3545,13.9271,275.7366,13.4107,261.5026,12.7184,249.3938,12.1295,220.0258,10.7011,72.9109,3.822,13.3556,0.7001,12.5592,0.6583,12.0935,0.6339,11.4692,0.6012,10.9381,0.5734,9.6501,0.5059,0.0,0.0,0.0,0.0,0.0,0.0,0.0,0.0,0.0,0.0,0.0,0.0,0.0,0.0,0.0,0.0,0.0,0.0,0.0,0.0,0.0,0.0,0.0,0.0,0.0,0.0,0.0,0.0,0.0,0.0,0.0,0.0,0.0,0.0,0.0,0.716,0.764
128,0.001,3,10,100,256,16,256,184,440338,73,30,ContrastiveLoss,gru,/home/dpetrovitch/dzagcoffee/train_trace/gender/checkpoints_2025-10-07 19:53:20.141369_ContrastiveLoss_gru_catboost/model_128_0.001_3_10_100_256_256_16_256_ContrastiveLoss_gruepoch=08.ckpt,8,30,0.46108887,86.3462,1.6629,0.0003,5.3109,1.2286,13.9992,0.6629,1656.0831,80.5541,305.3506,14.8527,286.9822,13.9592,276.2306,13.4362,261.9602,12.7421,250.1002,12.1652,222.0035,10.7986,69.2385,3.6079,12.7663,0.6652,11.9983,0.6252,11.5488,0.6018,10.9522,0.5707,10.4563,0.5449,9.2817,0.4837,0.0,0.0,0.0,0.0,0.0,0.0,0.0,0.0,0.0,0.0,0.0,0.0,0.0,0.0,0.0,0.0,0.0,0.0,0.0,0.0,0.0,0.0,0.0,0.0,0.0,0.0,0.0,0.0,0.0,0.0,0.0,0.0,0.0,0.0,0.0,0.668,0.7418
128,0.001,3,10,100,256,16,256,184,440338,73,30,ContrastiveLoss,gru,/home/dpetrovitch/dzagcoffee/train_trace/gender/checkpoints_2025-10-07 19:53:20.141369_ContrastiveLoss_gru_catboost/model_128_0.001_3_10_100_256_256_16_256_ContrastiveLoss_gruepoch=09.ckpt,9,30,0.46350458,87.8359,1.6685,0.0003,5.3195,1.2344,13.7008,0.6575,1679.4705,81.7333,305.3408,14.8598,287.1461,13.9743,276.6,13.4611,262.3947,12.7697,250.6948,12.2003,223.0486,10.8549,70.3495,3.7431,12.7901,0.6805,12.028,0.64,11.5862,0.6165,10.9912,0.5848,10.5011,0.5587,9.343,0.4971,0.0,0.0,0.0,0.0,0.0,0.0,0.0,0.0,0.0,0.0,0.0,0.0,0.0,0.0,0.0,0.0,0.0,0.0,0.0,0.0,0.0,0.0,0.0,0.0,0.0,0.0,0.0,0.0,0.0,0.0,0.0,0.0,0.0,0.0,0.0,0.692,0.7499
128,0.001,3,10,100,256,16,256,184,440338,73,30,ContrastiveLoss,gru,/home/dpetrovitch/dzagcoffee/train_trace/gender/checkpoints_2025-10-07 19:53:20.141369_ContrastiveLoss_gru_catboost/model_128_0.001_3_10_100_256_256_16_256_ContrastiveLoss_gruepoch=10.ckpt,10,30,0.46487513,88.5258,1.6644,0.0003,5.3426,1.2331,13.6851,0.6583,1683.1182,81.8546,307.0116,14.9308,288.7482,14.0426,278.4328,13.5409,264.1667,12.8472,252.2196,12.2661,223.45,10.867,66.8818,3.5116,12.1997,0.6405,11.4739,0.6024,11.064,0.5809,10.4972,0.5511,10.0224,0.5262,8.8792,0.4662,0.0,0.0,0.0,0.0,0.0,0.0,0.0,0.0,0.0,0.0,0.0,0.0,0.0,0.0,0.0,0.0,0.0,0.0,0.0,0.0,0.0,0.0,0.0,0.0,0.0,0.0,0.0,0.0,0.0,0.0,0.0,0.0,0.0,0.0,0.0,0.688,0.7592
128,0.001,3,10,100,256,16,256,184,440338,73,30,ContrastiveLoss,gru,/home/dpetrovitch/dzagcoffee/train_trace/gender/checkpoints_2025-10-07 19:53:20.141369_ContrastiveLoss_gru_catboost/model_128_0.001_3_10_100_256_256_16_256_ContrastiveLoss_gruepoch=11.ckpt,11,30,0.46689394,89.208,1.6634,0.0003,5.3564,1.2379,14.1533,0.6531,1691.3167,82.2414,307.0221,14.9292,288.9705,14.0514,278.5565,13.545,264.6674,12.8696,253.0966,12.307,225.1162,10.9464,72.8227,3.7553,13.2194,0.6817,12.4421,0.6416,11.9938,0.6185,11.3957,0.5876,10.8975,0.562,9.6928,0.4998,0.0,0.0,0.0,0.0,0.0,0.0,0.0,0.0,0.0,0.0,0.0,0.0,0.0,0.0,0.0,0.0,0.0,0.0,0.0,0.0,0.0,0.0,0.0,0.0,0.0,0.0,0.0,0.0,0.0,0.0,0.0,0.0,0.0,0.0,0.0,0.712,0.7457
128,0.001,3,10,100,256,16,256,184,440338,73,30,ContrastiveLoss,gru,/home/dpetrovitch/dzagcoffee/train_trace/gender/checkpoints_2025-10-07 19:53:20.141369_ContrastiveLoss_gru_catboost/model_128_0.001_3_10_100_256_256_16_256_ContrastiveLoss_gruepoch=12.ckpt,12,30,0.46706244,88.5419,1.6653,0.0003,5.3805,1.2257,13.5483,0.6661,1674.3262,81.4103,307.2168,14.9377,289.2206,14.0627,278.9496,13.5633,264.9352,12.8819,253.5241,12.327,224.6084,10.9211,71.172,3.7695,13.0591,0.6917,12.2941,0.6511,11.8575,0.628,11.2618,0.5965,10.7768,0.5708,9.5476,0.5057,0.0,0.0,0.0,0.0,0.0,0.0,0.0,0.0,0.0,0.0,0.0,0.0,0.0,0.0,0.0,0.0,0.0,0.0,0.0,0.0,0.0,0.0,0.0,0.0,0.0,0.0,0.0,0.0,0.0,0.0,0.0,0.0,0.0,0.0,0.0,0.708,0.7678
128,0.001,3,10,100,256,16,256,184,440338,73,30,ContrastiveLoss,gru,/home/dpetrovitch/dzagcoffee/train_trace/gender/checkpoints_2025-10-07 19:53:20.141369_ContrastiveLoss_gru_catboost/model_128_0.001_3_10_100_256_256_16_256_ContrastiveLoss_gruepoch=13.ckpt,13,30,0.46425268,88.9798,1.6547,0.0003,5.3837,1.2244,15.162,0.6671,1679.539,81.6345,308.3656,14.9882,290.3449,14.1123,280.0665,13.6127,266.2229,12.9398,254.496,12.3699,226.3876,11.0036,64.9045,3.532,11.9165,0.6485,11.2202,0.6106,10.8229,0.589,10.288,0.5599,9.8348,0.5352,8.7486,0.4761,0.0,0.0,0.0,0.0,0.0,0.0,0.0,0.0,0.0,0.0,0.0,0.0,0.0,0.0,0.0,0.0,0.0,0.0,0.0,0.0,0.0,0.0,0.0,0.0,0.0,0.0,0.0,0.0,0.0,0.0,0.0,0.0,0.0,0.0,0.0,0.708,0.7638
128,0.001,3,10,100,256,16,256,184,440338,73,30,ContrastiveLoss,gru,/home/dpetrovitch/dzagcoffee/train_trace/gender/checkpoints_2025-10-07 19:53:20.141369_ContrastiveLoss_gru_catboost/model_128_0.001_3_10_100_256_256_16_256_ContrastiveLoss_gruepoch=14.ckpt,14,30,0.4661744,89.3752,1.6618,0.0003,5.391,1.2219,14.8606,0.6699,1678.8472,81.6004,308.9442,15.0162,291.0425,14.1461,280.624,13.6397,266.5972,12.958,254.83,12.386,226.0429,10.9868,62.0393,3.3958,11.4166,0.6249,10.755,0.5887,10.37,0.5676,9.8517,0.5392,9.4169,0.5154,8.3531,0.4572,0.0,0.0,0.0,0.0,0.0,0.0,0.0,0.0,0.0,0.0,0.0,0.0,0.0,0.0,0.0,0.0,0.0,0.0,0.0,0.0,0.0,0.0,0.0,0.0,0.0,0.0,0.0,0.0,0.0,0.0,0.0,0.0,0.0,0.0,0.0,0.68,0.7458
128,0.001,3,10,100,256,16,256,184,440338,73,30,ContrastiveLoss,gru,/home/dpetrovitch/dzagcoffee/train_trace/gender/checkpoints_2025-10-07 19:53:20.141369_ContrastiveLoss_gru_catboost/model_128_0.001_3_10_100_256_256_16_256_ContrastiveLoss_gruepoch=15.ckpt,15,30,0.46692824,89.9832,1.6664,0.0003,5.3662,1.2256,14.4968,0.6668,1686.7908,82.0463,308.7636,15.0184,290.5919,14.1345,280.2883,13.6334,266.3071,12.9533,254.6608,12.3868,226.5156,11.0178,66.7344,3.6017,12.2156,0.6593,11.4967,0.6205,11.089,0.5985,10.5359,0.5686,10.0751,0.5438,8.9616,0.4837,0.0,0.0,0.0,0.0,0.0,0.0,0.0,0.0,0.0,0.0,0.0,0.0,0.0,0.0,0.0,0.0,0.0,0.0,0.0,0.0,0.0,0.0,0.0,0.0,0.0,0.0,0.0,0.0,0.0,0.0,0.0,0.0,0.0,0.0,0.0,0.72,0.7596
128,0.001,3,10,100,256,16,256,184,440338,73,30,ContrastiveLoss,gru,/home/dpetrovitch/dzagcoffee/train_trace/gender/checkpoints_2025-10-07 19:53:20.141369_ContrastiveLoss_gru_catboost/model_128_0.001_3_10_100_256_256_16_256_ContrastiveLoss_gruepoch=16.ckpt,16,30,0.4651465,89.817,1.6474,0.0003,5.3931,1.2204,14.8419,0.6712,1686.702,81.9676,309.2771,15.0297,291.2776,14.155,280.9164,13.6515,266.9109,12.9709,255.3137,12.4073,226.9241,11.0277,63.7384,3.5271,11.6872,0.6467,11.007,0.6091,10.6155,0.5874,10.0862,0.5581,9.648,0.5339,8.5752,0.4745,0.0,0.0,0.0,0.0,0.0,0.0,0.0,0.0,0.0,0.0,0.0,0.0,0.0,0.0,0.0,0.0,0.0,0.0,0.0,0.0,0.0,0.0,0.0,0.0,0.0,0.0,0.0,0.0,0.0,0.0,0.0,0.0,0.0,0.0,0.0,0.712,0.7653
128,0.001,3,10,100,256,16,256,184,440338,73,30,ContrastiveLoss,gru,/home/dpetrovitch/dzagcoffee/train_trace/gender/checkpoints_2025-10-07 19:53:20.141369_ContrastiveLoss_gru_catboost/model_128_0.001_3_10_100_256_256_16_256_ContrastiveLoss_gruepoch=17.ckpt,17,30,0.46590307,91.3895,1.6672,0.0003,5.3797,1.2305,14.2415,0.6609,1717.219,83.495,310.5938,15.1018,292.5849,14.2261,282.2482,13.7235,268.4442,13.0524,256.7285,12.4827,226.7251,11.0239,65.723,3.548,11.8873,0.6417,11.1981,0.6045,10.8025,0.5832,10.2742,0.5546,9.8258,0.5304,8.6774,0.4684,0.0,0.0,0.0,0.0,0.0,0.0,0.0,0.0,0.0,0.0,0.0,0.0,0.0,0.0,0.0,0.0,0.0,0.0,0.0,0.0,0.0,0.0,0.0,0.0,0.0,0.0,0.0,0.0,0.0,0.0,0.0,0.0,0.0,0.0,0.0,0.708,0.774
128,0.001,3,10,100,256,16,256,184,440338,73,30,ContrastiveLoss,gru,/home/dpetrovitch/dzagcoffee/train_trace/gender/checkpoints_2025-10-07 19:53:20.141369_ContrastiveLoss_gru_catboost/model_128_0.001_3_10_100_256_256_16_256_ContrastiveLoss_gruepoch=18.ckpt,18,30,0.4634789,91.0651,1.6724,0.0003,5.4027,1.2242,14.4441,0.6681,1706.622,83.0052,310.7779,15.1153,292.7514,14.2386,282.3742,13.7339,268.4405,13.0562,256.8248,12.4912,227.0673,11.0439,65.2958,3.5748,11.8904,0.651,11.2007,0.6132,10.8037,0.5915,10.2706,0.5623,9.8262,0.538,8.6877,0.4756,0.0,0.0,0.0,0.0,0.0,0.0,0.0,0.0,0.0,0.0,0.0,0.0,0.0,0.0,0.0,0.0,0.0,0.0,0.0,0.0,0.0,0.0,0.0,0.0,0.0,0.0,0.0,0.0,0.0,0.0,0.0,0.0,0.0,0.0,0.0,0.708,0.7596
128,0.001,3,10,100,256,16,256,184,440338,73,30,ContrastiveLoss,gru,/home/dpetrovitch/dzagcoffee/train_trace/gender/checkpoints_2025-10-07 19:53:20.141369_ContrastiveLoss_gru_catboost/model_128_0.001_3_10_100_256_256_16_256_ContrastiveLoss_gruepoch=19.ckpt,19,30,0.468316,90.7398,1.6726,0.0003,5.4075,1.2202,13.9881,0.6719,1704.3315,82.8823,311.0265,15.1253,292.7777,14.2379,282.3273,13.7297,268.1169,13.0386,256.4103,12.4693,227.1488,11.0463,66.0036,3.5153,12.0451,0.6415,11.3384,0.6039,10.9337,0.5823,10.3834,0.553,9.93,0.5289,8.7968,0.4685,0.0,0.0,0.0,0.0,0.0,0.0,0.0,0.0,0.0,0.0,0.0,0.0,0.0,0.0,0.0,0.0,0.0,0.0,0.0,0.0,0.0,0.0,0.0,0.0,0.0,0.0,0.0,0.0,0.0,0.0,0.0,0.0,0.0,0.0,0.0,0.692,0.7564
128,0.001,3,10,100,256,16,256,184,440338,73,30,ContrastiveLoss,gru,/home/dpetrovitch/dzagcoffee/train_trace/gender/checkpoints_2025-10-07 19:53:20.141369_ContrastiveLoss_gru_catboost/model_128_0.001_3_10_100_256_256_16_256_ContrastiveLoss_gruepoch=20.ckpt,20,30,0.46780196,91.7325,1.6665,0.0003,5.4132,1.2275,15.0693,0.6635,1720.0698,83.5925,311.5203,15.1394,293.648,14.2708,283.488,13.777,269.6475,13.1044,258.3262,12.5542,228.9808,11.1281,66.9064,3.6372,12.1174,0.6587,11.4222,0.6209,11.027,0.5995,10.4886,0.5702,10.0482,0.5462,8.9068,0.4842,0.0,0.0,0.0,0.0,0.0,0.0,0.0,0.0,0.0,0.0,0.0,0.0,0.0,0.0,0.0,0.0,0.0,0.0,0.0,0.0,0.0,0.0,0.0,0.0,0.0,0.0,0.0,0.0,0.0,0.0,0.0,0.0,0.0,0.0,0.0,0.692,0.7437
128,0.001,3,10,100,256,16,256,184,440338,73,30,ContrastiveLoss,gru,/home/dpetrovitch/dzagcoffee/train_trace/gender/checkpoints_2025-10-07 19:53:20.141369_ContrastiveLoss_gru_catboost/model_128_0.001_3_10_100_256_256_16_256_ContrastiveLoss_gruepoch=21.ckpt,21,30,0.47337583,91.1404,1.6705,0.0002,5.3998,1.2171,15.2214,0.6752,1697.1732,82.5137,311.5794,15.1485,293.6032,14.2745,283.2663,13.7719,268.8654,13.0718,256.8977,12.4899,226.2983,11.0022,61.6328,3.377,11.315,0.62,10.6622,0.5842,10.2868,0.5636,9.7638,0.535,9.3292,0.5112,8.218,0.4503,0.0,0.0,0.0,0.0,0.0,0.0,0.0,0.0,0.0,0.0,0.0,0.0,0.0,0.0,0.0,0.0,0.0,0.0,0.0,0.0,0.0,0.0,0.0,0.0,0.0,0.0,0.0,0.0,0.0,0.0,0.0,0.0,0.0,0.0,0.0,0.696,0.7649
128,0.001,3,10,100,256,16,256,184,440338,73,30,ContrastiveLoss,gru,/home/dpetrovitch/dzagcoffee/train_trace/gender/checkpoints_2025-10-07 19:53:20.141369_ContrastiveLoss_gru_catboost/model_128_0.001_3_10_100_256_256_16_256_ContrastiveLoss_gruepoch=22.ckpt,22,30,0.46982363,91.1858,1.6584,0.0002,5.4198,1.2202,15.1253,0.6715,1706.4316,82.9021,311.1366,15.1157,293.3461,14.2514,283.0762,13.7525,269.1694,13.0768,257.4631,12.5081,229.1198,11.1311,64.185,3.4973,11.703,0.6377,11.0338,0.6012,10.6475,0.5802,10.1244,0.5517,9.6841,0.5277,8.618,0.4696,0.0,0.0,0.0,0.0,0.0,0.0,0.0,0.0,0.0,0.0,0.0,0.0,0.0,0.0,0.0,0.0,0.0,0.0,0.0,0.0,0.0,0.0,0.0,0.0,0.0,0.0,0.0,0.0,0.0,0.0,0.0,0.0,0.0,0.0,0.0,0.724,0.7711
128,0.001,3,10,100,256,16,256,184,440338,73,30,ContrastiveLoss,gru,/home/dpetrovitch/dzagcoffee/train_trace/gender/checkpoints_2025-10-07 19:53:20.141369_ContrastiveLoss_gru_catboost/model_128_0.001_3_10_100_256_256_16_256_ContrastiveLoss_gruepoch=23.ckpt,23,30,0.46765637,90.8336,1.6721,0.0002,5.4226,1.212,14.7204,0.6808,1696.3431,82.4663,312.1037,15.1727,294.1619,14.3004,283.7328,13.7934,269.5407,13.1035,257.5749,12.5218,227.8767,11.078,64.3835,3.4865,11.8457,0.6415,11.1647,0.6046,10.7689,0.5832,10.2302,0.554,9.7761,0.5294,8.6489,0.4684,0.0,0.0,0.0,0.0,0.0,0.0,0.0,0.0,0.0,0.0,0.0,0.0,0.0,0.0,0.0,0.0,0.0,0.0,0.0,0.0,0.0,0.0,0.0,0.0,0.0,0.0,0.0,0.0,0.0,0.0,0.0,0.0,0.0,0.0,0.0,0.688,0.7364
128,0.001,3,10,100,256,16,256,184,440338,73,30,ContrastiveLoss,gru,/home/dpetrovitch/dzagcoffee/train_trace/gender/checkpoints_2025-10-07 19:53:20.141369_ContrastiveLoss_gru_catboost/model_128_0.001_3_10_100_256_256_16_256_ContrastiveLoss_gruepoch=24.ckpt,24,30,0.4697437,90.7154,1.6584,0.0002,5.4257,1.2156,15.3224,0.6763,1705.3,82.8483,311.0304,15.1107,293.281,14.2484,283.0197,13.7499,269.1337,13.0753,257.6041,12.5151,228.8448,11.1179,64.7664,3.5314,11.8128,0.6441,11.1387,0.6073,10.7489,0.5861,10.2216,0.5573,9.7837,0.5335,8.6914,0.4739,0.0,0.0,0.0,0.0,0.0,0.0,0.0,0.0,0.0,0.0,0.0,0.0,0.0,0.0,0.0,0.0,0.0,0.0,0.0,0.0,0.0,0.0,0.0,0.0,0.0,0.0,0.0,0.0,0.0,0.0,0.0,0.0,0.0,0.0,0.0,0.696,0.759
128,0.001,3,10,100,256,16,256,184,440338,73,30,ContrastiveLoss,gru,/home/dpetrovitch/dzagcoffee/train_trace/gender/checkpoints_2025-10-07 19:53:20.141369_ContrastiveLoss_gru_catboost/model_128_0.001_3_10_100_256_256_16_256_ContrastiveLoss_gruepoch=25.ckpt,25,30,0.46993503,91.4012,1.6666,0.0003,5.4035,1.2198,14.0001,0.6719,1708.448,83.0482,310.7059,15.1035,292.6212,14.2244,282.2979,13.7226,268.4487,13.0494,256.7377,12.4801,227.6149,11.0644,61.9063,3.4228,11.2586,0.6225,10.6033,0.5863,10.2292,0.5656,9.7274,0.5378,9.303,0.5144,8.2477,0.456,0.0,0.0,0.0,0.0,0.0,0.0,0.0,0.0,0.0,0.0,0.0,0.0,0.0,0.0,0.0,0.0,0.0,0.0,0.0,0.0,0.0,0.0,0.0,0.0,0.0,0.0,0.0,0.0,0.0,0.0,0.0,0.0,0.0,0.0,0.0,0.704,0.7389
128,0.001,3,10,100,256,16,256,184,440338,73,30,ContrastiveLoss,gru,/home/dpetrovitch/dzagcoffee/train_trace/gender/checkpoints_2025-10-07 19:53:20.141369_ContrastiveLoss_gru_catboost/model_128_0.001_3_10_100_256_256_16_256_ContrastiveLoss_gruepoch=26.ckpt,26,30,0.46869862,90.5061,1.6577,0.0003,5.4373,1.2086,15.1333,0.6844,1689.4893,82.1284,311.5242,15.1436,293.7282,14.2785,283.452,13.779,269.3374,13.0929,257.6925,12.5268,227.9914,11.083,62.705,3.485,11.5622,0.6426,10.9017,0.6059,10.5203,0.5847,9.9964,0.5556,9.5642,0.5315,8.4619,0.4703,0.0,0.0,0.0,0.0,0.0,0.0,0.0,0.0,0.0,0.0,0.0,0.0,0.0,0.0,0.0,0.0,0.0,0.0,0.0,0.0,0.0,0.0,0.0,0.0,0.0,0.0,0.0,0.0,0.0,0.0,0.0,0.0,0.0,0.0,0.0,0.72,0.7705
128,0.001,3,10,100,256,16,256,184,440338,73,30,ContrastiveLoss,gru,/home/dpetrovitch/dzagcoffee/train_trace/gender/checkpoints_2025-10-07 19:53:20.141369_ContrastiveLoss_gru_catboost/model_128_0.001_3_10_100_256_256_16_256_ContrastiveLoss_gruepoch=27.ckpt,27,30,0.46780202,92.0365,1.6713,0.0003,5.4012,1.2226,15.2301,0.6688,1723.5054,83.7605,312.2936,15.1771,294.4078,14.3079,284.2107,13.8123,270.4024,13.1413,258.9854,12.5864,229.3618,11.1467,66.2935,3.6017,12.0122,0.6526,11.3242,0.6152,10.932,0.5939,10.4008,0.5651,9.9617,0.5412,8.8222,0.4793,0.0,0.0,0.0,0.0,0.0,0.0,0.0,0.0,0.0,0.0,0.0,0.0,0.0,0.0,0.0,0.0,0.0,0.0,0.0,0.0,0.0,0.0,0.0,0.0,0.0,0.0,0.0,0.0,0.0,0.0,0.0,0.0,0.0,0.0,0.0,0.692,0.7497
128,0.001,3,10,100,256,16,256,184,440338,73,30,ContrastiveLoss,gru,/home/dpetrovitch/dzagcoffee/train_trace/gender/checkpoints_2025-10-07 19:53:20.141369_ContrastiveLoss_gru_catboost/model_128_0.001_3_10_100_256_256_16_256_ContrastiveLoss_gruepoch=28.ckpt,28,30,0.47097442,91.2369,1.6644,0.0003,5.4334,1.2152,15.0697,0.6769,1706.5778,82.9545,312.0043,15.1661,294.1625,14.2989,283.9171,13.8008,270.0685,13.1277,258.6296,12.5716,228.731,11.1183,62.155,3.4799,11.3635,0.6362,10.7136,0.5998,10.3405,0.5789,9.8361,0.5507,9.4195,0.5274,8.3306,0.4664,0.0,0.0,0.0,0.0,0.0,0.0,0.0,0.0,0.0,0.0,0.0,0.0,0.0,0.0,0.0,0.0,0.0,0.0,0.0,0.0,0.0,0.0,0.0,0.0,0.0,0.0,0.0,0.0,0.0,0.0,0.0,0.0,0.0,0.0,0.0,0.7,0.7598
128,0.001,3,10,100,256,16,256,184,440338,73,30,ContrastiveLoss,gru,/home/dpetrovitch/dzagcoffee/train_trace/gender/checkpoints_2025-10-07 19:53:20.141369_ContrastiveLoss_gru_catboost/model_128_0.001_3_10_100_256_256_16_256_ContrastiveLoss_gruepoch=29.ckpt,29,30,0.4635931,90.5904,1.6671,0.0002,5.4503,1.2074,15.2323,0.6858,1690.738,82.167,312.4198,15.1831,294.6315,14.3186,284.3615,13.8195,270.3636,13.1392,258.7926,12.5769,229.048,11.1313,61.6415,3.4592,11.3903,0.6392,10.7418,0.6028,10.3673,0.5818,9.857,0.5532,9.4351,0.5295,8.3507,0.4686,0.0,0.0,0.0,0.0,0.0,0.0,0.0,0.0,0.0,0.0,0.0,0.0,0.0,0.0,0.0,0.0,0.0,0.0,0.0,0.0,0.0,0.0,0.0,0.0,0.0,0.0,0.0,0.0,0.0,0.0,0.0,0.0,0.0,0.0,0.0,0.688,0.7594
128,0.001,3,10,100,512,16,256,184,440338,73,30,ContrastiveLoss,gru,/home/dpetrovitch/dzagcoffee/train_trace/gender/checkpoints_2025-10-07 19:53:20.141369_ContrastiveLoss_gru_catboost/model_128_0.001_3_10_100_256_512_16_256_ContrastiveLoss_gruepoch=00.ckpt,0,30,0.42251173,93.355,1.6212,0.0004,4.4763,1.2534,10.8022,0.6392,1597.7183,77.7459,291.2379,14.1718,269.8292,13.1301,257.5036,12.5303,241.2936,11.7415,226.9195,11.042,166.8121,8.1172,62.2676,3.5457,11.3504,0.6463,10.516,0.5988,10.0356,0.5715,9.4039,0.5355,8.8437,0.5036,6.5011,0.3702,0.0,0.0,0.0,0.0,0.0,0.0,0.0,0.0,0.0,0.0,0.0,0.0,0.0,0.0,0.0,0.0,0.0,0.0,0.0,0.0,0.0,0.0,0.0,0.0,0.0,0.0,0.0,0.0,0.0,0.0,0.0,0.0,0.0,0.0,0.0,0.692,0.7034
128,0.001,3,10,100,512,16,256,184,440338,73,30,ContrastiveLoss,gru,/home/dpetrovitch/dzagcoffee/train_trace/gender/checkpoints_2025-10-07 19:53:20.141369_ContrastiveLoss_gru_catboost/model_128_0.001_3_10_100_256_512_16_256_ContrastiveLoss_gruepoch=01.ckpt,1,30,0.44694865,94.7747,1.62,0.0003,4.9694,1.2567,11.9897,0.6345,1727.5256,83.9618,297.8463,14.476,278.1702,13.5197,267.1052,12.9819,251.521,12.2245,237.4579,11.541,194.8431,9.4698,66.6193,3.8184,11.486,0.6583,10.7272,0.6148,10.3005,0.5904,9.6995,0.5559,9.1572,0.5249,7.5138,0.4307,0.0,0.0,0.0,0.0,0.0,0.0,0.0,0.0,0.0,0.0,0.0,0.0,0.0,0.0,0.0,0.0,0.0,0.0,0.0,0.0,0.0,0.0,0.0,0.0,0.0,0.0,0.0,0.0,0.0,0.0,0.0,0.0,0.0,0.0,0.0,0.692,0.7003
128,0.001,3,10,100,512,16,256,184,440338,73,30,ContrastiveLoss,gru,/home/dpetrovitch/dzagcoffee/train_trace/gender/checkpoints_2025-10-07 19:53:20.141369_ContrastiveLoss_gru_catboost/model_128_0.001_3_10_100_256_512_16_256_ContrastiveLoss_gruepoch=02.ckpt,2,30,0.4516116,96.8951,1.6206,0.0003,5.1254,1.2446,12.2947,0.6468,1789.4806,86.9901,304.6603,14.8101,285.2389,13.866,274.0657,13.3229,258.1893,12.5511,244.3036,11.8761,211.3866,10.2759,68.8733,3.852,11.7257,0.6558,10.9782,0.614,10.5482,0.5899,9.9372,0.5558,9.4027,0.5259,8.1358,0.455,0.0,0.0,0.0,0.0,0.0,0.0,0.0,0.0,0.0,0.0,0.0,0.0,0.0,0.0,0.0,0.0,0.0,0.0,0.0,0.0,0.0,0.0,0.0,0.0,0.0,0.0,0.0,0.0,0.0,0.0,0.0,0.0,0.0,0.0,0.0,0.692,0.7101
128,0.001,3,10,100,512,16,256,184,440338,73,30,ContrastiveLoss,gru,/home/dpetrovitch/dzagcoffee/train_trace/gender/checkpoints_2025-10-07 19:53:20.141369_ContrastiveLoss_gru_catboost/model_128_0.001_3_10_100_256_512_16_256_ContrastiveLoss_gruepoch=03.ckpt,3,30,0.46220246,96.358,1.6397,0.0002,5.3259,1.2248,13.3223,0.6678,1791.6451,87.1471,305.2463,14.8474,286.4615,13.9337,275.5218,13.4016,260.5311,12.6725,247.2231,12.0251,214.0452,10.4113,64.2836,3.7846,10.9521,0.6448,10.2781,0.6051,9.8856,0.582,9.3478,0.5503,8.8703,0.5222,7.6799,0.4521,0.0,0.0,0.0,0.0,0.0,0.0,0.0,0.0,0.0,0.0,0.0,0.0,0.0,0.0,0.0,0.0,0.0,0.0,0.0,0.0,0.0,0.0,0.0,0.0,0.0,0.0,0.0,0.0,0.0,0.0,0.0,0.0,0.0,0.0,0.0,0.708,0.7435
128,0.001,3,10,100,512,16,256,184,440338,73,30,ContrastiveLoss,gru,/home/dpetrovitch/dzagcoffee/train_trace/gender/checkpoints_2025-10-07 19:53:20.141369_ContrastiveLoss_gru_catboost/model_128_0.001_3_10_100_256_512_16_256_ContrastiveLoss_gruepoch=04.ckpt,4,30,0.4657689,98.7722,1.6317,0.0003,5.4077,1.2299,13.6917,0.6612,1855.7756,90.171,310.1185,15.0685,291.7347,14.1752,280.7017,13.6391,265.6075,12.9057,252.0115,12.2451,220.9966,10.7381,57.6811,3.4282,9.6391,0.5729,9.0677,0.5389,8.7248,0.5185,8.2556,0.4907,7.833,0.4655,6.869,0.4082,0.0,0.0,0.0,0.0,0.0,0.0,0.0,0.0,0.0,0.0,0.0,0.0,0.0,0.0,0.0,0.0,0.0,0.0,0.0,0.0,0.0,0.0,0.0,0.0,0.0,0.0,0.0,0.0,0.0,0.0,0.0,0.0,0.0,0.0,0.0,0.7,0.7118
128,0.001,3,10,100,512,16,256,184,440338,73,30,ContrastiveLoss,gru,/home/dpetrovitch/dzagcoffee/train_trace/gender/checkpoints_2025-10-07 19:53:20.141369_ContrastiveLoss_gru_catboost/model_128_0.001_3_10_100_256_512_16_256_ContrastiveLoss_gruepoch=05.ckpt,5,30,0.4609147,99.5012,1.6431,0.0002,5.4191,1.228,14.7688,0.6634,1860.2021,90.4172,311.0419,15.1185,292.5946,14.2219,281.9726,13.7056,267.0543,12.9805,253.6364,12.3283,220.6721,10.726,59.6722,3.5147,9.9777,0.5877,9.386,0.5528,9.0452,0.5328,8.5667,0.5046,8.1362,0.4792,7.0788,0.4169,0.0,0.0,0.0,0.0,0.0,0.0,0.0,0.0,0.0,0.0,0.0,0.0,0.0,0.0,0.0,0.0,0.0,0.0,0.0,0.0,0.0,0.0,0.0,0.0,0.0,0.0,0.0,0.0,0.0,0.0,0.0,0.0,0.0,0.0,0.0,0.684,0.7117
128,0.001,3,10,100,512,16,256,184,440338,73,30,ContrastiveLoss,gru,/home/dpetrovitch/dzagcoffee/train_trace/gender/checkpoints_2025-10-07 19:53:20.141369_ContrastiveLoss_gru_catboost/model_128_0.001_3_10_100_256_512_16_256_ContrastiveLoss_gruepoch=06.ckpt,6,30,0.46471238,101.4654,1.6741,0.0003,5.406,1.237,14.9071,0.6544,1904.1418,92.6098,312.7166,15.2093,294.4698,14.3218,283.8546,13.8055,268.8647,13.0765,256.2955,12.4652,226.1842,11.0007,58.5559,3.5404,9.6166,0.5814,9.0555,0.5475,8.7291,0.5278,8.2681,0.4999,7.8816,0.4765,6.9556,0.4205,0.0,0.0,0.0,0.0,0.0,0.0,0.0,0.0,0.0,0.0,0.0,0.0,0.0,0.0,0.0,0.0,0.0,0.0,0.0,0.0,0.0,0.0,0.0,0.0,0.0,0.0,0.0,0.0,0.0,0.0,0.0,0.0,0.0,0.0,0.0,0.716,0.7273
128,0.001,3,10,100,512,16,256,184,440338,73,30,ContrastiveLoss,gru,/home/dpetrovitch/dzagcoffee/train_trace/gender/checkpoints_2025-10-07 19:53:20.141369_ContrastiveLoss_gru_catboost/model_128_0.001_3_10_100_256_512_16_256_ContrastiveLoss_gruepoch=07.ckpt,7,30,0.4661344,100.7442,1.6216,0.0002,5.462,1.2292,14.0519,0.6619,1896.236,92.1412,312.0943,15.1652,294.0389,14.2878,283.3103,13.7665,268.6214,13.0528,256.1063,12.4446,226.6732,11.0144,54.2462,3.3731,8.9282,0.5552,8.4117,0.523,8.1047,0.504,7.6845,0.4778,7.3265,0.4556,6.4845,0.4032,0.0,0.0,0.0,0.0,0.0,0.0,0.0,0.0,0.0,0.0,0.0,0.0,0.0,0.0,0.0,0.0,0.0,0.0,0.0,0.0,0.0,0.0,0.0,0.0,0.0,0.0,0.0,0.0,0.0,0.0,0.0,0.0,0.0,0.0,0.0,0.68,0.7234
128,0.001,3,10,100,512,16,256,184,440338,73,30,ContrastiveLoss,gru,/home/dpetrovitch/dzagcoffee/train_trace/gender/checkpoints_2025-10-07 19:53:20.141369_ContrastiveLoss_gru_catboost/model_128_0.001_3_10_100_256_512_16_256_ContrastiveLoss_gruepoch=08.ckpt,8,30,0.46635142,99.9786,1.6561,0.0002,5.6247,1.2184,15.0179,0.6739,1888.2017,91.7824,314.1727,15.2714,295.7463,14.3757,284.7909,13.8432,269.4909,13.0995,256.2023,12.4536,224.0902,10.8927,50.5339,3.1417,8.4082,0.5227,7.9151,0.4921,7.6219,0.4739,7.2124,0.4484,6.8567,0.4263,5.9973,0.3729,0.0,0.0,0.0,0.0,0.0,0.0,0.0,0.0,0.0,0.0,0.0,0.0,0.0,0.0,0.0,0.0,0.0,0.0,0.0,0.0,0.0,0.0,0.0,0.0,0.0,0.0,0.0,0.0,0.0,0.0,0.0,0.0,0.0,0.0,0.0,0.664,0.7303
128,0.001,3,10,100,512,16,256,184,440338,73,30,ContrastiveLoss,gru,/home/dpetrovitch/dzagcoffee/train_trace/gender/checkpoints_2025-10-07 19:53:20.141369_ContrastiveLoss_gru_catboost/model_128_0.001_3_10_100_256_512_16_256_ContrastiveLoss_gruepoch=09.ckpt,9,30,0.46559188,100.1242,1.677,0.0002,5.5931,1.2168,15.3109,0.6761,1883.9454,91.6955,314.1071,15.2882,295.8627,14.4002,285.0319,13.8731,270.0828,13.1455,256.7513,12.4966,226.1225,11.0058,53.2067,3.3447,8.8711,0.5577,8.3558,0.5253,8.0499,0.506,7.6277,0.4795,7.2512,0.4558,6.3862,0.4015,0.0,0.0,0.0,0.0,0.0,0.0,0.0,0.0,0.0,0.0,0.0,0.0,0.0,0.0,0.0,0.0,0.0,0.0,0.0,0.0,0.0,0.0,0.0,0.0,0.0,0.0,0.0,0.0,0.0,0.0,0.0,0.0,0.0,0.0,0.0,0.708,0.7158
128,0.001,3,10,100,512,16,256,184,440338,73,30,ContrastiveLoss,gru,/home/dpetrovitch/dzagcoffee/train_trace/gender/checkpoints_2025-10-07 19:53:20.141369_ContrastiveLoss_gru_catboost/model_128_0.001_3_10_100_256_512_16_256_ContrastiveLoss_gruepoch=10.ckpt,10,30,0.47054037,101.0805,1.6433,0.0002,5.6059,1.2244,15.8327,0.6668,1916.489,93.1235,315.3788,15.3245,297.4844,14.455,286.685,13.9302,272.308,13.2316,259.8846,12.628,229.8333,11.1678,51.3306,3.214,8.447,0.5289,7.9677,0.4989,7.6785,0.4808,7.2934,0.4567,6.9607,0.4358,6.1558,0.3854,0.0,0.0,0.0,0.0,0.0,0.0,0.0,0.0,0.0,0.0,0.0,0.0,0.0,0.0,0.0,0.0,0.0,0.0,0.0,0.0,0.0,0.0,0.0,0.0,0.0,0.0,0.0,0.0,0.0,0.0,0.0,0.0,0.0,0.0,0.0,0.7,0.733
128,0.001,3,10,100,512,16,256,184,440338,73,30,ContrastiveLoss,gru,/home/dpetrovitch/dzagcoffee/train_trace/gender/checkpoints_2025-10-07 19:53:20.141369_ContrastiveLoss_gru_catboost/model_128_0.001_3_10_100_256_512_16_256_ContrastiveLoss_gruepoch=11.ckpt,11,30,0.46689686,100.9911,1.6682,0.0002,5.5735,1.219,15.3963,0.6733,1898.6342,92.3363,315.745,15.3556,297.833,14.4845,287.0401,13.9596,272.2715,13.2414,259.3659,12.6137,228.4431,11.1099,52.754,3.3107,8.773,0.5506,8.2754,0.5193,7.9755,0.5005,7.5651,0.4748,7.2065,0.4523,6.3473,0.3983,0.0,0.0,0.0,0.0,0.0,0.0,0.0,0.0,0.0,0.0,0.0,0.0,0.0,0.0,0.0,0.0,0.0,0.0,0.0,0.0,0.0,0.0,0.0,0.0,0.0,0.0,0.0,0.0,0.0,0.0,0.0,0.0,0.0,0.0,0.0,0.68,0.7365
128,0.001,3,10,100,512,16,256,184,440338,73,30,ContrastiveLoss,gru,/home/dpetrovitch/dzagcoffee/train_trace/gender/checkpoints_2025-10-07 19:53:20.141369_ContrastiveLoss_gru_catboost/model_128_0.001_3_10_100_256_512_16_256_ContrastiveLoss_gruepoch=12.ckpt,12,30,0.4694439,98.8627,1.5968,0.0002,5.698,1.2045,16.3757,0.6888,1861.5288,90.4442,316.1108,15.3586,297.9181,14.4746,286.9706,13.9427,272.0872,13.2196,259.1186,12.5895,232.0126,11.2726,47.4369,3.0231,8.0554,0.5134,7.5918,0.4838,7.3128,0.466,6.9335,0.4419,6.6031,0.4208,5.9123,0.3768,0.0,0.0,0.0,0.0,0.0,0.0,0.0,0.0,0.0,0.0,0.0,0.0,0.0,0.0,0.0,0.0,0.0,0.0,0.0,0.0,0.0,0.0,0.0,0.0,0.0,0.0,0.0,0.0,0.0,0.0,0.0,0.0,0.0,0.0,0.0,0.696,0.7481
128,0.001,3,10,100,512,16,256,184,440338,73,30,ContrastiveLoss,gru,/home/dpetrovitch/dzagcoffee/train_trace/gender/checkpoints_2025-10-07 19:53:20.141369_ContrastiveLoss_gru_catboost/model_128_0.001_3_10_100_256_512_16_256_ContrastiveLoss_gruepoch=13.ckpt,13,30,0.4697951,100.3479,1.6723,0.0002,5.6338,1.2168,15.5891,0.6752,1905.426,92.5675,316.6212,15.3818,298.7217,14.5122,287.8017,13.9817,272.9545,13.2604,260.3103,12.6461,231.5751,11.2502,50.5946,3.2108,8.4072,0.5335,7.9319,0.5034,7.642,0.485,7.2477,0.46,6.912,0.4386,6.149,0.3902,0.0,0.0,0.0,0.0,0.0,0.0,0.0,0.0,0.0,0.0,0.0,0.0,0.0,0.0,0.0,0.0,0.0,0.0,0.0,0.0,0.0,0.0,0.0,0.0,0.0,0.0,0.0,0.0,0.0,0.0,0.0,0.0,0.0,0.0,0.0,0.704,0.7409
128,0.001,3,10,100,512,16,256,184,440338,73,30,ContrastiveLoss,gru,/home/dpetrovitch/dzagcoffee/train_trace/gender/checkpoints_2025-10-07 19:53:20.141369_ContrastiveLoss_gru_catboost/model_128_0.001_3_10_100_256_512_16_256_ContrastiveLoss_gruepoch=14.ckpt,14,30,0.46665415,100.9361,1.6662,0.0002,5.6446,1.2196,15.6608,0.6727,1916.3033,93.1824,317.1366,15.4211,299.0846,14.5433,288.3049,14.0192,273.2386,13.2865,260.1282,12.649,228.7004,11.1208,50.6582,3.1668,8.3836,0.5241,7.9064,0.4942,7.6215,0.4764,7.2232,0.4515,6.8766,0.4299,6.0458,0.3779,0.0,0.0,0.0,0.0,0.0,0.0,0.0,0.0,0.0,0.0,0.0,0.0,0.0,0.0,0.0,0.0,0.0,0.0,0.0,0.0,0.0,0.0,0.0,0.0,0.0,0.0,0.0,0.0,0.0,0.0,0.0,0.0,0.0,0.0,0.0,0.708,0.7451
128,0.001,3,10,100,512,16,256,184,440338,73,30,ContrastiveLoss,gru,/home/dpetrovitch/dzagcoffee/train_trace/gender/checkpoints_2025-10-07 19:53:20.141369_ContrastiveLoss_gru_catboost/model_128_0.001_3_10_100_256_512_16_256_ContrastiveLoss_gruepoch=15.ckpt,15,30,0.46723378,101.2993,1.6568,0.0002,5.6292,1.2238,15.1377,0.6677,1923.2836,93.4658,316.1391,15.3634,298.2208,14.4926,287.3724,13.9654,272.5421,13.2447,259.9103,12.6309,229.6731,11.1614,53.8052,3.2146,8.8442,0.5284,8.3429,0.4985,8.0395,0.4803,7.6246,0.4555,7.2712,0.4344,6.4253,0.3839,0.0,0.0,0.0,0.0,0.0,0.0,0.0,0.0,0.0,0.0,0.0,0.0,0.0,0.0,0.0,0.0,0.0,0.0,0.0,0.0,0.0,0.0,0.0,0.0,0.0,0.0,0.0,0.0,0.0,0.0,0.0,0.0,0.0,0.0,0.0,0.688,0.7593
128,0.001,3,10,100,512,16,256,184,440338,73,30,ContrastiveLoss,gru,/home/dpetrovitch/dzagcoffee/train_trace/gender/checkpoints_2025-10-07 19:53:20.141369_ContrastiveLoss_gru_catboost/model_128_0.001_3_10_100_256_512_16_256_ContrastiveLoss_gruepoch=16.ckpt,16,30,0.4659802,101.118,1.6458,0.0002,5.6621,1.2185,15.7807,0.6731,1920.5592,93.2894,317.3757,15.4162,299.5719,14.5514,288.7547,14.026,273.7015,13.2948,260.9824,12.677,234.7929,11.4048,51.8925,3.1741,8.5753,0.5245,8.0943,0.4951,7.802,0.4772,7.3953,0.4523,7.0516,0.4313,6.344,0.388,0.0,0.0,0.0,0.0,0.0,0.0,0.0,0.0,0.0,0.0,0.0,0.0,0.0,0.0,0.0,0.0,0.0,0.0,0.0,0.0,0.0,0.0,0.0,0.0,0.0,0.0,0.0,0.0,0.0,0.0,0.0,0.0,0.0,0.0,0.0,0.68,0.7384
128,0.001,3,10,100,512,16,256,184,440338,73,30,ContrastiveLoss,gru,/home/dpetrovitch/dzagcoffee/train_trace/gender/checkpoints_2025-10-07 19:53:20.141369_ContrastiveLoss_gru_catboost/model_128_0.001_3_10_100_256_512_16_256_ContrastiveLoss_gruepoch=17.ckpt,17,30,0.4685501,101.3052,1.6516,0.0002,5.6378,1.2207,15.5703,0.6714,1932.4135,93.9359,316.926,15.406,298.7473,14.5223,287.8587,13.993,272.9245,13.267,260.4861,12.6624,231.0912,11.2335,53.8306,3.2864,8.8285,0.539,8.3221,0.5081,8.0188,0.4896,7.6028,0.4642,7.2563,0.443,6.4374,0.393,0.0,0.0,0.0,0.0,0.0,0.0,0.0,0.0,0.0,0.0,0.0,0.0,0.0,0.0,0.0,0.0,0.0,0.0,0.0,0.0,0.0,0.0,0.0,0.0,0.0,0.0,0.0,0.0,0.0,0.0,0.0,0.0,0.0,0.0,0.0,0.684,0.74
128,0.001,3,10,100,512,16,256,184,440338,73,30,ContrastiveLoss,gru,/home/dpetrovitch/dzagcoffee/train_trace/gender/checkpoints_2025-10-07 19:53:20.141369_ContrastiveLoss_gru_catboost/model_128_0.001_3_10_100_256_512_16_256_ContrastiveLoss_gruepoch=18.ckpt,18,30,0.47064888,99.5903,1.6645,0.0002,5.714,1.2041,16.3791,0.6895,1889.7961,91.8601,318.4677,15.4802,300.0846,14.5866,289.1094,14.0532,273.9443,13.316,260.78,12.6761,228.2701,11.0959,50.6962,3.0764,8.5433,0.5184,8.0502,0.4885,7.7557,0.4706,7.3489,0.446,6.9958,0.4245,6.1236,0.3716,0.0,0.0,0.0,0.0,0.0,0.0,0.0,0.0,0.0,0.0,0.0,0.0,0.0,0.0,0.0,0.0,0.0,0.0,0.0,0.0,0.0,0.0,0.0,0.0,0.0,0.0,0.0,0.0,0.0,0.0,0.0,0.0,0.0,0.0,0.0,0.692,0.745
128,0.001,3,10,100,512,16,256,184,440338,73,30,ContrastiveLoss,gru,/home/dpetrovitch/dzagcoffee/train_trace/gender/checkpoints_2025-10-07 19:53:20.141369_ContrastiveLoss_gru_catboost/model_128_0.001_3_10_100_256_512_16_256_ContrastiveLoss_gruepoch=19.ckpt,19,30,0.46779057,100.1767,1.6759,0.0002,5.6899,1.2089,16.695,0.6847,1899.5717,92.4212,318.2395,15.4835,299.7351,14.5832,288.6455,14.0437,273.2671,13.2955,259.5801,12.6295,227.6352,11.0753,48.0615,3.0548,8.0518,0.5118,7.5837,0.482,7.3031,0.4642,6.914,0.4395,6.5677,0.4174,5.7595,0.3661,0.0,0.0,0.0,0.0,0.0,0.0,0.0,0.0,0.0,0.0,0.0,0.0,0.0,0.0,0.0,0.0,0.0,0.0,0.0,0.0,0.0,0.0,0.0,0.0,0.0,0.0,0.0,0.0,0.0,0.0,0.0,0.0,0.0,0.0,0.0,0.692,0.7445
128,0.001,3,10,100,512,16,256,184,440338,73,30,ContrastiveLoss,gru,/home/dpetrovitch/dzagcoffee/train_trace/gender/checkpoints_2025-10-07 19:53:20.141369_ContrastiveLoss_gru_catboost/model_128_0.001_3_10_100_256_512_16_256_ContrastiveLoss_gruepoch=20.ckpt,20,30,0.47076023,100.7318,1.6671,0.0002,5.6597,1.2115,16.3117,0.6807,1913.2834,92.9625,317.7534,15.439,299.8617,14.5697,288.9827,14.0411,274.0301,13.3146,260.8976,12.6765,231.2945,11.2381,50.5679,3.1562,8.3982,0.5242,7.9253,0.4947,7.6378,0.4767,7.2426,0.452,6.8955,0.4304,6.1131,0.3815,0.0,0.0,0.0,0.0,0.0,0.0,0.0,0.0,0.0,0.0,0.0,0.0,0.0,0.0,0.0,0.0,0.0,0.0,0.0,0.0,0.0,0.0,0.0,0.0,0.0,0.0,0.0,0.0,0.0,0.0,0.0,0.0,0.0,0.0,0.0,0.708,0.7584
128,0.001,3,10,100,512,16,256,184,440338,73,30,ContrastiveLoss,gru,/home/dpetrovitch/dzagcoffee/train_trace/gender/checkpoints_2025-10-07 19:53:20.141369_ContrastiveLoss_gru_catboost/model_128_0.001_3_10_100_256_512_16_256_ContrastiveLoss_gruepoch=21.ckpt,21,30,0.46819603,100.6368,1.6701,0.0002,5.6714,1.2109,16.3404,0.6815,1915.2588,93.0593,318.1243,15.4571,300.1072,14.5817,289.2861,14.0559,274.4296,13.3341,261.3274,12.6975,230.3866,11.1941,47.2096,2.986,7.8415,0.496,7.3974,0.4679,7.1307,0.451,6.7645,0.4279,6.4415,0.4074,5.6788,0.3592,0.0,0.0,0.0,0.0,0.0,0.0,0.0,0.0,0.0,0.0,0.0,0.0,0.0,0.0,0.0,0.0,0.0,0.0,0.0,0.0,0.0,0.0,0.0,0.0,0.0,0.0,0.0,0.0,0.0,0.0,0.0,0.0,0.0,0.0,0.0,0.72,0.7681
128,0.001,3,10,100,512,16,256,184,440338,73,30,ContrastiveLoss,gru,/home/dpetrovitch/dzagcoffee/train_trace/gender/checkpoints_2025-10-07 19:53:20.141369_ContrastiveLoss_gru_catboost/model_128_0.001_3_10_100_256_512_16_256_ContrastiveLoss_gruepoch=22.ckpt,22,30,0.46814466,100.0778,1.6597,0.0002,5.6902,1.207,16.0277,0.6858,1897.9324,92.2524,317.4049,15.428,299.454,14.5555,288.4836,14.0223,273.2806,13.2833,260.0898,12.6421,228.2575,11.0949,45.4583,2.917,7.6023,0.4878,7.1724,0.4602,6.9096,0.4434,6.5455,0.42,6.2295,0.3997,5.4671,0.3508,0.0,0.0,0.0,0.0,0.0,0.0,0.0,0.0,0.0,0.0,0.0,0.0,0.0,0.0,0.0,0.0,0.0,0.0,0.0,0.0,0.0,0.0,0.0,0.0,0.0,0.0,0.0,0.0,0.0,0.0,0.0,0.0,0.0,0.0,0.0,0.7,0.7433
128,0.001,3,10,100,512,16,256,184,440338,73,30,ContrastiveLoss,gru,/home/dpetrovitch/dzagcoffee/train_trace/gender/checkpoints_2025-10-07 19:53:20.141369_ContrastiveLoss_gru_catboost/model_128_0.001_3_10_100_256_512_16_256_ContrastiveLoss_gruepoch=23.ckpt,23,30,0.47028622,100.2549,1.6536,0.0002,5.6765,1.2096,15.975,0.6828,1912.6226,92.9243,317.9378,15.4469,299.9619,14.5736,289.123,14.047,274.3915,13.3312,261.4003,12.7001,233.236,11.3317,47.7508,3.0527,7.9377,0.5075,7.4889,0.4788,7.2183,0.4615,6.8505,0.438,6.5262,0.4172,5.823,0.3723,0.0,0.0,0.0,0.0,0.0,0.0,0.0,0.0,0.0,0.0,0.0,0.0,0.0,0.0,0.0,0.0,0.0,0.0,0.0,0.0,0.0,0.0,0.0,0.0,0.0,0.0,0.0,0.0,0.0,0.0,0.0,0.0,0.0,0.0,0.0,0.688,0.7458
128,0.001,3,10,100,512,16,256,184,440338,73,30,ContrastiveLoss,gru,/home/dpetrovitch/dzagcoffee/train_trace/gender/checkpoints_2025-10-07 19:53:20.141369_ContrastiveLoss_gru_catboost/model_128_0.001_3_10_100_256_512_16_256_ContrastiveLoss_gruepoch=24.ckpt,24,30,0.47085443,100.5241,1.6285,0.0002,5.6888,1.2109,16.1758,0.6816,1911.6448,92.8865,318.023,15.4527,300.01,14.5774,289.2039,14.0524,274.2582,13.3262,261.1213,12.6878,230.5028,11.2001,49.3179,3.0567,8.2046,0.5085,7.7399,0.4797,7.4611,0.4624,7.0755,0.4385,6.7366,0.4175,5.9467,0.3686,0.0,0.0,0.0,0.0,0.0,0.0,0.0,0.0,0.0,0.0,0.0,0.0,0.0,0.0,0.0,0.0,0.0,0.0,0.0,0.0,0.0,0.0,0.0,0.0,0.0,0.0,0.0,0.0,0.0,0.0,0.0,0.0,0.0,0.0,0.0,0.704,0.7505
128,0.001,3,10,100,512,16,256,184,440338,73,30,ContrastiveLoss,gru,/home/dpetrovitch/dzagcoffee/train_trace/gender/checkpoints_2025-10-07 19:53:20.141369_ContrastiveLoss_gru_catboost/model_128_0.001_3_10_100_256_512_16_256_ContrastiveLoss_gruepoch=25.ckpt,25,30,0.47244206,100.0903,1.6455,0.0002,5.6822,1.2071,16.43,0.6862,1902.8077,92.4918,318.2278,15.4684,300.0142,14.5831,289.0031,14.0479,274.1063,13.3238,260.8565,12.6797,229.3875,11.1501,50.318,3.1196,8.4152,0.5217,7.9336,0.4919,7.6424,0.4738,7.2485,0.4494,6.8981,0.4277,6.0659,0.3761,0.0,0.0,0.0,0.0,0.0,0.0,0.0,0.0,0.0,0.0,0.0,0.0,0.0,0.0,0.0,0.0,0.0,0.0,0.0,0.0,0.0,0.0,0.0,0.0,0.0,0.0,0.0,0.0,0.0,0.0,0.0,0.0,0.0,0.0,0.0,0.728,0.7617
128,0.001,3,10,100,512,16,256,184,440338,73,30,ContrastiveLoss,gru,/home/dpetrovitch/dzagcoffee/train_trace/gender/checkpoints_2025-10-07 19:53:20.141369_ContrastiveLoss_gru_catboost/model_128_0.001_3_10_100_256_512_16_256_ContrastiveLoss_gruepoch=26.ckpt,26,30,0.47137415,101.4258,1.6417,0.0002,5.6246,1.217,15.8821,0.6748,1928.5104,93.6884,318.0014,15.4487,300.0712,14.5777,289.2984,14.0543,274.5359,13.3372,261.6913,12.7131,231.0504,11.2246,51.5974,3.1873,8.5081,0.5256,8.0284,0.4959,7.7402,0.4781,7.3452,0.4537,7.0016,0.4325,6.1818,0.3819,0.0,0.0,0.0,0.0,0.0,0.0,0.0,0.0,0.0,0.0,0.0,0.0,0.0,0.0,0.0,0.0,0.0,0.0,0.0,0.0,0.0,0.0,0.0,0.0,0.0,0.0,0.0,0.0,0.0,0.0,0.0,0.0,0.0,0.0,0.0,0.72,0.7386
128,0.001,3,10,100,512,16,256,184,440338,73,30,ContrastiveLoss,gru,/home/dpetrovitch/dzagcoffee/train_trace/gender/checkpoints_2025-10-07 19:53:20.141369_ContrastiveLoss_gru_catboost/model_128_0.001_3_10_100_256_512_16_256_ContrastiveLoss_gruepoch=27.ckpt,27,30,0.47058606,100.0831,1.6241,0.0002,5.6769,1.2059,16.5357,0.6868,1907.0999,92.6464,318.8783,15.491,300.7663,14.6112,290.0327,14.0897,275.0836,13.3635,262.0129,12.7285,233.3524,11.3362,47.8775,3.086,8.0054,0.516,7.5507,0.4867,7.2812,0.4693,6.9059,0.4451,6.5778,0.424,5.8583,0.3776,0.0,0.0,0.0,0.0,0.0,0.0,0.0,0.0,0.0,0.0,0.0,0.0,0.0,0.0,0.0,0.0,0.0,0.0,0.0,0.0,0.0,0.0,0.0,0.0,0.0,0.0,0.0,0.0,0.0,0.0,0.0,0.0,0.0,0.0,0.0,0.708,0.7674
128,0.001,3,10,100,512,16,256,184,440338,73,30,ContrastiveLoss,gru,/home/dpetrovitch/dzagcoffee/train_trace/gender/checkpoints_2025-10-07 19:53:20.141369_ContrastiveLoss_gru_catboost/model_128_0.001_3_10_100_256_512_16_256_ContrastiveLoss_gruepoch=28.ckpt,28,30,0.47128847,100.036,1.6667,0.0002,5.6925,1.2063,15.6923,0.6869,1909.0483,92.7737,319.0514,15.5049,300.9619,14.6258,290.1532,14.1005,274.9457,13.3615,261.4223,12.7043,228.9884,11.1281,49.5444,3.1201,8.2801,0.5215,7.8107,0.4919,7.5302,0.4742,7.1355,0.4494,6.7845,0.4273,5.9428,0.3743,0.0,0.0,0.0,0.0,0.0,0.0,0.0,0.0,0.0,0.0,0.0,0.0,0.0,0.0,0.0,0.0,0.0,0.0,0.0,0.0,0.0,0.0,0.0,0.0,0.0,0.0,0.0,0.0,0.0,0.0,0.0,0.0,0.0,0.0,0.0,0.708,0.7603
128,0.001,3,10,100,512,16,256,184,440338,73,30,ContrastiveLoss,gru,/home/dpetrovitch/dzagcoffee/train_trace/gender/checkpoints_2025-10-07 19:53:20.141369_ContrastiveLoss_gru_catboost/model_128_0.001_3_10_100_256_512_16_256_ContrastiveLoss_gruepoch=29.ckpt,29,30,0.46963516,100.3869,1.6679,0.0002,5.6676,1.2105,15.4552,0.6818,1919.8376,93.3189,317.6805,15.4417,299.7786,14.5715,288.8921,14.0424,273.9867,13.3179,260.6089,12.6676,227.9602,11.0806,49.5239,3.0872,8.1948,0.5108,7.733,0.4821,7.4522,0.4646,7.0677,0.4406,6.7226,0.4191,5.8804,0.3666,0.0,0.0,0.0,0.0,0.0,0.0,0.0,0.0,0.0,0.0,0.0,0.0,0.0,0.0,0.0,0.0,0.0,0.0,0.0,0.0,0.0,0.0,0.0,0.0,0.0,0.0,0.0,0.0,0.0,0.0,0.0,0.0,0.0,0.0,0.0,0.7,0.7601
128,0.001,3,10,100,1024,16,256,184,440338,73,30,ContrastiveLoss,gru,/home/dpetrovitch/dzagcoffee/train_trace/gender/checkpoints_2025-10-07 19:53:20.141369_ContrastiveLoss_gru_catboost/model_128_0.001_3_10_100_256_1024_16_256_ContrastiveLoss_gruepoch=00.ckpt,0,30,0.43909335,95.7644,1.677,1e-04,5.7126,1.24,11.1413,0.6498,1977.163,95.9383,301.5259,14.631,282.842,13.7244,272.3284,13.2142,257.8618,12.5123,245.2546,11.9005,189.0704,9.1743,80.6694,4.3625,12.3024,0.6653,11.5401,0.6241,11.1112,0.6009,10.5209,0.569,10.0065,0.5411,7.7142,0.4172,0.0,0.0,0.0,0.0,0.0,0.0,0.0,0.0,0.0,0.0,0.0,0.0,0.0,0.0,0.0,0.0,0.0,0.0,0.0,0.0,0.0,0.0,0.0,0.0,0.0,0.0,0.0,0.0,0.0,0.0,0.0,0.0,0.0,0.0,0.0,0.652,0.6617
128,0.001,3,10,100,1024,16,256,184,440338,73,30,ContrastiveLoss,gru,/home/dpetrovitch/dzagcoffee/train_trace/gender/checkpoints_2025-10-07 19:53:20.141369_ContrastiveLoss_gru_catboost/model_128_0.001_3_10_100_256_1024_16_256_ContrastiveLoss_gruepoch=01.ckpt,1,30,0.45072642,96.1504,1.6701,1e-04,5.812,1.2229,12.3802,0.6678,1986.5784,96.3655,306.0902,14.8479,288.3137,13.9856,278.2063,13.4953,264.3561,12.8235,250.9884,12.175,200.0024,9.7018,77.4704,4.3231,11.9366,0.6661,11.2433,0.6274,10.8492,0.6054,10.3091,0.5753,9.7878,0.5462,7.7995,0.4352,0.0,0.0,0.0,0.0,0.0,0.0,0.0,0.0,0.0,0.0,0.0,0.0,0.0,0.0,0.0,0.0,0.0,0.0,0.0,0.0,0.0,0.0,0.0,0.0,0.0,0.0,0.0,0.0,0.0,0.0,0.0,0.0,0.0,0.0,0.0,0.66,0.704
128,0.001,3,10,100,1024,16,256,184,440338,73,30,ContrastiveLoss,gru,/home/dpetrovitch/dzagcoffee/train_trace/gender/checkpoints_2025-10-07 19:53:20.141369_ContrastiveLoss_gru_catboost/model_128_0.001_3_10_100_256_1024_16_256_ContrastiveLoss_gruepoch=02.ckpt,2,30,0.4550953,99.5433,1.6674,0.0002,5.8086,1.2362,14.3359,0.6539,2078.1458,100.7686,310.9308,15.0769,293.3622,14.225,283.5284,13.7482,269.5635,13.071,256.3307,12.4294,214.1027,10.3818,69.5239,4.1417,10.4021,0.6197,9.8144,0.5847,9.4854,0.5651,9.0182,0.5372,8.5755,0.5109,7.1628,0.4267,0.0,0.0,0.0,0.0,0.0,0.0,0.0,0.0,0.0,0.0,0.0,0.0,0.0,0.0,0.0,0.0,0.0,0.0,0.0,0.0,0.0,0.0,0.0,0.0,0.0,0.0,0.0,0.0,0.0,0.0,0.0,0.0,0.0,0.0,0.0,0.688,0.7425
128,0.001,3,10,100,1024,16,256,184,440338,73,30,ContrastiveLoss,gru,/home/dpetrovitch/dzagcoffee/train_trace/gender/checkpoints_2025-10-07 19:53:20.141369_ContrastiveLoss_gru_catboost/model_128_0.001_3_10_100_256_1024_16_256_ContrastiveLoss_gruepoch=03.ckpt,3,30,0.46329895,100.493,1.6631,1e-04,5.8598,1.2357,14.3618,0.6545,2100.7136,101.9028,313.7943,15.2217,296.5542,14.3854,286.5044,13.8979,272.2317,13.2056,258.228,12.5263,219.2159,10.6339,69.4894,4.1248,10.38,0.6161,9.8097,0.5823,9.4773,0.5626,9.0051,0.5345,8.5419,0.507,7.2514,0.4304,0.0,0.0,0.0,0.0,0.0,0.0,0.0,0.0,0.0,0.0,0.0,0.0,0.0,0.0,0.0,0.0,0.0,0.0,0.0,0.0,0.0,0.0,0.0,0.0,0.0,0.0,0.0,0.0,0.0,0.0,0.0,0.0,0.0,0.0,0.0,0.712,0.7424
128,0.001,3,10,100,1024,16,256,184,440338,73,30,ContrastiveLoss,gru,/home/dpetrovitch/dzagcoffee/train_trace/gender/checkpoints_2025-10-07 19:53:20.141369_ContrastiveLoss_gru_catboost/model_128_0.001_3_10_100_256_1024_16_256_ContrastiveLoss_gruepoch=04.ckpt,4,30,0.46125734,100.1912,1.6553,0.0002,5.959,1.2292,14.7849,0.6614,2100.6687,101.8684,314.3222,15.2425,297.3595,14.4199,287.3464,13.9344,273.3318,13.2548,260.41,12.6281,227.3881,11.0268,58.9176,3.5845,8.8158,0.5363,8.3401,0.5074,8.0592,0.4903,7.6662,0.4664,7.3037,0.4443,6.3776,0.388,0.0,0.0,0.0,0.0,0.0,0.0,0.0,0.0,0.0,0.0,0.0,0.0,0.0,0.0,0.0,0.0,0.0,0.0,0.0,0.0,0.0,0.0,0.0,0.0,0.0,0.0,0.0,0.0,0.0,0.0,0.0,0.0,0.0,0.0,0.0,0.708,0.7441
128,0.001,3,10,100,1024,16,256,184,440338,73,30,ContrastiveLoss,gru,/home/dpetrovitch/dzagcoffee/train_trace/gender/checkpoints_2025-10-07 19:53:20.141369_ContrastiveLoss_gru_catboost/model_128_0.001_3_10_100_256_1024_16_256_ContrastiveLoss_gruepoch=05.ckpt,5,30,0.46818182,100.1268,1.6617,1e-04,5.9543,1.2286,14.6726,0.6622,2088.404,101.2788,313.5114,15.204,296.371,14.3727,286.4217,13.8902,272.7768,13.2285,260.5585,12.636,227.9911,11.0566,67.3492,3.9478,10.1105,0.5926,9.5577,0.5602,9.2369,0.5414,8.7968,0.5156,8.4028,0.4925,7.3525,0.431,0.0,0.0,0.0,0.0,0.0,0.0,0.0,0.0,0.0,0.0,0.0,0.0,0.0,0.0,0.0,0.0,0.0,0.0,0.0,0.0,0.0,0.0,0.0,0.0,0.0,0.0,0.0,0.0,0.0,0.0,0.0,0.0,0.0,0.0,0.0,0.7,0.7047
128,0.001,3,10,100,1024,16,256,184,440338,73,30,ContrastiveLoss,gru,/home/dpetrovitch/dzagcoffee/train_trace/gender/checkpoints_2025-10-07 19:53:20.141369_ContrastiveLoss_gru_catboost/model_128_0.001_3_10_100_256_1024_16_256_ContrastiveLoss_gruepoch=06.ckpt,6,30,0.4662286,99.5045,1.6415,0.0002,5.9153,1.2141,14.9529,0.6782,2052.339,99.5885,315.7341,15.3208,298.271,14.4734,288.0979,13.9798,273.7523,13.2837,260.9619,12.663,226.6819,10.9996,60.3987,3.6294,9.2918,0.5584,8.7779,0.5275,8.4785,0.5095,8.0563,0.4841,7.6799,0.4615,6.6711,0.4009,0.0,0.0,0.0,0.0,0.0,0.0,0.0,0.0,0.0,0.0,0.0,0.0,0.0,0.0,0.0,0.0,0.0,0.0,0.0,0.0,0.0,0.0,0.0,0.0,0.0,0.0,0.0,0.0,0.0,0.0,0.0,0.0,0.0,0.0,0.0,0.692,0.7477
128,0.001,3,10,100,1024,16,256,184,440338,73,30,ContrastiveLoss,gru,/home/dpetrovitch/dzagcoffee/train_trace/gender/checkpoints_2025-10-07 19:53:20.141369_ContrastiveLoss_gru_catboost/model_128_0.001_3_10_100_256_1024_16_256_ContrastiveLoss_gruepoch=07.ckpt,7,30,0.4659574,101.3564,1.6759,0.0002,5.8962,1.2312,14.0094,0.6593,2119.8884,102.8187,316.5136,15.3515,299.2986,14.5166,289.2982,14.0315,275.4086,13.3578,262.8402,12.7483,229.1876,11.116,67.15,3.8272,10.026,0.5714,9.4806,0.5403,9.1639,0.5223,8.7239,0.4972,8.3258,0.4745,7.2598,0.4138,0.0,0.0,0.0,0.0,0.0,0.0,0.0,0.0,0.0,0.0,0.0,0.0,0.0,0.0,0.0,0.0,0.0,0.0,0.0,0.0,0.0,0.0,0.0,0.0,0.0,0.0,0.0,0.0,0.0,0.0,0.0,0.0,0.0,0.0,0.0,0.724,0.746
128,0.001,3,10,100,1024,16,256,184,440338,73,30,ContrastiveLoss,gru,/home/dpetrovitch/dzagcoffee/train_trace/gender/checkpoints_2025-10-07 19:53:20.141369_ContrastiveLoss_gru_catboost/model_128_0.001_3_10_100_256_1024_16_256_ContrastiveLoss_gruepoch=08.ckpt,8,30,0.46431836,98.9702,1.606,0.0002,6.0315,1.2123,15.7037,0.68,2047.4512,99.3146,316.3731,15.3461,299.1568,14.511,289.098,14.0231,275.5425,13.3656,263.2686,12.7702,235.4214,11.4195,55.8489,3.4375,8.6298,0.5312,8.1602,0.5023,7.8858,0.4854,7.5161,0.4626,7.1813,0.442,6.4217,0.3952,0.0,0.0,0.0,0.0,0.0,0.0,0.0,0.0,0.0,0.0,0.0,0.0,0.0,0.0,0.0,0.0,0.0,0.0,0.0,0.0,0.0,0.0,0.0,0.0,0.0,0.0,0.0,0.0,0.0,0.0,0.0,0.0,0.0,0.0,0.0,0.704,0.716
128,0.001,3,10,100,1024,16,256,184,440338,73,30,ContrastiveLoss,gru,/home/dpetrovitch/dzagcoffee/train_trace/gender/checkpoints_2025-10-07 19:53:20.141369_ContrastiveLoss_gru_catboost/model_128_0.001_3_10_100_256_1024_16_256_ContrastiveLoss_gruepoch=09.ckpt,9,30,0.46728802,98.5597,1.6524,1e-04,6.0449,1.2,16.173,0.6942,2005.5288,97.3514,317.7682,15.4249,300.1633,14.5704,289.8304,14.0688,275.3443,13.3656,261.6738,12.702,226.8589,11.0121,56.0744,3.3036,8.8848,0.5234,8.3925,0.4944,8.1036,0.4774,7.6986,0.4536,7.3164,0.431,6.343,0.3737,0.0,0.0,0.0,0.0,0.0,0.0,0.0,0.0,0.0,0.0,0.0,0.0,0.0,0.0,0.0,0.0,0.0,0.0,0.0,0.0,0.0,0.0,0.0,0.0,0.0,0.0,0.0,0.0,0.0,0.0,0.0,0.0,0.0,0.0,0.0,0.716,0.749
128,0.001,3,10,100,1024,16,256,184,440338,73,30,ContrastiveLoss,gru,/home/dpetrovitch/dzagcoffee/train_trace/gender/checkpoints_2025-10-07 19:53:20.141369_ContrastiveLoss_gru_catboost/model_128_0.001_3_10_100_256_1024_16_256_ContrastiveLoss_gruepoch=10.ckpt,10,30,0.46585175,99.3054,1.676,1e-04,6.0211,1.2126,14.9998,0.6798,2043.878,99.1892,316.5096,15.3602,299.4817,14.5338,289.3935,14.0442,275.7657,13.3829,263.5626,12.7907,231.8221,11.2503,57.7718,3.5344,8.9464,0.5473,8.4651,0.5179,8.1799,0.5004,7.7947,0.4769,7.4498,0.4558,6.5526,0.4009,0.0,0.0,0.0,0.0,0.0,0.0,0.0,0.0,0.0,0.0,0.0,0.0,0.0,0.0,0.0,0.0,0.0,0.0,0.0,0.0,0.0,0.0,0.0,0.0,0.0,0.0,0.0,0.0,0.0,0.0,0.0,0.0,0.0,0.0,0.0,0.704,0.7369
128,0.001,3,10,100,1024,16,256,184,440338,73,30,ContrastiveLoss,gru,/home/dpetrovitch/dzagcoffee/train_trace/gender/checkpoints_2025-10-07 19:53:20.141369_ContrastiveLoss_gru_catboost/model_128_0.001_3_10_100_256_1024_16_256_ContrastiveLoss_gruepoch=11.ckpt,11,30,0.4661658,100.22,1.6652,0.0002,5.9396,1.2174,15.9765,0.6741,2066.1968,100.2676,318.0788,15.4356,300.7779,14.596,290.8257,14.1131,277.0178,13.443,264.7383,12.8471,233.1004,11.3118,60.6212,3.626,9.3323,0.5582,8.8247,0.5278,8.5327,0.5104,8.1276,0.4861,7.7673,0.4646,6.839,0.4091,0.0,0.0,0.0,0.0,0.0,0.0,0.0,0.0,0.0,0.0,0.0,0.0,0.0,0.0,0.0,0.0,0.0,0.0,0.0,0.0,0.0,0.0,0.0,0.0,0.0,0.0,0.0,0.0,0.0,0.0,0.0,0.0,0.0,0.0,0.0,0.724,0.75
128,0.001,3,10,100,1024,16,256,184,440338,73,30,ContrastiveLoss,gru,/home/dpetrovitch/dzagcoffee/train_trace/gender/checkpoints_2025-10-07 19:53:20.141369_ContrastiveLoss_gru_catboost/model_128_0.001_3_10_100_256_1024_16_256_ContrastiveLoss_gruepoch=12.ckpt,12,30,0.4664885,98.6216,1.6627,0.0002,5.9941,1.2046,16.0755,0.6888,2017.4423,97.9019,317.6571,15.4152,300.4517,14.5802,290.4161,14.0932,276.4469,13.4153,264.2798,12.8249,232.5021,11.2828,58.8676,3.5513,9.269,0.5592,8.767,0.5289,8.4741,0.5112,8.0665,0.4866,7.7115,0.4652,6.7843,0.4093,0.0,0.0,0.0,0.0,0.0,0.0,0.0,0.0,0.0,0.0,0.0,0.0,0.0,0.0,0.0,0.0,0.0,0.0,0.0,0.0,0.0,0.0,0.0,0.0,0.0,0.0,0.0,0.0,0.0,0.0,0.0,0.0,0.0,0.0,0.0,0.72,0.7526
128,0.001,3,10,100,1024,16,256,184,440338,73,30,ContrastiveLoss,gru,/home/dpetrovitch/dzagcoffee/train_trace/gender/checkpoints_2025-10-07 19:53:20.141369_ContrastiveLoss_gru_catboost/model_128_0.001_3_10_100_256_1024_16_256_ContrastiveLoss_gruepoch=13.ckpt,13,30,0.47393265,100.6802,1.667,0.0002,5.9419,1.222,16.4314,0.669,2081.834,101.0115,317.451,15.4029,300.5794,14.5842,290.7962,14.1096,277.1195,13.446,265.7745,12.8955,233.8862,11.3483,58.7941,3.6158,8.9653,0.5514,8.4888,0.5221,8.2125,0.5051,7.8263,0.4813,7.5059,0.4616,6.6053,0.4062,0.0,0.0,0.0,0.0,0.0,0.0,0.0,0.0,0.0,0.0,0.0,0.0,0.0,0.0,0.0,0.0,0.0,0.0,0.0,0.0,0.0,0.0,0.0,0.0,0.0,0.0,0.0,0.0,0.0,0.0,0.0,0.0,0.0,0.0,0.0,0.708,0.7258
128,0.001,3,10,100,1024,16,256,184,440338,73,30,ContrastiveLoss,gru,/home/dpetrovitch/dzagcoffee/train_trace/gender/checkpoints_2025-10-07 19:53:20.141369_ContrastiveLoss_gru_catboost/model_128_0.001_3_10_100_256_1024_16_256_ContrastiveLoss_gruepoch=14.ckpt,14,30,0.47180247,100.7338,1.6667,0.0002,5.958,1.2168,15.8759,0.6748,2077.344,100.779,319.194,15.4852,302.193,14.6604,292.3399,14.1824,278.5163,13.5118,266.9042,12.9484,233.6546,11.3354,60.822,3.5316,9.3456,0.5426,8.8478,0.5137,8.5593,0.497,8.1546,0.4735,7.8146,0.4537,6.8411,0.3972,0.0,0.0,0.0,0.0,0.0,0.0,0.0,0.0,0.0,0.0,0.0,0.0,0.0,0.0,0.0,0.0,0.0,0.0,0.0,0.0,0.0,0.0,0.0,0.0,0.0,0.0,0.0,0.0,0.0,0.0,0.0,0.0,0.0,0.0,0.0,0.704,0.7362
128,0.001,3,10,100,1024,16,256,184,440338,73,30,ContrastiveLoss,gru,/home/dpetrovitch/dzagcoffee/train_trace/gender/checkpoints_2025-10-07 19:53:20.141369_ContrastiveLoss_gru_catboost/model_128_0.001_3_10_100_256_1024_16_256_ContrastiveLoss_gruepoch=15.ckpt,15,30,0.47024342,99.4672,1.6766,0.0002,6.0017,1.2074,15.6863,0.6859,2026.5063,98.3634,318.6632,15.4674,301.4661,14.6327,291.5284,14.1503,277.4678,13.4678,265.0218,12.8637,230.0464,11.1661,56.2444,3.4511,8.8443,0.5427,8.367,0.5134,8.0912,0.4965,7.7009,0.4725,7.3555,0.4513,6.3848,0.3918,0.0,0.0,0.0,0.0,0.0,0.0,0.0,0.0,0.0,0.0,0.0,0.0,0.0,0.0,0.0,0.0,0.0,0.0,0.0,0.0,0.0,0.0,0.0,0.0,0.0,0.0,0.0,0.0,0.0,0.0,0.0,0.0,0.0,0.0,0.0,0.728,0.754
128,0.001,3,10,100,1024,16,256,184,440338,73,30,ContrastiveLoss,gru,/home/dpetrovitch/dzagcoffee/train_trace/gender/checkpoints_2025-10-07 19:53:20.141369_ContrastiveLoss_gru_catboost/model_128_0.001_3_10_100_256_1024_16_256_ContrastiveLoss_gruepoch=16.ckpt,16,30,0.46956375,100.7854,1.6011,0.0002,6.0178,1.2215,17.1487,0.6696,2088.7666,101.3164,319.4426,15.4947,302.2647,14.6615,292.3156,14.1789,278.6094,13.5141,267.053,12.9535,241.6416,11.7209,58.719,3.6292,8.9801,0.555,8.4972,0.5252,8.2175,0.5079,7.8322,0.4841,7.5073,0.464,6.793,0.4199,0.0,0.0,0.0,0.0,0.0,0.0,0.0,0.0,0.0,0.0,0.0,0.0,0.0,0.0,0.0,0.0,0.0,0.0,0.0,0.0,0.0,0.0,0.0,0.0,0.0,0.0,0.0,0.0,0.0,0.0,0.0,0.0,0.0,0.0,0.0,0.716,0.7716
128,0.001,3,10,100,1024,16,256,184,440338,73,30,ContrastiveLoss,gru,/home/dpetrovitch/dzagcoffee/train_trace/gender/checkpoints_2025-10-07 19:53:20.141369_ContrastiveLoss_gru_catboost/model_128_0.001_3_10_100_256_1024_16_256_ContrastiveLoss_gruepoch=17.ckpt,17,30,0.47195092,99.7809,1.665,0.0002,6.0036,1.2089,15.4014,0.684,2042.46,99.1383,319.6682,15.5163,302.2421,14.6704,292.2292,14.1844,278.184,13.5027,265.9856,12.9106,231.3007,11.227,58.3251,3.4274,9.1285,0.5364,8.6309,0.5072,8.345,0.4904,7.9439,0.4668,7.5956,0.4463,6.6051,0.3881,0.0,0.0,0.0,0.0,0.0,0.0,0.0,0.0,0.0,0.0,0.0,0.0,0.0,0.0,0.0,0.0,0.0,0.0,0.0,0.0,0.0,0.0,0.0,0.0,0.0,0.0,0.0,0.0,0.0,0.0,0.0,0.0,0.0,0.0,0.0,0.732,0.7604
128,0.001,3,10,100,1024,16,256,184,440338,73,30,ContrastiveLoss,gru,/home/dpetrovitch/dzagcoffee/train_trace/gender/checkpoints_2025-10-07 19:53:20.141369_ContrastiveLoss_gru_catboost/model_128_0.001_3_10_100_256_1024_16_256_ContrastiveLoss_gruepoch=18.ckpt,18,30,0.4703262,100.4652,1.6736,1e-04,5.9723,1.2153,14.2568,0.6765,2066.0164,100.2706,317.8313,15.4254,300.4818,14.5834,290.5535,14.1015,276.647,13.4266,264.6419,12.8439,233.0598,11.3112,63.1622,3.6824,9.7167,0.5665,9.1863,0.5356,8.8828,0.5179,8.4576,0.4931,8.0906,0.4717,7.1251,0.4154,0.0,0.0,0.0,0.0,0.0,0.0,0.0,0.0,0.0,0.0,0.0,0.0,0.0,0.0,0.0,0.0,0.0,0.0,0.0,0.0,0.0,0.0,0.0,0.0,0.0,0.0,0.0,0.0,0.0,0.0,0.0,0.0,0.0,0.0,0.0,0.712,0.7505
128,0.001,3,10,100,1024,16,256,184,440338,73,30,ContrastiveLoss,gru,/home/dpetrovitch/dzagcoffee/train_trace/gender/checkpoints_2025-10-07 19:53:20.141369_ContrastiveLoss_gru_catboost/model_128_0.001_3_10_100_256_1024_16_256_ContrastiveLoss_gruepoch=19.ckpt,19,30,0.46821317,99.1243,1.6776,1e-04,6.0381,1.2009,16.9971,0.693,2032.2397,98.6458,320.9432,15.5787,303.8705,14.75,293.9853,14.2702,279.6682,13.5752,267.1957,12.9698,232.5293,11.2871,53.695,3.2849,8.4798,0.5188,8.0287,0.4912,7.7676,0.4752,7.3893,0.4521,7.0597,0.4319,6.1438,0.3759,0.0,0.0,0.0,0.0,0.0,0.0,0.0,0.0,0.0,0.0,0.0,0.0,0.0,0.0,0.0,0.0,0.0,0.0,0.0,0.0,0.0,0.0,0.0,0.0,0.0,0.0,0.0,0.0,0.0,0.0,0.0,0.0,0.0,0.0,0.0,0.708,0.7561
128,0.001,3,10,100,1024,16,256,184,440338,73,30,ContrastiveLoss,gru,/home/dpetrovitch/dzagcoffee/train_trace/gender/checkpoints_2025-10-07 19:53:20.141369_ContrastiveLoss_gru_catboost/model_128_0.001_3_10_100_256_1024_16_256_ContrastiveLoss_gruepoch=20.ckpt,20,30,0.4695952,100.0264,1.6479,1e-04,6.0117,1.2102,16.8078,0.682,2049.2783,99.417,319.7804,15.5136,302.6961,14.6848,292.7779,14.2036,278.8668,13.5287,266.8567,12.9461,235.1482,11.4078,56.341,3.3778,8.7918,0.5271,8.3221,0.4989,8.0494,0.4826,7.6669,0.4597,7.3367,0.4399,6.465,0.3876,0.0,0.0,0.0,0.0,0.0,0.0,0.0,0.0,0.0,0.0,0.0,0.0,0.0,0.0,0.0,0.0,0.0,0.0,0.0,0.0,0.0,0.0,0.0,0.0,0.0,0.0,0.0,0.0,0.0,0.0,0.0,0.0,0.0,0.0,0.0,0.732,0.7785
128,0.001,3,10,100,1024,16,256,184,440338,73,30,ContrastiveLoss,gru,/home/dpetrovitch/dzagcoffee/train_trace/gender/checkpoints_2025-10-07 19:53:20.141369_ContrastiveLoss_gru_catboost/model_128_0.001_3_10_100_256_1024_16_256_ContrastiveLoss_gruepoch=21.ckpt,21,30,0.4724164,99.9018,1.6612,1e-04,6.0064,1.2084,17.1418,0.684,2046.3732,99.2808,320.6945,15.5587,303.4194,14.7205,293.4243,14.2356,279.3593,13.5533,267.0601,12.9566,236.1005,11.4545,55.2476,3.3954,8.6581,0.5321,8.1917,0.5034,7.9218,0.4869,7.5421,0.4635,7.21,0.4431,6.3742,0.3917,0.0,0.0,0.0,0.0,0.0,0.0,0.0,0.0,0.0,0.0,0.0,0.0,0.0,0.0,0.0,0.0,0.0,0.0,0.0,0.0,0.0,0.0,0.0,0.0,0.0,0.0,0.0,0.0,0.0,0.0,0.0,0.0,0.0,0.0,0.0,0.732,0.764
128,0.001,3,10,100,1024,16,256,184,440338,73,30,ContrastiveLoss,gru,/home/dpetrovitch/dzagcoffee/train_trace/gender/checkpoints_2025-10-07 19:53:20.141369_ContrastiveLoss_gru_catboost/model_128_0.001_3_10_100_256_1024_16_256_ContrastiveLoss_gruepoch=22.ckpt,22,30,0.4701492,99.5166,1.6509,1e-04,6.0401,1.2043,15.8419,0.6887,2026.4524,98.3072,320.3292,15.5398,303.2684,14.7121,293.3062,14.2289,279.1548,13.5423,266.7658,12.9413,233.9819,11.3509,58.5236,3.444,9.251,0.5444,8.7583,0.5154,8.4706,0.4985,8.0619,0.4744,7.7041,0.4534,6.7574,0.3977,0.0,0.0,0.0,0.0,0.0,0.0,0.0,0.0,0.0,0.0,0.0,0.0,0.0,0.0,0.0,0.0,0.0,0.0,0.0,0.0,0.0,0.0,0.0,0.0,0.0,0.0,0.0,0.0,0.0,0.0,0.0,0.0,0.0,0.0,0.0,0.752,0.7775
128,0.001,3,10,100,1024,16,256,184,440338,73,30,ContrastiveLoss,gru,/home/dpetrovitch/dzagcoffee/train_trace/gender/checkpoints_2025-10-07 19:53:20.141369_ContrastiveLoss_gru_catboost/model_128_0.001_3_10_100_256_1024_16_256_ContrastiveLoss_gruepoch=23.ckpt,23,30,0.47343007,99.5331,1.6467,1e-04,6.0282,1.2052,15.9544,0.688,2023.2958,98.2074,319.7789,15.5215,302.4179,14.6789,292.3992,14.1926,278.184,13.5026,265.7289,12.898,231.9007,11.2561,54.4493,3.3097,8.6056,0.5231,8.1384,0.4947,7.8688,0.4783,7.4863,0.4551,7.1511,0.4347,6.2407,0.3793,0.0,0.0,0.0,0.0,0.0,0.0,0.0,0.0,0.0,0.0,0.0,0.0,0.0,0.0,0.0,0.0,0.0,0.0,0.0,0.0,0.0,0.0,0.0,0.0,0.0,0.0,0.0,0.0,0.0,0.0,0.0,0.0,0.0,0.0,0.0,0.736,0.7595
128,0.001,3,10,100,1024,16,256,184,440338,73,30,ContrastiveLoss,gru,/home/dpetrovitch/dzagcoffee/train_trace/gender/checkpoints_2025-10-07 19:53:20.141369_ContrastiveLoss_gru_catboost/model_128_0.001_3_10_100_256_1024_16_256_ContrastiveLoss_gruepoch=24.ckpt,24,30,0.47310737,100.2163,1.6393,0.0002,5.9728,1.2118,16.1525,0.68,2041.2556,99.0175,318.847,15.4667,301.9435,14.6467,292.0323,14.1659,278.3759,13.5035,266.4754,12.9262,235.9198,11.444,55.6496,3.3652,8.6926,0.5256,8.2317,0.4978,7.9615,0.4814,7.5892,0.4589,7.2648,0.4393,6.4318,0.3889,0.0,0.0,0.0,0.0,0.0,0.0,0.0,0.0,0.0,0.0,0.0,0.0,0.0,0.0,0.0,0.0,0.0,0.0,0.0,0.0,0.0,0.0,0.0,0.0,0.0,0.0,0.0,0.0,0.0,0.0,0.0,0.0,0.0,0.0,0.0,0.736,0.7689
128,0.001,3,10,100,1024,16,256,184,440338,73,30,ContrastiveLoss,gru,/home/dpetrovitch/dzagcoffee/train_trace/gender/checkpoints_2025-10-07 19:53:20.141369_ContrastiveLoss_gru_catboost/model_128_0.001_3_10_100_256_1024_16_256_ContrastiveLoss_gruepoch=25.ckpt,25,30,0.47118285,99.4108,1.6662,1e-04,6.0188,1.2039,16.5891,0.6896,2021.7014,98.1263,320.2008,15.5414,303.2772,14.72,293.2978,14.2356,279.2374,13.5532,266.775,12.9483,233.7495,11.3454,58.066,3.5026,9.1966,0.5547,8.7105,0.5254,8.4239,0.5081,8.0201,0.4838,7.6621,0.4622,6.7136,0.405,0.0,0.0,0.0,0.0,0.0,0.0,0.0,0.0,0.0,0.0,0.0,0.0,0.0,0.0,0.0,0.0,0.0,0.0,0.0,0.0,0.0,0.0,0.0,0.0,0.0,0.0,0.0,0.0,0.0,0.0,0.0,0.0,0.0,0.0,0.0,0.732,0.7591
128,0.001,3,10,100,1024,16,256,184,440338,73,30,ContrastiveLoss,gru,/home/dpetrovitch/dzagcoffee/train_trace/gender/checkpoints_2025-10-07 19:53:20.141369_ContrastiveLoss_gru_catboost/model_128_0.001_3_10_100_256_1024_16_256_ContrastiveLoss_gruepoch=26.ckpt,26,30,0.47088304,100.0028,1.634,0.0002,6.0211,1.2072,16.5927,0.6848,2048.302,99.3446,320.445,15.5419,303.627,14.7262,293.7643,14.2479,279.9089,13.5759,267.5966,12.9787,241.6684,11.7212,54.2158,3.334,8.4817,0.5216,8.0366,0.4942,7.7755,0.4782,7.4088,0.4556,7.0829,0.4356,6.3966,0.3934,0.0,0.0,0.0,0.0,0.0,0.0,0.0,0.0,0.0,0.0,0.0,0.0,0.0,0.0,0.0,0.0,0.0,0.0,0.0,0.0,0.0,0.0,0.0,0.0,0.0,0.0,0.0,0.0,0.0,0.0,0.0,0.0,0.0,0.0,0.0,0.724,0.7684
128,0.001,3,10,100,1024,16,256,184,440338,73,30,ContrastiveLoss,gru,/home/dpetrovitch/dzagcoffee/train_trace/gender/checkpoints_2025-10-07 19:53:20.141369_ContrastiveLoss_gru_catboost/model_128_0.001_3_10_100_256_1024_16_256_ContrastiveLoss_gruepoch=27.ckpt,27,30,0.46657416,99.4843,1.6476,1e-04,6.0047,1.2051,17.2208,0.6875,2029.8026,98.4608,319.7603,15.5108,302.5673,14.6768,292.7255,14.1994,278.6719,13.5177,266.1585,12.9107,238.0665,11.548,57.2264,3.4784,9.015,0.548,8.5303,0.5185,8.2528,0.5016,7.8566,0.4776,7.5038,0.4561,6.7118,0.408,0.0,0.0,0.0,0.0,0.0,0.0,0.0,0.0,0.0,0.0,0.0,0.0,0.0,0.0,0.0,0.0,0.0,0.0,0.0,0.0,0.0,0.0,0.0,0.0,0.0,0.0,0.0,0.0,0.0,0.0,0.0,0.0,0.0,0.0,0.0,0.732,0.759
128,0.001,3,10,100,1024,16,256,184,440338,73,30,ContrastiveLoss,gru,/home/dpetrovitch/dzagcoffee/train_trace/gender/checkpoints_2025-10-07 19:53:20.141369_ContrastiveLoss_gru_catboost/model_128_0.001_3_10_100_256_1024_16_256_ContrastiveLoss_gruepoch=28.ckpt,28,30,0.46980083,99.4238,1.6648,1e-04,5.9862,1.2053,17.0191,0.6876,2023.298,98.1899,319.6507,15.5125,302.5339,14.6819,292.5197,14.1959,278.2646,13.5041,265.4666,12.883,230.6026,11.1911,57.0449,3.4067,9.0122,0.5382,8.5296,0.5094,8.2473,0.4925,7.8454,0.4685,7.4846,0.447,6.5016,0.3883,0.0,0.0,0.0,0.0,0.0,0.0,0.0,0.0,0.0,0.0,0.0,0.0,0.0,0.0,0.0,0.0,0.0,0.0,0.0,0.0,0.0,0.0,0.0,0.0,0.0,0.0,0.0,0.0,0.0,0.0,0.0,0.0,0.0,0.0,0.0,0.724,0.7848
128,0.001,3,10,100,1024,16,256,184,440338,73,30,ContrastiveLoss,gru,/home/dpetrovitch/dzagcoffee/train_trace/gender/checkpoints_2025-10-07 19:53:20.141369_ContrastiveLoss_gru_catboost/model_128_0.001_3_10_100_256_1024_16_256_ContrastiveLoss_gruepoch=29.ckpt,29,30,0.46959233,99.9817,1.6768,1e-04,5.996,1.2073,16.236,0.685,2039.2512,98.9564,320.1454,15.5353,303.4075,14.7231,293.7612,14.255,280.1112,13.5926,267.7659,12.9936,234.3282,11.371,59.4403,3.5387,9.3316,0.5556,8.8437,0.5265,8.5626,0.5098,8.1647,0.4861,7.8049,0.4647,6.8302,0.4066,0.0,0.0,0.0,0.0,0.0,0.0,0.0,0.0,0.0,0.0,0.0,0.0,0.0,0.0,0.0,0.0,0.0,0.0,0.0,0.0,0.0,0.0,0.0,0.0,0.0,0.0,0.0,0.0,0.0,0.0,0.0,0.0,0.0,0.0,0.0,0.716,0.749
128,0.001,3,10,100,32,4,256,184,440338,73,30,ContrastiveLoss,gru,/home/dpetrovitch/dzagcoffee/train_trace/gender/checkpoints_2025-10-07 19:53:20.141369_ContrastiveLoss_gru_catboost/model_128_0.001_3_10_100_256_32_4_256_ContrastiveLoss_gruepoch=00.ckpt,0,30,0.3012724,39.5355,1.6792,0.0003,5.0493,1.5526,5.6617,0.4428,711.4129,35.5878,212.6714,10.6387,185.7785,9.2934,171.4337,8.5758,152.6345,7.6354,137.0388,6.8552,106.5295,5.329,44.2817,2.8351,13.2377,0.8475,11.5637,0.7403,10.6708,0.6832,9.5007,0.6083,8.5299,0.5461,6.6309,0.4245,0.0,0.0,0.0,0.0,0.0,0.0,0.0,0.0,0.0,0.0,0.0,0.0,0.0,0.0,0.0,0.0,0.0,0.0,0.0,0.0,0.0,0.0,0.0,0.0,0.0,0.0,0.0,0.0,0.0,0.0,0.0,0.0,0.0,0.0,0.0,0.62,0.5792
128,0.001,3,10,100,32,4,256,184,440338,73,30,ContrastiveLoss,gru,/home/dpetrovitch/dzagcoffee/train_trace/gender/checkpoints_2025-10-07 19:53:20.141369_ContrastiveLoss_gru_catboost/model_128_0.001_3_10_100_256_32_4_256_ContrastiveLoss_gruepoch=01.ckpt,1,30,0.33313918,41.5277,1.6784,0.0004,4.7706,1.4788,6.2334,0.4743,877.5699,43.3066,214.609,10.5906,191.9195,9.4709,179.493,8.8577,163.2059,8.0539,149.6011,7.3826,127.5845,6.2961,59.2435,3.6232,14.4879,0.886,12.9562,0.7924,12.1173,0.7411,11.0178,0.6738,10.0994,0.6177,8.613,0.5268,0.0,0.0,0.0,0.0,0.0,0.0,0.0,0.0,0.0,0.0,0.0,0.0,0.0,0.0,0.0,0.0,0.0,0.0,0.0,0.0,0.0,0.0,0.0,0.0,0.0,0.0,0.0,0.0,0.0,0.0,0.0,0.0,0.0,0.0,0.0,0.628,0.6573
128,0.001,3,10,100,32,4,256,184,440338,73,30,ContrastiveLoss,gru,/home/dpetrovitch/dzagcoffee/train_trace/gender/checkpoints_2025-10-07 19:53:20.141369_ContrastiveLoss_gru_catboost/model_128_0.001_3_10_100_256_32_4_256_ContrastiveLoss_gruepoch=02.ckpt,2,30,0.3540353,45.0011,1.6781,0.0004,4.5875,1.4922,5.9283,0.4604,936.725,46.1213,217.5398,10.711,195.2224,9.6121,183.0461,9.0126,167.7382,8.2589,155.8719,7.6746,135.1543,6.6546,75.947,4.3513,17.6375,1.0105,15.8281,0.9068,14.8408,0.8503,13.5997,0.7792,12.6376,0.7241,10.9579,0.6278,0.0,0.0,0.0,0.0,0.0,0.0,0.0,0.0,0.0,0.0,0.0,0.0,0.0,0.0,0.0,0.0,0.0,0.0,0.0,0.0,0.0,0.0,0.0,0.0,0.0,0.0,0.0,0.0,0.0,0.0,0.0,0.0,0.0,0.0,0.0,0.608,0.6451
128,0.001,3,10,100,32,4,256,184,440338,73,30,ContrastiveLoss,gru,/home/dpetrovitch/dzagcoffee/train_trace/gender/checkpoints_2025-10-07 19:53:20.141369_ContrastiveLoss_gru_catboost/model_128_0.001_3_10_100_256_32_4_256_ContrastiveLoss_gruepoch=03.ckpt,3,30,0.37737286,45.9057,1.6784,0.0004,4.4937,1.3688,7.261,0.5394,961.8193,47.2697,225.2225,11.0688,203.7019,10.0112,192.1307,9.4425,177.0329,8.7005,164.7996,8.0993,144.7016,7.1115,74.5289,4.2292,17.4519,0.9903,15.7843,0.8957,14.8877,0.8448,13.7178,0.7784,12.7699,0.7246,11.2126,0.6363,0.0,0.0,0.0,0.0,0.0,0.0,0.0,0.0,0.0,0.0,0.0,0.0,0.0,0.0,0.0,0.0,0.0,0.0,0.0,0.0,0.0,0.0,0.0,0.0,0.0,0.0,0.0,0.0,0.0,0.0,0.0,0.0,0.0,0.0,0.0,0.668,0.6708
128,0.001,3,10,100,32,4,256,184,440338,73,30,ContrastiveLoss,gru,/home/dpetrovitch/dzagcoffee/train_trace/gender/checkpoints_2025-10-07 19:53:20.141369_ContrastiveLoss_gru_catboost/model_128_0.001_3_10_100_256_32_4_256_ContrastiveLoss_gruepoch=04.ckpt,4,30,0.3820444,49.5431,1.6772,0.0005,4.5186,1.3761,7.5901,0.5355,1012.2382,49.5986,232.8173,11.4078,211.7292,10.3745,200.2802,9.8135,185.6301,9.0957,173.9542,8.5236,153.7467,7.5334,77.4166,4.2946,17.806,0.9878,16.1932,0.8983,15.3176,0.8497,14.1971,0.7876,13.3041,0.738,11.7586,0.6523,0.0,0.0,0.0,0.0,0.0,0.0,0.0,0.0,0.0,0.0,0.0,0.0,0.0,0.0,0.0,0.0,0.0,0.0,0.0,0.0,0.0,0.0,0.0,0.0,0.0,0.0,0.0,0.0,0.0,0.0,0.0,0.0,0.0,0.0,0.0,0.692,0.7023
128,0.001,3,10,100,32,4,256,184,440338,73,30,ContrastiveLoss,gru,/home/dpetrovitch/dzagcoffee/train_trace/gender/checkpoints_2025-10-07 19:53:20.141369_ContrastiveLoss_gru_catboost/model_128_0.001_3_10_100_256_32_4_256_ContrastiveLoss_gruepoch=05.ckpt,5,30,0.39532793,51.3214,1.6772,0.0004,4.5523,1.3553,8.0613,0.5479,1055.98,51.7019,242.4077,11.8685,221.1885,10.8296,209.5678,10.2607,194.5785,9.5268,182.5084,8.9358,161.4764,7.9061,79.1044,4.2911,18.159,0.9851,16.5694,0.8988,15.6989,0.8516,14.576,0.7907,13.6719,0.7416,12.0963,0.6562,0.0,0.0,0.0,0.0,0.0,0.0,0.0,0.0,0.0,0.0,0.0,0.0,0.0,0.0,0.0,0.0,0.0,0.0,0.0,0.0,0.0,0.0,0.0,0.0,0.0,0.0,0.0,0.0,0.0,0.0,0.0,0.0,0.0,0.0,0.0,0.648,0.6787
128,0.001,3,10,100,32,4,256,184,440338,73,30,ContrastiveLoss,gru,/home/dpetrovitch/dzagcoffee/train_trace/gender/checkpoints_2025-10-07 19:53:20.141369_ContrastiveLoss_gru_catboost/model_128_0.001_3_10_100_256_32_4_256_ContrastiveLoss_gruepoch=06.ckpt,6,30,0.40602443,49.453,1.6778,0.0004,4.6189,1.2724,9.3743,0.6188,1039.1948,50.8525,247.7339,12.1227,226.5393,11.0856,214.6608,10.5043,199.4141,9.7582,186.6127,9.1318,162.3722,7.9456,72.8226,4.0108,17.3602,0.9561,15.875,0.8743,15.0426,0.8285,13.9741,0.7696,13.0771,0.7202,11.3784,0.6267,0.0,0.0,0.0,0.0,0.0,0.0,0.0,0.0,0.0,0.0,0.0,0.0,0.0,0.0,0.0,0.0,0.0,0.0,0.0,0.0,0.0,0.0,0.0,0.0,0.0,0.0,0.0,0.0,0.0,0.0,0.0,0.0,0.0,0.0,0.0,0.664,0.6999
128,0.001,3,10,100,32,4,256,184,440338,73,30,ContrastiveLoss,gru,/home/dpetrovitch/dzagcoffee/train_trace/gender/checkpoints_2025-10-07 19:53:20.141369_ContrastiveLoss_gru_catboost/model_128_0.001_3_10_100_256_32_4_256_ContrastiveLoss_gruepoch=07.ckpt,7,30,0.4099392,53.7359,1.6746,0.0005,4.5616,1.3391,9.5567,0.5621,1107.9156,54.1187,249.1773,12.1716,228.2171,11.1478,216.5928,10.58,201.2167,9.8289,189.1639,9.2401,168.0085,8.2068,80.8418,4.3958,18.1818,0.9886,16.6524,0.9055,15.8042,0.8594,14.6823,0.7984,13.8028,0.7505,12.2591,0.6666,0.0,0.0,0.0,0.0,0.0,0.0,0.0,0.0,0.0,0.0,0.0,0.0,0.0,0.0,0.0,0.0,0.0,0.0,0.0,0.0,0.0,0.0,0.0,0.0,0.0,0.0,0.0,0.0,0.0,0.0,0.0,0.0,0.0,0.0,0.0,0.66,0.6632
128,0.001,3,10,100,32,4,256,184,440338,73,30,ContrastiveLoss,gru,/home/dpetrovitch/dzagcoffee/train_trace/gender/checkpoints_2025-10-07 19:53:20.141369_ContrastiveLoss_gru_catboost/model_128_0.001_3_10_100_256_32_4_256_ContrastiveLoss_gruepoch=08.ckpt,8,30,0.41808867,53.3836,1.6752,0.0005,4.6183,1.3071,8.4661,0.5878,1108.143,54.1246,253.2399,12.3689,231.8778,11.3255,219.9306,10.742,203.964,9.9621,190.8262,9.3205,167.3101,8.1719,82.1611,4.3429,18.776,0.9925,17.1921,0.9087,16.3063,0.8619,15.1225,0.7993,14.1484,0.7479,12.4049,0.6557,0.0,0.0,0.0,0.0,0.0,0.0,0.0,0.0,0.0,0.0,0.0,0.0,0.0,0.0,0.0,0.0,0.0,0.0,0.0,0.0,0.0,0.0,0.0,0.0,0.0,0.0,0.0,0.0,0.0,0.0,0.0,0.0,0.0,0.0,0.0,0.68,0.7019
128,0.001,3,10,100,32,4,256,184,440338,73,30,ContrastiveLoss,gru,/home/dpetrovitch/dzagcoffee/train_trace/gender/checkpoints_2025-10-07 19:53:20.141369_ContrastiveLoss_gru_catboost/model_128_0.001_3_10_100_256_32_4_256_ContrastiveLoss_gruepoch=09.ckpt,9,30,0.42219198,56.5308,1.6736,0.0006,4.5699,1.346,9.3608,0.5557,1166.7144,56.8829,254.459,12.4061,233.6887,11.3934,221.8687,10.8172,206.5325,10.0694,194.3541,9.4757,172.2181,8.3965,82.959,4.3622,18.0933,0.9514,16.6164,0.8737,15.7759,0.8295,14.6854,0.7722,13.8195,0.7267,12.2455,0.6439,0.0,0.0,0.0,0.0,0.0,0.0,0.0,0.0,0.0,0.0,0.0,0.0,0.0,0.0,0.0,0.0,0.0,0.0,0.0,0.0,0.0,0.0,0.0,0.0,0.0,0.0,0.0,0.0,0.0,0.0,0.0,0.0,0.0,0.0,0.0,0.68,0.6985
128,0.001,3,10,100,32,4,256,184,440338,73,30,ContrastiveLoss,gru,/home/dpetrovitch/dzagcoffee/train_trace/gender/checkpoints_2025-10-07 19:53:20.141369_ContrastiveLoss_gru_catboost/model_128_0.001_3_10_100_256_32_4_256_ContrastiveLoss_gruepoch=10.ckpt,10,30,0.4252987,56.4464,1.6757,0.0005,4.6155,1.3126,9.8246,0.583,1145.1321,55.8693,258.4936,12.6115,238.0796,11.6156,226.808,11.0656,211.337,10.3108,198.5066,9.6848,174.548,8.5159,78.8058,4.1845,17.789,0.9446,16.3842,0.87,15.6085,0.8288,14.5438,0.7723,13.6608,0.7254,12.0121,0.6378,0.0,0.0,0.0,0.0,0.0,0.0,0.0,0.0,0.0,0.0,0.0,0.0,0.0,0.0,0.0,0.0,0.0,0.0,0.0,0.0,0.0,0.0,0.0,0.0,0.0,0.0,0.0,0.0,0.0,0.0,0.0,0.0,0.0,0.0,0.0,0.68,0.6571
128,0.001,3,10,100,32,4,256,184,440338,73,30,ContrastiveLoss,gru,/home/dpetrovitch/dzagcoffee/train_trace/gender/checkpoints_2025-10-07 19:53:20.141369_ContrastiveLoss_gru_catboost/model_128_0.001_3_10_100_256_32_4_256_ContrastiveLoss_gruepoch=11.ckpt,11,30,0.42543283,57.3566,1.6761,0.0005,4.6089,1.3319,9.6287,0.567,1169.1754,57.006,258.4459,12.6012,238.3706,11.6223,227.0742,11.0716,211.8566,10.3296,199.511,9.7276,175.5618,8.5599,77.9045,4.1578,17.2208,0.9191,15.8831,0.8477,15.1304,0.8075,14.1164,0.7534,13.2938,0.7095,11.698,0.6243,0.0,0.0,0.0,0.0,0.0,0.0,0.0,0.0,0.0,0.0,0.0,0.0,0.0,0.0,0.0,0.0,0.0,0.0,0.0,0.0,0.0,0.0,0.0,0.0,0.0,0.0,0.0,0.0,0.0,0.0,0.0,0.0,0.0,0.0,0.0,0.66,0.6751
128,0.001,3,10,100,32,4,256,184,440338,73,30,ContrastiveLoss,gru,/home/dpetrovitch/dzagcoffee/train_trace/gender/checkpoints_2025-10-07 19:53:20.141369_ContrastiveLoss_gru_catboost/model_128_0.001_3_10_100_256_32_4_256_ContrastiveLoss_gruepoch=12.ckpt,12,30,0.42709196,57.3913,1.676,0.0005,4.6109,1.3292,9.3677,0.5693,1183.6427,57.7071,259.6347,12.6582,239.6043,11.6816,228.2535,11.1282,213.2947,10.3989,201.2151,9.81,176.4302,8.6016,84.2455,4.3695,18.4794,0.9585,17.0538,0.8845,16.2459,0.8426,15.1812,0.7874,14.3214,0.7428,12.5574,0.6513,0.0,0.0,0.0,0.0,0.0,0.0,0.0,0.0,0.0,0.0,0.0,0.0,0.0,0.0,0.0,0.0,0.0,0.0,0.0,0.0,0.0,0.0,0.0,0.0,0.0,0.0,0.0,0.0,0.0,0.0,0.0,0.0,0.0,0.0,0.0,0.668,0.6684
128,0.001,3,10,100,32,4,256,184,440338,73,30,ContrastiveLoss,gru,/home/dpetrovitch/dzagcoffee/train_trace/gender/checkpoints_2025-10-07 19:53:20.141369_ContrastiveLoss_gru_catboost/model_128_0.001_3_10_100_256_32_4_256_ContrastiveLoss_gruepoch=13.ckpt,13,30,0.4288937,57.5125,1.6746,0.0005,4.6403,1.2987,10.0503,0.5959,1172.1703,57.1371,262.0204,12.7721,241.9594,11.7942,230.6936,11.2451,215.4346,10.5013,202.5772,9.8746,177.5873,8.6564,78.8943,4.0898,17.6356,0.9142,16.2854,0.8442,15.5271,0.8049,14.5001,0.7517,13.6347,0.7068,11.9527,0.6196,0.0,0.0,0.0,0.0,0.0,0.0,0.0,0.0,0.0,0.0,0.0,0.0,0.0,0.0,0.0,0.0,0.0,0.0,0.0,0.0,0.0,0.0,0.0,0.0,0.0,0.0,0.0,0.0,0.0,0.0,0.0,0.0,0.0,0.0,0.0,0.668,0.7075
128,0.001,3,10,100,32,4,256,184,440338,73,30,ContrastiveLoss,gru,/home/dpetrovitch/dzagcoffee/train_trace/gender/checkpoints_2025-10-07 19:53:20.141369_ContrastiveLoss_gru_catboost/model_128_0.001_3_10_100_256_32_4_256_ContrastiveLoss_gruepoch=14.ckpt,14,30,0.4311295,57.8404,1.6742,0.0005,4.6294,1.3168,10.0014,0.5793,1185.8656,57.7876,261.0704,12.722,241.144,11.751,229.967,11.2064,214.8307,10.4688,202.2265,9.8546,177.6978,8.6593,78.8787,4.1334,17.3653,0.91,16.0399,0.8405,15.2964,0.8016,14.2896,0.7488,13.4512,0.7049,11.8197,0.6194,0.0,0.0,0.0,0.0,0.0,0.0,0.0,0.0,0.0,0.0,0.0,0.0,0.0,0.0,0.0,0.0,0.0,0.0,0.0,0.0,0.0,0.0,0.0,0.0,0.0,0.0,0.0,0.0,0.0,0.0,0.0,0.0,0.0,0.0,0.0,0.676,0.6928
128,0.001,3,10,100,32,4,256,184,440338,73,30,ContrastiveLoss,gru,/home/dpetrovitch/dzagcoffee/train_trace/gender/checkpoints_2025-10-07 19:53:20.141369_ContrastiveLoss_gru_catboost/model_128_0.001_3_10_100_256_32_4_256_ContrastiveLoss_gruepoch=15.ckpt,15,30,0.42919067,60.0268,1.6759,0.0006,4.6144,1.3323,9.9022,0.5672,1216.0426,59.3248,263.505,12.8551,243.4908,11.8787,232.3565,11.3355,217.436,10.6076,205.2686,10.014,180.2151,8.7918,80.825,4.1254,17.514,0.8939,16.1838,0.826,15.4437,0.7883,14.452,0.7376,13.6433,0.6964,11.9781,0.6114,0.0,0.0,0.0,0.0,0.0,0.0,0.0,0.0,0.0,0.0,0.0,0.0,0.0,0.0,0.0,0.0,0.0,0.0,0.0,0.0,0.0,0.0,0.0,0.0,0.0,0.0,0.0,0.0,0.0,0.0,0.0,0.0,0.0,0.0,0.0,0.684,0.6854
128,0.001,3,10,100,32,4,256,184,440338,73,30,ContrastiveLoss,gru,/home/dpetrovitch/dzagcoffee/train_trace/gender/checkpoints_2025-10-07 19:53:20.141369_ContrastiveLoss_gru_catboost/model_128_0.001_3_10_100_256_32_4_256_ContrastiveLoss_gruepoch=16.ckpt,16,30,0.4286709,57.9341,1.6758,0.0005,4.6646,1.2855,10.0395,0.6077,1170.2155,57.0962,263.7624,12.8693,243.6491,11.8879,232.3947,11.3388,217.0771,10.5914,203.865,9.9468,177.603,8.6655,74.2448,3.869,16.7345,0.8721,15.4584,0.8056,14.7444,0.7684,13.7725,0.7177,12.9343,0.674,11.2681,0.5872,0.0,0.0,0.0,0.0,0.0,0.0,0.0,0.0,0.0,0.0,0.0,0.0,0.0,0.0,0.0,0.0,0.0,0.0,0.0,0.0,0.0,0.0,0.0,0.0,0.0,0.0,0.0,0.0,0.0,0.0,0.0,0.0,0.0,0.0,0.0,0.664,0.6785
128,0.001,3,10,100,32,4,256,184,440338,73,30,ContrastiveLoss,gru,/home/dpetrovitch/dzagcoffee/train_trace/gender/checkpoints_2025-10-07 19:53:20.141369_ContrastiveLoss_gru_catboost/model_128_0.001_3_10_100_256_32_4_256_ContrastiveLoss_gruepoch=17.ckpt,17,30,0.4302272,59.8197,1.6759,0.0005,4.6458,1.2979,10.5861,0.5969,1199.6835,58.5384,265.5081,12.9554,245.6988,11.9888,234.2866,11.432,218.7777,10.6752,205.827,10.0433,179.232,8.7456,78.4426,4.127,17.3605,0.9134,16.0653,0.8452,15.3191,0.806,14.305,0.7526,13.4582,0.7081,11.7193,0.6166,0.0,0.0,0.0,0.0,0.0,0.0,0.0,0.0,0.0,0.0,0.0,0.0,0.0,0.0,0.0,0.0,0.0,0.0,0.0,0.0,0.0,0.0,0.0,0.0,0.0,0.0,0.0,0.0,0.0,0.0,0.0,0.0,0.0,0.0,0.0,0.66,0.7027
128,0.001,3,10,100,32,4,256,184,440338,73,30,ContrastiveLoss,gru,/home/dpetrovitch/dzagcoffee/train_trace/gender/checkpoints_2025-10-07 19:53:20.141369_ContrastiveLoss_gru_catboost/model_128_0.001_3_10_100_256_32_4_256_ContrastiveLoss_gruepoch=18.ckpt,18,30,0.43556973,60.7247,1.6758,0.0005,4.6535,1.3111,10.3047,0.5842,1219.5149,59.4564,266.5089,12.9934,246.7545,12.0303,235.5703,11.485,220.4405,10.7474,207.9719,10.1395,180.9522,8.8222,77.2169,4.0712,16.8747,0.8897,15.6239,0.8238,14.9158,0.7864,13.9578,0.7359,13.1683,0.6943,11.4575,0.6041,0.0,0.0,0.0,0.0,0.0,0.0,0.0,0.0,0.0,0.0,0.0,0.0,0.0,0.0,0.0,0.0,0.0,0.0,0.0,0.0,0.0,0.0,0.0,0.0,0.0,0.0,0.0,0.0,0.0,0.0,0.0,0.0,0.0,0.0,0.0,0.692,0.6907
128,0.001,3,10,100,32,4,256,184,440338,73,30,ContrastiveLoss,gru,/home/dpetrovitch/dzagcoffee/train_trace/gender/checkpoints_2025-10-07 19:53:20.141369_ContrastiveLoss_gru_catboost/model_128_0.001_3_10_100_256_32_4_256_ContrastiveLoss_gruepoch=19.ckpt,19,30,0.4315978,59.9155,1.6752,0.0005,4.6716,1.2883,10.3023,0.6053,1200.941,58.5557,267.6079,13.0481,247.8304,12.0837,236.6255,11.5374,221.2252,10.7865,208.089,10.146,181.2406,8.837,76.1019,4.0226,16.9579,0.8964,15.7046,0.8301,14.9946,0.7926,14.0187,0.741,13.1863,0.697,11.485,0.6071,0.0,0.0,0.0,0.0,0.0,0.0,0.0,0.0,0.0,0.0,0.0,0.0,0.0,0.0,0.0,0.0,0.0,0.0,0.0,0.0,0.0,0.0,0.0,0.0,0.0,0.0,0.0,0.0,0.0,0.0,0.0,0.0,0.0,0.0,0.0,0.684,0.6875
128,0.001,3,10,100,32,4,256,184,440338,73,30,ContrastiveLoss,gru,/home/dpetrovitch/dzagcoffee/train_trace/gender/checkpoints_2025-10-07 19:53:20.141369_ContrastiveLoss_gru_catboost/model_128_0.001_3_10_100_256_32_4_256_ContrastiveLoss_gruepoch=20.ckpt,20,30,0.436355,61.266,1.6748,0.0005,4.6673,1.3083,10.5898,0.5868,1225.8901,59.747,267.608,13.0426,247.9849,12.0862,236.8705,11.5445,221.4928,10.795,208.631,10.1682,182.3527,8.8874,78.9538,4.1243,17.2354,0.9003,15.9715,0.8343,15.2557,0.7969,14.2653,0.7452,13.4369,0.7019,11.7445,0.6135,0.0,0.0,0.0,0.0,0.0,0.0,0.0,0.0,0.0,0.0,0.0,0.0,0.0,0.0,0.0,0.0,0.0,0.0,0.0,0.0,0.0,0.0,0.0,0.0,0.0,0.0,0.0,0.0,0.0,0.0,0.0,0.0,0.0,0.0,0.0,0.66,0.6625
128,0.001,3,10,100,32,4,256,184,440338,73,30,ContrastiveLoss,gru,/home/dpetrovitch/dzagcoffee/train_trace/gender/checkpoints_2025-10-07 19:53:20.141369_ContrastiveLoss_gru_catboost/model_128_0.001_3_10_100_256_32_4_256_ContrastiveLoss_gruepoch=21.ckpt,21,30,0.43509284,60.86,1.6735,0.0005,4.6851,1.2952,10.3037,0.5978,1218.6466,59.3533,268.2309,13.064,248.6381,12.1097,237.3619,11.5605,222.3145,10.8277,209.4858,10.2029,183.2213,8.9237,78.0154,4.0803,17.1716,0.8981,15.9173,0.8325,15.1954,0.7947,14.2321,0.7444,13.4109,0.7014,11.7295,0.6135,0.0,0.0,0.0,0.0,0.0,0.0,0.0,0.0,0.0,0.0,0.0,0.0,0.0,0.0,0.0,0.0,0.0,0.0,0.0,0.0,0.0,0.0,0.0,0.0,0.0,0.0,0.0,0.0,0.0,0.0,0.0,0.0,0.0,0.0,0.0,0.716,0.7323
128,0.001,3,10,100,32,4,256,184,440338,73,30,ContrastiveLoss,gru,/home/dpetrovitch/dzagcoffee/train_trace/gender/checkpoints_2025-10-07 19:53:20.141369_ContrastiveLoss_gru_catboost/model_128_0.001_3_10_100_256_32_4_256_ContrastiveLoss_gruepoch=22.ckpt,22,30,0.4355297,60.3876,1.6748,0.0005,4.6976,1.2883,10.1488,0.6042,1213.3193,59.095,268.2314,13.0643,248.7157,12.1138,237.4629,11.5657,222.1805,10.8213,209.2631,10.1922,181.9578,8.8623,80.0535,4.1894,17.6976,0.9262,16.41,0.8588,15.6675,0.8199,14.6592,0.7672,13.8069,0.7226,12.0054,0.6283,0.0,0.0,0.0,0.0,0.0,0.0,0.0,0.0,0.0,0.0,0.0,0.0,0.0,0.0,0.0,0.0,0.0,0.0,0.0,0.0,0.0,0.0,0.0,0.0,0.0,0.0,0.0,0.0,0.0,0.0,0.0,0.0,0.0,0.0,0.0,0.688,0.7112
128,0.001,3,10,100,32,4,256,184,440338,73,30,ContrastiveLoss,gru,/home/dpetrovitch/dzagcoffee/train_trace/gender/checkpoints_2025-10-07 19:53:20.141369_ContrastiveLoss_gru_catboost/model_128_0.001_3_10_100_256_32_4_256_ContrastiveLoss_gruepoch=23.ckpt,23,30,0.43584383,61.8606,1.6736,0.0005,4.6779,1.3011,10.548,0.5932,1234.4292,60.1635,268.7206,13.0969,249.1357,12.1424,237.8961,11.5946,222.6895,10.8534,210.0481,10.2373,183.8758,8.9617,79.0197,4.1405,17.2017,0.9013,15.948,0.8356,15.2285,0.7979,14.2551,0.7469,13.4458,0.7045,11.7705,0.6167,0.0,0.0,0.0,0.0,0.0,0.0,0.0,0.0,0.0,0.0,0.0,0.0,0.0,0.0,0.0,0.0,0.0,0.0,0.0,0.0,0.0,0.0,0.0,0.0,0.0,0.0,0.0,0.0,0.0,0.0,0.0,0.0,0.0,0.0,0.0,0.696,0.7123
128,0.001,3,10,100,32,4,256,184,440338,73,30,ContrastiveLoss,gru,/home/dpetrovitch/dzagcoffee/train_trace/gender/checkpoints_2025-10-07 19:53:20.141369_ContrastiveLoss_gru_catboost/model_128_0.001_3_10_100_256_32_4_256_ContrastiveLoss_gruepoch=24.ckpt,24,30,0.43646348,61.5224,1.6753,0.0005,4.6949,1.2875,10.5864,0.6061,1229.9814,59.996,269.8678,13.1636,250.4012,12.2141,239.3812,11.6765,224.0814,10.9302,211.1544,10.2997,184.1228,8.9811,77.3283,4.0655,16.9665,0.892,15.7426,0.8277,15.0498,0.7912,14.0879,0.7407,13.2752,0.6979,11.5757,0.6086,0.0,0.0,0.0,0.0,0.0,0.0,0.0,0.0,0.0,0.0,0.0,0.0,0.0,0.0,0.0,0.0,0.0,0.0,0.0,0.0,0.0,0.0,0.0,0.0,0.0,0.0,0.0,0.0,0.0,0.0,0.0,0.0,0.0,0.0,0.0,0.668,0.7014
128,0.001,3,10,100,32,4,256,184,440338,73,30,ContrastiveLoss,gru,/home/dpetrovitch/dzagcoffee/train_trace/gender/checkpoints_2025-10-07 19:53:20.141369_ContrastiveLoss_gru_catboost/model_128_0.001_3_10_100_256_32_4_256_ContrastiveLoss_gruepoch=25.ckpt,25,30,0.44086084,62.856,1.6732,0.0005,4.6748,1.31,10.5863,0.5857,1252.4253,61.0453,269.3233,13.1273,249.9116,12.1811,238.8082,11.6399,223.6565,10.9014,211.0561,10.2872,184.9832,9.0164,81.6013,4.2307,17.5477,0.9098,16.2829,0.8442,15.5595,0.8067,14.5723,0.7555,13.7513,0.713,12.0525,0.6249,0.0,0.0,0.0,0.0,0.0,0.0,0.0,0.0,0.0,0.0,0.0,0.0,0.0,0.0,0.0,0.0,0.0,0.0,0.0,0.0,0.0,0.0,0.0,0.0,0.0,0.0,0.0,0.0,0.0,0.0,0.0,0.0,0.0,0.0,0.0,0.672,0.693
128,0.001,3,10,100,32,4,256,184,440338,73,30,ContrastiveLoss,gru,/home/dpetrovitch/dzagcoffee/train_trace/gender/checkpoints_2025-10-07 19:53:20.141369_ContrastiveLoss_gru_catboost/model_128_0.001_3_10_100_256_32_4_256_ContrastiveLoss_gruepoch=26.ckpt,26,30,0.4345789,61.4839,1.6743,0.0005,4.6918,1.2857,10.8558,0.6066,1224.5637,59.6318,269.3164,13.1147,250.0751,12.1777,239.082,11.6424,224.0629,10.911,211.2175,10.2855,184.0054,8.9604,78.1529,4.1156,17.1881,0.9051,15.96,0.8405,15.2585,0.8035,14.2999,0.753,13.4801,0.7099,11.7434,0.6184,0.0,0.0,0.0,0.0,0.0,0.0,0.0,0.0,0.0,0.0,0.0,0.0,0.0,0.0,0.0,0.0,0.0,0.0,0.0,0.0,0.0,0.0,0.0,0.0,0.0,0.0,0.0,0.0,0.0,0.0,0.0,0.0,0.0,0.0,0.0,0.712,0.7103
128,0.001,3,10,100,32,4,256,184,440338,73,30,ContrastiveLoss,gru,/home/dpetrovitch/dzagcoffee/train_trace/gender/checkpoints_2025-10-07 19:53:20.141369_ContrastiveLoss_gru_catboost/model_128_0.001_3_10_100_256_32_4_256_ContrastiveLoss_gruepoch=27.ckpt,27,30,0.44188026,62.3731,1.6729,0.0005,4.6914,1.294,10.9641,0.5991,1248.7135,60.8028,270.2918,13.1612,250.831,12.2136,239.8213,11.6775,224.9097,10.9514,211.8774,10.3168,185.012,9.0087,79.9803,4.1491,17.3122,0.8981,16.0658,0.8334,15.3606,0.7968,14.4055,0.7473,13.5708,0.704,11.85,0.6147,0.0,0.0,0.0,0.0,0.0,0.0,0.0,0.0,0.0,0.0,0.0,0.0,0.0,0.0,0.0,0.0,0.0,0.0,0.0,0.0,0.0,0.0,0.0,0.0,0.0,0.0,0.0,0.0,0.0,0.0,0.0,0.0,0.0,0.0,0.0,0.676,0.7009
128,0.001,3,10,100,32,4,256,184,440338,73,30,ContrastiveLoss,gru,/home/dpetrovitch/dzagcoffee/train_trace/gender/checkpoints_2025-10-07 19:53:20.141369_ContrastiveLoss_gru_catboost/model_128_0.001_3_10_100_256_32_4_256_ContrastiveLoss_gruepoch=28.ckpt,28,30,0.4435821,63.3398,1.6726,0.0005,4.6938,1.3037,10.944,0.5914,1259.1654,61.3455,271.2758,13.2163,251.8469,12.2698,240.5905,11.7214,225.4229,10.9824,212.5989,10.3577,185.9802,9.0608,80.4821,4.2248,17.3391,0.9102,16.0973,0.845,15.3778,0.8072,14.4084,0.7563,13.5887,0.7133,11.8873,0.624,0.0,0.0,0.0,0.0,0.0,0.0,0.0,0.0,0.0,0.0,0.0,0.0,0.0,0.0,0.0,0.0,0.0,0.0,0.0,0.0,0.0,0.0,0.0,0.0,0.0,0.0,0.0,0.0,0.0,0.0,0.0,0.0,0.0,0.0,0.0,0.696,0.7002
128,0.001,3,10,100,32,4,256,184,440338,73,30,ContrastiveLoss,gru,/home/dpetrovitch/dzagcoffee/train_trace/gender/checkpoints_2025-10-07 19:53:20.141369_ContrastiveLoss_gru_catboost/model_128_0.001_3_10_100_256_32_4_256_ContrastiveLoss_gruepoch=29.ckpt,29,30,0.4474027,62.4472,1.6691,0.0005,4.7089,1.2882,10.2257,0.6046,1242.4645,60.4788,271.2294,13.2025,251.9713,12.2651,240.7469,11.7187,225.6475,10.9837,212.2513,10.3316,184.4365,8.9777,80.9886,4.1961,17.6798,0.916,16.4244,0.851,15.6928,0.8131,14.7086,0.7621,13.8353,0.7168,12.0223,0.6229,0.0,0.0,0.0,0.0,0.0,0.0,0.0,0.0,0.0,0.0,0.0,0.0,0.0,0.0,0.0,0.0,0.0,0.0,0.0,0.0,0.0,0.0,0.0,0.0,0.0,0.0,0.0,0.0,0.0,0.0,0.0,0.0,0.0,0.0,0.0,0.7,0.6952
128,0.001,3,10,100,32,8,256,184,440338,73,30,ContrastiveLoss,gru,/home/dpetrovitch/dzagcoffee/train_trace/gender/checkpoints_2025-10-07 19:53:20.141369_ContrastiveLoss_gru_catboost/model_128_0.001_3_10_100_256_32_8_256_ContrastiveLoss_gruepoch=00.ckpt,0,30,0.33569765,42.2938,1.6789,0.0003,4.9569,1.4525,6.9434,0.4947,714.5935,35.659,223.5495,11.1554,197.7847,9.8697,183.8091,9.1723,164.7077,8.2191,148.7108,7.4208,112.5227,5.615,36.2237,2.3414,11.332,0.7325,10.026,0.648,9.3175,0.6023,8.3493,0.5397,7.5383,0.4873,5.7039,0.3687,0.0,0.0,0.0,0.0,0.0,0.0,0.0,0.0,0.0,0.0,0.0,0.0,0.0,0.0,0.0,0.0,0.0,0.0,0.0,0.0,0.0,0.0,0.0,0.0,0.0,0.0,0.0,0.0,0.0,0.0,0.0,0.0,0.0,0.0,0.0,0.616,0.5919
128,0.001,3,10,100,32,8,256,184,440338,73,30,ContrastiveLoss,gru,/home/dpetrovitch/dzagcoffee/train_trace/gender/checkpoints_2025-10-07 19:53:20.141369_ContrastiveLoss_gru_catboost/model_128_0.001_3_10_100_256_32_8_256_ContrastiveLoss_gruepoch=01.ckpt,1,30,0.3634012,43.3151,1.6782,0.0004,4.6559,1.502,6.9716,0.4637,859.1363,42.5277,229.6584,11.3682,204.9699,10.1461,191.2625,9.4676,173.3736,8.5821,159.6251,7.9015,135.4934,6.707,56.7694,3.2504,15.1752,0.8689,13.5439,0.7755,12.6381,0.7236,11.4561,0.6559,10.5476,0.6039,8.953,0.5126,0.0,0.0,0.0,0.0,0.0,0.0,0.0,0.0,0.0,0.0,0.0,0.0,0.0,0.0,0.0,0.0,0.0,0.0,0.0,0.0,0.0,0.0,0.0,0.0,0.0,0.0,0.0,0.0,0.0,0.0,0.0,0.0,0.0,0.0,0.0,0.548,0.5741
128,0.001,3,10,100,32,8,256,184,440338,73,30,ContrastiveLoss,gru,/home/dpetrovitch/dzagcoffee/train_trace/gender/checkpoints_2025-10-07 19:53:20.141369_ContrastiveLoss_gru_catboost/model_128_0.001_3_10_100_256_32_8_256_ContrastiveLoss_gruepoch=02.ckpt,2,30,0.37824953,43.0247,1.6783,0.0004,4.478,1.4396,8.2906,0.4954,919.2747,45.3526,231.5772,11.4249,208.15,10.2691,195.6337,9.6516,179.3531,8.8484,166.946,8.2363,145.6495,7.1856,64.9517,3.7534,16.3622,0.9455,14.7069,0.8499,13.8226,0.7988,12.6723,0.7323,11.7956,0.6816,10.2909,0.5947,0.0,0.0,0.0,0.0,0.0,0.0,0.0,0.0,0.0,0.0,0.0,0.0,0.0,0.0,0.0,0.0,0.0,0.0,0.0,0.0,0.0,0.0,0.0,0.0,0.0,0.0,0.0,0.0,0.0,0.0,0.0,0.0,0.0,0.0,0.0,0.604,0.6215
128,0.001,3,10,100,32,8,256,184,440338,73,30,ContrastiveLoss,gru,/home/dpetrovitch/dzagcoffee/train_trace/gender/checkpoints_2025-10-07 19:53:20.141369_ContrastiveLoss_gru_catboost/model_128_0.001_3_10_100_256_32_8_256_ContrastiveLoss_gruepoch=03.ckpt,3,30,0.39178717,44.287,1.6768,0.0005,4.3986,1.412,8.8662,0.5096,972.1391,47.7574,236.6327,11.6248,214.3737,10.5313,202.4544,9.9458,186.8068,9.1771,174.089,8.5523,151.9892,7.4666,72.0312,3.9409,17.5334,0.9593,15.8841,0.869,15.001,0.8207,13.8416,0.7573,12.8992,0.7057,11.2617,0.6161,0.0,0.0,0.0,0.0,0.0,0.0,0.0,0.0,0.0,0.0,0.0,0.0,0.0,0.0,0.0,0.0,0.0,0.0,0.0,0.0,0.0,0.0,0.0,0.0,0.0,0.0,0.0,0.0,0.0,0.0,0.0,0.0,0.0,0.0,0.0,0.624,0.6266
128,0.001,3,10,100,32,8,256,184,440338,73,30,ContrastiveLoss,gru,/home/dpetrovitch/dzagcoffee/train_trace/gender/checkpoints_2025-10-07 19:53:20.141369_ContrastiveLoss_gru_catboost/model_128_0.001_3_10_100_256_32_8_256_ContrastiveLoss_gruepoch=04.ckpt,4,30,0.40011653,45.3871,1.6779,0.0005,4.3849,1.3506,8.9077,0.5518,1007.9753,49.5037,240.6562,11.8191,219.0084,10.7559,207.0559,10.1689,191.5669,9.4082,179.0811,8.795,157.4638,7.7334,78.6273,4.2085,18.7724,1.0048,17.0838,0.9144,16.1514,0.8645,14.9432,0.7998,13.9693,0.7477,12.283,0.6574,0.0,0.0,0.0,0.0,0.0,0.0,0.0,0.0,0.0,0.0,0.0,0.0,0.0,0.0,0.0,0.0,0.0,0.0,0.0,0.0,0.0,0.0,0.0,0.0,0.0,0.0,0.0,0.0,0.0,0.0,0.0,0.0,0.0,0.0,0.0,0.636,0.6534
128,0.001,3,10,100,32,8,256,184,440338,73,30,ContrastiveLoss,gru,/home/dpetrovitch/dzagcoffee/train_trace/gender/checkpoints_2025-10-07 19:53:20.141369_ContrastiveLoss_gru_catboost/model_128_0.001_3_10_100_256_32_8_256_ContrastiveLoss_gruepoch=05.ckpt,5,30,0.407732,46.3649,1.6763,0.0005,4.3677,1.3248,8.8232,0.5703,1051.7755,51.5106,243.5031,11.9256,222.119,10.8783,210.6862,10.3183,195.8118,9.5899,183.7039,8.9969,160.8859,7.8794,78.5821,4.1588,18.193,0.9628,16.5954,0.8783,15.7412,0.8331,14.6298,0.7743,13.7252,0.7264,12.0204,0.6362,0.0,0.0,0.0,0.0,0.0,0.0,0.0,0.0,0.0,0.0,0.0,0.0,0.0,0.0,0.0,0.0,0.0,0.0,0.0,0.0,0.0,0.0,0.0,0.0,0.0,0.0,0.0,0.0,0.0,0.0,0.0,0.0,0.0,0.0,0.0,0.656,0.6447
128,0.001,3,10,100,32,8,256,184,440338,73,30,ContrastiveLoss,gru,/home/dpetrovitch/dzagcoffee/train_trace/gender/checkpoints_2025-10-07 19:53:20.141369_ContrastiveLoss_gru_catboost/model_128_0.001_3_10_100_256_32_8_256_ContrastiveLoss_gruepoch=06.ckpt,6,30,0.41155258,52.0619,1.6762,0.0005,4.3998,1.3983,9.4584,0.5189,1047.162,51.3361,248.1374,12.1647,226.2838,11.0933,214.4305,10.5122,199.0124,9.7564,187.3257,9.1835,166.0578,8.1408,74.0403,3.9676,17.5447,0.9402,15.9996,0.8574,15.1615,0.8125,14.0713,0.754,13.245,0.7098,11.7412,0.6292,0.0,0.0,0.0,0.0,0.0,0.0,0.0,0.0,0.0,0.0,0.0,0.0,0.0,0.0,0.0,0.0,0.0,0.0,0.0,0.0,0.0,0.0,0.0,0.0,0.0,0.0,0.0,0.0,0.0,0.0,0.0,0.0,0.0,0.0,0.0,0.66,0.6707
128,0.001,3,10,100,32,8,256,184,440338,73,30,ContrastiveLoss,gru,/home/dpetrovitch/dzagcoffee/train_trace/gender/checkpoints_2025-10-07 19:53:20.141369_ContrastiveLoss_gru_catboost/model_128_0.001_3_10_100_256_32_8_256_ContrastiveLoss_gruepoch=07.ckpt,7,30,0.42062435,51.6804,1.6769,0.0005,4.4398,1.3269,10.4126,0.5724,1046.304,51.2813,253.4573,12.4224,232.1773,11.3794,220.6313,10.8135,205.438,10.0689,193.261,9.4721,171.165,8.3891,73.2985,3.9316,17.7559,0.9524,16.2651,0.8724,15.4563,0.829,14.3919,0.772,13.5388,0.7262,11.9909,0.6432,0.0,0.0,0.0,0.0,0.0,0.0,0.0,0.0,0.0,0.0,0.0,0.0,0.0,0.0,0.0,0.0,0.0,0.0,0.0,0.0,0.0,0.0,0.0,0.0,0.0,0.0,0.0,0.0,0.0,0.0,0.0,0.0,0.0,0.0,0.0,0.688,0.7016
128,0.001,3,10,100,32,8,256,184,440338,73,30,ContrastiveLoss,gru,/home/dpetrovitch/dzagcoffee/train_trace/gender/checkpoints_2025-10-07 19:53:20.141369_ContrastiveLoss_gru_catboost/model_128_0.001_3_10_100_256_32_8_256_ContrastiveLoss_gruepoch=08.ckpt,8,30,0.4348016,52.3942,1.6764,0.0005,4.4798,1.2988,10.6613,0.5959,1069.018,52.2831,257.963,12.6164,236.9092,11.5867,225.2461,11.0162,209.8714,10.2643,197.7381,9.6709,174.8847,8.5532,77.8605,4.0413,18.7884,0.9752,17.255,0.8956,16.4055,0.8515,15.2857,0.7934,14.402,0.7475,12.7375,0.6611,0.0,0.0,0.0,0.0,0.0,0.0,0.0,0.0,0.0,0.0,0.0,0.0,0.0,0.0,0.0,0.0,0.0,0.0,0.0,0.0,0.0,0.0,0.0,0.0,0.0,0.0,0.0,0.0,0.0,0.0,0.0,0.0,0.0,0.0,0.0,0.7,0.7336
128,0.001,3,10,100,32,8,256,184,440338,73,30,ContrastiveLoss,gru,/home/dpetrovitch/dzagcoffee/train_trace/gender/checkpoints_2025-10-07 19:53:20.141369_ContrastiveLoss_gru_catboost/model_128_0.001_3_10_100_256_32_8_256_ContrastiveLoss_gruepoch=09.ckpt,9,30,0.432503,55.8178,1.6757,0.0006,4.4701,1.3406,9.633,0.5619,1114.7284,54.4717,261.0062,12.7542,239.7608,11.716,228.1297,11.1477,212.871,10.402,201.0569,9.8247,179.6469,8.7785,78.9282,4.1552,18.4805,0.9729,16.9762,0.8937,16.1527,0.8504,15.0723,0.7935,14.2358,0.7495,12.7199,0.6696,0.0,0.0,0.0,0.0,0.0,0.0,0.0,0.0,0.0,0.0,0.0,0.0,0.0,0.0,0.0,0.0,0.0,0.0,0.0,0.0,0.0,0.0,0.0,0.0,0.0,0.0,0.0,0.0,0.0,0.0,0.0,0.0,0.0,0.0,0.0,0.672,0.7329
128,0.001,3,10,100,32,8,256,184,440338,73,30,ContrastiveLoss,gru,/home/dpetrovitch/dzagcoffee/train_trace/gender/checkpoints_2025-10-07 19:53:20.141369_ContrastiveLoss_gru_catboost/model_128_0.001_3_10_100_256_32_8_256_ContrastiveLoss_gruepoch=10.ckpt,10,30,0.433668,54.5041,1.6765,0.0005,4.5088,1.3081,10.6828,0.5889,1117.6066,54.5917,261.6325,12.78,241.2073,11.7822,229.674,11.2189,214.8548,10.495,202.7745,9.9049,181.4284,8.8622,79.3765,4.1418,18.5821,0.9696,17.1314,0.8939,16.3123,0.8512,15.2598,0.7962,14.4018,0.7515,12.8857,0.6724,0.0,0.0,0.0,0.0,0.0,0.0,0.0,0.0,0.0,0.0,0.0,0.0,0.0,0.0,0.0,0.0,0.0,0.0,0.0,0.0,0.0,0.0,0.0,0.0,0.0,0.0,0.0,0.0,0.0,0.0,0.0,0.0,0.0,0.0,0.0,0.68,0.7096
128,0.001,3,10,100,32,8,256,184,440338,73,30,ContrastiveLoss,gru,/home/dpetrovitch/dzagcoffee/train_trace/gender/checkpoints_2025-10-07 19:53:20.141369_ContrastiveLoss_gru_catboost/model_128_0.001_3_10_100_256_32_8_256_ContrastiveLoss_gruepoch=11.ckpt,11,30,0.43982723,55.9287,1.6745,0.0005,4.4931,1.324,10.1152,0.5734,1158.7953,56.5756,263.1894,12.8496,242.7663,11.8525,231.3722,11.2962,216.5679,10.5735,204.7592,9.9969,183.2726,8.9479,82.5997,4.2256,18.7603,0.9597,17.3046,0.8853,16.4924,0.8437,15.4371,0.7897,14.5954,0.7467,13.0638,0.6683,0.0,0.0,0.0,0.0,0.0,0.0,0.0,0.0,0.0,0.0,0.0,0.0,0.0,0.0,0.0,0.0,0.0,0.0,0.0,0.0,0.0,0.0,0.0,0.0,0.0,0.0,0.0,0.0,0.0,0.0,0.0,0.0,0.0,0.0,0.0,0.672,0.7054
128,0.001,3,10,100,32,8,256,184,440338,73,30,ContrastiveLoss,gru,/home/dpetrovitch/dzagcoffee/train_trace/gender/checkpoints_2025-10-07 19:53:20.141369_ContrastiveLoss_gru_catboost/model_128_0.001_3_10_100_256_32_8_256_ContrastiveLoss_gruepoch=12.ckpt,12,30,0.43718305,55.9156,1.6751,0.0005,4.5154,1.31,10.2175,0.5857,1147.0054,55.999,263.6403,12.8714,243.1405,11.8706,231.7378,11.3139,216.8482,10.587,205.3183,10.024,184.9837,9.0313,84.7272,4.2768,19.4746,0.983,17.9603,0.9066,17.118,0.8641,16.0182,0.8085,15.1665,0.7656,13.6644,0.6897,0.0,0.0,0.0,0.0,0.0,0.0,0.0,0.0,0.0,0.0,0.0,0.0,0.0,0.0,0.0,0.0,0.0,0.0,0.0,0.0,0.0,0.0,0.0,0.0,0.0,0.0,0.0,0.0,0.0,0.0,0.0,0.0,0.0,0.0,0.0,0.66,0.7125
128,0.001,3,10,100,32,8,256,184,440338,73,30,ContrastiveLoss,gru,/home/dpetrovitch/dzagcoffee/train_trace/gender/checkpoints_2025-10-07 19:53:20.141369_ContrastiveLoss_gru_catboost/model_128_0.001_3_10_100_256_32_8_256_ContrastiveLoss_gruepoch=13.ckpt,13,30,0.4413035,56.107,1.6764,0.0005,4.5281,1.2899,10.6567,0.6039,1149.6162,56.1783,265.3301,12.9659,245.1279,11.9787,233.666,11.4186,218.7654,10.6904,207.0006,10.1155,185.5342,9.0665,80.965,4.1819,18.6866,0.9652,17.2638,0.8917,16.4566,0.85,15.4072,0.7958,14.5786,0.753,13.0668,0.6749,0.0,0.0,0.0,0.0,0.0,0.0,0.0,0.0,0.0,0.0,0.0,0.0,0.0,0.0,0.0,0.0,0.0,0.0,0.0,0.0,0.0,0.0,0.0,0.0,0.0,0.0,0.0,0.0,0.0,0.0,0.0,0.0,0.0,0.0,0.0,0.664,0.6922
128,0.001,3,10,100,32,8,256,184,440338,73,30,ContrastiveLoss,gru,/home/dpetrovitch/dzagcoffee/train_trace/gender/checkpoints_2025-10-07 19:53:20.141369_ContrastiveLoss_gru_catboost/model_128_0.001_3_10_100_256_32_8_256_ContrastiveLoss_gruepoch=14.ckpt,14,30,0.44120923,56.7753,1.6737,0.0006,4.5278,1.3027,10.5343,0.5922,1165.9252,56.8526,265.9154,12.9665,245.7472,11.9831,234.611,11.44,219.9217,10.7238,208.404,10.1621,188.0907,9.1716,81.1054,4.1037,18.4979,0.9359,17.095,0.8649,16.3203,0.8258,15.2984,0.7741,14.4972,0.7335,13.0842,0.662,0.0,0.0,0.0,0.0,0.0,0.0,0.0,0.0,0.0,0.0,0.0,0.0,0.0,0.0,0.0,0.0,0.0,0.0,0.0,0.0,0.0,0.0,0.0,0.0,0.0,0.0,0.0,0.0,0.0,0.0,0.0,0.0,0.0,0.0,0.0,0.664,0.682
128,0.001,3,10,100,32,8,256,184,440338,73,30,ContrastiveLoss,gru,/home/dpetrovitch/dzagcoffee/train_trace/gender/checkpoints_2025-10-07 19:53:20.141369_ContrastiveLoss_gru_catboost/model_128_0.001_3_10_100_256_32_8_256_ContrastiveLoss_gruepoch=15.ckpt,15,30,0.44708002,58.9342,1.6758,0.0005,4.5401,1.3202,11.0366,0.5776,1184.8617,57.8373,267.2445,13.0452,247.1139,12.0625,235.8524,11.5128,221.1573,10.7955,209.8237,10.2422,188.7853,9.2153,84.1009,4.243,18.9689,0.957,17.54,0.8849,16.7407,0.8446,15.6976,0.792,14.8932,0.7514,13.3999,0.676,0.0,0.0,0.0,0.0,0.0,0.0,0.0,0.0,0.0,0.0,0.0,0.0,0.0,0.0,0.0,0.0,0.0,0.0,0.0,0.0,0.0,0.0,0.0,0.0,0.0,0.0,0.0,0.0,0.0,0.0,0.0,0.0,0.0,0.0,0.0,0.648,0.7209
128,0.001,3,10,100,32,8,256,184,440338,73,30,ContrastiveLoss,gru,/home/dpetrovitch/dzagcoffee/train_trace/gender/checkpoints_2025-10-07 19:53:20.141369_ContrastiveLoss_gru_catboost/model_128_0.001_3_10_100_256_32_8_256_ContrastiveLoss_gruepoch=16.ckpt,16,30,0.44536963,56.9923,1.6704,0.0005,4.5666,1.2763,11.0801,0.6151,1164.8063,56.7841,268.3186,13.0805,248.1322,12.0964,236.7373,11.5409,221.508,10.7985,209.0134,10.1894,186.6058,9.097,84.0998,4.2112,19.3728,0.9701,17.9153,0.8971,17.0926,0.8559,15.993,0.8008,15.0909,0.7557,13.4731,0.6746,0.0,0.0,0.0,0.0,0.0,0.0,0.0,0.0,0.0,0.0,0.0,0.0,0.0,0.0,0.0,0.0,0.0,0.0,0.0,0.0,0.0,0.0,0.0,0.0,0.0,0.0,0.0,0.0,0.0,0.0,0.0,0.0,0.0,0.0,0.0,0.684,0.7232
128,0.001,3,10,100,32,8,256,184,440338,73,30,ContrastiveLoss,gru,/home/dpetrovitch/dzagcoffee/train_trace/gender/checkpoints_2025-10-07 19:53:20.141369_ContrastiveLoss_gru_catboost/model_128_0.001_3_10_100_256_32_8_256_ContrastiveLoss_gruepoch=17.ckpt,17,30,0.44265983,57.4527,1.6752,0.0005,4.5851,1.268,12.0371,0.6242,1160.085,56.6133,269.841,13.1685,249.7809,12.1896,238.375,11.6329,223.2163,10.8932,210.6691,10.2809,187.9128,9.1703,81.4225,4.1295,18.9392,0.9605,17.5313,0.8891,16.7307,0.8485,15.6668,0.7946,14.7862,0.7499,13.189,0.6689,0.0,0.0,0.0,0.0,0.0,0.0,0.0,0.0,0.0,0.0,0.0,0.0,0.0,0.0,0.0,0.0,0.0,0.0,0.0,0.0,0.0,0.0,0.0,0.0,0.0,0.0,0.0,0.0,0.0,0.0,0.0,0.0,0.0,0.0,0.0,0.676,0.7401
128,0.001,3,10,100,32,8,256,184,440338,73,30,ContrastiveLoss,gru,/home/dpetrovitch/dzagcoffee/train_trace/gender/checkpoints_2025-10-07 19:53:20.141369_ContrastiveLoss_gru_catboost/model_128_0.001_3_10_100_256_32_8_256_ContrastiveLoss_gruepoch=18.ckpt,18,30,0.44321945,58.76,1.6739,0.0005,4.5928,1.2761,11.4503,0.6165,1187.7975,57.9616,270.5126,13.2004,250.4583,12.2218,239.2211,11.6734,224.4659,10.9534,212.1451,10.3522,188.8409,9.215,81.5986,4.1328,18.5835,0.9412,17.2058,0.8714,16.4339,0.8323,15.4202,0.781,14.5738,0.7381,12.9729,0.6571,0.0,0.0,0.0,0.0,0.0,0.0,0.0,0.0,0.0,0.0,0.0,0.0,0.0,0.0,0.0,0.0,0.0,0.0,0.0,0.0,0.0,0.0,0.0,0.0,0.0,0.0,0.0,0.0,0.0,0.0,0.0,0.0,0.0,0.0,0.0,0.664,0.7014
128,0.001,3,10,100,32,8,256,184,440338,73,30,ContrastiveLoss,gru,/home/dpetrovitch/dzagcoffee/train_trace/gender/checkpoints_2025-10-07 19:53:20.141369_ContrastiveLoss_gru_catboost/model_128_0.001_3_10_100_256_32_8_256_ContrastiveLoss_gruepoch=19.ckpt,19,30,0.44793665,58.6716,1.6742,0.0005,4.6125,1.2681,11.3336,0.6238,1188.5734,57.9393,271.0413,13.2124,251.2888,12.2496,240.2889,11.7133,225.4631,10.9906,213.4562,10.4053,190.2015,9.2717,81.4969,4.1252,18.5845,0.9407,17.2301,0.8722,16.4759,0.834,15.4593,0.7825,14.6361,0.7409,13.0416,0.6601,0.0,0.0,0.0,0.0,0.0,0.0,0.0,0.0,0.0,0.0,0.0,0.0,0.0,0.0,0.0,0.0,0.0,0.0,0.0,0.0,0.0,0.0,0.0,0.0,0.0,0.0,0.0,0.0,0.0,0.0,0.0,0.0,0.0,0.0,0.0,0.668,0.6937
128,0.001,3,10,100,32,8,256,184,440338,73,30,ContrastiveLoss,gru,/home/dpetrovitch/dzagcoffee/train_trace/gender/checkpoints_2025-10-07 19:53:20.141369_ContrastiveLoss_gru_catboost/model_128_0.001_3_10_100_256_32_8_256_ContrastiveLoss_gruepoch=20.ckpt,20,30,0.44511548,60.2037,1.6745,0.0005,4.6002,1.2906,11.0435,0.6038,1218.3372,59.4209,272.1501,13.2733,252.3059,12.3055,241.0985,11.7589,226.2665,11.0355,214.2421,10.4491,191.7407,9.3516,84.0097,4.2483,18.7659,0.949,17.3976,0.8798,16.6248,0.8407,15.6021,0.789,14.7729,0.747,13.2214,0.6686,0.0,0.0,0.0,0.0,0.0,0.0,0.0,0.0,0.0,0.0,0.0,0.0,0.0,0.0,0.0,0.0,0.0,0.0,0.0,0.0,0.0,0.0,0.0,0.0,0.0,0.0,0.0,0.0,0.0,0.0,0.0,0.0,0.0,0.0,0.0,0.68,0.7024
128,0.001,3,10,100,32,8,256,184,440338,73,30,ContrastiveLoss,gru,/home/dpetrovitch/dzagcoffee/train_trace/gender/checkpoints_2025-10-07 19:53:20.141369_ContrastiveLoss_gru_catboost/model_128_0.001_3_10_100_256_32_8_256_ContrastiveLoss_gruepoch=21.ckpt,21,30,0.44510123,60.8512,1.6756,0.0005,4.6037,1.299,11.2354,0.5958,1227.3225,59.8779,272.6622,13.3025,252.7825,12.3326,241.5939,11.7867,226.8852,11.0691,215.0465,10.4916,193.0414,9.418,88.2382,4.3821,19.603,0.9735,18.1738,0.9026,17.3694,0.8626,16.3119,0.8101,15.4607,0.7678,13.8787,0.6893,0.0,0.0,0.0,0.0,0.0,0.0,0.0,0.0,0.0,0.0,0.0,0.0,0.0,0.0,0.0,0.0,0.0,0.0,0.0,0.0,0.0,0.0,0.0,0.0,0.0,0.0,0.0,0.0,0.0,0.0,0.0,0.0,0.0,0.0,0.0,0.688,0.7232
128,0.001,3,10,100,32,8,256,184,440338,73,30,ContrastiveLoss,gru,/home/dpetrovitch/dzagcoffee/train_trace/gender/checkpoints_2025-10-07 19:53:20.141369_ContrastiveLoss_gru_catboost/model_128_0.001_3_10_100_256_32_8_256_ContrastiveLoss_gruepoch=22.ckpt,22,30,0.44248274,59.6884,1.6626,0.0005,4.5947,1.2918,11.0396,0.6006,1219.3716,59.3525,271.2236,13.2017,251.7034,12.2516,240.7302,11.7175,226.0618,11.0035,214.2222,10.4272,194.8471,9.4841,86.494,4.3218,19.2388,0.9613,17.8541,0.8921,17.0758,0.8532,16.0353,0.8012,15.1955,0.7593,13.8211,0.6906,0.0,0.0,0.0,0.0,0.0,0.0,0.0,0.0,0.0,0.0,0.0,0.0,0.0,0.0,0.0,0.0,0.0,0.0,0.0,0.0,0.0,0.0,0.0,0.0,0.0,0.0,0.0,0.0,0.0,0.0,0.0,0.0,0.0,0.0,0.0,0.688,0.7066
128,0.001,3,10,100,32,8,256,184,440338,73,30,ContrastiveLoss,gru,/home/dpetrovitch/dzagcoffee/train_trace/gender/checkpoints_2025-10-07 19:53:20.141369_ContrastiveLoss_gru_catboost/model_128_0.001_3_10_100_256_32_8_256_ContrastiveLoss_gruepoch=23.ckpt,23,30,0.44891325,60.5127,1.6736,0.0005,4.6108,1.2846,11.5289,0.6083,1225.3593,59.7228,273.0159,13.3065,253.2725,12.3442,242.2473,11.8069,227.524,11.0893,215.3896,10.4979,192.4254,9.3786,82.7793,4.1649,18.4436,0.928,17.1099,0.8609,16.365,0.8234,15.3704,0.7733,14.5507,0.7321,12.9993,0.654,0.0,0.0,0.0,0.0,0.0,0.0,0.0,0.0,0.0,0.0,0.0,0.0,0.0,0.0,0.0,0.0,0.0,0.0,0.0,0.0,0.0,0.0,0.0,0.0,0.0,0.0,0.0,0.0,0.0,0.0,0.0,0.0,0.0,0.0,0.0,0.688,0.7459
128,0.001,3,10,100,32,8,256,184,440338,73,30,ContrastiveLoss,gru,/home/dpetrovitch/dzagcoffee/train_trace/gender/checkpoints_2025-10-07 19:53:20.141369_ContrastiveLoss_gru_catboost/model_128_0.001_3_10_100_256_32_8_256_ContrastiveLoss_gruepoch=24.ckpt,24,30,0.44858488,61.0599,1.6715,0.0005,4.6101,1.2932,11.2948,0.6003,1237.5359,60.2759,273.1865,13.3059,253.6821,12.3559,242.6864,11.8204,228.1499,11.1124,216.3193,10.5361,193.6421,9.4316,85.2299,4.2772,18.8145,0.9442,17.4713,0.8768,16.714,0.8388,15.7128,0.7885,14.898,0.7476,13.3363,0.6693,0.0,0.0,0.0,0.0,0.0,0.0,0.0,0.0,0.0,0.0,0.0,0.0,0.0,0.0,0.0,0.0,0.0,0.0,0.0,0.0,0.0,0.0,0.0,0.0,0.0,0.0,0.0,0.0,0.0,0.0,0.0,0.0,0.0,0.0,0.0,0.68,0.7232
128,0.001,3,10,100,32,8,256,184,440338,73,30,ContrastiveLoss,gru,/home/dpetrovitch/dzagcoffee/train_trace/gender/checkpoints_2025-10-07 19:53:20.141369_ContrastiveLoss_gru_catboost/model_128_0.001_3_10_100_256_32_8_256_ContrastiveLoss_gruepoch=25.ckpt,25,30,0.45009825,61.2042,1.6749,0.0005,4.6089,1.2876,11.28,0.6053,1242.1571,60.5622,273.8078,13.3497,253.9161,12.3799,242.8359,11.8396,228.0724,11.1198,215.8948,10.5261,193.26,9.4225,86.2669,4.3323,19.0158,0.955,17.6343,0.8856,16.8648,0.847,15.8395,0.7955,14.9937,0.753,13.4218,0.674,0.0,0.0,0.0,0.0,0.0,0.0,0.0,0.0,0.0,0.0,0.0,0.0,0.0,0.0,0.0,0.0,0.0,0.0,0.0,0.0,0.0,0.0,0.0,0.0,0.0,0.0,0.0,0.0,0.0,0.0,0.0,0.0,0.0,0.0,0.0,0.66,0.6977
128,0.001,3,10,100,32,8,256,184,440338,73,30,ContrastiveLoss,gru,/home/dpetrovitch/dzagcoffee/train_trace/gender/checkpoints_2025-10-07 19:53:20.141369_ContrastiveLoss_gru_catboost/model_128_0.001_3_10_100_256_32_8_256_ContrastiveLoss_gruepoch=26.ckpt,26,30,0.45099768,62.0555,1.6732,0.0005,4.615,1.2944,11.4554,0.5999,1251.5173,61.0322,274.2802,13.3757,254.5783,12.4149,243.562,11.8777,229.0503,11.17,217.2983,10.5969,195.0678,9.5128,88.3513,4.4007,19.3629,0.9644,17.972,0.8952,17.1943,0.8564,16.1699,0.8054,15.3403,0.7641,13.7709,0.6859,0.0,0.0,0.0,0.0,0.0,0.0,0.0,0.0,0.0,0.0,0.0,0.0,0.0,0.0,0.0,0.0,0.0,0.0,0.0,0.0,0.0,0.0,0.0,0.0,0.0,0.0,0.0,0.0,0.0,0.0,0.0,0.0,0.0,0.0,0.0,0.668,0.7222
128,0.001,3,10,100,32,8,256,184,440338,73,30,ContrastiveLoss,gru,/home/dpetrovitch/dzagcoffee/train_trace/gender/checkpoints_2025-10-07 19:53:20.141369_ContrastiveLoss_gru_catboost/model_128_0.001_3_10_100_256_32_8_256_ContrastiveLoss_gruepoch=27.ckpt,27,30,0.4460121,62.4164,1.6725,0.0005,4.6113,1.302,11.6846,0.5928,1266.3552,61.6939,275.2726,13.4106,255.5386,12.4492,244.5476,11.9138,230.264,11.2179,218.3036,10.6352,195.8669,9.5422,88.5999,4.4199,19.2593,0.9608,17.8786,0.8919,17.1097,0.8535,16.1103,0.8037,15.2735,0.7619,13.7037,0.6836,0.0,0.0,0.0,0.0,0.0,0.0,0.0,0.0,0.0,0.0,0.0,0.0,0.0,0.0,0.0,0.0,0.0,0.0,0.0,0.0,0.0,0.0,0.0,0.0,0.0,0.0,0.0,0.0,0.0,0.0,0.0,0.0,0.0,0.0,0.0,0.66,0.7087
128,0.001,3,10,100,32,8,256,184,440338,73,30,ContrastiveLoss,gru,/home/dpetrovitch/dzagcoffee/train_trace/gender/checkpoints_2025-10-07 19:53:20.141369_ContrastiveLoss_gru_catboost/model_128_0.001_3_10_100_256_32_8_256_ContrastiveLoss_gruepoch=28.ckpt,28,30,0.44732562,61.654,1.6688,0.0005,4.6168,1.2884,11.5136,0.6036,1254.7908,61.1018,274.4496,13.3643,254.8219,12.4085,243.7044,11.8671,229.2249,11.1621,217.0147,10.5675,194.3161,9.4622,85.3528,4.2441,18.6685,0.9283,17.3334,0.8619,16.5772,0.8243,15.5922,0.7753,14.7617,0.734,13.2177,0.6572,0.0,0.0,0.0,0.0,0.0,0.0,0.0,0.0,0.0,0.0,0.0,0.0,0.0,0.0,0.0,0.0,0.0,0.0,0.0,0.0,0.0,0.0,0.0,0.0,0.0,0.0,0.0,0.0,0.0,0.0,0.0,0.0,0.0,0.0,0.0,0.664,0.7162
128,0.001,3,10,100,32,8,256,184,440338,73,30,ContrastiveLoss,gru,/home/dpetrovitch/dzagcoffee/train_trace/gender/checkpoints_2025-10-07 19:53:20.141369_ContrastiveLoss_gru_catboost/model_128_0.001_3_10_100_256_32_8_256_ContrastiveLoss_gruepoch=29.ckpt,29,30,0.4513946,62.4414,1.6745,0.0005,4.6224,1.2904,11.116,0.6035,1259.7114,61.3931,274.4489,13.3755,254.8642,12.421,243.6503,11.8745,229.0748,11.1641,217.0599,10.5786,193.8758,9.4487,88.9952,4.413,19.3891,0.9615,18.0055,0.8928,17.2132,0.8536,16.1835,0.8025,15.3347,0.7604,13.6968,0.6792,0.0,0.0,0.0,0.0,0.0,0.0,0.0,0.0,0.0,0.0,0.0,0.0,0.0,0.0,0.0,0.0,0.0,0.0,0.0,0.0,0.0,0.0,0.0,0.0,0.0,0.0,0.0,0.0,0.0,0.0,0.0,0.0,0.0,0.0,0.0,0.672,0.7175
128,0.001,3,10,100,32,16,256,184,440338,73,30,ContrastiveLoss,gru,/home/dpetrovitch/dzagcoffee/train_trace/gender/checkpoints_2025-10-07 19:53:20.141369_ContrastiveLoss_gru_catboost/model_128_0.001_3_10_100_256_32_16_256_ContrastiveLoss_gruepoch=00.ckpt,0,30,0.337034,45.4992,1.6788,0.0003,5.1181,1.3859,5.6795,0.5347,620.4736,31.0417,230.7576,11.5446,203.3376,10.1728,188.247,9.4178,168.8073,8.4453,153.801,7.6945,110.5308,5.5298,26.8553,1.8008,9.9876,0.6697,8.8009,0.5901,8.1477,0.5463,7.3063,0.4899,6.6568,0.4464,4.784,0.3208,0.0,0.0,0.0,0.0,0.0,0.0,0.0,0.0,0.0,0.0,0.0,0.0,0.0,0.0,0.0,0.0,0.0,0.0,0.0,0.0,0.0,0.0,0.0,0.0,0.0,0.0,0.0,0.0,0.0,0.0,0.0,0.0,0.0,0.0,0.0,0.58,0.6172
128,0.001,3,10,100,32,16,256,184,440338,73,30,ContrastiveLoss,gru,/home/dpetrovitch/dzagcoffee/train_trace/gender/checkpoints_2025-10-07 19:53:20.141369_ContrastiveLoss_gru_catboost/model_128_0.001_3_10_100_256_32_16_256_ContrastiveLoss_gruepoch=01.ckpt,1,30,0.38255835,44.0605,1.6787,0.0004,4.8343,1.5165,8.0533,0.4565,818.6836,40.5887,236.787,11.7394,212.2747,10.5242,198.5346,9.843,180.8646,8.9669,166.9112,8.2751,139.3118,6.9068,42.678,2.671,12.3437,0.7725,11.0659,0.6926,10.3496,0.6477,9.4285,0.5901,8.7011,0.5446,7.2623,0.4545,0.0,0.0,0.0,0.0,0.0,0.0,0.0,0.0,0.0,0.0,0.0,0.0,0.0,0.0,0.0,0.0,0.0,0.0,0.0,0.0,0.0,0.0,0.0,0.0,0.0,0.0,0.0,0.0,0.0,0.0,0.0,0.0,0.0,0.0,0.0,0.608,0.6709
128,0.001,3,10,100,32,16,256,184,440338,73,30,ContrastiveLoss,gru,/home/dpetrovitch/dzagcoffee/train_trace/gender/checkpoints_2025-10-07 19:53:20.141369_ContrastiveLoss_gru_catboost/model_128_0.001_3_10_100_256_32_16_256_ContrastiveLoss_gruepoch=02.ckpt,2,30,0.39146447,43.0702,1.6786,0.0004,4.6678,1.4172,9.4408,0.5089,878.0615,43.371,241.7223,11.9396,218.4505,10.7901,205.5104,10.151,187.8116,9.2768,173.2449,8.5573,148.3001,7.3251,49.6463,2.9462,13.6672,0.8111,12.3514,0.733,11.6197,0.6896,10.619,0.6302,9.7954,0.5813,8.385,0.4976,0.0,0.0,0.0,0.0,0.0,0.0,0.0,0.0,0.0,0.0,0.0,0.0,0.0,0.0,0.0,0.0,0.0,0.0,0.0,0.0,0.0,0.0,0.0,0.0,0.0,0.0,0.0,0.0,0.0,0.0,0.0,0.0,0.0,0.0,0.0,0.632,0.6428
128,0.001,3,10,100,32,16,256,184,440338,73,30,ContrastiveLoss,gru,/home/dpetrovitch/dzagcoffee/train_trace/gender/checkpoints_2025-10-07 19:53:20.141369_ContrastiveLoss_gru_catboost/model_128_0.001_3_10_100_256_32_16_256_ContrastiveLoss_gruepoch=03.ckpt,3,30,0.4014729,42.903,1.6783,0.0004,4.5976,1.3486,9.2062,0.5566,950.0397,46.7894,247.5607,12.1923,225.3056,11.0963,213.1893,10.4996,196.1183,9.6588,181.8528,8.9562,156.6061,7.7128,57.5238,3.3332,14.9895,0.8686,13.642,0.7905,12.9084,0.748,11.8747,0.6881,11.011,0.638,9.4823,0.5495,0.0,0.0,0.0,0.0,0.0,0.0,0.0,0.0,0.0,0.0,0.0,0.0,0.0,0.0,0.0,0.0,0.0,0.0,0.0,0.0,0.0,0.0,0.0,0.0,0.0,0.0,0.0,0.0,0.0,0.0,0.0,0.0,0.0,0.0,0.0,0.628,0.6301
128,0.001,3,10,100,32,16,256,184,440338,73,30,ContrastiveLoss,gru,/home/dpetrovitch/dzagcoffee/train_trace/gender/checkpoints_2025-10-07 19:53:20.141369_ContrastiveLoss_gru_catboost/model_128_0.001_3_10_100_256_32_16_256_ContrastiveLoss_gruepoch=04.ckpt,4,30,0.40594447,44.3754,1.678,0.0004,4.5355,1.3297,8.9231,0.5702,976.7164,47.9453,249.8595,12.2652,227.7643,11.1805,215.6634,10.5865,199.2884,9.7827,185.4157,9.1017,162.0193,7.9532,58.1122,3.3316,14.866,0.8523,13.5514,0.7769,12.8314,0.7356,11.8572,0.6798,11.0318,0.6325,9.6398,0.5526,0.0,0.0,0.0,0.0,0.0,0.0,0.0,0.0,0.0,0.0,0.0,0.0,0.0,0.0,0.0,0.0,0.0,0.0,0.0,0.0,0.0,0.0,0.0,0.0,0.0,0.0,0.0,0.0,0.0,0.0,0.0,0.0,0.0,0.0,0.0,0.652,0.6707
128,0.001,3,10,100,32,16,256,184,440338,73,30,ContrastiveLoss,gru,/home/dpetrovitch/dzagcoffee/train_trace/gender/checkpoints_2025-10-07 19:53:20.141369_ContrastiveLoss_gru_catboost/model_128_0.001_3_10_100_256_32_16_256_ContrastiveLoss_gruepoch=05.ckpt,5,30,0.4192766,46.4298,1.6782,0.0005,4.506,1.3265,9.5394,0.5723,1029.3657,50.491,253.4925,12.4339,232.2133,11.3902,220.1477,10.7984,204.1985,10.0161,190.6961,9.3537,166.8056,8.1819,61.6586,3.5621,15.1841,0.8772,13.9095,0.8036,13.1868,0.7618,12.2314,0.7066,11.4226,0.6599,9.9916,0.5772,0.0,0.0,0.0,0.0,0.0,0.0,0.0,0.0,0.0,0.0,0.0,0.0,0.0,0.0,0.0,0.0,0.0,0.0,0.0,0.0,0.0,0.0,0.0,0.0,0.0,0.0,0.0,0.0,0.0,0.0,0.0,0.0,0.0,0.0,0.0,0.66,0.6506
128,0.001,3,10,100,32,16,256,184,440338,73,30,ContrastiveLoss,gru,/home/dpetrovitch/dzagcoffee/train_trace/gender/checkpoints_2025-10-07 19:53:20.141369_ContrastiveLoss_gru_catboost/model_128_0.001_3_10_100_256_32_16_256_ContrastiveLoss_gruepoch=06.ckpt,6,30,0.41940498,49.4797,1.6781,0.0005,4.4912,1.3407,10.2233,0.5608,1080.9395,52.9485,259.8673,12.7293,238.8577,11.7002,227.1065,11.1245,211.6572,10.3678,199.5968,9.777,177.3861,8.689,70.3126,3.7653,16.9038,0.9052,15.5371,0.832,14.7728,0.7911,13.7678,0.7373,12.9833,0.6953,11.5386,0.6179,0.0,0.0,0.0,0.0,0.0,0.0,0.0,0.0,0.0,0.0,0.0,0.0,0.0,0.0,0.0,0.0,0.0,0.0,0.0,0.0,0.0,0.0,0.0,0.0,0.0,0.0,0.0,0.0,0.0,0.0,0.0,0.0,0.0,0.0,0.0,0.692,0.6798
128,0.001,3,10,100,32,16,256,184,440338,73,30,ContrastiveLoss,gru,/home/dpetrovitch/dzagcoffee/train_trace/gender/checkpoints_2025-10-07 19:53:20.141369_ContrastiveLoss_gru_catboost/model_128_0.001_3_10_100_256_32_16_256_ContrastiveLoss_gruepoch=07.ckpt,7,30,0.4281541,50.136,1.6774,0.0005,4.4894,1.321,9.7449,0.5781,1086.3043,53.165,261.5751,12.8018,240.5314,11.7719,228.7375,11.1947,213.184,10.4335,200.8111,9.8279,178.045,8.7137,73.6731,3.939,17.74,0.9485,16.3128,0.8722,15.513,0.8294,14.4581,0.773,13.619,0.7282,12.075,0.6456,0.0,0.0,0.0,0.0,0.0,0.0,0.0,0.0,0.0,0.0,0.0,0.0,0.0,0.0,0.0,0.0,0.0,0.0,0.0,0.0,0.0,0.0,0.0,0.0,0.0,0.0,0.0,0.0,0.0,0.0,0.0,0.0,0.0,0.0,0.0,0.692,0.6905
128,0.001,3,10,100,32,16,256,184,440338,73,30,ContrastiveLoss,gru,/home/dpetrovitch/dzagcoffee/train_trace/gender/checkpoints_2025-10-07 19:53:20.141369_ContrastiveLoss_gru_catboost/model_128_0.001_3_10_100_256_32_16_256_ContrastiveLoss_gruepoch=08.ckpt,8,30,0.43184626,49.9875,1.6766,0.0005,4.5058,1.2845,9.7229,0.6082,1101.424,53.8725,264.3428,12.9295,243.4875,11.9094,231.9861,11.3468,216.63,10.5957,203.7388,9.9652,180.7014,8.8384,78.8796,4.0666,18.9312,0.976,17.4376,0.899,16.6139,0.8565,15.5142,0.7998,14.591,0.7522,12.9411,0.6672,0.0,0.0,0.0,0.0,0.0,0.0,0.0,0.0,0.0,0.0,0.0,0.0,0.0,0.0,0.0,0.0,0.0,0.0,0.0,0.0,0.0,0.0,0.0,0.0,0.0,0.0,0.0,0.0,0.0,0.0,0.0,0.0,0.0,0.0,0.0,0.688,0.7057
128,0.001,3,10,100,32,16,256,184,440338,73,30,ContrastiveLoss,gru,/home/dpetrovitch/dzagcoffee/train_trace/gender/checkpoints_2025-10-07 19:53:20.141369_ContrastiveLoss_gru_catboost/model_128_0.001_3_10_100_256_32_16_256_ContrastiveLoss_gruepoch=09.ckpt,9,30,0.4325743,51.8545,1.6765,0.0005,4.5337,1.2952,10.4642,0.5998,1140.6176,55.7828,267.0913,13.0623,246.9665,12.0781,235.8452,11.5342,220.5974,10.7885,208.5904,10.2013,186.2799,9.1102,78.298,4.0129,18.3346,0.9397,16.9531,0.8689,16.1897,0.8298,15.143,0.7761,14.3187,0.7339,12.7872,0.6554,0.0,0.0,0.0,0.0,0.0,0.0,0.0,0.0,0.0,0.0,0.0,0.0,0.0,0.0,0.0,0.0,0.0,0.0,0.0,0.0,0.0,0.0,0.0,0.0,0.0,0.0,0.0,0.0,0.0,0.0,0.0,0.0,0.0,0.0,0.0,0.648,0.6905
128,0.001,3,10,100,32,16,256,184,440338,73,30,ContrastiveLoss,gru,/home/dpetrovitch/dzagcoffee/train_trace/gender/checkpoints_2025-10-07 19:53:20.141369_ContrastiveLoss_gru_catboost/model_128_0.001_3_10_100_256_32_16_256_ContrastiveLoss_gruepoch=10.ckpt,10,30,0.4339707,52.2562,1.6758,0.0005,4.5131,1.2946,11.3094,0.6001,1160.5624,56.7269,269.8993,13.1924,249.207,12.1809,237.7629,11.6216,222.2821,10.8649,210.3972,10.284,187.3881,9.1593,80.132,4.0938,18.6354,0.9521,17.2067,0.8791,16.4165,0.8387,15.3476,0.7841,14.527,0.7422,12.9384,0.661,0.0,0.0,0.0,0.0,0.0,0.0,0.0,0.0,0.0,0.0,0.0,0.0,0.0,0.0,0.0,0.0,0.0,0.0,0.0,0.0,0.0,0.0,0.0,0.0,0.0,0.0,0.0,0.0,0.0,0.0,0.0,0.0,0.0,0.0,0.0,0.684,0.716
128,0.001,3,10,100,32,16,256,184,440338,73,30,ContrastiveLoss,gru,/home/dpetrovitch/dzagcoffee/train_trace/gender/checkpoints_2025-10-07 19:53:20.141369_ContrastiveLoss_gru_catboost/model_128_0.001_3_10_100_256_32_16_256_ContrastiveLoss_gruepoch=11.ckpt,11,30,0.4371659,52.8471,1.6761,0.0005,4.5071,1.3019,11.5683,0.5933,1183.2202,57.7811,270.5886,13.2139,250.388,12.2274,239.0347,11.673,224.3191,10.9544,212.0841,10.3569,188.8295,9.2213,84.6176,4.3152,19.3511,0.9868,17.9064,0.9132,17.0945,0.8718,16.0421,0.8181,15.1671,0.7735,13.5041,0.6887,0.0,0.0,0.0,0.0,0.0,0.0,0.0,0.0,0.0,0.0,0.0,0.0,0.0,0.0,0.0,0.0,0.0,0.0,0.0,0.0,0.0,0.0,0.0,0.0,0.0,0.0,0.0,0.0,0.0,0.0,0.0,0.0,0.0,0.0,0.0,0.684,0.7243
128,0.001,3,10,100,32,16,256,184,440338,73,30,ContrastiveLoss,gru,/home/dpetrovitch/dzagcoffee/train_trace/gender/checkpoints_2025-10-07 19:53:20.141369_ContrastiveLoss_gru_catboost/model_128_0.001_3_10_100_256_32_16_256_ContrastiveLoss_gruepoch=12.ckpt,12,30,0.43771136,51.7647,1.6757,0.0005,4.5248,1.2773,11.1183,0.6151,1180.6309,57.6293,271.2969,13.2426,251.0623,12.2549,239.7274,11.7016,224.7346,10.9698,212.886,10.3914,190.0835,9.2784,79.207,4.1342,18.201,0.95,16.8435,0.8791,16.083,0.8394,15.0772,0.7869,14.2823,0.7455,12.7525,0.6656,0.0,0.0,0.0,0.0,0.0,0.0,0.0,0.0,0.0,0.0,0.0,0.0,0.0,0.0,0.0,0.0,0.0,0.0,0.0,0.0,0.0,0.0,0.0,0.0,0.0,0.0,0.0,0.0,0.0,0.0,0.0,0.0,0.0,0.0,0.0,0.68,0.7203
128,0.001,3,10,100,32,16,256,184,440338,73,30,ContrastiveLoss,gru,/home/dpetrovitch/dzagcoffee/train_trace/gender/checkpoints_2025-10-07 19:53:20.141369_ContrastiveLoss_gru_catboost/model_128_0.001_3_10_100_256_32_16_256_ContrastiveLoss_gruepoch=13.ckpt,13,30,0.44011557,53.7032,1.6773,0.0005,4.5167,1.301,11.0207,0.5942,1212.474,59.1973,272.2875,13.294,252.4938,12.3276,241.5416,11.7929,227.1275,11.0892,215.6467,10.5286,193.3349,9.4393,84.2602,4.2627,18.9225,0.9573,17.5469,0.8877,16.7858,0.8492,15.7841,0.7985,14.9862,0.7582,13.4357,0.6797,0.0,0.0,0.0,0.0,0.0,0.0,0.0,0.0,0.0,0.0,0.0,0.0,0.0,0.0,0.0,0.0,0.0,0.0,0.0,0.0,0.0,0.0,0.0,0.0,0.0,0.0,0.0,0.0,0.0,0.0,0.0,0.0,0.0,0.0,0.0,0.684,0.7174
128,0.001,3,10,100,32,16,256,184,440338,73,30,ContrastiveLoss,gru,/home/dpetrovitch/dzagcoffee/train_trace/gender/checkpoints_2025-10-07 19:53:20.141369_ContrastiveLoss_gru_catboost/model_128_0.001_3_10_100_256_32_16_256_ContrastiveLoss_gruepoch=14.ckpt,14,30,0.44481277,51.0953,1.6735,0.0005,4.5442,1.2528,10.698,0.6379,1186.5818,57.8623,271.6651,13.2474,251.5549,12.2668,240.268,11.7164,225.088,10.9762,213.1408,10.3936,189.9294,9.2617,79.6619,4.1633,18.2384,0.9532,16.8883,0.8826,16.1305,0.843,15.1114,0.7898,14.3093,0.7478,12.751,0.6664,0.0,0.0,0.0,0.0,0.0,0.0,0.0,0.0,0.0,0.0,0.0,0.0,0.0,0.0,0.0,0.0,0.0,0.0,0.0,0.0,0.0,0.0,0.0,0.0,0.0,0.0,0.0,0.0,0.0,0.0,0.0,0.0,0.0,0.0,0.0,0.676,0.7146
128,0.001,3,10,100,32,16,256,184,440338,73,30,ContrastiveLoss,gru,/home/dpetrovitch/dzagcoffee/train_trace/gender/checkpoints_2025-10-07 19:53:20.141369_ContrastiveLoss_gru_catboost/model_128_0.001_3_10_100_256_32_16_256_ContrastiveLoss_gruepoch=15.ckpt,15,30,0.4371288,52.5794,1.6761,0.0005,4.5259,1.2663,11.3416,0.6258,1207.1266,58.9295,272.2837,13.2923,252.5757,12.3302,241.346,11.782,226.6039,11.0623,215.0055,10.4961,191.9803,9.3721,79.9267,4.1719,18.0286,0.941,16.7236,0.8729,15.9801,0.8341,15.004,0.7832,14.236,0.7431,12.7115,0.6635,0.0,0.0,0.0,0.0,0.0,0.0,0.0,0.0,0.0,0.0,0.0,0.0,0.0,0.0,0.0,0.0,0.0,0.0,0.0,0.0,0.0,0.0,0.0,0.0,0.0,0.0,0.0,0.0,0.0,0.0,0.0,0.0,0.0,0.0,0.0,0.696,0.6994
128,0.001,3,10,100,32,16,256,184,440338,73,30,ContrastiveLoss,gru,/home/dpetrovitch/dzagcoffee/train_trace/gender/checkpoints_2025-10-07 19:53:20.141369_ContrastiveLoss_gru_catboost/model_128_0.001_3_10_100_256_32_16_256_ContrastiveLoss_gruepoch=16.ckpt,16,30,0.443328,54.8571,1.6763,0.0006,4.5106,1.3032,11.573,0.5922,1255.898,61.314,273.5957,13.3572,253.8935,12.3953,242.9866,11.8628,228.6437,11.1626,217.1393,10.6009,194.1379,9.478,82.0811,4.2675,17.8813,0.9297,16.5936,0.8627,15.8808,0.8257,14.9434,0.7769,14.1915,0.7378,12.6882,0.6597,0.0,0.0,0.0,0.0,0.0,0.0,0.0,0.0,0.0,0.0,0.0,0.0,0.0,0.0,0.0,0.0,0.0,0.0,0.0,0.0,0.0,0.0,0.0,0.0,0.0,0.0,0.0,0.0,0.0,0.0,0.0,0.0,0.0,0.0,0.0,0.672,0.7071
128,0.001,3,10,100,32,16,256,184,440338,73,30,ContrastiveLoss,gru,/home/dpetrovitch/dzagcoffee/train_trace/gender/checkpoints_2025-10-07 19:53:20.141369_ContrastiveLoss_gru_catboost/model_128_0.001_3_10_100_256_32_16_256_ContrastiveLoss_gruepoch=17.ckpt,17,30,0.44341937,55.0646,1.671,0.0006,4.5109,1.3094,11.237,0.5862,1259.1553,61.3612,273.8865,13.3471,254.3837,12.3966,243.4115,11.8619,229.0844,11.1638,217.799,10.6138,196.0481,9.5538,85.5959,4.3502,18.6185,0.9462,17.2927,0.8789,16.5468,0.841,15.5729,0.7915,14.8057,0.7525,13.3271,0.6773,0.0,0.0,0.0,0.0,0.0,0.0,0.0,0.0,0.0,0.0,0.0,0.0,0.0,0.0,0.0,0.0,0.0,0.0,0.0,0.0,0.0,0.0,0.0,0.0,0.0,0.0,0.0,0.0,0.0,0.0,0.0,0.0,0.0,0.0,0.0,0.692,0.712
128,0.001,3,10,100,32,16,256,184,440338,73,30,ContrastiveLoss,gru,/home/dpetrovitch/dzagcoffee/train_trace/gender/checkpoints_2025-10-07 19:53:20.141369_ContrastiveLoss_gru_catboost/model_128_0.001_3_10_100_256_32_16_256_ContrastiveLoss_gruepoch=18.ckpt,18,30,0.44624627,54.4296,1.6751,0.0005,4.541,1.2847,11.0752,0.6083,1260.4435,61.5132,273.9584,13.3699,254.0452,12.3981,243.1773,11.8677,228.5676,11.1548,217.0934,10.5948,194.2359,9.4793,86.7479,4.3757,18.8547,0.9511,17.4842,0.8819,16.7363,0.8442,15.7308,0.7935,14.9411,0.7536,13.368,0.6743,0.0,0.0,0.0,0.0,0.0,0.0,0.0,0.0,0.0,0.0,0.0,0.0,0.0,0.0,0.0,0.0,0.0,0.0,0.0,0.0,0.0,0.0,0.0,0.0,0.0,0.0,0.0,0.0,0.0,0.0,0.0,0.0,0.0,0.0,0.0,0.696,0.7218
128,0.001,3,10,100,32,16,256,184,440338,73,30,ContrastiveLoss,gru,/home/dpetrovitch/dzagcoffee/train_trace/gender/checkpoints_2025-10-07 19:53:20.141369_ContrastiveLoss_gru_catboost/model_128_0.001_3_10_100_256_32_16_256_ContrastiveLoss_gruepoch=19.ckpt,19,30,0.44607487,55.6678,1.6744,0.0005,4.5101,1.2976,11.814,0.5965,1274.5918,62.136,275.3027,13.4209,255.8652,12.4734,244.9622,11.9418,230.6425,11.2438,219.5781,10.7044,197.9335,9.6492,87.0591,4.391,18.8041,0.9484,17.4765,0.8815,16.7318,0.8439,15.7537,0.7946,14.998,0.7565,13.5196,0.6819,0.0,0.0,0.0,0.0,0.0,0.0,0.0,0.0,0.0,0.0,0.0,0.0,0.0,0.0,0.0,0.0,0.0,0.0,0.0,0.0,0.0,0.0,0.0,0.0,0.0,0.0,0.0,0.0,0.0,0.0,0.0,0.0,0.0,0.0,0.0,0.696,0.7233
128,0.001,3,10,100,32,16,256,184,440338,73,30,ContrastiveLoss,gru,/home/dpetrovitch/dzagcoffee/train_trace/gender/checkpoints_2025-10-07 19:53:20.141369_ContrastiveLoss_gru_catboost/model_128_0.001_3_10_100_256_32_16_256_ContrastiveLoss_gruepoch=20.ckpt,20,30,0.4488875,55.5337,1.6747,0.0005,4.527,1.2928,12.2702,0.6013,1272.8231,62.0659,276.0885,13.4627,256.761,12.5203,245.8969,11.9905,231.5973,11.2932,220.3081,10.7428,197.5249,9.6318,85.6527,4.3285,18.579,0.9389,17.2783,0.8732,16.5473,0.8362,15.585,0.7876,14.8253,0.7492,13.2921,0.6717,0.0,0.0,0.0,0.0,0.0,0.0,0.0,0.0,0.0,0.0,0.0,0.0,0.0,0.0,0.0,0.0,0.0,0.0,0.0,0.0,0.0,0.0,0.0,0.0,0.0,0.0,0.0,0.0,0.0,0.0,0.0,0.0,0.0,0.0,0.0,0.704,0.7334
128,0.001,3,10,100,32,16,256,184,440338,73,30,ContrastiveLoss,gru,/home/dpetrovitch/dzagcoffee/train_trace/gender/checkpoints_2025-10-07 19:53:20.141369_ContrastiveLoss_gru_catboost/model_128_0.001_3_10_100_256_32_16_256_ContrastiveLoss_gruepoch=21.ckpt,21,30,0.44674018,53.9887,1.6696,0.0005,4.5331,1.2709,11.8394,0.6203,1267.017,61.7093,275.6721,13.4264,256.2636,12.4812,245.3971,11.9519,231.0048,11.2509,219.4704,10.6892,197.9753,9.6423,82.727,4.2665,17.9994,0.9283,16.7321,0.8629,16.0226,0.8263,15.0829,0.7779,14.3298,0.739,12.9263,0.6667,0.0,0.0,0.0,0.0,0.0,0.0,0.0,0.0,0.0,0.0,0.0,0.0,0.0,0.0,0.0,0.0,0.0,0.0,0.0,0.0,0.0,0.0,0.0,0.0,0.0,0.0,0.0,0.0,0.0,0.0,0.0,0.0,0.0,0.0,0.0,0.708,0.7079
128,0.001,3,10,100,32,16,256,184,440338,73,30,ContrastiveLoss,gru,/home/dpetrovitch/dzagcoffee/train_trace/gender/checkpoints_2025-10-07 19:53:20.141369_ContrastiveLoss_gru_catboost/model_128_0.001_3_10_100_256_32_16_256_ContrastiveLoss_gruepoch=22.ckpt,22,30,0.44587502,55.4675,1.6736,0.0005,4.5272,1.291,12.0223,0.6021,1293.4884,63.0157,276.4284,13.4669,257.1459,12.5275,246.3707,12.0026,232.3731,11.3207,221.0565,10.7693,198.8289,9.6865,87.9543,4.3759,18.7965,0.9352,17.4853,0.8699,16.7527,0.8335,15.8008,0.7861,15.0313,0.7478,13.5199,0.6726,0.0,0.0,0.0,0.0,0.0,0.0,0.0,0.0,0.0,0.0,0.0,0.0,0.0,0.0,0.0,0.0,0.0,0.0,0.0,0.0,0.0,0.0,0.0,0.0,0.0,0.0,0.0,0.0,0.0,0.0,0.0,0.0,0.0,0.0,0.0,0.672,0.7076
128,0.001,3,10,100,32,16,256,184,440338,73,30,ContrastiveLoss,gru,/home/dpetrovitch/dzagcoffee/train_trace/gender/checkpoints_2025-10-07 19:53:20.141369_ContrastiveLoss_gru_catboost/model_128_0.001_3_10_100_256_32_16_256_ContrastiveLoss_gruepoch=23.ckpt,23,30,0.44844207,55.3796,1.6708,0.0005,4.5288,1.2922,11.9131,0.601,1301.0369,63.3637,276.6808,13.475,257.4691,12.5394,246.5832,12.0092,232.3554,11.3163,221.1872,10.7724,199.0021,9.6919,87.5904,4.4117,18.6271,0.9382,17.3337,0.8731,16.6008,0.8361,15.643,0.7879,14.8911,0.75,13.3975,0.6748,0.0,0.0,0.0,0.0,0.0,0.0,0.0,0.0,0.0,0.0,0.0,0.0,0.0,0.0,0.0,0.0,0.0,0.0,0.0,0.0,0.0,0.0,0.0,0.0,0.0,0.0,0.0,0.0,0.0,0.0,0.0,0.0,0.0,0.0,0.0,0.688,0.7264
128,0.001,3,10,100,32,16,256,184,440338,73,30,ContrastiveLoss,gru,/home/dpetrovitch/dzagcoffee/train_trace/gender/checkpoints_2025-10-07 19:53:20.141369_ContrastiveLoss_gru_catboost/model_128_0.001_3_10_100_256_32_16_256_ContrastiveLoss_gruepoch=24.ckpt,24,30,0.44847634,55.352,1.671,0.0005,4.5225,1.2868,11.8515,0.6058,1300.0911,63.3137,276.3784,13.4595,257.204,12.5257,246.4871,12.0038,232.4225,11.3188,221.1888,10.7718,199.6033,9.7206,91.3504,4.5572,19.4196,0.9688,18.0723,0.9016,17.3193,0.864,16.3311,0.8147,15.5417,0.7753,14.025,0.6997,0.0,0.0,0.0,0.0,0.0,0.0,0.0,0.0,0.0,0.0,0.0,0.0,0.0,0.0,0.0,0.0,0.0,0.0,0.0,0.0,0.0,0.0,0.0,0.0,0.0,0.0,0.0,0.0,0.0,0.0,0.0,0.0,0.0,0.0,0.0,0.684,0.7251
128,0.001,3,10,100,32,16,256,184,440338,73,30,ContrastiveLoss,gru,/home/dpetrovitch/dzagcoffee/train_trace/gender/checkpoints_2025-10-07 19:53:20.141369_ContrastiveLoss_gru_catboost/model_128_0.001_3_10_100_256_32_16_256_ContrastiveLoss_gruepoch=25.ckpt,25,30,0.44774818,55.6525,1.6741,0.0005,4.5374,1.2831,11.7473,0.6099,1303.304,63.548,277.3915,13.5254,258.1012,12.5848,247.2283,12.0546,233.024,11.362,221.5988,10.805,199.2863,9.717,89.2768,4.4931,19.0014,0.9563,17.68,0.8898,16.9352,0.8523,15.9622,0.8033,15.1796,0.764,13.6512,0.687,0.0,0.0,0.0,0.0,0.0,0.0,0.0,0.0,0.0,0.0,0.0,0.0,0.0,0.0,0.0,0.0,0.0,0.0,0.0,0.0,0.0,0.0,0.0,0.0,0.0,0.0,0.0,0.0,0.0,0.0,0.0,0.0,0.0,0.0,0.0,0.708,0.739
128,0.001,3,10,100,32,16,256,184,440338,73,30,ContrastiveLoss,gru,/home/dpetrovitch/dzagcoffee/train_trace/gender/checkpoints_2025-10-07 19:53:20.141369_ContrastiveLoss_gru_catboost/model_128_0.001_3_10_100_256_32_16_256_ContrastiveLoss_gruepoch=26.ckpt,26,30,0.4455495,55.9616,1.6731,0.0005,4.5334,1.2851,11.5184,0.6072,1317.0321,64.1858,277.2869,13.5136,258.2792,12.5873,247.5193,12.0629,233.4802,11.3787,222.117,10.8249,200.2441,9.7589,91.335,4.6045,19.2296,0.9694,17.9114,0.903,17.1652,0.8653,16.1916,0.8163,15.4036,0.7765,13.8867,0.7001,0.0,0.0,0.0,0.0,0.0,0.0,0.0,0.0,0.0,0.0,0.0,0.0,0.0,0.0,0.0,0.0,0.0,0.0,0.0,0.0,0.0,0.0,0.0,0.0,0.0,0.0,0.0,0.0,0.0,0.0,0.0,0.0,0.0,0.0,0.0,0.68,0.7301
128,0.001,3,10,100,32,16,256,184,440338,73,30,ContrastiveLoss,gru,/home/dpetrovitch/dzagcoffee/train_trace/gender/checkpoints_2025-10-07 19:53:20.141369_ContrastiveLoss_gru_catboost/model_128_0.001_3_10_100_256_32_16_256_ContrastiveLoss_gruepoch=27.ckpt,27,30,0.4497527,55.3423,1.6737,0.0005,4.5399,1.2735,12.1815,0.618,1308.0586,63.7195,277.5858,13.522,258.4939,12.592,247.6273,12.0627,233.4906,11.374,222.0363,10.8161,200.3968,9.7619,89.0196,4.5206,18.891,0.9593,17.5917,0.8934,16.8522,0.8558,15.8902,0.8069,15.1106,0.7674,13.638,0.6926,0.0,0.0,0.0,0.0,0.0,0.0,0.0,0.0,0.0,0.0,0.0,0.0,0.0,0.0,0.0,0.0,0.0,0.0,0.0,0.0,0.0,0.0,0.0,0.0,0.0,0.0,0.0,0.0,0.0,0.0,0.0,0.0,0.0,0.0,0.0,0.696,0.7177
128,0.001,3,10,100,32,16,256,184,440338,73,30,ContrastiveLoss,gru,/home/dpetrovitch/dzagcoffee/train_trace/gender/checkpoints_2025-10-07 19:53:20.141369_ContrastiveLoss_gru_catboost/model_128_0.001_3_10_100_256_32_16_256_ContrastiveLoss_gruepoch=28.ckpt,28,30,0.44170037,54.5919,1.6711,0.0004,4.5498,1.2627,12.1941,0.6286,1290.3895,62.8497,276.9254,13.4879,257.8889,12.5607,247.2403,12.0421,233.0216,11.3495,221.7824,10.8021,200.0336,9.7428,88.3194,4.4498,18.9539,0.9549,17.651,0.8893,16.9221,0.8526,15.9489,0.8036,15.1797,0.7648,13.6911,0.6898,0.0,0.0,0.0,0.0,0.0,0.0,0.0,0.0,0.0,0.0,0.0,0.0,0.0,0.0,0.0,0.0,0.0,0.0,0.0,0.0,0.0,0.0,0.0,0.0,0.0,0.0,0.0,0.0,0.0,0.0,0.0,0.0,0.0,0.0,0.0,0.696,0.7343
128,0.001,3,10,100,32,16,256,184,440338,73,30,ContrastiveLoss,gru,/home/dpetrovitch/dzagcoffee/train_trace/gender/checkpoints_2025-10-07 19:53:20.141369_ContrastiveLoss_gru_catboost/model_128_0.001_3_10_100_256_32_16_256_ContrastiveLoss_gruepoch=29.ckpt,29,30,0.44752836,55.2018,1.6724,0.0005,4.5509,1.2682,12.4183,0.6232,1307.1173,63.683,277.8507,13.5369,258.7361,12.6057,247.9504,12.0802,233.7289,11.3873,222.4789,10.8392,200.3143,9.7593,88.923,4.4302,18.9021,0.9417,17.6018,0.8769,16.868,0.8404,15.9005,0.7922,15.1352,0.754,13.6274,0.6789,0.0,0.0,0.0,0.0,0.0,0.0,0.0,0.0,0.0,0.0,0.0,0.0,0.0,0.0,0.0,0.0,0.0,0.0,0.0,0.0,0.0,0.0,0.0,0.0,0.0,0.0,0.0,0.0,0.0,0.0,0.0,0.0,0.0,0.0,0.0,0.668,0.7046
128,0.001,3,10,100,32,24,256,184,440338,73,30,ContrastiveLoss,gru,/home/dpetrovitch/dzagcoffee/train_trace/gender/checkpoints_2025-10-07 19:53:20.141369_ContrastiveLoss_gru_catboost/model_128_0.001_3_10_100_256_32_24_256_ContrastiveLoss_gruepoch=00.ckpt,0,30,0.33655143,49.5139,1.6782,0.0004,5.1052,1.4209,6.9686,0.5244,597.4654,29.8526,235.3515,11.7594,208.0584,10.3957,192.7851,9.6326,172.6162,8.6248,155.038,7.7465,100.6219,5.0276,25.4426,1.6623,10.0223,0.6548,8.86,0.5789,8.2096,0.5364,7.3507,0.4803,6.6022,0.4314,4.2849,0.28,0.0,0.0,0.0,0.0,0.0,0.0,0.0,0.0,0.0,0.0,0.0,0.0,0.0,0.0,0.0,0.0,0.0,0.0,0.0,0.0,0.0,0.0,0.0,0.0,0.0,0.0,0.0,0.0,0.0,0.0,0.0,0.0,0.0,0.0,0.0,0.58,0.513
128,0.001,3,10,100,32,24,256,184,440338,73,30,ContrastiveLoss,gru,/home/dpetrovitch/dzagcoffee/train_trace/gender/checkpoints_2025-10-07 19:53:20.141369_ContrastiveLoss_gru_catboost/model_128_0.001_3_10_100_256_32_24_256_ContrastiveLoss_gruepoch=01.ckpt,1,30,0.3858507,43.1685,1.6779,0.0004,4.834,1.3917,8.1895,0.534,757.8174,37.586,236.4931,11.7295,211.2605,10.478,197.3745,9.7893,178.7168,8.8639,162.7027,8.0697,126.8672,6.2923,38.6043,2.4819,12.0473,0.7745,10.7619,0.6919,10.0545,0.6464,9.1041,0.5853,8.2883,0.5329,6.4628,0.4155,0.0,0.0,0.0,0.0,0.0,0.0,0.0,0.0,0.0,0.0,0.0,0.0,0.0,0.0,0.0,0.0,0.0,0.0,0.0,0.0,0.0,0.0,0.0,0.0,0.0,0.0,0.0,0.0,0.0,0.0,0.0,0.0,0.0,0.0,0.0,0.632,0.6436
128,0.001,3,10,100,32,24,256,184,440338,73,30,ContrastiveLoss,gru,/home/dpetrovitch/dzagcoffee/train_trace/gender/checkpoints_2025-10-07 19:53:20.141369_ContrastiveLoss_gru_catboost/model_128_0.001_3_10_100_256_32_24_256_ContrastiveLoss_gruepoch=02.ckpt,2,30,0.39609316,44.8385,1.6781,0.0004,4.7138,1.4029,8.7668,0.5244,845.3054,41.956,245.4782,12.1841,220.7502,10.9567,207.0293,10.2757,189.2682,9.3942,174.8058,8.6763,147.1399,7.3032,42.5089,2.6968,12.3447,0.7832,11.1011,0.7043,10.4111,0.6605,9.518,0.6038,8.7907,0.5577,7.3994,0.4694,0.0,0.0,0.0,0.0,0.0,0.0,0.0,0.0,0.0,0.0,0.0,0.0,0.0,0.0,0.0,0.0,0.0,0.0,0.0,0.0,0.0,0.0,0.0,0.0,0.0,0.0,0.0,0.0,0.0,0.0,0.0,0.0,0.0,0.0,0.0,0.632,0.666
128,0.001,3,10,100,32,24,256,184,440338,73,30,ContrastiveLoss,gru,/home/dpetrovitch/dzagcoffee/train_trace/gender/checkpoints_2025-10-07 19:53:20.141369_ContrastiveLoss_gru_catboost/model_128_0.001_3_10_100_256_32_24_256_ContrastiveLoss_gruepoch=03.ckpt,3,30,0.41012767,47.3309,1.6782,0.0005,4.6507,1.37,10.2973,0.5435,926.6877,45.7733,254.7564,12.5836,231.1919,11.4196,218.1369,10.7748,200.5428,9.9057,185.7018,9.1726,159.9524,7.9008,49.2749,2.8973,13.5462,0.7965,12.2932,0.7228,11.599,0.682,10.6635,0.627,9.8743,0.5806,8.5052,0.5001,0.0,0.0,0.0,0.0,0.0,0.0,0.0,0.0,0.0,0.0,0.0,0.0,0.0,0.0,0.0,0.0,0.0,0.0,0.0,0.0,0.0,0.0,0.0,0.0,0.0,0.0,0.0,0.0,0.0,0.0,0.0,0.0,0.0,0.0,0.0,0.68,0.7225
128,0.001,3,10,100,32,24,256,184,440338,73,30,ContrastiveLoss,gru,/home/dpetrovitch/dzagcoffee/train_trace/gender/checkpoints_2025-10-07 19:53:20.141369_ContrastiveLoss_gru_catboost/model_128_0.001_3_10_100_256_32_24_256_ContrastiveLoss_gruepoch=04.ckpt,4,30,0.41994473,47.5843,1.6781,0.0004,4.6369,1.322,10.1919,0.5794,967.9966,47.6898,257.2937,12.676,235.1754,11.5863,222.7443,10.9738,206.2318,10.1603,192.0186,9.4601,165.6974,8.1633,52.0911,3.0727,13.8458,0.8167,12.6556,0.7465,11.9866,0.707,11.098,0.6546,10.3332,0.6095,8.9167,0.526,0.0,0.0,0.0,0.0,0.0,0.0,0.0,0.0,0.0,0.0,0.0,0.0,0.0,0.0,0.0,0.0,0.0,0.0,0.0,0.0,0.0,0.0,0.0,0.0,0.0,0.0,0.0,0.0,0.0,0.0,0.0,0.0,0.0,0.0,0.0,0.66,0.7138
128,0.001,3,10,100,32,24,256,184,440338,73,30,ContrastiveLoss,gru,/home/dpetrovitch/dzagcoffee/train_trace/gender/checkpoints_2025-10-07 19:53:20.141369_ContrastiveLoss_gru_catboost/model_128_0.001_3_10_100_256_32_24_256_ContrastiveLoss_gruepoch=05.ckpt,5,30,0.4275088,48.3125,1.6771,0.0005,4.595,1.3045,9.7695,0.5914,1006.7146,49.4361,258.8472,12.7111,237.6216,11.6687,225.831,11.0897,209.8979,10.3073,196.4506,9.647,170.0382,8.35,61.0495,3.3941,15.6971,0.8727,14.4099,0.8011,13.6949,0.7614,12.7287,0.7077,11.9132,0.6623,10.3115,0.5733,0.0,0.0,0.0,0.0,0.0,0.0,0.0,0.0,0.0,0.0,0.0,0.0,0.0,0.0,0.0,0.0,0.0,0.0,0.0,0.0,0.0,0.0,0.0,0.0,0.0,0.0,0.0,0.0,0.0,0.0,0.0,0.0,0.0,0.0,0.0,0.688,0.749
128,0.001,3,10,100,32,24,256,184,440338,73,30,ContrastiveLoss,gru,/home/dpetrovitch/dzagcoffee/train_trace/gender/checkpoints_2025-10-07 19:53:20.141369_ContrastiveLoss_gru_catboost/model_128_0.001_3_10_100_256_32_24_256_ContrastiveLoss_gruepoch=06.ckpt,6,30,0.43338534,48.7546,1.6779,0.0005,4.6013,1.287,10.8534,0.6083,1033.0619,50.6887,263.0635,12.9076,241.9549,11.8719,229.9581,11.2832,213.7355,10.4872,200.0225,9.8144,171.9483,8.4369,62.1848,3.4527,15.835,0.8792,14.5644,0.8087,13.8422,0.7686,12.8657,0.7144,12.0403,0.6685,10.3504,0.5747,0.0,0.0,0.0,0.0,0.0,0.0,0.0,0.0,0.0,0.0,0.0,0.0,0.0,0.0,0.0,0.0,0.0,0.0,0.0,0.0,0.0,0.0,0.0,0.0,0.0,0.0,0.0,0.0,0.0,0.0,0.0,0.0,0.0,0.0,0.0,0.668,0.7369
128,0.001,3,10,100,32,24,256,184,440338,73,30,ContrastiveLoss,gru,/home/dpetrovitch/dzagcoffee/train_trace/gender/checkpoints_2025-10-07 19:53:20.141369_ContrastiveLoss_gru_catboost/model_128_0.001_3_10_100_256_32_24_256_ContrastiveLoss_gruepoch=07.ckpt,7,30,0.43134657,52.4059,1.6773,0.0005,4.5474,1.3237,10.3697,0.5758,1075.599,52.7579,266.4829,13.0709,245.1952,12.0268,233.3492,11.4457,217.9016,10.688,205.6916,10.0891,181.1705,8.8864,62.6908,3.4018,15.5319,0.8428,14.2911,0.7755,13.6007,0.738,12.7003,0.6892,11.9886,0.6505,10.5595,0.573,0.0,0.0,0.0,0.0,0.0,0.0,0.0,0.0,0.0,0.0,0.0,0.0,0.0,0.0,0.0,0.0,0.0,0.0,0.0,0.0,0.0,0.0,0.0,0.0,0.0,0.0,0.0,0.0,0.0,0.0,0.0,0.0,0.0,0.0,0.0,0.7,0.745
128,0.001,3,10,100,32,24,256,184,440338,73,30,ContrastiveLoss,gru,/home/dpetrovitch/dzagcoffee/train_trace/gender/checkpoints_2025-10-07 19:53:20.141369_ContrastiveLoss_gru_catboost/model_128_0.001_3_10_100_256_32_24_256_ContrastiveLoss_gruepoch=08.ckpt,8,30,0.43660912,50.6658,1.6756,0.0005,4.5666,1.2757,11.8332,0.6167,1090.2068,53.3398,267.6774,13.0965,247.1632,12.0928,235.7278,11.5333,220.1293,10.7701,207.6303,10.1586,180.4859,8.8305,66.093,3.6057,16.2277,0.8853,14.9841,0.8175,14.2908,0.7796,13.3452,0.728,12.5874,0.6867,10.9418,0.5969,0.0,0.0,0.0,0.0,0.0,0.0,0.0,0.0,0.0,0.0,0.0,0.0,0.0,0.0,0.0,0.0,0.0,0.0,0.0,0.0,0.0,0.0,0.0,0.0,0.0,0.0,0.0,0.0,0.0,0.0,0.0,0.0,0.0,0.0,0.0,0.704,0.7619
128,0.001,3,10,100,32,24,256,184,440338,73,30,ContrastiveLoss,gru,/home/dpetrovitch/dzagcoffee/train_trace/gender/checkpoints_2025-10-07 19:53:20.141369_ContrastiveLoss_gru_catboost/model_128_0.001_3_10_100_256_32_24_256_ContrastiveLoss_gruepoch=09.ckpt,9,30,0.44110358,55.4162,1.676,0.0006,4.5342,1.3299,10.8817,0.5691,1133.5197,55.4667,271.2476,13.273,250.3461,12.2502,238.7309,11.6819,223.8257,10.9525,211.903,10.3691,187.4736,9.1737,68.9257,3.6976,16.4937,0.8848,15.2228,0.8166,14.5165,0.7788,13.6101,0.7301,12.8851,0.6912,11.3997,0.6116,0.0,0.0,0.0,0.0,0.0,0.0,0.0,0.0,0.0,0.0,0.0,0.0,0.0,0.0,0.0,0.0,0.0,0.0,0.0,0.0,0.0,0.0,0.0,0.0,0.0,0.0,0.0,0.0,0.0,0.0,0.0,0.0,0.0,0.0,0.0,0.708,0.7584
128,0.001,3,10,100,32,24,256,184,440338,73,30,ContrastiveLoss,gru,/home/dpetrovitch/dzagcoffee/train_trace/gender/checkpoints_2025-10-07 19:53:20.141369_ContrastiveLoss_gru_catboost/model_128_0.001_3_10_100_256_32_24_256_ContrastiveLoss_gruepoch=10.ckpt,10,30,0.4413006,53.5828,1.6761,0.0005,4.5528,1.287,11.804,0.6068,1133.6902,55.4136,272.7896,13.3337,252.0889,12.3218,240.6325,11.7619,225.3895,11.0168,213.4118,10.4314,187.8855,9.1837,69.698,3.7923,16.7708,0.9125,15.4981,0.8433,14.7938,0.8049,13.8567,0.754,13.1203,0.7139,11.551,0.6285,0.0,0.0,0.0,0.0,0.0,0.0,0.0,0.0,0.0,0.0,0.0,0.0,0.0,0.0,0.0,0.0,0.0,0.0,0.0,0.0,0.0,0.0,0.0,0.0,0.0,0.0,0.0,0.0,0.0,0.0,0.0,0.0,0.0,0.0,0.0,0.7,0.7615
128,0.001,3,10,100,32,24,256,184,440338,73,30,ContrastiveLoss,gru,/home/dpetrovitch/dzagcoffee/train_trace/gender/checkpoints_2025-10-07 19:53:20.141369_ContrastiveLoss_gru_catboost/model_128_0.001_3_10_100_256_32_24_256_ContrastiveLoss_gruepoch=11.ckpt,11,30,0.4430139,53.0961,1.6767,0.0005,4.5827,1.2637,12.1911,0.6292,1140.311,55.833,274.5783,13.4442,254.0536,12.4392,242.6964,11.8831,227.4602,11.1371,215.2675,10.5401,188.3397,9.2217,68.4817,3.7111,16.4899,0.8936,15.2573,0.8268,14.5752,0.7898,13.6602,0.7403,12.9279,0.7006,11.3108,0.6129,0.0,0.0,0.0,0.0,0.0,0.0,0.0,0.0,0.0,0.0,0.0,0.0,0.0,0.0,0.0,0.0,0.0,0.0,0.0,0.0,0.0,0.0,0.0,0.0,0.0,0.0,0.0,0.0,0.0,0.0,0.0,0.0,0.0,0.0,0.0,0.74,0.8018
128,0.001,3,10,100,32,24,256,184,440338,73,30,ContrastiveLoss,gru,/home/dpetrovitch/dzagcoffee/train_trace/gender/checkpoints_2025-10-07 19:53:20.141369_ContrastiveLoss_gru_catboost/model_128_0.001_3_10_100_256_32_24_256_ContrastiveLoss_gruepoch=12.ckpt,12,30,0.44768825,53.0472,1.6754,0.0005,4.5766,1.2665,12.0948,0.6256,1168.4265,57.0999,274.6542,13.4221,254.4541,12.4349,243.2748,11.8886,228.3463,11.1591,216.7686,10.5933,191.1068,9.3392,71.808,3.8428,16.8794,0.9033,15.638,0.8369,14.9509,0.8001,14.0335,0.751,13.322,0.7129,11.7449,0.6285,0.0,0.0,0.0,0.0,0.0,0.0,0.0,0.0,0.0,0.0,0.0,0.0,0.0,0.0,0.0,0.0,0.0,0.0,0.0,0.0,0.0,0.0,0.0,0.0,0.0,0.0,0.0,0.0,0.0,0.0,0.0,0.0,0.0,0.0,0.0,0.708,0.7756
128,0.001,3,10,100,32,24,256,184,440338,73,30,ContrastiveLoss,gru,/home/dpetrovitch/dzagcoffee/train_trace/gender/checkpoints_2025-10-07 19:53:20.141369_ContrastiveLoss_gru_catboost/model_128_0.001_3_10_100_256_32_24_256_ContrastiveLoss_gruepoch=13.ckpt,13,30,0.44559237,54.0157,1.6753,0.0005,4.5687,1.2784,11.5955,0.6149,1178.7815,57.6005,274.3367,13.4053,254.2921,12.4258,242.9366,11.871,228.0723,11.1446,216.0978,10.5595,189.3316,9.2516,70.4736,3.8323,16.4013,0.8919,15.2029,0.8267,14.524,0.7898,13.6353,0.7415,12.9194,0.7025,11.3192,0.6155,0.0,0.0,0.0,0.0,0.0,0.0,0.0,0.0,0.0,0.0,0.0,0.0,0.0,0.0,0.0,0.0,0.0,0.0,0.0,0.0,0.0,0.0,0.0,0.0,0.0,0.0,0.0,0.0,0.0,0.0,0.0,0.0,0.0,0.0,0.0,0.732,0.8022
128,0.001,3,10,100,32,24,256,184,440338,73,30,ContrastiveLoss,gru,/home/dpetrovitch/dzagcoffee/train_trace/gender/checkpoints_2025-10-07 19:53:20.141369_ContrastiveLoss_gru_catboost/model_128_0.001_3_10_100_256_32_24_256_ContrastiveLoss_gruepoch=14.ckpt,14,30,0.44690296,54.9473,1.6762,0.0006,4.5671,1.2865,11.1399,0.6079,1200.4695,58.7308,274.8928,13.4486,254.5027,12.4511,243.2572,11.9009,228.4572,11.1769,216.7469,10.604,189.9719,9.294,72.6878,3.9682,16.6446,0.9087,15.41,0.8413,14.7291,0.8041,13.833,0.7552,13.1239,0.7165,11.5027,0.628,0.0,0.0,0.0,0.0,0.0,0.0,0.0,0.0,0.0,0.0,0.0,0.0,0.0,0.0,0.0,0.0,0.0,0.0,0.0,0.0,0.0,0.0,0.0,0.0,0.0,0.0,0.0,0.0,0.0,0.0,0.0,0.0,0.0,0.0,0.0,0.732,0.768
128,0.001,3,10,100,32,24,256,184,440338,73,30,ContrastiveLoss,gru,/home/dpetrovitch/dzagcoffee/train_trace/gender/checkpoints_2025-10-07 19:53:20.141369_ContrastiveLoss_gru_catboost/model_128_0.001_3_10_100_256_32_24_256_ContrastiveLoss_gruepoch=15.ckpt,15,30,0.443151,55.4712,1.6771,0.0005,4.5763,1.2839,12.2122,0.6104,1213.9716,59.3487,276.5782,13.5214,256.664,12.5478,245.7307,12.0133,231.514,11.3183,219.9575,10.7533,194.6151,9.5144,75.9444,4.0268,17.3024,0.9174,16.0566,0.8514,15.3726,0.8151,14.4832,0.7679,13.7602,0.7296,12.1749,0.6455,0.0,0.0,0.0,0.0,0.0,0.0,0.0,0.0,0.0,0.0,0.0,0.0,0.0,0.0,0.0,0.0,0.0,0.0,0.0,0.0,0.0,0.0,0.0,0.0,0.0,0.0,0.0,0.0,0.0,0.0,0.0,0.0,0.0,0.0,0.0,0.716,0.7892
128,0.001,3,10,100,32,24,256,184,440338,73,30,ContrastiveLoss,gru,/home/dpetrovitch/dzagcoffee/train_trace/gender/checkpoints_2025-10-07 19:53:20.141369_ContrastiveLoss_gru_catboost/model_128_0.001_3_10_100_256_32_24_256_ContrastiveLoss_gruepoch=16.ckpt,16,30,0.4493444,55.4184,1.6754,0.0005,4.568,1.2795,11.887,0.6136,1215.2118,59.333,276.6469,13.5073,256.5819,12.5277,245.4319,11.9833,230.885,11.273,219.4328,10.7139,193.9753,9.4709,76.0162,4.0349,17.3053,0.9186,16.0502,0.8519,15.3527,0.8149,14.4427,0.7666,13.7264,0.7286,12.1339,0.6441,0.0,0.0,0.0,0.0,0.0,0.0,0.0,0.0,0.0,0.0,0.0,0.0,0.0,0.0,0.0,0.0,0.0,0.0,0.0,0.0,0.0,0.0,0.0,0.0,0.0,0.0,0.0,0.0,0.0,0.0,0.0,0.0,0.0,0.0,0.0,0.72,0.78
128,0.001,3,10,100,32,24,256,184,440338,73,30,ContrastiveLoss,gru,/home/dpetrovitch/dzagcoffee/train_trace/gender/checkpoints_2025-10-07 19:53:20.141369_ContrastiveLoss_gru_catboost/model_128_0.001_3_10_100_256_32_24_256_ContrastiveLoss_gruepoch=17.ckpt,17,30,0.44500697,55.7117,1.6691,0.0005,4.562,1.2861,11.4773,0.6075,1218.5636,59.3872,276.2621,13.4637,256.2791,12.4899,245.337,11.9566,231.0106,11.2584,219.7052,10.7074,196.6591,9.5843,74.2764,4.0315,16.8393,0.914,15.6213,0.8479,14.9543,0.8117,14.081,0.7643,13.3919,0.7269,11.9872,0.6506,0.0,0.0,0.0,0.0,0.0,0.0,0.0,0.0,0.0,0.0,0.0,0.0,0.0,0.0,0.0,0.0,0.0,0.0,0.0,0.0,0.0,0.0,0.0,0.0,0.0,0.0,0.0,0.0,0.0,0.0,0.0,0.0,0.0,0.0,0.0,0.724,0.7907
128,0.001,3,10,100,32,24,256,184,440338,73,30,ContrastiveLoss,gru,/home/dpetrovitch/dzagcoffee/train_trace/gender/checkpoints_2025-10-07 19:53:20.141369_ContrastiveLoss_gru_catboost/model_128_0.001_3_10_100_256_32_24_256_ContrastiveLoss_gruepoch=18.ckpt,18,30,0.4414319,55.6778,1.6733,0.0005,4.575,1.27,12.6268,0.6217,1243.6205,60.6805,278.5362,13.5907,258.7769,12.6266,247.8675,12.0943,233.2711,11.3821,221.9924,10.8318,197.3663,9.6302,73.4101,3.9464,16.4418,0.8839,15.2754,0.8212,14.6315,0.7866,13.7698,0.7402,13.1041,0.7045,11.6504,0.6263,0.0,0.0,0.0,0.0,0.0,0.0,0.0,0.0,0.0,0.0,0.0,0.0,0.0,0.0,0.0,0.0,0.0,0.0,0.0,0.0,0.0,0.0,0.0,0.0,0.0,0.0,0.0,0.0,0.0,0.0,0.0,0.0,0.0,0.0,0.0,0.752,0.783
128,0.001,3,10,100,32,24,256,184,440338,73,30,ContrastiveLoss,gru,/home/dpetrovitch/dzagcoffee/train_trace/gender/checkpoints_2025-10-07 19:53:20.141369_ContrastiveLoss_gru_catboost/model_128_0.001_3_10_100_256_32_24_256_ContrastiveLoss_gruepoch=19.ckpt,19,30,0.4494529,57.3432,1.6747,0.0006,4.5581,1.287,12.271,0.6074,1254.0884,61.2336,279.3405,13.6394,259.7325,12.682,248.5902,12.138,234.219,11.4362,223.0293,10.8899,197.3383,9.6355,76.6323,4.0405,17.0694,0.9,15.8712,0.8368,15.1903,0.8009,14.3122,0.7546,13.6284,0.7186,12.0585,0.6358,0.0,0.0,0.0,0.0,0.0,0.0,0.0,0.0,0.0,0.0,0.0,0.0,0.0,0.0,0.0,0.0,0.0,0.0,0.0,0.0,0.0,0.0,0.0,0.0,0.0,0.0,0.0,0.0,0.0,0.0,0.0,0.0,0.0,0.0,0.0,0.704,0.7596
128,0.001,3,10,100,32,24,256,184,440338,73,30,ContrastiveLoss,gru,/home/dpetrovitch/dzagcoffee/train_trace/gender/checkpoints_2025-10-07 19:53:20.141369_ContrastiveLoss_gru_catboost/model_128_0.001_3_10_100_256_32_24_256_ContrastiveLoss_gruepoch=20.ckpt,20,30,0.45023814,55.2912,1.6695,0.0005,4.5808,1.2634,12.2219,0.6284,1250.0449,60.9179,278.9106,13.592,259.1898,12.631,248.0587,12.0885,233.2764,11.3682,221.6289,10.8005,196.3514,9.5687,75.3546,4.0011,16.8132,0.8927,15.6244,0.8296,14.9534,0.794,14.0623,0.7467,13.3601,0.7094,11.8364,0.6285,0.0,0.0,0.0,0.0,0.0,0.0,0.0,0.0,0.0,0.0,0.0,0.0,0.0,0.0,0.0,0.0,0.0,0.0,0.0,0.0,0.0,0.0,0.0,0.0,0.0,0.0,0.0,0.0,0.0,0.0,0.0,0.0,0.0,0.0,0.0,0.732,0.7831
128,0.001,3,10,100,32,24,256,184,440338,73,30,ContrastiveLoss,gru,/home/dpetrovitch/dzagcoffee/train_trace/gender/checkpoints_2025-10-07 19:53:20.141369_ContrastiveLoss_gru_catboost/model_128_0.001_3_10_100_256_32_24_256_ContrastiveLoss_gruepoch=21.ckpt,21,30,0.44732562,55.4294,1.6752,0.0005,4.5926,1.2555,12.541,0.637,1250.7623,61.0819,278.3652,13.5942,258.7774,12.6376,247.8521,12.104,233.4299,11.3997,221.8004,10.8318,195.8775,9.5658,74.6799,3.9918,16.6205,0.8884,15.451,0.8259,14.7986,0.791,13.9375,0.745,13.2432,0.7079,11.6954,0.6251,0.0,0.0,0.0,0.0,0.0,0.0,0.0,0.0,0.0,0.0,0.0,0.0,0.0,0.0,0.0,0.0,0.0,0.0,0.0,0.0,0.0,0.0,0.0,0.0,0.0,0.0,0.0,0.0,0.0,0.0,0.0,0.0,0.0,0.0,0.0,0.704,0.7811
128,0.001,3,10,100,32,24,256,184,440338,73,30,ContrastiveLoss,gru,/home/dpetrovitch/dzagcoffee/train_trace/gender/checkpoints_2025-10-07 19:53:20.141369_ContrastiveLoss_gru_catboost/model_128_0.001_3_10_100_256_32_24_256_ContrastiveLoss_gruepoch=22.ckpt,22,30,0.45049798,56.3914,1.6747,0.0005,4.5885,1.2697,12.5741,0.623,1273.2426,62.1324,279.6166,13.6449,260.1324,12.6941,249.3532,12.1681,234.9388,11.4647,223.6444,10.9135,198.5658,9.6897,79.3282,4.1439,17.4213,0.91,16.2073,0.8466,15.5357,0.8115,14.6376,0.7646,13.934,0.7279,12.3715,0.6463,0.0,0.0,0.0,0.0,0.0,0.0,0.0,0.0,0.0,0.0,0.0,0.0,0.0,0.0,0.0,0.0,0.0,0.0,0.0,0.0,0.0,0.0,0.0,0.0,0.0,0.0,0.0,0.0,0.0,0.0,0.0,0.0,0.0,0.0,0.0,0.744,0.8016
128,0.001,3,10,100,32,24,256,184,440338,73,30,ContrastiveLoss,gru,/home/dpetrovitch/dzagcoffee/train_trace/gender/checkpoints_2025-10-07 19:53:20.141369_ContrastiveLoss_gru_catboost/model_128_0.001_3_10_100_256_32_24_256_ContrastiveLoss_gruepoch=23.ckpt,23,30,0.45146027,55.8448,1.671,0.0005,4.5836,1.268,12.063,0.6241,1273.4675,62.0671,279.1137,13.6036,259.5928,12.6522,248.6041,12.1166,234.2805,11.4185,222.9591,10.8667,197.3118,9.6167,79.7931,4.2598,17.4887,0.9337,16.2656,0.8684,15.5771,0.8316,14.6796,0.7837,13.9702,0.7458,12.3632,0.66,0.0,0.0,0.0,0.0,0.0,0.0,0.0,0.0,0.0,0.0,0.0,0.0,0.0,0.0,0.0,0.0,0.0,0.0,0.0,0.0,0.0,0.0,0.0,0.0,0.0,0.0,0.0,0.0,0.0,0.0,0.0,0.0,0.0,0.0,0.0,0.728,0.8013
128,0.001,3,10,100,32,24,256,184,440338,73,30,ContrastiveLoss,gru,/home/dpetrovitch/dzagcoffee/train_trace/gender/checkpoints_2025-10-07 19:53:20.141369_ContrastiveLoss_gru_catboost/model_128_0.001_3_10_100_256_32_24_256_ContrastiveLoss_gruepoch=24.ckpt,24,30,0.45307645,55.4968,1.6748,0.0005,4.5971,1.25,12.9002,0.6417,1263.7922,61.6981,279.3012,13.6354,259.8518,12.6859,248.9278,12.1526,234.4582,11.4462,222.9905,10.8864,197.8979,9.6613,78.1727,4.1329,17.2764,0.9134,16.0733,0.8498,15.3976,0.814,14.5026,0.7667,13.7932,0.7292,12.2411,0.6472,0.0,0.0,0.0,0.0,0.0,0.0,0.0,0.0,0.0,0.0,0.0,0.0,0.0,0.0,0.0,0.0,0.0,0.0,0.0,0.0,0.0,0.0,0.0,0.0,0.0,0.0,0.0,0.0,0.0,0.0,0.0,0.0,0.0,0.0,0.0,0.724,0.7701
128,0.001,3,10,100,32,24,256,184,440338,73,30,ContrastiveLoss,gru,/home/dpetrovitch/dzagcoffee/train_trace/gender/checkpoints_2025-10-07 19:53:20.141369_ContrastiveLoss_gru_catboost/model_128_0.001_3_10_100_256_32_24_256_ContrastiveLoss_gruepoch=25.ckpt,25,30,0.45055223,55.6386,1.6723,0.0005,4.6003,1.2564,12.3622,0.6354,1276.318,62.2314,279.6439,13.635,260.1515,12.6846,249.2571,12.1534,234.9167,11.4542,223.2875,10.8872,197.3364,9.6218,81.9206,4.2206,17.949,0.9247,16.6978,0.8603,15.9986,0.8243,15.0782,0.7768,14.3317,0.7384,12.6661,0.6526,0.0,0.0,0.0,0.0,0.0,0.0,0.0,0.0,0.0,0.0,0.0,0.0,0.0,0.0,0.0,0.0,0.0,0.0,0.0,0.0,0.0,0.0,0.0,0.0,0.0,0.0,0.0,0.0,0.0,0.0,0.0,0.0,0.0,0.0,0.0,0.716,0.7807
128,0.001,3,10,100,32,24,256,184,440338,73,30,ContrastiveLoss,gru,/home/dpetrovitch/dzagcoffee/train_trace/gender/checkpoints_2025-10-07 19:53:20.141369_ContrastiveLoss_gru_catboost/model_128_0.001_3_10_100_256_32_24_256_ContrastiveLoss_gruepoch=26.ckpt,26,30,0.45249107,57.5341,1.6755,0.0006,4.59,1.2769,12.3429,0.6163,1302.5159,63.5863,280.8943,13.7127,261.351,12.7586,250.505,12.2292,236.2704,11.5343,224.646,10.9668,199.3564,9.7322,82.7135,4.2304,17.8376,0.9123,16.5965,0.8488,15.9078,0.8136,15.0038,0.7674,14.2657,0.7296,12.6597,0.6475,0.0,0.0,0.0,0.0,0.0,0.0,0.0,0.0,0.0,0.0,0.0,0.0,0.0,0.0,0.0,0.0,0.0,0.0,0.0,0.0,0.0,0.0,0.0,0.0,0.0,0.0,0.0,0.0,0.0,0.0,0.0,0.0,0.0,0.0,0.0,0.744,0.7828
128,0.001,3,10,100,32,24,256,184,440338,73,30,ContrastiveLoss,gru,/home/dpetrovitch/dzagcoffee/train_trace/gender/checkpoints_2025-10-07 19:53:20.141369_ContrastiveLoss_gru_catboost/model_128_0.001_3_10_100_256_32_24_256_ContrastiveLoss_gruepoch=27.ckpt,27,30,0.45044088,57.1302,1.6728,0.0005,4.5847,1.2686,12.0362,0.6231,1299.8386,63.3858,280.1878,13.6632,260.6361,12.7098,249.7571,12.1793,235.6571,11.4917,224.4129,10.9434,199.5647,9.7317,81.6103,4.2262,17.5916,0.911,16.364,0.8474,15.681,0.812,14.7957,0.7662,14.0897,0.7296,12.5297,0.6489,0.0,0.0,0.0,0.0,0.0,0.0,0.0,0.0,0.0,0.0,0.0,0.0,0.0,0.0,0.0,0.0,0.0,0.0,0.0,0.0,0.0,0.0,0.0,0.0,0.0,0.0,0.0,0.0,0.0,0.0,0.0,0.0,0.0,0.0,0.0,0.748,0.7756
128,0.001,3,10,100,32,24,256,184,440338,73,30,ContrastiveLoss,gru,/home/dpetrovitch/dzagcoffee/train_trace/gender/checkpoints_2025-10-07 19:53:20.141369_ContrastiveLoss_gru_catboost/model_128_0.001_3_10_100_256_32_24_256_ContrastiveLoss_gruepoch=28.ckpt,28,30,0.45249107,55.8932,1.6732,0.0005,4.5958,1.2508,12.0466,0.64,1292.6688,63.0153,279.6804,13.6339,260.3823,12.6932,249.5261,12.1639,235.2627,11.4686,223.8394,10.9118,197.8947,9.647,82.2272,4.2495,17.7906,0.9194,16.563,0.856,15.8725,0.8203,14.9652,0.7734,14.2385,0.7358,12.5882,0.6506,0.0,0.0,0.0,0.0,0.0,0.0,0.0,0.0,0.0,0.0,0.0,0.0,0.0,0.0,0.0,0.0,0.0,0.0,0.0,0.0,0.0,0.0,0.0,0.0,0.0,0.0,0.0,0.0,0.0,0.0,0.0,0.0,0.0,0.0,0.0,0.728,0.7778
128,0.001,3,10,100,32,24,256,184,440338,73,30,ContrastiveLoss,gru,/home/dpetrovitch/dzagcoffee/train_trace/gender/checkpoints_2025-10-07 19:53:20.141369_ContrastiveLoss_gru_catboost/model_128_0.001_3_10_100_256_32_24_256_ContrastiveLoss_gruepoch=29.ckpt,29,30,0.45022675,55.889,1.6726,0.0005,4.6073,1.247,13.3794,0.6442,1291.8387,62.9505,281.109,13.6983,261.6035,12.7478,250.6195,12.2125,236.1842,11.5091,224.6194,10.9456,198.7585,9.6854,82.5103,4.2817,17.9545,0.9317,16.7087,0.8671,16.0072,0.8307,15.0852,0.7828,14.3465,0.7445,12.6948,0.6588,0.0,0.0,0.0,0.0,0.0,0.0,0.0,0.0,0.0,0.0,0.0,0.0,0.0,0.0,0.0,0.0,0.0,0.0,0.0,0.0,0.0,0.0,0.0,0.0,0.0,0.0,0.0,0.0,0.0,0.0,0.0,0.0,0.0,0.0,0.0,0.736,0.7746
128,0.001,3,10,100,32,32,256,184,440338,73,30,ContrastiveLoss,gru,/home/dpetrovitch/dzagcoffee/train_trace/gender/checkpoints_2025-10-07 19:53:20.141369_ContrastiveLoss_gru_catboost/model_128_0.001_3_10_100_256_32_32_256_ContrastiveLoss_gruepoch=00.ckpt,0,30,0.3212548,47.3314,1.6767,0.0004,5.218,1.354,6.7587,0.5621,545.5046,27.042,230.6399,11.4334,204.2559,10.1255,190.0194,9.4197,171.1178,8.4827,155.0675,7.6871,100.3768,4.9759,22.9835,1.5144,9.7174,0.6403,8.6058,0.567,8.006,0.5275,7.2096,0.475,6.5334,0.4305,4.2291,0.2787,0.0,0.0,0.0,0.0,0.0,0.0,0.0,0.0,0.0,0.0,0.0,0.0,0.0,0.0,0.0,0.0,0.0,0.0,0.0,0.0,0.0,0.0,0.0,0.0,0.0,0.0,0.0,0.0,0.0,0.0,0.0,0.0,0.0,0.0,0.0,0.564,0.5865
128,0.001,3,10,100,32,32,256,184,440338,73,30,ContrastiveLoss,gru,/home/dpetrovitch/dzagcoffee/train_trace/gender/checkpoints_2025-10-07 19:53:20.141369_ContrastiveLoss_gru_catboost/model_128_0.001_3_10_100_256_32_32_256_ContrastiveLoss_gruepoch=01.ckpt,1,30,0.37928602,42.1088,1.6786,0.0003,4.9762,1.3493,9.673,0.563,731.4912,36.3164,239.8675,11.9087,214.6146,10.655,200.7817,9.9682,182.3529,9.0533,167.263,8.3041,129.8112,6.4447,35.1184,2.2641,11.5159,0.7424,10.3035,0.6643,9.6394,0.6215,8.7546,0.5644,8.0302,0.5177,6.2321,0.4018,0.0,0.0,0.0,0.0,0.0,0.0,0.0,0.0,0.0,0.0,0.0,0.0,0.0,0.0,0.0,0.0,0.0,0.0,0.0,0.0,0.0,0.0,0.0,0.0,0.0,0.0,0.0,0.0,0.0,0.0,0.0,0.0,0.0,0.0,0.0,0.652,0.6469
128,0.001,3,10,100,32,32,256,184,440338,73,30,ContrastiveLoss,gru,/home/dpetrovitch/dzagcoffee/train_trace/gender/checkpoints_2025-10-07 19:53:20.141369_ContrastiveLoss_gru_catboost/model_128_0.001_3_10_100_256_32_32_256_ContrastiveLoss_gruepoch=02.ckpt,2,30,0.40678397,43.7342,1.6772,0.0004,4.8041,1.3994,8.8407,0.5257,819.1034,40.3895,245.0386,12.0827,221.0231,10.8985,207.654,10.2393,189.3224,9.3354,173.2211,8.5414,146.9031,7.2437,38.6338,2.4145,11.5575,0.7223,10.4248,0.6515,9.7942,0.6121,8.9296,0.5581,8.1701,0.5106,6.9288,0.433,0.0,0.0,0.0,0.0,0.0,0.0,0.0,0.0,0.0,0.0,0.0,0.0,0.0,0.0,0.0,0.0,0.0,0.0,0.0,0.0,0.0,0.0,0.0,0.0,0.0,0.0,0.0,0.0,0.0,0.0,0.0,0.0,0.0,0.0,0.0,0.656,0.6702
128,0.001,3,10,100,32,32,256,184,440338,73,30,ContrastiveLoss,gru,/home/dpetrovitch/dzagcoffee/train_trace/gender/checkpoints_2025-10-07 19:53:20.141369_ContrastiveLoss_gru_catboost/model_128_0.001_3_10_100_256_32_32_256_ContrastiveLoss_gruepoch=03.ckpt,3,30,0.41435668,44.945,1.6782,0.0004,4.7196,1.36,10.3294,0.5538,921.0118,45.4264,254.1398,12.5347,230.9264,11.3898,217.6877,10.7368,199.2626,9.8281,183.0243,9.0272,156.1862,7.7035,48.2245,2.9553,13.3068,0.8155,12.0914,0.741,11.3982,0.6985,10.4335,0.6394,9.5832,0.5873,8.178,0.5012,0.0,0.0,0.0,0.0,0.0,0.0,0.0,0.0,0.0,0.0,0.0,0.0,0.0,0.0,0.0,0.0,0.0,0.0,0.0,0.0,0.0,0.0,0.0,0.0,0.0,0.0,0.0,0.0,0.0,0.0,0.0,0.0,0.0,0.0,0.0,0.656,0.6826
128,0.001,3,10,100,32,32,256,184,440338,73,30,ContrastiveLoss,gru,/home/dpetrovitch/dzagcoffee/train_trace/gender/checkpoints_2025-10-07 19:53:20.141369_ContrastiveLoss_gru_catboost/model_128_0.001_3_10_100_256_32_32_256_ContrastiveLoss_gruepoch=04.ckpt,4,30,0.42597544,46.3344,1.6782,0.0004,4.6681,1.3276,9.5945,0.5778,968.3893,47.7248,256.4139,12.6368,233.7663,11.5206,221.1931,10.901,203.6879,10.0383,189.2634,9.3274,164.3662,8.1004,49.0882,2.9502,12.9977,0.7812,11.8497,0.7122,11.2124,0.6739,10.325,0.6205,9.5939,0.5766,8.3318,0.5007,0.0,0.0,0.0,0.0,0.0,0.0,0.0,0.0,0.0,0.0,0.0,0.0,0.0,0.0,0.0,0.0,0.0,0.0,0.0,0.0,0.0,0.0,0.0,0.0,0.0,0.0,0.0,0.0,0.0,0.0,0.0,0.0,0.0,0.0,0.0,0.652,0.6896
128,0.001,3,10,100,32,32,256,184,440338,73,30,ContrastiveLoss,gru,/home/dpetrovitch/dzagcoffee/train_trace/gender/checkpoints_2025-10-07 19:53:20.141369_ContrastiveLoss_gru_catboost/model_128_0.001_3_10_100_256_32_32_256_ContrastiveLoss_gruepoch=05.ckpt,5,30,0.42885372,49.9573,1.6782,0.0005,4.6103,1.3583,11.3433,0.5503,1029.856,50.5752,262.5892,12.8955,240.65,11.8181,228.1893,11.2062,211.412,10.3822,197.3494,9.6916,173.1978,8.5056,53.8187,3.0125,13.7225,0.7681,12.576,0.7039,11.9248,0.6675,11.0481,0.6184,10.3132,0.5773,9.051,0.5066,0.0,0.0,0.0,0.0,0.0,0.0,0.0,0.0,0.0,0.0,0.0,0.0,0.0,0.0,0.0,0.0,0.0,0.0,0.0,0.0,0.0,0.0,0.0,0.0,0.0,0.0,0.0,0.0,0.0,0.0,0.0,0.0,0.0,0.0,0.0,0.692,0.7164
128,0.001,3,10,100,32,32,256,184,440338,73,30,ContrastiveLoss,gru,/home/dpetrovitch/dzagcoffee/train_trace/gender/checkpoints_2025-10-07 19:53:20.141369_ContrastiveLoss_gru_catboost/model_128_0.001_3_10_100_256_32_32_256_ContrastiveLoss_gruepoch=06.ckpt,6,30,0.43420768,49.6549,1.6781,0.0005,4.6141,1.3241,10.4956,0.576,1066.6385,52.3034,263.6781,12.9297,242.2384,11.8783,230.2814,11.292,213.8215,10.4849,199.8171,9.7982,174.3018,8.547,63.2781,3.4438,15.6427,0.8513,14.3708,0.7821,13.6614,0.7435,12.6849,0.6904,11.8541,0.6451,10.3404,0.5628,0.0,0.0,0.0,0.0,0.0,0.0,0.0,0.0,0.0,0.0,0.0,0.0,0.0,0.0,0.0,0.0,0.0,0.0,0.0,0.0,0.0,0.0,0.0,0.0,0.0,0.0,0.0,0.0,0.0,0.0,0.0,0.0,0.0,0.0,0.0,0.684,0.7324
128,0.001,3,10,100,32,32,256,184,440338,73,30,ContrastiveLoss,gru,/home/dpetrovitch/dzagcoffee/train_trace/gender/checkpoints_2025-10-07 19:53:20.141369_ContrastiveLoss_gru_catboost/model_128_0.001_3_10_100_256_32_32_256_ContrastiveLoss_gruepoch=07.ckpt,7,30,0.43350235,48.3343,1.6762,0.0005,4.5993,1.2702,11.1446,0.622,1075.4465,52.6439,264.8196,12.9631,243.688,11.9287,232.0053,11.3568,215.6488,10.5562,201.1921,9.8485,172.4681,8.4424,57.3068,3.1744,14.1113,0.7817,12.9853,0.7193,12.3628,0.6848,11.4912,0.6365,10.7208,0.5939,9.1902,0.5091,0.0,0.0,0.0,0.0,0.0,0.0,0.0,0.0,0.0,0.0,0.0,0.0,0.0,0.0,0.0,0.0,0.0,0.0,0.0,0.0,0.0,0.0,0.0,0.0,0.0,0.0,0.0,0.0,0.0,0.0,0.0,0.0,0.0,0.0,0.0,0.668,0.723
128,0.001,3,10,100,32,32,256,184,440338,73,30,ContrastiveLoss,gru,/home/dpetrovitch/dzagcoffee/train_trace/gender/checkpoints_2025-10-07 19:53:20.141369_ContrastiveLoss_gru_catboost/model_128_0.001_3_10_100_256_32_32_256_ContrastiveLoss_gruepoch=08.ckpt,8,30,0.4340392,50.633,1.677,0.0005,4.6037,1.2852,11.4984,0.6097,1116.1721,54.6157,269.2015,13.1724,247.8618,12.1282,235.6244,11.5294,219.226,10.727,205.298,10.0455,178.9071,8.7542,67.1886,3.5619,16.2047,0.8591,14.9202,0.791,14.1835,0.7519,13.1964,0.6996,12.358,0.6551,10.7694,0.5709,0.0,0.0,0.0,0.0,0.0,0.0,0.0,0.0,0.0,0.0,0.0,0.0,0.0,0.0,0.0,0.0,0.0,0.0,0.0,0.0,0.0,0.0,0.0,0.0,0.0,0.0,0.0,0.0,0.0,0.0,0.0,0.0,0.0,0.0,0.0,0.632,0.7062
128,0.001,3,10,100,32,32,256,184,440338,73,30,ContrastiveLoss,gru,/home/dpetrovitch/dzagcoffee/train_trace/gender/checkpoints_2025-10-07 19:53:20.141369_ContrastiveLoss_gru_catboost/model_128_0.001_3_10_100_256_32_32_256_ContrastiveLoss_gruepoch=09.ckpt,9,30,0.43456745,51.2308,1.6776,0.0005,4.624,1.2596,10.9761,0.6328,1124.0728,54.9887,269.8419,13.2004,248.9833,12.1801,237.1067,11.5991,220.4147,10.7825,205.971,10.0759,178.9192,8.7526,71.023,3.8514,17.0496,0.9245,15.7317,0.8531,14.9813,0.8124,13.9266,0.7552,13.014,0.7057,11.3048,0.613,0.0,0.0,0.0,0.0,0.0,0.0,0.0,0.0,0.0,0.0,0.0,0.0,0.0,0.0,0.0,0.0,0.0,0.0,0.0,0.0,0.0,0.0,0.0,0.0,0.0,0.0,0.0,0.0,0.0,0.0,0.0,0.0,0.0,0.0,0.0,0.692,0.7267
128,0.001,3,10,100,32,32,256,184,440338,73,30,ContrastiveLoss,gru,/home/dpetrovitch/dzagcoffee/train_trace/gender/checkpoints_2025-10-07 19:53:20.141369_ContrastiveLoss_gru_catboost/model_128_0.001_3_10_100_256_32_32_256_ContrastiveLoss_gruepoch=10.ckpt,10,30,0.44200873,52.7996,1.6776,0.0005,4.6223,1.2798,10.6806,0.6154,1147.022,56.0982,273.1263,13.358,252.5587,12.3521,240.8176,11.7778,224.255,10.9678,210.0666,10.2739,181.4988,8.8767,74.0465,3.8973,17.6318,0.928,16.304,0.8581,15.5461,0.8182,14.4769,0.762,13.5609,0.7137,11.7167,0.6167,0.0,0.0,0.0,0.0,0.0,0.0,0.0,0.0,0.0,0.0,0.0,0.0,0.0,0.0,0.0,0.0,0.0,0.0,0.0,0.0,0.0,0.0,0.0,0.0,0.0,0.0,0.0,0.0,0.0,0.0,0.0,0.0,0.0,0.0,0.0,0.692,0.7155
128,0.001,3,10,100,32,32,256,184,440338,73,30,ContrastiveLoss,gru,/home/dpetrovitch/dzagcoffee/train_trace/gender/checkpoints_2025-10-07 19:53:20.141369_ContrastiveLoss_gru_catboost/model_128_0.001_3_10_100_256_32_32_256_ContrastiveLoss_gruepoch=11.ckpt,11,30,0.44123778,54.3744,1.6768,0.0005,4.6154,1.3041,10.7887,0.592,1190.8159,58.1486,274.7376,13.4157,254.29,12.4172,242.8098,11.8566,226.8089,11.0753,213.5053,10.4257,185.9612,9.0807,78.5409,4.0303,18.1205,0.9298,16.7718,0.8606,16.0147,0.8218,14.9593,0.7676,14.0819,0.7226,12.2652,0.6294,0.0,0.0,0.0,0.0,0.0,0.0,0.0,0.0,0.0,0.0,0.0,0.0,0.0,0.0,0.0,0.0,0.0,0.0,0.0,0.0,0.0,0.0,0.0,0.0,0.0,0.0,0.0,0.0,0.0,0.0,0.0,0.0,0.0,0.0,0.0,0.696,0.7225
128,0.001,3,10,100,32,32,256,184,440338,73,30,ContrastiveLoss,gru,/home/dpetrovitch/dzagcoffee/train_trace/gender/checkpoints_2025-10-07 19:53:20.141369_ContrastiveLoss_gru_catboost/model_128_0.001_3_10_100_256_32_32_256_ContrastiveLoss_gruepoch=12.ckpt,12,30,0.4511347,54.793,1.6768,0.0005,4.6184,1.2916,11.6603,0.6037,1193.9371,58.3549,276.1418,13.4967,255.9114,12.5079,244.3008,11.9404,228.4482,11.1656,214.9718,10.507,187.5558,9.167,80.6431,4.1339,18.6517,0.9561,17.2852,0.8861,16.501,0.8459,15.4303,0.791,14.52,0.7443,12.6682,0.6494,0.0,0.0,0.0,0.0,0.0,0.0,0.0,0.0,0.0,0.0,0.0,0.0,0.0,0.0,0.0,0.0,0.0,0.0,0.0,0.0,0.0,0.0,0.0,0.0,0.0,0.0,0.0,0.0,0.0,0.0,0.0,0.0,0.0,0.0,0.0,0.688,0.7245
128,0.001,3,10,100,32,32,256,184,440338,73,30,ContrastiveLoss,gru,/home/dpetrovitch/dzagcoffee/train_trace/gender/checkpoints_2025-10-07 19:53:20.141369_ContrastiveLoss_gru_catboost/model_128_0.001_3_10_100_256_32_32_256_ContrastiveLoss_gruepoch=13.ckpt,13,30,0.44686303,53.5646,1.6763,0.0004,4.6379,1.2728,12.2079,0.6205,1205.5398,58.8315,276.1275,13.4753,255.966,12.4914,244.4705,11.9304,228.7787,11.1646,215.3411,10.5088,187.5861,9.1544,78.2906,3.9867,17.9324,0.9132,16.623,0.8465,15.8765,0.8085,14.8574,0.7566,13.9848,0.7121,12.1823,0.6203,0.0,0.0,0.0,0.0,0.0,0.0,0.0,0.0,0.0,0.0,0.0,0.0,0.0,0.0,0.0,0.0,0.0,0.0,0.0,0.0,0.0,0.0,0.0,0.0,0.0,0.0,0.0,0.0,0.0,0.0,0.0,0.0,0.0,0.0,0.0,0.688,0.7332
128,0.001,3,10,100,32,32,256,184,440338,73,30,ContrastiveLoss,gru,/home/dpetrovitch/dzagcoffee/train_trace/gender/checkpoints_2025-10-07 19:53:20.141369_ContrastiveLoss_gru_catboost/model_128_0.001_3_10_100_256_32_32_256_ContrastiveLoss_gruepoch=14.ckpt,14,30,0.4445187,53.3074,1.6745,0.0004,4.6349,1.2648,11.9875,0.6275,1207.7881,58.8665,275.5762,13.4313,255.7694,12.466,244.4065,11.9122,228.7937,11.1512,215.2494,10.4911,188.6473,9.1945,76.9312,4.0537,17.5531,0.9249,16.2915,0.8584,15.5677,0.8203,14.5732,0.7679,13.7105,0.7224,12.0161,0.6332,0.0,0.0,0.0,0.0,0.0,0.0,0.0,0.0,0.0,0.0,0.0,0.0,0.0,0.0,0.0,0.0,0.0,0.0,0.0,0.0,0.0,0.0,0.0,0.0,0.0,0.0,0.0,0.0,0.0,0.0,0.0,0.0,0.0,0.0,0.0,0.7,0.7263
128,0.001,3,10,100,32,32,256,184,440338,73,30,ContrastiveLoss,gru,/home/dpetrovitch/dzagcoffee/train_trace/gender/checkpoints_2025-10-07 19:53:20.141369_ContrastiveLoss_gru_catboost/model_128_0.001_3_10_100_256_32_32_256_ContrastiveLoss_gruepoch=15.ckpt,15,30,0.44490138,55.8191,1.6758,0.0004,4.6326,1.3016,11.1001,0.5945,1242.4211,60.5938,277.1582,13.5172,257.2154,12.5446,245.8265,11.9891,230.5134,11.2423,217.6139,10.6132,190.5384,9.2927,79.5755,4.0726,17.7516,0.9085,16.4743,0.8431,15.7449,0.8058,14.7641,0.7556,13.9379,0.7133,12.2037,0.6246,0.0,0.0,0.0,0.0,0.0,0.0,0.0,0.0,0.0,0.0,0.0,0.0,0.0,0.0,0.0,0.0,0.0,0.0,0.0,0.0,0.0,0.0,0.0,0.0,0.0,0.0,0.0,0.0,0.0,0.0,0.0,0.0,0.0,0.0,0.0,0.712,0.7307
128,0.001,3,10,100,32,32,256,184,440338,73,30,ContrastiveLoss,gru,/home/dpetrovitch/dzagcoffee/train_trace/gender/checkpoints_2025-10-07 19:53:20.141369_ContrastiveLoss_gru_catboost/model_128_0.001_3_10_100_256_32_32_256_ContrastiveLoss_gruepoch=16.ckpt,16,30,0.450755,56.306,1.6757,0.0005,4.6259,1.2974,11.4045,0.5979,1251.2838,61.032,278.1414,13.5665,258.3463,12.601,247.0449,12.0497,231.8348,11.3079,219.0812,10.6858,193.2667,9.4267,80.7811,4.0978,17.9564,0.9109,16.6785,0.8461,15.9489,0.809,14.9669,0.7592,14.1436,0.7175,12.477,0.6329,0.0,0.0,0.0,0.0,0.0,0.0,0.0,0.0,0.0,0.0,0.0,0.0,0.0,0.0,0.0,0.0,0.0,0.0,0.0,0.0,0.0,0.0,0.0,0.0,0.0,0.0,0.0,0.0,0.0,0.0,0.0,0.0,0.0,0.0,0.0,0.724,0.7464
128,0.001,3,10,100,32,32,256,184,440338,73,30,ContrastiveLoss,gru,/home/dpetrovitch/dzagcoffee/train_trace/gender/checkpoints_2025-10-07 19:53:20.141369_ContrastiveLoss_gru_catboost/model_128_0.001_3_10_100_256_32_32_256_ContrastiveLoss_gruepoch=17.ckpt,17,30,0.4430567,55.3661,1.6755,0.0004,4.6372,1.2776,11.4286,0.6163,1240.7699,60.5069,278.6442,13.5883,258.8544,12.6232,247.3793,12.0636,231.5863,11.2935,217.8471,10.6235,189.9465,9.2629,79.5412,4.1016,17.8629,0.9211,16.5942,0.8557,15.8586,0.8178,14.8461,0.7656,13.9654,0.7201,12.1768,0.6279,0.0,0.0,0.0,0.0,0.0,0.0,0.0,0.0,0.0,0.0,0.0,0.0,0.0,0.0,0.0,0.0,0.0,0.0,0.0,0.0,0.0,0.0,0.0,0.0,0.0,0.0,0.0,0.0,0.0,0.0,0.0,0.0,0.0,0.0,0.0,0.712,0.755
128,0.001,3,10,100,32,32,256,184,440338,73,30,ContrastiveLoss,gru,/home/dpetrovitch/dzagcoffee/train_trace/gender/checkpoints_2025-10-07 19:53:20.141369_ContrastiveLoss_gru_catboost/model_128_0.001_3_10_100_256_32_32_256_ContrastiveLoss_gruepoch=18.ckpt,18,30,0.4478681,53.9082,1.67,0.0004,4.6344,1.2536,12.5382,0.6378,1248.4094,60.8195,279.1759,13.6008,259.5381,12.6441,248.4822,12.1054,232.7495,11.339,219.2625,10.6819,194.4185,9.4716,78.8394,3.9846,17.6305,0.8911,16.3903,0.8284,15.6921,0.7931,14.6986,0.7429,13.8468,0.6998,12.2779,0.6205,0.0,0.0,0.0,0.0,0.0,0.0,0.0,0.0,0.0,0.0,0.0,0.0,0.0,0.0,0.0,0.0,0.0,0.0,0.0,0.0,0.0,0.0,0.0,0.0,0.0,0.0,0.0,0.0,0.0,0.0,0.0,0.0,0.0,0.0,0.0,0.712,0.7455
128,0.001,3,10,100,32,32,256,184,440338,73,30,ContrastiveLoss,gru,/home/dpetrovitch/dzagcoffee/train_trace/gender/checkpoints_2025-10-07 19:53:20.141369_ContrastiveLoss_gru_catboost/model_128_0.001_3_10_100_256_32_32_256_ContrastiveLoss_gruepoch=19.ckpt,19,30,0.44790807,54.9716,1.6663,0.0004,4.6278,1.2682,12.0834,0.6236,1262.5981,61.4927,278.4231,13.5601,258.854,12.607,247.7073,12.0642,232.3188,11.3147,219.3721,10.6841,196.0417,9.5479,80.1761,4.1065,17.6801,0.9055,16.4375,0.8419,15.7296,0.8056,14.7525,0.7556,13.9303,0.7135,12.4488,0.6376,0.0,0.0,0.0,0.0,0.0,0.0,0.0,0.0,0.0,0.0,0.0,0.0,0.0,0.0,0.0,0.0,0.0,0.0,0.0,0.0,0.0,0.0,0.0,0.0,0.0,0.0,0.0,0.0,0.0,0.0,0.0,0.0,0.0,0.0,0.0,0.704,0.7462
128,0.001,3,10,100,32,32,256,184,440338,73,30,ContrastiveLoss,gru,/home/dpetrovitch/dzagcoffee/train_trace/gender/checkpoints_2025-10-07 19:53:20.141369_ContrastiveLoss_gru_catboost/model_128_0.001_3_10_100_256_32_32_256_ContrastiveLoss_gruepoch=20.ckpt,20,30,0.45005545,55.5371,1.6723,0.0004,4.6417,1.2701,12.595,0.6224,1284.6276,62.5903,281.0645,13.6942,261.5612,12.7439,250.2648,12.1935,235.0177,11.4507,221.8231,10.8078,194.4851,9.4758,77.4189,4.0493,16.9385,0.886,15.7632,0.8245,15.0824,0.7889,14.1635,0.7408,13.3683,0.6992,11.7208,0.613,0.0,0.0,0.0,0.0,0.0,0.0,0.0,0.0,0.0,0.0,0.0,0.0,0.0,0.0,0.0,0.0,0.0,0.0,0.0,0.0,0.0,0.0,0.0,0.0,0.0,0.0,0.0,0.0,0.0,0.0,0.0,0.0,0.0,0.0,0.0,0.72,0.7494
128,0.001,3,10,100,32,32,256,184,440338,73,30,ContrastiveLoss,gru,/home/dpetrovitch/dzagcoffee/train_trace/gender/checkpoints_2025-10-07 19:53:20.141369_ContrastiveLoss_gru_catboost/model_128_0.001_3_10_100_256_32_32_256_ContrastiveLoss_gruepoch=21.ckpt,21,30,0.45009255,55.5696,1.6744,0.0004,4.6345,1.2665,12.0866,0.6256,1290.0459,62.8628,281.3927,13.712,261.7335,12.754,250.3971,12.2016,234.9304,11.448,221.7271,10.8046,194.5512,9.4803,82.4836,4.2263,17.9918,0.9219,16.7348,0.8575,16.01,0.8203,15.0211,0.7697,14.1769,0.7264,12.4393,0.6374,0.0,0.0,0.0,0.0,0.0,0.0,0.0,0.0,0.0,0.0,0.0,0.0,0.0,0.0,0.0,0.0,0.0,0.0,0.0,0.0,0.0,0.0,0.0,0.0,0.0,0.0,0.0,0.0,0.0,0.0,0.0,0.0,0.0,0.0,0.0,0.692,0.7175
128,0.001,3,10,100,32,32,256,184,440338,73,30,ContrastiveLoss,gru,/home/dpetrovitch/dzagcoffee/train_trace/gender/checkpoints_2025-10-07 19:53:20.141369_ContrastiveLoss_gru_catboost/model_128_0.001_3_10_100_256_32_32_256_ContrastiveLoss_gruepoch=22.ckpt,22,30,0.45124614,56.3059,1.6742,0.0004,4.6264,1.2766,12.8855,0.6166,1306.1025,63.6469,282.3176,13.7575,262.9859,12.8154,251.7324,12.267,236.4263,11.5211,223.3463,10.8838,195.8265,9.5427,84.6058,4.3034,18.2878,0.9302,17.0355,0.8665,16.3065,0.8294,15.3151,0.779,14.4678,0.7359,12.6851,0.6452,0.0,0.0,0.0,0.0,0.0,0.0,0.0,0.0,0.0,0.0,0.0,0.0,0.0,0.0,0.0,0.0,0.0,0.0,0.0,0.0,0.0,0.0,0.0,0.0,0.0,0.0,0.0,0.0,0.0,0.0,0.0,0.0,0.0,0.0,0.0,0.708,0.7255
128,0.001,3,10,100,32,32,256,184,440338,73,30,ContrastiveLoss,gru,/home/dpetrovitch/dzagcoffee/train_trace/gender/checkpoints_2025-10-07 19:53:20.141369_ContrastiveLoss_gru_catboost/model_128_0.001_3_10_100_256_32_32_256_ContrastiveLoss_gruepoch=23.ckpt,23,30,0.454567,56.0362,1.6732,0.0004,4.6331,1.2694,12.8501,0.6236,1293.3281,63.0111,281.6433,13.7217,262.1846,12.7737,251.0278,12.2301,235.7204,11.4843,222.9375,10.8615,196.0817,9.5531,79.5122,4.1473,17.3151,0.9031,16.1188,0.8407,15.4329,0.805,14.4918,0.7559,13.7059,0.7149,12.0549,0.6288,0.0,0.0,0.0,0.0,0.0,0.0,0.0,0.0,0.0,0.0,0.0,0.0,0.0,0.0,0.0,0.0,0.0,0.0,0.0,0.0,0.0,0.0,0.0,0.0,0.0,0.0,0.0,0.0,0.0,0.0,0.0,0.0,0.0,0.0,0.0,0.716,0.746
128,0.001,3,10,100,32,32,256,184,440338,73,30,ContrastiveLoss,gru,/home/dpetrovitch/dzagcoffee/train_trace/gender/checkpoints_2025-10-07 19:53:20.141369_ContrastiveLoss_gru_catboost/model_128_0.001_3_10_100_256_32_32_256_ContrastiveLoss_gruepoch=24.ckpt,24,30,0.44941294,56.1443,1.67,0.0004,4.6299,1.279,12.3352,0.6136,1314.9844,64.0197,280.7339,13.6675,261.4088,12.7266,250.3586,12.1887,235.066,11.4441,222.4337,10.8291,196.9691,9.5894,82.3709,4.307,17.5852,0.9195,16.3747,0.8562,15.6825,0.82,14.7246,0.7699,13.9333,0.7285,12.3382,0.6451,0.0,0.0,0.0,0.0,0.0,0.0,0.0,0.0,0.0,0.0,0.0,0.0,0.0,0.0,0.0,0.0,0.0,0.0,0.0,0.0,0.0,0.0,0.0,0.0,0.0,0.0,0.0,0.0,0.0,0.0,0.0,0.0,0.0,0.0,0.0,0.712,0.7427
128,0.001,3,10,100,32,32,256,184,440338,73,30,ContrastiveLoss,gru,/home/dpetrovitch/dzagcoffee/train_trace/gender/checkpoints_2025-10-07 19:53:20.141369_ContrastiveLoss_gru_catboost/model_128_0.001_3_10_100_256_32_32_256_ContrastiveLoss_gruepoch=25.ckpt,25,30,0.4494015,54.7388,1.6728,0.0004,4.6503,1.2509,13.213,0.6404,1306.4266,63.6247,281.4044,13.7048,262.282,12.7735,251.0666,12.2273,235.7687,11.4822,222.7369,10.8476,196.4339,9.5666,84.9177,4.268,18.2913,0.9193,17.0483,0.8569,16.3193,0.8202,15.325,0.7702,14.4779,0.7277,12.7682,0.6417,0.0,0.0,0.0,0.0,0.0,0.0,0.0,0.0,0.0,0.0,0.0,0.0,0.0,0.0,0.0,0.0,0.0,0.0,0.0,0.0,0.0,0.0,0.0,0.0,0.0,0.0,0.0,0.0,0.0,0.0,0.0,0.0,0.0,0.0,0.0,0.704,0.725
128,0.001,3,10,100,32,32,256,184,440338,73,30,ContrastiveLoss,gru,/home/dpetrovitch/dzagcoffee/train_trace/gender/checkpoints_2025-10-07 19:53:20.141369_ContrastiveLoss_gru_catboost/model_128_0.001_3_10_100_256_32_32_256_ContrastiveLoss_gruepoch=26.ckpt,26,30,0.44947007,55.8885,1.6739,0.0004,4.6363,1.2648,12.5602,0.6273,1319.0531,64.2424,282.4549,13.7565,263.1549,12.8165,252.176,12.2818,237.032,11.5443,223.8315,10.9014,196.5085,9.5706,85.6626,4.3705,18.3433,0.9359,17.0899,0.8719,16.3769,0.8355,15.3935,0.7854,14.5362,0.7416,12.7618,0.6511,0.0,0.0,0.0,0.0,0.0,0.0,0.0,0.0,0.0,0.0,0.0,0.0,0.0,0.0,0.0,0.0,0.0,0.0,0.0,0.0,0.0,0.0,0.0,0.0,0.0,0.0,0.0,0.0,0.0,0.0,0.0,0.0,0.0,0.0,0.0,0.708,0.7454
128,0.001,3,10,100,32,32,256,184,440338,73,30,ContrastiveLoss,gru,/home/dpetrovitch/dzagcoffee/train_trace/gender/checkpoints_2025-10-07 19:53:20.141369_ContrastiveLoss_gru_catboost/model_128_0.001_3_10_100_256_32_32_256_ContrastiveLoss_gruepoch=27.ckpt,27,30,0.45322493,55.7836,1.6734,0.0004,4.6439,1.2582,12.8411,0.6344,1315.4587,64.0912,282.6752,13.7724,263.4383,12.8351,252.3334,12.2941,237.17,11.5553,224.2746,10.927,197.0404,9.6001,87.4978,4.3753,18.8022,0.9402,17.5226,0.8762,16.784,0.8393,15.7754,0.7888,14.9176,0.7459,13.1061,0.6554,0.0,0.0,0.0,0.0,0.0,0.0,0.0,0.0,0.0,0.0,0.0,0.0,0.0,0.0,0.0,0.0,0.0,0.0,0.0,0.0,0.0,0.0,0.0,0.0,0.0,0.0,0.0,0.0,0.0,0.0,0.0,0.0,0.0,0.0,0.0,0.712,0.7413
128,0.001,3,10,100,32,32,256,184,440338,73,30,ContrastiveLoss,gru,/home/dpetrovitch/dzagcoffee/train_trace/gender/checkpoints_2025-10-07 19:53:20.141369_ContrastiveLoss_gru_catboost/model_128_0.001_3_10_100_256_32_32_256_ContrastiveLoss_gruepoch=28.ckpt,28,30,0.44977844,55.2779,1.6673,0.0004,4.6355,1.2561,12.8875,0.6353,1311.052,63.8281,281.2755,13.6938,262.2302,12.7666,251.1587,12.2276,236.0152,11.4903,222.8862,10.8511,199.5513,9.7151,83.9462,4.3556,18.01,0.9344,16.7905,0.8712,16.0816,0.8344,15.112,0.7841,14.2713,0.7405,12.7772,0.6629,0.0,0.0,0.0,0.0,0.0,0.0,0.0,0.0,0.0,0.0,0.0,0.0,0.0,0.0,0.0,0.0,0.0,0.0,0.0,0.0,0.0,0.0,0.0,0.0,0.0,0.0,0.0,0.0,0.0,0.0,0.0,0.0,0.0,0.0,0.0,0.692,0.7266
128,0.001,3,10,100,32,32,256,184,440338,73,30,ContrastiveLoss,gru,/home/dpetrovitch/dzagcoffee/train_trace/gender/checkpoints_2025-10-07 19:53:20.141369_ContrastiveLoss_gru_catboost/model_128_0.001_3_10_100_256_32_32_256_ContrastiveLoss_gruepoch=29.ckpt,29,30,0.450775,55.8839,1.6748,0.0004,4.6379,1.2588,12.6405,0.6332,1328.3463,64.6723,283.0057,13.7785,263.9168,12.8491,253.039,12.3195,237.9136,11.5831,225.1709,10.9627,198.4457,9.6616,85.6323,4.3508,18.2441,0.9269,17.0135,0.8644,16.3122,0.8288,15.3372,0.7792,14.5157,0.7375,12.7929,0.65,0.0,0.0,0.0,0.0,0.0,0.0,0.0,0.0,0.0,0.0,0.0,0.0,0.0,0.0,0.0,0.0,0.0,0.0,0.0,0.0,0.0,0.0,0.0,0.0,0.0,0.0,0.0,0.0,0.0,0.0,0.0,0.0,0.0,0.0,0.0,0.684,0.7394
128,0.001,3,10,100,32,64,256,184,440338,73,30,ContrastiveLoss,gru,/home/dpetrovitch/dzagcoffee/train_trace/gender/checkpoints_2025-10-07 19:53:20.141369_ContrastiveLoss_gru_catboost/model_128_0.001_3_10_100_256_32_64_256_ContrastiveLoss_gruepoch=00.ckpt,0,30,0.33684266,50.2667,1.6709,0.0004,5.1355,1.4256,6.3103,0.5191,608.5492,30.2348,238.5014,11.8496,209.9298,10.43,194.4277,9.6598,173.0122,8.5958,155.4351,7.7226,116.4761,5.7869,23.6867,1.6679,9.2833,0.6537,8.1712,0.5754,7.5678,0.5329,6.7342,0.4742,6.05,0.426,4.5336,0.3192,0.0,0.0,0.0,0.0,0.0,0.0,0.0,0.0,0.0,0.0,0.0,0.0,0.0,0.0,0.0,0.0,0.0,0.0,0.0,0.0,0.0,0.0,0.0,0.0,0.0,0.0,0.0,0.0,0.0,0.0,0.0,0.0,0.0,0.0,0.0,0.604,0.6048
128,0.001,3,10,100,32,64,256,184,440338,73,30,ContrastiveLoss,gru,/home/dpetrovitch/dzagcoffee/train_trace/gender/checkpoints_2025-10-07 19:53:20.141369_ContrastiveLoss_gru_catboost/model_128_0.001_3_10_100_256_32_64_256_ContrastiveLoss_gruepoch=01.ckpt,1,30,0.39388022,45.4409,1.6778,0.0004,4.8135,1.4195,8.3206,0.5158,795.3268,39.4283,241.6483,11.9797,215.6539,10.691,200.922,9.9607,180.8343,8.9649,163.7525,8.118,135.4002,6.7125,38.684,2.434,11.7536,0.7395,10.4892,0.66,9.7727,0.6149,8.7956,0.5534,7.9648,0.5011,6.5858,0.4144,0.0,0.0,0.0,0.0,0.0,0.0,0.0,0.0,0.0,0.0,0.0,0.0,0.0,0.0,0.0,0.0,0.0,0.0,0.0,0.0,0.0,0.0,0.0,0.0,0.0,0.0,0.0,0.0,0.0,0.0,0.0,0.0,0.0,0.0,0.0,0.628,0.6436
128,0.001,3,10,100,32,64,256,184,440338,73,30,ContrastiveLoss,gru,/home/dpetrovitch/dzagcoffee/train_trace/gender/checkpoints_2025-10-07 19:53:20.141369_ContrastiveLoss_gru_catboost/model_128_0.001_3_10_100_256_32_64_256_ContrastiveLoss_gruepoch=02.ckpt,2,30,0.40129867,45.7372,1.6758,0.0004,4.6987,1.3692,8.7457,0.5423,912.4775,44.8887,248.4504,12.2224,224.1361,11.0262,210.4084,10.3509,191.9026,9.4405,176.5355,8.6845,150.4638,7.402,46.4695,2.7681,12.6528,0.7537,11.4145,0.6799,10.7154,0.6383,9.773,0.5821,8.9904,0.5355,7.6626,0.4564,0.0,0.0,0.0,0.0,0.0,0.0,0.0,0.0,0.0,0.0,0.0,0.0,0.0,0.0,0.0,0.0,0.0,0.0,0.0,0.0,0.0,0.0,0.0,0.0,0.0,0.0,0.0,0.0,0.0,0.0,0.0,0.0,0.0,0.0,0.0,0.632,0.6494
128,0.001,3,10,100,32,64,256,184,440338,73,30,ContrastiveLoss,gru,/home/dpetrovitch/dzagcoffee/train_trace/gender/checkpoints_2025-10-07 19:53:20.141369_ContrastiveLoss_gru_catboost/model_128_0.001_3_10_100_256_32_64_256_ContrastiveLoss_gruepoch=03.ckpt,3,30,0.41833138,48.6563,1.6752,0.0005,4.6436,1.3848,8.5244,0.5308,1014.7497,49.7599,254.0238,12.4565,231.5004,11.352,218.6826,10.7235,201.3573,9.8739,186.9726,9.1685,157.5853,7.7275,57.0284,3.3892,14.276,0.8484,13.0102,0.7732,12.2898,0.7304,11.3162,0.6725,10.5078,0.6245,8.8562,0.5263,0.0,0.0,0.0,0.0,0.0,0.0,0.0,0.0,0.0,0.0,0.0,0.0,0.0,0.0,0.0,0.0,0.0,0.0,0.0,0.0,0.0,0.0,0.0,0.0,0.0,0.0,0.0,0.0,0.0,0.0,0.0,0.0,0.0,0.0,0.0,0.64,0.6633
128,0.001,3,10,100,32,64,256,184,440338,73,30,ContrastiveLoss,gru,/home/dpetrovitch/dzagcoffee/train_trace/gender/checkpoints_2025-10-07 19:53:20.141369_ContrastiveLoss_gru_catboost/model_128_0.001_3_10_100_256_32_64_256_ContrastiveLoss_gruepoch=04.ckpt,4,30,0.42272875,50.8693,1.6777,0.0005,4.6143,1.3715,9.884,0.5429,1066.8483,52.3544,261.9953,12.8571,239.5652,11.7564,226.928,11.1362,210.2277,10.3167,195.8955,9.6134,166.1256,8.1524,60.3558,3.3952,14.8221,0.8338,13.5531,0.7624,12.8382,0.7222,11.8934,0.669,11.0826,0.6234,9.3984,0.5287,0.0,0.0,0.0,0.0,0.0,0.0,0.0,0.0,0.0,0.0,0.0,0.0,0.0,0.0,0.0,0.0,0.0,0.0,0.0,0.0,0.0,0.0,0.0,0.0,0.0,0.0,0.0,0.0,0.0,0.0,0.0,0.0,0.0,0.0,0.0,0.664,0.692
128,0.001,3,10,100,32,64,256,184,440338,73,30,ContrastiveLoss,gru,/home/dpetrovitch/dzagcoffee/train_trace/gender/checkpoints_2025-10-07 19:53:20.141369_ContrastiveLoss_gru_catboost/model_128_0.001_3_10_100_256_32_64_256_ContrastiveLoss_gruepoch=05.ckpt,5,30,0.43915617,50.3264,1.6774,0.0005,4.5996,1.3246,9.8314,0.5764,1114.7405,54.6315,262.9371,12.8861,241.5811,11.8395,229.5377,11.2492,213.7387,10.475,200.9472,9.8481,171.45,8.4025,63.9915,3.6655,15.0939,0.8646,13.8679,0.7944,13.1766,0.7548,12.2696,0.7028,11.5353,0.6608,9.8421,0.5638,0.0,0.0,0.0,0.0,0.0,0.0,0.0,0.0,0.0,0.0,0.0,0.0,0.0,0.0,0.0,0.0,0.0,0.0,0.0,0.0,0.0,0.0,0.0,0.0,0.0,0.0,0.0,0.0,0.0,0.0,0.0,0.0,0.0,0.0,0.0,0.656,0.7041
128,0.001,3,10,100,32,64,256,184,440338,73,30,ContrastiveLoss,gru,/home/dpetrovitch/dzagcoffee/train_trace/gender/checkpoints_2025-10-07 19:53:20.141369_ContrastiveLoss_gru_catboost/model_128_0.001_3_10_100_256_32_64_256_ContrastiveLoss_gruepoch=06.ckpt,6,30,0.43043852,50.7474,1.677,0.0005,4.5617,1.2976,10.0752,0.6003,1115.3816,54.6097,266.1606,13.0314,244.998,11.9952,232.8756,11.4017,217.2064,10.6345,204.1887,9.9972,173.7286,8.5058,63.3786,3.5919,15.1239,0.8571,13.9214,0.789,13.2325,0.7499,12.3422,0.6995,11.6025,0.6576,9.8717,0.5595,0.0,0.0,0.0,0.0,0.0,0.0,0.0,0.0,0.0,0.0,0.0,0.0,0.0,0.0,0.0,0.0,0.0,0.0,0.0,0.0,0.0,0.0,0.0,0.0,0.0,0.0,0.0,0.0,0.0,0.0,0.0,0.0,0.0,0.0,0.0,0.636,0.6878
128,0.001,3,10,100,32,64,256,184,440338,73,30,ContrastiveLoss,gru,/home/dpetrovitch/dzagcoffee/train_trace/gender/checkpoints_2025-10-07 19:53:20.141369_ContrastiveLoss_gru_catboost/model_128_0.001_3_10_100_256_32_64_256_ContrastiveLoss_gruepoch=07.ckpt,7,30,0.43833378,51.9416,1.6764,0.0005,4.5425,1.3008,10.8,0.5971,1165.2191,57.0175,268.8953,13.1578,247.5216,12.1119,235.5423,11.5258,219.9847,10.7645,207.3074,10.1441,178.7086,8.7447,68.3754,3.867,15.7788,0.8924,14.5246,0.8214,13.8217,0.7817,12.9088,0.7301,12.1649,0.688,10.4867,0.5931,0.0,0.0,0.0,0.0,0.0,0.0,0.0,0.0,0.0,0.0,0.0,0.0,0.0,0.0,0.0,0.0,0.0,0.0,0.0,0.0,0.0,0.0,0.0,0.0,0.0,0.0,0.0,0.0,0.0,0.0,0.0,0.0,0.0,0.0,0.0,0.668,0.7433
128,0.001,3,10,100,32,64,256,184,440338,73,30,ContrastiveLoss,gru,/home/dpetrovitch/dzagcoffee/train_trace/gender/checkpoints_2025-10-07 19:53:20.141369_ContrastiveLoss_gru_catboost/model_128_0.001_3_10_100_256_32_64_256_ContrastiveLoss_gruepoch=08.ckpt,8,30,0.44354212,52.9815,1.6759,0.0005,4.5351,1.2905,11.1356,0.6044,1193.4412,58.2919,271.1887,13.2458,250.2953,12.2253,238.6914,11.6585,223.3277,10.9081,211.2925,10.3203,184.1685,8.9954,66.5523,3.7183,15.1229,0.8449,13.9577,0.7798,13.3106,0.7437,12.4539,0.6958,11.7827,0.6583,10.2702,0.5738,0.0,0.0,0.0,0.0,0.0,0.0,0.0,0.0,0.0,0.0,0.0,0.0,0.0,0.0,0.0,0.0,0.0,0.0,0.0,0.0,0.0,0.0,0.0,0.0,0.0,0.0,0.0,0.0,0.0,0.0,0.0,0.0,0.0,0.0,0.0,0.68,0.7426
128,0.001,3,10,100,32,64,256,184,440338,73,30,ContrastiveLoss,gru,/home/dpetrovitch/dzagcoffee/train_trace/gender/checkpoints_2025-10-07 19:53:20.141369_ContrastiveLoss_gru_catboost/model_128_0.001_3_10_100_256_32_64_256_ContrastiveLoss_gruepoch=09.ckpt,9,30,0.44356784,54.0284,1.6756,0.0005,4.5231,1.2874,11.2178,0.6069,1225.3088,59.8596,273.0078,13.3371,252.621,12.3412,240.9897,11.773,225.9131,11.0365,213.6502,10.4374,183.2902,8.9542,70.2448,3.8817,15.6511,0.8649,14.4823,0.8003,13.8155,0.7634,12.9512,0.7157,12.2482,0.6768,10.5077,0.5807,0.0,0.0,0.0,0.0,0.0,0.0,0.0,0.0,0.0,0.0,0.0,0.0,0.0,0.0,0.0,0.0,0.0,0.0,0.0,0.0,0.0,0.0,0.0,0.0,0.0,0.0,0.0,0.0,0.0,0.0,0.0,0.0,0.0,0.0,0.0,0.684,0.7417
128,0.001,3,10,100,32,64,256,184,440338,73,30,ContrastiveLoss,gru,/home/dpetrovitch/dzagcoffee/train_trace/gender/checkpoints_2025-10-07 19:53:20.141369_ContrastiveLoss_gru_catboost/model_128_0.001_3_10_100_256_32_64_256_ContrastiveLoss_gruepoch=10.ckpt,10,30,0.43735722,53.4526,1.6764,0.0005,4.5584,1.2659,11.5495,0.628,1229.2388,60.0577,275.8074,13.4753,255.3108,12.4739,243.6232,11.9028,228.2286,11.1507,215.2602,10.5171,184.2364,9.0013,70.568,3.8642,15.8335,0.867,14.6569,0.8026,13.9859,0.7659,13.1021,0.7175,12.3576,0.6767,10.5766,0.5792,0.0,0.0,0.0,0.0,0.0,0.0,0.0,0.0,0.0,0.0,0.0,0.0,0.0,0.0,0.0,0.0,0.0,0.0,0.0,0.0,0.0,0.0,0.0,0.0,0.0,0.0,0.0,0.0,0.0,0.0,0.0,0.0,0.0,0.0,0.0,0.692,0.7347
128,0.001,3,10,100,32,64,256,184,440338,73,30,ContrastiveLoss,gru,/home/dpetrovitch/dzagcoffee/train_trace/gender/checkpoints_2025-10-07 19:53:20.141369_ContrastiveLoss_gru_catboost/model_128_0.001_3_10_100_256_32_64_256_ContrastiveLoss_gruepoch=11.ckpt,11,30,0.4440447,54.2075,1.6749,0.0005,4.551,1.278,11.5753,0.6155,1264.4874,61.7236,276.9723,13.5199,256.6266,12.5267,245.2542,11.9716,230.4486,11.2489,217.9175,10.6372,189.1507,9.233,76.2664,4.0431,16.7053,0.8856,15.4782,0.8205,14.7923,0.7842,13.8993,0.7368,13.1435,0.6968,11.4084,0.6048,0.0,0.0,0.0,0.0,0.0,0.0,0.0,0.0,0.0,0.0,0.0,0.0,0.0,0.0,0.0,0.0,0.0,0.0,0.0,0.0,0.0,0.0,0.0,0.0,0.0,0.0,0.0,0.0,0.0,0.0,0.0,0.0,0.0,0.0,0.0,0.7,0.7633
128,0.001,3,10,100,32,64,256,184,440338,73,30,ContrastiveLoss,gru,/home/dpetrovitch/dzagcoffee/train_trace/gender/checkpoints_2025-10-07 19:53:20.141369_ContrastiveLoss_gru_catboost/model_128_0.001_3_10_100_256_32_64_256_ContrastiveLoss_gruepoch=12.ckpt,12,30,0.446172,53.818,1.6758,0.0005,4.5613,1.2634,11.1391,0.6302,1264.776,61.7713,277.2072,13.5387,257.2404,12.5636,245.6949,11.9997,230.4648,11.2558,218.0615,10.6501,187.5546,9.1601,74.9023,4.0031,16.4167,0.8774,15.2342,0.8142,14.5505,0.7776,13.6485,0.7294,12.914,0.6902,11.1073,0.5936,0.0,0.0,0.0,0.0,0.0,0.0,0.0,0.0,0.0,0.0,0.0,0.0,0.0,0.0,0.0,0.0,0.0,0.0,0.0,0.0,0.0,0.0,0.0,0.0,0.0,0.0,0.0,0.0,0.0,0.0,0.0,0.0,0.0,0.0,0.0,0.7,0.7601
128,0.001,3,10,100,32,64,256,184,440338,73,30,ContrastiveLoss,gru,/home/dpetrovitch/dzagcoffee/train_trace/gender/checkpoints_2025-10-07 19:53:20.141369_ContrastiveLoss_gru_catboost/model_128_0.001_3_10_100_256_32_64_256_ContrastiveLoss_gruepoch=13.ckpt,13,30,0.44129205,53.9038,1.6757,0.0005,4.5853,1.2513,12.083,0.642,1270.4912,62.0299,278.4783,13.5963,258.3811,12.6151,246.6233,12.041,231.3908,11.2973,218.5745,10.6716,189.0347,9.2294,74.6295,3.9638,16.358,0.8688,15.1775,0.8061,14.4868,0.7694,13.5921,0.7219,12.8392,0.6819,11.104,0.5898,0.0,0.0,0.0,0.0,0.0,0.0,0.0,0.0,0.0,0.0,0.0,0.0,0.0,0.0,0.0,0.0,0.0,0.0,0.0,0.0,0.0,0.0,0.0,0.0,0.0,0.0,0.0,0.0,0.0,0.0,0.0,0.0,0.0,0.0,0.0,0.672,0.7314
128,0.001,3,10,100,32,64,256,184,440338,73,30,ContrastiveLoss,gru,/home/dpetrovitch/dzagcoffee/train_trace/gender/checkpoints_2025-10-07 19:53:20.141369_ContrastiveLoss_gru_catboost/model_128_0.001_3_10_100_256_32_64_256_ContrastiveLoss_gruepoch=14.ckpt,14,30,0.4453011,53.6545,1.6717,0.0005,4.5676,1.2422,12.0726,0.6486,1272.3644,62.0201,278.2178,13.5614,258.3853,12.5947,246.9323,12.0365,232.3427,11.3253,220.3428,10.7404,194.2572,9.4689,74.7927,3.9716,16.3543,0.8684,15.1885,0.8065,14.5153,0.7708,13.6577,0.7253,12.9523,0.6878,11.4189,0.6064,0.0,0.0,0.0,0.0,0.0,0.0,0.0,0.0,0.0,0.0,0.0,0.0,0.0,0.0,0.0,0.0,0.0,0.0,0.0,0.0,0.0,0.0,0.0,0.0,0.0,0.0,0.0,0.0,0.0,0.0,0.0,0.0,0.0,0.0,0.0,0.692,0.7142
128,0.001,3,10,100,32,64,256,184,440338,73,30,ContrastiveLoss,gru,/home/dpetrovitch/dzagcoffee/train_trace/gender/checkpoints_2025-10-07 19:53:20.141369_ContrastiveLoss_gru_catboost/model_128_0.001_3_10_100_256_32_64_256_ContrastiveLoss_gruepoch=15.ckpt,15,30,0.44965565,54.5186,1.6739,0.0005,4.5796,1.2561,12.6254,0.6362,1302.5586,63.5347,280.2893,13.6716,260.2451,12.6939,248.9922,12.1451,234.2984,11.4283,221.8677,10.822,193.8331,9.4546,77.3492,4.0751,16.6443,0.8769,15.454,0.8142,14.7858,0.779,13.9132,0.733,13.1751,0.6941,11.5103,0.6064,0.0,0.0,0.0,0.0,0.0,0.0,0.0,0.0,0.0,0.0,0.0,0.0,0.0,0.0,0.0,0.0,0.0,0.0,0.0,0.0,0.0,0.0,0.0,0.0,0.0,0.0,0.0,0.0,0.0,0.0,0.0,0.0,0.0,0.0,0.0,0.7,0.739
128,0.001,3,10,100,32,64,256,184,440338,73,30,ContrastiveLoss,gru,/home/dpetrovitch/dzagcoffee/train_trace/gender/checkpoints_2025-10-07 19:53:20.141369_ContrastiveLoss_gru_catboost/model_128_0.001_3_10_100_256_32_64_256_ContrastiveLoss_gruepoch=16.ckpt,16,30,0.44371918,55.1184,1.6728,0.0005,4.5948,1.2625,11.9052,0.6297,1312.8159,63.9896,279.5247,13.6247,259.711,12.6589,248.6794,12.1212,234.0417,11.4077,222.1877,10.8299,194.1522,9.4634,80.3178,4.2336,17.1013,0.9014,15.8891,0.8375,15.2141,0.8019,14.3186,0.7547,13.5934,0.7165,11.8782,0.6261,0.0,0.0,0.0,0.0,0.0,0.0,0.0,0.0,0.0,0.0,0.0,0.0,0.0,0.0,0.0,0.0,0.0,0.0,0.0,0.0,0.0,0.0,0.0,0.0,0.0,0.0,0.0,0.0,0.0,0.0,0.0,0.0,0.0,0.0,0.0,0.72,0.7498
128,0.001,3,10,100,32,64,256,184,440338,73,30,ContrastiveLoss,gru,/home/dpetrovitch/dzagcoffee/train_trace/gender/checkpoints_2025-10-07 19:53:20.141369_ContrastiveLoss_gru_catboost/model_128_0.001_3_10_100_256_32_64_256_ContrastiveLoss_gruepoch=17.ckpt,17,30,0.44989836,55.4181,1.6744,0.0004,4.6043,1.262,12.0128,0.6297,1339.4065,65.3262,279.7768,13.6454,260.4253,12.7016,249.3762,12.1627,235.1294,11.4679,223.2427,10.8881,195.8779,9.5535,83.0972,4.4068,17.3574,0.9205,16.1569,0.8568,15.4714,0.8205,14.5875,0.7736,13.85,0.7345,12.1523,0.6445,0.0,0.0,0.0,0.0,0.0,0.0,0.0,0.0,0.0,0.0,0.0,0.0,0.0,0.0,0.0,0.0,0.0,0.0,0.0,0.0,0.0,0.0,0.0,0.0,0.0,0.0,0.0,0.0,0.0,0.0,0.0,0.0,0.0,0.0,0.0,0.68,0.7392
128,0.001,3,10,100,32,64,256,184,440338,73,30,ContrastiveLoss,gru,/home/dpetrovitch/dzagcoffee/train_trace/gender/checkpoints_2025-10-07 19:53:20.141369_ContrastiveLoss_gru_catboost/model_128_0.001_3_10_100_256_32_64_256_ContrastiveLoss_gruepoch=18.ckpt,18,30,0.44933012,55.9891,1.6748,0.0005,4.5904,1.2642,12.9219,0.6278,1336.4995,65.1788,280.6278,13.6857,261.1017,12.7335,250.2446,12.204,235.6418,11.4918,223.8582,10.9172,195.0662,9.513,77.086,4.1384,16.1859,0.869,15.0597,0.8085,14.4335,0.7749,13.5912,0.7297,12.9116,0.6932,11.2509,0.604,0.0,0.0,0.0,0.0,0.0,0.0,0.0,0.0,0.0,0.0,0.0,0.0,0.0,0.0,0.0,0.0,0.0,0.0,0.0,0.0,0.0,0.0,0.0,0.0,0.0,0.0,0.0,0.0,0.0,0.0,0.0,0.0,0.0,0.0,0.0,0.692,0.7459
128,0.001,3,10,100,32,64,256,184,440338,73,30,ContrastiveLoss,gru,/home/dpetrovitch/dzagcoffee/train_trace/gender/checkpoints_2025-10-07 19:53:20.141369_ContrastiveLoss_gru_catboost/model_128_0.001_3_10_100_256_32_64_256_ContrastiveLoss_gruepoch=19.ckpt,19,30,0.44374776,54.2661,1.6704,0.0004,4.6246,1.2389,12.0561,0.6531,1318.2062,64.2144,280.4594,13.6621,260.7155,12.7004,249.6878,12.1632,234.7405,11.435,222.5401,10.8407,193.779,9.4396,78.1373,4.087,16.6244,0.8695,15.454,0.8083,14.8004,0.7741,13.9144,0.7278,13.1912,0.69,11.4863,0.6008,0.0,0.0,0.0,0.0,0.0,0.0,0.0,0.0,0.0,0.0,0.0,0.0,0.0,0.0,0.0,0.0,0.0,0.0,0.0,0.0,0.0,0.0,0.0,0.0,0.0,0.0,0.0,0.0,0.0,0.0,0.0,0.0,0.0,0.0,0.0,0.688,0.7358
128,0.001,3,10,100,32,64,256,184,440338,73,30,ContrastiveLoss,gru,/home/dpetrovitch/dzagcoffee/train_trace/gender/checkpoints_2025-10-07 19:53:20.141369_ContrastiveLoss_gru_catboost/model_128_0.001_3_10_100_256_32_64_256_ContrastiveLoss_gruepoch=20.ckpt,20,30,0.44760826,54.6303,1.6702,0.0004,4.6335,1.2446,12.5324,0.6469,1343.1832,65.4074,281.8109,13.723,262.129,12.7646,251.2056,12.2327,236.5464,11.5188,224.3873,10.9267,196.1198,9.5502,78.6407,4.1121,16.4995,0.8628,15.3471,0.8025,14.7076,0.7691,13.8493,0.7242,13.1374,0.687,11.4824,0.6004,0.0,0.0,0.0,0.0,0.0,0.0,0.0,0.0,0.0,0.0,0.0,0.0,0.0,0.0,0.0,0.0,0.0,0.0,0.0,0.0,0.0,0.0,0.0,0.0,0.0,0.0,0.0,0.0,0.0,0.0,0.0,0.0,0.0,0.0,0.0,0.664,0.7153
128,0.001,3,10,100,32,64,256,184,440338,73,30,ContrastiveLoss,gru,/home/dpetrovitch/dzagcoffee/train_trace/gender/checkpoints_2025-10-07 19:53:20.141369_ContrastiveLoss_gru_catboost/model_128_0.001_3_10_100_256_32_64_256_ContrastiveLoss_gruepoch=21.ckpt,21,30,0.45110908,55.1993,1.674,0.0004,4.6313,1.2507,12.8251,0.6417,1348.8523,65.7376,282.2018,13.7534,262.8073,12.8082,251.9334,12.2782,237.5914,11.5793,225.684,10.9989,197.7781,9.6389,79.0652,4.1371,16.5417,0.8656,15.4049,0.8061,14.7675,0.7727,13.9268,0.7287,13.2288,0.6922,11.5931,0.6066,0.0,0.0,0.0,0.0,0.0,0.0,0.0,0.0,0.0,0.0,0.0,0.0,0.0,0.0,0.0,0.0,0.0,0.0,0.0,0.0,0.0,0.0,0.0,0.0,0.0,0.0,0.0,0.0,0.0,0.0,0.0,0.0,0.0,0.0,0.0,0.676,0.7497
128,0.001,3,10,100,32,64,256,184,440338,73,30,ContrastiveLoss,gru,/home/dpetrovitch/dzagcoffee/train_trace/gender/checkpoints_2025-10-07 19:53:20.141369_ContrastiveLoss_gru_catboost/model_128_0.001_3_10_100_256_32_64_256_ContrastiveLoss_gruepoch=22.ckpt,22,30,0.4484078,55.5215,1.6732,0.0005,4.6237,1.2589,13.0076,0.6329,1371.2644,66.807,281.7498,13.7266,262.5982,12.7936,251.6843,12.2619,237.4546,11.5686,225.9416,11.0077,198.4425,9.668,87.5559,4.4838,17.9899,0.9213,16.767,0.8586,16.0702,0.823,15.1616,0.7764,14.4265,0.7388,12.6706,0.6489,0.0,0.0,0.0,0.0,0.0,0.0,0.0,0.0,0.0,0.0,0.0,0.0,0.0,0.0,0.0,0.0,0.0,0.0,0.0,0.0,0.0,0.0,0.0,0.0,0.0,0.0,0.0,0.0,0.0,0.0,0.0,0.0,0.0,0.0,0.0,0.684,0.7456
128,0.001,3,10,100,32,64,256,184,440338,73,30,ContrastiveLoss,gru,/home/dpetrovitch/dzagcoffee/train_trace/gender/checkpoints_2025-10-07 19:53:20.141369_ContrastiveLoss_gru_catboost/model_128_0.001_3_10_100_256_32_64_256_ContrastiveLoss_gruepoch=23.ckpt,23,30,0.44586074,55.0161,1.6713,0.0004,4.6247,1.25,12.7266,0.6408,1373.2104,66.8769,282.8473,13.775,263.4488,12.8303,252.4224,12.2933,238.0419,11.5929,226.1753,11.015,198.1983,9.6525,88.2514,4.5238,18.1776,0.9318,16.9309,0.8679,16.2223,0.8316,15.2981,0.7842,14.5355,0.7451,12.7375,0.6529,0.0,0.0,0.0,0.0,0.0,0.0,0.0,0.0,0.0,0.0,0.0,0.0,0.0,0.0,0.0,0.0,0.0,0.0,0.0,0.0,0.0,0.0,0.0,0.0,0.0,0.0,0.0,0.0,0.0,0.0,0.0,0.0,0.0,0.0,0.0,0.716,0.7432
128,0.001,3,10,100,32,64,256,184,440338,73,30,ContrastiveLoss,gru,/home/dpetrovitch/dzagcoffee/train_trace/gender/checkpoints_2025-10-07 19:53:20.141369_ContrastiveLoss_gru_catboost/model_128_0.001_3_10_100_256_32_64_256_ContrastiveLoss_gruepoch=24.ckpt,24,30,0.44945577,55.4301,1.6706,0.0004,4.6179,1.2558,12.7171,0.6357,1376.9769,67.0643,282.3821,13.7531,263.2253,12.8201,252.518,12.2986,238.2225,11.6024,226.595,11.0361,199.2033,9.702,88.569,4.5004,18.1632,0.9229,16.931,0.8603,16.2423,0.8253,15.3228,0.7786,14.5749,0.7406,12.813,0.6511,0.0,0.0,0.0,0.0,0.0,0.0,0.0,0.0,0.0,0.0,0.0,0.0,0.0,0.0,0.0,0.0,0.0,0.0,0.0,0.0,0.0,0.0,0.0,0.0,0.0,0.0,0.0,0.0,0.0,0.0,0.0,0.0,0.0,0.0,0.0,0.692,0.7369
128,0.001,3,10,100,32,64,256,184,440338,73,30,ContrastiveLoss,gru,/home/dpetrovitch/dzagcoffee/train_trace/gender/checkpoints_2025-10-07 19:53:20.141369_ContrastiveLoss_gru_catboost/model_128_0.001_3_10_100_256_32_64_256_ContrastiveLoss_gruepoch=25.ckpt,25,30,0.44586077,55.7511,1.6723,0.0004,4.6345,1.2571,12.793,0.6347,1377.8053,67.1175,282.2555,13.7496,263.1998,12.8213,252.4894,12.2996,238.367,11.6116,226.6751,11.0421,200.1423,9.7496,88.1255,4.5634,18.0533,0.9349,16.8345,0.8717,16.1494,0.8363,15.2461,0.7895,14.4983,0.7508,12.8013,0.6629,0.0,0.0,0.0,0.0,0.0,0.0,0.0,0.0,0.0,0.0,0.0,0.0,0.0,0.0,0.0,0.0,0.0,0.0,0.0,0.0,0.0,0.0,0.0,0.0,0.0,0.0,0.0,0.0,0.0,0.0,0.0,0.0,0.0,0.0,0.0,0.712,0.7597
128,0.001,3,10,100,32,64,256,184,440338,73,30,ContrastiveLoss,gru,/home/dpetrovitch/dzagcoffee/train_trace/gender/checkpoints_2025-10-07 19:53:20.141369_ContrastiveLoss_gru_catboost/model_128_0.001_3_10_100_256_32_64_256_ContrastiveLoss_gruepoch=26.ckpt,26,30,0.4468116,56.5688,1.6692,0.0004,4.6317,1.2719,12.3886,0.6203,1398.7389,68.0779,282.6971,13.7591,263.6861,12.8338,253.0222,12.3148,238.7777,11.6215,227.3164,11.0637,200.3762,9.7525,89.3224,4.5824,18.0528,0.9261,16.8388,0.8639,16.1578,0.8289,15.2482,0.7823,14.5163,0.7447,12.7959,0.6565,0.0,0.0,0.0,0.0,0.0,0.0,0.0,0.0,0.0,0.0,0.0,0.0,0.0,0.0,0.0,0.0,0.0,0.0,0.0,0.0,0.0,0.0,0.0,0.0,0.0,0.0,0.0,0.0,0.0,0.0,0.0,0.0,0.0,0.0,0.0,0.68,0.7287
128,0.001,3,10,100,32,64,256,184,440338,73,30,ContrastiveLoss,gru,/home/dpetrovitch/dzagcoffee/train_trace/gender/checkpoints_2025-10-07 19:53:20.141369_ContrastiveLoss_gru_catboost/model_128_0.001_3_10_100_256_32_64_256_ContrastiveLoss_gruepoch=27.ckpt,27,30,0.45079497,55.0968,1.671,0.0004,4.6534,1.2497,13.2713,0.6417,1385.2882,67.4642,282.7597,13.7705,263.6204,12.8384,253.0107,12.3217,238.7782,11.6286,227.0687,11.0584,198.7502,9.6792,84.144,4.3809,17.1751,0.8942,16.0126,0.8337,15.3682,0.8001,14.5037,0.7551,13.7924,0.7181,12.0723,0.6285,0.0,0.0,0.0,0.0,0.0,0.0,0.0,0.0,0.0,0.0,0.0,0.0,0.0,0.0,0.0,0.0,0.0,0.0,0.0,0.0,0.0,0.0,0.0,0.0,0.0,0.0,0.0,0.0,0.0,0.0,0.0,0.0,0.0,0.0,0.0,0.712,0.7323
128,0.001,3,10,100,32,64,256,184,440338,73,30,ContrastiveLoss,gru,/home/dpetrovitch/dzagcoffee/train_trace/gender/checkpoints_2025-10-07 19:53:20.141369_ContrastiveLoss_gru_catboost/model_128_0.001_3_10_100_256_32_64_256_ContrastiveLoss_gruepoch=28.ckpt,28,30,0.4453725,55.0717,1.6743,0.0004,4.6674,1.2437,13.4111,0.6484,1385.1924,67.5418,283.6925,13.8328,264.4866,12.8963,253.5938,12.3652,239.3368,11.67,227.7006,11.1026,200.3848,9.7707,85.7811,4.4202,17.5683,0.9053,16.3789,0.844,15.7044,0.8092,14.8215,0.7637,14.1009,0.7266,12.4093,0.6394,0.0,0.0,0.0,0.0,0.0,0.0,0.0,0.0,0.0,0.0,0.0,0.0,0.0,0.0,0.0,0.0,0.0,0.0,0.0,0.0,0.0,0.0,0.0,0.0,0.0,0.0,0.0,0.0,0.0,0.0,0.0,0.0,0.0,0.0,0.0,0.692,0.7653
128,0.001,3,10,100,32,64,256,184,440338,73,30,ContrastiveLoss,gru,/home/dpetrovitch/dzagcoffee/train_trace/gender/checkpoints_2025-10-07 19:53:20.141369_ContrastiveLoss_gru_catboost/model_128_0.001_3_10_100_256_32_64_256_ContrastiveLoss_gruepoch=29.ckpt,29,30,0.45152882,56.3573,1.6734,0.0004,4.6448,1.262,13.1554,0.6296,1402.238,68.295,284.1011,13.8369,264.8766,12.9006,253.9798,12.3699,239.8118,11.6799,228.2457,11.1165,202.0416,9.8403,89.924,4.5707,18.2191,0.9261,16.9862,0.8634,16.2874,0.8279,15.3789,0.7817,14.6371,0.744,12.9567,0.6586,0.0,0.0,0.0,0.0,0.0,0.0,0.0,0.0,0.0,0.0,0.0,0.0,0.0,0.0,0.0,0.0,0.0,0.0,0.0,0.0,0.0,0.0,0.0,0.0,0.0,0.0,0.0,0.0,0.0,0.0,0.0,0.0,0.0,0.0,0.0,0.692,0.752
128,0.001,3,10,100,32,128,256,184,440338,73,30,ContrastiveLoss,gru,/home/dpetrovitch/dzagcoffee/train_trace/gender/checkpoints_2025-10-07 19:53:20.141369_ContrastiveLoss_gru_catboost/model_128_0.001_3_10_100_256_32_128_256_ContrastiveLoss_gruepoch=00.ckpt,0,30,0.3524934,49.4911,1.6605,0.0004,5.0728,1.437,7.0631,0.508,642.5138,31.6296,230.7805,11.3609,203.7557,10.0305,189.3372,9.3207,171.4538,8.4403,157.8168,7.769,122.3543,6.0233,30.96,1.962,11.1203,0.7047,9.8181,0.6222,9.1233,0.5782,8.2616,0.5236,7.6045,0.4819,5.8957,0.3736,0.0,0.0,0.0,0.0,0.0,0.0,0.0,0.0,0.0,0.0,0.0,0.0,0.0,0.0,0.0,0.0,0.0,0.0,0.0,0.0,0.0,0.0,0.0,0.0,0.0,0.0,0.0,0.0,0.0,0.0,0.0,0.0,0.0,0.0,0.0,0.58,0.5768
128,0.001,3,10,100,32,128,256,184,440338,73,30,ContrastiveLoss,gru,/home/dpetrovitch/dzagcoffee/train_trace/gender/checkpoints_2025-10-07 19:53:20.141369_ContrastiveLoss_gru_catboost/model_128_0.001_3_10_100_256_32_128_256_ContrastiveLoss_gruepoch=01.ckpt,1,30,0.40049624,45.2936,1.6738,0.0004,4.7393,1.4134,7.4724,0.5148,839.3154,41.2573,238.9015,11.7434,214.7116,10.5544,201.6877,9.9141,184.4045,9.0646,169.9791,8.3555,147.4416,7.2476,41.9874,2.6157,11.9512,0.7445,10.7411,0.6691,10.0896,0.6286,9.225,0.5747,8.5033,0.5297,7.3759,0.4595,0.0,0.0,0.0,0.0,0.0,0.0,0.0,0.0,0.0,0.0,0.0,0.0,0.0,0.0,0.0,0.0,0.0,0.0,0.0,0.0,0.0,0.0,0.0,0.0,0.0,0.0,0.0,0.0,0.0,0.0,0.0,0.0,0.0,0.0,0.0,0.648,0.6438
128,0.001,3,10,100,32,128,256,184,440338,73,30,ContrastiveLoss,gru,/home/dpetrovitch/dzagcoffee/train_trace/gender/checkpoints_2025-10-07 19:53:20.141369_ContrastiveLoss_gru_catboost/model_128_0.001_3_10_100_256_32_128_256_ContrastiveLoss_gruepoch=02.ckpt,2,30,0.41585863,47.558,1.6746,0.0005,4.6374,1.3828,8.3362,0.5312,971.3018,47.5578,248.735,12.1788,225.6952,11.0507,213.0464,10.4314,196.4928,9.6209,183.8481,9.0017,161.6952,7.9171,62.5931,3.5597,16.0291,0.9116,14.5444,0.8272,13.7292,0.7808,12.6625,0.7201,11.8476,0.6738,10.42,0.5926,0.0,0.0,0.0,0.0,0.0,0.0,0.0,0.0,0.0,0.0,0.0,0.0,0.0,0.0,0.0,0.0,0.0,0.0,0.0,0.0,0.0,0.0,0.0,0.0,0.0,0.0,0.0,0.0,0.0,0.0,0.0,0.0,0.0,0.0,0.0,0.652,0.6244
128,0.001,3,10,100,32,128,256,184,440338,73,30,ContrastiveLoss,gru,/home/dpetrovitch/dzagcoffee/train_trace/gender/checkpoints_2025-10-07 19:53:20.141369_ContrastiveLoss_gru_catboost/model_128_0.001_3_10_100_256_32_128_256_ContrastiveLoss_gruepoch=03.ckpt,3,30,0.4289651,49.0894,1.6732,0.0005,4.6166,1.3224,9.0516,0.576,1024.133,50.1358,256.3303,12.5485,234.6297,11.4861,222.9321,10.9135,207.0233,10.1347,194.2829,9.511,167.4306,8.1965,63.9923,3.6545,16.0166,0.9147,14.6607,0.8372,13.9298,0.7955,12.9357,0.7387,12.1396,0.6933,10.4618,0.5975,0.0,0.0,0.0,0.0,0.0,0.0,0.0,0.0,0.0,0.0,0.0,0.0,0.0,0.0,0.0,0.0,0.0,0.0,0.0,0.0,0.0,0.0,0.0,0.0,0.0,0.0,0.0,0.0,0.0,0.0,0.0,0.0,0.0,0.0,0.0,0.648,0.6645
128,0.001,3,10,100,32,128,256,184,440338,73,30,ContrastiveLoss,gru,/home/dpetrovitch/dzagcoffee/train_trace/gender/checkpoints_2025-10-07 19:53:20.141369_ContrastiveLoss_gru_catboost/model_128_0.001_3_10_100_256_32_128_256_ContrastiveLoss_gruepoch=04.ckpt,4,30,0.43595803,51.826,1.6778,0.0005,4.6073,1.3418,9.4359,0.5639,1096.8055,53.7425,262.7646,12.8752,241.209,11.819,229.1499,11.2281,213.4706,10.4599,200.8296,9.8405,172.6319,8.4588,70.4459,3.7861,16.8769,0.907,15.4924,0.8326,14.7179,0.791,13.7108,0.7369,12.8989,0.6933,11.0878,0.5959,0.0,0.0,0.0,0.0,0.0,0.0,0.0,0.0,0.0,0.0,0.0,0.0,0.0,0.0,0.0,0.0,0.0,0.0,0.0,0.0,0.0,0.0,0.0,0.0,0.0,0.0,0.0,0.0,0.0,0.0,0.0,0.0,0.0,0.0,0.0,0.632,0.6483
128,0.001,3,10,100,32,128,256,184,440338,73,30,ContrastiveLoss,gru,/home/dpetrovitch/dzagcoffee/train_trace/gender/checkpoints_2025-10-07 19:53:20.141369_ContrastiveLoss_gru_catboost/model_128_0.001_3_10_100_256_32_128_256_ContrastiveLoss_gruepoch=05.ckpt,5,30,0.44253412,52.2688,1.677,0.0005,4.6014,1.3221,10.6907,0.5775,1153.5375,56.3819,266.1872,13.0105,245.3369,11.9914,233.6732,11.4213,218.2998,10.6699,205.6001,10.0492,177.7498,8.6879,81.5459,4.1522,18.8173,0.9582,17.3434,0.8831,16.5188,0.8411,15.4321,0.7858,14.5343,0.7401,12.5655,0.6398,0.0,0.0,0.0,0.0,0.0,0.0,0.0,0.0,0.0,0.0,0.0,0.0,0.0,0.0,0.0,0.0,0.0,0.0,0.0,0.0,0.0,0.0,0.0,0.0,0.0,0.0,0.0,0.0,0.0,0.0,0.0,0.0,0.0,0.0,0.0,0.672,0.7235
128,0.001,3,10,100,32,128,256,184,440338,73,30,ContrastiveLoss,gru,/home/dpetrovitch/dzagcoffee/train_trace/gender/checkpoints_2025-10-07 19:53:20.141369_ContrastiveLoss_gru_catboost/model_128_0.001_3_10_100_256_32_128_256_ContrastiveLoss_gruepoch=06.ckpt,6,30,0.44013843,54.6311,1.6759,0.0005,4.5943,1.3221,11.4233,0.5778,1166.225,56.9884,269.7577,13.1819,248.6805,12.152,237.1557,11.5888,222.2114,10.8585,210.3484,10.2788,181.3149,8.8601,74.1241,3.9283,17.1455,0.9086,15.8059,0.8377,15.0734,0.7988,14.1235,0.7485,13.3695,0.7085,11.5242,0.6107,0.0,0.0,0.0,0.0,0.0,0.0,0.0,0.0,0.0,0.0,0.0,0.0,0.0,0.0,0.0,0.0,0.0,0.0,0.0,0.0,0.0,0.0,0.0,0.0,0.0,0.0,0.0,0.0,0.0,0.0,0.0,0.0,0.0,0.0,0.0,0.688,0.7033
128,0.001,3,10,100,32,128,256,184,440338,73,30,ContrastiveLoss,gru,/home/dpetrovitch/dzagcoffee/train_trace/gender/checkpoints_2025-10-07 19:53:20.141369_ContrastiveLoss_gru_catboost/model_128_0.001_3_10_100_256_32_128_256_ContrastiveLoss_gruepoch=07.ckpt,7,30,0.439693,53.321,1.6759,0.0005,4.6221,1.2705,11.0959,0.6234,1160.7295,56.7308,271.1992,13.2549,250.0756,12.2225,238.2269,11.6434,222.8445,10.8915,209.8251,10.2552,178.3723,8.718,71.6279,3.794,16.7355,0.8864,15.432,0.8174,14.7008,0.7787,13.7516,0.7284,12.9482,0.6858,11.0072,0.583,0.0,0.0,0.0,0.0,0.0,0.0,0.0,0.0,0.0,0.0,0.0,0.0,0.0,0.0,0.0,0.0,0.0,0.0,0.0,0.0,0.0,0.0,0.0,0.0,0.0,0.0,0.0,0.0,0.0,0.0,0.0,0.0,0.0,0.0,0.0,0.68,0.7117
128,0.001,3,10,100,32,128,256,184,440338,73,30,ContrastiveLoss,gru,/home/dpetrovitch/dzagcoffee/train_trace/gender/checkpoints_2025-10-07 19:53:20.141369_ContrastiveLoss_gru_catboost/model_128_0.001_3_10_100_256_32_128_256_ContrastiveLoss_gruepoch=08.ckpt,8,30,0.44168893,55.3582,1.674,0.0005,4.6119,1.2949,10.7924,0.6009,1208.7664,58.9309,273.5451,13.3361,253.0275,12.3358,241.4487,11.7713,226.5449,11.0447,214.4356,10.4544,184.7059,9.005,72.7142,3.889,16.4553,0.8801,15.221,0.8141,14.5245,0.7768,13.628,0.7289,12.8995,0.6899,11.1111,0.5943,0.0,0.0,0.0,0.0,0.0,0.0,0.0,0.0,0.0,0.0,0.0,0.0,0.0,0.0,0.0,0.0,0.0,0.0,0.0,0.0,0.0,0.0,0.0,0.0,0.0,0.0,0.0,0.0,0.0,0.0,0.0,0.0,0.0,0.0,0.0,0.652,0.6797
128,0.001,3,10,100,32,128,256,184,440338,73,30,ContrastiveLoss,gru,/home/dpetrovitch/dzagcoffee/train_trace/gender/checkpoints_2025-10-07 19:53:20.141369_ContrastiveLoss_gru_catboost/model_128_0.001_3_10_100_256_32_128_256_ContrastiveLoss_gruepoch=09.ckpt,9,30,0.44500697,55.7616,1.6753,0.0005,4.6213,1.2813,11.0122,0.6139,1214.5614,59.2885,275.2652,13.437,254.7406,12.4351,243.0982,11.8668,228.0398,11.1317,216.1644,10.552,188.9424,9.2232,68.6662,3.7883,15.5623,0.8586,14.402,0.7945,13.7437,0.7582,12.8924,0.7113,12.221,0.6742,10.682,0.5893,0.0,0.0,0.0,0.0,0.0,0.0,0.0,0.0,0.0,0.0,0.0,0.0,0.0,0.0,0.0,0.0,0.0,0.0,0.0,0.0,0.0,0.0,0.0,0.0,0.0,0.0,0.0,0.0,0.0,0.0,0.0,0.0,0.0,0.0,0.0,0.628,0.6822
128,0.001,3,10,100,32,128,256,184,440338,73,30,ContrastiveLoss,gru,/home/dpetrovitch/dzagcoffee/train_trace/gender/checkpoints_2025-10-07 19:53:20.141369_ContrastiveLoss_gru_catboost/model_128_0.001_3_10_100_256_32_128_256_ContrastiveLoss_gruepoch=10.ckpt,10,30,0.4454981,55.7253,1.675,0.0005,4.6323,1.2798,11.8533,0.6148,1239.1932,60.471,277.9702,13.5646,257.719,12.5764,246.2034,12.0144,231.4003,11.292,219.2469,10.699,189.9211,9.2679,80.8806,4.152,18.1428,0.9314,16.821,0.8635,16.0694,0.8249,15.1032,0.7753,14.31,0.7346,12.3959,0.6363,0.0,0.0,0.0,0.0,0.0,0.0,0.0,0.0,0.0,0.0,0.0,0.0,0.0,0.0,0.0,0.0,0.0,0.0,0.0,0.0,0.0,0.0,0.0,0.0,0.0,0.0,0.0,0.0,0.0,0.0,0.0,0.0,0.0,0.0,0.0,0.664,0.6941
128,0.001,3,10,100,32,128,256,184,440338,73,30,ContrastiveLoss,gru,/home/dpetrovitch/dzagcoffee/train_trace/gender/checkpoints_2025-10-07 19:53:20.141369_ContrastiveLoss_gru_catboost/model_128_0.001_3_10_100_256_32_128_256_ContrastiveLoss_gruepoch=11.ckpt,11,30,0.44636333,53.8459,1.6467,0.0005,4.6409,1.2524,12.1045,0.6396,1239.1255,60.3383,278.0434,13.5391,257.6799,12.5475,246.2571,11.9913,231.1656,11.2564,219.3325,10.6802,194.8807,9.4896,75.8187,3.9359,17.0127,0.8832,15.7667,0.8185,15.0678,0.7822,14.1444,0.7343,13.4204,0.6967,11.9242,0.619,0.0,0.0,0.0,0.0,0.0,0.0,0.0,0.0,0.0,0.0,0.0,0.0,0.0,0.0,0.0,0.0,0.0,0.0,0.0,0.0,0.0,0.0,0.0,0.0,0.0,0.0,0.0,0.0,0.0,0.0,0.0,0.0,0.0,0.0,0.0,0.648,0.692
128,0.001,3,10,100,32,128,256,184,440338,73,30,ContrastiveLoss,gru,/home/dpetrovitch/dzagcoffee/train_trace/gender/checkpoints_2025-10-07 19:53:20.141369_ContrastiveLoss_gru_catboost/model_128_0.001_3_10_100_256_32_128_256_ContrastiveLoss_gruepoch=12.ckpt,12,30,0.45384458,55.3254,1.6739,0.0005,4.6406,1.2633,12.4353,0.63,1259.0413,61.384,279.4111,13.6226,259.3032,12.6422,248.076,12.0948,233.3141,11.3751,221.193,10.7842,192.7345,9.3967,75.3061,3.8869,16.7122,0.8626,15.5095,0.8005,14.838,0.7659,13.955,0.7203,13.2301,0.6829,11.5279,0.595,0.0,0.0,0.0,0.0,0.0,0.0,0.0,0.0,0.0,0.0,0.0,0.0,0.0,0.0,0.0,0.0,0.0,0.0,0.0,0.0,0.0,0.0,0.0,0.0,0.0,0.0,0.0,0.0,0.0,0.0,0.0,0.0,0.0,0.0,0.0,0.672,0.6987
128,0.001,3,10,100,32,128,256,184,440338,73,30,ContrastiveLoss,gru,/home/dpetrovitch/dzagcoffee/train_trace/gender/checkpoints_2025-10-07 19:53:20.141369_ContrastiveLoss_gru_catboost/model_128_0.001_3_10_100_256_32_128_256_ContrastiveLoss_gruepoch=13.ckpt,13,30,0.4503181,55.7662,1.6756,0.0005,4.6365,1.2697,12.9847,0.6245,1279.8755,62.4259,280.3399,13.6736,260.3244,12.6973,249.0893,12.1493,234.1416,11.4203,221.8326,10.8199,193.5757,9.4417,82.0475,4.2486,17.9714,0.9306,16.6883,0.8642,15.9681,0.8269,15.0098,0.7772,14.2208,0.7364,12.4093,0.6426,0.0,0.0,0.0,0.0,0.0,0.0,0.0,0.0,0.0,0.0,0.0,0.0,0.0,0.0,0.0,0.0,0.0,0.0,0.0,0.0,0.0,0.0,0.0,0.0,0.0,0.0,0.0,0.0,0.0,0.0,0.0,0.0,0.0,0.0,0.0,0.664,0.716
128,0.001,3,10,100,32,128,256,184,440338,73,30,ContrastiveLoss,gru,/home/dpetrovitch/dzagcoffee/train_trace/gender/checkpoints_2025-10-07 19:53:20.141369_ContrastiveLoss_gru_catboost/model_128_0.001_3_10_100_256_32_128_256_ContrastiveLoss_gruepoch=14.ckpt,14,30,0.44790813,55.4448,1.6747,0.0005,4.6437,1.2645,12.5563,0.6291,1291.5513,62.9716,280.2706,13.665,260.1916,12.6861,249.1129,12.1459,234.3057,11.4239,222.3721,10.8421,194.7942,9.4975,80.1227,4.14,17.3869,0.8984,16.1413,0.834,15.454,0.7985,14.5354,0.7511,13.7951,0.7128,12.0843,0.6244,0.0,0.0,0.0,0.0,0.0,0.0,0.0,0.0,0.0,0.0,0.0,0.0,0.0,0.0,0.0,0.0,0.0,0.0,0.0,0.0,0.0,0.0,0.0,0.0,0.0,0.0,0.0,0.0,0.0,0.0,0.0,0.0,0.0,0.0,0.0,0.672,0.7121
128,0.001,3,10,100,32,128,256,184,440338,73,30,ContrastiveLoss,gru,/home/dpetrovitch/dzagcoffee/train_trace/gender/checkpoints_2025-10-07 19:53:20.141369_ContrastiveLoss_gru_catboost/model_128_0.001_3_10_100_256_32_128_256_ContrastiveLoss_gruepoch=15.ckpt,15,30,0.45022675,54.7534,1.6749,0.0004,4.662,1.2546,12.8861,0.638,1294.143,63.0748,279.7808,13.6361,259.9525,12.6697,248.887,12.1304,234.5101,11.4297,223.1366,10.8754,196.0375,9.5546,80.7328,4.1958,17.4536,0.9071,16.2167,0.8428,15.5264,0.8069,14.6295,0.7603,13.92,0.7234,12.2294,0.6356,0.0,0.0,0.0,0.0,0.0,0.0,0.0,0.0,0.0,0.0,0.0,0.0,0.0,0.0,0.0,0.0,0.0,0.0,0.0,0.0,0.0,0.0,0.0,0.0,0.0,0.0,0.0,0.0,0.0,0.0,0.0,0.0,0.0,0.0,0.0,0.68,0.7037
128,0.001,3,10,100,32,128,256,184,440338,73,30,ContrastiveLoss,gru,/home/dpetrovitch/dzagcoffee/train_trace/gender/checkpoints_2025-10-07 19:53:20.141369_ContrastiveLoss_gru_catboost/model_128_0.001_3_10_100_256_32_128_256_ContrastiveLoss_gruepoch=16.ckpt,16,30,0.4488304,54.4486,1.671,0.0005,4.6559,1.2438,13.3275,0.6481,1288.2284,62.7132,280.0475,13.6332,260.1779,12.6659,248.977,12.1206,234.2022,11.4014,222.196,10.8169,195.9861,9.5409,78.8711,4.0964,17.1458,0.8905,15.9292,0.8273,15.2435,0.7917,14.3389,0.7447,13.6038,0.7065,11.9991,0.6232,0.0,0.0,0.0,0.0,0.0,0.0,0.0,0.0,0.0,0.0,0.0,0.0,0.0,0.0,0.0,0.0,0.0,0.0,0.0,0.0,0.0,0.0,0.0,0.0,0.0,0.0,0.0,0.0,0.0,0.0,0.0,0.0,0.0,0.0,0.0,0.652,0.6935
128,0.001,3,10,100,32,128,256,184,440338,73,30,ContrastiveLoss,gru,/home/dpetrovitch/dzagcoffee/train_trace/gender/checkpoints_2025-10-07 19:53:20.141369_ContrastiveLoss_gru_catboost/model_128_0.001_3_10_100_256_32_128_256_ContrastiveLoss_gruepoch=17.ckpt,17,30,0.45114616,54.1823,1.674,0.0004,4.6787,1.2382,12.2125,0.6538,1291.3684,62.9216,279.9672,13.6413,260.0417,12.6705,248.9774,12.1314,234.4542,11.4237,222.3742,10.8351,195.0928,9.5058,81.3449,4.2449,17.6355,0.9203,16.3803,0.8548,15.6834,0.8184,14.7686,0.7707,14.0076,0.731,12.2891,0.6413,0.0,0.0,0.0,0.0,0.0,0.0,0.0,0.0,0.0,0.0,0.0,0.0,0.0,0.0,0.0,0.0,0.0,0.0,0.0,0.0,0.0,0.0,0.0,0.0,0.0,0.0,0.0,0.0,0.0,0.0,0.0,0.0,0.0,0.0,0.0,0.652,0.6779
128,0.001,3,10,100,32,128,256,184,440338,73,30,ContrastiveLoss,gru,/home/dpetrovitch/dzagcoffee/train_trace/gender/checkpoints_2025-10-07 19:53:20.141369_ContrastiveLoss_gru_catboost/model_128_0.001_3_10_100_256_32_128_256_ContrastiveLoss_gruepoch=18.ckpt,18,30,0.4512147,56.7943,1.6728,0.0005,4.6443,1.2782,13.335,0.6154,1330.3087,64.7754,281.6189,13.7126,261.8498,12.75,250.962,12.2198,236.437,11.5126,225.0823,10.9597,199.7809,9.7277,78.0558,4.1102,16.524,0.8701,15.364,0.809,14.7252,0.7754,13.8729,0.7305,13.2067,0.6954,11.7221,0.6172,0.0,0.0,0.0,0.0,0.0,0.0,0.0,0.0,0.0,0.0,0.0,0.0,0.0,0.0,0.0,0.0,0.0,0.0,0.0,0.0,0.0,0.0,0.0,0.0,0.0,0.0,0.0,0.0,0.0,0.0,0.0,0.0,0.0,0.0,0.0,0.644,0.6763
128,0.001,3,10,100,32,128,256,184,440338,73,30,ContrastiveLoss,gru,/home/dpetrovitch/dzagcoffee/train_trace/gender/checkpoints_2025-10-07 19:53:20.141369_ContrastiveLoss_gru_catboost/model_128_0.001_3_10_100_256_32_128_256_ContrastiveLoss_gruepoch=19.ckpt,19,30,0.44798806,53.412,1.675,0.0004,4.6927,1.2239,12.9942,0.6691,1298.3004,63.2923,281.6967,13.7328,261.5489,12.7505,250.2339,12.1989,235.4709,11.4792,223.496,10.8955,195.6094,9.536,81.5726,4.1406,17.6991,0.8984,16.4332,0.8341,15.7223,0.798,14.7947,0.751,14.0423,0.7128,12.2902,0.6238,0.0,0.0,0.0,0.0,0.0,0.0,0.0,0.0,0.0,0.0,0.0,0.0,0.0,0.0,0.0,0.0,0.0,0.0,0.0,0.0,0.0,0.0,0.0,0.0,0.0,0.0,0.0,0.0,0.0,0.0,0.0,0.0,0.0,0.0,0.0,0.676,0.7069
128,0.001,3,10,100,32,128,256,184,440338,73,30,ContrastiveLoss,gru,/home/dpetrovitch/dzagcoffee/train_trace/gender/checkpoints_2025-10-07 19:53:20.141369_ContrastiveLoss_gru_catboost/model_128_0.001_3_10_100_256_32_128_256_ContrastiveLoss_gruepoch=20.ckpt,20,30,0.44929588,54.7795,1.6752,0.0004,4.6903,1.2442,12.5539,0.6484,1329.5143,64.8048,283.1006,13.7992,263.1094,12.8248,252.0178,12.2842,237.2548,11.5646,225.3886,10.9862,198.1191,9.657,83.2322,4.3226,17.7231,0.9204,16.4716,0.8554,15.7772,0.8194,14.853,0.7714,14.1101,0.7328,12.403,0.6441,0.0,0.0,0.0,0.0,0.0,0.0,0.0,0.0,0.0,0.0,0.0,0.0,0.0,0.0,0.0,0.0,0.0,0.0,0.0,0.0,0.0,0.0,0.0,0.0,0.0,0.0,0.0,0.0,0.0,0.0,0.0,0.0,0.0,0.0,0.0,0.668,0.6868
128,0.001,3,10,100,32,128,256,184,440338,73,30,ContrastiveLoss,gru,/home/dpetrovitch/dzagcoffee/train_trace/gender/checkpoints_2025-10-07 19:53:20.141369_ContrastiveLoss_gru_catboost/model_128_0.001_3_10_100_256_32_128_256_ContrastiveLoss_gruepoch=21.ckpt,21,30,0.45026675,54.8776,1.6753,0.0004,4.6898,1.2476,13.0798,0.6451,1341.2941,65.3638,283.2574,13.8037,263.5978,12.8456,252.2541,12.2928,237.578,11.5776,225.8871,11.0079,198.3027,9.6637,83.7715,4.3535,17.691,0.9194,16.4632,0.8556,15.7547,0.8188,14.8381,0.7711,14.1079,0.7332,12.3851,0.6436,0.0,0.0,0.0,0.0,0.0,0.0,0.0,0.0,0.0,0.0,0.0,0.0,0.0,0.0,0.0,0.0,0.0,0.0,0.0,0.0,0.0,0.0,0.0,0.0,0.0,0.0,0.0,0.0,0.0,0.0,0.0,0.0,0.0,0.0,0.0,0.66,0.6868
128,0.001,3,10,100,32,128,256,184,440338,73,30,ContrastiveLoss,gru,/home/dpetrovitch/dzagcoffee/train_trace/gender/checkpoints_2025-10-07 19:53:20.141369_ContrastiveLoss_gru_catboost/model_128_0.001_3_10_100_256_32_128_256_ContrastiveLoss_gruepoch=22.ckpt,22,30,0.44583502,54.7246,1.6739,0.0004,4.6842,1.2465,13.3545,0.6455,1343.0222,65.3801,283.5314,13.8027,263.9604,12.8499,252.8792,12.3105,238.3181,11.6016,226.9857,11.05,201.2754,9.7983,84.3842,4.3267,17.8147,0.9134,16.585,0.8504,15.8888,0.8147,14.9739,0.7678,14.2619,0.7313,12.6464,0.6484,0.0,0.0,0.0,0.0,0.0,0.0,0.0,0.0,0.0,0.0,0.0,0.0,0.0,0.0,0.0,0.0,0.0,0.0,0.0,0.0,0.0,0.0,0.0,0.0,0.0,0.0,0.0,0.0,0.0,0.0,0.0,0.0,0.0,0.0,0.0,0.66,0.6975
128,0.001,3,10,100,32,128,256,184,440338,73,30,ContrastiveLoss,gru,/home/dpetrovitch/dzagcoffee/train_trace/gender/checkpoints_2025-10-07 19:53:20.141369_ContrastiveLoss_gru_catboost/model_128_0.001_3_10_100_256_32_128_256_ContrastiveLoss_gruepoch=23.ckpt,23,30,0.44945577,54.6139,1.6753,0.0004,4.693,1.2456,13.4942,0.6472,1351.0736,65.8014,283.7312,13.8186,264.1807,12.8664,253.1814,12.3307,238.5824,11.6197,226.9772,11.0545,199.3762,9.7102,88.6996,4.4622,18.6273,0.9371,17.3438,0.8725,16.6217,0.8362,15.6632,0.788,14.9013,0.7496,13.0893,0.6585,0.0,0.0,0.0,0.0,0.0,0.0,0.0,0.0,0.0,0.0,0.0,0.0,0.0,0.0,0.0,0.0,0.0,0.0,0.0,0.0,0.0,0.0,0.0,0.0,0.0,0.0,0.0,0.0,0.0,0.0,0.0,0.0,0.0,0.0,0.0,0.668,0.6911
128,0.001,3,10,100,32,128,256,184,440338,73,30,ContrastiveLoss,gru,/home/dpetrovitch/dzagcoffee/train_trace/gender/checkpoints_2025-10-07 19:53:20.141369_ContrastiveLoss_gru_catboost/model_128_0.001_3_10_100_256_32_128_256_ContrastiveLoss_gruepoch=24.ckpt,24,30,0.4509063,54.4751,1.6753,0.0004,4.7057,1.2454,12.8337,0.6469,1361.7344,66.3293,283.22,13.7955,263.6914,12.8443,252.8355,12.3155,238.5924,11.6217,227.509,11.0818,201.3228,9.8063,87.2952,4.4261,18.1561,0.9206,16.9042,0.8571,16.2082,0.8218,15.2952,0.7755,14.5847,0.7395,12.906,0.6544,0.0,0.0,0.0,0.0,0.0,0.0,0.0,0.0,0.0,0.0,0.0,0.0,0.0,0.0,0.0,0.0,0.0,0.0,0.0,0.0,0.0,0.0,0.0,0.0,0.0,0.0,0.0,0.0,0.0,0.0,0.0,0.0,0.0,0.0,0.0,0.644,0.7151
128,0.001,3,10,100,32,128,256,184,440338,73,30,ContrastiveLoss,gru,/home/dpetrovitch/dzagcoffee/train_trace/gender/checkpoints_2025-10-07 19:53:20.141369_ContrastiveLoss_gru_catboost/model_128_0.001_3_10_100_256_32_128_256_ContrastiveLoss_gruepoch=25.ckpt,25,30,0.44721422,55.0789,1.6754,0.0004,4.6918,1.2511,13.4126,0.6415,1362.1766,66.324,283.8269,13.8194,264.1705,12.8624,253.2223,12.3293,238.6972,11.6221,227.4947,11.0766,200.7895,9.7764,85.7004,4.3766,17.8568,0.9119,16.6201,0.8488,15.9313,0.8136,15.0175,0.7669,14.3127,0.7309,12.6325,0.6451,0.0,0.0,0.0,0.0,0.0,0.0,0.0,0.0,0.0,0.0,0.0,0.0,0.0,0.0,0.0,0.0,0.0,0.0,0.0,0.0,0.0,0.0,0.0,0.0,0.0,0.0,0.0,0.0,0.0,0.0,0.0,0.0,0.0,0.0,0.0,0.656,0.7003
128,0.001,3,10,100,32,128,256,184,440338,73,30,ContrastiveLoss,gru,/home/dpetrovitch/dzagcoffee/train_trace/gender/checkpoints_2025-10-07 19:53:20.141369_ContrastiveLoss_gru_catboost/model_128_0.001_3_10_100_256_32_128_256_ContrastiveLoss_gruepoch=26.ckpt,26,30,0.45589474,53.7833,1.6748,0.0004,4.7064,1.2361,13.8067,0.6557,1362.945,66.3299,283.8384,13.8134,264.0383,12.8498,252.9932,12.3123,238.4738,11.6057,226.9773,11.0462,201.2677,9.795,85.5924,4.3897,17.8249,0.9142,16.5815,0.8504,15.8879,0.8148,14.9761,0.7681,14.2541,0.731,12.6395,0.6482,0.0,0.0,0.0,0.0,0.0,0.0,0.0,0.0,0.0,0.0,0.0,0.0,0.0,0.0,0.0,0.0,0.0,0.0,0.0,0.0,0.0,0.0,0.0,0.0,0.0,0.0,0.0,0.0,0.0,0.0,0.0,0.0,0.0,0.0,0.0,0.652,0.6858
128,0.001,3,10,100,32,128,256,184,440338,73,30,ContrastiveLoss,gru,/home/dpetrovitch/dzagcoffee/train_trace/gender/checkpoints_2025-10-07 19:53:20.141369_ContrastiveLoss_gru_catboost/model_128_0.001_3_10_100_256_32_128_256_ContrastiveLoss_gruepoch=27.ckpt,27,30,0.447654,54.1377,1.6752,0.0003,4.702,1.2411,13.3673,0.6512,1366.9985,66.5698,283.662,13.8137,264.1142,12.8618,253.132,12.327,238.767,11.6274,227.563,11.0818,202.0088,9.8374,86.4843,4.3445,17.9461,0.9015,16.7094,0.8394,16.0146,0.8045,15.1058,0.7588,14.397,0.7232,12.7803,0.642,0.0,0.0,0.0,0.0,0.0,0.0,0.0,0.0,0.0,0.0,0.0,0.0,0.0,0.0,0.0,0.0,0.0,0.0,0.0,0.0,0.0,0.0,0.0,0.0,0.0,0.0,0.0,0.0,0.0,0.0,0.0,0.0,0.0,0.0,0.0,0.68,0.7076
128,0.001,3,10,100,32,128,256,184,440338,73,30,ContrastiveLoss,gru,/home/dpetrovitch/dzagcoffee/train_trace/gender/checkpoints_2025-10-07 19:53:20.141369_ContrastiveLoss_gru_catboost/model_128_0.001_3_10_100_256_32_128_256_ContrastiveLoss_gruepoch=28.ckpt,28,30,0.45243683,55.0858,1.6747,0.0004,4.6854,1.2538,13.3396,0.6382,1380.7892,67.2144,283.3727,13.7941,263.8275,12.8427,253.0709,12.319,238.5682,11.6131,227.2365,11.0615,202.5572,9.8601,85.1837,4.3304,17.4818,0.8887,16.2761,0.8274,15.6125,0.7937,14.7178,0.7482,14.0187,0.7126,12.4962,0.6352,0.0,0.0,0.0,0.0,0.0,0.0,0.0,0.0,0.0,0.0,0.0,0.0,0.0,0.0,0.0,0.0,0.0,0.0,0.0,0.0,0.0,0.0,0.0,0.0,0.0,0.0,0.0,0.0,0.0,0.0,0.0,0.0,0.0,0.0,0.0,0.648,0.6811
128,0.001,3,10,100,32,128,256,184,440338,73,30,ContrastiveLoss,gru,/home/dpetrovitch/dzagcoffee/train_trace/gender/checkpoints_2025-10-07 19:53:20.141369_ContrastiveLoss_gru_catboost/model_128_0.001_3_10_100_256_32_128_256_ContrastiveLoss_gruepoch=29.ckpt,29,30,0.4451983,55.2437,1.6752,0.0004,4.701,1.2565,13.2717,0.6358,1386.3656,67.5267,283.8974,13.828,264.201,12.8686,253.3705,12.3411,239.154,11.6486,228.1161,11.111,203.0901,9.8921,88.564,4.4275,18.136,0.9067,16.8777,0.8438,16.1859,0.8092,15.2777,0.7638,14.5726,0.7285,12.9738,0.6486,0.0,0.0,0.0,0.0,0.0,0.0,0.0,0.0,0.0,0.0,0.0,0.0,0.0,0.0,0.0,0.0,0.0,0.0,0.0,0.0,0.0,0.0,0.0,0.0,0.0,0.0,0.0,0.0,0.0,0.0,0.0,0.0,0.0,0.0,0.0,0.632,0.6777
128,0.001,3,10,100,32,16,64,184,440338,73,30,ContrastiveLoss,gru,/home/dpetrovitch/dzagcoffee/train_trace/gender/checkpoints_2025-10-07 19:53:20.141369_ContrastiveLoss_gru_catboost/model_128_0.001_3_10_100_64_32_16_64_ContrastiveLoss_gruepoch=00.ckpt,0,30,0.20401019,28.3279,5.7556,0.0059,3.6103,1.3084,5.131,0.5979,370.8786,18.2928,245.9734,12.1321,216.0472,10.6561,199.6379,9.8467,178.8637,8.8221,162.8211,8.0308,119.2436,5.8814,17.7636,1.051,11.7812,0.697,10.3478,0.6122,9.5619,0.5657,8.5669,0.5069,7.7985,0.4614,5.7113,0.3379,0.0,0.0,0.0,0.0,0.0,0.0,0.0,0.0,0.0,0.0,0.0,0.0,0.0,0.0,0.0,0.0,0.0,0.0,0.0,0.0,0.0,0.0,0.0,0.0,0.0,0.0,0.0,0.0,0.0,0.0,0.0,0.0,0.0,0.0,0.0,0.604,0.5905
128,0.001,3,10,100,32,16,64,184,440338,73,30,ContrastiveLoss,gru,/home/dpetrovitch/dzagcoffee/train_trace/gender/checkpoints_2025-10-07 19:53:20.141369_ContrastiveLoss_gru_catboost/model_128_0.001_3_10_100_64_32_16_64_ContrastiveLoss_gruepoch=01.ckpt,1,30,0.34191397,27.9707,6.0317,0.0069,3.7256,1.4517,7.2318,0.4887,464.1472,22.8761,224.9127,11.0851,200.0372,9.8591,186.9862,9.2158,170.2378,8.3904,157.2319,7.7494,127.8278,6.3002,25.3342,1.5992,12.2763,0.7749,10.9185,0.6892,10.2061,0.6442,9.292,0.5865,8.5821,0.5417,6.9771,0.4404,0.0,0.0,0.0,0.0,0.0,0.0,0.0,0.0,0.0,0.0,0.0,0.0,0.0,0.0,0.0,0.0,0.0,0.0,0.0,0.0,0.0,0.0,0.0,0.0,0.0,0.0,0.0,0.0,0.0,0.0,0.0,0.0,0.0,0.0,0.0,0.588,0.6129
128,0.001,3,10,100,32,16,64,184,440338,73,30,ContrastiveLoss,gru,/home/dpetrovitch/dzagcoffee/train_trace/gender/checkpoints_2025-10-07 19:53:20.141369_ContrastiveLoss_gru_catboost/model_128_0.001_3_10_100_64_32_16_64_ContrastiveLoss_gruepoch=02.ckpt,2,30,0.3647804,27.2592,6.2,0.0062,3.8413,1.4669,7.485,0.4758,508.5485,24.9954,226.4513,11.1302,202.4125,9.9487,189.532,9.3156,173.0299,8.5045,160.3505,7.8813,138.1879,6.792,30.0988,1.9054,13.4027,0.8485,11.9799,0.7584,11.2176,0.7101,10.2409,0.6483,9.4904,0.6008,8.1787,0.5178,0.0,0.0,0.0,0.0,0.0,0.0,0.0,0.0,0.0,0.0,0.0,0.0,0.0,0.0,0.0,0.0,0.0,0.0,0.0,0.0,0.0,0.0,0.0,0.0,0.0,0.0,0.0,0.0,0.0,0.0,0.0,0.0,0.0,0.0,0.0,0.644,0.6107
128,0.001,3,10,100,32,16,64,184,440338,73,30,ContrastiveLoss,gru,/home/dpetrovitch/dzagcoffee/train_trace/gender/checkpoints_2025-10-07 19:53:20.141369_ContrastiveLoss_gru_catboost/model_128_0.001_3_10_100_64_32_16_64_ContrastiveLoss_gruepoch=03.ckpt,3,30,0.38164747,27.6275,6.1292,0.0063,3.9015,1.476,9.0039,0.4674,548.7313,26.9572,232.9747,11.4452,208.9744,10.2662,195.8315,9.6205,179.2176,8.8043,167.2279,8.2153,147.2961,7.2361,35.1735,2.1041,14.9336,0.8933,13.3952,0.8013,12.5527,0.7509,11.4878,0.6872,10.7193,0.6412,9.4416,0.5648,0.0,0.0,0.0,0.0,0.0,0.0,0.0,0.0,0.0,0.0,0.0,0.0,0.0,0.0,0.0,0.0,0.0,0.0,0.0,0.0,0.0,0.0,0.0,0.0,0.0,0.0,0.0,0.0,0.0,0.0,0.0,0.0,0.0,0.0,0.0,0.644,0.6453
128,0.001,3,10,100,32,16,64,184,440338,73,30,ContrastiveLoss,gru,/home/dpetrovitch/dzagcoffee/train_trace/gender/checkpoints_2025-10-07 19:53:20.141369_ContrastiveLoss_gru_catboost/model_128_0.001_3_10_100_64_32_16_64_ContrastiveLoss_gruepoch=04.ckpt,4,30,0.40146717,27.5333,6.2265,0.0057,3.9757,1.4444,8.8257,0.4863,581.1934,28.5361,237.551,11.6636,214.0763,10.511,201.2191,9.8797,184.6219,9.0648,172.2277,8.4562,149.9163,7.3608,39.7611,2.283,16.2515,0.9331,14.6456,0.8409,13.766,0.7904,12.6305,0.7252,11.7826,0.6765,10.2562,0.5889,0.0,0.0,0.0,0.0,0.0,0.0,0.0,0.0,0.0,0.0,0.0,0.0,0.0,0.0,0.0,0.0,0.0,0.0,0.0,0.0,0.0,0.0,0.0,0.0,0.0,0.0,0.0,0.0,0.0,0.0,0.0,0.0,0.0,0.0,0.0,0.636,0.6385
128,0.001,3,10,100,32,16,64,184,440338,73,30,ContrastiveLoss,gru,/home/dpetrovitch/dzagcoffee/train_trace/gender/checkpoints_2025-10-07 19:53:20.141369_ContrastiveLoss_gru_catboost/model_128_0.001_3_10_100_64_32_16_64_ContrastiveLoss_gruepoch=05.ckpt,5,30,0.40619573,27.2871,6.0223,0.0048,4.0515,1.414,8.7234,0.5071,597.334,29.2671,241.625,11.8387,218.438,10.7026,205.6659,10.0769,189.0663,9.2635,176.4107,8.6435,152.8361,7.4884,41.3856,2.3484,16.7407,0.9499,15.1342,0.8588,14.2493,0.8086,13.0992,0.7433,12.2224,0.6935,10.5891,0.6009,0.0,0.0,0.0,0.0,0.0,0.0,0.0,0.0,0.0,0.0,0.0,0.0,0.0,0.0,0.0,0.0,0.0,0.0,0.0,0.0,0.0,0.0,0.0,0.0,0.0,0.0,0.0,0.0,0.0,0.0,0.0,0.0,0.0,0.0,0.0,0.636,0.6546
128,0.001,3,10,100,32,16,64,184,440338,73,30,ContrastiveLoss,gru,/home/dpetrovitch/dzagcoffee/train_trace/gender/checkpoints_2025-10-07 19:53:20.141369_ContrastiveLoss_gru_catboost/model_128_0.001_3_10_100_64_32_16_64_ContrastiveLoss_gruepoch=06.ckpt,6,30,0.40741503,27.6469,5.5426,0.0048,4.0705,1.4027,8.5699,0.5117,618.7558,30.2645,244.4108,11.9546,222.0036,10.8586,209.5569,10.2498,193.7483,9.4766,181.6575,8.8852,157.6816,7.7125,45.9334,2.5223,18.1439,0.9963,16.4805,0.905,15.5565,0.8542,14.3829,0.7898,13.4854,0.7405,11.7055,0.6428,0.0,0.0,0.0,0.0,0.0,0.0,0.0,0.0,0.0,0.0,0.0,0.0,0.0,0.0,0.0,0.0,0.0,0.0,0.0,0.0,0.0,0.0,0.0,0.0,0.0,0.0,0.0,0.0,0.0,0.0,0.0,0.0,0.0,0.0,0.0,0.604,0.6204
128,0.001,3,10,100,32,16,64,184,440338,73,30,ContrastiveLoss,gru,/home/dpetrovitch/dzagcoffee/train_trace/gender/checkpoints_2025-10-07 19:53:20.141369_ContrastiveLoss_gru_catboost/model_128_0.001_3_10_100_64_32_16_64_ContrastiveLoss_gruepoch=07.ckpt,7,30,0.41400254,27.6824,5.9253,0.0044,4.0956,1.364,8.9082,0.54,631.2998,30.8726,248.2031,12.1379,226.0518,11.0547,213.738,10.4525,197.8584,9.6759,185.1236,9.0531,158.5422,7.7532,48.0991,2.5745,18.9107,1.0122,17.223,0.9218,16.2848,0.8716,15.0749,0.8069,14.1047,0.7549,12.0794,0.6465,0.0,0.0,0.0,0.0,0.0,0.0,0.0,0.0,0.0,0.0,0.0,0.0,0.0,0.0,0.0,0.0,0.0,0.0,0.0,0.0,0.0,0.0,0.0,0.0,0.0,0.0,0.0,0.0,0.0,0.0,0.0,0.0,0.0,0.0,0.0,0.656,0.6685
128,0.001,3,10,100,32,16,64,184,440338,73,30,ContrastiveLoss,gru,/home/dpetrovitch/dzagcoffee/train_trace/gender/checkpoints_2025-10-07 19:53:20.141369_ContrastiveLoss_gru_catboost/model_128_0.001_3_10_100_64_32_16_64_ContrastiveLoss_gruepoch=08.ckpt,8,30,0.42017603,27.7266,5.84,0.004,4.1332,1.3506,9.437,0.5503,637.585,31.1652,250.3077,12.235,228.5178,11.1699,216.4314,10.5792,200.6266,9.8066,187.78,9.1787,161.4598,7.8922,48.3251,2.6029,18.9718,1.0219,17.3203,0.9329,16.4042,0.8836,15.2063,0.819,14.2326,0.7666,12.2377,0.6591,0.0,0.0,0.0,0.0,0.0,0.0,0.0,0.0,0.0,0.0,0.0,0.0,0.0,0.0,0.0,0.0,0.0,0.0,0.0,0.0,0.0,0.0,0.0,0.0,0.0,0.0,0.0,0.0,0.0,0.0,0.0,0.0,0.0,0.0,0.0,0.644,0.6577
128,0.001,3,10,100,32,16,64,184,440338,73,30,ContrastiveLoss,gru,/home/dpetrovitch/dzagcoffee/train_trace/gender/checkpoints_2025-10-07 19:53:20.141369_ContrastiveLoss_gru_catboost/model_128_0.001_3_10_100_64_32_16_64_ContrastiveLoss_gruepoch=09.ckpt,9,30,0.42739168,28.2354,6.0873,0.0038,4.1142,1.3543,9.8206,0.5462,661.1212,32.297,252.9251,12.3559,231.4402,11.3063,219.5547,10.7257,204.0817,9.9698,191.3829,9.3494,166.9237,8.1545,48.7423,2.6242,18.6473,1.004,17.0633,0.9187,16.187,0.8715,15.0463,0.8101,14.11,0.7597,12.3067,0.6626,0.0,0.0,0.0,0.0,0.0,0.0,0.0,0.0,0.0,0.0,0.0,0.0,0.0,0.0,0.0,0.0,0.0,0.0,0.0,0.0,0.0,0.0,0.0,0.0,0.0,0.0,0.0,0.0,0.0,0.0,0.0,0.0,0.0,0.0,0.0,0.652,0.6628
128,0.001,3,10,100,32,16,64,184,440338,73,30,ContrastiveLoss,gru,/home/dpetrovitch/dzagcoffee/train_trace/gender/checkpoints_2025-10-07 19:53:20.141369_ContrastiveLoss_gru_catboost/model_128_0.001_3_10_100_64_32_16_64_ContrastiveLoss_gruepoch=10.ckpt,10,30,0.4312266,28.3505,6.1171,0.0037,4.1223,1.3441,9.5833,0.5543,662.9866,32.4081,253.7795,12.4052,232.7238,11.376,220.8603,10.7961,205.5896,10.0496,193.1248,9.4403,168.0518,8.2147,48.8488,2.6038,18.6985,0.9967,17.1471,0.914,16.273,0.8674,15.1478,0.8074,14.2294,0.7585,12.382,0.66,0.0,0.0,0.0,0.0,0.0,0.0,0.0,0.0,0.0,0.0,0.0,0.0,0.0,0.0,0.0,0.0,0.0,0.0,0.0,0.0,0.0,0.0,0.0,0.0,0.0,0.0,0.0,0.0,0.0,0.0,0.0,0.0,0.0,0.0,0.0,0.688,0.6888
128,0.001,3,10,100,32,16,64,184,440338,73,30,ContrastiveLoss,gru,/home/dpetrovitch/dzagcoffee/train_trace/gender/checkpoints_2025-10-07 19:53:20.141369_ContrastiveLoss_gru_catboost/model_128_0.001_3_10_100_64_32_16_64_ContrastiveLoss_gruepoch=11.ckpt,11,30,0.42787996,28.5303,6.0703,0.0037,4.1184,1.3453,9.4046,0.5535,667.7509,32.6275,254.8237,12.4511,233.6999,11.419,222.1126,10.8528,206.8247,10.1058,194.1133,9.4847,168.5095,8.2337,47.6767,2.5437,18.1941,0.9707,16.6859,0.8903,15.8586,0.8461,14.767,0.7879,13.8595,0.7395,12.0314,0.6419,0.0,0.0,0.0,0.0,0.0,0.0,0.0,0.0,0.0,0.0,0.0,0.0,0.0,0.0,0.0,0.0,0.0,0.0,0.0,0.0,0.0,0.0,0.0,0.0,0.0,0.0,0.0,0.0,0.0,0.0,0.0,0.0,0.0,0.0,0.0,0.664,0.6643
128,0.001,3,10,100,32,16,64,184,440338,73,30,ContrastiveLoss,gru,/home/dpetrovitch/dzagcoffee/train_trace/gender/checkpoints_2025-10-07 19:53:20.141369_ContrastiveLoss_gru_catboost/model_128_0.001_3_10_100_64_32_16_64_ContrastiveLoss_gruepoch=12.ckpt,12,30,0.4297903,28.3696,5.5529,0.0035,4.158,1.3463,9.8377,0.5523,672.7306,32.8247,254.8268,12.4338,233.8261,11.4091,222.5404,10.8585,207.4125,10.1203,194.9098,9.5103,171.7967,8.3825,47.8207,2.5012,18.1142,0.9474,16.6214,0.8694,15.8192,0.8274,14.7438,0.7712,13.8551,0.7247,12.2121,0.6387,0.0,0.0,0.0,0.0,0.0,0.0,0.0,0.0,0.0,0.0,0.0,0.0,0.0,0.0,0.0,0.0,0.0,0.0,0.0,0.0,0.0,0.0,0.0,0.0,0.0,0.0,0.0,0.0,0.0,0.0,0.0,0.0,0.0,0.0,0.0,0.636,0.6739
128,0.001,3,10,100,32,16,64,184,440338,73,30,ContrastiveLoss,gru,/home/dpetrovitch/dzagcoffee/train_trace/gender/checkpoints_2025-10-07 19:53:20.141369_ContrastiveLoss_gru_catboost/model_128_0.001_3_10_100_64_32_16_64_ContrastiveLoss_gruepoch=13.ckpt,13,30,0.43037283,28.3205,5.9718,0.0034,4.1445,1.325,9.7111,0.5699,670.7786,32.7532,256.5754,12.5282,235.5594,11.5021,224.0732,10.9412,208.8281,10.1968,196.3685,9.5884,171.1729,8.3581,46.8838,2.5039,17.9333,0.9578,16.4643,0.8793,15.6615,0.8364,14.596,0.7795,13.7251,0.733,11.9641,0.639,0.0,0.0,0.0,0.0,0.0,0.0,0.0,0.0,0.0,0.0,0.0,0.0,0.0,0.0,0.0,0.0,0.0,0.0,0.0,0.0,0.0,0.0,0.0,0.0,0.0,0.0,0.0,0.0,0.0,0.0,0.0,0.0,0.0,0.0,0.0,0.676,0.6698
128,0.001,3,10,100,32,16,64,184,440338,73,30,ContrastiveLoss,gru,/home/dpetrovitch/dzagcoffee/train_trace/gender/checkpoints_2025-10-07 19:53:20.141369_ContrastiveLoss_gru_catboost/model_128_0.001_3_10_100_64_32_16_64_ContrastiveLoss_gruepoch=14.ckpt,14,30,0.43896484,28.6468,6.0472,0.0034,4.1204,1.3271,9.7996,0.568,679.0167,33.1665,256.9506,12.5507,236.1112,11.5328,224.7261,10.9767,209.4293,10.2296,197.2345,9.6339,171.9986,8.4013,46.9808,2.5246,17.7783,0.9554,16.3364,0.8779,15.5487,0.8355,14.4903,0.7787,13.6465,0.7333,11.9005,0.6395,0.0,0.0,0.0,0.0,0.0,0.0,0.0,0.0,0.0,0.0,0.0,0.0,0.0,0.0,0.0,0.0,0.0,0.0,0.0,0.0,0.0,0.0,0.0,0.0,0.0,0.0,0.0,0.0,0.0,0.0,0.0,0.0,0.0,0.0,0.0,0.644,0.6539
128,0.001,3,10,100,32,16,64,184,440338,73,30,ContrastiveLoss,gru,/home/dpetrovitch/dzagcoffee/train_trace/gender/checkpoints_2025-10-07 19:53:20.141369_ContrastiveLoss_gru_catboost/model_128_0.001_3_10_100_64_32_16_64_ContrastiveLoss_gruepoch=15.ckpt,15,30,0.43136367,28.7412,5.8915,0.0034,4.1268,1.3292,10.3087,0.5661,684.2226,33.3952,258.2027,12.6022,237.4577,11.5897,226.2501,11.0427,211.009,10.2988,198.9676,9.7111,174.1872,8.5016,48.5024,2.5643,18.3032,0.9677,16.8326,0.8899,16.0381,0.8479,14.9578,0.7908,14.1042,0.7457,12.3476,0.6528,0.0,0.0,0.0,0.0,0.0,0.0,0.0,0.0,0.0,0.0,0.0,0.0,0.0,0.0,0.0,0.0,0.0,0.0,0.0,0.0,0.0,0.0,0.0,0.0,0.0,0.0,0.0,0.0,0.0,0.0,0.0,0.0,0.0,0.0,0.0,0.668,0.6868
128,0.001,3,10,100,32,16,64,184,440338,73,30,ContrastiveLoss,gru,/home/dpetrovitch/dzagcoffee/train_trace/gender/checkpoints_2025-10-07 19:53:20.141369_ContrastiveLoss_gru_catboost/model_128_0.001_3_10_100_64_32_16_64_ContrastiveLoss_gruepoch=16.ckpt,16,30,0.426972,28.843,5.6815,0.0032,4.1282,1.3281,9.9927,0.5668,687.0832,33.5214,258.6743,12.6202,237.9515,11.6092,226.6221,11.0564,211.2993,10.3089,198.9629,9.707,174.8033,8.5283,46.9503,2.5212,17.6759,0.9492,16.2599,0.8731,15.4857,0.8316,14.4387,0.7753,13.5957,0.7301,11.9448,0.6414,0.0,0.0,0.0,0.0,0.0,0.0,0.0,0.0,0.0,0.0,0.0,0.0,0.0,0.0,0.0,0.0,0.0,0.0,0.0,0.0,0.0,0.0,0.0,0.0,0.0,0.0,0.0,0.0,0.0,0.0,0.0,0.0,0.0,0.0,0.0,0.652,0.6726
128,0.001,3,10,100,32,16,64,184,440338,73,30,ContrastiveLoss,gru,/home/dpetrovitch/dzagcoffee/train_trace/gender/checkpoints_2025-10-07 19:53:20.141369_ContrastiveLoss_gru_catboost/model_128_0.001_3_10_100_64_32_16_64_ContrastiveLoss_gruepoch=17.ckpt,17,30,0.43299127,29.0203,5.8813,0.0032,4.1055,1.3258,9.7729,0.5693,691.1802,33.7273,259.2332,12.6497,238.5546,11.6407,227.3786,11.0953,212.1892,10.3541,199.751,9.7472,174.9596,8.5374,48.0969,2.538,18.0392,0.9519,16.6002,0.876,15.8225,0.8349,14.7655,0.7792,13.9,0.7335,12.1748,0.6425,0.0,0.0,0.0,0.0,0.0,0.0,0.0,0.0,0.0,0.0,0.0,0.0,0.0,0.0,0.0,0.0,0.0,0.0,0.0,0.0,0.0,0.0,0.0,0.0,0.0,0.0,0.0,0.0,0.0,0.0,0.0,0.0,0.0,0.0,0.0,0.656,0.6865
128,0.001,3,10,100,32,16,64,184,440338,73,30,ContrastiveLoss,gru,/home/dpetrovitch/dzagcoffee/train_trace/gender/checkpoints_2025-10-07 19:53:20.141369_ContrastiveLoss_gru_catboost/model_128_0.001_3_10_100_64_32_16_64_ContrastiveLoss_gruepoch=18.ckpt,18,30,0.4387821,29.0576,6.079,0.0032,4.1111,1.3191,9.8635,0.5756,691.7422,33.798,259.6658,12.6871,239.1344,11.6839,227.9776,11.1388,212.9527,10.4047,200.6627,9.8042,176.1377,8.6059,47.0047,2.5317,17.6446,0.9504,16.2495,0.8752,15.4914,0.8344,14.4704,0.7794,13.6353,0.7344,11.9688,0.6447,0.0,0.0,0.0,0.0,0.0,0.0,0.0,0.0,0.0,0.0,0.0,0.0,0.0,0.0,0.0,0.0,0.0,0.0,0.0,0.0,0.0,0.0,0.0,0.0,0.0,0.0,0.0,0.0,0.0,0.0,0.0,0.0,0.0,0.0,0.0,0.688,0.6998
128,0.001,3,10,100,32,16,64,184,440338,73,30,ContrastiveLoss,gru,/home/dpetrovitch/dzagcoffee/train_trace/gender/checkpoints_2025-10-07 19:53:20.141369_ContrastiveLoss_gru_catboost/model_128_0.001_3_10_100_64_32_16_64_ContrastiveLoss_gruepoch=19.ckpt,19,30,0.44294536,29.0052,5.8036,0.0031,4.1417,1.3191,10.342,0.5751,694.9114,33.9165,260.4621,12.7124,239.9406,11.7108,228.6789,11.1611,213.5476,10.4226,201.2491,9.8224,176.6288,8.6207,46.6391,2.5176,17.481,0.9436,16.1037,0.8693,15.3478,0.8285,14.3323,0.7737,13.5069,0.7291,11.8545,0.6399,0.0,0.0,0.0,0.0,0.0,0.0,0.0,0.0,0.0,0.0,0.0,0.0,0.0,0.0,0.0,0.0,0.0,0.0,0.0,0.0,0.0,0.0,0.0,0.0,0.0,0.0,0.0,0.0,0.0,0.0,0.0,0.0,0.0,0.0,0.0,0.684,0.6969
128,0.001,3,10,100,32,16,64,184,440338,73,30,ContrastiveLoss,gru,/home/dpetrovitch/dzagcoffee/train_trace/gender/checkpoints_2025-10-07 19:53:20.141369_ContrastiveLoss_gru_catboost/model_128_0.001_3_10_100_64_32_16_64_ContrastiveLoss_gruepoch=20.ckpt,20,30,0.43809107,28.9479,5.75,0.003,4.1384,1.3123,10.1727,0.5805,694.0172,33.865,260.7657,12.7242,240.215,11.7214,229.0257,11.1754,213.8687,10.4359,201.3417,9.8246,176.7759,8.6259,45.5671,2.4592,17.1211,0.924,15.7718,0.8512,15.0371,0.8115,14.042,0.7578,13.2195,0.7134,11.6066,0.6264,0.0,0.0,0.0,0.0,0.0,0.0,0.0,0.0,0.0,0.0,0.0,0.0,0.0,0.0,0.0,0.0,0.0,0.0,0.0,0.0,0.0,0.0,0.0,0.0,0.0,0.0,0.0,0.0,0.0,0.0,0.0,0.0,0.0,0.0,0.0,0.68,0.6809
128,0.001,3,10,100,32,16,64,184,440338,73,30,ContrastiveLoss,gru,/home/dpetrovitch/dzagcoffee/train_trace/gender/checkpoints_2025-10-07 19:53:20.141369_ContrastiveLoss_gru_catboost/model_128_0.001_3_10_100_64_32_16_64_ContrastiveLoss_gruepoch=21.ckpt,21,30,0.43888775,29.2367,5.6936,0.0031,4.1237,1.3241,9.9732,0.5705,702.6753,34.294,261.1666,12.7462,240.7396,11.7493,229.3759,11.1947,214.2044,10.4542,201.6805,9.843,176.7192,8.6248,46.7284,2.487,17.3678,0.9243,16.0093,0.852,15.2536,0.8118,14.2447,0.7581,13.4119,0.7138,11.7519,0.6255,0.0,0.0,0.0,0.0,0.0,0.0,0.0,0.0,0.0,0.0,0.0,0.0,0.0,0.0,0.0,0.0,0.0,0.0,0.0,0.0,0.0,0.0,0.0,0.0,0.0,0.0,0.0,0.0,0.0,0.0,0.0,0.0,0.0,0.0,0.0,0.664,0.6994
128,0.001,3,10,100,32,16,64,184,440338,73,30,ContrastiveLoss,gru,/home/dpetrovitch/dzagcoffee/train_trace/gender/checkpoints_2025-10-07 19:53:20.141369_ContrastiveLoss_gru_catboost/model_128_0.001_3_10_100_64_32_16_64_ContrastiveLoss_gruepoch=22.ckpt,22,30,0.43864504,29.2559,5.8015,0.003,4.1176,1.3191,10.082,0.5748,702.3482,34.2803,261.6633,12.7713,241.0688,11.7661,229.7015,11.2113,214.5732,10.4729,201.9986,9.8592,177.1048,8.6442,46.8063,2.4785,17.4379,0.9234,16.0654,0.8507,15.3079,0.8106,14.2997,0.7572,13.4617,0.7128,11.8027,0.625,0.0,0.0,0.0,0.0,0.0,0.0,0.0,0.0,0.0,0.0,0.0,0.0,0.0,0.0,0.0,0.0,0.0,0.0,0.0,0.0,0.0,0.0,0.0,0.0,0.0,0.0,0.0,0.0,0.0,0.0,0.0,0.0,0.0,0.0,0.0,0.688,0.7246
128,0.001,3,10,100,32,16,64,184,440338,73,30,ContrastiveLoss,gru,/home/dpetrovitch/dzagcoffee/train_trace/gender/checkpoints_2025-10-07 19:53:20.141369_ContrastiveLoss_gru_catboost/model_128_0.001_3_10_100_64_32_16_64_ContrastiveLoss_gruepoch=23.ckpt,23,30,0.4337937,29.2858,5.9487,0.003,4.1168,1.318,10.0892,0.5758,705.8921,34.4487,261.7831,12.7754,241.3581,11.7787,230.0895,11.2287,214.9896,10.4918,202.5083,9.8827,177.4914,8.6619,46.4222,2.4772,17.2159,0.9187,15.8727,0.847,15.1316,0.8074,14.1386,0.7545,13.3177,0.7107,11.6725,0.6229,0.0,0.0,0.0,0.0,0.0,0.0,0.0,0.0,0.0,0.0,0.0,0.0,0.0,0.0,0.0,0.0,0.0,0.0,0.0,0.0,0.0,0.0,0.0,0.0,0.0,0.0,0.0,0.0,0.0,0.0,0.0,0.0,0.0,0.0,0.0,0.688,0.7037
128,0.001,3,10,100,32,16,64,184,440338,73,30,ContrastiveLoss,gru,/home/dpetrovitch/dzagcoffee/train_trace/gender/checkpoints_2025-10-07 19:53:20.141369_ContrastiveLoss_gru_catboost/model_128_0.001_3_10_100_64_32_16_64_ContrastiveLoss_gruepoch=24.ckpt,24,30,0.43472454,29.3887,5.799,0.0031,4.1248,1.3212,10.3006,0.5727,709.5406,34.6263,262.5699,12.8137,242.1739,11.8183,230.9875,11.2724,215.823,10.5324,203.4611,9.9291,178.6557,8.7186,47.8823,2.5223,17.7192,0.9334,16.3428,0.8609,15.5879,0.8211,14.5645,0.7672,13.7303,0.7233,12.0563,0.6351,0.0,0.0,0.0,0.0,0.0,0.0,0.0,0.0,0.0,0.0,0.0,0.0,0.0,0.0,0.0,0.0,0.0,0.0,0.0,0.0,0.0,0.0,0.0,0.0,0.0,0.0,0.0,0.0,0.0,0.0,0.0,0.0,0.0,0.0,0.0,0.696,0.7008
128,0.001,3,10,100,32,16,64,184,440338,73,30,ContrastiveLoss,gru,/home/dpetrovitch/dzagcoffee/train_trace/gender/checkpoints_2025-10-07 19:53:20.141369_ContrastiveLoss_gru_catboost/model_128_0.001_3_10_100_64_32_16_64_ContrastiveLoss_gruepoch=25.ckpt,25,30,0.4359095,29.2689,5.6757,0.0029,4.1247,1.3148,10.2468,0.5784,706.5001,34.4815,262.5985,12.8164,242.2954,11.8255,230.9163,11.2701,215.7741,10.5311,203.4118,9.9277,178.4492,8.7094,46.5668,2.4794,17.3084,0.9216,15.9702,0.8503,15.2201,0.8104,14.2221,0.7572,13.4073,0.7139,11.7619,0.6263,0.0,0.0,0.0,0.0,0.0,0.0,0.0,0.0,0.0,0.0,0.0,0.0,0.0,0.0,0.0,0.0,0.0,0.0,0.0,0.0,0.0,0.0,0.0,0.0,0.0,0.0,0.0,0.0,0.0,0.0,0.0,0.0,0.0,0.0,0.0,0.68,0.6868
128,0.001,3,10,100,32,16,64,184,440338,73,30,ContrastiveLoss,gru,/home/dpetrovitch/dzagcoffee/train_trace/gender/checkpoints_2025-10-07 19:53:20.141369_ContrastiveLoss_gru_catboost/model_128_0.001_3_10_100_64_32_16_64_ContrastiveLoss_gruepoch=26.ckpt,26,30,0.44085804,29.3898,5.6853,0.003,4.1107,1.3146,10.3877,0.5784,710.2793,34.6707,262.8715,12.8315,242.6994,11.8468,231.4081,11.2957,216.3785,10.562,204.1665,9.9659,179.2257,8.7485,46.8452,2.4785,17.3372,0.9173,16.0068,0.8469,15.2621,0.8075,14.2708,0.755,13.4654,0.7124,11.8205,0.6254,0.0,0.0,0.0,0.0,0.0,0.0,0.0,0.0,0.0,0.0,0.0,0.0,0.0,0.0,0.0,0.0,0.0,0.0,0.0,0.0,0.0,0.0,0.0,0.0,0.0,0.0,0.0,0.0,0.0,0.0,0.0,0.0,0.0,0.0,0.0,0.688,0.6871
128,0.001,3,10,100,32,16,64,184,440338,73,30,ContrastiveLoss,gru,/home/dpetrovitch/dzagcoffee/train_trace/gender/checkpoints_2025-10-07 19:53:20.141369_ContrastiveLoss_gru_catboost/model_128_0.001_3_10_100_64_32_16_64_ContrastiveLoss_gruepoch=27.ckpt,27,30,0.4384937,29.0672,5.4039,0.0028,4.1362,1.3042,10.1315,0.5872,700.8515,34.1789,262.4425,12.7987,242.1654,11.8098,230.8584,11.2584,215.6707,10.5178,203.1114,9.9053,179.3489,8.7464,45.9612,2.4411,17.2108,0.9141,15.881,0.8435,15.1395,0.8041,14.1435,0.7512,13.3199,0.7075,11.7615,0.6247,0.0,0.0,0.0,0.0,0.0,0.0,0.0,0.0,0.0,0.0,0.0,0.0,0.0,0.0,0.0,0.0,0.0,0.0,0.0,0.0,0.0,0.0,0.0,0.0,0.0,0.0,0.0,0.0,0.0,0.0,0.0,0.0,0.0,0.0,0.0,0.672,0.6954
128,0.001,3,10,100,32,16,64,184,440338,73,30,ContrastiveLoss,gru,/home/dpetrovitch/dzagcoffee/train_trace/gender/checkpoints_2025-10-07 19:53:20.141369_ContrastiveLoss_gru_catboost/model_128_0.001_3_10_100_64_32_16_64_ContrastiveLoss_gruepoch=28.ckpt,28,30,0.440464,29.5397,5.9221,0.0029,4.1037,1.316,10.1362,0.5778,712.0476,34.7778,263.6581,12.8776,243.3706,11.8867,232.117,11.337,216.9829,10.5979,204.5121,9.9888,179.5119,8.7677,46.8716,2.4651,17.3557,0.9128,16.0202,0.8426,15.2794,0.8036,14.2832,0.7512,13.4623,0.708,11.8166,0.6215,0.0,0.0,0.0,0.0,0.0,0.0,0.0,0.0,0.0,0.0,0.0,0.0,0.0,0.0,0.0,0.0,0.0,0.0,0.0,0.0,0.0,0.0,0.0,0.0,0.0,0.0,0.0,0.0,0.0,0.0,0.0,0.0,0.0,0.0,0.0,0.676,0.6778
128,0.001,3,10,100,32,16,64,184,440338,73,30,ContrastiveLoss,gru,/home/dpetrovitch/dzagcoffee/train_trace/gender/checkpoints_2025-10-07 19:53:20.141369_ContrastiveLoss_gru_catboost/model_128_0.001_3_10_100_64_32_16_64_ContrastiveLoss_gruepoch=29.ckpt,29,30,0.44145194,29.2172,5.6961,0.0027,4.1109,1.3002,10.4072,0.5908,708.467,34.5725,263.9654,12.8813,243.5917,11.887,232.2982,11.3359,217.2214,10.6002,204.873,9.9976,180.4656,8.8065,46.3537,2.4293,17.2708,0.9051,15.9378,0.8353,15.1988,0.7965,14.2124,0.7448,13.4045,0.7025,11.8075,0.6188,0.0,0.0,0.0,0.0,0.0,0.0,0.0,0.0,0.0,0.0,0.0,0.0,0.0,0.0,0.0,0.0,0.0,0.0,0.0,0.0,0.0,0.0,0.0,0.0,0.0,0.0,0.0,0.0,0.0,0.0,0.0,0.0,0.0,0.0,0.0,0.696,0.7183
128,0.001,3,10,100,32,16,128,184,440338,73,30,ContrastiveLoss,gru,/home/dpetrovitch/dzagcoffee/train_trace/gender/checkpoints_2025-10-07 19:53:20.141369_ContrastiveLoss_gru_catboost/model_128_0.001_3_10_100_128_32_16_128_ContrastiveLoss_gruepoch=00.ckpt,0,30,0.28024772,39.854,3.3141,0.0019,4.5205,1.347,4.6847,0.5748,446.4508,22.2049,244.2628,12.1488,214.6483,10.6759,198.0609,9.8509,175.5636,8.7319,156.3943,7.7785,103.9621,5.1707,14.9482,1.0075,8.1785,0.5512,7.1869,0.4844,6.6315,0.447,5.8783,0.3962,5.2364,0.3529,3.4809,0.2346,0.0,0.0,0.0,0.0,0.0,0.0,0.0,0.0,0.0,0.0,0.0,0.0,0.0,0.0,0.0,0.0,0.0,0.0,0.0,0.0,0.0,0.0,0.0,0.0,0.0,0.0,0.0,0.0,0.0,0.0,0.0,0.0,0.0,0.0,0.0,0.62,0.6158
128,0.001,3,10,100,32,16,128,184,440338,73,30,ContrastiveLoss,gru,/home/dpetrovitch/dzagcoffee/train_trace/gender/checkpoints_2025-10-07 19:53:20.141369_ContrastiveLoss_gru_catboost/model_128_0.001_3_10_100_128_32_16_128_ContrastiveLoss_gruepoch=01.ckpt,1,30,0.3589324,37.9923,3.3388,0.0019,4.4523,1.475,7.1072,0.4795,595.3308,29.5144,233.9274,11.5973,208.4751,10.3355,194.7928,9.6571,176.2874,8.7397,160.3677,7.9505,128.8944,6.3901,32.4324,1.9952,12.7439,0.784,11.3573,0.6987,10.6119,0.6528,9.6038,0.5908,8.7365,0.5375,7.0219,0.432,0.0,0.0,0.0,0.0,0.0,0.0,0.0,0.0,0.0,0.0,0.0,0.0,0.0,0.0,0.0,0.0,0.0,0.0,0.0,0.0,0.0,0.0,0.0,0.0,0.0,0.0,0.0,0.0,0.0,0.0,0.0,0.0,0.0,0.0,0.0,0.608,0.6031
128,0.001,3,10,100,32,16,128,184,440338,73,30,ContrastiveLoss,gru,/home/dpetrovitch/dzagcoffee/train_trace/gender/checkpoints_2025-10-07 19:53:20.141369_ContrastiveLoss_gru_catboost/model_128_0.001_3_10_100_128_32_16_128_ContrastiveLoss_gruepoch=02.ckpt,2,30,0.3885776,36.2782,3.3359,0.0018,4.4191,1.4328,7.9472,0.5034,671.8021,33.1603,239.521,11.8228,215.0848,10.6166,201.8826,9.965,183.8193,9.0734,167.3842,8.2621,140.2643,6.9235,39.9584,2.315,14.2466,0.8254,12.7931,0.7412,12.0079,0.6957,10.9335,0.6334,9.9559,0.5768,8.3428,0.4833,0.0,0.0,0.0,0.0,0.0,0.0,0.0,0.0,0.0,0.0,0.0,0.0,0.0,0.0,0.0,0.0,0.0,0.0,0.0,0.0,0.0,0.0,0.0,0.0,0.0,0.0,0.0,0.0,0.0,0.0,0.0,0.0,0.0,0.0,0.0,0.628,0.6219
128,0.001,3,10,100,32,16,128,184,440338,73,30,ContrastiveLoss,gru,/home/dpetrovitch/dzagcoffee/train_trace/gender/checkpoints_2025-10-07 19:53:20.141369_ContrastiveLoss_gru_catboost/model_128_0.001_3_10_100_128_32_16_128_ContrastiveLoss_gruepoch=03.ckpt,3,30,0.40602446,35.0003,3.2942,0.0016,4.4282,1.3686,9.3911,0.5425,729.3198,35.7774,245.568,12.0466,222.557,10.9177,209.582,10.2812,191.8569,9.4117,176.0731,8.6374,150.1888,7.3676,44.3825,2.5362,14.9439,0.854,13.5436,0.7739,12.754,0.7288,11.6754,0.6672,10.7149,0.6123,9.1397,0.5223,0.0,0.0,0.0,0.0,0.0,0.0,0.0,0.0,0.0,0.0,0.0,0.0,0.0,0.0,0.0,0.0,0.0,0.0,0.0,0.0,0.0,0.0,0.0,0.0,0.0,0.0,0.0,0.0,0.0,0.0,0.0,0.0,0.0,0.0,0.0,0.612,0.5992
128,0.001,3,10,100,32,16,128,184,440338,73,30,ContrastiveLoss,gru,/home/dpetrovitch/dzagcoffee/train_trace/gender/checkpoints_2025-10-07 19:53:20.141369_ContrastiveLoss_gru_catboost/model_128_0.001_3_10_100_128_32_16_128_ContrastiveLoss_gruepoch=04.ckpt,4,30,0.40721512,36.0697,3.32,0.0016,4.401,1.3633,8.9879,0.5453,799.1086,39.1708,250.6693,12.2873,228.4597,11.1987,215.9587,10.5859,199.0431,9.7567,184.3168,9.0348,153.4968,7.5241,52.5829,2.9049,16.4945,0.9112,15.0331,0.8305,14.2105,0.7851,13.0974,0.7236,12.1284,0.67,10.1004,0.558,0.0,0.0,0.0,0.0,0.0,0.0,0.0,0.0,0.0,0.0,0.0,0.0,0.0,0.0,0.0,0.0,0.0,0.0,0.0,0.0,0.0,0.0,0.0,0.0,0.0,0.0,0.0,0.0,0.0,0.0,0.0,0.0,0.0,0.0,0.0,0.648,0.6634
128,0.001,3,10,100,32,16,128,184,440338,73,30,ContrastiveLoss,gru,/home/dpetrovitch/dzagcoffee/train_trace/gender/checkpoints_2025-10-07 19:53:20.141369_ContrastiveLoss_gru_catboost/model_128_0.001_3_10_100_128_32_16_128_ContrastiveLoss_gruepoch=05.ckpt,5,30,0.41782883,36.2587,3.3164,0.0016,4.4133,1.3452,8.9677,0.5575,845.3105,41.4238,253.9787,12.446,232.4362,11.3904,220.4317,10.8021,204.0542,9.9995,190.2459,9.3228,161.3903,7.9088,58.3971,3.1369,17.5458,0.9425,16.0575,0.8626,15.2282,0.818,14.0968,0.7572,13.1429,0.706,11.1494,0.5989,0.0,0.0,0.0,0.0,0.0,0.0,0.0,0.0,0.0,0.0,0.0,0.0,0.0,0.0,0.0,0.0,0.0,0.0,0.0,0.0,0.0,0.0,0.0,0.0,0.0,0.0,0.0,0.0,0.0,0.0,0.0,0.0,0.0,0.0,0.0,0.648,0.6863
128,0.001,3,10,100,32,16,128,184,440338,73,30,ContrastiveLoss,gru,/home/dpetrovitch/dzagcoffee/train_trace/gender/checkpoints_2025-10-07 19:53:20.141369_ContrastiveLoss_gru_catboost/model_128_0.001_3_10_100_128_32_16_128_ContrastiveLoss_gruepoch=06.ckpt,6,30,0.41873685,37.4242,3.3018,0.0016,4.4051,1.3681,9.3221,0.5395,871.0095,42.5729,256.9617,12.5597,235.5589,11.5136,223.4276,10.9206,207.2379,10.1293,193.1954,9.4429,162.7549,7.9551,61.5383,3.2838,18.1548,0.9688,16.6426,0.8881,15.7855,0.8424,14.6417,0.7813,13.6496,0.7284,11.4989,0.6136,0.0,0.0,0.0,0.0,0.0,0.0,0.0,0.0,0.0,0.0,0.0,0.0,0.0,0.0,0.0,0.0,0.0,0.0,0.0,0.0,0.0,0.0,0.0,0.0,0.0,0.0,0.0,0.0,0.0,0.0,0.0,0.0,0.0,0.0,0.0,0.66,0.694
128,0.001,3,10,100,32,16,128,184,440338,73,30,ContrastiveLoss,gru,/home/dpetrovitch/dzagcoffee/train_trace/gender/checkpoints_2025-10-07 19:53:20.141369_ContrastiveLoss_gru_catboost/model_128_0.001_3_10_100_128_32_16_128_ContrastiveLoss_gruepoch=07.ckpt,7,30,0.42707762,37.0321,3.304,0.0015,4.4153,1.3236,8.9102,0.5744,868.3204,42.4314,257.8782,12.6015,236.1251,11.5385,224.1607,10.9539,207.8948,10.159,194.6098,9.5098,165.7819,8.1011,61.4017,3.221,18.2354,0.9566,16.6972,0.8759,15.8511,0.8315,14.7009,0.7712,13.7615,0.7219,11.723,0.615,0.0,0.0,0.0,0.0,0.0,0.0,0.0,0.0,0.0,0.0,0.0,0.0,0.0,0.0,0.0,0.0,0.0,0.0,0.0,0.0,0.0,0.0,0.0,0.0,0.0,0.0,0.0,0.0,0.0,0.0,0.0,0.0,0.0,0.0,0.0,0.632,0.6624
128,0.001,3,10,100,32,16,128,184,440338,73,30,ContrastiveLoss,gru,/home/dpetrovitch/dzagcoffee/train_trace/gender/checkpoints_2025-10-07 19:53:20.141369_ContrastiveLoss_gru_catboost/model_128_0.001_3_10_100_128_32_16_128_ContrastiveLoss_gruepoch=08.ckpt,8,30,0.42783722,38.2016,3.2878,0.0015,4.4265,1.3306,9.99,0.5662,909.4915,44.4295,260.7922,12.7399,239.8733,11.718,228.2066,11.1481,212.3648,10.3742,199.1047,9.7264,171.4052,8.3733,63.3155,3.4374,18.1554,0.9857,16.6991,0.9066,15.8869,0.8625,14.7841,0.8026,13.861,0.7525,11.9326,0.6478,0.0,0.0,0.0,0.0,0.0,0.0,0.0,0.0,0.0,0.0,0.0,0.0,0.0,0.0,0.0,0.0,0.0,0.0,0.0,0.0,0.0,0.0,0.0,0.0,0.0,0.0,0.0,0.0,0.0,0.0,0.0,0.0,0.0,0.0,0.0,0.668,0.7055
128,0.001,3,10,100,32,16,128,184,440338,73,30,ContrastiveLoss,gru,/home/dpetrovitch/dzagcoffee/train_trace/gender/checkpoints_2025-10-07 19:53:20.141369_ContrastiveLoss_gru_catboost/model_128_0.001_3_10_100_128_32_16_128_ContrastiveLoss_gruepoch=09.ckpt,9,30,0.43357095,38.8981,3.2895,0.0017,4.4405,1.3369,10.0285,0.5625,923.5972,45.0912,263.1422,12.847,242.4042,11.8345,230.7432,11.2652,214.9012,10.4918,202.4786,9.8853,176.6692,8.6252,63.983,3.3895,18.2294,0.9657,16.7928,0.8896,15.9849,0.8468,14.8875,0.7887,14.0269,0.7431,12.2389,0.6484,0.0,0.0,0.0,0.0,0.0,0.0,0.0,0.0,0.0,0.0,0.0,0.0,0.0,0.0,0.0,0.0,0.0,0.0,0.0,0.0,0.0,0.0,0.0,0.0,0.0,0.0,0.0,0.0,0.0,0.0,0.0,0.0,0.0,0.0,0.0,0.688,0.7008
128,0.001,3,10,100,32,16,128,184,440338,73,30,ContrastiveLoss,gru,/home/dpetrovitch/dzagcoffee/train_trace/gender/checkpoints_2025-10-07 19:53:20.141369_ContrastiveLoss_gru_catboost/model_128_0.001_3_10_100_128_32_16_128_ContrastiveLoss_gruepoch=10.ckpt,10,30,0.4321232,38.113,3.2469,0.0015,4.4807,1.3063,10.4567,0.588,919.8182,44.9223,264.7844,12.9316,243.9243,11.9128,232.0945,11.3351,216.0789,10.5529,202.885,9.9086,176.7479,8.6321,60.6874,3.2785,17.4698,0.9438,16.0935,0.8694,15.313,0.8273,14.2564,0.7702,13.3859,0.7232,11.6614,0.63,0.0,0.0,0.0,0.0,0.0,0.0,0.0,0.0,0.0,0.0,0.0,0.0,0.0,0.0,0.0,0.0,0.0,0.0,0.0,0.0,0.0,0.0,0.0,0.0,0.0,0.0,0.0,0.0,0.0,0.0,0.0,0.0,0.0,0.0,0.0,0.652,0.6923
128,0.001,3,10,100,32,16,128,184,440338,73,30,ContrastiveLoss,gru,/home/dpetrovitch/dzagcoffee/train_trace/gender/checkpoints_2025-10-07 19:53:20.141369_ContrastiveLoss_gru_catboost/model_128_0.001_3_10_100_128_32_16_128_ContrastiveLoss_gruepoch=11.ckpt,11,30,0.43381652,38.8348,3.2886,0.0016,4.4889,1.3086,10.4964,0.5863,933.3794,45.6067,266.1518,13.0047,245.2013,11.981,233.7175,11.4199,217.7539,10.6399,205.0966,10.0214,178.2767,8.7109,62.4163,3.3024,17.7979,0.9417,16.3969,0.8675,15.629,0.8269,14.5615,0.7704,13.7151,0.7257,11.9216,0.6308,0.0,0.0,0.0,0.0,0.0,0.0,0.0,0.0,0.0,0.0,0.0,0.0,0.0,0.0,0.0,0.0,0.0,0.0,0.0,0.0,0.0,0.0,0.0,0.0,0.0,0.0,0.0,0.0,0.0,0.0,0.0,0.0,0.0,0.0,0.0,0.676,0.7113
128,0.001,3,10,100,32,16,128,184,440338,73,30,ContrastiveLoss,gru,/home/dpetrovitch/dzagcoffee/train_trace/gender/checkpoints_2025-10-07 19:53:20.141369_ContrastiveLoss_gru_catboost/model_128_0.001_3_10_100_128_32_16_128_ContrastiveLoss_gruepoch=12.ckpt,12,30,0.43480447,39.2612,3.2831,0.0016,4.4906,1.3126,10.5845,0.5824,949.1224,46.3686,267.0154,13.0448,246.1762,12.0267,234.8518,11.4735,219.1816,10.7079,206.8544,10.1057,181.5655,8.8702,64.5052,3.3865,18.1472,0.9527,16.7309,0.8784,15.9612,0.8379,14.8962,0.782,14.0584,0.7381,12.3397,0.6478,0.0,0.0,0.0,0.0,0.0,0.0,0.0,0.0,0.0,0.0,0.0,0.0,0.0,0.0,0.0,0.0,0.0,0.0,0.0,0.0,0.0,0.0,0.0,0.0,0.0,0.0,0.0,0.0,0.0,0.0,0.0,0.0,0.0,0.0,0.0,0.66,0.6854
128,0.001,3,10,100,32,16,128,184,440338,73,30,ContrastiveLoss,gru,/home/dpetrovitch/dzagcoffee/train_trace/gender/checkpoints_2025-10-07 19:53:20.141369_ContrastiveLoss_gru_catboost/model_128_0.001_3_10_100_128_32_16_128_ContrastiveLoss_gruepoch=13.ckpt,13,30,0.43851367,39.6457,3.2611,0.0016,4.5003,1.3214,10.2385,0.5751,958.1373,46.7665,267.6864,13.0657,247.0187,12.0569,235.3762,11.4887,219.611,10.7192,206.9525,10.1013,180.6392,8.817,64.1379,3.3988,17.919,0.9496,16.5355,0.8762,15.7561,0.8349,14.7008,0.779,13.8534,0.7341,12.092,0.6408,0.0,0.0,0.0,0.0,0.0,0.0,0.0,0.0,0.0,0.0,0.0,0.0,0.0,0.0,0.0,0.0,0.0,0.0,0.0,0.0,0.0,0.0,0.0,0.0,0.0,0.0,0.0,0.0,0.0,0.0,0.0,0.0,0.0,0.0,0.0,0.692,0.7334
128,0.001,3,10,100,32,16,128,184,440338,73,30,ContrastiveLoss,gru,/home/dpetrovitch/dzagcoffee/train_trace/gender/checkpoints_2025-10-07 19:53:20.141369_ContrastiveLoss_gru_catboost/model_128_0.001_3_10_100_128_32_16_128_ContrastiveLoss_gruepoch=14.ckpt,14,30,0.43317112,39.3759,3.2921,0.0015,4.5189,1.2967,11.1231,0.5973,946.902,46.2567,269.6165,13.1709,248.8975,12.1588,237.2695,11.5908,221.28,10.8097,207.8499,10.1536,180.9251,8.8383,61.8308,3.279,17.6054,0.9336,16.2525,0.8619,15.4932,0.8216,14.4491,0.7663,13.5722,0.7198,11.814,0.6265,0.0,0.0,0.0,0.0,0.0,0.0,0.0,0.0,0.0,0.0,0.0,0.0,0.0,0.0,0.0,0.0,0.0,0.0,0.0,0.0,0.0,0.0,0.0,0.0,0.0,0.0,0.0,0.0,0.0,0.0,0.0,0.0,0.0,0.0,0.0,0.648,0.7073
128,0.001,3,10,100,32,16,128,184,440338,73,30,ContrastiveLoss,gru,/home/dpetrovitch/dzagcoffee/train_trace/gender/checkpoints_2025-10-07 19:53:20.141369_ContrastiveLoss_gru_catboost/model_128_0.001_3_10_100_128_32_16_128_ContrastiveLoss_gruepoch=15.ckpt,15,30,0.43951023,40.2128,3.2748,0.0016,4.52,1.3102,11.0495,0.5839,970.8673,47.4051,270.4042,13.2032,250.0124,12.2075,238.4921,11.645,223.2007,10.8983,210.789,10.2923,185.4166,9.0534,64.7099,3.4268,18.0229,0.9544,16.6637,0.8825,15.8959,0.8418,14.8767,0.7878,14.0494,0.744,12.3583,0.6545,0.0,0.0,0.0,0.0,0.0,0.0,0.0,0.0,0.0,0.0,0.0,0.0,0.0,0.0,0.0,0.0,0.0,0.0,0.0,0.0,0.0,0.0,0.0,0.0,0.0,0.0,0.0,0.0,0.0,0.0,0.0,0.0,0.0,0.0,0.0,0.688,0.7283
128,0.001,3,10,100,32,16,128,184,440338,73,30,ContrastiveLoss,gru,/home/dpetrovitch/dzagcoffee/train_trace/gender/checkpoints_2025-10-07 19:53:20.141369_ContrastiveLoss_gru_catboost/model_128_0.001_3_10_100_128_32_16_128_ContrastiveLoss_gruepoch=16.ckpt,16,30,0.43918756,40.2986,3.2958,0.0016,4.5362,1.304,10.9171,0.5904,975.0868,47.6568,271.1465,13.2521,250.8451,12.2599,239.3466,11.6979,223.4926,10.9231,210.2989,10.2782,183.255,8.9565,62.0809,3.3135,17.2631,0.9214,15.9706,0.8524,15.2385,0.8133,14.2291,0.7595,13.3891,0.7146,11.6673,0.6227,0.0,0.0,0.0,0.0,0.0,0.0,0.0,0.0,0.0,0.0,0.0,0.0,0.0,0.0,0.0,0.0,0.0,0.0,0.0,0.0,0.0,0.0,0.0,0.0,0.0,0.0,0.0,0.0,0.0,0.0,0.0,0.0,0.0,0.0,0.0,0.672,0.7117
128,0.001,3,10,100,32,16,128,184,440338,73,30,ContrastiveLoss,gru,/home/dpetrovitch/dzagcoffee/train_trace/gender/checkpoints_2025-10-07 19:53:20.141369_ContrastiveLoss_gru_catboost/model_128_0.001_3_10_100_128_32_16_128_ContrastiveLoss_gruepoch=17.ckpt,17,30,0.439693,40.112,3.2812,0.0015,4.5571,1.292,10.8689,0.6008,973.1232,47.5157,271.7164,13.2674,251.4701,12.2788,240.0664,11.722,224.2685,10.9506,211.1495,10.31,183.9964,8.9842,63.7891,3.3256,17.8113,0.9286,16.4841,0.8594,15.7366,0.8204,14.701,0.7664,13.841,0.7216,12.0611,0.6288,0.0,0.0,0.0,0.0,0.0,0.0,0.0,0.0,0.0,0.0,0.0,0.0,0.0,0.0,0.0,0.0,0.0,0.0,0.0,0.0,0.0,0.0,0.0,0.0,0.0,0.0,0.0,0.0,0.0,0.0,0.0,0.0,0.0,0.0,0.0,0.66,0.6995
128,0.001,3,10,100,32,16,128,184,440338,73,30,ContrastiveLoss,gru,/home/dpetrovitch/dzagcoffee/train_trace/gender/checkpoints_2025-10-07 19:53:20.141369_ContrastiveLoss_gru_catboost/model_128_0.001_3_10_100_128_32_16_128_ContrastiveLoss_gruepoch=18.ckpt,18,30,0.44157758,40.3017,3.2483,0.0015,4.5632,1.2971,10.9397,0.5951,975.1336,47.5783,272.4095,13.2913,252.0217,12.2965,240.5872,11.7386,224.9019,10.9733,211.9625,10.342,185.9843,9.0745,62.7151,3.2867,17.5198,0.9182,16.2086,0.8494,15.4732,0.8109,14.4644,0.758,13.6322,0.7144,11.9615,0.6269,0.0,0.0,0.0,0.0,0.0,0.0,0.0,0.0,0.0,0.0,0.0,0.0,0.0,0.0,0.0,0.0,0.0,0.0,0.0,0.0,0.0,0.0,0.0,0.0,0.0,0.0,0.0,0.0,0.0,0.0,0.0,0.0,0.0,0.0,0.0,0.688,0.7284
128,0.001,3,10,100,32,16,128,184,440338,73,30,ContrastiveLoss,gru,/home/dpetrovitch/dzagcoffee/train_trace/gender/checkpoints_2025-10-07 19:53:20.141369_ContrastiveLoss_gru_catboost/model_128_0.001_3_10_100_128_32_16_128_ContrastiveLoss_gruepoch=19.ckpt,19,30,0.44104937,40.4546,3.2843,0.0015,4.5894,1.2874,10.9312,0.6049,983.2731,48.0213,274.3199,13.3973,253.7556,12.393,242.401,11.8384,226.3903,11.0565,212.8804,10.3967,184.2812,9.0,61.2457,3.248,17.0867,0.9061,15.8058,0.8382,15.0986,0.8007,14.1013,0.7478,13.2598,0.7032,11.4784,0.6087,0.0,0.0,0.0,0.0,0.0,0.0,0.0,0.0,0.0,0.0,0.0,0.0,0.0,0.0,0.0,0.0,0.0,0.0,0.0,0.0,0.0,0.0,0.0,0.0,0.0,0.0,0.0,0.0,0.0,0.0,0.0,0.0,0.0,0.0,0.0,0.684,0.735
128,0.001,3,10,100,32,16,128,184,440338,73,30,ContrastiveLoss,gru,/home/dpetrovitch/dzagcoffee/train_trace/gender/checkpoints_2025-10-07 19:53:20.141369_ContrastiveLoss_gru_catboost/model_128_0.001_3_10_100_128_32_16_128_ContrastiveLoss_gruepoch=20.ckpt,20,30,0.4468659,40.6167,3.2859,0.0015,4.5866,1.2871,11.3476,0.6047,989.0438,48.2901,274.6502,13.4098,254.3709,12.4197,243.1427,11.8715,227.4461,11.1051,214.3894,10.4676,186.9089,9.1258,62.8521,3.293,17.4536,0.9144,16.1649,0.8469,15.4513,0.8095,14.4538,0.7573,13.6241,0.7138,11.8778,0.6223,0.0,0.0,0.0,0.0,0.0,0.0,0.0,0.0,0.0,0.0,0.0,0.0,0.0,0.0,0.0,0.0,0.0,0.0,0.0,0.0,0.0,0.0,0.0,0.0,0.0,0.0,0.0,0.0,0.0,0.0,0.0,0.0,0.0,0.0,0.0,0.684,0.7177
128,0.001,3,10,100,32,16,128,184,440338,73,30,ContrastiveLoss,gru,/home/dpetrovitch/dzagcoffee/train_trace/gender/checkpoints_2025-10-07 19:53:20.141369_ContrastiveLoss_gru_catboost/model_128_0.001_3_10_100_128_32_16_128_ContrastiveLoss_gruepoch=21.ckpt,21,30,0.44592643,40.5649,3.2531,0.0015,4.5877,1.2849,10.8377,0.6067,986.2479,48.1102,274.8876,13.4093,254.6613,12.4227,243.4356,11.8751,227.5576,11.1005,214.3409,10.4558,186.1699,9.0816,62.0126,3.2873,17.2842,0.9162,16.0124,0.8488,15.3066,0.8114,14.3082,0.7585,13.4772,0.7144,11.7059,0.6205,0.0,0.0,0.0,0.0,0.0,0.0,0.0,0.0,0.0,0.0,0.0,0.0,0.0,0.0,0.0,0.0,0.0,0.0,0.0,0.0,0.0,0.0,0.0,0.0,0.0,0.0,0.0,0.0,0.0,0.0,0.0,0.0,0.0,0.0,0.0,0.696,0.7299
128,0.001,3,10,100,32,16,128,184,440338,73,30,ContrastiveLoss,gru,/home/dpetrovitch/dzagcoffee/train_trace/gender/checkpoints_2025-10-07 19:53:20.141369_ContrastiveLoss_gru_catboost/model_128_0.001_3_10_100_128_32_16_128_ContrastiveLoss_gruepoch=22.ckpt,22,30,0.44314805,40.7804,3.2465,0.0015,4.5984,1.2885,11.6511,0.6035,992.0228,48.4074,275.29,13.4332,255.1144,12.4487,243.7761,11.8955,227.8454,11.1181,214.5535,10.4695,186.6271,9.1068,63.0929,3.3697,17.5085,0.9351,16.2253,0.8666,15.5042,0.8281,14.491,0.774,13.6457,0.7288,11.8695,0.6339,0.0,0.0,0.0,0.0,0.0,0.0,0.0,0.0,0.0,0.0,0.0,0.0,0.0,0.0,0.0,0.0,0.0,0.0,0.0,0.0,0.0,0.0,0.0,0.0,0.0,0.0,0.0,0.0,0.0,0.0,0.0,0.0,0.0,0.0,0.0,0.664,0.718
128,0.001,3,10,100,32,16,128,184,440338,73,30,ContrastiveLoss,gru,/home/dpetrovitch/dzagcoffee/train_trace/gender/checkpoints_2025-10-07 19:53:20.141369_ContrastiveLoss_gru_catboost/model_128_0.001_3_10_100_128_32_16_128_ContrastiveLoss_gruepoch=23.ckpt,23,30,0.4452354,40.7324,3.2767,0.0015,4.5968,1.2869,11.2878,0.6042,995.7394,48.5693,274.6795,13.3981,254.7639,12.4267,243.4657,11.8756,227.9599,11.1192,214.7724,10.476,187.5325,9.1473,63.3177,3.3404,17.4665,0.9215,16.2001,0.8546,15.4816,0.8167,14.4956,0.7647,13.6571,0.7205,11.9249,0.6291,0.0,0.0,0.0,0.0,0.0,0.0,0.0,0.0,0.0,0.0,0.0,0.0,0.0,0.0,0.0,0.0,0.0,0.0,0.0,0.0,0.0,0.0,0.0,0.0,0.0,0.0,0.0,0.0,0.0,0.0,0.0,0.0,0.0,0.0,0.0,0.668,0.7189
128,0.001,3,10,100,32,16,128,184,440338,73,30,ContrastiveLoss,gru,/home/dpetrovitch/dzagcoffee/train_trace/gender/checkpoints_2025-10-07 19:53:20.141369_ContrastiveLoss_gru_catboost/model_128_0.001_3_10_100_128_32_16_128_ContrastiveLoss_gruepoch=24.ckpt,24,30,0.44416177,41.4265,3.2727,0.0015,4.5904,1.2988,11.3815,0.5944,1001.5153,48.8488,276.3538,13.4791,256.0734,12.4899,244.8377,11.9419,229.0422,11.1715,216.1928,10.5448,187.8778,9.1637,65.6405,3.3591,18.1126,0.9269,16.7834,0.8589,16.047,0.8212,15.0117,0.7682,14.1695,0.7251,12.3137,0.6301,0.0,0.0,0.0,0.0,0.0,0.0,0.0,0.0,0.0,0.0,0.0,0.0,0.0,0.0,0.0,0.0,0.0,0.0,0.0,0.0,0.0,0.0,0.0,0.0,0.0,0.0,0.0,0.0,0.0,0.0,0.0,0.0,0.0,0.0,0.0,0.704,0.7354
128,0.001,3,10,100,32,16,128,184,440338,73,30,ContrastiveLoss,gru,/home/dpetrovitch/dzagcoffee/train_trace/gender/checkpoints_2025-10-07 19:53:20.141369_ContrastiveLoss_gru_catboost/model_128_0.001_3_10_100_128_32_16_128_ContrastiveLoss_gruepoch=25.ckpt,25,30,0.44442448,41.1663,3.2903,0.0015,4.5955,1.2855,11.7404,0.6061,1001.4739,48.8755,276.4113,13.4899,256.3732,12.5119,245.0439,11.959,229.5125,11.201,216.3657,10.5594,188.699,9.2092,63.5378,3.3142,17.5367,0.9147,16.2654,0.8484,15.5466,0.8109,14.5613,0.7595,13.7272,0.716,11.9719,0.6245,0.0,0.0,0.0,0.0,0.0,0.0,0.0,0.0,0.0,0.0,0.0,0.0,0.0,0.0,0.0,0.0,0.0,0.0,0.0,0.0,0.0,0.0,0.0,0.0,0.0,0.0,0.0,0.0,0.0,0.0,0.0,0.0,0.0,0.0,0.0,0.692,0.7154
128,0.001,3,10,100,32,16,128,184,440338,73,30,ContrastiveLoss,gru,/home/dpetrovitch/dzagcoffee/train_trace/gender/checkpoints_2025-10-07 19:53:20.141369_ContrastiveLoss_gru_catboost/model_128_0.001_3_10_100_128_32_16_128_ContrastiveLoss_gruepoch=26.ckpt,26,30,0.44239423,40.9831,3.2886,0.0015,4.6039,1.2809,11.615,0.6102,999.4962,48.7772,276.2154,13.4798,256.1387,12.5,244.9542,11.9542,229.2455,11.1876,216.127,10.5474,188.6482,9.2064,64.4356,3.3794,17.8071,0.9339,16.5128,0.866,15.7917,0.8282,14.779,0.7751,13.9333,0.7307,12.1618,0.6378,0.0,0.0,0.0,0.0,0.0,0.0,0.0,0.0,0.0,0.0,0.0,0.0,0.0,0.0,0.0,0.0,0.0,0.0,0.0,0.0,0.0,0.0,0.0,0.0,0.0,0.0,0.0,0.0,0.0,0.0,0.0,0.0,0.0,0.0,0.0,0.672,0.7093
128,0.001,3,10,100,32,16,128,184,440338,73,30,ContrastiveLoss,gru,/home/dpetrovitch/dzagcoffee/train_trace/gender/checkpoints_2025-10-07 19:53:20.141369_ContrastiveLoss_gru_catboost/model_128_0.001_3_10_100_128_32_16_128_ContrastiveLoss_gruepoch=27.ckpt,27,30,0.44307956,41.0297,3.2807,0.0015,4.6064,1.2821,11.5105,0.609,1003.894,48.9822,276.9319,13.5121,256.8405,12.5318,245.6543,11.986,229.8799,11.2163,216.5032,10.5637,188.6434,9.2043,63.2853,3.3201,17.4577,0.9159,16.1912,0.8494,15.486,0.8124,14.4916,0.7603,13.6483,0.716,11.892,0.6239,0.0,0.0,0.0,0.0,0.0,0.0,0.0,0.0,0.0,0.0,0.0,0.0,0.0,0.0,0.0,0.0,0.0,0.0,0.0,0.0,0.0,0.0,0.0,0.0,0.0,0.0,0.0,0.0,0.0,0.0,0.0,0.0,0.0,0.0,0.0,0.652,0.6941
128,0.001,3,10,100,32,16,128,184,440338,73,30,ContrastiveLoss,gru,/home/dpetrovitch/dzagcoffee/train_trace/gender/checkpoints_2025-10-07 19:53:20.141369_ContrastiveLoss_gru_catboost/model_128_0.001_3_10_100_128_32_16_128_ContrastiveLoss_gruepoch=28.ckpt,28,30,0.4487076,40.9446,3.1937,0.0014,4.6217,1.2849,11.4376,0.606,1009.4186,49.1966,277.1721,13.5087,257.3527,12.5427,246.1037,11.9945,230.4909,11.2336,217.2961,10.5905,191.4048,9.3286,67.2357,3.4467,18.462,0.9464,17.1418,0.8787,16.3926,0.8403,15.3526,0.787,14.4737,0.742,12.7492,0.6536,0.0,0.0,0.0,0.0,0.0,0.0,0.0,0.0,0.0,0.0,0.0,0.0,0.0,0.0,0.0,0.0,0.0,0.0,0.0,0.0,0.0,0.0,0.0,0.0,0.0,0.0,0.0,0.0,0.0,0.0,0.0,0.0,0.0,0.0,0.0,0.68,0.7277
128,0.001,3,10,100,32,16,128,184,440338,73,30,ContrastiveLoss,gru,/home/dpetrovitch/dzagcoffee/train_trace/gender/checkpoints_2025-10-07 19:53:20.141369_ContrastiveLoss_gru_catboost/model_128_0.001_3_10_100_128_32_16_128_ContrastiveLoss_gruepoch=29.ckpt,29,30,0.44662035,41.8968,3.2877,0.0015,4.613,1.2966,11.7315,0.5965,1013.3022,49.4323,277.8003,13.552,257.6952,12.5712,246.4962,12.0249,230.7428,11.2564,217.7061,10.6204,189.2424,9.2319,65.3826,3.3956,17.9249,0.9309,16.6276,0.8635,15.905,0.826,14.8885,0.7732,14.0473,0.7295,12.2107,0.6342,0.0,0.0,0.0,0.0,0.0,0.0,0.0,0.0,0.0,0.0,0.0,0.0,0.0,0.0,0.0,0.0,0.0,0.0,0.0,0.0,0.0,0.0,0.0,0.0,0.0,0.0,0.0,0.0,0.0,0.0,0.0,0.0,0.0,0.0,0.0,0.692,0.7054
128,0.001,3,10,100,32,16,256,184,440338,73,30,ContrastiveLoss,gru,/home/dpetrovitch/dzagcoffee/train_trace/gender/checkpoints_2025-10-07 19:53:20.141369_ContrastiveLoss_gru_catboost/model_128_0.001_3_10_100_256_32_16_256_ContrastiveLoss_gruepoch=00.ckpt,0,30,0.3326166,47.6139,1.6789,0.0004,5.1485,1.3739,5.6732,0.5465,572.9062,28.8593,232.2583,11.6997,204.9978,10.3265,189.8816,9.565,169.7557,8.5512,153.8841,7.7517,99.7997,5.0273,26.5611,1.7702,10.768,0.7176,9.5041,0.6334,8.8033,0.5867,7.8702,0.5245,7.1344,0.4755,4.6269,0.3084,0.0,0.0,0.0,0.0,0.0,0.0,0.0,0.0,0.0,0.0,0.0,0.0,0.0,0.0,0.0,0.0,0.0,0.0,0.0,0.0,0.0,0.0,0.0,0.0,0.0,0.0,0.0,0.0,0.0,0.0,0.0,0.0,0.0,0.0,0.0,0.576,0.5611
128,0.001,3,10,100,32,16,256,184,440338,73,30,ContrastiveLoss,gru,/home/dpetrovitch/dzagcoffee/train_trace/gender/checkpoints_2025-10-07 19:53:20.141369_ContrastiveLoss_gru_catboost/model_128_0.001_3_10_100_256_32_16_256_ContrastiveLoss_gruepoch=01.ckpt,1,30,0.38382617,44.8651,1.6789,0.0004,4.8678,1.4988,7.8607,0.4644,779.497,38.6626,234.5749,11.6348,209.7012,10.4011,195.873,9.7152,177.1932,8.7887,162.1412,8.0421,136.8192,6.7862,44.9843,2.7103,13.5372,0.8156,12.1017,0.7291,11.3037,0.6811,10.2257,0.6161,9.3571,0.5638,7.8958,0.4757,0.0,0.0,0.0,0.0,0.0,0.0,0.0,0.0,0.0,0.0,0.0,0.0,0.0,0.0,0.0,0.0,0.0,0.0,0.0,0.0,0.0,0.0,0.0,0.0,0.0,0.0,0.0,0.0,0.0,0.0,0.0,0.0,0.0,0.0,0.0,0.6,0.5883
128,0.001,3,10,100,32,16,256,184,440338,73,30,ContrastiveLoss,gru,/home/dpetrovitch/dzagcoffee/train_trace/gender/checkpoints_2025-10-07 19:53:20.141369_ContrastiveLoss_gru_catboost/model_128_0.001_3_10_100_256_32_16_256_ContrastiveLoss_gruepoch=02.ckpt,2,30,0.39650723,38.8617,1.6787,0.0003,4.7487,1.2634,7.3402,0.6246,833.8932,41.2688,241.5875,11.956,217.4691,10.7624,204.2276,10.1071,186.7309,9.2412,171.9518,8.5098,141.3236,6.994,48.6804,2.9335,14.1032,0.8499,12.6952,0.765,11.9222,0.7184,10.9008,0.6569,10.0381,0.6049,8.2501,0.4972,0.0,0.0,0.0,0.0,0.0,0.0,0.0,0.0,0.0,0.0,0.0,0.0,0.0,0.0,0.0,0.0,0.0,0.0,0.0,0.0,0.0,0.0,0.0,0.0,0.0,0.0,0.0,0.0,0.0,0.0,0.0,0.0,0.0,0.0,0.0,0.604,0.5777
128,0.001,3,10,100,32,16,256,184,440338,73,30,ContrastiveLoss,gru,/home/dpetrovitch/dzagcoffee/train_trace/gender/checkpoints_2025-10-07 19:53:20.141369_ContrastiveLoss_gru_catboost/model_128_0.001_3_10_100_256_32_16_256_ContrastiveLoss_gruepoch=03.ckpt,3,30,0.40106168,43.0272,1.6775,0.0004,4.6085,1.3658,9.3903,0.5438,934.77,45.9579,250.5303,12.3173,227.2188,11.1712,213.6358,10.5034,195.4785,9.6107,180.781,8.8881,156.2229,7.6807,62.8768,3.524,16.8518,0.9445,15.2838,0.8566,14.3701,0.8054,13.1488,0.7369,12.1601,0.6815,10.5083,0.5889,0.0,0.0,0.0,0.0,0.0,0.0,0.0,0.0,0.0,0.0,0.0,0.0,0.0,0.0,0.0,0.0,0.0,0.0,0.0,0.0,0.0,0.0,0.0,0.0,0.0,0.0,0.0,0.0,0.0,0.0,0.0,0.0,0.0,0.0,0.0,0.596,0.6185
128,0.001,3,10,100,32,16,256,184,440338,73,30,ContrastiveLoss,gru,/home/dpetrovitch/dzagcoffee/train_trace/gender/checkpoints_2025-10-07 19:53:20.141369_ContrastiveLoss_gru_catboost/model_128_0.001_3_10_100_256_32_16_256_ContrastiveLoss_gruepoch=04.ckpt,4,30,0.413283,44.8887,1.678,0.0005,4.587,1.3217,8.3016,0.5779,952.7191,46.9058,250.4431,12.3302,227.8986,11.2203,215.5228,10.611,199.0899,9.8019,186.4388,9.1791,163.9695,8.0728,58.7314,3.3878,15.4388,0.8906,14.049,0.8104,13.2861,0.7664,12.2731,0.7079,11.4932,0.663,10.1081,0.5831,0.0,0.0,0.0,0.0,0.0,0.0,0.0,0.0,0.0,0.0,0.0,0.0,0.0,0.0,0.0,0.0,0.0,0.0,0.0,0.0,0.0,0.0,0.0,0.0,0.0,0.0,0.0,0.0,0.0,0.0,0.0,0.0,0.0,0.0,0.0,0.628,0.6283
128,0.001,3,10,100,32,16,256,184,440338,73,30,ContrastiveLoss,gru,/home/dpetrovitch/dzagcoffee/train_trace/gender/checkpoints_2025-10-07 19:53:20.141369_ContrastiveLoss_gru_catboost/model_128_0.001_3_10_100_256_32_16_256_ContrastiveLoss_gruepoch=05.ckpt,5,30,0.41690937,45.5453,1.6774,0.0005,4.553,1.3047,9.2707,0.5916,990.6339,48.5598,255.1181,12.5056,233.0415,11.4234,220.2685,10.7973,203.2226,9.9617,188.8459,9.257,160.1406,7.8499,69.1966,3.6866,17.8202,0.9494,16.2782,0.8673,15.3859,0.8197,14.1953,0.7563,13.1911,0.7028,11.186,0.596,0.0,0.0,0.0,0.0,0.0,0.0,0.0,0.0,0.0,0.0,0.0,0.0,0.0,0.0,0.0,0.0,0.0,0.0,0.0,0.0,0.0,0.0,0.0,0.0,0.0,0.0,0.0,0.0,0.0,0.0,0.0,0.0,0.0,0.0,0.0,0.652,0.6568
128,0.001,3,10,100,32,16,256,184,440338,73,30,ContrastiveLoss,gru,/home/dpetrovitch/dzagcoffee/train_trace/gender/checkpoints_2025-10-07 19:53:20.141369_ContrastiveLoss_gru_catboost/model_128_0.001_3_10_100_256_32_16_256_ContrastiveLoss_gruepoch=06.ckpt,6,30,0.42012462,48.3864,1.6771,0.0005,4.5678,1.3027,11.0704,0.5929,1024.8303,50.2129,261.5478,12.8149,239.6412,11.7415,227.2842,11.1361,210.8227,10.3295,197.6031,9.6818,171.6376,8.4096,68.8274,3.6706,17.5655,0.9368,16.0943,0.8583,15.2644,0.8141,14.1588,0.7551,13.271,0.7077,11.5271,0.6147,0.0,0.0,0.0,0.0,0.0,0.0,0.0,0.0,0.0,0.0,0.0,0.0,0.0,0.0,0.0,0.0,0.0,0.0,0.0,0.0,0.0,0.0,0.0,0.0,0.0,0.0,0.0,0.0,0.0,0.0,0.0,0.0,0.0,0.0,0.0,0.664,0.6781
128,0.001,3,10,100,32,16,256,184,440338,73,30,ContrastiveLoss,gru,/home/dpetrovitch/dzagcoffee/train_trace/gender/checkpoints_2025-10-07 19:53:20.141369_ContrastiveLoss_gru_catboost/model_128_0.001_3_10_100_256_32_16_256_ContrastiveLoss_gruepoch=07.ckpt,7,30,0.42644086,48.6139,1.6769,0.0005,4.5588,1.2806,10.1314,0.6121,1042.1248,51.0273,262.0914,12.8332,240.7735,11.7894,228.5683,11.1918,212.6292,10.4113,199.5452,9.7707,174.9132,8.5646,70.7685,3.8,17.7981,0.9557,16.3504,0.878,15.5216,0.8335,14.4392,0.7753,13.5507,0.7276,11.878,0.6378,0.0,0.0,0.0,0.0,0.0,0.0,0.0,0.0,0.0,0.0,0.0,0.0,0.0,0.0,0.0,0.0,0.0,0.0,0.0,0.0,0.0,0.0,0.0,0.0,0.0,0.0,0.0,0.0,0.0,0.0,0.0,0.0,0.0,0.0,0.0,0.644,0.6596
128,0.001,3,10,100,32,16,256,184,440338,73,30,ContrastiveLoss,gru,/home/dpetrovitch/dzagcoffee/train_trace/gender/checkpoints_2025-10-07 19:53:20.141369_ContrastiveLoss_gru_catboost/model_128_0.001_3_10_100_256_32_16_256_ContrastiveLoss_gruepoch=08.ckpt,8,30,0.42991307,50.627,1.6769,0.0005,4.5705,1.2862,10.6259,0.6086,1056.4021,51.7558,265.8703,13.0257,244.1619,11.9621,231.7073,11.3519,215.4549,10.5557,202.7537,9.9334,177.5955,8.7009,69.2422,3.684,17.4265,0.9272,16.0037,0.8515,15.1873,0.808,14.1221,0.7514,13.2896,0.7071,11.6406,0.6193,0.0,0.0,0.0,0.0,0.0,0.0,0.0,0.0,0.0,0.0,0.0,0.0,0.0,0.0,0.0,0.0,0.0,0.0,0.0,0.0,0.0,0.0,0.0,0.0,0.0,0.0,0.0,0.0,0.0,0.0,0.0,0.0,0.0,0.0,0.0,0.664,0.6934
128,0.001,3,10,100,32,16,256,184,440338,73,30,ContrastiveLoss,gru,/home/dpetrovitch/dzagcoffee/train_trace/gender/checkpoints_2025-10-07 19:53:20.141369_ContrastiveLoss_gru_catboost/model_128_0.001_3_10_100_256_32_16_256_ContrastiveLoss_gruepoch=09.ckpt,9,30,0.4299673,51.2899,1.6761,0.0005,4.5635,1.2842,11.5533,0.6104,1078.5027,52.7155,268.511,13.1244,247.355,12.0903,235.1931,11.4959,219.6333,10.7353,207.138,10.1246,183.179,8.9535,72.3451,3.7959,18.0115,0.9451,16.5924,0.8706,15.7766,0.8278,14.7328,0.773,13.8947,0.729,12.2875,0.6447,0.0,0.0,0.0,0.0,0.0,0.0,0.0,0.0,0.0,0.0,0.0,0.0,0.0,0.0,0.0,0.0,0.0,0.0,0.0,0.0,0.0,0.0,0.0,0.0,0.0,0.0,0.0,0.0,0.0,0.0,0.0,0.0,0.0,0.0,0.0,0.668,0.6919
128,0.001,3,10,100,32,16,256,184,440338,73,30,ContrastiveLoss,gru,/home/dpetrovitch/dzagcoffee/train_trace/gender/checkpoints_2025-10-07 19:53:20.141369_ContrastiveLoss_gru_catboost/model_128_0.001_3_10_100_256_32_16_256_ContrastiveLoss_gruepoch=10.ckpt,10,30,0.4406667,53.2241,1.6774,0.0005,4.5573,1.3053,11.2577,0.5923,1132.6581,55.4377,271.0395,13.266,250.1881,12.2454,238.3658,11.6668,223.0488,10.9171,210.6976,10.3126,186.2022,9.1136,79.9971,4.0724,19.1429,0.9745,17.6702,0.8995,16.8352,0.857,15.7534,0.802,14.8811,0.7576,13.151,0.6695,0.0,0.0,0.0,0.0,0.0,0.0,0.0,0.0,0.0,0.0,0.0,0.0,0.0,0.0,0.0,0.0,0.0,0.0,0.0,0.0,0.0,0.0,0.0,0.0,0.0,0.0,0.0,0.0,0.0,0.0,0.0,0.0,0.0,0.0,0.0,0.688,0.6935
128,0.001,3,10,100,32,16,256,184,440338,73,30,ContrastiveLoss,gru,/home/dpetrovitch/dzagcoffee/train_trace/gender/checkpoints_2025-10-07 19:53:20.141369_ContrastiveLoss_gru_catboost/model_128_0.001_3_10_100_256_32_16_256_ContrastiveLoss_gruepoch=11.ckpt,11,30,0.43849942,54.6034,1.6763,0.0005,4.5503,1.3222,11.4511,0.5763,1152.6292,56.3349,271.8336,13.2859,251.155,12.2752,239.4386,11.7026,224.2387,10.9597,212.129,10.3678,187.6205,9.17,75.8218,3.9611,17.8816,0.9342,16.5214,0.8631,15.7506,0.8229,14.7508,0.7706,13.9542,0.729,12.342,0.6448,0.0,0.0,0.0,0.0,0.0,0.0,0.0,0.0,0.0,0.0,0.0,0.0,0.0,0.0,0.0,0.0,0.0,0.0,0.0,0.0,0.0,0.0,0.0,0.0,0.0,0.0,0.0,0.0,0.0,0.0,0.0,0.0,0.0,0.0,0.0,0.668,0.6749
128,0.001,3,10,100,32,16,256,184,440338,73,30,ContrastiveLoss,gru,/home/dpetrovitch/dzagcoffee/train_trace/gender/checkpoints_2025-10-07 19:53:20.141369_ContrastiveLoss_gru_catboost/model_128_0.001_3_10_100_256_32_16_256_ContrastiveLoss_gruepoch=12.ckpt,12,30,0.4384966,52.4633,1.6766,0.0005,4.5736,1.2714,11.9617,0.6211,1147.0944,56.0417,272.5082,13.3135,252.1102,12.3169,240.5561,11.7525,225.1666,11.0006,212.4463,10.3791,187.7439,9.1723,78.8384,4.0643,18.7292,0.9655,17.3272,0.8933,16.5331,0.8523,15.4754,0.7978,14.6012,0.7527,12.9034,0.6652,0.0,0.0,0.0,0.0,0.0,0.0,0.0,0.0,0.0,0.0,0.0,0.0,0.0,0.0,0.0,0.0,0.0,0.0,0.0,0.0,0.0,0.0,0.0,0.0,0.0,0.0,0.0,0.0,0.0,0.0,0.0,0.0,0.0,0.0,0.0,0.664,0.6862
128,0.001,3,10,100,32,16,256,184,440338,73,30,ContrastiveLoss,gru,/home/dpetrovitch/dzagcoffee/train_trace/gender/checkpoints_2025-10-07 19:53:20.141369_ContrastiveLoss_gru_catboost/model_128_0.001_3_10_100_256_32_16_256_ContrastiveLoss_gruepoch=13.ckpt,13,30,0.44344792,54.575,1.6767,0.0005,4.5682,1.2989,11.2925,0.5976,1169.3257,57.1347,273.3256,13.355,252.8264,12.3534,241.2827,11.7894,226.273,11.056,213.7348,10.4433,189.3215,9.2505,79.8326,4.121,18.6606,0.9633,17.261,0.891,16.4729,0.8503,15.4482,0.7974,14.5922,0.7533,12.9254,0.6672,0.0,0.0,0.0,0.0,0.0,0.0,0.0,0.0,0.0,0.0,0.0,0.0,0.0,0.0,0.0,0.0,0.0,0.0,0.0,0.0,0.0,0.0,0.0,0.0,0.0,0.0,0.0,0.0,0.0,0.0,0.0,0.0,0.0,0.0,0.0,0.648,0.6942
128,0.001,3,10,100,32,16,256,184,440338,73,30,ContrastiveLoss,gru,/home/dpetrovitch/dzagcoffee/train_trace/gender/checkpoints_2025-10-07 19:53:20.141369_ContrastiveLoss_gru_catboost/model_128_0.001_3_10_100_256_32_16_256_ContrastiveLoss_gruepoch=14.ckpt,14,30,0.44438162,54.2936,1.6765,0.0005,4.579,1.2847,11.8811,0.6097,1170.8818,57.212,274.0199,13.3892,253.5035,12.3868,242.1154,11.8303,226.9762,11.0906,214.9218,10.5016,190.8008,9.323,79.8839,4.085,18.6951,0.956,17.2954,0.8844,16.5184,0.8447,15.4855,0.7919,14.6631,0.7498,13.0175,0.6657,0.0,0.0,0.0,0.0,0.0,0.0,0.0,0.0,0.0,0.0,0.0,0.0,0.0,0.0,0.0,0.0,0.0,0.0,0.0,0.0,0.0,0.0,0.0,0.0,0.0,0.0,0.0,0.0,0.0,0.0,0.0,0.0,0.0,0.0,0.0,0.668,0.6902
128,0.001,3,10,100,32,16,256,184,440338,73,30,ContrastiveLoss,gru,/home/dpetrovitch/dzagcoffee/train_trace/gender/checkpoints_2025-10-07 19:53:20.141369_ContrastiveLoss_gru_catboost/model_128_0.001_3_10_100_256_32_16_256_ContrastiveLoss_gruepoch=15.ckpt,15,30,0.44209158,53.8258,1.6756,0.0005,4.5774,1.266,12.2472,0.6261,1172.3768,57.2009,275.0912,13.4218,255.0292,12.443,243.6316,11.8869,228.6685,11.1569,216.6942,10.5726,193.7018,9.4508,82.5751,4.1059,19.3758,0.9634,17.9627,0.8932,17.1599,0.8533,16.106,0.8009,15.2626,0.7589,13.6432,0.6784,0.0,0.0,0.0,0.0,0.0,0.0,0.0,0.0,0.0,0.0,0.0,0.0,0.0,0.0,0.0,0.0,0.0,0.0,0.0,0.0,0.0,0.0,0.0,0.0,0.0,0.0,0.0,0.0,0.0,0.0,0.0,0.0,0.0,0.0,0.0,0.68,0.738
128,0.001,3,10,100,32,16,256,184,440338,73,30,ContrastiveLoss,gru,/home/dpetrovitch/dzagcoffee/train_trace/gender/checkpoints_2025-10-07 19:53:20.141369_ContrastiveLoss_gru_catboost/model_128_0.001_3_10_100_256_32_16_256_ContrastiveLoss_gruepoch=16.ckpt,16,30,0.44749978,55.2447,1.6765,0.0005,4.5816,1.2832,11.3705,0.6111,1195.9205,58.4369,275.6171,13.4676,255.5586,12.4875,244.3711,11.9408,229.5253,11.2154,217.2967,10.6179,193.6333,9.4616,80.7881,4.1154,18.6188,0.9484,17.2638,0.8794,16.508,0.8409,15.5051,0.7898,14.679,0.7478,13.0805,0.6663,0.0,0.0,0.0,0.0,0.0,0.0,0.0,0.0,0.0,0.0,0.0,0.0,0.0,0.0,0.0,0.0,0.0,0.0,0.0,0.0,0.0,0.0,0.0,0.0,0.0,0.0,0.0,0.0,0.0,0.0,0.0,0.0,0.0,0.0,0.0,0.68,0.7109
128,0.001,3,10,100,32,16,256,184,440338,73,30,ContrastiveLoss,gru,/home/dpetrovitch/dzagcoffee/train_trace/gender/checkpoints_2025-10-07 19:53:20.141369_ContrastiveLoss_gru_catboost/model_128_0.001_3_10_100_256_32_16_256_ContrastiveLoss_gruepoch=17.ckpt,17,30,0.4490217,55.6635,1.6746,0.0005,4.5812,1.2862,11.8273,0.6075,1199.22,58.4929,275.0592,13.4162,255.2541,12.4502,243.9857,11.9006,229.5701,11.1975,217.7346,10.6202,195.1114,9.5167,80.2526,4.0339,18.4071,0.9252,17.0818,0.8586,16.3277,0.8207,15.363,0.7722,14.5709,0.7324,13.057,0.6563,0.0,0.0,0.0,0.0,0.0,0.0,0.0,0.0,0.0,0.0,0.0,0.0,0.0,0.0,0.0,0.0,0.0,0.0,0.0,0.0,0.0,0.0,0.0,0.0,0.0,0.0,0.0,0.0,0.0,0.0,0.0,0.0,0.0,0.0,0.0,0.656,0.7233
128,0.001,3,10,100,32,16,256,184,440338,73,30,ContrastiveLoss,gru,/home/dpetrovitch/dzagcoffee/train_trace/gender/checkpoints_2025-10-07 19:53:20.141369_ContrastiveLoss_gru_catboost/model_128_0.001_3_10_100_256_32_16_256_ContrastiveLoss_gruepoch=18.ckpt,18,30,0.44462433,55.8751,1.6746,0.0005,4.5875,1.2791,12.5901,0.6135,1214.2839,59.2537,277.076,13.5205,257.2629,12.5537,246.1351,12.0107,231.5236,11.2977,219.8463,10.7279,197.5066,9.6378,81.7357,4.2377,18.6505,0.967,17.3168,0.8978,16.5678,0.859,15.5843,0.808,14.7983,0.7672,13.2945,0.6893,0.0,0.0,0.0,0.0,0.0,0.0,0.0,0.0,0.0,0.0,0.0,0.0,0.0,0.0,0.0,0.0,0.0,0.0,0.0,0.0,0.0,0.0,0.0,0.0,0.0,0.0,0.0,0.0,0.0,0.0,0.0,0.0,0.0,0.0,0.0,0.664,0.72
128,0.001,3,10,100,32,16,256,184,440338,73,30,ContrastiveLoss,gru,/home/dpetrovitch/dzagcoffee/train_trace/gender/checkpoints_2025-10-07 19:53:20.141369_ContrastiveLoss_gru_catboost/model_128_0.001_3_10_100_256_32_16_256_ContrastiveLoss_gruepoch=19.ckpt,19,30,0.44782534,54.6793,1.673,0.0005,4.6017,1.2608,12.0111,0.6312,1208.2853,58.9047,276.6277,13.4858,256.8058,12.5194,245.6384,11.975,230.8866,11.2559,219.0911,10.6808,196.0578,9.5579,80.188,4.0971,18.3584,0.938,17.0429,0.8708,16.3018,0.8329,15.3228,0.7829,14.54,0.7429,13.0114,0.6648,0.0,0.0,0.0,0.0,0.0,0.0,0.0,0.0,0.0,0.0,0.0,0.0,0.0,0.0,0.0,0.0,0.0,0.0,0.0,0.0,0.0,0.0,0.0,0.0,0.0,0.0,0.0,0.0,0.0,0.0,0.0,0.0,0.0,0.0,0.0,0.644,0.7254
128,0.001,3,10,100,32,16,256,184,440338,73,30,ContrastiveLoss,gru,/home/dpetrovitch/dzagcoffee/train_trace/gender/checkpoints_2025-10-07 19:53:20.141369_ContrastiveLoss_gru_catboost/model_128_0.001_3_10_100_256_32_16_256_ContrastiveLoss_gruepoch=20.ckpt,20,30,0.44247136,55.9447,1.6744,0.0005,4.592,1.2715,12.6377,0.6206,1233.1779,60.1587,277.6445,13.5445,258.113,12.5917,247.0693,12.0529,232.5762,11.3459,220.8166,10.7722,198.4119,9.6792,83.1292,4.195,18.7162,0.9445,17.3995,0.878,16.6551,0.8405,15.6781,0.7912,14.8854,0.7512,13.3751,0.6749,0.0,0.0,0.0,0.0,0.0,0.0,0.0,0.0,0.0,0.0,0.0,0.0,0.0,0.0,0.0,0.0,0.0,0.0,0.0,0.0,0.0,0.0,0.0,0.0,0.0,0.0,0.0,0.0,0.0,0.0,0.0,0.0,0.0,0.0,0.0,0.68,0.7209
128,0.001,3,10,100,32,16,256,184,440338,73,30,ContrastiveLoss,gru,/home/dpetrovitch/dzagcoffee/train_trace/gender/checkpoints_2025-10-07 19:53:20.141369_ContrastiveLoss_gru_catboost/model_128_0.001_3_10_100_256_32_16_256_ContrastiveLoss_gruepoch=21.ckpt,21,30,0.45194003,56.8145,1.6727,0.0006,4.5752,1.2841,12.4882,0.6087,1239.3832,60.413,278.1616,13.5588,258.5571,12.6032,247.6523,12.0717,233.4877,11.3812,221.8067,10.8118,199.8424,9.7412,84.1309,4.1937,18.882,0.9412,17.5512,0.8749,16.811,0.838,15.8494,0.7901,15.0565,0.7505,13.5656,0.6762,0.0,0.0,0.0,0.0,0.0,0.0,0.0,0.0,0.0,0.0,0.0,0.0,0.0,0.0,0.0,0.0,0.0,0.0,0.0,0.0,0.0,0.0,0.0,0.0,0.0,0.0,0.0,0.0,0.0,0.0,0.0,0.0,0.0,0.0,0.0,0.676,0.7066
128,0.001,3,10,100,32,16,256,184,440338,73,30,ContrastiveLoss,gru,/home/dpetrovitch/dzagcoffee/train_trace/gender/checkpoints_2025-10-07 19:53:20.141369_ContrastiveLoss_gru_catboost/model_128_0.001_3_10_100_256_32_16_256_ContrastiveLoss_gruepoch=22.ckpt,22,30,0.45118618,57.1609,1.6752,0.0005,4.5859,1.2836,12.61,0.6101,1245.5104,60.7333,278.778,13.5937,259.076,12.633,248.074,12.0965,233.7894,11.4,222.1874,10.8343,199.6611,9.7358,85.9836,4.236,19.2454,0.9481,17.8853,0.8811,17.1258,0.8437,16.1396,0.7951,15.3387,0.7557,13.7836,0.679,0.0,0.0,0.0,0.0,0.0,0.0,0.0,0.0,0.0,0.0,0.0,0.0,0.0,0.0,0.0,0.0,0.0,0.0,0.0,0.0,0.0,0.0,0.0,0.0,0.0,0.0,0.0,0.0,0.0,0.0,0.0,0.0,0.0,0.0,0.0,0.68,0.7129
128,0.001,3,10,100,32,16,256,184,440338,73,30,ContrastiveLoss,gru,/home/dpetrovitch/dzagcoffee/train_trace/gender/checkpoints_2025-10-07 19:53:20.141369_ContrastiveLoss_gru_catboost/model_128_0.001_3_10_100_256_32_16_256_ContrastiveLoss_gruepoch=23.ckpt,23,30,0.44479284,57.0921,1.6763,0.0005,4.5962,1.2806,13.1131,0.6134,1252.7607,61.1483,279.0875,13.6225,259.5987,12.6712,248.6289,12.1358,234.2391,11.4334,222.6089,10.8657,200.1681,9.7704,85.2874,4.2119,19.0001,0.9383,17.6734,0.8728,16.9265,0.8359,15.9469,0.7875,15.1551,0.7484,13.6274,0.673,0.0,0.0,0.0,0.0,0.0,0.0,0.0,0.0,0.0,0.0,0.0,0.0,0.0,0.0,0.0,0.0,0.0,0.0,0.0,0.0,0.0,0.0,0.0,0.0,0.0,0.0,0.0,0.0,0.0,0.0,0.0,0.0,0.0,0.0,0.0,0.66,0.7014
128,0.001,3,10,100,32,16,256,184,440338,73,30,ContrastiveLoss,gru,/home/dpetrovitch/dzagcoffee/train_trace/gender/checkpoints_2025-10-07 19:53:20.141369_ContrastiveLoss_gru_catboost/model_128_0.001_3_10_100_256_32_16_256_ContrastiveLoss_gruepoch=24.ckpt,24,30,0.44804516,56.9557,1.6743,0.0005,4.5887,1.2828,12.2315,0.6102,1257.684,61.2864,278.1765,13.5554,258.8665,12.6145,247.9761,12.0838,233.9229,11.399,222.2197,10.8287,200.0731,9.7495,86.256,4.302,19.0782,0.9515,17.7539,0.8855,17.007,0.8482,16.0432,0.8001,15.2405,0.7601,13.7217,0.6844,0.0,0.0,0.0,0.0,0.0,0.0,0.0,0.0,0.0,0.0,0.0,0.0,0.0,0.0,0.0,0.0,0.0,0.0,0.0,0.0,0.0,0.0,0.0,0.0,0.0,0.0,0.0,0.0,0.0,0.0,0.0,0.0,0.0,0.0,0.0,0.656,0.6971
128,0.001,3,10,100,32,16,256,184,440338,73,30,ContrastiveLoss,gru,/home/dpetrovitch/dzagcoffee/train_trace/gender/checkpoints_2025-10-07 19:53:20.141369_ContrastiveLoss_gru_catboost/model_128_0.001_3_10_100_256_32_16_256_ContrastiveLoss_gruepoch=25.ckpt,25,30,0.45225978,57.1872,1.6766,0.0005,4.5977,1.2769,12.6771,0.6164,1261.7872,61.5348,279.4996,13.6306,259.9862,12.679,249.2159,12.1538,235.1766,11.4691,223.5035,10.8998,200.648,9.7852,89.1285,4.328,19.7429,0.9587,18.3646,0.8918,17.6038,0.8548,16.6121,0.8067,15.7876,0.7666,14.1731,0.6882,0.0,0.0,0.0,0.0,0.0,0.0,0.0,0.0,0.0,0.0,0.0,0.0,0.0,0.0,0.0,0.0,0.0,0.0,0.0,0.0,0.0,0.0,0.0,0.0,0.0,0.0,0.0,0.0,0.0,0.0,0.0,0.0,0.0,0.0,0.0,0.692,0.7221
128,0.001,3,10,100,32,16,256,184,440338,73,30,ContrastiveLoss,gru,/home/dpetrovitch/dzagcoffee/train_trace/gender/checkpoints_2025-10-07 19:53:20.141369_ContrastiveLoss_gru_catboost/model_128_0.001_3_10_100_256_32_16_256_ContrastiveLoss_gruepoch=26.ckpt,26,30,0.4505237,55.9194,1.6717,0.0005,4.5984,1.2623,12.6883,0.629,1251.9476,60.9631,278.6658,13.5695,259.4375,12.6332,248.6199,12.1064,234.4476,11.4163,222.8901,10.8535,201.4777,9.8109,85.112,4.2536,18.9447,0.9468,17.6375,0.8815,16.9021,0.8447,15.9386,0.7965,15.1529,0.7573,13.6972,0.6845,0.0,0.0,0.0,0.0,0.0,0.0,0.0,0.0,0.0,0.0,0.0,0.0,0.0,0.0,0.0,0.0,0.0,0.0,0.0,0.0,0.0,0.0,0.0,0.0,0.0,0.0,0.0,0.0,0.0,0.0,0.0,0.0,0.0,0.0,0.0,0.668,0.7045
128,0.001,3,10,100,32,16,256,184,440338,73,30,ContrastiveLoss,gru,/home/dpetrovitch/dzagcoffee/train_trace/gender/checkpoints_2025-10-07 19:53:20.141369_ContrastiveLoss_gru_catboost/model_128_0.001_3_10_100_256_32_16_256_ContrastiveLoss_gruepoch=27.ckpt,27,30,0.45093203,58.2555,1.6752,0.0006,4.5909,1.2875,12.3886,0.6066,1271.8142,62.0386,279.4266,13.6303,260.0078,12.6831,249.2686,12.1592,235.3131,11.4785,223.9385,10.9236,201.5152,9.8298,84.9065,4.2357,18.6546,0.9306,17.3582,0.8659,16.6412,0.8302,15.7095,0.7837,14.9502,0.7458,13.4532,0.6711,0.0,0.0,0.0,0.0,0.0,0.0,0.0,0.0,0.0,0.0,0.0,0.0,0.0,0.0,0.0,0.0,0.0,0.0,0.0,0.0,0.0,0.0,0.0,0.0,0.0,0.0,0.0,0.0,0.0,0.0,0.0,0.0,0.0,0.0,0.0,0.684,0.7166
128,0.001,3,10,100,32,16,256,184,440338,73,30,ContrastiveLoss,gru,/home/dpetrovitch/dzagcoffee/train_trace/gender/checkpoints_2025-10-07 19:53:20.141369_ContrastiveLoss_gru_catboost/model_128_0.001_3_10_100_256_32_16_256_ContrastiveLoss_gruepoch=28.ckpt,28,30,0.45034662,56.1488,1.676,0.0005,4.6205,1.2542,12.8455,0.6376,1260.7118,61.4792,279.7184,13.6406,260.5982,12.7082,249.719,12.1777,235.4621,11.4824,224.0363,10.9252,202.1526,9.8581,86.2325,4.3011,19.1327,0.9543,17.8249,0.8891,17.0807,0.852,16.1056,0.8033,15.3241,0.7643,13.8272,0.6897,0.0,0.0,0.0,0.0,0.0,0.0,0.0,0.0,0.0,0.0,0.0,0.0,0.0,0.0,0.0,0.0,0.0,0.0,0.0,0.0,0.0,0.0,0.0,0.0,0.0,0.0,0.0,0.0,0.0,0.0,0.0,0.0,0.0,0.0,0.0,0.688,0.723
128,0.001,3,10,100,32,16,256,184,440338,73,30,ContrastiveLoss,gru,/home/dpetrovitch/dzagcoffee/train_trace/gender/checkpoints_2025-10-07 19:53:20.141369_ContrastiveLoss_gru_catboost/model_128_0.001_3_10_100_256_32_16_256_ContrastiveLoss_gruepoch=29.ckpt,29,30,0.45102623,56.9677,1.6753,0.0005,4.6163,1.2655,12.9083,0.6273,1269.7616,61.8937,280.0965,13.6531,260.658,12.7056,249.7327,12.1731,235.3126,11.4702,224.1508,10.9261,202.2898,9.8605,85.5793,4.2859,18.8779,0.9454,17.5678,0.8798,16.8315,0.8429,15.8596,0.7943,15.1073,0.7566,13.6339,0.6828,0.0,0.0,0.0,0.0,0.0,0.0,0.0,0.0,0.0,0.0,0.0,0.0,0.0,0.0,0.0,0.0,0.0,0.0,0.0,0.0,0.0,0.0,0.0,0.0,0.0,0.0,0.0,0.0,0.0,0.0,0.0,0.0,0.0,0.0,0.0,0.68,0.7207
128,0.001,3,10,100,32,16,512,184,440338,73,30,ContrastiveLoss,gru,/home/dpetrovitch/dzagcoffee/train_trace/gender/checkpoints_2025-10-07 19:53:20.141369_ContrastiveLoss_gru_catboost/model_128_0.001_3_10_100_512_32_16_512_ContrastiveLoss_gruepoch=00.ckpt,0,30,0.34909824,46.5643,1.0,1e-04,5.5958,1.3315,5.6363,0.5694,790.544,39.8004,219.9243,11.0722,193.7269,9.7533,179.2952,9.0267,160.6714,8.0891,145.8757,7.3442,102.0463,5.1376,37.2466,2.5533,10.3618,0.7103,9.1275,0.6257,8.4475,0.5791,7.5701,0.5189,6.873,0.4711,4.8079,0.3296,0.0,0.0,0.0,0.0,0.0,0.0,0.0,0.0,0.0,0.0,0.0,0.0,0.0,0.0,0.0,0.0,0.0,0.0,0.0,0.0,0.0,0.0,0.0,0.0,0.0,0.0,0.0,0.0,0.0,0.0,0.0,0.0,0.0,0.0,0.0,0.588,0.5865
128,0.001,3,10,100,32,16,512,184,440338,73,30,ContrastiveLoss,gru,/home/dpetrovitch/dzagcoffee/train_trace/gender/checkpoints_2025-10-07 19:53:20.141369_ContrastiveLoss_gru_catboost/model_128_0.001_3_10_100_512_32_16_512_ContrastiveLoss_gruepoch=01.ckpt,1,30,0.3828468,46.3345,1.0,1e-04,5.2508,1.344,7.8478,0.5652,931.9717,46.5203,232.7835,11.6196,208.0413,10.3846,194.6396,9.7156,176.8688,8.8286,162.4714,8.1099,131.6753,6.5727,48.2292,3.1187,12.0465,0.779,10.7661,0.6962,10.0725,0.6513,9.1529,0.5919,8.4078,0.5437,6.8142,0.4406,0.0,0.0,0.0,0.0,0.0,0.0,0.0,0.0,0.0,0.0,0.0,0.0,0.0,0.0,0.0,0.0,0.0,0.0,0.0,0.0,0.0,0.0,0.0,0.0,0.0,0.0,0.0,0.0,0.0,0.0,0.0,0.0,0.0,0.0,0.0,0.596,0.5934
128,0.001,3,10,100,32,16,512,184,440338,73,30,ContrastiveLoss,gru,/home/dpetrovitch/dzagcoffee/train_trace/gender/checkpoints_2025-10-07 19:53:20.141369_ContrastiveLoss_gru_catboost/model_128_0.001_3_10_100_512_32_16_512_ContrastiveLoss_gruepoch=02.ckpt,2,30,0.38706425,50.774,1.0,1e-04,5.0852,1.3477,8.7418,0.5659,940.347,46.9826,240.148,11.9985,216.2503,10.8045,203.1088,10.1479,185.5659,9.2714,170.4989,8.5186,140.5507,7.0223,46.4321,3.0289,11.8579,0.7735,10.6779,0.6966,10.029,0.6542,9.1628,0.5977,8.4188,0.5492,6.9401,0.4527,0.0,0.0,0.0,0.0,0.0,0.0,0.0,0.0,0.0,0.0,0.0,0.0,0.0,0.0,0.0,0.0,0.0,0.0,0.0,0.0,0.0,0.0,0.0,0.0,0.0,0.0,0.0,0.0,0.0,0.0,0.0,0.0,0.0,0.0,0.0,0.672,0.6781
128,0.001,3,10,100,32,16,512,184,440338,73,30,ContrastiveLoss,gru,/home/dpetrovitch/dzagcoffee/train_trace/gender/checkpoints_2025-10-07 19:53:20.141369_ContrastiveLoss_gru_catboost/model_128_0.001_3_10_100_512_32_16_512_ContrastiveLoss_gruepoch=03.ckpt,3,30,0.40155563,57.8553,1.0,1e-04,4.9537,1.3904,8.0304,0.5284,1037.0255,51.1326,245.6608,12.1128,223.1578,11.0032,210.5117,10.3797,193.7994,9.5557,178.8256,8.8174,151.2714,7.4587,57.9719,3.4538,13.733,0.8182,12.475,0.7432,11.768,0.7011,10.8338,0.6455,9.9967,0.5956,8.4564,0.5038,0.0,0.0,0.0,0.0,0.0,0.0,0.0,0.0,0.0,0.0,0.0,0.0,0.0,0.0,0.0,0.0,0.0,0.0,0.0,0.0,0.0,0.0,0.0,0.0,0.0,0.0,0.0,0.0,0.0,0.0,0.0,0.0,0.0,0.0,0.0,0.648,0.655
128,0.001,3,10,100,32,16,512,184,440338,73,30,ContrastiveLoss,gru,/home/dpetrovitch/dzagcoffee/train_trace/gender/checkpoints_2025-10-07 19:53:20.141369_ContrastiveLoss_gru_catboost/model_128_0.001_3_10_100_512_32_16_512_ContrastiveLoss_gruepoch=04.ckpt,4,30,0.41388258,60.6964,1.0,1e-04,4.9227,1.3375,10.1767,0.5703,1093.272,53.9755,253.4442,12.5127,231.1454,11.4118,218.83,10.8038,202.1056,9.9781,187.7811,9.2709,161.2343,7.9602,60.3331,3.59,13.9865,0.8322,12.756,0.759,12.0763,0.7186,11.1534,0.6637,10.3629,0.6166,8.8978,0.5295,0.0,0.0,0.0,0.0,0.0,0.0,0.0,0.0,0.0,0.0,0.0,0.0,0.0,0.0,0.0,0.0,0.0,0.0,0.0,0.0,0.0,0.0,0.0,0.0,0.0,0.0,0.0,0.0,0.0,0.0,0.0,0.0,0.0,0.0,0.0,0.656,0.6905
128,0.001,3,10,100,32,16,512,184,440338,73,30,ContrastiveLoss,gru,/home/dpetrovitch/dzagcoffee/train_trace/gender/checkpoints_2025-10-07 19:53:20.141369_ContrastiveLoss_gru_catboost/model_128_0.001_3_10_100_512_32_16_512_ContrastiveLoss_gruepoch=05.ckpt,5,30,0.42562422,60.0294,1.0,1e-04,4.922,1.276,9.1863,0.6198,1117.5105,55.0152,256.5412,12.6295,235.4679,11.5921,223.7156,11.0135,207.0723,10.1942,192.4809,9.4759,163.0138,8.0252,63.0986,3.6257,14.4852,0.8323,13.2953,0.764,12.6318,0.7258,11.692,0.6718,10.8681,0.6245,9.2043,0.5289,0.0,0.0,0.0,0.0,0.0,0.0,0.0,0.0,0.0,0.0,0.0,0.0,0.0,0.0,0.0,0.0,0.0,0.0,0.0,0.0,0.0,0.0,0.0,0.0,0.0,0.0,0.0,0.0,0.0,0.0,0.0,0.0,0.0,0.0,0.0,0.688,0.6894
128,0.001,3,10,100,32,16,512,184,440338,73,30,ContrastiveLoss,gru,/home/dpetrovitch/dzagcoffee/train_trace/gender/checkpoints_2025-10-07 19:53:20.141369_ContrastiveLoss_gru_catboost/model_128_0.001_3_10_100_512_32_16_512_ContrastiveLoss_gruepoch=06.ckpt,6,30,0.42538717,63.1158,1.0,1e-04,4.8935,1.2881,10.2286,0.6078,1127.2885,55.1745,260.3394,12.7422,239.1001,11.7026,227.214,11.1209,210.8196,10.3184,197.3895,9.6611,169.008,8.272,66.5691,3.7296,15.3737,0.8613,14.1194,0.7911,13.4175,0.7517,12.4494,0.6975,11.6563,0.6531,9.9803,0.5592,0.0,0.0,0.0,0.0,0.0,0.0,0.0,0.0,0.0,0.0,0.0,0.0,0.0,0.0,0.0,0.0,0.0,0.0,0.0,0.0,0.0,0.0,0.0,0.0,0.0,0.0,0.0,0.0,0.0,0.0,0.0,0.0,0.0,0.0,0.0,0.684,0.6869
128,0.001,3,10,100,32,16,512,184,440338,73,30,ContrastiveLoss,gru,/home/dpetrovitch/dzagcoffee/train_trace/gender/checkpoints_2025-10-07 19:53:20.141369_ContrastiveLoss_gru_catboost/model_128_0.001_3_10_100_512_32_16_512_ContrastiveLoss_gruepoch=07.ckpt,7,30,0.43469882,65.1001,1.0,1e-04,4.9141,1.2784,11.0393,0.6209,1160.0841,57.0754,263.8689,12.9822,243.0231,11.9566,231.5686,11.393,215.1512,10.5853,201.3325,9.9054,173.315,8.527,75.2016,4.0531,17.1051,0.9219,15.7538,0.8491,15.0113,0.809,13.947,0.7517,13.0512,0.7034,11.235,0.6055,0.0,0.0,0.0,0.0,0.0,0.0,0.0,0.0,0.0,0.0,0.0,0.0,0.0,0.0,0.0,0.0,0.0,0.0,0.0,0.0,0.0,0.0,0.0,0.0,0.0,0.0,0.0,0.0,0.0,0.0,0.0,0.0,0.0,0.0,0.0,0.672,0.7024
128,0.001,3,10,100,32,16,512,184,440338,73,30,ContrastiveLoss,gru,/home/dpetrovitch/dzagcoffee/train_trace/gender/checkpoints_2025-10-07 19:53:20.141369_ContrastiveLoss_gru_catboost/model_128_0.001_3_10_100_512_32_16_512_ContrastiveLoss_gruepoch=08.ckpt,8,30,0.42823693,66.3891,1.0,1e-04,4.8853,1.2729,10.3802,0.6227,1202.316,58.8451,266.1707,13.0272,246.0185,12.0409,234.5203,11.4782,218.7193,10.7048,204.8856,10.0277,177.0934,8.6675,76.4384,4.0396,16.9221,0.8943,15.6409,0.8266,14.9098,0.788,13.9053,0.7349,13.0258,0.6884,11.2589,0.595,0.0,0.0,0.0,0.0,0.0,0.0,0.0,0.0,0.0,0.0,0.0,0.0,0.0,0.0,0.0,0.0,0.0,0.0,0.0,0.0,0.0,0.0,0.0,0.0,0.0,0.0,0.0,0.0,0.0,0.0,0.0,0.0,0.0,0.0,0.0,0.68,0.7072
128,0.001,3,10,100,32,16,512,184,440338,73,30,ContrastiveLoss,gru,/home/dpetrovitch/dzagcoffee/train_trace/gender/checkpoints_2025-10-07 19:53:20.141369_ContrastiveLoss_gru_catboost/model_128_0.001_3_10_100_512_32_16_512_ContrastiveLoss_gruepoch=09.ckpt,9,30,0.4421629,68.6012,1.0,1e-04,4.9026,1.2706,11.6377,0.6258,1225.2457,60.0202,269.036,13.1791,248.725,12.1841,237.2596,11.6225,221.4103,10.8461,207.1907,10.1495,179.3125,8.7838,76.996,4.1751,16.9066,0.9168,15.6302,0.8476,14.9097,0.8085,13.9137,0.7545,13.0201,0.706,11.2682,0.611,0.0,0.0,0.0,0.0,0.0,0.0,0.0,0.0,0.0,0.0,0.0,0.0,0.0,0.0,0.0,0.0,0.0,0.0,0.0,0.0,0.0,0.0,0.0,0.0,0.0,0.0,0.0,0.0,0.0,0.0,0.0,0.0,0.0,0.0,0.0,0.7,0.7115
128,0.001,3,10,100,32,16,512,184,440338,73,30,ContrastiveLoss,gru,/home/dpetrovitch/dzagcoffee/train_trace/gender/checkpoints_2025-10-07 19:53:20.141369_ContrastiveLoss_gru_catboost/model_128_0.001_3_10_100_512_32_16_512_ContrastiveLoss_gruepoch=10.ckpt,10,30,0.44394478,71.8433,1.0,1e-04,4.8443,1.3034,11.7477,0.5954,1280.93,62.6229,270.5154,13.2251,250.8114,12.2618,239.6416,11.7158,224.0035,10.9512,210.5328,10.2927,183.4474,8.9685,83.2578,4.5287,17.5829,0.9564,16.3022,0.8867,15.5762,0.8473,14.5598,0.792,13.6842,0.7443,11.9237,0.6486,0.0,0.0,0.0,0.0,0.0,0.0,0.0,0.0,0.0,0.0,0.0,0.0,0.0,0.0,0.0,0.0,0.0,0.0,0.0,0.0,0.0,0.0,0.0,0.0,0.0,0.0,0.0,0.0,0.0,0.0,0.0,0.0,0.0,0.0,0.0,0.66,0.7332
128,0.001,3,10,100,32,16,512,184,440338,73,30,ContrastiveLoss,gru,/home/dpetrovitch/dzagcoffee/train_trace/gender/checkpoints_2025-10-07 19:53:20.141369_ContrastiveLoss_gru_catboost/model_128_0.001_3_10_100_512_32_16_512_ContrastiveLoss_gruepoch=11.ckpt,11,30,0.4446672,70.22,1.0,1e-04,4.8615,1.2745,11.3154,0.6214,1297.3392,63.3883,272.2434,13.3019,252.6239,12.3433,241.2978,11.7899,225.6854,11.027,211.8254,10.3498,184.5877,9.019,82.8215,4.3936,17.3799,0.922,16.1274,0.8555,15.4043,0.8172,14.4076,0.7643,13.5228,0.7174,11.784,0.6251,0.0,0.0,0.0,0.0,0.0,0.0,0.0,0.0,0.0,0.0,0.0,0.0,0.0,0.0,0.0,0.0,0.0,0.0,0.0,0.0,0.0,0.0,0.0,0.0,0.0,0.0,0.0,0.0,0.0,0.0,0.0,0.0,0.0,0.0,0.0,0.652,0.7083
128,0.001,3,10,100,32,16,512,184,440338,73,30,ContrastiveLoss,gru,/home/dpetrovitch/dzagcoffee/train_trace/gender/checkpoints_2025-10-07 19:53:20.141369_ContrastiveLoss_gru_catboost/model_128_0.001_3_10_100_512_32_16_512_ContrastiveLoss_gruepoch=12.ckpt,12,30,0.44588932,71.1811,1.0,1e-04,4.8531,1.2798,11.284,0.615,1289.8159,62.9372,272.2964,13.2868,252.7716,12.3341,241.7563,11.7966,226.5295,11.0536,213.8563,10.4352,186.3165,9.0914,84.0793,4.3894,17.7502,0.9267,16.4774,0.8602,15.7594,0.8227,14.7668,0.7709,13.9407,0.7278,12.1454,0.6341,0.0,0.0,0.0,0.0,0.0,0.0,0.0,0.0,0.0,0.0,0.0,0.0,0.0,0.0,0.0,0.0,0.0,0.0,0.0,0.0,0.0,0.0,0.0,0.0,0.0,0.0,0.0,0.0,0.0,0.0,0.0,0.0,0.0,0.0,0.0,0.676,0.7163
128,0.001,3,10,100,32,16,512,184,440338,73,30,ContrastiveLoss,gru,/home/dpetrovitch/dzagcoffee/train_trace/gender/checkpoints_2025-10-07 19:53:20.141369_ContrastiveLoss_gru_catboost/model_128_0.001_3_10_100_512_32_16_512_ContrastiveLoss_gruepoch=13.ckpt,13,30,0.44028977,73.8395,1.0,1e-04,4.8327,1.3036,10.9926,0.5933,1333.7699,65.0856,272.6604,13.3053,253.3891,12.3649,242.4292,11.8301,227.2233,11.0881,214.7709,10.4804,188.8327,9.2147,87.0892,4.5604,17.8035,0.9323,16.5452,0.8664,15.8295,0.8289,14.8367,0.7769,14.0236,0.7343,12.3299,0.6457,0.0,0.0,0.0,0.0,0.0,0.0,0.0,0.0,0.0,0.0,0.0,0.0,0.0,0.0,0.0,0.0,0.0,0.0,0.0,0.0,0.0,0.0,0.0,0.0,0.0,0.0,0.0,0.0,0.0,0.0,0.0,0.0,0.0,0.0,0.0,0.672,0.707
128,0.001,3,10,100,32,16,512,184,440338,73,30,ContrastiveLoss,gru,/home/dpetrovitch/dzagcoffee/train_trace/gender/checkpoints_2025-10-07 19:53:20.141369_ContrastiveLoss_gru_catboost/model_128_0.001_3_10_100_512_32_16_512_ContrastiveLoss_gruepoch=14.ckpt,14,30,0.44638905,73.6404,1.0,1e-04,4.8605,1.2857,11.3991,0.6109,1341.5712,65.6336,275.0293,13.4552,255.3845,12.4942,244.2807,11.9509,229.1569,11.211,216.7494,10.604,189.7796,9.2846,87.295,4.5917,17.8959,0.9413,16.6177,0.8741,15.8952,0.8361,14.9111,0.7843,14.1037,0.7419,12.3488,0.6495,0.0,0.0,0.0,0.0,0.0,0.0,0.0,0.0,0.0,0.0,0.0,0.0,0.0,0.0,0.0,0.0,0.0,0.0,0.0,0.0,0.0,0.0,0.0,0.0,0.0,0.0,0.0,0.0,0.0,0.0,0.0,0.0,0.0,0.0,0.0,0.692,0.73
128,0.001,3,10,100,32,16,512,184,440338,73,30,ContrastiveLoss,gru,/home/dpetrovitch/dzagcoffee/train_trace/gender/checkpoints_2025-10-07 19:53:20.141369_ContrastiveLoss_gru_catboost/model_128_0.001_3_10_100_512_32_16_512_ContrastiveLoss_gruepoch=15.ckpt,15,30,0.44745982,74.5363,1.0,1e-04,4.8487,1.2903,11.6786,0.6063,1352.3783,66.0761,274.7431,13.4237,255.5153,12.4843,244.6423,11.953,229.7513,11.2255,217.1708,10.6108,191.3462,9.349,87.822,4.6523,17.8415,0.9451,16.5929,0.879,15.8868,0.8416,14.9198,0.7904,14.1028,0.7471,12.4258,0.6583,0.0,0.0,0.0,0.0,0.0,0.0,0.0,0.0,0.0,0.0,0.0,0.0,0.0,0.0,0.0,0.0,0.0,0.0,0.0,0.0,0.0,0.0,0.0,0.0,0.0,0.0,0.0,0.0,0.0,0.0,0.0,0.0,0.0,0.0,0.0,0.64,0.7085
128,0.001,3,10,100,32,16,512,184,440338,73,30,ContrastiveLoss,gru,/home/dpetrovitch/dzagcoffee/train_trace/gender/checkpoints_2025-10-07 19:53:20.141369_ContrastiveLoss_gru_catboost/model_128_0.001_3_10_100_512_32_16_512_ContrastiveLoss_gruepoch=16.ckpt,16,30,0.44659173,74.973,1.0,1e-04,4.8485,1.286,11.4853,0.6088,1360.4238,66.3492,275.3908,13.4311,256.041,12.4874,245.2874,11.9629,230.2756,11.2308,218.0971,10.6368,190.4157,9.2868,82.1973,4.4371,16.6392,0.8982,15.4701,0.8351,14.8204,0.8,13.9133,0.7511,13.1775,0.7113,11.505,0.6211,0.0,0.0,0.0,0.0,0.0,0.0,0.0,0.0,0.0,0.0,0.0,0.0,0.0,0.0,0.0,0.0,0.0,0.0,0.0,0.0,0.0,0.0,0.0,0.0,0.0,0.0,0.0,0.0,0.0,0.0,0.0,0.0,0.0,0.0,0.0,0.672,0.7347
128,0.001,3,10,100,32,16,512,184,440338,73,30,ContrastiveLoss,gru,/home/dpetrovitch/dzagcoffee/train_trace/gender/checkpoints_2025-10-07 19:53:20.141369_ContrastiveLoss_gru_catboost/model_128_0.001_3_10_100_512_32_16_512_ContrastiveLoss_gruepoch=17.ckpt,17,30,0.44719425,75.3659,1.0,0.0002,4.8436,1.2865,10.7066,0.6082,1377.2214,67.2322,274.3075,13.3909,255.439,12.4698,244.7479,11.9479,229.8819,11.2222,217.4668,10.6161,190.5393,9.3016,89.542,4.659,17.8345,0.928,16.6077,0.8641,15.9126,0.828,14.9461,0.7777,14.1389,0.7357,12.3882,0.6446,0.0,0.0,0.0,0.0,0.0,0.0,0.0,0.0,0.0,0.0,0.0,0.0,0.0,0.0,0.0,0.0,0.0,0.0,0.0,0.0,0.0,0.0,0.0,0.0,0.0,0.0,0.0,0.0,0.0,0.0,0.0,0.0,0.0,0.0,0.0,0.688,0.7374
128,0.001,3,10,100,32,16,512,184,440338,73,30,ContrastiveLoss,gru,/home/dpetrovitch/dzagcoffee/train_trace/gender/checkpoints_2025-10-07 19:53:20.141369_ContrastiveLoss_gru_catboost/model_128_0.001_3_10_100_512_32_16_512_ContrastiveLoss_gruepoch=18.ckpt,18,30,0.44599783,75.2196,1.0,1e-04,4.8613,1.2708,12.0847,0.6232,1374.5837,67.1074,276.3699,13.4924,257.1759,12.5554,246.5603,12.0371,231.8369,11.3183,219.4058,10.7114,193.3984,9.4417,88.6685,4.6022,17.8274,0.9253,16.5893,0.861,15.9045,0.8255,14.9548,0.7762,14.1529,0.7346,12.4753,0.6475,0.0,0.0,0.0,0.0,0.0,0.0,0.0,0.0,0.0,0.0,0.0,0.0,0.0,0.0,0.0,0.0,0.0,0.0,0.0,0.0,0.0,0.0,0.0,0.0,0.0,0.0,0.0,0.0,0.0,0.0,0.0,0.0,0.0,0.0,0.0,0.676,0.7176
128,0.001,3,10,100,32,16,512,184,440338,73,30,ContrastiveLoss,gru,/home/dpetrovitch/dzagcoffee/train_trace/gender/checkpoints_2025-10-07 19:53:20.141369_ContrastiveLoss_gru_catboost/model_128_0.001_3_10_100_512_32_16_512_ContrastiveLoss_gruepoch=19.ckpt,19,30,0.44459864,78.0459,1.0,1e-04,4.8542,1.2985,11.9739,0.5983,1396.135,68.2612,276.0043,13.4947,257.2696,12.5787,246.6075,12.0574,232.014,11.3439,219.7143,10.7425,193.1802,9.4452,87.4529,4.5657,17.2887,0.9026,16.1152,0.8413,15.4473,0.8065,14.5332,0.7587,13.7628,0.7185,12.1007,0.6317,0.0,0.0,0.0,0.0,0.0,0.0,0.0,0.0,0.0,0.0,0.0,0.0,0.0,0.0,0.0,0.0,0.0,0.0,0.0,0.0,0.0,0.0,0.0,0.0,0.0,0.0,0.0,0.0,0.0,0.0,0.0,0.0,0.0,0.0,0.0,0.652,0.7181
128,0.001,3,10,100,32,16,512,184,440338,73,30,ContrastiveLoss,gru,/home/dpetrovitch/dzagcoffee/train_trace/gender/checkpoints_2025-10-07 19:53:20.141369_ContrastiveLoss_gru_catboost/model_128_0.001_3_10_100_512_32_16_512_ContrastiveLoss_gruepoch=20.ckpt,20,30,0.4502124,76.2672,1.0,0.0002,4.8429,1.2738,12.2325,0.6212,1397.9877,68.2942,277.6921,13.5658,258.4635,12.6264,247.7568,12.1034,233.0287,11.3839,220.3248,10.7633,193.1024,9.4334,87.1264,4.6326,17.3065,0.9202,16.1081,0.8565,15.4409,0.821,14.523,0.7722,13.7312,0.7301,12.0347,0.6399,0.0,0.0,0.0,0.0,0.0,0.0,0.0,0.0,0.0,0.0,0.0,0.0,0.0,0.0,0.0,0.0,0.0,0.0,0.0,0.0,0.0,0.0,0.0,0.0,0.0,0.0,0.0,0.0,0.0,0.0,0.0,0.0,0.0,0.0,0.0,0.68,0.7181
128,0.001,3,10,100,32,16,512,184,440338,73,30,ContrastiveLoss,gru,/home/dpetrovitch/dzagcoffee/train_trace/gender/checkpoints_2025-10-07 19:53:20.141369_ContrastiveLoss_gru_catboost/model_128_0.001_3_10_100_512_32_16_512_ContrastiveLoss_gruepoch=21.ckpt,21,30,0.45253113,77.1648,1.0,0.0002,4.8307,1.279,11.5265,0.6154,1411.4142,68.8821,277.6915,13.5523,258.7623,12.6285,248.1167,12.109,233.5714,11.3991,221.3695,10.8036,194.9404,9.5138,89.6114,4.678,17.6308,0.9204,16.429,0.8576,15.7531,0.8224,14.8296,0.7742,14.0549,0.7337,12.3769,0.6461,0.0,0.0,0.0,0.0,0.0,0.0,0.0,0.0,0.0,0.0,0.0,0.0,0.0,0.0,0.0,0.0,0.0,0.0,0.0,0.0,0.0,0.0,0.0,0.0,0.0,0.0,0.0,0.0,0.0,0.0,0.0,0.0,0.0,0.0,0.0,0.644,0.7217
128,0.001,3,10,100,32,16,512,184,440338,73,30,ContrastiveLoss,gru,/home/dpetrovitch/dzagcoffee/train_trace/gender/checkpoints_2025-10-07 19:53:20.141369_ContrastiveLoss_gru_catboost/model_128_0.001_3_10_100_512_32_16_512_ContrastiveLoss_gruepoch=22.ckpt,22,30,0.4508121,76.6562,1.0,1e-04,4.8367,1.2701,12.0723,0.6242,1409.7979,68.8172,278.0628,13.5732,259.2427,12.6546,248.5305,12.1317,234.0236,11.4235,221.2399,10.7995,194.3813,9.4884,88.0134,4.5657,17.3594,0.9005,16.1845,0.8396,15.5157,0.8049,14.61,0.7579,13.812,0.7165,12.1352,0.6295,0.0,0.0,0.0,0.0,0.0,0.0,0.0,0.0,0.0,0.0,0.0,0.0,0.0,0.0,0.0,0.0,0.0,0.0,0.0,0.0,0.0,0.0,0.0,0.0,0.0,0.0,0.0,0.0,0.0,0.0,0.0,0.0,0.0,0.0,0.0,0.66,0.7187
128,0.001,3,10,100,32,16,512,184,440338,73,30,ContrastiveLoss,gru,/home/dpetrovitch/dzagcoffee/train_trace/gender/checkpoints_2025-10-07 19:53:20.141369_ContrastiveLoss_gru_catboost/model_128_0.001_3_10_100_512_32_16_512_ContrastiveLoss_gruepoch=23.ckpt,23,30,0.45276234,78.346,1.0,0.0002,4.8216,1.2865,11.4476,0.6083,1438.8568,70.2215,277.7314,13.5543,258.9093,12.6357,248.3963,12.1227,234.2823,11.4338,222.0578,10.8372,195.756,9.5536,92.5556,4.732,17.8653,0.9134,16.6545,0.8515,15.9783,0.8169,15.0704,0.7705,14.284,0.7303,12.5922,0.6438,0.0,0.0,0.0,0.0,0.0,0.0,0.0,0.0,0.0,0.0,0.0,0.0,0.0,0.0,0.0,0.0,0.0,0.0,0.0,0.0,0.0,0.0,0.0,0.0,0.0,0.0,0.0,0.0,0.0,0.0,0.0,0.0,0.0,0.0,0.0,0.66,0.7057
128,0.001,3,10,100,32,16,512,184,440338,73,30,ContrastiveLoss,gru,/home/dpetrovitch/dzagcoffee/train_trace/gender/checkpoints_2025-10-07 19:53:20.141369_ContrastiveLoss_gru_catboost/model_128_0.001_3_10_100_512_32_16_512_ContrastiveLoss_gruepoch=24.ckpt,24,30,0.45055795,79.1968,1.0,0.0002,4.8106,1.296,11.8419,0.5996,1445.4661,70.4987,278.0125,13.5593,259.5564,12.6592,249.1865,12.1534,234.9576,11.4594,223.177,10.8849,196.8925,9.6029,98.0073,4.9136,18.8501,0.9451,17.5988,0.8823,16.8957,0.8471,15.9309,0.7987,15.1321,0.7587,13.3499,0.6693,0.0,0.0,0.0,0.0,0.0,0.0,0.0,0.0,0.0,0.0,0.0,0.0,0.0,0.0,0.0,0.0,0.0,0.0,0.0,0.0,0.0,0.0,0.0,0.0,0.0,0.0,0.0,0.0,0.0,0.0,0.0,0.0,0.0,0.0,0.0,0.656,0.7076
128,0.001,3,10,100,32,16,512,184,440338,73,30,ContrastiveLoss,gru,/home/dpetrovitch/dzagcoffee/train_trace/gender/checkpoints_2025-10-07 19:53:20.141369_ContrastiveLoss_gru_catboost/model_128_0.001_3_10_100_512_32_16_512_ContrastiveLoss_gruepoch=25.ckpt,25,30,0.4507664,77.6085,1.0,0.0002,4.8201,1.2713,12.9164,0.6225,1428.4224,69.682,279.2034,13.6202,260.609,12.7132,250.2397,12.2073,235.927,11.5091,223.5253,10.9041,196.4878,9.5852,90.8356,4.6561,17.755,0.9101,16.5725,0.8495,15.9131,0.8157,15.003,0.769,14.2143,0.7286,12.495,0.6405,0.0,0.0,0.0,0.0,0.0,0.0,0.0,0.0,0.0,0.0,0.0,0.0,0.0,0.0,0.0,0.0,0.0,0.0,0.0,0.0,0.0,0.0,0.0,0.0,0.0,0.0,0.0,0.0,0.0,0.0,0.0,0.0,0.0,0.0,0.0,0.688,0.7084
128,0.001,3,10,100,32,16,512,184,440338,73,30,ContrastiveLoss,gru,/home/dpetrovitch/dzagcoffee/train_trace/gender/checkpoints_2025-10-07 19:53:20.141369_ContrastiveLoss_gru_catboost/model_128_0.001_3_10_100_512_32_16_512_ContrastiveLoss_gruepoch=26.ckpt,26,30,0.452751,76.4551,1.0,1e-04,4.8435,1.2565,12.0282,0.6374,1420.2288,69.2699,279.4663,13.6306,260.8269,12.7215,250.306,12.2084,235.7361,11.4977,222.8589,10.8697,195.3361,9.5273,87.791,4.5574,17.2751,0.8968,16.1229,0.837,15.4726,0.8032,14.572,0.7565,13.776,0.7151,12.0746,0.6268,0.0,0.0,0.0,0.0,0.0,0.0,0.0,0.0,0.0,0.0,0.0,0.0,0.0,0.0,0.0,0.0,0.0,0.0,0.0,0.0,0.0,0.0,0.0,0.0,0.0,0.0,0.0,0.0,0.0,0.0,0.0,0.0,0.0,0.0,0.0,0.656,0.7327
128,0.001,3,10,100,32,16,512,184,440338,73,30,ContrastiveLoss,gru,/home/dpetrovitch/dzagcoffee/train_trace/gender/checkpoints_2025-10-07 19:53:20.141369_ContrastiveLoss_gru_catboost/model_128_0.001_3_10_100_512_32_16_512_ContrastiveLoss_gruepoch=27.ckpt,27,30,0.45217702,76.9096,1.0,1e-04,4.8394,1.2571,12.4229,0.6366,1410.2085,68.7944,279.7389,13.6465,261.012,12.733,250.4583,12.2181,235.9458,11.5102,223.1909,10.888,195.9013,9.5567,87.0453,4.4647,17.2669,0.8857,16.111,0.8264,15.4596,0.793,14.5638,0.747,13.7765,0.7066,12.092,0.6202,0.0,0.0,0.0,0.0,0.0,0.0,0.0,0.0,0.0,0.0,0.0,0.0,0.0,0.0,0.0,0.0,0.0,0.0,0.0,0.0,0.0,0.0,0.0,0.0,0.0,0.0,0.0,0.0,0.0,0.0,0.0,0.0,0.0,0.0,0.0,0.648,0.7222
128,0.001,3,10,100,32,16,512,184,440338,73,30,ContrastiveLoss,gru,/home/dpetrovitch/dzagcoffee/train_trace/gender/checkpoints_2025-10-07 19:53:20.141369_ContrastiveLoss_gru_catboost/model_128_0.001_3_10_100_512_32_16_512_ContrastiveLoss_gruepoch=28.ckpt,28,30,0.45273665,79.7497,1.0,0.0002,4.8217,1.2874,12.5462,0.6078,1448.7866,70.6837,279.4969,13.6362,260.4581,12.7073,249.8172,12.1881,235.1247,11.4713,222.4867,10.8547,196.3638,9.5802,92.2537,4.7436,17.7974,0.9151,16.5851,0.8528,15.9075,0.818,14.9719,0.7698,14.1672,0.7285,12.5038,0.6429,0.0,0.0,0.0,0.0,0.0,0.0,0.0,0.0,0.0,0.0,0.0,0.0,0.0,0.0,0.0,0.0,0.0,0.0,0.0,0.0,0.0,0.0,0.0,0.0,0.0,0.0,0.0,0.0,0.0,0.0,0.0,0.0,0.0,0.0,0.0,0.676,0.7085
128,0.001,3,10,100,32,16,512,184,440338,73,30,ContrastiveLoss,gru,/home/dpetrovitch/dzagcoffee/train_trace/gender/checkpoints_2025-10-07 19:53:20.141369_ContrastiveLoss_gru_catboost/model_128_0.001_3_10_100_512_32_16_512_ContrastiveLoss_gruepoch=29.ckpt,29,30,0.45198,78.7657,1.0,0.0002,4.8159,1.2733,12.2137,0.6197,1449.3295,70.6201,279.807,13.6339,261.3756,12.7358,250.9526,12.2279,236.5748,11.5274,224.0993,10.9195,197.8688,9.6414,95.6708,4.8613,18.4702,0.9385,17.2535,0.8767,16.5655,0.8417,15.6164,0.7935,14.7929,0.7517,13.0614,0.6637,0.0,0.0,0.0,0.0,0.0,0.0,0.0,0.0,0.0,0.0,0.0,0.0,0.0,0.0,0.0,0.0,0.0,0.0,0.0,0.0,0.0,0.0,0.0,0.0,0.0,0.0,0.0,0.0,0.0,0.0,0.0,0.0,0.0,0.0,0.0,0.704,0.7169
128,0.001,3,10,100,32,16,1024,184,440338,73,30,ContrastiveLoss,gru,/home/dpetrovitch/dzagcoffee/train_trace/gender/checkpoints_2025-10-07 19:53:20.141369_ContrastiveLoss_gru_catboost/model_128_0.001_3_10_100_1024_32_16_1024_ContrastiveLoss_gruepoch=00.ckpt,0,30,0.34804747,54.3766,1.0,0.0002,5.0073,1.5207,6.6817,0.4964,859.2474,45.0931,234.846,12.3246,206.2364,10.8232,189.9729,9.9697,167.6213,8.7967,149.8877,7.8661,60.4804,3.174,34.566,2.3684,9.4474,0.6473,8.2965,0.5685,7.6423,0.5236,6.7431,0.462,6.0297,0.4131,2.433,0.1667,0.0,0.0,0.0,0.0,0.0,0.0,0.0,0.0,0.0,0.0,0.0,0.0,0.0,0.0,0.0,0.0,0.0,0.0,0.0,0.0,0.0,0.0,0.0,0.0,0.0,0.0,0.0,0.0,0.0,0.0,0.0,0.0,0.0,0.0,0.0,0.576,0.558
128,0.001,3,10,100,32,16,1024,184,440338,73,30,ContrastiveLoss,gru,/home/dpetrovitch/dzagcoffee/train_trace/gender/checkpoints_2025-10-07 19:53:20.141369_ContrastiveLoss_gru_catboost/model_128_0.001_3_10_100_1024_32_16_1024_ContrastiveLoss_gruepoch=01.ckpt,1,30,0.37768698,57.7152,1.0,0.0003,4.5773,1.525,8.4534,0.4774,1048.1737,53.6851,241.4697,12.3675,213.7316,10.9469,198.6323,10.1735,178.2486,9.1295,160.665,8.2289,77.843,3.9869,50.2021,3.2513,11.5651,0.749,10.2366,0.663,9.5135,0.6161,8.5372,0.5529,7.695,0.4984,3.7283,0.2415,0.0,0.0,0.0,0.0,0.0,0.0,0.0,0.0,0.0,0.0,0.0,0.0,0.0,0.0,0.0,0.0,0.0,0.0,0.0,0.0,0.0,0.0,0.0,0.0,0.0,0.0,0.0,0.0,0.0,0.0,0.0,0.0,0.0,0.0,0.0,0.62,0.6262
128,0.001,3,10,100,32,16,1024,184,440338,73,30,ContrastiveLoss,gru,/home/dpetrovitch/dzagcoffee/train_trace/gender/checkpoints_2025-10-07 19:53:20.141369_ContrastiveLoss_gru_catboost/model_128_0.001_3_10_100_1024_32_16_1024_ContrastiveLoss_gruepoch=02.ckpt,2,30,0.39665854,58.8368,1.0,0.0003,4.4288,1.3893,8.6373,0.5522,1047.211,53.261,245.7506,12.4988,220.4148,11.2103,206.2566,10.4902,187.1506,9.5184,170.2634,8.6596,81.8461,4.1627,49.1872,3.1329,11.5428,0.7352,10.3528,0.6594,9.6878,0.6171,8.7904,0.5599,7.9972,0.5094,3.8443,0.2449,0.0,0.0,0.0,0.0,0.0,0.0,0.0,0.0,0.0,0.0,0.0,0.0,0.0,0.0,0.0,0.0,0.0,0.0,0.0,0.0,0.0,0.0,0.0,0.0,0.0,0.0,0.0,0.0,0.0,0.0,0.0,0.0,0.0,0.0,0.0,0.616,0.6119
128,0.001,3,10,100,32,16,1024,184,440338,73,30,ContrastiveLoss,gru,/home/dpetrovitch/dzagcoffee/train_trace/gender/checkpoints_2025-10-07 19:53:20.141369_ContrastiveLoss_gru_catboost/model_128_0.001_3_10_100_1024_32_16_1024_ContrastiveLoss_gruepoch=03.ckpt,3,30,0.41248345,63.5946,1.0,0.0004,4.2934,1.3551,8.9429,0.5695,1156.359,58.1134,251.7247,12.6505,228.0075,11.4586,215.1784,10.8139,197.912,9.9462,182.4826,9.1708,94.7543,4.7619,56.7498,3.5332,12.3537,0.7691,11.1898,0.6967,10.5602,0.6575,9.7128,0.6047,8.9556,0.5576,4.6502,0.2895,0.0,0.0,0.0,0.0,0.0,0.0,0.0,0.0,0.0,0.0,0.0,0.0,0.0,0.0,0.0,0.0,0.0,0.0,0.0,0.0,0.0,0.0,0.0,0.0,0.0,0.0,0.0,0.0,0.0,0.0,0.0,0.0,0.0,0.0,0.0,0.648,0.6537
128,0.001,3,10,100,32,16,1024,184,440338,73,30,ContrastiveLoss,gru,/home/dpetrovitch/dzagcoffee/train_trace/gender/checkpoints_2025-10-07 19:53:20.141369_ContrastiveLoss_gru_catboost/model_128_0.001_3_10_100_1024_32_16_1024_ContrastiveLoss_gruepoch=04.ckpt,4,30,0.41873118,67.7326,1.0,0.0004,4.2484,1.3363,10.225,0.583,1173.4841,58.9237,256.3982,12.8744,233.4556,11.7224,220.5803,11.0759,202.933,10.1898,187.2693,9.4033,100.0794,5.0253,54.9492,3.3798,12.006,0.7385,10.9317,0.6724,10.3288,0.6353,9.5025,0.5845,8.769,0.5394,4.6863,0.2882,0.0,0.0,0.0,0.0,0.0,0.0,0.0,0.0,0.0,0.0,0.0,0.0,0.0,0.0,0.0,0.0,0.0,0.0,0.0,0.0,0.0,0.0,0.0,0.0,0.0,0.0,0.0,0.0,0.0,0.0,0.0,0.0,0.0,0.0,0.0,0.652,0.6653
128,0.001,3,10,100,32,16,1024,184,440338,73,30,ContrastiveLoss,gru,/home/dpetrovitch/dzagcoffee/train_trace/gender/checkpoints_2025-10-07 19:53:20.141369_ContrastiveLoss_gru_catboost/model_128_0.001_3_10_100_1024_32_16_1024_ContrastiveLoss_gruepoch=05.ckpt,5,30,0.4224147,72.4411,1.0,0.0004,4.2022,1.3313,8.9822,0.584,1289.7255,64.2102,263.6401,13.1256,240.9311,11.995,228.2201,11.3622,211.1609,10.5128,195.7235,9.7443,112.3284,5.5924,68.6211,3.9871,14.0272,0.815,12.819,0.7448,12.1427,0.7055,11.235,0.6528,10.4137,0.6051,5.9765,0.3473,0.0,0.0,0.0,0.0,0.0,0.0,0.0,0.0,0.0,0.0,0.0,0.0,0.0,0.0,0.0,0.0,0.0,0.0,0.0,0.0,0.0,0.0,0.0,0.0,0.0,0.0,0.0,0.0,0.0,0.0,0.0,0.0,0.0,0.0,0.0,0.64,0.6766
128,0.001,3,10,100,32,16,1024,184,440338,73,30,ContrastiveLoss,gru,/home/dpetrovitch/dzagcoffee/train_trace/gender/checkpoints_2025-10-07 19:53:20.141369_ContrastiveLoss_gru_catboost/model_128_0.001_3_10_100_1024_32_16_1024_ContrastiveLoss_gruepoch=06.ckpt,6,30,0.42381105,71.953,1.0,0.0004,4.2223,1.2884,9.8041,0.619,1275.5209,63.2509,265.4291,13.1622,243.1363,12.0567,230.5763,11.4339,214.0443,10.6141,198.8684,9.8616,111.8295,5.5454,66.0868,3.7957,13.7523,0.7899,12.5973,0.7235,11.9465,0.6861,11.09,0.6369,10.3037,0.5918,5.7941,0.3328,0.0,0.0,0.0,0.0,0.0,0.0,0.0,0.0,0.0,0.0,0.0,0.0,0.0,0.0,0.0,0.0,0.0,0.0,0.0,0.0,0.0,0.0,0.0,0.0,0.0,0.0,0.0,0.0,0.0,0.0,0.0,0.0,0.0,0.0,0.0,0.672,0.6905
128,0.001,3,10,100,32,16,1024,184,440338,73,30,ContrastiveLoss,gru,/home/dpetrovitch/dzagcoffee/train_trace/gender/checkpoints_2025-10-07 19:53:20.141369_ContrastiveLoss_gru_catboost/model_128_0.001_3_10_100_1024_32_16_1024_ContrastiveLoss_gruepoch=07.ckpt,7,30,0.43121517,74.2422,1.0,0.0004,4.2077,1.2766,9.5029,0.6273,1309.2712,64.724,269.0498,13.3005,247.2903,12.2248,235.173,11.6258,218.3851,10.7959,203.8571,10.0777,117.2116,5.7944,74.7039,4.0196,15.3513,0.826,14.1098,0.7592,13.4184,0.722,12.4605,0.6705,11.6316,0.6259,6.6878,0.3599,0.0,0.0,0.0,0.0,0.0,0.0,0.0,0.0,0.0,0.0,0.0,0.0,0.0,0.0,0.0,0.0,0.0,0.0,0.0,0.0,0.0,0.0,0.0,0.0,0.0,0.0,0.0,0.0,0.0,0.0,0.0,0.0,0.0,0.0,0.0,0.684,0.6893
128,0.001,3,10,100,32,16,1024,184,440338,73,30,ContrastiveLoss,gru,/home/dpetrovitch/dzagcoffee/train_trace/gender/checkpoints_2025-10-07 19:53:20.141369_ContrastiveLoss_gru_catboost/model_128_0.001_3_10_100_1024_32_16_1024_ContrastiveLoss_gruepoch=08.ckpt,8,30,0.42817697,80.817,1.0,0.0005,4.1272,1.3263,11.2189,0.5804,1396.2314,68.4822,271.9561,13.3389,250.824,12.3024,239.0256,11.7237,223.08,10.9416,209.4905,10.2751,153.5432,7.531,77.9794,4.1742,15.1887,0.813,14.0085,0.7499,13.3496,0.7146,12.459,0.6669,11.7,0.6263,8.5754,0.459,0.0,0.0,0.0,0.0,0.0,0.0,0.0,0.0,0.0,0.0,0.0,0.0,0.0,0.0,0.0,0.0,0.0,0.0,0.0,0.0,0.0,0.0,0.0,0.0,0.0,0.0,0.0,0.0,0.0,0.0,0.0,0.0,0.0,0.0,0.0,0.66,0.6809
128,0.001,3,10,100,32,16,1024,184,440338,73,30,ContrastiveLoss,gru,/home/dpetrovitch/dzagcoffee/train_trace/gender/checkpoints_2025-10-07 19:53:20.141369_ContrastiveLoss_gru_catboost/model_128_0.001_3_10_100_1024_32_16_1024_ContrastiveLoss_gruepoch=09.ckpt,9,30,0.43535554,85.1557,1.0,0.0005,4.1208,1.3377,10.6395,0.5736,1462.8313,72.2263,274.3481,13.5458,253.6196,12.5223,242.0573,11.9514,226.2153,11.1692,212.5521,10.4946,133.0816,6.5708,81.4098,4.4236,15.2681,0.8296,14.1145,0.767,13.471,0.732,12.5894,0.6841,11.829,0.6428,7.4063,0.4024,0.0,0.0,0.0,0.0,0.0,0.0,0.0,0.0,0.0,0.0,0.0,0.0,0.0,0.0,0.0,0.0,0.0,0.0,0.0,0.0,0.0,0.0,0.0,0.0,0.0,0.0,0.0,0.0,0.0,0.0,0.0,0.0,0.0,0.0,0.0,0.656,0.7026
128,0.001,3,10,100,32,16,1024,184,440338,73,30,ContrastiveLoss,gru,/home/dpetrovitch/dzagcoffee/train_trace/gender/checkpoints_2025-10-07 19:53:20.141369_ContrastiveLoss_gru_catboost/model_128_0.001_3_10_100_1024_32_16_1024_ContrastiveLoss_gruepoch=10.ckpt,10,30,0.4417546,79.3014,1.0,0.0005,4.1419,1.2714,10.7261,0.6287,1392.7218,68.4602,275.4064,13.5378,255.088,12.539,243.6889,11.9787,228.1159,11.2132,213.9022,10.5145,131.0833,6.4435,78.9921,4.1209,15.6204,0.8149,14.468,0.7548,13.8215,0.7211,12.9382,0.675,12.1321,0.6329,7.4348,0.3879,0.0,0.0,0.0,0.0,0.0,0.0,0.0,0.0,0.0,0.0,0.0,0.0,0.0,0.0,0.0,0.0,0.0,0.0,0.0,0.0,0.0,0.0,0.0,0.0,0.0,0.0,0.0,0.0,0.0,0.0,0.0,0.0,0.0,0.0,0.0,0.708,0.7234
128,0.001,3,10,100,32,16,1024,184,440338,73,30,ContrastiveLoss,gru,/home/dpetrovitch/dzagcoffee/train_trace/gender/checkpoints_2025-10-07 19:53:20.141369_ContrastiveLoss_gru_catboost/model_128_0.001_3_10_100_1024_32_16_1024_ContrastiveLoss_gruepoch=11.ckpt,11,30,0.44329655,85.7012,1.0,0.0006,4.0797,1.3223,10.8465,0.5836,1485.012,73.0799,276.8758,13.6255,256.9358,12.6442,245.8619,12.0993,231.1827,11.3769,218.1014,10.7331,141.0273,6.9402,89.8887,4.5498,16.7595,0.8483,15.5525,0.7872,14.8822,0.7533,13.9936,0.7083,13.2018,0.6682,8.5365,0.4321,0.0,0.0,0.0,0.0,0.0,0.0,0.0,0.0,0.0,0.0,0.0,0.0,0.0,0.0,0.0,0.0,0.0,0.0,0.0,0.0,0.0,0.0,0.0,0.0,0.0,0.0,0.0,0.0,0.0,0.0,0.0,0.0,0.0,0.0,0.0,0.68,0.733
128,0.001,3,10,100,32,16,1024,184,440338,73,30,ContrastiveLoss,gru,/home/dpetrovitch/dzagcoffee/train_trace/gender/checkpoints_2025-10-07 19:53:20.141369_ContrastiveLoss_gru_catboost/model_128_0.001_3_10_100_1024_32_16_1024_ContrastiveLoss_gruepoch=12.ckpt,12,30,0.43656918,83.0565,1.0,0.0005,4.1195,1.2803,10.806,0.6189,1454.9921,71.2845,278.018,13.621,257.9666,12.6386,246.8282,12.0929,231.8749,11.3603,218.7159,10.7156,139.8393,6.8512,87.6565,4.518,16.7493,0.8633,15.5413,0.801,14.8702,0.7664,13.9694,0.72,13.1766,0.6792,8.4247,0.4342,0.0,0.0,0.0,0.0,0.0,0.0,0.0,0.0,0.0,0.0,0.0,0.0,0.0,0.0,0.0,0.0,0.0,0.0,0.0,0.0,0.0,0.0,0.0,0.0,0.0,0.0,0.0,0.0,0.0,0.0,0.0,0.0,0.0,0.0,0.0,0.68,0.693
128,0.001,3,10,100,32,16,1024,184,440338,73,30,ContrastiveLoss,gru,/home/dpetrovitch/dzagcoffee/train_trace/gender/checkpoints_2025-10-07 19:53:20.141369_ContrastiveLoss_gru_catboost/model_128_0.001_3_10_100_1024_32_16_1024_ContrastiveLoss_gruepoch=13.ckpt,13,30,0.4401927,85.4264,1.0,0.0005,4.1167,1.2962,10.8042,0.6061,1480.307,72.6911,278.4939,13.6756,258.2533,12.6816,247.2154,12.1396,232.4061,11.4124,218.9216,10.7502,141.3568,6.9414,86.6215,4.4647,16.2963,0.8399,15.1119,0.7789,14.466,0.7456,13.5994,0.7009,12.8104,0.6603,8.2716,0.4263,0.0,0.0,0.0,0.0,0.0,0.0,0.0,0.0,0.0,0.0,0.0,0.0,0.0,0.0,0.0,0.0,0.0,0.0,0.0,0.0,0.0,0.0,0.0,0.0,0.0,0.0,0.0,0.0,0.0,0.0,0.0,0.0,0.0,0.0,0.0,0.688,0.7077
128,0.001,3,10,100,32,16,1024,184,440338,73,30,ContrastiveLoss,gru,/home/dpetrovitch/dzagcoffee/train_trace/gender/checkpoints_2025-10-07 19:53:20.141369_ContrastiveLoss_gru_catboost/model_128_0.001_3_10_100_1024_32_16_1024_ContrastiveLoss_gruepoch=14.ckpt,14,30,0.44793382,86.407,1.0,0.0005,4.1044,1.2945,10.5226,0.6065,1482.8762,72.6754,279.6267,13.7044,259.5407,12.72,248.2936,12.1688,233.2599,11.432,219.4839,10.7569,142.6041,6.989,93.7014,4.7056,17.6693,0.8873,16.4001,0.8236,15.6894,0.7879,14.7394,0.7402,13.869,0.6965,9.011,0.4525,0.0,0.0,0.0,0.0,0.0,0.0,0.0,0.0,0.0,0.0,0.0,0.0,0.0,0.0,0.0,0.0,0.0,0.0,0.0,0.0,0.0,0.0,0.0,0.0,0.0,0.0,0.0,0.0,0.0,0.0,0.0,0.0,0.0,0.0,0.0,0.664,0.7069
128,0.001,3,10,100,32,16,1024,184,440338,73,30,ContrastiveLoss,gru,/home/dpetrovitch/dzagcoffee/train_trace/gender/checkpoints_2025-10-07 19:53:20.141369_ContrastiveLoss_gru_catboost/model_128_0.001_3_10_100_1024_32_16_1024_ContrastiveLoss_gruepoch=15.ckpt,15,30,0.44659176,86.1146,1.0,0.0005,4.0977,1.2884,10.6551,0.6095,1474.7887,72.0565,278.6453,13.6143,258.8249,12.6459,247.8594,12.1101,233.0567,11.3869,219.9868,10.7483,157.8051,7.7102,94.908,4.7891,17.9318,0.9049,16.6563,0.8405,15.9507,0.8049,14.998,0.7568,14.157,0.7144,10.1553,0.5124,0.0,0.0,0.0,0.0,0.0,0.0,0.0,0.0,0.0,0.0,0.0,0.0,0.0,0.0,0.0,0.0,0.0,0.0,0.0,0.0,0.0,0.0,0.0,0.0,0.0,0.0,0.0,0.0,0.0,0.0,0.0,0.0,0.0,0.0,0.0,0.668,0.6783
128,0.001,3,10,100,32,16,1024,184,440338,73,30,ContrastiveLoss,gru,/home/dpetrovitch/dzagcoffee/train_trace/gender/checkpoints_2025-10-07 19:53:20.141369_ContrastiveLoss_gru_catboost/model_128_0.001_3_10_100_1024_32_16_1024_ContrastiveLoss_gruepoch=16.ckpt,16,30,0.44649753,89.0179,1.0,0.0006,4.0927,1.297,11.5509,0.602,1522.653,74.4119,280.9137,13.7282,261.4718,12.7781,250.638,12.2487,236.0608,11.5363,223.0364,10.8998,150.2842,7.3444,92.4988,4.7388,17.0651,0.8743,15.884,0.8138,15.2259,0.78,14.3403,0.7347,13.5491,0.6941,9.1295,0.4677,0.0,0.0,0.0,0.0,0.0,0.0,0.0,0.0,0.0,0.0,0.0,0.0,0.0,0.0,0.0,0.0,0.0,0.0,0.0,0.0,0.0,0.0,0.0,0.0,0.0,0.0,0.0,0.0,0.0,0.0,0.0,0.0,0.0,0.0,0.0,0.676,0.7092
128,0.001,3,10,100,32,16,1024,184,440338,73,30,ContrastiveLoss,gru,/home/dpetrovitch/dzagcoffee/train_trace/gender/checkpoints_2025-10-07 19:53:20.141369_ContrastiveLoss_gru_catboost/model_128_0.001_3_10_100_1024_32_16_1024_ContrastiveLoss_gruepoch=17.ckpt,17,30,0.44650897,86.171,1.0,0.0005,4.1594,1.263,11.2529,0.6355,1465.8578,71.8396,282.714,13.8554,263.1033,12.8943,251.8951,12.345,236.789,11.6047,222.9154,10.9248,140.3977,6.8807,84.6217,4.3561,16.3206,0.8401,15.1885,0.7819,14.5415,0.7486,13.6695,0.7037,12.8686,0.6624,8.1049,0.4172,0.0,0.0,0.0,0.0,0.0,0.0,0.0,0.0,0.0,0.0,0.0,0.0,0.0,0.0,0.0,0.0,0.0,0.0,0.0,0.0,0.0,0.0,0.0,0.0,0.0,0.0,0.0,0.0,0.0,0.0,0.0,0.0,0.0,0.0,0.0,0.7,0.7251
128,0.001,3,10,100,32,16,1024,184,440338,73,30,ContrastiveLoss,gru,/home/dpetrovitch/dzagcoffee/train_trace/gender/checkpoints_2025-10-07 19:53:20.141369_ContrastiveLoss_gru_catboost/model_128_0.001_3_10_100_1024_32_16_1024_ContrastiveLoss_gruepoch=18.ckpt,18,30,0.44502127,89.0786,1.0,0.0005,4.1509,1.2805,11.0334,0.6207,1494.884,73.469,283.1396,13.9155,263.7045,12.9603,252.6734,12.4181,237.8742,11.6908,224.0679,11.0123,145.5627,7.154,90.527,4.5395,17.1463,0.8598,15.9694,0.8008,15.3014,0.7673,14.4051,0.7223,13.5691,0.6804,8.815,0.442,0.0,0.0,0.0,0.0,0.0,0.0,0.0,0.0,0.0,0.0,0.0,0.0,0.0,0.0,0.0,0.0,0.0,0.0,0.0,0.0,0.0,0.0,0.0,0.0,0.0,0.0,0.0,0.0,0.0,0.0,0.0,0.0,0.0,0.0,0.0,0.688,0.7373
128,0.001,3,10,100,32,16,1024,184,440338,73,30,ContrastiveLoss,gru,/home/dpetrovitch/dzagcoffee/train_trace/gender/checkpoints_2025-10-07 19:53:20.141369_ContrastiveLoss_gru_catboost/model_128_0.001_3_10_100_1024_32_16_1024_ContrastiveLoss_gruepoch=19.ckpt,19,30,0.4495871,89.6362,1.0,0.0005,4.1439,1.2753,11.6695,0.6241,1515.6979,74.3242,285.0132,13.976,265.6694,13.0274,254.8179,12.4953,240.1502,11.7761,226.6699,11.115,146.2886,7.1734,95.9161,4.7769,18.0362,0.8982,16.812,0.8373,16.1253,0.8031,15.1971,0.7569,14.3441,0.7144,9.2574,0.461,0.0,0.0,0.0,0.0,0.0,0.0,0.0,0.0,0.0,0.0,0.0,0.0,0.0,0.0,0.0,0.0,0.0,0.0,0.0,0.0,0.0,0.0,0.0,0.0,0.0,0.0,0.0,0.0,0.0,0.0,0.0,0.0,0.0,0.0,0.0,0.72,0.7362
128,0.001,3,10,100,32,16,1024,184,440338,73,30,ContrastiveLoss,gru,/home/dpetrovitch/dzagcoffee/train_trace/gender/checkpoints_2025-10-07 19:53:20.141369_ContrastiveLoss_gru_catboost/model_128_0.001_3_10_100_1024_32_16_1024_ContrastiveLoss_gruepoch=20.ckpt,20,30,0.4493216,91.0953,1.0,0.0006,4.108,1.289,11.6507,0.608,1541.0369,75.1951,284.3663,13.8757,265.2688,12.9438,254.4558,12.4162,240.1767,11.7195,227.1966,11.0861,160.9385,7.853,99.9388,4.9337,18.4416,0.9104,17.2031,0.8493,16.5019,0.8146,15.5758,0.7689,14.7341,0.7274,10.4371,0.5152,0.0,0.0,0.0,0.0,0.0,0.0,0.0,0.0,0.0,0.0,0.0,0.0,0.0,0.0,0.0,0.0,0.0,0.0,0.0,0.0,0.0,0.0,0.0,0.0,0.0,0.0,0.0,0.0,0.0,0.0,0.0,0.0,0.0,0.0,0.0,0.688,0.7203
128,0.001,3,10,100,32,16,1024,184,440338,73,30,ContrastiveLoss,gru,/home/dpetrovitch/dzagcoffee/train_trace/gender/checkpoints_2025-10-07 19:53:20.141369_ContrastiveLoss_gru_catboost/model_128_0.001_3_10_100_1024_32_16_1024_ContrastiveLoss_gruepoch=21.ckpt,21,30,0.45090345,88.4685,1.0,0.0005,4.1529,1.2566,11.9376,0.6406,1507.179,73.7678,285.2171,13.9597,266.166,13.0273,255.2769,12.4943,240.5551,11.7738,226.8114,11.1011,146.4605,7.1684,95.5592,4.7031,18.0835,0.89,16.8756,0.8306,16.1852,0.7966,15.2518,0.7506,14.3805,0.7077,9.286,0.457,0.0,0.0,0.0,0.0,0.0,0.0,0.0,0.0,0.0,0.0,0.0,0.0,0.0,0.0,0.0,0.0,0.0,0.0,0.0,0.0,0.0,0.0,0.0,0.0,0.0,0.0,0.0,0.0,0.0,0.0,0.0,0.0,0.0,0.0,0.0,0.692,0.7313
128,0.001,3,10,100,32,16,1024,184,440338,73,30,ContrastiveLoss,gru,/home/dpetrovitch/dzagcoffee/train_trace/gender/checkpoints_2025-10-07 19:53:20.141369_ContrastiveLoss_gru_catboost/model_128_0.001_3_10_100_1024_32_16_1024_ContrastiveLoss_gruepoch=22.ckpt,22,30,0.45238256,92.2085,1.0,0.0006,4.1193,1.2882,12.073,0.6106,1559.4246,76.316,286.5736,14.0245,267.7105,13.1014,256.9267,12.5736,242.5745,11.8712,229.5837,11.2355,153.9171,7.5325,103.6526,5.0275,19.0481,0.9239,17.7943,0.8631,17.0775,0.8283,16.1236,0.782,15.2601,0.7402,10.2306,0.4962,0.0,0.0,0.0,0.0,0.0,0.0,0.0,0.0,0.0,0.0,0.0,0.0,0.0,0.0,0.0,0.0,0.0,0.0,0.0,0.0,0.0,0.0,0.0,0.0,0.0,0.0,0.0,0.0,0.0,0.0,0.0,0.0,0.0,0.0,0.0,0.712,0.7464
128,0.001,3,10,100,32,16,1024,184,440338,73,30,ContrastiveLoss,gru,/home/dpetrovitch/dzagcoffee/train_trace/gender/checkpoints_2025-10-07 19:53:20.141369_ContrastiveLoss_gru_catboost/model_128_0.001_3_10_100_1024_32_16_1024_ContrastiveLoss_gruepoch=23.ckpt,23,30,0.44840208,91.3471,1.0,0.0005,4.1244,1.2775,11.802,0.6199,1543.1455,75.4105,286.6809,14.0095,267.8455,13.0891,257.1505,12.5665,243.0258,11.8762,229.7609,11.228,152.0906,7.4324,104.5057,5.0742,19.4147,0.9427,18.1392,0.8807,17.4149,0.8456,16.4583,0.7991,15.56,0.7555,10.3,0.5001,0.0,0.0,0.0,0.0,0.0,0.0,0.0,0.0,0.0,0.0,0.0,0.0,0.0,0.0,0.0,0.0,0.0,0.0,0.0,0.0,0.0,0.0,0.0,0.0,0.0,0.0,0.0,0.0,0.0,0.0,0.0,0.0,0.0,0.0,0.0,0.7,0.7382
128,0.001,3,10,100,32,16,1024,184,440338,73,30,ContrastiveLoss,gru,/home/dpetrovitch/dzagcoffee/train_trace/gender/checkpoints_2025-10-07 19:53:20.141369_ContrastiveLoss_gru_catboost/model_128_0.001_3_10_100_1024_32_16_1024_ContrastiveLoss_gruepoch=24.ckpt,24,30,0.45173153,90.7418,1.0,0.0006,4.1319,1.2718,11.634,0.6247,1540.4838,75.1888,286.3174,13.9747,267.3616,13.0495,256.5785,12.5232,242.3058,11.8266,228.718,11.1634,153.9573,7.5144,99.7664,4.8517,18.5428,0.9018,17.3151,0.8421,16.6168,0.8081,15.6925,0.7631,14.8125,0.7203,9.9707,0.4849,0.0,0.0,0.0,0.0,0.0,0.0,0.0,0.0,0.0,0.0,0.0,0.0,0.0,0.0,0.0,0.0,0.0,0.0,0.0,0.0,0.0,0.0,0.0,0.0,0.0,0.0,0.0,0.0,0.0,0.0,0.0,0.0,0.0,0.0,0.0,0.692,0.7362
128,0.001,3,10,100,32,16,1024,184,440338,73,30,ContrastiveLoss,gru,/home/dpetrovitch/dzagcoffee/train_trace/gender/checkpoints_2025-10-07 19:53:20.141369_ContrastiveLoss_gru_catboost/model_128_0.001_3_10_100_1024_32_16_1024_ContrastiveLoss_gruepoch=25.ckpt,25,30,0.45741677,92.5718,1.0,0.0006,4.1221,1.2848,11.8455,0.6136,1565.5713,76.6288,287.1506,14.0549,268.1146,13.1232,257.3965,12.5986,242.9232,11.8902,229.9405,11.2547,155.4064,7.6066,104.6409,4.9856,19.1928,0.9144,17.9205,0.8538,17.2041,0.8197,16.2367,0.7736,15.3689,0.7323,10.3872,0.4949,0.0,0.0,0.0,0.0,0.0,0.0,0.0,0.0,0.0,0.0,0.0,0.0,0.0,0.0,0.0,0.0,0.0,0.0,0.0,0.0,0.0,0.0,0.0,0.0,0.0,0.0,0.0,0.0,0.0,0.0,0.0,0.0,0.0,0.0,0.0,0.692,0.7298
128,0.001,3,10,100,32,16,1024,184,440338,73,30,ContrastiveLoss,gru,/home/dpetrovitch/dzagcoffee/train_trace/gender/checkpoints_2025-10-07 19:53:20.141369_ContrastiveLoss_gru_catboost/model_128_0.001_3_10_100_1024_32_16_1024_ContrastiveLoss_gruepoch=26.ckpt,26,30,0.45299366,93.1086,1.0,0.0006,4.1155,1.2864,11.8114,0.6117,1565.4796,76.597,287.64,14.0739,268.8115,13.1526,258.1251,12.6297,243.5616,11.9172,230.2544,11.2661,156.1454,7.64,105.3702,5.0617,19.3606,0.93,18.0933,0.8691,17.374,0.8346,16.3938,0.7875,15.4981,0.7445,10.5099,0.5049,0.0,0.0,0.0,0.0,0.0,0.0,0.0,0.0,0.0,0.0,0.0,0.0,0.0,0.0,0.0,0.0,0.0,0.0,0.0,0.0,0.0,0.0,0.0,0.0,0.0,0.0,0.0,0.0,0.0,0.0,0.0,0.0,0.0,0.0,0.0,0.692,0.7245
128,0.001,3,10,100,32,16,1024,184,440338,73,30,ContrastiveLoss,gru,/home/dpetrovitch/dzagcoffee/train_trace/gender/checkpoints_2025-10-07 19:53:20.141369_ContrastiveLoss_gru_catboost/model_128_0.001_3_10_100_1024_32_16_1024_ContrastiveLoss_gruepoch=27.ckpt,27,30,0.45795643,89.2502,1.0,0.0005,4.1609,1.2535,11.8271,0.6425,1514.9519,74.0287,285.8776,13.9695,266.8195,13.0382,256.0786,12.5134,241.6051,11.8061,227.8687,11.1349,149.5193,7.3063,94.2974,4.6814,17.7943,0.8834,16.608,0.8245,15.9395,0.7913,15.0386,0.7466,14.1836,0.7041,9.3067,0.462,0.0,0.0,0.0,0.0,0.0,0.0,0.0,0.0,0.0,0.0,0.0,0.0,0.0,0.0,0.0,0.0,0.0,0.0,0.0,0.0,0.0,0.0,0.0,0.0,0.0,0.0,0.0,0.0,0.0,0.0,0.0,0.0,0.0,0.0,0.0,0.712,0.7342
128,0.001,3,10,100,32,16,1024,184,440338,73,30,ContrastiveLoss,gru,/home/dpetrovitch/dzagcoffee/train_trace/gender/checkpoints_2025-10-07 19:53:20.141369_ContrastiveLoss_gru_catboost/model_128_0.001_3_10_100_1024_32_16_1024_ContrastiveLoss_gruepoch=28.ckpt,28,30,0.45582625,92.3466,1.0,0.0006,4.1173,1.2708,12.0011,0.6252,1565.4548,76.3786,288.2965,14.066,269.5,13.1489,258.6911,12.6215,244.4337,11.9259,230.6944,11.2556,156.234,7.6227,105.1261,5.0968,19.3602,0.9386,18.0979,0.8774,17.3721,0.8422,16.4146,0.7958,15.492,0.7511,10.4917,0.5087,0.0,0.0,0.0,0.0,0.0,0.0,0.0,0.0,0.0,0.0,0.0,0.0,0.0,0.0,0.0,0.0,0.0,0.0,0.0,0.0,0.0,0.0,0.0,0.0,0.0,0.0,0.0,0.0,0.0,0.0,0.0,0.0,0.0,0.0,0.0,0.724,0.7472
128,0.001,3,10,100,32,16,1024,184,440338,73,30,ContrastiveLoss,gru,/home/dpetrovitch/dzagcoffee/train_trace/gender/checkpoints_2025-10-07 19:53:20.141369_ContrastiveLoss_gru_catboost/model_128_0.001_3_10_100_1024_32_16_1024_ContrastiveLoss_gruepoch=29.ckpt,29,30,0.4542044,93.015,1.0,0.0006,4.1147,1.2808,11.5141,0.6149,1572.8552,76.7644,286.9581,14.0052,268.2971,13.0944,257.5519,12.57,243.3448,11.8766,230.0118,11.2259,157.4044,7.6822,104.129,5.0232,18.9977,0.9165,17.7623,0.8569,17.0509,0.8225,16.1104,0.7772,15.2277,0.7346,10.4208,0.5027,0.0,0.0,0.0,0.0,0.0,0.0,0.0,0.0,0.0,0.0,0.0,0.0,0.0,0.0,0.0,0.0,0.0,0.0,0.0,0.0,0.0,0.0,0.0,0.0,0.0,0.0,0.0,0.0,0.0,0.0,0.0,0.0,0.0,0.0,0.0,0.712,0.7447
128,0.001,3,10,100,32,16,2048,184,440338,73,30,ContrastiveLoss,gru,/home/dpetrovitch/dzagcoffee/train_trace/gender/checkpoints_2025-10-07 19:53:20.141369_ContrastiveLoss_gru_catboost/model_128_0.001_3_10_100_2048_32_16_2048_ContrastiveLoss_gruepoch=00.ckpt,0,30,0.34364152,52.1547,1.0,0.0002,4.9038,1.3848,5.8847,0.5814,942.6884,49.9505,230.0117,12.1877,200.88,10.6441,185.2537,9.8161,164.8122,8.733,148.0016,7.8422,79.3858,4.2064,38.6397,2.6766,9.4279,0.6531,8.2338,0.5704,7.5933,0.526,6.7555,0.468,6.0664,0.4202,3.2539,0.2254,0.0,0.0,0.0,0.0,0.0,0.0,0.0,0.0,0.0,0.0,0.0,0.0,0.0,0.0,0.0,0.0,0.0,0.0,0.0,0.0,0.0,0.0,0.0,0.0,0.0,0.0,0.0,0.0,0.0,0.0,0.0,0.0,0.0,0.0,0.0,0.608,0.6244
128,0.001,3,10,100,32,16,2048,184,440338,73,30,ContrastiveLoss,gru,/home/dpetrovitch/dzagcoffee/train_trace/gender/checkpoints_2025-10-07 19:53:20.141369_ContrastiveLoss_gru_catboost/model_128_0.001_3_10_100_2048_32_16_2048_ContrastiveLoss_gruepoch=01.ckpt,1,30,0.38102213,55.2137,1.0,0.0003,4.4692,1.3472,8.1582,0.6088,1007.4707,54.0727,242.1283,12.9955,214.0892,11.4905,198.8383,10.672,178.3812,9.574,161.0331,8.6429,60.0435,3.2226,46.5025,3.0358,11.1761,0.7296,9.8819,0.6451,9.1779,0.5992,8.2337,0.5375,7.4329,0.4852,2.7715,0.1809,0.0,0.0,0.0,0.0,0.0,0.0,0.0,0.0,0.0,0.0,0.0,0.0,0.0,0.0,0.0,0.0,0.0,0.0,0.0,0.0,0.0,0.0,0.0,0.0,0.0,0.0,0.0,0.0,0.0,0.0,0.0,0.0,0.0,0.0,0.0,0.636,0.6503
128,0.001,3,10,100,32,16,2048,184,440338,73,30,ContrastiveLoss,gru,/home/dpetrovitch/dzagcoffee/train_trace/gender/checkpoints_2025-10-07 19:53:20.141369_ContrastiveLoss_gru_catboost/model_128_0.001_3_10_100_2048_32_16_2048_ContrastiveLoss_gruepoch=02.ckpt,2,30,0.39313495,62.0062,1.0,0.0004,4.2273,1.371,8.4059,0.5763,1086.5281,56.7891,244.0136,12.7538,219.0325,11.4481,205.3152,10.7311,186.43,9.7441,169.4432,8.8562,71.1406,3.7183,62.4014,3.8007,14.0142,0.8536,12.5795,0.7662,11.7916,0.7182,10.707,0.6521,9.7315,0.5927,4.0857,0.2488,0.0,0.0,0.0,0.0,0.0,0.0,0.0,0.0,0.0,0.0,0.0,0.0,0.0,0.0,0.0,0.0,0.0,0.0,0.0,0.0,0.0,0.0,0.0,0.0,0.0,0.0,0.0,0.0,0.0,0.0,0.0,0.0,0.0,0.0,0.0,0.664,0.6566
128,0.001,3,10,100,32,16,2048,184,440338,73,30,ContrastiveLoss,gru,/home/dpetrovitch/dzagcoffee/train_trace/gender/checkpoints_2025-10-07 19:53:20.141369_ContrastiveLoss_gru_catboost/model_128_0.001_3_10_100_2048_32_16_2048_ContrastiveLoss_gruepoch=03.ckpt,3,30,0.4097079,76.2937,1.0,0.0006,4.0824,1.4846,8.7476,0.4987,1219.8408,63.2603,254.4803,13.1972,231.2276,11.9913,217.8901,11.2997,199.7636,10.3596,184.4224,9.5641,85.4054,4.4291,77.2262,4.3185,16.1107,0.9009,14.6386,0.8186,13.7943,0.7714,12.6467,0.7072,11.6755,0.6529,5.4069,0.3024,0.0,0.0,0.0,0.0,0.0,0.0,0.0,0.0,0.0,0.0,0.0,0.0,0.0,0.0,0.0,0.0,0.0,0.0,0.0,0.0,0.0,0.0,0.0,0.0,0.0,0.0,0.0,0.0,0.0,0.0,0.0,0.0,0.0,0.0,0.0,0.668,0.7026
128,0.001,3,10,100,32,16,2048,184,440338,73,30,ContrastiveLoss,gru,/home/dpetrovitch/dzagcoffee/train_trace/gender/checkpoints_2025-10-07 19:53:20.141369_ContrastiveLoss_gru_catboost/model_128_0.001_3_10_100_2048_32_16_2048_ContrastiveLoss_gruepoch=04.ckpt,4,30,0.42032734,79.8064,1.0,0.0006,4.0212,1.4048,9.3802,0.5408,1299.9075,65.8983,261.5761,13.2605,239.2248,12.1274,226.2237,11.4683,208.9986,10.5951,194.0187,9.8357,94.7638,4.804,74.0159,4.1859,14.894,0.8423,13.6213,0.7703,12.881,0.7285,11.9002,0.673,11.0473,0.6248,5.3958,0.3052,0.0,0.0,0.0,0.0,0.0,0.0,0.0,0.0,0.0,0.0,0.0,0.0,0.0,0.0,0.0,0.0,0.0,0.0,0.0,0.0,0.0,0.0,0.0,0.0,0.0,0.0,0.0,0.0,0.0,0.0,0.0,0.0,0.0,0.0,0.0,0.688,0.6939
128,0.001,3,10,100,32,16,2048,184,440338,73,30,ContrastiveLoss,gru,/home/dpetrovitch/dzagcoffee/train_trace/gender/checkpoints_2025-10-07 19:53:20.141369_ContrastiveLoss_gru_catboost/model_128_0.001_3_10_100_2048_32_16_2048_ContrastiveLoss_gruepoch=05.ckpt,5,30,0.42533866,80.2196,1.0,0.0006,4.0144,1.3339,9.7412,0.5848,1286.7911,63.9964,263.8029,13.1198,242.1337,12.0421,229.9931,11.4383,213.2545,10.6059,198.3111,9.8627,102.349,5.0902,80.5563,4.3476,16.5147,0.8913,15.1582,0.8181,14.3981,0.7771,13.3503,0.7205,12.4148,0.67,6.4073,0.3458,0.0,0.0,0.0,0.0,0.0,0.0,0.0,0.0,0.0,0.0,0.0,0.0,0.0,0.0,0.0,0.0,0.0,0.0,0.0,0.0,0.0,0.0,0.0,0.0,0.0,0.0,0.0,0.0,0.0,0.0,0.0,0.0,0.0,0.0,0.0,0.66,0.6783
128,0.001,3,10,100,32,16,2048,184,440338,73,30,ContrastiveLoss,gru,/home/dpetrovitch/dzagcoffee/train_trace/gender/checkpoints_2025-10-07 19:53:20.141369_ContrastiveLoss_gru_catboost/model_128_0.001_3_10_100_2048_32_16_2048_ContrastiveLoss_gruepoch=06.ckpt,6,30,0.43216035,80.9372,1.0,0.0006,4.0046,1.291,10.3429,0.6181,1314.4587,64.98,270.2483,13.3597,248.5353,12.2863,236.3261,11.6827,219.3654,10.8443,203.6836,10.0691,122.777,6.0695,77.3005,4.1871,15.8927,0.8608,14.6158,0.7917,13.8978,0.7528,12.9004,0.6988,11.9782,0.6488,7.2203,0.3911,0.0,0.0,0.0,0.0,0.0,0.0,0.0,0.0,0.0,0.0,0.0,0.0,0.0,0.0,0.0,0.0,0.0,0.0,0.0,0.0,0.0,0.0,0.0,0.0,0.0,0.0,0.0,0.0,0.0,0.0,0.0,0.0,0.0,0.0,0.0,0.68,0.7176
128,0.001,3,10,100,32,16,2048,184,440338,73,30,ContrastiveLoss,gru,/home/dpetrovitch/dzagcoffee/train_trace/gender/checkpoints_2025-10-07 19:53:20.141369_ContrastiveLoss_gru_catboost/model_128_0.001_3_10_100_2048_32_16_2048_ContrastiveLoss_gruepoch=07.ckpt,7,30,0.43948746,93.0186,1.0,0.0007,3.9227,1.3835,10.5765,0.5434,1453.1785,71.9141,272.2151,13.4712,251.2561,12.434,239.1961,11.8372,223.2901,11.0501,209.0289,10.3443,113.8741,5.6353,90.3355,4.8287,16.922,0.9045,15.6191,0.8349,14.8694,0.7948,13.8806,0.742,12.9941,0.6946,7.0789,0.3784,0.0,0.0,0.0,0.0,0.0,0.0,0.0,0.0,0.0,0.0,0.0,0.0,0.0,0.0,0.0,0.0,0.0,0.0,0.0,0.0,0.0,0.0,0.0,0.0,0.0,0.0,0.0,0.0,0.0,0.0,0.0,0.0,0.0,0.0,0.0,0.688,0.7134
128,0.001,3,10,100,32,16,2048,184,440338,73,30,ContrastiveLoss,gru,/home/dpetrovitch/dzagcoffee/train_trace/gender/checkpoints_2025-10-07 19:53:20.141369_ContrastiveLoss_gru_catboost/model_128_0.001_3_10_100_2048_32_16_2048_ContrastiveLoss_gruepoch=08.ckpt,8,30,0.44058385,86.6565,1.0,0.0006,4.0074,1.2843,12.0488,0.6302,1380.3176,69.2574,277.5385,13.9255,256.6388,12.8768,244.4813,12.2668,227.4446,11.412,212.3521,10.6548,109.9005,5.5143,81.314,4.3983,16.3497,0.8843,15.1185,0.8178,14.4023,0.779,13.3987,0.7247,12.5096,0.6766,6.4742,0.3502,0.0,0.0,0.0,0.0,0.0,0.0,0.0,0.0,0.0,0.0,0.0,0.0,0.0,0.0,0.0,0.0,0.0,0.0,0.0,0.0,0.0,0.0,0.0,0.0,0.0,0.0,0.0,0.0,0.0,0.0,0.0,0.0,0.0,0.0,0.0,0.692,0.7352
128,0.001,3,10,100,32,16,2048,184,440338,73,30,ContrastiveLoss,gru,/home/dpetrovitch/dzagcoffee/train_trace/gender/checkpoints_2025-10-07 19:53:20.141369_ContrastiveLoss_gru_catboost/model_128_0.001_3_10_100_2048_32_16_2048_ContrastiveLoss_gruepoch=09.ckpt,9,30,0.43928465,90.6932,1.0,0.0007,3.9609,1.2911,10.6104,0.6171,1408.9965,69.8347,278.4069,13.7988,257.6148,12.7683,245.7008,12.1778,229.8986,11.3946,216.2624,10.7187,113.3885,5.6199,79.745,4.3832,15.757,0.8661,14.5802,0.8014,13.9059,0.7643,13.0116,0.7152,12.2398,0.6728,6.4175,0.3527,0.0,0.0,0.0,0.0,0.0,0.0,0.0,0.0,0.0,0.0,0.0,0.0,0.0,0.0,0.0,0.0,0.0,0.0,0.0,0.0,0.0,0.0,0.0,0.0,0.0,0.0,0.0,0.0,0.0,0.0,0.0,0.0,0.0,0.0,0.0,0.7,0.7113
128,0.001,3,10,100,32,16,2048,184,440338,73,30,ContrastiveLoss,gru,/home/dpetrovitch/dzagcoffee/train_trace/gender/checkpoints_2025-10-07 19:53:20.141369_ContrastiveLoss_gru_catboost/model_128_0.001_3_10_100_2048_32_16_2048_ContrastiveLoss_gruepoch=10.ckpt,10,30,0.44995257,91.5608,1.0,0.0007,3.9392,1.2889,11.903,0.6198,1444.5321,71.7549,281.3229,13.9743,261.0857,12.969,249.5519,12.3961,233.8166,11.6145,220.0256,10.9294,117.3172,5.8276,93.5088,4.7764,18.2109,0.9302,16.9008,0.8633,16.1542,0.8252,15.1356,0.7731,14.2429,0.7275,7.5943,0.3879,0.0,0.0,0.0,0.0,0.0,0.0,0.0,0.0,0.0,0.0,0.0,0.0,0.0,0.0,0.0,0.0,0.0,0.0,0.0,0.0,0.0,0.0,0.0,0.0,0.0,0.0,0.0,0.0,0.0,0.0,0.0,0.0,0.0,0.0,0.0,0.664,0.7175
128,0.001,3,10,100,32,16,2048,184,440338,73,30,ContrastiveLoss,gru,/home/dpetrovitch/dzagcoffee/train_trace/gender/checkpoints_2025-10-07 19:53:20.141369_ContrastiveLoss_gru_catboost/model_128_0.001_3_10_100_2048_32_16_2048_ContrastiveLoss_gruepoch=11.ckpt,11,30,0.4441246,87.6354,1.0,0.0006,3.9893,1.2508,12.2863,0.6596,1390.8556,69.5381,282.3526,14.1167,261.9509,13.0967,250.4358,12.5209,234.7593,11.7372,220.9824,11.0484,113.2417,5.6617,82.5607,4.4541,16.7603,0.9042,15.5493,0.8389,14.8658,0.802,13.9352,0.7518,13.1174,0.7077,6.722,0.3626,0.0,0.0,0.0,0.0,0.0,0.0,0.0,0.0,0.0,0.0,0.0,0.0,0.0,0.0,0.0,0.0,0.0,0.0,0.0,0.0,0.0,0.0,0.0,0.0,0.0,0.0,0.0,0.0,0.0,0.0,0.0,0.0,0.0,0.0,0.0,0.704,0.7488
128,0.001,3,10,100,32,16,2048,184,440338,73,30,ContrastiveLoss,gru,/home/dpetrovitch/dzagcoffee/train_trace/gender/checkpoints_2025-10-07 19:53:20.141369_ContrastiveLoss_gru_catboost/model_128_0.001_3_10_100_2048_32_16_2048_ContrastiveLoss_gruepoch=12.ckpt,12,30,0.4427283,94.566,1.0,0.0007,3.9154,1.287,11.757,0.6173,1465.905,72.1947,282.2284,13.8995,261.9797,12.9023,250.6204,12.3429,235.0803,11.5775,222.0505,10.9358,118.2259,5.8225,93.1794,4.8399,17.9397,0.9318,16.6526,0.865,15.9306,0.8275,14.9427,0.7762,14.1145,0.7331,7.515,0.3903,0.0,0.0,0.0,0.0,0.0,0.0,0.0,0.0,0.0,0.0,0.0,0.0,0.0,0.0,0.0,0.0,0.0,0.0,0.0,0.0,0.0,0.0,0.0,0.0,0.0,0.0,0.0,0.0,0.0,0.0,0.0,0.0,0.0,0.0,0.0,0.672,0.7139
128,0.001,3,10,100,32,16,2048,184,440338,73,30,ContrastiveLoss,gru,/home/dpetrovitch/dzagcoffee/train_trace/gender/checkpoints_2025-10-07 19:53:20.141369_ContrastiveLoss_gru_catboost/model_128_0.001_3_10_100_2048_32_16_2048_ContrastiveLoss_gruepoch=13.ckpt,13,30,0.4475055,96.7883,1.0,0.0008,3.9134,1.2997,12.9766,0.6064,1486.8292,73.2004,282.6615,13.9161,262.9884,12.9476,251.8599,12.3997,236.8443,11.6604,223.9697,11.0266,120.8773,5.9511,89.1859,4.671,16.9552,0.888,15.7751,0.8262,15.1076,0.7912,14.2069,0.7441,13.4346,0.7036,7.2507,0.3797,0.0,0.0,0.0,0.0,0.0,0.0,0.0,0.0,0.0,0.0,0.0,0.0,0.0,0.0,0.0,0.0,0.0,0.0,0.0,0.0,0.0,0.0,0.0,0.0,0.0,0.0,0.0,0.0,0.0,0.0,0.0,0.0,0.0,0.0,0.0,0.672,0.7337
128,0.001,3,10,100,32,16,2048,184,440338,73,30,ContrastiveLoss,gru,/home/dpetrovitch/dzagcoffee/train_trace/gender/checkpoints_2025-10-07 19:53:20.141369_ContrastiveLoss_gru_catboost/model_128_0.001_3_10_100_2048_32_16_2048_ContrastiveLoss_gruepoch=14.ckpt,14,30,0.45063505,97.1069,1.0,0.0007,3.9193,1.2954,12.2656,0.6098,1495.4316,73.7003,283.9473,13.994,264.0982,13.0157,253.0079,12.4691,237.919,11.7255,225.1181,11.0946,122.0308,6.0141,95.9772,4.775,18.2238,0.9067,16.9499,0.8433,16.2381,0.8079,15.2697,0.7597,14.4481,0.7188,7.832,0.3897,0.0,0.0,0.0,0.0,0.0,0.0,0.0,0.0,0.0,0.0,0.0,0.0,0.0,0.0,0.0,0.0,0.0,0.0,0.0,0.0,0.0,0.0,0.0,0.0,0.0,0.0,0.0,0.0,0.0,0.0,0.0,0.0,0.0,0.0,0.0,0.688,0.737
128,0.001,3,10,100,32,16,2048,184,440338,73,30,ContrastiveLoss,gru,/home/dpetrovitch/dzagcoffee/train_trace/gender/checkpoints_2025-10-07 19:53:20.141369_ContrastiveLoss_gru_catboost/model_128_0.001_3_10_100_2048_32_16_2048_ContrastiveLoss_gruepoch=15.ckpt,15,30,0.4477739,95.4347,1.0,0.0007,3.9384,1.2808,11.4499,0.6232,1465.6719,72.2241,282.8883,13.9399,263.1367,12.9666,252.0478,12.4202,236.9559,11.6765,223.4086,11.0089,120.4137,5.9336,90.7458,4.7156,17.5148,0.9102,16.2919,0.8466,15.6053,0.8109,14.6709,0.7624,13.8322,0.7188,7.4553,0.3874,0.0,0.0,0.0,0.0,0.0,0.0,0.0,0.0,0.0,0.0,0.0,0.0,0.0,0.0,0.0,0.0,0.0,0.0,0.0,0.0,0.0,0.0,0.0,0.0,0.0,0.0,0.0,0.0,0.0,0.0,0.0,0.0,0.0,0.0,0.0,0.676,0.732
128,0.001,3,10,100,32,16,2048,184,440338,73,30,ContrastiveLoss,gru,/home/dpetrovitch/dzagcoffee/train_trace/gender/checkpoints_2025-10-07 19:53:20.141369_ContrastiveLoss_gru_catboost/model_128_0.001_3_10_100_2048_32_16_2048_ContrastiveLoss_gruepoch=16.ckpt,16,30,0.4514203,96.1172,1.0,0.0007,3.9312,1.2758,12.2247,0.6284,1473.4218,72.629,283.924,13.9954,264.1898,13.0226,252.6546,12.454,237.384,11.7013,223.7084,11.0272,120.2822,5.929,91.5444,4.7273,17.6403,0.9109,16.4142,0.8476,15.6975,0.8106,14.7488,0.7616,13.8991,0.7177,7.4732,0.3859,0.0,0.0,0.0,0.0,0.0,0.0,0.0,0.0,0.0,0.0,0.0,0.0,0.0,0.0,0.0,0.0,0.0,0.0,0.0,0.0,0.0,0.0,0.0,0.0,0.0,0.0,0.0,0.0,0.0,0.0,0.0,0.0,0.0,0.0,0.0,0.704,0.7543
128,0.001,3,10,100,32,16,2048,184,440338,73,30,ContrastiveLoss,gru,/home/dpetrovitch/dzagcoffee/train_trace/gender/checkpoints_2025-10-07 19:53:20.141369_ContrastiveLoss_gru_catboost/model_128_0.001_3_10_100_2048_32_16_2048_ContrastiveLoss_gruepoch=17.ckpt,17,30,0.45116046,98.7376,1.0,0.0008,3.9331,1.298,12.21,0.6081,1492.9039,73.5934,284.2004,14.0098,264.7239,13.0497,253.595,12.5011,238.6922,11.7665,225.5844,11.1203,123.4037,6.0832,95.3503,4.9085,18.1516,0.9344,16.9077,0.8704,16.1969,0.8338,15.245,0.7848,14.4079,0.7417,7.8817,0.4057,0.0,0.0,0.0,0.0,0.0,0.0,0.0,0.0,0.0,0.0,0.0,0.0,0.0,0.0,0.0,0.0,0.0,0.0,0.0,0.0,0.0,0.0,0.0,0.0,0.0,0.0,0.0,0.0,0.0,0.0,0.0,0.0,0.0,0.0,0.0,0.7,0.735
128,0.001,3,10,100,32,16,2048,184,440338,73,30,ContrastiveLoss,gru,/home/dpetrovitch/dzagcoffee/train_trace/gender/checkpoints_2025-10-07 19:53:20.141369_ContrastiveLoss_gru_catboost/model_128_0.001_3_10_100_2048_32_16_2048_ContrastiveLoss_gruepoch=18.ckpt,18,30,0.45438996,99.8626,1.0,0.0008,3.9133,1.2873,13.8055,0.6154,1496.8108,73.5112,286.03,14.0475,266.7521,13.1007,255.5936,12.5527,240.8884,11.8305,227.4282,11.1694,127.2919,6.2515,89.9977,4.6962,17.1979,0.8974,16.0388,0.8369,15.3679,0.8019,14.4837,0.7558,13.6744,0.7135,7.6536,0.3994,0.0,0.0,0.0,0.0,0.0,0.0,0.0,0.0,0.0,0.0,0.0,0.0,0.0,0.0,0.0,0.0,0.0,0.0,0.0,0.0,0.0,0.0,0.0,0.0,0.0,0.0,0.0,0.0,0.0,0.0,0.0,0.0,0.0,0.0,0.0,0.692,0.733
128,0.001,3,10,100,32,16,2048,184,440338,73,30,ContrastiveLoss,gru,/home/dpetrovitch/dzagcoffee/train_trace/gender/checkpoints_2025-10-07 19:53:20.141369_ContrastiveLoss_gru_catboost/model_128_0.001_3_10_100_2048_32_16_2048_ContrastiveLoss_gruepoch=19.ckpt,19,30,0.45389318,97.5388,1.0,0.0007,3.9408,1.2699,12.4411,0.6341,1471.649,72.5422,287.0457,14.1494,267.4106,13.1815,256.046,12.6213,240.6276,11.8613,226.789,11.1791,123.439,6.0847,91.3851,4.7017,17.8247,0.9171,16.6054,0.8543,15.8997,0.818,14.9423,0.7688,14.0829,0.7246,7.6652,0.3944,0.0,0.0,0.0,0.0,0.0,0.0,0.0,0.0,0.0,0.0,0.0,0.0,0.0,0.0,0.0,0.0,0.0,0.0,0.0,0.0,0.0,0.0,0.0,0.0,0.0,0.0,0.0,0.0,0.0,0.0,0.0,0.0,0.0,0.0,0.0,0.688,0.7245
128,0.001,3,10,100,32,16,2048,184,440338,73,30,ContrastiveLoss,gru,/home/dpetrovitch/dzagcoffee/train_trace/gender/checkpoints_2025-10-07 19:53:20.141369_ContrastiveLoss_gru_catboost/model_128_0.001_3_10_100_2048_32_16_2048_ContrastiveLoss_gruepoch=20.ckpt,20,30,0.45518097,98.4223,1.0,0.0007,3.9252,1.2679,12.1245,0.6326,1489.1909,73.0286,287.1684,14.0825,267.835,13.1344,256.6463,12.5857,241.7645,11.8559,228.4747,11.2042,127.7087,6.2627,89.7545,4.5543,17.3078,0.8782,16.1426,0.8191,15.4682,0.7849,14.5713,0.7394,13.7703,0.6987,7.6971,0.3906,0.0,0.0,0.0,0.0,0.0,0.0,0.0,0.0,0.0,0.0,0.0,0.0,0.0,0.0,0.0,0.0,0.0,0.0,0.0,0.0,0.0,0.0,0.0,0.0,0.0,0.0,0.0,0.0,0.0,0.0,0.0,0.0,0.0,0.0,0.0,0.688,0.752
128,0.001,3,10,100,32,16,2048,184,440338,73,30,ContrastiveLoss,gru,/home/dpetrovitch/dzagcoffee/train_trace/gender/checkpoints_2025-10-07 19:53:20.141369_ContrastiveLoss_gru_catboost/model_128_0.001_3_10_100_2048_32_16_2048_ContrastiveLoss_gruepoch=21.ckpt,21,30,0.45451275,99.8979,1.0,0.0008,3.9136,1.2812,12.8083,0.6226,1521.2128,74.9941,287.7168,14.1841,268.702,13.2467,257.6833,12.7035,243.0797,11.9836,229.8126,11.3295,127.7354,6.2972,97.685,4.9168,18.4758,0.9299,17.2548,0.8685,16.5472,0.8329,15.6094,0.7857,14.7575,0.7428,8.2026,0.4129,0.0,0.0,0.0,0.0,0.0,0.0,0.0,0.0,0.0,0.0,0.0,0.0,0.0,0.0,0.0,0.0,0.0,0.0,0.0,0.0,0.0,0.0,0.0,0.0,0.0,0.0,0.0,0.0,0.0,0.0,0.0,0.0,0.0,0.0,0.0,0.68,0.736
128,0.001,3,10,100,32,16,2048,184,440338,73,30,ContrastiveLoss,gru,/home/dpetrovitch/dzagcoffee/train_trace/gender/checkpoints_2025-10-07 19:53:20.141369_ContrastiveLoss_gru_catboost/model_128_0.001_3_10_100_2048_32_16_2048_ContrastiveLoss_gruepoch=22.ckpt,22,30,0.4547155,101.0502,1.0,0.0008,3.9069,1.2916,12.4963,0.6117,1536.5573,75.5569,287.3577,14.1302,268.0877,13.1826,257.1181,12.6432,242.3287,11.916,228.7925,11.2504,129.929,6.389,97.2034,4.9308,18.1784,0.9221,16.9594,0.8603,16.2654,0.8251,15.3298,0.7776,14.4735,0.7342,8.2194,0.4169,0.0,0.0,0.0,0.0,0.0,0.0,0.0,0.0,0.0,0.0,0.0,0.0,0.0,0.0,0.0,0.0,0.0,0.0,0.0,0.0,0.0,0.0,0.0,0.0,0.0,0.0,0.0,0.0,0.0,0.0,0.0,0.0,0.0,0.0,0.0,0.688,0.7356
128,0.001,3,10,100,32,16,2048,184,440338,73,30,ContrastiveLoss,gru,/home/dpetrovitch/dzagcoffee/train_trace/gender/checkpoints_2025-10-07 19:53:20.141369_ContrastiveLoss_gru_catboost/model_128_0.001_3_10_100_2048_32_16_2048_ContrastiveLoss_gruepoch=23.ckpt,23,30,0.45397022,101.433,1.0,0.0008,3.895,1.2844,13.2303,0.6172,1538.0535,75.4942,288.5213,14.1618,269.6768,13.2369,258.6317,12.6947,243.9589,11.9745,230.8192,11.3296,128.2975,6.2974,99.5563,4.9972,18.6756,0.9374,17.4559,0.8762,16.7409,0.8403,15.7912,0.7926,14.9406,0.7499,8.3045,0.4168,0.0,0.0,0.0,0.0,0.0,0.0,0.0,0.0,0.0,0.0,0.0,0.0,0.0,0.0,0.0,0.0,0.0,0.0,0.0,0.0,0.0,0.0,0.0,0.0,0.0,0.0,0.0,0.0,0.0,0.0,0.0,0.0,0.0,0.0,0.0,0.7,0.7294
128,0.001,3,10,100,32,16,2048,184,440338,73,30,ContrastiveLoss,gru,/home/dpetrovitch/dzagcoffee/train_trace/gender/checkpoints_2025-10-07 19:53:20.141369_ContrastiveLoss_gru_catboost/model_128_0.001_3_10_100_2048_32_16_2048_ContrastiveLoss_gruepoch=24.ckpt,24,30,0.45327342,99.3154,1.0,0.0008,3.9202,1.2688,12.8005,0.63,1508.4664,73.793,287.3235,14.0557,268.1256,13.1165,257.1035,12.5773,242.2807,11.8522,229.3689,11.2206,153.2989,7.4993,93.7752,4.8299,17.8617,0.92,16.6683,0.8585,15.9831,0.8232,15.0616,0.7757,14.2589,0.7344,9.53,0.4908,0.0,0.0,0.0,0.0,0.0,0.0,0.0,0.0,0.0,0.0,0.0,0.0,0.0,0.0,0.0,0.0,0.0,0.0,0.0,0.0,0.0,0.0,0.0,0.0,0.0,0.0,0.0,0.0,0.0,0.0,0.0,0.0,0.0,0.0,0.0,0.676,0.7386
128,0.001,3,10,100,32,16,2048,184,440338,73,30,ContrastiveLoss,gru,/home/dpetrovitch/dzagcoffee/train_trace/gender/checkpoints_2025-10-07 19:53:20.141369_ContrastiveLoss_gru_catboost/model_128_0.001_3_10_100_2048_32_16_2048_ContrastiveLoss_gruepoch=25.ckpt,25,30,0.45657155,99.2713,1.0,0.0007,3.9224,1.2659,13.2006,0.6335,1499.1906,73.4453,288.0535,14.1117,268.9436,13.1755,257.9523,12.6371,242.8743,11.8984,229.147,11.2259,141.6131,6.9376,94.8391,4.7756,18.2223,0.9176,17.0134,0.8567,16.3181,0.8217,15.3643,0.7737,14.4959,0.7299,8.9585,0.4511,0.0,0.0,0.0,0.0,0.0,0.0,0.0,0.0,0.0,0.0,0.0,0.0,0.0,0.0,0.0,0.0,0.0,0.0,0.0,0.0,0.0,0.0,0.0,0.0,0.0,0.0,0.0,0.0,0.0,0.0,0.0,0.0,0.0,0.0,0.0,0.692,0.7369
128,0.001,3,10,100,32,16,2048,184,440338,73,30,ContrastiveLoss,gru,/home/dpetrovitch/dzagcoffee/train_trace/gender/checkpoints_2025-10-07 19:53:20.141369_ContrastiveLoss_gru_catboost/model_128_0.001_3_10_100_2048_32_16_2048_ContrastiveLoss_gruepoch=26.ckpt,26,30,0.4556378,101.7586,1.0,0.0008,3.9034,1.2895,13.7191,0.6166,1556.338,76.9564,290.9892,14.3886,271.7945,13.4394,260.7127,12.8915,245.8834,12.1582,232.6423,11.5035,129.9264,6.4245,97.9365,4.8594,18.3112,0.9086,17.1034,0.8486,16.406,0.814,15.4728,0.7677,14.6396,0.7264,8.1759,0.4057,0.0,0.0,0.0,0.0,0.0,0.0,0.0,0.0,0.0,0.0,0.0,0.0,0.0,0.0,0.0,0.0,0.0,0.0,0.0,0.0,0.0,0.0,0.0,0.0,0.0,0.0,0.0,0.0,0.0,0.0,0.0,0.0,0.0,0.0,0.0,0.72,0.7661
128,0.001,3,10,100,32,16,2048,184,440338,73,30,ContrastiveLoss,gru,/home/dpetrovitch/dzagcoffee/train_trace/gender/checkpoints_2025-10-07 19:53:20.141369_ContrastiveLoss_gru_catboost/model_128_0.001_3_10_100_2048_32_16_2048_ContrastiveLoss_gruepoch=27.ckpt,27,30,0.45858178,101.4036,1.0,0.0008,3.9062,1.2762,13.0371,0.6245,1532.5743,75.1747,288.7611,14.1641,269.6401,13.2262,258.6338,12.6863,244.0314,11.97,230.753,11.3187,128.4545,6.3009,94.243,4.8356,17.7569,0.9111,16.581,0.8508,15.9042,0.816,15.0063,0.77,14.1898,0.7281,7.8991,0.4053,0.0,0.0,0.0,0.0,0.0,0.0,0.0,0.0,0.0,0.0,0.0,0.0,0.0,0.0,0.0,0.0,0.0,0.0,0.0,0.0,0.0,0.0,0.0,0.0,0.0,0.0,0.0,0.0,0.0,0.0,0.0,0.0,0.0,0.0,0.0,0.72,0.7481
128,0.001,3,10,100,32,16,2048,184,440338,73,30,ContrastiveLoss,gru,/home/dpetrovitch/dzagcoffee/train_trace/gender/checkpoints_2025-10-07 19:53:20.141369_ContrastiveLoss_gru_catboost/model_128_0.001_3_10_100_2048_32_16_2048_ContrastiveLoss_gruepoch=28.ckpt,28,30,0.4533763,99.9364,1.0,0.0008,3.9086,1.262,14.0815,0.6374,1512.7849,74.1645,288.1998,14.129,269.6946,13.2218,258.9951,12.6973,244.4137,11.9824,230.9862,11.3241,129.2277,6.3354,95.2196,4.8184,18.1402,0.918,16.9755,0.859,16.302,0.8249,15.3842,0.7785,14.539,0.7357,8.134,0.4116,0.0,0.0,0.0,0.0,0.0,0.0,0.0,0.0,0.0,0.0,0.0,0.0,0.0,0.0,0.0,0.0,0.0,0.0,0.0,0.0,0.0,0.0,0.0,0.0,0.0,0.0,0.0,0.0,0.0,0.0,0.0,0.0,0.0,0.0,0.0,0.684,0.747
128,0.001,3,10,100,32,16,2048,184,440338,73,30,ContrastiveLoss,gru,/home/dpetrovitch/dzagcoffee/train_trace/gender/checkpoints_2025-10-07 19:53:20.141369_ContrastiveLoss_gru_catboost/model_128_0.001_3_10_100_2048_32_16_2048_ContrastiveLoss_gruepoch=29.ckpt,29,30,0.45790216,102.3527,1.0,0.0008,3.8972,1.2807,13.3936,0.6213,1554.4232,76.355,290.1692,14.2534,270.9667,13.3102,260.1455,12.7786,245.2971,12.0493,231.194,11.3565,128.305,6.3025,97.6284,4.8744,18.2246,0.9099,17.0186,0.8497,16.3389,0.8158,15.4063,0.7692,14.5206,0.725,8.0584,0.4023,0.0,0.0,0.0,0.0,0.0,0.0,0.0,0.0,0.0,0.0,0.0,0.0,0.0,0.0,0.0,0.0,0.0,0.0,0.0,0.0,0.0,0.0,0.0,0.0,0.0,0.0,0.0,0.0,0.0,0.0,0.0,0.0,0.0,0.0,0.0,0.696,0.7275
128,0.001,3,10,100,32,16,4096,184,440338,73,30,ContrastiveLoss,gru,/home/dpetrovitch/dzagcoffee/train_trace/gender/checkpoints_2025-10-07 19:53:20.141369_ContrastiveLoss_gru_catboost/model_128_0.001_3_10_100_4096_32_16_4096_ContrastiveLoss_gruepoch=00.ckpt,0,30,0.17055579,158.3621,1.0,0.0014,2.875,1.1869,6.7478,0.7075,6665.1797,324.6784,282.314,13.7523,257.8192,12.5591,244.358,11.9033,226.7769,11.0469,213.2895,10.3899,177.7269,8.6575,365.2129,18.2806,15.4692,0.7743,14.127,0.7071,13.3894,0.6702,12.426,0.622,11.687,0.585,9.7384,0.4875,0.0,0.0,0.0,0.0,0.0,0.0,0.0,0.0,0.0,0.0,0.0,0.0,0.0,0.0,0.0,0.0,0.0,0.0,0.0,0.0,0.0,0.0,0.0,0.0,0.0,0.0,0.0,0.0,0.0,0.0,0.0,0.0,0.0,0.0,0.0,0.54,0.5404
128,0.001,3,10,100,32,16,4096,184,440338,73,30,ContrastiveLoss,gru,/home/dpetrovitch/dzagcoffee/train_trace/gender/checkpoints_2025-10-07 19:53:20.141369_ContrastiveLoss_gru_catboost/model_128_0.001_3_10_100_4096_32_16_4096_ContrastiveLoss_gruepoch=01.ckpt,1,30,0.27515936,175.1826,1.0,0.0016,2.7099,1.1891,8.7327,0.7045,7036.0474,342.3335,291.6609,14.1905,270.2701,13.1498,258.326,12.5687,242.8479,11.8156,230.8484,11.2318,198.9955,9.682,371.8433,18.7761,15.4138,0.7783,14.2833,0.7212,13.6521,0.6894,12.8341,0.6481,12.2,0.616,10.5166,0.531,0.0,0.0,0.0,0.0,0.0,0.0,0.0,0.0,0.0,0.0,0.0,0.0,0.0,0.0,0.0,0.0,0.0,0.0,0.0,0.0,0.0,0.0,0.0,0.0,0.0,0.0,0.0,0.0,0.0,0.0,0.0,0.0,0.0,0.0,0.0,0.576,0.5492
128,0.001,3,10,100,32,16,4096,184,440338,73,30,ContrastiveLoss,gru,/home/dpetrovitch/dzagcoffee/train_trace/gender/checkpoints_2025-10-07 19:53:20.141369_ContrastiveLoss_gru_catboost/model_128_0.001_3_10_100_4096_32_16_4096_ContrastiveLoss_gruepoch=02.ckpt,2,30,0.32326216,176.6049,1.0,0.0016,2.6037,1.1906,8.0477,0.7031,6863.844,334.3957,283.7086,13.8218,262.7687,12.8017,251.2671,12.2413,236.4269,11.5183,225.1065,10.9668,193.6728,9.4354,341.8638,19.125,14.1305,0.7905,13.0876,0.7322,12.5147,0.7001,11.7756,0.6588,11.2118,0.6272,9.6462,0.5396,0.0,0.0,0.0,0.0,0.0,0.0,0.0,0.0,0.0,0.0,0.0,0.0,0.0,0.0,0.0,0.0,0.0,0.0,0.0,0.0,0.0,0.0,0.0,0.0,0.0,0.0,0.0,0.0,0.0,0.0,0.0,0.0,0.0,0.0,0.0,0.572,0.6116
128,0.001,3,10,100,32,16,4096,184,440338,73,30,ContrastiveLoss,gru,/home/dpetrovitch/dzagcoffee/train_trace/gender/checkpoints_2025-10-07 19:53:20.141369_ContrastiveLoss_gru_catboost/model_128_0.001_3_10_100_4096_32_16_4096_ContrastiveLoss_gruepoch=03.ckpt,3,30,0.35858977,181.5764,1.0,0.0017,2.5472,1.2152,8.2232,0.6753,7064.061,343.9333,282.254,13.7423,262.8686,12.7985,251.9786,12.2683,238.2118,11.598,227.0556,11.0548,197.0522,9.594,426.789,21.4088,17.0529,0.8554,15.8817,0.7967,15.2238,0.7637,14.392,0.7219,13.718,0.6881,11.9053,0.5972,0.0,0.0,0.0,0.0,0.0,0.0,0.0,0.0,0.0,0.0,0.0,0.0,0.0,0.0,0.0,0.0,0.0,0.0,0.0,0.0,0.0,0.0,0.0,0.0,0.0,0.0,0.0,0.0,0.0,0.0,0.0,0.0,0.0,0.0,0.0,0.632,0.6451
128,0.001,3,10,100,32,16,4096,184,440338,73,30,ContrastiveLoss,gru,/home/dpetrovitch/dzagcoffee/train_trace/gender/checkpoints_2025-10-07 19:53:20.141369_ContrastiveLoss_gru_catboost/model_128_0.001_3_10_100_4096_32_16_4096_ContrastiveLoss_gruepoch=04.ckpt,4,30,0.37063977,179.4815,1.0,0.0017,2.607,1.2089,8.5531,0.6825,6884.2393,335.4154,285.7626,13.923,266.5737,12.9881,255.5279,12.4499,240.6506,11.725,228.5187,11.1339,196.3585,9.567,404.7348,20.7409,16.8004,0.8609,15.6723,0.8031,15.0229,0.7699,14.1482,0.725,13.435,0.6885,11.5442,0.5916,0.0,0.0,0.0,0.0,0.0,0.0,0.0,0.0,0.0,0.0,0.0,0.0,0.0,0.0,0.0,0.0,0.0,0.0,0.0,0.0,0.0,0.0,0.0,0.0,0.0,0.0,0.0,0.0,0.0,0.0,0.0,0.0,0.0,0.0,0.0,0.672,0.6907
128,0.001,3,10,100,32,16,4096,184,440338,73,30,ContrastiveLoss,gru,/home/dpetrovitch/dzagcoffee/train_trace/gender/checkpoints_2025-10-07 19:53:20.141369_ContrastiveLoss_gru_catboost/model_128_0.001_3_10_100_4096_32_16_4096_ContrastiveLoss_gruepoch=05.ckpt,5,30,0.38509977,181.8824,1.0,0.0018,2.6149,1.2167,9.8222,0.6744,6707.192,326.7678,285.896,13.9286,267.149,13.0152,256.4195,12.4925,242.5687,11.8177,231.2141,11.2645,197.5091,9.6225,423.964,20.9086,18.0716,0.8912,16.8866,0.8328,16.2084,0.7993,15.3329,0.7562,14.6151,0.7208,12.4846,0.6157,0.0,0.0,0.0,0.0,0.0,0.0,0.0,0.0,0.0,0.0,0.0,0.0,0.0,0.0,0.0,0.0,0.0,0.0,0.0,0.0,0.0,0.0,0.0,0.0,0.0,0.0,0.0,0.0,0.0,0.0,0.0,0.0,0.0,0.0,0.0,0.676,0.6819
128,0.001,3,10,100,32,16,4096,184,440338,73,30,ContrastiveLoss,gru,/home/dpetrovitch/dzagcoffee/train_trace/gender/checkpoints_2025-10-07 19:53:20.141369_ContrastiveLoss_gru_catboost/model_128_0.001_3_10_100_4096_32_16_4096_ContrastiveLoss_gruepoch=06.ckpt,6,30,0.38945997,182.0424,1.0,0.0018,2.6263,1.2215,9.0397,0.6694,6599.026,321.2978,287.3798,13.9921,268.3021,13.0633,257.478,12.5363,243.0753,11.835,231.7257,11.2824,197.432,9.6127,441.8832,21.5952,19.2435,0.9404,17.966,0.878,17.2412,0.8426,16.2768,0.7955,15.5168,0.7583,13.2204,0.6461,0.0,0.0,0.0,0.0,0.0,0.0,0.0,0.0,0.0,0.0,0.0,0.0,0.0,0.0,0.0,0.0,0.0,0.0,0.0,0.0,0.0,0.0,0.0,0.0,0.0,0.0,0.0,0.0,0.0,0.0,0.0,0.0,0.0,0.0,0.0,0.676,0.6815
128,0.001,3,10,100,32,16,4096,184,440338,73,30,ContrastiveLoss,gru,/home/dpetrovitch/dzagcoffee/train_trace/gender/checkpoints_2025-10-07 19:53:20.141369_ContrastiveLoss_gru_catboost/model_128_0.001_3_10_100_4096_32_16_4096_ContrastiveLoss_gruepoch=07.ckpt,7,30,0.39285794,185.0472,1.0,0.0019,2.5971,1.236,9.6137,0.654,6688.1885,325.7047,283.104,13.7867,264.3101,12.8715,254.3223,12.3851,241.1592,11.7441,231.3294,11.2654,202.3675,9.855,406.7095,21.0454,17.2156,0.8908,16.0727,0.8317,15.4654,0.8003,14.6649,0.7588,14.0672,0.7279,12.306,0.6368,0.0,0.0,0.0,0.0,0.0,0.0,0.0,0.0,0.0,0.0,0.0,0.0,0.0,0.0,0.0,0.0,0.0,0.0,0.0,0.0,0.0,0.0,0.0,0.0,0.0,0.0,0.0,0.0,0.0,0.0,0.0,0.0,0.0,0.0,0.0,0.66,0.6648
128,0.001,3,10,100,32,16,4096,184,440338,73,30,ContrastiveLoss,gru,/home/dpetrovitch/dzagcoffee/train_trace/gender/checkpoints_2025-10-07 19:53:20.141369_ContrastiveLoss_gru_catboost/model_128_0.001_3_10_100_4096_32_16_4096_ContrastiveLoss_gruepoch=08.ckpt,8,30,0.39959967,183.3848,1.0,0.0019,2.6451,1.2128,9.3401,0.679,6541.7407,318.4539,292.5968,14.2437,274.6425,13.3697,264.7351,12.8874,251.3724,12.2369,240.2516,11.6955,199.5577,9.7145,454.4896,21.6147,20.3283,0.9668,19.0809,0.9075,18.3926,0.8747,17.4642,0.8306,16.6916,0.7938,13.8643,0.6594,0.0,0.0,0.0,0.0,0.0,0.0,0.0,0.0,0.0,0.0,0.0,0.0,0.0,0.0,0.0,0.0,0.0,0.0,0.0,0.0,0.0,0.0,0.0,0.0,0.0,0.0,0.0,0.0,0.0,0.0,0.0,0.0,0.0,0.0,0.0,0.684,0.6794
128,0.001,3,10,100,32,16,4096,184,440338,73,30,ContrastiveLoss,gru,/home/dpetrovitch/dzagcoffee/train_trace/gender/checkpoints_2025-10-07 19:53:20.141369_ContrastiveLoss_gru_catboost/model_128_0.001_3_10_100_4096_32_16_4096_ContrastiveLoss_gruepoch=09.ckpt,9,30,0.39896572,184.8312,1.0,0.0019,2.6485,1.2163,10.7164,0.6751,6671.0454,324.8496,294.2484,14.3286,275.9903,13.4395,265.9642,12.9513,253.1427,12.3269,242.6994,11.8184,199.6241,9.7208,435.0304,20.9563,19.1884,0.9243,17.9978,0.867,17.344,0.8355,16.5079,0.7952,15.8268,0.7624,13.0178,0.6271,0.0,0.0,0.0,0.0,0.0,0.0,0.0,0.0,0.0,0.0,0.0,0.0,0.0,0.0,0.0,0.0,0.0,0.0,0.0,0.0,0.0,0.0,0.0,0.0,0.0,0.0,0.0,0.0,0.0,0.0,0.0,0.0,0.0,0.0,0.0,0.676,0.6902
128,0.001,3,10,100,32,16,4096,184,440338,73,30,ContrastiveLoss,gru,/home/dpetrovitch/dzagcoffee/train_trace/gender/checkpoints_2025-10-07 19:53:20.141369_ContrastiveLoss_gru_catboost/model_128_0.001_3_10_100_4096_32_16_4096_ContrastiveLoss_gruepoch=10.ckpt,10,30,0.412472,183.5858,1.0,0.0019,2.6438,1.2309,9.693,0.6595,6741.2207,328.2177,289.828,14.1112,272.5643,13.2707,263.0693,12.8084,250.6507,12.2037,240.5549,11.7122,193.2972,9.4113,491.2828,23.5216,21.1219,1.0113,19.8638,0.951,19.1718,0.9179,18.2668,0.8746,17.531,0.8393,14.087,0.6745,0.0,0.0,0.0,0.0,0.0,0.0,0.0,0.0,0.0,0.0,0.0,0.0,0.0,0.0,0.0,0.0,0.0,0.0,0.0,0.0,0.0,0.0,0.0,0.0,0.0,0.0,0.0,0.0,0.0,0.0,0.0,0.0,0.0,0.0,0.0,0.692,0.6854
128,0.001,3,10,100,32,16,4096,184,440338,73,30,ContrastiveLoss,gru,/home/dpetrovitch/dzagcoffee/train_trace/gender/checkpoints_2025-10-07 19:53:20.141369_ContrastiveLoss_gru_catboost/model_128_0.001_3_10_100_4096_32_16_4096_ContrastiveLoss_gruepoch=11.ckpt,11,30,0.41310883,183.1735,1.0,0.0019,2.6641,1.225,10.5432,0.6656,6668.962,324.5581,290.939,14.1591,273.9341,13.3315,264.5399,12.8744,252.2688,12.2772,242.1632,11.7853,209.8111,10.2109,468.4638,22.2139,20.4371,0.9691,19.2426,0.9125,18.5827,0.8812,17.7207,0.8403,17.0108,0.8066,14.7383,0.6989,0.0,0.0,0.0,0.0,0.0,0.0,0.0,0.0,0.0,0.0,0.0,0.0,0.0,0.0,0.0,0.0,0.0,0.0,0.0,0.0,0.0,0.0,0.0,0.0,0.0,0.0,0.0,0.0,0.0,0.0,0.0,0.0,0.0,0.0,0.0,0.68,0.6962
128,0.001,3,10,100,32,16,4096,184,440338,73,30,ContrastiveLoss,gru,/home/dpetrovitch/dzagcoffee/train_trace/gender/checkpoints_2025-10-07 19:53:20.141369_ContrastiveLoss_gru_catboost/model_128_0.001_3_10_100_4096_32_16_4096_ContrastiveLoss_gruepoch=12.ckpt,12,30,0.41828573,182.7313,1.0,0.0019,2.664,1.2344,10.7015,0.6558,6734.6055,327.7605,291.1784,14.1711,274.2982,13.3496,264.9019,12.8923,252.6938,12.2981,242.5017,11.8021,205.0058,9.9772,522.3139,23.9331,22.5828,1.0348,21.2737,0.9748,20.5449,0.9414,19.5981,0.898,18.8076,0.8618,15.8996,0.7285,0.0,0.0,0.0,0.0,0.0,0.0,0.0,0.0,0.0,0.0,0.0,0.0,0.0,0.0,0.0,0.0,0.0,0.0,0.0,0.0,0.0,0.0,0.0,0.0,0.0,0.0,0.0,0.0,0.0,0.0,0.0,0.0,0.0,0.0,0.0,0.676,0.7011
128,0.001,3,10,100,32,16,4096,184,440338,73,30,ContrastiveLoss,gru,/home/dpetrovitch/dzagcoffee/train_trace/gender/checkpoints_2025-10-07 19:53:20.141369_ContrastiveLoss_gru_catboost/model_128_0.001_3_10_100_4096_32_16_4096_ContrastiveLoss_gruepoch=13.ckpt,13,30,0.42088988,183.9304,1.0,0.002,2.6635,1.2288,10.4773,0.6617,6691.0176,325.7971,291.4812,14.1927,274.507,13.3662,265.0246,12.9045,252.6642,12.3027,242.1339,11.7899,202.9756,9.8832,458.9144,21.5686,19.9917,0.9396,18.8275,0.8849,18.1771,0.8543,17.3294,0.8145,16.6071,0.7805,13.9214,0.6543,0.0,0.0,0.0,0.0,0.0,0.0,0.0,0.0,0.0,0.0,0.0,0.0,0.0,0.0,0.0,0.0,0.0,0.0,0.0,0.0,0.0,0.0,0.0,0.0,0.0,0.0,0.0,0.0,0.0,0.0,0.0,0.0,0.0,0.0,0.0,0.692,0.697
128,0.001,3,10,100,32,16,4096,184,440338,73,30,ContrastiveLoss,gru,/home/dpetrovitch/dzagcoffee/train_trace/gender/checkpoints_2025-10-07 19:53:20.141369_ContrastiveLoss_gru_catboost/model_128_0.001_3_10_100_4096_32_16_4096_ContrastiveLoss_gruepoch=14.ckpt,14,30,0.41936788,181.6434,1.0,0.002,2.6926,1.2217,11.0782,0.6694,6598.346,321.2659,292.2452,14.2291,274.7448,13.377,265.0706,12.906,252.1899,12.2788,241.55,11.7608,198.8219,9.6804,459.9782,22.1241,20.3727,0.9799,19.1528,0.9212,18.4784,0.8888,17.5804,0.8456,16.8387,0.8099,13.8601,0.6666,0.0,0.0,0.0,0.0,0.0,0.0,0.0,0.0,0.0,0.0,0.0,0.0,0.0,0.0,0.0,0.0,0.0,0.0,0.0,0.0,0.0,0.0,0.0,0.0,0.0,0.0,0.0,0.0,0.0,0.0,0.0,0.0,0.0,0.0,0.0,0.64,0.635
128,0.001,3,10,100,32,16,4096,184,440338,73,30,ContrastiveLoss,gru,/home/dpetrovitch/dzagcoffee/train_trace/gender/checkpoints_2025-10-07 19:53:20.141369_ContrastiveLoss_gru_catboost/model_128_0.001_3_10_100_4096_32_16_4096_ContrastiveLoss_gruepoch=15.ckpt,15,30,0.4231228,183.0058,1.0,0.002,2.6743,1.2314,10.5134,0.6591,6733.209,327.6929,294.0141,14.3091,276.5496,13.4592,266.5054,12.9703,253.4828,12.3365,242.8677,11.8199,199.3221,9.7006,477.3319,21.8482,20.8433,0.954,19.6052,0.8974,18.8932,0.8648,17.97,0.8225,17.2174,0.7881,14.1304,0.6468,0.0,0.0,0.0,0.0,0.0,0.0,0.0,0.0,0.0,0.0,0.0,0.0,0.0,0.0,0.0,0.0,0.0,0.0,0.0,0.0,0.0,0.0,0.0,0.0,0.0,0.0,0.0,0.0,0.0,0.0,0.0,0.0,0.0,0.0,0.0,0.68,0.6967
128,0.001,3,10,100,32,16,4096,184,440338,73,30,ContrastiveLoss,gru,/home/dpetrovitch/dzagcoffee/train_trace/gender/checkpoints_2025-10-07 19:53:20.141369_ContrastiveLoss_gru_catboost/model_128_0.001_3_10_100_4096_32_16_4096_ContrastiveLoss_gruepoch=16.ckpt,16,30,0.42287156,182.003,1.0,0.002,2.6759,1.2267,11.4134,0.6639,6675.7554,324.9702,291.9058,14.2097,274.8696,13.3804,265.5236,12.9255,253.2585,12.3284,243.0815,11.833,198.6438,9.6698,493.7612,22.9837,21.5903,1.005,20.3303,0.9463,19.639,0.9142,18.7318,0.8719,17.9791,0.8369,14.6924,0.6839,0.0,0.0,0.0,0.0,0.0,0.0,0.0,0.0,0.0,0.0,0.0,0.0,0.0,0.0,0.0,0.0,0.0,0.0,0.0,0.0,0.0,0.0,0.0,0.0,0.0,0.0,0.0,0.0,0.0,0.0,0.0,0.0,0.0,0.0,0.0,0.696,0.7191
128,0.001,3,10,100,32,16,4096,184,440338,73,30,ContrastiveLoss,gru,/home/dpetrovitch/dzagcoffee/train_trace/gender/checkpoints_2025-10-07 19:53:20.141369_ContrastiveLoss_gru_catboost/model_128_0.001_3_10_100_4096_32_16_4096_ContrastiveLoss_gruepoch=17.ckpt,17,30,0.42523873,183.5234,1.0,0.0021,2.6393,1.2343,11.248,0.6558,6734.407,327.6345,291.3979,14.1768,275.1333,13.3855,265.7775,12.9303,253.7569,12.3455,243.3323,11.8383,206.9204,10.0668,521.0326,23.7425,22.5451,1.0273,21.2867,0.97,20.5629,0.937,19.6329,0.8946,18.8263,0.8579,16.0092,0.7295,0.0,0.0,0.0,0.0,0.0,0.0,0.0,0.0,0.0,0.0,0.0,0.0,0.0,0.0,0.0,0.0,0.0,0.0,0.0,0.0,0.0,0.0,0.0,0.0,0.0,0.0,0.0,0.0,0.0,0.0,0.0,0.0,0.0,0.0,0.0,0.704,0.6805
128,0.001,3,10,100,32,16,4096,184,440338,73,30,ContrastiveLoss,gru,/home/dpetrovitch/dzagcoffee/train_trace/gender/checkpoints_2025-10-07 19:53:20.141369_ContrastiveLoss_gru_catboost/model_128_0.001_3_10_100_4096_32_16_4096_ContrastiveLoss_gruepoch=18.ckpt,18,30,0.42272592,184.8531,1.0,0.0021,2.6362,1.2369,10.4435,0.6531,6735.2944,327.8139,290.316,14.13,273.2584,13.2998,263.6032,12.8298,250.8901,12.2111,240.366,11.6989,204.7615,9.966,478.6256,22.6803,20.6305,0.9776,19.4184,0.9202,18.7323,0.8877,17.8288,0.8448,17.081,0.8094,14.5508,0.6895,0.0,0.0,0.0,0.0,0.0,0.0,0.0,0.0,0.0,0.0,0.0,0.0,0.0,0.0,0.0,0.0,0.0,0.0,0.0,0.0,0.0,0.0,0.0,0.0,0.0,0.0,0.0,0.0,0.0,0.0,0.0,0.0,0.0,0.0,0.0,0.664,0.6805
128,0.001,3,10,100,32,16,4096,184,440338,73,30,ContrastiveLoss,gru,/home/dpetrovitch/dzagcoffee/train_trace/gender/checkpoints_2025-10-07 19:53:20.141369_ContrastiveLoss_gru_catboost/model_128_0.001_3_10_100_4096_32_16_4096_ContrastiveLoss_gruepoch=19.ckpt,19,30,0.42823124,181.1144,1.0,0.002,2.6703,1.2242,10.9157,0.6664,6634.24,322.8144,292.7647,14.2456,276.2341,13.4412,266.9334,12.9887,254.8066,12.3986,245.0915,11.9259,213.7436,10.4005,501.757,23.239,22.1422,1.0255,20.892,0.9676,20.1886,0.935,19.2714,0.8926,18.5366,0.8585,16.1657,0.7487,0.0,0.0,0.0,0.0,0.0,0.0,0.0,0.0,0.0,0.0,0.0,0.0,0.0,0.0,0.0,0.0,0.0,0.0,0.0,0.0,0.0,0.0,0.0,0.0,0.0,0.0,0.0,0.0,0.0,0.0,0.0,0.0,0.0,0.0,0.0,0.66,0.6852
128,0.001,3,10,100,32,16,4096,184,440338,73,30,ContrastiveLoss,gru,/home/dpetrovitch/dzagcoffee/train_trace/gender/checkpoints_2025-10-07 19:53:20.141369_ContrastiveLoss_gru_catboost/model_128_0.001_3_10_100_4096_32_16_4096_ContrastiveLoss_gruepoch=20.ckpt,20,30,0.43564966,183.5796,1.0,0.0021,2.6678,1.2493,10.9175,0.6404,6866.172,334.1383,292.2381,14.2216,276.086,13.4356,267.256,13.0059,255.5106,12.4343,245.759,11.9597,202.9124,9.8746,570.0067,25.258,24.2606,1.075,22.9197,1.0156,22.1867,0.9831,21.2116,0.9399,20.4021,0.9041,16.8451,0.7464,0.0,0.0,0.0,0.0,0.0,0.0,0.0,0.0,0.0,0.0,0.0,0.0,0.0,0.0,0.0,0.0,0.0,0.0,0.0,0.0,0.0,0.0,0.0,0.0,0.0,0.0,0.0,0.0,0.0,0.0,0.0,0.0,0.0,0.0,0.0,0.68,0.6966
128,0.001,3,10,100,32,16,4096,184,440338,73,30,ContrastiveLoss,gru,/home/dpetrovitch/dzagcoffee/train_trace/gender/checkpoints_2025-10-07 19:53:20.141369_ContrastiveLoss_gru_catboost/model_128_0.001_3_10_100_4096_32_16_4096_ContrastiveLoss_gruepoch=21.ckpt,21,30,0.43231168,181.3141,1.0,0.0021,2.6716,1.2438,11.8122,0.6461,6755.2495,328.6251,290.6046,14.1371,274.2531,13.3417,265.2462,12.9035,253.6711,12.3404,244.0451,11.8722,214.4587,10.4329,552.6224,24.5585,23.7733,1.0565,22.4356,0.997,21.6988,0.9643,20.7519,0.9222,19.9644,0.8872,17.5441,0.7797,0.0,0.0,0.0,0.0,0.0,0.0,0.0,0.0,0.0,0.0,0.0,0.0,0.0,0.0,0.0,0.0,0.0,0.0,0.0,0.0,0.0,0.0,0.0,0.0,0.0,0.0,0.0,0.0,0.0,0.0,0.0,0.0,0.0,0.0,0.0,0.672,0.6849
128,0.001,3,10,100,32,16,4096,184,440338,73,30,ContrastiveLoss,gru,/home/dpetrovitch/dzagcoffee/train_trace/gender/checkpoints_2025-10-07 19:53:20.141369_ContrastiveLoss_gru_catboost/model_128_0.001_3_10_100_4096_32_16_4096_ContrastiveLoss_gruepoch=22.ckpt,22,30,0.43406203,181.2555,1.0,0.0022,2.6655,1.2477,11.7393,0.6422,6763.9375,329.2564,290.7128,14.1514,274.2763,13.3513,265.2591,12.9123,253.3428,12.3323,243.1484,11.836,204.4705,9.9533,556.513,24.9107,23.9188,1.0707,22.5665,1.0101,21.8246,0.9769,20.8442,0.933,20.0054,0.8955,16.8231,0.753,0.0,0.0,0.0,0.0,0.0,0.0,0.0,0.0,0.0,0.0,0.0,0.0,0.0,0.0,0.0,0.0,0.0,0.0,0.0,0.0,0.0,0.0,0.0,0.0,0.0,0.0,0.0,0.0,0.0,0.0,0.0,0.0,0.0,0.0,0.0,0.708,0.7169
128,0.001,3,10,100,32,16,4096,184,440338,73,30,ContrastiveLoss,gru,/home/dpetrovitch/dzagcoffee/train_trace/gender/checkpoints_2025-10-07 19:53:20.141369_ContrastiveLoss_gru_catboost/model_128_0.001_3_10_100_4096_32_16_4096_ContrastiveLoss_gruepoch=23.ckpt,23,30,0.43500152,181.4616,1.0,0.0022,2.6601,1.2529,11.736,0.6371,6801.667,331.0243,290.0105,14.1143,273.3812,13.3049,264.2242,12.8593,252.0793,12.2682,242.0414,11.7797,199.7693,9.7224,560.6837,25.4017,23.9065,1.0831,22.5357,1.021,21.7809,0.9868,20.7797,0.9414,19.9523,0.9039,16.4676,0.7461,0.0,0.0,0.0,0.0,0.0,0.0,0.0,0.0,0.0,0.0,0.0,0.0,0.0,0.0,0.0,0.0,0.0,0.0,0.0,0.0,0.0,0.0,0.0,0.0,0.0,0.0,0.0,0.0,0.0,0.0,0.0,0.0,0.0,0.0,0.0,0.684,0.7111
128,0.001,3,10,100,32,16,4096,184,440338,73,30,ContrastiveLoss,gru,/home/dpetrovitch/dzagcoffee/train_trace/gender/checkpoints_2025-10-07 19:53:20.141369_ContrastiveLoss_gru_catboost/model_128_0.001_3_10_100_4096_32_16_4096_ContrastiveLoss_gruepoch=24.ckpt,24,30,0.43512142,180.3287,1.0,0.0022,2.6668,1.2508,11.2151,0.639,6786.2344,330.1612,291.291,14.1718,274.5712,13.3583,265.1426,12.8996,252.7311,12.2958,242.6085,11.8033,208.287,10.1335,579.2678,25.7531,24.8644,1.1054,23.4372,1.042,22.6324,1.0062,21.5729,0.9591,20.7089,0.9207,17.7792,0.7904,0.0,0.0,0.0,0.0,0.0,0.0,0.0,0.0,0.0,0.0,0.0,0.0,0.0,0.0,0.0,0.0,0.0,0.0,0.0,0.0,0.0,0.0,0.0,0.0,0.0,0.0,0.0,0.0,0.0,0.0,0.0,0.0,0.0,0.0,0.0,0.68,0.6962
128,0.001,3,10,100,32,16,4096,184,440338,73,30,ContrastiveLoss,gru,/home/dpetrovitch/dzagcoffee/train_trace/gender/checkpoints_2025-10-07 19:53:20.141369_ContrastiveLoss_gru_catboost/model_128_0.001_3_10_100_4096_32_16_4096_ContrastiveLoss_gruepoch=25.ckpt,25,30,0.43280283,181.4792,1.0,0.0023,2.6496,1.2576,11.5373,0.6326,6794.589,330.7376,289.3533,14.0847,272.7662,13.2773,263.3857,12.8207,250.9866,12.2172,240.2611,11.6951,193.8798,9.4374,588.0866,26.3134,25.0442,1.1206,23.6085,1.0563,22.7966,1.02,21.7234,0.972,20.7951,0.9305,16.7807,0.7508,0.0,0.0,0.0,0.0,0.0,0.0,0.0,0.0,0.0,0.0,0.0,0.0,0.0,0.0,0.0,0.0,0.0,0.0,0.0,0.0,0.0,0.0,0.0,0.0,0.0,0.0,0.0,0.0,0.0,0.0,0.0,0.0,0.0,0.0,0.0,0.684,0.7252
128,0.001,3,10,100,32,16,4096,184,440338,73,30,ContrastiveLoss,gru,/home/dpetrovitch/dzagcoffee/train_trace/gender/checkpoints_2025-10-07 19:53:20.141369_ContrastiveLoss_gru_catboost/model_128_0.001_3_10_100_4096_32_16_4096_ContrastiveLoss_gruepoch=26.ckpt,26,30,0.43666336,180.1998,1.0,0.0023,2.6541,1.2544,11.3434,0.6356,6744.758,328.195,288.5725,14.0417,272.4091,13.2552,263.5161,12.8225,251.7715,12.251,242.1222,11.7815,199.2955,9.6976,605.7044,26.5774,25.9149,1.1371,24.4634,1.0734,23.6647,1.0384,22.61,0.9921,21.7435,0.9541,17.8975,0.7853,0.0,0.0,0.0,0.0,0.0,0.0,0.0,0.0,0.0,0.0,0.0,0.0,0.0,0.0,0.0,0.0,0.0,0.0,0.0,0.0,0.0,0.0,0.0,0.0,0.0,0.0,0.0,0.0,0.0,0.0,0.0,0.0,0.0,0.0,0.0,0.712,0.7181
128,0.001,3,10,100,32,16,4096,184,440338,73,30,ContrastiveLoss,gru,/home/dpetrovitch/dzagcoffee/train_trace/gender/checkpoints_2025-10-07 19:53:20.141369_ContrastiveLoss_gru_catboost/model_128_0.001_3_10_100_4096_32_16_4096_ContrastiveLoss_gruepoch=27.ckpt,27,30,0.43693754,180.385,1.0,0.0024,2.6529,1.2594,12.28,0.6308,6821.1465,331.9405,290.4197,14.1328,274.1065,13.339,265.1253,12.9019,253.1963,12.3214,243.4256,11.8459,193.625,9.4225,612.2781,26.6451,26.0686,1.1344,24.6043,1.0707,23.7981,1.0356,22.7273,0.989,21.8503,0.9509,17.3801,0.7563,0.0,0.0,0.0,0.0,0.0,0.0,0.0,0.0,0.0,0.0,0.0,0.0,0.0,0.0,0.0,0.0,0.0,0.0,0.0,0.0,0.0,0.0,0.0,0.0,0.0,0.0,0.0,0.0,0.0,0.0,0.0,0.0,0.0,0.0,0.0,0.68,0.7308
128,0.001,3,10,100,32,16,4096,184,440338,73,30,ContrastiveLoss,gru,/home/dpetrovitch/dzagcoffee/train_trace/gender/checkpoints_2025-10-07 19:53:20.141369_ContrastiveLoss_gru_catboost/model_128_0.001_3_10_100_4096_32_16_4096_ContrastiveLoss_gruepoch=28.ckpt,28,30,0.4347702,177.8688,1.0,0.0023,2.6696,1.2427,11.2983,0.6475,6614.827,321.8555,290.3747,14.1287,273.4635,13.3058,264.188,12.8545,251.7886,12.2512,241.5541,11.7532,204.2229,9.9368,543.0748,24.3465,23.8396,1.0688,22.4512,1.0065,21.6897,0.9724,20.6717,0.9267,19.8315,0.8891,16.7666,0.7517,0.0,0.0,0.0,0.0,0.0,0.0,0.0,0.0,0.0,0.0,0.0,0.0,0.0,0.0,0.0,0.0,0.0,0.0,0.0,0.0,0.0,0.0,0.0,0.0,0.0,0.0,0.0,0.0,0.0,0.0,0.0,0.0,0.0,0.0,0.0,0.712,0.707
128,0.001,3,10,100,32,16,4096,184,440338,73,30,ContrastiveLoss,gru,/home/dpetrovitch/dzagcoffee/train_trace/gender/checkpoints_2025-10-07 19:53:20.141369_ContrastiveLoss_gru_catboost/model_128_0.001_3_10_100_4096_32_16_4096_ContrastiveLoss_gruepoch=29.ckpt,29,30,0.44076094,178.0229,1.0,0.0023,2.6732,1.2464,11.412,0.644,6601.8545,321.6385,288.3515,14.0483,271.4231,13.2236,262.1237,12.7705,249.755,12.1679,239.5994,11.6731,190.5228,9.2822,525.086,23.7731,22.9344,1.0383,21.5879,0.9774,20.8483,0.9439,19.8645,0.8994,19.0568,0.8628,15.1534,0.6861,0.0,0.0,0.0,0.0,0.0,0.0,0.0,0.0,0.0,0.0,0.0,0.0,0.0,0.0,0.0,0.0,0.0,0.0,0.0,0.0,0.0,0.0,0.0,0.0,0.0,0.0,0.0,0.0,0.0,0.0,0.0,0.0,0.0,0.0,0.0,0.7,0.7164
128,0.001,3,10,100,32,16,256,184,440338,73,30,BarlowTwinsLossContrastiveLoss,gru,/home/dpetrovitch/dzagcoffee/train_trace/gender/checkpoints_2025-10-07 19:53:20.141369_ContrastiveLoss_gru_catboost/model_128_0.001_3_10_100_256_32_16_256_BarlowTwinsLossContrastiveLoss_gruepoch=00.ckpt,0,30,0.3333961,45.9309,1.6789,0.0004,5.1408,1.3836,6.7433,0.5452,612.1363,30.7286,234.8665,11.79,207.6219,10.4224,192.875,9.6821,172.9656,8.6827,157.6037,7.9115,104.205,5.231,30.8645,1.9662,11.8422,0.7544,10.4685,0.6669,9.7249,0.6195,8.7211,0.5556,7.9465,0.5062,5.2541,0.3347,0.0,0.0,0.0,0.0,0.0,0.0,0.0,0.0,0.0,0.0,0.0,0.0,0.0,0.0,0.0,0.0,0.0,0.0,0.0,0.0,0.0,0.0,0.0,0.0,0.0,0.0,0.0,0.0,0.0,0.0,0.0,0.0,0.0,0.0,0.0,0.56,0.5805
128,0.001,3,10,100,32,16,256,184,440338,73,30,BarlowTwinsLossContrastiveLoss,gru,/home/dpetrovitch/dzagcoffee/train_trace/gender/checkpoints_2025-10-07 19:53:20.141369_ContrastiveLoss_gru_catboost/model_128_0.001_3_10_100_256_32_16_256_BarlowTwinsLossContrastiveLoss_gruepoch=01.ckpt,1,30,0.379089,42.8129,1.6787,0.0004,4.814,1.4549,8.3785,0.4913,795.5448,39.5409,238.7363,11.8659,213.1645,10.5949,199.0471,9.8932,180.3187,8.9624,164.5318,8.1777,138.0161,6.8598,46.428,2.7851,13.9326,0.8358,12.4403,0.7463,11.6164,0.6968,10.5234,0.6313,9.6021,0.576,8.0546,0.4832,0.0,0.0,0.0,0.0,0.0,0.0,0.0,0.0,0.0,0.0,0.0,0.0,0.0,0.0,0.0,0.0,0.0,0.0,0.0,0.0,0.0,0.0,0.0,0.0,0.0,0.0,0.0,0.0,0.0,0.0,0.0,0.0,0.0,0.0,0.0,0.612,0.6171
128,0.001,3,10,100,32,16,256,184,440338,73,30,BarlowTwinsLossContrastiveLoss,gru,/home/dpetrovitch/dzagcoffee/train_trace/gender/checkpoints_2025-10-07 19:53:20.141369_ContrastiveLoss_gru_catboost/model_128_0.001_3_10_100_256_32_16_256_BarlowTwinsLossContrastiveLoss_gruepoch=02.ckpt,2,30,0.3923497,42.406,1.6784,0.0004,4.6473,1.3976,8.8899,0.5226,902.7574,44.6163,244.7606,12.0966,220.2878,10.8871,206.5671,10.209,188.5685,9.3195,174.1706,8.6079,150.2466,7.4255,53.7996,3.1732,14.5865,0.8603,13.128,0.7743,12.3103,0.7261,11.2377,0.6628,10.3797,0.6122,8.9539,0.5281,0.0,0.0,0.0,0.0,0.0,0.0,0.0,0.0,0.0,0.0,0.0,0.0,0.0,0.0,0.0,0.0,0.0,0.0,0.0,0.0,0.0,0.0,0.0,0.0,0.0,0.0,0.0,0.0,0.0,0.0,0.0,0.0,0.0,0.0,0.0,0.64,0.67
128,0.001,3,10,100,32,16,256,184,440338,73,30,BarlowTwinsLossContrastiveLoss,gru,/home/dpetrovitch/dzagcoffee/train_trace/gender/checkpoints_2025-10-07 19:53:20.141369_ContrastiveLoss_gru_catboost/model_128_0.001_3_10_100_256_32_16_256_BarlowTwinsLossContrastiveLoss_gruepoch=03.ckpt,3,30,0.39914274,44.9918,1.678,0.0005,4.52,1.4161,8.5845,0.5078,980.4039,48.3295,248.3893,12.2445,224.9103,11.0871,211.9245,10.4469,194.8659,9.606,181.2943,8.937,157.9857,7.788,62.1152,3.567,15.7371,0.9037,14.2496,0.8183,13.4268,0.771,12.3461,0.709,11.4862,0.6596,10.0095,0.5748,0.0,0.0,0.0,0.0,0.0,0.0,0.0,0.0,0.0,0.0,0.0,0.0,0.0,0.0,0.0,0.0,0.0,0.0,0.0,0.0,0.0,0.0,0.0,0.0,0.0,0.0,0.0,0.0,0.0,0.0,0.0,0.0,0.0,0.0,0.0,0.66,0.6917
128,0.001,3,10,100,32,16,256,184,440338,73,30,BarlowTwinsLossContrastiveLoss,gru,/home/dpetrovitch/dzagcoffee/train_trace/gender/checkpoints_2025-10-07 19:53:20.141369_ContrastiveLoss_gru_catboost/model_128_0.001_3_10_100_256_32_16_256_BarlowTwinsLossContrastiveLoss_gruepoch=04.ckpt,4,30,0.4059759,46.3044,1.6779,0.0005,4.4872,1.3679,9.9172,0.5401,1017.9691,50.0497,251.5975,12.3701,229.1319,11.2655,216.7992,10.6592,200.5849,9.862,187.666,9.2268,163.1209,8.02,67.5429,3.7573,16.6937,0.9286,15.2031,0.8457,14.3848,0.8002,13.3089,0.7403,12.4518,0.6927,10.8232,0.6021,0.0,0.0,0.0,0.0,0.0,0.0,0.0,0.0,0.0,0.0,0.0,0.0,0.0,0.0,0.0,0.0,0.0,0.0,0.0,0.0,0.0,0.0,0.0,0.0,0.0,0.0,0.0,0.0,0.0,0.0,0.0,0.0,0.0,0.0,0.0,0.636,0.677
128,0.001,3,10,100,32,16,256,184,440338,73,30,BarlowTwinsLossContrastiveLoss,gru,/home/dpetrovitch/dzagcoffee/train_trace/gender/checkpoints_2025-10-07 19:53:20.141369_ContrastiveLoss_gru_catboost/model_128_0.001_3_10_100_256_32_16_256_BarlowTwinsLossContrastiveLoss_gruepoch=05.ckpt,5,30,0.4193337,45.7272,1.6761,0.0005,4.4786,1.2951,10.4235,0.5989,1018.9447,49.9039,255.0511,12.4914,233.1869,11.4206,220.7757,10.8127,204.6045,10.0207,191.7861,9.3929,167.1655,8.1871,67.3052,3.6706,16.8471,0.9188,15.4029,0.84,14.5831,0.7953,13.5149,0.7371,12.6682,0.6909,11.0419,0.6022,0.0,0.0,0.0,0.0,0.0,0.0,0.0,0.0,0.0,0.0,0.0,0.0,0.0,0.0,0.0,0.0,0.0,0.0,0.0,0.0,0.0,0.0,0.0,0.0,0.0,0.0,0.0,0.0,0.0,0.0,0.0,0.0,0.0,0.0,0.0,0.664,0.6974
128,0.001,3,10,100,32,16,256,184,440338,73,30,BarlowTwinsLossContrastiveLoss,gru,/home/dpetrovitch/dzagcoffee/train_trace/gender/checkpoints_2025-10-07 19:53:20.141369_ContrastiveLoss_gru_catboost/model_128_0.001_3_10_100_256_32_16_256_BarlowTwinsLossContrastiveLoss_gruepoch=06.ckpt,6,30,0.42121542,49.2013,1.6765,0.0005,4.4639,1.3274,9.6321,0.5721,1064.4913,52.0792,258.2764,12.6359,236.8012,11.5853,224.8796,11.002,209.6387,10.2564,197.7411,9.6743,173.937,8.5097,74.4929,4.0292,18.0741,0.9776,16.5713,0.8963,15.737,0.8512,14.6705,0.7935,13.8379,0.7485,12.1721,0.6584,0.0,0.0,0.0,0.0,0.0,0.0,0.0,0.0,0.0,0.0,0.0,0.0,0.0,0.0,0.0,0.0,0.0,0.0,0.0,0.0,0.0,0.0,0.0,0.0,0.0,0.0,0.0,0.0,0.0,0.0,0.0,0.0,0.0,0.0,0.0,0.66,0.6982
128,0.001,3,10,100,32,16,256,184,440338,73,30,BarlowTwinsLossContrastiveLoss,gru,/home/dpetrovitch/dzagcoffee/train_trace/gender/checkpoints_2025-10-07 19:53:20.141369_ContrastiveLoss_gru_catboost/model_128_0.001_3_10_100_256_32_16_256_BarlowTwinsLossContrastiveLoss_gruepoch=07.ckpt,7,30,0.42614388,51.4794,1.6758,0.0005,4.4717,1.3206,11.1732,0.5781,1092.1191,53.4569,262.8285,12.8649,241.5528,11.8235,229.5408,11.2355,213.6354,10.457,200.5301,9.8155,174.4011,8.5366,73.6025,3.9985,17.7131,0.9623,16.2793,0.8844,15.4697,0.8404,14.3978,0.7822,13.5146,0.7342,11.7536,0.6385,0.0,0.0,0.0,0.0,0.0,0.0,0.0,0.0,0.0,0.0,0.0,0.0,0.0,0.0,0.0,0.0,0.0,0.0,0.0,0.0,0.0,0.0,0.0,0.0,0.0,0.0,0.0,0.0,0.0,0.0,0.0,0.0,0.0,0.0,0.0,0.664,0.6907
128,0.001,3,10,100,32,16,256,184,440338,73,30,BarlowTwinsLossContrastiveLoss,gru,/home/dpetrovitch/dzagcoffee/train_trace/gender/checkpoints_2025-10-07 19:53:20.141369_ContrastiveLoss_gru_catboost/model_128_0.001_3_10_100_256_32_16_256_BarlowTwinsLossContrastiveLoss_gruepoch=08.ckpt,8,30,0.4299531,54.266,1.6768,0.0005,4.4961,1.3446,10.6589,0.5589,1123.201,54.9433,265.6342,12.9939,244.7128,11.9705,233.1082,11.4029,217.942,10.661,205.8278,10.0684,181.5199,8.8794,77.9633,4.2145,18.4381,0.9967,16.9859,0.9182,16.1804,0.8747,15.1277,0.8178,14.2869,0.7723,12.5996,0.6811,0.0,0.0,0.0,0.0,0.0,0.0,0.0,0.0,0.0,0.0,0.0,0.0,0.0,0.0,0.0,0.0,0.0,0.0,0.0,0.0,0.0,0.0,0.0,0.0,0.0,0.0,0.0,0.0,0.0,0.0,0.0,0.0,0.0,0.0,0.0,0.684,0.7012
128,0.001,3,10,100,32,16,256,184,440338,73,30,BarlowTwinsLossContrastiveLoss,gru,/home/dpetrovitch/dzagcoffee/train_trace/gender/checkpoints_2025-10-07 19:53:20.141369_ContrastiveLoss_gru_catboost/model_128_0.001_3_10_100_256_32_16_256_BarlowTwinsLossContrastiveLoss_gruepoch=09.ckpt,9,30,0.4365977,54.3176,1.6759,0.0005,4.5467,1.3055,11.1975,0.5914,1124.0859,55.0004,268.2408,13.1247,247.4327,12.1066,235.8735,11.541,220.4261,10.7852,207.7402,10.1645,180.8483,8.8487,76.0196,4.1156,18.1406,0.9821,16.7334,0.9059,15.9516,0.8636,14.907,0.807,14.049,0.7606,12.2304,0.6621,0.0,0.0,0.0,0.0,0.0,0.0,0.0,0.0,0.0,0.0,0.0,0.0,0.0,0.0,0.0,0.0,0.0,0.0,0.0,0.0,0.0,0.0,0.0,0.0,0.0,0.0,0.0,0.0,0.0,0.0,0.0,0.0,0.0,0.0,0.0,0.656,0.7101
128,0.001,3,10,100,32,16,256,184,440338,73,30,BarlowTwinsLossContrastiveLoss,gru,/home/dpetrovitch/dzagcoffee/train_trace/gender/checkpoints_2025-10-07 19:53:20.141369_ContrastiveLoss_gru_catboost/model_128_0.001_3_10_100_256_32_16_256_BarlowTwinsLossContrastiveLoss_gruepoch=10.ckpt,10,30,0.4410065,55.8635,1.6767,0.0005,4.5443,1.319,12.0871,0.5807,1144.3263,55.9902,271.1056,13.2648,250.2246,12.2431,238.722,11.6803,223.5535,10.9382,210.7816,10.3132,184.6255,9.0335,76.8596,4.0477,18.209,0.9589,16.8065,0.8851,16.034,0.8444,15.0152,0.7907,14.1573,0.7456,12.4005,0.6531,0.0,0.0,0.0,0.0,0.0,0.0,0.0,0.0,0.0,0.0,0.0,0.0,0.0,0.0,0.0,0.0,0.0,0.0,0.0,0.0,0.0,0.0,0.0,0.0,0.0,0.0,0.0,0.0,0.0,0.0,0.0,0.0,0.0,0.0,0.0,0.672,0.6925
128,0.001,3,10,100,32,16,256,184,440338,73,30,BarlowTwinsLossContrastiveLoss,gru,/home/dpetrovitch/dzagcoffee/train_trace/gender/checkpoints_2025-10-07 19:53:20.141369_ContrastiveLoss_gru_catboost/model_128_0.001_3_10_100_256_32_16_256_BarlowTwinsLossContrastiveLoss_gruepoch=11.ckpt,11,30,0.44213152,54.4739,1.6729,0.0005,4.5638,1.2917,10.9629,0.6026,1141.6283,55.7031,271.1328,13.2293,250.686,12.2316,239.2202,11.6722,224.0451,10.9318,211.1786,10.304,184.2372,8.9894,78.9311,4.1605,18.7459,0.9881,17.3322,0.9136,16.5395,0.8718,15.4903,0.8165,14.6007,0.7696,12.738,0.6714,0.0,0.0,0.0,0.0,0.0,0.0,0.0,0.0,0.0,0.0,0.0,0.0,0.0,0.0,0.0,0.0,0.0,0.0,0.0,0.0,0.0,0.0,0.0,0.0,0.0,0.0,0.0,0.0,0.0,0.0,0.0,0.0,0.0,0.0,0.0,0.692,0.7114
128,0.001,3,10,100,32,16,256,184,440338,73,30,BarlowTwinsLossContrastiveLoss,gru,/home/dpetrovitch/dzagcoffee/train_trace/gender/checkpoints_2025-10-07 19:53:20.141369_ContrastiveLoss_gru_catboost/model_128_0.001_3_10_100_256_32_16_256_BarlowTwinsLossContrastiveLoss_gruepoch=12.ckpt,12,30,0.44197166,55.6703,1.6764,0.0005,4.5716,1.29,11.3116,0.6054,1154.1285,56.4531,273.374,13.3718,252.7743,12.3642,241.2233,11.7992,225.9923,11.0542,213.2372,10.4303,186.323,9.1138,77.5495,4.0591,18.3689,0.9615,16.9847,0.889,16.2085,0.8484,15.1851,0.7948,14.3281,0.75,12.5196,0.6553,0.0,0.0,0.0,0.0,0.0,0.0,0.0,0.0,0.0,0.0,0.0,0.0,0.0,0.0,0.0,0.0,0.0,0.0,0.0,0.0,0.0,0.0,0.0,0.0,0.0,0.0,0.0,0.0,0.0,0.0,0.0,0.0,0.0,0.0,0.0,0.68,0.6972
128,0.001,3,10,100,32,16,256,184,440338,73,30,BarlowTwinsLossContrastiveLoss,gru,/home/dpetrovitch/dzagcoffee/train_trace/gender/checkpoints_2025-10-07 19:53:20.141369_ContrastiveLoss_gru_catboost/model_128_0.001_3_10_100_256_32_16_256_BarlowTwinsLossContrastiveLoss_gruepoch=13.ckpt,13,30,0.44474995,55.5334,1.675,0.0005,4.5813,1.2886,11.4792,0.6053,1174.3259,57.3192,273.4094,13.3452,253.1386,12.3558,241.7702,11.8009,226.7913,11.0698,214.2114,10.4557,187.4026,9.1472,78.4044,4.1784,18.2543,0.9728,16.9009,0.9007,16.1419,0.8603,15.1418,0.807,14.3019,0.7622,12.512,0.6668,0.0,0.0,0.0,0.0,0.0,0.0,0.0,0.0,0.0,0.0,0.0,0.0,0.0,0.0,0.0,0.0,0.0,0.0,0.0,0.0,0.0,0.0,0.0,0.0,0.0,0.0,0.0,0.0,0.0,0.0,0.0,0.0,0.0,0.0,0.0,0.68,0.7133
128,0.001,3,10,100,32,16,256,184,440338,73,30,BarlowTwinsLossContrastiveLoss,gru,/home/dpetrovitch/dzagcoffee/train_trace/gender/checkpoints_2025-10-07 19:53:20.141369_ContrastiveLoss_gru_catboost/model_128_0.001_3_10_100_256_32_16_256_BarlowTwinsLossContrastiveLoss_gruepoch=14.ckpt,14,30,0.44761965,56.1885,1.6751,0.0005,4.5968,1.2805,11.371,0.6131,1177.6747,57.4969,274.818,13.4173,254.4093,12.4209,242.9113,11.8595,227.7784,11.1207,214.8295,10.4885,186.8987,9.1248,78.3638,4.2059,18.2867,0.9815,16.9287,0.9086,16.1636,0.8675,15.1566,0.8135,14.295,0.7672,12.4365,0.6675,0.0,0.0,0.0,0.0,0.0,0.0,0.0,0.0,0.0,0.0,0.0,0.0,0.0,0.0,0.0,0.0,0.0,0.0,0.0,0.0,0.0,0.0,0.0,0.0,0.0,0.0,0.0,0.0,0.0,0.0,0.0,0.0,0.0,0.0,0.0,0.652,0.7026
128,0.001,3,10,100,32,16,256,184,440338,73,30,BarlowTwinsLossContrastiveLoss,gru,/home/dpetrovitch/dzagcoffee/train_trace/gender/checkpoints_2025-10-07 19:53:20.141369_ContrastiveLoss_gru_catboost/model_128_0.001_3_10_100_256_32_16_256_BarlowTwinsLossContrastiveLoss_gruepoch=15.ckpt,15,30,0.4507978,57.4685,1.6748,0.0005,4.5917,1.305,12.3061,0.5914,1204.0115,58.7792,275.9272,13.4706,255.7047,12.4834,244.4686,11.9348,229.6113,11.2095,217.1373,10.6005,190.0964,9.2804,79.5572,4.1992,18.2324,0.9623,16.8961,0.8918,16.1537,0.8526,15.172,0.8008,14.3477,0.7573,12.561,0.663,0.0,0.0,0.0,0.0,0.0,0.0,0.0,0.0,0.0,0.0,0.0,0.0,0.0,0.0,0.0,0.0,0.0,0.0,0.0,0.0,0.0,0.0,0.0,0.0,0.0,0.0,0.0,0.0,0.0,0.0,0.0,0.0,0.0,0.0,0.0,0.68,0.6958
128,0.001,3,10,100,32,16,256,184,440338,73,30,BarlowTwinsLossContrastiveLoss,gru,/home/dpetrovitch/dzagcoffee/train_trace/gender/checkpoints_2025-10-07 19:53:20.141369_ContrastiveLoss_gru_catboost/model_128_0.001_3_10_100_256_32_16_256_BarlowTwinsLossContrastiveLoss_gruepoch=16.ckpt,16,30,0.44277117,56.8739,1.6739,0.0005,4.6002,1.2858,11.4571,0.6073,1212.9021,59.1731,276.4394,13.4865,256.4881,12.5131,245.3034,11.9675,230.4783,11.2442,218.4532,10.6575,192.2546,9.3794,81.911,4.229,18.6688,0.9638,17.3214,0.8943,16.5661,0.8553,15.5649,0.8036,14.7528,0.7617,12.9835,0.6703,0.0,0.0,0.0,0.0,0.0,0.0,0.0,0.0,0.0,0.0,0.0,0.0,0.0,0.0,0.0,0.0,0.0,0.0,0.0,0.0,0.0,0.0,0.0,0.0,0.0,0.0,0.0,0.0,0.0,0.0,0.0,0.0,0.0,0.0,0.0,0.696,0.7087
128,0.001,3,10,100,32,16,256,184,440338,73,30,BarlowTwinsLossContrastiveLoss,gru,/home/dpetrovitch/dzagcoffee/train_trace/gender/checkpoints_2025-10-07 19:53:20.141369_ContrastiveLoss_gru_catboost/model_128_0.001_3_10_100_256_32_16_256_BarlowTwinsLossContrastiveLoss_gruepoch=17.ckpt,17,30,0.4470658,56.3084,1.6643,0.0005,4.5931,1.2743,12.4021,0.6179,1206.3235,58.7596,276.6722,13.4766,256.6641,12.502,245.3261,11.9498,230.4572,11.2255,217.9874,10.6181,195.4285,9.5193,78.7417,4.0975,18.0595,0.9398,16.7535,0.8718,16.0134,0.8333,15.0429,0.7828,14.2289,0.7404,12.7564,0.6638,0.0,0.0,0.0,0.0,0.0,0.0,0.0,0.0,0.0,0.0,0.0,0.0,0.0,0.0,0.0,0.0,0.0,0.0,0.0,0.0,0.0,0.0,0.0,0.0,0.0,0.0,0.0,0.0,0.0,0.0,0.0,0.0,0.0,0.0,0.0,0.672,0.7073
128,0.001,3,10,100,32,16,256,184,440338,73,30,BarlowTwinsLossContrastiveLoss,gru,/home/dpetrovitch/dzagcoffee/train_trace/gender/checkpoints_2025-10-07 19:53:20.141369_ContrastiveLoss_gru_catboost/model_128_0.001_3_10_100_256_32_16_256_BarlowTwinsLossContrastiveLoss_gruepoch=18.ckpt,18,30,0.45260248,57.578,1.6743,0.0005,4.6022,1.2776,12.2981,0.6162,1215.912,59.3644,277.4125,13.5441,257.3126,12.5628,246.1147,12.016,231.2199,11.2888,218.9308,10.6888,190.8889,9.3198,76.5649,4.0551,17.4684,0.9252,16.2027,0.8582,15.4976,0.8208,14.5597,0.7711,13.7859,0.7301,12.0201,0.6366,0.0,0.0,0.0,0.0,0.0,0.0,0.0,0.0,0.0,0.0,0.0,0.0,0.0,0.0,0.0,0.0,0.0,0.0,0.0,0.0,0.0,0.0,0.0,0.0,0.0,0.0,0.0,0.0,0.0,0.0,0.0,0.0,0.0,0.0,0.0,0.684,0.7
128,0.001,3,10,100,32,16,256,184,440338,73,30,BarlowTwinsLossContrastiveLoss,gru,/home/dpetrovitch/dzagcoffee/train_trace/gender/checkpoints_2025-10-07 19:53:20.141369_ContrastiveLoss_gru_catboost/model_128_0.001_3_10_100_256_32_16_256_BarlowTwinsLossContrastiveLoss_gruepoch=19.ckpt,19,30,0.44749975,57.5592,1.6741,0.0005,4.6167,1.2644,12.6676,0.6284,1216.6213,59.3956,278.7075,13.6065,258.715,12.6305,247.609,12.0883,232.6918,11.36,220.1685,10.7487,193.2584,9.4349,81.2259,4.1712,18.6075,0.9556,17.2727,0.887,16.5312,0.8489,15.5353,0.7978,14.6992,0.7548,12.9026,0.6626,0.0,0.0,0.0,0.0,0.0,0.0,0.0,0.0,0.0,0.0,0.0,0.0,0.0,0.0,0.0,0.0,0.0,0.0,0.0,0.0,0.0,0.0,0.0,0.0,0.0,0.0,0.0,0.0,0.0,0.0,0.0,0.0,0.0,0.0,0.0,0.7,0.7282
128,0.001,3,10,100,32,16,256,184,440338,73,30,BarlowTwinsLossContrastiveLoss,gru,/home/dpetrovitch/dzagcoffee/train_trace/gender/checkpoints_2025-10-07 19:53:20.141369_ContrastiveLoss_gru_catboost/model_128_0.001_3_10_100_256_32_16_256_BarlowTwinsLossContrastiveLoss_gruepoch=20.ckpt,20,30,0.44857058,58.0647,1.668,0.0005,4.6015,1.2876,12.4454,0.6064,1236.8846,60.2655,278.1533,13.5526,258.3572,12.5881,247.2386,12.0464,232.5458,11.3305,220.3269,10.7351,193.4306,9.4246,78.2767,4.1758,17.603,0.9391,16.3502,0.8722,15.6466,0.8347,14.7168,0.7851,13.9435,0.7438,12.2413,0.653,0.0,0.0,0.0,0.0,0.0,0.0,0.0,0.0,0.0,0.0,0.0,0.0,0.0,0.0,0.0,0.0,0.0,0.0,0.0,0.0,0.0,0.0,0.0,0.0,0.0,0.0,0.0,0.0,0.0,0.0,0.0,0.0,0.0,0.0,0.0,0.7,0.6922
128,0.001,3,10,100,32,16,256,184,440338,73,30,BarlowTwinsLossContrastiveLoss,gru,/home/dpetrovitch/dzagcoffee/train_trace/gender/checkpoints_2025-10-07 19:53:20.141369_ContrastiveLoss_gru_catboost/model_128_0.001_3_10_100_256_32_16_256_BarlowTwinsLossContrastiveLoss_gruepoch=21.ckpt,21,30,0.44608065,57.772,1.6729,0.0005,4.6177,1.2692,12.9964,0.6231,1242.3165,60.5746,279.9372,13.6496,260.1083,12.6827,249.0296,12.1425,234.3527,11.4269,222.1396,10.8314,195.6342,9.539,82.2004,4.207,18.5226,0.948,17.2106,0.8808,16.4775,0.8433,15.5064,0.7936,14.6983,0.7523,12.9445,0.6625,0.0,0.0,0.0,0.0,0.0,0.0,0.0,0.0,0.0,0.0,0.0,0.0,0.0,0.0,0.0,0.0,0.0,0.0,0.0,0.0,0.0,0.0,0.0,0.0,0.0,0.0,0.0,0.0,0.0,0.0,0.0,0.0,0.0,0.0,0.0,0.648,0.6737
128,0.001,3,10,100,32,16,256,184,440338,73,30,BarlowTwinsLossContrastiveLoss,gru,/home/dpetrovitch/dzagcoffee/train_trace/gender/checkpoints_2025-10-07 19:53:20.141369_ContrastiveLoss_gru_catboost/model_128_0.001_3_10_100_256_32_16_256_BarlowTwinsLossContrastiveLoss_gruepoch=22.ckpt,22,30,0.4512461,57.3101,1.6736,0.0005,4.6347,1.2621,12.6634,0.6301,1240.9626,60.5152,279.727,13.6408,259.9446,12.6761,248.9181,12.1384,234.088,11.4152,221.8345,10.8177,194.159,9.4681,81.8858,4.2447,18.458,0.9568,17.1526,0.8891,16.425,0.8514,15.4465,0.8007,14.6379,0.7588,12.8117,0.6641,0.0,0.0,0.0,0.0,0.0,0.0,0.0,0.0,0.0,0.0,0.0,0.0,0.0,0.0,0.0,0.0,0.0,0.0,0.0,0.0,0.0,0.0,0.0,0.0,0.0,0.0,0.0,0.0,0.0,0.0,0.0,0.0,0.0,0.0,0.0,0.684,0.694
128,0.001,3,10,100,32,16,256,184,440338,73,30,BarlowTwinsLossContrastiveLoss,gru,/home/dpetrovitch/dzagcoffee/train_trace/gender/checkpoints_2025-10-07 19:53:20.141369_ContrastiveLoss_gru_catboost/model_128_0.001_3_10_100_256_32_16_256_BarlowTwinsLossContrastiveLoss_gruepoch=23.ckpt,23,30,0.4540216,58.5068,1.6748,0.0005,4.6211,1.2772,12.9729,0.616,1257.9424,61.364,279.4933,13.634,260.0519,12.6857,249.1188,12.1523,234.9301,11.4602,223.3716,10.8963,197.6702,9.6426,81.3587,4.2471,18.0765,0.9436,16.8191,0.878,16.112,0.8411,15.1943,0.7932,14.4468,0.7542,12.7845,0.6674,0.0,0.0,0.0,0.0,0.0,0.0,0.0,0.0,0.0,0.0,0.0,0.0,0.0,0.0,0.0,0.0,0.0,0.0,0.0,0.0,0.0,0.0,0.0,0.0,0.0,0.0,0.0,0.0,0.0,0.0,0.0,0.0,0.0,0.0,0.0,0.696,0.6911
128,0.001,3,10,100,32,16,256,184,440338,73,30,BarlowTwinsLossContrastiveLoss,gru,/home/dpetrovitch/dzagcoffee/train_trace/gender/checkpoints_2025-10-07 19:53:20.141369_ContrastiveLoss_gru_catboost/model_128_0.001_3_10_100_256_32_16_256_BarlowTwinsLossContrastiveLoss_gruepoch=24.ckpt,24,30,0.45014963,58.5649,1.6746,0.0005,4.6272,1.2737,13.062,0.6194,1265.3663,61.7475,280.6791,13.6966,261.0115,12.7369,249.8315,12.1913,235.3472,11.4845,223.2611,10.8947,197.3595,9.6308,84.0052,4.3343,18.6337,0.9614,17.328,0.894,16.5858,0.8558,15.6242,0.8061,14.8219,0.7647,13.1023,0.676,0.0,0.0,0.0,0.0,0.0,0.0,0.0,0.0,0.0,0.0,0.0,0.0,0.0,0.0,0.0,0.0,0.0,0.0,0.0,0.0,0.0,0.0,0.0,0.0,0.0,0.0,0.0,0.0,0.0,0.0,0.0,0.0,0.0,0.0,0.0,0.668,0.6883
128,0.001,3,10,100,32,16,256,184,440338,73,30,BarlowTwinsLossContrastiveLoss,gru,/home/dpetrovitch/dzagcoffee/train_trace/gender/checkpoints_2025-10-07 19:53:20.141369_ContrastiveLoss_gru_catboost/model_128_0.001_3_10_100_256_32_16_256_BarlowTwinsLossContrastiveLoss_gruepoch=25.ckpt,25,30,0.4489161,57.8583,1.672,0.0005,4.6313,1.261,12.7383,0.6309,1251.4923,60.9893,280.5378,13.6715,260.9985,12.7193,249.8813,12.1775,235.1536,11.4598,222.7207,10.8539,195.2434,9.5148,87.6365,4.4017,19.6448,0.9867,18.2766,0.918,17.4981,0.8789,16.4668,0.8271,15.5961,0.7834,13.672,0.6867,0.0,0.0,0.0,0.0,0.0,0.0,0.0,0.0,0.0,0.0,0.0,0.0,0.0,0.0,0.0,0.0,0.0,0.0,0.0,0.0,0.0,0.0,0.0,0.0,0.0,0.0,0.0,0.0,0.0,0.0,0.0,0.0,0.0,0.0,0.0,0.676,0.7066
128,0.001,3,10,100,32,16,256,184,440338,73,30,BarlowTwinsLossContrastiveLoss,gru,/home/dpetrovitch/dzagcoffee/train_trace/gender/checkpoints_2025-10-07 19:53:20.141369_ContrastiveLoss_gru_catboost/model_128_0.001_3_10_100_256_32_16_256_BarlowTwinsLossContrastiveLoss_gruepoch=26.ckpt,26,30,0.45483828,58.6414,1.6717,0.0005,4.6189,1.2816,12.9331,0.611,1276.9662,62.1936,279.8586,13.6303,260.5709,12.6909,249.6528,12.1591,235.2318,11.4568,223.2932,10.8753,198.3647,9.6612,85.6069,4.3963,18.7615,0.9635,17.4685,0.8971,16.7366,0.8595,15.7698,0.8098,14.9694,0.7687,13.2982,0.6829,0.0,0.0,0.0,0.0,0.0,0.0,0.0,0.0,0.0,0.0,0.0,0.0,0.0,0.0,0.0,0.0,0.0,0.0,0.0,0.0,0.0,0.0,0.0,0.0,0.0,0.0,0.0,0.0,0.0,0.0,0.0,0.0,0.0,0.0,0.0,0.68,0.7049
128,0.001,3,10,100,32,16,256,184,440338,73,30,BarlowTwinsLossContrastiveLoss,gru,/home/dpetrovitch/dzagcoffee/train_trace/gender/checkpoints_2025-10-07 19:53:20.141369_ContrastiveLoss_gru_catboost/model_128_0.001_3_10_100_256_32_16_256_BarlowTwinsLossContrastiveLoss_gruepoch=27.ckpt,27,30,0.45413294,58.0408,1.6736,0.0005,4.6477,1.2615,12.8197,0.6308,1266.6699,61.7592,280.6313,13.6828,261.1127,12.7311,250.1946,12.1988,235.6978,11.4919,223.708,10.9074,197.0726,9.6087,86.4781,4.4319,19.1593,0.9819,17.8267,0.9136,17.0813,0.8754,16.0916,0.8247,15.273,0.7827,13.4545,0.6895,0.0,0.0,0.0,0.0,0.0,0.0,0.0,0.0,0.0,0.0,0.0,0.0,0.0,0.0,0.0,0.0,0.0,0.0,0.0,0.0,0.0,0.0,0.0,0.0,0.0,0.0,0.0,0.0,0.0,0.0,0.0,0.0,0.0,0.0,0.0,0.676,0.6958
128,0.001,3,10,100,32,16,256,184,440338,73,30,BarlowTwinsLossContrastiveLoss,gru,/home/dpetrovitch/dzagcoffee/train_trace/gender/checkpoints_2025-10-07 19:53:20.141369_ContrastiveLoss_gru_catboost/model_128_0.001_3_10_100_256_32_16_256_BarlowTwinsLossContrastiveLoss_gruepoch=28.ckpt,28,30,0.4581991,59.1575,1.6705,0.0005,4.6352,1.2772,12.1097,0.6151,1278.7402,62.3034,279.8703,13.636,260.6481,12.6994,249.8432,12.173,235.7858,11.4881,224.1418,10.9208,197.9725,9.6457,86.8631,4.4397,19.0112,0.9717,17.7055,0.905,16.9715,0.8674,16.0166,0.8186,15.2257,0.7782,13.448,0.6873,0.0,0.0,0.0,0.0,0.0,0.0,0.0,0.0,0.0,0.0,0.0,0.0,0.0,0.0,0.0,0.0,0.0,0.0,0.0,0.0,0.0,0.0,0.0,0.0,0.0,0.0,0.0,0.0,0.0,0.0,0.0,0.0,0.0,0.0,0.0,0.672,0.696
128,0.001,3,10,100,32,16,256,184,440338,73,30,BarlowTwinsLossContrastiveLoss,gru,/home/dpetrovitch/dzagcoffee/train_trace/gender/checkpoints_2025-10-07 19:53:20.141369_ContrastiveLoss_gru_catboost/model_128_0.001_3_10_100_256_32_16_256_BarlowTwinsLossContrastiveLoss_gruepoch=29.ckpt,29,30,0.4451611,59.6644,1.674,0.0005,4.6323,1.2822,12.7467,0.6112,1291.9905,62.9918,280.5898,13.6803,261.2689,12.7383,250.4719,12.2119,236.2741,11.5197,224.7127,10.956,198.2211,9.6644,84.639,4.3929,18.3816,0.954,17.1159,0.8883,16.4085,0.8516,15.4784,0.8034,14.721,0.764,12.9856,0.674,0.0,0.0,0.0,0.0,0.0,0.0,0.0,0.0,0.0,0.0,0.0,0.0,0.0,0.0,0.0,0.0,0.0,0.0,0.0,0.0,0.0,0.0,0.0,0.0,0.0,0.0,0.0,0.0,0.0,0.0,0.0,0.0,0.0,0.0,0.0,0.7,0.7073
128,0.001,3,10,100,32,16,256,184,440338,73,30,VicregLoss,gru,/home/dpetrovitch/dzagcoffee/train_trace/gender/checkpoints_2025-10-07 19:53:20.141369_ContrastiveLoss_gru_catboost/model_128_0.001_3_10_100_256_32_16_256_VicregLoss_gruepoch=00.ckpt,0,30,0.05017304,22.5876,1.6699,0.0002,4.3499,1.0752,1.0703,0.7604,505.3464,26.5761,47.8188,2.5148,29.0086,1.5256,26.3655,1.3866,24.4277,1.2847,23.3694,1.229,22.0569,1.16,19.2269,2.7455,1.8194,0.2598,1.1037,0.1576,1.0031,0.1432,0.9294,0.1327,0.8891,0.127,0.8392,0.1198,0.0,0.0,0.0,0.0,0.0,0.0,0.0,0.0,0.0,0.0,0.0,0.0,0.0,0.0,0.0,0.0,0.0,0.0,0.0,0.0,0.0,0.0,0.0,0.0,0.0,0.0,0.0,0.0,0.0,0.0,0.0,0.0,0.0,0.0,0.0,0.556,0.518
128,0.001,3,10,100,32,16,256,184,440338,73,30,VicregLoss,gru,/home/dpetrovitch/dzagcoffee/train_trace/gender/checkpoints_2025-10-07 19:53:20.141369_ContrastiveLoss_gru_catboost/model_128_0.001_3_10_100_256_32_16_256_VicregLoss_gruepoch=01.ckpt,1,30,0.045722827,23.2613,1.6654,0.0002,4.2465,1.0557,1.055,0.7987,533.6606,27.8192,51.3504,2.6768,29.4065,1.5329,26.3271,1.3724,24.1569,1.2593,23.0814,1.2032,21.8269,1.1378,21.2427,2.1319,2.044,0.2051,1.1705,0.1175,1.048,0.1052,0.9616,0.0965,0.9188,0.0922,0.8688,0.0872,0.0,0.0,0.0,0.0,0.0,0.0,0.0,0.0,0.0,0.0,0.0,0.0,0.0,0.0,0.0,0.0,0.0,0.0,0.0,0.0,0.0,0.0,0.0,0.0,0.0,0.0,0.0,0.0,0.0,0.0,0.0,0.0,0.0,0.0,0.0,0.556,0.5315
128,0.001,3,10,100,32,16,256,184,440338,73,30,VicregLoss,gru,/home/dpetrovitch/dzagcoffee/train_trace/gender/checkpoints_2025-10-07 19:53:20.141369_ContrastiveLoss_gru_catboost/model_128_0.001_3_10_100_256_32_16_256_VicregLoss_gruepoch=02.ckpt,2,30,0.04616828,26.7259,1.6576,0.0003,4.1366,1.1538,1.1539,0.6243,585.8491,30.5729,51.295,2.6769,33.8174,1.7648,29.962,1.5636,27.1465,1.4167,25.8139,1.3471,24.2606,1.2661,25.0805,3.0588,2.196,0.2678,1.4477,0.1766,1.2827,0.1564,1.1622,0.1417,1.1051,0.1348,1.0386,0.1267,0.0,0.0,0.0,0.0,0.0,0.0,0.0,0.0,0.0,0.0,0.0,0.0,0.0,0.0,0.0,0.0,0.0,0.0,0.0,0.0,0.0,0.0,0.0,0.0,0.0,0.0,0.0,0.0,0.0,0.0,0.0,0.0,0.0,0.0,0.0,0.588,0.5305
128,0.001,3,10,100,32,16,256,184,440338,73,30,VicregLoss,gru,/home/dpetrovitch/dzagcoffee/train_trace/gender/checkpoints_2025-10-07 19:53:20.141369_ContrastiveLoss_gru_catboost/model_128_0.001_3_10_100_256_32_16_256_VicregLoss_gruepoch=03.ckpt,3,30,0.045375895,23.4038,1.6652,0.0003,4.1734,1.1399,1.1294,0.695,550.2774,29.1085,41.2244,2.1807,27.5111,1.4553,25.3148,1.3391,23.6271,1.2498,22.7993,1.206,21.8615,1.1564,22.8089,5.9529,1.7087,0.446,1.1403,0.2976,1.0493,0.2739,0.9793,0.2556,0.945,0.2466,0.9062,0.2365,0.0,0.0,0.0,0.0,0.0,0.0,0.0,0.0,0.0,0.0,0.0,0.0,0.0,0.0,0.0,0.0,0.0,0.0,0.0,0.0,0.0,0.0,0.0,0.0,0.0,0.0,0.0,0.0,0.0,0.0,0.0,0.0,0.0,0.0,0.0,0.496,0.5091
128,0.001,3,10,100,32,16,256,184,440338,73,30,VicregLoss,gru,/home/dpetrovitch/dzagcoffee/train_trace/gender/checkpoints_2025-10-07 19:53:20.141369_ContrastiveLoss_gru_catboost/model_128_0.001_3_10_100_256_32_16_256_VicregLoss_gruepoch=04.ckpt,4,30,0.046288207,23.2711,1.6473,0.0002,4.1278,1.1767,1.1929,0.643,552.9946,28.9088,43.7251,2.2858,30.3636,1.5873,26.9832,1.4106,24.7932,1.2961,23.7915,1.2437,22.5941,1.1812,25.0759,4.7828,1.9827,0.3782,1.3769,0.2626,1.2236,0.2334,1.1243,0.2144,1.0788,0.2058,1.0245,0.1954,0.0,0.0,0.0,0.0,0.0,0.0,0.0,0.0,0.0,0.0,0.0,0.0,0.0,0.0,0.0,0.0,0.0,0.0,0.0,0.0,0.0,0.0,0.0,0.0,0.0,0.0,0.0,0.0,0.0,0.0,0.0,0.0,0.0,0.0,0.0,0.508,0.4623
128,0.001,3,10,100,32,16,256,184,440338,73,30,VicregLoss,gru,/home/dpetrovitch/dzagcoffee/train_trace/gender/checkpoints_2025-10-07 19:53:20.141369_ContrastiveLoss_gru_catboost/model_128_0.001_3_10_100_256_32_16_256_VicregLoss_gruepoch=05.ckpt,5,30,0.044069525,23.8508,1.6722,0.0003,4.1087,1.1674,1.1782,0.6513,556.662,29.2923,45.4225,2.3902,31.5272,1.659,28.1023,1.4788,25.4991,1.3418,24.3277,1.2802,23.0407,1.2124,25.6065,4.9958,2.0894,0.4076,1.4503,0.2829,1.2927,0.2522,1.173,0.2288,1.1191,0.2183,1.0599,0.2068,0.0,0.0,0.0,0.0,0.0,0.0,0.0,0.0,0.0,0.0,0.0,0.0,0.0,0.0,0.0,0.0,0.0,0.0,0.0,0.0,0.0,0.0,0.0,0.0,0.0,0.0,0.0,0.0,0.0,0.0,0.0,0.0,0.0,0.0,0.0,0.548,0.4925
128,0.001,3,10,100,32,16,256,184,440338,73,30,VicregLoss,gru,/home/dpetrovitch/dzagcoffee/train_trace/gender/checkpoints_2025-10-07 19:53:20.141369_ContrastiveLoss_gru_catboost/model_128_0.001_3_10_100_256_32_16_256_VicregLoss_gruepoch=06.ckpt,6,30,0.046369586,18.8286,1.6724,0.0002,4.2784,1.0867,1.086,0.7948,483.3514,26.5262,34.6609,1.9022,22.021,1.2085,20.8516,1.1443,19.9048,1.0924,19.3891,1.0641,18.7466,1.0288,19.3107,4.4553,1.3848,0.3195,0.8798,0.203,0.8331,0.1922,0.7952,0.1835,0.7746,0.1787,0.749,0.1728,0.0,0.0,0.0,0.0,0.0,0.0,0.0,0.0,0.0,0.0,0.0,0.0,0.0,0.0,0.0,0.0,0.0,0.0,0.0,0.0,0.0,0.0,0.0,0.0,0.0,0.0,0.0,0.0,0.0,0.0,0.0,0.0,0.0,0.0,0.0,0.512,0.4527
128,0.001,3,10,100,32,16,256,184,440338,73,30,VicregLoss,gru,/home/dpetrovitch/dzagcoffee/train_trace/gender/checkpoints_2025-10-07 19:53:20.141369_ContrastiveLoss_gru_catboost/model_128_0.001_3_10_100_256_32_16_256_VicregLoss_gruepoch=07.ckpt,7,30,0.047607422,25.9463,1.6644,0.0003,3.9544,1.2928,1.2943,0.5801,580.9264,29.9441,44.4616,2.2918,33.0407,1.7031,29.9138,1.5419,27.3187,1.4082,25.9516,1.3377,24.4143,1.2584,28.3692,5.726,2.1713,0.4382,1.6135,0.3257,1.4608,0.2949,1.3341,0.2693,1.2673,0.2558,1.1923,0.2406,0.0,0.0,0.0,0.0,0.0,0.0,0.0,0.0,0.0,0.0,0.0,0.0,0.0,0.0,0.0,0.0,0.0,0.0,0.0,0.0,0.0,0.0,0.0,0.0,0.0,0.0,0.0,0.0,0.0,0.0,0.0,0.0,0.0,0.0,0.0,0.556,0.5134
128,0.001,3,10,100,32,16,256,184,440338,73,30,VicregLoss,gru,/home/dpetrovitch/dzagcoffee/train_trace/gender/checkpoints_2025-10-07 19:53:20.141369_ContrastiveLoss_gru_catboost/model_128_0.001_3_10_100_256_32_16_256_VicregLoss_gruepoch=08.ckpt,8,30,0.047920093,25.6598,1.6613,0.0004,3.9528,1.3458,1.3329,0.5555,564.3794,28.9254,45.6848,2.3414,33.4427,1.714,30.1974,1.5477,27.7234,1.4209,26.449,1.3556,24.7705,1.2695,25.6868,4.8167,2.0793,0.3899,1.5221,0.2854,1.3744,0.2577,1.2618,0.2366,1.2038,0.2257,1.1274,0.2114,0.0,0.0,0.0,0.0,0.0,0.0,0.0,0.0,0.0,0.0,0.0,0.0,0.0,0.0,0.0,0.0,0.0,0.0,0.0,0.0,0.0,0.0,0.0,0.0,0.0,0.0,0.0,0.0,0.0,0.0,0.0,0.0,0.0,0.0,0.0,0.544,0.4776
128,0.001,3,10,100,32,16,256,184,440338,73,30,VicregLoss,gru,/home/dpetrovitch/dzagcoffee/train_trace/gender/checkpoints_2025-10-07 19:53:20.141369_ContrastiveLoss_gru_catboost/model_128_0.001_3_10_100_256_32_16_256_VicregLoss_gruepoch=09.ckpt,9,30,0.035554584,30.5202,1.6515,0.0003,4.1044,1.1117,1.1058,0.6791,639.8782,34.3862,54.462,2.9267,34.1394,1.8346,30.2385,1.625,27.6344,1.485,26.3795,1.4176,24.8392,1.3348,28.5969,2.8344,2.434,0.2412,1.5257,0.1512,1.3514,0.1339,1.235,0.1224,1.1789,0.1169,1.1101,0.11,0.0,0.0,0.0,0.0,0.0,0.0,0.0,0.0,0.0,0.0,0.0,0.0,0.0,0.0,0.0,0.0,0.0,0.0,0.0,0.0,0.0,0.0,0.0,0.0,0.0,0.0,0.0,0.0,0.0,0.0,0.0,0.0,0.0,0.0,0.0,0.544,0.4942
128,0.001,3,10,100,32,16,256,184,440338,73,30,VicregLoss,gru,/home/dpetrovitch/dzagcoffee/train_trace/gender/checkpoints_2025-10-07 19:53:20.141369_ContrastiveLoss_gru_catboost/model_128_0.001_3_10_100_256_32_16_256_VicregLoss_gruepoch=10.ckpt,10,30,0.038402893,26.3277,1.6478,0.0003,4.0818,1.0676,1.0655,0.7771,582.9276,31.6777,47.0799,2.5584,27.7632,1.5087,25.2654,1.373,23.6349,1.2844,22.8109,1.2396,21.773,1.1832,24.0394,2.7676,1.9415,0.2235,1.1449,0.1318,1.0419,0.12,0.9747,0.1122,0.9407,0.1083,0.8979,0.1034,0.0,0.0,0.0,0.0,0.0,0.0,0.0,0.0,0.0,0.0,0.0,0.0,0.0,0.0,0.0,0.0,0.0,0.0,0.0,0.0,0.0,0.0,0.0,0.0,0.0,0.0,0.0,0.0,0.0,0.0,0.0,0.0,0.0,0.0,0.0,0.544,0.4994
128,0.001,3,10,100,32,16,256,184,440338,73,30,VicregLoss,gru,/home/dpetrovitch/dzagcoffee/train_trace/gender/checkpoints_2025-10-07 19:53:20.141369_ContrastiveLoss_gru_catboost/model_128_0.001_3_10_100_256_32_16_256_VicregLoss_gruepoch=11.ckpt,11,30,0.037567675,19.5206,1.6566,0.0002,4.2563,1.0399,1.0392,0.8459,469.969,26.7662,40.5789,2.3111,20.2056,1.1508,18.9174,1.0774,18.0917,1.0304,17.6694,1.0063,17.1058,0.9742,17.3007,2.1037,1.4938,0.1816,0.7438,0.0904,0.6964,0.0847,0.666,0.081,0.6505,0.0791,0.6297,0.0766,0.0,0.0,0.0,0.0,0.0,0.0,0.0,0.0,0.0,0.0,0.0,0.0,0.0,0.0,0.0,0.0,0.0,0.0,0.0,0.0,0.0,0.0,0.0,0.0,0.0,0.0,0.0,0.0,0.0,0.0,0.0,0.0,0.0,0.0,0.0,0.54,0.5117
128,0.001,3,10,100,32,16,256,184,440338,73,30,VicregLoss,gru,/home/dpetrovitch/dzagcoffee/train_trace/gender/checkpoints_2025-10-07 19:53:20.141369_ContrastiveLoss_gru_catboost/model_128_0.001_3_10_100_256_32_16_256_VicregLoss_gruepoch=12.ckpt,12,30,0.04346131,22.3992,1.6518,0.0002,4.1117,1.043,1.0408,0.8369,518.1737,28.8045,41.7138,2.3188,23.2423,1.292,21.5532,1.1981,20.434,1.1359,19.8493,1.1034,19.1222,1.063,19.9758,2.4713,1.6081,0.1989,0.896,0.1109,0.8309,0.1028,0.7877,0.0975,0.7652,0.0947,0.7372,0.0912,0.0,0.0,0.0,0.0,0.0,0.0,0.0,0.0,0.0,0.0,0.0,0.0,0.0,0.0,0.0,0.0,0.0,0.0,0.0,0.0,0.0,0.0,0.0,0.0,0.0,0.0,0.0,0.0,0.0,0.0,0.0,0.0,0.0,0.0,0.0,0.564,0.5149
128,0.001,3,10,100,32,16,256,184,440338,73,30,VicregLoss,gru,/home/dpetrovitch/dzagcoffee/train_trace/gender/checkpoints_2025-10-07 19:53:20.141369_ContrastiveLoss_gru_catboost/model_128_0.001_3_10_100_256_32_16_256_VicregLoss_gruepoch=13.ckpt,13,30,0.045431573,19.047,1.6507,0.0002,4.1969,1.0376,1.0347,0.855,463.2148,26.2056,37.9753,2.1484,20.0045,1.1317,18.7589,1.0613,17.9402,1.0149,17.5241,0.9914,16.9623,0.9596,18.1784,2.1547,1.4903,0.1766,0.7851,0.0931,0.7362,0.0873,0.704,0.0835,0.6877,0.0815,0.6657,0.0789,0.0,0.0,0.0,0.0,0.0,0.0,0.0,0.0,0.0,0.0,0.0,0.0,0.0,0.0,0.0,0.0,0.0,0.0,0.0,0.0,0.0,0.0,0.0,0.0,0.0,0.0,0.0,0.0,0.0,0.0,0.0,0.0,0.0,0.0,0.0,0.524,0.5137
128,0.001,3,10,100,32,16,256,184,440338,73,30,VicregLoss,gru,/home/dpetrovitch/dzagcoffee/train_trace/gender/checkpoints_2025-10-07 19:53:20.141369_ContrastiveLoss_gru_catboost/model_128_0.001_3_10_100_256_32_16_256_VicregLoss_gruepoch=14.ckpt,14,30,0.042000756,25.4554,1.6526,0.0003,4.0646,1.0625,1.059,0.7841,556.9114,29.7076,48.9838,2.613,28.6467,1.5281,25.4888,1.3597,23.359,1.2461,22.4201,1.196,21.3316,1.1379,27.3513,2.6727,2.4057,0.2351,1.4069,0.1375,1.2518,0.1223,1.1472,0.1121,1.1011,0.1076,1.0476,0.1024,0.0,0.0,0.0,0.0,0.0,0.0,0.0,0.0,0.0,0.0,0.0,0.0,0.0,0.0,0.0,0.0,0.0,0.0,0.0,0.0,0.0,0.0,0.0,0.0,0.0,0.0,0.0,0.0,0.0,0.0,0.0,0.0,0.0,0.0,0.0,0.544,0.4792
128,0.001,3,10,100,32,16,256,184,440338,73,30,VicregLoss,gru,/home/dpetrovitch/dzagcoffee/train_trace/gender/checkpoints_2025-10-07 19:53:20.141369_ContrastiveLoss_gru_catboost/model_128_0.001_3_10_100_256_32_16_256_VicregLoss_gruepoch=15.ckpt,15,30,0.04395388,21.724,1.6556,0.0002,4.0998,1.0522,1.0482,0.8189,506.7608,27.7502,40.1879,2.2007,23.3242,1.2772,21.4299,1.1735,20.1445,1.1031,19.5033,1.068,18.7902,1.029,18.7413,2.1786,1.4862,0.1728,0.8626,0.1003,0.7925,0.0921,0.745,0.0866,0.7213,0.0838,0.6949,0.0808,0.0,0.0,0.0,0.0,0.0,0.0,0.0,0.0,0.0,0.0,0.0,0.0,0.0,0.0,0.0,0.0,0.0,0.0,0.0,0.0,0.0,0.0,0.0,0.0,0.0,0.0,0.0,0.0,0.0,0.0,0.0,0.0,0.0,0.0,0.0,0.536,0.5144
128,0.001,3,10,100,32,16,256,184,440338,73,30,VicregLoss,gru,/home/dpetrovitch/dzagcoffee/train_trace/gender/checkpoints_2025-10-07 19:53:20.141369_ContrastiveLoss_gru_catboost/model_128_0.001_3_10_100_256_32_16_256_VicregLoss_gruepoch=16.ckpt,16,30,0.049564827,18.0691,1.6489,0.0002,4.2488,1.044,1.0395,0.8375,446.6081,25.3972,33.9753,1.9321,19.2643,1.0955,18.1141,1.0301,17.3126,0.9845,16.9164,0.962,16.401,0.9327,15.7471,1.7005,1.1979,0.1294,0.6792,0.0733,0.6387,0.069,0.6104,0.0659,0.5965,0.0644,0.5783,0.0624,0.0,0.0,0.0,0.0,0.0,0.0,0.0,0.0,0.0,0.0,0.0,0.0,0.0,0.0,0.0,0.0,0.0,0.0,0.0,0.0,0.0,0.0,0.0,0.0,0.0,0.0,0.0,0.0,0.0,0.0,0.0,0.0,0.0,0.0,0.0,0.564,0.483
128,0.001,3,10,100,32,16,256,184,440338,73,30,VicregLoss,gru,/home/dpetrovitch/dzagcoffee/train_trace/gender/checkpoints_2025-10-07 19:53:20.141369_ContrastiveLoss_gru_catboost/model_128_0.001_3_10_100_256_32_16_256_VicregLoss_gruepoch=17.ckpt,17,30,0.05153509,21.1397,1.5868,0.0002,4.1016,1.0532,1.0502,0.7965,500.036,26.9259,40.0247,2.1552,23.1126,1.2446,21.279,1.1458,20.0489,1.0796,19.4163,1.0455,18.6446,1.004,20.0,2.3006,1.6009,0.1842,0.9244,0.1063,0.8511,0.0979,0.8019,0.0922,0.7766,0.0893,0.7457,0.0858,0.0,0.0,0.0,0.0,0.0,0.0,0.0,0.0,0.0,0.0,0.0,0.0,0.0,0.0,0.0,0.0,0.0,0.0,0.0,0.0,0.0,0.0,0.0,0.0,0.0,0.0,0.0,0.0,0.0,0.0,0.0,0.0,0.0,0.0,0.0,0.536,0.5009
128,0.001,3,10,100,32,16,256,184,440338,73,30,VicregLoss,gru,/home/dpetrovitch/dzagcoffee/train_trace/gender/checkpoints_2025-10-07 19:53:20.141369_ContrastiveLoss_gru_catboost/model_128_0.001_3_10_100_256_32_16_256_VicregLoss_gruepoch=18.ckpt,18,30,0.049038004,19.2529,1.6494,0.0002,4.1775,1.0514,1.0492,0.8046,470.599,26.0048,35.3588,1.9539,20.9582,1.1581,19.4475,1.0746,18.4038,1.017,17.9137,0.9899,17.2995,0.9559,15.719,1.7162,1.1811,0.1289,0.7,0.0764,0.6496,0.0709,0.6147,0.0671,0.5984,0.0653,0.5778,0.0631,0.0,0.0,0.0,0.0,0.0,0.0,0.0,0.0,0.0,0.0,0.0,0.0,0.0,0.0,0.0,0.0,0.0,0.0,0.0,0.0,0.0,0.0,0.0,0.0,0.0,0.0,0.0,0.0,0.0,0.0,0.0,0.0,0.0,0.0,0.0,0.544,0.5116
128,0.001,3,10,100,32,16,256,184,440338,73,30,VicregLoss,gru,/home/dpetrovitch/dzagcoffee/train_trace/gender/checkpoints_2025-10-07 19:53:20.141369_ContrastiveLoss_gru_catboost/model_128_0.001_3_10_100_256_32_16_256_VicregLoss_gruepoch=19.ckpt,19,30,0.05849524,22.4655,1.6434,0.0002,4.1027,1.0717,1.0697,0.7662,519.4657,27.91,41.5087,2.2302,25.4616,1.368,22.9148,1.2312,21.2661,1.1426,20.4758,1.1001,19.5642,1.0511,19.2552,2.2968,1.5386,0.1835,0.9438,0.1126,0.8494,0.1013,0.7883,0.094,0.759,0.0905,0.7252,0.0865,0.0,0.0,0.0,0.0,0.0,0.0,0.0,0.0,0.0,0.0,0.0,0.0,0.0,0.0,0.0,0.0,0.0,0.0,0.0,0.0,0.0,0.0,0.0,0.0,0.0,0.0,0.0,0.0,0.0,0.0,0.0,0.0,0.0,0.0,0.0,0.564,0.5237
128,0.001,3,10,100,32,16,256,184,440338,73,30,VicregLoss,gru,/home/dpetrovitch/dzagcoffee/train_trace/gender/checkpoints_2025-10-07 19:53:20.141369_ContrastiveLoss_gru_catboost/model_128_0.001_3_10_100_256_32_16_256_VicregLoss_gruepoch=20.ckpt,20,30,0.05198482,23.3648,1.6466,0.0002,4.0806,1.09,1.0874,0.7228,526.6482,28.0229,42.0833,2.2393,26.9473,1.4339,23.7447,1.2635,21.8179,1.1609,20.9528,1.1149,19.9805,1.0632,21.4297,2.713,1.7124,0.2168,1.0965,0.1388,0.9662,0.1223,0.8878,0.1124,0.8526,0.1079,0.813,0.1029,0.0,0.0,0.0,0.0,0.0,0.0,0.0,0.0,0.0,0.0,0.0,0.0,0.0,0.0,0.0,0.0,0.0,0.0,0.0,0.0,0.0,0.0,0.0,0.0,0.0,0.0,0.0,0.0,0.0,0.0,0.0,0.0,0.0,0.0,0.0,0.516,0.4981
128,0.001,3,10,100,32,16,256,184,440338,73,30,VicregLoss,gru,/home/dpetrovitch/dzagcoffee/train_trace/gender/checkpoints_2025-10-07 19:53:20.141369_ContrastiveLoss_gru_catboost/model_128_0.001_3_10_100_256_32_16_256_VicregLoss_gruepoch=21.ckpt,21,30,0.05446906,23.8055,1.6434,0.0003,4.0785,1.1176,1.1171,0.6883,539.1826,28.8456,41.8781,2.2404,27.8549,1.4902,24.6462,1.3185,22.5896,1.2085,21.6399,1.1577,20.6307,1.1037,23.5846,3.2335,1.8318,0.2511,1.2184,0.167,1.0781,0.1478,0.9881,0.1355,0.9466,0.1298,0.9024,0.1237,0.0,0.0,0.0,0.0,0.0,0.0,0.0,0.0,0.0,0.0,0.0,0.0,0.0,0.0,0.0,0.0,0.0,0.0,0.0,0.0,0.0,0.0,0.0,0.0,0.0,0.0,0.0,0.0,0.0,0.0,0.0,0.0,0.0,0.0,0.0,0.544,0.4938
128,0.001,3,10,100,32,16,256,184,440338,73,30,VicregLoss,gru,/home/dpetrovitch/dzagcoffee/train_trace/gender/checkpoints_2025-10-07 19:53:20.141369_ContrastiveLoss_gru_catboost/model_128_0.001_3_10_100_256_32_16_256_VicregLoss_gruepoch=22.ckpt,22,30,0.053997908,23.4608,1.6318,0.0002,4.0907,1.1318,1.1307,0.6781,532.344,28.3638,39.5291,2.1062,27.0334,1.4404,24.0766,1.2828,22.1824,1.1819,21.3165,1.1358,20.375,1.0856,21.6113,4.4717,1.6047,0.332,1.0975,0.2271,0.9774,0.2022,0.9005,0.1863,0.8654,0.1791,0.8272,0.1711,0.0,0.0,0.0,0.0,0.0,0.0,0.0,0.0,0.0,0.0,0.0,0.0,0.0,0.0,0.0,0.0,0.0,0.0,0.0,0.0,0.0,0.0,0.0,0.0,0.0,0.0,0.0,0.0,0.0,0.0,0.0,0.0,0.0,0.0,0.0,0.548,0.5202
128,0.001,3,10,100,32,16,256,184,440338,73,30,VicregLoss,gru,/home/dpetrovitch/dzagcoffee/train_trace/gender/checkpoints_2025-10-07 19:53:20.141369_ContrastiveLoss_gru_catboost/model_128_0.001_3_10_100_256_32_16_256_VicregLoss_gruepoch=23.ckpt,23,30,0.05514152,23.8271,1.5893,0.0003,4.0922,1.1484,1.1517,0.6532,531.678,28.2068,40.2869,2.1373,27.9538,1.483,24.5284,1.3013,22.3363,1.185,21.4671,1.1389,20.4605,1.0855,20.9057,2.9352,1.5841,0.2224,1.0991,0.1543,0.9645,0.1354,0.8783,0.1233,0.8441,0.1185,0.8045,0.113,0.0,0.0,0.0,0.0,0.0,0.0,0.0,0.0,0.0,0.0,0.0,0.0,0.0,0.0,0.0,0.0,0.0,0.0,0.0,0.0,0.0,0.0,0.0,0.0,0.0,0.0,0.0,0.0,0.0,0.0,0.0,0.0,0.0,0.0,0.0,0.516,0.4672
128,0.001,3,10,100,32,16,256,184,440338,73,30,VicregLoss,gru,/home/dpetrovitch/dzagcoffee/train_trace/gender/checkpoints_2025-10-07 19:53:20.141369_ContrastiveLoss_gru_catboost/model_128_0.001_3_10_100_256_32_16_256_VicregLoss_gruepoch=24.ckpt,24,30,0.053856567,24.0967,1.5621,0.0003,4.076,1.1673,1.169,0.6439,535.0951,28.2792,40.5081,2.1408,27.8922,1.4741,24.8135,1.3114,22.646,1.1968,21.7176,1.1477,20.7065,1.0943,21.0175,3.6208,1.5911,0.2741,1.0956,0.1887,0.9746,0.1679,0.8895,0.1532,0.853,0.147,0.8133,0.1401,0.0,0.0,0.0,0.0,0.0,0.0,0.0,0.0,0.0,0.0,0.0,0.0,0.0,0.0,0.0,0.0,0.0,0.0,0.0,0.0,0.0,0.0,0.0,0.0,0.0,0.0,0.0,0.0,0.0,0.0,0.0,0.0,0.0,0.0,0.0,0.484,0.4571
128,0.001,3,10,100,32,16,256,184,440338,73,30,VicregLoss,gru,/home/dpetrovitch/dzagcoffee/train_trace/gender/checkpoints_2025-10-07 19:53:20.141369_ContrastiveLoss_gru_catboost/model_128_0.001_3_10_100_256_32_16_256_VicregLoss_gruepoch=25.ckpt,25,30,0.057638604,24.6694,1.6341,0.0003,4.0749,1.1993,1.2063,0.616,535.6591,28.3248,39.4657,2.0869,28.1992,1.4911,24.8947,1.3164,22.7224,1.2015,21.8447,1.1551,20.8763,1.1039,22.113,5.8069,1.6292,0.4278,1.1641,0.3057,1.0277,0.2699,0.938,0.2463,0.9018,0.2368,0.8618,0.2263,0.0,0.0,0.0,0.0,0.0,0.0,0.0,0.0,0.0,0.0,0.0,0.0,0.0,0.0,0.0,0.0,0.0,0.0,0.0,0.0,0.0,0.0,0.0,0.0,0.0,0.0,0.0,0.0,0.0,0.0,0.0,0.0,0.0,0.0,0.0,0.516,0.4764
128,0.001,3,10,100,32,16,256,184,440338,73,30,VicregLoss,gru,/home/dpetrovitch/dzagcoffee/train_trace/gender/checkpoints_2025-10-07 19:53:20.141369_ContrastiveLoss_gru_catboost/model_128_0.001_3_10_100_256_32_16_256_VicregLoss_gruepoch=26.ckpt,26,30,0.055381373,25.2539,1.6447,0.0003,4.0492,1.241,1.2436,0.5923,539.8302,28.2085,39.3205,2.0547,28.4184,1.485,25.3757,1.326,23.3347,1.2193,22.3955,1.1703,21.3859,1.1175,18.1133,6.0988,1.3193,0.4442,0.9535,0.3211,0.8514,0.2867,0.783,0.2636,0.7515,0.253,0.7176,0.2416,0.0,0.0,0.0,0.0,0.0,0.0,0.0,0.0,0.0,0.0,0.0,0.0,0.0,0.0,0.0,0.0,0.0,0.0,0.0,0.0,0.0,0.0,0.0,0.0,0.0,0.0,0.0,0.0,0.0,0.0,0.0,0.0,0.0,0.0,0.0,0.504,0.4684
128,0.001,3,10,100,32,16,256,184,440338,73,30,VicregLoss,gru,/home/dpetrovitch/dzagcoffee/train_trace/gender/checkpoints_2025-10-07 19:53:20.141369_ContrastiveLoss_gru_catboost/model_128_0.001_3_10_100_256_32_16_256_VicregLoss_gruepoch=27.ckpt,27,30,0.05863658,25.8114,1.6467,0.0003,4.0382,1.2822,1.2903,0.5653,549.2649,28.6467,40.0368,2.0881,30.1522,1.5726,26.6884,1.3919,24.1328,1.2586,23.0821,1.2038,21.9753,1.1461,21.515,6.0343,1.5683,0.4399,1.1811,0.3313,1.0454,0.2932,0.9453,0.2651,0.9041,0.2536,0.8608,0.2414,0.0,0.0,0.0,0.0,0.0,0.0,0.0,0.0,0.0,0.0,0.0,0.0,0.0,0.0,0.0,0.0,0.0,0.0,0.0,0.0,0.0,0.0,0.0,0.0,0.0,0.0,0.0,0.0,0.0,0.0,0.0,0.0,0.0,0.0,0.0,0.544,0.4418
128,0.001,3,10,100,32,16,256,184,440338,73,30,VicregLoss,gru,/home/dpetrovitch/dzagcoffee/train_trace/gender/checkpoints_2025-10-07 19:53:20.141369_ContrastiveLoss_gru_catboost/model_128_0.001_3_10_100_256_32_16_256_VicregLoss_gruepoch=28.ckpt,28,30,0.052922834,26.7137,1.6401,0.0004,4.0023,1.3605,1.3667,0.5289,565.7571,29.3849,40.4541,2.1012,31.2612,1.6237,28.1349,1.4613,25.5095,1.3249,24.3027,1.2623,23.0525,1.1973,23.973,5.5151,1.7142,0.3944,1.3246,0.3047,1.1922,0.2743,1.0809,0.2487,1.0298,0.2369,0.9768,0.2247,0.0,0.0,0.0,0.0,0.0,0.0,0.0,0.0,0.0,0.0,0.0,0.0,0.0,0.0,0.0,0.0,0.0,0.0,0.0,0.0,0.0,0.0,0.0,0.0,0.0,0.0,0.0,0.0,0.0,0.0,0.0,0.0,0.0,0.0,0.0,0.504,0.4428
128,0.001,3,10,100,32,16,256,184,440338,73,30,VicregLoss,gru,/home/dpetrovitch/dzagcoffee/train_trace/gender/checkpoints_2025-10-07 19:53:20.141369_ContrastiveLoss_gru_catboost/model_128_0.001_3_10_100_256_32_16_256_VicregLoss_gruepoch=29.ckpt,29,30,0.055201482,26.0975,1.6002,0.0004,3.9703,1.3917,1.3986,0.5169,549.68,28.4999,39.0235,2.0233,30.569,1.5849,27.647,1.4334,24.9488,1.2936,23.7709,1.2325,22.5573,1.1696,22.0556,6.6747,1.5658,0.4739,1.2266,0.3712,1.1093,0.3357,1.0011,0.3029,0.9538,0.2886,0.9051,0.2739,0.0,0.0,0.0,0.0,0.0,0.0,0.0,0.0,0.0,0.0,0.0,0.0,0.0,0.0,0.0,0.0,0.0,0.0,0.0,0.0,0.0,0.0,0.0,0.0,0.0,0.0,0.0,0.0,0.0,0.0,0.0,0.0,0.0,0.0,0.0,0.476,0.4625
128,0.001,3,10,100,32,16,256,184,440338,73,30,SoftmaxLoss,gru,/home/dpetrovitch/dzagcoffee/train_trace/gender/checkpoints_2025-10-07 19:53:20.141369_ContrastiveLoss_gru_catboost/model_128_0.001_3_10_100_256_32_16_256_SoftmaxLoss_gruepoch=00.ckpt,0,30,0.3205238,48.8135,1.6775,0.0011,4.3775,4.2325,4.2267,0.1325,960.5486,47.3892,179.1225,8.8371,158.8393,7.8364,148.9256,7.3473,137.2018,6.7689,128.5553,6.3424,112.0902,5.53,83.4245,5.29,15.5569,0.9865,13.7953,0.8748,12.9343,0.8202,11.9161,0.7556,11.1651,0.708,9.7351,0.6173,0.0,0.0,0.0,0.0,0.0,0.0,0.0,0.0,0.0,0.0,0.0,0.0,0.0,0.0,0.0,0.0,0.0,0.0,0.0,0.0,0.0,0.0,0.0,0.0,0.0,0.0,0.0,0.0,0.0,0.0,0.0,0.0,0.0,0.0,0.0,0.556,0.5519
128,0.001,3,10,100,32,16,256,184,440338,73,30,SoftmaxLoss,gru,/home/dpetrovitch/dzagcoffee/train_trace/gender/checkpoints_2025-10-07 19:53:20.141369_ContrastiveLoss_gru_catboost/model_128_0.001_3_10_100_256_32_16_256_SoftmaxLoss_gruepoch=01.ckpt,1,30,0.36719033,63.3556,1.6668,0.0021,4.118,5.9802,6.5574,0.0872,1261.226,61.8352,212.3433,10.4107,191.7262,9.3999,181.3438,8.8909,168.933,8.2824,159.6161,7.8256,143.0152,7.0117,112.9048,6.4049,19.0089,1.0783,17.1633,0.9736,16.2339,0.9209,15.1229,0.8579,14.2888,0.8106,12.8027,0.7263,0.0,0.0,0.0,0.0,0.0,0.0,0.0,0.0,0.0,0.0,0.0,0.0,0.0,0.0,0.0,0.0,0.0,0.0,0.0,0.0,0.0,0.0,0.0,0.0,0.0,0.0,0.0,0.0,0.0,0.0,0.0,0.0,0.0,0.0,0.0,0.624,0.6516
128,0.001,3,10,100,32,16,256,184,440338,73,30,SoftmaxLoss,gru,/home/dpetrovitch/dzagcoffee/train_trace/gender/checkpoints_2025-10-07 19:53:20.141369_ContrastiveLoss_gru_catboost/model_128_0.001_3_10_100_256_32_16_256_SoftmaxLoss_gruepoch=02.ckpt,2,30,0.3871442,71.4671,1.6547,0.0032,3.9247,7.0789,7.8947,0.0691,1455.1047,71.1929,227.2139,11.1167,206.9647,10.126,196.6484,9.6213,183.9746,9.0012,174.871,8.5558,158.8409,7.7715,117.6707,6.5921,18.3742,1.0294,16.7367,0.9376,15.9025,0.8909,14.8776,0.8335,14.1414,0.7922,12.8451,0.7196,0.0,0.0,0.0,0.0,0.0,0.0,0.0,0.0,0.0,0.0,0.0,0.0,0.0,0.0,0.0,0.0,0.0,0.0,0.0,0.0,0.0,0.0,0.0,0.0,0.0,0.0,0.0,0.0,0.0,0.0,0.0,0.0,0.0,0.0,0.0,0.604,0.637
128,0.001,3,10,100,32,16,256,184,440338,73,30,SoftmaxLoss,gru,/home/dpetrovitch/dzagcoffee/train_trace/gender/checkpoints_2025-10-07 19:53:20.141369_ContrastiveLoss_gru_catboost/model_128_0.001_3_10_100_256_32_16_256_SoftmaxLoss_gruepoch=03.ckpt,3,30,0.39905715,78.056,1.663,0.0039,3.8162,8.2813,8.9687,0.0605,1600.9906,78.2597,237.1449,11.5921,217.2891,10.6215,206.7298,10.1054,193.8123,9.4739,184.0904,8.9987,165.7639,8.1029,130.2762,7.2574,19.297,1.075,17.6813,0.985,16.8221,0.9371,15.7709,0.8786,14.9798,0.8345,13.4886,0.7514,0.0,0.0,0.0,0.0,0.0,0.0,0.0,0.0,0.0,0.0,0.0,0.0,0.0,0.0,0.0,0.0,0.0,0.0,0.0,0.0,0.0,0.0,0.0,0.0,0.0,0.0,0.0,0.0,0.0,0.0,0.0,0.0,0.0,0.0,0.0,0.624,0.663
128,0.001,3,10,100,32,16,256,184,440338,73,30,SoftmaxLoss,gru,/home/dpetrovitch/dzagcoffee/train_trace/gender/checkpoints_2025-10-07 19:53:20.141369_ContrastiveLoss_gru_catboost/model_128_0.001_3_10_100_256_32_16_256_SoftmaxLoss_gruepoch=04.ckpt,4,30,0.4091597,82.0862,1.6545,0.0043,3.7351,9.0338,8.2694,0.057,1709.797,83.4236,240.3189,11.7255,220.5741,10.7621,209.9218,10.2424,196.3525,9.5803,186.5206,9.1006,169.0609,8.2487,149.4742,7.9157,21.0092,1.1126,19.2831,1.0212,18.3518,0.9719,17.1656,0.909,16.306,0.8635,14.7797,0.7827,0.0,0.0,0.0,0.0,0.0,0.0,0.0,0.0,0.0,0.0,0.0,0.0,0.0,0.0,0.0,0.0,0.0,0.0,0.0,0.0,0.0,0.0,0.0,0.0,0.0,0.0,0.0,0.0,0.0,0.0,0.0,0.0,0.0,0.0,0.0,0.632,0.6894
128,0.001,3,10,100,32,16,256,184,440338,73,30,SoftmaxLoss,gru,/home/dpetrovitch/dzagcoffee/train_trace/gender/checkpoints_2025-10-07 19:53:20.141369_ContrastiveLoss_gru_catboost/model_128_0.001_3_10_100_256_32_16_256_SoftmaxLoss_gruepoch=05.ckpt,5,30,0.42298293,87.9931,1.6371,0.0052,3.7037,9.337,9.8041,0.053,1822.5826,88.9357,246.7182,12.039,226.5523,11.055,215.5364,10.5174,201.9089,9.8524,191.4893,9.344,174.9616,8.5375,149.2515,7.7112,20.2038,1.0438,18.5524,0.9585,17.6503,0.9119,16.5343,0.8543,15.6811,0.8102,14.3276,0.7402,0.0,0.0,0.0,0.0,0.0,0.0,0.0,0.0,0.0,0.0,0.0,0.0,0.0,0.0,0.0,0.0,0.0,0.0,0.0,0.0,0.0,0.0,0.0,0.0,0.0,0.0,0.0,0.0,0.0,0.0,0.0,0.0,0.0,0.0,0.0,0.64,0.6818
128,0.001,3,10,100,32,16,256,184,440338,73,30,SoftmaxLoss,gru,/home/dpetrovitch/dzagcoffee/train_trace/gender/checkpoints_2025-10-07 19:53:20.141369_ContrastiveLoss_gru_catboost/model_128_0.001_3_10_100_256_32_16_256_SoftmaxLoss_gruepoch=06.ckpt,6,30,0.42323995,91.1632,1.657,0.0055,3.6934,9.1865,10.981,0.0505,1874.7828,91.5502,249.1203,12.1652,228.9637,11.1809,218.2304,10.6567,204.5943,9.9908,194.5238,9.4991,176.496,8.6187,150.1526,7.757,19.9522,1.0307,18.3379,0.9473,17.4782,0.9029,16.3861,0.8465,15.5795,0.8049,14.1357,0.7303,0.0,0.0,0.0,0.0,0.0,0.0,0.0,0.0,0.0,0.0,0.0,0.0,0.0,0.0,0.0,0.0,0.0,0.0,0.0,0.0,0.0,0.0,0.0,0.0,0.0,0.0,0.0,0.0,0.0,0.0,0.0,0.0,0.0,0.0,0.0,0.632,0.7005
128,0.001,3,10,100,32,16,256,184,440338,73,30,SoftmaxLoss,gru,/home/dpetrovitch/dzagcoffee/train_trace/gender/checkpoints_2025-10-07 19:53:20.141369_ContrastiveLoss_gru_catboost/model_128_0.001_3_10_100_256_32_16_256_SoftmaxLoss_gruepoch=07.ckpt,7,30,0.42527297,95.4574,1.6618,0.0057,3.6618,10.3722,10.9971,0.0468,1948.1174,95.0972,252.4303,12.3224,231.9687,11.3235,220.7341,10.7751,206.4463,10.0777,195.8599,9.5609,176.8568,8.6332,151.9723,7.878,19.692,1.0208,18.0958,0.9381,17.2194,0.8926,16.1048,0.8348,15.279,0.792,13.7966,0.7152,0.0,0.0,0.0,0.0,0.0,0.0,0.0,0.0,0.0,0.0,0.0,0.0,0.0,0.0,0.0,0.0,0.0,0.0,0.0,0.0,0.0,0.0,0.0,0.0,0.0,0.0,0.0,0.0,0.0,0.0,0.0,0.0,0.0,0.0,0.0,0.672,0.6974
128,0.001,3,10,100,32,16,256,184,440338,73,30,SoftmaxLoss,gru,/home/dpetrovitch/dzagcoffee/train_trace/gender/checkpoints_2025-10-07 19:53:20.141369_ContrastiveLoss_gru_catboost/model_128_0.001_3_10_100_256_32_16_256_SoftmaxLoss_gruepoch=08.ckpt,8,30,0.4351728,98.5988,1.6444,0.007,3.6102,12.1882,11.5932,0.0428,2024.0206,98.6394,257.4964,12.5489,237.0901,11.5544,226.0961,11.0187,212.2344,10.3431,201.7743,9.8333,184.96,9.0139,153.1541,8.0309,19.4843,1.0217,17.9402,0.9407,17.1083,0.8971,16.0594,0.8421,15.2679,0.8006,13.9956,0.7339,0.0,0.0,0.0,0.0,0.0,0.0,0.0,0.0,0.0,0.0,0.0,0.0,0.0,0.0,0.0,0.0,0.0,0.0,0.0,0.0,0.0,0.0,0.0,0.0,0.0,0.0,0.0,0.0,0.0,0.0,0.0,0.0,0.0,0.0,0.0,0.64,0.7013
128,0.001,3,10,100,32,16,256,184,440338,73,30,SoftmaxLoss,gru,/home/dpetrovitch/dzagcoffee/train_trace/gender/checkpoints_2025-10-07 19:53:20.141369_ContrastiveLoss_gru_catboost/model_128_0.001_3_10_100_256_32_16_256_SoftmaxLoss_gruepoch=09.ckpt,9,30,0.43698606,100.7825,1.6512,0.007,3.6262,12.2353,11.6942,0.0414,2049.3733,99.97,260.5614,12.7104,239.1352,11.6652,227.6743,11.1061,213.2621,10.4031,202.4674,9.8765,182.4448,8.8998,149.7961,7.836,19.0454,0.9963,17.4793,0.9144,16.6415,0.8705,15.5881,0.8154,14.7991,0.7742,13.3356,0.6976,0.0,0.0,0.0,0.0,0.0,0.0,0.0,0.0,0.0,0.0,0.0,0.0,0.0,0.0,0.0,0.0,0.0,0.0,0.0,0.0,0.0,0.0,0.0,0.0,0.0,0.0,0.0,0.0,0.0,0.0,0.0,0.0,0.0,0.0,0.0,0.676,0.7018
128,0.001,3,10,100,32,16,256,184,440338,73,30,SoftmaxLoss,gru,/home/dpetrovitch/dzagcoffee/train_trace/gender/checkpoints_2025-10-07 19:53:20.141369_ContrastiveLoss_gru_catboost/model_128_0.001_3_10_100_256_32_16_256_SoftmaxLoss_gruepoch=10.ckpt,10,30,0.43855083,102.405,1.6475,0.0077,3.6104,12.141,11.5139,0.039,2097.4534,102.2085,262.5743,12.7952,242.0034,11.7928,230.7531,11.2446,216.4451,10.5473,205.686,10.023,186.3732,9.0819,155.3641,8.0059,19.4496,1.0022,17.9259,0.9237,17.0925,0.8808,16.0327,0.8262,15.2357,0.7851,13.8052,0.7114,0.0,0.0,0.0,0.0,0.0,0.0,0.0,0.0,0.0,0.0,0.0,0.0,0.0,0.0,0.0,0.0,0.0,0.0,0.0,0.0,0.0,0.0,0.0,0.0,0.0,0.0,0.0,0.0,0.0,0.0,0.0,0.0,0.0,0.0,0.0,0.652,0.6924
128,0.001,3,10,100,32,16,256,184,440338,73,30,SoftmaxLoss,gru,/home/dpetrovitch/dzagcoffee/train_trace/gender/checkpoints_2025-10-07 19:53:20.141369_ContrastiveLoss_gru_catboost/model_128_0.001_3_10_100_256_32_16_256_SoftmaxLoss_gruepoch=11.ckpt,11,30,0.4273517,102.8073,1.6403,0.0075,3.5982,12.5458,12.5609,0.0386,2117.4702,103.1778,264.1647,12.8719,243.5544,11.8677,232.3664,11.3225,218.198,10.6321,207.2078,10.0966,188.386,9.1795,152.3028,8.0104,19.0005,0.9993,17.5181,0.9214,16.7134,0.879,15.6943,0.8254,14.9038,0.7839,13.55,0.7127,0.0,0.0,0.0,0.0,0.0,0.0,0.0,0.0,0.0,0.0,0.0,0.0,0.0,0.0,0.0,0.0,0.0,0.0,0.0,0.0,0.0,0.0,0.0,0.0,0.0,0.0,0.0,0.0,0.0,0.0,0.0,0.0,0.0,0.0,0.0,0.668,0.6934
128,0.001,3,10,100,32,16,256,184,440338,73,30,SoftmaxLoss,gru,/home/dpetrovitch/dzagcoffee/train_trace/gender/checkpoints_2025-10-07 19:53:20.141369_ContrastiveLoss_gru_catboost/model_128_0.001_3_10_100_256_32_16_256_SoftmaxLoss_gruepoch=12.ckpt,12,30,0.443091,103.8164,1.6574,0.0078,3.594,12.5895,12.4604,0.0374,2134.377,104.107,265.6052,12.9552,244.8336,11.9421,233.3289,11.3809,219.265,10.6949,208.4778,10.1688,188.919,9.2148,158.3567,8.1798,19.7062,1.0179,18.165,0.9383,17.3115,0.8942,16.268,0.8403,15.4677,0.799,14.0165,0.724,0.0,0.0,0.0,0.0,0.0,0.0,0.0,0.0,0.0,0.0,0.0,0.0,0.0,0.0,0.0,0.0,0.0,0.0,0.0,0.0,0.0,0.0,0.0,0.0,0.0,0.0,0.0,0.0,0.0,0.0,0.0,0.0,0.0,0.0,0.0,0.66,0.7019
128,0.001,3,10,100,32,16,256,184,440338,73,30,SoftmaxLoss,gru,/home/dpetrovitch/dzagcoffee/train_trace/gender/checkpoints_2025-10-07 19:53:20.141369_ContrastiveLoss_gru_catboost/model_128_0.001_3_10_100_256_32_16_256_SoftmaxLoss_gruepoch=13.ckpt,13,30,0.43698034,105.3385,1.6575,0.0084,3.5872,13.105,12.5073,0.0359,2199.461,107.2663,267.0751,13.0251,246.7194,12.0324,235.6821,11.4941,221.7032,10.8123,211.1194,10.2962,189.947,9.2636,155.0766,8.0467,18.8306,0.9771,17.3954,0.9026,16.6171,0.8622,15.6315,0.8111,14.8853,0.7724,13.3925,0.6949,0.0,0.0,0.0,0.0,0.0,0.0,0.0,0.0,0.0,0.0,0.0,0.0,0.0,0.0,0.0,0.0,0.0,0.0,0.0,0.0,0.0,0.0,0.0,0.0,0.0,0.0,0.0,0.0,0.0,0.0,0.0,0.0,0.0,0.0,0.0,0.66,0.7106
128,0.001,3,10,100,32,16,256,184,440338,73,30,SoftmaxLoss,gru,/home/dpetrovitch/dzagcoffee/train_trace/gender/checkpoints_2025-10-07 19:53:20.141369_ContrastiveLoss_gru_catboost/model_128_0.001_3_10_100_256_32_16_256_SoftmaxLoss_gruepoch=14.ckpt,14,30,0.44466433,106.2329,1.6483,0.0085,3.5703,13.0339,12.5639,0.0353,2230.9165,108.6625,268.6834,13.0869,248.4587,12.1018,237.6662,11.5761,223.8497,10.9032,213.47,10.3976,194.2003,9.459,163.6132,8.2147,19.705,0.9893,18.2217,0.9149,17.4302,0.8751,16.4169,0.8243,15.6557,0.786,14.2425,0.7151,0.0,0.0,0.0,0.0,0.0,0.0,0.0,0.0,0.0,0.0,0.0,0.0,0.0,0.0,0.0,0.0,0.0,0.0,0.0,0.0,0.0,0.0,0.0,0.0,0.0,0.0,0.0,0.0,0.0,0.0,0.0,0.0,0.0,0.0,0.0,0.664,0.7013
128,0.001,3,10,100,32,16,256,184,440338,73,30,SoftmaxLoss,gru,/home/dpetrovitch/dzagcoffee/train_trace/gender/checkpoints_2025-10-07 19:53:20.141369_ContrastiveLoss_gru_catboost/model_128_0.001_3_10_100_256_32_16_256_SoftmaxLoss_gruepoch=15.ckpt,15,30,0.44067812,107.1784,1.6572,0.0089,3.5695,13.7786,13.2961,0.0345,2239.1558,109.1354,270.2287,13.1708,250.0475,12.1872,238.8887,11.6433,224.9397,10.9635,214.2278,10.4414,193.52,9.4321,158.457,8.1274,19.1231,0.9808,17.695,0.9076,16.9053,0.8671,15.9182,0.8165,15.1601,0.7776,13.6947,0.7024,0.0,0.0,0.0,0.0,0.0,0.0,0.0,0.0,0.0,0.0,0.0,0.0,0.0,0.0,0.0,0.0,0.0,0.0,0.0,0.0,0.0,0.0,0.0,0.0,0.0,0.0,0.0,0.0,0.0,0.0,0.0,0.0,0.0,0.0,0.0,0.632,0.6422
128,0.001,3,10,100,32,16,256,184,440338,73,30,SoftmaxLoss,gru,/home/dpetrovitch/dzagcoffee/train_trace/gender/checkpoints_2025-10-07 19:53:20.141369_ContrastiveLoss_gru_catboost/model_128_0.001_3_10_100_256_32_16_256_SoftmaxLoss_gruepoch=16.ckpt,16,30,0.44070664,107.5943,1.658,0.0089,3.5598,14.5208,13.8664,0.0337,2241.3179,109.2304,271.1322,13.2136,250.7665,12.2211,239.6243,11.6781,225.584,10.9938,214.8018,10.4683,194.9821,9.5024,154.5136,7.803,18.6915,0.9439,17.2875,0.873,16.5194,0.8342,15.5515,0.7854,14.8082,0.7478,13.4418,0.6788,0.0,0.0,0.0,0.0,0.0,0.0,0.0,0.0,0.0,0.0,0.0,0.0,0.0,0.0,0.0,0.0,0.0,0.0,0.0,0.0,0.0,0.0,0.0,0.0,0.0,0.0,0.0,0.0,0.0,0.0,0.0,0.0,0.0,0.0,0.0,0.644,0.6821
128,0.001,3,10,100,32,16,256,184,440338,73,30,SoftmaxLoss,gru,/home/dpetrovitch/dzagcoffee/train_trace/gender/checkpoints_2025-10-07 19:53:20.141369_ContrastiveLoss_gru_catboost/model_128_0.001_3_10_100_256_32_16_256_SoftmaxLoss_gruepoch=17.ckpt,17,30,0.44186315,108.4937,1.6492,0.0091,3.5538,14.4216,13.8783,0.0333,2268.8787,110.5504,272.8259,13.2934,252.7377,12.3146,241.8456,11.7839,227.8878,11.1038,217.0506,10.5757,197.0032,9.5989,160.1015,8.2307,19.2517,0.9897,17.8342,0.9168,17.0656,0.8773,16.0807,0.8267,15.316,0.7874,13.9014,0.7147,0.0,0.0,0.0,0.0,0.0,0.0,0.0,0.0,0.0,0.0,0.0,0.0,0.0,0.0,0.0,0.0,0.0,0.0,0.0,0.0,0.0,0.0,0.0,0.0,0.0,0.0,0.0,0.0,0.0,0.0,0.0,0.0,0.0,0.0,0.0,0.62,0.6853
128,0.001,3,10,100,32,16,256,184,440338,73,30,SoftmaxLoss,gru,/home/dpetrovitch/dzagcoffee/train_trace/gender/checkpoints_2025-10-07 19:53:20.141369_ContrastiveLoss_gru_catboost/model_128_0.001_3_10_100_256_32_16_256_SoftmaxLoss_gruepoch=18.ckpt,18,30,0.44130635,108.4361,1.6513,0.0087,3.5649,14.1976,13.7599,0.0333,2249.2427,109.586,272.7786,13.2901,252.1812,12.2866,240.7844,11.7313,226.5957,11.04,215.4971,10.4993,195.2753,9.5141,151.5051,7.7788,18.3739,0.9434,16.9865,0.8721,16.2188,0.8327,15.2631,0.7837,14.5155,0.7453,13.1534,0.6753,0.0,0.0,0.0,0.0,0.0,0.0,0.0,0.0,0.0,0.0,0.0,0.0,0.0,0.0,0.0,0.0,0.0,0.0,0.0,0.0,0.0,0.0,0.0,0.0,0.0,0.0,0.0,0.0,0.0,0.0,0.0,0.0,0.0,0.0,0.0,0.68,0.7193
128,0.001,3,10,100,32,16,256,184,440338,73,30,SoftmaxLoss,gru,/home/dpetrovitch/dzagcoffee/train_trace/gender/checkpoints_2025-10-07 19:53:20.141369_ContrastiveLoss_gru_catboost/model_128_0.001_3_10_100_256_32_16_256_SoftmaxLoss_gruepoch=19.ckpt,19,30,0.4448556,110.302,1.6522,0.0091,3.5642,14.1091,13.4955,0.0325,2296.157,111.8039,273.3804,13.3114,253.5777,12.3471,242.6768,11.8164,228.8605,11.1436,218.4158,10.635,198.4748,9.6641,154.9369,7.8803,18.4468,0.9382,17.1106,0.8703,16.375,0.8329,15.4427,0.7854,14.738,0.7496,13.3924,0.6812,0.0,0.0,0.0,0.0,0.0,0.0,0.0,0.0,0.0,0.0,0.0,0.0,0.0,0.0,0.0,0.0,0.0,0.0,0.0,0.0,0.0,0.0,0.0,0.0,0.0,0.0,0.0,0.0,0.0,0.0,0.0,0.0,0.0,0.0,0.0,0.688,0.6806
128,0.001,3,10,100,32,16,256,184,440338,73,30,SoftmaxLoss,gru,/home/dpetrovitch/dzagcoffee/train_trace/gender/checkpoints_2025-10-07 19:53:20.141369_ContrastiveLoss_gru_catboost/model_128_0.001_3_10_100_256_32_16_256_SoftmaxLoss_gruepoch=20.ckpt,20,30,0.44599497,110.308,1.6467,0.0095,3.5474,14.992,14.3699,0.0318,2312.6782,112.6123,274.6686,13.3746,254.674,12.401,243.6721,11.8652,229.7569,11.1877,219.2444,10.6758,199.6871,9.7235,159.1015,7.9124,18.8959,0.9397,17.5204,0.8713,16.7635,0.8337,15.8062,0.7861,15.083,0.7501,13.7375,0.6832,0.0,0.0,0.0,0.0,0.0,0.0,0.0,0.0,0.0,0.0,0.0,0.0,0.0,0.0,0.0,0.0,0.0,0.0,0.0,0.0,0.0,0.0,0.0,0.0,0.0,0.0,0.0,0.0,0.0,0.0,0.0,0.0,0.0,0.0,0.0,0.668,0.7051
128,0.001,3,10,100,32,16,256,184,440338,73,30,SoftmaxLoss,gru,/home/dpetrovitch/dzagcoffee/train_trace/gender/checkpoints_2025-10-07 19:53:20.141369_ContrastiveLoss_gru_catboost/model_128_0.001_3_10_100_256_32_16_256_SoftmaxLoss_gruepoch=21.ckpt,21,30,0.44740844,110.4017,1.6341,0.0095,3.553,15.1772,14.576,0.0318,2314.7412,112.705,274.8945,13.3846,254.8263,12.4075,243.8256,11.8719,229.8994,11.1938,219.5035,10.6876,200.9886,9.7862,155.9189,8.0451,18.5166,0.9554,17.1649,0.8857,16.4239,0.8474,15.4858,0.799,14.7856,0.7629,13.5384,0.6986,0.0,0.0,0.0,0.0,0.0,0.0,0.0,0.0,0.0,0.0,0.0,0.0,0.0,0.0,0.0,0.0,0.0,0.0,0.0,0.0,0.0,0.0,0.0,0.0,0.0,0.0,0.0,0.0,0.0,0.0,0.0,0.0,0.0,0.0,0.0,0.684,0.7043
128,0.001,3,10,100,32,16,256,184,440338,73,30,SoftmaxLoss,gru,/home/dpetrovitch/dzagcoffee/train_trace/gender/checkpoints_2025-10-07 19:53:20.141369_ContrastiveLoss_gru_catboost/model_128_0.001_3_10_100_256_32_16_256_SoftmaxLoss_gruepoch=22.ckpt,22,30,0.44629195,110.8822,1.6339,0.0096,3.5454,14.7036,14.2508,0.0314,2331.353,113.482,275.9954,13.4345,256.3998,12.4806,245.2988,11.9403,231.3938,11.2634,220.9129,10.7533,201.5073,9.8087,158.7498,8.0171,18.7935,0.9491,17.4591,0.8817,16.7032,0.8435,15.7564,0.7957,15.0427,0.7597,13.7213,0.6929,0.0,0.0,0.0,0.0,0.0,0.0,0.0,0.0,0.0,0.0,0.0,0.0,0.0,0.0,0.0,0.0,0.0,0.0,0.0,0.0,0.0,0.0,0.0,0.0,0.0,0.0,0.0,0.0,0.0,0.0,0.0,0.0,0.0,0.0,0.0,0.68,0.6992
128,0.001,3,10,100,32,16,256,184,440338,73,30,SoftmaxLoss,gru,/home/dpetrovitch/dzagcoffee/train_trace/gender/checkpoints_2025-10-07 19:53:20.141369_ContrastiveLoss_gru_catboost/model_128_0.001_3_10_100_256_32_16_256_SoftmaxLoss_gruepoch=23.ckpt,23,30,0.44800234,111.4733,1.6523,0.0094,3.557,14.5357,13.9686,0.0314,2329.9312,113.4859,275.7846,13.4329,255.8003,12.4595,244.6358,11.9157,230.6086,11.2324,219.9164,10.7116,198.8179,9.684,157.4674,7.898,18.6388,0.9349,17.2882,0.8671,16.5336,0.8293,15.5856,0.7817,14.863,0.7455,13.437,0.674,0.0,0.0,0.0,0.0,0.0,0.0,0.0,0.0,0.0,0.0,0.0,0.0,0.0,0.0,0.0,0.0,0.0,0.0,0.0,0.0,0.0,0.0,0.0,0.0,0.0,0.0,0.0,0.0,0.0,0.0,0.0,0.0,0.0,0.0,0.0,0.656,0.7103
128,0.001,3,10,100,32,16,256,184,440338,73,30,SoftmaxLoss,gru,/home/dpetrovitch/dzagcoffee/train_trace/gender/checkpoints_2025-10-07 19:53:20.141369_ContrastiveLoss_gru_catboost/model_128_0.001_3_10_100_256_32_16_256_SoftmaxLoss_gruepoch=24.ckpt,24,30,0.44775963,111.9959,1.6369,0.0095,3.5523,14.2833,13.7887,0.0313,2343.9846,114.0903,276.7808,13.4719,257.0586,12.512,246.094,11.9783,232.1411,11.2991,221.6056,10.7863,202.3129,9.8473,160.9768,8.106,19.0084,0.9572,17.6539,0.889,16.9009,0.851,15.9427,0.8028,15.2191,0.7664,13.8942,0.6996,0.0,0.0,0.0,0.0,0.0,0.0,0.0,0.0,0.0,0.0,0.0,0.0,0.0,0.0,0.0,0.0,0.0,0.0,0.0,0.0,0.0,0.0,0.0,0.0,0.0,0.0,0.0,0.0,0.0,0.0,0.0,0.0,0.0,0.0,0.0,0.652,0.7131
128,0.001,3,10,100,32,16,256,184,440338,73,30,SoftmaxLoss,gru,/home/dpetrovitch/dzagcoffee/train_trace/gender/checkpoints_2025-10-07 19:53:20.141369_ContrastiveLoss_gru_catboost/model_128_0.001_3_10_100_256_32_16_256_SoftmaxLoss_gruepoch=25.ckpt,25,30,0.44983268,112.4256,1.6554,0.0098,3.5486,15.2758,14.735,0.0303,2364.3281,115.1151,277.4445,13.5083,257.8227,12.5529,246.9483,12.0235,233.0921,11.3489,222.486,10.8325,201.5598,9.8136,154.07,7.8288,18.0795,0.9187,16.8009,0.8537,16.0922,0.8177,15.1893,0.7718,14.4982,0.7367,13.1345,0.6674,0.0,0.0,0.0,0.0,0.0,0.0,0.0,0.0,0.0,0.0,0.0,0.0,0.0,0.0,0.0,0.0,0.0,0.0,0.0,0.0,0.0,0.0,0.0,0.0,0.0,0.0,0.0,0.0,0.0,0.0,0.0,0.0,0.0,0.0,0.0,0.66,0.7192
128,0.001,3,10,100,32,16,256,184,440338,73,30,SoftmaxLoss,gru,/home/dpetrovitch/dzagcoffee/train_trace/gender/checkpoints_2025-10-07 19:53:20.141369_ContrastiveLoss_gru_catboost/model_128_0.001_3_10_100_256_32_16_256_SoftmaxLoss_gruepoch=26.ckpt,26,30,0.4520713,112.6265,1.6567,0.0099,3.5474,14.693,14.153,0.0307,2359.518,114.8872,277.7284,13.5229,257.8976,12.5573,246.9262,12.0231,232.7614,11.3334,222.0618,10.8124,199.8313,9.73,157.3849,7.9681,18.5251,0.9379,17.2023,0.8709,16.4705,0.8339,15.5257,0.786,14.812,0.7499,13.3292,0.6748,0.0,0.0,0.0,0.0,0.0,0.0,0.0,0.0,0.0,0.0,0.0,0.0,0.0,0.0,0.0,0.0,0.0,0.0,0.0,0.0,0.0,0.0,0.0,0.0,0.0,0.0,0.0,0.0,0.0,0.0,0.0,0.0,0.0,0.0,0.0,0.668,0.6971
128,0.001,3,10,100,32,16,256,184,440338,73,30,SoftmaxLoss,gru,/home/dpetrovitch/dzagcoffee/train_trace/gender/checkpoints_2025-10-07 19:53:20.141369_ContrastiveLoss_gru_catboost/model_128_0.001_3_10_100_256_32_16_256_SoftmaxLoss_gruepoch=27.ckpt,27,30,0.4487733,113.0266,1.6473,0.0103,3.5435,15.7451,15.1797,0.0304,2362.557,115.0139,278.2865,13.5475,258.433,12.581,247.3391,12.041,233.2174,11.3535,222.4507,10.8293,201.8412,9.826,156.245,7.9324,18.4042,0.9344,17.0912,0.8677,16.3575,0.8305,15.4236,0.783,14.7115,0.7469,13.3485,0.6777,0.0,0.0,0.0,0.0,0.0,0.0,0.0,0.0,0.0,0.0,0.0,0.0,0.0,0.0,0.0,0.0,0.0,0.0,0.0,0.0,0.0,0.0,0.0,0.0,0.0,0.0,0.0,0.0,0.0,0.0,0.0,0.0,0.0,0.0,0.0,0.668,0.7123
128,0.001,3,10,100,32,16,256,184,440338,73,30,SoftmaxLoss,gru,/home/dpetrovitch/dzagcoffee/train_trace/gender/checkpoints_2025-10-07 19:53:20.141369_ContrastiveLoss_gru_catboost/model_128_0.001_3_10_100_256_32_16_256_SoftmaxLoss_gruepoch=28.ckpt,28,30,0.44686875,113.2102,1.6517,0.0104,3.5373,15.5005,14.9232,0.0304,2377.6624,115.7168,278.2504,13.542,258.5484,12.5831,247.6963,12.055,233.3443,11.3565,222.6742,10.8372,201.8019,9.8214,159.9642,8.0331,18.7201,0.9401,17.3946,0.8735,16.6645,0.8369,15.6989,0.7884,14.9811,0.7523,13.5768,0.6818,0.0,0.0,0.0,0.0,0.0,0.0,0.0,0.0,0.0,0.0,0.0,0.0,0.0,0.0,0.0,0.0,0.0,0.0,0.0,0.0,0.0,0.0,0.0,0.0,0.0,0.0,0.0,0.0,0.0,0.0,0.0,0.0,0.0,0.0,0.0,0.668,0.6927
128,0.001,3,10,100,32,16,256,184,440338,73,30,SoftmaxLoss,gru,/home/dpetrovitch/dzagcoffee/train_trace/gender/checkpoints_2025-10-07 19:53:20.141369_ContrastiveLoss_gru_catboost/model_128_0.001_3_10_100_256_32_16_256_SoftmaxLoss_gruepoch=29.ckpt,29,30,0.44841066,112.9202,1.6519,0.01,3.5376,15.073,14.7299,0.0301,2379.4312,115.7809,278.3794,13.5457,258.6108,12.5838,247.6993,12.0528,233.8191,11.3774,223.2426,10.8628,202.9405,9.8749,160.1516,8.1277,18.7368,0.9509,17.4062,0.8834,16.6718,0.8461,15.7376,0.7987,15.0257,0.7626,13.6593,0.6932,0.0,0.0,0.0,0.0,0.0,0.0,0.0,0.0,0.0,0.0,0.0,0.0,0.0,0.0,0.0,0.0,0.0,0.0,0.0,0.0,0.0,0.0,0.0,0.0,0.0,0.0,0.0,0.0,0.0,0.0,0.0,0.0,0.0,0.0,0.0,0.648,0.721
128,0.001,3,10,100,32,16,256,184,440338,73,30,ContrastiveLoss,gru,/home/dpetrovitch/dzagcoffee/train_trace/gender/checkpoints_2025-10-07 19:53:20.141369_ContrastiveLoss_gru_catboost/model_128_0.001_3_10_100_256_32_16_256_ContrastiveLoss_gruepoch=00.ckpt,0,30,0.33127174,45.2231,1.6785,0.0004,5.1476,1.451,6.3295,0.502,606.4068,30.1962,229.5476,11.4304,202.8899,10.103,188.4741,9.3851,169.2399,8.4274,153.3751,7.6374,107.7938,5.3676,31.2919,1.9767,11.8451,0.7483,10.4695,0.6614,9.7257,0.6144,8.7331,0.5517,7.9145,0.5,5.5624,0.3514,0.0,0.0,0.0,0.0,0.0,0.0,0.0,0.0,0.0,0.0,0.0,0.0,0.0,0.0,0.0,0.0,0.0,0.0,0.0,0.0,0.0,0.0,0.0,0.0,0.0,0.0,0.0,0.0,0.0,0.0,0.0,0.0,0.0,0.0,0.0,0.588,0.538
128,0.001,3,10,100,32,16,256,184,440338,73,30,ContrastiveLoss,gru,/home/dpetrovitch/dzagcoffee/train_trace/gender/checkpoints_2025-10-07 19:53:20.141369_ContrastiveLoss_gru_catboost/model_128_0.001_3_10_100_256_32_16_256_ContrastiveLoss_gruepoch=01.ckpt,1,30,0.36849526,42.1016,1.6789,0.0004,4.8186,1.4461,7.3698,0.4926,786.0622,39.0817,229.9643,11.4334,205.3065,10.2075,192.177,9.5547,175.6227,8.7317,162.4978,8.0791,136.2767,6.7754,40.9938,2.5529,11.9928,0.7469,10.7069,0.6668,10.0222,0.6241,9.1589,0.5704,8.4744,0.5277,7.107,0.4426,0.0,0.0,0.0,0.0,0.0,0.0,0.0,0.0,0.0,0.0,0.0,0.0,0.0,0.0,0.0,0.0,0.0,0.0,0.0,0.0,0.0,0.0,0.0,0.0,0.0,0.0,0.0,0.0,0.0,0.0,0.0,0.0,0.0,0.0,0.0,0.604,0.5307
128,0.001,3,10,100,32,16,256,184,440338,73,30,ContrastiveLoss,gru,/home/dpetrovitch/dzagcoffee/train_trace/gender/checkpoints_2025-10-07 19:53:20.141369_ContrastiveLoss_gru_catboost/model_128_0.001_3_10_100_256_32_16_256_ContrastiveLoss_gruepoch=02.ckpt,2,30,0.38745546,41.7894,1.6788,0.0004,4.6759,1.3863,9.5055,0.5304,883.0007,43.7072,242.017,11.9795,218.4925,10.815,205.3846,10.1662,188.922,9.3513,175.5634,8.6901,151.8772,7.5177,51.3317,3.0022,14.0692,0.8229,12.7017,0.7429,11.9397,0.6983,10.9826,0.6423,10.2061,0.5969,8.8291,0.5164,0.0,0.0,0.0,0.0,0.0,0.0,0.0,0.0,0.0,0.0,0.0,0.0,0.0,0.0,0.0,0.0,0.0,0.0,0.0,0.0,0.0,0.0,0.0,0.0,0.0,0.0,0.0,0.0,0.0,0.0,0.0,0.0,0.0,0.0,0.0,0.664,0.6154
128,0.001,3,10,100,32,16,256,184,440338,73,30,ContrastiveLoss,gru,/home/dpetrovitch/dzagcoffee/train_trace/gender/checkpoints_2025-10-07 19:53:20.141369_ContrastiveLoss_gru_catboost/model_128_0.001_3_10_100_256_32_16_256_ContrastiveLoss_gruepoch=03.ckpt,3,30,0.40326324,41.9547,1.6779,0.0004,4.5831,1.3169,8.2633,0.5809,918.1433,45.2204,246.4738,12.1393,223.1944,10.9928,210.5299,10.369,194.1088,9.5603,180.9504,8.9122,157.9491,7.7793,51.5829,3.0468,13.8473,0.8179,12.5395,0.7406,11.8279,0.6986,10.9054,0.6441,10.1661,0.6005,8.8739,0.5241,0.0,0.0,0.0,0.0,0.0,0.0,0.0,0.0,0.0,0.0,0.0,0.0,0.0,0.0,0.0,0.0,0.0,0.0,0.0,0.0,0.0,0.0,0.0,0.0,0.0,0.0,0.0,0.0,0.0,0.0,0.0,0.0,0.0,0.0,0.0,0.616,0.6404
128,0.001,3,10,100,32,16,256,184,440338,73,30,ContrastiveLoss,gru,/home/dpetrovitch/dzagcoffee/train_trace/gender/checkpoints_2025-10-07 19:53:20.141369_ContrastiveLoss_gru_catboost/model_128_0.001_3_10_100_256_32_16_256_ContrastiveLoss_gruepoch=04.ckpt,4,30,0.40736362,45.7522,1.6774,0.0005,4.5202,1.3713,9.78,0.539,977.0989,47.9993,250.9254,12.3265,228.4345,11.2217,216.2531,10.6233,200.4681,9.8478,188.2143,9.2459,166.4405,8.1763,58.7822,3.4261,15.0957,0.8799,13.7426,0.801,13.0098,0.7583,12.0601,0.7029,11.323,0.66,10.0131,0.5836,0.0,0.0,0.0,0.0,0.0,0.0,0.0,0.0,0.0,0.0,0.0,0.0,0.0,0.0,0.0,0.0,0.0,0.0,0.0,0.0,0.0,0.0,0.0,0.0,0.0,0.0,0.0,0.0,0.0,0.0,0.0,0.0,0.0,0.0,0.0,0.648,0.6624
128,0.001,3,10,100,32,16,256,184,440338,73,30,ContrastiveLoss,gru,/home/dpetrovitch/dzagcoffee/train_trace/gender/checkpoints_2025-10-07 19:53:20.141369_ContrastiveLoss_gru_catboost/model_128_0.001_3_10_100_256_32_16_256_ContrastiveLoss_gruepoch=05.ckpt,5,30,0.41744336,44.6308,1.6746,0.0005,4.4772,1.3121,10.7948,0.5841,1013.4365,49.587,254.0862,12.4323,232.4704,11.3747,220.3167,10.78,204.3717,9.9998,191.9983,9.3944,170.2108,8.3283,68.833,3.666,17.2576,0.9191,15.7895,0.8409,14.964,0.797,13.881,0.7393,13.0406,0.6945,11.5608,0.6157,0.0,0.0,0.0,0.0,0.0,0.0,0.0,0.0,0.0,0.0,0.0,0.0,0.0,0.0,0.0,0.0,0.0,0.0,0.0,0.0,0.0,0.0,0.0,0.0,0.0,0.0,0.0,0.0,0.0,0.0,0.0,0.0,0.0,0.0,0.0,0.652,0.6643
128,0.001,3,10,100,32,16,256,184,440338,73,30,ContrastiveLoss,gru,/home/dpetrovitch/dzagcoffee/train_trace/gender/checkpoints_2025-10-07 19:53:20.141369_ContrastiveLoss_gru_catboost/model_128_0.001_3_10_100_256_32_16_256_ContrastiveLoss_gruepoch=06.ckpt,6,30,0.42449915,46.0937,1.6744,0.0005,4.457,1.3015,10.2937,0.5944,1014.5873,49.6639,254.1092,12.4386,232.5747,11.3845,220.5161,10.7942,204.7252,10.0213,192.7761,9.4364,170.9355,8.3673,62.8661,3.5246,15.7452,0.8828,14.4109,0.8079,13.6637,0.7661,12.6852,0.7112,11.9448,0.6697,10.5915,0.5938,0.0,0.0,0.0,0.0,0.0,0.0,0.0,0.0,0.0,0.0,0.0,0.0,0.0,0.0,0.0,0.0,0.0,0.0,0.0,0.0,0.0,0.0,0.0,0.0,0.0,0.0,0.0,0.0,0.0,0.0,0.0,0.0,0.0,0.0,0.0,0.692,0.6736
128,0.001,3,10,100,32,16,256,184,440338,73,30,ContrastiveLoss,gru,/home/dpetrovitch/dzagcoffee/train_trace/gender/checkpoints_2025-10-07 19:53:20.141369_ContrastiveLoss_gru_catboost/model_128_0.001_3_10_100_256_32_16_256_ContrastiveLoss_gruepoch=07.ckpt,7,30,0.42692915,49.1125,1.6771,0.0005,4.4519,1.3171,10.5867,0.5815,1089.0436,53.374,260.1086,12.7479,238.8399,11.7055,227.0415,11.1273,211.3179,10.3567,199.039,9.7549,176.4575,8.6482,74.3371,3.8881,17.7548,0.9286,16.303,0.8527,15.4976,0.8106,14.4244,0.7544,13.5862,0.7106,12.0448,0.63,0.0,0.0,0.0,0.0,0.0,0.0,0.0,0.0,0.0,0.0,0.0,0.0,0.0,0.0,0.0,0.0,0.0,0.0,0.0,0.0,0.0,0.0,0.0,0.0,0.0,0.0,0.0,0.0,0.0,0.0,0.0,0.0,0.0,0.0,0.0,0.684,0.7034
128,0.001,3,10,100,32,16,256,184,440338,73,30,ContrastiveLoss,gru,/home/dpetrovitch/dzagcoffee/train_trace/gender/checkpoints_2025-10-07 19:53:20.141369_ContrastiveLoss_gru_catboost/model_128_0.001_3_10_100_256_32_16_256_ContrastiveLoss_gruepoch=08.ckpt,8,30,0.43589237,50.3256,1.6767,0.0005,4.4689,1.3082,10.2615,0.5903,1088.0833,53.2828,260.9075,12.7765,239.6916,11.7376,227.7083,11.1507,212.244,10.3935,200.3377,9.8104,177.6973,8.7017,70.7238,3.8299,16.9586,0.9184,15.5796,0.8437,14.8007,0.8015,13.7955,0.7471,13.0217,0.7052,11.5501,0.6255,0.0,0.0,0.0,0.0,0.0,0.0,0.0,0.0,0.0,0.0,0.0,0.0,0.0,0.0,0.0,0.0,0.0,0.0,0.0,0.0,0.0,0.0,0.0,0.0,0.0,0.0,0.0,0.0,0.0,0.0,0.0,0.0,0.0,0.0,0.0,0.652,0.6813
128,0.001,3,10,100,32,16,256,184,440338,73,30,ContrastiveLoss,gru,/home/dpetrovitch/dzagcoffee/train_trace/gender/checkpoints_2025-10-07 19:53:20.141369_ContrastiveLoss_gru_catboost/model_128_0.001_3_10_100_256_32_16_256_ContrastiveLoss_gruepoch=09.ckpt,9,30,0.43756,52.417,1.6767,0.0005,4.4422,1.3116,10.3,0.5865,1115.0936,54.5298,264.88,12.953,244.2219,11.9428,232.5239,11.3708,217.2354,10.6232,205.6001,10.0542,182.5025,8.9247,71.9453,3.8163,17.0899,0.9065,15.7571,0.8358,15.0023,0.7958,14.0159,0.7435,13.2652,0.7036,11.775,0.6246,0.0,0.0,0.0,0.0,0.0,0.0,0.0,0.0,0.0,0.0,0.0,0.0,0.0,0.0,0.0,0.0,0.0,0.0,0.0,0.0,0.0,0.0,0.0,0.0,0.0,0.0,0.0,0.0,0.0,0.0,0.0,0.0,0.0,0.0,0.0,0.644,0.6915
128,0.001,3,10,100,32,16,256,184,440338,73,30,ContrastiveLoss,gru,/home/dpetrovitch/dzagcoffee/train_trace/gender/checkpoints_2025-10-07 19:53:20.141369_ContrastiveLoss_gru_catboost/model_128_0.001_3_10_100_256_32_16_256_ContrastiveLoss_gruepoch=10.ckpt,10,30,0.4359666,52.9597,1.6767,0.0005,4.4651,1.3199,10.2963,0.5801,1140.1522,55.726,266.5004,13.0255,245.6777,12.0077,234.0821,11.441,219.3999,10.7234,207.9444,10.1635,185.5448,9.0687,73.7978,3.9385,17.2496,0.9206,15.9018,0.8487,15.1513,0.8086,14.2009,0.7579,13.4595,0.7183,12.0096,0.6409,0.0,0.0,0.0,0.0,0.0,0.0,0.0,0.0,0.0,0.0,0.0,0.0,0.0,0.0,0.0,0.0,0.0,0.0,0.0,0.0,0.0,0.0,0.0,0.0,0.0,0.0,0.0,0.0,0.0,0.0,0.0,0.0,0.0,0.0,0.0,0.648,0.6737
128,0.001,3,10,100,32,16,256,184,440338,73,30,ContrastiveLoss,gru,/home/dpetrovitch/dzagcoffee/train_trace/gender/checkpoints_2025-10-07 19:53:20.141369_ContrastiveLoss_gru_catboost/model_128_0.001_3_10_100_256_32_16_256_ContrastiveLoss_gruepoch=11.ckpt,11,30,0.4409494,51.1781,1.6758,0.0005,4.4741,1.2776,10.809,0.6152,1137.1542,55.5391,267.3445,13.0572,246.6728,12.0476,235.1875,11.4867,219.8405,10.7371,207.9828,10.158,186.1301,9.0907,76.5861,4.0275,18.0054,0.9469,16.6132,0.8737,15.8396,0.833,14.806,0.7786,14.0074,0.7366,12.5357,0.6592,0.0,0.0,0.0,0.0,0.0,0.0,0.0,0.0,0.0,0.0,0.0,0.0,0.0,0.0,0.0,0.0,0.0,0.0,0.0,0.0,0.0,0.0,0.0,0.0,0.0,0.0,0.0,0.0,0.0,0.0,0.0,0.0,0.0,0.0,0.0,0.664,0.6953
128,0.001,3,10,100,32,16,256,184,440338,73,30,ContrastiveLoss,gru,/home/dpetrovitch/dzagcoffee/train_trace/gender/checkpoints_2025-10-07 19:53:20.141369_ContrastiveLoss_gru_catboost/model_128_0.001_3_10_100_256_32_16_256_ContrastiveLoss_gruepoch=12.ckpt,12,30,0.43193755,53.3258,1.6757,0.0005,4.4688,1.3046,10.8134,0.5918,1156.8032,56.4611,269.0899,13.1337,248.5224,12.1299,236.8711,11.5612,221.8446,10.8278,210.304,10.2645,188.8739,9.2185,77.5586,4.0063,18.0413,0.9319,16.6623,0.8607,15.8812,0.8203,14.8737,0.7683,14.1,0.7283,12.6632,0.6541,0.0,0.0,0.0,0.0,0.0,0.0,0.0,0.0,0.0,0.0,0.0,0.0,0.0,0.0,0.0,0.0,0.0,0.0,0.0,0.0,0.0,0.0,0.0,0.0,0.0,0.0,0.0,0.0,0.0,0.0,0.0,0.0,0.0,0.0,0.0,0.676,0.6998
128,0.001,3,10,100,32,16,256,184,440338,73,30,ContrastiveLoss,gru,/home/dpetrovitch/dzagcoffee/train_trace/gender/checkpoints_2025-10-07 19:53:20.141369_ContrastiveLoss_gru_catboost/model_128_0.001_3_10_100_256_32_16_256_ContrastiveLoss_gruepoch=13.ckpt,13,30,0.43913618,53.7122,1.675,0.0006,4.4815,1.3029,10.3833,0.592,1176.8239,57.4412,268.8627,13.1233,248.7098,12.1396,237.5336,11.5941,222.7916,10.8745,211.7186,10.3341,190.1385,9.2807,79.6548,4.1174,18.1983,0.9407,16.8342,0.8702,16.0778,0.8311,15.0799,0.7795,14.3304,0.7407,12.8698,0.6652,0.0,0.0,0.0,0.0,0.0,0.0,0.0,0.0,0.0,0.0,0.0,0.0,0.0,0.0,0.0,0.0,0.0,0.0,0.0,0.0,0.0,0.0,0.0,0.0,0.0,0.0,0.0,0.0,0.0,0.0,0.0,0.0,0.0,0.0,0.0,0.664,0.7077
128,0.001,3,10,100,32,16,256,184,440338,73,30,ContrastiveLoss,gru,/home/dpetrovitch/dzagcoffee/train_trace/gender/checkpoints_2025-10-07 19:53:20.141369_ContrastiveLoss_gru_catboost/model_128_0.001_3_10_100_256_32_16_256_ContrastiveLoss_gruepoch=14.ckpt,14,30,0.43593526,52.7232,1.6759,0.0005,4.4978,1.2726,12.3758,0.62,1177.1392,57.5194,269.6652,13.1768,249.6716,12.1999,238.4453,11.6513,223.9567,10.9433,212.4045,10.3789,191.8114,9.3726,79.4887,4.1907,18.2097,0.96,16.8596,0.8888,16.1015,0.8489,15.1231,0.7973,14.343,0.7562,12.9525,0.6829,0.0,0.0,0.0,0.0,0.0,0.0,0.0,0.0,0.0,0.0,0.0,0.0,0.0,0.0,0.0,0.0,0.0,0.0,0.0,0.0,0.0,0.0,0.0,0.0,0.0,0.0,0.0,0.0,0.0,0.0,0.0,0.0,0.0,0.0,0.0,0.676,0.6844
128,0.001,3,10,100,32,16,256,184,440338,73,30,ContrastiveLoss,gru,/home/dpetrovitch/dzagcoffee/train_trace/gender/checkpoints_2025-10-07 19:53:20.141369_ContrastiveLoss_gru_catboost/model_128_0.001_3_10_100_256_32_16_256_ContrastiveLoss_gruepoch=15.ckpt,15,30,0.44763398,52.9426,1.6749,0.0005,4.5191,1.2682,10.9073,0.624,1166.9309,56.9492,270.8112,13.2163,250.5288,12.2265,239.1795,11.6726,224.0964,10.9365,212.4161,10.3665,190.3351,9.2888,76.2256,4.0633,17.6898,0.943,16.3649,0.8723,15.6235,0.8328,14.6383,0.7803,13.8753,0.7396,12.433,0.6627,0.0,0.0,0.0,0.0,0.0,0.0,0.0,0.0,0.0,0.0,0.0,0.0,0.0,0.0,0.0,0.0,0.0,0.0,0.0,0.0,0.0,0.0,0.0,0.0,0.0,0.0,0.0,0.0,0.0,0.0,0.0,0.0,0.0,0.0,0.0,0.7,0.716
128,0.001,3,10,100,32,16,256,184,440338,73,30,ContrastiveLoss,gru,/home/dpetrovitch/dzagcoffee/train_trace/gender/checkpoints_2025-10-07 19:53:20.141369_ContrastiveLoss_gru_catboost/model_128_0.001_3_10_100_256_32_16_256_ContrastiveLoss_gruepoch=16.ckpt,16,30,0.4453068,54.0924,1.673,0.0005,4.5054,1.2867,10.9035,0.6067,1200.3756,58.5294,271.4883,13.2376,251.358,12.256,240.1082,11.7075,225.246,10.9828,213.5482,10.4124,192.0793,9.3656,78.7889,4.1633,17.8196,0.9416,16.4984,0.8718,15.76,0.8328,14.7844,0.7812,14.0166,0.7406,12.6075,0.6662,0.0,0.0,0.0,0.0,0.0,0.0,0.0,0.0,0.0,0.0,0.0,0.0,0.0,0.0,0.0,0.0,0.0,0.0,0.0,0.0,0.0,0.0,0.0,0.0,0.0,0.0,0.0,0.0,0.0,0.0,0.0,0.0,0.0,0.0,0.0,0.664,0.6927
128,0.001,3,10,100,32,16,256,184,440338,73,30,ContrastiveLoss,gru,/home/dpetrovitch/dzagcoffee/train_trace/gender/checkpoints_2025-10-07 19:53:20.141369_ContrastiveLoss_gru_catboost/model_128_0.001_3_10_100_256_32_16_256_ContrastiveLoss_gruepoch=17.ckpt,17,30,0.44140056,54.9386,1.6736,0.0005,4.5114,1.2875,11.3567,0.6062,1194.3052,58.2411,272.1579,13.272,252.2101,12.2992,240.9073,11.748,226.3011,11.0357,214.6285,10.4665,192.7963,9.4018,77.1953,4.0646,17.5912,0.9262,16.3019,0.8583,15.5713,0.8199,14.6272,0.7702,13.8728,0.7304,12.4616,0.6561,0.0,0.0,0.0,0.0,0.0,0.0,0.0,0.0,0.0,0.0,0.0,0.0,0.0,0.0,0.0,0.0,0.0,0.0,0.0,0.0,0.0,0.0,0.0,0.0,0.0,0.0,0.0,0.0,0.0,0.0,0.0,0.0,0.0,0.0,0.0,0.656,0.7021
128,0.001,3,10,100,32,16,256,184,440338,73,30,ContrastiveLoss,gru,/home/dpetrovitch/dzagcoffee/train_trace/gender/checkpoints_2025-10-07 19:53:20.141369_ContrastiveLoss_gru_catboost/model_128_0.001_3_10_100_256_32_16_256_ContrastiveLoss_gruepoch=18.ckpt,18,30,0.44622624,56.7303,1.6749,0.0006,4.5034,1.31,10.6185,0.5851,1233.826,60.1999,273.9139,13.3646,254.107,12.3982,243.0085,11.8567,228.1998,11.1341,216.7364,10.5748,194.8125,9.5051,85.3447,4.3724,18.9468,0.9707,17.5768,0.9005,16.8091,0.8612,15.7848,0.8087,14.9918,0.7681,13.4753,0.6904,0.0,0.0,0.0,0.0,0.0,0.0,0.0,0.0,0.0,0.0,0.0,0.0,0.0,0.0,0.0,0.0,0.0,0.0,0.0,0.0,0.0,0.0,0.0,0.0,0.0,0.0,0.0,0.0,0.0,0.0,0.0,0.0,0.0,0.0,0.0,0.648,0.7028
128,0.001,3,10,100,32,16,256,184,440338,73,30,ContrastiveLoss,gru,/home/dpetrovitch/dzagcoffee/train_trace/gender/checkpoints_2025-10-07 19:53:20.141369_ContrastiveLoss_gru_catboost/model_128_0.001_3_10_100_256_32_16_256_ContrastiveLoss_gruepoch=19.ckpt,19,30,0.4457951,57.2251,1.677,0.0005,4.5141,1.3108,11.2245,0.5859,1239.9761,60.5786,273.8064,13.3767,254.2189,12.4198,243.1712,11.88,228.7255,11.1743,217.681,10.6347,196.5114,9.6005,85.036,4.3801,18.7773,0.9672,17.434,0.898,16.6764,0.859,15.6857,0.808,14.9283,0.7689,13.4765,0.6942,0.0,0.0,0.0,0.0,0.0,0.0,0.0,0.0,0.0,0.0,0.0,0.0,0.0,0.0,0.0,0.0,0.0,0.0,0.0,0.0,0.0,0.0,0.0,0.0,0.0,0.0,0.0,0.0,0.0,0.0,0.0,0.0,0.0,0.0,0.0,0.636,0.7
128,0.001,3,10,100,32,16,256,184,440338,73,30,ContrastiveLoss,gru,/home/dpetrovitch/dzagcoffee/train_trace/gender/checkpoints_2025-10-07 19:53:20.141369_ContrastiveLoss_gru_catboost/model_128_0.001_3_10_100_256_32_16_256_ContrastiveLoss_gruepoch=20.ckpt,20,30,0.44824505,56.6968,1.6761,0.0005,4.5296,1.2962,11.1299,0.5987,1229.0006,59.9761,274.6233,13.4018,254.8247,12.4356,243.6318,11.8894,228.9151,11.1712,217.3397,10.6063,195.1338,9.5227,86.3197,4.363,19.2884,0.9749,17.8978,0.9046,17.1117,0.8649,16.078,0.8126,15.265,0.7716,13.7054,0.6927,0.0,0.0,0.0,0.0,0.0,0.0,0.0,0.0,0.0,0.0,0.0,0.0,0.0,0.0,0.0,0.0,0.0,0.0,0.0,0.0,0.0,0.0,0.0,0.0,0.0,0.0,0.0,0.0,0.0,0.0,0.0,0.0,0.0,0.0,0.0,0.692,0.7224
128,0.001,3,10,100,32,16,256,184,440338,73,30,ContrastiveLoss,gru,/home/dpetrovitch/dzagcoffee/train_trace/gender/checkpoints_2025-10-07 19:53:20.141369_ContrastiveLoss_gru_catboost/model_128_0.001_3_10_100_256_32_16_256_ContrastiveLoss_gruepoch=21.ckpt,21,30,0.44797668,55.9261,1.6651,0.0005,4.5324,1.293,11.2596,0.6008,1229.1509,59.8611,274.5354,13.3702,254.7384,12.4061,243.5008,11.8588,228.9782,11.1515,217.4108,10.5882,196.6685,9.578,84.905,4.3068,18.9639,0.9619,17.5964,0.8926,16.8201,0.8532,15.8169,0.8023,15.0179,0.7618,13.5851,0.6891,0.0,0.0,0.0,0.0,0.0,0.0,0.0,0.0,0.0,0.0,0.0,0.0,0.0,0.0,0.0,0.0,0.0,0.0,0.0,0.0,0.0,0.0,0.0,0.0,0.0,0.0,0.0,0.0,0.0,0.0,0.0,0.0,0.0,0.0,0.0,0.668,0.7294
128,0.001,3,10,100,32,16,256,184,440338,73,30,ContrastiveLoss,gru,/home/dpetrovitch/dzagcoffee/train_trace/gender/checkpoints_2025-10-07 19:53:20.141369_ContrastiveLoss_gru_catboost/model_128_0.001_3_10_100_256_32_16_256_ContrastiveLoss_gruepoch=22.ckpt,22,30,0.4455352,55.1857,1.6755,0.0005,4.5647,1.2658,11.434,0.6262,1232.9,60.1419,275.3504,13.4318,255.8075,12.4785,244.7184,11.9376,229.8432,11.2119,218.0721,10.6377,196.2474,9.5731,87.2039,4.3022,19.4757,0.9608,18.0934,0.8926,17.3091,0.8539,16.257,0.802,15.4244,0.761,13.8807,0.6848,0.0,0.0,0.0,0.0,0.0,0.0,0.0,0.0,0.0,0.0,0.0,0.0,0.0,0.0,0.0,0.0,0.0,0.0,0.0,0.0,0.0,0.0,0.0,0.0,0.0,0.0,0.0,0.0,0.0,0.0,0.0,0.0,0.0,0.0,0.0,0.656,0.7086
128,0.001,3,10,100,32,16,256,184,440338,73,30,ContrastiveLoss,gru,/home/dpetrovitch/dzagcoffee/train_trace/gender/checkpoints_2025-10-07 19:53:20.141369_ContrastiveLoss_gru_catboost/model_128_0.001_3_10_100_256_32_16_256_ContrastiveLoss_gruepoch=23.ckpt,23,30,0.450498,56.2829,1.6742,0.0005,4.5535,1.2847,11.5581,0.6084,1248.1077,60.8482,275.7055,13.4413,256.3513,12.4977,245.2447,11.9563,230.5584,11.2403,219.1463,10.6839,197.5051,9.6288,87.259,4.3655,19.2754,0.9643,17.9223,0.8966,17.1458,0.8578,16.119,0.8064,15.3212,0.7665,13.8082,0.6908,0.0,0.0,0.0,0.0,0.0,0.0,0.0,0.0,0.0,0.0,0.0,0.0,0.0,0.0,0.0,0.0,0.0,0.0,0.0,0.0,0.0,0.0,0.0,0.0,0.0,0.0,0.0,0.0,0.0,0.0,0.0,0.0,0.0,0.0,0.0,0.68,0.7325
128,0.001,3,10,100,32,16,256,184,440338,73,30,ContrastiveLoss,gru,/home/dpetrovitch/dzagcoffee/train_trace/gender/checkpoints_2025-10-07 19:53:20.141369_ContrastiveLoss_gru_catboost/model_128_0.001_3_10_100_256_32_16_256_ContrastiveLoss_gruepoch=24.ckpt,24,30,0.44600928,55.6047,1.6738,0.0005,4.5703,1.267,12.0275,0.6252,1233.6705,60.1743,276.178,13.471,256.5077,12.5116,245.4538,11.9724,230.5966,11.2477,218.9699,10.6806,196.9841,9.6082,82.7534,4.2057,18.5258,0.9415,17.2063,0.8745,16.4648,0.8368,15.4682,0.7861,14.6883,0.7465,13.2135,0.6715,0.0,0.0,0.0,0.0,0.0,0.0,0.0,0.0,0.0,0.0,0.0,0.0,0.0,0.0,0.0,0.0,0.0,0.0,0.0,0.0,0.0,0.0,0.0,0.0,0.0,0.0,0.0,0.0,0.0,0.0,0.0,0.0,0.0,0.0,0.0,0.652,0.7134
128,0.001,3,10,100,32,16,256,184,440338,73,30,ContrastiveLoss,gru,/home/dpetrovitch/dzagcoffee/train_trace/gender/checkpoints_2025-10-07 19:53:20.141369_ContrastiveLoss_gru_catboost/model_128_0.001_3_10_100_256_32_16_256_ContrastiveLoss_gruepoch=25.ckpt,25,30,0.45308498,57.4108,1.6741,0.0005,4.5471,1.2952,11.8068,0.5987,1273.0154,62.0903,277.3403,13.527,257.7651,12.5723,246.7849,12.0367,232.2548,11.328,220.8655,10.7725,199.63,9.7368,90.6862,4.4297,19.757,0.9651,18.3625,0.8969,17.5803,0.8587,16.5452,0.8082,15.7339,0.7685,14.2211,0.6947,0.0,0.0,0.0,0.0,0.0,0.0,0.0,0.0,0.0,0.0,0.0,0.0,0.0,0.0,0.0,0.0,0.0,0.0,0.0,0.0,0.0,0.0,0.0,0.0,0.0,0.0,0.0,0.0,0.0,0.0,0.0,0.0,0.0,0.0,0.0,0.696,0.7467
128,0.001,3,10,100,32,16,256,184,440338,73,30,ContrastiveLoss,gru,/home/dpetrovitch/dzagcoffee/train_trace/gender/checkpoints_2025-10-07 19:53:20.141369_ContrastiveLoss_gru_catboost/model_128_0.001_3_10_100_256_32_16_256_ContrastiveLoss_gruepoch=26.ckpt,26,30,0.452317,57.3122,1.6761,0.0005,4.5772,1.2834,11.6787,0.6106,1252.5852,61.1303,277.5652,13.5461,257.98,12.5903,246.8859,12.0489,232.1625,11.3303,220.551,10.7636,198.8736,9.7057,86.7735,4.3161,19.2285,0.9564,17.8717,0.8889,17.1032,0.8507,16.0832,0.8,15.2788,0.76,13.7771,0.6853,0.0,0.0,0.0,0.0,0.0,0.0,0.0,0.0,0.0,0.0,0.0,0.0,0.0,0.0,0.0,0.0,0.0,0.0,0.0,0.0,0.0,0.0,0.0,0.0,0.0,0.0,0.0,0.0,0.0,0.0,0.0,0.0,0.0,0.0,0.0,0.7,0.7503
128,0.001,3,10,100,32,16,256,184,440338,73,30,ContrastiveLoss,gru,/home/dpetrovitch/dzagcoffee/train_trace/gender/checkpoints_2025-10-07 19:53:20.141369_ContrastiveLoss_gru_catboost/model_128_0.001_3_10_100_256_32_16_256_ContrastiveLoss_gruepoch=27.ckpt,27,30,0.45122898,57.3055,1.6721,0.0005,4.5773,1.2899,11.8278,0.6037,1260.1718,61.4485,276.897,13.5021,257.5037,12.5564,246.5492,12.0222,232.0461,11.315,220.6749,10.7606,198.6952,9.6888,88.9274,4.4437,19.54,0.9764,18.1714,0.908,17.3984,0.8694,16.375,0.8183,15.5725,0.7782,14.0215,0.7006,0.0,0.0,0.0,0.0,0.0,0.0,0.0,0.0,0.0,0.0,0.0,0.0,0.0,0.0,0.0,0.0,0.0,0.0,0.0,0.0,0.0,0.0,0.0,0.0,0.0,0.0,0.0,0.0,0.0,0.0,0.0,0.0,0.0,0.0,0.0,0.7,0.7391
128,0.001,3,10,100,32,16,256,184,440338,73,30,ContrastiveLoss,gru,/home/dpetrovitch/dzagcoffee/train_trace/gender/checkpoints_2025-10-07 19:53:20.141369_ContrastiveLoss_gru_catboost/model_128_0.001_3_10_100_256_32_16_256_ContrastiveLoss_gruepoch=28.ckpt,28,30,0.44854772,57.3525,1.6745,0.0005,4.5868,1.2805,11.9691,0.612,1261.5306,61.5094,277.2021,13.5158,257.9827,12.5787,247.1174,12.0489,232.4374,11.3331,221.1397,10.7823,199.6451,9.7342,92.1485,4.5597,20.2482,1.0019,18.8443,0.9325,18.0507,0.8932,16.9784,0.8401,16.1531,0.7993,14.5831,0.7216,0.0,0.0,0.0,0.0,0.0,0.0,0.0,0.0,0.0,0.0,0.0,0.0,0.0,0.0,0.0,0.0,0.0,0.0,0.0,0.0,0.0,0.0,0.0,0.0,0.0,0.0,0.0,0.0,0.0,0.0,0.0,0.0,0.0,0.0,0.0,0.668,0.7591
128,0.001,3,10,100,32,16,256,184,440338,73,30,ContrastiveLoss,gru,/home/dpetrovitch/dzagcoffee/train_trace/gender/checkpoints_2025-10-07 19:53:20.141369_ContrastiveLoss_gru_catboost/model_128_0.001_3_10_100_256_32_16_256_ContrastiveLoss_gruepoch=29.ckpt,29,30,0.45074356,57.7121,1.6739,0.0005,4.5742,1.2872,11.8347,0.6053,1276.2799,62.1864,278.3862,13.5643,258.9937,12.6194,248.0054,12.084,233.4876,11.3766,222.0524,10.8195,200.1357,9.7516,92.4644,4.5099,20.1686,0.9837,18.7637,0.9152,17.9676,0.8764,16.9158,0.8251,16.0873,0.7847,14.4995,0.7072,0.0,0.0,0.0,0.0,0.0,0.0,0.0,0.0,0.0,0.0,0.0,0.0,0.0,0.0,0.0,0.0,0.0,0.0,0.0,0.0,0.0,0.0,0.0,0.0,0.0,0.0,0.0,0.0,0.0,0.0,0.0,0.0,0.0,0.0,0.0,0.708,0.7547
128,0.001,3,10,100,32,16,256,184,440338,73,30,ContrastiveLoss,lstm,/home/dpetrovitch/dzagcoffee/train_trace/gender/checkpoints_2025-10-07 19:53:20.141369_ContrastiveLoss_gru_catboost/model_128_0.001_3_10_100_256_32_16_256_ContrastiveLoss_lstmepoch=00.ckpt,0,30,0.28920814,51.1294,1.6603,0.0004,5.0141,1.296,6.2237,0.5969,497.9526,24.4078,235.9331,11.5646,211.2953,10.3569,198.0035,9.7054,181.7142,8.907,170.7147,8.3678,152.3523,7.4677,24.8748,1.5676,11.7858,0.7427,10.5551,0.6652,9.8911,0.6233,9.0774,0.572,8.5279,0.5374,7.6106,0.4796,0.0,0.0,0.0,0.0,0.0,0.0,0.0,0.0,0.0,0.0,0.0,0.0,0.0,0.0,0.0,0.0,0.0,0.0,0.0,0.0,0.0,0.0,0.0,0.0,0.0,0.0,0.0,0.0,0.0,0.0,0.0,0.0,0.0,0.0,0.0,0.568,0.5653
128,0.001,3,10,100,32,16,256,184,440338,73,30,ContrastiveLoss,lstm,/home/dpetrovitch/dzagcoffee/train_trace/gender/checkpoints_2025-10-07 19:53:20.141369_ContrastiveLoss_gru_catboost/model_128_0.001_3_10_100_256_32_16_256_ContrastiveLoss_lstmepoch=01.ckpt,1,30,0.3489212,54.0462,1.6519,0.0004,5.0756,1.3138,8.4075,0.5808,617.6696,30.1766,245.959,12.0165,223.6265,10.9254,211.4369,10.3299,196.2421,9.5875,184.7763,9.0274,167.2688,8.172,35.1776,2.0151,14.0079,0.8024,12.736,0.7296,12.0418,0.6898,11.1764,0.6402,10.5234,0.6028,9.5263,0.5457,0.0,0.0,0.0,0.0,0.0,0.0,0.0,0.0,0.0,0.0,0.0,0.0,0.0,0.0,0.0,0.0,0.0,0.0,0.0,0.0,0.0,0.0,0.0,0.0,0.0,0.0,0.0,0.0,0.0,0.0,0.0,0.0,0.0,0.0,0.0,0.592,0.5302
128,0.001,3,10,100,32,16,256,184,440338,73,30,ContrastiveLoss,lstm,/home/dpetrovitch/dzagcoffee/train_trace/gender/checkpoints_2025-10-07 19:53:20.141369_ContrastiveLoss_gru_catboost/model_128_0.001_3_10_100_256_32_16_256_ContrastiveLoss_lstmepoch=02.ckpt,2,30,0.36741307,50.5684,1.6571,0.0003,5.1747,1.2814,7.2146,0.6058,620.092,30.2402,244.2609,11.912,223.787,10.9135,212.7964,10.3775,199.0201,9.7057,188.0869,9.1725,171.0228,8.3403,44.5326,2.48,17.5419,0.9769,16.0715,0.895,15.2822,0.851,14.2928,0.796,13.5077,0.7522,12.2822,0.684,0.0,0.0,0.0,0.0,0.0,0.0,0.0,0.0,0.0,0.0,0.0,0.0,0.0,0.0,0.0,0.0,0.0,0.0,0.0,0.0,0.0,0.0,0.0,0.0,0.0,0.0,0.0,0.0,0.0,0.0,0.0,0.0,0.0,0.0,0.0,0.64,0.6173
128,0.001,3,10,100,32,16,256,184,440338,73,30,ContrastiveLoss,lstm,/home/dpetrovitch/dzagcoffee/train_trace/gender/checkpoints_2025-10-07 19:53:20.141369_ContrastiveLoss_gru_catboost/model_128_0.001_3_10_100_256_32_16_256_ContrastiveLoss_lstmepoch=03.ckpt,3,30,0.38033974,49.6828,1.6543,0.0003,5.2792,1.302,9.347,0.5859,669.2279,32.6198,245.6769,11.9749,225.8788,11.0099,215.2707,10.4928,201.4824,9.8208,191.3414,9.3265,174.7569,8.5181,50.7135,2.7442,18.6172,1.0074,17.1169,0.9262,16.313,0.8827,15.2682,0.8262,14.4997,0.7846,13.2429,0.7166,0.0,0.0,0.0,0.0,0.0,0.0,0.0,0.0,0.0,0.0,0.0,0.0,0.0,0.0,0.0,0.0,0.0,0.0,0.0,0.0,0.0,0.0,0.0,0.0,0.0,0.0,0.0,0.0,0.0,0.0,0.0,0.0,0.0,0.0,0.0,0.64,0.5938
128,0.001,3,10,100,32,16,256,184,440338,73,30,ContrastiveLoss,lstm,/home/dpetrovitch/dzagcoffee/train_trace/gender/checkpoints_2025-10-07 19:53:20.141369_ContrastiveLoss_gru_catboost/model_128_0.001_3_10_100_256_32_16_256_ContrastiveLoss_lstmepoch=04.ckpt,4,30,0.39324057,48.1624,1.6552,0.0003,5.3348,1.3001,9.5368,0.5879,695.0618,33.7975,253.4585,12.3245,234.7507,11.4148,224.3648,10.9098,210.9552,10.2577,200.1656,9.7331,181.5426,8.8275,61.3473,3.0243,22.3707,1.1028,20.7195,1.0214,19.8028,0.9762,18.6192,0.9179,17.6669,0.8709,16.0232,0.7899,0.0,0.0,0.0,0.0,0.0,0.0,0.0,0.0,0.0,0.0,0.0,0.0,0.0,0.0,0.0,0.0,0.0,0.0,0.0,0.0,0.0,0.0,0.0,0.0,0.0,0.0,0.0,0.0,0.0,0.0,0.0,0.0,0.0,0.0,0.0,0.632,0.6341
128,0.001,3,10,100,32,16,256,184,440338,73,30,ContrastiveLoss,lstm,/home/dpetrovitch/dzagcoffee/train_trace/gender/checkpoints_2025-10-07 19:53:20.141369_ContrastiveLoss_gru_catboost/model_128_0.001_3_10_100_256_32_16_256_ContrastiveLoss_lstmepoch=05.ckpt,5,30,0.401647,47.305,1.6523,0.0002,5.3502,1.3037,9.8738,0.5844,704.8306,34.2651,255.5512,12.4235,236.5596,11.5003,226.1508,10.9942,212.4455,10.328,201.1358,9.7781,182.9725,8.8951,63.0339,3.1213,22.8543,1.1317,21.1558,1.0476,20.2249,1.0015,18.9993,0.9408,17.9878,0.8907,16.3635,0.8103,0.0,0.0,0.0,0.0,0.0,0.0,0.0,0.0,0.0,0.0,0.0,0.0,0.0,0.0,0.0,0.0,0.0,0.0,0.0,0.0,0.0,0.0,0.0,0.0,0.0,0.0,0.0,0.0,0.0,0.0,0.0,0.0,0.0,0.0,0.0,0.644,0.6727
128,0.001,3,10,100,32,16,256,184,440338,73,30,ContrastiveLoss,lstm,/home/dpetrovitch/dzagcoffee/train_trace/gender/checkpoints_2025-10-07 19:53:20.141369_ContrastiveLoss_gru_catboost/model_128_0.001_3_10_100_256_32_16_256_ContrastiveLoss_lstmepoch=06.ckpt,6,30,0.4041741,45.7857,1.6515,0.0002,5.4317,1.2955,10.6081,0.591,721.289,35.0585,255.7857,12.4325,237.0242,11.5206,226.8625,11.0267,213.6757,10.3858,202.9831,9.8661,184.748,8.9797,64.6672,3.2204,22.9325,1.142,21.2504,1.0583,20.3394,1.0129,19.1571,0.954,18.1985,0.9063,16.5636,0.8249,0.0,0.0,0.0,0.0,0.0,0.0,0.0,0.0,0.0,0.0,0.0,0.0,0.0,0.0,0.0,0.0,0.0,0.0,0.0,0.0,0.0,0.0,0.0,0.0,0.0,0.0,0.0,0.0,0.0,0.0,0.0,0.0,0.0,0.0,0.0,0.66,0.6655
128,0.001,3,10,100,32,16,256,184,440338,73,30,ContrastiveLoss,lstm,/home/dpetrovitch/dzagcoffee/train_trace/gender/checkpoints_2025-10-07 19:53:20.141369_ContrastiveLoss_gru_catboost/model_128_0.001_3_10_100_256_32_16_256_ContrastiveLoss_lstmepoch=07.ckpt,7,30,0.41260907,46.3163,1.6485,0.0002,5.4924,1.3237,8.5461,0.567,767.0461,37.2533,258.3803,12.5488,240.2707,11.6693,229.9904,11.17,216.6911,10.5241,205.84,9.9971,186.9651,9.0804,76.2871,3.5628,25.6974,1.2001,23.8963,1.116,22.8739,1.0683,21.5512,1.0065,20.472,0.9561,18.5947,0.8684,0.0,0.0,0.0,0.0,0.0,0.0,0.0,0.0,0.0,0.0,0.0,0.0,0.0,0.0,0.0,0.0,0.0,0.0,0.0,0.0,0.0,0.0,0.0,0.0,0.0,0.0,0.0,0.0,0.0,0.0,0.0,0.0,0.0,0.0,0.0,0.66,0.7062
128,0.001,3,10,100,32,16,256,184,440338,73,30,ContrastiveLoss,lstm,/home/dpetrovitch/dzagcoffee/train_trace/gender/checkpoints_2025-10-07 19:53:20.141369_ContrastiveLoss_gru_catboost/model_128_0.001_3_10_100_256_32_16_256_ContrastiveLoss_lstmepoch=08.ckpt,8,30,0.4117153,46.699,1.6438,0.0002,5.5431,1.3503,11.079,0.5452,795.8264,38.6744,259.9093,12.6307,241.875,11.7543,232.293,11.2886,220.0821,10.6952,210.3518,10.2224,194.4633,9.4502,69.7038,3.3713,22.7646,1.101,21.185,1.0246,20.3458,0.984,19.2763,0.9323,18.424,0.8911,17.0324,0.8238,0.0,0.0,0.0,0.0,0.0,0.0,0.0,0.0,0.0,0.0,0.0,0.0,0.0,0.0,0.0,0.0,0.0,0.0,0.0,0.0,0.0,0.0,0.0,0.0,0.0,0.0,0.0,0.0,0.0,0.0,0.0,0.0,0.0,0.0,0.0,0.648,0.6982
128,0.001,3,10,100,32,16,256,184,440338,73,30,ContrastiveLoss,lstm,/home/dpetrovitch/dzagcoffee/train_trace/gender/checkpoints_2025-10-07 19:53:20.141369_ContrastiveLoss_gru_catboost/model_128_0.001_3_10_100_256_32_16_256_ContrastiveLoss_lstmepoch=09.ckpt,9,30,0.4198905,44.985,1.6461,1e-04,5.7297,1.3005,11.2216,0.5858,794.4676,38.5867,262.2858,12.739,244.8347,11.8914,235.2286,11.4249,223.0658,10.8341,213.5301,10.371,195.1323,9.4774,69.9324,3.3906,23.0875,1.1194,21.5514,1.0449,20.7058,1.0039,19.6352,0.952,18.7958,0.9113,17.1764,0.8328,0.0,0.0,0.0,0.0,0.0,0.0,0.0,0.0,0.0,0.0,0.0,0.0,0.0,0.0,0.0,0.0,0.0,0.0,0.0,0.0,0.0,0.0,0.0,0.0,0.0,0.0,0.0,0.0,0.0,0.0,0.0,0.0,0.0,0.0,0.0,0.628,0.6867
128,0.001,3,10,100,32,16,256,184,440338,73,30,ContrastiveLoss,lstm,/home/dpetrovitch/dzagcoffee/train_trace/gender/checkpoints_2025-10-07 19:53:20.141369_ContrastiveLoss_gru_catboost/model_128_0.001_3_10_100_256_32_16_256_ContrastiveLoss_lstmepoch=10.ckpt,10,30,0.4236882,45.665,1.641,1e-04,5.7719,1.3228,10.756,0.5666,836.3756,40.6206,266.0615,12.9219,249.0465,12.0956,239.6179,11.6376,227.6275,11.0553,217.7876,10.5774,198.8561,9.6579,83.6611,3.8038,26.6137,1.21,24.9117,1.1327,23.9685,1.0898,22.7692,1.0352,21.7849,0.9905,19.8912,0.9044,0.0,0.0,0.0,0.0,0.0,0.0,0.0,0.0,0.0,0.0,0.0,0.0,0.0,0.0,0.0,0.0,0.0,0.0,0.0,0.0,0.0,0.0,0.0,0.0,0.0,0.0,0.0,0.0,0.0,0.0,0.0,0.0,0.0,0.0,0.0,0.648,0.73
128,0.001,3,10,100,32,16,256,184,440338,73,30,ContrastiveLoss,lstm,/home/dpetrovitch/dzagcoffee/train_trace/gender/checkpoints_2025-10-07 19:53:20.141369_ContrastiveLoss_gru_catboost/model_128_0.001_3_10_100_256_32_16_256_ContrastiveLoss_lstmepoch=11.ckpt,11,30,0.4265237,45.4964,1.6409,1e-04,5.8383,1.3134,11.5692,0.5749,843.9085,40.9908,267.691,13.0024,250.9476,12.1892,241.6908,11.7396,229.7275,11.1585,220.3807,10.7045,201.5927,9.7919,82.6157,3.7599,26.206,1.1927,24.5669,1.1181,23.6607,1.0768,22.4895,1.0235,21.5745,0.9819,19.7352,0.8982,0.0,0.0,0.0,0.0,0.0,0.0,0.0,0.0,0.0,0.0,0.0,0.0,0.0,0.0,0.0,0.0,0.0,0.0,0.0,0.0,0.0,0.0,0.0,0.0,0.0,0.0,0.0,0.0,0.0,0.0,0.0,0.0,0.0,0.0,0.0,0.656,0.7114
128,0.001,3,10,100,32,16,256,184,440338,73,30,ContrastiveLoss,lstm,/home/dpetrovitch/dzagcoffee/train_trace/gender/checkpoints_2025-10-07 19:53:20.141369_ContrastiveLoss_gru_catboost/model_128_0.001_3_10_100_256_32_16_256_ContrastiveLoss_lstmepoch=12.ckpt,12,30,0.4259069,45.1413,1.6462,1e-04,5.9286,1.3074,11.2431,0.5792,865.145,42.0115,267.343,12.9822,250.8002,12.1789,241.8599,11.7447,230.496,11.1929,221.3775,10.7501,202.69,9.8426,85.3375,3.9323,26.3706,1.2151,24.7388,1.14,23.857,1.0993,22.736,1.0477,21.8366,1.0062,19.9933,0.9213,0.0,0.0,0.0,0.0,0.0,0.0,0.0,0.0,0.0,0.0,0.0,0.0,0.0,0.0,0.0,0.0,0.0,0.0,0.0,0.0,0.0,0.0,0.0,0.0,0.0,0.0,0.0,0.0,0.0,0.0,0.0,0.0,0.0,0.0,0.0,0.68,0.7277
128,0.001,3,10,100,32,16,256,184,440338,73,30,ContrastiveLoss,lstm,/home/dpetrovitch/dzagcoffee/train_trace/gender/checkpoints_2025-10-07 19:53:20.141369_ContrastiveLoss_gru_catboost/model_128_0.001_3_10_100_256_32_16_256_ContrastiveLoss_lstmepoch=13.ckpt,13,30,0.429302,44.9444,1.6471,1e-04,5.9443,1.3017,11.9446,0.5846,843.5302,40.9655,269.4357,13.085,252.5351,12.2642,243.5064,11.8257,231.3518,11.2355,221.5825,10.761,200.757,9.7496,81.4361,3.6872,26.0119,1.1778,24.3802,1.1039,23.5086,1.0644,22.3352,1.0113,21.392,0.9686,19.3815,0.8775,0.0,0.0,0.0,0.0,0.0,0.0,0.0,0.0,0.0,0.0,0.0,0.0,0.0,0.0,0.0,0.0,0.0,0.0,0.0,0.0,0.0,0.0,0.0,0.0,0.0,0.0,0.0,0.0,0.0,0.0,0.0,0.0,0.0,0.0,0.0,0.684,0.7251
128,0.001,3,10,100,32,16,256,184,440338,73,30,ContrastiveLoss,lstm,/home/dpetrovitch/dzagcoffee/train_trace/gender/checkpoints_2025-10-07 19:53:20.141369_ContrastiveLoss_gru_catboost/model_128_0.001_3_10_100_256_32_16_256_ContrastiveLoss_lstmepoch=14.ckpt,14,30,0.4337223,45.0531,1.6339,1e-04,5.9838,1.3106,10.7162,0.5767,870.4053,42.2894,268.5055,13.0456,251.5504,12.2218,242.3967,11.777,230.473,11.1977,221.0505,10.7399,202.6122,9.8441,82.8173,3.8006,25.5478,1.1724,23.9345,1.0984,23.0636,1.0584,21.9291,1.0064,21.0325,0.9652,19.2782,0.8847,0.0,0.0,0.0,0.0,0.0,0.0,0.0,0.0,0.0,0.0,0.0,0.0,0.0,0.0,0.0,0.0,0.0,0.0,0.0,0.0,0.0,0.0,0.0,0.0,0.0,0.0,0.0,0.0,0.0,0.0,0.0,0.0,0.0,0.0,0.0,0.656,0.7163
128,0.001,3,10,100,32,16,256,184,440338,73,30,ContrastiveLoss,lstm,/home/dpetrovitch/dzagcoffee/train_trace/gender/checkpoints_2025-10-07 19:53:20.141369_ContrastiveLoss_gru_catboost/model_128_0.001_3_10_100_256_32_16_256_ContrastiveLoss_lstmepoch=15.ckpt,15,30,0.43199757,45.9377,1.6124,1e-04,5.9452,1.3346,11.8504,0.5567,877.1029,42.6311,269.7776,13.1124,253.1018,12.3019,244.0066,11.8598,232.2403,11.2879,223.2515,10.851,206.6584,10.0445,79.7435,3.761,24.5274,1.1568,23.0112,1.0853,22.1843,1.0463,21.1146,0.9958,20.2973,0.9573,18.7888,0.8861,0.0,0.0,0.0,0.0,0.0,0.0,0.0,0.0,0.0,0.0,0.0,0.0,0.0,0.0,0.0,0.0,0.0,0.0,0.0,0.0,0.0,0.0,0.0,0.0,0.0,0.0,0.0,0.0,0.0,0.0,0.0,0.0,0.0,0.0,0.0,0.652,0.7178
128,0.001,3,10,100,32,16,256,184,440338,73,30,ContrastiveLoss,lstm,/home/dpetrovitch/dzagcoffee/train_trace/gender/checkpoints_2025-10-07 19:53:20.141369_ContrastiveLoss_gru_catboost/model_128_0.001_3_10_100_256_32_16_256_ContrastiveLoss_lstmepoch=16.ckpt,16,30,0.42709473,45.1465,1.6245,1e-04,6.0562,1.3098,11.456,0.5769,872.7595,42.4148,269.2966,13.0874,252.2626,12.2596,243.115,11.815,231.17,11.2345,222.0339,10.7905,203.6084,9.8951,81.1125,3.8102,25.0279,1.1757,23.4448,1.1013,22.5946,1.0614,21.4845,1.0092,20.6354,0.9693,18.923,0.8889,0.0,0.0,0.0,0.0,0.0,0.0,0.0,0.0,0.0,0.0,0.0,0.0,0.0,0.0,0.0,0.0,0.0,0.0,0.0,0.0,0.0,0.0,0.0,0.0,0.0,0.0,0.0,0.0,0.0,0.0,0.0,0.0,0.0,0.0,0.0,0.668,0.7141
128,0.001,3,10,100,32,16,256,184,440338,73,30,ContrastiveLoss,lstm,/home/dpetrovitch/dzagcoffee/train_trace/gender/checkpoints_2025-10-07 19:53:20.141369_ContrastiveLoss_gru_catboost/model_128_0.001_3_10_100_256_32_16_256_ContrastiveLoss_lstmepoch=17.ckpt,17,30,0.43501005,43.5156,1.6554,1e-04,6.2496,1.2711,11.7749,0.6125,869.2133,42.2486,269.4879,13.0986,252.2957,12.263,242.9068,11.8066,230.9524,11.2256,221.2667,10.7548,200.0836,9.7252,79.695,3.7052,24.7084,1.1487,23.1321,1.0754,22.2712,1.0354,21.1752,0.9845,20.2871,0.9432,18.3449,0.8529,0.0,0.0,0.0,0.0,0.0,0.0,0.0,0.0,0.0,0.0,0.0,0.0,0.0,0.0,0.0,0.0,0.0,0.0,0.0,0.0,0.0,0.0,0.0,0.0,0.0,0.0,0.0,0.0,0.0,0.0,0.0,0.0,0.0,0.0,0.0,0.684,0.7007
128,0.001,3,10,100,32,16,256,184,440338,73,30,ContrastiveLoss,lstm,/home/dpetrovitch/dzagcoffee/train_trace/gender/checkpoints_2025-10-07 19:53:20.141369_ContrastiveLoss_gru_catboost/model_128_0.001_3_10_100_256_32_16_256_ContrastiveLoss_lstmepoch=18.ckpt,18,30,0.43699172,46.0618,1.6432,1e-04,6.1124,1.3228,12.3446,0.5668,884.5736,42.9841,271.5119,13.1936,254.5462,12.3692,245.3122,11.9204,233.4662,11.3448,224.1421,10.8917,206.6737,10.0429,80.6067,3.7787,24.7415,1.1598,23.1955,1.0874,22.354,1.0479,21.2746,0.9973,20.4249,0.9575,18.8331,0.8829,0.0,0.0,0.0,0.0,0.0,0.0,0.0,0.0,0.0,0.0,0.0,0.0,0.0,0.0,0.0,0.0,0.0,0.0,0.0,0.0,0.0,0.0,0.0,0.0,0.0,0.0,0.0,0.0,0.0,0.0,0.0,0.0,0.0,0.0,0.0,0.664,0.7118
128,0.001,3,10,100,32,16,256,184,440338,73,30,ContrastiveLoss,lstm,/home/dpetrovitch/dzagcoffee/train_trace/gender/checkpoints_2025-10-07 19:53:20.141369_ContrastiveLoss_gru_catboost/model_128_0.001_3_10_100_256_32_16_256_ContrastiveLoss_lstmepoch=19.ckpt,19,30,0.43307123,45.5251,1.642,1e-04,6.2125,1.3146,11.722,0.5738,890.8186,43.3034,269.9387,13.1219,252.6703,12.2825,243.2502,11.8246,231.0578,11.2319,221.6382,10.774,203.7791,9.9059,80.6036,3.7246,24.4247,1.1286,22.8623,1.0564,22.0099,1.017,20.9067,0.9661,20.0544,0.9267,18.4385,0.852,0.0,0.0,0.0,0.0,0.0,0.0,0.0,0.0,0.0,0.0,0.0,0.0,0.0,0.0,0.0,0.0,0.0,0.0,0.0,0.0,0.0,0.0,0.0,0.0,0.0,0.0,0.0,0.0,0.0,0.0,0.0,0.0,0.0,0.0,0.0,0.684,0.6994
128,0.001,3,10,100,32,16,256,184,440338,73,30,ContrastiveLoss,lstm,/home/dpetrovitch/dzagcoffee/train_trace/gender/checkpoints_2025-10-07 19:53:20.141369_ContrastiveLoss_gru_catboost/model_128_0.001_3_10_100_256_32_16_256_ContrastiveLoss_lstmepoch=20.ckpt,20,30,0.43846798,44.7946,1.6459,1e-04,6.2916,1.2936,11.69,0.5923,889.9763,43.2346,271.4772,13.1882,254.7004,12.3732,245.5935,11.9308,233.673,11.3517,224.3739,10.9,204.95,9.9564,82.8613,3.8621,25.2759,1.1781,23.7139,1.1053,22.866,1.0658,21.7561,1.014,20.8903,0.9737,19.0819,0.8894,0.0,0.0,0.0,0.0,0.0,0.0,0.0,0.0,0.0,0.0,0.0,0.0,0.0,0.0,0.0,0.0,0.0,0.0,0.0,0.0,0.0,0.0,0.0,0.0,0.0,0.0,0.0,0.0,0.0,0.0,0.0,0.0,0.0,0.0,0.0,0.644,0.7002
128,0.001,3,10,100,32,16,256,184,440338,73,30,ContrastiveLoss,lstm,/home/dpetrovitch/dzagcoffee/train_trace/gender/checkpoints_2025-10-07 19:53:20.141369_ContrastiveLoss_gru_catboost/model_128_0.001_3_10_100_256_32_16_256_ContrastiveLoss_lstmepoch=21.ckpt,21,30,0.44069242,45.4021,1.6457,1e-04,6.3224,1.2988,12.3458,0.5876,915.9625,44.5199,273.5489,13.2957,256.6793,12.4758,247.6095,12.0349,235.8423,11.463,226.5563,11.0117,207.6575,10.0931,82.2603,3.8359,24.5667,1.1456,23.0517,1.0749,22.2372,1.037,21.1804,0.9877,20.3464,0.9488,18.6492,0.8696,0.0,0.0,0.0,0.0,0.0,0.0,0.0,0.0,0.0,0.0,0.0,0.0,0.0,0.0,0.0,0.0,0.0,0.0,0.0,0.0,0.0,0.0,0.0,0.0,0.0,0.0,0.0,0.0,0.0,0.0,0.0,0.0,0.0,0.0,0.0,0.656,0.7025
128,0.001,3,10,100,32,16,256,184,440338,73,30,ContrastiveLoss,lstm,/home/dpetrovitch/dzagcoffee/train_trace/gender/checkpoints_2025-10-07 19:53:20.141369_ContrastiveLoss_gru_catboost/model_128_0.001_3_10_100_256_32_16_256_ContrastiveLoss_lstmepoch=22.ckpt,22,30,0.43991575,45.915,1.6423,1e-04,6.254,1.3087,12.2462,0.5794,899.9283,43.7276,274.3645,13.3314,257.5676,12.5152,248.2677,12.0633,236.2731,11.4805,226.9945,11.0297,208.6527,10.1385,80.9841,3.7146,24.6899,1.1325,23.1784,1.0632,22.3415,1.0248,21.2621,0.9753,20.4271,0.937,18.7766,0.8613,0.0,0.0,0.0,0.0,0.0,0.0,0.0,0.0,0.0,0.0,0.0,0.0,0.0,0.0,0.0,0.0,0.0,0.0,0.0,0.0,0.0,0.0,0.0,0.0,0.0,0.0,0.0,0.0,0.0,0.0,0.0,0.0,0.0,0.0,0.0,0.636,0.6817
128,0.001,3,10,100,32,16,256,184,440338,73,30,ContrastiveLoss,lstm,/home/dpetrovitch/dzagcoffee/train_trace/gender/checkpoints_2025-10-07 19:53:20.141369_ContrastiveLoss_gru_catboost/model_128_0.001_3_10_100_256_32_16_256_ContrastiveLoss_lstmepoch=23.ckpt,23,30,0.43402207,45.56,1.6441,1e-04,6.3251,1.3028,12.3788,0.5835,921.0893,44.7587,274.2473,13.3266,257.3322,12.5046,248.3147,12.0664,236.3732,11.4861,227.0378,11.0325,208.1058,10.1125,81.8812,3.8112,24.3795,1.1348,22.8758,1.0648,22.0742,1.0275,21.0126,0.978,20.1828,0.9394,18.4998,0.8611,0.0,0.0,0.0,0.0,0.0,0.0,0.0,0.0,0.0,0.0,0.0,0.0,0.0,0.0,0.0,0.0,0.0,0.0,0.0,0.0,0.0,0.0,0.0,0.0,0.0,0.0,0.0,0.0,0.0,0.0,0.0,0.0,0.0,0.0,0.0,0.66,0.7003
128,0.001,3,10,100,32,16,256,184,440338,73,30,ContrastiveLoss,lstm,/home/dpetrovitch/dzagcoffee/train_trace/gender/checkpoints_2025-10-07 19:53:20.141369_ContrastiveLoss_gru_catboost/model_128_0.001_3_10_100_256_32_16_256_ContrastiveLoss_lstmepoch=24.ckpt,24,30,0.43608657,46.1569,1.6474,1e-04,6.3339,1.3096,12.6084,0.5779,928.2935,45.1148,273.1551,13.2753,256.2166,12.4521,246.9092,11.9997,235.0517,11.4234,225.7297,10.9704,207.1915,10.0694,81.5113,3.8547,23.9851,1.1343,22.4978,1.0639,21.6805,1.0253,20.6394,0.976,19.8208,0.9373,18.193,0.8603,0.0,0.0,0.0,0.0,0.0,0.0,0.0,0.0,0.0,0.0,0.0,0.0,0.0,0.0,0.0,0.0,0.0,0.0,0.0,0.0,0.0,0.0,0.0,0.0,0.0,0.0,0.0,0.0,0.0,0.0,0.0,0.0,0.0,0.0,0.0,0.696,0.7264
128,0.001,3,10,100,32,16,256,184,440338,73,30,ContrastiveLoss,lstm,/home/dpetrovitch/dzagcoffee/train_trace/gender/checkpoints_2025-10-07 19:53:20.141369_ContrastiveLoss_gru_catboost/model_128_0.001_3_10_100_256_32_16_256_ContrastiveLoss_lstmepoch=25.ckpt,25,30,0.4346588,45.3292,1.6543,1e-04,6.3839,1.2932,12.6736,0.5919,920.0006,44.7033,274.2934,13.3281,257.4344,12.5089,248.1323,12.0569,236.2672,11.4804,227.0617,11.033,208.0374,10.1086,81.762,3.8076,24.3769,1.1352,22.8786,1.0654,22.0519,1.0269,20.9975,0.9778,20.1793,0.9397,18.4886,0.861,0.0,0.0,0.0,0.0,0.0,0.0,0.0,0.0,0.0,0.0,0.0,0.0,0.0,0.0,0.0,0.0,0.0,0.0,0.0,0.0,0.0,0.0,0.0,0.0,0.0,0.0,0.0,0.0,0.0,0.0,0.0,0.0,0.0,0.0,0.0,0.696,0.7235
128,0.001,3,10,100,32,16,256,184,440338,73,30,ContrastiveLoss,lstm,/home/dpetrovitch/dzagcoffee/train_trace/gender/checkpoints_2025-10-07 19:53:20.141369_ContrastiveLoss_gru_catboost/model_128_0.001_3_10_100_256_32_16_256_ContrastiveLoss_lstmepoch=26.ckpt,26,30,0.44002995,45.08,1.6537,1e-04,6.4154,1.2834,11.728,0.601,917.3825,44.589,274.7262,13.3529,257.455,12.5135,248.0685,12.0573,235.8719,11.4644,226.6091,11.0142,206.4079,10.0324,79.8682,3.7051,23.9179,1.1095,22.4143,1.0398,21.5971,1.0019,20.5352,0.9526,19.7288,0.9152,17.9701,0.8336,0.0,0.0,0.0,0.0,0.0,0.0,0.0,0.0,0.0,0.0,0.0,0.0,0.0,0.0,0.0,0.0,0.0,0.0,0.0,0.0,0.0,0.0,0.0,0.0,0.0,0.0,0.0,0.0,0.0,0.0,0.0,0.0,0.0,0.0,0.0,0.716,0.7212
128,0.001,3,10,100,32,16,256,184,440338,73,30,ContrastiveLoss,lstm,/home/dpetrovitch/dzagcoffee/train_trace/gender/checkpoints_2025-10-07 19:53:20.141369_ContrastiveLoss_gru_catboost/model_128_0.001_3_10_100_256_32_16_256_ContrastiveLoss_lstmepoch=27.ckpt,27,30,0.43695176,44.8434,1.6592,1e-04,6.4785,1.2775,12.9094,0.6072,911.892,44.3146,274.6573,13.3473,257.7681,12.5266,248.4847,12.0755,236.6408,11.4999,227.3688,11.0493,207.6591,10.0915,82.3797,3.8367,24.8124,1.1556,23.2866,1.0845,22.4479,1.0455,21.378,0.9956,20.5404,0.9566,18.7598,0.8737,0.0,0.0,0.0,0.0,0.0,0.0,0.0,0.0,0.0,0.0,0.0,0.0,0.0,0.0,0.0,0.0,0.0,0.0,0.0,0.0,0.0,0.0,0.0,0.0,0.0,0.0,0.0,0.0,0.0,0.0,0.0,0.0,0.0,0.0,0.0,0.692,0.735
128,0.001,3,10,100,32,16,256,184,440338,73,30,ContrastiveLoss,lstm,/home/dpetrovitch/dzagcoffee/train_trace/gender/checkpoints_2025-10-07 19:53:20.141369_ContrastiveLoss_gru_catboost/model_128_0.001_3_10_100_256_32_16_256_ContrastiveLoss_lstmepoch=28.ckpt,28,30,0.44086084,46.0752,1.6554,1e-04,6.426,1.3091,13.3132,0.5796,931.6685,45.2863,275.6271,13.3976,258.5665,12.5683,249.3701,12.1213,237.2797,11.5336,228.0314,11.0841,209.4337,10.1801,79.66,3.7327,23.5668,1.1043,22.1081,1.0359,21.3218,0.9991,20.288,0.9507,19.4973,0.9136,17.9071,0.8391,0.0,0.0,0.0,0.0,0.0,0.0,0.0,0.0,0.0,0.0,0.0,0.0,0.0,0.0,0.0,0.0,0.0,0.0,0.0,0.0,0.0,0.0,0.0,0.0,0.0,0.0,0.0,0.0,0.0,0.0,0.0,0.0,0.0,0.0,0.0,0.696,0.7117
128,0.001,3,10,100,32,16,256,184,440338,73,30,ContrastiveLoss,lstm,/home/dpetrovitch/dzagcoffee/train_trace/gender/checkpoints_2025-10-07 19:53:20.141369_ContrastiveLoss_gru_catboost/model_128_0.001_3_10_100_256_32_16_256_ContrastiveLoss_lstmepoch=29.ckpt,29,30,0.44290254,46.1181,1.6543,1e-04,6.4435,1.3015,13.0673,0.5859,930.0806,45.2053,275.4072,13.3858,258.2449,12.5517,249.0719,12.1058,237.1242,11.5251,227.7561,11.0698,209.1013,10.1631,81.2861,3.7423,24.0697,1.1081,22.5698,1.0391,21.7681,1.0022,20.7239,0.9541,19.9052,0.9164,18.2748,0.8413,0.0,0.0,0.0,0.0,0.0,0.0,0.0,0.0,0.0,0.0,0.0,0.0,0.0,0.0,0.0,0.0,0.0,0.0,0.0,0.0,0.0,0.0,0.0,0.0,0.0,0.0,0.0,0.0,0.0,0.0,0.0,0.0,0.0,0.0,0.0,0.672,0.7083
