,batch_size,learning_rate,split_count,cnt_min,cnt_max,embedding_dim,category_embedding_dim,hidden_size,mcc_code_in,term_id_in,tr_type_in,num_epochs,source_features,checkpoint,epoch_num,early_stop_epoch,recall_topk,metric_rankme,metric_coherence,metric_pseudo_condition_number,metric_alpha_req,metric_stable_rank,metric_ne_sum,metric_self_clustering,metric_ripser,metric_ripser_sum_H0,metric_ripser_sq_sum_H0,metric_ripser_sum_H0_norm0.5,metric_ripser_sq_sum_H0_norm0.5,metric_ripser_sum_H0_norm0.7,metric_ripser_sq_sum_H0_norm0.7,metric_ripser_sum_H0_norm0.8,metric_ripser_sq_sum_H0_norm0.8,metric_ripser_sum_H0_norm0.9,metric_ripser_sq_sum_H0_norm0.9,metric_ripser_sum_H0_norm0.95,metric_ripser_sq_sum_H0_norm0.95,metric_ripser_sum_H0_norm0.99,metric_ripser_sq_sum_H0_norm0.99,metric_ripser_sum_H1,metric_ripser_sq_sum_H1,metric_ripser_sum_H1_norm0.5,metric_ripser_sq_sum_H1_norm0.5,metric_ripser_sum_H1_norm0.7,metric_ripser_sq_sum_H1_norm0.7,metric_ripser_sum_H1_norm0.8,metric_ripser_sq_sum_H1_norm0.8,metric_ripser_sum_H1_norm0.9,metric_ripser_sq_sum_H1_norm0.9,metric_ripser_sum_H1_norm0.95,metric_ripser_sq_sum_H1_norm0.95,metric_ripser_sum_H1_norm0.99,metric_ripser_sq_sum_H1_norm0.99,std_rankme,std_coherence,std_pseudo_condition_number,std_alpha_req,std_stable_rank,std_ne_sum,std_self_clustering,std_ripser,std_ripser_sum_H0,std_ripser_sq_sum_H0,std_ripser_sum_H0_norm0.5,std_ripser_sq_sum_H0_norm0.5,std_ripser_sum_H0_norm0.7,std_ripser_sq_sum_H0_norm0.7,std_ripser_sum_H0_norm0.8,std_ripser_sq_sum_H0_norm0.8,std_ripser_sum_H0_norm0.9,std_ripser_sq_sum_H0_norm0.9,std_ripser_sum_H0_norm0.95,std_ripser_sq_sum_H0_norm0.95,std_ripser_sum_H0_norm0.99,std_ripser_sq_sum_H0_norm0.99,std_ripser_sum_H1,std_ripser_sq_sum_H1,std_ripser_sum_H1_norm0.5,std_ripser_sq_sum_H1_norm0.5,std_ripser_sum_H1_norm0.7,std_ripser_sq_sum_H1_norm0.7,std_ripser_sum_H1_norm0.8,std_ripser_sq_sum_H1_norm0.8,std_ripser_sum_H1_norm0.9,std_ripser_sq_sum_H1_norm0.9,std_ripser_sum_H1_norm0.95,std_ripser_sq_sum_H1_norm0.95,std_ripser_sum_H1_norm0.99,std_ripser_sq_sum_H1_norm0.99,accuracy,roc_auc,sample_fraction
0,16,0.001,3,10,100,32,8,128,184,435241,73,30,"{'sourceA': ['event_time', 'mcc_code', 'term_id'], 'sourceB': ['event_time', 'tr_type', 'amount']}",gender/checkpoints_large_30/model_16_0.001_3_10_100_128_32_8_128epoch=00.ckpt,0,30,0.38143387,28.2589,3.3442,0.0011,4.3443,1.2926,6.307,0.6103,,615.6854,30.5377,210.6273,10.447,186.0001,9.2255,173.0749,8.5844,157.4909,7.8115,146.2834,7.2556,127.2871,6.3134,37.3926,2.4306,12.7921,0.8315,11.2964,0.7343,10.5114,0.6833,9.565,0.6217,8.8843,0.5775,7.7306,0.5025,0.0,0.0,0.0,0.0,0.0,0.0,0.0,,0.0,0.0,0.0,0.0,0.0,0.0,0.0,0.0,0.0,0.0,0.0,0.0,0.0,0.0,0.0,0.0,0.0,0.0,0.0,0.0,0.0,0.0,0.0,0.0,0.0,0.0,0.0,0.0,0.584,0.5365,0.2875
1,16,0.001,3,10,100,32,8,128,184,435241,73,30,"{'sourceA': ['event_time', 'mcc_code', 'term_id'], 'sourceB': ['event_time', 'tr_type', 'amount']}",gender/checkpoints_large_30/model_16_0.001_3_10_100_128_32_8_128epoch=01.ckpt,1,30,0.40986517,30.8778,3.3211,0.001,4.3034,1.2366,6.9603,0.6589,,723.2631,35.492,227.6495,11.1712,205.4715,10.0829,193.9238,9.5162,178.9399,8.7809,167.0832,8.1991,141.9207,6.9643,49.4374,2.8067,15.5606,0.8834,14.0447,0.7974,13.2553,0.7525,12.2311,0.6944,11.4207,0.6484,9.7008,0.5507,0.0,0.0,0.0,0.0,0.0,0.0,0.0,,0.0,0.0,0.0,0.0,0.0,0.0,0.0,0.0,0.0,0.0,0.0,0.0,0.0,0.0,0.0,0.0,0.0,0.0,0.0,0.0,0.0,0.0,0.0,0.0,0.0,0.0,0.0,0.0,0.664,0.6664,0.2875
2,16,0.001,3,10,100,32,8,128,184,435241,73,30,"{'sourceA': ['event_time', 'mcc_code', 'term_id'], 'sourceB': ['event_time', 'tr_type', 'amount']}",gender/checkpoints_large_30/model_16_0.001_3_10_100_128_32_8_128epoch=02.ckpt,2,30,0.41648296,34.6211,3.3027,0.0009,4.4293,1.2344,6.4511,0.6609,,808.7764,39.5879,238.5986,11.6789,216.7744,10.6107,205.2105,10.0446,190.6307,9.331,179.2577,8.7743,155.442,7.6086,53.6389,3.0416,15.8241,0.8973,14.3767,0.8152,13.6098,0.7717,12.6428,0.7169,11.8886,0.6741,10.3091,0.5846,0.0,0.0,0.0,0.0,0.0,0.0,0.0,,0.0,0.0,0.0,0.0,0.0,0.0,0.0,0.0,0.0,0.0,0.0,0.0,0.0,0.0,0.0,0.0,0.0,0.0,0.0,0.0,0.0,0.0,0.0,0.0,0.0,0.0,0.0,0.0,0.684,0.6937,0.2875
3,16,0.001,3,10,100,32,8,128,184,435241,73,30,"{'sourceA': ['event_time', 'mcc_code', 'term_id'], 'sourceB': ['event_time', 'tr_type', 'amount']}",gender/checkpoints_large_30/model_16_0.001_3_10_100_128_32_8_128epoch=03.ckpt,3,30,0.42604163,36.5315,3.226,0.0009,4.5411,1.2254,7.3283,0.6687,,867.0358,42.3378,246.9542,12.0589,226.0802,11.0396,214.8666,10.492,200.6625,9.7985,189.5673,9.2567,166.8123,8.1455,55.9182,3.1633,15.9269,0.901,14.5807,0.8248,13.8575,0.7839,12.9414,0.7321,12.2259,0.6916,10.7583,0.6086,0.0,0.0,0.0,0.0,0.0,0.0,0.0,,0.0,0.0,0.0,0.0,0.0,0.0,0.0,0.0,0.0,0.0,0.0,0.0,0.0,0.0,0.0,0.0,0.0,0.0,0.0,0.0,0.0,0.0,0.0,0.0,0.0,0.0,0.0,0.0,0.644,0.6683,0.2875
4,16,0.001,3,10,100,32,8,128,184,435241,73,30,"{'sourceA': ['event_time', 'mcc_code', 'term_id'], 'sourceB': ['event_time', 'tr_type', 'amount']}",gender/checkpoints_large_30/model_16_0.001_3_10_100_128_32_8_128epoch=04.ckpt,4,30,0.43541664,38.3743,3.2605,0.0006,4.6356,1.2172,7.7377,0.6773,,901.3509,43.9966,252.7134,12.3354,231.9162,11.3203,220.7331,10.7744,206.4042,10.075,195.0638,9.5214,171.5858,8.3754,60.7592,3.3238,17.0352,0.9319,15.6332,0.8552,14.8794,0.814,13.9135,0.7611,13.1491,0.7193,11.5664,0.6327,0.0,0.0,0.0,0.0,0.0,0.0,0.0,,0.0,0.0,0.0,0.0,0.0,0.0,0.0,0.0,0.0,0.0,0.0,0.0,0.0,0.0,0.0,0.0,0.0,0.0,0.0,0.0,0.0,0.0,0.0,0.0,0.0,0.0,0.0,0.0,0.672,0.6958,0.2875
5,16,0.001,3,10,100,32,8,128,184,435241,73,30,"{'sourceA': ['event_time', 'mcc_code', 'term_id'], 'sourceB': ['event_time', 'tr_type', 'amount']}",gender/checkpoints_large_30/model_16_0.001_3_10_100_128_32_8_128epoch=05.ckpt,5,30,0.43903193,39.7997,3.2708,0.0005,4.7181,1.2048,8.5532,0.691,,930.1227,45.3725,257.9398,12.5826,237.3686,11.5791,226.0525,11.0271,211.771,10.3304,200.2491,9.7684,173.8495,8.4806,57.1704,3.0986,15.8544,0.8593,14.59,0.7908,13.8944,0.7531,13.0166,0.7055,12.3084,0.6671,10.6857,0.5792,0.0,0.0,0.0,0.0,0.0,0.0,0.0,,0.0,0.0,0.0,0.0,0.0,0.0,0.0,0.0,0.0,0.0,0.0,0.0,0.0,0.0,0.0,0.0,0.0,0.0,0.0,0.0,0.0,0.0,0.0,0.0,0.0,0.0,0.0,0.0,0.668,0.6766,0.2875
6,16,0.001,3,10,100,32,8,128,184,435241,73,30,"{'sourceA': ['event_time', 'mcc_code', 'term_id'], 'sourceB': ['event_time', 'tr_type', 'amount']}",gender/checkpoints_large_30/model_16_0.001_3_10_100_128_32_8_128epoch=06.ckpt,6,30,0.4390318,41.6677,3.3449,0.0006,4.6975,1.2096,8.6824,0.6846,,960.9868,46.9257,261.046,12.7471,240.9011,11.7634,230.1539,11.2386,215.9562,10.5453,204.9817,10.0094,181.1996,8.8481,60.2918,3.3077,16.3779,0.8985,15.114,0.8292,14.4397,0.7922,13.549,0.7433,12.8604,0.7056,11.3684,0.6237,0.0,0.0,0.0,0.0,0.0,0.0,0.0,,0.0,0.0,0.0,0.0,0.0,0.0,0.0,0.0,0.0,0.0,0.0,0.0,0.0,0.0,0.0,0.0,0.0,0.0,0.0,0.0,0.0,0.0,0.0,0.0,0.0,0.0,0.0,0.0,0.712,0.7115,0.2875
7,16,0.001,3,10,100,32,8,128,184,435241,73,30,"{'sourceA': ['event_time', 'mcc_code', 'term_id'], 'sourceB': ['event_time', 'tr_type', 'amount']}",gender/checkpoints_large_30/model_16_0.001_3_10_100_128_32_8_128epoch=07.ckpt,7,30,0.44871333,42.5889,3.3272,0.0006,4.7757,1.2084,8.8296,0.6856,,975.2186,47.541,261.4308,12.7445,241.8344,11.7892,231.1951,11.2705,217.5355,10.6046,206.2666,10.0553,180.6111,8.8046,56.7579,3.2144,15.2153,0.8617,14.0748,0.7971,13.4556,0.762,12.6606,0.717,12.0048,0.6799,10.5116,0.5953,0.0,0.0,0.0,0.0,0.0,0.0,0.0,,0.0,0.0,0.0,0.0,0.0,0.0,0.0,0.0,0.0,0.0,0.0,0.0,0.0,0.0,0.0,0.0,0.0,0.0,0.0,0.0,0.0,0.0,0.0,0.0,0.0,0.0,0.0,0.0,0.68,0.6765,0.2875
8,16,0.001,3,10,100,32,8,128,184,435241,73,30,"{'sourceA': ['event_time', 'mcc_code', 'term_id'], 'sourceB': ['event_time', 'tr_type', 'amount']}",gender/checkpoints_large_30/model_16_0.001_3_10_100_128_32_8_128epoch=08.ckpt,8,30,0.441299,43.0496,3.2569,0.0003,4.8221,1.2052,8.7257,0.6897,,986.5606,48.1649,264.4251,12.9095,244.553,11.9393,233.7506,11.4119,219.9045,10.736,208.6,10.1841,182.0076,8.8858,56.7329,3.1451,15.206,0.843,14.0632,0.7796,13.442,0.7452,12.6458,0.701,11.9957,0.665,10.4665,0.5802,0.0,0.0,0.0,0.0,0.0,0.0,0.0,,0.0,0.0,0.0,0.0,0.0,0.0,0.0,0.0,0.0,0.0,0.0,0.0,0.0,0.0,0.0,0.0,0.0,0.0,0.0,0.0,0.0,0.0,0.0,0.0,0.0,0.0,0.0,0.0,0.688,0.7207,0.2875
9,16,0.001,3,10,100,32,8,128,184,435241,73,30,"{'sourceA': ['event_time', 'mcc_code', 'term_id'], 'sourceB': ['event_time', 'tr_type', 'amount']}",gender/checkpoints_large_30/model_16_0.001_3_10_100_128_32_8_128epoch=09.ckpt,9,30,0.44540447,44.704,3.2932,0.0004,4.8451,1.2094,9.6201,0.6855,,1000.3425,48.8331,267.3075,13.049,248.0334,12.1081,237.6376,11.6006,223.8763,10.9288,212.5798,10.3774,186.5682,9.1076,53.6121,3.0059,14.326,0.8032,13.293,0.7453,12.7359,0.7141,11.9984,0.6727,11.3929,0.6388,9.9989,0.5606,0.0,0.0,0.0,0.0,0.0,0.0,0.0,,0.0,0.0,0.0,0.0,0.0,0.0,0.0,0.0,0.0,0.0,0.0,0.0,0.0,0.0,0.0,0.0,0.0,0.0,0.0,0.0,0.0,0.0,0.0,0.0,0.0,0.0,0.0,0.0,0.688,0.7284,0.2875
10,16,0.001,3,10,100,32,8,128,184,435241,73,30,"{'sourceA': ['event_time', 'mcc_code', 'term_id'], 'sourceB': ['event_time', 'tr_type', 'amount']}",gender/checkpoints_large_30/model_16_0.001_3_10_100_128_32_8_128epoch=10.ckpt,10,30,0.4469976,43.971,3.2418,0.0004,4.7984,1.2024,9.7743,0.6922,,1003.0844,48.9017,267.3938,13.0358,248.1128,12.0958,237.6201,11.5843,223.9828,10.9195,212.8028,10.3744,187.8789,9.1593,53.2048,3.0071,14.1829,0.8016,13.1602,0.7438,12.6037,0.7123,11.8803,0.6715,11.2873,0.638,9.9653,0.5632,0.0,0.0,0.0,0.0,0.0,0.0,0.0,,0.0,0.0,0.0,0.0,0.0,0.0,0.0,0.0,0.0,0.0,0.0,0.0,0.0,0.0,0.0,0.0,0.0,0.0,0.0,0.0,0.0,0.0,0.0,0.0,0.0,0.0,0.0,0.0,0.656,0.7258,0.2875
11,16,0.001,3,10,100,32,8,128,184,435241,73,30,"{'sourceA': ['event_time', 'mcc_code', 'term_id'], 'sourceB': ['event_time', 'tr_type', 'amount']}",gender/checkpoints_large_30/model_16_0.001_3_10_100_128_32_8_128epoch=11.ckpt,11,30,0.4443628,44.4263,3.3198,0.0004,4.8251,1.2112,9.2683,0.6823,,1016.5135,49.5443,266.0931,12.9692,246.8395,12.0308,236.4921,11.5265,222.9894,10.8684,212.065,10.3359,187.0698,9.1177,54.7673,3.0667,14.3364,0.8028,13.2991,0.7447,12.7416,0.7135,12.0141,0.6727,11.4255,0.6398,10.0789,0.5644,0.0,0.0,0.0,0.0,0.0,0.0,0.0,,0.0,0.0,0.0,0.0,0.0,0.0,0.0,0.0,0.0,0.0,0.0,0.0,0.0,0.0,0.0,0.0,0.0,0.0,0.0,0.0,0.0,0.0,0.0,0.0,0.0,0.0,0.0,0.0,0.728,0.7484,0.2875
12,16,0.001,3,10,100,32,8,128,184,435241,73,30,"{'sourceA': ['event_time', 'mcc_code', 'term_id'], 'sourceB': ['event_time', 'tr_type', 'amount']}",gender/checkpoints_large_30/model_16_0.001_3_10_100_128_32_8_128epoch=12.ckpt,12,30,0.4488358,43.9944,3.2424,0.0004,4.8636,1.2056,9.3906,0.6884,,1015.9443,49.5273,267.0739,13.0198,247.9295,12.0866,237.4863,11.5775,223.8887,10.9146,212.8747,10.3776,186.1436,9.0745,56.3726,3.1215,14.8194,0.8206,13.7571,0.7618,13.1776,0.7297,12.4231,0.6879,11.812,0.6541,10.3287,0.5719,0.0,0.0,0.0,0.0,0.0,0.0,0.0,,0.0,0.0,0.0,0.0,0.0,0.0,0.0,0.0,0.0,0.0,0.0,0.0,0.0,0.0,0.0,0.0,0.0,0.0,0.0,0.0,0.0,0.0,0.0,0.0,0.0,0.0,0.0,0.0,0.696,0.7211,0.2875
13,16,0.001,3,10,100,32,8,128,184,435241,73,30,"{'sourceA': ['event_time', 'mcc_code', 'term_id'], 'sourceB': ['event_time', 'tr_type', 'amount']}",gender/checkpoints_large_30/model_16_0.001_3_10_100_128_32_8_128epoch=13.ckpt,13,30,0.44712013,43.8375,3.2602,0.0004,4.8887,1.2004,9.6288,0.6945,,1011.2128,49.2894,267.822,13.0544,248.5686,12.116,238.1356,11.6074,224.5472,10.9451,213.3805,10.4008,187.9001,9.1588,55.0085,3.0682,14.5691,0.8126,13.5218,0.7542,12.9542,0.7226,12.215,0.6813,11.6076,0.6474,10.2215,0.5701,0.0,0.0,0.0,0.0,0.0,0.0,0.0,,0.0,0.0,0.0,0.0,0.0,0.0,0.0,0.0,0.0,0.0,0.0,0.0,0.0,0.0,0.0,0.0,0.0,0.0,0.0,0.0,0.0,0.0,0.0,0.0,0.0,0.0,0.0,0.0,0.716,0.7471,0.2875
14,16,0.001,3,10,100,32,8,128,184,435241,73,30,"{'sourceA': ['event_time', 'mcc_code', 'term_id'], 'sourceB': ['event_time', 'tr_type', 'amount']}",gender/checkpoints_large_30/model_16_0.001_3_10_100_128_32_8_128epoch=14.ckpt,14,30,0.44583333,43.4289,3.2945,0.0004,4.9599,1.2004,9.7135,0.6945,,1017.2741,49.5898,266.9568,13.0135,248.0526,12.092,237.6005,11.5825,224.2044,10.9295,213.5486,10.41,189.1008,9.2182,58.8719,3.2168,15.4494,0.8442,14.3554,0.7844,13.7505,0.7513,12.9752,0.709,12.3585,0.6753,10.9437,0.598,0.0,0.0,0.0,0.0,0.0,0.0,0.0,,0.0,0.0,0.0,0.0,0.0,0.0,0.0,0.0,0.0,0.0,0.0,0.0,0.0,0.0,0.0,0.0,0.0,0.0,0.0,0.0,0.0,0.0,0.0,0.0,0.0,0.0,0.0,0.0,0.716,0.7567,0.2875
15,16,0.001,3,10,100,32,8,128,184,435241,73,30,"{'sourceA': ['event_time', 'mcc_code', 'term_id'], 'sourceB': ['event_time', 'tr_type', 'amount']}",gender/checkpoints_large_30/model_16_0.001_3_10_100_128_32_8_128epoch=15.ckpt,15,30,0.44883567,43.4838,3.2136,0.0003,4.9771,1.1991,9.442,0.6959,,1015.0729,49.4624,266.4798,12.985,247.5003,12.0602,237.2062,11.5586,223.7294,10.9019,213.1099,10.3844,188.4928,9.1849,57.8104,3.1887,15.1765,0.8371,14.0956,0.7775,13.5093,0.7452,12.7418,0.7028,12.137,0.6695,10.735,0.5921,0.0,0.0,0.0,0.0,0.0,0.0,0.0,,0.0,0.0,0.0,0.0,0.0,0.0,0.0,0.0,0.0,0.0,0.0,0.0,0.0,0.0,0.0,0.0,0.0,0.0,0.0,0.0,0.0,0.0,0.0,0.0,0.0,0.0,0.0,0.0,0.72,0.732,0.2875
16,16,0.001,3,10,100,32,8,128,184,435241,73,30,"{'sourceA': ['event_time', 'mcc_code', 'term_id'], 'sourceB': ['event_time', 'tr_type', 'amount']}",gender/checkpoints_large_30/model_16_0.001_3_10_100_128_32_8_128epoch=16.ckpt,16,30,0.44950983,44.2423,3.2439,0.0004,4.9019,1.2063,9.9788,0.688,,1032.2583,50.3211,268.1618,13.0725,248.9905,12.1379,238.4973,11.6264,225.0329,10.97,214.3255,10.4481,190.2819,9.276,57.8473,3.1846,15.0277,0.8273,13.9533,0.7682,13.3653,0.7358,12.6107,0.6942,12.0107,0.6612,10.6633,0.587,0.0,0.0,0.0,0.0,0.0,0.0,0.0,,0.0,0.0,0.0,0.0,0.0,0.0,0.0,0.0,0.0,0.0,0.0,0.0,0.0,0.0,0.0,0.0,0.0,0.0,0.0,0.0,0.0,0.0,0.0,0.0,0.0,0.0,0.0,0.0,0.684,0.7409,0.2875
17,16,0.001,3,10,100,32,8,128,184,435241,73,30,"{'sourceA': ['event_time', 'mcc_code', 'term_id'], 'sourceB': ['event_time', 'tr_type', 'amount']}",gender/checkpoints_large_30/model_16_0.001_3_10_100_128_32_8_128epoch=17.ckpt,17,30,0.45196083,43.9137,3.2281,0.0004,4.9548,1.2015,9.6915,0.693,,1017.5721,49.5399,267.7939,13.0374,248.7179,12.1087,238.4041,11.6066,225.0459,10.9562,214.4468,10.4402,189.9542,9.2478,54.5716,3.0483,14.3616,0.8022,13.3385,0.7451,12.7854,0.7142,12.069,0.6742,11.5006,0.6424,10.1871,0.569,0.0,0.0,0.0,0.0,0.0,0.0,0.0,,0.0,0.0,0.0,0.0,0.0,0.0,0.0,0.0,0.0,0.0,0.0,0.0,0.0,0.0,0.0,0.0,0.0,0.0,0.0,0.0,0.0,0.0,0.0,0.0,0.0,0.0,0.0,0.0,0.696,0.723,0.2875
18,16,0.001,3,10,100,32,8,128,184,435241,73,30,"{'sourceA': ['event_time', 'mcc_code', 'term_id'], 'sourceB': ['event_time', 'tr_type', 'amount']}",gender/checkpoints_large_30/model_16_0.001_3_10_100_128_32_8_128epoch=18.ckpt,18,30,0.453125,44.0598,3.1956,0.0003,4.9661,1.2046,9.6212,0.6898,,1029.55,50.1363,267.9712,13.0495,249.1066,12.1308,238.7218,11.6251,225.3254,10.9727,214.598,10.4503,190.0557,9.2552,58.3712,3.1901,15.1929,0.8303,14.1233,0.7719,13.5345,0.7397,12.775,0.6982,12.1668,0.6649,10.7754,0.5889,0.0,0.0,0.0,0.0,0.0,0.0,0.0,,0.0,0.0,0.0,0.0,0.0,0.0,0.0,0.0,0.0,0.0,0.0,0.0,0.0,0.0,0.0,0.0,0.0,0.0,0.0,0.0,0.0,0.0,0.0,0.0,0.0,0.0,0.0,0.0,0.664,0.7154,0.2875
19,16,0.001,3,10,100,32,8,128,184,435241,73,30,"{'sourceA': ['event_time', 'mcc_code', 'term_id'], 'sourceB': ['event_time', 'tr_type', 'amount']}",gender/checkpoints_large_30/model_16_0.001_3_10_100_128_32_8_128epoch=19.ckpt,19,30,0.45128676,43.564,3.2149,0.0003,4.9611,1.2007,9.7784,0.6939,,1025.012,49.9385,267.9932,13.0566,249.0367,12.133,238.7456,11.6317,225.3931,10.9811,214.6323,10.4569,191.4877,9.3293,55.4902,3.0968,14.5081,0.8097,13.4819,0.7524,12.9248,0.7213,12.2019,0.681,11.6194,0.6485,10.3664,0.5785,0.0,0.0,0.0,0.0,0.0,0.0,0.0,,0.0,0.0,0.0,0.0,0.0,0.0,0.0,0.0,0.0,0.0,0.0,0.0,0.0,0.0,0.0,0.0,0.0,0.0,0.0,0.0,0.0,0.0,0.0,0.0,0.0,0.0,0.0,0.0,0.712,0.7394,0.2875
20,16,0.001,3,10,100,32,8,128,184,435241,73,30,"{'sourceA': ['event_time', 'mcc_code', 'term_id'], 'sourceB': ['event_time', 'tr_type', 'amount']}",gender/checkpoints_large_30/model_16_0.001_3_10_100_128_32_8_128epoch=20.ckpt,20,30,0.4511642,43.1896,3.193,0.0003,4.9572,1.1949,9.7654,0.7003,,1010.9931,49.209,267.2055,13.0059,248.2348,12.0826,237.9342,11.5812,224.4853,10.9266,213.7302,10.4031,189.742,9.2355,53.9576,3.0364,14.261,0.8025,13.2485,0.7456,12.6988,0.7146,11.981,0.6742,11.407,0.6419,10.1267,0.5699,0.0,0.0,0.0,0.0,0.0,0.0,0.0,,0.0,0.0,0.0,0.0,0.0,0.0,0.0,0.0,0.0,0.0,0.0,0.0,0.0,0.0,0.0,0.0,0.0,0.0,0.0,0.0,0.0,0.0,0.0,0.0,0.0,0.0,0.0,0.0,0.708,0.7506,0.2875
21,16,0.001,3,10,100,32,8,128,184,435241,73,30,"{'sourceA': ['event_time', 'mcc_code', 'term_id'], 'sourceB': ['event_time', 'tr_type', 'amount']}",gender/checkpoints_large_30/model_16_0.001_3_10_100_128_32_8_128epoch=21.ckpt,21,30,0.45049012,43.9349,3.1965,0.0003,4.8731,1.1991,9.7515,0.6958,,1018.5281,49.6155,266.9332,13.0031,248.0444,12.083,237.5909,11.5738,224.1875,10.9208,213.3647,10.3936,189.8894,9.2501,52.3031,2.9668,13.7075,0.7775,12.7375,0.7225,12.2007,0.6921,11.5124,0.653,10.9566,0.6215,9.7511,0.5531,0.0,0.0,0.0,0.0,0.0,0.0,0.0,,0.0,0.0,0.0,0.0,0.0,0.0,0.0,0.0,0.0,0.0,0.0,0.0,0.0,0.0,0.0,0.0,0.0,0.0,0.0,0.0,0.0,0.0,0.0,0.0,0.0,0.0,0.0,0.0,0.7,0.7665,0.2875
22,16,0.001,3,10,100,32,8,128,184,435241,73,30,"{'sourceA': ['event_time', 'mcc_code', 'term_id'], 'sourceB': ['event_time', 'tr_type', 'amount']}",gender/checkpoints_large_30/model_16_0.001_3_10_100_128_32_8_128epoch=22.ckpt,22,30,0.45269606,43.396,3.1883,0.0003,4.9049,1.1944,9.7462,0.7007,,1014.7164,49.3901,267.9869,13.0439,249.186,12.1288,238.8016,11.6234,225.255,10.964,214.5014,10.4406,189.9909,9.2476,53.2576,2.9659,14.0654,0.7833,13.0786,0.7283,12.5336,0.698,11.8226,0.6584,11.2582,0.627,9.9717,0.5553,0.0,0.0,0.0,0.0,0.0,0.0,0.0,,0.0,0.0,0.0,0.0,0.0,0.0,0.0,0.0,0.0,0.0,0.0,0.0,0.0,0.0,0.0,0.0,0.0,0.0,0.0,0.0,0.0,0.0,0.0,0.0,0.0,0.0,0.0,0.0,0.712,0.7565,0.2875
23,16,0.001,3,10,100,32,8,128,184,435241,73,30,"{'sourceA': ['event_time', 'mcc_code', 'term_id'], 'sourceB': ['event_time', 'tr_type', 'amount']}",gender/checkpoints_large_30/model_16_0.001_3_10_100_128_32_8_128epoch=23.ckpt,23,30,0.45379904,43.9063,3.1571,0.0003,4.8656,1.2013,9.8035,0.6934,,1028.9185,50.1047,267.5532,13.0289,248.7583,12.1137,238.4493,11.6116,225.0464,10.959,214.3298,10.4371,190.0963,9.257,58.1725,3.1983,15.1268,0.8317,14.0642,0.7732,13.4813,0.7412,12.7236,0.6995,12.1177,0.6662,10.7476,0.5909,0.0,0.0,0.0,0.0,0.0,0.0,0.0,,0.0,0.0,0.0,0.0,0.0,0.0,0.0,0.0,0.0,0.0,0.0,0.0,0.0,0.0,0.0,0.0,0.0,0.0,0.0,0.0,0.0,0.0,0.0,0.0,0.0,0.0,0.0,0.0,0.728,0.7681,0.2875
24,16,0.001,3,10,100,32,8,128,184,435241,73,30,"{'sourceA': ['event_time', 'mcc_code', 'term_id'], 'sourceB': ['event_time', 'tr_type', 'amount']}",gender/checkpoints_large_30/model_16_0.001_3_10_100_128_32_8_128epoch=24.ckpt,24,30,0.45300242,43.9886,3.1994,0.0003,4.788,1.1968,9.6668,0.6985,,1019.1917,49.6147,267.3232,13.0134,248.545,12.0993,238.0473,11.5882,224.6794,10.9375,213.8227,10.409,189.4153,9.2208,54.4236,3.0405,14.2747,0.7975,13.272,0.7415,12.7114,0.7101,11.9976,0.6703,11.4179,0.6379,10.1145,0.5651,0.0,0.0,0.0,0.0,0.0,0.0,0.0,,0.0,0.0,0.0,0.0,0.0,0.0,0.0,0.0,0.0,0.0,0.0,0.0,0.0,0.0,0.0,0.0,0.0,0.0,0.0,0.0,0.0,0.0,0.0,0.0,0.0,0.0,0.0,0.0,0.7,0.7528,0.2875
25,16,0.001,3,10,100,32,8,128,184,435241,73,30,"{'sourceA': ['event_time', 'mcc_code', 'term_id'], 'sourceB': ['event_time', 'tr_type', 'amount']}",gender/checkpoints_large_30/model_16_0.001_3_10_100_128_32_8_128epoch=25.ckpt,25,30,0.4511641,43.4214,3.1308,0.0003,4.8877,1.192,9.9289,0.7034,,1016.6306,49.4692,269.2521,13.1018,250.4433,12.1866,240.1545,11.6859,226.8614,11.0391,216.2991,10.5251,192.6561,9.3746,53.7489,2.9974,14.2353,0.7938,13.2409,0.7384,12.6969,0.7081,11.9941,0.6689,11.4357,0.6377,10.1857,0.568,0.0,0.0,0.0,0.0,0.0,0.0,0.0,,0.0,0.0,0.0,0.0,0.0,0.0,0.0,0.0,0.0,0.0,0.0,0.0,0.0,0.0,0.0,0.0,0.0,0.0,0.0,0.0,0.0,0.0,0.0,0.0,0.0,0.0,0.0,0.0,0.748,0.7656,0.2875
26,16,0.001,3,10,100,32,8,128,184,435241,73,30,"{'sourceA': ['event_time', 'mcc_code', 'term_id'], 'sourceB': ['event_time', 'tr_type', 'amount']}",gender/checkpoints_large_30/model_16_0.001_3_10_100_128_32_8_128epoch=26.ckpt,26,30,0.45183823,43.8052,3.3444,0.0003,4.8153,1.1956,9.8224,0.7,,1024.1738,49.8951,268.3379,13.0727,249.4497,12.1526,238.9616,11.6416,225.6375,10.9925,214.7804,10.4636,189.976,9.2551,55.0741,3.0672,14.4296,0.8036,13.414,0.7471,12.85,0.7156,12.1335,0.6757,11.5496,0.6432,10.2158,0.5689,0.0,0.0,0.0,0.0,0.0,0.0,0.0,,0.0,0.0,0.0,0.0,0.0,0.0,0.0,0.0,0.0,0.0,0.0,0.0,0.0,0.0,0.0,0.0,0.0,0.0,0.0,0.0,0.0,0.0,0.0,0.0,0.0,0.0,0.0,0.0,0.74,0.765,0.2875
27,16,0.001,3,10,100,32,8,128,184,435241,73,30,"{'sourceA': ['event_time', 'mcc_code', 'term_id'], 'sourceB': ['event_time', 'tr_type', 'amount']}",gender/checkpoints_large_30/model_16_0.001_3_10_100_128_32_8_128epoch=27.ckpt,27,30,0.44767165,43.2657,3.1664,0.0003,4.9135,1.1927,10.3282,0.7027,,1020.2506,49.6432,268.9065,13.0844,250.1114,12.1699,239.6857,11.6626,226.5984,11.0258,215.9872,10.5095,193.2723,9.4042,55.7431,3.0883,14.6921,0.814,13.6652,0.7571,13.0956,0.7255,12.3806,0.6859,11.8008,0.6538,10.5597,0.585,0.0,0.0,0.0,0.0,0.0,0.0,0.0,,0.0,0.0,0.0,0.0,0.0,0.0,0.0,0.0,0.0,0.0,0.0,0.0,0.0,0.0,0.0,0.0,0.0,0.0,0.0,0.0,0.0,0.0,0.0,0.0,0.0,0.0,0.0,0.0,0.7,0.752,0.2875
28,16,0.001,3,10,100,32,8,128,184,435241,73,30,"{'sourceA': ['event_time', 'mcc_code', 'term_id'], 'sourceB': ['event_time', 'tr_type', 'amount']}",gender/checkpoints_large_30/model_16_0.001_3_10_100_128_32_8_128epoch=28.ckpt,28,30,0.4500613,43.8181,3.3364,0.0003,4.8006,1.1974,9.9118,0.6982,,1028.2275,50.0971,268.0264,13.0587,249.0605,12.1347,238.7277,11.6312,225.1923,10.9718,214.2715,10.4397,189.3334,9.2247,56.5283,3.1482,14.7351,0.8206,13.6925,0.7626,13.1244,0.7309,12.3803,0.6895,11.7799,0.656,10.4089,0.5797,0.0,0.0,0.0,0.0,0.0,0.0,0.0,,0.0,0.0,0.0,0.0,0.0,0.0,0.0,0.0,0.0,0.0,0.0,0.0,0.0,0.0,0.0,0.0,0.0,0.0,0.0,0.0,0.0,0.0,0.0,0.0,0.0,0.0,0.0,0.0,0.74,0.7618,0.2875
29,16,0.001,3,10,100,32,8,128,184,435241,73,30,"{'sourceA': ['event_time', 'mcc_code', 'term_id'], 'sourceB': ['event_time', 'tr_type', 'amount']}",gender/checkpoints_large_30/model_16_0.001_3_10_100_128_32_8_128epoch=29.ckpt,29,30,0.44975483,43.3323,3.1982,0.0003,4.8685,1.1923,10.5773,0.7037,,1023.9772,49.8832,269.0331,13.106,250.2812,12.1925,240.0988,11.6965,227.011,11.0589,216.6056,10.552,193.4336,9.4231,56.2162,3.1219,14.7699,0.8202,13.7404,0.763,13.1814,0.732,12.4629,0.6921,11.8916,0.6604,10.6195,0.5897,0.0,0.0,0.0,0.0,0.0,0.0,0.0,,0.0,0.0,0.0,0.0,0.0,0.0,0.0,0.0,0.0,0.0,0.0,0.0,0.0,0.0,0.0,0.0,0.0,0.0,0.0,0.0,0.0,0.0,0.0,0.0,0.0,0.0,0.0,0.0,0.74,0.7694,0.2875
30,32,0.001,3,10,100,32,8,128,184,435241,73,30,"{'sourceA': ['event_time', 'mcc_code', 'term_id'], 'sourceB': ['event_time', 'tr_type', 'amount']}",gender/checkpoints_large_30/model_32_0.001_3_10_100_128_32_8_128epoch=00.ckpt,0,30,0.3301841,30.3344,3.3391,0.0012,4.4191,1.299,5.9545,0.6045,,560.649,28.0203,221.2421,11.0573,194.4663,9.7191,180.2044,9.0063,162.4479,8.1189,148.6939,7.4315,126.0109,6.2978,28.9308,1.9441,11.4166,0.7672,10.0349,0.6743,9.299,0.6249,8.3827,0.5633,7.673,0.5156,6.5025,0.437,0.0,0.0,0.0,0.0,0.0,0.0,0.0,,0.0,0.0,0.0,0.0,0.0,0.0,0.0,0.0,0.0,0.0,0.0,0.0,0.0,0.0,0.0,0.0,0.0,0.0,0.0,0.0,0.0,0.0,0.0,0.0,0.0,0.0,0.0,0.0,0.604,0.6119,0.2875
31,32,0.001,3,10,100,32,8,128,184,435241,73,30,"{'sourceA': ['event_time', 'mcc_code', 'term_id'], 'sourceB': ['event_time', 'tr_type', 'amount']}",gender/checkpoints_large_30/model_32_0.001_3_10_100_128_32_8_128epoch=01.ckpt,1,30,0.35471168,31.526,3.3244,0.0013,4.2251,1.2893,6.6973,0.6094,,695.7154,34.186,228.7532,11.2404,205.5087,10.0983,193.239,9.4954,178.187,8.7557,166.6821,8.1904,144.7444,7.1124,45.161,2.6758,14.8491,0.8798,13.3402,0.7904,12.5437,0.7432,11.5667,0.6853,10.8198,0.6411,9.3958,0.5567,0.0,0.0,0.0,0.0,0.0,0.0,0.0,,0.0,0.0,0.0,0.0,0.0,0.0,0.0,0.0,0.0,0.0,0.0,0.0,0.0,0.0,0.0,0.0,0.0,0.0,0.0,0.0,0.0,0.0,0.0,0.0,0.0,0.0,0.0,0.0,0.604,0.6299,0.2875
32,32,0.001,3,10,100,32,8,128,184,435241,73,30,"{'sourceA': ['event_time', 'mcc_code', 'term_id'], 'sourceB': ['event_time', 'tr_type', 'amount']}",gender/checkpoints_large_30/model_32_0.001_3_10_100_128_32_8_128epoch=02.ckpt,2,30,0.3684593,33.8133,3.3083,0.0014,4.2135,1.2517,7.0965,0.6422,,747.483,36.6329,238.5892,11.6929,215.6823,10.5702,203.8161,9.9887,189.1413,9.2695,178.2017,8.7334,156.0269,7.6466,45.788,2.6592,14.6151,0.8488,13.2119,0.7673,12.485,0.7251,11.5861,0.6729,10.916,0.634,9.5576,0.5551,0.0,0.0,0.0,0.0,0.0,0.0,0.0,,0.0,0.0,0.0,0.0,0.0,0.0,0.0,0.0,0.0,0.0,0.0,0.0,0.0,0.0,0.0,0.0,0.0,0.0,0.0,0.0,0.0,0.0,0.0,0.0,0.0,0.0,0.0,0.0,0.648,0.6508,0.2875
33,32,0.001,3,10,100,32,8,128,184,435241,73,30,"{'sourceA': ['event_time', 'mcc_code', 'term_id'], 'sourceB': ['event_time', 'tr_type', 'amount']}",gender/checkpoints_large_30/model_32_0.001_3_10_100_128_32_8_128epoch=03.ckpt,3,30,0.3882025,36.9828,3.2987,0.0014,4.2978,1.2565,7.3957,0.6371,,827.7314,40.4004,248.7372,12.1405,226.9086,11.0751,215.6399,10.5251,201.1359,9.8172,190.1244,9.2797,166.6223,8.1326,51.5355,2.8428,15.4866,0.8543,14.1276,0.7793,13.426,0.7406,12.5229,0.6908,11.8374,0.653,10.3741,0.5722,0.0,0.0,0.0,0.0,0.0,0.0,0.0,,0.0,0.0,0.0,0.0,0.0,0.0,0.0,0.0,0.0,0.0,0.0,0.0,0.0,0.0,0.0,0.0,0.0,0.0,0.0,0.0,0.0,0.0,0.0,0.0,0.0,0.0,0.0,0.0,0.652,0.6413,0.2875
34,32,0.001,3,10,100,32,8,128,184,435241,73,30,"{'sourceA': ['event_time', 'mcc_code', 'term_id'], 'sourceB': ['event_time', 'tr_type', 'amount']}",gender/checkpoints_large_30/model_32_0.001_3_10_100_128_32_8_128epoch=04.ckpt,4,30,0.40067828,38.9065,3.2658,0.0012,4.3916,1.23,8.4713,0.6631,,859.4096,41.8969,256.4187,12.5006,235.1077,11.4617,223.8421,10.9125,209.3637,10.2067,197.8722,9.6464,173.3181,8.4494,54.784,2.9458,16.3457,0.8789,14.9872,0.8059,14.2691,0.7673,13.3461,0.7176,12.6136,0.6782,11.0484,0.5941,0.0,0.0,0.0,0.0,0.0,0.0,0.0,,0.0,0.0,0.0,0.0,0.0,0.0,0.0,0.0,0.0,0.0,0.0,0.0,0.0,0.0,0.0,0.0,0.0,0.0,0.0,0.0,0.0,0.0,0.0,0.0,0.0,0.0,0.0,0.0,0.64,0.6583,0.2875
35,32,0.001,3,10,100,32,8,128,184,435241,73,30,"{'sourceA': ['event_time', 'mcc_code', 'term_id'], 'sourceB': ['event_time', 'tr_type', 'amount']}",gender/checkpoints_large_30/model_32_0.001_3_10_100_128_32_8_128epoch=05.ckpt,5,30,0.4098837,41.0355,3.272,0.0009,4.5167,1.2257,8.5667,0.6673,,894.2548,43.5769,262.5363,12.7934,241.7436,11.7801,230.4579,11.2302,215.8761,10.5196,204.1841,9.9499,179.6373,8.7537,52.488,2.8672,15.4095,0.8417,14.1891,0.7751,13.5267,0.7389,12.6708,0.6921,11.9845,0.6547,10.5438,0.576,0.0,0.0,0.0,0.0,0.0,0.0,0.0,,0.0,0.0,0.0,0.0,0.0,0.0,0.0,0.0,0.0,0.0,0.0,0.0,0.0,0.0,0.0,0.0,0.0,0.0,0.0,0.0,0.0,0.0,0.0,0.0,0.0,0.0,0.0,0.0,0.672,0.6728,0.2875
36,32,0.001,3,10,100,32,8,128,184,435241,73,30,"{'sourceA': ['event_time', 'mcc_code', 'term_id'], 'sourceB': ['event_time', 'tr_type', 'amount']}",gender/checkpoints_large_30/model_32_0.001_3_10_100_128_32_8_128epoch=06.ckpt,6,30,0.4081274,43.364,3.2788,0.0009,4.5474,1.2285,9.5205,0.6647,,931.8657,45.451,269.3266,13.1362,248.6442,12.1274,237.2934,11.5738,222.1115,10.8333,209.7752,10.2316,181.6753,8.8611,51.6138,2.8764,14.9174,0.8313,13.7718,0.7675,13.1431,0.7325,12.3022,0.6856,11.6189,0.6475,10.0626,0.5608,0.0,0.0,0.0,0.0,0.0,0.0,0.0,,0.0,0.0,0.0,0.0,0.0,0.0,0.0,0.0,0.0,0.0,0.0,0.0,0.0,0.0,0.0,0.0,0.0,0.0,0.0,0.0,0.0,0.0,0.0,0.0,0.0,0.0,0.0,0.0,0.66,0.6672,0.2875
37,32,0.001,3,10,100,32,8,128,184,435241,73,30,"{'sourceA': ['event_time', 'mcc_code', 'term_id'], 'sourceB': ['event_time', 'tr_type', 'amount']}",gender/checkpoints_large_30/model_32_0.001_3_10_100_128_32_8_128epoch=07.ckpt,7,30,0.4152738,43.1742,3.2767,0.0007,4.6822,1.2041,9.0971,0.6908,,935.3848,45.6035,272.5135,13.2861,252.266,12.2989,241.0208,11.7507,226.357,11.0358,214.1151,10.4389,188.6488,9.1973,49.8661,2.7706,14.5279,0.8072,13.4485,0.7472,12.849,0.7139,12.0673,0.6705,11.4146,0.6342,10.057,0.5588,0.0,0.0,0.0,0.0,0.0,0.0,0.0,,0.0,0.0,0.0,0.0,0.0,0.0,0.0,0.0,0.0,0.0,0.0,0.0,0.0,0.0,0.0,0.0,0.0,0.0,0.0,0.0,0.0,0.0,0.0,0.0,0.0,0.0,0.0,0.0,0.664,0.6959,0.2875
38,32,0.001,3,10,100,32,8,128,184,435241,73,30,"{'sourceA': ['event_time', 'mcc_code', 'term_id'], 'sourceB': ['event_time', 'tr_type', 'amount']}",gender/checkpoints_large_30/model_32_0.001_3_10_100_128_32_8_128epoch=08.ckpt,8,30,0.42157218,44.9851,3.2303,0.0007,4.6564,1.2216,9.7307,0.6712,,980.3364,47.7256,274.7922,13.3777,254.8584,12.4072,243.9632,11.8768,229.2515,11.1606,217.0859,10.5684,189.8151,9.2407,51.4722,2.8585,14.4279,0.8012,13.3812,0.7431,12.8092,0.7113,12.0368,0.6685,11.398,0.633,9.9662,0.5535,0.0,0.0,0.0,0.0,0.0,0.0,0.0,,0.0,0.0,0.0,0.0,0.0,0.0,0.0,0.0,0.0,0.0,0.0,0.0,0.0,0.0,0.0,0.0,0.0,0.0,0.0,0.0,0.0,0.0,0.0,0.0,0.0,0.0,0.0,0.0,0.66,0.6847,0.2875
39,32,0.001,3,10,100,32,8,128,184,435241,73,30,"{'sourceA': ['event_time', 'mcc_code', 'term_id'], 'sourceB': ['event_time', 'tr_type', 'amount']}",gender/checkpoints_large_30/model_32_0.001_3_10_100_128_32_8_128epoch=09.ckpt,9,30,0.42453966,46.0412,3.1967,0.0007,4.6666,1.2205,9.588,0.6726,,992.2615,48.3345,276.3412,13.461,256.4597,12.4925,245.5844,11.9628,231.1902,11.2616,219.3115,10.683,191.8841,9.347,51.9986,2.8442,14.4814,0.7921,13.4396,0.7351,12.8696,0.7039,12.1153,0.6627,11.4928,0.6286,10.0555,0.55,0.0,0.0,0.0,0.0,0.0,0.0,0.0,,0.0,0.0,0.0,0.0,0.0,0.0,0.0,0.0,0.0,0.0,0.0,0.0,0.0,0.0,0.0,0.0,0.0,0.0,0.0,0.0,0.0,0.0,0.0,0.0,0.0,0.0,0.0,0.0,0.68,0.6832,0.2875
40,32,0.001,3,10,100,32,8,128,184,435241,73,30,"{'sourceA': ['event_time', 'mcc_code', 'term_id'], 'sourceB': ['event_time', 'tr_type', 'amount']}",gender/checkpoints_large_30/model_32_0.001_3_10_100_128_32_8_128epoch=10.ckpt,10,30,0.42351016,45.6501,3.2334,0.0007,4.6877,1.2171,9.7098,0.6755,,1005.0342,48.9111,277.4754,13.5037,258.0693,12.5592,247.5419,12.0469,233.4291,11.3601,221.7883,10.7936,195.3199,9.5055,54.9242,2.9404,15.1638,0.8118,14.1033,0.755,13.5279,0.7242,12.7567,0.6829,12.1205,0.6489,10.6741,0.5714,0.0,0.0,0.0,0.0,0.0,0.0,0.0,,0.0,0.0,0.0,0.0,0.0,0.0,0.0,0.0,0.0,0.0,0.0,0.0,0.0,0.0,0.0,0.0,0.0,0.0,0.0,0.0,0.0,0.0,0.0,0.0,0.0,0.0,0.0,0.0,0.64,0.6696,0.2875
41,32,0.001,3,10,100,32,8,128,184,435241,73,30,"{'sourceA': ['event_time', 'mcc_code', 'term_id'], 'sourceB': ['event_time', 'tr_type', 'amount']}",gender/checkpoints_large_30/model_32_0.001_3_10_100_128_32_8_128epoch=11.ckpt,11,30,0.4223595,46.5318,3.1899,0.0007,4.6517,1.2226,9.6216,0.67,,1019.0699,49.6263,277.9117,13.5336,258.4126,12.5841,247.7539,12.065,233.5473,11.3732,221.6463,10.7937,195.5569,9.5232,50.9806,2.804,13.903,0.7647,12.9275,0.711,12.3943,0.6817,11.6836,0.6426,11.0882,0.6099,9.7831,0.5381,0.0,0.0,0.0,0.0,0.0,0.0,0.0,,0.0,0.0,0.0,0.0,0.0,0.0,0.0,0.0,0.0,0.0,0.0,0.0,0.0,0.0,0.0,0.0,0.0,0.0,0.0,0.0,0.0,0.0,0.0,0.0,0.0,0.0,0.0,0.0,0.616,0.6684,0.2875
42,32,0.001,3,10,100,32,8,128,184,435241,73,30,"{'sourceA': ['event_time', 'mcc_code', 'term_id'], 'sourceB': ['event_time', 'tr_type', 'amount']}",gender/checkpoints_large_30/model_32_0.001_3_10_100_128_32_8_128epoch=12.ckpt,12,30,0.42441866,46.1151,3.2043,0.0007,4.715,1.2201,9.5751,0.6722,,1021.9487,49.6977,279.3374,13.5843,260.0543,12.6465,249.4636,12.1315,235.4739,11.4512,223.5269,10.8702,195.9229,9.5278,53.255,2.8744,14.5566,0.7857,13.5518,0.7314,12.9999,0.7016,12.2708,0.6623,11.6483,0.6287,10.2098,0.5511,0.0,0.0,0.0,0.0,0.0,0.0,0.0,,0.0,0.0,0.0,0.0,0.0,0.0,0.0,0.0,0.0,0.0,0.0,0.0,0.0,0.0,0.0,0.0,0.0,0.0,0.0,0.0,0.0,0.0,0.0,0.0,0.0,0.0,0.0,0.0,0.648,0.6721,0.2875
43,32,0.001,3,10,100,32,8,128,184,435241,73,30,"{'sourceA': ['event_time', 'mcc_code', 'term_id'], 'sourceB': ['event_time', 'tr_type', 'amount']}",gender/checkpoints_large_30/model_32_0.001_3_10_100_128_32_8_128epoch=13.ckpt,13,30,0.42205665,46.7308,3.2312,0.0006,4.6875,1.2179,10.0516,0.675,,1030.3291,50.1457,279.7341,13.6145,260.6899,12.6877,250.3281,12.1834,236.533,11.512,224.7677,10.9393,197.3217,9.6036,54.4047,2.9061,14.7709,0.789,13.7653,0.7353,13.2181,0.7061,12.4897,0.6672,11.8685,0.634,10.4192,0.5566,0.0,0.0,0.0,0.0,0.0,0.0,0.0,,0.0,0.0,0.0,0.0,0.0,0.0,0.0,0.0,0.0,0.0,0.0,0.0,0.0,0.0,0.0,0.0,0.0,0.0,0.0,0.0,0.0,0.0,0.0,0.0,0.0,0.0,0.0,0.0,0.652,0.686,0.2875
44,32,0.001,3,10,100,32,8,128,184,435241,73,30,"{'sourceA': ['event_time', 'mcc_code', 'term_id'], 'sourceB': ['event_time', 'tr_type', 'amount']}",gender/checkpoints_large_30/model_32_0.001_3_10_100_128_32_8_128epoch=14.ckpt,14,30,0.42229882,46.8336,3.2486,0.0006,4.6969,1.2183,9.9721,0.675,,1032.4762,50.2927,279.2635,13.6031,259.9858,12.6641,249.6058,12.1585,235.744,11.4833,223.8588,10.9043,196.4853,9.5709,52.7762,2.9074,14.2749,0.7864,13.2895,0.7321,12.7589,0.7029,12.0503,0.6638,11.4428,0.6304,10.0436,0.5533,0.0,0.0,0.0,0.0,0.0,0.0,0.0,,0.0,0.0,0.0,0.0,0.0,0.0,0.0,0.0,0.0,0.0,0.0,0.0,0.0,0.0,0.0,0.0,0.0,0.0,0.0,0.0,0.0,0.0,0.0,0.0,0.0,0.0,0.0,0.0,0.66,0.6906,0.2875
45,32,0.001,3,10,100,32,8,128,184,435241,73,30,"{'sourceA': ['event_time', 'mcc_code', 'term_id'], 'sourceB': ['event_time', 'tr_type', 'amount']}",gender/checkpoints_large_30/model_32_0.001_3_10_100_128_32_8_128epoch=15.ckpt,15,30,0.4269017,47.0398,3.2558,0.0006,4.6792,1.2108,10.1949,0.682,,1039.6604,50.6157,280.8733,13.6743,261.8833,12.7497,251.5178,12.2451,237.9957,11.5868,226.7769,11.0406,199.7574,9.7252,51.9847,2.8573,14.0441,0.7719,13.0946,0.7197,12.5763,0.6912,11.9002,0.6541,11.3392,0.6232,9.9882,0.549,0.0,0.0,0.0,0.0,0.0,0.0,0.0,,0.0,0.0,0.0,0.0,0.0,0.0,0.0,0.0,0.0,0.0,0.0,0.0,0.0,0.0,0.0,0.0,0.0,0.0,0.0,0.0,0.0,0.0,0.0,0.0,0.0,0.0,0.0,0.0,0.64,0.6898,0.2875
46,32,0.001,3,10,100,32,8,128,184,435241,73,30,"{'sourceA': ['event_time', 'mcc_code', 'term_id'], 'sourceB': ['event_time', 'tr_type', 'amount']}",gender/checkpoints_large_30/model_32_0.001_3_10_100_128_32_8_128epoch=16.ckpt,16,30,0.42030045,47.3722,3.2204,0.0007,4.6674,1.2187,9.944,0.6733,,1043.7949,50.7503,279.7655,13.6025,260.8013,12.6804,250.457,12.1775,236.7722,11.5121,225.2144,10.9501,199.5893,9.7042,55.4494,2.9653,14.862,0.7948,13.8545,0.7409,13.305,0.7115,12.578,0.6726,11.964,0.6398,10.6028,0.567,0.0,0.0,0.0,0.0,0.0,0.0,0.0,,0.0,0.0,0.0,0.0,0.0,0.0,0.0,0.0,0.0,0.0,0.0,0.0,0.0,0.0,0.0,0.0,0.0,0.0,0.0,0.0,0.0,0.0,0.0,0.0,0.0,0.0,0.0,0.0,0.644,0.6553,0.2875
47,32,0.001,3,10,100,32,8,128,184,435241,73,30,"{'sourceA': ['event_time', 'mcc_code', 'term_id'], 'sourceB': ['event_time', 'tr_type', 'amount']}",gender/checkpoints_large_30/model_32_0.001_3_10_100_128_32_8_128epoch=17.ckpt,17,30,0.43005082,47.4123,3.2374,0.0006,4.6783,1.2142,9.419,0.6786,,1051.2329,51.1483,280.533,13.6495,261.3942,12.7183,250.9101,12.2082,237.4016,11.5509,225.9279,10.9926,198.8865,9.6769,56.0292,2.9766,14.952,0.7943,13.9319,0.7402,13.3732,0.7105,12.6532,0.6722,12.0416,0.6397,10.6004,0.5632,0.0,0.0,0.0,0.0,0.0,0.0,0.0,,0.0,0.0,0.0,0.0,0.0,0.0,0.0,0.0,0.0,0.0,0.0,0.0,0.0,0.0,0.0,0.0,0.0,0.0,0.0,0.0,0.0,0.0,0.0,0.0,0.0,0.0,0.0,0.0,0.66,0.6858,0.2875
48,32,0.001,3,10,100,32,8,128,184,435241,73,30,"{'sourceA': ['event_time', 'mcc_code', 'term_id'], 'sourceB': ['event_time', 'tr_type', 'amount']}",gender/checkpoints_large_30/model_32_0.001_3_10_100_128_32_8_128epoch=18.ckpt,18,30,0.42871854,48.0813,3.2605,0.0007,4.649,1.2197,9.7714,0.6736,,1059.9075,51.6319,281.0097,13.689,262.099,12.7678,251.8017,12.2662,238.0797,11.5977,226.3432,11.026,198.9578,9.692,54.1141,2.9308,14.3471,0.777,13.3816,0.7247,12.8559,0.6963,12.1553,0.6583,11.5561,0.6259,10.1579,0.5501,0.0,0.0,0.0,0.0,0.0,0.0,0.0,,0.0,0.0,0.0,0.0,0.0,0.0,0.0,0.0,0.0,0.0,0.0,0.0,0.0,0.0,0.0,0.0,0.0,0.0,0.0,0.0,0.0,0.0,0.0,0.0,0.0,0.0,0.0,0.0,0.68,0.6894,0.2875
49,32,0.001,3,10,100,32,8,128,184,435241,73,30,"{'sourceA': ['event_time', 'mcc_code', 'term_id'], 'sourceB': ['event_time', 'tr_type', 'amount']}",gender/checkpoints_large_30/model_32_0.001_3_10_100_128_32_8_128epoch=19.ckpt,19,30,0.4293241,47.8874,3.2287,0.0007,4.6551,1.2218,9.8873,0.6703,,1063.4114,51.7236,279.8162,13.6101,260.9476,12.6923,250.6367,12.1908,237.2904,11.5416,225.9071,10.988,199.8463,9.7204,57.1229,3.0397,15.0308,0.7998,14.0172,0.7459,13.4634,0.7164,12.7464,0.6783,12.135,0.6457,10.7351,0.5713,0.0,0.0,0.0,0.0,0.0,0.0,0.0,,0.0,0.0,0.0,0.0,0.0,0.0,0.0,0.0,0.0,0.0,0.0,0.0,0.0,0.0,0.0,0.0,0.0,0.0,0.0,0.0,0.0,0.0,0.0,0.0,0.0,0.0,0.0,0.0,0.68,0.6892,0.2875
50,32,0.001,3,10,100,32,8,128,184,435241,73,30,"{'sourceA': ['event_time', 'mcc_code', 'term_id'], 'sourceB': ['event_time', 'tr_type', 'amount']}",gender/checkpoints_large_30/model_32_0.001_3_10_100_128_32_8_128epoch=20.ckpt,20,30,0.43017197,47.9556,3.2248,0.0007,4.6478,1.2187,9.9266,0.6741,,1062.4983,51.7311,280.7681,13.6701,261.9382,12.7533,251.7029,12.255,238.3021,11.6025,226.8858,11.0467,200.0149,9.7384,57.4317,3.0659,15.1765,0.8102,14.1587,0.7558,13.6054,0.7263,12.881,0.6876,12.264,0.6547,10.8115,0.5772,0.0,0.0,0.0,0.0,0.0,0.0,0.0,,0.0,0.0,0.0,0.0,0.0,0.0,0.0,0.0,0.0,0.0,0.0,0.0,0.0,0.0,0.0,0.0,0.0,0.0,0.0,0.0,0.0,0.0,0.0,0.0,0.0,0.0,0.0,0.0,0.668,0.6885,0.2875
51,32,0.001,3,10,100,32,8,128,184,435241,73,30,"{'sourceA': ['event_time', 'mcc_code', 'term_id'], 'sourceB': ['event_time', 'tr_type', 'amount']}",gender/checkpoints_large_30/model_32_0.001_3_10_100_128_32_8_128epoch=21.ckpt,21,30,0.4246609,48.1279,3.1865,0.0007,4.6307,1.2178,10.4973,0.6745,,1064.6028,51.8149,281.0609,13.6794,262.2776,12.7652,252.1655,12.2731,238.981,11.6314,227.8216,11.0882,203.0561,9.8829,55.1883,2.9645,14.57,0.7827,13.5963,0.7304,13.0721,0.7022,12.3886,0.6655,11.8101,0.6344,10.5263,0.5654,0.0,0.0,0.0,0.0,0.0,0.0,0.0,,0.0,0.0,0.0,0.0,0.0,0.0,0.0,0.0,0.0,0.0,0.0,0.0,0.0,0.0,0.0,0.0,0.0,0.0,0.0,0.0,0.0,0.0,0.0,0.0,0.0,0.0,0.0,0.0,0.676,0.6886,0.2875
52,32,0.001,3,10,100,32,8,128,184,435241,73,30,"{'sourceA': ['event_time', 'mcc_code', 'term_id'], 'sourceB': ['event_time', 'tr_type', 'amount']}",gender/checkpoints_large_30/model_32_0.001_3_10_100_128_32_8_128epoch=22.ckpt,22,30,0.4244186,47.897,3.2525,0.0007,4.6494,1.2132,10.5825,0.6796,,1061.6671,51.7052,281.5606,13.7125,262.6616,12.7921,252.6955,12.3068,239.492,11.6637,228.6353,11.135,203.4008,9.906,55.913,3.0311,14.8285,0.8039,13.8331,0.7499,13.3083,0.7215,12.6129,0.6838,12.0411,0.6528,10.7122,0.5807,0.0,0.0,0.0,0.0,0.0,0.0,0.0,,0.0,0.0,0.0,0.0,0.0,0.0,0.0,0.0,0.0,0.0,0.0,0.0,0.0,0.0,0.0,0.0,0.0,0.0,0.0,0.0,0.0,0.0,0.0,0.0,0.0,0.0,0.0,0.0,0.676,0.6866,0.2875
53,32,0.001,3,10,100,32,8,128,184,435241,73,30,"{'sourceA': ['event_time', 'mcc_code', 'term_id'], 'sourceB': ['event_time', 'tr_type', 'amount']}",gender/checkpoints_large_30/model_32_0.001_3_10_100_128_32_8_128epoch=23.ckpt,23,30,0.4285974,48.2312,3.2118,0.0008,4.6391,1.2227,10.2939,0.6693,,1073.3779,52.2313,281.1165,13.6793,262.4127,12.7692,252.2844,12.2763,239.2388,11.6415,228.1297,11.1009,203.4469,9.8999,57.7058,3.0543,15.1131,0.7999,14.1075,0.7467,13.563,0.7179,12.8617,0.6808,12.2645,0.6492,10.9375,0.5789,0.0,0.0,0.0,0.0,0.0,0.0,0.0,,0.0,0.0,0.0,0.0,0.0,0.0,0.0,0.0,0.0,0.0,0.0,0.0,0.0,0.0,0.0,0.0,0.0,0.0,0.0,0.0,0.0,0.0,0.0,0.0,0.0,0.0,0.0,0.0,0.676,0.7092,0.2875
54,32,0.001,3,10,100,32,8,128,184,435241,73,30,"{'sourceA': ['event_time', 'mcc_code', 'term_id'], 'sourceB': ['event_time', 'tr_type', 'amount']}",gender/checkpoints_large_30/model_32_0.001_3_10_100_128_32_8_128epoch=24.ckpt,24,30,0.4268411,47.9774,3.2433,0.0007,4.6396,1.2106,10.752,0.6827,,1064.1625,51.7938,283.4779,13.7971,264.4667,12.8718,254.394,12.3816,240.7588,11.718,229.2848,11.1595,201.97,9.8301,55.4087,2.9571,14.7601,0.7877,13.7702,0.7349,13.2458,0.7069,12.5358,0.669,11.9384,0.6371,10.5161,0.5612,0.0,0.0,0.0,0.0,0.0,0.0,0.0,,0.0,0.0,0.0,0.0,0.0,0.0,0.0,0.0,0.0,0.0,0.0,0.0,0.0,0.0,0.0,0.0,0.0,0.0,0.0,0.0,0.0,0.0,0.0,0.0,0.0,0.0,0.0,0.0,0.672,0.6845,0.2875
55,32,0.001,3,10,100,32,8,128,184,435241,73,30,"{'sourceA': ['event_time', 'mcc_code', 'term_id'], 'sourceB': ['event_time', 'tr_type', 'amount']}",gender/checkpoints_large_30/model_32_0.001_3_10_100_128_32_8_128epoch=25.ckpt,25,30,0.42768896,47.8358,3.197,0.0007,4.6462,1.2129,10.327,0.6796,,1063.4504,51.7177,281.9198,13.7103,263.0309,12.7917,252.9191,12.2999,239.6422,11.6543,228.2674,11.1011,201.8054,9.8142,53.3703,2.9146,14.1484,0.7727,13.2005,0.7209,12.693,0.6932,12.0267,0.6568,11.4558,0.6256,10.1278,0.5531,0.0,0.0,0.0,0.0,0.0,0.0,0.0,,0.0,0.0,0.0,0.0,0.0,0.0,0.0,0.0,0.0,0.0,0.0,0.0,0.0,0.0,0.0,0.0,0.0,0.0,0.0,0.0,0.0,0.0,0.0,0.0,0.0,0.0,0.0,0.0,0.66,0.6826,0.2875
56,32,0.001,3,10,100,32,8,128,184,435241,73,30,"{'sourceA': ['event_time', 'mcc_code', 'term_id'], 'sourceB': ['event_time', 'tr_type', 'amount']}",gender/checkpoints_large_30/model_32_0.001_3_10_100_128_32_8_128epoch=26.ckpt,26,30,0.4264777,48.0,3.1922,0.0007,4.6431,1.2148,10.5558,0.6776,,1071.0682,52.1035,282.5249,13.7438,263.8384,12.8348,253.7792,12.3454,240.6869,11.7085,229.5132,11.165,203.9356,9.9207,55.6862,3.031,14.6888,0.7995,13.7173,0.7466,13.1943,0.7182,12.5136,0.6811,11.9327,0.6495,10.6029,0.5771,0.0,0.0,0.0,0.0,0.0,0.0,0.0,,0.0,0.0,0.0,0.0,0.0,0.0,0.0,0.0,0.0,0.0,0.0,0.0,0.0,0.0,0.0,0.0,0.0,0.0,0.0,0.0,0.0,0.0,0.0,0.0,0.0,0.0,0.0,0.0,0.664,0.6935,0.2875
57,32,0.001,3,10,100,32,8,128,184,435241,73,30,"{'sourceA': ['event_time', 'mcc_code', 'term_id'], 'sourceB': ['event_time', 'tr_type', 'amount']}",gender/checkpoints_large_30/model_32_0.001_3_10_100_128_32_8_128epoch=27.ckpt,27,30,0.43053535,47.7311,3.2324,0.0006,4.6675,1.2105,10.45,0.6833,,1065.2954,51.8774,281.5985,13.7132,262.7787,12.7967,252.784,12.31,239.477,11.662,228.6615,11.1353,203.0005,9.8857,55.7454,3.0119,14.7357,0.7961,13.7509,0.7429,13.2278,0.7147,12.5315,0.6771,11.9655,0.6465,10.6227,0.5739,0.0,0.0,0.0,0.0,0.0,0.0,0.0,,0.0,0.0,0.0,0.0,0.0,0.0,0.0,0.0,0.0,0.0,0.0,0.0,0.0,0.0,0.0,0.0,0.0,0.0,0.0,0.0,0.0,0.0,0.0,0.0,0.0,0.0,0.0,0.0,0.704,0.7005,0.2875
58,32,0.001,3,10,100,32,8,128,184,435241,73,30,"{'sourceA': ['event_time', 'mcc_code', 'term_id'], 'sourceB': ['event_time', 'tr_type', 'amount']}",gender/checkpoints_large_30/model_32_0.001_3_10_100_128_32_8_128epoch=28.ckpt,28,30,0.43065652,48.1424,3.2073,0.0007,4.6398,1.2129,10.9397,0.68,,1071.7167,52.1618,282.2625,13.7381,263.502,12.825,253.473,12.3369,240.2029,11.691,229.3252,11.1616,204.3306,9.945,53.9272,2.9332,14.203,0.7725,13.259,0.7212,12.7544,0.6937,12.0866,0.6574,11.5393,0.6277,10.2816,0.5592,0.0,0.0,0.0,0.0,0.0,0.0,0.0,,0.0,0.0,0.0,0.0,0.0,0.0,0.0,0.0,0.0,0.0,0.0,0.0,0.0,0.0,0.0,0.0,0.0,0.0,0.0,0.0,0.0,0.0,0.0,0.0,0.0,0.0,0.0,0.0,0.676,0.69,0.2875
59,32,0.001,3,10,100,32,8,128,184,435241,73,30,"{'sourceA': ['event_time', 'mcc_code', 'term_id'], 'sourceB': ['event_time', 'tr_type', 'amount']}",gender/checkpoints_large_30/model_32_0.001_3_10_100_128_32_8_128epoch=29.ckpt,29,30,0.4310804,48.352,3.2376,0.0007,4.6431,1.2169,10.6578,0.6756,,1073.0518,52.1903,282.0702,13.7191,263.3162,12.807,253.1822,12.3141,240.0198,11.6739,229.1527,11.1453,204.8166,9.9617,56.1498,3.0057,14.76,0.7901,13.7786,0.7376,13.2483,0.7092,12.5596,0.6723,11.9909,0.6419,10.7175,0.5737,0.0,0.0,0.0,0.0,0.0,0.0,0.0,,0.0,0.0,0.0,0.0,0.0,0.0,0.0,0.0,0.0,0.0,0.0,0.0,0.0,0.0,0.0,0.0,0.0,0.0,0.0,0.0,0.0,0.0,0.0,0.0,0.0,0.0,0.0,0.0,0.672,0.6785,0.2875
60,64,0.001,3,10,100,32,8,128,184,435241,73,30,"{'sourceA': ['event_time', 'mcc_code', 'term_id'], 'sourceB': ['event_time', 'tr_type', 'amount']}",gender/checkpoints_large_30/model_64_0.001_3_10_100_128_32_8_128epoch=00.ckpt,0,30,0.27172112,30.5513,3.3345,0.0011,4.6772,1.3269,5.9274,0.5824,,526.2486,26.2806,225.4432,11.2585,197.3402,9.8551,181.6962,9.0738,161.9791,8.0891,147.2348,7.3528,121.6941,6.0773,26.4655,1.6918,11.3377,0.7248,9.9244,0.6344,9.1377,0.5841,8.1461,0.5207,7.4046,0.4733,6.1201,0.3912,0.0,0.0,0.0,0.0,0.0,0.0,0.0,,0.0,0.0,0.0,0.0,0.0,0.0,0.0,0.0,0.0,0.0,0.0,0.0,0.0,0.0,0.0,0.0,0.0,0.0,0.0,0.0,0.0,0.0,0.0,0.0,0.0,0.0,0.0,0.0,0.62,0.6083,0.2875
61,64,0.001,3,10,100,32,8,128,184,435241,73,30,"{'sourceA': ['event_time', 'mcc_code', 'term_id'], 'sourceB': ['event_time', 'tr_type', 'amount']}",gender/checkpoints_large_30/model_64_0.001_3_10_100_128_32_8_128epoch=01.ckpt,1,30,0.30001184,32.7611,3.3357,0.0013,4.4442,1.3331,7.6664,0.5722,,629.0944,31.1457,228.0373,11.2898,204.3384,10.1165,191.1506,9.4636,174.6766,8.648,162.2081,8.0307,137.0094,6.7832,37.2871,2.2788,13.516,0.826,12.1114,0.7402,11.3297,0.6924,10.3533,0.6327,9.6143,0.5876,8.1207,0.4963,0.0,0.0,0.0,0.0,0.0,0.0,0.0,,0.0,0.0,0.0,0.0,0.0,0.0,0.0,0.0,0.0,0.0,0.0,0.0,0.0,0.0,0.0,0.0,0.0,0.0,0.0,0.0,0.0,0.0,0.0,0.0,0.0,0.0,0.0,0.0,0.64,0.6437,0.2875
62,64,0.001,3,10,100,32,8,128,184,435241,73,30,"{'sourceA': ['event_time', 'mcc_code', 'term_id'], 'sourceB': ['event_time', 'tr_type', 'amount']}",gender/checkpoints_large_30/model_64_0.001_3_10_100_128_32_8_128epoch=02.ckpt,2,30,0.3262311,36.0817,3.2995,0.0016,4.2547,1.3401,8.5355,0.565,,727.57,35.749,235.5501,11.5737,212.9672,10.4641,201.0327,9.8777,185.769,9.1277,173.4766,8.5237,147.3451,7.2398,46.3325,2.7204,15.0001,0.8807,13.562,0.7963,12.802,0.7517,11.83,0.6946,11.0472,0.6486,9.3831,0.5509,0.0,0.0,0.0,0.0,0.0,0.0,0.0,,0.0,0.0,0.0,0.0,0.0,0.0,0.0,0.0,0.0,0.0,0.0,0.0,0.0,0.0,0.0,0.0,0.0,0.0,0.0,0.0,0.0,0.0,0.0,0.0,0.0,0.0,0.0,0.0,0.652,0.6945,0.2875
63,64,0.001,3,10,100,32,8,128,184,435241,73,30,"{'sourceA': ['event_time', 'mcc_code', 'term_id'], 'sourceB': ['event_time', 'tr_type', 'amount']}",gender/checkpoints_large_30/model_64_0.001_3_10_100_128_32_8_128epoch=03.ckpt,3,30,0.35227275,37.2876,3.2956,0.0015,4.1925,1.3075,8.6471,0.5895,,808.7522,39.575,243.0339,11.8925,221.1878,10.8235,209.4751,10.2503,194.8057,9.5325,182.899,8.9499,157.8467,7.724,57.0152,3.1177,17.1333,0.9369,15.5932,0.8527,14.7675,0.8075,13.7334,0.751,12.894,0.7051,11.1278,0.6085,0.0,0.0,0.0,0.0,0.0,0.0,0.0,,0.0,0.0,0.0,0.0,0.0,0.0,0.0,0.0,0.0,0.0,0.0,0.0,0.0,0.0,0.0,0.0,0.0,0.0,0.0,0.0,0.0,0.0,0.0,0.0,0.0,0.0,0.0,0.0,0.684,0.7122,0.2875
64,64,0.001,3,10,100,32,8,128,184,435241,73,30,"{'sourceA': ['event_time', 'mcc_code', 'term_id'], 'sourceB': ['event_time', 'tr_type', 'amount']}",gender/checkpoints_large_30/model_64_0.001_3_10_100_128_32_8_128epoch=04.ckpt,4,30,0.3567116,37.4411,3.2702,0.0014,4.2669,1.2667,8.7629,0.6262,,850.2316,41.5853,249.3686,12.1967,228.0095,11.1521,216.5131,10.5898,201.0445,9.8332,188.5374,9.2215,164.1159,8.027,61.1874,3.2516,17.946,0.9537,16.4088,0.872,15.5815,0.828,14.4683,0.7689,13.5682,0.721,11.8107,0.6276,0.0,0.0,0.0,0.0,0.0,0.0,0.0,,0.0,0.0,0.0,0.0,0.0,0.0,0.0,0.0,0.0,0.0,0.0,0.0,0.0,0.0,0.0,0.0,0.0,0.0,0.0,0.0,0.0,0.0,0.0,0.0,0.0,0.0,0.0,0.0,0.676,0.6919,0.2875
65,64,0.001,3,10,100,32,8,128,184,435241,73,30,"{'sourceA': ['event_time', 'mcc_code', 'term_id'], 'sourceB': ['event_time', 'tr_type', 'amount']}",gender/checkpoints_large_30/model_64_0.001_3_10_100_128_32_8_128epoch=05.ckpt,5,30,0.36872634,39.4113,3.2476,0.0013,4.2826,1.2728,9.0134,0.6202,,905.2416,44.1606,255.0217,12.4408,233.976,11.4141,222.3732,10.8481,207.375,10.1164,195.5128,9.5377,170.3469,8.3101,65.427,3.4146,18.4319,0.9619,16.9108,0.8826,16.0722,0.8388,14.9882,0.7822,14.1308,0.7375,12.312,0.6426,0.0,0.0,0.0,0.0,0.0,0.0,0.0,,0.0,0.0,0.0,0.0,0.0,0.0,0.0,0.0,0.0,0.0,0.0,0.0,0.0,0.0,0.0,0.0,0.0,0.0,0.0,0.0,0.0,0.0,0.0,0.0,0.0,0.0,0.0,0.0,0.656,0.7088,0.2875
66,64,0.001,3,10,100,32,8,128,184,435241,73,30,"{'sourceA': ['event_time', 'mcc_code', 'term_id'], 'sourceB': ['event_time', 'tr_type', 'amount']}",gender/checkpoints_large_30/model_64_0.001_3_10_100_128_32_8_128epoch=06.ckpt,6,30,0.3705019,40.1997,3.184,0.0012,4.3618,1.2481,9.084,0.644,,926.4597,45.1792,259.1129,12.6357,238.2554,11.6186,226.8018,11.0601,211.7537,10.3263,199.8008,9.7434,173.4927,8.4604,62.4353,3.3567,17.462,0.9388,16.0563,0.8632,15.2845,0.8217,14.2704,0.7672,13.4648,0.7239,11.6919,0.6286,0.0,0.0,0.0,0.0,0.0,0.0,0.0,,0.0,0.0,0.0,0.0,0.0,0.0,0.0,0.0,0.0,0.0,0.0,0.0,0.0,0.0,0.0,0.0,0.0,0.0,0.0,0.0,0.0,0.0,0.0,0.0,0.0,0.0,0.0,0.0,0.664,0.6981,0.2875
67,64,0.001,3,10,100,32,8,128,184,435241,73,30,"{'sourceA': ['event_time', 'mcc_code', 'term_id'], 'sourceB': ['event_time', 'tr_type', 'amount']}",gender/checkpoints_large_30/model_64_0.001_3_10_100_128_32_8_128epoch=07.ckpt,7,30,0.37606534,41.7004,3.1194,0.0012,4.4189,1.2481,9.6519,0.6434,,962.9935,46.9025,264.1718,12.8665,243.5345,11.8613,232.2076,11.3097,217.2873,10.583,205.1029,9.9895,178.9914,8.7178,60.188,3.2375,16.511,0.8881,15.2211,0.8187,14.5132,0.7807,13.5807,0.7305,12.8191,0.6895,11.1871,0.6017,0.0,0.0,0.0,0.0,0.0,0.0,0.0,,0.0,0.0,0.0,0.0,0.0,0.0,0.0,0.0,0.0,0.0,0.0,0.0,0.0,0.0,0.0,0.0,0.0,0.0,0.0,0.0,0.0,0.0,0.0,0.0,0.0,0.0,0.0,0.0,0.64,0.6947,0.2875
68,64,0.001,3,10,100,32,8,128,184,435241,73,30,"{'sourceA': ['event_time', 'mcc_code', 'term_id'], 'sourceB': ['event_time', 'tr_type', 'amount']}",gender/checkpoints_large_30/model_64_0.001_3_10_100_128_32_8_128epoch=08.ckpt,8,30,0.3792614,43.0716,3.1687,0.0012,4.473,1.2414,9.8036,0.6498,,986.9189,48.0692,268.9602,13.1001,248.6738,12.112,237.4397,11.5648,222.6118,10.8426,210.6443,10.2597,183.345,8.9301,62.5139,3.2732,17.0366,0.892,15.7516,0.8248,15.04,0.7875,14.1008,0.7383,13.3427,0.6986,11.6135,0.6081,0.0,0.0,0.0,0.0,0.0,0.0,0.0,,0.0,0.0,0.0,0.0,0.0,0.0,0.0,0.0,0.0,0.0,0.0,0.0,0.0,0.0,0.0,0.0,0.0,0.0,0.0,0.0,0.0,0.0,0.0,0.0,0.0,0.0,0.0,0.0,0.628,0.6686,0.2875
69,64,0.001,3,10,100,32,8,128,184,435241,73,30,"{'sourceA': ['event_time', 'mcc_code', 'term_id'], 'sourceB': ['event_time', 'tr_type', 'amount']}",gender/checkpoints_large_30/model_64_0.001_3_10_100_128_32_8_128epoch=09.ckpt,9,30,0.39009234,43.8197,3.1629,0.0011,4.52,1.2357,10.5416,0.6553,,1006.9264,49.0206,271.3739,13.2114,251.0617,12.2225,239.8037,11.6745,225.1091,10.9591,213.0746,10.3732,185.4245,9.0271,56.4593,3.0849,15.2162,0.8314,14.0773,0.7692,13.446,0.7347,12.6221,0.6897,11.9473,0.6528,10.3969,0.5681,0.0,0.0,0.0,0.0,0.0,0.0,0.0,,0.0,0.0,0.0,0.0,0.0,0.0,0.0,0.0,0.0,0.0,0.0,0.0,0.0,0.0,0.0,0.0,0.0,0.0,0.0,0.0,0.0,0.0,0.0,0.0,0.0,0.0,0.0,0.0,0.676,0.6998,0.2875
70,64,0.001,3,10,100,32,8,128,184,435241,73,30,"{'sourceA': ['event_time', 'mcc_code', 'term_id'], 'sourceB': ['event_time', 'tr_type', 'amount']}",gender/checkpoints_large_30/model_64_0.001_3_10_100_128_32_8_128epoch=10.ckpt,10,30,0.38837594,43.9633,3.0822,0.0011,4.5216,1.2319,10.6134,0.6591,,1011.4952,49.2332,272.1938,13.2487,251.9543,12.2635,240.7671,11.719,226.226,11.0113,214.4408,10.4376,187.1749,9.1105,56.7963,3.1238,15.2839,0.8406,14.1474,0.7781,13.5193,0.7436,12.7028,0.6986,12.041,0.6623,10.51,0.578,0.0,0.0,0.0,0.0,0.0,0.0,0.0,,0.0,0.0,0.0,0.0,0.0,0.0,0.0,0.0,0.0,0.0,0.0,0.0,0.0,0.0,0.0,0.0,0.0,0.0,0.0,0.0,0.0,0.0,0.0,0.0,0.0,0.0,0.0,0.0,0.644,0.7237,0.2875
71,64,0.001,3,10,100,32,8,128,184,435241,73,30,"{'sourceA': ['event_time', 'mcc_code', 'term_id'], 'sourceB': ['event_time', 'tr_type', 'amount']}",gender/checkpoints_large_30/model_64_0.001_3_10_100_128_32_8_128epoch=11.ckpt,11,30,0.39234135,44.4741,3.0583,0.0011,4.5584,1.2322,11.0683,0.659,,1027.9092,50.0354,273.7193,13.3238,253.7244,12.3505,242.7007,11.8139,228.5259,11.1239,216.9762,10.5617,189.6437,9.2313,56.2813,3.1285,14.987,0.8331,13.8922,0.7722,13.2886,0.7387,12.5125,0.6955,11.8801,0.6604,10.3836,0.5772,0.0,0.0,0.0,0.0,0.0,0.0,0.0,,0.0,0.0,0.0,0.0,0.0,0.0,0.0,0.0,0.0,0.0,0.0,0.0,0.0,0.0,0.0,0.0,0.0,0.0,0.0,0.0,0.0,0.0,0.0,0.0,0.0,0.0,0.0,0.0,0.66,0.7168,0.2875
72,64,0.001,3,10,100,32,8,128,184,435241,73,30,"{'sourceA': ['event_time', 'mcc_code', 'term_id'], 'sourceB': ['event_time', 'tr_type', 'amount']}",gender/checkpoints_large_30/model_64_0.001_3_10_100_128_32_8_128epoch=12.ckpt,12,30,0.39607012,44.8426,3.1355,0.001,4.5671,1.2289,10.7099,0.6623,,1030.3224,50.1315,275.2611,13.3931,255.3891,12.4262,244.4449,11.8937,230.0457,11.1931,218.3552,10.6243,191.7708,9.3308,55.007,3.0326,14.6957,0.8102,13.6348,0.7517,13.0505,0.7195,12.2817,0.6771,11.6576,0.6427,10.2383,0.5645,0.0,0.0,0.0,0.0,0.0,0.0,0.0,,0.0,0.0,0.0,0.0,0.0,0.0,0.0,0.0,0.0,0.0,0.0,0.0,0.0,0.0,0.0,0.0,0.0,0.0,0.0,0.0,0.0,0.0,0.0,0.0,0.0,0.0,0.0,0.0,0.656,0.7,0.2875
73,64,0.001,3,10,100,32,8,128,184,435241,73,30,"{'sourceA': ['event_time', 'mcc_code', 'term_id'], 'sourceB': ['event_time', 'tr_type', 'amount']}",gender/checkpoints_large_30/model_64_0.001_3_10_100_128_32_8_128epoch=13.ckpt,13,30,0.39358425,45.2288,3.1136,0.0011,4.5772,1.2294,11.0645,0.6621,,1045.1613,50.8605,275.9666,13.4293,256.3484,12.4746,245.4325,11.9434,231.4105,11.2611,219.762,10.6942,191.3906,9.3136,56.8262,3.1019,15.0045,0.819,13.9379,0.7608,13.3443,0.7284,12.582,0.6868,11.9486,0.6522,10.4061,0.568,0.0,0.0,0.0,0.0,0.0,0.0,0.0,,0.0,0.0,0.0,0.0,0.0,0.0,0.0,0.0,0.0,0.0,0.0,0.0,0.0,0.0,0.0,0.0,0.0,0.0,0.0,0.0,0.0,0.0,0.0,0.0,0.0,0.0,0.0,0.0,0.66,0.6966,0.2875
74,64,0.001,3,10,100,32,8,128,184,435241,73,30,"{'sourceA': ['event_time', 'mcc_code', 'term_id'], 'sourceB': ['event_time', 'tr_type', 'amount']}",gender/checkpoints_large_30/model_64_0.001_3_10_100_128_32_8_128epoch=14.ckpt,14,30,0.39311078,46.2008,3.0931,0.0011,4.5407,1.2408,11.6355,0.65,,1060.4829,51.6272,276.1558,13.444,256.3521,12.4799,245.5315,11.9531,231.4446,11.2674,220.0334,10.7118,191.8327,9.3389,54.0651,3.0204,14.0789,0.7865,13.0692,0.7301,12.5176,0.6993,11.7994,0.6592,11.2176,0.6267,9.7799,0.5464,0.0,0.0,0.0,0.0,0.0,0.0,0.0,,0.0,0.0,0.0,0.0,0.0,0.0,0.0,0.0,0.0,0.0,0.0,0.0,0.0,0.0,0.0,0.0,0.0,0.0,0.0,0.0,0.0,0.0,0.0,0.0,0.0,0.0,0.0,0.0,0.672,0.7114,0.2875
75,64,0.001,3,10,100,32,8,128,184,435241,73,30,"{'sourceA': ['event_time', 'mcc_code', 'term_id'], 'sourceB': ['event_time', 'tr_type', 'amount']}",gender/checkpoints_large_30/model_64_0.001_3_10_100_128_32_8_128epoch=15.ckpt,15,30,0.39541903,45.9585,3.1372,0.001,4.5659,1.2292,11.4109,0.6621,,1060.714,51.6387,277.3862,13.504,257.6883,12.545,246.8985,12.0198,232.896,11.3381,221.3158,10.7743,192.7352,9.3829,51.8401,2.9557,13.5567,0.7729,12.594,0.7181,12.0666,0.688,11.3823,0.649,10.8163,0.6167,9.4195,0.5371,0.0,0.0,0.0,0.0,0.0,0.0,0.0,,0.0,0.0,0.0,0.0,0.0,0.0,0.0,0.0,0.0,0.0,0.0,0.0,0.0,0.0,0.0,0.0,0.0,0.0,0.0,0.0,0.0,0.0,0.0,0.0,0.0,0.0,0.0,0.0,0.648,0.7135,0.2875
76,64,0.001,3,10,100,32,8,128,184,435241,73,30,"{'sourceA': ['event_time', 'mcc_code', 'term_id'], 'sourceB': ['event_time', 'tr_type', 'amount']}",gender/checkpoints_large_30/model_64_0.001_3_10_100_128_32_8_128epoch=16.ckpt,16,30,0.39488637,46.5107,3.1468,0.001,4.577,1.2339,11.7819,0.6569,,1070.2014,52.0746,277.9541,13.5249,258.5534,12.5809,247.7505,12.0552,233.7422,11.3736,222.457,10.8245,194.6984,9.4738,53.4594,2.9849,13.8845,0.7752,12.9154,0.7211,12.3758,0.691,11.676,0.6519,11.1123,0.6204,9.7257,0.543,0.0,0.0,0.0,0.0,0.0,0.0,0.0,,0.0,0.0,0.0,0.0,0.0,0.0,0.0,0.0,0.0,0.0,0.0,0.0,0.0,0.0,0.0,0.0,0.0,0.0,0.0,0.0,0.0,0.0,0.0,0.0,0.0,0.0,0.0,0.0,0.656,0.6975,0.2875
77,64,0.001,3,10,100,32,8,128,184,435241,73,30,"{'sourceA': ['event_time', 'mcc_code', 'term_id'], 'sourceB': ['event_time', 'tr_type', 'amount']}",gender/checkpoints_large_30/model_64_0.001_3_10_100_128_32_8_128epoch=17.ckpt,17,30,0.400509,46.9518,3.0135,0.001,4.5839,1.2353,11.5778,0.6557,,1078.5884,52.4783,278.5198,13.5513,258.9343,12.5984,248.091,12.0708,234.2278,11.3963,222.5692,10.829,195.0569,9.4904,55.2149,3.0786,14.2579,0.795,13.2553,0.7391,12.7002,0.7081,11.9905,0.6686,11.3937,0.6353,9.9853,0.5568,0.0,0.0,0.0,0.0,0.0,0.0,0.0,,0.0,0.0,0.0,0.0,0.0,0.0,0.0,0.0,0.0,0.0,0.0,0.0,0.0,0.0,0.0,0.0,0.0,0.0,0.0,0.0,0.0,0.0,0.0,0.0,0.0,0.0,0.0,0.0,0.652,0.6984,0.2875
78,64,0.001,3,10,100,32,8,128,184,435241,73,30,"{'sourceA': ['event_time', 'mcc_code', 'term_id'], 'sourceB': ['event_time', 'tr_type', 'amount']}",gender/checkpoints_large_30/model_64_0.001_3_10_100_128_32_8_128epoch=18.ckpt,18,30,0.4008641,47.2563,3.1591,0.0009,4.5804,1.2315,11.0946,0.66,,1088.2836,52.9675,280.1471,13.6349,260.5428,12.6808,249.6513,12.1507,235.7189,11.4726,224.3695,10.9202,195.8655,9.5329,56.12,3.0991,14.4465,0.7978,13.4355,0.7419,12.8739,0.7109,12.1554,0.6712,11.5702,0.6389,10.1003,0.5578,0.0,0.0,0.0,0.0,0.0,0.0,0.0,,0.0,0.0,0.0,0.0,0.0,0.0,0.0,0.0,0.0,0.0,0.0,0.0,0.0,0.0,0.0,0.0,0.0,0.0,0.0,0.0,0.0,0.0,0.0,0.0,0.0,0.0,0.0,0.0,0.692,0.7206,0.2875
79,64,0.001,3,10,100,32,8,128,184,435241,73,30,"{'sourceA': ['event_time', 'mcc_code', 'term_id'], 'sourceB': ['event_time', 'tr_type', 'amount']}",gender/checkpoints_large_30/model_64_0.001_3_10_100_128_32_8_128epoch=19.ckpt,19,30,0.4070194,47.6396,3.0425,0.0009,4.5675,1.2329,11.2131,0.658,,1100.5232,53.5103,280.9303,13.6596,261.4826,12.714,250.9411,12.2014,237.2509,11.5358,226.0973,10.9934,198.7445,9.6635,55.0683,3.0541,14.0573,0.7796,13.0841,0.7257,12.5567,0.6964,11.8716,0.6584,11.3135,0.6275,9.9448,0.5515,0.0,0.0,0.0,0.0,0.0,0.0,0.0,,0.0,0.0,0.0,0.0,0.0,0.0,0.0,0.0,0.0,0.0,0.0,0.0,0.0,0.0,0.0,0.0,0.0,0.0,0.0,0.0,0.0,0.0,0.0,0.0,0.0,0.0,0.0,0.0,0.672,0.7273,0.2875
80,64,0.001,3,10,100,32,8,128,184,435241,73,30,"{'sourceA': ['event_time', 'mcc_code', 'term_id'], 'sourceB': ['event_time', 'tr_type', 'amount']}",gender/checkpoints_large_30/model_64_0.001_3_10_100_128_32_8_128epoch=20.ckpt,20,30,0.39630678,47.2936,3.0885,0.0009,4.6123,1.2278,11.3438,0.6636,,1091.8918,53.1061,281.1428,13.6739,261.7384,12.7301,250.959,12.2058,237.1034,11.5319,225.5123,10.9682,196.2687,9.5459,52.7408,2.9482,13.5798,0.7591,12.6426,0.7067,12.1219,0.6776,11.4526,0.6402,10.8927,0.6089,9.4802,0.5299,0.0,0.0,0.0,0.0,0.0,0.0,0.0,,0.0,0.0,0.0,0.0,0.0,0.0,0.0,0.0,0.0,0.0,0.0,0.0,0.0,0.0,0.0,0.0,0.0,0.0,0.0,0.0,0.0,0.0,0.0,0.0,0.0,0.0,0.0,0.0,0.68,0.7165,0.2875
81,64,0.001,3,10,100,32,8,128,184,435241,73,30,"{'sourceA': ['event_time', 'mcc_code', 'term_id'], 'sourceB': ['event_time', 'tr_type', 'amount']}",gender/checkpoints_large_30/model_64_0.001_3_10_100_128_32_8_128epoch=21.ckpt,21,30,0.4036459,47.359,3.067,0.0009,4.6392,1.2275,11.3827,0.664,,1099.0438,53.4641,281.9067,13.7136,262.3976,12.7646,251.6015,12.2394,237.5918,11.5579,226.0757,10.9977,196.9807,9.5823,53.4138,2.9687,13.7007,0.7615,12.7526,0.7088,12.2279,0.6796,11.547,0.6418,10.9873,0.6107,9.5733,0.5321,0.0,0.0,0.0,0.0,0.0,0.0,0.0,,0.0,0.0,0.0,0.0,0.0,0.0,0.0,0.0,0.0,0.0,0.0,0.0,0.0,0.0,0.0,0.0,0.0,0.0,0.0,0.0,0.0,0.0,0.0,0.0,0.0,0.0,0.0,0.0,0.668,0.741,0.2875
82,64,0.001,3,10,100,32,8,128,184,435241,73,30,"{'sourceA': ['event_time', 'mcc_code', 'term_id'], 'sourceB': ['event_time', 'tr_type', 'amount']}",gender/checkpoints_large_30/model_64_0.001_3_10_100_128_32_8_128epoch=22.ckpt,22,30,0.4028764,47.8199,3.1914,0.0009,4.604,1.2293,11.6164,0.6621,,1102.6243,53.6793,281.869,13.7223,262.5116,12.7799,251.8691,12.2618,238.1852,11.5956,226.9837,11.0503,198.4287,9.6601,53.6824,2.996,13.7231,0.7659,12.7806,0.7133,12.2625,0.6844,11.5963,0.6472,11.0509,0.6167,9.6607,0.5392,0.0,0.0,0.0,0.0,0.0,0.0,0.0,,0.0,0.0,0.0,0.0,0.0,0.0,0.0,0.0,0.0,0.0,0.0,0.0,0.0,0.0,0.0,0.0,0.0,0.0,0.0,0.0,0.0,0.0,0.0,0.0,0.0,0.0,0.0,0.0,0.684,0.7229,0.2875
83,64,0.001,3,10,100,32,8,128,184,435241,73,30,"{'sourceA': ['event_time', 'mcc_code', 'term_id'], 'sourceB': ['event_time', 'tr_type', 'amount']}",gender/checkpoints_large_30/model_64_0.001_3_10_100_128_32_8_128epoch=23.ckpt,23,30,0.39962122,47.3862,3.095,0.0009,4.6432,1.2219,11.3182,0.6699,,1099.1016,53.4677,281.6723,13.7024,262.3909,12.7645,251.8522,12.2518,238.0666,11.5812,226.9818,11.0419,198.5181,9.6573,52.7658,2.9421,13.5226,0.754,12.5969,0.7024,12.091,0.6742,11.4291,0.6373,10.897,0.6076,9.5305,0.5314,0.0,0.0,0.0,0.0,0.0,0.0,0.0,,0.0,0.0,0.0,0.0,0.0,0.0,0.0,0.0,0.0,0.0,0.0,0.0,0.0,0.0,0.0,0.0,0.0,0.0,0.0,0.0,0.0,0.0,0.0,0.0,0.0,0.0,0.0,0.0,0.692,0.7152,0.2875
84,64,0.001,3,10,100,32,8,128,184,435241,73,30,"{'sourceA': ['event_time', 'mcc_code', 'term_id'], 'sourceB': ['event_time', 'tr_type', 'amount']}",gender/checkpoints_large_30/model_64_0.001_3_10_100_128_32_8_128epoch=24.ckpt,24,30,0.39938447,47.6641,3.1752,0.0008,4.6577,1.2255,11.3743,0.6663,,1105.634,53.7983,282.8383,13.7624,263.3458,12.814,252.8156,12.3016,238.9054,11.6247,227.4495,11.0673,198.8142,9.674,52.0694,2.9036,13.3202,0.7428,12.4022,0.6916,11.9063,0.664,11.2512,0.6274,10.7116,0.5973,9.3631,0.5221,0.0,0.0,0.0,0.0,0.0,0.0,0.0,,0.0,0.0,0.0,0.0,0.0,0.0,0.0,0.0,0.0,0.0,0.0,0.0,0.0,0.0,0.0,0.0,0.0,0.0,0.0,0.0,0.0,0.0,0.0,0.0,0.0,0.0,0.0,0.0,0.676,0.7229,0.2875
85,64,0.001,3,10,100,32,8,128,184,435241,73,30,"{'sourceA': ['event_time', 'mcc_code', 'term_id'], 'sourceB': ['event_time', 'tr_type', 'amount']}",gender/checkpoints_large_30/model_64_0.001_3_10_100_128_32_8_128epoch=25.ckpt,25,30,0.40885422,47.8168,3.103,0.0009,4.634,1.2233,11.5414,0.669,,1106.2668,53.8549,282.7037,13.7625,263.4019,12.8228,252.7848,12.306,238.9321,11.6316,227.6453,11.0821,198.9371,9.6846,51.9021,2.9414,13.2635,0.7517,12.3579,0.7003,11.8598,0.6721,11.2098,0.6353,10.6803,0.6053,9.3334,0.5289,0.0,0.0,0.0,0.0,0.0,0.0,0.0,,0.0,0.0,0.0,0.0,0.0,0.0,0.0,0.0,0.0,0.0,0.0,0.0,0.0,0.0,0.0,0.0,0.0,0.0,0.0,0.0,0.0,0.0,0.0,0.0,0.0,0.0,0.0,0.0,0.692,0.743,0.2875
86,64,0.001,3,10,100,32,8,128,184,435241,73,30,"{'sourceA': ['event_time', 'mcc_code', 'term_id'], 'sourceB': ['event_time', 'tr_type', 'amount']}",gender/checkpoints_large_30/model_64_0.001_3_10_100_128_32_8_128epoch=26.ckpt,26,30,0.40713775,47.8293,3.0446,0.0008,4.648,1.2241,11.4796,0.6677,,1109.0626,53.9365,283.5425,13.7894,264.2617,12.8517,253.638,12.3351,239.63,11.6538,228.1865,11.0973,199.4416,9.6993,51.3939,2.8774,13.1393,0.7356,12.2459,0.6856,11.7536,0.658,11.1044,0.6217,10.5742,0.592,9.2421,0.5174,0.0,0.0,0.0,0.0,0.0,0.0,0.0,,0.0,0.0,0.0,0.0,0.0,0.0,0.0,0.0,0.0,0.0,0.0,0.0,0.0,0.0,0.0,0.0,0.0,0.0,0.0,0.0,0.0,0.0,0.0,0.0,0.0,0.0,0.0,0.0,0.7,0.7256,0.2875
87,64,0.001,3,10,100,32,8,128,184,435241,73,30,"{'sourceA': ['event_time', 'mcc_code', 'term_id'], 'sourceB': ['event_time', 'tr_type', 'amount']}",gender/checkpoints_large_30/model_64_0.001_3_10_100_128_32_8_128epoch=27.ckpt,27,30,0.40394175,48.2286,3.1239,0.0009,4.6347,1.2262,11.7494,0.6653,,1109.8983,53.9899,283.1486,13.7735,263.8123,12.8329,253.338,12.3234,239.5895,11.6546,228.4344,11.112,200.0087,9.7292,51.5853,2.9156,13.16,0.7438,12.2613,0.693,11.7745,0.6655,11.1355,0.6294,10.6171,0.6001,9.2959,0.5254,0.0,0.0,0.0,0.0,0.0,0.0,0.0,,0.0,0.0,0.0,0.0,0.0,0.0,0.0,0.0,0.0,0.0,0.0,0.0,0.0,0.0,0.0,0.0,0.0,0.0,0.0,0.0,0.0,0.0,0.0,0.0,0.0,0.0,0.0,0.0,0.676,0.7161,0.2875
88,64,0.001,3,10,100,32,8,128,184,435241,73,30,"{'sourceA': ['event_time', 'mcc_code', 'term_id'], 'sourceB': ['event_time', 'tr_type', 'amount']}",gender/checkpoints_large_30/model_64_0.001_3_10_100_128_32_8_128epoch=28.ckpt,28,30,0.40891334,48.242,3.1545,0.0009,4.6441,1.2275,11.7101,0.6643,,1116.9552,54.3528,283.5611,13.7985,264.3332,12.8629,253.8538,12.3529,240.1106,11.6842,228.8124,11.1344,199.8693,9.726,52.018,2.9084,13.2058,0.7384,12.3103,0.6883,11.8223,0.661,11.1822,0.6252,10.6561,0.5958,9.3082,0.5204,0.0,0.0,0.0,0.0,0.0,0.0,0.0,,0.0,0.0,0.0,0.0,0.0,0.0,0.0,0.0,0.0,0.0,0.0,0.0,0.0,0.0,0.0,0.0,0.0,0.0,0.0,0.0,0.0,0.0,0.0,0.0,0.0,0.0,0.0,0.0,0.704,0.7391,0.2875
89,64,0.001,3,10,100,32,8,128,184,435241,73,30,"{'sourceA': ['event_time', 'mcc_code', 'term_id'], 'sourceB': ['event_time', 'tr_type', 'amount']}",gender/checkpoints_large_30/model_64_0.001_3_10_100_128_32_8_128epoch=29.ckpt,29,30,0.40388253,47.6767,3.0571,0.0008,4.6811,1.2173,11.8644,0.6749,,1105.888,53.8096,283.3786,13.7885,264.0423,12.8476,253.4756,12.3335,239.5574,11.6562,228.3663,11.1117,199.1736,9.6913,49.7885,2.7973,12.7581,0.7168,11.8875,0.6679,11.4118,0.6411,10.7852,0.6059,10.2813,0.5776,8.9671,0.5038,0.0,0.0,0.0,0.0,0.0,0.0,0.0,,0.0,0.0,0.0,0.0,0.0,0.0,0.0,0.0,0.0,0.0,0.0,0.0,0.0,0.0,0.0,0.0,0.0,0.0,0.0,0.0,0.0,0.0,0.0,0.0,0.0,0.0,0.0,0.0,0.708,0.7241,0.2875
90,128,0.001,3,10,100,32,8,128,184,435241,73,30,"{'sourceA': ['event_time', 'mcc_code', 'term_id'], 'sourceB': ['event_time', 'tr_type', 'amount']}",gender/checkpoints_large_30/model_128_0.001_3_10_100_128_32_8_128epoch=00.ckpt,0,30,0.20827764,29.5995,3.3303,0.001,4.8254,1.3174,6.2574,0.593,,491.4348,24.5365,231.0496,11.5359,202.059,10.0885,186.7154,9.3224,166.2663,8.3014,149.2021,7.4494,113.2833,5.656,25.6019,1.6292,12.0368,0.766,10.5265,0.6699,9.7271,0.619,8.6618,0.5512,7.7729,0.4946,5.9016,0.3756,0.0,0.0,0.0,0.0,0.0,0.0,0.0,,0.0,0.0,0.0,0.0,0.0,0.0,0.0,0.0,0.0,0.0,0.0,0.0,0.0,0.0,0.0,0.0,0.0,0.0,0.0,0.0,0.0,0.0,0.0,0.0,0.0,0.0,0.0,0.0,0.56,0.5433,0.2875
91,128,0.001,3,10,100,32,8,128,184,435241,73,30,"{'sourceA': ['event_time', 'mcc_code', 'term_id'], 'sourceB': ['event_time', 'tr_type', 'amount']}",gender/checkpoints_large_30/model_128_0.001_3_10_100_128_32_8_128epoch=01.ckpt,1,30,0.23491463,31.6166,3.3401,0.0012,4.6886,1.3391,7.5266,0.5724,,578.4011,28.6841,230.8428,11.448,203.841,10.1089,189.044,9.3751,170.0985,8.4355,155.4851,7.7108,128.5622,6.3757,29.189,1.8721,11.6495,0.7472,10.2868,0.6598,9.5401,0.6119,8.584,0.5506,7.8466,0.5033,6.4879,0.4161,0.0,0.0,0.0,0.0,0.0,0.0,0.0,,0.0,0.0,0.0,0.0,0.0,0.0,0.0,0.0,0.0,0.0,0.0,0.0,0.0,0.0,0.0,0.0,0.0,0.0,0.0,0.0,0.0,0.0,0.0,0.0,0.0,0.0,0.0,0.0,0.624,0.6199,0.2875
92,128,0.001,3,10,100,32,8,128,184,435241,73,30,"{'sourceA': ['event_time', 'mcc_code', 'term_id'], 'sourceB': ['event_time', 'tr_type', 'amount']}",gender/checkpoints_large_30/model_128_0.001_3_10_100_128_32_8_128epoch=02.ckpt,2,30,0.24927583,33.2722,3.336,0.0013,4.5597,1.3522,7.1814,0.5604,,631.254,31.2479,233.301,11.5487,207.4778,10.2704,193.592,9.5831,175.7778,8.7012,162.5144,8.0447,137.242,6.7937,35.4392,2.156,13.0978,0.7968,11.648,0.7086,10.8685,0.6612,9.8683,0.6004,9.1237,0.5551,7.7049,0.4687,0.0,0.0,0.0,0.0,0.0,0.0,0.0,,0.0,0.0,0.0,0.0,0.0,0.0,0.0,0.0,0.0,0.0,0.0,0.0,0.0,0.0,0.0,0.0,0.0,0.0,0.0,0.0,0.0,0.0,0.0,0.0,0.0,0.0,0.0,0.0,0.616,0.6228,0.2875
93,128,0.001,3,10,100,32,8,128,184,435241,73,30,"{'sourceA': ['event_time', 'mcc_code', 'term_id'], 'sourceB': ['event_time', 'tr_type', 'amount']}",gender/checkpoints_large_30/model_128_0.001_3_10_100_128_32_8_128epoch=03.ckpt,3,30,0.26527685,35.3858,3.3308,0.0014,4.4421,1.3392,7.4137,0.5702,,658.1578,32.4502,239.1605,11.7917,213.7904,10.5409,200.3412,9.8777,182.3908,8.9927,169.1864,8.3417,144.6858,7.1337,34.0484,2.0531,12.3725,0.7461,11.06,0.6669,10.3642,0.625,9.4356,0.569,8.7525,0.5278,7.485,0.4514,0.0,0.0,0.0,0.0,0.0,0.0,0.0,,0.0,0.0,0.0,0.0,0.0,0.0,0.0,0.0,0.0,0.0,0.0,0.0,0.0,0.0,0.0,0.0,0.0,0.0,0.0,0.0,0.0,0.0,0.0,0.0,0.0,0.0,0.0,0.0,0.636,0.649,0.2875
94,128,0.001,3,10,100,32,8,128,184,435241,73,30,"{'sourceA': ['event_time', 'mcc_code', 'term_id'], 'sourceB': ['event_time', 'tr_type', 'amount']}",gender/checkpoints_large_30/model_128_0.001_3_10_100_128_32_8_128epoch=04.ckpt,4,30,0.28140667,35.5031,3.2801,0.0015,4.2864,1.2983,8.0744,0.6009,,701.5744,34.4827,239.283,11.7609,215.2125,10.5778,202.1881,9.9376,185.8644,9.1353,173.5122,8.5282,150.0648,7.3758,38.302,2.2764,13.0635,0.7764,11.7494,0.6983,11.0383,0.6561,10.1471,0.6031,9.4728,0.563,8.1927,0.4869,0.0,0.0,0.0,0.0,0.0,0.0,0.0,,0.0,0.0,0.0,0.0,0.0,0.0,0.0,0.0,0.0,0.0,0.0,0.0,0.0,0.0,0.0,0.0,0.0,0.0,0.0,0.0,0.0,0.0,0.0,0.0,0.0,0.0,0.0,0.0,0.668,0.686,0.2875
95,128,0.001,3,10,100,32,8,128,184,435241,73,30,"{'sourceA': ['event_time', 'mcc_code', 'term_id'], 'sourceB': ['event_time', 'tr_type', 'amount']}",gender/checkpoints_large_30/model_128_0.001_3_10_100_128_32_8_128epoch=05.ckpt,5,30,0.2939018,36.6801,3.2759,0.0016,4.2374,1.2972,8.2935,0.6023,,739.386,36.3708,244.5051,12.0274,220.7277,10.8577,208.0714,10.2352,191.902,9.4398,179.9258,8.8507,157.786,7.7616,39.4228,2.3962,13.0366,0.7924,11.7688,0.7153,11.094,0.6743,10.2319,0.6219,9.5933,0.5831,8.4129,0.5114,0.0,0.0,0.0,0.0,0.0,0.0,0.0,,0.0,0.0,0.0,0.0,0.0,0.0,0.0,0.0,0.0,0.0,0.0,0.0,0.0,0.0,0.0,0.0,0.0,0.0,0.0,0.0,0.0,0.0,0.0,0.0,0.0,0.0,0.0,0.0,0.648,0.6882,0.2875
96,128,0.001,3,10,100,32,8,128,184,435241,73,30,"{'sourceA': ['event_time', 'mcc_code', 'term_id'], 'sourceB': ['event_time', 'tr_type', 'amount']}",gender/checkpoints_large_30/model_128_0.001_3_10_100_128_32_8_128epoch=06.ckpt,6,30,0.30196148,37.3391,3.2176,0.0016,4.1658,1.2766,8.6115,0.6177,,776.3845,38.0137,246.9952,12.0935,223.9041,10.9629,211.6621,10.3635,196.0387,9.5985,184.3778,9.0276,162.5433,7.9585,46.1261,2.6,14.6743,0.8272,13.3025,0.7498,12.5752,0.7088,11.6469,0.6565,10.9541,0.6175,9.6569,0.5443,0.0,0.0,0.0,0.0,0.0,0.0,0.0,,0.0,0.0,0.0,0.0,0.0,0.0,0.0,0.0,0.0,0.0,0.0,0.0,0.0,0.0,0.0,0.0,0.0,0.0,0.0,0.0,0.0,0.0,0.0,0.0,0.0,0.0,0.0,0.0,0.66,0.6945,0.2875
97,128,0.001,3,10,100,32,8,128,184,435241,73,30,"{'sourceA': ['event_time', 'mcc_code', 'term_id'], 'sourceB': ['event_time', 'tr_type', 'amount']}",gender/checkpoints_large_30/model_128_0.001_3_10_100_128_32_8_128epoch=07.ckpt,7,30,0.3145471,38.0327,3.1932,0.0016,4.1262,1.2643,9.6325,0.6285,,801.2908,39.1599,251.0952,12.2713,228.5423,11.1691,216.3232,10.5719,200.9504,9.8206,189.3078,9.2517,168.7289,8.2459,48.6239,2.7021,15.237,0.8467,13.8684,0.7707,13.1269,0.7295,12.1941,0.6777,11.4876,0.6384,10.2388,0.569,0.0,0.0,0.0,0.0,0.0,0.0,0.0,,0.0,0.0,0.0,0.0,0.0,0.0,0.0,0.0,0.0,0.0,0.0,0.0,0.0,0.0,0.0,0.0,0.0,0.0,0.0,0.0,0.0,0.0,0.0,0.0,0.0,0.0,0.0,0.0,0.668,0.7195,0.2875
98,128,0.001,3,10,100,32,8,128,184,435241,73,30,"{'sourceA': ['event_time', 'mcc_code', 'term_id'], 'sourceB': ['event_time', 'tr_type', 'amount']}",gender/checkpoints_large_30/model_128_0.001_3_10_100_128_32_8_128epoch=08.ckpt,8,30,0.32273912,39.5589,3.2243,0.0016,4.1224,1.2664,10.4048,0.6265,,827.1906,40.4554,256.1032,12.5253,233.4646,11.4181,221.1949,10.818,205.3186,10.0415,193.4597,9.4615,171.3388,8.3797,46.6929,2.6691,14.4564,0.8264,13.1785,0.7533,12.4859,0.7137,11.5897,0.6625,10.9203,0.6242,9.6717,0.5529,0.0,0.0,0.0,0.0,0.0,0.0,0.0,,0.0,0.0,0.0,0.0,0.0,0.0,0.0,0.0,0.0,0.0,0.0,0.0,0.0,0.0,0.0,0.0,0.0,0.0,0.0,0.0,0.0,0.0,0.0,0.0,0.0,0.0,0.0,0.0,0.664,0.7006,0.2875
99,128,0.001,3,10,100,32,8,128,184,435241,73,30,"{'sourceA': ['event_time', 'mcc_code', 'term_id'], 'sourceB': ['event_time', 'tr_type', 'amount']}",gender/checkpoints_large_30/model_128_0.001_3_10_100_128_32_8_128epoch=09.ckpt,9,30,0.3264295,41.4149,3.2448,0.0017,4.1111,1.2779,10.8625,0.6164,,853.6379,41.7357,260.0102,12.7123,237.4367,11.6087,225.2352,11.0121,209.6297,10.2491,197.9147,9.6764,175.8804,8.5991,47.2205,2.6313,14.3829,0.8015,13.1342,0.7319,12.4593,0.6943,11.596,0.6462,10.948,0.6101,9.7291,0.5421,0.0,0.0,0.0,0.0,0.0,0.0,0.0,,0.0,0.0,0.0,0.0,0.0,0.0,0.0,0.0,0.0,0.0,0.0,0.0,0.0,0.0,0.0,0.0,0.0,0.0,0.0,0.0,0.0,0.0,0.0,0.0,0.0,0.0,0.0,0.0,0.664,0.6975,0.2875
100,128,0.001,3,10,100,32,8,128,184,435241,73,30,"{'sourceA': ['event_time', 'mcc_code', 'term_id'], 'sourceB': ['event_time', 'tr_type', 'amount']}",gender/checkpoints_large_30/model_128_0.001_3_10_100_128_32_8_128epoch=10.ckpt,10,30,0.33810994,41.3102,3.2484,0.0015,4.1272,1.2747,10.0942,0.6187,,873.4449,42.6409,260.1869,12.7021,237.5458,11.5968,225.4192,11.0048,210.0421,10.2541,198.3525,9.6834,176.3947,8.6115,47.1998,2.6646,14.0601,0.7938,12.8366,0.7247,12.1813,0.6877,11.3504,0.6408,10.7187,0.6051,9.5321,0.5381,0.0,0.0,0.0,0.0,0.0,0.0,0.0,,0.0,0.0,0.0,0.0,0.0,0.0,0.0,0.0,0.0,0.0,0.0,0.0,0.0,0.0,0.0,0.0,0.0,0.0,0.0,0.0,0.0,0.0,0.0,0.0,0.0,0.0,0.0,0.0,0.676,0.719,0.2875
101,128,0.001,3,10,100,32,8,128,184,435241,73,30,"{'sourceA': ['event_time', 'mcc_code', 'term_id'], 'sourceB': ['event_time', 'tr_type', 'amount']}",gender/checkpoints_large_30/model_128_0.001_3_10_100_128_32_8_128epoch=11.ckpt,11,30,0.33498704,40.7995,3.2141,0.0014,4.149,1.2582,10.4345,0.6344,,867.9565,42.3307,261.22,12.7398,239.0084,11.6566,226.744,11.0584,211.0251,10.2918,199.3762,9.7237,178.379,8.6996,47.5403,2.6819,14.3077,0.8071,13.0911,0.7385,12.4194,0.7006,11.5584,0.652,10.9204,0.616,9.7703,0.5512,0.0,0.0,0.0,0.0,0.0,0.0,0.0,,0.0,0.0,0.0,0.0,0.0,0.0,0.0,0.0,0.0,0.0,0.0,0.0,0.0,0.0,0.0,0.0,0.0,0.0,0.0,0.0,0.0,0.0,0.0,0.0,0.0,0.0,0.0,0.0,0.672,0.7085,0.2875
102,128,0.001,3,10,100,32,8,128,184,435241,73,30,"{'sourceA': ['event_time', 'mcc_code', 'term_id'], 'sourceB': ['event_time', 'tr_type', 'amount']}",gender/checkpoints_large_30/model_128_0.001_3_10_100_128_32_8_128epoch=12.ckpt,12,30,0.3419431,41.5842,3.2046,0.0014,4.1498,1.256,10.886,0.6367,,880.9126,43.0317,263.4829,12.8709,241.0132,11.7733,228.8255,11.1779,212.8351,10.3968,200.6461,9.8014,176.9721,8.6449,46.657,2.6591,13.9552,0.7954,12.7651,0.7275,12.1196,0.6907,11.2727,0.6425,10.6271,0.6057,9.3732,0.5342,0.0,0.0,0.0,0.0,0.0,0.0,0.0,,0.0,0.0,0.0,0.0,0.0,0.0,0.0,0.0,0.0,0.0,0.0,0.0,0.0,0.0,0.0,0.0,0.0,0.0,0.0,0.0,0.0,0.0,0.0,0.0,0.0,0.0,0.0,0.0,0.656,0.6912,0.2875
103,128,0.001,3,10,100,32,8,128,184,435241,73,30,"{'sourceA': ['event_time', 'mcc_code', 'term_id'], 'sourceB': ['event_time', 'tr_type', 'amount']}",gender/checkpoints_large_30/model_128_0.001_3_10_100_128_32_8_128epoch=13.ckpt,13,30,0.34112146,41.5466,3.1868,0.0014,4.1808,1.2537,10.1643,0.6385,,885.2013,43.1813,263.6972,12.8635,241.4612,11.7788,229.4232,11.1916,213.9267,10.4356,202.1761,9.8624,179.7808,8.77,48.1966,2.7305,14.3575,0.8134,13.1469,0.7448,12.4914,0.7077,11.6477,0.6599,11.0079,0.6236,9.7885,0.5545,0.0,0.0,0.0,0.0,0.0,0.0,0.0,,0.0,0.0,0.0,0.0,0.0,0.0,0.0,0.0,0.0,0.0,0.0,0.0,0.0,0.0,0.0,0.0,0.0,0.0,0.0,0.0,0.0,0.0,0.0,0.0,0.0,0.0,0.0,0.0,0.664,0.6966,0.2875
104,128,0.001,3,10,100,32,8,128,184,435241,73,30,"{'sourceA': ['event_time', 'mcc_code', 'term_id'], 'sourceB': ['event_time', 'tr_type', 'amount']}",gender/checkpoints_large_30/model_128_0.001_3_10_100_128_32_8_128epoch=14.ckpt,14,30,0.33844766,42.0889,3.2221,0.0014,4.1827,1.2518,10.6561,0.6405,,900.385,43.9453,266.1874,12.9919,244.0428,11.9111,232.0521,11.3258,216.5019,10.5669,204.3712,9.9748,181.3909,8.8532,47.9118,2.6375,14.1645,0.7797,12.9862,0.7149,12.3481,0.6797,11.5206,0.6342,10.8751,0.5987,9.6523,0.5313,0.0,0.0,0.0,0.0,0.0,0.0,0.0,,0.0,0.0,0.0,0.0,0.0,0.0,0.0,0.0,0.0,0.0,0.0,0.0,0.0,0.0,0.0,0.0,0.0,0.0,0.0,0.0,0.0,0.0,0.0,0.0,0.0,0.0,0.0,0.0,0.7,0.6998,0.2875
105,128,0.001,3,10,100,32,8,128,184,435241,73,30,"{'sourceA': ['event_time', 'mcc_code', 'term_id'], 'sourceB': ['event_time', 'tr_type', 'amount']}",gender/checkpoints_large_30/model_128_0.001_3_10_100_128_32_8_128epoch=15.ckpt,15,30,0.3421729,42.3117,3.161,0.0014,4.1921,1.2469,10.5996,0.6449,,906.1136,44.1658,268.1726,13.0713,245.9344,11.9873,233.9169,11.4016,218.3832,10.6444,206.3191,10.0564,183.828,8.9601,48.3925,2.6677,14.3222,0.7895,13.1345,0.7241,12.4927,0.6887,11.6631,0.6429,11.0188,0.6074,9.8176,0.5412,0.0,0.0,0.0,0.0,0.0,0.0,0.0,,0.0,0.0,0.0,0.0,0.0,0.0,0.0,0.0,0.0,0.0,0.0,0.0,0.0,0.0,0.0,0.0,0.0,0.0,0.0,0.0,0.0,0.0,0.0,0.0,0.0,0.0,0.0,0.0,0.648,0.6875,0.2875
106,128,0.001,3,10,100,32,8,128,184,435241,73,30,"{'sourceA': ['event_time', 'mcc_code', 'term_id'], 'sourceB': ['event_time', 'tr_type', 'amount']}",gender/checkpoints_large_30/model_128_0.001_3_10_100_128_32_8_128epoch=16.ckpt,16,30,0.3383258,42.5558,3.1291,0.0013,4.2163,1.2452,10.4556,0.6472,,910.4505,44.4059,269.2243,13.131,246.9803,12.0461,234.9084,11.4573,219.0295,10.6828,206.7484,10.0838,182.9258,8.9219,47.3025,2.6018,13.9876,0.7694,12.8319,0.7058,12.2047,0.6713,11.3797,0.6259,10.7416,0.5908,9.5039,0.5228,0.0,0.0,0.0,0.0,0.0,0.0,0.0,,0.0,0.0,0.0,0.0,0.0,0.0,0.0,0.0,0.0,0.0,0.0,0.0,0.0,0.0,0.0,0.0,0.0,0.0,0.0,0.0,0.0,0.0,0.0,0.0,0.0,0.0,0.0,0.0,0.652,0.691,0.2875
107,128,0.001,3,10,100,32,8,128,184,435241,73,30,"{'sourceA': ['event_time', 'mcc_code', 'term_id'], 'sourceB': ['event_time', 'tr_type', 'amount']}",gender/checkpoints_large_30/model_128_0.001_3_10_100_128_32_8_128epoch=17.ckpt,17,30,0.35304216,43.0762,3.1871,0.0013,4.2286,1.2405,10.8912,0.6515,,924.743,45.0835,272.1759,13.2693,250.0282,12.1895,238.0277,11.6044,222.0425,10.8251,209.3753,10.2076,185.1717,9.0276,49.6937,2.7143,14.6262,0.7989,13.436,0.7339,12.7911,0.6987,11.9321,0.6517,11.2514,0.6146,9.9507,0.5435,0.0,0.0,0.0,0.0,0.0,0.0,0.0,,0.0,0.0,0.0,0.0,0.0,0.0,0.0,0.0,0.0,0.0,0.0,0.0,0.0,0.0,0.0,0.0,0.0,0.0,0.0,0.0,0.0,0.0,0.0,0.0,0.0,0.0,0.0,0.0,0.656,0.6863,0.2875
108,128,0.001,3,10,100,32,8,128,184,435241,73,30,"{'sourceA': ['event_time', 'mcc_code', 'term_id'], 'sourceB': ['event_time', 'tr_type', 'amount']}",gender/checkpoints_large_30/model_128_0.001_3_10_100_128_32_8_128epoch=18.ckpt,18,30,0.35125962,43.621,3.109,0.0014,4.2379,1.2471,10.7047,0.645,,939.3707,45.7853,273.0289,13.3075,250.8627,12.2271,238.9576,11.6469,223.1479,10.8763,210.6997,10.2696,186.5149,9.0908,49.4824,2.68,14.3821,0.779,13.2145,0.7157,12.5874,0.6817,11.7546,0.6366,11.0988,0.6011,9.8249,0.5321,0.0,0.0,0.0,0.0,0.0,0.0,0.0,,0.0,0.0,0.0,0.0,0.0,0.0,0.0,0.0,0.0,0.0,0.0,0.0,0.0,0.0,0.0,0.0,0.0,0.0,0.0,0.0,0.0,0.0,0.0,0.0,0.0,0.0,0.0,0.0,0.692,0.6706,0.2875
109,128,0.001,3,10,100,32,8,128,184,435241,73,30,"{'sourceA': ['event_time', 'mcc_code', 'term_id'], 'sourceB': ['event_time', 'tr_type', 'amount']}",gender/checkpoints_large_30/model_128_0.001_3_10_100_128_32_8_128epoch=19.ckpt,19,30,0.34944227,43.7623,3.1682,0.0013,4.2528,1.2376,10.6739,0.6547,,944.3476,46.0575,273.6877,13.3482,251.699,12.2758,239.8607,11.6984,224.0339,10.9265,211.8845,10.334,187.7801,9.1584,49.3095,2.6316,14.2907,0.7627,13.1426,0.7014,12.5244,0.6684,11.698,0.6243,11.0636,0.5904,9.805,0.5233,0.0,0.0,0.0,0.0,0.0,0.0,0.0,,0.0,0.0,0.0,0.0,0.0,0.0,0.0,0.0,0.0,0.0,0.0,0.0,0.0,0.0,0.0,0.0,0.0,0.0,0.0,0.0,0.0,0.0,0.0,0.0,0.0,0.0,0.0,0.0,0.68,0.6898,0.2875
110,128,0.001,3,10,100,32,8,128,184,435241,73,30,"{'sourceA': ['event_time', 'mcc_code', 'term_id'], 'sourceB': ['event_time', 'tr_type', 'amount']}",gender/checkpoints_large_30/model_128_0.001_3_10_100_128_32_8_128epoch=20.ckpt,20,30,0.3547307,44.1176,3.12,0.0013,4.2556,1.2407,11.147,0.6514,,948.996,46.249,275.6508,13.4338,253.7189,12.3649,241.8889,11.7884,226.0307,11.0155,213.6056,10.41,188.9261,9.2073,50.801,2.6886,14.7559,0.781,13.5819,0.7188,12.9486,0.6853,12.0997,0.6404,11.4346,0.6052,10.1135,0.5353,0.0,0.0,0.0,0.0,0.0,0.0,0.0,,0.0,0.0,0.0,0.0,0.0,0.0,0.0,0.0,0.0,0.0,0.0,0.0,0.0,0.0,0.0,0.0,0.0,0.0,0.0,0.0,0.0,0.0,0.0,0.0,0.0,0.0,0.0,0.0,0.68,0.6979,0.2875
111,128,0.001,3,10,100,32,8,128,184,435241,73,30,"{'sourceA': ['event_time', 'mcc_code', 'term_id'], 'sourceB': ['event_time', 'tr_type', 'amount']}",gender/checkpoints_large_30/model_128_0.001_3_10_100_128_32_8_128epoch=21.ckpt,21,30,0.34832472,44.0986,3.0472,0.0013,4.2617,1.2382,11.2657,0.6537,,952.1114,46.3762,276.0414,13.4456,254.1197,12.3779,242.3442,11.8043,226.5721,11.036,213.9224,10.4199,189.8264,9.2462,51.7456,2.7204,15.0024,0.7887,13.811,0.7261,13.171,0.6924,12.3138,0.6474,11.6263,0.6112,10.3167,0.5424,0.0,0.0,0.0,0.0,0.0,0.0,0.0,,0.0,0.0,0.0,0.0,0.0,0.0,0.0,0.0,0.0,0.0,0.0,0.0,0.0,0.0,0.0,0.0,0.0,0.0,0.0,0.0,0.0,0.0,0.0,0.0,0.0,0.0,0.0,0.0,0.668,0.6971,0.2875
112,128,0.001,3,10,100,32,8,128,184,435241,73,30,"{'sourceA': ['event_time', 'mcc_code', 'term_id'], 'sourceB': ['event_time', 'tr_type', 'amount']}",gender/checkpoints_large_30/model_128_0.001_3_10_100_128_32_8_128epoch=22.ckpt,22,30,0.3485336,44.0087,3.0589,0.0013,4.2801,1.2324,11.2885,0.6595,,951.7346,46.3611,276.6777,13.4776,254.9331,12.4184,243.0819,11.8411,227.219,11.0683,214.4135,10.4446,189.5385,9.2328,50.5209,2.6635,14.6869,0.7743,13.5326,0.7134,12.9035,0.6803,12.0615,0.6359,11.3817,0.6001,10.0613,0.5304,0.0,0.0,0.0,0.0,0.0,0.0,0.0,,0.0,0.0,0.0,0.0,0.0,0.0,0.0,0.0,0.0,0.0,0.0,0.0,0.0,0.0,0.0,0.0,0.0,0.0,0.0,0.0,0.0,0.0,0.0,0.0,0.0,0.0,0.0,0.0,0.692,0.6973,0.2875
113,128,0.001,3,10,100,32,8,128,184,435241,73,30,"{'sourceA': ['event_time', 'mcc_code', 'term_id'], 'sourceB': ['event_time', 'tr_type', 'amount']}",gender/checkpoints_large_30/model_128_0.001_3_10_100_128_32_8_128epoch=23.ckpt,23,30,0.3505076,44.5969,3.0115,0.0014,4.2766,1.238,11.148,0.6535,,963.1731,46.9213,277.342,13.5108,255.6117,12.4522,243.9637,11.8848,228.1728,11.1155,215.6441,10.5052,191.2558,9.3171,51.175,2.6851,14.7356,0.7732,13.5811,0.7126,12.9622,0.6801,12.1232,0.6361,11.4575,0.6012,10.1617,0.5332,0.0,0.0,0.0,0.0,0.0,0.0,0.0,,0.0,0.0,0.0,0.0,0.0,0.0,0.0,0.0,0.0,0.0,0.0,0.0,0.0,0.0,0.0,0.0,0.0,0.0,0.0,0.0,0.0,0.0,0.0,0.0,0.0,0.0,0.0,0.0,0.66,0.7174,0.2875
114,128,0.001,3,10,100,32,8,128,184,435241,73,30,"{'sourceA': ['event_time', 'mcc_code', 'term_id'], 'sourceB': ['event_time', 'tr_type', 'amount']}",gender/checkpoints_large_30/model_128_0.001_3_10_100_128_32_8_128epoch=24.ckpt,24,30,0.3567151,44.6746,3.1136,0.0013,4.2919,1.2365,11.0609,0.6554,,966.0481,47.0671,277.717,13.5307,256.0326,12.4742,244.3461,11.9049,228.4432,11.1301,215.8767,10.5178,191.1869,9.3149,52.6737,2.7465,15.1425,0.7896,13.9601,0.7279,13.3229,0.6947,12.4558,0.6495,11.7707,0.6137,10.4244,0.5435,0.0,0.0,0.0,0.0,0.0,0.0,0.0,,0.0,0.0,0.0,0.0,0.0,0.0,0.0,0.0,0.0,0.0,0.0,0.0,0.0,0.0,0.0,0.0,0.0,0.0,0.0,0.0,0.0,0.0,0.0,0.0,0.0,0.0,0.0,0.0,0.688,0.6971,0.2875
115,128,0.001,3,10,100,32,8,128,184,435241,73,30,"{'sourceA': ['event_time', 'mcc_code', 'term_id'], 'sourceB': ['event_time', 'tr_type', 'amount']}",gender/checkpoints_large_30/model_128_0.001_3_10_100_128_32_8_128epoch=25.ckpt,25,30,0.35438952,44.6845,3.1093,0.0013,4.2951,1.2327,11.4106,0.6591,,967.6846,47.1345,278.7288,13.5765,256.9906,12.5176,245.2111,11.9439,229.4239,11.1749,216.8739,10.5636,191.8426,9.3444,51.4423,2.697,14.8173,0.7768,13.6617,0.7162,13.0355,0.6834,12.1962,0.6394,11.5291,0.6044,10.1984,0.5347,0.0,0.0,0.0,0.0,0.0,0.0,0.0,,0.0,0.0,0.0,0.0,0.0,0.0,0.0,0.0,0.0,0.0,0.0,0.0,0.0,0.0,0.0,0.0,0.0,0.0,0.0,0.0,0.0,0.0,0.0,0.0,0.0,0.0,0.0,0.0,0.664,0.6917,0.2875
116,128,0.001,3,10,100,32,8,128,184,435241,73,30,"{'sourceA': ['event_time', 'mcc_code', 'term_id'], 'sourceB': ['event_time', 'tr_type', 'amount']}",gender/checkpoints_large_30/model_128_0.001_3_10_100_128_32_8_128epoch=26.ckpt,26,30,0.3558378,45.105,3.0257,0.0013,4.2947,1.235,11.2452,0.6566,,973.6015,47.4286,278.9698,13.5899,257.4382,12.541,245.7106,11.9697,229.8124,11.1952,217.209,10.5812,192.9481,9.3994,52.0144,2.7277,14.9039,0.7816,13.7536,0.7213,13.127,0.6884,12.2777,0.6439,11.6043,0.6086,10.3082,0.5406,0.0,0.0,0.0,0.0,0.0,0.0,0.0,,0.0,0.0,0.0,0.0,0.0,0.0,0.0,0.0,0.0,0.0,0.0,0.0,0.0,0.0,0.0,0.0,0.0,0.0,0.0,0.0,0.0,0.0,0.0,0.0,0.0,0.0,0.0,0.0,0.636,0.6819,0.2875
117,128,0.001,3,10,100,32,8,128,184,435241,73,30,"{'sourceA': ['event_time', 'mcc_code', 'term_id'], 'sourceB': ['event_time', 'tr_type', 'amount']}",gender/checkpoints_large_30/model_128_0.001_3_10_100_128_32_8_128epoch=27.ckpt,27,30,0.35743925,44.9702,3.1068,0.0013,4.3108,1.2312,11.3152,0.6607,,973.7838,47.4465,279.5245,13.6195,258.0622,12.5738,246.3431,12.0028,230.3199,11.2221,217.4718,10.5961,192.3415,9.3716,53.5614,2.7673,15.3748,0.7944,14.1943,0.7334,13.5497,0.7001,12.6684,0.6545,11.9617,0.618,10.5794,0.5466,0.0,0.0,0.0,0.0,0.0,0.0,0.0,,0.0,0.0,0.0,0.0,0.0,0.0,0.0,0.0,0.0,0.0,0.0,0.0,0.0,0.0,0.0,0.0,0.0,0.0,0.0,0.0,0.0,0.0,0.0,0.0,0.0,0.0,0.0,0.0,0.692,0.7108,0.2875
118,128,0.001,3,10,100,32,8,128,184,435241,73,30,"{'sourceA': ['event_time', 'mcc_code', 'term_id'], 'sourceB': ['event_time', 'tr_type', 'amount']}",gender/checkpoints_large_30/model_128_0.001_3_10_100_128_32_8_128epoch=28.ckpt,28,30,0.3539717,45.5493,3.1043,0.0013,4.314,1.2373,11.4225,0.6548,,983.9576,47.9527,280.0437,13.6478,258.6512,12.6052,246.9572,12.0353,231.3361,11.2741,218.6748,10.657,193.5559,9.4329,52.5995,2.7413,14.9703,0.7802,13.8267,0.7206,13.2016,0.688,12.3665,0.6445,11.6897,0.6092,10.3469,0.5393,0.0,0.0,0.0,0.0,0.0,0.0,0.0,,0.0,0.0,0.0,0.0,0.0,0.0,0.0,0.0,0.0,0.0,0.0,0.0,0.0,0.0,0.0,0.0,0.0,0.0,0.0,0.0,0.0,0.0,0.0,0.0,0.0,0.0,0.0,0.0,0.672,0.7186,0.2875
119,128,0.001,3,10,100,32,8,128,184,435241,73,30,"{'sourceA': ['event_time', 'mcc_code', 'term_id'], 'sourceB': ['event_time', 'tr_type', 'amount']}",gender/checkpoints_large_30/model_128_0.001_3_10_100_128_32_8_128epoch=29.ckpt,29,30,0.35088012,45.4588,3.0772,0.0013,4.3221,1.2328,11.5951,0.6593,,983.2416,47.9137,281.0347,13.6949,259.547,12.6478,247.8297,12.0768,232.0966,11.3101,219.433,10.693,193.601,9.4342,52.8104,2.7701,15.0945,0.7918,13.9404,0.7312,13.3111,0.6982,12.466,0.6539,11.7859,0.6182,10.3984,0.5454,0.0,0.0,0.0,0.0,0.0,0.0,0.0,,0.0,0.0,0.0,0.0,0.0,0.0,0.0,0.0,0.0,0.0,0.0,0.0,0.0,0.0,0.0,0.0,0.0,0.0,0.0,0.0,0.0,0.0,0.0,0.0,0.0,0.0,0.0,0.0,0.644,0.6743,0.2875
120,256,0.001,3,10,100,32,8,128,184,435241,73,30,"{'sourceA': ['event_time', 'mcc_code', 'term_id'], 'sourceB': ['event_time', 'tr_type', 'amount']}",gender/checkpoints_large_30/model_256_0.001_3_10_100_128_32_8_128epoch=00.ckpt,0,30,0.121843725,25.8988,3.3447,0.0008,4.8935,1.2673,5.0497,0.6386,,372.0743,18.6469,224.2713,11.2396,194.9211,9.7687,179.2369,8.9826,159.6056,7.9988,144.1497,7.2242,96.2316,4.8227,20.8974,1.2819,12.5961,0.7727,10.9477,0.6715,10.0668,0.6175,8.9642,0.5499,8.0961,0.4966,5.4048,0.3315,0.0,0.0,0.0,0.0,0.0,0.0,0.0,,0.0,0.0,0.0,0.0,0.0,0.0,0.0,0.0,0.0,0.0,0.0,0.0,0.0,0.0,0.0,0.0,0.0,0.0,0.0,0.0,0.0,0.0,0.0,0.0,0.0,0.0,0.0,0.0,0.588,0.5556,0.2875
121,256,0.001,3,10,100,32,8,128,184,435241,73,30,"{'sourceA': ['event_time', 'mcc_code', 'term_id'], 'sourceB': ['event_time', 'tr_type', 'amount']}",gender/checkpoints_large_30/model_256_0.001_3_10_100_128_32_8_128epoch=01.ckpt,1,30,0.19615503,30.9615,3.3362,0.0012,4.7417,1.3755,6.6939,0.5401,,542.6408,26.8804,226.6125,11.2255,200.3922,9.9267,186.7117,9.249,169.66,8.4043,155.8191,7.7187,130.5558,6.4672,29.1357,1.8239,12.1674,0.7617,10.7596,0.6736,10.025,0.6276,9.1095,0.5703,8.3663,0.5237,7.0099,0.4388,0.0,0.0,0.0,0.0,0.0,0.0,0.0,,0.0,0.0,0.0,0.0,0.0,0.0,0.0,0.0,0.0,0.0,0.0,0.0,0.0,0.0,0.0,0.0,0.0,0.0,0.0,0.0,0.0,0.0,0.0,0.0,0.0,0.0,0.0,0.0,0.636,0.5988,0.2875
122,256,0.001,3,10,100,32,8,128,184,435241,73,30,"{'sourceA': ['event_time', 'mcc_code', 'term_id'], 'sourceB': ['event_time', 'tr_type', 'amount']}",gender/checkpoints_large_30/model_256_0.001_3_10_100_128_32_8_128epoch=02.ckpt,2,30,0.21965635,32.6999,3.3427,0.0012,4.6871,1.379,7.6611,0.541,,576.7294,28.6097,233.6018,11.5883,207.2269,10.2799,193.1853,9.5833,175.2511,8.6937,161.4176,8.0074,135.5051,6.722,29.5464,1.8166,11.9676,0.7358,10.6164,0.6527,9.8971,0.6085,8.9783,0.552,8.2696,0.5084,6.942,0.4268,0.0,0.0,0.0,0.0,0.0,0.0,0.0,,0.0,0.0,0.0,0.0,0.0,0.0,0.0,0.0,0.0,0.0,0.0,0.0,0.0,0.0,0.0,0.0,0.0,0.0,0.0,0.0,0.0,0.0,0.0,0.0,0.0,0.0,0.0,0.0,0.552,0.56,0.2875
123,256,0.001,3,10,100,32,8,128,184,435241,73,30,"{'sourceA': ['event_time', 'mcc_code', 'term_id'], 'sourceB': ['event_time', 'tr_type', 'amount']}",gender/checkpoints_large_30/model_256_0.001_3_10_100_128_32_8_128epoch=03.ckpt,3,30,0.21186937,33.2122,3.3325,0.0012,4.5756,1.3406,7.9892,0.5646,,601.7456,29.7238,235.4469,11.6301,210.1022,10.3782,196.5502,9.7088,179.0514,8.8444,165.1432,8.1574,140.5467,6.9424,33.8011,2.0059,13.2255,0.7848,11.8018,0.7004,11.0406,0.6552,10.0576,0.5969,9.2764,0.5505,7.8948,0.4685,0.0,0.0,0.0,0.0,0.0,0.0,0.0,,0.0,0.0,0.0,0.0,0.0,0.0,0.0,0.0,0.0,0.0,0.0,0.0,0.0,0.0,0.0,0.0,0.0,0.0,0.0,0.0,0.0,0.0,0.0,0.0,0.0,0.0,0.0,0.0,0.592,0.5811,0.2875
124,256,0.001,3,10,100,32,8,128,184,435241,73,30,"{'sourceA': ['event_time', 'mcc_code', 'term_id'], 'sourceB': ['event_time', 'tr_type', 'amount']}",gender/checkpoints_large_30/model_256_0.001_3_10_100_128_32_8_128epoch=04.ckpt,4,30,0.22392322,34.8407,3.322,0.0014,4.4805,1.3534,8.214,0.5541,,629.2766,31.0176,238.0284,11.7326,213.0604,10.5019,199.4161,9.8294,182.219,8.9817,168.7903,8.3198,144.1841,7.107,36.2241,2.155,13.702,0.8152,12.2648,0.7297,11.4793,0.6829,10.4894,0.624,9.7164,0.578,8.2999,0.4938,0.0,0.0,0.0,0.0,0.0,0.0,0.0,,0.0,0.0,0.0,0.0,0.0,0.0,0.0,0.0,0.0,0.0,0.0,0.0,0.0,0.0,0.0,0.0,0.0,0.0,0.0,0.0,0.0,0.0,0.0,0.0,0.0,0.0,0.0,0.0,0.588,0.5813,0.2875
125,256,0.001,3,10,100,32,8,128,184,435241,73,30,"{'sourceA': ['event_time', 'mcc_code', 'term_id'], 'sourceB': ['event_time', 'tr_type', 'amount']}",gender/checkpoints_large_30/model_256_0.001_3_10_100_128_32_8_128epoch=05.ckpt,5,30,0.24133857,35.9363,3.2981,0.0015,4.3805,1.3511,7.7397,0.5539,,664.8704,32.6953,239.3877,11.772,214.8823,10.5669,201.9339,9.9302,184.8606,9.0906,172.1442,8.4653,149.8653,7.3697,39.4938,2.3278,14.2198,0.8381,12.7642,0.7523,11.995,0.707,10.9809,0.6472,10.2255,0.6027,8.9021,0.5247,0.0,0.0,0.0,0.0,0.0,0.0,0.0,,0.0,0.0,0.0,0.0,0.0,0.0,0.0,0.0,0.0,0.0,0.0,0.0,0.0,0.0,0.0,0.0,0.0,0.0,0.0,0.0,0.0,0.0,0.0,0.0,0.0,0.0,0.0,0.0,0.572,0.5875,0.2875
126,256,0.001,3,10,100,32,8,128,184,435241,73,30,"{'sourceA': ['event_time', 'mcc_code', 'term_id'], 'sourceB': ['event_time', 'tr_type', 'amount']}",gender/checkpoints_large_30/model_256_0.001_3_10_100_128_32_8_128epoch=06.ckpt,6,30,0.24099074,36.3477,3.2972,0.0015,4.2705,1.3181,7.62,0.5811,,675.5882,33.2436,238.3216,11.7271,214.0214,10.5313,200.7505,9.8783,184.4623,9.0768,171.7609,8.4518,150.4794,7.4046,36.8193,2.2083,12.9884,0.779,11.6641,0.6996,10.9408,0.6562,10.0531,0.603,9.3609,0.5614,8.2011,0.4919,0.0,0.0,0.0,0.0,0.0,0.0,0.0,,0.0,0.0,0.0,0.0,0.0,0.0,0.0,0.0,0.0,0.0,0.0,0.0,0.0,0.0,0.0,0.0,0.0,0.0,0.0,0.0,0.0,0.0,0.0,0.0,0.0,0.0,0.0,0.0,0.572,0.5738,0.2875
127,256,0.001,3,10,100,32,8,128,184,435241,73,30,"{'sourceA': ['event_time', 'mcc_code', 'term_id'], 'sourceB': ['event_time', 'tr_type', 'amount']}",gender/checkpoints_large_30/model_256_0.001_3_10_100_128_32_8_128epoch=07.ckpt,7,30,0.25936988,37.7475,3.2777,0.0016,4.1991,1.3212,8.2725,0.5784,,691.8468,33.9145,244.5878,11.9898,220.3339,10.8008,207.2541,10.1597,190.7873,9.3524,178.3033,8.7405,156.7672,7.6848,37.3168,2.2888,13.1925,0.8091,11.8843,0.7289,11.1789,0.6856,10.2907,0.6312,9.6173,0.5899,8.4557,0.5186,0.0,0.0,0.0,0.0,0.0,0.0,0.0,,0.0,0.0,0.0,0.0,0.0,0.0,0.0,0.0,0.0,0.0,0.0,0.0,0.0,0.0,0.0,0.0,0.0,0.0,0.0,0.0,0.0,0.0,0.0,0.0,0.0,0.0,0.0,0.0,0.612,0.6276,0.2875
128,256,0.001,3,10,100,32,8,128,184,435241,73,30,"{'sourceA': ['event_time', 'mcc_code', 'term_id'], 'sourceB': ['event_time', 'tr_type', 'amount']}",gender/checkpoints_large_30/model_256_0.001_3_10_100_128_32_8_128epoch=08.ckpt,8,30,0.25332224,39.4291,3.224,0.0018,4.1237,1.3345,8.126,0.5668,,741.446,36.3315,246.4463,12.0761,222.8791,10.9213,209.8058,10.2807,193.9474,9.5036,181.7807,8.9074,160.6214,7.8706,39.955,2.4466,13.2805,0.8132,12.0105,0.7355,11.306,0.6923,10.4514,0.64,9.7958,0.5998,8.6556,0.53,0.0,0.0,0.0,0.0,0.0,0.0,0.0,,0.0,0.0,0.0,0.0,0.0,0.0,0.0,0.0,0.0,0.0,0.0,0.0,0.0,0.0,0.0,0.0,0.0,0.0,0.0,0.0,0.0,0.0,0.0,0.0,0.0,0.0,0.0,0.0,0.656,0.6786,0.2875
129,256,0.001,3,10,100,32,8,128,184,435241,73,30,"{'sourceA': ['event_time', 'mcc_code', 'term_id'], 'sourceB': ['event_time', 'tr_type', 'amount']}",gender/checkpoints_large_30/model_256_0.001_3_10_100_128_32_8_128epoch=09.ckpt,9,30,0.26636538,40.0382,3.2408,0.0018,4.0686,1.2958,9.1866,0.5999,,743.8693,36.4045,249.9239,12.2311,226.6063,11.09,213.6565,10.4562,197.008,9.6415,184.5102,9.0298,162.8853,7.9715,38.9487,2.3419,13.0859,0.7868,11.865,0.7134,11.187,0.6726,10.3153,0.6202,9.6609,0.5809,8.5286,0.5128,0.0,0.0,0.0,0.0,0.0,0.0,0.0,,0.0,0.0,0.0,0.0,0.0,0.0,0.0,0.0,0.0,0.0,0.0,0.0,0.0,0.0,0.0,0.0,0.0,0.0,0.0,0.0,0.0,0.0,0.0,0.0,0.0,0.0,0.0,0.0,0.608,0.6477,0.2875
130,256,0.001,3,10,100,32,8,128,184,435241,73,30,"{'sourceA': ['event_time', 'mcc_code', 'term_id'], 'sourceB': ['event_time', 'tr_type', 'amount']}",gender/checkpoints_large_30/model_256_0.001_3_10_100_128_32_8_128epoch=10.ckpt,10,30,0.27279922,41.079,3.2221,0.0018,4.0523,1.31,8.6058,0.5866,,765.2696,37.4452,251.5361,12.3079,228.7473,11.1928,216.2424,10.5809,200.1969,9.7958,187.9688,9.1975,167.0337,8.1731,41.0369,2.4838,13.4884,0.8164,12.2664,0.7424,11.5958,0.7018,10.7354,0.6498,10.0797,0.6101,8.957,0.5421,0.0,0.0,0.0,0.0,0.0,0.0,0.0,,0.0,0.0,0.0,0.0,0.0,0.0,0.0,0.0,0.0,0.0,0.0,0.0,0.0,0.0,0.0,0.0,0.0,0.0,0.0,0.0,0.0,0.0,0.0,0.0,0.0,0.0,0.0,0.0,0.6,0.6437,0.2875
131,256,0.001,3,10,100,32,8,128,184,435241,73,30,"{'sourceA': ['event_time', 'mcc_code', 'term_id'], 'sourceB': ['event_time', 'tr_type', 'amount']}",gender/checkpoints_large_30/model_256_0.001_3_10_100_128_32_8_128epoch=11.ckpt,11,30,0.2680026,41.512,3.2283,0.0019,4.0242,1.296,9.7461,0.5992,,771.8448,37.7718,254.049,12.4324,231.3333,11.3208,218.9594,10.7152,202.9251,9.9305,190.662,9.3304,169.5516,8.2973,43.2622,2.5176,14.2395,0.8287,12.9663,0.7546,12.2728,0.7142,11.374,0.6619,10.6867,0.6219,9.5034,0.553,0.0,0.0,0.0,0.0,0.0,0.0,0.0,,0.0,0.0,0.0,0.0,0.0,0.0,0.0,0.0,0.0,0.0,0.0,0.0,0.0,0.0,0.0,0.0,0.0,0.0,0.0,0.0,0.0,0.0,0.0,0.0,0.0,0.0,0.0,0.0,0.608,0.6654,0.2875
132,256,0.001,3,10,100,32,8,128,184,435241,73,30,"{'sourceA': ['event_time', 'mcc_code', 'term_id'], 'sourceB': ['event_time', 'tr_type', 'amount']}",gender/checkpoints_large_30/model_256_0.001_3_10_100_128_32_8_128epoch=12.ckpt,12,30,0.2768427,42.0255,3.24,0.0018,4.0079,1.293,9.5305,0.6022,,777.4448,38.0544,255.3294,12.4979,232.6731,11.3889,220.1604,10.7764,204.0605,9.9884,191.5814,9.3775,170.5666,8.3489,43.4991,2.5013,14.286,0.8215,13.0184,0.7486,12.3183,0.7083,11.4175,0.6565,10.7192,0.6164,9.5434,0.5488,0.0,0.0,0.0,0.0,0.0,0.0,0.0,,0.0,0.0,0.0,0.0,0.0,0.0,0.0,0.0,0.0,0.0,0.0,0.0,0.0,0.0,0.0,0.0,0.0,0.0,0.0,0.0,0.0,0.0,0.0,0.0,0.0,0.0,0.0,0.0,0.608,0.641,0.2875
133,256,0.001,3,10,100,32,8,128,184,435241,73,30,"{'sourceA': ['event_time', 'mcc_code', 'term_id'], 'sourceB': ['event_time', 'tr_type', 'amount']}",gender/checkpoints_large_30/model_256_0.001_3_10_100_128_32_8_128epoch=13.ckpt,13,30,0.28649023,43.0887,3.2433,0.0019,3.9818,1.2982,9.6249,0.5971,,794.6048,38.829,257.4733,12.5816,234.8549,11.4764,222.5305,10.8741,206.3877,10.0853,194.1584,9.4877,172.8423,8.4461,44.0862,2.537,14.2851,0.8221,13.0302,0.7499,12.3464,0.7105,11.4508,0.659,10.7723,0.6199,9.5896,0.5519,0.0,0.0,0.0,0.0,0.0,0.0,0.0,,0.0,0.0,0.0,0.0,0.0,0.0,0.0,0.0,0.0,0.0,0.0,0.0,0.0,0.0,0.0,0.0,0.0,0.0,0.0,0.0,0.0,0.0,0.0,0.0,0.0,0.0,0.0,0.0,0.636,0.6856,0.2875
134,256,0.001,3,10,100,32,8,128,184,435241,73,30,"{'sourceA': ['event_time', 'mcc_code', 'term_id'], 'sourceB': ['event_time', 'tr_type', 'amount']}",gender/checkpoints_large_30/model_256_0.001_3_10_100_128_32_8_128epoch=14.ckpt,14,30,0.28582004,43.2431,3.1746,0.0019,3.973,1.2896,9.6851,0.6044,,800.7405,39.1304,258.8584,12.6498,236.2782,11.5464,224.023,10.9475,208.119,10.1703,195.7212,9.5645,174.6273,8.5336,45.0182,2.5265,14.5532,0.8167,13.2837,0.7455,12.5947,0.7068,11.7006,0.6567,11.0036,0.6175,9.8177,0.551,0.0,0.0,0.0,0.0,0.0,0.0,0.0,,0.0,0.0,0.0,0.0,0.0,0.0,0.0,0.0,0.0,0.0,0.0,0.0,0.0,0.0,0.0,0.0,0.0,0.0,0.0,0.0,0.0,0.0,0.0,0.0,0.0,0.0,0.0,0.0,0.652,0.7167,0.2875
135,256,0.001,3,10,100,32,8,128,184,435241,73,30,"{'sourceA': ['event_time', 'mcc_code', 'term_id'], 'sourceB': ['event_time', 'tr_type', 'amount']}",gender/checkpoints_large_30/model_256_0.001_3_10_100_128_32_8_128epoch=15.ckpt,15,30,0.29360065,43.4976,3.2142,0.0018,3.9781,1.2809,9.6133,0.6126,,810.7428,39.6432,260.6372,12.7445,238.4932,11.6617,226.2735,11.0642,210.2998,10.2831,197.9188,9.6777,175.7899,8.5957,44.9153,2.5308,14.4393,0.8136,13.2126,0.7445,12.5356,0.7063,11.6506,0.6565,10.9647,0.6178,9.7388,0.5487,0.0,0.0,0.0,0.0,0.0,0.0,0.0,,0.0,0.0,0.0,0.0,0.0,0.0,0.0,0.0,0.0,0.0,0.0,0.0,0.0,0.0,0.0,0.0,0.0,0.0,0.0,0.0,0.0,0.0,0.0,0.0,0.0,0.0,0.0,0.0,0.628,0.6717,0.2875
136,256,0.001,3,10,100,32,8,128,184,435241,73,30,"{'sourceA': ['event_time', 'mcc_code', 'term_id'], 'sourceB': ['event_time', 'tr_type', 'amount']}",gender/checkpoints_large_30/model_256_0.001_3_10_100_128_32_8_128epoch=16.ckpt,16,30,0.29676327,43.7644,3.1802,0.0018,3.9591,1.2704,10.1907,0.6211,,822.346,40.1404,262.8386,12.8297,240.8571,11.7567,228.523,11.1547,212.7427,10.3844,200.6104,9.7922,178.3151,8.7039,44.3533,2.5237,14.1762,0.8066,12.9906,0.7392,12.3254,0.7013,11.4743,0.6529,10.8199,0.6157,9.6174,0.5472,0.0,0.0,0.0,0.0,0.0,0.0,0.0,,0.0,0.0,0.0,0.0,0.0,0.0,0.0,0.0,0.0,0.0,0.0,0.0,0.0,0.0,0.0,0.0,0.0,0.0,0.0,0.0,0.0,0.0,0.0,0.0,0.0,0.0,0.0,0.0,0.676,0.7154,0.2875
137,256,0.001,3,10,100,32,8,128,184,435241,73,30,"{'sourceA': ['event_time', 'mcc_code', 'term_id'], 'sourceB': ['event_time', 'tr_type', 'amount']}",gender/checkpoints_large_30/model_256_0.001_3_10_100_128_32_8_128epoch=17.ckpt,17,30,0.29821536,44.7481,3.0988,0.0018,3.9545,1.2815,9.6237,0.6116,,836.1198,40.8086,264.5093,12.9099,242.3745,11.8296,230.0113,11.2262,214.0208,10.4457,201.6301,9.841,179.6582,8.7686,45.1158,2.5346,14.2725,0.8018,13.0782,0.7347,12.4111,0.6972,11.5482,0.6488,10.8797,0.6112,9.6941,0.5446,0.0,0.0,0.0,0.0,0.0,0.0,0.0,,0.0,0.0,0.0,0.0,0.0,0.0,0.0,0.0,0.0,0.0,0.0,0.0,0.0,0.0,0.0,0.0,0.0,0.0,0.0,0.0,0.0,0.0,0.0,0.0,0.0,0.0,0.0,0.0,0.688,0.7076,0.2875
138,256,0.001,3,10,100,32,8,128,184,435241,73,30,"{'sourceA': ['event_time', 'mcc_code', 'term_id'], 'sourceB': ['event_time', 'tr_type', 'amount']}",gender/checkpoints_large_30/model_256_0.001_3_10_100_128_32_8_128epoch=18.ckpt,18,30,0.30306947,44.7151,3.1785,0.0019,3.9581,1.2715,10.2857,0.6209,,847.1866,41.3491,266.7412,13.019,244.8056,11.9484,232.4667,11.3461,216.5529,10.5694,204.2713,9.97,181.9505,8.8806,46.2171,2.5601,14.5517,0.806,13.355,0.7398,12.6819,0.7025,11.8138,0.6544,11.1437,0.6173,9.9261,0.5498,0.0,0.0,0.0,0.0,0.0,0.0,0.0,,0.0,0.0,0.0,0.0,0.0,0.0,0.0,0.0,0.0,0.0,0.0,0.0,0.0,0.0,0.0,0.0,0.0,0.0,0.0,0.0,0.0,0.0,0.0,0.0,0.0,0.0,0.0,0.0,0.664,0.7038,0.2875
139,256,0.001,3,10,100,32,8,128,184,435241,73,30,"{'sourceA': ['event_time', 'mcc_code', 'term_id'], 'sourceB': ['event_time', 'tr_type', 'amount']}",gender/checkpoints_large_30/model_256_0.001_3_10_100_128_32_8_128epoch=19.ckpt,19,30,0.31025645,45.1659,3.2429,0.0018,3.962,1.2675,10.4607,0.625,,855.8956,41.8118,268.6508,13.124,246.6806,12.0507,234.3857,11.4501,218.6815,10.6829,206.6162,10.0935,184.1128,8.9942,47.9542,2.5984,15.052,0.8156,13.821,0.7489,13.1322,0.7116,12.2523,0.6639,11.5763,0.6273,10.3155,0.5589,0.0,0.0,0.0,0.0,0.0,0.0,0.0,,0.0,0.0,0.0,0.0,0.0,0.0,0.0,0.0,0.0,0.0,0.0,0.0,0.0,0.0,0.0,0.0,0.0,0.0,0.0,0.0,0.0,0.0,0.0,0.0,0.0,0.0,0.0,0.0,0.672,0.7191,0.2875
140,256,0.001,3,10,100,32,8,128,184,435241,73,30,"{'sourceA': ['event_time', 'mcc_code', 'term_id'], 'sourceB': ['event_time', 'tr_type', 'amount']}",gender/checkpoints_large_30/model_256_0.001_3_10_100_128_32_8_128epoch=20.ckpt,20,30,0.303245,45.7558,3.2116,0.0018,3.9664,1.2827,10.552,0.6102,,870.709,42.4734,269.3825,13.1406,247.5606,12.0761,235.4267,11.4842,219.9478,10.7291,208.0307,10.1478,186.238,9.0847,50.1829,2.7098,15.5257,0.8384,14.2681,0.7705,13.5687,0.7327,12.6766,0.6845,11.9898,0.6474,10.7337,0.5796,0.0,0.0,0.0,0.0,0.0,0.0,0.0,,0.0,0.0,0.0,0.0,0.0,0.0,0.0,0.0,0.0,0.0,0.0,0.0,0.0,0.0,0.0,0.0,0.0,0.0,0.0,0.0,0.0,0.0,0.0,0.0,0.0,0.0,0.0,0.0,0.676,0.7211,0.2875
141,256,0.001,3,10,100,32,8,128,184,435241,73,30,"{'sourceA': ['event_time', 'mcc_code', 'term_id'], 'sourceB': ['event_time', 'tr_type', 'amount']}",gender/checkpoints_large_30/model_256_0.001_3_10_100_128_32_8_128epoch=21.ckpt,21,30,0.3082842,45.8638,3.1874,0.0018,3.9809,1.2801,10.7351,0.6127,,874.2017,42.6452,270.3534,13.1884,248.6194,12.1281,236.571,11.5404,221.013,10.7814,208.8111,10.1862,186.8003,9.1125,49.2513,2.6843,15.2313,0.8301,14.0069,0.7634,13.3281,0.7264,12.4516,0.6786,11.7641,0.6412,10.5241,0.5736,0.0,0.0,0.0,0.0,0.0,0.0,0.0,,0.0,0.0,0.0,0.0,0.0,0.0,0.0,0.0,0.0,0.0,0.0,0.0,0.0,0.0,0.0,0.0,0.0,0.0,0.0,0.0,0.0,0.0,0.0,0.0,0.0,0.0,0.0,0.0,0.696,0.7096,0.2875
142,256,0.001,3,10,100,32,8,128,184,435241,73,30,"{'sourceA': ['event_time', 'mcc_code', 'term_id'], 'sourceB': ['event_time', 'tr_type', 'amount']}",gender/checkpoints_large_30/model_256_0.001_3_10_100_128_32_8_128epoch=22.ckpt,22,30,0.30587786,46.1183,3.1954,0.0017,3.9825,1.2799,10.859,0.6128,,884.0861,43.1426,270.8033,13.2149,249.1801,12.1598,237.2069,11.5755,221.7355,10.8205,209.8192,10.239,188.1406,9.1811,51.5649,2.7872,15.7948,0.8537,14.5336,0.7856,13.8352,0.7478,12.9329,0.699,12.2378,0.6615,10.9734,0.5931,0.0,0.0,0.0,0.0,0.0,0.0,0.0,,0.0,0.0,0.0,0.0,0.0,0.0,0.0,0.0,0.0,0.0,0.0,0.0,0.0,0.0,0.0,0.0,0.0,0.0,0.0,0.0,0.0,0.0,0.0,0.0,0.0,0.0,0.0,0.0,0.672,0.693,0.2875
143,256,0.001,3,10,100,32,8,128,184,435241,73,30,"{'sourceA': ['event_time', 'mcc_code', 'term_id'], 'sourceB': ['event_time', 'tr_type', 'amount']}",gender/checkpoints_large_30/model_256_0.001_3_10_100_128_32_8_128epoch=23.ckpt,23,30,0.3070587,45.8949,3.1744,0.0017,3.9968,1.2752,10.786,0.6171,,882.7908,43.0574,271.3887,13.2368,249.8449,12.186,237.8874,11.6028,222.5236,10.8534,210.6232,10.273,189.1043,9.2234,51.4408,2.7689,15.814,0.8512,14.5586,0.7836,13.8619,0.7461,12.9666,0.698,12.2732,0.6606,11.0192,0.5931,0.0,0.0,0.0,0.0,0.0,0.0,0.0,,0.0,0.0,0.0,0.0,0.0,0.0,0.0,0.0,0.0,0.0,0.0,0.0,0.0,0.0,0.0,0.0,0.0,0.0,0.0,0.0,0.0,0.0,0.0,0.0,0.0,0.0,0.0,0.0,0.648,0.6917,0.2875
144,256,0.001,3,10,100,32,8,128,184,435241,73,30,"{'sourceA': ['event_time', 'mcc_code', 'term_id'], 'sourceB': ['event_time', 'tr_type', 'amount']}",gender/checkpoints_large_30/model_256_0.001_3_10_100_128_32_8_128epoch=24.ckpt,24,30,0.30137482,46.2198,3.1909,0.0017,3.9888,1.2716,10.7924,0.6205,,888.8624,43.3492,272.4897,13.2891,250.9772,12.24,239.0198,11.6568,223.6976,10.9096,211.6377,10.3214,189.6658,9.2499,51.7836,2.7831,15.8748,0.8532,14.6215,0.7858,13.9249,0.7484,13.0322,0.7004,12.3296,0.6627,11.0496,0.5939,0.0,0.0,0.0,0.0,0.0,0.0,0.0,,0.0,0.0,0.0,0.0,0.0,0.0,0.0,0.0,0.0,0.0,0.0,0.0,0.0,0.0,0.0,0.0,0.0,0.0,0.0,0.0,0.0,0.0,0.0,0.0,0.0,0.0,0.0,0.0,0.664,0.7024,0.2875
145,256,0.001,3,10,100,32,8,128,184,435241,73,30,"{'sourceA': ['event_time', 'mcc_code', 'term_id'], 'sourceB': ['event_time', 'tr_type', 'amount']}",gender/checkpoints_large_30/model_256_0.001_3_10_100_128_32_8_128epoch=25.ckpt,25,30,0.30772886,46.5148,3.141,0.0017,4.0043,1.2758,11.1607,0.6167,,894.1598,43.5945,273.2883,13.3241,251.634,12.2683,239.7312,11.688,224.4014,10.9406,212.5325,10.362,190.8631,9.3055,52.0099,2.7545,15.8962,0.8419,14.6366,0.7752,13.9443,0.7385,13.0526,0.6913,12.3622,0.6547,11.1018,0.588,0.0,0.0,0.0,0.0,0.0,0.0,0.0,,0.0,0.0,0.0,0.0,0.0,0.0,0.0,0.0,0.0,0.0,0.0,0.0,0.0,0.0,0.0,0.0,0.0,0.0,0.0,0.0,0.0,0.0,0.0,0.0,0.0,0.0,0.0,0.0,0.696,0.7237,0.2875
146,256,0.001,3,10,100,32,8,128,184,435241,73,30,"{'sourceA': ['event_time', 'mcc_code', 'term_id'], 'sourceB': ['event_time', 'tr_type', 'amount']}",gender/checkpoints_large_30/model_256_0.001_3_10_100_128_32_8_128epoch=26.ckpt,26,30,0.3110511,46.3625,3.1558,0.0017,4.0115,1.2702,10.9925,0.6222,,893.9055,43.6052,273.295,13.3315,251.7722,12.2816,239.8359,11.6993,224.4405,10.9483,212.4646,10.3641,190.6259,9.2988,51.1192,2.7242,15.6287,0.8329,14.3979,0.7673,13.7153,0.7309,12.8349,0.684,12.1501,0.6475,10.9012,0.5809,0.0,0.0,0.0,0.0,0.0,0.0,0.0,,0.0,0.0,0.0,0.0,0.0,0.0,0.0,0.0,0.0,0.0,0.0,0.0,0.0,0.0,0.0,0.0,0.0,0.0,0.0,0.0,0.0,0.0,0.0,0.0,0.0,0.0,0.0,0.0,0.668,0.7216,0.2875
147,256,0.001,3,10,100,32,8,128,184,435241,73,30,"{'sourceA': ['event_time', 'mcc_code', 'term_id'], 'sourceB': ['event_time', 'tr_type', 'amount']}",gender/checkpoints_large_30/model_256_0.001_3_10_100_128_32_8_128epoch=27.ckpt,27,30,0.31229576,46.7897,3.2038,0.0017,4.0162,1.2712,11.1961,0.6211,,904.2987,44.1285,274.5186,13.3961,253.0608,12.349,241.2787,11.7741,225.9069,11.0239,213.8954,10.4378,191.8855,9.3637,50.7593,2.7283,15.4091,0.8282,14.2046,0.7635,13.5433,0.7279,12.6804,0.6816,12.0062,0.6453,10.7708,0.5789,0.0,0.0,0.0,0.0,0.0,0.0,0.0,,0.0,0.0,0.0,0.0,0.0,0.0,0.0,0.0,0.0,0.0,0.0,0.0,0.0,0.0,0.0,0.0,0.0,0.0,0.0,0.0,0.0,0.0,0.0,0.0,0.0,0.0,0.0,0.0,0.68,0.69,0.2875
148,256,0.001,3,10,100,32,8,128,184,435241,73,30,"{'sourceA': ['event_time', 'mcc_code', 'term_id'], 'sourceB': ['event_time', 'tr_type', 'amount']}",gender/checkpoints_large_30/model_256_0.001_3_10_100_128_32_8_128epoch=28.ckpt,28,30,0.31557646,46.4472,3.1902,0.0016,4.0288,1.2636,11.1106,0.6278,,902.7253,44.0023,274.1081,13.3611,252.8878,12.3267,241.2075,11.7574,225.8738,11.01,213.8817,10.4254,191.6612,9.3423,50.7795,2.7534,15.4189,0.8361,14.2253,0.7713,13.5682,0.7357,12.7057,0.6889,12.0311,0.6524,10.7812,0.5846,0.0,0.0,0.0,0.0,0.0,0.0,0.0,,0.0,0.0,0.0,0.0,0.0,0.0,0.0,0.0,0.0,0.0,0.0,0.0,0.0,0.0,0.0,0.0,0.0,0.0,0.0,0.0,0.0,0.0,0.0,0.0,0.0,0.0,0.0,0.0,0.676,0.7229,0.2875
149,256,0.001,3,10,100,32,8,128,184,435241,73,30,"{'sourceA': ['event_time', 'mcc_code', 'term_id'], 'sourceB': ['event_time', 'tr_type', 'amount']}",gender/checkpoints_large_30/model_256_0.001_3_10_100_128_32_8_128epoch=29.ckpt,29,30,0.310649,46.8684,3.1771,0.0016,4.0245,1.2651,11.5937,0.6267,,907.5508,44.2308,275.2248,13.4135,253.9003,12.3742,242.1107,11.7996,226.9669,11.0616,215.1849,10.4873,193.4995,9.4305,49.8466,2.7132,15.1165,0.8228,13.9453,0.7591,13.2978,0.7238,12.466,0.6785,11.8189,0.6433,10.6278,0.5785,0.0,0.0,0.0,0.0,0.0,0.0,0.0,,0.0,0.0,0.0,0.0,0.0,0.0,0.0,0.0,0.0,0.0,0.0,0.0,0.0,0.0,0.0,0.0,0.0,0.0,0.0,0.0,0.0,0.0,0.0,0.0,0.0,0.0,0.0,0.0,0.68,0.6966,0.2875
150,64,0.0001,3,10,100,32,8,128,184,435241,73,30,"{'sourceA': ['event_time', 'mcc_code', 'term_id'], 'sourceB': ['event_time', 'tr_type', 'amount']}",gender/checkpoints_large_30/model_64_0.0001_3_10_100_128_32_8_128epoch=00.ckpt,0,30,0.08830493,22.2135,3.3528,0.0005,5.1264,1.1459,6.9681,0.7779,,192.5059,9.9986,227.7457,11.8289,200.1353,10.3949,184.4685,9.5812,163.1452,8.4736,145.4837,7.5563,68.0976,3.5369,11.4363,0.7109,13.5297,0.8411,11.8895,0.7391,10.9588,0.6812,9.692,0.6025,8.6428,0.5373,4.0455,0.2515,0.0,0.0,0.0,0.0,0.0,0.0,0.0,,0.0,0.0,0.0,0.0,0.0,0.0,0.0,0.0,0.0,0.0,0.0,0.0,0.0,0.0,0.0,0.0,0.0,0.0,0.0,0.0,0.0,0.0,0.0,0.0,0.0,0.0,0.0,0.0,0.524,0.4976,0.2875
151,64,0.0001,3,10,100,32,8,128,184,435241,73,30,"{'sourceA': ['event_time', 'mcc_code', 'term_id'], 'sourceB': ['event_time', 'tr_type', 'amount']}",gender/checkpoints_large_30/model_64_0.0001_3_10_100_128_32_8_128epoch=01.ckpt,1,30,0.14186789,24.1681,3.3527,0.0006,5.1319,1.2232,3.4772,0.6888,,279.9246,14.263,225.0173,11.4653,194.3105,9.9007,176.9708,9.0172,152.9061,7.791,132.1274,6.7323,79.9722,4.0748,14.7815,0.9245,11.8821,0.7431,10.2606,0.6417,9.345,0.5844,8.0742,0.505,6.977,0.4364,4.223,0.2641,0.0,0.0,0.0,0.0,0.0,0.0,0.0,,0.0,0.0,0.0,0.0,0.0,0.0,0.0,0.0,0.0,0.0,0.0,0.0,0.0,0.0,0.0,0.0,0.0,0.0,0.0,0.0,0.0,0.0,0.0,0.0,0.0,0.0,0.0,0.0,0.564,0.5324,0.2875
152,64,0.0001,3,10,100,32,8,128,184,435241,73,30,"{'sourceA': ['event_time', 'mcc_code', 'term_id'], 'sourceB': ['event_time', 'tr_type', 'amount']}",gender/checkpoints_large_30/model_64_0.0001_3_10_100_128_32_8_128epoch=02.ckpt,2,30,0.18809184,24.9992,3.3497,0.0008,5.0075,1.3079,4.5503,0.6026,,380.7582,19.1081,212.6372,10.6711,184.195,9.2437,168.8187,8.4721,149.0641,7.4807,131.616,6.6051,92.382,4.6361,21.0449,1.3256,11.7527,0.7403,10.1806,0.6413,9.3308,0.5878,8.2389,0.519,7.2746,0.4582,5.106,0.3216,0.0,0.0,0.0,0.0,0.0,0.0,0.0,,0.0,0.0,0.0,0.0,0.0,0.0,0.0,0.0,0.0,0.0,0.0,0.0,0.0,0.0,0.0,0.0,0.0,0.0,0.0,0.0,0.0,0.0,0.0,0.0,0.0,0.0,0.0,0.0,0.568,0.5655,0.2875
153,64,0.0001,3,10,100,32,8,128,184,435241,73,30,"{'sourceA': ['event_time', 'mcc_code', 'term_id'], 'sourceB': ['event_time', 'tr_type', 'amount']}",gender/checkpoints_large_30/model_64_0.0001_3_10_100_128_32_8_128epoch=03.ckpt,3,30,0.23194839,25.2379,3.3451,0.0009,4.8948,1.3418,4.9553,0.568,,440.1667,21.8754,205.0828,10.1922,179.0581,8.8988,165.7444,8.2372,149.1268,7.4113,135.7718,6.7476,107.4648,5.3408,24.9628,1.6278,11.6307,0.7584,10.1548,0.6622,9.3997,0.613,8.4573,0.5515,7.6999,0.5021,6.0946,0.3974,0.0,0.0,0.0,0.0,0.0,0.0,0.0,,0.0,0.0,0.0,0.0,0.0,0.0,0.0,0.0,0.0,0.0,0.0,0.0,0.0,0.0,0.0,0.0,0.0,0.0,0.0,0.0,0.0,0.0,0.0,0.0,0.0,0.0,0.0,0.0,0.576,0.5594,0.2875
154,64,0.0001,3,10,100,32,8,128,184,435241,73,30,"{'sourceA': ['event_time', 'mcc_code', 'term_id'], 'sourceB': ['event_time', 'tr_type', 'amount']}",gender/checkpoints_large_30/model_64_0.0001_3_10_100_128_32_8_128epoch=04.ckpt,4,30,0.24295694,25.9784,3.3428,0.0009,4.8509,1.3488,5.5376,0.5604,,478.8624,23.7641,207.592,10.302,182.5675,9.0601,169.5307,8.4132,153.0326,7.5944,139.8556,6.9405,111.0851,5.5127,25.6971,1.7158,11.14,0.7438,9.7971,0.6542,9.0975,0.6074,8.2122,0.5483,7.505,0.5011,5.9611,0.398,0.0,0.0,0.0,0.0,0.0,0.0,0.0,,0.0,0.0,0.0,0.0,0.0,0.0,0.0,0.0,0.0,0.0,0.0,0.0,0.0,0.0,0.0,0.0,0.0,0.0,0.0,0.0,0.0,0.0,0.0,0.0,0.0,0.0,0.0,0.0,0.58,0.5749,0.2875
155,64,0.0001,3,10,100,32,8,128,184,435241,73,30,"{'sourceA': ['event_time', 'mcc_code', 'term_id'], 'sourceB': ['event_time', 'tr_type', 'amount']}",gender/checkpoints_large_30/model_64_0.0001_3_10_100_128_32_8_128epoch=05.ckpt,5,30,0.25692475,26.4684,3.3402,0.001,4.8111,1.3455,6.1941,0.5618,,507.0771,25.131,210.7884,10.4468,186.5796,9.247,173.7961,8.6134,157.197,7.7907,144.0141,7.1374,115.6886,5.7336,29.573,1.9197,12.2933,0.798,10.8814,0.7064,10.1359,0.658,9.1678,0.5951,8.399,0.5452,6.747,0.438,0.0,0.0,0.0,0.0,0.0,0.0,0.0,,0.0,0.0,0.0,0.0,0.0,0.0,0.0,0.0,0.0,0.0,0.0,0.0,0.0,0.0,0.0,0.0,0.0,0.0,0.0,0.0,0.0,0.0,0.0,0.0,0.0,0.0,0.0,0.0,0.62,0.5974,0.2875
156,64,0.0001,3,10,100,32,8,128,184,435241,73,30,"{'sourceA': ['event_time', 'mcc_code', 'term_id'], 'sourceB': ['event_time', 'tr_type', 'amount']}",gender/checkpoints_large_30/model_64_0.0001_3_10_100_128_32_8_128epoch=06.ckpt,6,30,0.272313,26.9828,3.3385,0.001,4.7912,1.3661,6.0664,0.5474,,530.2096,26.273,211.8475,10.4975,187.52,9.292,174.662,8.6549,158.6127,7.8596,146.4931,7.259,121.4672,6.019,32.8829,2.0285,13.1385,0.8105,11.6298,0.7174,10.8323,0.6682,9.837,0.6068,9.0853,0.5605,7.5332,0.4647,0.0,0.0,0.0,0.0,0.0,0.0,0.0,,0.0,0.0,0.0,0.0,0.0,0.0,0.0,0.0,0.0,0.0,0.0,0.0,0.0,0.0,0.0,0.0,0.0,0.0,0.0,0.0,0.0,0.0,0.0,0.0,0.0,0.0,0.0,0.0,0.612,0.6221,0.2875
157,64,0.0001,3,10,100,32,8,128,184,435241,73,30,"{'sourceA': ['event_time', 'mcc_code', 'term_id'], 'sourceB': ['event_time', 'tr_type', 'amount']}",gender/checkpoints_large_30/model_64_0.0001_3_10_100_128_32_8_128epoch=07.ckpt,7,30,0.27118844,27.1815,3.333,0.0011,4.7545,1.366,6.1547,0.5464,,551.1616,27.2481,213.4181,10.5509,189.0317,9.3453,176.3192,8.7168,160.092,7.9146,148.1695,7.3251,124.0219,6.1313,34.9906,2.1606,13.5489,0.8366,12.0007,0.741,11.1937,0.6912,10.1635,0.6276,9.4066,0.5808,7.8736,0.4862,0.0,0.0,0.0,0.0,0.0,0.0,0.0,,0.0,0.0,0.0,0.0,0.0,0.0,0.0,0.0,0.0,0.0,0.0,0.0,0.0,0.0,0.0,0.0,0.0,0.0,0.0,0.0,0.0,0.0,0.0,0.0,0.0,0.0,0.0,0.0,0.584,0.6122,0.2875
158,64,0.0001,3,10,100,32,8,128,184,435241,73,30,"{'sourceA': ['event_time', 'mcc_code', 'term_id'], 'sourceB': ['event_time', 'tr_type', 'amount']}",gender/checkpoints_large_30/model_64_0.0001_3_10_100_128_32_8_128epoch=08.ckpt,8,30,0.27805397,27.4249,3.3321,0.001,4.7334,1.3715,6.1938,0.5428,,564.8568,27.9119,215.1858,10.6332,191.0646,9.4413,178.487,8.8198,162.4682,8.0282,150.6014,7.4418,128.6899,6.3591,37.6574,2.274,14.3458,0.8663,12.7377,0.7692,11.8992,0.7186,10.8313,0.6541,10.0402,0.6063,8.5794,0.5181,0.0,0.0,0.0,0.0,0.0,0.0,0.0,,0.0,0.0,0.0,0.0,0.0,0.0,0.0,0.0,0.0,0.0,0.0,0.0,0.0,0.0,0.0,0.0,0.0,0.0,0.0,0.0,0.0,0.0,0.0,0.0,0.0,0.0,0.0,0.0,0.576,0.5809,0.2875
159,64,0.0001,3,10,100,32,8,128,184,435241,73,30,"{'sourceA': ['event_time', 'mcc_code', 'term_id'], 'sourceB': ['event_time', 'tr_type', 'amount']}",gender/checkpoints_large_30/model_64_0.0001_3_10_100_128_32_8_128epoch=09.ckpt,9,30,0.28302553,27.4213,3.3305,0.0011,4.6888,1.3601,6.7858,0.5495,,576.994,28.4885,214.9338,10.6122,191.1466,9.4377,178.2131,8.7991,162.2339,8.0101,150.4895,7.4303,129.8166,6.4096,39.568,2.3765,14.7393,0.8852,13.1081,0.7873,12.2212,0.734,11.1254,0.6682,10.32,0.6198,8.9023,0.5347,0.0,0.0,0.0,0.0,0.0,0.0,0.0,,0.0,0.0,0.0,0.0,0.0,0.0,0.0,0.0,0.0,0.0,0.0,0.0,0.0,0.0,0.0,0.0,0.0,0.0,0.0,0.0,0.0,0.0,0.0,0.0,0.0,0.0,0.0,0.0,0.596,0.6257,0.2875
160,64,0.0001,3,10,100,32,8,128,184,435241,73,30,"{'sourceA': ['event_time', 'mcc_code', 'term_id'], 'sourceB': ['event_time', 'tr_type', 'amount']}",gender/checkpoints_large_30/model_64_0.0001_3_10_100_128_32_8_128epoch=10.ckpt,10,30,0.2745028,27.9821,3.3305,0.0011,4.7058,1.3726,6.8322,0.5407,,577.8306,28.5219,217.3281,10.7274,193.652,9.5587,180.7883,8.9238,164.4494,8.1173,152.4796,7.5264,130.0549,6.4196,38.2177,2.3132,14.3741,0.87,12.8081,0.7752,11.9573,0.7237,10.8767,0.6583,10.085,0.6104,8.6018,0.5206,0.0,0.0,0.0,0.0,0.0,0.0,0.0,,0.0,0.0,0.0,0.0,0.0,0.0,0.0,0.0,0.0,0.0,0.0,0.0,0.0,0.0,0.0,0.0,0.0,0.0,0.0,0.0,0.0,0.0,0.0,0.0,0.0,0.0,0.0,0.0,0.584,0.6073,0.2875
161,64,0.0001,3,10,100,32,8,128,184,435241,73,30,"{'sourceA': ['event_time', 'mcc_code', 'term_id'], 'sourceB': ['event_time', 'tr_type', 'amount']}",gender/checkpoints_large_30/model_64_0.0001_3_10_100_128_32_8_128epoch=11.ckpt,11,30,0.28409094,27.9662,3.3301,0.0011,4.6884,1.377,6.8588,0.538,,586.8089,28.9866,217.2358,10.7308,193.5247,9.5595,180.8532,8.9336,165.1139,8.1561,153.5687,7.5858,133.0634,6.5729,38.9655,2.3584,14.425,0.8731,12.8505,0.7778,12.0091,0.7269,10.9639,0.6636,10.1973,0.6172,8.8357,0.5348,0.0,0.0,0.0,0.0,0.0,0.0,0.0,,0.0,0.0,0.0,0.0,0.0,0.0,0.0,0.0,0.0,0.0,0.0,0.0,0.0,0.0,0.0,0.0,0.0,0.0,0.0,0.0,0.0,0.0,0.0,0.0,0.0,0.0,0.0,0.0,0.628,0.6395,0.2875
162,64,0.0001,3,10,100,32,8,128,184,435241,73,30,"{'sourceA': ['event_time', 'mcc_code', 'term_id'], 'sourceB': ['event_time', 'tr_type', 'amount']}",gender/checkpoints_large_30/model_64_0.0001_3_10_100_128_32_8_128epoch=12.ckpt,12,30,0.28681344,28.0206,3.3294,0.0011,4.6708,1.3816,6.5574,0.5342,,594.0869,29.3151,216.6832,10.6922,193.3981,9.5432,180.9911,8.931,165.5263,8.1679,154.2501,7.6114,134.2095,6.6225,39.7453,2.3896,14.4964,0.8716,12.9386,0.7779,12.1086,0.728,11.0739,0.6658,10.3196,0.6204,8.9788,0.5398,0.0,0.0,0.0,0.0,0.0,0.0,0.0,,0.0,0.0,0.0,0.0,0.0,0.0,0.0,0.0,0.0,0.0,0.0,0.0,0.0,0.0,0.0,0.0,0.0,0.0,0.0,0.0,0.0,0.0,0.0,0.0,0.0,0.0,0.0,0.0,0.636,0.6283,0.2875
163,64,0.0001,3,10,100,32,8,128,184,435241,73,30,"{'sourceA': ['event_time', 'mcc_code', 'term_id'], 'sourceB': ['event_time', 'tr_type', 'amount']}",gender/checkpoints_large_30/model_64_0.0001_3_10_100_128_32_8_128epoch=13.ckpt,13,30,0.2819011,28.0827,3.327,0.0011,4.6529,1.3806,6.9111,0.5343,,604.8182,29.8348,218.1448,10.7608,194.8604,9.6122,182.2352,8.9894,166.6981,8.223,155.512,7.6712,135.5322,6.6856,43.1535,2.5535,15.5645,0.921,13.9032,0.8227,13.0024,0.7694,11.8938,0.7038,11.0957,0.6566,9.6702,0.5722,0.0,0.0,0.0,0.0,0.0,0.0,0.0,,0.0,0.0,0.0,0.0,0.0,0.0,0.0,0.0,0.0,0.0,0.0,0.0,0.0,0.0,0.0,0.0,0.0,0.0,0.0,0.0,0.0,0.0,0.0,0.0,0.0,0.0,0.0,0.0,0.612,0.6205,0.2875
164,64,0.0001,3,10,100,32,8,128,184,435241,73,30,"{'sourceA': ['event_time', 'mcc_code', 'term_id'], 'sourceB': ['event_time', 'tr_type', 'amount']}",gender/checkpoints_large_30/model_64_0.0001_3_10_100_128_32_8_128epoch=14.ckpt,14,30,0.29048297,28.3624,3.3297,0.0011,4.6586,1.3727,6.8603,0.5407,,603.5243,29.8023,218.8633,10.8076,195.2577,9.6419,182.6823,9.0209,166.9243,8.2428,155.7145,7.6892,134.5833,6.6458,39.721,2.4369,14.4045,0.8837,12.8509,0.7884,12.0232,0.7376,10.9861,0.674,10.2484,0.6287,8.8576,0.5434,0.0,0.0,0.0,0.0,0.0,0.0,0.0,,0.0,0.0,0.0,0.0,0.0,0.0,0.0,0.0,0.0,0.0,0.0,0.0,0.0,0.0,0.0,0.0,0.0,0.0,0.0,0.0,0.0,0.0,0.0,0.0,0.0,0.0,0.0,0.0,0.608,0.627,0.2875
165,64,0.0001,3,10,100,32,8,128,184,435241,73,30,"{'sourceA': ['event_time', 'mcc_code', 'term_id'], 'sourceB': ['event_time', 'tr_type', 'amount']}",gender/checkpoints_large_30/model_64_0.0001_3_10_100_128_32_8_128epoch=15.ckpt,15,30,0.28184187,28.1802,3.3258,0.0011,4.6376,1.362,7.0529,0.5479,,609.2764,30.0956,219.0503,10.8201,195.5916,9.6614,182.9751,9.0382,167.1988,8.2589,155.8232,7.697,134.6082,6.6491,42.2981,2.5411,15.2072,0.9136,13.5787,0.8157,12.7028,0.7631,11.6075,0.6973,10.8178,0.6499,9.345,0.5614,0.0,0.0,0.0,0.0,0.0,0.0,0.0,,0.0,0.0,0.0,0.0,0.0,0.0,0.0,0.0,0.0,0.0,0.0,0.0,0.0,0.0,0.0,0.0,0.0,0.0,0.0,0.0,0.0,0.0,0.0,0.0,0.0,0.0,0.0,0.0,0.612,0.5994,0.2875
166,64,0.0001,3,10,100,32,8,128,184,435241,73,30,"{'sourceA': ['event_time', 'mcc_code', 'term_id'], 'sourceB': ['event_time', 'tr_type', 'amount']}",gender/checkpoints_large_30/model_64_0.0001_3_10_100_128_32_8_128epoch=16.ckpt,16,30,0.29320547,28.0583,3.3252,0.0011,4.627,1.3594,6.7802,0.5494,,610.9532,30.1609,219.2228,10.8223,196.0951,9.6806,183.7877,9.073,168.3966,8.3132,157.213,7.7611,136.7711,6.752,41.8114,2.5175,15.0028,0.9033,13.42,0.808,12.5777,0.7573,11.5244,0.6939,10.7591,0.6478,9.3601,0.5636,0.0,0.0,0.0,0.0,0.0,0.0,0.0,,0.0,0.0,0.0,0.0,0.0,0.0,0.0,0.0,0.0,0.0,0.0,0.0,0.0,0.0,0.0,0.0,0.0,0.0,0.0,0.0,0.0,0.0,0.0,0.0,0.0,0.0,0.0,0.0,0.612,0.6071,0.2875
167,64,0.0001,3,10,100,32,8,128,184,435241,73,30,"{'sourceA': ['event_time', 'mcc_code', 'term_id'], 'sourceB': ['event_time', 'tr_type', 'amount']}",gender/checkpoints_large_30/model_64_0.0001_3_10_100_128_32_8_128epoch=17.ckpt,17,30,0.29261363,28.313,3.3268,0.0012,4.6098,1.379,6.5635,0.5351,,619.4942,30.5571,218.2361,10.7647,195.3081,9.6337,183.2699,9.0399,168.2477,8.299,157.5432,7.771,138.2111,6.8174,43.6007,2.5948,15.3597,0.9141,13.746,0.818,12.8987,0.7676,11.8415,0.7047,11.0881,0.6599,9.7274,0.5789,0.0,0.0,0.0,0.0,0.0,0.0,0.0,,0.0,0.0,0.0,0.0,0.0,0.0,0.0,0.0,0.0,0.0,0.0,0.0,0.0,0.0,0.0,0.0,0.0,0.0,0.0,0.0,0.0,0.0,0.0,0.0,0.0,0.0,0.0,0.0,0.6,0.6022,0.2875
168,64,0.0001,3,10,100,32,8,128,184,435241,73,30,"{'sourceA': ['event_time', 'mcc_code', 'term_id'], 'sourceB': ['event_time', 'tr_type', 'amount']}",gender/checkpoints_large_30/model_64_0.0001_3_10_100_128_32_8_128epoch=18.ckpt,18,30,0.29154828,27.8805,3.3279,0.0011,4.582,1.3568,5.9712,0.5497,,621.7072,30.657,216.7479,10.6881,194.0621,9.5694,182.1124,8.9802,167.2302,8.2463,156.4853,7.7165,137.2625,6.7686,45.617,2.729,15.9036,0.9514,14.2391,0.8518,13.3623,0.7994,12.2703,0.7341,11.4819,0.6869,10.0715,0.6025,0.0,0.0,0.0,0.0,0.0,0.0,0.0,,0.0,0.0,0.0,0.0,0.0,0.0,0.0,0.0,0.0,0.0,0.0,0.0,0.0,0.0,0.0,0.0,0.0,0.0,0.0,0.0,0.0,0.0,0.0,0.0,0.0,0.0,0.0,0.0,0.628,0.6194,0.2875
169,64,0.0001,3,10,100,32,8,128,184,435241,73,30,"{'sourceA': ['event_time', 'mcc_code', 'term_id'], 'sourceB': ['event_time', 'tr_type', 'amount']}",gender/checkpoints_large_30/model_64_0.0001_3_10_100_128_32_8_128epoch=19.ckpt,19,30,0.28977272,28.1046,3.3272,0.0012,4.5778,1.3564,7.2239,0.5509,,622.1956,30.6751,218.3692,10.7659,195.5954,9.6431,183.474,9.0455,168.4331,8.304,157.6012,7.77,138.6181,6.8341,44.8844,2.6754,15.7529,0.939,14.11,0.8411,13.2356,0.7889,12.1506,0.7243,11.3692,0.6777,9.9997,0.5961,0.0,0.0,0.0,0.0,0.0,0.0,0.0,,0.0,0.0,0.0,0.0,0.0,0.0,0.0,0.0,0.0,0.0,0.0,0.0,0.0,0.0,0.0,0.0,0.0,0.0,0.0,0.0,0.0,0.0,0.0,0.0,0.0,0.0,0.0,0.0,0.616,0.6089,0.2875
170,64,0.0001,3,10,100,32,8,128,184,435241,73,30,"{'sourceA': ['event_time', 'mcc_code', 'term_id'], 'sourceB': ['event_time', 'tr_type', 'amount']}",gender/checkpoints_large_30/model_64_0.0001_3_10_100_128_32_8_128epoch=20.ckpt,20,30,0.29279116,28.2944,3.3283,0.0012,4.5832,1.3621,6.9296,0.547,,620.9182,30.6289,218.8315,10.7946,195.8076,9.6589,183.6736,9.0603,168.8058,8.3269,158.0739,7.7975,139.0993,6.8615,43.9321,2.66,15.4831,0.9375,13.8541,0.8388,12.9955,0.7868,11.9436,0.7232,11.1843,0.6772,9.8418,0.5959,0.0,0.0,0.0,0.0,0.0,0.0,0.0,,0.0,0.0,0.0,0.0,0.0,0.0,0.0,0.0,0.0,0.0,0.0,0.0,0.0,0.0,0.0,0.0,0.0,0.0,0.0,0.0,0.0,0.0,0.0,0.0,0.0,0.0,0.0,0.0,0.58,0.6096,0.2875
171,64,0.0001,3,10,100,32,8,128,184,435241,73,30,"{'sourceA': ['event_time', 'mcc_code', 'term_id'], 'sourceB': ['event_time', 'tr_type', 'amount']}",gender/checkpoints_large_30/model_64_0.0001_3_10_100_128_32_8_128epoch=21.ckpt,21,30,0.28734612,28.0784,3.3281,0.0012,4.5665,1.3559,6.7858,0.5511,,626.6563,30.899,218.2167,10.7598,195.6432,9.6467,183.7225,9.0589,169.0159,8.3338,158.2943,7.8051,139.5259,6.8797,45.896,2.7034,15.9821,0.9414,14.3288,0.844,13.4558,0.7926,12.3786,0.7291,11.5934,0.6829,10.2188,0.6019,0.0,0.0,0.0,0.0,0.0,0.0,0.0,,0.0,0.0,0.0,0.0,0.0,0.0,0.0,0.0,0.0,0.0,0.0,0.0,0.0,0.0,0.0,0.0,0.0,0.0,0.0,0.0,0.0,0.0,0.0,0.0,0.0,0.0,0.0,0.0,0.604,0.6445,0.2875
172,64,0.0001,3,10,100,32,8,128,184,435241,73,30,"{'sourceA': ['event_time', 'mcc_code', 'term_id'], 'sourceB': ['event_time', 'tr_type', 'amount']}",gender/checkpoints_large_30/model_64_0.0001_3_10_100_128_32_8_128epoch=22.ckpt,22,30,0.2932055,28.1735,3.3295,0.0012,4.5633,1.355,7.2195,0.5514,,629.1912,31.0068,218.6825,10.7768,196.2485,9.6712,184.3638,9.0855,169.631,8.3595,159.0314,7.8371,140.1664,6.9075,45.8189,2.708,15.9249,0.9412,14.2912,0.8447,13.4257,0.7935,12.3529,0.7301,11.581,0.6845,10.2072,0.6033,0.0,0.0,0.0,0.0,0.0,0.0,0.0,,0.0,0.0,0.0,0.0,0.0,0.0,0.0,0.0,0.0,0.0,0.0,0.0,0.0,0.0,0.0,0.0,0.0,0.0,0.0,0.0,0.0,0.0,0.0,0.0,0.0,0.0,0.0,0.0,0.608,0.6032,0.2875
173,64,0.0001,3,10,100,32,8,128,184,435241,73,30,"{'sourceA': ['event_time', 'mcc_code', 'term_id'], 'sourceB': ['event_time', 'tr_type', 'amount']}",gender/checkpoints_large_30/model_64_0.0001_3_10_100_128_32_8_128epoch=23.ckpt,23,30,0.28835228,28.6298,3.3299,0.0012,4.5617,1.367,7.0644,0.5425,,635.0293,31.2877,219.371,10.8083,196.8239,9.6974,184.8863,9.1093,169.9584,8.3738,159.1584,7.8417,139.7535,6.8856,48.7042,2.8303,16.8249,0.9777,15.0956,0.8772,14.18,0.824,13.0351,0.7575,12.2068,0.7094,10.7185,0.6229,0.0,0.0,0.0,0.0,0.0,0.0,0.0,,0.0,0.0,0.0,0.0,0.0,0.0,0.0,0.0,0.0,0.0,0.0,0.0,0.0,0.0,0.0,0.0,0.0,0.0,0.0,0.0,0.0,0.0,0.0,0.0,0.0,0.0,0.0,0.0,0.6,0.6421,0.2875
174,64,0.0001,3,10,100,32,8,128,184,435241,73,30,"{'sourceA': ['event_time', 'mcc_code', 'term_id'], 'sourceB': ['event_time', 'tr_type', 'amount']}",gender/checkpoints_large_30/model_64_0.0001_3_10_100_128_32_8_128epoch=24.ckpt,24,30,0.29687503,28.0405,3.328,0.0012,4.549,1.342,7.2467,0.5613,,628.7474,30.978,219.113,10.7956,196.6797,9.6903,184.8547,9.1077,170.1115,8.3813,159.4593,7.8565,140.5038,6.9225,45.9778,2.7336,16.0229,0.9526,14.3824,0.8551,13.5177,0.8037,12.4396,0.7396,11.6606,0.6933,10.2745,0.6109,0.0,0.0,0.0,0.0,0.0,0.0,0.0,,0.0,0.0,0.0,0.0,0.0,0.0,0.0,0.0,0.0,0.0,0.0,0.0,0.0,0.0,0.0,0.0,0.0,0.0,0.0,0.0,0.0,0.0,0.0,0.0,0.0,0.0,0.0,0.0,0.6,0.6236,0.2875
175,64,0.0001,3,10,100,32,8,128,184,435241,73,30,"{'sourceA': ['event_time', 'mcc_code', 'term_id'], 'sourceB': ['event_time', 'tr_type', 'amount']}",gender/checkpoints_large_30/model_64_0.0001_3_10_100_128_32_8_128epoch=25.ckpt,25,30,0.29817712,28.2089,3.3287,0.0012,4.5451,1.3493,6.9776,0.5559,,631.553,31.1223,218.9275,10.7885,196.1445,9.6658,184.3531,9.0847,169.6656,8.361,159.0113,7.8359,139.9782,6.898,47.5432,2.7654,16.4808,0.9586,14.7657,0.8589,13.8781,0.8072,12.7724,0.7429,11.9703,0.6963,10.5375,0.6129,0.0,0.0,0.0,0.0,0.0,0.0,0.0,,0.0,0.0,0.0,0.0,0.0,0.0,0.0,0.0,0.0,0.0,0.0,0.0,0.0,0.0,0.0,0.0,0.0,0.0,0.0,0.0,0.0,0.0,0.0,0.0,0.0,0.0,0.0,0.0,0.592,0.6159,0.2875
176,64,0.0001,3,10,100,32,8,128,184,435241,73,30,"{'sourceA': ['event_time', 'mcc_code', 'term_id'], 'sourceB': ['event_time', 'tr_type', 'amount']}",gender/checkpoints_large_30/model_64_0.0001_3_10_100_128_32_8_128epoch=26.ckpt,26,30,0.28941765,28.5449,3.3281,0.0012,4.543,1.3582,7.1789,0.5491,,635.2848,31.2952,219.2939,10.8028,196.7541,9.6925,185.0188,9.1143,170.2905,8.3888,159.7264,7.8684,140.6898,6.9306,47.0706,2.7785,16.2483,0.9591,14.5782,0.8605,13.7087,0.8092,12.6174,0.7448,11.8347,0.6986,10.4242,0.6153,0.0,0.0,0.0,0.0,0.0,0.0,0.0,,0.0,0.0,0.0,0.0,0.0,0.0,0.0,0.0,0.0,0.0,0.0,0.0,0.0,0.0,0.0,0.0,0.0,0.0,0.0,0.0,0.0,0.0,0.0,0.0,0.0,0.0,0.0,0.0,0.6,0.6219,0.2875
177,64,0.0001,3,10,100,32,8,128,184,435241,73,30,"{'sourceA': ['event_time', 'mcc_code', 'term_id'], 'sourceB': ['event_time', 'tr_type', 'amount']}",gender/checkpoints_large_30/model_64_0.0001_3_10_100_128_32_8_128epoch=27.ckpt,27,30,0.28835225,28.3938,3.3264,0.0012,4.5323,1.3572,7.1253,0.5496,,635.5908,31.2927,218.9608,10.7803,196.5543,9.6772,184.9077,9.1037,170.2135,8.3803,159.7553,7.8654,141.0125,6.9426,48.5773,2.8527,16.7349,0.9828,15.0224,0.8822,14.1322,0.8299,13.0092,0.764,12.2099,0.717,10.7774,0.6329,0.0,0.0,0.0,0.0,0.0,0.0,0.0,,0.0,0.0,0.0,0.0,0.0,0.0,0.0,0.0,0.0,0.0,0.0,0.0,0.0,0.0,0.0,0.0,0.0,0.0,0.0,0.0,0.0,0.0,0.0,0.0,0.0,0.0,0.0,0.0,0.588,0.6241,0.2875
178,64,0.0001,3,10,100,32,8,128,184,435241,73,30,"{'sourceA': ['event_time', 'mcc_code', 'term_id'], 'sourceB': ['event_time', 'tr_type', 'amount']}",gender/checkpoints_large_30/model_64_0.0001_3_10_100_128_32_8_128epoch=28.ckpt,28,30,0.29338306,28.3504,3.3269,0.0012,4.5205,1.3491,7.0475,0.555,,643.3412,31.6676,218.3925,10.7501,196.4641,9.6707,184.8528,9.0991,170.5014,8.3927,160.0007,7.8758,140.8466,6.933,51.6754,2.9591,17.542,1.0045,15.7807,0.9036,14.848,0.8502,13.6953,0.7842,12.8518,0.7359,11.3133,0.6478,0.0,0.0,0.0,0.0,0.0,0.0,0.0,,0.0,0.0,0.0,0.0,0.0,0.0,0.0,0.0,0.0,0.0,0.0,0.0,0.0,0.0,0.0,0.0,0.0,0.0,0.0,0.0,0.0,0.0,0.0,0.0,0.0,0.0,0.0,0.0,0.584,0.6302,0.2875
179,64,0.0001,3,10,100,32,8,128,184,435241,73,30,"{'sourceA': ['event_time', 'mcc_code', 'term_id'], 'sourceB': ['event_time', 'tr_type', 'amount']}",gender/checkpoints_large_30/model_64_0.0001_3_10_100_128_32_8_128epoch=29.ckpt,29,30,0.2898319,28.2799,3.3259,0.0012,4.5144,1.3498,6.5741,0.5544,,644.683,31.7181,218.8677,10.7682,196.6869,9.6769,185.0681,9.1053,170.732,8.3999,160.1773,7.8806,141.3611,6.9549,52.9596,3.0145,17.9796,1.0234,16.1575,0.9197,15.203,0.8654,14.0254,0.7983,13.1583,0.749,11.6126,0.661,0.0,0.0,0.0,0.0,0.0,0.0,0.0,,0.0,0.0,0.0,0.0,0.0,0.0,0.0,0.0,0.0,0.0,0.0,0.0,0.0,0.0,0.0,0.0,0.0,0.0,0.0,0.0,0.0,0.0,0.0,0.0,0.0,0.0,0.0,0.0,0.592,0.6273,0.2875
180,64,0.0005,3,10,100,32,8,128,184,435241,73,30,"{'sourceA': ['event_time', 'mcc_code', 'term_id'], 'sourceB': ['event_time', 'tr_type', 'amount']}",gender/checkpoints_large_30/model_64_0.0005_3_10_100_128_32_8_128epoch=00.ckpt,0,30,0.23242188,27.838,3.3288,0.001,4.8695,1.335,4.9007,0.5783,,455.1286,22.6806,218.709,10.899,190.6033,9.4984,175.1836,8.73,155.4836,7.7483,139.5066,6.9521,106.3112,5.2978,25.7482,1.6883,12.3731,0.8113,10.7831,0.707,9.9107,0.6498,8.7962,0.5768,7.8924,0.5175,6.0144,0.3944,0.0,0.0,0.0,0.0,0.0,0.0,0.0,,0.0,0.0,0.0,0.0,0.0,0.0,0.0,0.0,0.0,0.0,0.0,0.0,0.0,0.0,0.0,0.0,0.0,0.0,0.0,0.0,0.0,0.0,0.0,0.0,0.0,0.0,0.0,0.0,0.548,0.5549,0.2875
181,64,0.0005,3,10,100,32,8,128,184,435241,73,30,"{'sourceA': ['event_time', 'mcc_code', 'term_id'], 'sourceB': ['event_time', 'tr_type', 'amount']}",gender/checkpoints_large_30/model_64_0.0005_3_10_100_128_32_8_128epoch=01.ckpt,1,30,0.2692353,29.2289,3.3347,0.0012,4.7087,1.3598,6.8981,0.5537,,557.053,27.631,223.4101,11.0816,197.3958,9.7913,183.1654,9.0854,164.6455,8.1668,150.6025,7.4702,124.0556,6.1534,34.46,2.0762,13.8204,0.8327,12.2111,0.7357,11.3308,0.6827,10.1852,0.6137,9.3165,0.5613,7.6742,0.4624,0.0,0.0,0.0,0.0,0.0,0.0,0.0,,0.0,0.0,0.0,0.0,0.0,0.0,0.0,0.0,0.0,0.0,0.0,0.0,0.0,0.0,0.0,0.0,0.0,0.0,0.0,0.0,0.0,0.0,0.0,0.0,0.0,0.0,0.0,0.0,0.576,0.5598,0.2875
182,64,0.0005,3,10,100,32,8,128,184,435241,73,30,"{'sourceA': ['event_time', 'mcc_code', 'term_id'], 'sourceB': ['event_time', 'tr_type', 'amount']}",gender/checkpoints_large_30/model_64_0.0005_3_10_100_128_32_8_128epoch=02.ckpt,2,30,0.27988872,30.9977,3.3382,0.0012,4.6271,1.385,6.9378,0.5369,,593.7668,29.4373,227.1599,11.262,201.4116,9.9854,187.4809,9.2948,168.6735,8.3624,154.8144,7.6753,125.3849,6.2162,37.8654,2.1962,14.4863,0.8402,12.8443,0.745,11.956,0.6935,10.7566,0.6239,9.8728,0.5726,7.996,0.4638,0.0,0.0,0.0,0.0,0.0,0.0,0.0,,0.0,0.0,0.0,0.0,0.0,0.0,0.0,0.0,0.0,0.0,0.0,0.0,0.0,0.0,0.0,0.0,0.0,0.0,0.0,0.0,0.0,0.0,0.0,0.0,0.0,0.0,0.0,0.0,0.644,0.6239,0.2875
183,64,0.0005,3,10,100,32,8,128,184,435241,73,30,"{'sourceA': ['event_time', 'mcc_code', 'term_id'], 'sourceB': ['event_time', 'tr_type', 'amount']}",gender/checkpoints_large_30/model_64_0.0005_3_10_100_128_32_8_128epoch=03.ckpt,3,30,0.29060134,31.686,3.33,0.0014,4.4862,1.3597,7.0892,0.5559,,617.4766,30.6071,227.5208,11.2777,202.0249,10.014,188.6513,9.3511,171.5616,8.504,158.6849,7.8657,130.1737,6.4524,35.5398,2.1946,13.0953,0.8087,11.6279,0.718,10.8581,0.6705,9.8745,0.6098,9.1334,0.564,7.4924,0.4627,0.0,0.0,0.0,0.0,0.0,0.0,0.0,,0.0,0.0,0.0,0.0,0.0,0.0,0.0,0.0,0.0,0.0,0.0,0.0,0.0,0.0,0.0,0.0,0.0,0.0,0.0,0.0,0.0,0.0,0.0,0.0,0.0,0.0,0.0,0.0,0.62,0.6388,0.2875
184,64,0.0005,3,10,100,32,8,128,184,435241,73,30,"{'sourceA': ['event_time', 'mcc_code', 'term_id'], 'sourceB': ['event_time', 'tr_type', 'amount']}",gender/checkpoints_large_30/model_64_0.0005_3_10_100_128_32_8_128epoch=04.ckpt,4,30,0.29681584,32.2395,3.3294,0.0014,4.369,1.3648,6.9581,0.5465,,669.7254,33.0173,227.9135,11.2361,204.8431,10.0987,192.2555,9.4781,176.1998,8.6866,164.5021,8.1099,142.5401,7.0272,40.4985,2.479,13.782,0.8436,12.3869,0.7582,11.6257,0.7117,10.6548,0.6522,9.9475,0.6089,8.6194,0.5276,0.0,0.0,0.0,0.0,0.0,0.0,0.0,,0.0,0.0,0.0,0.0,0.0,0.0,0.0,0.0,0.0,0.0,0.0,0.0,0.0,0.0,0.0,0.0,0.0,0.0,0.0,0.0,0.0,0.0,0.0,0.0,0.0,0.0,0.0,0.0,0.576,0.5889,0.2875
185,64,0.0005,3,10,100,32,8,128,184,435241,73,30,"{'sourceA': ['event_time', 'mcc_code', 'term_id'], 'sourceB': ['event_time', 'tr_type', 'amount']}",gender/checkpoints_large_30/model_64_0.0005_3_10_100_128_32_8_128epoch=05.ckpt,5,30,0.31368375,31.3416,3.3243,0.0013,4.2713,1.2837,7.0513,0.6138,,673.4048,33.2547,228.8465,11.3011,205.6135,10.1538,193.1493,9.5383,177.3227,8.7567,165.1224,8.1542,142.8516,7.0544,41.5237,2.4696,14.1112,0.8393,12.6786,0.754,11.91,0.7083,10.9341,0.6503,10.1818,0.6056,8.8086,0.5239,0.0,0.0,0.0,0.0,0.0,0.0,0.0,,0.0,0.0,0.0,0.0,0.0,0.0,0.0,0.0,0.0,0.0,0.0,0.0,0.0,0.0,0.0,0.0,0.0,0.0,0.0,0.0,0.0,0.0,0.0,0.0,0.0,0.0,0.0,0.0,0.576,0.6255,0.2875
186,64,0.0005,3,10,100,32,8,128,184,435241,73,30,"{'sourceA': ['event_time', 'mcc_code', 'term_id'], 'sourceB': ['event_time', 'tr_type', 'amount']}",gender/checkpoints_large_30/model_64_0.0005_3_10_100_128_32_8_128epoch=06.ckpt,6,30,0.31794503,33.644,3.3046,0.0015,4.2165,1.3374,7.6874,0.5671,,732.1164,35.9189,233.2848,11.4453,210.9204,10.3481,199.0909,9.7677,184.2546,9.0398,173.2382,8.4994,152.7582,7.4946,47.9775,2.7693,15.2878,0.8824,13.8222,0.7978,13.0469,0.7531,12.0747,0.697,11.3528,0.6553,10.0106,0.5778,0.0,0.0,0.0,0.0,0.0,0.0,0.0,,0.0,0.0,0.0,0.0,0.0,0.0,0.0,0.0,0.0,0.0,0.0,0.0,0.0,0.0,0.0,0.0,0.0,0.0,0.0,0.0,0.0,0.0,0.0,0.0,0.0,0.0,0.0,0.0,0.64,0.6433,0.2875
187,64,0.0005,3,10,100,32,8,128,184,435241,73,30,"{'sourceA': ['event_time', 'mcc_code', 'term_id'], 'sourceB': ['event_time', 'tr_type', 'amount']}",gender/checkpoints_large_30/model_64_0.0005_3_10_100_128_32_8_128epoch=07.ckpt,7,30,0.3219697,35.3394,3.2842,0.0017,4.1636,1.3574,7.0901,0.5515,,762.6061,37.3764,235.1964,11.5273,213.0261,10.4407,201.2482,9.8635,186.3664,9.1341,174.8991,8.5721,154.7065,7.5824,52.9497,2.9652,16.3303,0.9145,14.7909,0.8283,13.9732,0.7825,12.9399,0.7246,12.1437,0.68,10.7417,0.6015,0.0,0.0,0.0,0.0,0.0,0.0,0.0,,0.0,0.0,0.0,0.0,0.0,0.0,0.0,0.0,0.0,0.0,0.0,0.0,0.0,0.0,0.0,0.0,0.0,0.0,0.0,0.0,0.0,0.0,0.0,0.0,0.0,0.0,0.0,0.0,0.612,0.6247,0.2875
188,64,0.0005,3,10,100,32,8,128,184,435241,73,30,"{'sourceA': ['event_time', 'mcc_code', 'term_id'], 'sourceB': ['event_time', 'tr_type', 'amount']}",gender/checkpoints_large_30/model_64_0.0005_3_10_100_128_32_8_128epoch=08.ckpt,8,30,0.3383049,34.8658,3.3137,0.0016,4.1624,1.3005,7.9647,0.5983,,774.9316,37.9775,238.7368,11.6999,216.9968,10.6345,205.2181,10.0572,190.5528,9.3385,179.4009,8.792,158.4481,7.7652,52.536,2.961,16.185,0.9122,14.7112,0.8291,13.9126,0.7841,12.9184,0.7281,12.1624,0.6855,10.7419,0.6054,0.0,0.0,0.0,0.0,0.0,0.0,0.0,,0.0,0.0,0.0,0.0,0.0,0.0,0.0,0.0,0.0,0.0,0.0,0.0,0.0,0.0,0.0,0.0,0.0,0.0,0.0,0.0,0.0,0.0,0.0,0.0,0.0,0.0,0.0,0.0,0.612,0.633,0.2875
189,64,0.0005,3,10,100,32,8,128,184,435241,73,30,"{'sourceA': ['event_time', 'mcc_code', 'term_id'], 'sourceB': ['event_time', 'tr_type', 'amount']}",gender/checkpoints_large_30/model_64_0.0005_3_10_100_128_32_8_128epoch=09.ckpt,9,30,0.34132338,36.039,3.2513,0.0016,4.1371,1.2973,8.2267,0.5993,,802.8466,39.2926,243.0921,11.8973,221.3131,10.8314,209.7152,10.2638,194.9207,9.5397,183.3778,8.9748,160.8267,7.8711,55.7084,3.0522,16.8678,0.9242,15.3566,0.8414,14.5518,0.7973,13.5253,0.741,12.7243,0.6971,11.1595,0.6114,0.0,0.0,0.0,0.0,0.0,0.0,0.0,,0.0,0.0,0.0,0.0,0.0,0.0,0.0,0.0,0.0,0.0,0.0,0.0,0.0,0.0,0.0,0.0,0.0,0.0,0.0,0.0,0.0,0.0,0.0,0.0,0.0,0.0,0.0,0.0,0.636,0.6397,0.2875
190,64,0.0005,3,10,100,32,8,128,184,435241,73,30,"{'sourceA': ['event_time', 'mcc_code', 'term_id'], 'sourceB': ['event_time', 'tr_type', 'amount']}",gender/checkpoints_large_30/model_64_0.0005_3_10_100_128_32_8_128epoch=10.ckpt,10,30,0.34593984,35.7356,3.254,0.0014,4.1736,1.29,8.1016,0.6052,,819.0857,40.0452,243.0399,11.8822,221.504,10.8294,210.2651,10.2799,195.9065,9.5779,185.0904,9.0491,163.8725,8.0117,57.6982,3.1526,17.1203,0.9354,15.6032,0.8526,14.8115,0.8093,13.8001,0.754,13.0382,0.7124,11.5435,0.6307,0.0,0.0,0.0,0.0,0.0,0.0,0.0,,0.0,0.0,0.0,0.0,0.0,0.0,0.0,0.0,0.0,0.0,0.0,0.0,0.0,0.0,0.0,0.0,0.0,0.0,0.0,0.0,0.0,0.0,0.0,0.0,0.0,0.0,0.0,0.0,0.64,0.6553,0.2875
191,64,0.0005,3,10,100,32,8,128,184,435241,73,30,"{'sourceA': ['event_time', 'mcc_code', 'term_id'], 'sourceB': ['event_time', 'tr_type', 'amount']}",gender/checkpoints_large_30/model_64_0.0005_3_10_100_128_32_8_128epoch=11.ckpt,11,30,0.34156016,35.4902,3.2132,0.0013,4.2093,1.2711,8.8558,0.6223,,822.3892,40.1877,245.0253,11.9736,223.7323,10.9331,212.3239,10.3756,197.9328,9.6724,187.0414,9.1401,164.7913,8.0528,58.2048,3.1006,17.3417,0.9238,15.8347,0.8435,15.0273,0.8005,14.0087,0.7463,13.2379,0.7052,11.6631,0.6213,0.0,0.0,0.0,0.0,0.0,0.0,0.0,,0.0,0.0,0.0,0.0,0.0,0.0,0.0,0.0,0.0,0.0,0.0,0.0,0.0,0.0,0.0,0.0,0.0,0.0,0.0,0.0,0.0,0.0,0.0,0.0,0.0,0.0,0.0,0.0,0.664,0.6628,0.2875
192,64,0.0005,3,10,100,32,8,128,184,435241,73,30,"{'sourceA': ['event_time', 'mcc_code', 'term_id'], 'sourceB': ['event_time', 'tr_type', 'amount']}",gender/checkpoints_large_30/model_64_0.0005_3_10_100_128_32_8_128epoch=12.ckpt,12,30,0.35434422,36.4365,3.2614,0.0014,4.2217,1.2834,8.3986,0.611,,839.1832,41.0237,247.1357,12.0813,225.6203,11.0295,214.2687,10.4746,200.0492,9.7795,189.0275,9.2407,166.7385,8.1511,55.9744,3.0122,16.4842,0.8871,15.0491,0.8099,14.292,0.7691,13.3435,0.7181,12.6083,0.6785,11.1216,0.5985,0.0,0.0,0.0,0.0,0.0,0.0,0.0,,0.0,0.0,0.0,0.0,0.0,0.0,0.0,0.0,0.0,0.0,0.0,0.0,0.0,0.0,0.0,0.0,0.0,0.0,0.0,0.0,0.0,0.0,0.0,0.0,0.0,0.0,0.0,0.0,0.648,0.6532,0.2875
193,64,0.0005,3,10,100,32,8,128,184,435241,73,30,"{'sourceA': ['event_time', 'mcc_code', 'term_id'], 'sourceB': ['event_time', 'tr_type', 'amount']}",gender/checkpoints_large_30/model_64_0.0005_3_10_100_128_32_8_128epoch=13.ckpt,13,30,0.35209513,36.6584,3.266,0.0014,4.2508,1.2736,8.7818,0.6203,,856.179,41.852,249.3833,12.1904,227.8527,11.138,216.4912,10.5826,202.1519,9.8817,190.9865,9.3359,168.0478,8.2146,59.6094,3.1856,17.3627,0.9279,15.8637,0.8478,15.0727,0.8055,14.0743,0.7522,13.297,0.7106,11.6999,0.6253,0.0,0.0,0.0,0.0,0.0,0.0,0.0,,0.0,0.0,0.0,0.0,0.0,0.0,0.0,0.0,0.0,0.0,0.0,0.0,0.0,0.0,0.0,0.0,0.0,0.0,0.0,0.0,0.0,0.0,0.0,0.0,0.0,0.0,0.0,0.0,0.652,0.6646,0.2875
194,64,0.0005,3,10,100,32,8,128,184,435241,73,30,"{'sourceA': ['event_time', 'mcc_code', 'term_id'], 'sourceB': ['event_time', 'tr_type', 'amount']}",gender/checkpoints_large_30/model_64_0.0005_3_10_100_128_32_8_128epoch=14.ckpt,14,30,0.3541075,36.9077,3.2789,0.0013,4.2563,1.2733,8.8936,0.6202,,853.6047,41.6872,251.0271,12.2593,229.8761,11.2264,218.5436,10.6729,204.2138,9.9731,193.138,9.4322,170.2272,8.3133,60.41,3.2285,17.7653,0.9494,16.2684,0.8694,15.4664,0.8266,14.4523,0.7724,13.6685,0.7305,12.0471,0.6438,0.0,0.0,0.0,0.0,0.0,0.0,0.0,,0.0,0.0,0.0,0.0,0.0,0.0,0.0,0.0,0.0,0.0,0.0,0.0,0.0,0.0,0.0,0.0,0.0,0.0,0.0,0.0,0.0,0.0,0.0,0.0,0.0,0.0,0.0,0.0,0.664,0.6928,0.2875
195,64,0.0005,3,10,100,32,8,128,184,435241,73,30,"{'sourceA': ['event_time', 'mcc_code', 'term_id'], 'sourceB': ['event_time', 'tr_type', 'amount']}",gender/checkpoints_large_30/model_64_0.0005_3_10_100_128_32_8_128epoch=15.ckpt,15,30,0.3611506,36.4079,3.2893,0.0012,4.2999,1.2624,8.6695,0.6303,,867.3959,42.3808,251.5233,12.2894,230.2617,11.2506,218.9526,10.698,204.6172,9.9976,193.225,9.4409,169.7735,8.2951,62.4482,3.2876,18.1084,0.9533,16.5777,0.8727,15.7635,0.8299,14.7314,0.7755,13.9113,0.7324,12.2229,0.6435,0.0,0.0,0.0,0.0,0.0,0.0,0.0,,0.0,0.0,0.0,0.0,0.0,0.0,0.0,0.0,0.0,0.0,0.0,0.0,0.0,0.0,0.0,0.0,0.0,0.0,0.0,0.0,0.0,0.0,0.0,0.0,0.0,0.0,0.0,0.0,0.668,0.6996,0.2875
196,64,0.0005,3,10,100,32,8,128,184,435241,73,30,"{'sourceA': ['event_time', 'mcc_code', 'term_id'], 'sourceB': ['event_time', 'tr_type', 'amount']}",gender/checkpoints_large_30/model_64_0.0005_3_10_100_128_32_8_128epoch=16.ckpt,16,30,0.35505447,36.5451,3.2497,0.0012,4.3166,1.2539,8.8812,0.6384,,873.5798,42.6067,253.0859,12.3436,231.9788,11.3142,220.7184,10.765,206.2973,10.0616,194.9522,9.5083,172.1224,8.3948,61.4063,3.2499,17.7901,0.9415,16.3064,0.863,15.5149,0.8211,14.5012,0.7675,13.7037,0.7253,12.0989,0.6403,0.0,0.0,0.0,0.0,0.0,0.0,0.0,,0.0,0.0,0.0,0.0,0.0,0.0,0.0,0.0,0.0,0.0,0.0,0.0,0.0,0.0,0.0,0.0,0.0,0.0,0.0,0.0,0.0,0.0,0.0,0.0,0.0,0.0,0.0,0.0,0.664,0.7,0.2875
197,64,0.0005,3,10,100,32,8,128,184,435241,73,30,"{'sourceA': ['event_time', 'mcc_code', 'term_id'], 'sourceB': ['event_time', 'tr_type', 'amount']}",gender/checkpoints_large_30/model_64_0.0005_3_10_100_128_32_8_128epoch=17.ckpt,17,30,0.36553028,37.2091,3.2686,0.0012,4.334,1.2645,9.2586,0.6283,,884.578,43.1544,254.294,12.4058,233.3927,11.3861,222.0758,10.834,207.7034,10.1329,196.6908,9.5956,173.5045,8.4645,63.3707,3.4295,18.2175,0.9859,16.7201,0.9049,15.9094,0.861,14.8798,0.8053,14.0908,0.7626,12.4298,0.6727,0.0,0.0,0.0,0.0,0.0,0.0,0.0,,0.0,0.0,0.0,0.0,0.0,0.0,0.0,0.0,0.0,0.0,0.0,0.0,0.0,0.0,0.0,0.0,0.0,0.0,0.0,0.0,0.0,0.0,0.0,0.0,0.0,0.0,0.0,0.0,0.66,0.6845,0.2875
198,64,0.0005,3,10,100,32,8,128,184,435241,73,30,"{'sourceA': ['event_time', 'mcc_code', 'term_id'], 'sourceB': ['event_time', 'tr_type', 'amount']}",gender/checkpoints_large_30/model_64_0.0005_3_10_100_128_32_8_128epoch=18.ckpt,18,30,0.36470166,37.5148,3.2702,0.0012,4.3412,1.2624,9.2885,0.6302,,898.9968,43.8776,255.9344,12.4915,234.8969,11.4647,223.6342,10.915,209.2318,10.212,197.9333,9.6606,173.7579,8.4806,64.405,3.3786,18.3354,0.9619,16.8283,0.8828,16.0214,0.8405,14.9896,0.7863,14.1801,0.7439,12.4482,0.653,0.0,0.0,0.0,0.0,0.0,0.0,0.0,,0.0,0.0,0.0,0.0,0.0,0.0,0.0,0.0,0.0,0.0,0.0,0.0,0.0,0.0,0.0,0.0,0.0,0.0,0.0,0.0,0.0,0.0,0.0,0.0,0.0,0.0,0.0,0.0,0.672,0.7048,0.2875
199,64,0.0005,3,10,100,32,8,128,184,435241,73,30,"{'sourceA': ['event_time', 'mcc_code', 'term_id'], 'sourceB': ['event_time', 'tr_type', 'amount']}",gender/checkpoints_large_30/model_64_0.0005_3_10_100_128_32_8_128epoch=19.ckpt,19,30,0.3695549,38.1448,3.2308,0.0012,4.3524,1.2696,9.3078,0.623,,911.4086,44.4325,256.9868,12.5285,236.2571,11.5179,225.1645,10.9771,210.7432,10.274,199.4417,9.7231,175.1396,8.5383,64.6913,3.4693,18.2408,0.9782,16.7694,0.8993,15.9821,0.8571,14.9584,0.8022,14.1563,0.7592,12.4313,0.6667,0.0,0.0,0.0,0.0,0.0,0.0,0.0,,0.0,0.0,0.0,0.0,0.0,0.0,0.0,0.0,0.0,0.0,0.0,0.0,0.0,0.0,0.0,0.0,0.0,0.0,0.0,0.0,0.0,0.0,0.0,0.0,0.0,0.0,0.0,0.0,0.676,0.7125,0.2875
200,64,0.0005,3,10,100,32,8,128,184,435241,73,30,"{'sourceA': ['event_time', 'mcc_code', 'term_id'], 'sourceB': ['event_time', 'tr_type', 'amount']}",gender/checkpoints_large_30/model_64_0.0005_3_10_100_128_32_8_128epoch=20.ckpt,20,30,0.36831206,37.7809,3.2408,0.0011,4.3857,1.2592,9.384,0.6336,,904.3157,44.0992,257.3333,12.5489,236.6052,11.5381,225.3374,10.9886,210.8595,10.2826,199.1684,9.7125,173.9586,8.4831,63.455,3.3897,18.0568,0.9646,16.6024,0.8869,15.8117,0.8446,14.7958,0.7904,13.9755,0.7465,12.2065,0.6521,0.0,0.0,0.0,0.0,0.0,0.0,0.0,,0.0,0.0,0.0,0.0,0.0,0.0,0.0,0.0,0.0,0.0,0.0,0.0,0.0,0.0,0.0,0.0,0.0,0.0,0.0,0.0,0.0,0.0,0.0,0.0,0.0,0.0,0.0,0.0,0.672,0.7215,0.2875
201,64,0.0005,3,10,100,32,8,128,184,435241,73,30,"{'sourceA': ['event_time', 'mcc_code', 'term_id'], 'sourceB': ['event_time', 'tr_type', 'amount']}",gender/checkpoints_large_30/model_64_0.0005_3_10_100_128_32_8_128epoch=21.ckpt,21,30,0.37553266,38.0618,3.2749,0.0011,4.381,1.2601,9.7946,0.6327,,911.3844,44.4722,257.7565,12.5776,236.9435,11.562,225.6835,11.0125,210.9688,10.2945,199.5493,9.7373,174.2273,8.5016,65.2486,3.4543,18.4535,0.9769,16.9635,0.8981,16.1573,0.8554,15.1039,0.7996,14.2863,0.7563,12.4734,0.6604,0.0,0.0,0.0,0.0,0.0,0.0,0.0,,0.0,0.0,0.0,0.0,0.0,0.0,0.0,0.0,0.0,0.0,0.0,0.0,0.0,0.0,0.0,0.0,0.0,0.0,0.0,0.0,0.0,0.0,0.0,0.0,0.0,0.0,0.0,0.0,0.684,0.6992,0.2875
202,64,0.0005,3,10,100,32,8,128,184,435241,73,30,"{'sourceA': ['event_time', 'mcc_code', 'term_id'], 'sourceB': ['event_time', 'tr_type', 'amount']}",gender/checkpoints_large_30/model_64_0.0005_3_10_100_128_32_8_128epoch=22.ckpt,22,30,0.37405303,38.1862,3.2535,0.0011,4.3961,1.2596,9.6471,0.6326,,918.9503,44.8169,258.7781,12.6205,238.0795,11.6111,226.7381,11.0579,212.2476,10.3512,200.551,9.7808,175.463,8.5573,64.099,3.4108,18.0504,0.9605,16.6066,0.8837,15.8155,0.8416,14.8048,0.7878,13.9889,0.7444,12.239,0.6513,0.0,0.0,0.0,0.0,0.0,0.0,0.0,,0.0,0.0,0.0,0.0,0.0,0.0,0.0,0.0,0.0,0.0,0.0,0.0,0.0,0.0,0.0,0.0,0.0,0.0,0.0,0.0,0.0,0.0,0.0,0.0,0.0,0.0,0.0,0.0,0.676,0.7098,0.2875
203,64,0.0005,3,10,100,32,8,128,184,435241,73,30,"{'sourceA': ['event_time', 'mcc_code', 'term_id'], 'sourceB': ['event_time', 'tr_type', 'amount']}",gender/checkpoints_large_30/model_64_0.0005_3_10_100_128_32_8_128epoch=23.ckpt,23,30,0.3732836,38.2507,3.2479,0.0011,4.4066,1.2621,9.5378,0.6302,,924.5728,45.0716,258.5904,12.6059,237.949,11.5997,226.757,11.0541,212.2304,10.3459,200.6581,9.7818,175.8314,8.5715,65.4455,3.4642,18.3042,0.9689,16.8431,0.8916,16.0509,0.8496,15.0226,0.7952,14.2035,0.7518,12.4461,0.6588,0.0,0.0,0.0,0.0,0.0,0.0,0.0,,0.0,0.0,0.0,0.0,0.0,0.0,0.0,0.0,0.0,0.0,0.0,0.0,0.0,0.0,0.0,0.0,0.0,0.0,0.0,0.0,0.0,0.0,0.0,0.0,0.0,0.0,0.0,0.0,0.696,0.7103,0.2875
204,64,0.0005,3,10,100,32,8,128,184,435241,73,30,"{'sourceA': ['event_time', 'mcc_code', 'term_id'], 'sourceB': ['event_time', 'tr_type', 'amount']}",gender/checkpoints_large_30/model_64_0.0005_3_10_100_128_32_8_128epoch=24.ckpt,24,30,0.37340203,38.2962,3.2075,0.0011,4.4204,1.2572,10.0588,0.635,,925.8342,45.1382,259.826,12.6676,239.1248,11.6583,227.9302,11.1125,213.2969,10.3991,201.6832,9.8329,176.3288,8.5967,65.1359,3.4404,18.2797,0.9655,16.8233,0.8886,16.0357,0.847,15.0062,0.7926,14.1892,0.7495,12.4054,0.6552,0.0,0.0,0.0,0.0,0.0,0.0,0.0,,0.0,0.0,0.0,0.0,0.0,0.0,0.0,0.0,0.0,0.0,0.0,0.0,0.0,0.0,0.0,0.0,0.0,0.0,0.0,0.0,0.0,0.0,0.0,0.0,0.0,0.0,0.0,0.0,0.704,0.7006,0.2875
205,64,0.0005,3,10,100,32,8,128,184,435241,73,30,"{'sourceA': ['event_time', 'mcc_code', 'term_id'], 'sourceB': ['event_time', 'tr_type', 'amount']}",gender/checkpoints_large_30/model_64_0.0005_3_10_100_128_32_8_128epoch=25.ckpt,25,30,0.36825284,39.0128,3.2255,0.0011,4.4126,1.2678,10.2399,0.6247,,932.5722,45.4639,260.0883,12.6796,239.5184,11.6768,228.2332,11.1266,213.675,10.4169,202.171,9.8561,177.3546,8.6462,65.8723,3.4756,18.3714,0.9693,16.9184,0.8927,16.1213,0.8506,15.093,0.7963,14.2804,0.7535,12.5275,0.661,0.0,0.0,0.0,0.0,0.0,0.0,0.0,,0.0,0.0,0.0,0.0,0.0,0.0,0.0,0.0,0.0,0.0,0.0,0.0,0.0,0.0,0.0,0.0,0.0,0.0,0.0,0.0,0.0,0.0,0.0,0.0,0.0,0.0,0.0,0.0,0.66,0.7017,0.2875
206,64,0.0005,3,10,100,32,8,128,184,435241,73,30,"{'sourceA': ['event_time', 'mcc_code', 'term_id'], 'sourceB': ['event_time', 'tr_type', 'amount']}",gender/checkpoints_large_30/model_64_0.0005_3_10_100_128_32_8_128epoch=26.ckpt,26,30,0.37251422,39.0341,3.2575,0.0011,4.418,1.2616,10.264,0.6312,,931.1365,45.4138,260.7408,12.717,240.0252,11.7066,228.735,11.156,214.2243,10.4482,202.5098,9.8769,176.8701,8.6264,65.2049,3.4331,18.259,0.9614,16.8083,0.885,16.0177,0.8433,15.0015,0.7898,14.1812,0.7467,12.3857,0.6521,0.0,0.0,0.0,0.0,0.0,0.0,0.0,,0.0,0.0,0.0,0.0,0.0,0.0,0.0,0.0,0.0,0.0,0.0,0.0,0.0,0.0,0.0,0.0,0.0,0.0,0.0,0.0,0.0,0.0,0.0,0.0,0.0,0.0,0.0,0.0,0.66,0.7012,0.2875
207,64,0.0005,3,10,100,32,8,128,184,435241,73,30,"{'sourceA': ['event_time', 'mcc_code', 'term_id'], 'sourceB': ['event_time', 'tr_type', 'amount']}",gender/checkpoints_large_30/model_64_0.0005_3_10_100_128_32_8_128epoch=27.ckpt,27,30,0.3705611,39.3003,3.2452,0.0011,4.4239,1.2641,9.9695,0.6289,,938.8303,45.8109,261.374,12.7539,240.6343,11.7419,229.3404,11.1908,214.8372,10.4831,203.1972,9.9151,177.3268,8.6528,67.1785,3.5292,18.7028,0.9825,17.2187,0.9046,16.4106,0.8621,15.3728,0.8076,14.5399,0.7638,12.6887,0.6666,0.0,0.0,0.0,0.0,0.0,0.0,0.0,,0.0,0.0,0.0,0.0,0.0,0.0,0.0,0.0,0.0,0.0,0.0,0.0,0.0,0.0,0.0,0.0,0.0,0.0,0.0,0.0,0.0,0.0,0.0,0.0,0.0,0.0,0.0,0.0,0.664,0.6853,0.2875
208,64,0.0005,3,10,100,32,8,128,184,435241,73,30,"{'sourceA': ['event_time', 'mcc_code', 'term_id'], 'sourceB': ['event_time', 'tr_type', 'amount']}",gender/checkpoints_large_30/model_64_0.0005_3_10_100_128_32_8_128epoch=28.ckpt,28,30,0.36979163,39.5762,3.247,0.0011,4.4382,1.2618,10.5132,0.6315,,942.2347,45.9877,262.4,12.807,241.6585,11.7946,230.1956,11.2352,215.6057,10.5231,203.7772,9.9458,177.1793,8.6476,66.7256,3.5071,18.5822,0.9767,17.1134,0.8995,16.3016,0.8568,15.2684,0.8025,14.4308,0.7585,12.5472,0.6595,0.0,0.0,0.0,0.0,0.0,0.0,0.0,,0.0,0.0,0.0,0.0,0.0,0.0,0.0,0.0,0.0,0.0,0.0,0.0,0.0,0.0,0.0,0.0,0.0,0.0,0.0,0.0,0.0,0.0,0.0,0.0,0.0,0.0,0.0,0.0,0.676,0.6934,0.2875
209,64,0.0005,3,10,100,32,8,128,184,435241,73,30,"{'sourceA': ['event_time', 'mcc_code', 'term_id'], 'sourceB': ['event_time', 'tr_type', 'amount']}",gender/checkpoints_large_30/model_64_0.0005_3_10_100_128_32_8_128epoch=29.ckpt,29,30,0.37801847,39.5221,3.2409,0.001,4.4401,1.261,10.4375,0.6317,,946.8121,46.1749,262.815,12.8172,242.2532,11.8144,230.9176,11.2616,216.3037,10.5489,204.3667,9.9667,178.0772,8.6846,66.0612,3.4734,18.3372,0.9641,16.9025,0.8887,16.1116,0.8471,15.092,0.7935,14.2591,0.7497,12.4248,0.6533,0.0,0.0,0.0,0.0,0.0,0.0,0.0,,0.0,0.0,0.0,0.0,0.0,0.0,0.0,0.0,0.0,0.0,0.0,0.0,0.0,0.0,0.0,0.0,0.0,0.0,0.0,0.0,0.0,0.0,0.0,0.0,0.0,0.0,0.0,0.0,0.684,0.7046,0.2875
210,64,0.001,3,10,100,32,8,128,184,435241,73,30,"{'sourceA': ['event_time', 'mcc_code', 'term_id'], 'sourceB': ['event_time', 'tr_type', 'amount']}",gender/checkpoints_large_30/model_64_0.001_3_10_100_128_32_8_128epoch=00.ckpt,0,30,0.0,30.5513,3.3345,0.0011,4.6772,1.3269,5.9274,0.5824,,526.2486,26.2806,225.4432,11.2585,197.3402,9.8551,181.6962,9.0738,161.9791,8.0891,147.2348,7.3528,121.6941,6.0773,26.4655,1.6918,11.3377,0.7248,9.9244,0.6344,9.1377,0.5841,8.1461,0.5207,7.4046,0.4733,6.1201,0.3912,0.0,0.0,0.0,0.0,0.0,0.0,0.0,,0.0,0.0,0.0,0.0,0.0,0.0,0.0,0.0,0.0,0.0,0.0,0.0,0.0,0.0,0.0,0.0,0.0,0.0,0.0,0.0,0.0,0.0,0.0,0.0,0.0,0.0,0.0,0.0,0.62,0.6083,0.2875
211,64,0.001,3,10,100,32,8,128,184,435241,73,30,"{'sourceA': ['event_time', 'mcc_code', 'term_id'], 'sourceB': ['event_time', 'tr_type', 'amount']}",gender/checkpoints_large_30/model_64_0.001_3_10_100_128_32_8_128epoch=01.ckpt,1,30,0.0,32.7611,3.3357,0.0013,4.4442,1.3331,7.6664,0.5722,,629.0944,31.1457,228.0373,11.2898,204.3384,10.1165,191.1506,9.4636,174.6766,8.648,162.2081,8.0307,137.0094,6.7832,37.2871,2.2788,13.516,0.826,12.1114,0.7402,11.3297,0.6924,10.3533,0.6327,9.6143,0.5876,8.1207,0.4963,0.0,0.0,0.0,0.0,0.0,0.0,0.0,,0.0,0.0,0.0,0.0,0.0,0.0,0.0,0.0,0.0,0.0,0.0,0.0,0.0,0.0,0.0,0.0,0.0,0.0,0.0,0.0,0.0,0.0,0.0,0.0,0.0,0.0,0.0,0.0,0.64,0.6437,0.2875
212,64,0.001,3,10,100,32,8,128,184,435241,73,30,"{'sourceA': ['event_time', 'mcc_code', 'term_id'], 'sourceB': ['event_time', 'tr_type', 'amount']}",gender/checkpoints_large_30/model_64_0.001_3_10_100_128_32_8_128epoch=02.ckpt,2,30,0.0,36.0817,3.2995,0.0016,4.2547,1.3401,8.5355,0.565,,727.57,35.749,235.5501,11.5737,212.9672,10.4641,201.0327,9.8777,185.769,9.1277,173.4766,8.5237,147.3451,7.2398,46.3325,2.7204,15.0001,0.8807,13.562,0.7963,12.802,0.7517,11.83,0.6946,11.0472,0.6486,9.3831,0.5509,0.0,0.0,0.0,0.0,0.0,0.0,0.0,,0.0,0.0,0.0,0.0,0.0,0.0,0.0,0.0,0.0,0.0,0.0,0.0,0.0,0.0,0.0,0.0,0.0,0.0,0.0,0.0,0.0,0.0,0.0,0.0,0.0,0.0,0.0,0.0,0.652,0.6945,0.2875
213,64,0.001,3,10,100,32,8,128,184,435241,73,30,"{'sourceA': ['event_time', 'mcc_code', 'term_id'], 'sourceB': ['event_time', 'tr_type', 'amount']}",gender/checkpoints_large_30/model_64_0.001_3_10_100_128_32_8_128epoch=03.ckpt,3,30,0.0,37.2876,3.2956,0.0015,4.1925,1.3075,8.6471,0.5895,,808.7522,39.575,243.0339,11.8925,221.1878,10.8235,209.4751,10.2503,194.8057,9.5325,182.899,8.9499,157.8467,7.724,57.0152,3.1177,17.1333,0.9369,15.5932,0.8527,14.7675,0.8075,13.7334,0.751,12.894,0.7051,11.1278,0.6085,0.0,0.0,0.0,0.0,0.0,0.0,0.0,,0.0,0.0,0.0,0.0,0.0,0.0,0.0,0.0,0.0,0.0,0.0,0.0,0.0,0.0,0.0,0.0,0.0,0.0,0.0,0.0,0.0,0.0,0.0,0.0,0.0,0.0,0.0,0.0,0.684,0.7122,0.2875
214,64,0.001,3,10,100,32,8,128,184,435241,73,30,"{'sourceA': ['event_time', 'mcc_code', 'term_id'], 'sourceB': ['event_time', 'tr_type', 'amount']}",gender/checkpoints_large_30/model_64_0.001_3_10_100_128_32_8_128epoch=04.ckpt,4,30,0.0,37.4411,3.2702,0.0014,4.2669,1.2667,8.7629,0.6262,,850.2316,41.5853,249.3686,12.1967,228.0095,11.1521,216.5131,10.5898,201.0445,9.8332,188.5374,9.2215,164.1159,8.027,61.1874,3.2516,17.946,0.9537,16.4088,0.872,15.5815,0.828,14.4683,0.7689,13.5682,0.721,11.8107,0.6276,0.0,0.0,0.0,0.0,0.0,0.0,0.0,,0.0,0.0,0.0,0.0,0.0,0.0,0.0,0.0,0.0,0.0,0.0,0.0,0.0,0.0,0.0,0.0,0.0,0.0,0.0,0.0,0.0,0.0,0.0,0.0,0.0,0.0,0.0,0.0,0.676,0.6919,0.2875
215,64,0.001,3,10,100,32,8,128,184,435241,73,30,"{'sourceA': ['event_time', 'mcc_code', 'term_id'], 'sourceB': ['event_time', 'tr_type', 'amount']}",gender/checkpoints_large_30/model_64_0.001_3_10_100_128_32_8_128epoch=05.ckpt,5,30,0.0,39.4113,3.2476,0.0013,4.2826,1.2728,9.0134,0.6202,,905.2416,44.1606,255.0217,12.4408,233.976,11.4141,222.3732,10.8481,207.375,10.1164,195.5128,9.5377,170.3469,8.3101,65.427,3.4146,18.4319,0.9619,16.9108,0.8826,16.0722,0.8388,14.9882,0.7822,14.1308,0.7375,12.312,0.6426,0.0,0.0,0.0,0.0,0.0,0.0,0.0,,0.0,0.0,0.0,0.0,0.0,0.0,0.0,0.0,0.0,0.0,0.0,0.0,0.0,0.0,0.0,0.0,0.0,0.0,0.0,0.0,0.0,0.0,0.0,0.0,0.0,0.0,0.0,0.0,0.656,0.7088,0.2875
216,64,0.001,3,10,100,32,8,128,184,435241,73,30,"{'sourceA': ['event_time', 'mcc_code', 'term_id'], 'sourceB': ['event_time', 'tr_type', 'amount']}",gender/checkpoints_large_30/model_64_0.001_3_10_100_128_32_8_128epoch=06.ckpt,6,30,0.0,40.1997,3.184,0.0012,4.3618,1.2481,9.084,0.644,,926.4597,45.1792,259.1129,12.6357,238.2554,11.6186,226.8018,11.0601,211.7537,10.3263,199.8008,9.7434,173.4927,8.4604,62.4353,3.3567,17.462,0.9388,16.0563,0.8632,15.2845,0.8217,14.2704,0.7672,13.4648,0.7239,11.6919,0.6286,0.0,0.0,0.0,0.0,0.0,0.0,0.0,,0.0,0.0,0.0,0.0,0.0,0.0,0.0,0.0,0.0,0.0,0.0,0.0,0.0,0.0,0.0,0.0,0.0,0.0,0.0,0.0,0.0,0.0,0.0,0.0,0.0,0.0,0.0,0.0,0.664,0.6981,0.2875
217,64,0.001,3,10,100,32,8,128,184,435241,73,30,"{'sourceA': ['event_time', 'mcc_code', 'term_id'], 'sourceB': ['event_time', 'tr_type', 'amount']}",gender/checkpoints_large_30/model_64_0.001_3_10_100_128_32_8_128epoch=07.ckpt,7,30,0.0,41.7004,3.1194,0.0012,4.4189,1.2481,9.6519,0.6434,,962.9935,46.9025,264.1718,12.8665,243.5345,11.8613,232.2076,11.3097,217.2873,10.583,205.1029,9.9895,178.9914,8.7178,60.188,3.2375,16.511,0.8881,15.2211,0.8187,14.5132,0.7807,13.5807,0.7305,12.8191,0.6895,11.1871,0.6017,0.0,0.0,0.0,0.0,0.0,0.0,0.0,,0.0,0.0,0.0,0.0,0.0,0.0,0.0,0.0,0.0,0.0,0.0,0.0,0.0,0.0,0.0,0.0,0.0,0.0,0.0,0.0,0.0,0.0,0.0,0.0,0.0,0.0,0.0,0.0,0.64,0.6947,0.2875
218,64,0.001,3,10,100,32,8,128,184,435241,73,30,"{'sourceA': ['event_time', 'mcc_code', 'term_id'], 'sourceB': ['event_time', 'tr_type', 'amount']}",gender/checkpoints_large_30/model_64_0.001_3_10_100_128_32_8_128epoch=08.ckpt,8,30,0.0,43.0716,3.1687,0.0012,4.473,1.2414,9.8036,0.6498,,986.9189,48.0692,268.9602,13.1001,248.6738,12.112,237.4397,11.5648,222.6118,10.8426,210.6443,10.2597,183.345,8.9301,62.5139,3.2732,17.0366,0.892,15.7516,0.8248,15.04,0.7875,14.1008,0.7383,13.3427,0.6986,11.6135,0.6081,0.0,0.0,0.0,0.0,0.0,0.0,0.0,,0.0,0.0,0.0,0.0,0.0,0.0,0.0,0.0,0.0,0.0,0.0,0.0,0.0,0.0,0.0,0.0,0.0,0.0,0.0,0.0,0.0,0.0,0.0,0.0,0.0,0.0,0.0,0.0,0.628,0.6686,0.2875
219,64,0.001,3,10,100,32,8,128,184,435241,73,30,"{'sourceA': ['event_time', 'mcc_code', 'term_id'], 'sourceB': ['event_time', 'tr_type', 'amount']}",gender/checkpoints_large_30/model_64_0.001_3_10_100_128_32_8_128epoch=09.ckpt,9,30,0.0,43.8197,3.1629,0.0011,4.52,1.2357,10.5416,0.6553,,1006.9264,49.0206,271.3739,13.2114,251.0617,12.2225,239.8037,11.6745,225.1091,10.9591,213.0746,10.3732,185.4245,9.0271,56.4593,3.0849,15.2162,0.8314,14.0773,0.7692,13.446,0.7347,12.6221,0.6897,11.9473,0.6528,10.3969,0.5681,0.0,0.0,0.0,0.0,0.0,0.0,0.0,,0.0,0.0,0.0,0.0,0.0,0.0,0.0,0.0,0.0,0.0,0.0,0.0,0.0,0.0,0.0,0.0,0.0,0.0,0.0,0.0,0.0,0.0,0.0,0.0,0.0,0.0,0.0,0.0,0.676,0.6998,0.2875
220,64,0.001,3,10,100,32,8,128,184,435241,73,30,"{'sourceA': ['event_time', 'mcc_code', 'term_id'], 'sourceB': ['event_time', 'tr_type', 'amount']}",gender/checkpoints_large_30/model_64_0.001_3_10_100_128_32_8_128epoch=10.ckpt,10,30,0.0,43.9633,3.0822,0.0011,4.5216,1.2319,10.6134,0.6591,,1011.4952,49.2332,272.1938,13.2487,251.9543,12.2635,240.7671,11.719,226.226,11.0113,214.4408,10.4376,187.1749,9.1105,56.7963,3.1238,15.2839,0.8406,14.1474,0.7781,13.5193,0.7436,12.7028,0.6986,12.041,0.6623,10.51,0.578,0.0,0.0,0.0,0.0,0.0,0.0,0.0,,0.0,0.0,0.0,0.0,0.0,0.0,0.0,0.0,0.0,0.0,0.0,0.0,0.0,0.0,0.0,0.0,0.0,0.0,0.0,0.0,0.0,0.0,0.0,0.0,0.0,0.0,0.0,0.0,0.644,0.7237,0.2875
221,64,0.001,3,10,100,32,8,128,184,435241,73,30,"{'sourceA': ['event_time', 'mcc_code', 'term_id'], 'sourceB': ['event_time', 'tr_type', 'amount']}",gender/checkpoints_large_30/model_64_0.001_3_10_100_128_32_8_128epoch=11.ckpt,11,30,0.0,44.4741,3.0583,0.0011,4.5584,1.2322,11.0683,0.659,,1027.9092,50.0354,273.7193,13.3238,253.7244,12.3505,242.7007,11.8139,228.5259,11.1239,216.9762,10.5617,189.6437,9.2313,56.2813,3.1285,14.987,0.8331,13.8922,0.7722,13.2886,0.7387,12.5125,0.6955,11.8801,0.6604,10.3836,0.5772,0.0,0.0,0.0,0.0,0.0,0.0,0.0,,0.0,0.0,0.0,0.0,0.0,0.0,0.0,0.0,0.0,0.0,0.0,0.0,0.0,0.0,0.0,0.0,0.0,0.0,0.0,0.0,0.0,0.0,0.0,0.0,0.0,0.0,0.0,0.0,0.66,0.7168,0.2875
222,64,0.001,3,10,100,32,8,128,184,435241,73,30,"{'sourceA': ['event_time', 'mcc_code', 'term_id'], 'sourceB': ['event_time', 'tr_type', 'amount']}",gender/checkpoints_large_30/model_64_0.001_3_10_100_128_32_8_128epoch=12.ckpt,12,30,0.0,44.8426,3.1355,0.001,4.5671,1.2289,10.7099,0.6623,,1030.3224,50.1315,275.2611,13.3931,255.3891,12.4262,244.4449,11.8937,230.0457,11.1931,218.3552,10.6243,191.7708,9.3308,55.007,3.0326,14.6957,0.8102,13.6348,0.7517,13.0505,0.7195,12.2817,0.6771,11.6576,0.6427,10.2383,0.5645,0.0,0.0,0.0,0.0,0.0,0.0,0.0,,0.0,0.0,0.0,0.0,0.0,0.0,0.0,0.0,0.0,0.0,0.0,0.0,0.0,0.0,0.0,0.0,0.0,0.0,0.0,0.0,0.0,0.0,0.0,0.0,0.0,0.0,0.0,0.0,0.656,0.7,0.2875
223,64,0.001,3,10,100,32,8,128,184,435241,73,30,"{'sourceA': ['event_time', 'mcc_code', 'term_id'], 'sourceB': ['event_time', 'tr_type', 'amount']}",gender/checkpoints_large_30/model_64_0.001_3_10_100_128_32_8_128epoch=13.ckpt,13,30,0.0,45.2288,3.1136,0.0011,4.5772,1.2294,11.0645,0.6621,,1045.1613,50.8605,275.9666,13.4293,256.3484,12.4746,245.4325,11.9434,231.4105,11.2611,219.762,10.6942,191.3906,9.3136,56.8262,3.1019,15.0045,0.819,13.9379,0.7608,13.3443,0.7284,12.582,0.6868,11.9486,0.6522,10.4061,0.568,0.0,0.0,0.0,0.0,0.0,0.0,0.0,,0.0,0.0,0.0,0.0,0.0,0.0,0.0,0.0,0.0,0.0,0.0,0.0,0.0,0.0,0.0,0.0,0.0,0.0,0.0,0.0,0.0,0.0,0.0,0.0,0.0,0.0,0.0,0.0,0.66,0.6966,0.2875
224,64,0.001,3,10,100,32,8,128,184,435241,73,30,"{'sourceA': ['event_time', 'mcc_code', 'term_id'], 'sourceB': ['event_time', 'tr_type', 'amount']}",gender/checkpoints_large_30/model_64_0.001_3_10_100_128_32_8_128epoch=14.ckpt,14,30,0.0,46.2008,3.0931,0.0011,4.5407,1.2408,11.6355,0.65,,1060.4829,51.6272,276.1558,13.444,256.3521,12.4799,245.5315,11.9531,231.4446,11.2674,220.0334,10.7118,191.8327,9.3389,54.0651,3.0204,14.0789,0.7865,13.0692,0.7301,12.5176,0.6993,11.7994,0.6592,11.2176,0.6267,9.7799,0.5464,0.0,0.0,0.0,0.0,0.0,0.0,0.0,,0.0,0.0,0.0,0.0,0.0,0.0,0.0,0.0,0.0,0.0,0.0,0.0,0.0,0.0,0.0,0.0,0.0,0.0,0.0,0.0,0.0,0.0,0.0,0.0,0.0,0.0,0.0,0.0,0.672,0.7114,0.2875
225,64,0.001,3,10,100,32,8,128,184,435241,73,30,"{'sourceA': ['event_time', 'mcc_code', 'term_id'], 'sourceB': ['event_time', 'tr_type', 'amount']}",gender/checkpoints_large_30/model_64_0.001_3_10_100_128_32_8_128epoch=15.ckpt,15,30,0.0,45.9585,3.1372,0.001,4.5659,1.2292,11.4109,0.6621,,1060.714,51.6387,277.3862,13.504,257.6883,12.545,246.8985,12.0198,232.896,11.3381,221.3158,10.7743,192.7352,9.3829,51.8401,2.9557,13.5567,0.7729,12.594,0.7181,12.0666,0.688,11.3823,0.649,10.8163,0.6167,9.4195,0.5371,0.0,0.0,0.0,0.0,0.0,0.0,0.0,,0.0,0.0,0.0,0.0,0.0,0.0,0.0,0.0,0.0,0.0,0.0,0.0,0.0,0.0,0.0,0.0,0.0,0.0,0.0,0.0,0.0,0.0,0.0,0.0,0.0,0.0,0.0,0.0,0.648,0.7135,0.2875
226,64,0.001,3,10,100,32,8,128,184,435241,73,30,"{'sourceA': ['event_time', 'mcc_code', 'term_id'], 'sourceB': ['event_time', 'tr_type', 'amount']}",gender/checkpoints_large_30/model_64_0.001_3_10_100_128_32_8_128epoch=16.ckpt,16,30,0.0,46.5107,3.1468,0.001,4.577,1.2339,11.7819,0.6569,,1070.2014,52.0746,277.9541,13.5249,258.5534,12.5809,247.7505,12.0552,233.7422,11.3736,222.457,10.8245,194.6984,9.4738,53.4594,2.9849,13.8845,0.7752,12.9154,0.7211,12.3758,0.691,11.676,0.6519,11.1123,0.6204,9.7257,0.543,0.0,0.0,0.0,0.0,0.0,0.0,0.0,,0.0,0.0,0.0,0.0,0.0,0.0,0.0,0.0,0.0,0.0,0.0,0.0,0.0,0.0,0.0,0.0,0.0,0.0,0.0,0.0,0.0,0.0,0.0,0.0,0.0,0.0,0.0,0.0,0.656,0.6975,0.2875
227,64,0.001,3,10,100,32,8,128,184,435241,73,30,"{'sourceA': ['event_time', 'mcc_code', 'term_id'], 'sourceB': ['event_time', 'tr_type', 'amount']}",gender/checkpoints_large_30/model_64_0.001_3_10_100_128_32_8_128epoch=17.ckpt,17,30,0.0,46.9518,3.0135,0.001,4.5839,1.2353,11.5778,0.6557,,1078.5884,52.4783,278.5198,13.5513,258.9343,12.5984,248.091,12.0708,234.2278,11.3963,222.5692,10.829,195.0569,9.4904,55.2149,3.0786,14.2579,0.795,13.2553,0.7391,12.7002,0.7081,11.9905,0.6686,11.3937,0.6353,9.9853,0.5568,0.0,0.0,0.0,0.0,0.0,0.0,0.0,,0.0,0.0,0.0,0.0,0.0,0.0,0.0,0.0,0.0,0.0,0.0,0.0,0.0,0.0,0.0,0.0,0.0,0.0,0.0,0.0,0.0,0.0,0.0,0.0,0.0,0.0,0.0,0.0,0.652,0.6984,0.2875
228,64,0.001,3,10,100,32,8,128,184,435241,73,30,"{'sourceA': ['event_time', 'mcc_code', 'term_id'], 'sourceB': ['event_time', 'tr_type', 'amount']}",gender/checkpoints_large_30/model_64_0.001_3_10_100_128_32_8_128epoch=18.ckpt,18,30,0.0,47.2563,3.1591,0.0009,4.5804,1.2315,11.0946,0.66,,1088.2836,52.9675,280.1471,13.6349,260.5428,12.6808,249.6513,12.1507,235.7189,11.4726,224.3695,10.9202,195.8655,9.5329,56.12,3.0991,14.4465,0.7978,13.4355,0.7419,12.8739,0.7109,12.1554,0.6712,11.5702,0.6389,10.1003,0.5578,0.0,0.0,0.0,0.0,0.0,0.0,0.0,,0.0,0.0,0.0,0.0,0.0,0.0,0.0,0.0,0.0,0.0,0.0,0.0,0.0,0.0,0.0,0.0,0.0,0.0,0.0,0.0,0.0,0.0,0.0,0.0,0.0,0.0,0.0,0.0,0.692,0.7206,0.2875
229,64,0.001,3,10,100,32,8,128,184,435241,73,30,"{'sourceA': ['event_time', 'mcc_code', 'term_id'], 'sourceB': ['event_time', 'tr_type', 'amount']}",gender/checkpoints_large_30/model_64_0.001_3_10_100_128_32_8_128epoch=19.ckpt,19,30,0.0,47.6396,3.0425,0.0009,4.5675,1.2329,11.2131,0.658,,1100.5232,53.5103,280.9303,13.6596,261.4826,12.714,250.9411,12.2014,237.2509,11.5358,226.0973,10.9934,198.7445,9.6635,55.0683,3.0541,14.0573,0.7796,13.0841,0.7257,12.5567,0.6964,11.8716,0.6584,11.3135,0.6275,9.9448,0.5515,0.0,0.0,0.0,0.0,0.0,0.0,0.0,,0.0,0.0,0.0,0.0,0.0,0.0,0.0,0.0,0.0,0.0,0.0,0.0,0.0,0.0,0.0,0.0,0.0,0.0,0.0,0.0,0.0,0.0,0.0,0.0,0.0,0.0,0.0,0.0,0.672,0.7273,0.2875
230,64,0.001,3,10,100,32,8,128,184,435241,73,30,"{'sourceA': ['event_time', 'mcc_code', 'term_id'], 'sourceB': ['event_time', 'tr_type', 'amount']}",gender/checkpoints_large_30/model_64_0.001_3_10_100_128_32_8_128epoch=20.ckpt,20,30,0.0,47.2936,3.0885,0.0009,4.6123,1.2278,11.3438,0.6636,,1091.8918,53.1061,281.1428,13.6739,261.7384,12.7301,250.959,12.2058,237.1034,11.5319,225.5123,10.9682,196.2687,9.5459,52.7408,2.9482,13.5798,0.7591,12.6426,0.7067,12.1219,0.6776,11.4526,0.6402,10.8927,0.6089,9.4802,0.5299,0.0,0.0,0.0,0.0,0.0,0.0,0.0,,0.0,0.0,0.0,0.0,0.0,0.0,0.0,0.0,0.0,0.0,0.0,0.0,0.0,0.0,0.0,0.0,0.0,0.0,0.0,0.0,0.0,0.0,0.0,0.0,0.0,0.0,0.0,0.0,0.68,0.7165,0.2875
231,64,0.001,3,10,100,32,8,128,184,435241,73,30,"{'sourceA': ['event_time', 'mcc_code', 'term_id'], 'sourceB': ['event_time', 'tr_type', 'amount']}",gender/checkpoints_large_30/model_64_0.001_3_10_100_128_32_8_128epoch=21.ckpt,21,30,0.0,47.359,3.067,0.0009,4.6392,1.2275,11.3827,0.664,,1099.0438,53.4641,281.9067,13.7136,262.3976,12.7646,251.6015,12.2394,237.5918,11.5579,226.0757,10.9977,196.9807,9.5823,53.4138,2.9687,13.7007,0.7615,12.7526,0.7088,12.2279,0.6796,11.547,0.6418,10.9873,0.6107,9.5733,0.5321,0.0,0.0,0.0,0.0,0.0,0.0,0.0,,0.0,0.0,0.0,0.0,0.0,0.0,0.0,0.0,0.0,0.0,0.0,0.0,0.0,0.0,0.0,0.0,0.0,0.0,0.0,0.0,0.0,0.0,0.0,0.0,0.0,0.0,0.0,0.0,0.668,0.741,0.2875
232,64,0.001,3,10,100,32,8,128,184,435241,73,30,"{'sourceA': ['event_time', 'mcc_code', 'term_id'], 'sourceB': ['event_time', 'tr_type', 'amount']}",gender/checkpoints_large_30/model_64_0.001_3_10_100_128_32_8_128epoch=22.ckpt,22,30,0.0,47.8199,3.1914,0.0009,4.604,1.2293,11.6164,0.6621,,1102.6243,53.6793,281.869,13.7223,262.5116,12.7799,251.8691,12.2618,238.1852,11.5956,226.9837,11.0503,198.4287,9.6601,53.6824,2.996,13.7231,0.7659,12.7806,0.7133,12.2625,0.6844,11.5963,0.6472,11.0509,0.6167,9.6607,0.5392,0.0,0.0,0.0,0.0,0.0,0.0,0.0,,0.0,0.0,0.0,0.0,0.0,0.0,0.0,0.0,0.0,0.0,0.0,0.0,0.0,0.0,0.0,0.0,0.0,0.0,0.0,0.0,0.0,0.0,0.0,0.0,0.0,0.0,0.0,0.0,0.684,0.7229,0.2875
233,64,0.001,3,10,100,32,8,128,184,435241,73,30,"{'sourceA': ['event_time', 'mcc_code', 'term_id'], 'sourceB': ['event_time', 'tr_type', 'amount']}",gender/checkpoints_large_30/model_64_0.001_3_10_100_128_32_8_128epoch=23.ckpt,23,30,0.0,47.3862,3.095,0.0009,4.6432,1.2219,11.3182,0.6699,,1099.1016,53.4677,281.6723,13.7024,262.3909,12.7645,251.8522,12.2518,238.0666,11.5812,226.9818,11.0419,198.5181,9.6573,52.7658,2.9421,13.5226,0.754,12.5969,0.7024,12.091,0.6742,11.4291,0.6373,10.897,0.6076,9.5305,0.5314,0.0,0.0,0.0,0.0,0.0,0.0,0.0,,0.0,0.0,0.0,0.0,0.0,0.0,0.0,0.0,0.0,0.0,0.0,0.0,0.0,0.0,0.0,0.0,0.0,0.0,0.0,0.0,0.0,0.0,0.0,0.0,0.0,0.0,0.0,0.0,0.692,0.7152,0.2875
234,64,0.001,3,10,100,32,8,128,184,435241,73,30,"{'sourceA': ['event_time', 'mcc_code', 'term_id'], 'sourceB': ['event_time', 'tr_type', 'amount']}",gender/checkpoints_large_30/model_64_0.001_3_10_100_128_32_8_128epoch=24.ckpt,24,30,0.0,47.6641,3.1752,0.0008,4.6577,1.2255,11.3743,0.6663,,1105.634,53.7983,282.8383,13.7624,263.3458,12.814,252.8156,12.3016,238.9054,11.6247,227.4495,11.0673,198.8142,9.674,52.0694,2.9036,13.3202,0.7428,12.4022,0.6916,11.9063,0.664,11.2512,0.6274,10.7116,0.5973,9.3631,0.5221,0.0,0.0,0.0,0.0,0.0,0.0,0.0,,0.0,0.0,0.0,0.0,0.0,0.0,0.0,0.0,0.0,0.0,0.0,0.0,0.0,0.0,0.0,0.0,0.0,0.0,0.0,0.0,0.0,0.0,0.0,0.0,0.0,0.0,0.0,0.0,0.676,0.7229,0.2875
235,64,0.001,3,10,100,32,8,128,184,435241,73,30,"{'sourceA': ['event_time', 'mcc_code', 'term_id'], 'sourceB': ['event_time', 'tr_type', 'amount']}",gender/checkpoints_large_30/model_64_0.001_3_10_100_128_32_8_128epoch=25.ckpt,25,30,0.0,47.8168,3.103,0.0009,4.634,1.2233,11.5414,0.669,,1106.2668,53.8549,282.7037,13.7625,263.4019,12.8228,252.7848,12.306,238.9321,11.6316,227.6453,11.0821,198.9371,9.6846,51.9021,2.9414,13.2635,0.7517,12.3579,0.7003,11.8598,0.6721,11.2098,0.6353,10.6803,0.6053,9.3334,0.5289,0.0,0.0,0.0,0.0,0.0,0.0,0.0,,0.0,0.0,0.0,0.0,0.0,0.0,0.0,0.0,0.0,0.0,0.0,0.0,0.0,0.0,0.0,0.0,0.0,0.0,0.0,0.0,0.0,0.0,0.0,0.0,0.0,0.0,0.0,0.0,0.692,0.743,0.2875
236,64,0.001,3,10,100,32,8,128,184,435241,73,30,"{'sourceA': ['event_time', 'mcc_code', 'term_id'], 'sourceB': ['event_time', 'tr_type', 'amount']}",gender/checkpoints_large_30/model_64_0.001_3_10_100_128_32_8_128epoch=26.ckpt,26,30,0.0,47.8293,3.0446,0.0008,4.648,1.2241,11.4796,0.6677,,1109.0626,53.9365,283.5425,13.7894,264.2617,12.8517,253.638,12.3351,239.63,11.6538,228.1865,11.0973,199.4416,9.6993,51.3939,2.8774,13.1393,0.7356,12.2459,0.6856,11.7536,0.658,11.1044,0.6217,10.5742,0.592,9.2421,0.5174,0.0,0.0,0.0,0.0,0.0,0.0,0.0,,0.0,0.0,0.0,0.0,0.0,0.0,0.0,0.0,0.0,0.0,0.0,0.0,0.0,0.0,0.0,0.0,0.0,0.0,0.0,0.0,0.0,0.0,0.0,0.0,0.0,0.0,0.0,0.0,0.7,0.7256,0.2875
237,64,0.001,3,10,100,32,8,128,184,435241,73,30,"{'sourceA': ['event_time', 'mcc_code', 'term_id'], 'sourceB': ['event_time', 'tr_type', 'amount']}",gender/checkpoints_large_30/model_64_0.001_3_10_100_128_32_8_128epoch=27.ckpt,27,30,0.0,48.2286,3.1239,0.0009,4.6347,1.2262,11.7494,0.6653,,1109.8983,53.9899,283.1486,13.7735,263.8123,12.8329,253.338,12.3234,239.5895,11.6546,228.4344,11.112,200.0087,9.7292,51.5853,2.9156,13.16,0.7438,12.2613,0.693,11.7745,0.6655,11.1355,0.6294,10.6171,0.6001,9.2959,0.5254,0.0,0.0,0.0,0.0,0.0,0.0,0.0,,0.0,0.0,0.0,0.0,0.0,0.0,0.0,0.0,0.0,0.0,0.0,0.0,0.0,0.0,0.0,0.0,0.0,0.0,0.0,0.0,0.0,0.0,0.0,0.0,0.0,0.0,0.0,0.0,0.676,0.7161,0.2875
238,64,0.001,3,10,100,32,8,128,184,435241,73,30,"{'sourceA': ['event_time', 'mcc_code', 'term_id'], 'sourceB': ['event_time', 'tr_type', 'amount']}",gender/checkpoints_large_30/model_64_0.001_3_10_100_128_32_8_128epoch=28.ckpt,28,30,0.0,48.242,3.1545,0.0009,4.6441,1.2275,11.7101,0.6643,,1116.9552,54.3528,283.5611,13.7985,264.3332,12.8629,253.8538,12.3529,240.1106,11.6842,228.8124,11.1344,199.8693,9.726,52.018,2.9084,13.2058,0.7384,12.3103,0.6883,11.8223,0.661,11.1822,0.6252,10.6561,0.5958,9.3082,0.5204,0.0,0.0,0.0,0.0,0.0,0.0,0.0,,0.0,0.0,0.0,0.0,0.0,0.0,0.0,0.0,0.0,0.0,0.0,0.0,0.0,0.0,0.0,0.0,0.0,0.0,0.0,0.0,0.0,0.0,0.0,0.0,0.0,0.0,0.0,0.0,0.704,0.7391,0.2875
239,64,0.001,3,10,100,32,8,128,184,435241,73,30,"{'sourceA': ['event_time', 'mcc_code', 'term_id'], 'sourceB': ['event_time', 'tr_type', 'amount']}",gender/checkpoints_large_30/model_64_0.001_3_10_100_128_32_8_128epoch=29.ckpt,29,30,0.0,47.6767,3.0571,0.0008,4.6811,1.2173,11.8644,0.6749,,1105.888,53.8096,283.3786,13.7885,264.0423,12.8476,253.4756,12.3335,239.5574,11.6562,228.3663,11.1117,199.1736,9.6913,49.7885,2.7973,12.7581,0.7168,11.8875,0.6679,11.4118,0.6411,10.7852,0.6059,10.2813,0.5776,8.9671,0.5038,0.0,0.0,0.0,0.0,0.0,0.0,0.0,,0.0,0.0,0.0,0.0,0.0,0.0,0.0,0.0,0.0,0.0,0.0,0.0,0.0,0.0,0.0,0.0,0.0,0.0,0.0,0.0,0.0,0.0,0.0,0.0,0.0,0.0,0.0,0.0,0.708,0.7241,0.2875
240,64,0.005,3,10,100,32,8,128,184,435241,73,30,"{'sourceA': ['event_time', 'mcc_code', 'term_id'], 'sourceB': ['event_time', 'tr_type', 'amount']}",gender/checkpoints_large_30/model_64_0.005_3_10_100_128_32_8_128epoch=00.ckpt,0,30,0.34286222,44.1769,3.2598,0.0019,3.8314,1.2273,8.2167,0.6714,,705.0612,34.6683,260.3295,12.8006,234.8693,11.5487,220.7901,10.8564,202.0807,9.9364,187.3157,9.2104,152.0988,7.4788,30.4544,1.8249,11.2447,0.6738,10.1449,0.6079,9.5368,0.5715,8.7287,0.523,8.0909,0.4848,6.5698,0.3937,0.0,0.0,0.0,0.0,0.0,0.0,0.0,,0.0,0.0,0.0,0.0,0.0,0.0,0.0,0.0,0.0,0.0,0.0,0.0,0.0,0.0,0.0,0.0,0.0,0.0,0.0,0.0,0.0,0.0,0.0,0.0,0.0,0.0,0.0,0.0,0.568,0.5837,0.2875
241,64,0.005,3,10,100,32,8,128,184,435241,73,30,"{'sourceA': ['event_time', 'mcc_code', 'term_id'], 'sourceB': ['event_time', 'tr_type', 'amount']}",gender/checkpoints_large_30/model_64_0.005_3_10_100_128_32_8_128epoch=01.ckpt,1,30,0.3783736,53.1476,3.0987,0.001,4.0416,1.226,9.9841,0.6667,,934.6617,45.5856,287.0848,14.0018,265.2172,12.9352,252.807,12.33,236.5404,11.5366,222.8593,10.8694,184.1848,8.9831,36.2672,2.1249,11.1396,0.6527,10.2911,0.6029,9.8095,0.5747,9.1784,0.5378,8.6475,0.5067,7.1468,0.4187,0.0,0.0,0.0,0.0,0.0,0.0,0.0,,0.0,0.0,0.0,0.0,0.0,0.0,0.0,0.0,0.0,0.0,0.0,0.0,0.0,0.0,0.0,0.0,0.0,0.0,0.0,0.0,0.0,0.0,0.0,0.0,0.0,0.0,0.0,0.0,0.64,0.6709,0.2875
242,64,0.005,3,10,100,32,8,128,184,435241,73,30,"{'sourceA': ['event_time', 'mcc_code', 'term_id'], 'sourceB': ['event_time', 'tr_type', 'amount']}",gender/checkpoints_large_30/model_64_0.005_3_10_100_128_32_8_128epoch=02.ckpt,2,30,0.39251897,55.5697,3.1398,0.0008,4.0602,1.2151,12.3372,0.6767,,1023.8758,49.9008,293.1454,14.2871,273.3819,13.3239,262.1032,12.7742,246.792,12.0279,234.0218,11.4056,192.9338,9.403,38.1212,2.218,10.9145,0.635,10.1786,0.5922,9.7587,0.5678,9.1886,0.5346,8.7132,0.507,7.1834,0.418,0.0,0.0,0.0,0.0,0.0,0.0,0.0,,0.0,0.0,0.0,0.0,0.0,0.0,0.0,0.0,0.0,0.0,0.0,0.0,0.0,0.0,0.0,0.0,0.0,0.0,0.0,0.0,0.0,0.0,0.0,0.0,0.0,0.0,0.0,0.0,0.708,0.7345,0.2875
243,64,0.005,3,10,100,32,8,128,184,435241,73,30,"{'sourceA': ['event_time', 'mcc_code', 'term_id'], 'sourceB': ['event_time', 'tr_type', 'amount']}",gender/checkpoints_large_30/model_64_0.005_3_10_100_128_32_8_128epoch=03.ckpt,3,30,0.40684187,55.6868,3.1607,0.0009,4.0269,1.2065,11.3232,0.6866,,1043.9438,50.8708,293.5249,14.3033,274.1717,13.3602,263.2969,12.8303,248.2942,12.0992,235.3112,11.4666,195.7427,9.5384,39.5909,2.2795,11.1317,0.6409,10.3978,0.5987,9.9854,0.5749,9.4164,0.5422,8.924,0.5138,7.4234,0.4274,0.0,0.0,0.0,0.0,0.0,0.0,0.0,,0.0,0.0,0.0,0.0,0.0,0.0,0.0,0.0,0.0,0.0,0.0,0.0,0.0,0.0,0.0,0.0,0.0,0.0,0.0,0.0,0.0,0.0,0.0,0.0,0.0,0.0,0.0,0.0,0.66,0.6856,0.2875
244,64,0.005,3,10,100,32,8,128,184,435241,73,30,"{'sourceA': ['event_time', 'mcc_code', 'term_id'], 'sourceB': ['event_time', 'tr_type', 'amount']}",gender/checkpoints_large_30/model_64_0.005_3_10_100_128_32_8_128epoch=04.ckpt,4,30,0.39944363,57.145,3.0907,0.001,3.9554,1.2104,10.7655,0.6808,,1089.0209,53.0187,296.117,14.4164,277.1259,13.4918,266.1455,12.9572,251.3154,12.2352,239.2472,11.6477,203.4154,9.9032,41.3332,2.3439,11.239,0.6373,10.5182,0.5965,10.1014,0.5728,9.5385,0.5409,9.0805,0.5149,7.7205,0.4378,0.0,0.0,0.0,0.0,0.0,0.0,0.0,,0.0,0.0,0.0,0.0,0.0,0.0,0.0,0.0,0.0,0.0,0.0,0.0,0.0,0.0,0.0,0.0,0.0,0.0,0.0,0.0,0.0,0.0,0.0,0.0,0.0,0.0,0.0,0.0,0.68,0.735,0.2875
245,64,0.005,3,10,100,32,8,128,184,435241,73,30,"{'sourceA': ['event_time', 'mcc_code', 'term_id'], 'sourceB': ['event_time', 'tr_type', 'amount']}",gender/checkpoints_large_30/model_64_0.005_3_10_100_128_32_8_128epoch=05.ckpt,5,30,0.41062972,57.3325,3.0675,0.0009,3.9392,1.1989,11.851,0.6926,,1084.8403,52.8081,297.652,14.4892,278.9434,13.5785,268.4151,13.066,254.0623,12.3673,242.2534,11.7925,207.7971,10.1152,42.4095,2.4086,11.6361,0.6609,10.9047,0.6193,10.4931,0.5959,9.932,0.5641,9.4704,0.5379,8.1234,0.4614,0.0,0.0,0.0,0.0,0.0,0.0,0.0,,0.0,0.0,0.0,0.0,0.0,0.0,0.0,0.0,0.0,0.0,0.0,0.0,0.0,0.0,0.0,0.0,0.0,0.0,0.0,0.0,0.0,0.0,0.0,0.0,0.0,0.0,0.0,0.0,0.696,0.7301,0.2875
246,64,0.005,3,10,100,32,8,128,184,435241,73,30,"{'sourceA': ['event_time', 'mcc_code', 'term_id'], 'sourceB': ['event_time', 'tr_type', 'amount']}",gender/checkpoints_large_30/model_64_0.005_3_10_100_128_32_8_128epoch=06.ckpt,6,30,0.40394175,56.9332,3.0776,0.0009,3.8965,1.1911,13.1401,0.7027,,1064.0382,51.8061,299.8145,14.5974,280.9112,13.6771,270.2422,13.1576,255.2907,12.4296,243.1968,11.8408,203.4739,9.9068,36.7579,2.1978,10.3573,0.6193,9.7043,0.5802,9.3357,0.5582,8.8192,0.5273,8.4014,0.5023,7.0291,0.4203,0.0,0.0,0.0,0.0,0.0,0.0,0.0,,0.0,0.0,0.0,0.0,0.0,0.0,0.0,0.0,0.0,0.0,0.0,0.0,0.0,0.0,0.0,0.0,0.0,0.0,0.0,0.0,0.0,0.0,0.0,0.0,0.0,0.0,0.0,0.0,0.708,0.7584,0.2875
247,64,0.005,3,10,100,32,8,128,184,435241,73,30,"{'sourceA': ['event_time', 'mcc_code', 'term_id'], 'sourceB': ['event_time', 'tr_type', 'amount']}",gender/checkpoints_large_30/model_64_0.005_3_10_100_128_32_8_128epoch=07.ckpt,7,30,0.40323153,57.7325,2.9935,0.0009,3.8789,1.1951,12.6727,0.6979,,1087.8978,52.9417,303.0199,14.7462,283.8912,13.8154,272.7073,13.2711,257.6592,12.5388,244.5135,11.8991,196.1214,9.5441,40.1514,2.2775,11.1837,0.6344,10.4777,0.5943,10.0649,0.5709,9.5095,0.5394,9.0243,0.5119,7.2383,0.4106,0.0,0.0,0.0,0.0,0.0,0.0,0.0,,0.0,0.0,0.0,0.0,0.0,0.0,0.0,0.0,0.0,0.0,0.0,0.0,0.0,0.0,0.0,0.0,0.0,0.0,0.0,0.0,0.0,0.0,0.0,0.0,0.0,0.0,0.0,0.0,0.708,0.7513,0.2875
248,64,0.005,3,10,100,32,8,128,184,435241,73,30,"{'sourceA': ['event_time', 'mcc_code', 'term_id'], 'sourceB': ['event_time', 'tr_type', 'amount']}",gender/checkpoints_large_30/model_64_0.005_3_10_100_128_32_8_128epoch=08.ckpt,8,30,0.4114583,57.2896,2.9864,0.0008,3.8713,1.1912,12.9643,0.7015,,1080.4583,52.5469,300.2459,14.6021,281.6219,13.6964,270.9666,13.1782,256.3372,12.4667,244.5637,11.8941,211.7397,10.2977,40.2523,2.231,11.1856,0.62,10.4918,0.5815,10.0948,0.5595,9.5498,0.5293,9.1112,0.505,7.8883,0.4372,0.0,0.0,0.0,0.0,0.0,0.0,0.0,,0.0,0.0,0.0,0.0,0.0,0.0,0.0,0.0,0.0,0.0,0.0,0.0,0.0,0.0,0.0,0.0,0.0,0.0,0.0,0.0,0.0,0.0,0.0,0.0,0.0,0.0,0.0,0.0,0.696,0.7486,0.2875
249,64,0.005,3,10,100,32,8,128,184,435241,73,30,"{'sourceA': ['event_time', 'mcc_code', 'term_id'], 'sourceB': ['event_time', 'tr_type', 'amount']}",gender/checkpoints_large_30/model_64_0.005_3_10_100_128_32_8_128epoch=09.ckpt,9,30,0.4103338,57.0983,2.9069,0.0007,3.9126,1.1856,12.408,0.709,,1062.3282,51.6774,303.2577,14.7521,284.4003,13.8348,273.5294,13.3059,258.9551,12.597,247.2012,12.0252,216.3952,10.5266,39.115,2.1896,11.166,0.6251,10.4716,0.5862,10.0714,0.5638,9.5348,0.5338,9.102,0.5095,7.9677,0.446,0.0,0.0,0.0,0.0,0.0,0.0,0.0,,0.0,0.0,0.0,0.0,0.0,0.0,0.0,0.0,0.0,0.0,0.0,0.0,0.0,0.0,0.0,0.0,0.0,0.0,0.0,0.0,0.0,0.0,0.0,0.0,0.0,0.0,0.0,0.0,0.704,0.7352,0.2875
250,64,0.005,3,10,100,32,8,128,184,435241,73,30,"{'sourceA': ['event_time', 'mcc_code', 'term_id'], 'sourceB': ['event_time', 'tr_type', 'amount']}",gender/checkpoints_large_30/model_64_0.005_3_10_100_128_32_8_128epoch=10.ckpt,10,30,0.40814397,56.6661,3.1317,0.0007,3.8882,1.1816,12.0158,0.714,,1052.0063,51.1983,301.6569,14.6808,283.233,13.7842,272.4817,13.261,257.8868,12.5507,246.3291,11.9882,215.2151,10.4739,39.6989,2.2822,11.3834,0.6544,10.6882,0.6144,10.2825,0.5911,9.7317,0.5595,9.2956,0.5344,8.1214,0.4669,0.0,0.0,0.0,0.0,0.0,0.0,0.0,,0.0,0.0,0.0,0.0,0.0,0.0,0.0,0.0,0.0,0.0,0.0,0.0,0.0,0.0,0.0,0.0,0.0,0.0,0.0,0.0,0.0,0.0,0.0,0.0,0.0,0.0,0.0,0.0,0.724,0.766,0.2875
251,64,0.005,3,10,100,32,8,128,184,435241,73,30,"{'sourceA': ['event_time', 'mcc_code', 'term_id'], 'sourceB': ['event_time', 'tr_type', 'amount']}",gender/checkpoints_large_30/model_64_0.005_3_10_100_128_32_8_128epoch=11.ckpt,11,30,0.4100971,56.413,3.0564,0.0007,3.8742,1.1772,13.0944,0.7186,,1042.2194,50.6864,302.616,14.7172,284.0262,13.8131,273.1985,13.2865,258.5456,12.5739,246.6123,11.9935,214.8046,10.4466,39.7408,2.2984,11.539,0.6673,10.8302,0.6263,10.4173,0.6025,9.8586,0.5702,9.4036,0.5438,8.1907,0.4737,0.0,0.0,0.0,0.0,0.0,0.0,0.0,,0.0,0.0,0.0,0.0,0.0,0.0,0.0,0.0,0.0,0.0,0.0,0.0,0.0,0.0,0.0,0.0,0.0,0.0,0.0,0.0,0.0,0.0,0.0,0.0,0.0,0.0,0.0,0.0,0.72,0.7462,0.2875
252,64,0.005,3,10,100,32,8,128,184,435241,73,30,"{'sourceA': ['event_time', 'mcc_code', 'term_id'], 'sourceB': ['event_time', 'tr_type', 'amount']}",gender/checkpoints_large_30/model_64_0.005_3_10_100_128_32_8_128epoch=12.ckpt,12,30,0.41435844,56.2337,3.1733,0.0008,3.8982,1.1746,14.1822,0.723,,1044.6124,50.8713,304.0184,14.8053,285.6496,13.9108,275.0903,13.3965,260.7234,12.6969,249.4147,12.1462,221.7968,10.8012,37.9564,2.1431,11.0466,0.6237,10.3792,0.586,9.9955,0.5644,9.4735,0.5349,9.0626,0.5117,8.0591,0.455,0.0,0.0,0.0,0.0,0.0,0.0,0.0,,0.0,0.0,0.0,0.0,0.0,0.0,0.0,0.0,0.0,0.0,0.0,0.0,0.0,0.0,0.0,0.0,0.0,0.0,0.0,0.0,0.0,0.0,0.0,0.0,0.0,0.0,0.0,0.0,0.696,0.7331,0.2875
253,64,0.005,3,10,100,32,8,128,184,435241,73,30,"{'sourceA': ['event_time', 'mcc_code', 'term_id'], 'sourceB': ['event_time', 'tr_type', 'amount']}",gender/checkpoints_large_30/model_64_0.005_3_10_100_128_32_8_128epoch=13.ckpt,13,30,0.41388494,54.9034,3.2777,0.0008,3.9535,1.1657,13.0,0.7326,,1026.8011,49.9448,300.9229,14.6373,282.3398,13.7333,271.6752,13.2146,257.2247,12.5117,245.7012,11.9512,218.0313,10.6053,35.2605,2.0806,10.3337,0.6098,9.6956,0.5721,9.3294,0.5505,8.8331,0.5212,8.4374,0.4979,7.4872,0.4418,0.0,0.0,0.0,0.0,0.0,0.0,0.0,,0.0,0.0,0.0,0.0,0.0,0.0,0.0,0.0,0.0,0.0,0.0,0.0,0.0,0.0,0.0,0.0,0.0,0.0,0.0,0.0,0.0,0.0,0.0,0.0,0.0,0.0,0.0,0.0,0.728,0.7524,0.2875
254,64,0.005,3,10,100,32,8,128,184,435241,73,30,"{'sourceA': ['event_time', 'mcc_code', 'term_id'], 'sourceB': ['event_time', 'tr_type', 'amount']}",gender/checkpoints_large_30/model_64_0.005_3_10_100_128_32_8_128epoch=14.ckpt,14,30,0.41293794,55.9767,2.9262,0.0007,3.9392,1.1766,13.4831,0.7192,,1049.5188,51.0262,302.7653,14.72,284.4874,13.8314,273.8665,13.315,259.835,12.6328,248.5854,12.0859,220.2905,10.7102,39.4232,2.2405,11.3728,0.6463,10.6862,0.6073,10.2873,0.5847,9.7602,0.5547,9.3376,0.5307,8.2748,0.4703,0.0,0.0,0.0,0.0,0.0,0.0,0.0,,0.0,0.0,0.0,0.0,0.0,0.0,0.0,0.0,0.0,0.0,0.0,0.0,0.0,0.0,0.0,0.0,0.0,0.0,0.0,0.0,0.0,0.0,0.0,0.0,0.0,0.0,0.0,0.0,0.692,0.7366,0.2875
255,64,0.005,3,10,100,32,8,128,184,435241,73,30,"{'sourceA': ['event_time', 'mcc_code', 'term_id'], 'sourceB': ['event_time', 'tr_type', 'amount']}",gender/checkpoints_large_30/model_64_0.005_3_10_100_128_32_8_128epoch=15.ckpt,15,30,0.40867662,55.2193,3.1425,0.0006,3.9934,1.173,13.9209,0.7247,,1038.5731,50.577,302.5804,14.7352,284.4262,13.8511,273.9652,13.3417,260.0225,12.6627,248.8414,12.1182,222.2088,10.8212,39.3824,2.2372,11.4738,0.6518,10.7854,0.6127,10.3887,0.5901,9.86,0.5601,9.436,0.536,8.4261,0.4787,0.0,0.0,0.0,0.0,0.0,0.0,0.0,,0.0,0.0,0.0,0.0,0.0,0.0,0.0,0.0,0.0,0.0,0.0,0.0,0.0,0.0,0.0,0.0,0.0,0.0,0.0,0.0,0.0,0.0,0.0,0.0,0.0,0.0,0.0,0.0,0.7,0.7483,0.2875
256,64,0.005,3,10,100,32,8,128,184,435241,73,30,"{'sourceA': ['event_time', 'mcc_code', 'term_id'], 'sourceB': ['event_time', 'tr_type', 'amount']}",gender/checkpoints_large_30/model_64_0.005_3_10_100_128_32_8_128epoch=16.ckpt,16,30,0.41110325,55.7476,3.1577,0.0009,3.9183,1.1754,13.7377,0.7208,,1030.9526,50.1852,301.7751,14.69,283.2957,13.7904,272.7675,13.2779,258.7641,12.5962,247.5157,12.0487,222.0001,10.8066,37.3947,2.1436,10.946,0.6275,10.2757,0.589,9.8938,0.5671,9.3859,0.538,8.9779,0.5146,8.0524,0.4616,0.0,0.0,0.0,0.0,0.0,0.0,0.0,,0.0,0.0,0.0,0.0,0.0,0.0,0.0,0.0,0.0,0.0,0.0,0.0,0.0,0.0,0.0,0.0,0.0,0.0,0.0,0.0,0.0,0.0,0.0,0.0,0.0,0.0,0.0,0.0,0.696,0.7566,0.2875
257,64,0.005,3,10,100,32,8,128,184,435241,73,30,"{'sourceA': ['event_time', 'mcc_code', 'term_id'], 'sourceB': ['event_time', 'tr_type', 'amount']}",gender/checkpoints_large_30/model_64_0.005_3_10_100_128_32_8_128epoch=17.ckpt,17,30,0.40571734,54.5488,3.0916,0.0007,3.9902,1.162,14.0188,0.7376,,1005.9293,48.9057,302.5653,14.7099,284.0354,13.8091,273.304,13.2873,258.9654,12.5902,247.025,12.0097,219.3693,10.6652,36.7194,2.1092,11.0445,0.6344,10.3681,0.5955,9.9764,0.573,9.453,0.543,9.0171,0.5179,8.0076,0.46,0.0,0.0,0.0,0.0,0.0,0.0,0.0,,0.0,0.0,0.0,0.0,0.0,0.0,0.0,0.0,0.0,0.0,0.0,0.0,0.0,0.0,0.0,0.0,0.0,0.0,0.0,0.0,0.0,0.0,0.0,0.0,0.0,0.0,0.0,0.0,0.7,0.7572,0.2875
258,64,0.005,3,10,100,32,8,128,184,435241,73,30,"{'sourceA': ['event_time', 'mcc_code', 'term_id'], 'sourceB': ['event_time', 'tr_type', 'amount']}",gender/checkpoints_large_30/model_64_0.005_3_10_100_128_32_8_128epoch=18.ckpt,18,30,0.39950278,54.4152,3.015,0.0005,4.0565,1.1662,14.1168,0.7319,,1020.7641,49.6524,302.1635,14.6979,283.4789,13.7891,272.8363,13.2714,258.7074,12.5841,246.8798,12.0088,220.3759,10.7196,37.0185,2.1354,10.9581,0.6321,10.2805,0.593,9.8945,0.5708,9.3822,0.5412,8.9532,0.5165,7.992,0.461,0.0,0.0,0.0,0.0,0.0,0.0,0.0,,0.0,0.0,0.0,0.0,0.0,0.0,0.0,0.0,0.0,0.0,0.0,0.0,0.0,0.0,0.0,0.0,0.0,0.0,0.0,0.0,0.0,0.0,0.0,0.0,0.0,0.0,0.0,0.0,0.712,0.7669,0.2875
259,64,0.005,3,10,100,32,8,128,184,435241,73,30,"{'sourceA': ['event_time', 'mcc_code', 'term_id'], 'sourceB': ['event_time', 'tr_type', 'amount']}",gender/checkpoints_large_30/model_64_0.005_3_10_100_128_32_8_128epoch=19.ckpt,19,30,0.41157672,54.2947,3.1607,0.0007,4.003,1.1663,14.1983,0.732,,1004.7159,48.8874,301.3332,14.6623,282.9307,13.7668,272.3905,13.254,258.39,12.5727,246.8581,12.0116,221.7208,10.7885,39.2441,2.1969,11.77,0.6589,11.0512,0.6187,10.6395,0.5956,10.0927,0.565,9.6423,0.5398,8.6604,0.4848,0.0,0.0,0.0,0.0,0.0,0.0,0.0,,0.0,0.0,0.0,0.0,0.0,0.0,0.0,0.0,0.0,0.0,0.0,0.0,0.0,0.0,0.0,0.0,0.0,0.0,0.0,0.0,0.0,0.0,0.0,0.0,0.0,0.0,0.0,0.0,0.704,0.7619,0.2875
260,64,0.005,3,10,100,32,8,128,184,435241,73,30,"{'sourceA': ['event_time', 'mcc_code', 'term_id'], 'sourceB': ['event_time', 'tr_type', 'amount']}",gender/checkpoints_large_30/model_64_0.005_3_10_100_128_32_8_128epoch=20.ckpt,20,30,0.40630922,53.9756,3.1667,0.0008,4.0126,1.1617,14.4991,0.7376,,1002.7559,48.7864,302.227,14.704,283.9713,13.8159,273.3426,13.2987,259.0206,12.6019,247.6537,12.0489,222.0645,10.8039,37.97,2.1248,11.444,0.6404,10.7527,0.6017,10.3503,0.5792,9.808,0.5489,9.3776,0.5248,8.4086,0.4706,0.0,0.0,0.0,0.0,0.0,0.0,0.0,,0.0,0.0,0.0,0.0,0.0,0.0,0.0,0.0,0.0,0.0,0.0,0.0,0.0,0.0,0.0,0.0,0.0,0.0,0.0,0.0,0.0,0.0,0.0,0.0,0.0,0.0,0.0,0.0,0.668,0.7392,0.2875
261,64,0.005,3,10,100,32,8,128,184,435241,73,30,"{'sourceA': ['event_time', 'mcc_code', 'term_id'], 'sourceB': ['event_time', 'tr_type', 'amount']}",gender/checkpoints_large_30/model_64_0.005_3_10_100_128_32_8_128epoch=21.ckpt,21,30,0.4024621,54.5838,3.0628,0.0008,4.0042,1.1694,14.6622,0.7278,,1004.7129,48.8768,302.2819,14.7053,283.8221,13.8072,273.4414,13.3022,259.3151,12.615,247.8641,12.058,223.525,10.8739,38.5133,2.1797,11.5873,0.6558,10.8796,0.6158,10.4817,0.5932,9.9402,0.5626,9.5013,0.5377,8.5683,0.4849,0.0,0.0,0.0,0.0,0.0,0.0,0.0,,0.0,0.0,0.0,0.0,0.0,0.0,0.0,0.0,0.0,0.0,0.0,0.0,0.0,0.0,0.0,0.0,0.0,0.0,0.0,0.0,0.0,0.0,0.0,0.0,0.0,0.0,0.0,0.0,0.704,0.7486,0.2875
262,64,0.005,3,10,100,32,8,128,184,435241,73,30,"{'sourceA': ['event_time', 'mcc_code', 'term_id'], 'sourceB': ['event_time', 'tr_type', 'amount']}",gender/checkpoints_large_30/model_64_0.005_3_10_100_128_32_8_128epoch=22.ckpt,22,30,0.40784797,53.6258,3.2049,0.0008,4.0566,1.1619,14.3151,0.7375,,985.9449,47.9837,300.9396,14.6461,282.5252,13.7499,272.1095,13.243,257.9124,12.552,246.3091,11.9873,221.4682,10.7784,37.1589,2.1421,11.342,0.6538,10.648,0.6138,10.2554,0.5912,9.7204,0.5604,9.283,0.5351,8.3468,0.4812,0.0,0.0,0.0,0.0,0.0,0.0,0.0,,0.0,0.0,0.0,0.0,0.0,0.0,0.0,0.0,0.0,0.0,0.0,0.0,0.0,0.0,0.0,0.0,0.0,0.0,0.0,0.0,0.0,0.0,0.0,0.0,0.0,0.0,0.0,0.0,0.7,0.751,0.2875
263,64,0.005,3,10,100,32,8,128,184,435241,73,30,"{'sourceA': ['event_time', 'mcc_code', 'term_id'], 'sourceB': ['event_time', 'tr_type', 'amount']}",gender/checkpoints_large_30/model_64_0.005_3_10_100_128_32_8_128epoch=23.ckpt,23,30,0.40749285,53.2773,3.1064,0.0007,4.0779,1.1606,14.6824,0.7394,,984.3285,47.9044,302.2495,14.7096,283.8886,13.816,273.3578,13.3035,259.0518,12.6073,247.3854,12.0395,221.42,10.7759,37.6213,2.122,11.5521,0.6516,10.8503,0.612,10.4478,0.5893,9.901,0.5585,9.4551,0.5333,8.4627,0.4773,0.0,0.0,0.0,0.0,0.0,0.0,0.0,,0.0,0.0,0.0,0.0,0.0,0.0,0.0,0.0,0.0,0.0,0.0,0.0,0.0,0.0,0.0,0.0,0.0,0.0,0.0,0.0,0.0,0.0,0.0,0.0,0.0,0.0,0.0,0.0,0.692,0.7658,0.2875
264,64,0.005,3,10,100,32,8,128,184,435241,73,30,"{'sourceA': ['event_time', 'mcc_code', 'term_id'], 'sourceB': ['event_time', 'tr_type', 'amount']}",gender/checkpoints_large_30/model_64_0.005_3_10_100_128_32_8_128epoch=24.ckpt,24,30,0.40329075,53.087,3.042,0.0007,4.0797,1.1609,14.4728,0.739,,976.5258,47.5343,300.8823,14.646,282.3594,13.7444,271.9517,13.2378,257.6534,12.5418,246.2184,11.9852,220.6397,10.7401,37.06,2.1124,11.4187,0.6509,10.7158,0.6108,10.3208,0.5883,9.7782,0.5574,9.3442,0.5326,8.3735,0.4773,0.0,0.0,0.0,0.0,0.0,0.0,0.0,,0.0,0.0,0.0,0.0,0.0,0.0,0.0,0.0,0.0,0.0,0.0,0.0,0.0,0.0,0.0,0.0,0.0,0.0,0.0,0.0,0.0,0.0,0.0,0.0,0.0,0.0,0.0,0.0,0.7,0.7503,0.2875
265,64,0.005,3,10,100,32,8,128,184,435241,73,30,"{'sourceA': ['event_time', 'mcc_code', 'term_id'], 'sourceB': ['event_time', 'tr_type', 'amount']}",gender/checkpoints_large_30/model_64_0.005_3_10_100_128_32_8_128epoch=25.ckpt,25,30,0.40500706,52.9609,3.1335,0.0006,4.1123,1.1605,14.2385,0.7399,,976.2604,47.5328,300.7784,14.6445,282.1376,13.7369,271.6544,13.2265,257.3931,12.5321,245.6774,11.9617,221.0065,10.7605,37.2732,2.1314,11.4836,0.6567,10.7719,0.616,10.3716,0.5931,9.8271,0.562,9.3798,0.5364,8.4379,0.4825,0.0,0.0,0.0,0.0,0.0,0.0,0.0,,0.0,0.0,0.0,0.0,0.0,0.0,0.0,0.0,0.0,0.0,0.0,0.0,0.0,0.0,0.0,0.0,0.0,0.0,0.0,0.0,0.0,0.0,0.0,0.0,0.0,0.0,0.0,0.0,0.644,0.7103,0.2875
266,64,0.005,3,10,100,32,8,128,184,435241,73,30,"{'sourceA': ['event_time', 'mcc_code', 'term_id'], 'sourceB': ['event_time', 'tr_type', 'amount']}",gender/checkpoints_large_30/model_64_0.005_3_10_100_128_32_8_128epoch=26.ckpt,26,30,0.4079072,52.8291,3.1348,0.0006,4.1138,1.1586,14.5492,0.7424,,971.2321,47.3034,301.2698,14.6732,282.7094,13.7692,272.1163,13.2533,257.864,12.5591,246.1173,11.987,220.469,10.7378,37.5547,2.1231,11.6492,0.6586,10.9315,0.618,10.5219,0.5949,9.9708,0.5637,9.5166,0.538,8.5249,0.482,0.0,0.0,0.0,0.0,0.0,0.0,0.0,,0.0,0.0,0.0,0.0,0.0,0.0,0.0,0.0,0.0,0.0,0.0,0.0,0.0,0.0,0.0,0.0,0.0,0.0,0.0,0.0,0.0,0.0,0.0,0.0,0.0,0.0,0.0,0.0,0.664,0.7309,0.2875
267,64,0.005,3,10,100,32,8,128,184,435241,73,30,"{'sourceA': ['event_time', 'mcc_code', 'term_id'], 'sourceB': ['event_time', 'tr_type', 'amount']}",gender/checkpoints_large_30/model_64_0.005_3_10_100_128_32_8_128epoch=27.ckpt,27,30,0.40027228,52.899,3.0736,0.0006,4.1019,1.1605,14.1135,0.7393,,974.149,47.4003,300.3676,14.6153,281.9286,13.7181,271.5106,13.2112,257.2172,12.5157,245.7953,11.9599,220.6453,10.7362,37.4801,2.125,11.5566,0.6552,10.8471,0.615,10.4463,0.5923,9.8964,0.5611,9.4569,0.5362,8.4893,0.4813,0.0,0.0,0.0,0.0,0.0,0.0,0.0,,0.0,0.0,0.0,0.0,0.0,0.0,0.0,0.0,0.0,0.0,0.0,0.0,0.0,0.0,0.0,0.0,0.0,0.0,0.0,0.0,0.0,0.0,0.0,0.0,0.0,0.0,0.0,0.0,0.712,0.7208,0.2875
268,64,0.005,3,10,100,32,8,128,184,435241,73,30,"{'sourceA': ['event_time', 'mcc_code', 'term_id'], 'sourceB': ['event_time', 'tr_type', 'amount']}",gender/checkpoints_large_30/model_64_0.005_3_10_100_128_32_8_128epoch=28.ckpt,28,30,0.4008049,53.1234,3.1651,0.0007,4.0936,1.1633,13.8251,0.7357,,971.7248,47.3275,300.2432,14.6232,281.5226,13.7114,270.9553,13.1968,256.5302,12.4942,244.844,11.925,219.6499,10.698,37.4433,2.1262,11.5692,0.6569,10.8479,0.616,10.4407,0.5929,9.8848,0.5613,9.4345,0.5357,8.4637,0.4806,0.0,0.0,0.0,0.0,0.0,0.0,0.0,,0.0,0.0,0.0,0.0,0.0,0.0,0.0,0.0,0.0,0.0,0.0,0.0,0.0,0.0,0.0,0.0,0.0,0.0,0.0,0.0,0.0,0.0,0.0,0.0,0.0,0.0,0.0,0.0,0.676,0.7365,0.2875
269,64,0.005,3,10,100,32,8,128,184,435241,73,30,"{'sourceA': ['event_time', 'mcc_code', 'term_id'], 'sourceB': ['event_time', 'tr_type', 'amount']}",gender/checkpoints_large_30/model_64_0.005_3_10_100_128_32_8_128epoch=29.ckpt,29,30,0.4083215,52.7836,3.0965,0.0007,4.0951,1.1613,14.2587,0.7383,,967.2154,47.0713,299.5262,14.577,280.9985,13.6753,270.464,13.1626,256.2849,12.4726,244.9887,11.9228,220.8781,10.7494,37.5018,2.1338,11.6135,0.6608,10.8952,0.6199,10.4867,0.5967,9.9369,0.5654,9.4989,0.5405,8.5641,0.4873,0.0,0.0,0.0,0.0,0.0,0.0,0.0,,0.0,0.0,0.0,0.0,0.0,0.0,0.0,0.0,0.0,0.0,0.0,0.0,0.0,0.0,0.0,0.0,0.0,0.0,0.0,0.0,0.0,0.0,0.0,0.0,0.0,0.0,0.0,0.0,0.692,0.7424,0.2875
270,64,0.01,3,10,100,32,8,128,184,435241,73,30,"{'sourceA': ['event_time', 'mcc_code', 'term_id'], 'sourceB': ['event_time', 'tr_type', 'amount']}",gender/checkpoints_large_30/model_64_0.01_3_10_100_128_32_8_128epoch=00.ckpt,0,30,0.3710346,54.7554,3.0001,0.0003,4.1414,1.2073,9.2914,0.6851,,999.4461,48.6756,289.7241,14.1103,268.1471,13.0594,255.9876,12.4673,239.4741,11.663,225.4497,10.98,196.3022,9.5604,38.4985,2.304,11.1601,0.6679,10.329,0.6182,9.8606,0.5901,9.2245,0.5521,8.6843,0.5197,7.5615,0.4525,0.0,0.0,0.0,0.0,0.0,0.0,0.0,,0.0,0.0,0.0,0.0,0.0,0.0,0.0,0.0,0.0,0.0,0.0,0.0,0.0,0.0,0.0,0.0,0.0,0.0,0.0,0.0,0.0,0.0,0.0,0.0,0.0,0.0,0.0,0.0,0.636,0.6847,0.2875
271,64,0.01,3,10,100,32,8,128,184,435241,73,30,"{'sourceA': ['event_time', 'mcc_code', 'term_id'], 'sourceB': ['event_time', 'tr_type', 'amount']}",gender/checkpoints_large_30/model_64_0.01_3_10_100_128_32_8_128epoch=01.ckpt,1,30,0.38624525,58.119,3.0074,0.0006,3.915,1.2006,10.605,0.6918,,1070.683,52.1184,299.377,14.573,278.9873,13.5805,267.5208,13.0223,251.6778,12.2511,238.0046,11.5855,200.7788,9.7735,42.402,2.3785,11.8562,0.665,11.0487,0.6198,10.5946,0.5943,9.9671,0.5591,9.4256,0.5287,7.9514,0.446,0.0,0.0,0.0,0.0,0.0,0.0,0.0,,0.0,0.0,0.0,0.0,0.0,0.0,0.0,0.0,0.0,0.0,0.0,0.0,0.0,0.0,0.0,0.0,0.0,0.0,0.0,0.0,0.0,0.0,0.0,0.0,0.0,0.0,0.0,0.0,0.692,0.691,0.2875
272,64,0.01,3,10,100,32,8,128,184,435241,73,30,"{'sourceA': ['event_time', 'mcc_code', 'term_id'], 'sourceB': ['event_time', 'tr_type', 'amount']}",gender/checkpoints_large_30/model_64_0.01_3_10_100_128_32_8_128epoch=02.ckpt,2,30,0.39026988,58.0223,3.3245,0.0005,3.8094,1.1831,10.8567,0.7103,,1053.6682,51.3132,301.3413,14.6752,281.8783,13.7274,271.0237,13.1987,255.7656,12.4557,241.7614,11.7737,202.5106,9.8622,42.0788,2.319,12.0342,0.6632,11.257,0.6204,10.8235,0.5965,10.2141,0.5629,9.6549,0.5321,8.0874,0.4457,0.0,0.0,0.0,0.0,0.0,0.0,0.0,,0.0,0.0,0.0,0.0,0.0,0.0,0.0,0.0,0.0,0.0,0.0,0.0,0.0,0.0,0.0,0.0,0.0,0.0,0.0,0.0,0.0,0.0,0.0,0.0,0.0,0.0,0.0,0.0,0.668,0.7169,0.2875
273,64,0.01,3,10,100,32,8,128,184,435241,73,30,"{'sourceA': ['event_time', 'mcc_code', 'term_id'], 'sourceB': ['event_time', 'tr_type', 'amount']}",gender/checkpoints_large_30/model_64_0.01_3_10_100_128_32_8_128epoch=03.ckpt,3,30,0.3949456,59.6298,3.0905,0.0006,3.7129,1.1866,10.2896,0.7054,,1067.7422,51.9298,301.8037,14.6783,282.6833,13.7484,272.1895,13.238,258.154,12.5554,245.9665,11.9626,209.5464,10.1913,41.308,2.342,11.676,0.662,10.9362,0.62,10.5303,0.597,9.9873,0.5662,9.5158,0.5395,8.1068,0.4596,0.0,0.0,0.0,0.0,0.0,0.0,0.0,,0.0,0.0,0.0,0.0,0.0,0.0,0.0,0.0,0.0,0.0,0.0,0.0,0.0,0.0,0.0,0.0,0.0,0.0,0.0,0.0,0.0,0.0,0.0,0.0,0.0,0.0,0.0,0.0,0.68,0.672,0.2875
274,64,0.01,3,10,100,32,8,128,184,435241,73,30,"{'sourceA': ['event_time', 'mcc_code', 'term_id'], 'sourceB': ['event_time', 'tr_type', 'amount']}",gender/checkpoints_large_30/model_64_0.01_3_10_100_128_32_8_128epoch=04.ckpt,4,30,0.40376422,56.5484,3.0991,0.0004,3.8044,1.1572,10.4304,0.7431,,994.0746,48.3994,301.1622,14.663,281.9618,13.7281,271.3531,13.2116,256.8206,12.5041,244.4135,11.9,203.7166,9.9185,35.6757,2.1109,10.8082,0.6395,10.1191,0.5987,9.7384,0.5762,9.2169,0.5454,8.7716,0.519,7.311,0.4326,0.0,0.0,0.0,0.0,0.0,0.0,0.0,,0.0,0.0,0.0,0.0,0.0,0.0,0.0,0.0,0.0,0.0,0.0,0.0,0.0,0.0,0.0,0.0,0.0,0.0,0.0,0.0,0.0,0.0,0.0,0.0,0.0,0.0,0.0,0.0,0.668,0.6733,0.2875
275,64,0.01,3,10,100,32,8,128,184,435241,73,30,"{'sourceA': ['event_time', 'mcc_code', 'term_id'], 'sourceB': ['event_time', 'tr_type', 'amount']}",gender/checkpoints_large_30/model_64_0.01_3_10_100_128_32_8_128epoch=05.ckpt,5,30,0.408144,57.1438,3.0273,0.0004,3.7644,1.1595,10.1464,0.739,,1003.3636,48.8066,301.1069,14.6467,282.2128,13.7277,271.6234,13.2126,257.6707,12.5339,246.1977,11.9758,217.8086,10.5949,36.9607,2.1783,11.0918,0.6537,10.3958,0.6127,10.0057,0.5897,9.4918,0.5594,9.0691,0.5345,8.0234,0.4729,0.0,0.0,0.0,0.0,0.0,0.0,0.0,,0.0,0.0,0.0,0.0,0.0,0.0,0.0,0.0,0.0,0.0,0.0,0.0,0.0,0.0,0.0,0.0,0.0,0.0,0.0,0.0,0.0,0.0,0.0,0.0,0.0,0.0,0.0,0.0,0.656,0.7036,0.2875
276,64,0.01,3,10,100,32,8,128,184,435241,73,30,"{'sourceA': ['event_time', 'mcc_code', 'term_id'], 'sourceB': ['event_time', 'tr_type', 'amount']}",gender/checkpoints_large_30/model_64_0.01_3_10_100_128_32_8_128epoch=06.ckpt,6,30,0.39962122,57.5314,3.2456,0.0005,3.8128,1.167,10.7732,0.7293,,1028.6844,50.0634,302.6291,14.7282,283.8524,13.8144,273.3209,13.3018,259.715,12.6397,248.6211,12.0997,224.1533,10.909,40.3852,2.274,11.881,0.669,11.1438,0.6275,10.7303,0.6042,10.1962,0.5741,9.7606,0.5496,8.8001,0.4955,0.0,0.0,0.0,0.0,0.0,0.0,0.0,,0.0,0.0,0.0,0.0,0.0,0.0,0.0,0.0,0.0,0.0,0.0,0.0,0.0,0.0,0.0,0.0,0.0,0.0,0.0,0.0,0.0,0.0,0.0,0.0,0.0,0.0,0.0,0.0,0.66,0.6783,0.2875
277,64,0.01,3,10,100,32,8,128,184,435241,73,30,"{'sourceA': ['event_time', 'mcc_code', 'term_id'], 'sourceB': ['event_time', 'tr_type', 'amount']}",gender/checkpoints_large_30/model_64_0.01_3_10_100_128_32_8_128epoch=07.ckpt,7,30,0.4007457,57.1756,3.085,0.0005,3.7984,1.1622,9.5599,0.7354,,989.866,48.233,301.935,14.7123,282.8018,13.78,271.9675,13.2521,257.833,12.5634,246.2005,11.9966,216.9841,10.5729,36.7576,2.1269,11.212,0.6488,10.5015,0.6076,10.0992,0.5844,9.5743,0.554,9.1424,0.529,8.0575,0.4662,0.0,0.0,0.0,0.0,0.0,0.0,0.0,,0.0,0.0,0.0,0.0,0.0,0.0,0.0,0.0,0.0,0.0,0.0,0.0,0.0,0.0,0.0,0.0,0.0,0.0,0.0,0.0,0.0,0.0,0.0,0.0,0.0,0.0,0.0,0.0,0.648,0.6914,0.2875
278,64,0.01,3,10,100,32,8,128,184,435241,73,30,"{'sourceA': ['event_time', 'mcc_code', 'term_id'], 'sourceB': ['event_time', 'tr_type', 'amount']}",gender/checkpoints_large_30/model_64_0.01_3_10_100_128_32_8_128epoch=08.ckpt,8,30,0.40116006,56.5858,3.2778,0.0005,3.9097,1.1608,10.4974,0.737,,976.5786,47.6216,302.8597,14.7686,283.552,13.827,272.478,13.287,257.9917,12.5806,246.5812,12.0242,220.2131,10.7384,33.6583,2.0569,10.4382,0.6379,9.7728,0.5972,9.3911,0.5739,8.8918,0.5434,8.4985,0.5194,7.5898,0.4638,0.0,0.0,0.0,0.0,0.0,0.0,0.0,,0.0,0.0,0.0,0.0,0.0,0.0,0.0,0.0,0.0,0.0,0.0,0.0,0.0,0.0,0.0,0.0,0.0,0.0,0.0,0.0,0.0,0.0,0.0,0.0,0.0,0.0,0.0,0.0,0.652,0.6702,0.2875
279,64,0.01,3,10,100,32,8,128,184,435241,73,30,"{'sourceA': ['event_time', 'mcc_code', 'term_id'], 'sourceB': ['event_time', 'tr_type', 'amount']}",gender/checkpoints_large_30/model_64_0.01_3_10_100_128_32_8_128epoch=09.ckpt,9,30,0.40116003,56.2625,3.2078,0.0006,3.9475,1.1646,10.2396,0.7331,,969.1481,47.2608,302.7877,14.7655,284.0334,13.851,273.3916,13.332,259.3117,12.6454,248.2139,12.1042,222.9491,10.8722,34.1358,1.9696,10.6649,0.6154,10.0044,0.5772,9.6295,0.5556,9.1336,0.527,8.7427,0.5045,7.8528,0.4531,0.0,0.0,0.0,0.0,0.0,0.0,0.0,,0.0,0.0,0.0,0.0,0.0,0.0,0.0,0.0,0.0,0.0,0.0,0.0,0.0,0.0,0.0,0.0,0.0,0.0,0.0,0.0,0.0,0.0,0.0,0.0,0.0,0.0,0.0,0.0,0.66,0.6764,0.2875
280,64,0.01,3,10,100,32,8,128,184,435241,73,30,"{'sourceA': ['event_time', 'mcc_code', 'term_id'], 'sourceB': ['event_time', 'tr_type', 'amount']}",gender/checkpoints_large_30/model_64_0.01_3_10_100_128_32_8_128epoch=10.ckpt,10,30,0.39926606,56.3318,3.0826,0.0006,4.0002,1.161,9.9312,0.7358,,960.2431,46.7065,302.0437,14.6915,283.3471,13.7821,272.7478,13.2665,258.6054,12.5786,247.443,12.0357,224.0161,10.8962,31.4837,1.9772,9.9032,0.6219,9.2902,0.5834,8.9426,0.5616,8.479,0.5325,8.113,0.5095,7.3449,0.4613,0.0,0.0,0.0,0.0,0.0,0.0,0.0,,0.0,0.0,0.0,0.0,0.0,0.0,0.0,0.0,0.0,0.0,0.0,0.0,0.0,0.0,0.0,0.0,0.0,0.0,0.0,0.0,0.0,0.0,0.0,0.0,0.0,0.0,0.0,0.0,0.644,0.6536,0.2875
281,64,0.01,3,10,100,32,8,128,184,435241,73,30,"{'sourceA': ['event_time', 'mcc_code', 'term_id'], 'sourceB': ['event_time', 'tr_type', 'amount']}",gender/checkpoints_large_30/model_64_0.01_3_10_100_128_32_8_128epoch=11.ckpt,11,30,0.4088542,55.8929,3.2314,0.0005,3.9395,1.1557,10.4417,0.7435,,948.0598,46.1275,301.3559,14.6624,282.8048,13.7598,272.1845,13.243,258.2621,12.5657,247.2211,12.0285,224.8254,10.9388,32.3635,1.9405,10.2872,0.6168,9.654,0.5788,9.2914,0.5571,8.8162,0.5286,8.4393,0.506,7.6748,0.4602,0.0,0.0,0.0,0.0,0.0,0.0,0.0,,0.0,0.0,0.0,0.0,0.0,0.0,0.0,0.0,0.0,0.0,0.0,0.0,0.0,0.0,0.0,0.0,0.0,0.0,0.0,0.0,0.0,0.0,0.0,0.0,0.0,0.0,0.0,0.0,0.668,0.6823,0.2875
282,64,0.01,3,10,100,32,8,128,184,435241,73,30,"{'sourceA': ['event_time', 'mcc_code', 'term_id'], 'sourceB': ['event_time', 'tr_type', 'amount']}",gender/checkpoints_large_30/model_64_0.01_3_10_100_128_32_8_128epoch=12.ckpt,12,30,0.40707856,55.7904,3.297,0.0006,3.925,1.1583,10.1809,0.7407,,923.8329,45.0434,299.7731,14.6161,280.7629,13.6892,270.0351,13.1661,255.7036,12.4674,244.5717,11.9246,221.492,10.7993,29.583,1.8488,9.5993,0.5999,8.9906,0.5619,8.6471,0.5404,8.1882,0.5117,7.8317,0.4895,7.0926,0.4433,0.0,0.0,0.0,0.0,0.0,0.0,0.0,,0.0,0.0,0.0,0.0,0.0,0.0,0.0,0.0,0.0,0.0,0.0,0.0,0.0,0.0,0.0,0.0,0.0,0.0,0.0,0.0,0.0,0.0,0.0,0.0,0.0,0.0,0.0,0.0,0.648,0.6626,0.2875
283,64,0.01,3,10,100,32,8,128,184,435241,73,30,"{'sourceA': ['event_time', 'mcc_code', 'term_id'], 'sourceB': ['event_time', 'tr_type', 'amount']}",gender/checkpoints_large_30/model_64_0.01_3_10_100_128_32_8_128epoch=13.ckpt,13,30,0.4038826,55.3039,3.3331,0.0006,4.0057,1.1541,9.6719,0.7455,,926.368,45.1144,301.4099,14.6788,282.2019,13.7433,271.1631,13.2057,256.6621,12.4995,245.0892,11.9359,220.7188,10.7491,28.7999,1.7553,9.3705,0.5711,8.7734,0.5347,8.4302,0.5138,7.9794,0.4863,7.6196,0.4644,6.8619,0.4182,0.0,0.0,0.0,0.0,0.0,0.0,0.0,,0.0,0.0,0.0,0.0,0.0,0.0,0.0,0.0,0.0,0.0,0.0,0.0,0.0,0.0,0.0,0.0,0.0,0.0,0.0,0.0,0.0,0.0,0.0,0.0,0.0,0.0,0.0,0.0,0.672,0.6817,0.2875
284,64,0.01,3,10,100,32,8,128,184,435241,73,30,"{'sourceA': ['event_time', 'mcc_code', 'term_id'], 'sourceB': ['event_time', 'tr_type', 'amount']}",gender/checkpoints_large_30/model_64_0.01_3_10_100_128_32_8_128epoch=14.ckpt,14,30,0.40382338,54.3272,3.2057,0.0005,4.0799,1.1482,9.7883,0.7531,,916.9095,44.6809,299.9485,14.6165,280.9549,13.6909,269.9095,13.1527,255.5593,12.4534,243.9427,11.8873,220.3035,10.7354,26.6683,1.691,8.724,0.5532,8.1716,0.5181,7.8503,0.4978,7.4329,0.4713,7.0951,0.4499,6.4075,0.4063,0.0,0.0,0.0,0.0,0.0,0.0,0.0,,0.0,0.0,0.0,0.0,0.0,0.0,0.0,0.0,0.0,0.0,0.0,0.0,0.0,0.0,0.0,0.0,0.0,0.0,0.0,0.0,0.0,0.0,0.0,0.0,0.0,0.0,0.0,0.0,0.668,0.6943,0.2875
285,64,0.01,3,10,100,32,8,128,184,435241,73,30,"{'sourceA': ['event_time', 'mcc_code', 'term_id'], 'sourceB': ['event_time', 'tr_type', 'amount']}",gender/checkpoints_large_30/model_64_0.01_3_10_100_128_32_8_128epoch=15.ckpt,15,30,0.40086412,54.2692,3.2779,0.0005,4.0826,1.1495,9.5203,0.7514,,901.4355,43.9419,298.9694,14.5737,279.4085,13.6202,268.5003,13.0885,253.8923,12.3764,242.1245,11.8027,218.51,10.6516,23.929,1.63,7.9363,0.5406,7.417,0.5052,7.1274,0.4855,6.7397,0.4591,6.4273,0.4378,5.8004,0.3951,0.0,0.0,0.0,0.0,0.0,0.0,0.0,,0.0,0.0,0.0,0.0,0.0,0.0,0.0,0.0,0.0,0.0,0.0,0.0,0.0,0.0,0.0,0.0,0.0,0.0,0.0,0.0,0.0,0.0,0.0,0.0,0.0,0.0,0.0,0.0,0.604,0.6262,0.2875
286,64,0.01,3,10,100,32,8,128,184,435241,73,30,"{'sourceA': ['event_time', 'mcc_code', 'term_id'], 'sourceB': ['event_time', 'tr_type', 'amount']}",gender/checkpoints_large_30/model_64_0.01_3_10_100_128_32_8_128epoch=16.ckpt,16,30,0.3994436,53.8544,3.215,0.0004,4.1705,1.1485,9.7812,0.7533,,907.0278,44.2465,300.3903,14.6536,280.7054,13.6933,269.4647,13.145,254.8664,12.4329,243.0284,11.8554,219.5911,10.7121,27.058,1.6948,8.9611,0.5613,8.3739,0.5245,8.0385,0.5035,7.603,0.4762,7.2499,0.4541,6.5507,0.4103,0.0,0.0,0.0,0.0,0.0,0.0,0.0,,0.0,0.0,0.0,0.0,0.0,0.0,0.0,0.0,0.0,0.0,0.0,0.0,0.0,0.0,0.0,0.0,0.0,0.0,0.0,0.0,0.0,0.0,0.0,0.0,0.0,0.0,0.0,0.0,0.664,0.6803,0.2875
287,64,0.01,3,10,100,32,8,128,184,435241,73,30,"{'sourceA': ['event_time', 'mcc_code', 'term_id'], 'sourceB': ['event_time', 'tr_type', 'amount']}",gender/checkpoints_large_30/model_64_0.01_3_10_100_128_32_8_128epoch=17.ckpt,17,30,0.39429453,53.4459,3.2166,0.0003,4.1467,1.144,9.3473,0.7586,,895.7274,43.6728,301.2649,14.6887,281.0637,13.7038,269.6365,13.1466,254.6514,12.416,242.6504,11.8309,218.2528,10.6413,26.8707,1.7006,9.0376,0.572,8.4316,0.5336,8.0888,0.5119,7.6392,0.4835,7.2792,0.4607,6.5473,0.4144,0.0,0.0,0.0,0.0,0.0,0.0,0.0,,0.0,0.0,0.0,0.0,0.0,0.0,0.0,0.0,0.0,0.0,0.0,0.0,0.0,0.0,0.0,0.0,0.0,0.0,0.0,0.0,0.0,0.0,0.0,0.0,0.0,0.0,0.0,0.0,0.656,0.689,0.2875
288,64,0.01,3,10,100,32,8,128,184,435241,73,30,"{'sourceA': ['event_time', 'mcc_code', 'term_id'], 'sourceB': ['event_time', 'tr_type', 'amount']}",gender/checkpoints_large_30/model_64_0.01_3_10_100_128_32_8_128epoch=18.ckpt,18,30,0.39737216,53.2051,3.2294,0.0003,4.1738,1.1468,9.3589,0.7542,,883.4854,43.0562,299.3102,14.5867,279.3698,13.6149,267.8322,13.0527,252.473,12.3041,240.5332,11.7223,215.4563,10.5001,27.4046,1.7147,9.2842,0.5809,8.6657,0.5422,8.3078,0.5198,7.8314,0.49,7.461,0.4668,6.6832,0.4182,0.0,0.0,0.0,0.0,0.0,0.0,0.0,,0.0,0.0,0.0,0.0,0.0,0.0,0.0,0.0,0.0,0.0,0.0,0.0,0.0,0.0,0.0,0.0,0.0,0.0,0.0,0.0,0.0,0.0,0.0,0.0,0.0,0.0,0.0,0.0,0.672,0.6868,0.2875
289,64,0.01,3,10,100,32,8,128,184,435241,73,30,"{'sourceA': ['event_time', 'mcc_code', 'term_id'], 'sourceB': ['event_time', 'tr_type', 'amount']}",gender/checkpoints_large_30/model_64_0.01_3_10_100_128_32_8_128epoch=19.ckpt,19,30,0.39914778,52.8609,3.1069,0.0004,4.3094,1.1459,8.9593,0.7556,,895.4766,43.5932,299.1366,14.5624,279.2581,13.5947,267.7662,13.0353,252.5993,12.2969,240.4807,11.707,215.8726,10.509,28.3008,1.7657,9.454,0.5898,8.8257,0.5506,8.4625,0.528,7.9832,0.4981,7.6002,0.4742,6.8225,0.4257,0.0,0.0,0.0,0.0,0.0,0.0,0.0,,0.0,0.0,0.0,0.0,0.0,0.0,0.0,0.0,0.0,0.0,0.0,0.0,0.0,0.0,0.0,0.0,0.0,0.0,0.0,0.0,0.0,0.0,0.0,0.0,0.0,0.0,0.0,0.0,0.644,0.6781,0.2875
290,64,0.01,3,10,100,32,8,128,184,435241,73,30,"{'sourceA': ['event_time', 'mcc_code', 'term_id'], 'sourceB': ['event_time', 'tr_type', 'amount']}",gender/checkpoints_large_30/model_64_0.01_3_10_100_128_32_8_128epoch=20.ckpt,20,30,0.40240297,52.2323,3.2147,0.0003,4.3031,1.1402,9.0454,0.763,,868.3893,42.2686,297.7769,14.4942,277.8699,13.5252,266.3481,12.9644,251.3948,12.2366,239.2735,11.6466,214.448,10.4382,26.1004,1.6567,8.95,0.5681,8.3517,0.5301,8.0054,0.5081,7.556,0.4796,7.1916,0.4565,6.4455,0.4091,0.0,0.0,0.0,0.0,0.0,0.0,0.0,,0.0,0.0,0.0,0.0,0.0,0.0,0.0,0.0,0.0,0.0,0.0,0.0,0.0,0.0,0.0,0.0,0.0,0.0,0.0,0.0,0.0,0.0,0.0,0.0,0.0,0.0,0.0,0.0,0.66,0.6593,0.2875
291,64,0.01,3,10,100,32,8,128,184,435241,73,30,"{'sourceA': ['event_time', 'mcc_code', 'term_id'], 'sourceB': ['event_time', 'tr_type', 'amount']}",gender/checkpoints_large_30/model_64_0.01_3_10_100_128_32_8_128epoch=21.ckpt,21,30,0.39299247,51.5052,3.3487,0.0003,4.3014,1.1365,9.0229,0.7684,,855.6179,41.6833,297.2727,14.4823,276.9871,13.494,265.585,12.9385,250.2685,12.1924,238.2201,11.6054,212.7827,10.3662,23.6453,1.5818,8.2152,0.5496,7.6546,0.5121,7.3395,0.491,6.9162,0.4627,6.5833,0.4404,5.8803,0.3934,0.0,0.0,0.0,0.0,0.0,0.0,0.0,,0.0,0.0,0.0,0.0,0.0,0.0,0.0,0.0,0.0,0.0,0.0,0.0,0.0,0.0,0.0,0.0,0.0,0.0,0.0,0.0,0.0,0.0,0.0,0.0,0.0,0.0,0.0,0.0,0.652,0.6519,0.2875
292,64,0.01,3,10,100,32,8,128,184,435241,73,30,"{'sourceA': ['event_time', 'mcc_code', 'term_id'], 'sourceB': ['event_time', 'tr_type', 'amount']}",gender/checkpoints_large_30/model_64_0.01_3_10_100_128_32_8_128epoch=22.ckpt,22,30,0.389974,51.243,3.3084,0.0004,4.3259,1.1372,9.5076,0.7675,,851.7137,41.453,298.2738,14.517,277.8975,13.5253,266.386,12.965,250.8826,12.2105,238.409,11.6034,212.55,10.3448,28.5152,1.7438,9.9862,0.6107,9.304,0.569,8.9186,0.5454,8.3995,0.5137,7.9819,0.4881,7.1161,0.4352,0.0,0.0,0.0,0.0,0.0,0.0,0.0,,0.0,0.0,0.0,0.0,0.0,0.0,0.0,0.0,0.0,0.0,0.0,0.0,0.0,0.0,0.0,0.0,0.0,0.0,0.0,0.0,0.0,0.0,0.0,0.0,0.0,0.0,0.0,0.0,0.66,0.666,0.2875
293,64,0.01,3,10,100,32,8,128,184,435241,73,30,"{'sourceA': ['event_time', 'mcc_code', 'term_id'], 'sourceB': ['event_time', 'tr_type', 'amount']}",gender/checkpoints_large_30/model_64_0.01_3_10_100_128_32_8_128epoch=23.ckpt,23,30,0.39311075,51.0516,3.2416,0.0004,4.3653,1.1392,9.322,0.7659,,839.059,40.9134,296.2811,14.447,276.1345,13.4646,264.5759,12.901,249.0644,12.1446,236.9594,11.5544,211.8335,10.3292,27.9369,1.7317,9.8648,0.6115,9.194,0.5699,8.8092,0.546,8.2927,0.514,7.8897,0.489,7.0531,0.4372,0.0,0.0,0.0,0.0,0.0,0.0,0.0,,0.0,0.0,0.0,0.0,0.0,0.0,0.0,0.0,0.0,0.0,0.0,0.0,0.0,0.0,0.0,0.0,0.0,0.0,0.0,0.0,0.0,0.0,0.0,0.0,0.0,0.0,0.0,0.0,0.648,0.6759,0.2875
294,64,0.01,3,10,100,32,8,128,184,435241,73,30,"{'sourceA': ['event_time', 'mcc_code', 'term_id'], 'sourceB': ['event_time', 'tr_type', 'amount']}",gender/checkpoints_large_30/model_64_0.01_3_10_100_128_32_8_128epoch=24.ckpt,24,30,0.39056584,50.7511,3.2821,0.0004,4.3865,1.1377,9.2411,0.7671,,838.2548,40.8285,296.7382,14.4531,276.5759,13.471,264.9113,12.9029,249.7778,12.1658,237.7696,11.5809,212.8071,10.3651,25.7806,1.6507,9.1262,0.5843,8.5061,0.5446,8.1474,0.5217,7.6819,0.4919,7.3126,0.4682,6.5449,0.4191,0.0,0.0,0.0,0.0,0.0,0.0,0.0,,0.0,0.0,0.0,0.0,0.0,0.0,0.0,0.0,0.0,0.0,0.0,0.0,0.0,0.0,0.0,0.0,0.0,0.0,0.0,0.0,0.0,0.0,0.0,0.0,0.0,0.0,0.0,0.0,0.668,0.6824,0.2875
295,64,0.01,3,10,100,32,8,128,184,435241,73,30,"{'sourceA': ['event_time', 'mcc_code', 'term_id'], 'sourceB': ['event_time', 'tr_type', 'amount']}",gender/checkpoints_large_30/model_64_0.01_3_10_100_128_32_8_128epoch=25.ckpt,25,30,0.39026994,50.3222,3.2242,0.0003,4.4523,1.1348,8.843,0.771,,833.1322,40.6083,296.6895,14.4611,275.9166,13.4486,264.1421,12.8747,248.3973,12.1073,236.0553,11.5057,209.3096,10.2021,24.8068,1.6779,8.834,0.5975,8.2155,0.5557,7.8649,0.532,7.3961,0.5003,7.0286,0.4754,6.2323,0.4215,0.0,0.0,0.0,0.0,0.0,0.0,0.0,,0.0,0.0,0.0,0.0,0.0,0.0,0.0,0.0,0.0,0.0,0.0,0.0,0.0,0.0,0.0,0.0,0.0,0.0,0.0,0.0,0.0,0.0,0.0,0.0,0.0,0.0,0.0,0.0,0.636,0.6641,0.2875
296,64,0.01,3,10,100,32,8,128,184,435241,73,30,"{'sourceA': ['event_time', 'mcc_code', 'term_id'], 'sourceB': ['event_time', 'tr_type', 'amount']}",gender/checkpoints_large_30/model_64_0.01_3_10_100_128_32_8_128epoch=26.ckpt,26,30,0.3889086,49.3399,3.2969,0.0002,4.5315,1.1298,8.6385,0.7786,,818.8371,39.9104,295.8451,14.4196,274.7362,13.3907,262.7748,12.8077,246.8459,12.0314,234.2076,11.4154,208.2008,10.1478,23.6178,1.5955,8.5331,0.5764,7.9243,0.5353,7.5792,0.512,7.1198,0.481,6.7553,0.4563,6.0052,0.4057,0.0,0.0,0.0,0.0,0.0,0.0,0.0,,0.0,0.0,0.0,0.0,0.0,0.0,0.0,0.0,0.0,0.0,0.0,0.0,0.0,0.0,0.0,0.0,0.0,0.0,0.0,0.0,0.0,0.0,0.0,0.0,0.0,0.0,0.0,0.0,0.652,0.68,0.2875
297,64,0.01,3,10,100,32,8,128,184,435241,73,30,"{'sourceA': ['event_time', 'mcc_code', 'term_id'], 'sourceB': ['event_time', 'tr_type', 'amount']}",gender/checkpoints_large_30/model_64_0.01_3_10_100_128_32_8_128epoch=27.ckpt,27,30,0.39328834,48.9264,3.3514,0.0003,4.49,1.1278,8.7704,0.781,,807.1492,39.3744,295.1106,14.3961,274.1761,13.3749,262.3258,12.7968,246.3839,12.0191,233.9441,11.4123,207.5675,10.1256,23.1017,1.6032,8.4465,0.5861,7.8473,0.5446,7.5081,0.521,7.0518,0.4894,6.6958,0.4647,5.9409,0.4123,0.0,0.0,0.0,0.0,0.0,0.0,0.0,,0.0,0.0,0.0,0.0,0.0,0.0,0.0,0.0,0.0,0.0,0.0,0.0,0.0,0.0,0.0,0.0,0.0,0.0,0.0,0.0,0.0,0.0,0.0,0.0,0.0,0.0,0.0,0.0,0.688,0.6751,0.2875
298,64,0.01,3,10,100,32,8,128,184,435241,73,30,"{'sourceA': ['event_time', 'mcc_code', 'term_id'], 'sourceB': ['event_time', 'tr_type', 'amount']}",gender/checkpoints_large_30/model_64_0.01_3_10_100_128_32_8_128epoch=28.ckpt,28,30,0.38843516,49.036,3.2722,0.0002,4.5993,1.1318,8.8394,0.7762,,815.3346,39.8115,295.5159,14.4296,274.7248,13.4144,262.8625,12.8352,246.967,12.059,234.389,11.4448,208.1453,10.1634,23.1339,1.5758,8.3848,0.5711,7.7949,0.5309,7.4583,0.508,7.0073,0.4773,6.6504,0.453,5.9058,0.4023,0.0,0.0,0.0,0.0,0.0,0.0,0.0,,0.0,0.0,0.0,0.0,0.0,0.0,0.0,0.0,0.0,0.0,0.0,0.0,0.0,0.0,0.0,0.0,0.0,0.0,0.0,0.0,0.0,0.0,0.0,0.0,0.0,0.0,0.0,0.0,0.652,0.6574,0.2875
299,64,0.01,3,10,100,32,8,128,184,435241,73,30,"{'sourceA': ['event_time', 'mcc_code', 'term_id'], 'sourceB': ['event_time', 'tr_type', 'amount']}",gender/checkpoints_large_30/model_64_0.01_3_10_100_128_32_8_128epoch=29.ckpt,29,30,0.39488637,49.7107,3.318,0.0003,4.495,1.1381,8.62,0.7661,,819.144,39.9539,295.2318,14.4,274.1462,13.3715,262.1704,12.7874,246.3426,12.0154,233.7968,11.4035,207.7582,10.1334,24.6121,1.5982,8.8706,0.576,8.237,0.5349,7.8772,0.5115,7.4016,0.4806,7.0247,0.4562,6.2423,0.4054,0.0,0.0,0.0,0.0,0.0,0.0,0.0,,0.0,0.0,0.0,0.0,0.0,0.0,0.0,0.0,0.0,0.0,0.0,0.0,0.0,0.0,0.0,0.0,0.0,0.0,0.0,0.0,0.0,0.0,0.0,0.0,0.0,0.0,0.0,0.0,0.684,0.6846,0.2875
300,64,0.05,3,10,100,32,8,128,184,435241,73,30,"{'sourceA': ['event_time', 'mcc_code', 'term_id'], 'sourceB': ['event_time', 'tr_type', 'amount']}",gender/checkpoints_large_30/model_64_0.05_3_10_100_128_32_8_128epoch=00.ckpt,0,30,0.29172584,36.9459,3.3594,0.0,31.6911,1.1528,10.0616,0.7468,,1417.9489,68.948,288.6683,14.0365,271.0925,13.1819,261.6427,12.7224,248.9618,12.1058,239.0682,11.6247,218.5406,10.6266,94.1263,4.6382,19.1624,0.9443,17.9957,0.8868,17.3684,0.8559,16.5266,0.8144,15.8698,0.782,14.5072,0.7149,0.0,0.0,0.0,0.0,0.0,0.0,0.0,,0.0,0.0,0.0,0.0,0.0,0.0,0.0,0.0,0.0,0.0,0.0,0.0,0.0,0.0,0.0,0.0,0.0,0.0,0.0,0.0,0.0,0.0,0.0,0.0,0.0,0.0,0.0,0.0,0.6,0.6337,0.2875
301,64,0.05,3,10,100,32,8,128,184,435241,73,30,"{'sourceA': ['event_time', 'mcc_code', 'term_id'], 'sourceB': ['event_time', 'tr_type', 'amount']}",gender/checkpoints_large_30/model_64_0.05_3_10_100_128_32_8_128epoch=01.ckpt,1,30,0.29841384,37.8027,3.3594,0.0,34.246,1.1435,7.1897,0.757,,1392.5614,67.7805,288.5295,14.0437,269.3412,13.1097,258.6488,12.5893,244.6733,11.909,233.2236,11.3518,211.9817,10.3178,79.5296,4.0985,16.478,0.8492,15.3822,0.7927,14.7715,0.7612,13.9734,0.7201,13.3195,0.6864,12.1063,0.6239,0.0,0.0,0.0,0.0,0.0,0.0,0.0,,0.0,0.0,0.0,0.0,0.0,0.0,0.0,0.0,0.0,0.0,0.0,0.0,0.0,0.0,0.0,0.0,0.0,0.0,0.0,0.0,0.0,0.0,0.0,0.0,0.0,0.0,0.0,0.0,0.652,0.6372,0.2875
302,64,0.05,3,10,100,32,8,128,184,435241,73,30,"{'sourceA': ['event_time', 'mcc_code', 'term_id'], 'sourceB': ['event_time', 'tr_type', 'amount']}",gender/checkpoints_large_30/model_64_0.05_3_10_100_128_32_8_128epoch=02.ckpt,2,30,0.3034446,39.3646,3.3594,0.0,35.4818,1.1384,7.5787,0.7652,,1429.6377,69.5472,295.616,14.3808,277.8596,13.517,267.6564,13.0206,253.893,12.3511,242.812,11.812,213.6235,10.3921,75.7058,3.7265,15.6542,0.7706,14.7139,0.7243,14.1736,0.6977,13.4448,0.6618,12.858,0.6329,11.3123,0.5568,0.0,0.0,0.0,0.0,0.0,0.0,0.0,,0.0,0.0,0.0,0.0,0.0,0.0,0.0,0.0,0.0,0.0,0.0,0.0,0.0,0.0,0.0,0.0,0.0,0.0,0.0,0.0,0.0,0.0,0.0,0.0,0.0,0.0,0.0,0.0,0.64,0.6016,0.2875
303,64,0.05,3,10,100,32,8,128,184,435241,73,30,"{'sourceA': ['event_time', 'mcc_code', 'term_id'], 'sourceB': ['event_time', 'tr_type', 'amount']}",gender/checkpoints_large_30/model_64_0.05_3_10_100_128_32_8_128epoch=03.ckpt,3,30,0.30610797,39.6058,3.3594,0.0,38.5158,1.143,7.3486,0.7573,,1438.4285,69.9019,292.8177,14.2298,275.0584,13.3667,265.1246,12.884,251.7414,12.2336,240.8998,11.7068,218.7539,10.6306,91.7398,4.4201,18.6753,0.8998,17.5426,0.8452,16.9091,0.8147,16.0555,0.7736,15.3641,0.7403,13.9516,0.6722,0.0,0.0,0.0,0.0,0.0,0.0,0.0,,0.0,0.0,0.0,0.0,0.0,0.0,0.0,0.0,0.0,0.0,0.0,0.0,0.0,0.0,0.0,0.0,0.0,0.0,0.0,0.0,0.0,0.0,0.0,0.0,0.0,0.0,0.0,0.0,0.612,0.6058,0.2875
304,64,0.05,3,10,100,32,8,128,184,435241,73,30,"{'sourceA': ['event_time', 'mcc_code', 'term_id'], 'sourceB': ['event_time', 'tr_type', 'amount']}",gender/checkpoints_large_30/model_64_0.05_3_10_100_128_32_8_128epoch=04.ckpt,4,30,0.28675425,39.9286,3.3594,0.0,34.4753,1.1588,7.8151,0.7381,,1538.1505,74.8046,289.5432,14.0813,271.892,13.2229,262.1871,12.7509,249.407,12.1294,239.6685,11.6558,220.6791,10.7322,88.396,4.5499,16.6398,0.8565,15.6254,0.8043,15.0676,0.7756,14.3332,0.7378,13.7735,0.709,12.6822,0.6528,0.0,0.0,0.0,0.0,0.0,0.0,0.0,,0.0,0.0,0.0,0.0,0.0,0.0,0.0,0.0,0.0,0.0,0.0,0.0,0.0,0.0,0.0,0.0,0.0,0.0,0.0,0.0,0.0,0.0,0.0,0.0,0.0,0.0,0.0,0.0,0.584,0.6004,0.2875
305,64,0.05,3,10,100,32,8,128,184,435241,73,30,"{'sourceA': ['event_time', 'mcc_code', 'term_id'], 'sourceB': ['event_time', 'tr_type', 'amount']}",gender/checkpoints_large_30/model_64_0.05_3_10_100_128_32_8_128epoch=05.ckpt,5,30,0.28420928,37.7447,3.3594,0.0,31.1525,1.151,7.4576,0.7469,,1478.5497,72.0723,276.9025,13.4977,259.7883,12.6635,250.0998,12.1912,237.2867,11.5666,227.2816,11.0789,208.1538,10.1465,91.3823,4.7984,17.1141,0.8986,16.0563,0.8431,15.4575,0.8117,14.6656,0.7701,14.0472,0.7376,12.865,0.6755,0.0,0.0,0.0,0.0,0.0,0.0,0.0,,0.0,0.0,0.0,0.0,0.0,0.0,0.0,0.0,0.0,0.0,0.0,0.0,0.0,0.0,0.0,0.0,0.0,0.0,0.0,0.0,0.0,0.0,0.0,0.0,0.0,0.0,0.0,0.0,0.632,0.6173,0.2875
306,64,0.05,3,10,100,32,8,128,184,435241,73,30,"{'sourceA': ['event_time', 'mcc_code', 'term_id'], 'sourceB': ['event_time', 'tr_type', 'amount']}",gender/checkpoints_large_30/model_64_0.05_3_10_100_128_32_8_128epoch=06.ckpt,6,30,0.27302316,39.8024,3.3594,0.0,39.2706,1.1546,6.449,0.7401,,1470.3976,71.6536,281.8943,13.7369,263.0029,12.8163,252.368,12.2981,238.6633,11.6303,227.7921,11.1005,210.1304,10.2398,88.2294,4.6599,16.9147,0.8934,15.7812,0.8335,15.143,0.7998,14.3207,0.7564,13.6684,0.7219,12.6086,0.6659,0.0,0.0,0.0,0.0,0.0,0.0,0.0,,0.0,0.0,0.0,0.0,0.0,0.0,0.0,0.0,0.0,0.0,0.0,0.0,0.0,0.0,0.0,0.0,0.0,0.0,0.0,0.0,0.0,0.0,0.0,0.0,0.0,0.0,0.0,0.0,0.612,0.6266,0.2875
307,64,0.05,3,10,100,32,8,128,184,435241,73,30,"{'sourceA': ['event_time', 'mcc_code', 'term_id'], 'sourceB': ['event_time', 'tr_type', 'amount']}",gender/checkpoints_large_30/model_64_0.05_3_10_100_128_32_8_128epoch=07.ckpt,7,30,0.27568653,37.2918,3.3594,0.0,41.9973,1.1558,6.5738,0.7408,,1482.6428,72.1091,283.3335,13.7801,265.7495,12.9249,255.9616,12.4488,242.9248,11.8148,232.6967,11.3173,215.1979,10.4663,95.4844,4.8849,18.2471,0.9335,17.1147,0.8756,16.4843,0.8433,15.6447,0.8004,14.986,0.7667,13.8591,0.709,0.0,0.0,0.0,0.0,0.0,0.0,0.0,,0.0,0.0,0.0,0.0,0.0,0.0,0.0,0.0,0.0,0.0,0.0,0.0,0.0,0.0,0.0,0.0,0.0,0.0,0.0,0.0,0.0,0.0,0.0,0.0,0.0,0.0,0.0,0.0,0.6,0.6391,0.2875
308,64,0.05,3,10,100,32,8,128,184,435241,73,30,"{'sourceA': ['event_time', 'mcc_code', 'term_id'], 'sourceB': ['event_time', 'tr_type', 'amount']}",gender/checkpoints_large_30/model_64_0.05_3_10_100_128_32_8_128epoch=08.ckpt,8,30,0.2615412,35.6197,3.3594,0.0,41.7096,1.1682,7.0392,0.7261,,1505.6324,73.2217,277.5901,13.4997,260.1237,12.6503,250.0925,12.1625,236.8754,11.5197,226.4766,11.014,209.5922,10.1929,108.9516,5.3436,20.0872,0.9852,18.8233,0.9232,18.0974,0.8876,17.1409,0.8407,16.3885,0.8038,15.1667,0.7439,0.0,0.0,0.0,0.0,0.0,0.0,0.0,,0.0,0.0,0.0,0.0,0.0,0.0,0.0,0.0,0.0,0.0,0.0,0.0,0.0,0.0,0.0,0.0,0.0,0.0,0.0,0.0,0.0,0.0,0.0,0.0,0.0,0.0,0.0,0.0,0.564,0.5332,0.2875
309,64,0.05,3,10,100,32,8,128,184,435241,73,30,"{'sourceA': ['event_time', 'mcc_code', 'term_id'], 'sourceB': ['event_time', 'tr_type', 'amount']}",gender/checkpoints_large_30/model_64_0.05_3_10_100_128_32_8_128epoch=09.ckpt,9,30,0.26751897,32.574,3.3594,0.0,42.7299,1.1621,6.5347,0.7344,,1481.6875,72.1693,270.0147,13.1517,251.8107,12.2651,241.9617,11.7854,229.3054,11.1689,219.4949,10.6911,202.9241,9.8839,106.5544,5.433,19.4179,0.9901,18.1088,0.9233,17.4005,0.8872,16.4903,0.8408,15.7848,0.8048,14.5931,0.7441,0.0,0.0,0.0,0.0,0.0,0.0,0.0,,0.0,0.0,0.0,0.0,0.0,0.0,0.0,0.0,0.0,0.0,0.0,0.0,0.0,0.0,0.0,0.0,0.0,0.0,0.0,0.0,0.0,0.0,0.0,0.0,0.0,0.0,0.0,0.0,0.58,0.5798,0.2875
310,64,0.05,3,10,100,32,8,128,184,435241,73,30,"{'sourceA': ['event_time', 'mcc_code', 'term_id'], 'sourceB': ['event_time', 'tr_type', 'amount']}",gender/checkpoints_large_30/model_64_0.05_3_10_100_128_32_8_128epoch=10.ckpt,10,30,0.28432766,32.7426,3.3594,0.0,42.7704,1.1527,7.4153,0.7459,,1491.9244,72.6311,279.9637,13.6294,262.6126,12.7847,252.8258,12.3083,240.3638,11.7016,231.0442,11.2479,214.3917,10.4372,111.1168,5.22,20.8514,0.9796,19.5591,0.9188,18.8302,0.8846,17.902,0.841,17.2079,0.8084,15.9676,0.7501,0.0,0.0,0.0,0.0,0.0,0.0,0.0,,0.0,0.0,0.0,0.0,0.0,0.0,0.0,0.0,0.0,0.0,0.0,0.0,0.0,0.0,0.0,0.0,0.0,0.0,0.0,0.0,0.0,0.0,0.0,0.0,0.0,0.0,0.0,0.0,0.6,0.5866,0.2875
311,64,0.05,3,10,100,32,8,128,184,435241,73,30,"{'sourceA': ['event_time', 'mcc_code', 'term_id'], 'sourceB': ['event_time', 'tr_type', 'amount']}",gender/checkpoints_large_30/model_64_0.05_3_10_100_128_32_8_128epoch=11.ckpt,11,30,0.29545453,35.7249,3.3594,0.0,43.4337,1.1639,6.7565,0.7317,,1528.315,74.3065,284.751,13.8446,267.4451,13.0031,257.609,12.5249,245.0766,11.9156,235.5318,11.4515,219.8848,10.6908,115.1021,5.4308,21.4455,1.0118,20.1421,0.9503,19.4013,0.9154,18.4575,0.8709,17.7386,0.8369,16.5602,0.7813,0.0,0.0,0.0,0.0,0.0,0.0,0.0,,0.0,0.0,0.0,0.0,0.0,0.0,0.0,0.0,0.0,0.0,0.0,0.0,0.0,0.0,0.0,0.0,0.0,0.0,0.0,0.0,0.0,0.0,0.0,0.0,0.0,0.0,0.0,0.0,0.58,0.5958,0.2875
312,64,0.05,3,10,100,32,8,128,184,435241,73,30,"{'sourceA': ['event_time', 'mcc_code', 'term_id'], 'sourceB': ['event_time', 'tr_type', 'amount']}",gender/checkpoints_large_30/model_64_0.05_3_10_100_128_32_8_128epoch=12.ckpt,12,30,0.29255444,36.0741,3.3594,0.0,43.6182,1.1607,5.9681,0.7342,,1496.392,72.7732,283.9627,13.8098,266.6511,12.9679,256.7465,12.4862,243.2095,11.8279,232.3768,11.301,215.9258,10.501,95.5859,4.6445,18.1389,0.8814,17.033,0.8276,16.4003,0.7969,15.5356,0.7549,14.8437,0.7212,13.7928,0.6702,0.0,0.0,0.0,0.0,0.0,0.0,0.0,,0.0,0.0,0.0,0.0,0.0,0.0,0.0,0.0,0.0,0.0,0.0,0.0,0.0,0.0,0.0,0.0,0.0,0.0,0.0,0.0,0.0,0.0,0.0,0.0,0.0,0.0,0.0,0.0,0.588,0.5981,0.2875
313,64,0.05,3,10,100,32,8,128,184,435241,73,30,"{'sourceA': ['event_time', 'mcc_code', 'term_id'], 'sourceB': ['event_time', 'tr_type', 'amount']}",gender/checkpoints_large_30/model_64_0.05_3_10_100_128_32_8_128epoch=13.ckpt,13,30,0.29509938,35.3555,3.3594,0.0,42.6119,1.1486,6.6822,0.7505,,1471.1235,71.5452,284.0334,13.8134,265.9503,12.934,256.1858,12.4591,243.5392,11.844,233.5833,11.3599,217.1692,10.5616,107.3267,5.0531,20.7218,0.9756,19.4026,0.9135,18.6902,0.88,17.7675,0.8365,17.0412,0.8023,15.8437,0.7459,0.0,0.0,0.0,0.0,0.0,0.0,0.0,,0.0,0.0,0.0,0.0,0.0,0.0,0.0,0.0,0.0,0.0,0.0,0.0,0.0,0.0,0.0,0.0,0.0,0.0,0.0,0.0,0.0,0.0,0.0,0.0,0.0,0.0,0.0,0.0,0.576,0.5698,0.2875
314,64,0.05,3,10,100,32,8,128,184,435241,73,30,"{'sourceA': ['event_time', 'mcc_code', 'term_id'], 'sourceB': ['event_time', 'tr_type', 'amount']}",gender/checkpoints_large_30/model_64_0.05_3_10_100_128_32_8_128epoch=14.ckpt,14,30,0.2983547,37.5115,3.3594,0.0,42.2673,1.1567,6.4485,0.7393,,1488.8048,72.305,286.5605,13.9171,269.0951,13.0688,259.1005,12.5834,245.95,11.9448,235.45,11.4348,218.4924,10.6113,106.1446,5.0774,20.4304,0.9773,19.1852,0.9177,18.4726,0.8836,17.535,0.8388,16.7865,0.803,15.5775,0.7451,0.0,0.0,0.0,0.0,0.0,0.0,0.0,,0.0,0.0,0.0,0.0,0.0,0.0,0.0,0.0,0.0,0.0,0.0,0.0,0.0,0.0,0.0,0.0,0.0,0.0,0.0,0.0,0.0,0.0,0.0,0.0,0.0,0.0,0.0,0.0,0.608,0.5747,0.2875
315,64,0.05,3,10,100,32,8,128,184,435241,73,30,"{'sourceA': ['event_time', 'mcc_code', 'term_id'], 'sourceB': ['event_time', 'tr_type', 'amount']}",gender/checkpoints_large_30/model_64_0.05_3_10_100_128_32_8_128epoch=15.ckpt,15,30,0.2953362,35.6317,3.3594,0.0,42.5173,1.1444,6.5499,0.7552,,1440.3247,70.1159,280.4573,13.6528,262.715,12.7891,253.0313,12.3177,240.549,11.7101,231.5631,11.2726,216.1228,10.521,87.8234,4.3878,17.1008,0.8544,16.019,0.8003,15.4285,0.7708,14.6674,0.7328,14.1195,0.7054,13.178,0.6584,0.0,0.0,0.0,0.0,0.0,0.0,0.0,,0.0,0.0,0.0,0.0,0.0,0.0,0.0,0.0,0.0,0.0,0.0,0.0,0.0,0.0,0.0,0.0,0.0,0.0,0.0,0.0,0.0,0.0,0.0,0.0,0.0,0.0,0.0,0.0,0.612,0.5953,0.2875
316,64,0.05,3,10,100,32,8,128,184,435241,73,30,"{'sourceA': ['event_time', 'mcc_code', 'term_id'], 'sourceB': ['event_time', 'tr_type', 'amount']}",gender/checkpoints_large_30/model_64_0.05_3_10_100_128_32_8_128epoch=16.ckpt,16,30,0.30113637,38.9801,3.3594,0.0,41.9675,1.153,5.8314,0.743,,1459.3297,70.8706,288.6721,14.019,270.6721,13.1449,260.5063,12.6512,246.524,11.9721,235.2934,11.4267,217.0992,10.5432,93.6164,4.5154,18.5184,0.8932,17.3637,0.8375,16.7116,0.806,15.8146,0.7628,15.0941,0.728,13.927,0.6717,0.0,0.0,0.0,0.0,0.0,0.0,0.0,,0.0,0.0,0.0,0.0,0.0,0.0,0.0,0.0,0.0,0.0,0.0,0.0,0.0,0.0,0.0,0.0,0.0,0.0,0.0,0.0,0.0,0.0,0.0,0.0,0.0,0.0,0.0,0.0,0.596,0.5818,0.2875
317,64,0.05,3,10,100,32,8,128,184,435241,73,30,"{'sourceA': ['event_time', 'mcc_code', 'term_id'], 'sourceB': ['event_time', 'tr_type', 'amount']}",gender/checkpoints_large_30/model_64_0.05_3_10_100_128_32_8_128epoch=17.ckpt,17,30,0.28669506,36.4897,3.3594,0.0,40.9265,1.1498,6.8517,0.7495,,1439.577,69.9083,284.1702,13.7998,266.6109,12.9471,256.8102,12.4711,244.3383,11.8655,234.9167,11.408,219.1662,10.6431,93.9681,4.5612,18.5491,0.9004,17.403,0.8447,16.7632,0.8137,15.9491,0.7742,15.3341,0.7443,14.306,0.6944,0.0,0.0,0.0,0.0,0.0,0.0,0.0,,0.0,0.0,0.0,0.0,0.0,0.0,0.0,0.0,0.0,0.0,0.0,0.0,0.0,0.0,0.0,0.0,0.0,0.0,0.0,0.0,0.0,0.0,0.0,0.0,0.0,0.0,0.0,0.0,0.628,0.6316,0.2875
318,64,0.05,3,10,100,32,8,128,184,435241,73,30,"{'sourceA': ['event_time', 'mcc_code', 'term_id'], 'sourceB': ['event_time', 'tr_type', 'amount']}",gender/checkpoints_large_30/model_64_0.05_3_10_100_128_32_8_128epoch=18.ckpt,18,30,0.29835463,37.6173,3.3594,0.0,41.5665,1.1523,6.0172,0.7445,,1427.471,69.5216,281.3132,13.7007,263.2116,12.8191,253.251,12.334,240.1254,11.6947,229.6143,11.1828,212.591,10.3537,80.9478,4.2282,15.9525,0.8333,14.926,0.7796,14.3611,0.7501,13.6168,0.7113,13.0208,0.6801,12.0554,0.6297,0.0,0.0,0.0,0.0,0.0,0.0,0.0,,0.0,0.0,0.0,0.0,0.0,0.0,0.0,0.0,0.0,0.0,0.0,0.0,0.0,0.0,0.0,0.0,0.0,0.0,0.0,0.0,0.0,0.0,0.0,0.0,0.0,0.0,0.0,0.0,0.612,0.6101,0.2875
319,64,0.05,3,10,100,32,8,128,184,435241,73,30,"{'sourceA': ['event_time', 'mcc_code', 'term_id'], 'sourceB': ['event_time', 'tr_type', 'amount']}",gender/checkpoints_large_30/model_64_0.05_3_10_100_128_32_8_128epoch=19.ckpt,19,30,0.30208337,38.7369,3.3594,0.0,41.47,1.1471,6.3005,0.7525,,1381.8457,67.1299,287.1446,13.9495,269.595,13.0969,259.4967,12.6063,246.0199,11.9516,234.9002,11.4114,216.019,10.4942,80.3516,4.0684,16.6969,0.8454,15.6764,0.7937,15.0892,0.764,14.3056,0.7243,13.659,0.6916,12.5611,0.636,0.0,0.0,0.0,0.0,0.0,0.0,0.0,,0.0,0.0,0.0,0.0,0.0,0.0,0.0,0.0,0.0,0.0,0.0,0.0,0.0,0.0,0.0,0.0,0.0,0.0,0.0,0.0,0.0,0.0,0.0,0.0,0.0,0.0,0.0,0.0,0.648,0.6266,0.2875
320,64,0.05,3,10,100,32,8,128,184,435241,73,30,"{'sourceA': ['event_time', 'mcc_code', 'term_id'], 'sourceB': ['event_time', 'tr_type', 'amount']}",gender/checkpoints_large_30/model_64_0.05_3_10_100_128_32_8_128epoch=20.ckpt,20,30,0.30267522,38.9918,3.3594,0.0,41.8173,1.147,5.8921,0.7513,,1406.7649,68.393,289.7496,14.0868,271.883,13.2182,261.6219,12.7193,248.2748,12.0704,237.8188,11.5621,220.5535,10.7227,87.663,4.1634,18.0558,0.8575,16.9425,0.8047,16.303,0.7743,15.4713,0.7348,14.8198,0.7038,13.7439,0.6527,0.0,0.0,0.0,0.0,0.0,0.0,0.0,,0.0,0.0,0.0,0.0,0.0,0.0,0.0,0.0,0.0,0.0,0.0,0.0,0.0,0.0,0.0,0.0,0.0,0.0,0.0,0.0,0.0,0.0,0.0,0.0,0.0,0.0,0.0,0.0,0.616,0.6013,0.2875
321,64,0.05,3,10,100,32,8,128,184,435241,73,30,"{'sourceA': ['event_time', 'mcc_code', 'term_id'], 'sourceB': ['event_time', 'tr_type', 'amount']}",gender/checkpoints_large_30/model_64_0.05_3_10_100_128_32_8_128epoch=21.ckpt,21,30,0.303563,39.7259,3.3594,0.0,41.1007,1.1516,6.1308,0.745,,1444.1058,70.2451,290.1569,14.114,272.8486,13.2721,263.2905,12.8071,250.8164,12.2004,241.0362,11.7246,224.8423,10.9369,85.2043,4.1668,17.1197,0.8372,16.0985,0.7873,15.5345,0.7597,14.7985,0.7237,14.2215,0.6955,13.266,0.6488,0.0,0.0,0.0,0.0,0.0,0.0,0.0,,0.0,0.0,0.0,0.0,0.0,0.0,0.0,0.0,0.0,0.0,0.0,0.0,0.0,0.0,0.0,0.0,0.0,0.0,0.0,0.0,0.0,0.0,0.0,0.0,0.0,0.0,0.0,0.0,0.648,0.6068,0.2875
322,64,0.05,3,10,100,32,8,128,184,435241,73,30,"{'sourceA': ['event_time', 'mcc_code', 'term_id'], 'sourceB': ['event_time', 'tr_type', 'amount']}",gender/checkpoints_large_30/model_64_0.05_3_10_100_128_32_8_128epoch=22.ckpt,22,30,0.3030895,39.939,3.3594,0.0,41.4251,1.1474,6.1379,0.7507,,1395.779,67.9025,288.8326,14.0513,271.2795,13.1973,261.5613,12.7246,249.0859,12.1176,239.5495,11.6537,223.5332,10.8746,72.7837,3.8291,15.0613,0.7924,14.146,0.7442,13.6393,0.7175,12.9887,0.6833,12.4914,0.6572,11.6563,0.6132,0.0,0.0,0.0,0.0,0.0,0.0,0.0,,0.0,0.0,0.0,0.0,0.0,0.0,0.0,0.0,0.0,0.0,0.0,0.0,0.0,0.0,0.0,0.0,0.0,0.0,0.0,0.0,0.0,0.0,0.0,0.0,0.0,0.0,0.0,0.0,0.616,0.6281,0.2875
323,64,0.05,3,10,100,32,8,128,184,435241,73,30,"{'sourceA': ['event_time', 'mcc_code', 'term_id'], 'sourceB': ['event_time', 'tr_type', 'amount']}",gender/checkpoints_large_30/model_64_0.05_3_10_100_128_32_8_128epoch=23.ckpt,23,30,0.30149153,40.17,3.3594,0.0,41.0552,1.1441,6.0443,0.7545,,1410.2081,68.5089,292.1753,14.1941,274.605,13.3405,264.6749,12.8581,251.2512,12.206,241.0292,11.7094,223.6846,10.8668,82.4444,4.0572,17.0813,0.8406,16.0541,0.7901,15.4736,0.7615,14.6888,0.7229,14.0912,0.6935,13.0772,0.6436,0.0,0.0,0.0,0.0,0.0,0.0,0.0,,0.0,0.0,0.0,0.0,0.0,0.0,0.0,0.0,0.0,0.0,0.0,0.0,0.0,0.0,0.0,0.0,0.0,0.0,0.0,0.0,0.0,0.0,0.0,0.0,0.0,0.0,0.0,0.0,0.62,0.6304,0.2875
324,64,0.05,3,10,100,32,8,128,184,435241,73,30,"{'sourceA': ['event_time', 'mcc_code', 'term_id'], 'sourceB': ['event_time', 'tr_type', 'amount']}",gender/checkpoints_large_30/model_64_0.05_3_10_100_128_32_8_128epoch=24.ckpt,24,30,0.3087713,40.8678,3.3594,0.0,40.4883,1.1412,6.0621,0.7583,,1395.3038,67.8333,290.5339,14.1244,272.9057,13.2674,262.9266,12.7823,250.1535,12.1613,239.8964,11.6627,223.3364,10.8576,80.2341,3.9878,16.7066,0.8304,15.6929,0.78,15.1191,0.7515,14.3846,0.7149,13.7948,0.6856,12.8425,0.6383,0.0,0.0,0.0,0.0,0.0,0.0,0.0,,0.0,0.0,0.0,0.0,0.0,0.0,0.0,0.0,0.0,0.0,0.0,0.0,0.0,0.0,0.0,0.0,0.0,0.0,0.0,0.0,0.0,0.0,0.0,0.0,0.0,0.0,0.0,0.0,0.608,0.6069,0.2875
325,64,0.05,3,10,100,32,8,128,184,435241,73,30,"{'sourceA': ['event_time', 'mcc_code', 'term_id'], 'sourceB': ['event_time', 'tr_type', 'amount']}",gender/checkpoints_large_30/model_64_0.05_3_10_100_128_32_8_128epoch=25.ckpt,25,30,0.31102037,40.7025,3.3594,0.0,41.5952,1.1469,5.7414,0.75,,1414.1769,68.7806,290.0498,14.107,272.623,13.2594,262.6935,12.7765,249.6358,12.1414,239.3852,11.6429,221.3532,10.7658,82.6086,4.0557,16.9432,0.8318,15.9252,0.7819,15.3451,0.7534,14.5824,0.7159,13.9836,0.6865,12.9303,0.6348,0.0,0.0,0.0,0.0,0.0,0.0,0.0,,0.0,0.0,0.0,0.0,0.0,0.0,0.0,0.0,0.0,0.0,0.0,0.0,0.0,0.0,0.0,0.0,0.0,0.0,0.0,0.0,0.0,0.0,0.0,0.0,0.0,0.0,0.0,0.0,0.64,0.6558,0.2875
326,64,0.05,3,10,100,32,8,128,184,435241,73,30,"{'sourceA': ['event_time', 'mcc_code', 'term_id'], 'sourceB': ['event_time', 'tr_type', 'amount']}",gender/checkpoints_large_30/model_64_0.05_3_10_100_128_32_8_128epoch=26.ckpt,26,30,0.31102034,40.7988,3.3594,0.0,40.8345,1.1385,5.6512,0.761,,1392.9158,67.8365,288.3402,14.0425,270.6317,13.1801,260.601,12.6916,247.4172,12.0495,236.6428,11.5248,219.2239,10.6764,75.8517,3.8437,15.7017,0.7957,14.7373,0.7468,14.1911,0.7191,13.4732,0.6827,12.8865,0.653,11.9379,0.6049,0.0,0.0,0.0,0.0,0.0,0.0,0.0,,0.0,0.0,0.0,0.0,0.0,0.0,0.0,0.0,0.0,0.0,0.0,0.0,0.0,0.0,0.0,0.0,0.0,0.0,0.0,0.0,0.0,0.0,0.0,0.0,0.0,0.0,0.0,0.0,0.632,0.6385,0.2875
327,64,0.05,3,10,100,32,8,128,184,435241,73,30,"{'sourceA': ['event_time', 'mcc_code', 'term_id'], 'sourceB': ['event_time', 'tr_type', 'amount']}",gender/checkpoints_large_30/model_64_0.05_3_10_100_128_32_8_128epoch=27.ckpt,27,30,0.3013139,42.758,3.3594,0.0,40.434,1.146,6.1047,0.7521,,1447.3593,70.3381,294.6343,14.3185,277.8627,13.5034,268.202,13.034,255.6818,12.4255,245.8405,11.9472,229.2463,11.1408,83.7377,4.0529,17.0462,0.825,16.0759,0.7781,15.517,0.751,14.7926,0.716,14.2232,0.6884,13.2632,0.6419,0.0,0.0,0.0,0.0,0.0,0.0,0.0,,0.0,0.0,0.0,0.0,0.0,0.0,0.0,0.0,0.0,0.0,0.0,0.0,0.0,0.0,0.0,0.0,0.0,0.0,0.0,0.0,0.0,0.0,0.0,0.0,0.0,0.0,0.0,0.0,0.608,0.6101,0.2875
328,64,0.05,3,10,100,32,8,128,184,435241,73,30,"{'sourceA': ['event_time', 'mcc_code', 'term_id'], 'sourceB': ['event_time', 'tr_type', 'amount']}",gender/checkpoints_large_30/model_64_0.05_3_10_100_128_32_8_128epoch=28.ckpt,28,30,0.3095999,43.0231,3.3594,0.0,40.4284,1.146,5.9848,0.7516,,1451.9335,70.4914,296.722,14.4059,279.3006,13.5601,269.372,13.078,255.9103,12.4245,245.4369,11.916,227.9342,11.0662,84.6249,4.0069,17.2942,0.8189,16.2788,0.7708,15.7002,0.7434,14.9156,0.7062,14.3051,0.6773,13.285,0.629,0.0,0.0,0.0,0.0,0.0,0.0,0.0,,0.0,0.0,0.0,0.0,0.0,0.0,0.0,0.0,0.0,0.0,0.0,0.0,0.0,0.0,0.0,0.0,0.0,0.0,0.0,0.0,0.0,0.0,0.0,0.0,0.0,0.0,0.0,0.0,0.612,0.6404,0.2875
329,64,0.05,3,10,100,32,8,128,184,435241,73,30,"{'sourceA': ['event_time', 'mcc_code', 'term_id'], 'sourceB': ['event_time', 'tr_type', 'amount']}",gender/checkpoints_large_30/model_64_0.05_3_10_100_128_32_8_128epoch=29.ckpt,29,30,0.313151,41.5037,3.3594,0.0,40.4261,1.1396,5.9856,0.76,,1430.6564,69.4816,292.9717,14.2285,275.3915,13.3747,265.4621,12.8925,251.8613,12.232,241.4422,11.7259,224.7767,10.9166,94.9971,4.467,19.4536,0.9148,18.2863,0.8599,17.627,0.8289,16.7239,0.7864,16.032,0.7539,14.9254,0.7018,0.0,0.0,0.0,0.0,0.0,0.0,0.0,,0.0,0.0,0.0,0.0,0.0,0.0,0.0,0.0,0.0,0.0,0.0,0.0,0.0,0.0,0.0,0.0,0.0,0.0,0.0,0.0,0.0,0.0,0.0,0.0,0.0,0.0,0.0,0.0,0.616,0.6419,0.2875
330,64,0.001,3,10,100,32,8,128,184,435241,73,30,"{'sourceA': ['event_time', 'mcc_code', 'term_id'], 'sourceB': ['event_time', 'tr_type', 'amount']}",gender/checkpoints_large_30/model_64_0.001_3_10_100_128_32_8_128epoch=00.ckpt,0,30,0.0,30.5513,3.3345,0.0011,4.6772,1.3269,5.9274,0.5824,,526.2486,26.2806,225.4432,11.2585,197.3402,9.8551,181.6962,9.0738,161.9791,8.0891,147.2348,7.3528,121.6941,6.0773,26.4655,1.6918,11.3377,0.7248,9.9244,0.6344,9.1377,0.5841,8.1461,0.5207,7.4046,0.4733,6.1201,0.3912,0.0,0.0,0.0,0.0,0.0,0.0,0.0,,0.0,0.0,0.0,0.0,0.0,0.0,0.0,0.0,0.0,0.0,0.0,0.0,0.0,0.0,0.0,0.0,0.0,0.0,0.0,0.0,0.0,0.0,0.0,0.0,0.0,0.0,0.0,0.0,0.62,0.6083,0.2875
331,64,0.001,3,10,100,32,8,128,184,435241,73,30,"{'sourceA': ['event_time', 'mcc_code', 'term_id'], 'sourceB': ['event_time', 'tr_type', 'amount']}",gender/checkpoints_large_30/model_64_0.001_3_10_100_128_32_8_128epoch=01.ckpt,1,30,0.0,32.7611,3.3357,0.0013,4.4442,1.3331,7.6664,0.5722,,629.0944,31.1457,228.0373,11.2898,204.3384,10.1165,191.1506,9.4636,174.6766,8.648,162.2081,8.0307,137.0094,6.7832,37.2871,2.2788,13.516,0.826,12.1114,0.7402,11.3297,0.6924,10.3533,0.6327,9.6143,0.5876,8.1207,0.4963,0.0,0.0,0.0,0.0,0.0,0.0,0.0,,0.0,0.0,0.0,0.0,0.0,0.0,0.0,0.0,0.0,0.0,0.0,0.0,0.0,0.0,0.0,0.0,0.0,0.0,0.0,0.0,0.0,0.0,0.0,0.0,0.0,0.0,0.0,0.0,0.64,0.6437,0.2875
332,64,0.001,3,10,100,32,8,128,184,435241,73,30,"{'sourceA': ['event_time', 'mcc_code', 'term_id'], 'sourceB': ['event_time', 'tr_type', 'amount']}",gender/checkpoints_large_30/model_64_0.001_3_10_100_128_32_8_128epoch=02.ckpt,2,30,0.0,36.0817,3.2995,0.0016,4.2547,1.3401,8.5355,0.565,,727.57,35.749,235.5501,11.5737,212.9672,10.4641,201.0327,9.8777,185.769,9.1277,173.4766,8.5237,147.3451,7.2398,46.3325,2.7204,15.0001,0.8807,13.562,0.7963,12.802,0.7517,11.83,0.6946,11.0472,0.6486,9.3831,0.5509,0.0,0.0,0.0,0.0,0.0,0.0,0.0,,0.0,0.0,0.0,0.0,0.0,0.0,0.0,0.0,0.0,0.0,0.0,0.0,0.0,0.0,0.0,0.0,0.0,0.0,0.0,0.0,0.0,0.0,0.0,0.0,0.0,0.0,0.0,0.0,0.652,0.6945,0.2875
333,64,0.001,3,10,100,32,8,128,184,435241,73,30,"{'sourceA': ['event_time', 'mcc_code', 'term_id'], 'sourceB': ['event_time', 'tr_type', 'amount']}",gender/checkpoints_large_30/model_64_0.001_3_10_100_128_32_8_128epoch=03.ckpt,3,30,0.0,37.2876,3.2956,0.0015,4.1925,1.3075,8.6471,0.5895,,808.7522,39.575,243.0339,11.8925,221.1878,10.8235,209.4751,10.2503,194.8057,9.5325,182.899,8.9499,157.8467,7.724,57.0152,3.1177,17.1333,0.9369,15.5932,0.8527,14.7675,0.8075,13.7334,0.751,12.894,0.7051,11.1278,0.6085,0.0,0.0,0.0,0.0,0.0,0.0,0.0,,0.0,0.0,0.0,0.0,0.0,0.0,0.0,0.0,0.0,0.0,0.0,0.0,0.0,0.0,0.0,0.0,0.0,0.0,0.0,0.0,0.0,0.0,0.0,0.0,0.0,0.0,0.0,0.0,0.684,0.7122,0.2875
334,64,0.001,3,10,100,32,8,128,184,435241,73,30,"{'sourceA': ['event_time', 'mcc_code', 'term_id'], 'sourceB': ['event_time', 'tr_type', 'amount']}",gender/checkpoints_large_30/model_64_0.001_3_10_100_128_32_8_128epoch=04.ckpt,4,30,0.0,37.4411,3.2702,0.0014,4.2669,1.2667,8.7629,0.6262,,850.2316,41.5853,249.3686,12.1967,228.0095,11.1521,216.5131,10.5898,201.0445,9.8332,188.5374,9.2215,164.1159,8.027,61.1874,3.2516,17.946,0.9537,16.4088,0.872,15.5815,0.828,14.4683,0.7689,13.5682,0.721,11.8107,0.6276,0.0,0.0,0.0,0.0,0.0,0.0,0.0,,0.0,0.0,0.0,0.0,0.0,0.0,0.0,0.0,0.0,0.0,0.0,0.0,0.0,0.0,0.0,0.0,0.0,0.0,0.0,0.0,0.0,0.0,0.0,0.0,0.0,0.0,0.0,0.0,0.676,0.6919,0.2875
335,64,0.001,3,10,100,32,8,128,184,435241,73,30,"{'sourceA': ['event_time', 'mcc_code', 'term_id'], 'sourceB': ['event_time', 'tr_type', 'amount']}",gender/checkpoints_large_30/model_64_0.001_3_10_100_128_32_8_128epoch=05.ckpt,5,30,0.0,39.4113,3.2476,0.0013,4.2826,1.2728,9.0134,0.6202,,905.2416,44.1606,255.0217,12.4408,233.976,11.4141,222.3732,10.8481,207.375,10.1164,195.5128,9.5377,170.3469,8.3101,65.427,3.4146,18.4319,0.9619,16.9108,0.8826,16.0722,0.8388,14.9882,0.7822,14.1308,0.7375,12.312,0.6426,0.0,0.0,0.0,0.0,0.0,0.0,0.0,,0.0,0.0,0.0,0.0,0.0,0.0,0.0,0.0,0.0,0.0,0.0,0.0,0.0,0.0,0.0,0.0,0.0,0.0,0.0,0.0,0.0,0.0,0.0,0.0,0.0,0.0,0.0,0.0,0.656,0.7088,0.2875
336,64,0.001,3,10,100,32,8,128,184,435241,73,30,"{'sourceA': ['event_time', 'mcc_code', 'term_id'], 'sourceB': ['event_time', 'tr_type', 'amount']}",gender/checkpoints_large_30/model_64_0.001_3_10_100_128_32_8_128epoch=06.ckpt,6,30,0.0,40.1997,3.184,0.0012,4.3618,1.2481,9.084,0.644,,926.4597,45.1792,259.1129,12.6357,238.2554,11.6186,226.8018,11.0601,211.7537,10.3263,199.8008,9.7434,173.4927,8.4604,62.4353,3.3567,17.462,0.9388,16.0563,0.8632,15.2845,0.8217,14.2704,0.7672,13.4648,0.7239,11.6919,0.6286,0.0,0.0,0.0,0.0,0.0,0.0,0.0,,0.0,0.0,0.0,0.0,0.0,0.0,0.0,0.0,0.0,0.0,0.0,0.0,0.0,0.0,0.0,0.0,0.0,0.0,0.0,0.0,0.0,0.0,0.0,0.0,0.0,0.0,0.0,0.0,0.664,0.6981,0.2875
337,64,0.001,3,10,100,32,8,128,184,435241,73,30,"{'sourceA': ['event_time', 'mcc_code', 'term_id'], 'sourceB': ['event_time', 'tr_type', 'amount']}",gender/checkpoints_large_30/model_64_0.001_3_10_100_128_32_8_128epoch=07.ckpt,7,30,0.0,41.7004,3.1194,0.0012,4.4189,1.2481,9.6519,0.6434,,962.9935,46.9025,264.1718,12.8665,243.5345,11.8613,232.2076,11.3097,217.2873,10.583,205.1029,9.9895,178.9914,8.7178,60.188,3.2375,16.511,0.8881,15.2211,0.8187,14.5132,0.7807,13.5807,0.7305,12.8191,0.6895,11.1871,0.6017,0.0,0.0,0.0,0.0,0.0,0.0,0.0,,0.0,0.0,0.0,0.0,0.0,0.0,0.0,0.0,0.0,0.0,0.0,0.0,0.0,0.0,0.0,0.0,0.0,0.0,0.0,0.0,0.0,0.0,0.0,0.0,0.0,0.0,0.0,0.0,0.64,0.6947,0.2875
338,64,0.001,3,10,100,32,8,128,184,435241,73,30,"{'sourceA': ['event_time', 'mcc_code', 'term_id'], 'sourceB': ['event_time', 'tr_type', 'amount']}",gender/checkpoints_large_30/model_64_0.001_3_10_100_128_32_8_128epoch=08.ckpt,8,30,0.0,43.0716,3.1687,0.0012,4.473,1.2414,9.8036,0.6498,,986.9189,48.0692,268.9602,13.1001,248.6738,12.112,237.4397,11.5648,222.6118,10.8426,210.6443,10.2597,183.345,8.9301,62.5139,3.2732,17.0366,0.892,15.7516,0.8248,15.04,0.7875,14.1008,0.7383,13.3427,0.6986,11.6135,0.6081,0.0,0.0,0.0,0.0,0.0,0.0,0.0,,0.0,0.0,0.0,0.0,0.0,0.0,0.0,0.0,0.0,0.0,0.0,0.0,0.0,0.0,0.0,0.0,0.0,0.0,0.0,0.0,0.0,0.0,0.0,0.0,0.0,0.0,0.0,0.0,0.628,0.6686,0.2875
339,64,0.001,3,10,100,32,8,128,184,435241,73,30,"{'sourceA': ['event_time', 'mcc_code', 'term_id'], 'sourceB': ['event_time', 'tr_type', 'amount']}",gender/checkpoints_large_30/model_64_0.001_3_10_100_128_32_8_128epoch=09.ckpt,9,30,0.0,43.8197,3.1629,0.0011,4.52,1.2357,10.5416,0.6553,,1006.9264,49.0206,271.3739,13.2114,251.0617,12.2225,239.8037,11.6745,225.1091,10.9591,213.0746,10.3732,185.4245,9.0271,56.4593,3.0849,15.2162,0.8314,14.0773,0.7692,13.446,0.7347,12.6221,0.6897,11.9473,0.6528,10.3969,0.5681,0.0,0.0,0.0,0.0,0.0,0.0,0.0,,0.0,0.0,0.0,0.0,0.0,0.0,0.0,0.0,0.0,0.0,0.0,0.0,0.0,0.0,0.0,0.0,0.0,0.0,0.0,0.0,0.0,0.0,0.0,0.0,0.0,0.0,0.0,0.0,0.676,0.6998,0.2875
340,64,0.001,3,10,100,32,8,128,184,435241,73,30,"{'sourceA': ['event_time', 'mcc_code', 'term_id'], 'sourceB': ['event_time', 'tr_type', 'amount']}",gender/checkpoints_large_30/model_64_0.001_3_10_100_128_32_8_128epoch=10.ckpt,10,30,0.0,43.9633,3.0822,0.0011,4.5216,1.2319,10.6134,0.6591,,1011.4952,49.2332,272.1938,13.2487,251.9543,12.2635,240.7671,11.719,226.226,11.0113,214.4408,10.4376,187.1749,9.1105,56.7963,3.1238,15.2839,0.8406,14.1474,0.7781,13.5193,0.7436,12.7028,0.6986,12.041,0.6623,10.51,0.578,0.0,0.0,0.0,0.0,0.0,0.0,0.0,,0.0,0.0,0.0,0.0,0.0,0.0,0.0,0.0,0.0,0.0,0.0,0.0,0.0,0.0,0.0,0.0,0.0,0.0,0.0,0.0,0.0,0.0,0.0,0.0,0.0,0.0,0.0,0.0,0.644,0.7237,0.2875
341,64,0.001,3,10,100,32,8,128,184,435241,73,30,"{'sourceA': ['event_time', 'mcc_code', 'term_id'], 'sourceB': ['event_time', 'tr_type', 'amount']}",gender/checkpoints_large_30/model_64_0.001_3_10_100_128_32_8_128epoch=11.ckpt,11,30,0.0,44.4741,3.0583,0.0011,4.5584,1.2322,11.0683,0.659,,1027.9092,50.0354,273.7193,13.3238,253.7244,12.3505,242.7007,11.8139,228.5259,11.1239,216.9762,10.5617,189.6437,9.2313,56.2813,3.1285,14.987,0.8331,13.8922,0.7722,13.2886,0.7387,12.5125,0.6955,11.8801,0.6604,10.3836,0.5772,0.0,0.0,0.0,0.0,0.0,0.0,0.0,,0.0,0.0,0.0,0.0,0.0,0.0,0.0,0.0,0.0,0.0,0.0,0.0,0.0,0.0,0.0,0.0,0.0,0.0,0.0,0.0,0.0,0.0,0.0,0.0,0.0,0.0,0.0,0.0,0.66,0.7168,0.2875
342,64,0.001,3,10,100,32,8,128,184,435241,73,30,"{'sourceA': ['event_time', 'mcc_code', 'term_id'], 'sourceB': ['event_time', 'tr_type', 'amount']}",gender/checkpoints_large_30/model_64_0.001_3_10_100_128_32_8_128epoch=12.ckpt,12,30,0.0,44.8426,3.1355,0.001,4.5671,1.2289,10.7099,0.6623,,1030.3224,50.1315,275.2611,13.3931,255.3891,12.4262,244.4449,11.8937,230.0457,11.1931,218.3552,10.6243,191.7708,9.3308,55.007,3.0326,14.6957,0.8102,13.6348,0.7517,13.0505,0.7195,12.2817,0.6771,11.6576,0.6427,10.2383,0.5645,0.0,0.0,0.0,0.0,0.0,0.0,0.0,,0.0,0.0,0.0,0.0,0.0,0.0,0.0,0.0,0.0,0.0,0.0,0.0,0.0,0.0,0.0,0.0,0.0,0.0,0.0,0.0,0.0,0.0,0.0,0.0,0.0,0.0,0.0,0.0,0.656,0.7,0.2875
343,64,0.001,3,10,100,32,8,128,184,435241,73,30,"{'sourceA': ['event_time', 'mcc_code', 'term_id'], 'sourceB': ['event_time', 'tr_type', 'amount']}",gender/checkpoints_large_30/model_64_0.001_3_10_100_128_32_8_128epoch=13.ckpt,13,30,0.0,45.2288,3.1136,0.0011,4.5772,1.2294,11.0645,0.6621,,1045.1613,50.8605,275.9666,13.4293,256.3484,12.4746,245.4325,11.9434,231.4105,11.2611,219.762,10.6942,191.3906,9.3136,56.8262,3.1019,15.0045,0.819,13.9379,0.7608,13.3443,0.7284,12.582,0.6868,11.9486,0.6522,10.4061,0.568,0.0,0.0,0.0,0.0,0.0,0.0,0.0,,0.0,0.0,0.0,0.0,0.0,0.0,0.0,0.0,0.0,0.0,0.0,0.0,0.0,0.0,0.0,0.0,0.0,0.0,0.0,0.0,0.0,0.0,0.0,0.0,0.0,0.0,0.0,0.0,0.66,0.6966,0.2875
344,64,0.001,3,10,100,32,8,128,184,435241,73,30,"{'sourceA': ['event_time', 'mcc_code', 'term_id'], 'sourceB': ['event_time', 'tr_type', 'amount']}",gender/checkpoints_large_30/model_64_0.001_3_10_100_128_32_8_128epoch=14.ckpt,14,30,0.0,46.2008,3.0931,0.0011,4.5407,1.2408,11.6355,0.65,,1060.4829,51.6272,276.1558,13.444,256.3521,12.4799,245.5315,11.9531,231.4446,11.2674,220.0334,10.7118,191.8327,9.3389,54.0651,3.0204,14.0789,0.7865,13.0692,0.7301,12.5176,0.6993,11.7994,0.6592,11.2176,0.6267,9.7799,0.5464,0.0,0.0,0.0,0.0,0.0,0.0,0.0,,0.0,0.0,0.0,0.0,0.0,0.0,0.0,0.0,0.0,0.0,0.0,0.0,0.0,0.0,0.0,0.0,0.0,0.0,0.0,0.0,0.0,0.0,0.0,0.0,0.0,0.0,0.0,0.0,0.672,0.7114,0.2875
345,64,0.001,3,10,100,32,8,128,184,435241,73,30,"{'sourceA': ['event_time', 'mcc_code', 'term_id'], 'sourceB': ['event_time', 'tr_type', 'amount']}",gender/checkpoints_large_30/model_64_0.001_3_10_100_128_32_8_128epoch=15.ckpt,15,30,0.0,45.9585,3.1372,0.001,4.5659,1.2292,11.4109,0.6621,,1060.714,51.6387,277.3862,13.504,257.6883,12.545,246.8985,12.0198,232.896,11.3381,221.3158,10.7743,192.7352,9.3829,51.8401,2.9557,13.5567,0.7729,12.594,0.7181,12.0666,0.688,11.3823,0.649,10.8163,0.6167,9.4195,0.5371,0.0,0.0,0.0,0.0,0.0,0.0,0.0,,0.0,0.0,0.0,0.0,0.0,0.0,0.0,0.0,0.0,0.0,0.0,0.0,0.0,0.0,0.0,0.0,0.0,0.0,0.0,0.0,0.0,0.0,0.0,0.0,0.0,0.0,0.0,0.0,0.648,0.7135,0.2875
346,64,0.001,3,10,100,32,8,128,184,435241,73,30,"{'sourceA': ['event_time', 'mcc_code', 'term_id'], 'sourceB': ['event_time', 'tr_type', 'amount']}",gender/checkpoints_large_30/model_64_0.001_3_10_100_128_32_8_128epoch=16.ckpt,16,30,0.0,46.5107,3.1468,0.001,4.577,1.2339,11.7819,0.6569,,1070.2014,52.0746,277.9541,13.5249,258.5534,12.5809,247.7505,12.0552,233.7422,11.3736,222.457,10.8245,194.6984,9.4738,53.4594,2.9849,13.8845,0.7752,12.9154,0.7211,12.3758,0.691,11.676,0.6519,11.1123,0.6204,9.7257,0.543,0.0,0.0,0.0,0.0,0.0,0.0,0.0,,0.0,0.0,0.0,0.0,0.0,0.0,0.0,0.0,0.0,0.0,0.0,0.0,0.0,0.0,0.0,0.0,0.0,0.0,0.0,0.0,0.0,0.0,0.0,0.0,0.0,0.0,0.0,0.0,0.656,0.6975,0.2875
347,64,0.001,3,10,100,32,8,128,184,435241,73,30,"{'sourceA': ['event_time', 'mcc_code', 'term_id'], 'sourceB': ['event_time', 'tr_type', 'amount']}",gender/checkpoints_large_30/model_64_0.001_3_10_100_128_32_8_128epoch=17.ckpt,17,30,0.0,46.9518,3.0135,0.001,4.5839,1.2353,11.5778,0.6557,,1078.5884,52.4783,278.5198,13.5513,258.9343,12.5984,248.091,12.0708,234.2278,11.3963,222.5692,10.829,195.0569,9.4904,55.2149,3.0786,14.2579,0.795,13.2553,0.7391,12.7002,0.7081,11.9905,0.6686,11.3937,0.6353,9.9853,0.5568,0.0,0.0,0.0,0.0,0.0,0.0,0.0,,0.0,0.0,0.0,0.0,0.0,0.0,0.0,0.0,0.0,0.0,0.0,0.0,0.0,0.0,0.0,0.0,0.0,0.0,0.0,0.0,0.0,0.0,0.0,0.0,0.0,0.0,0.0,0.0,0.652,0.6984,0.2875
348,64,0.001,3,10,100,32,8,128,184,435241,73,30,"{'sourceA': ['event_time', 'mcc_code', 'term_id'], 'sourceB': ['event_time', 'tr_type', 'amount']}",gender/checkpoints_large_30/model_64_0.001_3_10_100_128_32_8_128epoch=18.ckpt,18,30,0.0,47.2563,3.1591,0.0009,4.5804,1.2315,11.0946,0.66,,1088.2836,52.9675,280.1471,13.6349,260.5428,12.6808,249.6513,12.1507,235.7189,11.4726,224.3695,10.9202,195.8655,9.5329,56.12,3.0991,14.4465,0.7978,13.4355,0.7419,12.8739,0.7109,12.1554,0.6712,11.5702,0.6389,10.1003,0.5578,0.0,0.0,0.0,0.0,0.0,0.0,0.0,,0.0,0.0,0.0,0.0,0.0,0.0,0.0,0.0,0.0,0.0,0.0,0.0,0.0,0.0,0.0,0.0,0.0,0.0,0.0,0.0,0.0,0.0,0.0,0.0,0.0,0.0,0.0,0.0,0.692,0.7206,0.2875
349,64,0.001,3,10,100,32,8,128,184,435241,73,30,"{'sourceA': ['event_time', 'mcc_code', 'term_id'], 'sourceB': ['event_time', 'tr_type', 'amount']}",gender/checkpoints_large_30/model_64_0.001_3_10_100_128_32_8_128epoch=19.ckpt,19,30,0.0,47.6396,3.0425,0.0009,4.5675,1.2329,11.2131,0.658,,1100.5232,53.5103,280.9303,13.6596,261.4826,12.714,250.9411,12.2014,237.2509,11.5358,226.0973,10.9934,198.7445,9.6635,55.0683,3.0541,14.0573,0.7796,13.0841,0.7257,12.5567,0.6964,11.8716,0.6584,11.3135,0.6275,9.9448,0.5515,0.0,0.0,0.0,0.0,0.0,0.0,0.0,,0.0,0.0,0.0,0.0,0.0,0.0,0.0,0.0,0.0,0.0,0.0,0.0,0.0,0.0,0.0,0.0,0.0,0.0,0.0,0.0,0.0,0.0,0.0,0.0,0.0,0.0,0.0,0.0,0.672,0.7273,0.2875
350,64,0.001,3,10,100,32,8,128,184,435241,73,30,"{'sourceA': ['event_time', 'mcc_code', 'term_id'], 'sourceB': ['event_time', 'tr_type', 'amount']}",gender/checkpoints_large_30/model_64_0.001_3_10_100_128_32_8_128epoch=20.ckpt,20,30,0.0,47.2936,3.0885,0.0009,4.6123,1.2278,11.3438,0.6636,,1091.8918,53.1061,281.1428,13.6739,261.7384,12.7301,250.959,12.2058,237.1034,11.5319,225.5123,10.9682,196.2687,9.5459,52.7408,2.9482,13.5798,0.7591,12.6426,0.7067,12.1219,0.6776,11.4526,0.6402,10.8927,0.6089,9.4802,0.5299,0.0,0.0,0.0,0.0,0.0,0.0,0.0,,0.0,0.0,0.0,0.0,0.0,0.0,0.0,0.0,0.0,0.0,0.0,0.0,0.0,0.0,0.0,0.0,0.0,0.0,0.0,0.0,0.0,0.0,0.0,0.0,0.0,0.0,0.0,0.0,0.68,0.7165,0.2875
351,64,0.001,3,10,100,32,8,128,184,435241,73,30,"{'sourceA': ['event_time', 'mcc_code', 'term_id'], 'sourceB': ['event_time', 'tr_type', 'amount']}",gender/checkpoints_large_30/model_64_0.001_3_10_100_128_32_8_128epoch=21.ckpt,21,30,0.0,47.359,3.067,0.0009,4.6392,1.2275,11.3827,0.664,,1099.0438,53.4641,281.9067,13.7136,262.3976,12.7646,251.6015,12.2394,237.5918,11.5579,226.0757,10.9977,196.9807,9.5823,53.4138,2.9687,13.7007,0.7615,12.7526,0.7088,12.2279,0.6796,11.547,0.6418,10.9873,0.6107,9.5733,0.5321,0.0,0.0,0.0,0.0,0.0,0.0,0.0,,0.0,0.0,0.0,0.0,0.0,0.0,0.0,0.0,0.0,0.0,0.0,0.0,0.0,0.0,0.0,0.0,0.0,0.0,0.0,0.0,0.0,0.0,0.0,0.0,0.0,0.0,0.0,0.0,0.668,0.741,0.2875
352,64,0.001,3,10,100,32,8,128,184,435241,73,30,"{'sourceA': ['event_time', 'mcc_code', 'term_id'], 'sourceB': ['event_time', 'tr_type', 'amount']}",gender/checkpoints_large_30/model_64_0.001_3_10_100_128_32_8_128epoch=22.ckpt,22,30,0.0,47.8199,3.1914,0.0009,4.604,1.2293,11.6164,0.6621,,1102.6243,53.6793,281.869,13.7223,262.5116,12.7799,251.8691,12.2618,238.1852,11.5956,226.9837,11.0503,198.4287,9.6601,53.6824,2.996,13.7231,0.7659,12.7806,0.7133,12.2625,0.6844,11.5963,0.6472,11.0509,0.6167,9.6607,0.5392,0.0,0.0,0.0,0.0,0.0,0.0,0.0,,0.0,0.0,0.0,0.0,0.0,0.0,0.0,0.0,0.0,0.0,0.0,0.0,0.0,0.0,0.0,0.0,0.0,0.0,0.0,0.0,0.0,0.0,0.0,0.0,0.0,0.0,0.0,0.0,0.684,0.7229,0.2875
353,64,0.001,3,10,100,32,8,128,184,435241,73,30,"{'sourceA': ['event_time', 'mcc_code', 'term_id'], 'sourceB': ['event_time', 'tr_type', 'amount']}",gender/checkpoints_large_30/model_64_0.001_3_10_100_128_32_8_128epoch=23.ckpt,23,30,0.0,47.3862,3.095,0.0009,4.6432,1.2219,11.3182,0.6699,,1099.1016,53.4677,281.6723,13.7024,262.3909,12.7645,251.8522,12.2518,238.0666,11.5812,226.9818,11.0419,198.5181,9.6573,52.7658,2.9421,13.5226,0.754,12.5969,0.7024,12.091,0.6742,11.4291,0.6373,10.897,0.6076,9.5305,0.5314,0.0,0.0,0.0,0.0,0.0,0.0,0.0,,0.0,0.0,0.0,0.0,0.0,0.0,0.0,0.0,0.0,0.0,0.0,0.0,0.0,0.0,0.0,0.0,0.0,0.0,0.0,0.0,0.0,0.0,0.0,0.0,0.0,0.0,0.0,0.0,0.692,0.7152,0.2875
354,64,0.001,3,10,100,32,8,128,184,435241,73,30,"{'sourceA': ['event_time', 'mcc_code', 'term_id'], 'sourceB': ['event_time', 'tr_type', 'amount']}",gender/checkpoints_large_30/model_64_0.001_3_10_100_128_32_8_128epoch=24.ckpt,24,30,0.0,47.6641,3.1752,0.0008,4.6577,1.2255,11.3743,0.6663,,1105.634,53.7983,282.8383,13.7624,263.3458,12.814,252.8156,12.3016,238.9054,11.6247,227.4495,11.0673,198.8142,9.674,52.0694,2.9036,13.3202,0.7428,12.4022,0.6916,11.9063,0.664,11.2512,0.6274,10.7116,0.5973,9.3631,0.5221,0.0,0.0,0.0,0.0,0.0,0.0,0.0,,0.0,0.0,0.0,0.0,0.0,0.0,0.0,0.0,0.0,0.0,0.0,0.0,0.0,0.0,0.0,0.0,0.0,0.0,0.0,0.0,0.0,0.0,0.0,0.0,0.0,0.0,0.0,0.0,0.676,0.7229,0.2875
355,64,0.001,3,10,100,32,8,128,184,435241,73,30,"{'sourceA': ['event_time', 'mcc_code', 'term_id'], 'sourceB': ['event_time', 'tr_type', 'amount']}",gender/checkpoints_large_30/model_64_0.001_3_10_100_128_32_8_128epoch=25.ckpt,25,30,0.0,47.8168,3.103,0.0009,4.634,1.2233,11.5414,0.669,,1106.2668,53.8549,282.7037,13.7625,263.4019,12.8228,252.7848,12.306,238.9321,11.6316,227.6453,11.0821,198.9371,9.6846,51.9021,2.9414,13.2635,0.7517,12.3579,0.7003,11.8598,0.6721,11.2098,0.6353,10.6803,0.6053,9.3334,0.5289,0.0,0.0,0.0,0.0,0.0,0.0,0.0,,0.0,0.0,0.0,0.0,0.0,0.0,0.0,0.0,0.0,0.0,0.0,0.0,0.0,0.0,0.0,0.0,0.0,0.0,0.0,0.0,0.0,0.0,0.0,0.0,0.0,0.0,0.0,0.0,0.692,0.743,0.2875
356,64,0.001,3,10,100,32,8,128,184,435241,73,30,"{'sourceA': ['event_time', 'mcc_code', 'term_id'], 'sourceB': ['event_time', 'tr_type', 'amount']}",gender/checkpoints_large_30/model_64_0.001_3_10_100_128_32_8_128epoch=26.ckpt,26,30,0.0,47.8293,3.0446,0.0008,4.648,1.2241,11.4796,0.6677,,1109.0626,53.9365,283.5425,13.7894,264.2617,12.8517,253.638,12.3351,239.63,11.6538,228.1865,11.0973,199.4416,9.6993,51.3939,2.8774,13.1393,0.7356,12.2459,0.6856,11.7536,0.658,11.1044,0.6217,10.5742,0.592,9.2421,0.5174,0.0,0.0,0.0,0.0,0.0,0.0,0.0,,0.0,0.0,0.0,0.0,0.0,0.0,0.0,0.0,0.0,0.0,0.0,0.0,0.0,0.0,0.0,0.0,0.0,0.0,0.0,0.0,0.0,0.0,0.0,0.0,0.0,0.0,0.0,0.0,0.7,0.7256,0.2875
357,64,0.001,3,10,100,32,8,128,184,435241,73,30,"{'sourceA': ['event_time', 'mcc_code', 'term_id'], 'sourceB': ['event_time', 'tr_type', 'amount']}",gender/checkpoints_large_30/model_64_0.001_3_10_100_128_32_8_128epoch=27.ckpt,27,30,0.0,48.2286,3.1239,0.0009,4.6347,1.2262,11.7494,0.6653,,1109.8983,53.9899,283.1486,13.7735,263.8123,12.8329,253.338,12.3234,239.5895,11.6546,228.4344,11.112,200.0087,9.7292,51.5853,2.9156,13.16,0.7438,12.2613,0.693,11.7745,0.6655,11.1355,0.6294,10.6171,0.6001,9.2959,0.5254,0.0,0.0,0.0,0.0,0.0,0.0,0.0,,0.0,0.0,0.0,0.0,0.0,0.0,0.0,0.0,0.0,0.0,0.0,0.0,0.0,0.0,0.0,0.0,0.0,0.0,0.0,0.0,0.0,0.0,0.0,0.0,0.0,0.0,0.0,0.0,0.676,0.7161,0.2875
358,64,0.001,3,10,100,32,8,128,184,435241,73,30,"{'sourceA': ['event_time', 'mcc_code', 'term_id'], 'sourceB': ['event_time', 'tr_type', 'amount']}",gender/checkpoints_large_30/model_64_0.001_3_10_100_128_32_8_128epoch=28.ckpt,28,30,0.0,48.242,3.1545,0.0009,4.6441,1.2275,11.7101,0.6643,,1116.9552,54.3528,283.5611,13.7985,264.3332,12.8629,253.8538,12.3529,240.1106,11.6842,228.8124,11.1344,199.8693,9.726,52.018,2.9084,13.2058,0.7384,12.3103,0.6883,11.8223,0.661,11.1822,0.6252,10.6561,0.5958,9.3082,0.5204,0.0,0.0,0.0,0.0,0.0,0.0,0.0,,0.0,0.0,0.0,0.0,0.0,0.0,0.0,0.0,0.0,0.0,0.0,0.0,0.0,0.0,0.0,0.0,0.0,0.0,0.0,0.0,0.0,0.0,0.0,0.0,0.0,0.0,0.0,0.0,0.704,0.7391,0.2875
359,64,0.001,3,10,100,32,8,128,184,435241,73,30,"{'sourceA': ['event_time', 'mcc_code', 'term_id'], 'sourceB': ['event_time', 'tr_type', 'amount']}",gender/checkpoints_large_30/model_64_0.001_3_10_100_128_32_8_128epoch=29.ckpt,29,30,0.0,47.6767,3.0571,0.0008,4.6811,1.2173,11.8644,0.6749,,1105.888,53.8096,283.3786,13.7885,264.0423,12.8476,253.4756,12.3335,239.5574,11.6562,228.3663,11.1117,199.1736,9.6913,49.7885,2.7973,12.7581,0.7168,11.8875,0.6679,11.4118,0.6411,10.7852,0.6059,10.2813,0.5776,8.9671,0.5038,0.0,0.0,0.0,0.0,0.0,0.0,0.0,,0.0,0.0,0.0,0.0,0.0,0.0,0.0,0.0,0.0,0.0,0.0,0.0,0.0,0.0,0.0,0.0,0.0,0.0,0.0,0.0,0.0,0.0,0.0,0.0,0.0,0.0,0.0,0.0,0.708,0.7241,0.2875
360,64,0.001,5,10,100,32,8,128,184,435241,73,30,"{'sourceA': ['event_time', 'mcc_code', 'term_id'], 'sourceB': ['event_time', 'tr_type', 'amount']}",gender/checkpoints_large_30/model_64_0.001_5_10_100_128_32_8_128epoch=00.ckpt,0,30,0.47563922,27.8586,3.3398,0.0009,4.7074,1.2225,7.1804,0.6772,,516.0708,25.6978,230.6363,11.4846,203.2184,10.1193,188.1882,9.3709,168.1039,8.3708,151.5517,7.5465,123.7402,6.1617,28.136,1.7398,12.5742,0.7775,11.0794,0.6851,10.26,0.6344,9.165,0.5667,8.2626,0.5109,6.7463,0.4172,0.0,0.0,0.0,0.0,0.0,0.0,0.0,,0.0,0.0,0.0,0.0,0.0,0.0,0.0,0.0,0.0,0.0,0.0,0.0,0.0,0.0,0.0,0.0,0.0,0.0,0.0,0.0,0.0,0.0,0.0,0.0,0.0,0.0,0.0,0.0,0.576,0.5501,0.2875
361,64,0.001,5,10,100,32,8,128,184,435241,73,30,"{'sourceA': ['event_time', 'mcc_code', 'term_id'], 'sourceB': ['event_time', 'tr_type', 'amount']}",gender/checkpoints_large_30/model_64_0.001_5_10_100_128_32_8_128epoch=01.ckpt,1,30,0.53547585,30.3774,3.3325,0.001,4.4169,1.208,7.8246,0.6875,,602.1057,29.7384,236.4215,11.677,210.9397,10.4184,197.3494,9.7472,179.4813,8.8647,165.9671,8.1972,144.3313,7.1286,33.9619,2.0951,13.3354,0.8227,11.8981,0.734,11.1315,0.6867,10.1237,0.6245,9.3614,0.5775,8.141,0.5022,0.0,0.0,0.0,0.0,0.0,0.0,0.0,,0.0,0.0,0.0,0.0,0.0,0.0,0.0,0.0,0.0,0.0,0.0,0.0,0.0,0.0,0.0,0.0,0.0,0.0,0.0,0.0,0.0,0.0,0.0,0.0,0.0,0.0,0.0,0.0,0.592,0.5967,0.2875
362,64,0.001,5,10,100,32,8,128,184,435241,73,30,"{'sourceA': ['event_time', 'mcc_code', 'term_id'], 'sourceB': ['event_time', 'tr_type', 'amount']}",gender/checkpoints_large_30/model_64_0.001_5_10_100_128_32_8_128epoch=02.ckpt,2,30,0.57524866,32.8208,3.3216,0.0012,4.2946,1.2113,8.5259,0.6826,,693.9358,34.1292,243.1525,11.9587,219.3601,10.7886,206.3886,10.1506,190.45,9.3667,178.9471,8.801,157.811,7.7615,38.6435,2.3335,13.5405,0.8176,12.2156,0.7376,11.4933,0.694,10.6057,0.6404,9.9651,0.6017,8.7881,0.5307,0.0,0.0,0.0,0.0,0.0,0.0,0.0,,0.0,0.0,0.0,0.0,0.0,0.0,0.0,0.0,0.0,0.0,0.0,0.0,0.0,0.0,0.0,0.0,0.0,0.0,0.0,0.0,0.0,0.0,0.0,0.0,0.0,0.0,0.0,0.0,0.668,0.6859,0.2875
363,64,0.001,5,10,100,32,8,128,184,435241,73,30,"{'sourceA': ['event_time', 'mcc_code', 'term_id'], 'sourceB': ['event_time', 'tr_type', 'amount']}",gender/checkpoints_large_30/model_64_0.001_5_10_100_128_32_8_128epoch=03.ckpt,3,30,0.61637074,34.1276,3.2784,0.0012,4.2686,1.2014,8.3151,0.6936,,762.3016,37.3488,250.2829,12.2625,227.2825,11.1356,215.0403,10.5358,199.5009,9.7745,187.8261,9.2025,167.1827,8.1911,47.243,2.6848,15.5111,0.8815,14.0857,0.8005,13.3269,0.7574,12.3639,0.7026,11.6404,0.6615,10.361,0.5888,0.0,0.0,0.0,0.0,0.0,0.0,0.0,,0.0,0.0,0.0,0.0,0.0,0.0,0.0,0.0,0.0,0.0,0.0,0.0,0.0,0.0,0.0,0.0,0.0,0.0,0.0,0.0,0.0,0.0,0.0,0.0,0.0,0.0,0.0,0.0,0.668,0.6722,0.2875
364,64,0.001,5,10,100,32,8,128,184,435241,73,30,"{'sourceA': ['event_time', 'mcc_code', 'term_id'], 'sourceB': ['event_time', 'tr_type', 'amount']}",gender/checkpoints_large_30/model_64_0.001_5_10_100_128_32_8_128epoch=04.ckpt,4,30,0.6375,35.2425,3.2419,0.0012,4.3588,1.1929,8.1904,0.7027,,813.354,39.7876,255.3582,12.4916,232.8092,11.3885,220.6219,10.7924,205.1403,10.035,193.6074,9.4709,172.7961,8.4528,49.4738,2.8202,15.5327,0.8854,14.1611,0.8072,13.4198,0.765,12.4781,0.7113,11.7766,0.6713,10.5107,0.5992,0.0,0.0,0.0,0.0,0.0,0.0,0.0,,0.0,0.0,0.0,0.0,0.0,0.0,0.0,0.0,0.0,0.0,0.0,0.0,0.0,0.0,0.0,0.0,0.0,0.0,0.0,0.0,0.0,0.0,0.0,0.0,0.0,0.0,0.0,0.0,0.66,0.653,0.2875
365,64,0.001,5,10,100,32,8,128,184,435241,73,30,"{'sourceA': ['event_time', 'mcc_code', 'term_id'], 'sourceB': ['event_time', 'tr_type', 'amount']}",gender/checkpoints_large_30/model_64_0.001_5_10_100_128_32_8_128epoch=05.ckpt,5,30,0.6611505,38.1908,3.1936,0.0012,4.3923,1.2042,8.4963,0.6898,,861.6512,42.0888,261.9026,12.7931,239.5181,11.6997,227.534,11.1143,212.214,10.366,200.9543,9.816,179.8239,8.7838,50.367,2.7828,15.3093,0.8459,14.0008,0.7736,13.3003,0.7349,12.4048,0.6854,11.7466,0.649,10.5114,0.5808,0.0,0.0,0.0,0.0,0.0,0.0,0.0,,0.0,0.0,0.0,0.0,0.0,0.0,0.0,0.0,0.0,0.0,0.0,0.0,0.0,0.0,0.0,0.0,0.0,0.0,0.0,0.0,0.0,0.0,0.0,0.0,0.0,0.0,0.0,0.0,0.672,0.6741,0.2875
366,64,0.001,5,10,100,32,8,128,184,435241,73,30,"{'sourceA': ['event_time', 'mcc_code', 'term_id'], 'sourceB': ['event_time', 'tr_type', 'amount']}",gender/checkpoints_large_30/model_64_0.001_5_10_100_128_32_8_128epoch=06.ckpt,6,30,0.67098725,38.5798,3.2166,0.0009,4.568,1.1821,9.8541,0.7153,,887.9625,43.358,268.1863,13.0952,246.2405,12.0236,234.3738,11.4442,219.2412,10.7053,207.6495,10.1392,186.2378,9.0937,49.9502,2.7277,15.0862,0.8238,13.8517,0.7564,13.1841,0.72,12.3329,0.6735,11.6808,0.6379,10.4764,0.5721,0.0,0.0,0.0,0.0,0.0,0.0,0.0,,0.0,0.0,0.0,0.0,0.0,0.0,0.0,0.0,0.0,0.0,0.0,0.0,0.0,0.0,0.0,0.0,0.0,0.0,0.0,0.0,0.0,0.0,0.0,0.0,0.0,0.0,0.0,0.0,0.668,0.6788,0.2875
367,64,0.001,5,10,100,32,8,128,184,435241,73,30,"{'sourceA': ['event_time', 'mcc_code', 'term_id'], 'sourceB': ['event_time', 'tr_type', 'amount']}",gender/checkpoints_large_30/model_64_0.001_5_10_100_128_32_8_128epoch=07.ckpt,7,30,0.6820312,40.4892,3.2611,0.0008,4.6196,1.1803,10.2665,0.7171,,920.3541,44.8993,272.9121,13.314,251.3369,12.2614,239.6305,11.6903,224.3977,10.9472,212.6937,10.3762,191.2866,9.3319,50.3789,2.7359,14.9388,0.8113,13.7578,0.7471,13.117,0.7123,12.2832,0.667,11.6426,0.6323,10.4708,0.5686,0.0,0.0,0.0,0.0,0.0,0.0,0.0,,0.0,0.0,0.0,0.0,0.0,0.0,0.0,0.0,0.0,0.0,0.0,0.0,0.0,0.0,0.0,0.0,0.0,0.0,0.0,0.0,0.0,0.0,0.0,0.0,0.0,0.0,0.0,0.0,0.672,0.6824,0.2875
368,64,0.001,5,10,100,32,8,128,184,435241,73,30,"{'sourceA': ['event_time', 'mcc_code', 'term_id'], 'sourceB': ['event_time', 'tr_type', 'amount']}",gender/checkpoints_large_30/model_64_0.001_5_10_100_128_32_8_128epoch=08.ckpt,8,30,0.69580966,42.5409,3.2053,0.0009,4.6758,1.1905,10.9717,0.7043,,967.3405,47.149,277.3098,13.5163,256.2343,12.4891,244.709,11.9273,229.652,11.1934,218.2702,10.6387,197.0311,9.6035,50.9915,2.8373,14.6178,0.8134,13.5069,0.7516,12.8994,0.7178,12.1057,0.6736,11.5057,0.6402,10.3861,0.5779,0.0,0.0,0.0,0.0,0.0,0.0,0.0,,0.0,0.0,0.0,0.0,0.0,0.0,0.0,0.0,0.0,0.0,0.0,0.0,0.0,0.0,0.0,0.0,0.0,0.0,0.0,0.0,0.0,0.0,0.0,0.0,0.0,0.0,0.0,0.0,0.656,0.68,0.2875
369,64,0.001,5,10,100,32,8,128,184,435241,73,30,"{'sourceA': ['event_time', 'mcc_code', 'term_id'], 'sourceB': ['event_time', 'tr_type', 'amount']}",gender/checkpoints_large_30/model_64_0.001_5_10_100_128_32_8_128epoch=09.ckpt,9,30,0.7036931,42.6642,3.1516,0.0007,4.7744,1.1789,10.4889,0.7185,,966.8252,47.0839,278.6554,13.5704,257.9578,12.5624,246.6241,12.0105,231.8356,11.2903,219.8778,10.7079,198.9264,9.6876,50.0229,2.7238,14.4174,0.785,13.3466,0.7267,12.7602,0.6948,11.995,0.6531,11.3763,0.6195,10.2923,0.5604,0.0,0.0,0.0,0.0,0.0,0.0,0.0,,0.0,0.0,0.0,0.0,0.0,0.0,0.0,0.0,0.0,0.0,0.0,0.0,0.0,0.0,0.0,0.0,0.0,0.0,0.0,0.0,0.0,0.0,0.0,0.0,0.0,0.0,0.0,0.0,0.672,0.6894,0.2875
370,64,0.001,5,10,100,32,8,128,184,435241,73,30,"{'sourceA': ['event_time', 'mcc_code', 'term_id'], 'sourceB': ['event_time', 'tr_type', 'amount']}",gender/checkpoints_large_30/model_64_0.001_5_10_100_128_32_8_128epoch=10.ckpt,10,30,0.71495026,43.6527,3.2099,0.0007,4.7569,1.181,10.8019,0.716,,984.3967,47.9345,281.2653,13.696,260.6664,12.693,249.2654,12.1378,234.5912,11.4232,223.0414,10.8608,201.4276,9.8084,52.4391,2.7818,14.9831,0.7948,13.8858,0.7366,13.2785,0.7044,12.4968,0.6629,11.8815,0.6303,10.7301,0.5692,0.0,0.0,0.0,0.0,0.0,0.0,0.0,,0.0,0.0,0.0,0.0,0.0,0.0,0.0,0.0,0.0,0.0,0.0,0.0,0.0,0.0,0.0,0.0,0.0,0.0,0.0,0.0,0.0,0.0,0.0,0.0,0.0,0.0,0.0,0.0,0.644,0.6983,0.2875
371,64,0.001,5,10,100,32,8,128,184,435241,73,30,"{'sourceA': ['event_time', 'mcc_code', 'term_id'], 'sourceB': ['event_time', 'tr_type', 'amount']}",gender/checkpoints_large_30/model_64_0.001_5_10_100_128_32_8_128epoch=11.ckpt,11,30,0.7150213,44.1093,3.2222,0.0007,4.7891,1.1811,11.305,0.7163,,998.7264,48.6543,283.0768,13.7905,262.7553,12.8005,251.4911,12.2517,237.0822,11.5498,225.5675,10.9888,203.0196,9.8904,52.0823,2.7722,14.7621,0.7857,13.7024,0.7293,13.1149,0.6981,12.3635,0.6581,11.7631,0.6261,10.5872,0.5635,0.0,0.0,0.0,0.0,0.0,0.0,0.0,,0.0,0.0,0.0,0.0,0.0,0.0,0.0,0.0,0.0,0.0,0.0,0.0,0.0,0.0,0.0,0.0,0.0,0.0,0.0,0.0,0.0,0.0,0.0,0.0,0.0,0.0,0.0,0.0,0.668,0.7091,0.2875
372,64,0.001,5,10,100,32,8,128,184,435241,73,30,"{'sourceA': ['event_time', 'mcc_code', 'term_id'], 'sourceB': ['event_time', 'tr_type', 'amount']}",gender/checkpoints_large_30/model_64_0.001_5_10_100_128_32_8_128epoch=12.ckpt,12,30,0.7252486,44.3283,3.1934,0.0007,4.7939,1.1775,11.2293,0.7203,,1001.4595,48.7795,284.3594,13.8507,264.0021,12.8591,252.7771,12.3124,238.2106,11.6029,226.2118,11.0184,202.3183,9.8546,52.349,2.7466,14.8643,0.7799,13.8001,0.724,13.2134,0.6933,12.4519,0.6533,11.8247,0.6204,10.5757,0.5549,0.0,0.0,0.0,0.0,0.0,0.0,0.0,,0.0,0.0,0.0,0.0,0.0,0.0,0.0,0.0,0.0,0.0,0.0,0.0,0.0,0.0,0.0,0.0,0.0,0.0,0.0,0.0,0.0,0.0,0.0,0.0,0.0,0.0,0.0,0.0,0.664,0.7196,0.2875
373,64,0.001,5,10,100,32,8,128,184,435241,73,30,"{'sourceA': ['event_time', 'mcc_code', 'term_id'], 'sourceB': ['event_time', 'tr_type', 'amount']}",gender/checkpoints_large_30/model_64_0.001_5_10_100_128_32_8_128epoch=13.ckpt,13,30,0.72173303,44.7153,3.2606,0.0007,4.7966,1.1762,11.3961,0.7219,,1007.9375,49.0726,285.4708,13.8985,265.3217,12.9175,254.1245,12.3723,239.7088,11.6705,228.0436,11.1026,204.1424,9.9389,49.6689,2.6441,14.0674,0.7489,13.0745,0.696,12.5227,0.6666,11.8123,0.6288,11.2375,0.5982,10.0597,0.5355,0.0,0.0,0.0,0.0,0.0,0.0,0.0,,0.0,0.0,0.0,0.0,0.0,0.0,0.0,0.0,0.0,0.0,0.0,0.0,0.0,0.0,0.0,0.0,0.0,0.0,0.0,0.0,0.0,0.0,0.0,0.0,0.0,0.0,0.0,0.0,0.676,0.7215,0.2875
374,64,0.001,5,10,100,32,8,128,184,435241,73,30,"{'sourceA': ['event_time', 'mcc_code', 'term_id'], 'sourceB': ['event_time', 'tr_type', 'amount']}",gender/checkpoints_large_30/model_64_0.001_5_10_100_128_32_8_128epoch=14.ckpt,14,30,0.72535515,45.3409,3.2112,0.0006,4.8184,1.179,11.7123,0.7186,,1021.9938,49.7325,287.0543,13.9687,266.8686,12.9864,255.8155,12.4485,241.4599,11.75,230.2638,11.2051,206.6383,10.0555,51.2612,2.6893,14.3981,0.7554,13.3856,0.7022,12.8312,0.6732,12.1111,0.6354,11.5496,0.6059,10.3646,0.5438,0.0,0.0,0.0,0.0,0.0,0.0,0.0,,0.0,0.0,0.0,0.0,0.0,0.0,0.0,0.0,0.0,0.0,0.0,0.0,0.0,0.0,0.0,0.0,0.0,0.0,0.0,0.0,0.0,0.0,0.0,0.0,0.0,0.0,0.0,0.0,0.676,0.7328,0.2875
375,64,0.001,5,10,100,32,8,128,184,435241,73,30,"{'sourceA': ['event_time', 'mcc_code', 'term_id'], 'sourceB': ['event_time', 'tr_type', 'amount']}",gender/checkpoints_large_30/model_64_0.001_5_10_100_128_32_8_128epoch=15.ckpt,15,30,0.7395597,45.3968,3.1777,0.0006,4.8305,1.1761,11.9289,0.7223,,1025.7749,49.937,288.0917,14.025,267.8301,13.0386,256.8194,12.5025,242.3992,11.8005,230.8187,11.2368,206.5521,10.0554,50.0035,2.6593,14.0436,0.7469,13.0559,0.6944,12.5192,0.6658,11.8162,0.6284,11.2517,0.5984,10.0688,0.5355,0.0,0.0,0.0,0.0,0.0,0.0,0.0,,0.0,0.0,0.0,0.0,0.0,0.0,0.0,0.0,0.0,0.0,0.0,0.0,0.0,0.0,0.0,0.0,0.0,0.0,0.0,0.0,0.0,0.0,0.0,0.0,0.0,0.0,0.0,0.0,0.68,0.7303,0.2875
376,64,0.001,5,10,100,32,8,128,184,435241,73,30,"{'sourceA': ['event_time', 'mcc_code', 'term_id'], 'sourceB': ['event_time', 'tr_type', 'amount']}",gender/checkpoints_large_30/model_64_0.001_5_10_100_128_32_8_128epoch=16.ckpt,16,30,0.73519176,45.9655,3.1167,0.0006,4.8374,1.1821,11.776,0.7154,,1037.3169,50.5285,287.6608,14.0122,267.5728,13.0337,256.4966,12.4942,242.0547,11.7907,230.8234,11.2436,206.4603,10.0569,50.781,2.6899,14.0822,0.7459,13.0988,0.6939,12.5566,0.6651,11.8496,0.6277,11.2998,0.5986,10.1071,0.5354,0.0,0.0,0.0,0.0,0.0,0.0,0.0,,0.0,0.0,0.0,0.0,0.0,0.0,0.0,0.0,0.0,0.0,0.0,0.0,0.0,0.0,0.0,0.0,0.0,0.0,0.0,0.0,0.0,0.0,0.0,0.0,0.0,0.0,0.0,0.0,0.672,0.7191,0.2875
377,64,0.001,5,10,100,32,8,128,184,435241,73,30,"{'sourceA': ['event_time', 'mcc_code', 'term_id'], 'sourceB': ['event_time', 'tr_type', 'amount']}",gender/checkpoints_large_30/model_64_0.001_5_10_100_128_32_8_128epoch=17.ckpt,17,30,0.72705966,46.3557,3.1816,0.0006,4.8442,1.1803,11.8013,0.7175,,1045.8203,50.9251,289.2172,14.0831,269.1172,13.1044,258.1322,12.5695,243.7988,11.8715,232.4932,11.321,206.8324,10.0715,50.849,2.7312,14.0621,0.7553,13.0848,0.7028,12.5507,0.6741,11.8538,0.6367,11.3041,0.6072,10.0564,0.5401,0.0,0.0,0.0,0.0,0.0,0.0,0.0,,0.0,0.0,0.0,0.0,0.0,0.0,0.0,0.0,0.0,0.0,0.0,0.0,0.0,0.0,0.0,0.0,0.0,0.0,0.0,0.0,0.0,0.0,0.0,0.0,0.0,0.0,0.0,0.0,0.672,0.7427,0.2875
378,64,0.001,5,10,100,32,8,128,184,435241,73,30,"{'sourceA': ['event_time', 'mcc_code', 'term_id'], 'sourceB': ['event_time', 'tr_type', 'amount']}",gender/checkpoints_large_30/model_64_0.001_5_10_100_128_32_8_128epoch=18.ckpt,18,30,0.73821014,46.6283,3.2257,0.0006,4.8289,1.1794,12.0333,0.7183,,1053.4459,51.3145,289.3903,14.0965,269.2262,13.1143,258.2784,12.581,243.8991,11.8806,232.4525,11.323,207.5815,10.1115,50.0509,2.6715,13.7494,0.7339,12.7914,0.6828,12.2712,0.655,11.588,0.6185,11.0442,0.5895,9.8625,0.5264,0.0,0.0,0.0,0.0,0.0,0.0,0.0,,0.0,0.0,0.0,0.0,0.0,0.0,0.0,0.0,0.0,0.0,0.0,0.0,0.0,0.0,0.0,0.0,0.0,0.0,0.0,0.0,0.0,0.0,0.0,0.0,0.0,0.0,0.0,0.0,0.68,0.733,0.2875
379,64,0.001,5,10,100,32,8,128,184,435241,73,30,"{'sourceA': ['event_time', 'mcc_code', 'term_id'], 'sourceB': ['event_time', 'tr_type', 'amount']}",gender/checkpoints_large_30/model_64_0.001_5_10_100_128_32_8_128epoch=19.ckpt,19,30,0.735689,46.813,3.1274,0.0006,4.8285,1.1797,11.9329,0.7176,,1054.4741,51.3198,289.4796,14.0886,269.5946,13.1208,258.6969,12.5904,244.4772,11.8984,233.1966,11.3494,208.1678,10.1312,50.8762,2.7033,13.9668,0.7421,13.0074,0.6911,12.4816,0.6632,11.7955,0.6267,11.2513,0.5978,10.0437,0.5337,0.0,0.0,0.0,0.0,0.0,0.0,0.0,,0.0,0.0,0.0,0.0,0.0,0.0,0.0,0.0,0.0,0.0,0.0,0.0,0.0,0.0,0.0,0.0,0.0,0.0,0.0,0.0,0.0,0.0,0.0,0.0,0.0,0.0,0.0,0.0,0.676,0.7237,0.2875
380,64,0.001,5,10,100,32,8,128,184,435241,73,30,"{'sourceA': ['event_time', 'mcc_code', 'term_id'], 'sourceB': ['event_time', 'tr_type', 'amount']}",gender/checkpoints_large_30/model_64_0.001_5_10_100_128_32_8_128epoch=20.ckpt,20,30,0.73462355,47.3924,3.1249,0.0006,4.8104,1.1842,11.9835,0.7125,,1065.6211,51.8726,290.2846,14.1306,270.4113,13.1631,259.5136,12.6327,245.2097,11.9364,234.0569,11.3935,209.1722,10.1821,51.6543,2.7547,14.0711,0.7504,13.1077,0.699,12.5795,0.6709,11.8861,0.6339,11.3455,0.6051,10.1393,0.5407,0.0,0.0,0.0,0.0,0.0,0.0,0.0,,0.0,0.0,0.0,0.0,0.0,0.0,0.0,0.0,0.0,0.0,0.0,0.0,0.0,0.0,0.0,0.0,0.0,0.0,0.0,0.0,0.0,0.0,0.0,0.0,0.0,0.0,0.0,0.0,0.68,0.7301,0.2875
381,64,0.001,5,10,100,32,8,128,184,435241,73,30,"{'sourceA': ['event_time', 'mcc_code', 'term_id'], 'sourceB': ['event_time', 'tr_type', 'amount']}",gender/checkpoints_large_30/model_64_0.001_5_10_100_128_32_8_128epoch=21.ckpt,21,30,0.73654115,46.956,3.2596,0.0007,4.8175,1.1781,11.9534,0.7199,,1061.4264,51.6565,290.4596,14.1358,270.6941,13.1739,259.8485,12.6461,245.6234,11.9538,234.3206,11.4037,208.6459,10.1542,51.488,2.7103,14.0897,0.7417,13.1309,0.6912,12.6048,0.6635,11.9148,0.6272,11.3665,0.5983,10.1211,0.5328,0.0,0.0,0.0,0.0,0.0,0.0,0.0,,0.0,0.0,0.0,0.0,0.0,0.0,0.0,0.0,0.0,0.0,0.0,0.0,0.0,0.0,0.0,0.0,0.0,0.0,0.0,0.0,0.0,0.0,0.0,0.0,0.0,0.0,0.0,0.0,0.688,0.7324,0.2875
382,64,0.001,5,10,100,32,8,128,184,435241,73,30,"{'sourceA': ['event_time', 'mcc_code', 'term_id'], 'sourceB': ['event_time', 'tr_type', 'amount']}",gender/checkpoints_large_30/model_64_0.001_5_10_100_128_32_8_128epoch=22.ckpt,22,30,0.74531245,47.301,3.192,0.0006,4.8278,1.179,12.3982,0.7189,,1066.7263,51.9379,291.826,14.2087,272.02,13.2444,261.1183,12.7136,246.7855,12.0158,235.497,11.4661,209.7506,10.2126,51.3351,2.7173,14.0438,0.7434,13.0907,0.6929,12.566,0.6652,11.8763,0.6287,11.333,0.5999,10.094,0.5343,0.0,0.0,0.0,0.0,0.0,0.0,0.0,,0.0,0.0,0.0,0.0,0.0,0.0,0.0,0.0,0.0,0.0,0.0,0.0,0.0,0.0,0.0,0.0,0.0,0.0,0.0,0.0,0.0,0.0,0.0,0.0,0.0,0.0,0.0,0.0,0.68,0.7515,0.2875
383,64,0.001,5,10,100,32,8,128,184,435241,73,30,"{'sourceA': ['event_time', 'mcc_code', 'term_id'], 'sourceB': ['event_time', 'tr_type', 'amount']}",gender/checkpoints_large_30/model_64_0.001_5_10_100_128_32_8_128epoch=23.ckpt,23,30,0.7427557,47.311,3.1297,0.0006,4.8324,1.1796,12.4665,0.7181,,1069.9261,52.1041,291.0451,14.1736,271.3765,13.2157,260.5619,12.6891,246.3864,11.9987,235.2316,11.4555,209.89,10.2214,50.6324,2.7011,13.7732,0.7348,12.8424,0.6851,12.3306,0.6578,11.6598,0.622,11.1319,0.5938,9.9327,0.5299,0.0,0.0,0.0,0.0,0.0,0.0,0.0,,0.0,0.0,0.0,0.0,0.0,0.0,0.0,0.0,0.0,0.0,0.0,0.0,0.0,0.0,0.0,0.0,0.0,0.0,0.0,0.0,0.0,0.0,0.0,0.0,0.0,0.0,0.0,0.0,0.672,0.7334,0.2875
384,64,0.001,5,10,100,32,8,128,184,435241,73,30,"{'sourceA': ['event_time', 'mcc_code', 'term_id'], 'sourceB': ['event_time', 'tr_type', 'amount']}",gender/checkpoints_large_30/model_64_0.001_5_10_100_128_32_8_128epoch=24.ckpt,24,30,0.7421164,47.6754,3.2002,0.0005,4.8315,1.1829,11.9189,0.7142,,1076.2953,52.4064,291.5279,14.1949,271.8764,13.2381,261.1137,12.714,246.9453,12.0241,235.6078,11.4721,210.3537,10.2424,51.6473,2.7438,13.9893,0.7432,13.0463,0.6931,12.5298,0.6657,11.85,0.6295,11.3059,0.6006,10.0941,0.5363,0.0,0.0,0.0,0.0,0.0,0.0,0.0,,0.0,0.0,0.0,0.0,0.0,0.0,0.0,0.0,0.0,0.0,0.0,0.0,0.0,0.0,0.0,0.0,0.0,0.0,0.0,0.0,0.0,0.0,0.0,0.0,0.0,0.0,0.0,0.0,0.684,0.7373,0.2875
385,64,0.001,5,10,100,32,8,128,184,435241,73,30,"{'sourceA': ['event_time', 'mcc_code', 'term_id'], 'sourceB': ['event_time', 'tr_type', 'amount']}",gender/checkpoints_large_30/model_64_0.001_5_10_100_128_32_8_128epoch=25.ckpt,25,30,0.74318177,47.3405,3.1943,0.0005,4.8607,1.177,12.2486,0.721,,1070.5231,52.0885,291.9999,14.2079,272.3936,13.2539,261.6827,12.7327,247.3859,12.0371,235.9735,11.4818,209.8192,10.2092,50.481,2.7024,13.7694,0.7371,12.8448,0.6876,12.3398,0.6606,11.6656,0.6245,11.1274,0.5957,9.8941,0.5297,0.0,0.0,0.0,0.0,0.0,0.0,0.0,,0.0,0.0,0.0,0.0,0.0,0.0,0.0,0.0,0.0,0.0,0.0,0.0,0.0,0.0,0.0,0.0,0.0,0.0,0.0,0.0,0.0,0.0,0.0,0.0,0.0,0.0,0.0,0.0,0.708,0.7626,0.2875
386,64,0.001,5,10,100,32,8,128,184,435241,73,30,"{'sourceA': ['event_time', 'mcc_code', 'term_id'], 'sourceB': ['event_time', 'tr_type', 'amount']}",gender/checkpoints_large_30/model_64_0.001_5_10_100_128_32_8_128epoch=26.ckpt,26,30,0.7549006,47.6664,3.1358,0.0006,4.8198,1.1799,12.3577,0.7176,,1079.75,52.5795,291.8795,14.2134,272.3888,13.2642,261.6797,12.7428,247.5194,12.0532,236.2636,11.5051,210.565,10.2537,49.916,2.7096,13.4934,0.7325,12.5923,0.6835,12.0972,0.6567,11.4426,0.6211,10.9223,0.5929,9.7342,0.5284,0.0,0.0,0.0,0.0,0.0,0.0,0.0,,0.0,0.0,0.0,0.0,0.0,0.0,0.0,0.0,0.0,0.0,0.0,0.0,0.0,0.0,0.0,0.0,0.0,0.0,0.0,0.0,0.0,0.0,0.0,0.0,0.0,0.0,0.0,0.0,0.696,0.7448,0.2875
387,64,0.001,5,10,100,32,8,128,184,435241,73,30,"{'sourceA': ['event_time', 'mcc_code', 'term_id'], 'sourceB': ['event_time', 'tr_type', 'amount']}",gender/checkpoints_large_30/model_64_0.001_5_10_100_128_32_8_128epoch=27.ckpt,27,30,0.7508167,47.6537,3.2074,0.0005,4.8305,1.1768,12.4362,0.7216,,1076.016,52.4159,293.0894,14.2772,273.5105,13.3235,262.8054,12.802,248.413,12.1009,236.7984,11.5351,210.1774,10.2384,49.6354,2.6664,13.5199,0.7263,12.6167,0.6778,12.1229,0.6512,11.459,0.6156,10.9232,0.5868,9.6952,0.5208,0.0,0.0,0.0,0.0,0.0,0.0,0.0,,0.0,0.0,0.0,0.0,0.0,0.0,0.0,0.0,0.0,0.0,0.0,0.0,0.0,0.0,0.0,0.0,0.0,0.0,0.0,0.0,0.0,0.0,0.0,0.0,0.0,0.0,0.0,0.0,0.688,0.7498,0.2875
388,64,0.001,5,10,100,32,8,128,184,435241,73,30,"{'sourceA': ['event_time', 'mcc_code', 'term_id'], 'sourceB': ['event_time', 'tr_type', 'amount']}",gender/checkpoints_large_30/model_64_0.001_5_10_100_128_32_8_128epoch=28.ckpt,28,30,0.73750013,47.5924,3.1251,0.0005,4.8587,1.1786,11.9949,0.7191,,1077.26,52.408,292.2254,14.2166,272.5625,13.26,261.7849,12.7357,247.5598,12.0436,236.1466,11.4884,210.303,10.2311,49.1175,2.6651,13.324,0.723,12.4274,0.6743,11.936,0.6476,11.2874,0.6125,10.7671,0.5842,9.5887,0.5203,0.0,0.0,0.0,0.0,0.0,0.0,0.0,,0.0,0.0,0.0,0.0,0.0,0.0,0.0,0.0,0.0,0.0,0.0,0.0,0.0,0.0,0.0,0.0,0.0,0.0,0.0,0.0,0.0,0.0,0.0,0.0,0.0,0.0,0.0,0.0,0.692,0.7471,0.2875
389,64,0.001,5,10,100,32,8,128,184,435241,73,30,"{'sourceA': ['event_time', 'mcc_code', 'term_id'], 'sourceB': ['event_time', 'tr_type', 'amount']}",gender/checkpoints_large_30/model_64_0.001_5_10_100_128_32_8_128epoch=29.ckpt,29,30,0.748189,47.8419,3.127,0.0005,4.8529,1.1785,12.4196,0.7197,,1081.31,52.6762,293.1154,14.2792,273.4459,13.321,262.6944,12.7972,248.2135,12.0918,236.5867,11.5254,210.3047,10.245,49.9677,2.6817,13.545,0.727,12.636,0.6782,12.1392,0.6515,11.47,0.6156,10.9328,0.5868,9.7183,0.5216,0.0,0.0,0.0,0.0,0.0,0.0,0.0,,0.0,0.0,0.0,0.0,0.0,0.0,0.0,0.0,0.0,0.0,0.0,0.0,0.0,0.0,0.0,0.0,0.0,0.0,0.0,0.0,0.0,0.0,0.0,0.0,0.0,0.0,0.0,0.0,0.7,0.7571,0.2875
390,64,0.001,7,10,100,32,8,128,184,435241,73,30,"{'sourceA': ['event_time', 'mcc_code', 'term_id'], 'sourceB': ['event_time', 'tr_type', 'amount']}",gender/checkpoints_large_30/model_64_0.001_7_10_100_128_32_8_128epoch=00.ckpt,0,30,0.55428165,26.8929,3.348,0.0008,4.7549,1.1641,6.5001,0.7411,,421.6501,21.2198,229.2845,11.5389,200.7363,10.1022,185.3307,9.3269,165.7385,8.3409,149.4064,7.519,110.4876,5.5603,19.536,1.284,10.6233,0.6982,9.3006,0.6113,8.5868,0.5644,7.679,0.5047,6.9223,0.455,5.1191,0.3365,0.0,0.0,0.0,0.0,0.0,0.0,0.0,,0.0,0.0,0.0,0.0,0.0,0.0,0.0,0.0,0.0,0.0,0.0,0.0,0.0,0.0,0.0,0.0,0.0,0.0,0.0,0.0,0.0,0.0,0.0,0.0,0.0,0.0,0.0,0.0,0.608,0.6486,0.2875
391,64,0.001,7,10,100,32,8,128,184,435241,73,30,"{'sourceA': ['event_time', 'mcc_code', 'term_id'], 'sourceB': ['event_time', 'tr_type', 'amount']}",gender/checkpoints_large_30/model_64_0.001_7_10_100_128_32_8_128epoch=01.ckpt,1,30,0.6563514,31.0133,3.3375,0.001,4.5623,1.1847,7.3155,0.7147,,548.4344,27.1251,238.6436,11.8031,213.7269,10.5708,200.3981,9.9115,183.0487,9.0534,168.2439,8.3212,140.5138,6.9497,26.8777,1.7373,11.6955,0.756,10.4743,0.677,9.8211,0.6348,8.9709,0.5798,8.2453,0.5329,6.8863,0.4451,0.0,0.0,0.0,0.0,0.0,0.0,0.0,,0.0,0.0,0.0,0.0,0.0,0.0,0.0,0.0,0.0,0.0,0.0,0.0,0.0,0.0,0.0,0.0,0.0,0.0,0.0,0.0,0.0,0.0,0.0,0.0,0.0,0.0,0.0,0.0,0.652,0.6692,0.2875
392,64,0.001,7,10,100,32,8,128,184,435241,73,30,"{'sourceA': ['event_time', 'mcc_code', 'term_id'], 'sourceB': ['event_time', 'tr_type', 'amount']}",gender/checkpoints_large_30/model_64_0.001_7_10_100_128_32_8_128epoch=02.ckpt,2,30,0.7069045,32.6344,3.3029,0.001,4.5343,1.1613,8.8008,0.7425,,607.5918,29.8314,252.0289,12.374,227.9384,11.1913,214.5688,10.5348,196.6239,9.6538,181.2618,8.8995,152.782,7.5012,29.9534,1.8213,12.4247,0.7555,11.237,0.6833,10.5779,0.6432,9.6933,0.5894,8.9359,0.5434,7.5319,0.458,0.0,0.0,0.0,0.0,0.0,0.0,0.0,,0.0,0.0,0.0,0.0,0.0,0.0,0.0,0.0,0.0,0.0,0.0,0.0,0.0,0.0,0.0,0.0,0.0,0.0,0.0,0.0,0.0,0.0,0.0,0.0,0.0,0.0,0.0,0.0,0.628,0.6639,0.2875
393,64,0.001,7,10,100,32,8,128,184,435241,73,30,"{'sourceA': ['event_time', 'mcc_code', 'term_id'], 'sourceB': ['event_time', 'tr_type', 'amount']}",gender/checkpoints_large_30/model_64_0.001_7_10_100_128_32_8_128epoch=03.ckpt,3,30,0.7416294,34.8768,3.3031,0.001,4.5669,1.1571,9.1508,0.7467,,667.6881,32.6982,261.3156,12.7972,237.6015,11.6359,224.4601,10.9923,205.8984,10.0833,190.077,9.3085,160.2754,7.8491,30.4978,1.8514,11.936,0.7246,10.8529,0.6588,10.2526,0.6224,9.4048,0.5709,8.6821,0.527,7.3209,0.4444,0.0,0.0,0.0,0.0,0.0,0.0,0.0,,0.0,0.0,0.0,0.0,0.0,0.0,0.0,0.0,0.0,0.0,0.0,0.0,0.0,0.0,0.0,0.0,0.0,0.0,0.0,0.0,0.0,0.0,0.0,0.0,0.0,0.0,0.0,0.0,0.696,0.6768,0.2875
394,64,0.001,7,10,100,32,8,128,184,435241,73,30,"{'sourceA': ['event_time', 'mcc_code', 'term_id'], 'sourceB': ['event_time', 'tr_type', 'amount']}",gender/checkpoints_large_30/model_64_0.001_7_10_100_128_32_8_128epoch=04.ckpt,4,30,0.76803476,35.969,3.3048,0.0009,4.6602,1.1417,9.4256,0.7656,,701.7525,34.3415,268.3765,13.1335,245.1258,11.9957,232.3298,11.3695,214.6332,10.5034,199.3496,9.7555,164.9995,8.0745,29.821,1.8009,11.4047,0.6887,10.4166,0.6291,9.8728,0.5962,9.1208,0.5508,8.4714,0.5116,7.0116,0.4234,0.0,0.0,0.0,0.0,0.0,0.0,0.0,,0.0,0.0,0.0,0.0,0.0,0.0,0.0,0.0,0.0,0.0,0.0,0.0,0.0,0.0,0.0,0.0,0.0,0.0,0.0,0.0,0.0,0.0,0.0,0.0,0.0,0.0,0.0,0.0,0.652,0.6677,0.2875
395,64,0.001,7,10,100,32,8,128,184,435241,73,30,"{'sourceA': ['event_time', 'mcc_code', 'term_id'], 'sourceB': ['event_time', 'tr_type', 'amount']}",gender/checkpoints_large_30/model_64_0.001_7_10_100_128_32_8_128epoch=05.ckpt,5,30,0.78401476,37.6997,3.2354,0.0008,4.706,1.1405,9.7998,0.7664,,746.38,36.4853,273.5372,13.3713,250.7123,12.2556,237.9115,11.6298,220.4254,10.7751,204.9292,10.0176,171.0993,8.3639,28.8996,1.7708,10.5913,0.649,9.7075,0.5948,9.2119,0.5645,8.5348,0.523,7.9348,0.4862,6.6249,0.4059,0.0,0.0,0.0,0.0,0.0,0.0,0.0,,0.0,0.0,0.0,0.0,0.0,0.0,0.0,0.0,0.0,0.0,0.0,0.0,0.0,0.0,0.0,0.0,0.0,0.0,0.0,0.0,0.0,0.0,0.0,0.0,0.0,0.0,0.0,0.0,0.668,0.6813,0.2875
396,64,0.001,7,10,100,32,8,128,184,435241,73,30,"{'sourceA': ['event_time', 'mcc_code', 'term_id'], 'sourceB': ['event_time', 'tr_type', 'amount']}",gender/checkpoints_large_30/model_64_0.001_7_10_100_128_32_8_128epoch=06.ckpt,6,30,0.79771197,39.8221,3.2088,0.0008,4.711,1.1437,10.6785,0.7624,,785.8714,38.3899,279.0391,13.6311,256.5255,12.5313,243.812,11.9102,226.3539,11.0574,211.1707,10.3157,177.8884,8.6899,28.7127,1.7387,10.195,0.6174,9.3725,0.5675,8.908,0.5394,8.2701,0.5008,7.7154,0.4672,6.4994,0.3936,0.0,0.0,0.0,0.0,0.0,0.0,0.0,,0.0,0.0,0.0,0.0,0.0,0.0,0.0,0.0,0.0,0.0,0.0,0.0,0.0,0.0,0.0,0.0,0.0,0.0,0.0,0.0,0.0,0.0,0.0,0.0,0.0,0.0,0.0,0.0,0.684,0.683,0.2875
397,64,0.001,7,10,100,32,8,128,184,435241,73,30,"{'sourceA': ['event_time', 'mcc_code', 'term_id'], 'sourceB': ['event_time', 'tr_type', 'amount']}",gender/checkpoints_large_30/model_64_0.001_7_10_100_128_32_8_128epoch=07.ckpt,7,30,0.8061079,41.0408,3.177,0.0008,4.7283,1.1421,11.1524,0.7643,,818.2896,39.9419,282.2476,13.7769,259.8816,12.6852,247.3084,12.0715,229.9897,11.2261,214.7291,10.4812,180.3277,8.8021,28.7305,1.7474,9.9098,0.6027,9.1245,0.555,8.6831,0.5281,8.075,0.4911,7.5392,0.4585,6.3314,0.3851,0.0,0.0,0.0,0.0,0.0,0.0,0.0,,0.0,0.0,0.0,0.0,0.0,0.0,0.0,0.0,0.0,0.0,0.0,0.0,0.0,0.0,0.0,0.0,0.0,0.0,0.0,0.0,0.0,0.0,0.0,0.0,0.0,0.0,0.0,0.0,0.684,0.7159,0.2875
398,64,0.001,7,10,100,32,8,128,184,435241,73,30,"{'sourceA': ['event_time', 'mcc_code', 'term_id'], 'sourceB': ['event_time', 'tr_type', 'amount']}",gender/checkpoints_large_30/model_64_0.001_7_10_100_128_32_8_128epoch=08.ckpt,8,30,0.8155946,41.8926,3.2134,0.0008,4.7242,1.1397,11.5095,0.7669,,836.8267,40.8431,284.015,13.8619,261.9276,12.7839,249.7242,12.1883,233.039,11.374,218.2328,10.6513,180.6654,8.8178,30.3508,1.8084,10.3009,0.6138,9.4998,0.566,9.0572,0.5397,8.4521,0.5036,7.9151,0.4716,6.5525,0.3904,0.0,0.0,0.0,0.0,0.0,0.0,0.0,,0.0,0.0,0.0,0.0,0.0,0.0,0.0,0.0,0.0,0.0,0.0,0.0,0.0,0.0,0.0,0.0,0.0,0.0,0.0,0.0,0.0,0.0,0.0,0.0,0.0,0.0,0.0,0.0,0.704,0.7163,0.2875
399,64,0.001,7,10,100,32,8,128,184,435241,73,30,"{'sourceA': ['event_time', 'mcc_code', 'term_id'], 'sourceB': ['event_time', 'tr_type', 'amount']}",gender/checkpoints_large_30/model_64_0.001_7_10_100_128_32_8_128epoch=09.ckpt,9,30,0.8237622,42.9277,3.2423,0.0008,4.717,1.1424,11.9481,0.7637,,864.3932,42.1947,286.2826,13.9747,264.7698,12.9245,252.6384,12.3324,236.2228,11.531,221.5208,10.8134,184.1844,8.9908,31.0473,1.872,10.2827,0.62,9.51,0.5734,9.0743,0.5471,8.4846,0.5116,7.9566,0.4798,6.6155,0.3989,0.0,0.0,0.0,0.0,0.0,0.0,0.0,,0.0,0.0,0.0,0.0,0.0,0.0,0.0,0.0,0.0,0.0,0.0,0.0,0.0,0.0,0.0,0.0,0.0,0.0,0.0,0.0,0.0,0.0,0.0,0.0,0.0,0.0,0.0,0.0,0.696,0.7215,0.2875
400,64,0.001,7,10,100,32,8,128,184,435241,73,30,"{'sourceA': ['event_time', 'mcc_code', 'term_id'], 'sourceB': ['event_time', 'tr_type', 'amount']}",gender/checkpoints_large_30/model_64_0.001_7_10_100_128_32_8_128epoch=10.ckpt,10,30,0.8269075,43.1787,3.1386,0.0007,4.7175,1.1422,12.0812,0.764,,872.9002,42.5827,286.694,13.9858,265.3942,12.9467,253.5038,12.3667,237.2106,11.5718,222.6148,10.8598,185.9958,9.0734,32.4854,1.9124,10.6695,0.6281,9.8768,0.5814,9.4343,0.5554,8.8279,0.5197,8.2847,0.4877,6.9219,0.4075,0.0,0.0,0.0,0.0,0.0,0.0,0.0,,0.0,0.0,0.0,0.0,0.0,0.0,0.0,0.0,0.0,0.0,0.0,0.0,0.0,0.0,0.0,0.0,0.0,0.0,0.0,0.0,0.0,0.0,0.0,0.0,0.0,0.0,0.0,0.0,0.712,0.7326,0.2875
401,64,0.001,7,10,100,32,8,128,184,435241,73,30,"{'sourceA': ['event_time', 'mcc_code', 'term_id'], 'sourceB': ['event_time', 'tr_type', 'amount']}",gender/checkpoints_large_30/model_64_0.001_7_10_100_128_32_8_128epoch=11.ckpt,11,30,0.8225699,43.6268,3.1689,0.0008,4.6954,1.1423,12.1139,0.764,,884.5787,43.1492,288.5477,14.0752,267.0562,13.0268,255.1131,12.4442,238.7598,11.6465,223.9703,10.9251,186.9178,9.1177,33.4607,1.979,10.9148,0.6455,10.1019,0.5975,9.6501,0.5707,9.0315,0.5341,8.4721,0.5011,7.0705,0.4182,0.0,0.0,0.0,0.0,0.0,0.0,0.0,,0.0,0.0,0.0,0.0,0.0,0.0,0.0,0.0,0.0,0.0,0.0,0.0,0.0,0.0,0.0,0.0,0.0,0.0,0.0,0.0,0.0,0.0,0.0,0.0,0.0,0.0,0.0,0.0,0.696,0.7301,0.2875
402,64,0.001,7,10,100,32,8,128,184,435241,73,30,"{'sourceA': ['event_time', 'mcc_code', 'term_id'], 'sourceB': ['event_time', 'tr_type', 'amount']}",gender/checkpoints_large_30/model_64_0.001_7_10_100_128_32_8_128epoch=12.ckpt,12,30,0.8261719,43.957,3.2502,0.0008,4.6981,1.1433,12.1518,0.7628,,895.5726,43.6507,289.1508,14.0934,268.1079,13.0677,256.2196,12.4883,240.0534,11.7003,225.4484,10.9885,189.0769,9.2157,34.1632,2.0077,11.0302,0.6482,10.2274,0.601,9.7739,0.5744,9.1572,0.5381,8.6001,0.5054,7.2127,0.4239,0.0,0.0,0.0,0.0,0.0,0.0,0.0,,0.0,0.0,0.0,0.0,0.0,0.0,0.0,0.0,0.0,0.0,0.0,0.0,0.0,0.0,0.0,0.0,0.0,0.0,0.0,0.0,0.0,0.0,0.0,0.0,0.0,0.0,0.0,0.0,0.72,0.7572,0.2875
403,64,0.001,7,10,100,32,8,128,184,435241,73,30,"{'sourceA': ['event_time', 'mcc_code', 'term_id'], 'sourceB': ['event_time', 'tr_type', 'amount']}",gender/checkpoints_large_30/model_64_0.001_7_10_100_128_32_8_128epoch=13.ckpt,13,30,0.83368,44.4503,3.2627,0.0008,4.7005,1.1461,12.182,0.7588,,909.7118,44.3213,289.8746,14.1227,269.0186,13.1066,257.4218,12.5416,241.584,11.77,227.4714,11.0824,191.3493,9.3226,34.4132,2.0134,10.9656,0.6416,10.1766,0.5954,9.7379,0.5697,9.1388,0.5347,8.6049,0.5035,7.2385,0.4235,0.0,0.0,0.0,0.0,0.0,0.0,0.0,,0.0,0.0,0.0,0.0,0.0,0.0,0.0,0.0,0.0,0.0,0.0,0.0,0.0,0.0,0.0,0.0,0.0,0.0,0.0,0.0,0.0,0.0,0.0,0.0,0.0,0.0,0.0,0.0,0.716,0.744,0.2875
404,64,0.001,7,10,100,32,8,128,184,435241,73,30,"{'sourceA': ['event_time', 'mcc_code', 'term_id'], 'sourceB': ['event_time', 'tr_type', 'amount']}",gender/checkpoints_large_30/model_64_0.001_7_10_100_128_32_8_128epoch=14.ckpt,14,30,0.8333756,44.3236,3.2634,0.0007,4.6921,1.142,12.2813,0.7643,,911.2577,44.4311,290.2244,14.1508,269.5883,13.1446,257.9546,12.5773,242.2708,11.8126,227.9895,11.1163,190.4646,9.2867,34.5313,2.0185,10.9978,0.6429,10.2158,0.5972,9.775,0.5714,9.1806,0.5367,8.6395,0.505,7.2175,0.4219,0.0,0.0,0.0,0.0,0.0,0.0,0.0,,0.0,0.0,0.0,0.0,0.0,0.0,0.0,0.0,0.0,0.0,0.0,0.0,0.0,0.0,0.0,0.0,0.0,0.0,0.0,0.0,0.0,0.0,0.0,0.0,0.0,0.0,0.0,0.0,0.72,0.7608,0.2875
405,64,0.001,7,10,100,32,8,128,184,435241,73,30,"{'sourceA': ['event_time', 'mcc_code', 'term_id'], 'sourceB': ['event_time', 'tr_type', 'amount']}",gender/checkpoints_large_30/model_64_0.001_7_10_100_128_32_8_128epoch=15.ckpt,15,30,0.8331474,44.333,3.1402,0.0007,4.7338,1.1418,12.079,0.7646,,919.1715,44.788,290.6902,14.1643,269.8858,13.1506,258.2605,12.5841,242.5457,11.8184,228.4674,11.1324,190.4181,9.2784,35.7995,2.0863,11.3217,0.6598,10.5114,0.6126,10.0586,0.5862,9.4466,0.5505,8.8982,0.5186,7.4163,0.4322,0.0,0.0,0.0,0.0,0.0,0.0,0.0,,0.0,0.0,0.0,0.0,0.0,0.0,0.0,0.0,0.0,0.0,0.0,0.0,0.0,0.0,0.0,0.0,0.0,0.0,0.0,0.0,0.0,0.0,0.0,0.0,0.0,0.0,0.0,0.0,0.68,0.7358,0.2875
406,64,0.001,7,10,100,32,8,128,184,435241,73,30,"{'sourceA': ['event_time', 'mcc_code', 'term_id'], 'sourceB': ['event_time', 'tr_type', 'amount']}",gender/checkpoints_large_30/model_64_0.001_7_10_100_128_32_8_128epoch=16.ckpt,16,30,0.83920956,44.5021,3.2916,0.0007,4.7118,1.1404,12.0627,0.7667,,921.3213,44.9207,291.0651,14.1914,270.3268,13.1803,258.8465,12.6205,243.0835,11.852,228.9542,11.1631,190.5853,9.2923,35.0306,2.0389,11.0669,0.6441,10.2784,0.5982,9.8419,0.5728,9.2425,0.5379,8.7053,0.5067,7.2465,0.4218,0.0,0.0,0.0,0.0,0.0,0.0,0.0,,0.0,0.0,0.0,0.0,0.0,0.0,0.0,0.0,0.0,0.0,0.0,0.0,0.0,0.0,0.0,0.0,0.0,0.0,0.0,0.0,0.0,0.0,0.0,0.0,0.0,0.0,0.0,0.0,0.732,0.7653,0.2875
407,64,0.001,7,10,100,32,8,128,184,435241,73,30,"{'sourceA': ['event_time', 'mcc_code', 'term_id'], 'sourceB': ['event_time', 'tr_type', 'amount']}",gender/checkpoints_large_30/model_64_0.001_7_10_100_128_32_8_128epoch=17.ckpt,17,30,0.8364956,45.1286,3.1373,0.0008,4.7078,1.1464,12.1269,0.7585,,941.2017,45.8604,291.5062,14.2037,271.0307,13.2061,259.6457,12.6513,244.0311,11.8905,229.9234,11.2031,192.7256,9.3906,37.2158,2.1526,11.5264,0.6667,10.7167,0.6199,10.2666,0.5938,9.6492,0.5581,9.0913,0.5258,7.6205,0.4408,0.0,0.0,0.0,0.0,0.0,0.0,0.0,,0.0,0.0,0.0,0.0,0.0,0.0,0.0,0.0,0.0,0.0,0.0,0.0,0.0,0.0,0.0,0.0,0.0,0.0,0.0,0.0,0.0,0.0,0.0,0.0,0.0,0.0,0.0,0.0,0.72,0.7767,0.2875
408,64,0.001,7,10,100,32,8,128,184,435241,73,30,"{'sourceA': ['event_time', 'mcc_code', 'term_id'], 'sourceB': ['event_time', 'tr_type', 'amount']}",gender/checkpoints_large_30/model_64_0.001_7_10_100_128_32_8_128epoch=18.ckpt,18,30,0.8378906,45.4654,2.9565,0.0007,4.7021,1.1463,12.4851,0.7585,,944.1718,46.0193,292.1259,14.2383,271.6355,13.2396,260.3074,12.6875,244.7044,11.927,230.6193,11.2405,193.7285,9.4424,35.4175,2.0945,10.9581,0.648,10.1895,0.6026,9.7646,0.5775,9.1793,0.5428,8.6509,0.5116,7.2671,0.4298,0.0,0.0,0.0,0.0,0.0,0.0,0.0,,0.0,0.0,0.0,0.0,0.0,0.0,0.0,0.0,0.0,0.0,0.0,0.0,0.0,0.0,0.0,0.0,0.0,0.0,0.0,0.0,0.0,0.0,0.0,0.0,0.0,0.0,0.0,0.0,0.7,0.7551,0.2875
409,64,0.001,7,10,100,32,8,128,184,435241,73,30,"{'sourceA': ['event_time', 'mcc_code', 'term_id'], 'sourceB': ['event_time', 'tr_type', 'amount']}",gender/checkpoints_large_30/model_64_0.001_7_10_100_128_32_8_128epoch=19.ckpt,19,30,0.8396916,45.3924,3.2195,0.0007,4.6999,1.1439,12.1836,0.7619,,948.7647,46.2317,292.6847,14.262,272.3478,13.2711,261.0428,12.7202,245.4384,11.9598,231.4459,11.278,193.6137,9.4345,35.2144,2.0622,10.8633,0.6362,10.1085,0.592,9.6889,0.5674,9.1097,0.5335,8.5904,0.5031,7.1862,0.4208,0.0,0.0,0.0,0.0,0.0,0.0,0.0,,0.0,0.0,0.0,0.0,0.0,0.0,0.0,0.0,0.0,0.0,0.0,0.0,0.0,0.0,0.0,0.0,0.0,0.0,0.0,0.0,0.0,0.0,0.0,0.0,0.0,0.0,0.0,0.0,0.708,0.7807,0.2875
410,64,0.001,7,10,100,32,8,128,184,435241,73,30,"{'sourceA': ['event_time', 'mcc_code', 'term_id'], 'sourceB': ['event_time', 'tr_type', 'amount']}",gender/checkpoints_large_30/model_64_0.001_7_10_100_128_32_8_128epoch=20.ckpt,20,30,0.8414164,45.8829,3.2695,0.0007,4.6745,1.1479,12.1262,0.7564,,957.88,46.6865,292.7776,14.2698,272.2873,13.2711,261.0402,12.7229,245.6008,11.9704,231.776,11.2966,194.9306,9.5008,35.8987,2.1125,10.9725,0.6457,10.2046,0.6005,9.7831,0.5757,9.2044,0.5417,8.6863,0.5112,7.3055,0.4299,0.0,0.0,0.0,0.0,0.0,0.0,0.0,,0.0,0.0,0.0,0.0,0.0,0.0,0.0,0.0,0.0,0.0,0.0,0.0,0.0,0.0,0.0,0.0,0.0,0.0,0.0,0.0,0.0,0.0,0.0,0.0,0.0,0.0,0.0,0.0,0.752,0.7761,0.2875
411,64,0.001,7,10,100,32,8,128,184,435241,73,30,"{'sourceA': ['event_time', 'mcc_code', 'term_id'], 'sourceB': ['event_time', 'tr_type', 'amount']}",gender/checkpoints_large_30/model_64_0.001_7_10_100_128_32_8_128epoch=21.ckpt,21,30,0.8395901,45.6437,3.0857,0.0007,4.7105,1.1451,12.2791,0.7602,,957.0049,46.6065,293.0054,14.2695,272.467,13.2692,261.2489,12.7229,245.7499,11.9681,231.9834,11.2977,194.6695,9.4805,35.1585,2.0845,10.7644,0.6382,10.0099,0.5935,9.5978,0.569,9.0284,0.5353,8.5226,0.5053,7.1518,0.424,0.0,0.0,0.0,0.0,0.0,0.0,0.0,,0.0,0.0,0.0,0.0,0.0,0.0,0.0,0.0,0.0,0.0,0.0,0.0,0.0,0.0,0.0,0.0,0.0,0.0,0.0,0.0,0.0,0.0,0.0,0.0,0.0,0.0,0.0,0.0,0.74,0.7649,0.2875
412,64,0.001,7,10,100,32,8,128,184,435241,73,30,"{'sourceA': ['event_time', 'mcc_code', 'term_id'], 'sourceB': ['event_time', 'tr_type', 'amount']}",gender/checkpoints_large_30/model_64_0.001_7_10_100_128_32_8_128epoch=22.ckpt,22,30,0.85092837,45.9612,3.2596,0.0008,4.6713,1.1467,12.2182,0.7578,,962.2184,46.8454,293.2084,14.2748,272.9611,13.289,261.7812,12.7448,246.3468,11.9933,232.5096,11.3197,195.6215,9.5238,36.4359,2.1094,11.1028,0.6428,10.3361,0.5984,9.9128,0.5739,9.3283,0.5401,8.8043,0.5097,7.4075,0.4289,0.0,0.0,0.0,0.0,0.0,0.0,0.0,,0.0,0.0,0.0,0.0,0.0,0.0,0.0,0.0,0.0,0.0,0.0,0.0,0.0,0.0,0.0,0.0,0.0,0.0,0.0,0.0,0.0,0.0,0.0,0.0,0.0,0.0,0.0,0.0,0.736,0.7701,0.2875
413,64,0.001,7,10,100,32,8,128,184,435241,73,30,"{'sourceA': ['event_time', 'mcc_code', 'term_id'], 'sourceB': ['event_time', 'tr_type', 'amount']}",gender/checkpoints_large_30/model_64_0.001_7_10_100_128_32_8_128epoch=23.ckpt,23,30,0.83867705,46.2568,3.1773,0.0007,4.6645,1.1498,12.2129,0.7537,,967.9008,47.1273,293.042,14.2683,272.8634,13.2858,261.6754,12.741,246.3932,11.9969,232.7214,11.3313,196.4638,9.5659,36.9854,2.1342,11.1977,0.6462,10.4266,0.6017,9.9991,0.577,9.4152,0.5433,8.8927,0.5132,7.5073,0.4332,0.0,0.0,0.0,0.0,0.0,0.0,0.0,,0.0,0.0,0.0,0.0,0.0,0.0,0.0,0.0,0.0,0.0,0.0,0.0,0.0,0.0,0.0,0.0,0.0,0.0,0.0,0.0,0.0,0.0,0.0,0.0,0.0,0.0,0.0,0.0,0.728,0.7782,0.2875
414,64,0.001,7,10,100,32,8,128,184,435241,73,30,"{'sourceA': ['event_time', 'mcc_code', 'term_id'], 'sourceB': ['event_time', 'tr_type', 'amount']}",gender/checkpoints_large_30/model_64_0.001_7_10_100_128_32_8_128epoch=24.ckpt,24,30,0.84666693,46.2451,3.0621,0.0007,4.6837,1.1495,12.3825,0.7542,,972.6453,47.381,293.6263,14.3036,273.278,13.3123,262.157,12.7706,246.8226,12.0236,233.2487,11.3624,197.0653,9.5998,36.4318,2.1224,10.9982,0.6407,10.236,0.5963,9.8195,0.5721,9.2451,0.5386,8.7367,0.509,7.3814,0.43,0.0,0.0,0.0,0.0,0.0,0.0,0.0,,0.0,0.0,0.0,0.0,0.0,0.0,0.0,0.0,0.0,0.0,0.0,0.0,0.0,0.0,0.0,0.0,0.0,0.0,0.0,0.0,0.0,0.0,0.0,0.0,0.0,0.0,0.0,0.0,0.736,0.7623,0.2875
415,64,0.001,7,10,100,32,8,128,184,435241,73,30,"{'sourceA': ['event_time', 'mcc_code', 'term_id'], 'sourceB': ['event_time', 'tr_type', 'amount']}",gender/checkpoints_large_30/model_64_0.001_7_10_100_128_32_8_128epoch=25.ckpt,25,30,0.8406809,46.0318,3.2069,0.0007,4.6936,1.1474,12.2896,0.757,,967.6069,47.1312,293.204,14.2817,272.8735,13.2914,261.6658,12.7455,246.4041,12.0021,232.9243,11.3455,195.4427,9.5198,36.5517,2.0985,11.0759,0.6359,10.3079,0.5918,9.8845,0.5675,9.308,0.5344,8.7988,0.5052,7.3829,0.4239,0.0,0.0,0.0,0.0,0.0,0.0,0.0,,0.0,0.0,0.0,0.0,0.0,0.0,0.0,0.0,0.0,0.0,0.0,0.0,0.0,0.0,0.0,0.0,0.0,0.0,0.0,0.0,0.0,0.0,0.0,0.0,0.0,0.0,0.0,0.0,0.716,0.7662,0.2875
416,64,0.001,7,10,100,32,8,128,184,435241,73,30,"{'sourceA': ['event_time', 'mcc_code', 'term_id'], 'sourceB': ['event_time', 'tr_type', 'amount']}",gender/checkpoints_large_30/model_64_0.001_7_10_100_128_32_8_128epoch=26.ckpt,26,30,0.84461236,46.1478,3.0448,0.0007,4.6923,1.1476,12.2891,0.7566,,971.7925,47.3182,293.6653,14.2991,273.4565,13.3151,262.2441,12.7691,247.0287,12.0283,233.1426,11.3521,195.945,9.5409,37.2262,2.1333,11.2494,0.6447,10.4752,0.6003,10.0457,0.5757,9.4629,0.5423,8.9309,0.5118,7.506,0.4302,0.0,0.0,0.0,0.0,0.0,0.0,0.0,,0.0,0.0,0.0,0.0,0.0,0.0,0.0,0.0,0.0,0.0,0.0,0.0,0.0,0.0,0.0,0.0,0.0,0.0,0.0,0.0,0.0,0.0,0.0,0.0,0.0,0.0,0.0,0.0,0.704,0.7815,0.2875
417,64,0.001,7,10,100,32,8,128,184,435241,73,30,"{'sourceA': ['event_time', 'mcc_code', 'term_id'], 'sourceB': ['event_time', 'tr_type', 'amount']}",gender/checkpoints_large_30/model_64_0.001_7_10_100_128_32_8_128epoch=27.ckpt,27,30,0.83806825,46.2814,2.9994,0.0007,4.6862,1.1493,11.8753,0.7544,,976.1486,47.5285,293.606,14.2956,273.4749,13.3154,262.3538,12.774,247.0688,12.0297,233.4499,11.3666,196.7016,9.5774,37.1393,2.1155,11.1708,0.6363,10.4048,0.5927,9.9817,0.5686,9.4002,0.5354,8.882,0.5059,7.4839,0.4263,0.0,0.0,0.0,0.0,0.0,0.0,0.0,,0.0,0.0,0.0,0.0,0.0,0.0,0.0,0.0,0.0,0.0,0.0,0.0,0.0,0.0,0.0,0.0,0.0,0.0,0.0,0.0,0.0,0.0,0.0,0.0,0.0,0.0,0.0,0.0,0.728,0.7701,0.2875
418,64,0.001,7,10,100,32,8,128,184,435241,73,30,"{'sourceA': ['event_time', 'mcc_code', 'term_id'], 'sourceB': ['event_time', 'tr_type', 'amount']}",gender/checkpoints_large_30/model_64_0.001_7_10_100_128_32_8_128epoch=28.ckpt,28,30,0.8455508,45.8988,3.0297,0.0007,4.7007,1.1431,12.1818,0.7627,,967.1656,47.1059,293.9443,14.3166,273.7384,13.3325,262.4642,12.7833,247.0499,12.0326,233.1456,11.3554,194.8838,9.4918,36.2941,2.1069,11.0306,0.6403,10.2724,0.5963,9.8493,0.5717,9.2709,0.5382,8.7491,0.5079,7.3133,0.4245,0.0,0.0,0.0,0.0,0.0,0.0,0.0,,0.0,0.0,0.0,0.0,0.0,0.0,0.0,0.0,0.0,0.0,0.0,0.0,0.0,0.0,0.0,0.0,0.0,0.0,0.0,0.0,0.0,0.0,0.0,0.0,0.0,0.0,0.0,0.0,0.736,0.7841,0.2875
419,64,0.001,7,10,100,32,8,128,184,435241,73,30,"{'sourceA': ['event_time', 'mcc_code', 'term_id'], 'sourceB': ['event_time', 'tr_type', 'amount']}",gender/checkpoints_large_30/model_64_0.001_7_10_100_128_32_8_128epoch=29.ckpt,29,30,0.84235483,45.9204,3.0354,0.0007,4.6907,1.1438,12.1015,0.7618,,969.4778,47.2071,294.044,14.318,273.9767,13.3408,262.8539,12.7992,247.7514,12.0638,234.2854,11.4081,195.6626,9.5275,36.7265,2.1085,11.1392,0.6395,10.379,0.5959,9.9576,0.5717,9.3855,0.5388,8.8754,0.5095,7.4122,0.4255,0.0,0.0,0.0,0.0,0.0,0.0,0.0,,0.0,0.0,0.0,0.0,0.0,0.0,0.0,0.0,0.0,0.0,0.0,0.0,0.0,0.0,0.0,0.0,0.0,0.0,0.0,0.0,0.0,0.0,0.0,0.0,0.0,0.0,0.0,0.0,0.7,0.7628,0.2875
420,64,0.001,3,5,100,32,8,128,184,435241,73,30,"{'sourceA': ['event_time', 'mcc_code', 'term_id'], 'sourceB': ['event_time', 'tr_type', 'amount']}",gender/checkpoints_large_30/model_64_0.001_3_5_100_128_32_8_128epoch=00.ckpt,0,30,0.24153644,30.7531,3.337,0.0011,4.7323,1.319,6.3508,0.5885,,523.9316,26.0212,228.7341,11.3601,200.9933,9.9824,186.1861,9.247,167.7133,8.3295,153.9208,7.6445,127.105,6.3127,25.8041,1.6272,11.2654,0.7104,9.8991,0.6242,9.1698,0.5782,8.26,0.5209,7.5807,0.478,6.26,0.3948,0.0,0.0,0.0,0.0,0.0,0.0,0.0,,0.0,0.0,0.0,0.0,0.0,0.0,0.0,0.0,0.0,0.0,0.0,0.0,0.0,0.0,0.0,0.0,0.0,0.0,0.0,0.0,0.0,0.0,0.0,0.0,0.0,0.0,0.0,0.0,0.568,0.5708,0.2875
421,64,0.001,3,5,100,32,8,128,184,435241,73,30,"{'sourceA': ['event_time', 'mcc_code', 'term_id'], 'sourceB': ['event_time', 'tr_type', 'amount']}",gender/checkpoints_large_30/model_64_0.001_3_5_100_128_32_8_128epoch=01.ckpt,1,30,0.27959284,33.0026,3.3225,0.0014,4.4153,1.307,7.5749,0.5936,,633.2584,31.2286,230.4969,11.3668,205.6627,10.1421,192.4764,9.4918,176.1533,8.6869,162.5054,8.0138,136.7198,6.7422,35.2859,2.2148,12.8436,0.8062,11.4598,0.7193,10.725,0.6732,9.8155,0.6161,9.055,0.5684,7.6182,0.4782,0.0,0.0,0.0,0.0,0.0,0.0,0.0,,0.0,0.0,0.0,0.0,0.0,0.0,0.0,0.0,0.0,0.0,0.0,0.0,0.0,0.0,0.0,0.0,0.0,0.0,0.0,0.0,0.0,0.0,0.0,0.0,0.0,0.0,0.0,0.0,0.616,0.6307,0.2875
422,64,0.001,3,5,100,32,8,128,184,435241,73,30,"{'sourceA': ['event_time', 'mcc_code', 'term_id'], 'sourceB': ['event_time', 'tr_type', 'amount']}",gender/checkpoints_large_30/model_64_0.001_3_5_100_128_32_8_128epoch=02.ckpt,2,30,0.29805872,33.4545,3.2958,0.0014,4.1938,1.2438,7.6846,0.6487,,692.3692,34.0613,234.713,11.5468,211.291,10.3945,199.0161,9.7907,184.0427,9.054,172.1323,8.4681,148.613,7.3111,42.1955,2.5366,14.3043,0.8599,12.8768,0.7741,12.1288,0.7291,11.2162,0.6743,10.4904,0.6306,9.057,0.5445,0.0,0.0,0.0,0.0,0.0,0.0,0.0,,0.0,0.0,0.0,0.0,0.0,0.0,0.0,0.0,0.0,0.0,0.0,0.0,0.0,0.0,0.0,0.0,0.0,0.0,0.0,0.0,0.0,0.0,0.0,0.0,0.0,0.0,0.0,0.0,0.64,0.6465,0.2875
423,64,0.001,3,5,100,32,8,128,184,435241,73,30,"{'sourceA': ['event_time', 'mcc_code', 'term_id'], 'sourceB': ['event_time', 'tr_type', 'amount']}",gender/checkpoints_large_30/model_64_0.001_3_5_100_128_32_8_128epoch=03.ckpt,3,30,0.31877366,35.5845,3.2833,0.0015,4.0846,1.2407,8.2218,0.651,,767.7506,37.5966,242.2542,11.8631,219.8692,10.7669,207.9692,10.1842,192.864,9.4445,181.4963,8.8878,157.8307,7.7289,49.3851,2.7137,15.5829,0.8563,14.143,0.7772,13.3775,0.7351,12.4059,0.6817,11.6746,0.6415,10.1524,0.5579,0.0,0.0,0.0,0.0,0.0,0.0,0.0,,0.0,0.0,0.0,0.0,0.0,0.0,0.0,0.0,0.0,0.0,0.0,0.0,0.0,0.0,0.0,0.0,0.0,0.0,0.0,0.0,0.0,0.0,0.0,0.0,0.0,0.0,0.0,0.0,0.632,0.6215,0.2875
424,64,0.001,3,5,100,32,8,128,184,435241,73,30,"{'sourceA': ['event_time', 'mcc_code', 'term_id'], 'sourceB': ['event_time', 'tr_type', 'amount']}",gender/checkpoints_large_30/model_64_0.001_3_5_100_128_32_8_128epoch=04.ckpt,4,30,0.32599428,38.2818,3.2485,0.0015,4.0729,1.2505,8.159,0.6407,,820.7981,40.0872,250.2433,12.2217,228.4444,11.1571,216.5633,10.5768,201.6904,9.8504,189.7796,9.2687,166.9333,8.1529,56.2684,3.0004,17.155,0.9148,15.6606,0.8351,14.8461,0.7916,13.8265,0.7373,13.01,0.6937,11.4438,0.6102,0.0,0.0,0.0,0.0,0.0,0.0,0.0,,0.0,0.0,0.0,0.0,0.0,0.0,0.0,0.0,0.0,0.0,0.0,0.0,0.0,0.0,0.0,0.0,0.0,0.0,0.0,0.0,0.0,0.0,0.0,0.0,0.0,0.0,0.0,0.0,0.636,0.6729,0.2875
425,64,0.001,3,5,100,32,8,128,184,435241,73,30,"{'sourceA': ['event_time', 'mcc_code', 'term_id'], 'sourceB': ['event_time', 'tr_type', 'amount']}",gender/checkpoints_large_30/model_64_0.001_3_5_100_128_32_8_128epoch=05.ckpt,5,30,0.34386837,39.15,3.2036,0.0013,4.1453,1.2373,8.3674,0.6538,,858.8008,41.9357,254.6448,12.4345,233.2136,11.388,221.7903,10.8301,207.0456,10.1102,195.5378,9.5482,172.3462,8.4158,57.1186,3.1082,16.9364,0.9216,15.511,0.844,14.7512,0.8027,13.7706,0.7493,13.0052,0.7077,11.4627,0.6238,0.0,0.0,0.0,0.0,0.0,0.0,0.0,,0.0,0.0,0.0,0.0,0.0,0.0,0.0,0.0,0.0,0.0,0.0,0.0,0.0,0.0,0.0,0.0,0.0,0.0,0.0,0.0,0.0,0.0,0.0,0.0,0.0,0.0,0.0,0.0,0.68,0.67,0.2875
426,64,0.001,3,5,100,32,8,128,184,435241,73,30,"{'sourceA': ['event_time', 'mcc_code', 'term_id'], 'sourceB': ['event_time', 'tr_type', 'amount']}",gender/checkpoints_large_30/model_64_0.001_3_5_100_128_32_8_128epoch=06.ckpt,6,30,0.34351325,40.9964,3.2445,0.0012,4.2329,1.2356,9.2259,0.6553,,895.6142,43.6493,262.5461,12.7956,241.6717,11.7783,230.4838,11.233,215.7523,10.5151,204.1417,9.9492,181.7435,8.8576,58.4923,3.1153,17.1468,0.9132,15.7835,0.8406,15.0528,0.8017,14.0907,0.7505,13.3324,0.7101,11.8696,0.6322,0.0,0.0,0.0,0.0,0.0,0.0,0.0,,0.0,0.0,0.0,0.0,0.0,0.0,0.0,0.0,0.0,0.0,0.0,0.0,0.0,0.0,0.0,0.0,0.0,0.0,0.0,0.0,0.0,0.0,0.0,0.0,0.0,0.0,0.0,0.0,0.676,0.6924,0.2875
427,64,0.001,3,5,100,32,8,128,184,435241,73,30,"{'sourceA': ['event_time', 'mcc_code', 'term_id'], 'sourceB': ['event_time', 'tr_type', 'amount']}",gender/checkpoints_large_30/model_64_0.001_3_5_100_128_32_8_128epoch=07.ckpt,7,30,0.35789534,40.539,3.2093,0.001,4.4045,1.2039,9.9564,0.6894,,896.1099,43.6565,266.6887,12.9925,245.7995,11.9748,234.7423,11.4361,220.2703,10.7311,208.6825,10.1665,186.2496,9.0737,54.1413,2.9048,16.1128,0.8645,14.8507,0.7968,14.1827,0.7609,13.3083,0.714,12.6082,0.6765,11.2529,0.6038,0.0,0.0,0.0,0.0,0.0,0.0,0.0,,0.0,0.0,0.0,0.0,0.0,0.0,0.0,0.0,0.0,0.0,0.0,0.0,0.0,0.0,0.0,0.0,0.0,0.0,0.0,0.0,0.0,0.0,0.0,0.0,0.0,0.0,0.0,0.0,0.66,0.6699,0.2875
428,64,0.001,3,5,100,32,8,128,184,435241,73,30,"{'sourceA': ['event_time', 'mcc_code', 'term_id'], 'sourceB': ['event_time', 'tr_type', 'amount']}",gender/checkpoints_large_30/model_64_0.001_3_5_100_128_32_8_128epoch=08.ckpt,8,30,0.36310375,42.9487,3.2084,0.0011,4.4377,1.2205,10.493,0.6718,,940.9172,45.8505,271.7923,13.2443,251.1694,12.2394,239.7687,11.6838,225.1033,10.9692,212.9781,10.3783,190.9197,9.3034,52.4618,2.8838,15.1541,0.833,14.0042,0.7698,13.3686,0.7349,12.5509,0.6899,11.8748,0.6528,10.6449,0.5851,0.0,0.0,0.0,0.0,0.0,0.0,0.0,,0.0,0.0,0.0,0.0,0.0,0.0,0.0,0.0,0.0,0.0,0.0,0.0,0.0,0.0,0.0,0.0,0.0,0.0,0.0,0.0,0.0,0.0,0.0,0.0,0.0,0.0,0.0,0.0,0.7,0.6971,0.2875
429,64,0.001,3,5,100,32,8,128,184,435241,73,30,"{'sourceA': ['event_time', 'mcc_code', 'term_id'], 'sourceB': ['event_time', 'tr_type', 'amount']}",gender/checkpoints_large_30/model_64_0.001_3_5_100_128_32_8_128epoch=09.ckpt,9,30,0.35546878,44.2145,3.1146,0.0011,4.4588,1.2246,10.65,0.6666,,970.5999,47.2322,274.6286,13.3642,254.6258,12.3908,243.758,11.862,229.315,11.1591,217.6258,10.5903,195.4941,9.5133,51.5948,2.8765,14.5986,0.8139,13.5353,0.7546,12.9576,0.7224,12.1899,0.6796,11.5685,0.645,10.392,0.5794,0.0,0.0,0.0,0.0,0.0,0.0,0.0,,0.0,0.0,0.0,0.0,0.0,0.0,0.0,0.0,0.0,0.0,0.0,0.0,0.0,0.0,0.0,0.0,0.0,0.0,0.0,0.0,0.0,0.0,0.0,0.0,0.0,0.0,0.0,0.0,0.656,0.6765,0.2875
430,64,0.001,3,5,100,32,8,128,184,435241,73,30,"{'sourceA': ['event_time', 'mcc_code', 'term_id'], 'sourceB': ['event_time', 'tr_type', 'amount']}",gender/checkpoints_large_30/model_64_0.001_3_5_100_128_32_8_128epoch=10.ckpt,10,30,0.3707978,44.2438,3.1908,0.001,4.5162,1.2187,10.573,0.6729,,976.5108,47.5434,275.6805,13.4221,255.8315,12.4557,245.0046,11.9285,230.7764,11.2358,219.1806,10.6712,196.3913,9.5617,52.1722,2.8757,14.7288,0.8118,13.6683,0.7534,13.0899,0.7215,12.3297,0.6796,11.7102,0.6455,10.4926,0.5783,0.0,0.0,0.0,0.0,0.0,0.0,0.0,,0.0,0.0,0.0,0.0,0.0,0.0,0.0,0.0,0.0,0.0,0.0,0.0,0.0,0.0,0.0,0.0,0.0,0.0,0.0,0.0,0.0,0.0,0.0,0.0,0.0,0.0,0.0,0.0,0.656,0.6765,0.2875
431,64,0.001,3,5,100,32,8,128,184,435241,73,30,"{'sourceA': ['event_time', 'mcc_code', 'term_id'], 'sourceB': ['event_time', 'tr_type', 'amount']}",gender/checkpoints_large_30/model_64_0.001_3_5_100_128_32_8_128epoch=11.ckpt,11,30,0.37180397,44.5819,3.1591,0.0011,4.5159,1.214,10.3768,0.6782,,982.5056,47.8065,276.8656,13.4717,257.2326,12.5164,246.1108,11.9752,231.9435,11.2859,220.1008,10.7096,197.1486,9.5928,52.8614,2.8972,14.8961,0.8164,13.8398,0.7585,13.2414,0.7257,12.4792,0.6839,11.842,0.649,10.6071,0.5813,0.0,0.0,0.0,0.0,0.0,0.0,0.0,,0.0,0.0,0.0,0.0,0.0,0.0,0.0,0.0,0.0,0.0,0.0,0.0,0.0,0.0,0.0,0.0,0.0,0.0,0.0,0.0,0.0,0.0,0.0,0.0,0.0,0.0,0.0,0.0,0.684,0.6916,0.2875
432,64,0.001,3,5,100,32,8,128,184,435241,73,30,"{'sourceA': ['event_time', 'mcc_code', 'term_id'], 'sourceB': ['event_time', 'tr_type', 'amount']}",gender/checkpoints_large_30/model_64_0.001_3_5_100_128_32_8_128epoch=12.ckpt,12,30,0.36819363,44.3442,3.1675,0.001,4.6038,1.2058,10.9627,0.6875,,979.361,47.6658,278.0565,13.5331,258.5162,12.5821,247.7363,12.0574,233.3581,11.3576,221.5142,10.7812,197.4575,9.6103,50.694,2.8057,14.3929,0.7966,13.3814,0.7406,12.8234,0.7097,12.0792,0.6685,11.4661,0.6346,10.2209,0.5657,0.0,0.0,0.0,0.0,0.0,0.0,0.0,,0.0,0.0,0.0,0.0,0.0,0.0,0.0,0.0,0.0,0.0,0.0,0.0,0.0,0.0,0.0,0.0,0.0,0.0,0.0,0.0,0.0,0.0,0.0,0.0,0.0,0.0,0.0,0.0,0.676,0.6792,0.2875
433,64,0.001,3,5,100,32,8,128,184,435241,73,30,"{'sourceA': ['event_time', 'mcc_code', 'term_id'], 'sourceB': ['event_time', 'tr_type', 'amount']}",gender/checkpoints_large_30/model_64_0.001_3_5_100_128_32_8_128epoch=13.ckpt,13,30,0.38085938,45.669,3.1938,0.0011,4.5647,1.2201,11.4325,0.6725,,1004.5889,48.8967,279.1028,13.5849,259.8136,12.646,248.9608,12.1177,234.8812,11.4324,222.8675,10.8477,197.8634,9.6307,54.3898,2.9355,15.111,0.8156,14.0667,0.7592,13.4791,0.7275,12.7168,0.6863,12.0663,0.6512,10.7126,0.5782,0.0,0.0,0.0,0.0,0.0,0.0,0.0,,0.0,0.0,0.0,0.0,0.0,0.0,0.0,0.0,0.0,0.0,0.0,0.0,0.0,0.0,0.0,0.0,0.0,0.0,0.0,0.0,0.0,0.0,0.0,0.0,0.0,0.0,0.0,0.0,0.688,0.7139,0.2875
434,64,0.001,3,5,100,32,8,128,184,435241,73,30,"{'sourceA': ['event_time', 'mcc_code', 'term_id'], 'sourceB': ['event_time', 'tr_type', 'amount']}",gender/checkpoints_large_30/model_64_0.001_3_5_100_128_32_8_128epoch=14.ckpt,14,30,0.3808594,45.396,3.1987,0.001,4.6401,1.2114,11.2078,0.6815,,1002.7018,48.7961,279.9309,13.6227,260.6422,12.684,249.9456,12.1635,235.9189,11.4809,224.0021,10.901,199.0998,9.6891,52.8683,2.8918,14.7596,0.8073,13.7426,0.7517,13.1786,0.7208,12.439,0.6804,11.8107,0.646,10.4977,0.5742,0.0,0.0,0.0,0.0,0.0,0.0,0.0,,0.0,0.0,0.0,0.0,0.0,0.0,0.0,0.0,0.0,0.0,0.0,0.0,0.0,0.0,0.0,0.0,0.0,0.0,0.0,0.0,0.0,0.0,0.0,0.0,0.0,0.0,0.0,0.0,0.68,0.6837,0.2875
435,64,0.001,3,5,100,32,8,128,184,435241,73,30,"{'sourceA': ['event_time', 'mcc_code', 'term_id'], 'sourceB': ['event_time', 'tr_type', 'amount']}",gender/checkpoints_large_30/model_64_0.001_3_5_100_128_32_8_128epoch=15.ckpt,15,30,0.37849197,45.9321,3.1524,0.001,4.6341,1.2165,11.0792,0.6759,,1016.0546,49.4269,280.0878,13.6251,260.9103,12.6922,250.2192,12.1721,236.4535,11.5025,224.7975,10.9355,200.5427,9.7556,54.8026,2.9416,15.107,0.8109,14.0726,0.7554,13.496,0.7244,12.7535,0.6846,12.1248,0.6508,10.8166,0.5806,0.0,0.0,0.0,0.0,0.0,0.0,0.0,,0.0,0.0,0.0,0.0,0.0,0.0,0.0,0.0,0.0,0.0,0.0,0.0,0.0,0.0,0.0,0.0,0.0,0.0,0.0,0.0,0.0,0.0,0.0,0.0,0.0,0.0,0.0,0.0,0.688,0.6947,0.2875
436,64,0.001,3,5,100,32,8,128,184,435241,73,30,"{'sourceA': ['event_time', 'mcc_code', 'term_id'], 'sourceB': ['event_time', 'tr_type', 'amount']}",gender/checkpoints_large_30/model_64_0.001_3_5_100_128_32_8_128epoch=16.ckpt,16,30,0.37357953,46.2281,3.1525,0.001,4.6567,1.2102,10.7686,0.6835,,1021.6019,49.6958,281.7797,13.7072,262.8361,12.7857,252.0705,12.262,238.3279,11.5935,226.4294,11.0147,200.8641,9.771,54.0687,2.9222,14.9133,0.806,13.9107,0.7518,13.3409,0.721,12.6136,0.6817,11.9839,0.6477,10.6308,0.5746,0.0,0.0,0.0,0.0,0.0,0.0,0.0,,0.0,0.0,0.0,0.0,0.0,0.0,0.0,0.0,0.0,0.0,0.0,0.0,0.0,0.0,0.0,0.0,0.0,0.0,0.0,0.0,0.0,0.0,0.0,0.0,0.0,0.0,0.0,0.0,0.684,0.6917,0.2875
437,64,0.001,3,5,100,32,8,128,184,435241,73,30,"{'sourceA': ['event_time', 'mcc_code', 'term_id'], 'sourceB': ['event_time', 'tr_type', 'amount']}",gender/checkpoints_large_30/model_64_0.001_3_5_100_128_32_8_128epoch=17.ckpt,17,30,0.38091853,46.8623,3.1046,0.001,4.6575,1.2136,11.4114,0.6792,,1037.1929,50.4443,282.7418,13.7513,263.7304,12.8266,253.1411,12.3116,239.2948,11.6382,227.5315,11.0661,201.7719,9.8133,52.9034,2.8673,14.4216,0.7816,13.4519,0.7291,12.9118,0.6998,12.2055,0.6615,11.6055,0.629,10.2916,0.5578,0.0,0.0,0.0,0.0,0.0,0.0,0.0,,0.0,0.0,0.0,0.0,0.0,0.0,0.0,0.0,0.0,0.0,0.0,0.0,0.0,0.0,0.0,0.0,0.0,0.0,0.0,0.0,0.0,0.0,0.0,0.0,0.0,0.0,0.0,0.0,0.676,0.7003,0.2875
438,64,0.001,3,5,100,32,8,128,184,435241,73,30,"{'sourceA': ['event_time', 'mcc_code', 'term_id'], 'sourceB': ['event_time', 'tr_type', 'amount']}",gender/checkpoints_large_30/model_64_0.001_3_5_100_128_32_8_128epoch=18.ckpt,18,30,0.3802675,46.5227,3.1241,0.0009,4.704,1.2055,11.2788,0.6882,,1035.5358,50.397,283.3628,13.7906,264.5319,12.8741,254.0883,12.3659,240.4461,11.7019,228.9905,11.1444,203.4889,9.9033,53.1945,2.9019,14.5561,0.7941,13.5888,0.7413,13.0523,0.712,12.3515,0.6738,11.763,0.6417,10.453,0.5702,0.0,0.0,0.0,0.0,0.0,0.0,0.0,,0.0,0.0,0.0,0.0,0.0,0.0,0.0,0.0,0.0,0.0,0.0,0.0,0.0,0.0,0.0,0.0,0.0,0.0,0.0,0.0,0.0,0.0,0.0,0.0,0.0,0.0,0.0,0.0,0.72,0.7183,0.2875
439,64,0.001,3,5,100,32,8,128,184,435241,73,30,"{'sourceA': ['event_time', 'mcc_code', 'term_id'], 'sourceB': ['event_time', 'tr_type', 'amount']}",gender/checkpoints_large_30/model_64_0.001_3_5_100_128_32_8_128epoch=19.ckpt,19,30,0.3813329,47.5483,3.1227,0.001,4.6397,1.2145,11.6639,0.6783,,1048.2441,50.9741,283.5983,13.7908,264.7039,12.872,254.2391,12.3632,240.4664,11.6934,228.8549,11.1288,202.8975,9.8665,51.5178,2.8286,13.9379,0.7653,13.0093,0.7143,12.495,0.686,11.8181,0.6489,11.2475,0.6175,9.9717,0.5475,0.0,0.0,0.0,0.0,0.0,0.0,0.0,,0.0,0.0,0.0,0.0,0.0,0.0,0.0,0.0,0.0,0.0,0.0,0.0,0.0,0.0,0.0,0.0,0.0,0.0,0.0,0.0,0.0,0.0,0.0,0.0,0.0,0.0,0.0,0.0,0.7,0.7101,0.2875
440,64,0.001,3,5,100,32,8,128,184,435241,73,30,"{'sourceA': ['event_time', 'mcc_code', 'term_id'], 'sourceB': ['event_time', 'tr_type', 'amount']}",gender/checkpoints_large_30/model_64_0.001_3_5_100_128_32_8_128epoch=20.ckpt,20,30,0.38251665,47.3476,3.1871,0.0009,4.6835,1.2105,11.5707,0.6832,,1049.714,51.0693,285.0614,13.8684,266.384,12.9598,255.9095,12.4502,242.0389,11.7754,230.4404,11.2111,203.912,9.9205,52.1947,2.8333,14.174,0.7694,13.2454,0.719,12.7245,0.6907,12.0348,0.6533,11.4581,0.622,10.1391,0.5504,0.0,0.0,0.0,0.0,0.0,0.0,0.0,,0.0,0.0,0.0,0.0,0.0,0.0,0.0,0.0,0.0,0.0,0.0,0.0,0.0,0.0,0.0,0.0,0.0,0.0,0.0,0.0,0.0,0.0,0.0,0.0,0.0,0.0,0.0,0.0,0.712,0.7013,0.2875
441,64,0.001,3,5,100,32,8,128,184,435241,73,30,"{'sourceA': ['event_time', 'mcc_code', 'term_id'], 'sourceB': ['event_time', 'tr_type', 'amount']}",gender/checkpoints_large_30/model_64_0.001_3_5_100_128_32_8_128epoch=21.ckpt,21,30,0.38997394,47.6385,3.1123,0.001,4.6739,1.2153,11.7784,0.6773,,1058.6299,51.4719,284.7592,13.8453,266.0309,12.9347,255.5527,12.4253,241.8647,11.7598,230.3816,11.2014,203.4283,9.8909,52.2977,2.8497,14.0675,0.7665,13.1423,0.7161,12.6246,0.6879,11.9484,0.6511,11.3811,0.6202,10.0496,0.5476,0.0,0.0,0.0,0.0,0.0,0.0,0.0,,0.0,0.0,0.0,0.0,0.0,0.0,0.0,0.0,0.0,0.0,0.0,0.0,0.0,0.0,0.0,0.0,0.0,0.0,0.0,0.0,0.0,0.0,0.0,0.0,0.0,0.0,0.0,0.0,0.716,0.7056,0.2875
442,64,0.001,3,5,100,32,8,128,184,435241,73,30,"{'sourceA': ['event_time', 'mcc_code', 'term_id'], 'sourceB': ['event_time', 'tr_type', 'amount']}",gender/checkpoints_large_30/model_64_0.001_3_5_100_128_32_8_128epoch=22.ckpt,22,30,0.38654116,47.783,3.0739,0.001,4.6809,1.2152,11.5219,0.6774,,1063.6959,51.7215,284.6589,13.8413,265.9281,12.9306,255.4619,12.4217,241.8367,11.7591,230.5106,11.2084,204.7684,9.9567,53.4958,2.8914,14.3162,0.7738,13.3742,0.7229,12.8478,0.6944,12.1625,0.6574,11.5929,0.6266,10.2983,0.5566,0.0,0.0,0.0,0.0,0.0,0.0,0.0,,0.0,0.0,0.0,0.0,0.0,0.0,0.0,0.0,0.0,0.0,0.0,0.0,0.0,0.0,0.0,0.0,0.0,0.0,0.0,0.0,0.0,0.0,0.0,0.0,0.0,0.0,0.0,0.0,0.708,0.7369,0.2875
443,64,0.001,3,5,100,32,8,128,184,435241,73,30,"{'sourceA': ['event_time', 'mcc_code', 'term_id'], 'sourceB': ['event_time', 'tr_type', 'amount']}",gender/checkpoints_large_30/model_64_0.001_3_5_100_128_32_8_128epoch=23.ckpt,23,30,0.37855113,47.8436,3.096,0.0009,4.7138,1.2127,11.6278,0.6803,,1066.1323,51.8325,286.159,13.9123,267.4437,13.0024,256.9752,12.4934,243.4348,11.8351,231.8332,11.2711,204.145,9.925,52.2493,2.8232,14.0242,0.7578,13.107,0.7082,12.5939,0.6805,11.9303,0.6446,11.3618,0.6139,10.0048,0.5406,0.0,0.0,0.0,0.0,0.0,0.0,0.0,,0.0,0.0,0.0,0.0,0.0,0.0,0.0,0.0,0.0,0.0,0.0,0.0,0.0,0.0,0.0,0.0,0.0,0.0,0.0,0.0,0.0,0.0,0.0,0.0,0.0,0.0,0.0,0.0,0.676,0.6943,0.2875
444,64,0.001,3,5,100,32,8,128,184,435241,73,30,"{'sourceA': ['event_time', 'mcc_code', 'term_id'], 'sourceB': ['event_time', 'tr_type', 'amount']}",gender/checkpoints_large_30/model_64_0.001_3_5_100_128_32_8_128epoch=24.ckpt,24,30,0.38908616,47.5564,3.1105,0.0009,4.7052,1.2046,11.4265,0.6893,,1059.7559,51.5241,286.2404,13.9167,267.5894,13.0099,257.1295,12.5013,243.5418,11.8407,232.0264,11.2808,205.6396,9.998,53.1675,2.8614,14.3606,0.7729,13.4248,0.7225,12.9001,0.6943,12.2184,0.6576,11.6407,0.6265,10.3169,0.5552,0.0,0.0,0.0,0.0,0.0,0.0,0.0,,0.0,0.0,0.0,0.0,0.0,0.0,0.0,0.0,0.0,0.0,0.0,0.0,0.0,0.0,0.0,0.0,0.0,0.0,0.0,0.0,0.0,0.0,0.0,0.0,0.0,0.0,0.0,0.0,0.684,0.7194,0.2875
445,64,0.001,3,5,100,32,8,128,184,435241,73,30,"{'sourceA': ['event_time', 'mcc_code', 'term_id'], 'sourceB': ['event_time', 'tr_type', 'amount']}",gender/checkpoints_large_30/model_64_0.001_3_5_100_128_32_8_128epoch=25.ckpt,25,30,0.37979403,47.7974,3.0681,0.0009,4.7126,1.2055,11.8165,0.6885,,1063.1188,51.6982,286.6717,13.9405,268.0623,13.0356,257.6543,12.5294,243.8906,11.8601,232.3271,11.2978,205.7717,10.0064,51.6902,2.8159,13.9383,0.7593,13.0335,0.71,12.5275,0.6825,11.8583,0.646,11.296,0.6154,10.0049,0.545,0.0,0.0,0.0,0.0,0.0,0.0,0.0,,0.0,0.0,0.0,0.0,0.0,0.0,0.0,0.0,0.0,0.0,0.0,0.0,0.0,0.0,0.0,0.0,0.0,0.0,0.0,0.0,0.0,0.0,0.0,0.0,0.0,0.0,0.0,0.0,0.672,0.6963,0.2875
446,64,0.001,3,5,100,32,8,128,184,435241,73,30,"{'sourceA': ['event_time', 'mcc_code', 'term_id'], 'sourceB': ['event_time', 'tr_type', 'amount']}",gender/checkpoints_large_30/model_64_0.001_3_5_100_128_32_8_128epoch=26.ckpt,26,30,0.38660038,48.1199,3.1267,0.0009,4.6871,1.2075,11.9136,0.6861,,1070.8569,52.0754,286.6223,13.9383,268.185,13.0417,257.9676,12.5449,244.5654,11.8931,233.2383,11.3423,206.4997,10.042,52.2758,2.8353,13.992,0.7589,13.0919,0.7101,12.5932,0.683,11.9389,0.6475,11.386,0.6175,10.0807,0.5467,0.0,0.0,0.0,0.0,0.0,0.0,0.0,,0.0,0.0,0.0,0.0,0.0,0.0,0.0,0.0,0.0,0.0,0.0,0.0,0.0,0.0,0.0,0.0,0.0,0.0,0.0,0.0,0.0,0.0,0.0,0.0,0.0,0.0,0.0,0.0,0.656,0.71,0.2875
447,64,0.001,3,5,100,32,8,128,184,435241,73,30,"{'sourceA': ['event_time', 'mcc_code', 'term_id'], 'sourceB': ['event_time', 'tr_type', 'amount']}",gender/checkpoints_large_30/model_64_0.001_3_5_100_128_32_8_128epoch=27.ckpt,27,30,0.3898556,48.2629,3.1251,0.0009,4.6863,1.2079,11.6629,0.6858,,1074.5068,52.2434,287.2923,13.9684,268.8581,13.0721,258.658,12.5762,245.1432,11.9191,233.89,11.3719,207.1556,10.0721,52.5966,2.8089,14.0628,0.751,13.1605,0.7028,12.6612,0.6762,11.9996,0.6408,11.4488,0.6114,10.1402,0.5415,0.0,0.0,0.0,0.0,0.0,0.0,0.0,,0.0,0.0,0.0,0.0,0.0,0.0,0.0,0.0,0.0,0.0,0.0,0.0,0.0,0.0,0.0,0.0,0.0,0.0,0.0,0.0,0.0,0.0,0.0,0.0,0.0,0.0,0.0,0.0,0.692,0.7037,0.2875
448,64,0.001,3,5,100,32,8,128,184,435241,73,30,"{'sourceA': ['event_time', 'mcc_code', 'term_id'], 'sourceB': ['event_time', 'tr_type', 'amount']}",gender/checkpoints_large_30/model_64_0.001_3_5_100_128_32_8_128epoch=28.ckpt,28,30,0.38671878,48.3066,3.0836,0.0009,4.7017,1.2087,11.4614,0.6847,,1081.214,52.5839,287.206,13.968,268.6099,13.0636,258.3038,12.5624,244.6913,11.9003,233.3394,11.3483,207.2267,10.0783,51.0387,2.7967,13.5576,0.7429,12.6797,0.6948,12.1932,0.6681,11.5507,0.6329,11.0148,0.6036,9.7821,0.536,0.0,0.0,0.0,0.0,0.0,0.0,0.0,,0.0,0.0,0.0,0.0,0.0,0.0,0.0,0.0,0.0,0.0,0.0,0.0,0.0,0.0,0.0,0.0,0.0,0.0,0.0,0.0,0.0,0.0,0.0,0.0,0.0,0.0,0.0,0.0,0.688,0.7077,0.2875
449,64,0.001,3,5,100,32,8,128,184,435241,73,30,"{'sourceA': ['event_time', 'mcc_code', 'term_id'], 'sourceB': ['event_time', 'tr_type', 'amount']}",gender/checkpoints_large_30/model_64_0.001_3_5_100_128_32_8_128epoch=29.ckpt,29,30,0.39044744,48.8091,3.0379,0.0009,4.6934,1.2145,11.4178,0.6783,,1087.0994,52.8559,287.507,13.9789,269.0344,13.0807,258.8016,12.5832,245.2609,11.9248,234.1124,11.3828,208.0999,10.118,53.5424,2.8582,14.1604,0.7559,13.2506,0.7073,12.7466,0.6804,12.0797,0.6448,11.5306,0.6155,10.2494,0.5471,0.0,0.0,0.0,0.0,0.0,0.0,0.0,,0.0,0.0,0.0,0.0,0.0,0.0,0.0,0.0,0.0,0.0,0.0,0.0,0.0,0.0,0.0,0.0,0.0,0.0,0.0,0.0,0.0,0.0,0.0,0.0,0.0,0.0,0.0,0.0,0.672,0.7069,0.2875
450,64,0.001,3,10,100,32,8,128,184,435241,73,30,"{'sourceA': ['event_time', 'mcc_code', 'term_id'], 'sourceB': ['event_time', 'tr_type', 'amount']}",gender/checkpoints_large_30/model_64_0.001_3_10_100_128_32_8_128epoch=00.ckpt,0,30,0.0,30.5513,3.3345,0.0011,4.6772,1.3269,5.9274,0.5824,,526.2486,26.2806,225.4432,11.2585,197.3402,9.8551,181.6962,9.0738,161.9791,8.0891,147.2348,7.3528,121.6941,6.0773,26.4655,1.6918,11.3377,0.7248,9.9244,0.6344,9.1377,0.5841,8.1461,0.5207,7.4046,0.4733,6.1201,0.3912,0.0,0.0,0.0,0.0,0.0,0.0,0.0,,0.0,0.0,0.0,0.0,0.0,0.0,0.0,0.0,0.0,0.0,0.0,0.0,0.0,0.0,0.0,0.0,0.0,0.0,0.0,0.0,0.0,0.0,0.0,0.0,0.0,0.0,0.0,0.0,0.62,0.6083,0.2875
451,64,0.001,3,10,100,32,8,128,184,435241,73,30,"{'sourceA': ['event_time', 'mcc_code', 'term_id'], 'sourceB': ['event_time', 'tr_type', 'amount']}",gender/checkpoints_large_30/model_64_0.001_3_10_100_128_32_8_128epoch=01.ckpt,1,30,0.0,32.7611,3.3357,0.0013,4.4442,1.3331,7.6664,0.5722,,629.0944,31.1457,228.0373,11.2898,204.3384,10.1165,191.1506,9.4636,174.6766,8.648,162.2081,8.0307,137.0094,6.7832,37.2871,2.2788,13.516,0.826,12.1114,0.7402,11.3297,0.6924,10.3533,0.6327,9.6143,0.5876,8.1207,0.4963,0.0,0.0,0.0,0.0,0.0,0.0,0.0,,0.0,0.0,0.0,0.0,0.0,0.0,0.0,0.0,0.0,0.0,0.0,0.0,0.0,0.0,0.0,0.0,0.0,0.0,0.0,0.0,0.0,0.0,0.0,0.0,0.0,0.0,0.0,0.0,0.64,0.6437,0.2875
452,64,0.001,3,10,100,32,8,128,184,435241,73,30,"{'sourceA': ['event_time', 'mcc_code', 'term_id'], 'sourceB': ['event_time', 'tr_type', 'amount']}",gender/checkpoints_large_30/model_64_0.001_3_10_100_128_32_8_128epoch=02.ckpt,2,30,0.0,36.0817,3.2995,0.0016,4.2547,1.3401,8.5355,0.565,,727.57,35.749,235.5501,11.5737,212.9672,10.4641,201.0327,9.8777,185.769,9.1277,173.4766,8.5237,147.3451,7.2398,46.3325,2.7204,15.0001,0.8807,13.562,0.7963,12.802,0.7517,11.83,0.6946,11.0472,0.6486,9.3831,0.5509,0.0,0.0,0.0,0.0,0.0,0.0,0.0,,0.0,0.0,0.0,0.0,0.0,0.0,0.0,0.0,0.0,0.0,0.0,0.0,0.0,0.0,0.0,0.0,0.0,0.0,0.0,0.0,0.0,0.0,0.0,0.0,0.0,0.0,0.0,0.0,0.652,0.6945,0.2875
453,64,0.001,3,10,100,32,8,128,184,435241,73,30,"{'sourceA': ['event_time', 'mcc_code', 'term_id'], 'sourceB': ['event_time', 'tr_type', 'amount']}",gender/checkpoints_large_30/model_64_0.001_3_10_100_128_32_8_128epoch=03.ckpt,3,30,0.0,37.2876,3.2956,0.0015,4.1925,1.3075,8.6471,0.5895,,808.7522,39.575,243.0339,11.8925,221.1878,10.8235,209.4751,10.2503,194.8057,9.5325,182.899,8.9499,157.8467,7.724,57.0152,3.1177,17.1333,0.9369,15.5932,0.8527,14.7675,0.8075,13.7334,0.751,12.894,0.7051,11.1278,0.6085,0.0,0.0,0.0,0.0,0.0,0.0,0.0,,0.0,0.0,0.0,0.0,0.0,0.0,0.0,0.0,0.0,0.0,0.0,0.0,0.0,0.0,0.0,0.0,0.0,0.0,0.0,0.0,0.0,0.0,0.0,0.0,0.0,0.0,0.0,0.0,0.684,0.7122,0.2875
454,64,0.001,3,10,100,32,8,128,184,435241,73,30,"{'sourceA': ['event_time', 'mcc_code', 'term_id'], 'sourceB': ['event_time', 'tr_type', 'amount']}",gender/checkpoints_large_30/model_64_0.001_3_10_100_128_32_8_128epoch=04.ckpt,4,30,0.0,37.4411,3.2702,0.0014,4.2669,1.2667,8.7629,0.6262,,850.2316,41.5853,249.3686,12.1967,228.0095,11.1521,216.5131,10.5898,201.0445,9.8332,188.5374,9.2215,164.1159,8.027,61.1874,3.2516,17.946,0.9537,16.4088,0.872,15.5815,0.828,14.4683,0.7689,13.5682,0.721,11.8107,0.6276,0.0,0.0,0.0,0.0,0.0,0.0,0.0,,0.0,0.0,0.0,0.0,0.0,0.0,0.0,0.0,0.0,0.0,0.0,0.0,0.0,0.0,0.0,0.0,0.0,0.0,0.0,0.0,0.0,0.0,0.0,0.0,0.0,0.0,0.0,0.0,0.676,0.6919,0.2875
455,64,0.001,3,10,100,32,8,128,184,435241,73,30,"{'sourceA': ['event_time', 'mcc_code', 'term_id'], 'sourceB': ['event_time', 'tr_type', 'amount']}",gender/checkpoints_large_30/model_64_0.001_3_10_100_128_32_8_128epoch=05.ckpt,5,30,0.0,39.4113,3.2476,0.0013,4.2826,1.2728,9.0134,0.6202,,905.2416,44.1606,255.0217,12.4408,233.976,11.4141,222.3732,10.8481,207.375,10.1164,195.5128,9.5377,170.3469,8.3101,65.427,3.4146,18.4319,0.9619,16.9108,0.8826,16.0722,0.8388,14.9882,0.7822,14.1308,0.7375,12.312,0.6426,0.0,0.0,0.0,0.0,0.0,0.0,0.0,,0.0,0.0,0.0,0.0,0.0,0.0,0.0,0.0,0.0,0.0,0.0,0.0,0.0,0.0,0.0,0.0,0.0,0.0,0.0,0.0,0.0,0.0,0.0,0.0,0.0,0.0,0.0,0.0,0.656,0.7088,0.2875
456,64,0.001,3,10,100,32,8,128,184,435241,73,30,"{'sourceA': ['event_time', 'mcc_code', 'term_id'], 'sourceB': ['event_time', 'tr_type', 'amount']}",gender/checkpoints_large_30/model_64_0.001_3_10_100_128_32_8_128epoch=06.ckpt,6,30,0.0,40.1997,3.184,0.0012,4.3618,1.2481,9.084,0.644,,926.4597,45.1792,259.1129,12.6357,238.2554,11.6186,226.8018,11.0601,211.7537,10.3263,199.8008,9.7434,173.4927,8.4604,62.4353,3.3567,17.462,0.9388,16.0563,0.8632,15.2845,0.8217,14.2704,0.7672,13.4648,0.7239,11.6919,0.6286,0.0,0.0,0.0,0.0,0.0,0.0,0.0,,0.0,0.0,0.0,0.0,0.0,0.0,0.0,0.0,0.0,0.0,0.0,0.0,0.0,0.0,0.0,0.0,0.0,0.0,0.0,0.0,0.0,0.0,0.0,0.0,0.0,0.0,0.0,0.0,0.664,0.6981,0.2875
457,64,0.001,3,10,100,32,8,128,184,435241,73,30,"{'sourceA': ['event_time', 'mcc_code', 'term_id'], 'sourceB': ['event_time', 'tr_type', 'amount']}",gender/checkpoints_large_30/model_64_0.001_3_10_100_128_32_8_128epoch=07.ckpt,7,30,0.0,41.7004,3.1194,0.0012,4.4189,1.2481,9.6519,0.6434,,962.9935,46.9025,264.1718,12.8665,243.5345,11.8613,232.2076,11.3097,217.2873,10.583,205.1029,9.9895,178.9914,8.7178,60.188,3.2375,16.511,0.8881,15.2211,0.8187,14.5132,0.7807,13.5807,0.7305,12.8191,0.6895,11.1871,0.6017,0.0,0.0,0.0,0.0,0.0,0.0,0.0,,0.0,0.0,0.0,0.0,0.0,0.0,0.0,0.0,0.0,0.0,0.0,0.0,0.0,0.0,0.0,0.0,0.0,0.0,0.0,0.0,0.0,0.0,0.0,0.0,0.0,0.0,0.0,0.0,0.64,0.6947,0.2875
458,64,0.001,3,10,100,32,8,128,184,435241,73,30,"{'sourceA': ['event_time', 'mcc_code', 'term_id'], 'sourceB': ['event_time', 'tr_type', 'amount']}",gender/checkpoints_large_30/model_64_0.001_3_10_100_128_32_8_128epoch=08.ckpt,8,30,0.0,43.0716,3.1687,0.0012,4.473,1.2414,9.8036,0.6498,,986.9189,48.0692,268.9602,13.1001,248.6738,12.112,237.4397,11.5648,222.6118,10.8426,210.6443,10.2597,183.345,8.9301,62.5139,3.2732,17.0366,0.892,15.7516,0.8248,15.04,0.7875,14.1008,0.7383,13.3427,0.6986,11.6135,0.6081,0.0,0.0,0.0,0.0,0.0,0.0,0.0,,0.0,0.0,0.0,0.0,0.0,0.0,0.0,0.0,0.0,0.0,0.0,0.0,0.0,0.0,0.0,0.0,0.0,0.0,0.0,0.0,0.0,0.0,0.0,0.0,0.0,0.0,0.0,0.0,0.628,0.6686,0.2875
459,64,0.001,3,10,100,32,8,128,184,435241,73,30,"{'sourceA': ['event_time', 'mcc_code', 'term_id'], 'sourceB': ['event_time', 'tr_type', 'amount']}",gender/checkpoints_large_30/model_64_0.001_3_10_100_128_32_8_128epoch=09.ckpt,9,30,0.0,43.8197,3.1629,0.0011,4.52,1.2357,10.5416,0.6553,,1006.9264,49.0206,271.3739,13.2114,251.0617,12.2225,239.8037,11.6745,225.1091,10.9591,213.0746,10.3732,185.4245,9.0271,56.4593,3.0849,15.2162,0.8314,14.0773,0.7692,13.446,0.7347,12.6221,0.6897,11.9473,0.6528,10.3969,0.5681,0.0,0.0,0.0,0.0,0.0,0.0,0.0,,0.0,0.0,0.0,0.0,0.0,0.0,0.0,0.0,0.0,0.0,0.0,0.0,0.0,0.0,0.0,0.0,0.0,0.0,0.0,0.0,0.0,0.0,0.0,0.0,0.0,0.0,0.0,0.0,0.676,0.6998,0.2875
460,64,0.001,3,10,100,32,8,128,184,435241,73,30,"{'sourceA': ['event_time', 'mcc_code', 'term_id'], 'sourceB': ['event_time', 'tr_type', 'amount']}",gender/checkpoints_large_30/model_64_0.001_3_10_100_128_32_8_128epoch=10.ckpt,10,30,0.0,43.9633,3.0822,0.0011,4.5216,1.2319,10.6134,0.6591,,1011.4952,49.2332,272.1938,13.2487,251.9543,12.2635,240.7671,11.719,226.226,11.0113,214.4408,10.4376,187.1749,9.1105,56.7963,3.1238,15.2839,0.8406,14.1474,0.7781,13.5193,0.7436,12.7028,0.6986,12.041,0.6623,10.51,0.578,0.0,0.0,0.0,0.0,0.0,0.0,0.0,,0.0,0.0,0.0,0.0,0.0,0.0,0.0,0.0,0.0,0.0,0.0,0.0,0.0,0.0,0.0,0.0,0.0,0.0,0.0,0.0,0.0,0.0,0.0,0.0,0.0,0.0,0.0,0.0,0.644,0.7237,0.2875
461,64,0.001,3,10,100,32,8,128,184,435241,73,30,"{'sourceA': ['event_time', 'mcc_code', 'term_id'], 'sourceB': ['event_time', 'tr_type', 'amount']}",gender/checkpoints_large_30/model_64_0.001_3_10_100_128_32_8_128epoch=11.ckpt,11,30,0.0,44.4741,3.0583,0.0011,4.5584,1.2322,11.0683,0.659,,1027.9092,50.0354,273.7193,13.3238,253.7244,12.3505,242.7007,11.8139,228.5259,11.1239,216.9762,10.5617,189.6437,9.2313,56.2813,3.1285,14.987,0.8331,13.8922,0.7722,13.2886,0.7387,12.5125,0.6955,11.8801,0.6604,10.3836,0.5772,0.0,0.0,0.0,0.0,0.0,0.0,0.0,,0.0,0.0,0.0,0.0,0.0,0.0,0.0,0.0,0.0,0.0,0.0,0.0,0.0,0.0,0.0,0.0,0.0,0.0,0.0,0.0,0.0,0.0,0.0,0.0,0.0,0.0,0.0,0.0,0.66,0.7168,0.2875
462,64,0.001,3,10,100,32,8,128,184,435241,73,30,"{'sourceA': ['event_time', 'mcc_code', 'term_id'], 'sourceB': ['event_time', 'tr_type', 'amount']}",gender/checkpoints_large_30/model_64_0.001_3_10_100_128_32_8_128epoch=12.ckpt,12,30,0.0,44.8426,3.1355,0.001,4.5671,1.2289,10.7099,0.6623,,1030.3224,50.1315,275.2611,13.3931,255.3891,12.4262,244.4449,11.8937,230.0457,11.1931,218.3552,10.6243,191.7708,9.3308,55.007,3.0326,14.6957,0.8102,13.6348,0.7517,13.0505,0.7195,12.2817,0.6771,11.6576,0.6427,10.2383,0.5645,0.0,0.0,0.0,0.0,0.0,0.0,0.0,,0.0,0.0,0.0,0.0,0.0,0.0,0.0,0.0,0.0,0.0,0.0,0.0,0.0,0.0,0.0,0.0,0.0,0.0,0.0,0.0,0.0,0.0,0.0,0.0,0.0,0.0,0.0,0.0,0.656,0.7,0.2875
463,64,0.001,3,10,100,32,8,128,184,435241,73,30,"{'sourceA': ['event_time', 'mcc_code', 'term_id'], 'sourceB': ['event_time', 'tr_type', 'amount']}",gender/checkpoints_large_30/model_64_0.001_3_10_100_128_32_8_128epoch=13.ckpt,13,30,0.0,45.2288,3.1136,0.0011,4.5772,1.2294,11.0645,0.6621,,1045.1613,50.8605,275.9666,13.4293,256.3484,12.4746,245.4325,11.9434,231.4105,11.2611,219.762,10.6942,191.3906,9.3136,56.8262,3.1019,15.0045,0.819,13.9379,0.7608,13.3443,0.7284,12.582,0.6868,11.9486,0.6522,10.4061,0.568,0.0,0.0,0.0,0.0,0.0,0.0,0.0,,0.0,0.0,0.0,0.0,0.0,0.0,0.0,0.0,0.0,0.0,0.0,0.0,0.0,0.0,0.0,0.0,0.0,0.0,0.0,0.0,0.0,0.0,0.0,0.0,0.0,0.0,0.0,0.0,0.66,0.6966,0.2875
464,64,0.001,3,10,100,32,8,128,184,435241,73,30,"{'sourceA': ['event_time', 'mcc_code', 'term_id'], 'sourceB': ['event_time', 'tr_type', 'amount']}",gender/checkpoints_large_30/model_64_0.001_3_10_100_128_32_8_128epoch=14.ckpt,14,30,0.0,46.2008,3.0931,0.0011,4.5407,1.2408,11.6355,0.65,,1060.4829,51.6272,276.1558,13.444,256.3521,12.4799,245.5315,11.9531,231.4446,11.2674,220.0334,10.7118,191.8327,9.3389,54.0651,3.0204,14.0789,0.7865,13.0692,0.7301,12.5176,0.6993,11.7994,0.6592,11.2176,0.6267,9.7799,0.5464,0.0,0.0,0.0,0.0,0.0,0.0,0.0,,0.0,0.0,0.0,0.0,0.0,0.0,0.0,0.0,0.0,0.0,0.0,0.0,0.0,0.0,0.0,0.0,0.0,0.0,0.0,0.0,0.0,0.0,0.0,0.0,0.0,0.0,0.0,0.0,0.672,0.7114,0.2875
465,64,0.001,3,10,100,32,8,128,184,435241,73,30,"{'sourceA': ['event_time', 'mcc_code', 'term_id'], 'sourceB': ['event_time', 'tr_type', 'amount']}",gender/checkpoints_large_30/model_64_0.001_3_10_100_128_32_8_128epoch=15.ckpt,15,30,0.0,45.9585,3.1372,0.001,4.5659,1.2292,11.4109,0.6621,,1060.714,51.6387,277.3862,13.504,257.6883,12.545,246.8985,12.0198,232.896,11.3381,221.3158,10.7743,192.7352,9.3829,51.8401,2.9557,13.5567,0.7729,12.594,0.7181,12.0666,0.688,11.3823,0.649,10.8163,0.6167,9.4195,0.5371,0.0,0.0,0.0,0.0,0.0,0.0,0.0,,0.0,0.0,0.0,0.0,0.0,0.0,0.0,0.0,0.0,0.0,0.0,0.0,0.0,0.0,0.0,0.0,0.0,0.0,0.0,0.0,0.0,0.0,0.0,0.0,0.0,0.0,0.0,0.0,0.648,0.7135,0.2875
466,64,0.001,3,10,100,32,8,128,184,435241,73,30,"{'sourceA': ['event_time', 'mcc_code', 'term_id'], 'sourceB': ['event_time', 'tr_type', 'amount']}",gender/checkpoints_large_30/model_64_0.001_3_10_100_128_32_8_128epoch=16.ckpt,16,30,0.0,46.5107,3.1468,0.001,4.577,1.2339,11.7819,0.6569,,1070.2014,52.0746,277.9541,13.5249,258.5534,12.5809,247.7505,12.0552,233.7422,11.3736,222.457,10.8245,194.6984,9.4738,53.4594,2.9849,13.8845,0.7752,12.9154,0.7211,12.3758,0.691,11.676,0.6519,11.1123,0.6204,9.7257,0.543,0.0,0.0,0.0,0.0,0.0,0.0,0.0,,0.0,0.0,0.0,0.0,0.0,0.0,0.0,0.0,0.0,0.0,0.0,0.0,0.0,0.0,0.0,0.0,0.0,0.0,0.0,0.0,0.0,0.0,0.0,0.0,0.0,0.0,0.0,0.0,0.656,0.6975,0.2875
467,64,0.001,3,10,100,32,8,128,184,435241,73,30,"{'sourceA': ['event_time', 'mcc_code', 'term_id'], 'sourceB': ['event_time', 'tr_type', 'amount']}",gender/checkpoints_large_30/model_64_0.001_3_10_100_128_32_8_128epoch=17.ckpt,17,30,0.0,46.9518,3.0135,0.001,4.5839,1.2353,11.5778,0.6557,,1078.5884,52.4783,278.5198,13.5513,258.9343,12.5984,248.091,12.0708,234.2278,11.3963,222.5692,10.829,195.0569,9.4904,55.2149,3.0786,14.2579,0.795,13.2553,0.7391,12.7002,0.7081,11.9905,0.6686,11.3937,0.6353,9.9853,0.5568,0.0,0.0,0.0,0.0,0.0,0.0,0.0,,0.0,0.0,0.0,0.0,0.0,0.0,0.0,0.0,0.0,0.0,0.0,0.0,0.0,0.0,0.0,0.0,0.0,0.0,0.0,0.0,0.0,0.0,0.0,0.0,0.0,0.0,0.0,0.0,0.652,0.6984,0.2875
468,64,0.001,3,10,100,32,8,128,184,435241,73,30,"{'sourceA': ['event_time', 'mcc_code', 'term_id'], 'sourceB': ['event_time', 'tr_type', 'amount']}",gender/checkpoints_large_30/model_64_0.001_3_10_100_128_32_8_128epoch=18.ckpt,18,30,0.0,47.2563,3.1591,0.0009,4.5804,1.2315,11.0946,0.66,,1088.2836,52.9675,280.1471,13.6349,260.5428,12.6808,249.6513,12.1507,235.7189,11.4726,224.3695,10.9202,195.8655,9.5329,56.12,3.0991,14.4465,0.7978,13.4355,0.7419,12.8739,0.7109,12.1554,0.6712,11.5702,0.6389,10.1003,0.5578,0.0,0.0,0.0,0.0,0.0,0.0,0.0,,0.0,0.0,0.0,0.0,0.0,0.0,0.0,0.0,0.0,0.0,0.0,0.0,0.0,0.0,0.0,0.0,0.0,0.0,0.0,0.0,0.0,0.0,0.0,0.0,0.0,0.0,0.0,0.0,0.692,0.7206,0.2875
469,64,0.001,3,10,100,32,8,128,184,435241,73,30,"{'sourceA': ['event_time', 'mcc_code', 'term_id'], 'sourceB': ['event_time', 'tr_type', 'amount']}",gender/checkpoints_large_30/model_64_0.001_3_10_100_128_32_8_128epoch=19.ckpt,19,30,0.0,47.6396,3.0425,0.0009,4.5675,1.2329,11.2131,0.658,,1100.5232,53.5103,280.9303,13.6596,261.4826,12.714,250.9411,12.2014,237.2509,11.5358,226.0973,10.9934,198.7445,9.6635,55.0683,3.0541,14.0573,0.7796,13.0841,0.7257,12.5567,0.6964,11.8716,0.6584,11.3135,0.6275,9.9448,0.5515,0.0,0.0,0.0,0.0,0.0,0.0,0.0,,0.0,0.0,0.0,0.0,0.0,0.0,0.0,0.0,0.0,0.0,0.0,0.0,0.0,0.0,0.0,0.0,0.0,0.0,0.0,0.0,0.0,0.0,0.0,0.0,0.0,0.0,0.0,0.0,0.672,0.7273,0.2875
470,64,0.001,3,10,100,32,8,128,184,435241,73,30,"{'sourceA': ['event_time', 'mcc_code', 'term_id'], 'sourceB': ['event_time', 'tr_type', 'amount']}",gender/checkpoints_large_30/model_64_0.001_3_10_100_128_32_8_128epoch=20.ckpt,20,30,0.0,47.2936,3.0885,0.0009,4.6123,1.2278,11.3438,0.6636,,1091.8918,53.1061,281.1428,13.6739,261.7384,12.7301,250.959,12.2058,237.1034,11.5319,225.5123,10.9682,196.2687,9.5459,52.7408,2.9482,13.5798,0.7591,12.6426,0.7067,12.1219,0.6776,11.4526,0.6402,10.8927,0.6089,9.4802,0.5299,0.0,0.0,0.0,0.0,0.0,0.0,0.0,,0.0,0.0,0.0,0.0,0.0,0.0,0.0,0.0,0.0,0.0,0.0,0.0,0.0,0.0,0.0,0.0,0.0,0.0,0.0,0.0,0.0,0.0,0.0,0.0,0.0,0.0,0.0,0.0,0.68,0.7165,0.2875
471,64,0.001,3,10,100,32,8,128,184,435241,73,30,"{'sourceA': ['event_time', 'mcc_code', 'term_id'], 'sourceB': ['event_time', 'tr_type', 'amount']}",gender/checkpoints_large_30/model_64_0.001_3_10_100_128_32_8_128epoch=21.ckpt,21,30,0.0,47.359,3.067,0.0009,4.6392,1.2275,11.3827,0.664,,1099.0438,53.4641,281.9067,13.7136,262.3976,12.7646,251.6015,12.2394,237.5918,11.5579,226.0757,10.9977,196.9807,9.5823,53.4138,2.9687,13.7007,0.7615,12.7526,0.7088,12.2279,0.6796,11.547,0.6418,10.9873,0.6107,9.5733,0.5321,0.0,0.0,0.0,0.0,0.0,0.0,0.0,,0.0,0.0,0.0,0.0,0.0,0.0,0.0,0.0,0.0,0.0,0.0,0.0,0.0,0.0,0.0,0.0,0.0,0.0,0.0,0.0,0.0,0.0,0.0,0.0,0.0,0.0,0.0,0.0,0.668,0.741,0.2875
472,64,0.001,3,10,100,32,8,128,184,435241,73,30,"{'sourceA': ['event_time', 'mcc_code', 'term_id'], 'sourceB': ['event_time', 'tr_type', 'amount']}",gender/checkpoints_large_30/model_64_0.001_3_10_100_128_32_8_128epoch=22.ckpt,22,30,0.0,47.8199,3.1914,0.0009,4.604,1.2293,11.6164,0.6621,,1102.6243,53.6793,281.869,13.7223,262.5116,12.7799,251.8691,12.2618,238.1852,11.5956,226.9837,11.0503,198.4287,9.6601,53.6824,2.996,13.7231,0.7659,12.7806,0.7133,12.2625,0.6844,11.5963,0.6472,11.0509,0.6167,9.6607,0.5392,0.0,0.0,0.0,0.0,0.0,0.0,0.0,,0.0,0.0,0.0,0.0,0.0,0.0,0.0,0.0,0.0,0.0,0.0,0.0,0.0,0.0,0.0,0.0,0.0,0.0,0.0,0.0,0.0,0.0,0.0,0.0,0.0,0.0,0.0,0.0,0.684,0.7229,0.2875
473,64,0.001,3,10,100,32,8,128,184,435241,73,30,"{'sourceA': ['event_time', 'mcc_code', 'term_id'], 'sourceB': ['event_time', 'tr_type', 'amount']}",gender/checkpoints_large_30/model_64_0.001_3_10_100_128_32_8_128epoch=23.ckpt,23,30,0.0,47.3862,3.095,0.0009,4.6432,1.2219,11.3182,0.6699,,1099.1016,53.4677,281.6723,13.7024,262.3909,12.7645,251.8522,12.2518,238.0666,11.5812,226.9818,11.0419,198.5181,9.6573,52.7658,2.9421,13.5226,0.754,12.5969,0.7024,12.091,0.6742,11.4291,0.6373,10.897,0.6076,9.5305,0.5314,0.0,0.0,0.0,0.0,0.0,0.0,0.0,,0.0,0.0,0.0,0.0,0.0,0.0,0.0,0.0,0.0,0.0,0.0,0.0,0.0,0.0,0.0,0.0,0.0,0.0,0.0,0.0,0.0,0.0,0.0,0.0,0.0,0.0,0.0,0.0,0.692,0.7152,0.2875
474,64,0.001,3,10,100,32,8,128,184,435241,73,30,"{'sourceA': ['event_time', 'mcc_code', 'term_id'], 'sourceB': ['event_time', 'tr_type', 'amount']}",gender/checkpoints_large_30/model_64_0.001_3_10_100_128_32_8_128epoch=24.ckpt,24,30,0.0,47.6641,3.1752,0.0008,4.6577,1.2255,11.3743,0.6663,,1105.634,53.7983,282.8383,13.7624,263.3458,12.814,252.8156,12.3016,238.9054,11.6247,227.4495,11.0673,198.8142,9.674,52.0694,2.9036,13.3202,0.7428,12.4022,0.6916,11.9063,0.664,11.2512,0.6274,10.7116,0.5973,9.3631,0.5221,0.0,0.0,0.0,0.0,0.0,0.0,0.0,,0.0,0.0,0.0,0.0,0.0,0.0,0.0,0.0,0.0,0.0,0.0,0.0,0.0,0.0,0.0,0.0,0.0,0.0,0.0,0.0,0.0,0.0,0.0,0.0,0.0,0.0,0.0,0.0,0.676,0.7229,0.2875
475,64,0.001,3,10,100,32,8,128,184,435241,73,30,"{'sourceA': ['event_time', 'mcc_code', 'term_id'], 'sourceB': ['event_time', 'tr_type', 'amount']}",gender/checkpoints_large_30/model_64_0.001_3_10_100_128_32_8_128epoch=25.ckpt,25,30,0.0,47.8168,3.103,0.0009,4.634,1.2233,11.5414,0.669,,1106.2668,53.8549,282.7037,13.7625,263.4019,12.8228,252.7848,12.306,238.9321,11.6316,227.6453,11.0821,198.9371,9.6846,51.9021,2.9414,13.2635,0.7517,12.3579,0.7003,11.8598,0.6721,11.2098,0.6353,10.6803,0.6053,9.3334,0.5289,0.0,0.0,0.0,0.0,0.0,0.0,0.0,,0.0,0.0,0.0,0.0,0.0,0.0,0.0,0.0,0.0,0.0,0.0,0.0,0.0,0.0,0.0,0.0,0.0,0.0,0.0,0.0,0.0,0.0,0.0,0.0,0.0,0.0,0.0,0.0,0.692,0.743,0.2875
476,64,0.001,3,10,100,32,8,128,184,435241,73,30,"{'sourceA': ['event_time', 'mcc_code', 'term_id'], 'sourceB': ['event_time', 'tr_type', 'amount']}",gender/checkpoints_large_30/model_64_0.001_3_10_100_128_32_8_128epoch=26.ckpt,26,30,0.0,47.8293,3.0446,0.0008,4.648,1.2241,11.4796,0.6677,,1109.0626,53.9365,283.5425,13.7894,264.2617,12.8517,253.638,12.3351,239.63,11.6538,228.1865,11.0973,199.4416,9.6993,51.3939,2.8774,13.1393,0.7356,12.2459,0.6856,11.7536,0.658,11.1044,0.6217,10.5742,0.592,9.2421,0.5174,0.0,0.0,0.0,0.0,0.0,0.0,0.0,,0.0,0.0,0.0,0.0,0.0,0.0,0.0,0.0,0.0,0.0,0.0,0.0,0.0,0.0,0.0,0.0,0.0,0.0,0.0,0.0,0.0,0.0,0.0,0.0,0.0,0.0,0.0,0.0,0.7,0.7256,0.2875
477,64,0.001,3,10,100,32,8,128,184,435241,73,30,"{'sourceA': ['event_time', 'mcc_code', 'term_id'], 'sourceB': ['event_time', 'tr_type', 'amount']}",gender/checkpoints_large_30/model_64_0.001_3_10_100_128_32_8_128epoch=27.ckpt,27,30,0.0,48.2286,3.1239,0.0009,4.6347,1.2262,11.7494,0.6653,,1109.8983,53.9899,283.1486,13.7735,263.8123,12.8329,253.338,12.3234,239.5895,11.6546,228.4344,11.112,200.0087,9.7292,51.5853,2.9156,13.16,0.7438,12.2613,0.693,11.7745,0.6655,11.1355,0.6294,10.6171,0.6001,9.2959,0.5254,0.0,0.0,0.0,0.0,0.0,0.0,0.0,,0.0,0.0,0.0,0.0,0.0,0.0,0.0,0.0,0.0,0.0,0.0,0.0,0.0,0.0,0.0,0.0,0.0,0.0,0.0,0.0,0.0,0.0,0.0,0.0,0.0,0.0,0.0,0.0,0.676,0.7161,0.2875
478,64,0.001,3,10,100,32,8,128,184,435241,73,30,"{'sourceA': ['event_time', 'mcc_code', 'term_id'], 'sourceB': ['event_time', 'tr_type', 'amount']}",gender/checkpoints_large_30/model_64_0.001_3_10_100_128_32_8_128epoch=28.ckpt,28,30,0.0,48.242,3.1545,0.0009,4.6441,1.2275,11.7101,0.6643,,1116.9552,54.3528,283.5611,13.7985,264.3332,12.8629,253.8538,12.3529,240.1106,11.6842,228.8124,11.1344,199.8693,9.726,52.018,2.9084,13.2058,0.7384,12.3103,0.6883,11.8223,0.661,11.1822,0.6252,10.6561,0.5958,9.3082,0.5204,0.0,0.0,0.0,0.0,0.0,0.0,0.0,,0.0,0.0,0.0,0.0,0.0,0.0,0.0,0.0,0.0,0.0,0.0,0.0,0.0,0.0,0.0,0.0,0.0,0.0,0.0,0.0,0.0,0.0,0.0,0.0,0.0,0.0,0.0,0.0,0.704,0.7391,0.2875
479,64,0.001,3,10,100,32,8,128,184,435241,73,30,"{'sourceA': ['event_time', 'mcc_code', 'term_id'], 'sourceB': ['event_time', 'tr_type', 'amount']}",gender/checkpoints_large_30/model_64_0.001_3_10_100_128_32_8_128epoch=29.ckpt,29,30,0.0,47.6767,3.0571,0.0008,4.6811,1.2173,11.8644,0.6749,,1105.888,53.8096,283.3786,13.7885,264.0423,12.8476,253.4756,12.3335,239.5574,11.6562,228.3663,11.1117,199.1736,9.6913,49.7885,2.7973,12.7581,0.7168,11.8875,0.6679,11.4118,0.6411,10.7852,0.6059,10.2813,0.5776,8.9671,0.5038,0.0,0.0,0.0,0.0,0.0,0.0,0.0,,0.0,0.0,0.0,0.0,0.0,0.0,0.0,0.0,0.0,0.0,0.0,0.0,0.0,0.0,0.0,0.0,0.0,0.0,0.0,0.0,0.0,0.0,0.0,0.0,0.0,0.0,0.0,0.0,0.708,0.7241,0.2875
480,64,0.001,3,15,100,32,8,128,184,435241,73,30,"{'sourceA': ['event_time', 'mcc_code', 'term_id'], 'sourceB': ['event_time', 'tr_type', 'amount']}",gender/checkpoints_large_30/model_64_0.001_3_15_100_128_32_8_128epoch=00.ckpt,0,30,0.28420928,30.7144,3.342,0.0013,4.5919,1.3795,6.4028,0.542,,555.7622,27.7316,223.4972,11.1521,196.5709,9.8086,182.2117,9.0921,163.5679,8.1618,148.5053,7.4102,124.8687,6.2307,30.355,1.9775,12.2071,0.7953,10.7365,0.6994,9.9522,0.6484,8.9339,0.582,8.1112,0.5284,6.8202,0.4443,0.0,0.0,0.0,0.0,0.0,0.0,0.0,,0.0,0.0,0.0,0.0,0.0,0.0,0.0,0.0,0.0,0.0,0.0,0.0,0.0,0.0,0.0,0.0,0.0,0.0,0.0,0.0,0.0,0.0,0.0,0.0,0.0,0.0,0.0,0.0,0.624,0.6504,0.2875
481,64,0.001,3,15,100,32,8,128,184,435241,73,30,"{'sourceA': ['event_time', 'mcc_code', 'term_id'], 'sourceB': ['event_time', 'tr_type', 'amount']}",gender/checkpoints_large_30/model_64_0.001_3_15_100_128_32_8_128epoch=01.ckpt,1,30,0.316643,32.9657,3.3373,0.0014,4.3667,1.3818,7.2533,0.5383,,630.433,31.2069,231.6638,11.4675,206.2346,10.2088,192.3626,9.5221,174.1083,8.6185,160.1282,7.9265,134.1001,6.638,39.3705,2.2644,14.4674,0.8321,12.8793,0.7408,12.013,0.6909,10.873,0.6254,10.0,0.5752,8.3745,0.4817,0.0,0.0,0.0,0.0,0.0,0.0,0.0,,0.0,0.0,0.0,0.0,0.0,0.0,0.0,0.0,0.0,0.0,0.0,0.0,0.0,0.0,0.0,0.0,0.0,0.0,0.0,0.0,0.0,0.0,0.0,0.0,0.0,0.0,0.0,0.0,0.66,0.6689,0.2875
482,64,0.001,3,15,100,32,8,128,184,435241,73,30,"{'sourceA': ['event_time', 'mcc_code', 'term_id'], 'sourceB': ['event_time', 'tr_type', 'amount']}",gender/checkpoints_large_30/model_64_0.001_3_15_100_128_32_8_128epoch=02.ckpt,2,30,0.33534563,34.9542,3.327,0.0018,4.1476,1.3646,7.5157,0.547,,696.828,34.3649,234.9752,11.5881,210.9879,10.4051,197.7049,9.7501,181.2311,8.9376,168.4125,8.3055,144.3013,7.1164,49.0779,2.8161,16.5494,0.9496,14.86,0.8527,13.9244,0.799,12.7642,0.7324,11.8614,0.6806,10.1632,0.5832,0.0,0.0,0.0,0.0,0.0,0.0,0.0,,0.0,0.0,0.0,0.0,0.0,0.0,0.0,0.0,0.0,0.0,0.0,0.0,0.0,0.0,0.0,0.0,0.0,0.0,0.0,0.0,0.0,0.0,0.0,0.0,0.0,0.0,0.0,0.0,0.636,0.6544,0.2875
483,64,0.001,3,15,100,32,8,128,184,435241,73,30,"{'sourceA': ['event_time', 'mcc_code', 'term_id'], 'sourceB': ['event_time', 'tr_type', 'amount']}",gender/checkpoints_large_30/model_64_0.001_3_15_100_128_32_8_128epoch=03.ckpt,3,30,0.34416425,36.8617,3.3225,0.0019,4.0384,1.345,7.6035,0.5626,,766.1051,37.682,241.9703,11.9017,218.3977,10.7422,205.3527,10.1006,189.072,9.2998,176.8091,8.6966,153.4535,7.5478,56.1131,3.0993,17.723,0.9789,15.9965,0.8835,15.041,0.8308,13.8485,0.7649,12.9503,0.7153,11.2397,0.6208,0.0,0.0,0.0,0.0,0.0,0.0,0.0,,0.0,0.0,0.0,0.0,0.0,0.0,0.0,0.0,0.0,0.0,0.0,0.0,0.0,0.0,0.0,0.0,0.0,0.0,0.0,0.0,0.0,0.0,0.0,0.0,0.0,0.0,0.0,0.0,0.648,0.7109,0.2875
484,64,0.001,3,15,100,32,8,128,184,435241,73,30,"{'sourceA': ['event_time', 'mcc_code', 'term_id'], 'sourceB': ['event_time', 'tr_type', 'amount']}",gender/checkpoints_large_30/model_64_0.001_3_15_100_128_32_8_128epoch=04.ckpt,4,30,0.3604995,37.9178,3.2778,0.0017,4.0337,1.3005,8.0402,0.5983,,783.3953,38.4641,246.2447,12.0904,222.8295,10.9408,210.1311,10.3173,193.8734,9.519,181.4536,8.9092,158.3567,7.7752,56.1509,3.1159,17.6499,0.9794,15.9716,0.8863,15.0614,0.8358,13.8961,0.7711,13.0059,0.7217,11.3504,0.6298,0.0,0.0,0.0,0.0,0.0,0.0,0.0,,0.0,0.0,0.0,0.0,0.0,0.0,0.0,0.0,0.0,0.0,0.0,0.0,0.0,0.0,0.0,0.0,0.0,0.0,0.0,0.0,0.0,0.0,0.0,0.0,0.0,0.0,0.0,0.0,0.656,0.7027,0.2875
485,64,0.001,3,15,100,32,8,128,184,435241,73,30,"{'sourceA': ['event_time', 'mcc_code', 'term_id'], 'sourceB': ['event_time', 'tr_type', 'amount']}",gender/checkpoints_large_30/model_64_0.001_3_15_100_128_32_8_128epoch=05.ckpt,5,30,0.37062025,40.8063,3.2351,0.0017,4.0091,1.3122,7.9312,0.5875,,829.1564,40.5307,251.9554,12.316,229.0565,11.1967,216.0897,10.5629,199.8973,9.7714,187.7398,9.1771,165.9136,8.1102,58.9374,3.1724,17.9093,0.964,16.2816,0.8764,15.3599,0.8268,14.2089,0.7648,13.3448,0.7183,11.7933,0.6348,0.0,0.0,0.0,0.0,0.0,0.0,0.0,,0.0,0.0,0.0,0.0,0.0,0.0,0.0,0.0,0.0,0.0,0.0,0.0,0.0,0.0,0.0,0.0,0.0,0.0,0.0,0.0,0.0,0.0,0.0,0.0,0.0,0.0,0.0,0.0,0.664,0.6935,0.2875
486,64,0.001,3,15,100,32,8,128,184,435241,73,30,"{'sourceA': ['event_time', 'mcc_code', 'term_id'], 'sourceB': ['event_time', 'tr_type', 'amount']}",gender/checkpoints_large_30/model_64_0.001_3_15_100_128_32_8_128epoch=06.ckpt,6,30,0.37736747,41.6989,3.2821,0.0014,4.1023,1.2648,8.5037,0.6298,,841.7923,41.1991,258.1854,12.6361,235.4158,11.5218,222.524,10.8908,206.0969,10.0868,192.9806,9.4449,169.5985,8.3005,54.0197,2.9288,16.5684,0.8983,15.1072,0.8191,14.2799,0.7742,13.2257,0.7171,12.384,0.6714,10.8835,0.5901,0.0,0.0,0.0,0.0,0.0,0.0,0.0,,0.0,0.0,0.0,0.0,0.0,0.0,0.0,0.0,0.0,0.0,0.0,0.0,0.0,0.0,0.0,0.0,0.0,0.0,0.0,0.0,0.0,0.0,0.0,0.0,0.0,0.0,0.0,0.0,0.652,0.6893,0.2875
487,64,0.001,3,15,100,32,8,128,184,435241,73,30,"{'sourceA': ['event_time', 'mcc_code', 'term_id'], 'sourceB': ['event_time', 'tr_type', 'amount']}",gender/checkpoints_large_30/model_64_0.001_3_15_100_128_32_8_128epoch=07.ckpt,7,30,0.38731062,43.5473,3.2428,0.0013,4.1243,1.2571,8.9779,0.6366,,867.0176,42.3986,263.2858,12.8751,240.5216,11.7619,227.8095,11.1403,211.3168,10.3337,198.5842,9.7111,174.4538,8.5311,53.918,2.9418,16.3732,0.8933,14.9575,0.8161,14.167,0.773,13.1413,0.717,12.3495,0.6738,10.8489,0.5919,0.0,0.0,0.0,0.0,0.0,0.0,0.0,,0.0,0.0,0.0,0.0,0.0,0.0,0.0,0.0,0.0,0.0,0.0,0.0,0.0,0.0,0.0,0.0,0.0,0.0,0.0,0.0,0.0,0.0,0.0,0.0,0.0,0.0,0.0,0.0,0.652,0.6867,0.2875
488,64,0.001,3,15,100,32,8,128,184,435241,73,30,"{'sourceA': ['event_time', 'mcc_code', 'term_id'], 'sourceB': ['event_time', 'tr_type', 'amount']}",gender/checkpoints_large_30/model_64_0.001_3_15_100_128_32_8_128epoch=08.ckpt,8,30,0.39080256,46.3246,3.2245,0.0013,4.1151,1.2674,9.438,0.6271,,905.7017,44.2295,269.408,13.1564,246.758,12.0503,233.962,11.4254,217.5106,10.622,204.4575,9.9846,178.1999,8.7023,53.812,2.9681,16.0068,0.8829,14.6611,0.8087,13.9008,0.7667,12.9233,0.7128,12.1478,0.67,10.5877,0.584,0.0,0.0,0.0,0.0,0.0,0.0,0.0,,0.0,0.0,0.0,0.0,0.0,0.0,0.0,0.0,0.0,0.0,0.0,0.0,0.0,0.0,0.0,0.0,0.0,0.0,0.0,0.0,0.0,0.0,0.0,0.0,0.0,0.0,0.0,0.0,0.668,0.6992,0.2875
489,64,0.001,3,15,100,32,8,128,184,435241,73,30,"{'sourceA': ['event_time', 'mcc_code', 'term_id'], 'sourceB': ['event_time', 'tr_type', 'amount']}",gender/checkpoints_large_30/model_64_0.001_3_15_100_128_32_8_128epoch=09.ckpt,9,30,0.4074929,47.6605,3.2276,0.0012,4.1561,1.2571,9.7676,0.6375,,931.7412,45.5728,274.7031,13.4361,252.0896,12.3301,239.6522,11.7217,223.2578,10.9199,210.392,10.2906,183.8607,8.9929,53.6149,2.8681,15.8072,0.8456,14.5059,0.776,13.7902,0.7377,12.8469,0.6872,12.1065,0.6476,10.5798,0.566,0.0,0.0,0.0,0.0,0.0,0.0,0.0,,0.0,0.0,0.0,0.0,0.0,0.0,0.0,0.0,0.0,0.0,0.0,0.0,0.0,0.0,0.0,0.0,0.0,0.0,0.0,0.0,0.0,0.0,0.0,0.0,0.0,0.0,0.0,0.0,0.652,0.7156,0.2875
490,64,0.001,3,15,100,32,8,128,184,435241,73,30,"{'sourceA': ['event_time', 'mcc_code', 'term_id'], 'sourceB': ['event_time', 'tr_type', 'amount']}",gender/checkpoints_large_30/model_64_0.001_3_15_100_128_32_8_128epoch=10.ckpt,10,30,0.40263966,47.0831,3.1539,0.0011,4.2041,1.2408,9.988,0.6529,,924.8453,45.1443,275.8021,13.4627,253.5545,12.3767,241.2152,11.7744,224.5444,10.9606,211.3754,10.3178,183.1119,8.9382,52.527,2.8546,15.6643,0.8513,14.4007,0.7826,13.6999,0.7445,12.7531,0.6931,12.0052,0.6524,10.3999,0.5652,0.0,0.0,0.0,0.0,0.0,0.0,0.0,,0.0,0.0,0.0,0.0,0.0,0.0,0.0,0.0,0.0,0.0,0.0,0.0,0.0,0.0,0.0,0.0,0.0,0.0,0.0,0.0,0.0,0.0,0.0,0.0,0.0,0.0,0.0,0.0,0.668,0.7041,0.2875
491,64,0.001,3,15,100,32,8,128,184,435241,73,30,"{'sourceA': ['event_time', 'mcc_code', 'term_id'], 'sourceB': ['event_time', 'tr_type', 'amount']}",gender/checkpoints_large_30/model_64_0.001_3_15_100_128_32_8_128epoch=11.ckpt,11,30,0.40494794,48.1959,3.2071,0.0011,4.183,1.245,10.291,0.6481,,939.9915,45.8573,276.4503,13.4866,254.4651,12.414,242.4963,11.8301,226.3285,11.0414,213.4481,10.413,185.2234,9.0361,51.5672,2.8287,15.1659,0.8319,13.9598,0.7658,13.3032,0.7297,12.4162,0.6811,11.7096,0.6423,10.1612,0.5574,0.0,0.0,0.0,0.0,0.0,0.0,0.0,,0.0,0.0,0.0,0.0,0.0,0.0,0.0,0.0,0.0,0.0,0.0,0.0,0.0,0.0,0.0,0.0,0.0,0.0,0.0,0.0,0.0,0.0,0.0,0.0,0.0,0.0,0.0,0.0,0.676,0.6977,0.2875
492,64,0.001,3,15,100,32,8,128,184,435241,73,30,"{'sourceA': ['event_time', 'mcc_code', 'term_id'], 'sourceB': ['event_time', 'tr_type', 'amount']}",gender/checkpoints_large_30/model_64_0.001_3_15_100_128_32_8_128epoch=12.ckpt,12,30,0.4022846,48.812,3.1887,0.001,4.1792,1.2509,10.5157,0.6425,,957.9979,46.7266,277.8851,13.5539,256.3538,12.5037,244.2799,11.9148,228.0829,11.1248,215.3112,10.5019,186.6119,9.102,51.4574,2.8334,14.9262,0.8219,13.7696,0.7582,13.1211,0.7225,12.2511,0.6746,11.5651,0.6368,10.0236,0.5519,0.0,0.0,0.0,0.0,0.0,0.0,0.0,,0.0,0.0,0.0,0.0,0.0,0.0,0.0,0.0,0.0,0.0,0.0,0.0,0.0,0.0,0.0,0.0,0.0,0.0,0.0,0.0,0.0,0.0,0.0,0.0,0.0,0.0,0.0,0.0,0.696,0.7294,0.2875
493,64,0.001,3,15,100,32,8,128,184,435241,73,30,"{'sourceA': ['event_time', 'mcc_code', 'term_id'], 'sourceB': ['event_time', 'tr_type', 'amount']}",gender/checkpoints_large_30/model_64_0.001_3_15_100_128_32_8_128epoch=13.ckpt,13,30,0.40843984,48.1424,3.1972,0.0009,4.2431,1.2283,10.5874,0.6656,,952.6624,46.4958,279.9714,13.6643,258.2206,12.6028,246.0873,12.0106,229.8402,11.2176,216.7854,10.5805,187.7234,9.1621,50.1305,2.7868,14.7325,0.819,13.5879,0.7554,12.9495,0.7199,12.0945,0.6724,11.4076,0.6342,9.8783,0.5492,0.0,0.0,0.0,0.0,0.0,0.0,0.0,,0.0,0.0,0.0,0.0,0.0,0.0,0.0,0.0,0.0,0.0,0.0,0.0,0.0,0.0,0.0,0.0,0.0,0.0,0.0,0.0,0.0,0.0,0.0,0.0,0.0,0.0,0.0,0.0,0.652,0.7317,0.2875
494,64,0.001,3,15,100,32,8,128,184,435241,73,30,"{'sourceA': ['event_time', 'mcc_code', 'term_id'], 'sourceB': ['event_time', 'tr_type', 'amount']}",gender/checkpoints_large_30/model_64_0.001_3_15_100_128_32_8_128epoch=14.ckpt,14,30,0.41021547,48.5375,3.131,0.0008,4.2647,1.2267,10.6216,0.6665,,959.935,46.797,280.691,13.6837,259.0128,12.6269,246.9896,12.0408,230.7771,11.2504,217.7908,10.6173,187.2701,9.1295,49.7523,2.7738,14.5479,0.8111,13.4243,0.7484,12.8012,0.7137,11.9609,0.6669,11.2879,0.6293,9.706,0.5411,0.0,0.0,0.0,0.0,0.0,0.0,0.0,,0.0,0.0,0.0,0.0,0.0,0.0,0.0,0.0,0.0,0.0,0.0,0.0,0.0,0.0,0.0,0.0,0.0,0.0,0.0,0.0,0.0,0.0,0.0,0.0,0.0,0.0,0.0,0.0,0.668,0.7216,0.2875
495,64,0.001,3,15,100,32,8,128,184,435241,73,30,"{'sourceA': ['event_time', 'mcc_code', 'term_id'], 'sourceB': ['event_time', 'tr_type', 'amount']}",gender/checkpoints_large_30/model_64_0.001_3_15_100_128_32_8_128epoch=15.ckpt,15,30,0.40802562,49.1286,3.1584,0.0008,4.2572,1.2294,10.6291,0.6641,,970.6521,47.3278,282.1288,13.7562,260.5604,12.7046,248.3879,12.1111,232.0657,11.3152,219.0248,10.6794,188.8053,9.2059,47.1668,2.7045,13.7094,0.7861,12.6614,0.726,12.0699,0.6921,11.2767,0.6466,10.643,0.6103,9.1746,0.5261,0.0,0.0,0.0,0.0,0.0,0.0,0.0,,0.0,0.0,0.0,0.0,0.0,0.0,0.0,0.0,0.0,0.0,0.0,0.0,0.0,0.0,0.0,0.0,0.0,0.0,0.0,0.0,0.0,0.0,0.0,0.0,0.0,0.0,0.0,0.0,0.688,0.7138,0.2875
496,64,0.001,3,15,100,32,8,128,184,435241,73,30,"{'sourceA': ['event_time', 'mcc_code', 'term_id'], 'sourceB': ['event_time', 'tr_type', 'amount']}",gender/checkpoints_large_30/model_64_0.001_3_15_100_128_32_8_128epoch=16.ckpt,16,30,0.4008049,49.5546,3.1982,0.0008,4.2604,1.2298,10.9457,0.6633,,984.1714,47.9853,282.446,13.7712,260.9305,12.7222,249.0335,12.1421,233.0719,11.3639,220.4792,10.7499,190.3911,9.2829,48.7924,2.7752,14.0028,0.7964,12.9362,0.7358,12.3464,0.7022,11.555,0.6572,10.9307,0.6217,9.439,0.5369,0.0,0.0,0.0,0.0,0.0,0.0,0.0,,0.0,0.0,0.0,0.0,0.0,0.0,0.0,0.0,0.0,0.0,0.0,0.0,0.0,0.0,0.0,0.0,0.0,0.0,0.0,0.0,0.0,0.0,0.0,0.0,0.0,0.0,0.0,0.0,0.668,0.7124,0.2875
497,64,0.001,3,15,100,32,8,128,184,435241,73,30,"{'sourceA': ['event_time', 'mcc_code', 'term_id'], 'sourceB': ['event_time', 'tr_type', 'amount']}",gender/checkpoints_large_30/model_64_0.001_3_15_100_128_32_8_128epoch=17.ckpt,17,30,0.40672353,50.037,3.1786,0.0008,4.2719,1.2335,11.0874,0.6592,,995.0113,48.4662,284.0935,13.838,262.801,12.8008,250.8429,12.2184,235.3868,11.4655,222.778,10.8513,193.9472,9.447,50.1461,2.7788,14.3176,0.7934,13.2445,0.7339,12.6418,0.7005,11.8629,0.6574,11.2274,0.6222,9.7745,0.5416,0.0,0.0,0.0,0.0,0.0,0.0,0.0,,0.0,0.0,0.0,0.0,0.0,0.0,0.0,0.0,0.0,0.0,0.0,0.0,0.0,0.0,0.0,0.0,0.0,0.0,0.0,0.0,0.0,0.0,0.0,0.0,0.0,0.0,0.0,0.0,0.668,0.7263,0.2875
498,64,0.001,3,15,100,32,8,128,184,435241,73,30,"{'sourceA': ['event_time', 'mcc_code', 'term_id'], 'sourceB': ['event_time', 'tr_type', 'amount']}",gender/checkpoints_large_30/model_64_0.001_3_15_100_128_32_8_128epoch=18.ckpt,18,30,0.41210938,50.8484,3.1735,0.0009,4.2392,1.2384,11.1492,0.6542,,1003.0469,48.8876,284.4487,13.8638,263.0442,12.8205,251.1886,12.2427,235.5026,11.4782,222.8084,10.8595,192.8278,9.3983,48.3726,2.727,13.7177,0.7733,12.6855,0.7152,12.1137,0.6829,11.3573,0.6403,10.7451,0.6058,9.2992,0.5243,0.0,0.0,0.0,0.0,0.0,0.0,0.0,,0.0,0.0,0.0,0.0,0.0,0.0,0.0,0.0,0.0,0.0,0.0,0.0,0.0,0.0,0.0,0.0,0.0,0.0,0.0,0.0,0.0,0.0,0.0,0.0,0.0,0.0,0.0,0.0,0.664,0.7049,0.2875
499,64,0.001,3,15,100,32,8,128,184,435241,73,30,"{'sourceA': ['event_time', 'mcc_code', 'term_id'], 'sourceB': ['event_time', 'tr_type', 'amount']}",gender/checkpoints_large_30/model_64_0.001_3_15_100_128_32_8_128epoch=19.ckpt,19,30,0.4098012,50.7131,3.1282,0.0008,4.2859,1.2289,11.5688,0.6637,,1004.9472,48.9514,285.5541,13.9094,264.4583,12.8819,252.7915,12.3136,237.1543,11.5519,224.8939,10.9547,194.9463,9.4959,47.965,2.6989,13.6292,0.7669,12.6223,0.7102,12.0655,0.6789,11.3191,0.6369,10.7339,0.604,9.3046,0.5236,0.0,0.0,0.0,0.0,0.0,0.0,0.0,,0.0,0.0,0.0,0.0,0.0,0.0,0.0,0.0,0.0,0.0,0.0,0.0,0.0,0.0,0.0,0.0,0.0,0.0,0.0,0.0,0.0,0.0,0.0,0.0,0.0,0.0,0.0,0.0,0.688,0.7111,0.2875
500,64,0.001,3,15,100,32,8,128,184,435241,73,30,"{'sourceA': ['event_time', 'mcc_code', 'term_id'], 'sourceB': ['event_time', 'tr_type', 'amount']}",gender/checkpoints_large_30/model_64_0.001_3_15_100_128_32_8_128epoch=20.ckpt,20,30,0.40814397,51.223,3.1888,0.0009,4.2682,1.2368,11.4772,0.6558,,1016.7305,49.5398,285.9149,13.9311,264.9229,12.9083,253.0988,12.3321,237.6684,11.5803,225.4253,10.9838,195.4161,9.5216,49.4564,2.7602,13.9076,0.7762,12.8865,0.7192,12.3114,0.6871,11.5608,0.6452,10.9653,0.612,9.5055,0.5305,0.0,0.0,0.0,0.0,0.0,0.0,0.0,,0.0,0.0,0.0,0.0,0.0,0.0,0.0,0.0,0.0,0.0,0.0,0.0,0.0,0.0,0.0,0.0,0.0,0.0,0.0,0.0,0.0,0.0,0.0,0.0,0.0,0.0,0.0,0.0,0.664,0.7087,0.2875
501,64,0.001,3,15,100,32,8,128,184,435241,73,30,"{'sourceA': ['event_time', 'mcc_code', 'term_id'], 'sourceB': ['event_time', 'tr_type', 'amount']}",gender/checkpoints_large_30/model_64_0.001_3_15_100_128_32_8_128epoch=21.ckpt,21,30,0.41228694,51.0874,3.1763,0.0009,4.2814,1.2324,11.8523,0.6606,,1017.8932,49.6128,286.2803,13.9535,265.3711,12.9344,253.6145,12.3613,238.2479,11.6124,226.16,11.0232,196.613,9.5831,48.4758,2.6976,13.6337,0.7587,12.638,0.7033,12.0781,0.6721,11.3462,0.6314,10.7706,0.5994,9.3634,0.5211,0.0,0.0,0.0,0.0,0.0,0.0,0.0,,0.0,0.0,0.0,0.0,0.0,0.0,0.0,0.0,0.0,0.0,0.0,0.0,0.0,0.0,0.0,0.0,0.0,0.0,0.0,0.0,0.0,0.0,0.0,0.0,0.0,0.0,0.0,0.0,0.656,0.6966,0.2875
502,64,0.001,3,15,100,32,8,128,184,435241,73,30,"{'sourceA': ['event_time', 'mcc_code', 'term_id'], 'sourceB': ['event_time', 'tr_type', 'amount']}",gender/checkpoints_large_30/model_64_0.001_3_15_100_128_32_8_128epoch=22.ckpt,22,30,0.4131155,51.0289,3.2368,0.0008,4.2784,1.2253,12.0357,0.6686,,1016.8068,49.594,287.3674,14.0161,266.5117,12.9989,254.7448,12.425,239.3215,11.6727,227.1127,11.0773,197.1085,9.6138,47.1441,2.6453,13.3238,0.7476,12.3568,0.6934,11.8112,0.6627,11.0961,0.6226,10.5301,0.5909,9.1389,0.5128,0.0,0.0,0.0,0.0,0.0,0.0,0.0,,0.0,0.0,0.0,0.0,0.0,0.0,0.0,0.0,0.0,0.0,0.0,0.0,0.0,0.0,0.0,0.0,0.0,0.0,0.0,0.0,0.0,0.0,0.0,0.0,0.0,0.0,0.0,0.0,0.684,0.6941,0.2875
503,64,0.001,3,15,100,32,8,128,184,435241,73,30,"{'sourceA': ['event_time', 'mcc_code', 'term_id'], 'sourceB': ['event_time', 'tr_type', 'amount']}",gender/checkpoints_large_30/model_64_0.001_3_15_100_128_32_8_128epoch=23.ckpt,23,30,0.41175425,51.0247,3.175,0.0008,4.2881,1.2261,11.7586,0.6667,,1019.8245,49.6769,286.9565,13.978,266.1898,12.9664,254.318,12.3881,238.9109,11.6376,226.7046,11.0431,196.4722,9.5704,48.3272,2.7249,13.5982,0.7667,12.6142,0.7113,12.0516,0.6795,11.3215,0.6384,10.743,0.6057,9.3104,0.525,0.0,0.0,0.0,0.0,0.0,0.0,0.0,,0.0,0.0,0.0,0.0,0.0,0.0,0.0,0.0,0.0,0.0,0.0,0.0,0.0,0.0,0.0,0.0,0.0,0.0,0.0,0.0,0.0,0.0,0.0,0.0,0.0,0.0,0.0,0.0,0.68,0.7074,0.2875
504,64,0.001,3,15,100,32,8,128,184,435241,73,30,"{'sourceA': ['event_time', 'mcc_code', 'term_id'], 'sourceB': ['event_time', 'tr_type', 'amount']}",gender/checkpoints_large_30/model_64_0.001_3_15_100_128_32_8_128epoch=24.ckpt,24,30,0.4181463,51.4656,3.1873,0.0008,4.2765,1.2284,11.7307,0.6646,,1025.833,50.0175,287.2341,14.0049,266.6172,12.9997,254.7485,12.421,239.3115,11.6683,227.2075,11.0782,196.6358,9.5875,47.5866,2.6748,13.3243,0.749,12.3679,0.6952,11.8173,0.6642,11.1012,0.624,10.5398,0.5924,9.1216,0.5127,0.0,0.0,0.0,0.0,0.0,0.0,0.0,,0.0,0.0,0.0,0.0,0.0,0.0,0.0,0.0,0.0,0.0,0.0,0.0,0.0,0.0,0.0,0.0,0.0,0.0,0.0,0.0,0.0,0.0,0.0,0.0,0.0,0.0,0.0,0.0,0.664,0.6992,0.2875
505,64,0.001,3,15,100,32,8,128,184,435241,73,30,"{'sourceA': ['event_time', 'mcc_code', 'term_id'], 'sourceB': ['event_time', 'tr_type', 'amount']}",gender/checkpoints_large_30/model_64_0.001_3_15_100_128_32_8_128epoch=25.ckpt,25,30,0.41820547,51.2239,3.1959,0.0008,4.2931,1.2247,11.9394,0.6686,,1026.6284,50.0423,287.4406,14.0111,266.7145,13.0008,254.8535,12.4227,239.4797,11.6733,227.4692,11.0878,197.0966,9.6073,47.2309,2.6784,13.2239,0.7499,12.2704,0.6958,11.7247,0.6649,11.0175,0.6248,10.4649,0.5934,9.0676,0.5142,0.0,0.0,0.0,0.0,0.0,0.0,0.0,,0.0,0.0,0.0,0.0,0.0,0.0,0.0,0.0,0.0,0.0,0.0,0.0,0.0,0.0,0.0,0.0,0.0,0.0,0.0,0.0,0.0,0.0,0.0,0.0,0.0,0.0,0.0,0.0,0.652,0.6871,0.2875
506,64,0.001,3,15,100,32,8,128,184,435241,73,30,"{'sourceA': ['event_time', 'mcc_code', 'term_id'], 'sourceB': ['event_time', 'tr_type', 'amount']}",gender/checkpoints_large_30/model_64_0.001_3_15_100_128_32_8_128epoch=26.ckpt,26,30,0.4124053,51.7085,3.1915,0.0008,4.2657,1.2314,11.5684,0.6616,,1032.4008,50.3118,287.1598,13.9941,266.4237,12.9836,254.6603,12.4103,239.3032,11.6619,227.3467,11.0792,196.5223,9.5771,47.9869,2.7148,13.3474,0.7551,12.3836,0.7006,11.8368,0.6696,11.123,0.6293,10.5673,0.5978,9.1345,0.5168,0.0,0.0,0.0,0.0,0.0,0.0,0.0,,0.0,0.0,0.0,0.0,0.0,0.0,0.0,0.0,0.0,0.0,0.0,0.0,0.0,0.0,0.0,0.0,0.0,0.0,0.0,0.0,0.0,0.0,0.0,0.0,0.0,0.0,0.0,0.0,0.672,0.6985,0.2875
507,64,0.001,3,15,100,32,8,128,184,435241,73,30,"{'sourceA': ['event_time', 'mcc_code', 'term_id'], 'sourceB': ['event_time', 'tr_type', 'amount']}",gender/checkpoints_large_30/model_64_0.001_3_15_100_128_32_8_128epoch=27.ckpt,27,30,0.41098487,51.4224,3.1407,0.0008,4.2901,1.2242,11.8721,0.6689,,1032.8234,50.3375,287.9355,14.0333,267.3466,13.0299,255.597,12.4572,240.3631,11.7148,228.2845,11.1261,198.0458,9.6523,48.1397,2.7318,13.4206,0.7616,12.461,0.7071,11.9133,0.6761,11.2033,0.6358,10.6403,0.6038,9.2309,0.5238,0.0,0.0,0.0,0.0,0.0,0.0,0.0,,0.0,0.0,0.0,0.0,0.0,0.0,0.0,0.0,0.0,0.0,0.0,0.0,0.0,0.0,0.0,0.0,0.0,0.0,0.0,0.0,0.0,0.0,0.0,0.0,0.0,0.0,0.0,0.0,0.68,0.7107,0.2875
508,64,0.001,3,15,100,32,8,128,184,435241,73,30,"{'sourceA': ['event_time', 'mcc_code', 'term_id'], 'sourceB': ['event_time', 'tr_type', 'amount']}",gender/checkpoints_large_30/model_64_0.001_3_15_100_128_32_8_128epoch=28.ckpt,28,30,0.41536456,51.6795,3.1458,0.0009,4.2806,1.2269,11.6195,0.6663,,1039.4008,50.6865,288.229,14.0555,267.5015,13.0447,255.8256,12.4754,240.4538,11.7258,228.4172,11.1388,197.6403,9.638,48.4672,2.7111,13.4401,0.7518,12.4736,0.6977,11.9291,0.6673,11.2123,0.6272,10.6511,0.5958,9.216,0.5155,0.0,0.0,0.0,0.0,0.0,0.0,0.0,,0.0,0.0,0.0,0.0,0.0,0.0,0.0,0.0,0.0,0.0,0.0,0.0,0.0,0.0,0.0,0.0,0.0,0.0,0.0,0.0,0.0,0.0,0.0,0.0,0.0,0.0,0.0,0.0,0.696,0.71,0.2875
509,64,0.001,3,15,100,32,8,128,184,435241,73,30,"{'sourceA': ['event_time', 'mcc_code', 'term_id'], 'sourceB': ['event_time', 'tr_type', 'amount']}",gender/checkpoints_large_30/model_64_0.001_3_15_100_128_32_8_128epoch=29.ckpt,29,30,0.4157789,51.5911,3.2044,0.0008,4.2871,1.2249,11.785,0.6687,,1040.4879,50.7384,288.8304,14.0846,268.2588,13.0814,256.6136,12.5135,241.1227,11.7581,228.9714,11.1656,198.3239,9.6711,47.7982,2.6952,13.2684,0.7482,12.3233,0.6949,11.7884,0.6647,11.0768,0.6246,10.5185,0.5931,9.1107,0.5137,0.0,0.0,0.0,0.0,0.0,0.0,0.0,,0.0,0.0,0.0,0.0,0.0,0.0,0.0,0.0,0.0,0.0,0.0,0.0,0.0,0.0,0.0,0.0,0.0,0.0,0.0,0.0,0.0,0.0,0.0,0.0,0.0,0.0,0.0,0.0,0.668,0.7223,0.2875
510,64,0.001,3,20,100,32,8,128,184,435241,73,30,"{'sourceA': ['event_time', 'mcc_code', 'term_id'], 'sourceB': ['event_time', 'tr_type', 'amount']}",gender/checkpoints_large_30/model_64_0.001_3_20_100_128_32_8_128epoch=00.ckpt,0,30,0.29095644,30.639,3.3481,0.001,4.8223,1.3956,6.1718,0.5349,,504.688,25.238,223.9699,11.2001,196.7429,9.8385,181.7622,9.0894,161.9844,8.1004,144.6586,7.234,116.4615,5.8239,29.0215,1.8431,12.8791,0.8179,11.3135,0.7185,10.452,0.6638,9.3147,0.5916,8.3184,0.5283,6.697,0.4253,0.0,0.0,0.0,0.0,0.0,0.0,0.0,,0.0,0.0,0.0,0.0,0.0,0.0,0.0,0.0,0.0,0.0,0.0,0.0,0.0,0.0,0.0,0.0,0.0,0.0,0.0,0.0,0.0,0.0,0.0,0.0,0.0,0.0,0.0,0.0,0.54,0.5281,0.2875
511,64,0.001,3,20,100,32,8,128,184,435241,73,30,"{'sourceA': ['event_time', 'mcc_code', 'term_id'], 'sourceB': ['event_time', 'tr_type', 'amount']}",gender/checkpoints_large_30/model_64_0.001_3_20_100_128_32_8_128epoch=01.ckpt,1,30,0.3132694,32.8555,3.3352,0.0014,4.5829,1.4073,6.6024,0.5221,,567.643,28.2282,226.9224,11.2846,201.191,10.005,187.3962,9.319,168.5864,8.3836,152.4177,7.5796,124.2916,6.1809,33.9782,2.0656,13.5832,0.8258,12.043,0.7321,11.2172,0.6819,10.0913,0.6135,9.1235,0.5546,7.4399,0.4523,0.0,0.0,0.0,0.0,0.0,0.0,0.0,,0.0,0.0,0.0,0.0,0.0,0.0,0.0,0.0,0.0,0.0,0.0,0.0,0.0,0.0,0.0,0.0,0.0,0.0,0.0,0.0,0.0,0.0,0.0,0.0,0.0,0.0,0.0,0.0,0.604,0.5759,0.2875
512,64,0.001,3,20,100,32,8,128,184,435241,73,30,"{'sourceA': ['event_time', 'mcc_code', 'term_id'], 'sourceB': ['event_time', 'tr_type', 'amount']}",gender/checkpoints_large_30/model_64_0.001_3_20_100_128_32_8_128epoch=02.ckpt,2,30,0.33629265,33.6097,3.3236,0.0015,4.3996,1.3998,6.5181,0.5268,,644.3708,31.7784,229.5938,11.3229,205.4313,10.1313,192.2486,9.4811,175.1294,8.6369,160.3387,7.9074,132.0362,6.5116,42.6209,2.5102,15.1861,0.8944,13.5879,0.8003,12.716,0.7489,11.5837,0.6822,10.6054,0.6246,8.7333,0.5143,0.0,0.0,0.0,0.0,0.0,0.0,0.0,,0.0,0.0,0.0,0.0,0.0,0.0,0.0,0.0,0.0,0.0,0.0,0.0,0.0,0.0,0.0,0.0,0.0,0.0,0.0,0.0,0.0,0.0,0.0,0.0,0.0,0.0,0.0,0.0,0.592,0.5889,0.2875
513,64,0.001,3,20,100,32,8,128,184,435241,73,30,"{'sourceA': ['event_time', 'mcc_code', 'term_id'], 'sourceB': ['event_time', 'tr_type', 'amount']}",gender/checkpoints_large_30/model_64_0.001_3_20_100_128_32_8_128epoch=03.ckpt,3,30,0.35091147,34.0969,3.3239,0.0016,4.2441,1.3359,7.8715,0.5693,,697.1672,34.3075,234.9869,11.5637,212.1933,10.442,199.615,9.823,183.5333,9.0316,169.8434,8.358,142.4281,7.0089,46.8268,2.6047,15.7834,0.8779,14.2524,0.7928,13.4076,0.7458,12.3274,0.6857,11.4079,0.6346,9.5665,0.5321,0.0,0.0,0.0,0.0,0.0,0.0,0.0,,0.0,0.0,0.0,0.0,0.0,0.0,0.0,0.0,0.0,0.0,0.0,0.0,0.0,0.0,0.0,0.0,0.0,0.0,0.0,0.0,0.0,0.0,0.0,0.0,0.0,0.0,0.0,0.0,0.612,0.5862,0.2875
514,64,0.001,3,20,100,32,8,128,184,435241,73,30,"{'sourceA': ['event_time', 'mcc_code', 'term_id'], 'sourceB': ['event_time', 'tr_type', 'amount']}",gender/checkpoints_large_30/model_64_0.001_3_20_100_128_32_8_128epoch=04.ckpt,4,30,0.3664181,35.8112,3.308,0.0015,4.1914,1.3112,7.864,0.5879,,733.7358,36.0509,241.1733,11.8497,218.0449,10.7133,205.5727,10.1005,189.2999,9.3009,175.1169,8.6041,149.1634,7.3289,53.6562,2.9634,17.6364,0.9741,15.9451,0.8806,15.033,0.8303,13.843,0.7645,12.8058,0.7073,10.9079,0.6024,0.0,0.0,0.0,0.0,0.0,0.0,0.0,,0.0,0.0,0.0,0.0,0.0,0.0,0.0,0.0,0.0,0.0,0.0,0.0,0.0,0.0,0.0,0.0,0.0,0.0,0.0,0.0,0.0,0.0,0.0,0.0,0.0,0.0,0.0,0.0,0.616,0.6526,0.2875
515,64,0.001,3,20,100,32,8,128,184,435241,73,30,"{'sourceA': ['event_time', 'mcc_code', 'term_id'], 'sourceB': ['event_time', 'tr_type', 'amount']}",gender/checkpoints_large_30/model_64_0.001_3_20_100_128_32_8_128epoch=05.ckpt,5,30,0.37653884,38.8509,3.2852,0.0017,4.168,1.3312,7.5808,0.5714,,786.0847,38.4769,247.0766,12.0938,224.8571,11.0062,212.5809,10.4053,196.331,9.6099,182.7731,8.9463,156.4152,7.6561,54.4217,3.0503,17.1055,0.9587,15.5672,0.8725,14.7173,0.8249,13.5923,0.7618,12.6536,0.7092,10.8288,0.6069,0.0,0.0,0.0,0.0,0.0,0.0,0.0,,0.0,0.0,0.0,0.0,0.0,0.0,0.0,0.0,0.0,0.0,0.0,0.0,0.0,0.0,0.0,0.0,0.0,0.0,0.0,0.0,0.0,0.0,0.0,0.0,0.0,0.0,0.0,0.0,0.664,0.6723,0.2875
516,64,0.001,3,20,100,32,8,128,184,435241,73,30,"{'sourceA': ['event_time', 'mcc_code', 'term_id'], 'sourceB': ['event_time', 'tr_type', 'amount']}",gender/checkpoints_large_30/model_64_0.001_3_20_100_128_32_8_128epoch=06.ckpt,6,30,0.38387784,39.9088,3.2941,0.0016,4.2163,1.2951,8.0047,0.6009,,810.5,39.6379,253.569,12.4009,231.6069,11.3269,219.591,10.7392,203.6122,9.9578,190.3351,9.3084,161.778,7.9118,52.6811,2.8788,16.4816,0.9007,15.0541,0.8226,14.273,0.78,13.2344,0.7232,12.3715,0.6761,10.5153,0.5746,0.0,0.0,0.0,0.0,0.0,0.0,0.0,,0.0,0.0,0.0,0.0,0.0,0.0,0.0,0.0,0.0,0.0,0.0,0.0,0.0,0.0,0.0,0.0,0.0,0.0,0.0,0.0,0.0,0.0,0.0,0.0,0.0,0.0,0.0,0.0,0.644,0.6735,0.2875
517,64,0.001,3,20,100,32,8,128,184,435241,73,30,"{'sourceA': ['event_time', 'mcc_code', 'term_id'], 'sourceB': ['event_time', 'tr_type', 'amount']}",gender/checkpoints_large_30/model_64_0.001_3_20_100_128_32_8_128epoch=07.ckpt,7,30,0.39299238,41.3796,3.271,0.0015,4.2193,1.2859,8.2341,0.6092,,834.2669,40.7486,256.9367,12.5497,235.2389,11.4899,223.2749,10.9056,207.3738,10.1289,193.3758,9.4452,164.9082,8.0547,49.7613,2.7977,15.3254,0.8616,14.0312,0.7889,13.3176,0.7487,12.3692,0.6954,11.5342,0.6485,9.8362,0.553,0.0,0.0,0.0,0.0,0.0,0.0,0.0,,0.0,0.0,0.0,0.0,0.0,0.0,0.0,0.0,0.0,0.0,0.0,0.0,0.0,0.0,0.0,0.0,0.0,0.0,0.0,0.0,0.0,0.0,0.0,0.0,0.0,0.0,0.0,0.0,0.676,0.683,0.2875
518,64,0.001,3,20,100,32,8,128,184,435241,73,30,"{'sourceA': ['event_time', 'mcc_code', 'term_id'], 'sourceB': ['event_time', 'tr_type', 'amount']}",gender/checkpoints_large_30/model_64_0.001_3_20_100_128_32_8_128epoch=08.ckpt,8,30,0.40027228,42.7046,3.2228,0.0014,4.2618,1.2713,8.1474,0.6226,,854.8362,41.7246,261.7726,12.7771,240.2384,11.726,228.1967,11.1383,212.1008,10.3526,198.1322,9.6708,165.7556,8.0905,46.5375,2.6655,14.251,0.8162,13.0786,0.7491,12.4231,0.7116,11.5468,0.6614,10.7864,0.6178,9.0238,0.5169,0.0,0.0,0.0,0.0,0.0,0.0,0.0,,0.0,0.0,0.0,0.0,0.0,0.0,0.0,0.0,0.0,0.0,0.0,0.0,0.0,0.0,0.0,0.0,0.0,0.0,0.0,0.0,0.0,0.0,0.0,0.0,0.0,0.0,0.0,0.0,0.684,0.6981,0.2875
519,64,0.001,3,20,100,32,8,128,184,435241,73,30,"{'sourceA': ['event_time', 'mcc_code', 'term_id'], 'sourceB': ['event_time', 'tr_type', 'amount']}",gender/checkpoints_large_30/model_64_0.001_3_20_100_128_32_8_128epoch=09.ckpt,9,30,0.39849672,44.4596,3.289,0.0014,4.2767,1.2635,9.1489,0.6304,,884.1105,43.2008,268.2352,13.1069,246.8808,12.0635,235.1623,11.4909,219.3228,10.7169,206.0714,10.0694,174.3296,8.5184,49.3568,2.7308,14.9746,0.8285,13.7825,0.7626,13.1283,0.7264,12.244,0.6774,11.5042,0.6365,9.7322,0.5385,0.0,0.0,0.0,0.0,0.0,0.0,0.0,,0.0,0.0,0.0,0.0,0.0,0.0,0.0,0.0,0.0,0.0,0.0,0.0,0.0,0.0,0.0,0.0,0.0,0.0,0.0,0.0,0.0,0.0,0.0,0.0,0.0,0.0,0.0,0.0,0.672,0.7066,0.2875
520,64,0.001,3,20,100,32,8,128,184,435241,73,30,"{'sourceA': ['event_time', 'mcc_code', 'term_id'], 'sourceB': ['event_time', 'tr_type', 'amount']}",gender/checkpoints_large_30/model_64_0.001_3_20_100_128_32_8_128epoch=10.ckpt,10,30,0.40346825,44.4668,3.235,0.0014,4.2959,1.255,9.0861,0.6379,,894.2077,43.655,269.2994,13.1471,248.1234,12.1133,236.4743,11.5446,220.5459,10.767,207.0648,10.1089,173.4424,8.4674,48.3117,2.7643,14.5496,0.8325,13.4055,0.767,12.7761,0.731,11.9155,0.6818,11.1872,0.6401,9.3706,0.5362,0.0,0.0,0.0,0.0,0.0,0.0,0.0,,0.0,0.0,0.0,0.0,0.0,0.0,0.0,0.0,0.0,0.0,0.0,0.0,0.0,0.0,0.0,0.0,0.0,0.0,0.0,0.0,0.0,0.0,0.0,0.0,0.0,0.0,0.0,0.0,0.644,0.6994,0.2875
521,64,0.001,3,20,100,32,8,128,184,435241,73,30,"{'sourceA': ['event_time', 'mcc_code', 'term_id'], 'sourceB': ['event_time', 'tr_type', 'amount']}",gender/checkpoints_large_30/model_64_0.001_3_20_100_128_32_8_128epoch=11.ckpt,11,30,0.41169512,45.0153,3.1886,0.0014,4.3146,1.2467,9.3195,0.6462,,902.0222,44.0016,271.8486,13.2611,250.6058,12.2248,238.8699,11.6523,222.9037,10.8735,209.2226,10.2061,174.9245,8.533,48.5864,2.7634,14.6428,0.8328,13.4986,0.7678,12.8665,0.7318,12.0065,0.6829,11.2695,0.641,9.4221,0.5359,0.0,0.0,0.0,0.0,0.0,0.0,0.0,,0.0,0.0,0.0,0.0,0.0,0.0,0.0,0.0,0.0,0.0,0.0,0.0,0.0,0.0,0.0,0.0,0.0,0.0,0.0,0.0,0.0,0.0,0.0,0.0,0.0,0.0,0.0,0.0,0.684,0.6948,0.2875
522,64,0.001,3,20,100,32,8,128,184,435241,73,30,"{'sourceA': ['event_time', 'mcc_code', 'term_id'], 'sourceB': ['event_time', 'tr_type', 'amount']}",gender/checkpoints_large_30/model_64_0.001_3_20_100_128_32_8_128epoch=12.ckpt,12,30,0.4079664,45.7628,3.1423,0.0014,4.3408,1.2487,9.6438,0.6435,,911.0588,44.4048,273.7082,13.3405,252.7613,12.3195,241.3769,11.7647,225.647,10.998,212.1813,10.3417,178.3179,8.6912,46.1797,2.7018,13.8737,0.8117,12.812,0.7496,12.2349,0.7158,11.4376,0.6692,10.755,0.6292,9.0386,0.5288,0.0,0.0,0.0,0.0,0.0,0.0,0.0,,0.0,0.0,0.0,0.0,0.0,0.0,0.0,0.0,0.0,0.0,0.0,0.0,0.0,0.0,0.0,0.0,0.0,0.0,0.0,0.0,0.0,0.0,0.0,0.0,0.0,0.0,0.0,0.0,0.664,0.712,0.2875
523,64,0.001,3,20,100,32,8,128,184,435241,73,30,"{'sourceA': ['event_time', 'mcc_code', 'term_id'], 'sourceB': ['event_time', 'tr_type', 'amount']}",gender/checkpoints_large_30/model_64_0.001_3_20_100_128_32_8_128epoch=13.ckpt,13,30,0.412938,46.2717,3.1611,0.0014,4.3264,1.25,9.7192,0.6419,,931.8466,45.4443,274.3015,13.3771,253.2855,12.3522,241.7003,11.7872,226.2353,11.033,213.4858,10.4113,179.6586,8.7616,48.004,2.7796,14.1306,0.8182,13.048,0.7555,12.4512,0.721,11.6545,0.6748,10.9977,0.6368,9.2551,0.5359,0.0,0.0,0.0,0.0,0.0,0.0,0.0,,0.0,0.0,0.0,0.0,0.0,0.0,0.0,0.0,0.0,0.0,0.0,0.0,0.0,0.0,0.0,0.0,0.0,0.0,0.0,0.0,0.0,0.0,0.0,0.0,0.0,0.0,0.0,0.0,0.672,0.6986,0.2875
524,64,0.001,3,20,100,32,8,128,184,435241,73,30,"{'sourceA': ['event_time', 'mcc_code', 'term_id'], 'sourceB': ['event_time', 'tr_type', 'amount']}",gender/checkpoints_large_30/model_64_0.001_3_20_100_128_32_8_128epoch=14.ckpt,14,30,0.41252372,47.0005,3.1095,0.0014,4.3448,1.2569,9.7305,0.6351,,942.4821,45.9119,275.449,13.4182,254.9566,12.4199,243.4943,11.8615,228.1645,11.1148,215.4065,10.4933,182.6605,8.8981,47.8057,2.7331,13.9717,0.7988,12.9322,0.7393,12.3508,0.7061,11.5732,0.6617,10.9261,0.6247,9.2651,0.5297,0.0,0.0,0.0,0.0,0.0,0.0,0.0,,0.0,0.0,0.0,0.0,0.0,0.0,0.0,0.0,0.0,0.0,0.0,0.0,0.0,0.0,0.0,0.0,0.0,0.0,0.0,0.0,0.0,0.0,0.0,0.0,0.0,0.0,0.0,0.0,0.628,0.6851,0.2875
525,64,0.001,3,20,100,32,8,128,184,435241,73,30,"{'sourceA': ['event_time', 'mcc_code', 'term_id'], 'sourceB': ['event_time', 'tr_type', 'amount']}",gender/checkpoints_large_30/model_64_0.001_3_20_100_128_32_8_128epoch=15.ckpt,15,30,0.40938684,46.921,3.2059,0.0013,4.3728,1.244,10.2542,0.6482,,946.768,46.1696,277.7384,13.5441,257.0993,12.5376,245.8206,11.9876,230.3474,11.233,217.2243,10.5931,182.4369,8.8966,46.9589,2.671,13.7756,0.7836,12.7519,0.7253,12.1925,0.6935,11.425,0.6499,10.7741,0.6128,9.0487,0.5147,0.0,0.0,0.0,0.0,0.0,0.0,0.0,,0.0,0.0,0.0,0.0,0.0,0.0,0.0,0.0,0.0,0.0,0.0,0.0,0.0,0.0,0.0,0.0,0.0,0.0,0.0,0.0,0.0,0.0,0.0,0.0,0.0,0.0,0.0,0.0,0.664,0.7114,0.2875
526,64,0.001,3,20,100,32,8,128,184,435241,73,30,"{'sourceA': ['event_time', 'mcc_code', 'term_id'], 'sourceB': ['event_time', 'tr_type', 'amount']}",gender/checkpoints_large_30/model_64_0.001_3_20_100_128_32_8_128epoch=16.ckpt,16,30,0.41542375,47.0988,3.1572,0.0013,4.382,1.2371,10.2959,0.6548,,954.3705,46.5367,279.2618,13.6173,258.6645,12.6129,247.0723,12.0477,231.6021,11.2933,218.676,10.663,184.4547,8.9943,47.3792,2.6764,13.8638,0.7831,12.8413,0.7254,12.2658,0.6929,11.4978,0.6495,10.8561,0.6132,9.1572,0.5173,0.0,0.0,0.0,0.0,0.0,0.0,0.0,,0.0,0.0,0.0,0.0,0.0,0.0,0.0,0.0,0.0,0.0,0.0,0.0,0.0,0.0,0.0,0.0,0.0,0.0,0.0,0.0,0.0,0.0,0.0,0.0,0.0,0.0,0.0,0.0,0.696,0.7052,0.2875
527,64,0.001,3,20,100,32,8,128,184,435241,73,30,"{'sourceA': ['event_time', 'mcc_code', 'term_id'], 'sourceB': ['event_time', 'tr_type', 'amount']}",gender/checkpoints_large_30/model_64_0.001_3_20_100_128_32_8_128epoch=17.ckpt,17,30,0.4166667,47.6868,3.1851,0.0013,4.3807,1.2396,10.4449,0.653,,959.6716,46.7909,279.8693,13.6457,259.3677,12.646,247.9068,12.0872,232.4969,11.3359,219.3015,10.6925,185.1351,9.0267,48.7249,2.68,14.2097,0.7816,13.1687,0.7243,12.5868,0.6923,11.8044,0.6493,11.1345,0.6124,9.3998,0.517,0.0,0.0,0.0,0.0,0.0,0.0,0.0,,0.0,0.0,0.0,0.0,0.0,0.0,0.0,0.0,0.0,0.0,0.0,0.0,0.0,0.0,0.0,0.0,0.0,0.0,0.0,0.0,0.0,0.0,0.0,0.0,0.0,0.0,0.0,0.0,0.692,0.7102,0.2875
528,64,0.001,3,20,100,32,8,128,184,435241,73,30,"{'sourceA': ['event_time', 'mcc_code', 'term_id'], 'sourceB': ['event_time', 'tr_type', 'amount']}",gender/checkpoints_large_30/model_64_0.001_3_20_100_128_32_8_128epoch=18.ckpt,18,30,0.41287878,48.0225,3.1951,0.0013,4.3798,1.2398,10.0988,0.6528,,964.402,47.0252,280.4317,13.6741,260.0323,12.6794,248.7339,12.1285,233.3485,11.3783,220.2596,10.7401,185.3856,9.0396,47.2329,2.6639,13.7345,0.7746,12.7354,0.7183,12.1821,0.6871,11.4285,0.6446,10.7875,0.6084,9.0795,0.5121,0.0,0.0,0.0,0.0,0.0,0.0,0.0,,0.0,0.0,0.0,0.0,0.0,0.0,0.0,0.0,0.0,0.0,0.0,0.0,0.0,0.0,0.0,0.0,0.0,0.0,0.0,0.0,0.0,0.0,0.0,0.0,0.0,0.0,0.0,0.0,0.688,0.7166,0.2875
529,64,0.001,3,20,100,32,8,128,184,435241,73,30,"{'sourceA': ['event_time', 'mcc_code', 'term_id'], 'sourceB': ['event_time', 'tr_type', 'amount']}",gender/checkpoints_large_30/model_64_0.001_3_20_100_128_32_8_128epoch=19.ckpt,19,30,0.41992185,48.6457,3.1757,0.0013,4.3718,1.246,10.1261,0.6458,,983.212,47.9167,281.0419,13.6965,260.879,12.7139,249.5448,12.1615,234.3376,11.4204,221.3411,10.787,187.7302,9.149,48.6733,2.6842,13.9128,0.7672,12.9147,0.7122,12.3536,0.6813,11.6007,0.6397,10.9574,0.6043,9.2935,0.5125,0.0,0.0,0.0,0.0,0.0,0.0,0.0,,0.0,0.0,0.0,0.0,0.0,0.0,0.0,0.0,0.0,0.0,0.0,0.0,0.0,0.0,0.0,0.0,0.0,0.0,0.0,0.0,0.0,0.0,0.0,0.0,0.0,0.0,0.0,0.0,0.66,0.7028,0.2875
530,64,0.001,3,20,100,32,8,128,184,435241,73,30,"{'sourceA': ['event_time', 'mcc_code', 'term_id'], 'sourceB': ['event_time', 'tr_type', 'amount']}",gender/checkpoints_large_30/model_64_0.001_3_20_100_128_32_8_128epoch=20.ckpt,20,30,0.4169626,48.8338,3.2072,0.0013,4.3994,1.2483,10.6531,0.6433,,990.9464,48.2651,282.3551,13.7524,262.103,12.766,251.0238,12.2264,235.817,11.4857,223.1732,10.8699,190.1656,9.2622,48.4649,2.6825,13.8093,0.7644,12.8188,0.7095,12.277,0.6795,11.5333,0.6384,10.9149,0.6041,9.3006,0.5148,0.0,0.0,0.0,0.0,0.0,0.0,0.0,,0.0,0.0,0.0,0.0,0.0,0.0,0.0,0.0,0.0,0.0,0.0,0.0,0.0,0.0,0.0,0.0,0.0,0.0,0.0,0.0,0.0,0.0,0.0,0.0,0.0,0.0,0.0,0.0,0.676,0.7183,0.2875
531,64,0.001,3,20,100,32,8,128,184,435241,73,30,"{'sourceA': ['event_time', 'mcc_code', 'term_id'], 'sourceB': ['event_time', 'tr_type', 'amount']}",gender/checkpoints_large_30/model_64_0.001_3_20_100_128_32_8_128epoch=21.ckpt,21,30,0.41613406,48.9017,3.2215,0.0013,4.3766,1.2443,10.7123,0.6475,,991.1342,48.3038,282.5069,13.7682,262.259,12.7814,250.8982,12.2277,235.9273,11.4981,223.1497,10.8754,190.2747,9.2732,47.906,2.6643,13.6548,0.7594,12.6762,0.705,12.127,0.6744,11.4034,0.6342,10.7858,0.5999,9.1968,0.5115,0.0,0.0,0.0,0.0,0.0,0.0,0.0,,0.0,0.0,0.0,0.0,0.0,0.0,0.0,0.0,0.0,0.0,0.0,0.0,0.0,0.0,0.0,0.0,0.0,0.0,0.0,0.0,0.0,0.0,0.0,0.0,0.0,0.0,0.0,0.0,0.672,0.6837,0.2875
532,64,0.001,3,20,100,32,8,128,184,435241,73,30,"{'sourceA': ['event_time', 'mcc_code', 'term_id'], 'sourceB': ['event_time', 'tr_type', 'amount']}",gender/checkpoints_large_30/model_64_0.001_3_20_100_128_32_8_128epoch=22.ckpt,22,30,0.42128307,49.163,3.1951,0.0013,4.3798,1.2463,10.7327,0.6453,,998.3452,48.6325,282.7146,13.7719,262.6866,12.7963,251.3342,12.2433,236.232,11.5076,223.5146,10.8881,190.5279,9.2812,48.199,2.6648,13.6492,0.7546,12.6822,0.7012,12.1341,0.6709,11.405,0.6306,10.791,0.5966,9.1985,0.5086,0.0,0.0,0.0,0.0,0.0,0.0,0.0,,0.0,0.0,0.0,0.0,0.0,0.0,0.0,0.0,0.0,0.0,0.0,0.0,0.0,0.0,0.0,0.0,0.0,0.0,0.0,0.0,0.0,0.0,0.0,0.0,0.0,0.0,0.0,0.0,0.664,0.7045,0.2875
533,64,0.001,3,20,100,32,8,128,184,435241,73,30,"{'sourceA': ['event_time', 'mcc_code', 'term_id'], 'sourceB': ['event_time', 'tr_type', 'amount']}",gender/checkpoints_large_30/model_64_0.001_3_20_100_128_32_8_128epoch=23.ckpt,23,30,0.42039537,49.6107,3.2005,0.0013,4.3908,1.2534,10.8419,0.6386,,1007.508,49.0913,283.4347,13.8105,263.6202,12.845,252.3724,12.297,237.3338,11.5642,224.6416,10.9458,191.8468,9.3478,49.6026,2.7098,13.9543,0.7623,12.9788,0.709,12.425,0.6788,11.6846,0.6383,11.0598,0.6042,9.4452,0.516,0.0,0.0,0.0,0.0,0.0,0.0,0.0,,0.0,0.0,0.0,0.0,0.0,0.0,0.0,0.0,0.0,0.0,0.0,0.0,0.0,0.0,0.0,0.0,0.0,0.0,0.0,0.0,0.0,0.0,0.0,0.0,0.0,0.0,0.0,0.0,0.672,0.7274,0.2875
534,64,0.001,3,20,100,32,8,128,184,435241,73,30,"{'sourceA': ['event_time', 'mcc_code', 'term_id'], 'sourceB': ['event_time', 'tr_type', 'amount']}",gender/checkpoints_large_30/model_64_0.001_3_20_100_128_32_8_128epoch=24.ckpt,24,30,0.4182647,49.0635,3.1947,0.0012,4.3953,1.2404,10.6556,0.6518,,997.0743,48.5829,282.8653,13.7828,262.8929,12.8096,251.6093,12.2598,236.4701,11.5221,223.3158,10.8812,189.867,9.2514,46.8538,2.6401,13.2922,0.749,12.3537,0.6961,11.8234,0.6662,11.112,0.6261,10.4939,0.5913,8.9221,0.5027,0.0,0.0,0.0,0.0,0.0,0.0,0.0,,0.0,0.0,0.0,0.0,0.0,0.0,0.0,0.0,0.0,0.0,0.0,0.0,0.0,0.0,0.0,0.0,0.0,0.0,0.0,0.0,0.0,0.0,0.0,0.0,0.0,0.0,0.0,0.0,0.652,0.6967,0.2875
535,64,0.001,3,20,100,32,8,128,184,435241,73,30,"{'sourceA': ['event_time', 'mcc_code', 'term_id'], 'sourceB': ['event_time', 'tr_type', 'amount']}",gender/checkpoints_large_30/model_64_0.001_3_20_100_128_32_8_128epoch=25.ckpt,25,30,0.42246684,49.4272,3.2415,0.0012,4.3894,1.2431,10.8538,0.649,,1003.6748,48.9012,283.6786,13.8214,263.6685,12.8465,252.4237,12.2986,237.3196,11.5627,224.3639,10.9315,190.9726,9.3046,47.9671,2.662,13.5574,0.7524,12.6011,0.6993,12.0637,0.6695,11.3418,0.6294,10.7227,0.5951,9.1269,0.5065,0.0,0.0,0.0,0.0,0.0,0.0,0.0,,0.0,0.0,0.0,0.0,0.0,0.0,0.0,0.0,0.0,0.0,0.0,0.0,0.0,0.0,0.0,0.0,0.0,0.0,0.0,0.0,0.0,0.0,0.0,0.0,0.0,0.0,0.0,0.0,0.672,0.7226,0.2875
536,64,0.001,3,20,100,32,8,128,184,435241,73,30,"{'sourceA': ['event_time', 'mcc_code', 'term_id'], 'sourceB': ['event_time', 'tr_type', 'amount']}",gender/checkpoints_large_30/model_64_0.001_3_20_100_128_32_8_128epoch=26.ckpt,26,30,0.4197443,49.7989,3.1529,0.0013,4.3825,1.2491,10.8597,0.6426,,1013.4852,49.3579,283.6967,13.8164,263.8079,12.8477,252.6583,12.3047,237.6942,11.576,224.8726,10.9516,192.5141,9.3757,49.4522,2.7036,13.8428,0.7568,12.8723,0.7037,12.3283,0.674,11.5981,0.6341,10.9725,0.5999,9.3936,0.5136,0.0,0.0,0.0,0.0,0.0,0.0,0.0,,0.0,0.0,0.0,0.0,0.0,0.0,0.0,0.0,0.0,0.0,0.0,0.0,0.0,0.0,0.0,0.0,0.0,0.0,0.0,0.0,0.0,0.0,0.0,0.0,0.0,0.0,0.0,0.0,0.672,0.7222,0.2875
537,64,0.001,3,20,100,32,8,128,184,435241,73,30,"{'sourceA': ['event_time', 'mcc_code', 'term_id'], 'sourceB': ['event_time', 'tr_type', 'amount']}",gender/checkpoints_large_30/model_64_0.001_3_20_100_128_32_8_128epoch=27.ckpt,27,30,0.42424247,49.6001,3.1326,0.0012,4.3981,1.2431,11.0921,0.6485,,1010.2394,49.1916,284.1831,13.8377,264.292,12.8692,253.0003,12.3193,238.032,11.5905,225.0196,10.9569,192.4315,9.3701,49.0727,2.7062,13.8043,0.7613,12.8381,0.708,12.2896,0.6777,11.5625,0.6376,10.9304,0.6028,9.3474,0.5155,0.0,0.0,0.0,0.0,0.0,0.0,0.0,,0.0,0.0,0.0,0.0,0.0,0.0,0.0,0.0,0.0,0.0,0.0,0.0,0.0,0.0,0.0,0.0,0.0,0.0,0.0,0.0,0.0,0.0,0.0,0.0,0.0,0.0,0.0,0.0,0.68,0.6943,0.2875
538,64,0.001,3,20,100,32,8,128,184,435241,73,30,"{'sourceA': ['event_time', 'mcc_code', 'term_id'], 'sourceB': ['event_time', 'tr_type', 'amount']}",gender/checkpoints_large_30/model_64_0.001_3_20_100_128_32_8_128epoch=28.ckpt,28,30,0.42045453,49.5757,3.0683,0.0012,4.4042,1.2404,11.0215,0.6513,,1010.7165,49.2007,284.7293,13.8603,265.0081,12.9003,253.6781,12.3488,238.5606,11.6129,225.6154,10.9827,193.037,9.3968,48.0279,2.6478,13.53,0.7459,12.5928,0.6942,12.0544,0.6646,11.3361,0.625,10.7209,0.591,9.1729,0.5057,0.0,0.0,0.0,0.0,0.0,0.0,0.0,,0.0,0.0,0.0,0.0,0.0,0.0,0.0,0.0,0.0,0.0,0.0,0.0,0.0,0.0,0.0,0.0,0.0,0.0,0.0,0.0,0.0,0.0,0.0,0.0,0.0,0.0,0.0,0.0,0.672,0.7328,0.2875
539,64,0.001,3,20,100,32,8,128,184,435241,73,30,"{'sourceA': ['event_time', 'mcc_code', 'term_id'], 'sourceB': ['event_time', 'tr_type', 'amount']}",gender/checkpoints_large_30/model_64_0.001_3_20_100_128_32_8_128epoch=29.ckpt,29,30,0.41796878,49.9526,3.1343,0.0012,4.3913,1.2449,10.9315,0.6471,,1014.3349,49.3999,284.6053,13.8608,264.8458,12.8985,253.5703,12.3493,238.5675,11.6187,225.7052,10.9922,193.6069,9.429,47.9772,2.6462,13.4616,0.7425,12.527,0.6909,11.9937,0.6615,11.284,0.6224,10.6757,0.5888,9.1574,0.5051,0.0,0.0,0.0,0.0,0.0,0.0,0.0,,0.0,0.0,0.0,0.0,0.0,0.0,0.0,0.0,0.0,0.0,0.0,0.0,0.0,0.0,0.0,0.0,0.0,0.0,0.0,0.0,0.0,0.0,0.0,0.0,0.0,0.0,0.0,0.0,0.688,0.7369,0.2875
540,64,0.001,3,10,60,32,8,128,184,435241,73,30,"{'sourceA': ['event_time', 'mcc_code', 'term_id'], 'sourceB': ['event_time', 'tr_type', 'amount']}",gender/checkpoints_large_30/model_64_0.001_3_10_60_128_32_8_128epoch=00.ckpt,0,30,0.22017045,30.892,3.3498,0.001,4.8145,1.2583,6.2646,0.6419,,480.649,23.9897,238.6362,11.9106,209.2817,10.4455,193.2254,9.6441,171.9848,8.5839,154.427,7.7076,117.1644,5.8478,24.255,1.4952,12.0423,0.7423,10.561,0.651,9.7508,0.6011,8.6789,0.535,7.7929,0.4804,5.9125,0.3645,0.0,0.0,0.0,0.0,0.0,0.0,0.0,,0.0,0.0,0.0,0.0,0.0,0.0,0.0,0.0,0.0,0.0,0.0,0.0,0.0,0.0,0.0,0.0,0.0,0.0,0.0,0.0,0.0,0.0,0.0,0.0,0.0,0.0,0.0,0.0,0.596,0.5786,0.2875
541,64,0.001,3,10,60,32,8,128,184,435241,73,30,"{'sourceA': ['event_time', 'mcc_code', 'term_id'], 'sourceB': ['event_time', 'tr_type', 'amount']}",gender/checkpoints_large_30/model_64_0.001_3_10_60_128_32_8_128epoch=01.ckpt,1,30,0.24733664,34.9564,3.3324,0.0014,4.4992,1.293,7.576,0.6088,,582.3798,28.8011,240.1948,11.8786,213.5818,10.5625,199.4408,9.8632,180.6743,8.9351,165.9245,8.2057,136.3588,6.7435,29.1361,1.8359,12.0168,0.7572,10.6854,0.6733,9.9779,0.6287,9.039,0.5696,8.3011,0.5231,6.822,0.4299,0.0,0.0,0.0,0.0,0.0,0.0,0.0,,0.0,0.0,0.0,0.0,0.0,0.0,0.0,0.0,0.0,0.0,0.0,0.0,0.0,0.0,0.0,0.0,0.0,0.0,0.0,0.0,0.0,0.0,0.0,0.0,0.0,0.0,0.0,0.0,0.616,0.5956,0.2875
542,64,0.001,3,10,60,32,8,128,184,435241,73,30,"{'sourceA': ['event_time', 'mcc_code', 'term_id'], 'sourceB': ['event_time', 'tr_type', 'amount']}",gender/checkpoints_large_30/model_64_0.001_3_10_60_128_32_8_128epoch=02.ckpt,2,30,0.2584635,39.5309,3.3084,0.0019,4.2267,1.3028,8.188,0.5987,,654.6256,32.2479,248.9039,12.2614,223.0048,10.9856,209.1558,10.3033,191.3621,9.4268,177.7038,8.754,153.6723,7.5701,35.6704,2.159,13.5627,0.8209,12.1515,0.7355,11.3969,0.6898,10.4273,0.6311,9.683,0.5861,8.3736,0.5068,0.0,0.0,0.0,0.0,0.0,0.0,0.0,,0.0,0.0,0.0,0.0,0.0,0.0,0.0,0.0,0.0,0.0,0.0,0.0,0.0,0.0,0.0,0.0,0.0,0.0,0.0,0.0,0.0,0.0,0.0,0.0,0.0,0.0,0.0,0.0,0.652,0.6411,0.2875
543,64,0.001,3,10,60,32,8,128,184,435241,73,30,"{'sourceA': ['event_time', 'mcc_code', 'term_id'], 'sourceB': ['event_time', 'tr_type', 'amount']}",gender/checkpoints_large_30/model_64_0.001_3_10_60_128_32_8_128epoch=03.ckpt,3,30,0.28497872,41.0533,3.2487,0.002,4.0562,1.2632,8.2051,0.6316,,710.2288,34.793,254.1772,12.4517,229.7296,11.2541,216.3737,10.5998,199.192,9.7581,185.7616,9.1002,162.4531,7.9583,38.5718,2.2231,13.8041,0.7956,12.4764,0.7191,11.751,0.6773,10.8179,0.6235,10.0885,0.5815,8.8227,0.5085,0.0,0.0,0.0,0.0,0.0,0.0,0.0,,0.0,0.0,0.0,0.0,0.0,0.0,0.0,0.0,0.0,0.0,0.0,0.0,0.0,0.0,0.0,0.0,0.0,0.0,0.0,0.0,0.0,0.0,0.0,0.0,0.0,0.0,0.0,0.0,0.648,0.6905,0.2875
544,64,0.001,3,10,60,32,8,128,184,435241,73,30,"{'sourceA': ['event_time', 'mcc_code', 'term_id'], 'sourceB': ['event_time', 'tr_type', 'amount']}",gender/checkpoints_large_30/model_64_0.001_3_10_60_128_32_8_128epoch=04.ckpt,4,30,0.29941997,42.8171,3.1924,0.002,4.0074,1.2369,8.6627,0.6563,,765.7196,37.4606,260.86,12.7618,237.6561,11.6266,224.7437,10.9949,207.9366,10.1727,194.3586,9.5084,170.9538,8.3634,40.9846,2.4387,13.9623,0.8308,12.7204,0.7569,12.0292,0.7158,11.1297,0.6623,10.4029,0.619,9.1502,0.5445,0.0,0.0,0.0,0.0,0.0,0.0,0.0,,0.0,0.0,0.0,0.0,0.0,0.0,0.0,0.0,0.0,0.0,0.0,0.0,0.0,0.0,0.0,0.0,0.0,0.0,0.0,0.0,0.0,0.0,0.0,0.0,0.0,0.0,0.0,0.0,0.656,0.6815,0.2875
545,64,0.001,3,10,60,32,8,128,184,435241,73,30,"{'sourceA': ['event_time', 'mcc_code', 'term_id'], 'sourceB': ['event_time', 'tr_type', 'amount']}",gender/checkpoints_large_30/model_64_0.001_3_10_60_128_32_8_128epoch=05.ckpt,5,30,0.3084162,44.9048,3.2027,0.002,3.9956,1.2282,8.5765,0.6649,,832.5914,40.6662,268.2308,13.1012,246.0051,12.0156,233.4353,11.4017,216.8333,10.5908,202.929,9.9116,178.2889,8.7082,43.0507,2.4536,13.8694,0.7905,12.7202,0.725,12.0702,0.6879,11.2118,0.639,10.4928,0.598,9.2188,0.5254,0.0,0.0,0.0,0.0,0.0,0.0,0.0,,0.0,0.0,0.0,0.0,0.0,0.0,0.0,0.0,0.0,0.0,0.0,0.0,0.0,0.0,0.0,0.0,0.0,0.0,0.0,0.0,0.0,0.0,0.0,0.0,0.0,0.0,0.0,0.0,0.668,0.6884,0.2875
546,64,0.001,3,10,60,32,8,128,184,435241,73,30,"{'sourceA': ['event_time', 'mcc_code', 'term_id'], 'sourceB': ['event_time', 'tr_type', 'amount']}",gender/checkpoints_large_30/model_64_0.001_3_10_60_128_32_8_128epoch=06.ckpt,6,30,0.3164654,46.887,3.2161,0.0018,4.0141,1.2249,10.116,0.668,,883.0026,43.1116,277.0531,13.5268,255.4854,12.4738,243.2863,11.8782,226.6336,11.0651,212.4441,10.3723,187.0707,9.1335,42.8833,2.4568,13.4552,0.7709,12.4077,0.7109,11.8153,0.6769,11.0065,0.6306,10.3174,0.5911,9.0852,0.5205,0.0,0.0,0.0,0.0,0.0,0.0,0.0,,0.0,0.0,0.0,0.0,0.0,0.0,0.0,0.0,0.0,0.0,0.0,0.0,0.0,0.0,0.0,0.0,0.0,0.0,0.0,0.0,0.0,0.0,0.0,0.0,0.0,0.0,0.0,0.0,0.684,0.6996,0.2875
547,64,0.001,3,10,60,32,8,128,184,435241,73,30,"{'sourceA': ['event_time', 'mcc_code', 'term_id'], 'sourceB': ['event_time', 'tr_type', 'amount']}",gender/checkpoints_large_30/model_64_0.001_3_10_60_128_32_8_128epoch=07.ckpt,7,30,0.32711887,48.3989,3.1354,0.0015,4.0917,1.227,10.4381,0.6647,,938.3615,45.7267,282.0088,13.7424,261.1709,12.727,249.1257,12.14,232.9123,11.3499,218.6358,10.6542,193.5834,9.4334,42.5628,2.4435,12.7915,0.7344,11.8464,0.6801,11.3,0.6487,10.5646,0.6065,9.917,0.5693,8.7807,0.5041,0.0,0.0,0.0,0.0,0.0,0.0,0.0,,0.0,0.0,0.0,0.0,0.0,0.0,0.0,0.0,0.0,0.0,0.0,0.0,0.0,0.0,0.0,0.0,0.0,0.0,0.0,0.0,0.0,0.0,0.0,0.0,0.0,0.0,0.0,0.0,0.684,0.6993,0.2875
548,64,0.001,3,10,60,32,8,128,184,435241,73,30,"{'sourceA': ['event_time', 'mcc_code', 'term_id'], 'sourceB': ['event_time', 'tr_type', 'amount']}",gender/checkpoints_large_30/model_64_0.001_3_10_60_128_32_8_128epoch=08.ckpt,8,30,0.33712122,49.3447,3.1037,0.0014,4.1247,1.2226,11.31,0.6694,,975.4841,47.5222,284.8518,13.877,264.1792,12.8699,252.3169,12.292,236.1152,11.5027,222.2713,10.8283,197.9553,9.6437,46.4323,2.6181,13.5587,0.7645,12.5747,0.709,12.0101,0.6772,11.2389,0.6337,10.5799,0.5966,9.4225,0.5313,0.0,0.0,0.0,0.0,0.0,0.0,0.0,,0.0,0.0,0.0,0.0,0.0,0.0,0.0,0.0,0.0,0.0,0.0,0.0,0.0,0.0,0.0,0.0,0.0,0.0,0.0,0.0,0.0,0.0,0.0,0.0,0.0,0.0,0.0,0.0,0.656,0.7051,0.2875
549,64,0.001,3,10,60,32,8,128,184,435241,73,30,"{'sourceA': ['event_time', 'mcc_code', 'term_id'], 'sourceB': ['event_time', 'tr_type', 'amount']}",gender/checkpoints_large_30/model_64_0.001_3_10_60_128_32_8_128epoch=09.ckpt,9,30,0.34025806,50.6074,3.1012,0.0013,4.1387,1.2193,12.5989,0.6727,,1004.4317,48.9373,288.7771,14.0696,268.3837,13.076,256.6075,12.5023,240.3454,11.71,227.2721,11.073,201.7182,9.828,47.6392,2.616,13.6964,0.7521,12.7292,0.699,12.1706,0.6683,11.3994,0.626,10.7793,0.5919,9.5673,0.5254,0.0,0.0,0.0,0.0,0.0,0.0,0.0,,0.0,0.0,0.0,0.0,0.0,0.0,0.0,0.0,0.0,0.0,0.0,0.0,0.0,0.0,0.0,0.0,0.0,0.0,0.0,0.0,0.0,0.0,0.0,0.0,0.0,0.0,0.0,0.0,0.68,0.7134,0.2875
550,64,0.001,3,10,60,32,8,128,184,435241,73,30,"{'sourceA': ['event_time', 'mcc_code', 'term_id'], 'sourceB': ['event_time', 'tr_type', 'amount']}",gender/checkpoints_large_30/model_64_0.001_3_10_60_128_32_8_128epoch=10.ckpt,10,30,0.3380682,50.0304,3.0904,0.0012,4.1934,1.2086,12.4225,0.6841,,999.8857,48.6912,288.5222,14.0501,268.4874,13.0745,256.9159,12.511,240.9585,11.7339,227.4654,11.0768,201.6563,9.82,44.297,2.4899,12.7821,0.7185,11.8946,0.6686,11.3819,0.6398,10.675,0.6,10.0772,0.5664,8.9338,0.5022,0.0,0.0,0.0,0.0,0.0,0.0,0.0,,0.0,0.0,0.0,0.0,0.0,0.0,0.0,0.0,0.0,0.0,0.0,0.0,0.0,0.0,0.0,0.0,0.0,0.0,0.0,0.0,0.0,0.0,0.0,0.0,0.0,0.0,0.0,0.0,0.628,0.6964,0.2875
551,64,0.001,3,10,60,32,8,128,184,435241,73,30,"{'sourceA': ['event_time', 'mcc_code', 'term_id'], 'sourceB': ['event_time', 'tr_type', 'amount']}",gender/checkpoints_large_30/model_64_0.001_3_10_60_128_32_8_128epoch=11.ckpt,11,30,0.34883997,50.1704,3.1427,0.0011,4.1926,1.2022,12.2796,0.6914,,1011.1555,49.2489,290.2172,14.1352,270.1594,13.1583,258.7651,12.6033,242.7626,11.8239,228.81,11.1443,201.6117,9.8196,44.8518,2.4871,12.8732,0.7138,11.9835,0.6645,11.478,0.6365,10.7682,0.5971,10.1493,0.5628,8.9429,0.4959,0.0,0.0,0.0,0.0,0.0,0.0,0.0,,0.0,0.0,0.0,0.0,0.0,0.0,0.0,0.0,0.0,0.0,0.0,0.0,0.0,0.0,0.0,0.0,0.0,0.0,0.0,0.0,0.0,0.0,0.0,0.0,0.0,0.0,0.0,0.0,0.684,0.7205,0.2875
552,64,0.001,3,10,60,32,8,128,184,435241,73,30,"{'sourceA': ['event_time', 'mcc_code', 'term_id'], 'sourceB': ['event_time', 'tr_type', 'amount']}",gender/checkpoints_large_30/model_64_0.001_3_10_60_128_32_8_128epoch=12.ckpt,12,30,0.35174006,50.5274,3.0893,0.0011,4.2245,1.2047,12.6037,0.6882,,1023.5548,49.8232,290.7303,14.1518,270.8628,13.1847,259.5771,12.6353,243.6461,11.8599,229.7477,11.1833,201.5536,9.811,46.9931,2.5962,13.3479,0.7374,12.4358,0.687,11.9176,0.6584,11.1862,0.618,10.5481,0.5827,9.2537,0.5112,0.0,0.0,0.0,0.0,0.0,0.0,0.0,,0.0,0.0,0.0,0.0,0.0,0.0,0.0,0.0,0.0,0.0,0.0,0.0,0.0,0.0,0.0,0.0,0.0,0.0,0.0,0.0,0.0,0.0,0.0,0.0,0.0,0.0,0.0,0.0,0.648,0.6975,0.2875
553,64,0.001,3,10,60,32,8,128,184,435241,73,30,"{'sourceA': ['event_time', 'mcc_code', 'term_id'], 'sourceB': ['event_time', 'tr_type', 'amount']}",gender/checkpoints_large_30/model_64_0.001_3_10_60_128_32_8_128epoch=13.ckpt,13,30,0.35079306,50.7401,3.0985,0.0011,4.2632,1.1999,12.7421,0.6939,,1035.3052,50.4049,291.9101,14.2119,272.1038,13.2477,260.8193,12.6983,244.6491,11.911,230.8878,11.241,202.0839,9.8387,43.968,2.4639,12.397,0.6947,11.5559,0.6476,11.0766,0.6207,10.3899,0.5822,9.8055,0.5495,8.5822,0.4809,0.0,0.0,0.0,0.0,0.0,0.0,0.0,,0.0,0.0,0.0,0.0,0.0,0.0,0.0,0.0,0.0,0.0,0.0,0.0,0.0,0.0,0.0,0.0,0.0,0.0,0.0,0.0,0.0,0.0,0.0,0.0,0.0,0.0,0.0,0.0,0.684,0.7089,0.2875
554,64,0.001,3,10,60,32,8,128,184,435241,73,30,"{'sourceA': ['event_time', 'mcc_code', 'term_id'], 'sourceB': ['event_time', 'tr_type', 'amount']}",gender/checkpoints_large_30/model_64_0.001_3_10_60_128_32_8_128epoch=14.ckpt,14,30,0.35428503,51.4647,3.03,0.0011,4.2344,1.2059,13.2936,0.6871,,1050.6322,51.1348,292.804,14.2509,273.0298,13.2885,261.8781,12.7457,246.0109,11.9735,232.8234,11.3316,204.442,9.9503,46.8897,2.5792,13.0678,0.7188,12.1853,0.6703,11.6876,0.6429,10.9795,0.6039,10.3909,0.5716,9.1242,0.5019,0.0,0.0,0.0,0.0,0.0,0.0,0.0,,0.0,0.0,0.0,0.0,0.0,0.0,0.0,0.0,0.0,0.0,0.0,0.0,0.0,0.0,0.0,0.0,0.0,0.0,0.0,0.0,0.0,0.0,0.0,0.0,0.0,0.0,0.0,0.0,0.664,0.7096,0.2875
555,64,0.001,3,10,60,32,8,128,184,435241,73,30,"{'sourceA': ['event_time', 'mcc_code', 'term_id'], 'sourceB': ['event_time', 'tr_type', 'amount']}",gender/checkpoints_large_30/model_64_0.001_3_10_60_128_32_8_128epoch=15.ckpt,15,30,0.3495502,51.2489,3.1058,0.001,4.2931,1.1975,13.0464,0.6965,,1056.2706,51.4129,293.7783,14.2994,274.128,13.3429,262.966,12.7996,246.9942,12.0222,233.0171,11.3419,205.0417,9.9802,45.8498,2.5372,12.7521,0.7057,11.8991,0.6585,11.4146,0.6317,10.7213,0.5933,10.1146,0.5597,8.9003,0.4925,0.0,0.0,0.0,0.0,0.0,0.0,0.0,,0.0,0.0,0.0,0.0,0.0,0.0,0.0,0.0,0.0,0.0,0.0,0.0,0.0,0.0,0.0,0.0,0.0,0.0,0.0,0.0,0.0,0.0,0.0,0.0,0.0,0.0,0.0,0.0,0.704,0.7186,0.2875
556,64,0.001,3,10,60,32,8,128,184,435241,73,30,"{'sourceA': ['event_time', 'mcc_code', 'term_id'], 'sourceB': ['event_time', 'tr_type', 'amount']}",gender/checkpoints_large_30/model_64_0.001_3_10_60_128_32_8_128epoch=16.ckpt,16,30,0.35582384,51.6194,2.9277,0.001,4.2973,1.2003,12.8275,0.6934,,1068.1738,51.9757,294.7894,14.344,275.3825,13.3997,264.5348,12.8719,249.0356,12.1177,235.9868,11.4828,206.594,10.0525,48.9007,2.6858,13.4954,0.7412,12.6069,0.6924,12.1103,0.6651,11.4008,0.6262,10.8034,0.5934,9.4578,0.5194,0.0,0.0,0.0,0.0,0.0,0.0,0.0,,0.0,0.0,0.0,0.0,0.0,0.0,0.0,0.0,0.0,0.0,0.0,0.0,0.0,0.0,0.0,0.0,0.0,0.0,0.0,0.0,0.0,0.0,0.0,0.0,0.0,0.0,0.0,0.0,0.676,0.7197,0.2875
557,64,0.001,3,10,60,32,8,128,184,435241,73,30,"{'sourceA': ['event_time', 'mcc_code', 'term_id'], 'sourceB': ['event_time', 'tr_type', 'amount']}",gender/checkpoints_large_30/model_64_0.001_3_10_60_128_32_8_128epoch=17.ckpt,17,30,0.34641334,52.005,2.9004,0.0009,4.3008,1.2034,13.317,0.6895,,1078.7668,52.4667,294.5612,14.3262,275.0877,13.3791,264.276,12.8533,248.8046,12.1008,235.7749,11.4671,206.9599,10.0657,47.0071,2.6325,12.8355,0.7188,11.9869,0.6713,11.5158,0.6449,10.8416,0.6071,10.2739,0.5753,9.0182,0.505,0.0,0.0,0.0,0.0,0.0,0.0,0.0,,0.0,0.0,0.0,0.0,0.0,0.0,0.0,0.0,0.0,0.0,0.0,0.0,0.0,0.0,0.0,0.0,0.0,0.0,0.0,0.0,0.0,0.0,0.0,0.0,0.0,0.0,0.0,0.0,0.672,0.7083,0.2875
558,64,0.001,3,10,60,32,8,128,184,435241,73,30,"{'sourceA': ['event_time', 'mcc_code', 'term_id'], 'sourceB': ['event_time', 'tr_type', 'amount']}",gender/checkpoints_large_30/model_64_0.001_3_10_60_128_32_8_128epoch=18.ckpt,18,30,0.35546878,52.8993,3.0162,0.0011,4.2331,1.2058,13.2466,0.6874,,1094.0615,53.259,295.8382,14.4014,276.3413,13.4523,265.3867,12.9191,250.1385,12.1768,237.4216,11.5577,209.726,10.2095,49.5611,2.6914,13.4015,0.7278,12.5183,0.6798,12.0221,0.6529,11.3313,0.6154,10.7552,0.5841,9.5006,0.5159,0.0,0.0,0.0,0.0,0.0,0.0,0.0,,0.0,0.0,0.0,0.0,0.0,0.0,0.0,0.0,0.0,0.0,0.0,0.0,0.0,0.0,0.0,0.0,0.0,0.0,0.0,0.0,0.0,0.0,0.0,0.0,0.0,0.0,0.0,0.0,0.692,0.7318,0.2875
559,64,0.001,3,10,60,32,8,128,184,435241,73,30,"{'sourceA': ['event_time', 'mcc_code', 'term_id'], 'sourceB': ['event_time', 'tr_type', 'amount']}",gender/checkpoints_large_30/model_64_0.001_3_10_60_128_32_8_128epoch=19.ckpt,19,30,0.35724428,53.244,3.0831,0.0011,4.2039,1.2072,12.8543,0.6855,,1098.3345,53.4555,295.4191,14.3779,275.8377,13.4249,264.8516,12.8902,249.8095,12.1581,237.1411,11.5416,208.9523,10.1696,49.0045,2.6867,13.1807,0.7226,12.3071,0.6747,11.8169,0.6479,11.1458,0.6111,10.5805,0.5801,9.3228,0.5111,0.0,0.0,0.0,0.0,0.0,0.0,0.0,,0.0,0.0,0.0,0.0,0.0,0.0,0.0,0.0,0.0,0.0,0.0,0.0,0.0,0.0,0.0,0.0,0.0,0.0,0.0,0.0,0.0,0.0,0.0,0.0,0.0,0.0,0.0,0.0,0.676,0.7184,0.2875
560,64,0.001,3,10,60,32,8,128,184,435241,73,30,"{'sourceA': ['event_time', 'mcc_code', 'term_id'], 'sourceB': ['event_time', 'tr_type', 'amount']}",gender/checkpoints_large_30/model_64_0.001_3_10_60_128_32_8_128epoch=20.ckpt,20,30,0.3541075,52.9207,3.0339,0.001,4.2721,1.2036,12.9398,0.6896,,1104.0203,53.7039,297.1688,14.4555,278.0724,13.5265,267.3463,13.0048,252.3129,12.2735,239.9842,11.6738,211.1641,10.2718,49.2011,2.6459,13.2434,0.7122,12.3924,0.6664,11.9144,0.6407,11.2444,0.6047,10.695,0.5752,9.4106,0.5061,0.0,0.0,0.0,0.0,0.0,0.0,0.0,,0.0,0.0,0.0,0.0,0.0,0.0,0.0,0.0,0.0,0.0,0.0,0.0,0.0,0.0,0.0,0.0,0.0,0.0,0.0,0.0,0.0,0.0,0.0,0.0,0.0,0.0,0.0,0.0,0.696,0.742,0.2875
561,64,0.001,3,10,60,32,8,128,184,435241,73,30,"{'sourceA': ['event_time', 'mcc_code', 'term_id'], 'sourceB': ['event_time', 'tr_type', 'amount']}",gender/checkpoints_large_30/model_64_0.001_3_10_60_128_32_8_128epoch=21.ckpt,21,30,0.35712594,52.9946,3.071,0.001,4.2705,1.202,13.2244,0.6913,,1102.4608,53.617,296.9956,14.4441,277.8516,13.513,267.0069,12.9856,251.9936,12.2554,239.4556,11.6457,209.5867,10.193,49.3007,2.6554,13.2813,0.7153,12.4252,0.6692,11.9402,0.6431,11.2688,0.6069,10.7082,0.5767,9.3725,0.5048,0.0,0.0,0.0,0.0,0.0,0.0,0.0,,0.0,0.0,0.0,0.0,0.0,0.0,0.0,0.0,0.0,0.0,0.0,0.0,0.0,0.0,0.0,0.0,0.0,0.0,0.0,0.0,0.0,0.0,0.0,0.0,0.0,0.0,0.0,0.0,0.716,0.7442,0.2875
562,64,0.001,3,10,60,32,8,128,184,435241,73,30,"{'sourceA': ['event_time', 'mcc_code', 'term_id'], 'sourceB': ['event_time', 'tr_type', 'amount']}",gender/checkpoints_large_30/model_64_0.001_3_10_60_128_32_8_128epoch=22.ckpt,22,30,0.3521543,53.3292,3.0527,0.001,4.2762,1.2069,13.0814,0.6856,,1109.4031,53.9306,296.5836,14.4176,277.4268,13.4864,266.7212,12.9659,251.8065,12.2409,239.3243,11.6341,209.0273,10.1613,47.4402,2.572,12.6825,0.6876,11.8633,0.6432,11.4055,0.6184,10.7677,0.5838,10.234,0.5549,8.9384,0.4846,0.0,0.0,0.0,0.0,0.0,0.0,0.0,,0.0,0.0,0.0,0.0,0.0,0.0,0.0,0.0,0.0,0.0,0.0,0.0,0.0,0.0,0.0,0.0,0.0,0.0,0.0,0.0,0.0,0.0,0.0,0.0,0.0,0.0,0.0,0.0,0.68,0.7511,0.2875
563,64,0.001,3,10,60,32,8,128,184,435241,73,30,"{'sourceA': ['event_time', 'mcc_code', 'term_id'], 'sourceB': ['event_time', 'tr_type', 'amount']}",gender/checkpoints_large_30/model_64_0.001_3_10_60_128_32_8_128epoch=23.ckpt,23,30,0.35860553,53.4574,3.0301,0.001,4.2604,1.2057,13.015,0.6869,,1115.7823,54.2486,297.3853,14.4587,278.2483,13.5282,267.4768,13.0045,252.5843,12.2805,240.1133,11.6741,210.2773,10.2235,48.0845,2.6081,12.8158,0.6951,11.9911,0.6504,11.5269,0.6252,10.8851,0.5904,10.3477,0.5613,9.0619,0.4915,0.0,0.0,0.0,0.0,0.0,0.0,0.0,,0.0,0.0,0.0,0.0,0.0,0.0,0.0,0.0,0.0,0.0,0.0,0.0,0.0,0.0,0.0,0.0,0.0,0.0,0.0,0.0,0.0,0.0,0.0,0.0,0.0,0.0,0.0,0.0,0.692,0.7435,0.2875
564,64,0.001,3,10,60,32,8,128,184,435241,73,30,"{'sourceA': ['event_time', 'mcc_code', 'term_id'], 'sourceB': ['event_time', 'tr_type', 'amount']}",gender/checkpoints_large_30/model_64_0.001_3_10_60_128_32_8_128epoch=24.ckpt,24,30,0.36872637,53.2129,2.8767,0.001,4.287,1.2034,12.7501,0.6897,,1114.4672,54.1753,296.7059,14.4231,277.724,13.5004,266.8188,12.9703,252.1676,12.2581,239.876,11.6606,209.9107,10.2039,47.3377,2.541,12.6028,0.6765,11.7965,0.6332,11.3333,0.6083,10.711,0.5749,10.1889,0.5469,8.9161,0.4786,0.0,0.0,0.0,0.0,0.0,0.0,0.0,,0.0,0.0,0.0,0.0,0.0,0.0,0.0,0.0,0.0,0.0,0.0,0.0,0.0,0.0,0.0,0.0,0.0,0.0,0.0,0.0,0.0,0.0,0.0,0.0,0.0,0.0,0.0,0.0,0.7,0.7474,0.2875
565,64,0.001,3,10,60,32,8,128,184,435241,73,30,"{'sourceA': ['event_time', 'mcc_code', 'term_id'], 'sourceB': ['event_time', 'tr_type', 'amount']}",gender/checkpoints_large_30/model_64_0.001_3_10_60_128_32_8_128epoch=25.ckpt,25,30,0.3613873,53.4964,2.989,0.001,4.2678,1.2031,12.9184,0.69,,1118.5149,54.3791,297.4334,14.4604,278.4205,13.536,267.7515,13.0173,252.9286,12.2967,240.6097,11.6978,210.2888,10.2237,47.8932,2.614,12.7357,0.6951,11.9216,0.6507,11.4647,0.6257,10.8301,0.5911,10.3026,0.5623,9.0043,0.4915,0.0,0.0,0.0,0.0,0.0,0.0,0.0,,0.0,0.0,0.0,0.0,0.0,0.0,0.0,0.0,0.0,0.0,0.0,0.0,0.0,0.0,0.0,0.0,0.0,0.0,0.0,0.0,0.0,0.0,0.0,0.0,0.0,0.0,0.0,0.0,0.68,0.7393,0.2875
566,64,0.001,3,10,60,32,8,128,184,435241,73,30,"{'sourceA': ['event_time', 'mcc_code', 'term_id'], 'sourceB': ['event_time', 'tr_type', 'amount']}",gender/checkpoints_large_30/model_64_0.001_3_10_60_128_32_8_128epoch=26.ckpt,26,30,0.359375,53.6391,2.9179,0.001,4.302,1.2082,13.0883,0.6843,,1128.5604,54.8534,297.7397,14.4716,278.8044,13.5512,268.0995,13.0309,253.4661,12.3197,241.3528,11.7309,210.6666,10.2394,47.6219,2.6147,12.5637,0.6898,11.7647,0.6459,11.313,0.6211,10.6955,0.5872,10.1844,0.5592,8.8895,0.4881,0.0,0.0,0.0,0.0,0.0,0.0,0.0,,0.0,0.0,0.0,0.0,0.0,0.0,0.0,0.0,0.0,0.0,0.0,0.0,0.0,0.0,0.0,0.0,0.0,0.0,0.0,0.0,0.0,0.0,0.0,0.0,0.0,0.0,0.0,0.0,0.704,0.7604,0.2875
567,64,0.001,3,10,60,32,8,128,184,435241,73,30,"{'sourceA': ['event_time', 'mcc_code', 'term_id'], 'sourceB': ['event_time', 'tr_type', 'amount']}",gender/checkpoints_large_30/model_64_0.001_3_10_60_128_32_8_128epoch=27.ckpt,27,30,0.3532789,53.8027,2.925,0.001,4.2904,1.2067,13.4595,0.6859,,1127.6626,54.8154,298.5099,14.5105,279.5517,13.5889,268.63,13.058,253.8905,12.3415,241.36,11.7324,209.8312,10.1998,47.5408,2.5928,12.5848,0.6863,11.7855,0.6428,11.3251,0.6176,10.7037,0.5838,10.1754,0.5549,8.8462,0.4825,0.0,0.0,0.0,0.0,0.0,0.0,0.0,,0.0,0.0,0.0,0.0,0.0,0.0,0.0,0.0,0.0,0.0,0.0,0.0,0.0,0.0,0.0,0.0,0.0,0.0,0.0,0.0,0.0,0.0,0.0,0.0,0.0,0.0,0.0,0.0,0.688,0.7388,0.2875
568,64,0.001,3,10,60,32,8,128,184,435241,73,30,"{'sourceA': ['event_time', 'mcc_code', 'term_id'], 'sourceB': ['event_time', 'tr_type', 'amount']}",gender/checkpoints_large_30/model_64_0.001_3_10_60_128_32_8_128epoch=28.ckpt,28,30,0.36079547,54.2322,2.8183,0.001,4.26,1.2105,13.4625,0.6819,,1138.3354,55.3324,298.5277,14.5109,279.7601,13.5986,268.8422,13.0679,254.3967,12.3658,242.3301,11.7792,211.5232,10.2818,48.7861,2.6511,12.7941,0.6952,11.9898,0.6515,11.5219,0.6261,10.9028,0.5925,10.3856,0.5644,9.0653,0.4926,0.0,0.0,0.0,0.0,0.0,0.0,0.0,,0.0,0.0,0.0,0.0,0.0,0.0,0.0,0.0,0.0,0.0,0.0,0.0,0.0,0.0,0.0,0.0,0.0,0.0,0.0,0.0,0.0,0.0,0.0,0.0,0.0,0.0,0.0,0.0,0.712,0.7374,0.2875
569,64,0.001,3,10,60,32,8,128,184,435241,73,30,"{'sourceA': ['event_time', 'mcc_code', 'term_id'], 'sourceB': ['event_time', 'tr_type', 'amount']}",gender/checkpoints_large_30/model_64_0.001_3_10_60_128_32_8_128epoch=29.ckpt,29,30,0.35943416,54.1642,2.9653,0.001,4.2696,1.2071,13.2935,0.6861,,1142.165,55.5477,298.7871,14.5311,280.0002,13.6174,269.075,13.0861,254.6376,12.384,242.6246,11.7997,211.8083,10.301,48.4579,2.6218,12.6765,0.6858,11.8794,0.6427,11.4159,0.6176,10.8034,0.5845,10.2937,0.5569,8.9863,0.4862,0.0,0.0,0.0,0.0,0.0,0.0,0.0,,0.0,0.0,0.0,0.0,0.0,0.0,0.0,0.0,0.0,0.0,0.0,0.0,0.0,0.0,0.0,0.0,0.0,0.0,0.0,0.0,0.0,0.0,0.0,0.0,0.0,0.0,0.0,0.0,0.688,0.733,0.2875
570,64,0.001,3,10,80,32,8,128,184,435241,73,30,"{'sourceA': ['event_time', 'mcc_code', 'term_id'], 'sourceB': ['event_time', 'tr_type', 'amount']}",gender/checkpoints_large_30/model_64_0.001_3_10_80_128_32_8_128epoch=00.ckpt,0,30,0.25307766,31.9069,3.3391,0.0011,4.7299,1.3156,6.7312,0.5885,,516.0959,25.7384,232.3524,11.5877,203.6811,10.1579,187.3437,9.3431,166.3865,8.2979,150.0425,7.4828,121.3801,6.0534,24.3994,1.5526,10.9849,0.699,9.6294,0.6127,8.857,0.5636,7.8662,0.5005,7.0935,0.4514,5.7385,0.3651,0.0,0.0,0.0,0.0,0.0,0.0,0.0,,0.0,0.0,0.0,0.0,0.0,0.0,0.0,0.0,0.0,0.0,0.0,0.0,0.0,0.0,0.0,0.0,0.0,0.0,0.0,0.0,0.0,0.0,0.0,0.0,0.0,0.0,0.0,0.0,0.636,0.644,0.2875
571,64,0.001,3,10,80,32,8,128,184,435241,73,30,"{'sourceA': ['event_time', 'mcc_code', 'term_id'], 'sourceB': ['event_time', 'tr_type', 'amount']}",gender/checkpoints_large_30/model_64_0.001_3_10_80_128_32_8_128epoch=01.ckpt,1,30,0.2810724,33.5114,3.3253,0.0014,4.4043,1.2924,7.1335,0.6093,,601.6662,29.7749,232.7907,11.5202,206.8623,10.2371,193.0074,9.5514,174.7691,8.6489,161.6925,8.0017,139.3765,6.8974,31.5257,1.9658,12.1976,0.7606,10.839,0.6759,10.1131,0.6306,9.1574,0.571,8.4723,0.5283,7.303,0.4554,0.0,0.0,0.0,0.0,0.0,0.0,0.0,,0.0,0.0,0.0,0.0,0.0,0.0,0.0,0.0,0.0,0.0,0.0,0.0,0.0,0.0,0.0,0.0,0.0,0.0,0.0,0.0,0.0,0.0,0.0,0.0,0.0,0.0,0.0,0.0,0.612,0.6006,0.2875
572,64,0.001,3,10,80,32,8,128,184,435241,73,30,"{'sourceA': ['event_time', 'mcc_code', 'term_id'], 'sourceB': ['event_time', 'tr_type', 'amount']}",gender/checkpoints_large_30/model_64_0.001_3_10_80_128_32_8_128epoch=02.ckpt,2,30,0.30166906,38.2926,3.2964,0.0016,4.1954,1.3303,7.0042,0.5746,,695.3808,34.1303,240.8529,11.8214,216.0897,10.606,202.7932,9.9534,186.1111,9.1346,174.2796,8.5539,151.9157,7.4563,41.3521,2.4352,14.3228,0.8435,12.8502,0.7568,12.0595,0.7102,11.0674,0.6518,10.3639,0.6103,9.0339,0.532,0.0,0.0,0.0,0.0,0.0,0.0,0.0,,0.0,0.0,0.0,0.0,0.0,0.0,0.0,0.0,0.0,0.0,0.0,0.0,0.0,0.0,0.0,0.0,0.0,0.0,0.0,0.0,0.0,0.0,0.0,0.0,0.0,0.0,0.0,0.0,0.672,0.639,0.2875
573,64,0.001,3,10,80,32,8,128,184,435241,73,30,"{'sourceA': ['event_time', 'mcc_code', 'term_id'], 'sourceB': ['event_time', 'tr_type', 'amount']}",gender/checkpoints_large_30/model_64_0.001_3_10_80_128_32_8_128epoch=03.ckpt,3,30,0.32007572,38.5329,3.2826,0.0016,4.1548,1.2692,8.1369,0.6256,,745.3679,36.5584,248.8211,12.204,224.9421,11.0328,211.9013,10.3932,195.0297,9.5657,182.7591,8.9639,160.2375,7.8592,43.0891,2.4907,14.3842,0.8314,13.0037,0.7517,12.2498,0.7081,11.2745,0.6517,10.5652,0.6107,9.2632,0.5354,0.0,0.0,0.0,0.0,0.0,0.0,0.0,,0.0,0.0,0.0,0.0,0.0,0.0,0.0,0.0,0.0,0.0,0.0,0.0,0.0,0.0,0.0,0.0,0.0,0.0,0.0,0.0,0.0,0.0,0.0,0.0,0.0,0.0,0.0,0.0,0.668,0.7035,0.2875
574,64,0.001,3,10,80,32,8,128,184,435241,73,30,"{'sourceA': ['event_time', 'mcc_code', 'term_id'], 'sourceB': ['event_time', 'tr_type', 'amount']}",gender/checkpoints_large_30/model_64_0.001_3_10_80_128_32_8_128epoch=04.ckpt,4,30,0.32262075,40.4893,3.2809,0.0015,4.1073,1.2617,8.5059,0.6329,,799.626,39.1312,255.851,12.5205,232.855,11.3952,220.2514,10.7784,204.0376,9.985,191.8536,9.3887,169.9876,8.3187,46.2755,2.6395,14.8065,0.8445,13.4756,0.7686,12.7463,0.727,11.8079,0.6735,11.1028,0.6333,9.8374,0.5611,0.0,0.0,0.0,0.0,0.0,0.0,0.0,,0.0,0.0,0.0,0.0,0.0,0.0,0.0,0.0,0.0,0.0,0.0,0.0,0.0,0.0,0.0,0.0,0.0,0.0,0.0,0.0,0.0,0.0,0.0,0.0,0.0,0.0,0.0,0.0,0.692,0.703,0.2875
575,64,0.001,3,10,80,32,8,128,184,435241,73,30,"{'sourceA': ['event_time', 'mcc_code', 'term_id'], 'sourceB': ['event_time', 'tr_type', 'amount']}",gender/checkpoints_large_30/model_64_0.001_3_10_80_128_32_8_128epoch=05.ckpt,5,30,0.3429806,41.9392,3.2373,0.0016,4.1354,1.2491,9.7638,0.6451,,834.1234,40.8158,262.0722,12.8239,238.9019,11.6901,225.9428,11.056,209.259,10.2396,196.5363,9.617,172.6666,8.449,43.8775,2.592,13.7858,0.8144,12.567,0.7424,11.8853,0.7021,11.0077,0.6503,10.3384,0.6107,9.0828,0.5366,0.0,0.0,0.0,0.0,0.0,0.0,0.0,,0.0,0.0,0.0,0.0,0.0,0.0,0.0,0.0,0.0,0.0,0.0,0.0,0.0,0.0,0.0,0.0,0.0,0.0,0.0,0.0,0.0,0.0,0.0,0.0,0.0,0.0,0.0,0.0,0.716,0.7413,0.2875
576,64,0.001,3,10,80,32,8,128,184,435241,73,30,"{'sourceA': ['event_time', 'mcc_code', 'term_id'], 'sourceB': ['event_time', 'tr_type', 'amount']}",gender/checkpoints_large_30/model_64_0.001_3_10_80_128_32_8_128epoch=06.ckpt,6,30,0.3413826,42.3375,3.2637,0.0014,4.2198,1.234,8.9521,0.6598,,851.0629,41.5864,265.0315,12.9505,242.0931,11.8297,229.2902,11.204,212.5947,10.3882,199.2947,9.7383,175.0694,8.5546,47.0346,2.5946,14.6471,0.808,13.3794,0.7381,12.6719,0.699,11.7492,0.6481,11.0142,0.6076,9.6753,0.5337,0.0,0.0,0.0,0.0,0.0,0.0,0.0,,0.0,0.0,0.0,0.0,0.0,0.0,0.0,0.0,0.0,0.0,0.0,0.0,0.0,0.0,0.0,0.0,0.0,0.0,0.0,0.0,0.0,0.0,0.0,0.0,0.0,0.0,0.0,0.0,0.644,0.702,0.2875
577,64,0.001,3,10,80,32,8,128,184,435241,73,30,"{'sourceA': ['event_time', 'mcc_code', 'term_id'], 'sourceB': ['event_time', 'tr_type', 'amount']}",gender/checkpoints_large_30/model_64_0.001_3_10_80_128_32_8_128epoch=07.ckpt,7,30,0.35641572,44.2203,3.1698,0.0014,4.2472,1.2254,9.765,0.6681,,884.8242,43.197,271.2243,13.2411,248.6881,12.1409,236.1315,11.5279,219.6868,10.7251,206.1722,10.0653,180.7128,8.8224,48.1458,2.6239,14.7581,0.8043,13.5318,0.7375,12.8486,0.7002,11.9538,0.6515,11.2184,0.6114,9.8331,0.5359,0.0,0.0,0.0,0.0,0.0,0.0,0.0,,0.0,0.0,0.0,0.0,0.0,0.0,0.0,0.0,0.0,0.0,0.0,0.0,0.0,0.0,0.0,0.0,0.0,0.0,0.0,0.0,0.0,0.0,0.0,0.0,0.0,0.0,0.0,0.0,0.672,0.7205,0.2875
578,64,0.001,3,10,80,32,8,128,184,435241,73,30,"{'sourceA': ['event_time', 'mcc_code', 'term_id'], 'sourceB': ['event_time', 'tr_type', 'amount']}",gender/checkpoints_large_30/model_64_0.001_3_10_80_128_32_8_128epoch=08.ckpt,8,30,0.36038116,45.4374,3.163,0.0013,4.3145,1.2248,9.529,0.6689,,911.3239,44.4589,275.9446,13.462,253.5606,12.3699,240.9467,11.7546,224.0781,10.9316,210.2337,10.2562,184.3661,8.9943,48.3051,2.6205,14.6266,0.7935,13.4401,0.7291,12.7715,0.6928,11.8773,0.6443,11.1435,0.6045,9.7724,0.5301,0.0,0.0,0.0,0.0,0.0,0.0,0.0,,0.0,0.0,0.0,0.0,0.0,0.0,0.0,0.0,0.0,0.0,0.0,0.0,0.0,0.0,0.0,0.0,0.0,0.0,0.0,0.0,0.0,0.0,0.0,0.0,0.0,0.0,0.0,0.0,0.676,0.6997,0.2875
579,64,0.001,3,10,80,32,8,128,184,435241,73,30,"{'sourceA': ['event_time', 'mcc_code', 'term_id'], 'sourceB': ['event_time', 'tr_type', 'amount']}",gender/checkpoints_large_30/model_64_0.001_3_10_80_128_32_8_128epoch=09.ckpt,9,30,0.36026284,46.018,3.1875,0.0011,4.3966,1.2127,9.9953,0.6811,,924.7657,45.0599,278.7781,13.5837,256.8985,12.5176,244.4348,11.9103,228.1627,11.1174,214.1116,10.4328,187.2271,9.1228,47.8103,2.5975,14.4128,0.783,13.2816,0.7216,12.6373,0.6866,11.796,0.6409,11.0696,0.6014,9.6796,0.5259,0.0,0.0,0.0,0.0,0.0,0.0,0.0,,0.0,0.0,0.0,0.0,0.0,0.0,0.0,0.0,0.0,0.0,0.0,0.0,0.0,0.0,0.0,0.0,0.0,0.0,0.0,0.0,0.0,0.0,0.0,0.0,0.0,0.0,0.0,0.0,0.672,0.684,0.2875
580,64,0.001,3,10,80,32,8,128,184,435241,73,30,"{'sourceA': ['event_time', 'mcc_code', 'term_id'], 'sourceB': ['event_time', 'tr_type', 'amount']}",gender/checkpoints_large_30/model_64_0.001_3_10_80_128_32_8_128epoch=10.ckpt,10,30,0.3642874,46.6876,3.1002,0.0011,4.4061,1.2136,9.908,0.68,,942.5247,45.92,280.9359,13.6872,259.2632,12.6313,246.8515,12.0266,230.4221,11.2262,216.0814,10.5275,189.3509,9.2252,49.2314,2.6418,14.6743,0.7874,13.5422,0.7267,12.8939,0.6919,12.0358,0.6459,11.2867,0.6057,9.8905,0.5307,0.0,0.0,0.0,0.0,0.0,0.0,0.0,,0.0,0.0,0.0,0.0,0.0,0.0,0.0,0.0,0.0,0.0,0.0,0.0,0.0,0.0,0.0,0.0,0.0,0.0,0.0,0.0,0.0,0.0,0.0,0.0,0.0,0.0,0.0,0.0,0.68,0.7026,0.2875
581,64,0.001,3,10,80,32,8,128,184,435241,73,30,"{'sourceA': ['event_time', 'mcc_code', 'term_id'], 'sourceB': ['event_time', 'tr_type', 'amount']}",gender/checkpoints_large_30/model_64_0.001_3_10_80_128_32_8_128epoch=11.ckpt,11,30,0.37677556,47.0319,3.1149,0.0011,4.4403,1.2132,10.3433,0.6804,,955.7596,46.5634,281.9239,13.735,260.557,12.694,248.2275,12.0933,231.919,11.2988,217.6787,10.605,190.1752,9.2651,49.1717,2.6076,14.5044,0.7692,13.4051,0.7109,12.7708,0.6772,11.9317,0.6327,11.1991,0.5939,9.7841,0.5189,0.0,0.0,0.0,0.0,0.0,0.0,0.0,,0.0,0.0,0.0,0.0,0.0,0.0,0.0,0.0,0.0,0.0,0.0,0.0,0.0,0.0,0.0,0.0,0.0,0.0,0.0,0.0,0.0,0.0,0.0,0.0,0.0,0.0,0.0,0.0,0.688,0.7115,0.2875
582,64,0.001,3,10,80,32,8,128,184,435241,73,30,"{'sourceA': ['event_time', 'mcc_code', 'term_id'], 'sourceB': ['event_time', 'tr_type', 'amount']}",gender/checkpoints_large_30/model_64_0.001_3_10_80_128_32_8_128epoch=12.ckpt,12,30,0.3689039,47.584,3.2035,0.001,4.4666,1.2142,10.3503,0.6795,,968.3287,47.1779,284.207,13.8469,262.8948,12.8085,250.6211,12.2105,234.2663,11.4137,219.9358,10.7155,192.0739,9.358,50.2317,2.6846,14.7431,0.788,13.6376,0.7289,13.0009,0.6948,12.1525,0.6495,11.4091,0.6098,9.9638,0.5325,0.0,0.0,0.0,0.0,0.0,0.0,0.0,,0.0,0.0,0.0,0.0,0.0,0.0,0.0,0.0,0.0,0.0,0.0,0.0,0.0,0.0,0.0,0.0,0.0,0.0,0.0,0.0,0.0,0.0,0.0,0.0,0.0,0.0,0.0,0.0,0.668,0.7029,0.2875
583,64,0.001,3,10,80,32,8,128,184,435241,73,30,"{'sourceA': ['event_time', 'mcc_code', 'term_id'], 'sourceB': ['event_time', 'tr_type', 'amount']}",gender/checkpoints_large_30/model_64_0.001_3_10_80_128_32_8_128epoch=13.ckpt,13,30,0.3704427,48.0748,3.1326,0.001,4.4907,1.2161,10.8103,0.6771,,982.8855,47.8777,285.5279,13.9085,264.2228,12.8707,251.9348,12.2721,235.7385,11.4832,221.1522,10.7726,192.7173,9.3875,51.3719,2.7185,14.9235,0.7897,13.81,0.7308,13.1677,0.6968,12.3212,0.652,11.5588,0.6117,10.0726,0.533,0.0,0.0,0.0,0.0,0.0,0.0,0.0,,0.0,0.0,0.0,0.0,0.0,0.0,0.0,0.0,0.0,0.0,0.0,0.0,0.0,0.0,0.0,0.0,0.0,0.0,0.0,0.0,0.0,0.0,0.0,0.0,0.0,0.0,0.0,0.0,0.672,0.7025,0.2875
584,64,0.001,3,10,80,32,8,128,184,435241,73,30,"{'sourceA': ['event_time', 'mcc_code', 'term_id'], 'sourceB': ['event_time', 'tr_type', 'amount']}",gender/checkpoints_large_30/model_64_0.001_3_10_80_128_32_8_128epoch=14.ckpt,14,30,0.37405303,48.8802,3.1697,0.001,4.4892,1.2216,10.4694,0.672,,997.5527,48.6124,287.1086,13.9913,266.0398,12.9646,253.9013,12.373,237.3856,11.5682,222.7135,10.8532,193.4437,9.4268,53.2966,2.7804,15.3394,0.8002,14.2138,0.7415,13.5653,0.7077,12.6829,0.6617,11.899,0.6208,10.3352,0.5392,0.0,0.0,0.0,0.0,0.0,0.0,0.0,,0.0,0.0,0.0,0.0,0.0,0.0,0.0,0.0,0.0,0.0,0.0,0.0,0.0,0.0,0.0,0.0,0.0,0.0,0.0,0.0,0.0,0.0,0.0,0.0,0.0,0.0,0.0,0.0,0.656,0.6972,0.2875
585,64,0.001,3,10,80,32,8,128,184,435241,73,30,"{'sourceA': ['event_time', 'mcc_code', 'term_id'], 'sourceB': ['event_time', 'tr_type', 'amount']}",gender/checkpoints_large_30/model_64_0.001_3_10_80_128_32_8_128epoch=15.ckpt,15,30,0.37251422,48.8552,3.1856,0.001,4.5004,1.2165,10.5865,0.6771,,1005.3145,48.994,287.679,14.02,266.6614,12.9957,254.3778,12.3971,238.1313,11.6053,223.4856,10.8916,194.244,9.4665,51.0193,2.7199,14.5996,0.7783,13.533,0.7215,12.9096,0.6882,12.0851,0.6443,11.3418,0.6046,9.8578,0.5255,0.0,0.0,0.0,0.0,0.0,0.0,0.0,,0.0,0.0,0.0,0.0,0.0,0.0,0.0,0.0,0.0,0.0,0.0,0.0,0.0,0.0,0.0,0.0,0.0,0.0,0.0,0.0,0.0,0.0,0.0,0.0,0.0,0.0,0.0,0.0,0.676,0.7053,0.2875
586,64,0.001,3,10,80,32,8,128,184,435241,73,30,"{'sourceA': ['event_time', 'mcc_code', 'term_id'], 'sourceB': ['event_time', 'tr_type', 'amount']}",gender/checkpoints_large_30/model_64_0.001_3_10_80_128_32_8_128epoch=16.ckpt,16,30,0.38145122,48.9324,3.1408,0.001,4.5408,1.2114,10.7974,0.6823,,1013.8979,49.3814,288.3203,14.0425,267.3986,13.0235,255.5067,12.4443,239.4573,11.6627,225.1163,10.9642,196.3328,9.5623,52.1592,2.7126,14.8324,0.7714,13.7561,0.7154,13.1444,0.6836,12.3187,0.6406,11.5809,0.6023,10.1002,0.5253,0.0,0.0,0.0,0.0,0.0,0.0,0.0,,0.0,0.0,0.0,0.0,0.0,0.0,0.0,0.0,0.0,0.0,0.0,0.0,0.0,0.0,0.0,0.0,0.0,0.0,0.0,0.0,0.0,0.0,0.0,0.0,0.0,0.0,0.0,0.0,0.684,0.7012,0.2875
587,64,0.001,3,10,80,32,8,128,184,435241,73,30,"{'sourceA': ['event_time', 'mcc_code', 'term_id'], 'sourceB': ['event_time', 'tr_type', 'amount']}",gender/checkpoints_large_30/model_64_0.001_3_10_80_128_32_8_128epoch=17.ckpt,17,30,0.37251422,49.3322,3.1273,0.001,4.5277,1.2123,10.6261,0.6808,,1026.2451,49.9388,289.798,14.1021,268.9219,13.0862,256.9738,12.5048,240.9081,11.723,226.7065,11.0319,198.0477,9.6373,52.0623,2.7117,14.7017,0.7658,13.6426,0.7106,13.0365,0.679,12.2215,0.6366,11.501,0.599,10.0471,0.5233,0.0,0.0,0.0,0.0,0.0,0.0,0.0,,0.0,0.0,0.0,0.0,0.0,0.0,0.0,0.0,0.0,0.0,0.0,0.0,0.0,0.0,0.0,0.0,0.0,0.0,0.0,0.0,0.0,0.0,0.0,0.0,0.0,0.0,0.0,0.0,0.7,0.7334,0.2875
588,64,0.001,3,10,80,32,8,128,184,435241,73,30,"{'sourceA': ['event_time', 'mcc_code', 'term_id'], 'sourceB': ['event_time', 'tr_type', 'amount']}",gender/checkpoints_large_30/model_64_0.001_3_10_80_128_32_8_128epoch=18.ckpt,18,30,0.38287166,50.051,3.1669,0.001,4.5065,1.2136,11.2263,0.6802,,1038.0979,50.5559,291.6028,14.2012,270.9084,13.1934,258.9268,12.6099,242.7739,11.8232,228.7325,11.1394,200.1805,9.7489,50.2151,2.6786,14.1055,0.7524,13.1044,0.699,12.5249,0.6681,11.7435,0.6264,11.0643,0.5902,9.6832,0.5165,0.0,0.0,0.0,0.0,0.0,0.0,0.0,,0.0,0.0,0.0,0.0,0.0,0.0,0.0,0.0,0.0,0.0,0.0,0.0,0.0,0.0,0.0,0.0,0.0,0.0,0.0,0.0,0.0,0.0,0.0,0.0,0.0,0.0,0.0,0.0,0.7,0.736,0.2875
589,64,0.001,3,10,80,32,8,128,184,435241,73,30,"{'sourceA': ['event_time', 'mcc_code', 'term_id'], 'sourceB': ['event_time', 'tr_type', 'amount']}",gender/checkpoints_large_30/model_64_0.001_3_10_80_128_32_8_128epoch=19.ckpt,19,30,0.38707387,49.2787,3.1755,0.0009,4.5661,1.2022,10.6688,0.6923,,1030.6096,50.161,290.7253,14.1499,270.1457,13.1483,258.3878,12.576,242.3847,11.7971,227.496,11.0725,197.8007,9.6272,49.591,2.6027,13.9892,0.7342,12.9989,0.6822,12.4331,0.6525,11.6631,0.6121,10.9467,0.5745,9.5178,0.4995,0.0,0.0,0.0,0.0,0.0,0.0,0.0,,0.0,0.0,0.0,0.0,0.0,0.0,0.0,0.0,0.0,0.0,0.0,0.0,0.0,0.0,0.0,0.0,0.0,0.0,0.0,0.0,0.0,0.0,0.0,0.0,0.0,0.0,0.0,0.0,0.692,0.7156,0.2875
590,64,0.001,3,10,80,32,8,128,184,435241,73,30,"{'sourceA': ['event_time', 'mcc_code', 'term_id'], 'sourceB': ['event_time', 'tr_type', 'amount']}",gender/checkpoints_large_30/model_64_0.001_3_10_80_128_32_8_128epoch=20.ckpt,20,30,0.3799124,50.0048,3.2458,0.0009,4.5536,1.2126,11.1542,0.6803,,1050.9286,51.1127,291.4687,14.1758,270.917,13.1763,259.2027,12.6065,243.3632,11.8362,229.4259,11.1583,200.2686,9.7402,50.2717,2.6834,13.9426,0.7442,12.9595,0.6917,12.3991,0.6618,11.6414,0.6214,10.9747,0.5858,9.58,0.5114,0.0,0.0,0.0,0.0,0.0,0.0,0.0,,0.0,0.0,0.0,0.0,0.0,0.0,0.0,0.0,0.0,0.0,0.0,0.0,0.0,0.0,0.0,0.0,0.0,0.0,0.0,0.0,0.0,0.0,0.0,0.0,0.0,0.0,0.0,0.0,0.66,0.7114,0.2875
591,64,0.001,3,10,80,32,8,128,184,435241,73,30,"{'sourceA': ['event_time', 'mcc_code', 'term_id'], 'sourceB': ['event_time', 'tr_type', 'amount']}",gender/checkpoints_large_30/model_64_0.001_3_10_80_128_32_8_128epoch=21.ckpt,21,30,0.376598,50.2022,3.1871,0.0009,4.5603,1.2135,11.4475,0.6796,,1059.7075,51.5546,291.953,14.2035,271.6972,13.218,259.9606,12.647,244.2824,11.8843,230.3343,11.2057,200.4932,9.754,50.3838,2.7338,13.8809,0.7532,12.9178,0.7009,12.3598,0.6706,11.6144,0.6302,10.9512,0.5942,9.5324,0.5172,0.0,0.0,0.0,0.0,0.0,0.0,0.0,,0.0,0.0,0.0,0.0,0.0,0.0,0.0,0.0,0.0,0.0,0.0,0.0,0.0,0.0,0.0,0.0,0.0,0.0,0.0,0.0,0.0,0.0,0.0,0.0,0.0,0.0,0.0,0.0,0.664,0.7386,0.2875
592,64,0.001,3,10,80,32,8,128,184,435241,73,30,"{'sourceA': ['event_time', 'mcc_code', 'term_id'], 'sourceB': ['event_time', 'tr_type', 'amount']}",gender/checkpoints_large_30/model_64_0.001_3_10_80_128_32_8_128epoch=22.ckpt,22,30,0.38926372,50.3913,3.232,0.001,4.5482,1.2139,11.1957,0.6792,,1057.4734,51.4446,291.8274,14.197,271.549,13.2105,259.9182,12.6447,244.3185,11.8858,230.264,11.202,200.7526,9.7663,49.1973,2.6549,13.5768,0.7327,12.6334,0.6818,12.0923,0.6526,11.3665,0.6134,10.7127,0.5781,9.3397,0.504,0.0,0.0,0.0,0.0,0.0,0.0,0.0,,0.0,0.0,0.0,0.0,0.0,0.0,0.0,0.0,0.0,0.0,0.0,0.0,0.0,0.0,0.0,0.0,0.0,0.0,0.0,0.0,0.0,0.0,0.0,0.0,0.0,0.0,0.0,0.0,0.696,0.7127,0.2875
593,64,0.001,3,10,80,32,8,128,184,435241,73,30,"{'sourceA': ['event_time', 'mcc_code', 'term_id'], 'sourceB': ['event_time', 'tr_type', 'amount']}",gender/checkpoints_large_30/model_64_0.001_3_10_80_128_32_8_128epoch=23.ckpt,23,30,0.38784325,50.6541,3.2179,0.001,4.5334,1.2152,11.0803,0.6779,,1066.0151,51.8897,292.0858,14.2177,271.9803,13.239,260.3872,12.6747,244.8777,11.9198,231.0353,11.246,201.1652,9.792,50.1161,2.7017,13.7317,0.7403,12.7865,0.6893,12.2415,0.6599,11.5123,0.6206,10.8616,0.5855,9.4573,0.5098,0.0,0.0,0.0,0.0,0.0,0.0,0.0,,0.0,0.0,0.0,0.0,0.0,0.0,0.0,0.0,0.0,0.0,0.0,0.0,0.0,0.0,0.0,0.0,0.0,0.0,0.0,0.0,0.0,0.0,0.0,0.0,0.0,0.0,0.0,0.0,0.692,0.7452,0.2875
594,64,0.001,3,10,80,32,8,128,184,435241,73,30,"{'sourceA': ['event_time', 'mcc_code', 'term_id'], 'sourceB': ['event_time', 'tr_type', 'amount']}",gender/checkpoints_large_30/model_64_0.001_3_10_80_128_32_8_128epoch=24.ckpt,24,30,0.38435134,50.396,3.2175,0.001,4.5493,1.2084,11.5183,0.6856,,1061.5656,51.694,293.1302,14.2743,272.9837,13.2932,261.3166,12.7251,245.6111,11.9603,231.3534,11.266,200.8572,9.781,48.9127,2.6305,13.5063,0.7264,12.578,0.6764,12.0404,0.6475,11.3168,0.6086,10.6598,0.5733,9.2547,0.4977,0.0,0.0,0.0,0.0,0.0,0.0,0.0,,0.0,0.0,0.0,0.0,0.0,0.0,0.0,0.0,0.0,0.0,0.0,0.0,0.0,0.0,0.0,0.0,0.0,0.0,0.0,0.0,0.0,0.0,0.0,0.0,0.0,0.0,0.0,0.0,0.704,0.7415,0.2875
595,64,0.001,3,10,80,32,8,128,184,435241,73,30,"{'sourceA': ['event_time', 'mcc_code', 'term_id'], 'sourceB': ['event_time', 'tr_type', 'amount']}",gender/checkpoints_large_30/model_64_0.001_3_10_80_128_32_8_128epoch=25.ckpt,25,30,0.384233,51.0189,3.1469,0.001,4.5417,1.2157,11.4472,0.6775,,1074.3032,52.2789,293.1466,14.2654,273.0808,13.289,261.5505,12.7279,245.9943,11.9708,232.1346,11.2964,201.8865,9.8244,50.9605,2.7051,13.9057,0.7381,12.9538,0.6876,12.4069,0.6586,11.669,0.6194,11.0115,0.5845,9.5767,0.5084,0.0,0.0,0.0,0.0,0.0,0.0,0.0,,0.0,0.0,0.0,0.0,0.0,0.0,0.0,0.0,0.0,0.0,0.0,0.0,0.0,0.0,0.0,0.0,0.0,0.0,0.0,0.0,0.0,0.0,0.0,0.0,0.0,0.0,0.0,0.0,0.676,0.7276,0.2875
596,64,0.001,3,10,80,32,8,128,184,435241,73,30,"{'sourceA': ['event_time', 'mcc_code', 'term_id'], 'sourceB': ['event_time', 'tr_type', 'amount']}",gender/checkpoints_large_30/model_64_0.001_3_10_80_128_32_8_128epoch=26.ckpt,26,30,0.3894413,50.9884,3.2359,0.001,4.5292,1.2152,11.3062,0.6782,,1075.592,52.3708,292.6396,14.2487,272.7448,13.28,261.2359,12.7196,245.7806,11.9671,232.2098,11.3063,202.3291,9.8514,48.0293,2.5983,13.0675,0.7069,12.1791,0.6589,11.6652,0.6311,10.9751,0.5937,10.3691,0.5609,9.0348,0.4888,0.0,0.0,0.0,0.0,0.0,0.0,0.0,,0.0,0.0,0.0,0.0,0.0,0.0,0.0,0.0,0.0,0.0,0.0,0.0,0.0,0.0,0.0,0.0,0.0,0.0,0.0,0.0,0.0,0.0,0.0,0.0,0.0,0.0,0.0,0.0,0.68,0.7239,0.2875
597,64,0.001,3,10,80,32,8,128,184,435241,73,30,"{'sourceA': ['event_time', 'mcc_code', 'term_id'], 'sourceB': ['event_time', 'tr_type', 'amount']}",gender/checkpoints_large_30/model_64_0.001_3_10_80_128_32_8_128epoch=27.ckpt,27,30,0.3855942,50.8597,3.1072,0.001,4.5545,1.2142,11.1755,0.679,,1081.4686,52.6331,292.8965,14.2547,273.1007,13.2913,261.5725,12.7303,246.0909,11.9768,232.5331,11.317,202.9298,9.8762,49.8175,2.6707,13.4922,0.7233,12.5803,0.6744,12.0493,0.646,11.3361,0.6077,10.7116,0.5742,9.3479,0.5011,0.0,0.0,0.0,0.0,0.0,0.0,0.0,,0.0,0.0,0.0,0.0,0.0,0.0,0.0,0.0,0.0,0.0,0.0,0.0,0.0,0.0,0.0,0.0,0.0,0.0,0.0,0.0,0.0,0.0,0.0,0.0,0.0,0.0,0.0,0.0,0.672,0.7312,0.2875
598,64,0.001,3,10,80,32,8,128,184,435241,73,30,"{'sourceA': ['event_time', 'mcc_code', 'term_id'], 'sourceB': ['event_time', 'tr_type', 'amount']}",gender/checkpoints_large_30/model_64_0.001_3_10_80_128_32_8_128epoch=28.ckpt,28,30,0.3885535,51.0075,3.162,0.001,4.5433,1.213,11.5497,0.68,,1082.9753,52.6731,293.7124,14.2854,273.9164,13.3226,262.4729,12.766,247.0965,12.0181,233.4131,11.3526,203.7517,9.91,50.1139,2.6624,13.5913,0.7221,12.6753,0.6734,12.1457,0.6453,11.4342,0.6075,10.801,0.5738,9.4285,0.5009,0.0,0.0,0.0,0.0,0.0,0.0,0.0,,0.0,0.0,0.0,0.0,0.0,0.0,0.0,0.0,0.0,0.0,0.0,0.0,0.0,0.0,0.0,0.0,0.0,0.0,0.0,0.0,0.0,0.0,0.0,0.0,0.0,0.0,0.0,0.0,0.676,0.7207,0.2875
599,64,0.001,3,10,80,32,8,128,184,435241,73,30,"{'sourceA': ['event_time', 'mcc_code', 'term_id'], 'sourceB': ['event_time', 'tr_type', 'amount']}",gender/checkpoints_large_30/model_64_0.001_3_10_80_128_32_8_128epoch=29.ckpt,29,30,0.38399622,51.1565,3.2741,0.001,4.5247,1.2154,11.5581,0.6771,,1088.3198,52.9061,293.0536,14.2461,273.2732,13.2845,261.8305,12.7283,246.511,11.9836,233.1536,11.3342,203.4592,9.8907,49.9691,2.6871,13.4553,0.7235,12.5471,0.6747,12.0217,0.6465,11.3183,0.6086,10.705,0.5757,9.3416,0.5023,0.0,0.0,0.0,0.0,0.0,0.0,0.0,,0.0,0.0,0.0,0.0,0.0,0.0,0.0,0.0,0.0,0.0,0.0,0.0,0.0,0.0,0.0,0.0,0.0,0.0,0.0,0.0,0.0,0.0,0.0,0.0,0.0,0.0,0.0,0.0,0.672,0.7219,0.2875
600,64,0.001,3,10,100,32,8,128,184,435241,73,30,"{'sourceA': ['event_time', 'mcc_code', 'term_id'], 'sourceB': ['event_time', 'tr_type', 'amount']}",gender/checkpoints_large_30/model_64_0.001_3_10_100_128_32_8_128epoch=00.ckpt,0,30,0.0,30.5513,3.3345,0.0011,4.6772,1.3269,5.9274,0.5824,,526.2486,26.2806,225.4432,11.2585,197.3402,9.8551,181.6962,9.0738,161.9791,8.0891,147.2348,7.3528,121.6941,6.0773,26.4655,1.6918,11.3377,0.7248,9.9244,0.6344,9.1377,0.5841,8.1461,0.5207,7.4046,0.4733,6.1201,0.3912,0.0,0.0,0.0,0.0,0.0,0.0,0.0,,0.0,0.0,0.0,0.0,0.0,0.0,0.0,0.0,0.0,0.0,0.0,0.0,0.0,0.0,0.0,0.0,0.0,0.0,0.0,0.0,0.0,0.0,0.0,0.0,0.0,0.0,0.0,0.0,0.62,0.6083,0.2875
601,64,0.001,3,10,100,32,8,128,184,435241,73,30,"{'sourceA': ['event_time', 'mcc_code', 'term_id'], 'sourceB': ['event_time', 'tr_type', 'amount']}",gender/checkpoints_large_30/model_64_0.001_3_10_100_128_32_8_128epoch=01.ckpt,1,30,0.0,32.7611,3.3357,0.0013,4.4442,1.3331,7.6664,0.5722,,629.0944,31.1457,228.0373,11.2898,204.3384,10.1165,191.1506,9.4636,174.6766,8.648,162.2081,8.0307,137.0094,6.7832,37.2871,2.2788,13.516,0.826,12.1114,0.7402,11.3297,0.6924,10.3533,0.6327,9.6143,0.5876,8.1207,0.4963,0.0,0.0,0.0,0.0,0.0,0.0,0.0,,0.0,0.0,0.0,0.0,0.0,0.0,0.0,0.0,0.0,0.0,0.0,0.0,0.0,0.0,0.0,0.0,0.0,0.0,0.0,0.0,0.0,0.0,0.0,0.0,0.0,0.0,0.0,0.0,0.64,0.6437,0.2875
602,64,0.001,3,10,100,32,8,128,184,435241,73,30,"{'sourceA': ['event_time', 'mcc_code', 'term_id'], 'sourceB': ['event_time', 'tr_type', 'amount']}",gender/checkpoints_large_30/model_64_0.001_3_10_100_128_32_8_128epoch=02.ckpt,2,30,0.0,36.0817,3.2995,0.0016,4.2547,1.3401,8.5355,0.565,,727.57,35.749,235.5501,11.5737,212.9672,10.4641,201.0327,9.8777,185.769,9.1277,173.4766,8.5237,147.3451,7.2398,46.3325,2.7204,15.0001,0.8807,13.562,0.7963,12.802,0.7517,11.83,0.6946,11.0472,0.6486,9.3831,0.5509,0.0,0.0,0.0,0.0,0.0,0.0,0.0,,0.0,0.0,0.0,0.0,0.0,0.0,0.0,0.0,0.0,0.0,0.0,0.0,0.0,0.0,0.0,0.0,0.0,0.0,0.0,0.0,0.0,0.0,0.0,0.0,0.0,0.0,0.0,0.0,0.652,0.6945,0.2875
603,64,0.001,3,10,100,32,8,128,184,435241,73,30,"{'sourceA': ['event_time', 'mcc_code', 'term_id'], 'sourceB': ['event_time', 'tr_type', 'amount']}",gender/checkpoints_large_30/model_64_0.001_3_10_100_128_32_8_128epoch=03.ckpt,3,30,0.0,37.2876,3.2956,0.0015,4.1925,1.3075,8.6471,0.5895,,808.7522,39.575,243.0339,11.8925,221.1878,10.8235,209.4751,10.2503,194.8057,9.5325,182.899,8.9499,157.8467,7.724,57.0152,3.1177,17.1333,0.9369,15.5932,0.8527,14.7675,0.8075,13.7334,0.751,12.894,0.7051,11.1278,0.6085,0.0,0.0,0.0,0.0,0.0,0.0,0.0,,0.0,0.0,0.0,0.0,0.0,0.0,0.0,0.0,0.0,0.0,0.0,0.0,0.0,0.0,0.0,0.0,0.0,0.0,0.0,0.0,0.0,0.0,0.0,0.0,0.0,0.0,0.0,0.0,0.684,0.7122,0.2875
604,64,0.001,3,10,100,32,8,128,184,435241,73,30,"{'sourceA': ['event_time', 'mcc_code', 'term_id'], 'sourceB': ['event_time', 'tr_type', 'amount']}",gender/checkpoints_large_30/model_64_0.001_3_10_100_128_32_8_128epoch=04.ckpt,4,30,0.0,37.4411,3.2702,0.0014,4.2669,1.2667,8.7629,0.6262,,850.2316,41.5853,249.3686,12.1967,228.0095,11.1521,216.5131,10.5898,201.0445,9.8332,188.5374,9.2215,164.1159,8.027,61.1874,3.2516,17.946,0.9537,16.4088,0.872,15.5815,0.828,14.4683,0.7689,13.5682,0.721,11.8107,0.6276,0.0,0.0,0.0,0.0,0.0,0.0,0.0,,0.0,0.0,0.0,0.0,0.0,0.0,0.0,0.0,0.0,0.0,0.0,0.0,0.0,0.0,0.0,0.0,0.0,0.0,0.0,0.0,0.0,0.0,0.0,0.0,0.0,0.0,0.0,0.0,0.676,0.6919,0.2875
605,64,0.001,3,10,100,32,8,128,184,435241,73,30,"{'sourceA': ['event_time', 'mcc_code', 'term_id'], 'sourceB': ['event_time', 'tr_type', 'amount']}",gender/checkpoints_large_30/model_64_0.001_3_10_100_128_32_8_128epoch=05.ckpt,5,30,0.0,39.4113,3.2476,0.0013,4.2826,1.2728,9.0134,0.6202,,905.2416,44.1606,255.0217,12.4408,233.976,11.4141,222.3732,10.8481,207.375,10.1164,195.5128,9.5377,170.3469,8.3101,65.427,3.4146,18.4319,0.9619,16.9108,0.8826,16.0722,0.8388,14.9882,0.7822,14.1308,0.7375,12.312,0.6426,0.0,0.0,0.0,0.0,0.0,0.0,0.0,,0.0,0.0,0.0,0.0,0.0,0.0,0.0,0.0,0.0,0.0,0.0,0.0,0.0,0.0,0.0,0.0,0.0,0.0,0.0,0.0,0.0,0.0,0.0,0.0,0.0,0.0,0.0,0.0,0.656,0.7088,0.2875
606,64,0.001,3,10,100,32,8,128,184,435241,73,30,"{'sourceA': ['event_time', 'mcc_code', 'term_id'], 'sourceB': ['event_time', 'tr_type', 'amount']}",gender/checkpoints_large_30/model_64_0.001_3_10_100_128_32_8_128epoch=06.ckpt,6,30,0.0,40.1997,3.184,0.0012,4.3618,1.2481,9.084,0.644,,926.4597,45.1792,259.1129,12.6357,238.2554,11.6186,226.8018,11.0601,211.7537,10.3263,199.8008,9.7434,173.4927,8.4604,62.4353,3.3567,17.462,0.9388,16.0563,0.8632,15.2845,0.8217,14.2704,0.7672,13.4648,0.7239,11.6919,0.6286,0.0,0.0,0.0,0.0,0.0,0.0,0.0,,0.0,0.0,0.0,0.0,0.0,0.0,0.0,0.0,0.0,0.0,0.0,0.0,0.0,0.0,0.0,0.0,0.0,0.0,0.0,0.0,0.0,0.0,0.0,0.0,0.0,0.0,0.0,0.0,0.664,0.6981,0.2875
607,64,0.001,3,10,100,32,8,128,184,435241,73,30,"{'sourceA': ['event_time', 'mcc_code', 'term_id'], 'sourceB': ['event_time', 'tr_type', 'amount']}",gender/checkpoints_large_30/model_64_0.001_3_10_100_128_32_8_128epoch=07.ckpt,7,30,0.0,41.7004,3.1194,0.0012,4.4189,1.2481,9.6519,0.6434,,962.9935,46.9025,264.1718,12.8665,243.5345,11.8613,232.2076,11.3097,217.2873,10.583,205.1029,9.9895,178.9914,8.7178,60.188,3.2375,16.511,0.8881,15.2211,0.8187,14.5132,0.7807,13.5807,0.7305,12.8191,0.6895,11.1871,0.6017,0.0,0.0,0.0,0.0,0.0,0.0,0.0,,0.0,0.0,0.0,0.0,0.0,0.0,0.0,0.0,0.0,0.0,0.0,0.0,0.0,0.0,0.0,0.0,0.0,0.0,0.0,0.0,0.0,0.0,0.0,0.0,0.0,0.0,0.0,0.0,0.64,0.6947,0.2875
608,64,0.001,3,10,100,32,8,128,184,435241,73,30,"{'sourceA': ['event_time', 'mcc_code', 'term_id'], 'sourceB': ['event_time', 'tr_type', 'amount']}",gender/checkpoints_large_30/model_64_0.001_3_10_100_128_32_8_128epoch=08.ckpt,8,30,0.0,43.0716,3.1687,0.0012,4.473,1.2414,9.8036,0.6498,,986.9189,48.0692,268.9602,13.1001,248.6738,12.112,237.4397,11.5648,222.6118,10.8426,210.6443,10.2597,183.345,8.9301,62.5139,3.2732,17.0366,0.892,15.7516,0.8248,15.04,0.7875,14.1008,0.7383,13.3427,0.6986,11.6135,0.6081,0.0,0.0,0.0,0.0,0.0,0.0,0.0,,0.0,0.0,0.0,0.0,0.0,0.0,0.0,0.0,0.0,0.0,0.0,0.0,0.0,0.0,0.0,0.0,0.0,0.0,0.0,0.0,0.0,0.0,0.0,0.0,0.0,0.0,0.0,0.0,0.628,0.6686,0.2875
609,64,0.001,3,10,100,32,8,128,184,435241,73,30,"{'sourceA': ['event_time', 'mcc_code', 'term_id'], 'sourceB': ['event_time', 'tr_type', 'amount']}",gender/checkpoints_large_30/model_64_0.001_3_10_100_128_32_8_128epoch=09.ckpt,9,30,0.0,43.8197,3.1629,0.0011,4.52,1.2357,10.5416,0.6553,,1006.9264,49.0206,271.3739,13.2114,251.0617,12.2225,239.8037,11.6745,225.1091,10.9591,213.0746,10.3732,185.4245,9.0271,56.4593,3.0849,15.2162,0.8314,14.0773,0.7692,13.446,0.7347,12.6221,0.6897,11.9473,0.6528,10.3969,0.5681,0.0,0.0,0.0,0.0,0.0,0.0,0.0,,0.0,0.0,0.0,0.0,0.0,0.0,0.0,0.0,0.0,0.0,0.0,0.0,0.0,0.0,0.0,0.0,0.0,0.0,0.0,0.0,0.0,0.0,0.0,0.0,0.0,0.0,0.0,0.0,0.676,0.6998,0.2875
610,64,0.001,3,10,100,32,8,128,184,435241,73,30,"{'sourceA': ['event_time', 'mcc_code', 'term_id'], 'sourceB': ['event_time', 'tr_type', 'amount']}",gender/checkpoints_large_30/model_64_0.001_3_10_100_128_32_8_128epoch=10.ckpt,10,30,0.0,43.9633,3.0822,0.0011,4.5216,1.2319,10.6134,0.6591,,1011.4952,49.2332,272.1938,13.2487,251.9543,12.2635,240.7671,11.719,226.226,11.0113,214.4408,10.4376,187.1749,9.1105,56.7963,3.1238,15.2839,0.8406,14.1474,0.7781,13.5193,0.7436,12.7028,0.6986,12.041,0.6623,10.51,0.578,0.0,0.0,0.0,0.0,0.0,0.0,0.0,,0.0,0.0,0.0,0.0,0.0,0.0,0.0,0.0,0.0,0.0,0.0,0.0,0.0,0.0,0.0,0.0,0.0,0.0,0.0,0.0,0.0,0.0,0.0,0.0,0.0,0.0,0.0,0.0,0.644,0.7237,0.2875
611,64,0.001,3,10,100,32,8,128,184,435241,73,30,"{'sourceA': ['event_time', 'mcc_code', 'term_id'], 'sourceB': ['event_time', 'tr_type', 'amount']}",gender/checkpoints_large_30/model_64_0.001_3_10_100_128_32_8_128epoch=11.ckpt,11,30,0.0,44.4741,3.0583,0.0011,4.5584,1.2322,11.0683,0.659,,1027.9092,50.0354,273.7193,13.3238,253.7244,12.3505,242.7007,11.8139,228.5259,11.1239,216.9762,10.5617,189.6437,9.2313,56.2813,3.1285,14.987,0.8331,13.8922,0.7722,13.2886,0.7387,12.5125,0.6955,11.8801,0.6604,10.3836,0.5772,0.0,0.0,0.0,0.0,0.0,0.0,0.0,,0.0,0.0,0.0,0.0,0.0,0.0,0.0,0.0,0.0,0.0,0.0,0.0,0.0,0.0,0.0,0.0,0.0,0.0,0.0,0.0,0.0,0.0,0.0,0.0,0.0,0.0,0.0,0.0,0.66,0.7168,0.2875
612,64,0.001,3,10,100,32,8,128,184,435241,73,30,"{'sourceA': ['event_time', 'mcc_code', 'term_id'], 'sourceB': ['event_time', 'tr_type', 'amount']}",gender/checkpoints_large_30/model_64_0.001_3_10_100_128_32_8_128epoch=12.ckpt,12,30,0.0,44.8426,3.1355,0.001,4.5671,1.2289,10.7099,0.6623,,1030.3224,50.1315,275.2611,13.3931,255.3891,12.4262,244.4449,11.8937,230.0457,11.1931,218.3552,10.6243,191.7708,9.3308,55.007,3.0326,14.6957,0.8102,13.6348,0.7517,13.0505,0.7195,12.2817,0.6771,11.6576,0.6427,10.2383,0.5645,0.0,0.0,0.0,0.0,0.0,0.0,0.0,,0.0,0.0,0.0,0.0,0.0,0.0,0.0,0.0,0.0,0.0,0.0,0.0,0.0,0.0,0.0,0.0,0.0,0.0,0.0,0.0,0.0,0.0,0.0,0.0,0.0,0.0,0.0,0.0,0.656,0.7,0.2875
613,64,0.001,3,10,100,32,8,128,184,435241,73,30,"{'sourceA': ['event_time', 'mcc_code', 'term_id'], 'sourceB': ['event_time', 'tr_type', 'amount']}",gender/checkpoints_large_30/model_64_0.001_3_10_100_128_32_8_128epoch=13.ckpt,13,30,0.0,45.2288,3.1136,0.0011,4.5772,1.2294,11.0645,0.6621,,1045.1613,50.8605,275.9666,13.4293,256.3484,12.4746,245.4325,11.9434,231.4105,11.2611,219.762,10.6942,191.3906,9.3136,56.8262,3.1019,15.0045,0.819,13.9379,0.7608,13.3443,0.7284,12.582,0.6868,11.9486,0.6522,10.4061,0.568,0.0,0.0,0.0,0.0,0.0,0.0,0.0,,0.0,0.0,0.0,0.0,0.0,0.0,0.0,0.0,0.0,0.0,0.0,0.0,0.0,0.0,0.0,0.0,0.0,0.0,0.0,0.0,0.0,0.0,0.0,0.0,0.0,0.0,0.0,0.0,0.66,0.6966,0.2875
614,64,0.001,3,10,100,32,8,128,184,435241,73,30,"{'sourceA': ['event_time', 'mcc_code', 'term_id'], 'sourceB': ['event_time', 'tr_type', 'amount']}",gender/checkpoints_large_30/model_64_0.001_3_10_100_128_32_8_128epoch=14.ckpt,14,30,0.0,46.2008,3.0931,0.0011,4.5407,1.2408,11.6355,0.65,,1060.4829,51.6272,276.1558,13.444,256.3521,12.4799,245.5315,11.9531,231.4446,11.2674,220.0334,10.7118,191.8327,9.3389,54.0651,3.0204,14.0789,0.7865,13.0692,0.7301,12.5176,0.6993,11.7994,0.6592,11.2176,0.6267,9.7799,0.5464,0.0,0.0,0.0,0.0,0.0,0.0,0.0,,0.0,0.0,0.0,0.0,0.0,0.0,0.0,0.0,0.0,0.0,0.0,0.0,0.0,0.0,0.0,0.0,0.0,0.0,0.0,0.0,0.0,0.0,0.0,0.0,0.0,0.0,0.0,0.0,0.672,0.7114,0.2875
615,64,0.001,3,10,100,32,8,128,184,435241,73,30,"{'sourceA': ['event_time', 'mcc_code', 'term_id'], 'sourceB': ['event_time', 'tr_type', 'amount']}",gender/checkpoints_large_30/model_64_0.001_3_10_100_128_32_8_128epoch=15.ckpt,15,30,0.0,45.9585,3.1372,0.001,4.5659,1.2292,11.4109,0.6621,,1060.714,51.6387,277.3862,13.504,257.6883,12.545,246.8985,12.0198,232.896,11.3381,221.3158,10.7743,192.7352,9.3829,51.8401,2.9557,13.5567,0.7729,12.594,0.7181,12.0666,0.688,11.3823,0.649,10.8163,0.6167,9.4195,0.5371,0.0,0.0,0.0,0.0,0.0,0.0,0.0,,0.0,0.0,0.0,0.0,0.0,0.0,0.0,0.0,0.0,0.0,0.0,0.0,0.0,0.0,0.0,0.0,0.0,0.0,0.0,0.0,0.0,0.0,0.0,0.0,0.0,0.0,0.0,0.0,0.648,0.7135,0.2875
616,64,0.001,3,10,100,32,8,128,184,435241,73,30,"{'sourceA': ['event_time', 'mcc_code', 'term_id'], 'sourceB': ['event_time', 'tr_type', 'amount']}",gender/checkpoints_large_30/model_64_0.001_3_10_100_128_32_8_128epoch=16.ckpt,16,30,0.0,46.5107,3.1468,0.001,4.577,1.2339,11.7819,0.6569,,1070.2014,52.0746,277.9541,13.5249,258.5534,12.5809,247.7505,12.0552,233.7422,11.3736,222.457,10.8245,194.6984,9.4738,53.4594,2.9849,13.8845,0.7752,12.9154,0.7211,12.3758,0.691,11.676,0.6519,11.1123,0.6204,9.7257,0.543,0.0,0.0,0.0,0.0,0.0,0.0,0.0,,0.0,0.0,0.0,0.0,0.0,0.0,0.0,0.0,0.0,0.0,0.0,0.0,0.0,0.0,0.0,0.0,0.0,0.0,0.0,0.0,0.0,0.0,0.0,0.0,0.0,0.0,0.0,0.0,0.656,0.6975,0.2875
617,64,0.001,3,10,100,32,8,128,184,435241,73,30,"{'sourceA': ['event_time', 'mcc_code', 'term_id'], 'sourceB': ['event_time', 'tr_type', 'amount']}",gender/checkpoints_large_30/model_64_0.001_3_10_100_128_32_8_128epoch=17.ckpt,17,30,0.0,46.9518,3.0135,0.001,4.5839,1.2353,11.5778,0.6557,,1078.5884,52.4783,278.5198,13.5513,258.9343,12.5984,248.091,12.0708,234.2278,11.3963,222.5692,10.829,195.0569,9.4904,55.2149,3.0786,14.2579,0.795,13.2553,0.7391,12.7002,0.7081,11.9905,0.6686,11.3937,0.6353,9.9853,0.5568,0.0,0.0,0.0,0.0,0.0,0.0,0.0,,0.0,0.0,0.0,0.0,0.0,0.0,0.0,0.0,0.0,0.0,0.0,0.0,0.0,0.0,0.0,0.0,0.0,0.0,0.0,0.0,0.0,0.0,0.0,0.0,0.0,0.0,0.0,0.0,0.652,0.6984,0.2875
618,64,0.001,3,10,100,32,8,128,184,435241,73,30,"{'sourceA': ['event_time', 'mcc_code', 'term_id'], 'sourceB': ['event_time', 'tr_type', 'amount']}",gender/checkpoints_large_30/model_64_0.001_3_10_100_128_32_8_128epoch=18.ckpt,18,30,0.0,47.2563,3.1591,0.0009,4.5804,1.2315,11.0946,0.66,,1088.2836,52.9675,280.1471,13.6349,260.5428,12.6808,249.6513,12.1507,235.7189,11.4726,224.3695,10.9202,195.8655,9.5329,56.12,3.0991,14.4465,0.7978,13.4355,0.7419,12.8739,0.7109,12.1554,0.6712,11.5702,0.6389,10.1003,0.5578,0.0,0.0,0.0,0.0,0.0,0.0,0.0,,0.0,0.0,0.0,0.0,0.0,0.0,0.0,0.0,0.0,0.0,0.0,0.0,0.0,0.0,0.0,0.0,0.0,0.0,0.0,0.0,0.0,0.0,0.0,0.0,0.0,0.0,0.0,0.0,0.692,0.7206,0.2875
619,64,0.001,3,10,100,32,8,128,184,435241,73,30,"{'sourceA': ['event_time', 'mcc_code', 'term_id'], 'sourceB': ['event_time', 'tr_type', 'amount']}",gender/checkpoints_large_30/model_64_0.001_3_10_100_128_32_8_128epoch=19.ckpt,19,30,0.0,47.6396,3.0425,0.0009,4.5675,1.2329,11.2131,0.658,,1100.5232,53.5103,280.9303,13.6596,261.4826,12.714,250.9411,12.2014,237.2509,11.5358,226.0973,10.9934,198.7445,9.6635,55.0683,3.0541,14.0573,0.7796,13.0841,0.7257,12.5567,0.6964,11.8716,0.6584,11.3135,0.6275,9.9448,0.5515,0.0,0.0,0.0,0.0,0.0,0.0,0.0,,0.0,0.0,0.0,0.0,0.0,0.0,0.0,0.0,0.0,0.0,0.0,0.0,0.0,0.0,0.0,0.0,0.0,0.0,0.0,0.0,0.0,0.0,0.0,0.0,0.0,0.0,0.0,0.0,0.672,0.7273,0.2875
620,64,0.001,3,10,100,32,8,128,184,435241,73,30,"{'sourceA': ['event_time', 'mcc_code', 'term_id'], 'sourceB': ['event_time', 'tr_type', 'amount']}",gender/checkpoints_large_30/model_64_0.001_3_10_100_128_32_8_128epoch=20.ckpt,20,30,0.0,47.2936,3.0885,0.0009,4.6123,1.2278,11.3438,0.6636,,1091.8918,53.1061,281.1428,13.6739,261.7384,12.7301,250.959,12.2058,237.1034,11.5319,225.5123,10.9682,196.2687,9.5459,52.7408,2.9482,13.5798,0.7591,12.6426,0.7067,12.1219,0.6776,11.4526,0.6402,10.8927,0.6089,9.4802,0.5299,0.0,0.0,0.0,0.0,0.0,0.0,0.0,,0.0,0.0,0.0,0.0,0.0,0.0,0.0,0.0,0.0,0.0,0.0,0.0,0.0,0.0,0.0,0.0,0.0,0.0,0.0,0.0,0.0,0.0,0.0,0.0,0.0,0.0,0.0,0.0,0.68,0.7165,0.2875
621,64,0.001,3,10,100,32,8,128,184,435241,73,30,"{'sourceA': ['event_time', 'mcc_code', 'term_id'], 'sourceB': ['event_time', 'tr_type', 'amount']}",gender/checkpoints_large_30/model_64_0.001_3_10_100_128_32_8_128epoch=21.ckpt,21,30,0.0,47.359,3.067,0.0009,4.6392,1.2275,11.3827,0.664,,1099.0438,53.4641,281.9067,13.7136,262.3976,12.7646,251.6015,12.2394,237.5918,11.5579,226.0757,10.9977,196.9807,9.5823,53.4138,2.9687,13.7007,0.7615,12.7526,0.7088,12.2279,0.6796,11.547,0.6418,10.9873,0.6107,9.5733,0.5321,0.0,0.0,0.0,0.0,0.0,0.0,0.0,,0.0,0.0,0.0,0.0,0.0,0.0,0.0,0.0,0.0,0.0,0.0,0.0,0.0,0.0,0.0,0.0,0.0,0.0,0.0,0.0,0.0,0.0,0.0,0.0,0.0,0.0,0.0,0.0,0.668,0.741,0.2875
622,64,0.001,3,10,100,32,8,128,184,435241,73,30,"{'sourceA': ['event_time', 'mcc_code', 'term_id'], 'sourceB': ['event_time', 'tr_type', 'amount']}",gender/checkpoints_large_30/model_64_0.001_3_10_100_128_32_8_128epoch=22.ckpt,22,30,0.0,47.8199,3.1914,0.0009,4.604,1.2293,11.6164,0.6621,,1102.6243,53.6793,281.869,13.7223,262.5116,12.7799,251.8691,12.2618,238.1852,11.5956,226.9837,11.0503,198.4287,9.6601,53.6824,2.996,13.7231,0.7659,12.7806,0.7133,12.2625,0.6844,11.5963,0.6472,11.0509,0.6167,9.6607,0.5392,0.0,0.0,0.0,0.0,0.0,0.0,0.0,,0.0,0.0,0.0,0.0,0.0,0.0,0.0,0.0,0.0,0.0,0.0,0.0,0.0,0.0,0.0,0.0,0.0,0.0,0.0,0.0,0.0,0.0,0.0,0.0,0.0,0.0,0.0,0.0,0.684,0.7229,0.2875
623,64,0.001,3,10,100,32,8,128,184,435241,73,30,"{'sourceA': ['event_time', 'mcc_code', 'term_id'], 'sourceB': ['event_time', 'tr_type', 'amount']}",gender/checkpoints_large_30/model_64_0.001_3_10_100_128_32_8_128epoch=23.ckpt,23,30,0.0,47.3862,3.095,0.0009,4.6432,1.2219,11.3182,0.6699,,1099.1016,53.4677,281.6723,13.7024,262.3909,12.7645,251.8522,12.2518,238.0666,11.5812,226.9818,11.0419,198.5181,9.6573,52.7658,2.9421,13.5226,0.754,12.5969,0.7024,12.091,0.6742,11.4291,0.6373,10.897,0.6076,9.5305,0.5314,0.0,0.0,0.0,0.0,0.0,0.0,0.0,,0.0,0.0,0.0,0.0,0.0,0.0,0.0,0.0,0.0,0.0,0.0,0.0,0.0,0.0,0.0,0.0,0.0,0.0,0.0,0.0,0.0,0.0,0.0,0.0,0.0,0.0,0.0,0.0,0.692,0.7152,0.2875
624,64,0.001,3,10,100,32,8,128,184,435241,73,30,"{'sourceA': ['event_time', 'mcc_code', 'term_id'], 'sourceB': ['event_time', 'tr_type', 'amount']}",gender/checkpoints_large_30/model_64_0.001_3_10_100_128_32_8_128epoch=24.ckpt,24,30,0.0,47.6641,3.1752,0.0008,4.6577,1.2255,11.3743,0.6663,,1105.634,53.7983,282.8383,13.7624,263.3458,12.814,252.8156,12.3016,238.9054,11.6247,227.4495,11.0673,198.8142,9.674,52.0694,2.9036,13.3202,0.7428,12.4022,0.6916,11.9063,0.664,11.2512,0.6274,10.7116,0.5973,9.3631,0.5221,0.0,0.0,0.0,0.0,0.0,0.0,0.0,,0.0,0.0,0.0,0.0,0.0,0.0,0.0,0.0,0.0,0.0,0.0,0.0,0.0,0.0,0.0,0.0,0.0,0.0,0.0,0.0,0.0,0.0,0.0,0.0,0.0,0.0,0.0,0.0,0.676,0.7229,0.2875
625,64,0.001,3,10,100,32,8,128,184,435241,73,30,"{'sourceA': ['event_time', 'mcc_code', 'term_id'], 'sourceB': ['event_time', 'tr_type', 'amount']}",gender/checkpoints_large_30/model_64_0.001_3_10_100_128_32_8_128epoch=25.ckpt,25,30,0.0,47.8168,3.103,0.0009,4.634,1.2233,11.5414,0.669,,1106.2668,53.8549,282.7037,13.7625,263.4019,12.8228,252.7848,12.306,238.9321,11.6316,227.6453,11.0821,198.9371,9.6846,51.9021,2.9414,13.2635,0.7517,12.3579,0.7003,11.8598,0.6721,11.2098,0.6353,10.6803,0.6053,9.3334,0.5289,0.0,0.0,0.0,0.0,0.0,0.0,0.0,,0.0,0.0,0.0,0.0,0.0,0.0,0.0,0.0,0.0,0.0,0.0,0.0,0.0,0.0,0.0,0.0,0.0,0.0,0.0,0.0,0.0,0.0,0.0,0.0,0.0,0.0,0.0,0.0,0.692,0.743,0.2875
626,64,0.001,3,10,100,32,8,128,184,435241,73,30,"{'sourceA': ['event_time', 'mcc_code', 'term_id'], 'sourceB': ['event_time', 'tr_type', 'amount']}",gender/checkpoints_large_30/model_64_0.001_3_10_100_128_32_8_128epoch=26.ckpt,26,30,0.0,47.8293,3.0446,0.0008,4.648,1.2241,11.4796,0.6677,,1109.0626,53.9365,283.5425,13.7894,264.2617,12.8517,253.638,12.3351,239.63,11.6538,228.1865,11.0973,199.4416,9.6993,51.3939,2.8774,13.1393,0.7356,12.2459,0.6856,11.7536,0.658,11.1044,0.6217,10.5742,0.592,9.2421,0.5174,0.0,0.0,0.0,0.0,0.0,0.0,0.0,,0.0,0.0,0.0,0.0,0.0,0.0,0.0,0.0,0.0,0.0,0.0,0.0,0.0,0.0,0.0,0.0,0.0,0.0,0.0,0.0,0.0,0.0,0.0,0.0,0.0,0.0,0.0,0.0,0.7,0.7256,0.2875
627,64,0.001,3,10,100,32,8,128,184,435241,73,30,"{'sourceA': ['event_time', 'mcc_code', 'term_id'], 'sourceB': ['event_time', 'tr_type', 'amount']}",gender/checkpoints_large_30/model_64_0.001_3_10_100_128_32_8_128epoch=27.ckpt,27,30,0.0,48.2286,3.1239,0.0009,4.6347,1.2262,11.7494,0.6653,,1109.8983,53.9899,283.1486,13.7735,263.8123,12.8329,253.338,12.3234,239.5895,11.6546,228.4344,11.112,200.0087,9.7292,51.5853,2.9156,13.16,0.7438,12.2613,0.693,11.7745,0.6655,11.1355,0.6294,10.6171,0.6001,9.2959,0.5254,0.0,0.0,0.0,0.0,0.0,0.0,0.0,,0.0,0.0,0.0,0.0,0.0,0.0,0.0,0.0,0.0,0.0,0.0,0.0,0.0,0.0,0.0,0.0,0.0,0.0,0.0,0.0,0.0,0.0,0.0,0.0,0.0,0.0,0.0,0.0,0.676,0.7161,0.2875
628,64,0.001,3,10,100,32,8,128,184,435241,73,30,"{'sourceA': ['event_time', 'mcc_code', 'term_id'], 'sourceB': ['event_time', 'tr_type', 'amount']}",gender/checkpoints_large_30/model_64_0.001_3_10_100_128_32_8_128epoch=28.ckpt,28,30,0.0,48.242,3.1545,0.0009,4.6441,1.2275,11.7101,0.6643,,1116.9552,54.3528,283.5611,13.7985,264.3332,12.8629,253.8538,12.3529,240.1106,11.6842,228.8124,11.1344,199.8693,9.726,52.018,2.9084,13.2058,0.7384,12.3103,0.6883,11.8223,0.661,11.1822,0.6252,10.6561,0.5958,9.3082,0.5204,0.0,0.0,0.0,0.0,0.0,0.0,0.0,,0.0,0.0,0.0,0.0,0.0,0.0,0.0,0.0,0.0,0.0,0.0,0.0,0.0,0.0,0.0,0.0,0.0,0.0,0.0,0.0,0.0,0.0,0.0,0.0,0.0,0.0,0.0,0.0,0.704,0.7391,0.2875
629,64,0.001,3,10,100,32,8,128,184,435241,73,30,"{'sourceA': ['event_time', 'mcc_code', 'term_id'], 'sourceB': ['event_time', 'tr_type', 'amount']}",gender/checkpoints_large_30/model_64_0.001_3_10_100_128_32_8_128epoch=29.ckpt,29,30,0.0,47.6767,3.0571,0.0008,4.6811,1.2173,11.8644,0.6749,,1105.888,53.8096,283.3786,13.7885,264.0423,12.8476,253.4756,12.3335,239.5574,11.6562,228.3663,11.1117,199.1736,9.6913,49.7885,2.7973,12.7581,0.7168,11.8875,0.6679,11.4118,0.6411,10.7852,0.6059,10.2813,0.5776,8.9671,0.5038,0.0,0.0,0.0,0.0,0.0,0.0,0.0,,0.0,0.0,0.0,0.0,0.0,0.0,0.0,0.0,0.0,0.0,0.0,0.0,0.0,0.0,0.0,0.0,0.0,0.0,0.0,0.0,0.0,0.0,0.0,0.0,0.0,0.0,0.0,0.0,0.708,0.7241,0.2875
630,64,0.001,3,10,150,32,8,128,184,435241,73,30,"{'sourceA': ['event_time', 'mcc_code', 'term_id'], 'sourceB': ['event_time', 'tr_type', 'amount']}",gender/checkpoints_large_30/model_64_0.001_3_10_150_128_32_8_128epoch=00.ckpt,0,30,0.3169389,29.4445,3.3373,0.0013,4.5744,1.4117,5.6332,0.5177,,575.3272,28.5492,215.0229,10.67,188.9822,9.3778,175.1563,8.6917,157.7752,7.8292,145.0159,7.196,118.5211,5.8813,35.705,2.234,13.3444,0.8349,11.7283,0.7338,10.8703,0.6801,9.7916,0.6126,8.9997,0.5631,7.3555,0.4602,0.0,0.0,0.0,0.0,0.0,0.0,0.0,,0.0,0.0,0.0,0.0,0.0,0.0,0.0,0.0,0.0,0.0,0.0,0.0,0.0,0.0,0.0,0.0,0.0,0.0,0.0,0.0,0.0,0.0,0.0,0.0,0.0,0.0,0.0,0.0,0.536,0.5285,0.2875
631,64,0.001,3,10,150,32,8,128,184,435241,73,30,"{'sourceA': ['event_time', 'mcc_code', 'term_id'], 'sourceB': ['event_time', 'tr_type', 'amount']}",gender/checkpoints_large_30/model_64_0.001_3_10_150_128_32_8_128epoch=01.ckpt,1,30,0.3413234,31.0678,3.3239,0.0014,4.2985,1.3784,7.4608,0.5382,,673.2192,33.2684,222.5102,10.9957,198.6801,9.8181,186.1472,9.1988,170.2625,8.4138,158.2152,7.8185,130.9773,6.4725,46.9981,2.7816,15.5337,0.9194,13.8701,0.8209,12.9951,0.7691,11.8862,0.7035,11.0452,0.6537,9.1437,0.5412,0.0,0.0,0.0,0.0,0.0,0.0,0.0,,0.0,0.0,0.0,0.0,0.0,0.0,0.0,0.0,0.0,0.0,0.0,0.0,0.0,0.0,0.0,0.0,0.0,0.0,0.0,0.0,0.0,0.0,0.0,0.0,0.0,0.0,0.0,0.0,0.552,0.5694,0.2875
632,64,0.001,3,10,150,32,8,128,184,435241,73,30,"{'sourceA': ['event_time', 'mcc_code', 'term_id'], 'sourceB': ['event_time', 'tr_type', 'amount']}",gender/checkpoints_large_30/model_64_0.001_3_10_150_128_32_8_128epoch=02.ckpt,2,30,0.3585464,32.1368,3.3101,0.0014,4.1837,1.3474,7.3818,0.5572,,753.9506,37.0507,226.2905,11.1204,204.0376,10.0268,192.3482,9.4524,177.6836,8.7317,166.9093,8.2023,144.5236,7.1022,52.3031,2.9611,15.6982,0.8887,14.1545,0.8013,13.3436,0.7554,12.3263,0.6978,11.5788,0.6555,10.0259,0.5676,0.0,0.0,0.0,0.0,0.0,0.0,0.0,,0.0,0.0,0.0,0.0,0.0,0.0,0.0,0.0,0.0,0.0,0.0,0.0,0.0,0.0,0.0,0.0,0.0,0.0,0.0,0.0,0.0,0.0,0.0,0.0,0.0,0.0,0.0,0.0,0.6,0.5878,0.2875
633,64,0.001,3,10,150,32,8,128,184,435241,73,30,"{'sourceA': ['event_time', 'mcc_code', 'term_id'], 'sourceB': ['event_time', 'tr_type', 'amount']}",gender/checkpoints_large_30/model_64_0.001_3_10_150_128_32_8_128epoch=03.ckpt,3,30,0.37452653,33.0837,3.2767,0.0014,4.1559,1.3254,7.3438,0.5722,,803.6217,39.3297,233.0883,11.4075,211.5067,10.3512,199.8004,9.7783,184.9804,9.053,173.8383,8.5077,152.19,7.4483,61.144,3.4174,17.7346,0.9912,16.0926,0.8994,15.2019,0.8497,14.0743,0.7866,13.2266,0.7392,11.5795,0.6472,0.0,0.0,0.0,0.0,0.0,0.0,0.0,,0.0,0.0,0.0,0.0,0.0,0.0,0.0,0.0,0.0,0.0,0.0,0.0,0.0,0.0,0.0,0.0,0.0,0.0,0.0,0.0,0.0,0.0,0.0,0.0,0.0,0.0,0.0,0.0,0.64,0.6351,0.2875
634,64,0.001,3,10,150,32,8,128,184,435241,73,30,"{'sourceA': ['event_time', 'mcc_code', 'term_id'], 'sourceB': ['event_time', 'tr_type', 'amount']}",gender/checkpoints_large_30/model_64_0.001_3_10_150_128_32_8_128epoch=04.ckpt,4,30,0.3864228,35.4242,3.2482,0.0015,4.1792,1.3393,7.8732,0.5607,,852.8588,41.7088,238.5241,11.665,217.4272,10.6332,206.1385,10.0811,192.1176,9.3955,181.6792,8.885,158.5785,7.7552,64.6539,3.4613,18.0821,0.968,16.4828,0.8824,15.627,0.8366,14.5641,0.7797,13.7728,0.7373,12.0216,0.6436,0.0,0.0,0.0,0.0,0.0,0.0,0.0,,0.0,0.0,0.0,0.0,0.0,0.0,0.0,0.0,0.0,0.0,0.0,0.0,0.0,0.0,0.0,0.0,0.0,0.0,0.0,0.0,0.0,0.0,0.0,0.0,0.0,0.0,0.0,0.0,0.652,0.6377,0.2875
635,64,0.001,3,10,150,32,8,128,184,435241,73,30,"{'sourceA': ['event_time', 'mcc_code', 'term_id'], 'sourceB': ['event_time', 'tr_type', 'amount']}",gender/checkpoints_large_30/model_64_0.001_3_10_150_128_32_8_128epoch=05.ckpt,5,30,0.39245975,35.8596,3.2635,0.0013,4.2517,1.2998,8.4405,0.5943,,872.5391,42.6177,244.4621,11.9403,223.8611,10.9341,212.807,10.3942,198.7026,9.7053,187.4777,9.157,161.6085,7.8935,65.3918,3.5123,18.321,0.9841,16.7771,0.9011,15.9487,0.8566,14.8916,0.7999,14.0504,0.7547,12.1116,0.6505,0.0,0.0,0.0,0.0,0.0,0.0,0.0,,0.0,0.0,0.0,0.0,0.0,0.0,0.0,0.0,0.0,0.0,0.0,0.0,0.0,0.0,0.0,0.0,0.0,0.0,0.0,0.0,0.0,0.0,0.0,0.0,0.0,0.0,0.0,0.0,0.644,0.632,0.2875
636,64,0.001,3,10,150,32,8,128,184,435241,73,30,"{'sourceA': ['event_time', 'mcc_code', 'term_id'], 'sourceB': ['event_time', 'tr_type', 'amount']}",gender/checkpoints_large_30/model_64_0.001_3_10_150_128_32_8_128epoch=06.ckpt,6,30,0.39985797,37.0178,3.2471,0.0011,4.3136,1.2853,8.7851,0.6072,,899.1954,43.8772,250.0237,12.2002,229.5345,11.2004,218.3082,10.6526,204.1399,9.9612,193.1533,9.4251,167.6671,8.1815,67.4681,3.5323,18.7597,0.9822,17.2223,0.9017,16.38,0.8576,15.317,0.8019,14.4926,0.7588,12.5803,0.6586,0.0,0.0,0.0,0.0,0.0,0.0,0.0,,0.0,0.0,0.0,0.0,0.0,0.0,0.0,0.0,0.0,0.0,0.0,0.0,0.0,0.0,0.0,0.0,0.0,0.0,0.0,0.0,0.0,0.0,0.0,0.0,0.0,0.0,0.0,0.0,0.652,0.6471,0.2875
637,64,0.001,3,10,150,32,8,128,184,435241,73,30,"{'sourceA': ['event_time', 'mcc_code', 'term_id'], 'sourceB': ['event_time', 'tr_type', 'amount']}",gender/checkpoints_large_30/model_64_0.001_3_10_150_128_32_8_128epoch=07.ckpt,7,30,0.40121925,38.611,3.2167,0.0012,4.3362,1.2997,8.8937,0.5936,,932.9236,45.4751,253.3388,12.3489,233.0582,11.3604,222.1088,10.8266,208.3216,10.1546,197.5544,9.6297,173.6739,8.4657,72.0049,3.7301,19.5532,1.0129,17.9879,0.9318,17.1428,0.8881,16.0787,0.8329,15.2476,0.7899,13.4045,0.6944,0.0,0.0,0.0,0.0,0.0,0.0,0.0,,0.0,0.0,0.0,0.0,0.0,0.0,0.0,0.0,0.0,0.0,0.0,0.0,0.0,0.0,0.0,0.0,0.0,0.0,0.0,0.0,0.0,0.0,0.0,0.0,0.0,0.0,0.0,0.0,0.636,0.6441,0.2875
638,64,0.001,3,10,150,32,8,128,184,435241,73,30,"{'sourceA': ['event_time', 'mcc_code', 'term_id'], 'sourceB': ['event_time', 'tr_type', 'amount']}",gender/checkpoints_large_30/model_64_0.001_3_10_150_128_32_8_128epoch=08.ckpt,8,30,0.4073745,39.4005,3.2382,0.0012,4.3627,1.2876,8.5948,0.6057,,949.3398,46.2689,256.7118,12.5116,236.7349,11.538,225.7469,11.0024,211.8783,10.3265,200.326,9.7635,172.2369,8.3945,69.577,3.6466,18.8144,0.9861,17.3503,0.9094,16.545,0.8671,15.5285,0.8139,14.6819,0.7695,12.6232,0.6616,0.0,0.0,0.0,0.0,0.0,0.0,0.0,,0.0,0.0,0.0,0.0,0.0,0.0,0.0,0.0,0.0,0.0,0.0,0.0,0.0,0.0,0.0,0.0,0.0,0.0,0.0,0.0,0.0,0.0,0.0,0.0,0.0,0.0,0.0,0.0,0.668,0.6453,0.2875
639,64,0.001,3,10,150,32,8,128,184,435241,73,30,"{'sourceA': ['event_time', 'mcc_code', 'term_id'], 'sourceB': ['event_time', 'tr_type', 'amount']}",gender/checkpoints_large_30/model_64_0.001_3_10_150_128_32_8_128epoch=09.ckpt,9,30,0.41039297,39.8689,3.1898,0.001,4.4345,1.2723,8.9801,0.6194,,953.3399,46.4695,259.2962,12.6391,239.1271,11.656,228.019,11.1145,213.9722,10.4298,202.647,9.8778,174.5404,8.5078,66.0218,3.4431,17.9571,0.9365,16.5603,0.8636,15.7911,0.8235,14.8183,0.7728,14.034,0.7319,12.0875,0.6304,0.0,0.0,0.0,0.0,0.0,0.0,0.0,,0.0,0.0,0.0,0.0,0.0,0.0,0.0,0.0,0.0,0.0,0.0,0.0,0.0,0.0,0.0,0.0,0.0,0.0,0.0,0.0,0.0,0.0,0.0,0.0,0.0,0.0,0.0,0.0,0.672,0.6796,0.2875
640,64,0.001,3,10,150,32,8,128,184,435241,73,30,"{'sourceA': ['event_time', 'mcc_code', 'term_id'], 'sourceB': ['event_time', 'tr_type', 'amount']}",gender/checkpoints_large_30/model_64_0.001_3_10_150_128_32_8_128epoch=10.ckpt,10,30,0.4150095,39.5856,3.2649,0.001,4.4741,1.2565,9.1144,0.6346,,951.8386,46.3533,260.8708,12.7041,240.6986,11.7217,229.7581,11.1889,215.7951,10.5089,204.4009,9.954,175.7115,8.5569,63.4734,3.3751,17.3962,0.925,16.051,0.8535,15.3214,0.8147,14.3903,0.7652,13.6305,0.7248,11.7173,0.6231,0.0,0.0,0.0,0.0,0.0,0.0,0.0,,0.0,0.0,0.0,0.0,0.0,0.0,0.0,0.0,0.0,0.0,0.0,0.0,0.0,0.0,0.0,0.0,0.0,0.0,0.0,0.0,0.0,0.0,0.0,0.0,0.0,0.0,0.0,0.0,0.664,0.676,0.2875
641,64,0.001,3,10,150,32,8,128,184,435241,73,30,"{'sourceA': ['event_time', 'mcc_code', 'term_id'], 'sourceB': ['event_time', 'tr_type', 'amount']}",gender/checkpoints_large_30/model_64_0.001_3_10_150_128_32_8_128epoch=11.ckpt,11,30,0.41861975,40.552,3.2627,0.001,4.4729,1.2639,9.6626,0.6275,,965.663,47.0786,263.5927,12.8508,243.5405,11.8732,232.6933,11.3444,218.6992,10.6622,207.4543,10.1139,178.0836,8.682,65.4972,3.4371,17.8785,0.9382,16.5184,0.8668,15.7827,0.8282,14.8335,0.7784,14.0708,0.7384,12.0787,0.6338,0.0,0.0,0.0,0.0,0.0,0.0,0.0,,0.0,0.0,0.0,0.0,0.0,0.0,0.0,0.0,0.0,0.0,0.0,0.0,0.0,0.0,0.0,0.0,0.0,0.0,0.0,0.0,0.0,0.0,0.0,0.0,0.0,0.0,0.0,0.0,0.652,0.6558,0.2875
642,64,0.001,3,10,150,32,8,128,184,435241,73,30,"{'sourceA': ['event_time', 'mcc_code', 'term_id'], 'sourceB': ['event_time', 'tr_type', 'amount']}",gender/checkpoints_large_30/model_64_0.001_3_10_150_128_32_8_128epoch=12.ckpt,12,30,0.41690347,40.6534,3.2279,0.001,4.4894,1.2612,9.4309,0.6301,,974.4209,47.4402,264.4347,12.8741,244.3895,11.8982,233.5954,11.3727,219.715,10.6969,208.3867,10.1454,179.4902,8.7386,64.7463,3.4033,17.5706,0.9236,16.2387,0.8536,15.5215,0.8159,14.5992,0.7674,13.8464,0.7278,11.9264,0.6269,0.0,0.0,0.0,0.0,0.0,0.0,0.0,,0.0,0.0,0.0,0.0,0.0,0.0,0.0,0.0,0.0,0.0,0.0,0.0,0.0,0.0,0.0,0.0,0.0,0.0,0.0,0.0,0.0,0.0,0.0,0.0,0.0,0.0,0.0,0.0,0.64,0.6356,0.2875
643,64,0.001,3,10,150,32,8,128,184,435241,73,30,"{'sourceA': ['event_time', 'mcc_code', 'term_id'], 'sourceB': ['event_time', 'tr_type', 'amount']}",gender/checkpoints_large_30/model_64_0.001_3_10_150_128_32_8_128epoch=13.ckpt,13,30,0.42163822,40.6249,3.2365,0.0009,4.5241,1.2521,9.4528,0.6388,,976.2139,47.5636,264.5346,12.8888,244.4519,11.9103,233.4355,11.3736,219.4937,10.6943,208.1718,10.1427,179.8708,8.7638,60.8852,3.2879,16.4987,0.891,15.2462,0.8233,14.5591,0.7862,13.6895,0.7393,12.9834,0.7011,11.2183,0.6058,0.0,0.0,0.0,0.0,0.0,0.0,0.0,,0.0,0.0,0.0,0.0,0.0,0.0,0.0,0.0,0.0,0.0,0.0,0.0,0.0,0.0,0.0,0.0,0.0,0.0,0.0,0.0,0.0,0.0,0.0,0.0,0.0,0.0,0.0,0.0,0.636,0.6612,0.2875
644,64,0.001,3,10,150,32,8,128,184,435241,73,30,"{'sourceA': ['event_time', 'mcc_code', 'term_id'], 'sourceB': ['event_time', 'tr_type', 'amount']}",gender/checkpoints_large_30/model_64_0.001_3_10_150_128_32_8_128epoch=14.ckpt,14,30,0.41696262,40.4252,3.2344,0.0009,4.5731,1.2365,9.6704,0.6552,,965.7325,47.0719,266.0567,12.9682,245.8687,11.9842,234.9994,11.4544,220.9443,10.7693,209.4501,10.2091,180.0025,8.7737,62.6002,3.2878,17.2462,0.9058,15.9376,0.837,15.233,0.8,14.3219,0.7522,13.5769,0.7131,11.668,0.6128,0.0,0.0,0.0,0.0,0.0,0.0,0.0,,0.0,0.0,0.0,0.0,0.0,0.0,0.0,0.0,0.0,0.0,0.0,0.0,0.0,0.0,0.0,0.0,0.0,0.0,0.0,0.0,0.0,0.0,0.0,0.0,0.0,0.0,0.0,0.0,0.676,0.6775,0.2875
645,64,0.001,3,10,150,32,8,128,184,435241,73,30,"{'sourceA': ['event_time', 'mcc_code', 'term_id'], 'sourceB': ['event_time', 'tr_type', 'amount']}",gender/checkpoints_large_30/model_64_0.001_3_10_150_128_32_8_128epoch=15.ckpt,15,30,0.42146075,41.433,3.1989,0.0009,4.5654,1.2476,9.5787,0.6433,,984.4335,47.9119,266.7965,12.9849,246.7465,12.009,235.9717,11.4846,221.9793,10.8036,210.7602,10.2576,182.8849,8.9009,62.5631,3.3539,16.9555,0.909,15.6813,0.8407,14.9966,0.8039,14.1073,0.7563,13.3943,0.7181,11.6228,0.6231,0.0,0.0,0.0,0.0,0.0,0.0,0.0,,0.0,0.0,0.0,0.0,0.0,0.0,0.0,0.0,0.0,0.0,0.0,0.0,0.0,0.0,0.0,0.0,0.0,0.0,0.0,0.0,0.0,0.0,0.0,0.0,0.0,0.0,0.0,0.0,0.696,0.6882,0.2875
646,64,0.001,3,10,150,32,8,128,184,435241,73,30,"{'sourceA': ['event_time', 'mcc_code', 'term_id'], 'sourceB': ['event_time', 'tr_type', 'amount']}",gender/checkpoints_large_30/model_64_0.001_3_10_150_128_32_8_128epoch=16.ckpt,16,30,0.42394656,41.3442,3.2069,0.0009,4.5879,1.2421,9.4058,0.6495,,980.8087,47.7771,267.1518,13.0135,246.8319,12.0237,235.747,11.4837,221.534,10.7914,210.1312,10.2359,180.7525,8.8048,64.3167,3.4074,17.5185,0.9281,16.186,0.8575,15.4591,0.819,14.5271,0.7696,13.7794,0.73,11.8529,0.628,0.0,0.0,0.0,0.0,0.0,0.0,0.0,,0.0,0.0,0.0,0.0,0.0,0.0,0.0,0.0,0.0,0.0,0.0,0.0,0.0,0.0,0.0,0.0,0.0,0.0,0.0,0.0,0.0,0.0,0.0,0.0,0.0,0.0,0.0,0.0,0.656,0.6605,0.2875
647,64,0.001,3,10,150,32,8,128,184,435241,73,30,"{'sourceA': ['event_time', 'mcc_code', 'term_id'], 'sourceB': ['event_time', 'tr_type', 'amount']}",gender/checkpoints_large_30/model_64_0.001_3_10_150_128_32_8_128epoch=17.ckpt,17,30,0.42341384,42.3402,3.2039,0.0009,4.5845,1.2529,9.6985,0.6381,,1001.7766,48.7826,268.0576,13.0533,248.4053,12.0964,237.685,11.5743,224.0044,10.9081,212.8057,10.3628,183.8474,8.9526,64.8147,3.4024,17.3433,0.9104,16.0718,0.8437,15.3782,0.8073,14.493,0.7608,13.7685,0.7228,11.8949,0.6244,0.0,0.0,0.0,0.0,0.0,0.0,0.0,,0.0,0.0,0.0,0.0,0.0,0.0,0.0,0.0,0.0,0.0,0.0,0.0,0.0,0.0,0.0,0.0,0.0,0.0,0.0,0.0,0.0,0.0,0.0,0.0,0.0,0.0,0.0,0.0,0.652,0.6655,0.2875
648,64,0.001,3,10,150,32,8,128,184,435241,73,30,"{'sourceA': ['event_time', 'mcc_code', 'term_id'], 'sourceB': ['event_time', 'tr_type', 'amount']}",gender/checkpoints_large_30/model_64_0.001_3_10_150_128_32_8_128epoch=18.ckpt,18,30,0.42660987,42.7384,3.2777,0.001,4.5586,1.2512,9.7983,0.6401,,1008.0897,49.1143,268.9786,13.1047,249.1487,12.1386,238.3985,11.6148,224.4149,10.9335,213.0986,10.3822,183.9457,8.9619,62.8755,3.3667,16.7764,0.8983,15.5396,0.8321,14.8691,0.7962,13.997,0.7495,13.2912,0.7117,11.4729,0.6143,0.0,0.0,0.0,0.0,0.0,0.0,0.0,,0.0,0.0,0.0,0.0,0.0,0.0,0.0,0.0,0.0,0.0,0.0,0.0,0.0,0.0,0.0,0.0,0.0,0.0,0.0,0.0,0.0,0.0,0.0,0.0,0.0,0.0,0.0,0.0,0.668,0.6758,0.2875
649,64,0.001,3,10,150,32,8,128,184,435241,73,30,"{'sourceA': ['event_time', 'mcc_code', 'term_id'], 'sourceB': ['event_time', 'tr_type', 'amount']}",gender/checkpoints_large_30/model_64_0.001_3_10_150_128_32_8_128epoch=19.ckpt,19,30,0.42223012,42.7054,3.2675,0.0011,4.6063,1.2498,9.8846,0.6418,,1006.2877,49.0028,269.4484,13.1212,249.4788,12.1488,238.7029,11.624,224.8242,10.9482,213.8566,10.4141,185.9475,9.055,62.377,3.3198,16.7024,0.8889,15.4645,0.823,14.7965,0.7875,13.9362,0.7417,13.2564,0.7055,11.5264,0.6134,0.0,0.0,0.0,0.0,0.0,0.0,0.0,,0.0,0.0,0.0,0.0,0.0,0.0,0.0,0.0,0.0,0.0,0.0,0.0,0.0,0.0,0.0,0.0,0.0,0.0,0.0,0.0,0.0,0.0,0.0,0.0,0.0,0.0,0.0,0.0,0.652,0.6706,0.2875
650,64,0.001,3,10,150,32,8,128,184,435241,73,30,"{'sourceA': ['event_time', 'mcc_code', 'term_id'], 'sourceB': ['event_time', 'tr_type', 'amount']}",gender/checkpoints_large_30/model_64_0.001_3_10_150_128_32_8_128epoch=20.ckpt,20,30,0.4247751,42.6357,3.2036,0.0009,4.6229,1.2447,9.7151,0.6465,,1004.4911,48.9005,270.556,13.1712,250.4969,12.1946,239.6511,11.6667,225.7187,10.9884,214.3617,10.4355,185.5588,9.0333,61.6464,3.3038,16.6042,0.8899,15.3732,0.8239,14.7076,0.7882,13.8525,0.7424,13.1555,0.705,11.3879,0.6103,0.0,0.0,0.0,0.0,0.0,0.0,0.0,,0.0,0.0,0.0,0.0,0.0,0.0,0.0,0.0,0.0,0.0,0.0,0.0,0.0,0.0,0.0,0.0,0.0,0.0,0.0,0.0,0.0,0.0,0.0,0.0,0.0,0.0,0.0,0.0,0.656,0.6878,0.2875
651,64,0.001,3,10,150,32,8,128,184,435241,73,30,"{'sourceA': ['event_time', 'mcc_code', 'term_id'], 'sourceB': ['event_time', 'tr_type', 'amount']}",gender/checkpoints_large_30/model_64_0.001_3_10_150_128_32_8_128epoch=21.ckpt,21,30,0.42317706,43.0228,3.2371,0.0012,4.59,1.2451,9.8171,0.6462,,1006.8906,49.0437,271.0881,13.2042,251.0541,12.2284,240.2996,11.7045,226.4099,11.028,214.9063,10.4677,185.8152,9.0507,60.2896,3.204,16.2319,0.8626,15.0324,0.7989,14.3884,0.7647,13.5567,0.7205,12.8679,0.6838,11.1261,0.5913,0.0,0.0,0.0,0.0,0.0,0.0,0.0,,0.0,0.0,0.0,0.0,0.0,0.0,0.0,0.0,0.0,0.0,0.0,0.0,0.0,0.0,0.0,0.0,0.0,0.0,0.0,0.0,0.0,0.0,0.0,0.0,0.0,0.0,0.0,0.0,0.62,0.67,0.2875
652,64,0.001,3,10,150,32,8,128,184,435241,73,30,"{'sourceA': ['event_time', 'mcc_code', 'term_id'], 'sourceB': ['event_time', 'tr_type', 'amount']}",gender/checkpoints_large_30/model_64_0.001_3_10_150_128_32_8_128epoch=22.ckpt,22,30,0.427616,42.9163,3.2386,0.001,4.6244,1.2413,9.9258,0.6499,,1007.2672,49.049,271.1273,13.2026,251.2665,12.2355,240.4569,11.7091,226.5182,11.0303,215.3051,10.4843,187.5183,9.1312,61.8846,3.2557,16.6576,0.8764,15.4373,0.8122,14.7732,0.7772,13.9169,0.7322,13.2279,0.6959,11.5208,0.6061,0.0,0.0,0.0,0.0,0.0,0.0,0.0,,0.0,0.0,0.0,0.0,0.0,0.0,0.0,0.0,0.0,0.0,0.0,0.0,0.0,0.0,0.0,0.0,0.0,0.0,0.0,0.0,0.0,0.0,0.0,0.0,0.0,0.0,0.0,0.0,0.656,0.6649,0.2875
653,64,0.001,3,10,150,32,8,128,184,435241,73,30,"{'sourceA': ['event_time', 'mcc_code', 'term_id'], 'sourceB': ['event_time', 'tr_type', 'amount']}",gender/checkpoints_large_30/model_64_0.001_3_10_150_128_32_8_128epoch=23.ckpt,23,30,0.42406484,42.7523,3.2165,0.001,4.6319,1.2398,10.144,0.6513,,1009.9156,49.1841,271.3633,13.2157,251.4915,12.2479,240.6876,11.7218,226.7432,11.0427,215.4091,10.4907,187.6606,9.1393,62.102,3.3015,16.6867,0.8871,15.4648,0.8221,14.8004,0.7868,13.9429,0.7412,13.246,0.7042,11.5397,0.6135,0.0,0.0,0.0,0.0,0.0,0.0,0.0,,0.0,0.0,0.0,0.0,0.0,0.0,0.0,0.0,0.0,0.0,0.0,0.0,0.0,0.0,0.0,0.0,0.0,0.0,0.0,0.0,0.0,0.0,0.0,0.0,0.0,0.0,0.0,0.0,0.628,0.6499,0.2875
654,64,0.001,3,10,150,32,8,128,184,435241,73,30,"{'sourceA': ['event_time', 'mcc_code', 'term_id'], 'sourceB': ['event_time', 'tr_type', 'amount']}",gender/checkpoints_large_30/model_64_0.001_3_10_150_128_32_8_128epoch=24.ckpt,24,30,0.42436078,42.98,3.2234,0.001,4.6302,1.2396,10.1874,0.6516,,1011.4645,49.2858,271.959,13.2518,251.924,12.2755,241.155,11.7508,227.2341,11.0725,215.898,10.5201,187.7284,9.1475,62.4199,3.2848,16.7832,0.8832,15.5468,0.8181,14.8822,0.7832,14.0232,0.738,13.3236,0.7011,11.5852,0.6097,0.0,0.0,0.0,0.0,0.0,0.0,0.0,,0.0,0.0,0.0,0.0,0.0,0.0,0.0,0.0,0.0,0.0,0.0,0.0,0.0,0.0,0.0,0.0,0.0,0.0,0.0,0.0,0.0,0.0,0.0,0.0,0.0,0.0,0.0,0.0,0.68,0.6747,0.2875
655,64,0.001,3,10,150,32,8,128,184,435241,73,30,"{'sourceA': ['event_time', 'mcc_code', 'term_id'], 'sourceB': ['event_time', 'tr_type', 'amount']}",gender/checkpoints_large_30/model_64_0.001_3_10_150_128_32_8_128epoch=25.ckpt,25,30,0.43033856,43.3591,3.2554,0.0011,4.6281,1.2458,10.2115,0.6457,,1016.9858,49.5565,272.605,13.2837,252.6536,12.3115,241.8945,11.7872,227.8609,11.1034,216.5788,10.5536,188.482,9.1845,63.1917,3.2928,16.9387,0.8826,15.699,0.818,15.0304,0.7832,14.1584,0.7378,13.4574,0.7012,11.7116,0.6103,0.0,0.0,0.0,0.0,0.0,0.0,0.0,,0.0,0.0,0.0,0.0,0.0,0.0,0.0,0.0,0.0,0.0,0.0,0.0,0.0,0.0,0.0,0.0,0.0,0.0,0.0,0.0,0.0,0.0,0.0,0.0,0.0,0.0,0.0,0.0,0.672,0.705,0.2875
656,64,0.001,3,10,150,32,8,128,184,435241,73,30,"{'sourceA': ['event_time', 'mcc_code', 'term_id'], 'sourceB': ['event_time', 'tr_type', 'amount']}",gender/checkpoints_large_30/model_64_0.001_3_10_150_128_32_8_128epoch=26.ckpt,26,30,0.42471597,43.4565,3.2263,0.0011,4.629,1.2485,10.0732,0.6424,,1025.665,49.9572,271.8886,13.2429,252.0814,12.2782,241.3607,11.756,227.3485,11.0735,215.9926,10.5204,188.9379,9.2026,62.465,3.3221,16.5585,0.8806,15.3522,0.8165,14.6993,0.7818,13.846,0.7364,13.1544,0.6996,11.5067,0.612,0.0,0.0,0.0,0.0,0.0,0.0,0.0,,0.0,0.0,0.0,0.0,0.0,0.0,0.0,0.0,0.0,0.0,0.0,0.0,0.0,0.0,0.0,0.0,0.0,0.0,0.0,0.0,0.0,0.0,0.0,0.0,0.0,0.0,0.0,0.0,0.664,0.6897,0.2875
657,64,0.001,3,10,150,32,8,128,184,435241,73,30,"{'sourceA': ['event_time', 'mcc_code', 'term_id'], 'sourceB': ['event_time', 'tr_type', 'amount']}",gender/checkpoints_large_30/model_64_0.001_3_10_150_128_32_8_128epoch=27.ckpt,27,30,0.4270241,42.9929,3.2651,0.001,4.6617,1.2338,10.3145,0.6583,,1011.9208,49.3557,272.6967,13.3006,252.7025,12.3254,241.9358,11.8002,227.9566,11.1184,216.5093,10.5601,188.574,9.1976,62.0087,3.2787,16.7104,0.8836,15.4852,0.8188,14.8254,0.7839,13.9688,0.7386,13.2673,0.7015,11.5555,0.611,0.0,0.0,0.0,0.0,0.0,0.0,0.0,,0.0,0.0,0.0,0.0,0.0,0.0,0.0,0.0,0.0,0.0,0.0,0.0,0.0,0.0,0.0,0.0,0.0,0.0,0.0,0.0,0.0,0.0,0.0,0.0,0.0,0.0,0.0,0.0,0.68,0.6956,0.2875
658,64,0.001,3,10,150,32,8,128,184,435241,73,30,"{'sourceA': ['event_time', 'mcc_code', 'term_id'], 'sourceB': ['event_time', 'tr_type', 'amount']}",gender/checkpoints_large_30/model_64_0.001_3_10_150_128_32_8_128epoch=28.ckpt,28,30,0.4278528,43.5161,3.2353,0.001,4.6468,1.2411,9.9139,0.6504,,1019.2618,49.6597,272.8857,13.2953,253.0231,12.3276,242.2163,11.8011,228.3054,11.1233,216.8953,10.5674,189.6136,9.2382,63.3575,3.3226,16.9626,0.8896,15.728,0.8248,15.0562,0.7896,14.1915,0.7442,13.4822,0.707,11.7864,0.6181,0.0,0.0,0.0,0.0,0.0,0.0,0.0,,0.0,0.0,0.0,0.0,0.0,0.0,0.0,0.0,0.0,0.0,0.0,0.0,0.0,0.0,0.0,0.0,0.0,0.0,0.0,0.0,0.0,0.0,0.0,0.0,0.0,0.0,0.0,0.0,0.68,0.6678,0.2875
659,64,0.001,3,10,150,32,8,128,184,435241,73,30,"{'sourceA': ['event_time', 'mcc_code', 'term_id'], 'sourceB': ['event_time', 'tr_type', 'amount']}",gender/checkpoints_large_30/model_64_0.001_3_10_150_128_32_8_128epoch=29.ckpt,29,30,0.42879966,43.936,3.2313,0.0011,4.6395,1.2453,10.2038,0.6461,,1028.6039,50.1337,273.3656,13.3237,253.6176,12.3612,242.8425,11.836,229.1698,11.1696,217.9155,10.6211,190.8873,9.3038,63.9503,3.3315,16.9957,0.8854,15.7679,0.8214,15.098,0.7865,14.2479,0.7423,13.5482,0.7058,11.8678,0.6183,0.0,0.0,0.0,0.0,0.0,0.0,0.0,,0.0,0.0,0.0,0.0,0.0,0.0,0.0,0.0,0.0,0.0,0.0,0.0,0.0,0.0,0.0,0.0,0.0,0.0,0.0,0.0,0.0,0.0,0.0,0.0,0.0,0.0,0.0,0.0,0.688,0.6783,0.2875
660,64,0.001,3,10,200,32,8,128,184,435241,73,30,"{'sourceA': ['event_time', 'mcc_code', 'term_id'], 'sourceB': ['event_time', 'tr_type', 'amount']}",gender/checkpoints_large_30/model_64_0.001_3_10_200_128_32_8_128epoch=00.ckpt,0,30,0.33877838,29.5706,3.3389,0.0012,4.4723,1.4133,5.7013,0.517,,601.2696,29.7341,210.9222,10.4306,186.5388,9.2247,173.3677,8.5734,157.0283,7.7654,144.4733,7.1445,122.7508,6.0703,40.2335,2.4199,14.1137,0.8489,12.4821,0.7508,11.6008,0.6978,10.5074,0.632,9.6673,0.5815,8.2138,0.494,0.0,0.0,0.0,0.0,0.0,0.0,0.0,,0.0,0.0,0.0,0.0,0.0,0.0,0.0,0.0,0.0,0.0,0.0,0.0,0.0,0.0,0.0,0.0,0.0,0.0,0.0,0.0,0.0,0.0,0.0,0.0,0.0,0.0,0.0,0.0,0.584,0.5509,0.2875
661,64,0.001,3,10,200,32,8,128,184,435241,73,30,"{'sourceA': ['event_time', 'mcc_code', 'term_id'], 'sourceB': ['event_time', 'tr_type', 'amount']}",gender/checkpoints_large_30/model_64_0.001_3_10_200_128_32_8_128epoch=01.ckpt,1,30,0.3716856,31.095,3.3377,0.0015,4.2608,1.4311,6.1512,0.4991,,695.4019,34.2248,216.685,10.6643,193.4318,9.5199,180.9824,8.9072,165.4375,8.1421,154.0786,7.5831,130.2116,6.4085,54.4627,3.1342,16.9704,0.9766,15.1492,0.8718,14.1742,0.8157,12.9568,0.7456,12.0672,0.6944,10.198,0.5869,0.0,0.0,0.0,0.0,0.0,0.0,0.0,,0.0,0.0,0.0,0.0,0.0,0.0,0.0,0.0,0.0,0.0,0.0,0.0,0.0,0.0,0.0,0.0,0.0,0.0,0.0,0.0,0.0,0.0,0.0,0.0,0.0,0.0,0.0,0.0,0.6,0.5781,0.2875
662,64,0.001,3,10,200,32,8,128,184,435241,73,30,"{'sourceA': ['event_time', 'mcc_code', 'term_id'], 'sourceB': ['event_time', 'tr_type', 'amount']}",gender/checkpoints_large_30/model_64_0.001_3_10_200_128_32_8_128epoch=02.ckpt,2,30,0.37778175,32.1164,3.3177,0.0016,4.2007,1.4376,6.2842,0.4951,,780.7512,38.266,223.3017,10.9444,201.5391,9.8778,190.0802,9.3162,175.3733,8.5954,164.2166,8.0486,141.182,6.9196,68.1686,3.697,19.4968,1.0574,17.5967,0.9543,16.5962,0.9001,15.3121,0.8304,14.338,0.7776,12.3268,0.6685,0.0,0.0,0.0,0.0,0.0,0.0,0.0,,0.0,0.0,0.0,0.0,0.0,0.0,0.0,0.0,0.0,0.0,0.0,0.0,0.0,0.0,0.0,0.0,0.0,0.0,0.0,0.0,0.0,0.0,0.0,0.0,0.0,0.0,0.0,0.0,0.656,0.657,0.2875
663,64,0.001,3,10,200,32,8,128,184,435241,73,30,"{'sourceA': ['event_time', 'mcc_code', 'term_id'], 'sourceB': ['event_time', 'tr_type', 'amount']}",gender/checkpoints_large_30/model_64_0.001_3_10_200_128_32_8_128epoch=03.ckpt,3,30,0.39453125,32.0402,3.3059,0.0016,4.1804,1.3643,7.9321,0.5433,,827.0226,40.5051,228.9666,11.2141,207.7702,10.176,196.7665,9.637,182.624,8.9444,171.6824,8.4085,149.9326,7.3432,67.9953,3.6826,18.825,1.0196,17.0823,0.9252,16.1776,0.8762,15.0148,0.8132,14.1152,0.7645,12.327,0.6676,0.0,0.0,0.0,0.0,0.0,0.0,0.0,,0.0,0.0,0.0,0.0,0.0,0.0,0.0,0.0,0.0,0.0,0.0,0.0,0.0,0.0,0.0,0.0,0.0,0.0,0.0,0.0,0.0,0.0,0.0,0.0,0.0,0.0,0.0,0.0,0.644,0.6364,0.2875
664,64,0.001,3,10,200,32,8,128,184,435241,73,30,"{'sourceA': ['event_time', 'mcc_code', 'term_id'], 'sourceB': ['event_time', 'tr_type', 'amount']}",gender/checkpoints_large_30/model_64_0.001_3_10_200_128_32_8_128epoch=04.ckpt,4,30,0.40986034,33.0554,3.304,0.0015,4.2086,1.324,7.4019,0.5749,,831.5841,40.6571,236.2663,11.5513,215.2751,10.525,203.934,9.9706,189.5229,9.266,178.0553,8.7053,155.0599,7.5811,64.1232,3.4131,18.2184,0.9697,16.5998,0.8836,15.7253,0.837,14.614,0.7779,13.7298,0.7308,11.9566,0.6364,0.0,0.0,0.0,0.0,0.0,0.0,0.0,,0.0,0.0,0.0,0.0,0.0,0.0,0.0,0.0,0.0,0.0,0.0,0.0,0.0,0.0,0.0,0.0,0.0,0.0,0.0,0.0,0.0,0.0,0.0,0.0,0.0,0.0,0.0,0.0,0.664,0.6702,0.2875
665,64,0.001,3,10,200,32,8,128,184,435241,73,30,"{'sourceA': ['event_time', 'mcc_code', 'term_id'], 'sourceB': ['event_time', 'tr_type', 'amount']}",gender/checkpoints_large_30/model_64_0.001_3_10_200_128_32_8_128epoch=05.ckpt,5,30,0.4150094,33.1598,3.2932,0.0015,4.2229,1.3097,8.2582,0.5864,,868.2636,42.455,241.3778,11.8025,220.4764,10.7805,209.2256,10.2304,195.0687,9.5382,183.7146,8.983,161.3261,7.8883,64.1942,3.3815,17.846,0.94,16.3007,0.8586,15.4689,0.8148,14.4222,0.7597,13.5828,0.7155,11.9275,0.6283,0.0,0.0,0.0,0.0,0.0,0.0,0.0,,0.0,0.0,0.0,0.0,0.0,0.0,0.0,0.0,0.0,0.0,0.0,0.0,0.0,0.0,0.0,0.0,0.0,0.0,0.0,0.0,0.0,0.0,0.0,0.0,0.0,0.0,0.0,0.0,0.636,0.6656,0.2875
666,64,0.001,3,10,200,32,8,128,184,435241,73,30,"{'sourceA': ['event_time', 'mcc_code', 'term_id'], 'sourceB': ['event_time', 'tr_type', 'amount']}",gender/checkpoints_large_30/model_64_0.001_3_10_200_128_32_8_128epoch=06.ckpt,6,30,0.4166074,34.5397,3.2699,0.0015,4.2544,1.3079,8.6825,0.588,,889.8743,43.4956,243.4494,11.8994,222.8863,10.8943,211.8412,10.3544,197.5605,9.6564,185.8673,9.0849,161.4747,7.8926,64.5864,3.4501,17.6694,0.9439,16.1769,0.8641,15.3753,0.8213,14.3388,0.766,13.4901,0.7206,11.7197,0.6261,0.0,0.0,0.0,0.0,0.0,0.0,0.0,,0.0,0.0,0.0,0.0,0.0,0.0,0.0,0.0,0.0,0.0,0.0,0.0,0.0,0.0,0.0,0.0,0.0,0.0,0.0,0.0,0.0,0.0,0.0,0.0,0.0,0.0,0.0,0.0,0.648,0.675,0.2875
667,64,0.001,3,10,200,32,8,128,184,435241,73,30,"{'sourceA': ['event_time', 'mcc_code', 'term_id'], 'sourceB': ['event_time', 'tr_type', 'amount']}",gender/checkpoints_large_30/model_64_0.001_3_10_200_128_32_8_128epoch=07.ckpt,7,30,0.41785038,34.443,3.2975,0.0012,4.2503,1.2892,9.2184,0.6034,,903.0683,44.0889,244.9051,11.9566,224.4624,10.9585,213.3539,10.4162,199.2396,9.7271,187.4365,9.1509,164.9601,8.0535,65.8703,3.5409,17.8635,0.9603,16.3724,0.8801,15.5622,0.8366,14.5326,0.7812,13.6717,0.7349,12.0323,0.6468,0.0,0.0,0.0,0.0,0.0,0.0,0.0,,0.0,0.0,0.0,0.0,0.0,0.0,0.0,0.0,0.0,0.0,0.0,0.0,0.0,0.0,0.0,0.0,0.0,0.0,0.0,0.0,0.0,0.0,0.0,0.0,0.0,0.0,0.0,0.0,0.656,0.7101,0.2875
668,64,0.001,3,10,200,32,8,128,184,435241,73,30,"{'sourceA': ['event_time', 'mcc_code', 'term_id'], 'sourceB': ['event_time', 'tr_type', 'amount']}",gender/checkpoints_large_30/model_64_0.001_3_10_200_128_32_8_128epoch=08.ckpt,8,30,0.42151985,34.8157,3.2668,0.0012,4.2904,1.2751,9.1527,0.6179,,897.3878,43.8221,247.5646,12.0893,227.0063,11.0854,215.8581,10.541,201.2549,9.8279,189.222,9.2403,163.9377,8.0056,62.5999,3.3299,17.2696,0.9186,15.8355,0.8424,15.0578,0.801,14.0391,0.7468,13.1997,0.7021,11.436,0.6083,0.0,0.0,0.0,0.0,0.0,0.0,0.0,,0.0,0.0,0.0,0.0,0.0,0.0,0.0,0.0,0.0,0.0,0.0,0.0,0.0,0.0,0.0,0.0,0.0,0.0,0.0,0.0,0.0,0.0,0.0,0.0,0.0,0.0,0.0,0.0,0.656,0.6875,0.2875
669,64,0.001,3,10,200,32,8,128,184,435241,73,30,"{'sourceA': ['event_time', 'mcc_code', 'term_id'], 'sourceB': ['event_time', 'tr_type', 'amount']}",gender/checkpoints_large_30/model_64_0.001_3_10_200_128_32_8_128epoch=09.ckpt,9,30,0.42264444,36.0035,3.3026,0.0012,4.3092,1.2845,9.2342,0.6096,,915.7507,44.7382,249.4105,12.1847,228.7875,11.1772,217.6366,10.6324,202.8998,9.9125,190.3123,9.2975,162.532,7.9404,62.0783,3.3077,16.9074,0.9009,15.5094,0.8264,14.7535,0.7861,13.7545,0.7329,12.9012,0.6874,11.018,0.5871,0.0,0.0,0.0,0.0,0.0,0.0,0.0,,0.0,0.0,0.0,0.0,0.0,0.0,0.0,0.0,0.0,0.0,0.0,0.0,0.0,0.0,0.0,0.0,0.0,0.0,0.0,0.0,0.0,0.0,0.0,0.0,0.0,0.0,0.0,0.0,0.676,0.7005,0.2875
670,64,0.001,3,10,200,32,8,128,184,435241,73,30,"{'sourceA': ['event_time', 'mcc_code', 'term_id'], 'sourceB': ['event_time', 'tr_type', 'amount']}",gender/checkpoints_large_30/model_64_0.001_3_10_200_128_32_8_128epoch=10.ckpt,10,30,0.43022022,36.4168,3.2386,0.0012,4.3238,1.2881,9.5701,0.6057,,927.8273,45.2433,250.2899,12.2048,229.9742,11.2141,219.0368,10.6808,204.7934,9.9863,193.0195,9.4121,168.7872,8.2305,62.7821,3.3032,16.9361,0.8911,15.5614,0.8187,14.8213,0.7798,13.8575,0.7291,13.0608,0.6872,11.4211,0.6009,0.0,0.0,0.0,0.0,0.0,0.0,0.0,,0.0,0.0,0.0,0.0,0.0,0.0,0.0,0.0,0.0,0.0,0.0,0.0,0.0,0.0,0.0,0.0,0.0,0.0,0.0,0.0,0.0,0.0,0.0,0.0,0.0,0.0,0.0,0.0,0.68,0.7097,0.2875
671,64,0.001,3,10,200,32,8,128,184,435241,73,30,"{'sourceA': ['event_time', 'mcc_code', 'term_id'], 'sourceB': ['event_time', 'tr_type', 'amount']}",gender/checkpoints_large_30/model_64_0.001_3_10_200_128_32_8_128epoch=11.ckpt,11,30,0.42246684,36.6243,3.2623,0.0011,4.3528,1.2746,9.4401,0.6186,,924.5189,45.1181,251.672,12.282,231.0511,11.2757,220.1147,10.742,205.7875,10.0428,193.8207,9.4588,168.3573,8.2161,60.7449,3.2708,16.5359,0.8904,15.181,0.8174,14.4625,0.7787,13.5211,0.728,12.7349,0.6857,11.0618,0.5956,0.0,0.0,0.0,0.0,0.0,0.0,0.0,,0.0,0.0,0.0,0.0,0.0,0.0,0.0,0.0,0.0,0.0,0.0,0.0,0.0,0.0,0.0,0.0,0.0,0.0,0.0,0.0,0.0,0.0,0.0,0.0,0.0,0.0,0.0,0.0,0.664,0.6937,0.2875
672,64,0.001,3,10,200,32,8,128,184,435241,73,30,"{'sourceA': ['event_time', 'mcc_code', 'term_id'], 'sourceB': ['event_time', 'tr_type', 'amount']}",gender/checkpoints_large_30/model_64_0.001_3_10_200_128_32_8_128epoch=12.ckpt,12,30,0.42341384,36.8059,3.2613,0.0011,4.3992,1.2737,10.0744,0.6195,,930.907,45.4165,253.3355,12.3596,232.7542,11.3555,221.6882,10.8156,206.8689,10.0926,194.6297,9.4955,167.2298,8.1587,62.3013,3.3373,16.9546,0.9082,15.5772,0.8344,14.8366,0.7948,13.8448,0.7416,13.0257,0.6977,11.1919,0.5995,0.0,0.0,0.0,0.0,0.0,0.0,0.0,,0.0,0.0,0.0,0.0,0.0,0.0,0.0,0.0,0.0,0.0,0.0,0.0,0.0,0.0,0.0,0.0,0.0,0.0,0.0,0.0,0.0,0.0,0.0,0.0,0.0,0.0,0.0,0.0,0.66,0.6843,0.2875
673,64,0.001,3,10,200,32,8,128,184,435241,73,30,"{'sourceA': ['event_time', 'mcc_code', 'term_id'], 'sourceB': ['event_time', 'tr_type', 'amount']}",gender/checkpoints_large_30/model_64_0.001_3_10_200_128_32_8_128epoch=13.ckpt,13,30,0.43104884,37.6224,3.2672,0.0011,4.3776,1.2795,9.9863,0.6138,,944.3218,46.0399,253.7864,12.3732,233.407,11.3796,222.5686,10.8512,208.0801,10.1448,196.2533,9.5682,170.571,8.3161,62.0925,3.359,16.6874,0.9027,15.3473,0.8302,14.6347,0.7917,13.682,0.7402,12.9044,0.6981,11.2157,0.6067,0.0,0.0,0.0,0.0,0.0,0.0,0.0,,0.0,0.0,0.0,0.0,0.0,0.0,0.0,0.0,0.0,0.0,0.0,0.0,0.0,0.0,0.0,0.0,0.0,0.0,0.0,0.0,0.0,0.0,0.0,0.0,0.0,0.0,0.0,0.0,0.672,0.7112,0.2875
674,64,0.001,3,10,200,32,8,128,184,435241,73,30,"{'sourceA': ['event_time', 'mcc_code', 'term_id'], 'sourceB': ['event_time', 'tr_type', 'amount']}",gender/checkpoints_large_30/model_64_0.001_3_10_200_128_32_8_128epoch=14.ckpt,14,30,0.4273793,37.4961,3.2532,0.0011,4.403,1.2634,9.8928,0.6285,,931.4194,45.3872,253.4729,12.3515,233.247,11.3659,222.2077,10.828,208.0339,10.1373,196.1065,9.5561,171.2378,8.3443,63.6393,3.4115,17.3185,0.9284,15.9366,0.8543,15.1824,0.8139,14.2139,0.762,13.399,0.7183,11.6998,0.6272,0.0,0.0,0.0,0.0,0.0,0.0,0.0,,0.0,0.0,0.0,0.0,0.0,0.0,0.0,0.0,0.0,0.0,0.0,0.0,0.0,0.0,0.0,0.0,0.0,0.0,0.0,0.0,0.0,0.0,0.0,0.0,0.0,0.0,0.0,0.0,0.684,0.7144,0.2875
675,64,0.001,3,10,200,32,8,128,184,435241,73,30,"{'sourceA': ['event_time', 'mcc_code', 'term_id'], 'sourceB': ['event_time', 'tr_type', 'amount']}",gender/checkpoints_large_30/model_64_0.001_3_10_200_128_32_8_128epoch=15.ckpt,15,30,0.4360796,37.6367,3.2919,0.001,4.3935,1.2519,9.9772,0.6396,,932.9084,45.4554,255.4901,12.4486,234.8929,11.445,224.0336,10.9159,209.6218,10.2137,197.5593,9.626,171.4367,8.3531,59.4643,3.2179,16.2851,0.8813,14.9723,0.8102,14.2801,0.7728,13.3615,0.7231,12.5926,0.6815,10.9275,0.5913,0.0,0.0,0.0,0.0,0.0,0.0,0.0,,0.0,0.0,0.0,0.0,0.0,0.0,0.0,0.0,0.0,0.0,0.0,0.0,0.0,0.0,0.0,0.0,0.0,0.0,0.0,0.0,0.0,0.0,0.0,0.0,0.0,0.0,0.0,0.0,0.64,0.6918,0.2875
676,64,0.001,3,10,200,32,8,128,184,435241,73,30,"{'sourceA': ['event_time', 'mcc_code', 'term_id'], 'sourceB': ['event_time', 'tr_type', 'amount']}",gender/checkpoints_large_30/model_64_0.001_3_10_200_128_32_8_128epoch=16.ckpt,16,30,0.42803028,39.0469,3.2531,0.001,4.4153,1.2744,10.2758,0.6184,,955.0805,46.5492,257.1749,12.5343,236.9991,11.551,225.9928,11.0146,211.6458,10.3153,199.9107,9.7434,173.2405,8.4435,62.1966,3.3505,16.7477,0.9022,15.4338,0.8314,14.7171,0.7928,13.7828,0.7425,13.0185,0.7013,11.2817,0.6077,0.0,0.0,0.0,0.0,0.0,0.0,0.0,,0.0,0.0,0.0,0.0,0.0,0.0,0.0,0.0,0.0,0.0,0.0,0.0,0.0,0.0,0.0,0.0,0.0,0.0,0.0,0.0,0.0,0.0,0.0,0.0,0.0,0.0,0.0,0.0,0.668,0.7177,0.2875
677,64,0.001,3,10,200,32,8,128,184,435241,73,30,"{'sourceA': ['event_time', 'mcc_code', 'term_id'], 'sourceB': ['event_time', 'tr_type', 'amount']}",gender/checkpoints_large_30/model_64_0.001_3_10_200_128_32_8_128epoch=17.ckpt,17,30,0.4387429,38.6394,3.2979,0.001,4.4342,1.2563,10.1018,0.6359,,940.9401,45.8465,257.1754,12.5307,236.8342,11.5395,225.8155,11.0027,211.3021,10.2955,199.2692,9.7092,171.7242,8.3671,60.7015,3.2457,16.5908,0.8871,15.2785,0.817,14.5677,0.7789,13.6314,0.7289,12.8552,0.6874,11.0782,0.5924,0.0,0.0,0.0,0.0,0.0,0.0,0.0,,0.0,0.0,0.0,0.0,0.0,0.0,0.0,0.0,0.0,0.0,0.0,0.0,0.0,0.0,0.0,0.0,0.0,0.0,0.0,0.0,0.0,0.0,0.0,0.0,0.0,0.0,0.0,0.0,0.688,0.7245,0.2875
678,64,0.001,3,10,200,32,8,128,184,435241,73,30,"{'sourceA': ['event_time', 'mcc_code', 'term_id'], 'sourceB': ['event_time', 'tr_type', 'amount']}",gender/checkpoints_large_30/model_64_0.001_3_10_200_128_32_8_128epoch=18.ckpt,18,30,0.4340081,39.3303,3.2684,0.001,4.4428,1.2617,9.9994,0.6305,,950.0131,46.3008,258.4027,12.5938,238.0672,11.6027,227.1533,11.0708,212.577,10.3604,200.6493,9.779,173.1917,8.4408,58.7774,3.2178,15.9874,0.8752,14.7292,0.8064,14.054,0.7694,13.1522,0.72,12.4142,0.6796,10.7154,0.5866,0.0,0.0,0.0,0.0,0.0,0.0,0.0,,0.0,0.0,0.0,0.0,0.0,0.0,0.0,0.0,0.0,0.0,0.0,0.0,0.0,0.0,0.0,0.0,0.0,0.0,0.0,0.0,0.0,0.0,0.0,0.0,0.0,0.0,0.0,0.0,0.676,0.7147,0.2875
679,64,0.001,3,10,200,32,8,128,184,435241,73,30,"{'sourceA': ['event_time', 'mcc_code', 'term_id'], 'sourceB': ['event_time', 'tr_type', 'amount']}",gender/checkpoints_large_30/model_64_0.001_3_10_200_128_32_8_128epoch=19.ckpt,19,30,0.4403409,39.7518,3.2447,0.001,4.4508,1.2606,10.0163,0.6316,,950.5348,46.3265,258.801,12.6133,238.5296,11.6253,227.6412,11.0946,213.2987,10.3956,201.2817,9.8099,174.218,8.4909,60.0747,3.2968,16.3565,0.8976,15.0753,0.8273,14.3871,0.7895,13.4807,0.7398,12.7212,0.6981,11.0107,0.6042,0.0,0.0,0.0,0.0,0.0,0.0,0.0,,0.0,0.0,0.0,0.0,0.0,0.0,0.0,0.0,0.0,0.0,0.0,0.0,0.0,0.0,0.0,0.0,0.0,0.0,0.0,0.0,0.0,0.0,0.0,0.0,0.0,0.0,0.0,0.0,0.688,0.7296,0.2875
680,64,0.001,3,10,200,32,8,128,184,435241,73,30,"{'sourceA': ['event_time', 'mcc_code', 'term_id'], 'sourceB': ['event_time', 'tr_type', 'amount']}",gender/checkpoints_large_30/model_64_0.001_3_10_200_128_32_8_128epoch=20.ckpt,20,30,0.43531016,39.5165,3.2558,0.001,4.4639,1.2542,10.5148,0.6376,,950.4607,46.3075,258.9716,12.6174,238.7767,11.6335,227.8995,11.1035,213.5911,10.4064,201.9905,9.8412,175.5167,8.5514,60.093,3.2856,16.3735,0.8952,15.0967,0.8254,14.409,0.7878,13.5043,0.7384,12.7709,0.6983,11.0971,0.6067,0.0,0.0,0.0,0.0,0.0,0.0,0.0,,0.0,0.0,0.0,0.0,0.0,0.0,0.0,0.0,0.0,0.0,0.0,0.0,0.0,0.0,0.0,0.0,0.0,0.0,0.0,0.0,0.0,0.0,0.0,0.0,0.0,0.0,0.0,0.0,0.68,0.7375,0.2875
681,64,0.001,3,10,200,32,8,128,184,435241,73,30,"{'sourceA': ['event_time', 'mcc_code', 'term_id'], 'sourceB': ['event_time', 'tr_type', 'amount']}",gender/checkpoints_large_30/model_64_0.001_3_10_200_128_32_8_128epoch=21.ckpt,21,30,0.43525097,39.6512,3.2951,0.001,4.477,1.2531,10.2502,0.6388,,955.5305,46.5691,260.674,12.7043,240.3096,11.7118,229.3943,11.1799,214.9375,10.4753,202.9322,9.8902,175.3081,8.5439,61.4993,3.3095,16.7773,0.9028,15.4667,0.8323,14.7641,0.7945,13.8337,0.7444,13.061,0.7029,11.2831,0.6072,0.0,0.0,0.0,0.0,0.0,0.0,0.0,,0.0,0.0,0.0,0.0,0.0,0.0,0.0,0.0,0.0,0.0,0.0,0.0,0.0,0.0,0.0,0.0,0.0,0.0,0.0,0.0,0.0,0.0,0.0,0.0,0.0,0.0,0.0,0.0,0.724,0.7215,0.2875
682,64,0.001,3,10,200,32,8,128,184,435241,73,30,"{'sourceA': ['event_time', 'mcc_code', 'term_id'], 'sourceB': ['event_time', 'tr_type', 'amount']}",gender/checkpoints_large_30/model_64_0.001_3_10_200_128_32_8_128epoch=22.ckpt,22,30,0.43951228,39.8379,3.2912,0.0009,4.4814,1.2524,10.789,0.6399,,955.937,46.6203,259.9518,12.6776,239.7859,11.6942,228.8865,11.1626,214.483,10.4602,202.7905,9.8899,175.3499,8.5517,60.5519,3.3154,16.4661,0.9016,15.1887,0.8316,14.4983,0.7938,13.586,0.7439,12.8453,0.7033,11.1072,0.6082,0.0,0.0,0.0,0.0,0.0,0.0,0.0,,0.0,0.0,0.0,0.0,0.0,0.0,0.0,0.0,0.0,0.0,0.0,0.0,0.0,0.0,0.0,0.0,0.0,0.0,0.0,0.0,0.0,0.0,0.0,0.0,0.0,0.0,0.0,0.0,0.688,0.725,0.2875
683,64,0.001,3,10,200,32,8,128,184,435241,73,30,"{'sourceA': ['event_time', 'mcc_code', 'term_id'], 'sourceB': ['event_time', 'tr_type', 'amount']}",gender/checkpoints_large_30/model_64_0.001_3_10_200_128_32_8_128epoch=23.ckpt,23,30,0.44229394,40.032,3.2559,0.0009,4.502,1.254,10.6563,0.638,,958.2639,46.6882,261.1303,12.7227,240.9219,11.7381,229.9918,11.2056,215.5548,10.5022,203.6683,9.9231,176.4167,8.5953,61.6626,3.2991,16.8033,0.899,15.5029,0.8294,14.7996,0.7918,13.8706,0.7421,13.1057,0.7012,11.3521,0.6074,0.0,0.0,0.0,0.0,0.0,0.0,0.0,,0.0,0.0,0.0,0.0,0.0,0.0,0.0,0.0,0.0,0.0,0.0,0.0,0.0,0.0,0.0,0.0,0.0,0.0,0.0,0.0,0.0,0.0,0.0,0.0,0.0,0.0,0.0,0.0,0.68,0.7384,0.2875
684,64,0.001,3,10,200,32,8,128,184,435241,73,30,"{'sourceA': ['event_time', 'mcc_code', 'term_id'], 'sourceB': ['event_time', 'tr_type', 'amount']}",gender/checkpoints_large_30/model_64_0.001_3_10_200_128_32_8_128epoch=24.ckpt,24,30,0.43803266,40.0606,3.2449,0.0009,4.5101,1.2528,10.6065,0.6392,,960.1683,46.7845,261.8207,12.7573,241.4983,11.7671,230.645,11.2383,216.2131,10.5351,204.3249,9.9558,177.532,8.6503,60.3149,3.292,16.4468,0.8977,15.1702,0.828,14.4884,0.7908,13.5819,0.7413,12.8351,0.7005,11.152,0.6087,0.0,0.0,0.0,0.0,0.0,0.0,0.0,,0.0,0.0,0.0,0.0,0.0,0.0,0.0,0.0,0.0,0.0,0.0,0.0,0.0,0.0,0.0,0.0,0.0,0.0,0.0,0.0,0.0,0.0,0.0,0.0,0.0,0.0,0.0,0.0,0.668,0.7118,0.2875
685,64,0.001,3,10,200,32,8,128,184,435241,73,30,"{'sourceA': ['event_time', 'mcc_code', 'term_id'], 'sourceB': ['event_time', 'tr_type', 'amount']}",gender/checkpoints_large_30/model_64_0.001_3_10_200_128_32_8_128epoch=25.ckpt,25,30,0.43454072,40.5825,3.2956,0.0009,4.5027,1.2576,10.554,0.635,,968.2132,47.2016,262.5556,12.7999,242.3293,11.8139,231.3771,11.2799,216.8812,10.5732,205.1239,10.0001,177.3795,8.6475,63.3355,3.3815,17.175,0.917,15.8519,0.8463,15.1355,0.8081,14.1872,0.7575,13.4181,0.7164,11.6032,0.6195,0.0,0.0,0.0,0.0,0.0,0.0,0.0,,0.0,0.0,0.0,0.0,0.0,0.0,0.0,0.0,0.0,0.0,0.0,0.0,0.0,0.0,0.0,0.0,0.0,0.0,0.0,0.0,0.0,0.0,0.0,0.0,0.0,0.0,0.0,0.0,0.688,0.7343,0.2875
686,64,0.001,3,10,200,32,8,128,184,435241,73,30,"{'sourceA': ['event_time', 'mcc_code', 'term_id'], 'sourceB': ['event_time', 'tr_type', 'amount']}",gender/checkpoints_large_30/model_64_0.001_3_10_200_128_32_8_128epoch=26.ckpt,26,30,0.43779594,40.6304,3.2737,0.0009,4.4983,1.2514,10.7001,0.6407,,962.8229,46.9376,262.3903,12.7915,242.2787,11.8111,231.4773,11.2845,217.0817,10.5827,205.2263,10.0048,177.1282,8.635,61.2854,3.3105,16.7016,0.9022,15.4215,0.833,14.7339,0.7959,13.8176,0.7464,13.063,0.7056,11.2745,0.609,0.0,0.0,0.0,0.0,0.0,0.0,0.0,,0.0,0.0,0.0,0.0,0.0,0.0,0.0,0.0,0.0,0.0,0.0,0.0,0.0,0.0,0.0,0.0,0.0,0.0,0.0,0.0,0.0,0.0,0.0,0.0,0.0,0.0,0.0,0.0,0.68,0.7289,0.2875
687,64,0.001,3,10,200,32,8,128,184,435241,73,30,"{'sourceA': ['event_time', 'mcc_code', 'term_id'], 'sourceB': ['event_time', 'tr_type', 'amount']}",gender/checkpoints_large_30/model_64_0.001_3_10_200_128_32_8_128epoch=27.ckpt,27,30,0.43755916,40.6209,3.274,0.0009,4.5148,1.2454,10.7591,0.6467,,962.4891,46.9483,263.4126,12.8487,243.2037,11.863,232.4207,11.337,217.7422,10.621,205.8754,10.0422,177.9995,8.6825,59.5287,3.2263,16.2917,0.883,15.0418,0.8152,14.3749,0.7791,13.4671,0.7299,12.7331,0.6901,11.009,0.5967,0.0,0.0,0.0,0.0,0.0,0.0,0.0,,0.0,0.0,0.0,0.0,0.0,0.0,0.0,0.0,0.0,0.0,0.0,0.0,0.0,0.0,0.0,0.0,0.0,0.0,0.0,0.0,0.0,0.0,0.0,0.0,0.0,0.0,0.0,0.0,0.692,0.7292,0.2875
688,64,0.001,3,10,200,32,8,128,184,435241,73,30,"{'sourceA': ['event_time', 'mcc_code', 'term_id'], 'sourceB': ['event_time', 'tr_type', 'amount']}",gender/checkpoints_large_30/model_64_0.001_3_10_200_128_32_8_128epoch=28.ckpt,28,30,0.44128788,40.3856,3.2528,0.0009,4.5339,1.2425,10.5722,0.6493,,963.4546,46.9485,263.0005,12.8158,242.9772,11.8401,232.1677,11.3134,217.9578,10.6209,206.2316,10.0495,178.8148,8.7135,61.4913,3.2782,16.7857,0.8949,15.5077,0.8267,14.8178,0.79,13.9109,0.7416,13.1625,0.7017,11.4126,0.6084,0.0,0.0,0.0,0.0,0.0,0.0,0.0,,0.0,0.0,0.0,0.0,0.0,0.0,0.0,0.0,0.0,0.0,0.0,0.0,0.0,0.0,0.0,0.0,0.0,0.0,0.0,0.0,0.0,0.0,0.0,0.0,0.0,0.0,0.0,0.0,0.676,0.7071,0.2875
689,64,0.001,3,10,200,32,8,128,184,435241,73,30,"{'sourceA': ['event_time', 'mcc_code', 'term_id'], 'sourceB': ['event_time', 'tr_type', 'amount']}",gender/checkpoints_large_30/model_64_0.001_3_10_200_128_32_8_128epoch=29.ckpt,29,30,0.44643706,40.6284,3.2687,0.0009,4.5219,1.2427,10.3477,0.6494,,962.7682,46.902,263.6304,12.8429,243.5128,11.8629,232.6234,11.3324,218.2547,10.6324,206.4523,10.0575,178.4977,8.6956,62.3676,3.3326,17.0778,0.9125,15.7746,0.8429,15.0692,0.8052,14.1384,0.7555,13.3739,0.7146,11.563,0.6179,0.0,0.0,0.0,0.0,0.0,0.0,0.0,,0.0,0.0,0.0,0.0,0.0,0.0,0.0,0.0,0.0,0.0,0.0,0.0,0.0,0.0,0.0,0.0,0.0,0.0,0.0,0.0,0.0,0.0,0.0,0.0,0.0,0.0,0.0,0.0,0.688,0.7451,0.2875
690,64,0.001,3,10,100,32,8,128,184,435241,73,30,"{'sourceA': ['event_time', 'mcc_code', 'term_id'], 'sourceB': ['event_time', 'tr_type', 'amount']}",gender/checkpoints_large_30/model_64_0.001_3_10_100_128_32_8_128epoch=00.ckpt,0,30,0.0,30.5513,3.3345,0.0011,4.6772,1.3269,5.9274,0.5824,,526.2486,26.2806,225.4432,11.2585,197.3402,9.8551,181.6962,9.0738,161.9791,8.0891,147.2348,7.3528,121.6941,6.0773,26.4655,1.6918,11.3377,0.7248,9.9244,0.6344,9.1377,0.5841,8.1461,0.5207,7.4046,0.4733,6.1201,0.3912,0.0,0.0,0.0,0.0,0.0,0.0,0.0,,0.0,0.0,0.0,0.0,0.0,0.0,0.0,0.0,0.0,0.0,0.0,0.0,0.0,0.0,0.0,0.0,0.0,0.0,0.0,0.0,0.0,0.0,0.0,0.0,0.0,0.0,0.0,0.0,0.62,0.6083,0.2875
691,64,0.001,3,10,100,32,8,128,184,435241,73,30,"{'sourceA': ['event_time', 'mcc_code', 'term_id'], 'sourceB': ['event_time', 'tr_type', 'amount']}",gender/checkpoints_large_30/model_64_0.001_3_10_100_128_32_8_128epoch=01.ckpt,1,30,0.0,32.7611,3.3357,0.0013,4.4442,1.3331,7.6664,0.5722,,629.0944,31.1457,228.0373,11.2898,204.3384,10.1165,191.1506,9.4636,174.6766,8.648,162.2081,8.0307,137.0094,6.7832,37.2871,2.2788,13.516,0.826,12.1114,0.7402,11.3297,0.6924,10.3533,0.6327,9.6143,0.5876,8.1207,0.4963,0.0,0.0,0.0,0.0,0.0,0.0,0.0,,0.0,0.0,0.0,0.0,0.0,0.0,0.0,0.0,0.0,0.0,0.0,0.0,0.0,0.0,0.0,0.0,0.0,0.0,0.0,0.0,0.0,0.0,0.0,0.0,0.0,0.0,0.0,0.0,0.64,0.6437,0.2875
692,64,0.001,3,10,100,32,8,128,184,435241,73,30,"{'sourceA': ['event_time', 'mcc_code', 'term_id'], 'sourceB': ['event_time', 'tr_type', 'amount']}",gender/checkpoints_large_30/model_64_0.001_3_10_100_128_32_8_128epoch=02.ckpt,2,30,0.0,36.0817,3.2995,0.0016,4.2547,1.3401,8.5355,0.565,,727.57,35.749,235.5501,11.5737,212.9672,10.4641,201.0327,9.8777,185.769,9.1277,173.4766,8.5237,147.3451,7.2398,46.3325,2.7204,15.0001,0.8807,13.562,0.7963,12.802,0.7517,11.83,0.6946,11.0472,0.6486,9.3831,0.5509,0.0,0.0,0.0,0.0,0.0,0.0,0.0,,0.0,0.0,0.0,0.0,0.0,0.0,0.0,0.0,0.0,0.0,0.0,0.0,0.0,0.0,0.0,0.0,0.0,0.0,0.0,0.0,0.0,0.0,0.0,0.0,0.0,0.0,0.0,0.0,0.652,0.6945,0.2875
693,64,0.001,3,10,100,32,8,128,184,435241,73,30,"{'sourceA': ['event_time', 'mcc_code', 'term_id'], 'sourceB': ['event_time', 'tr_type', 'amount']}",gender/checkpoints_large_30/model_64_0.001_3_10_100_128_32_8_128epoch=03.ckpt,3,30,0.0,37.2876,3.2956,0.0015,4.1925,1.3075,8.6471,0.5895,,808.7522,39.575,243.0339,11.8925,221.1878,10.8235,209.4751,10.2503,194.8057,9.5325,182.899,8.9499,157.8467,7.724,57.0152,3.1177,17.1333,0.9369,15.5932,0.8527,14.7675,0.8075,13.7334,0.751,12.894,0.7051,11.1278,0.6085,0.0,0.0,0.0,0.0,0.0,0.0,0.0,,0.0,0.0,0.0,0.0,0.0,0.0,0.0,0.0,0.0,0.0,0.0,0.0,0.0,0.0,0.0,0.0,0.0,0.0,0.0,0.0,0.0,0.0,0.0,0.0,0.0,0.0,0.0,0.0,0.684,0.7122,0.2875
694,64,0.001,3,10,100,32,8,128,184,435241,73,30,"{'sourceA': ['event_time', 'mcc_code', 'term_id'], 'sourceB': ['event_time', 'tr_type', 'amount']}",gender/checkpoints_large_30/model_64_0.001_3_10_100_128_32_8_128epoch=04.ckpt,4,30,0.0,37.4411,3.2702,0.0014,4.2669,1.2667,8.7629,0.6262,,850.2316,41.5853,249.3686,12.1967,228.0095,11.1521,216.5131,10.5898,201.0445,9.8332,188.5374,9.2215,164.1159,8.027,61.1874,3.2516,17.946,0.9537,16.4088,0.872,15.5815,0.828,14.4683,0.7689,13.5682,0.721,11.8107,0.6276,0.0,0.0,0.0,0.0,0.0,0.0,0.0,,0.0,0.0,0.0,0.0,0.0,0.0,0.0,0.0,0.0,0.0,0.0,0.0,0.0,0.0,0.0,0.0,0.0,0.0,0.0,0.0,0.0,0.0,0.0,0.0,0.0,0.0,0.0,0.0,0.676,0.6919,0.2875
695,64,0.001,3,10,100,32,8,128,184,435241,73,30,"{'sourceA': ['event_time', 'mcc_code', 'term_id'], 'sourceB': ['event_time', 'tr_type', 'amount']}",gender/checkpoints_large_30/model_64_0.001_3_10_100_128_32_8_128epoch=05.ckpt,5,30,0.0,39.4113,3.2476,0.0013,4.2826,1.2728,9.0134,0.6202,,905.2416,44.1606,255.0217,12.4408,233.976,11.4141,222.3732,10.8481,207.375,10.1164,195.5128,9.5377,170.3469,8.3101,65.427,3.4146,18.4319,0.9619,16.9108,0.8826,16.0722,0.8388,14.9882,0.7822,14.1308,0.7375,12.312,0.6426,0.0,0.0,0.0,0.0,0.0,0.0,0.0,,0.0,0.0,0.0,0.0,0.0,0.0,0.0,0.0,0.0,0.0,0.0,0.0,0.0,0.0,0.0,0.0,0.0,0.0,0.0,0.0,0.0,0.0,0.0,0.0,0.0,0.0,0.0,0.0,0.656,0.7088,0.2875
696,64,0.001,3,10,100,32,8,128,184,435241,73,30,"{'sourceA': ['event_time', 'mcc_code', 'term_id'], 'sourceB': ['event_time', 'tr_type', 'amount']}",gender/checkpoints_large_30/model_64_0.001_3_10_100_128_32_8_128epoch=06.ckpt,6,30,0.0,40.1997,3.184,0.0012,4.3618,1.2481,9.084,0.644,,926.4597,45.1792,259.1129,12.6357,238.2554,11.6186,226.8018,11.0601,211.7537,10.3263,199.8008,9.7434,173.4927,8.4604,62.4353,3.3567,17.462,0.9388,16.0563,0.8632,15.2845,0.8217,14.2704,0.7672,13.4648,0.7239,11.6919,0.6286,0.0,0.0,0.0,0.0,0.0,0.0,0.0,,0.0,0.0,0.0,0.0,0.0,0.0,0.0,0.0,0.0,0.0,0.0,0.0,0.0,0.0,0.0,0.0,0.0,0.0,0.0,0.0,0.0,0.0,0.0,0.0,0.0,0.0,0.0,0.0,0.664,0.6981,0.2875
697,64,0.001,3,10,100,32,8,128,184,435241,73,30,"{'sourceA': ['event_time', 'mcc_code', 'term_id'], 'sourceB': ['event_time', 'tr_type', 'amount']}",gender/checkpoints_large_30/model_64_0.001_3_10_100_128_32_8_128epoch=07.ckpt,7,30,0.0,41.7004,3.1194,0.0012,4.4189,1.2481,9.6519,0.6434,,962.9935,46.9025,264.1718,12.8665,243.5345,11.8613,232.2076,11.3097,217.2873,10.583,205.1029,9.9895,178.9914,8.7178,60.188,3.2375,16.511,0.8881,15.2211,0.8187,14.5132,0.7807,13.5807,0.7305,12.8191,0.6895,11.1871,0.6017,0.0,0.0,0.0,0.0,0.0,0.0,0.0,,0.0,0.0,0.0,0.0,0.0,0.0,0.0,0.0,0.0,0.0,0.0,0.0,0.0,0.0,0.0,0.0,0.0,0.0,0.0,0.0,0.0,0.0,0.0,0.0,0.0,0.0,0.0,0.0,0.64,0.6947,0.2875
698,64,0.001,3,10,100,32,8,128,184,435241,73,30,"{'sourceA': ['event_time', 'mcc_code', 'term_id'], 'sourceB': ['event_time', 'tr_type', 'amount']}",gender/checkpoints_large_30/model_64_0.001_3_10_100_128_32_8_128epoch=08.ckpt,8,30,0.0,43.0716,3.1687,0.0012,4.473,1.2414,9.8036,0.6498,,986.9189,48.0692,268.9602,13.1001,248.6738,12.112,237.4397,11.5648,222.6118,10.8426,210.6443,10.2597,183.345,8.9301,62.5139,3.2732,17.0366,0.892,15.7516,0.8248,15.04,0.7875,14.1008,0.7383,13.3427,0.6986,11.6135,0.6081,0.0,0.0,0.0,0.0,0.0,0.0,0.0,,0.0,0.0,0.0,0.0,0.0,0.0,0.0,0.0,0.0,0.0,0.0,0.0,0.0,0.0,0.0,0.0,0.0,0.0,0.0,0.0,0.0,0.0,0.0,0.0,0.0,0.0,0.0,0.0,0.628,0.6686,0.2875
699,64,0.001,3,10,100,32,8,128,184,435241,73,30,"{'sourceA': ['event_time', 'mcc_code', 'term_id'], 'sourceB': ['event_time', 'tr_type', 'amount']}",gender/checkpoints_large_30/model_64_0.001_3_10_100_128_32_8_128epoch=09.ckpt,9,30,0.0,43.8197,3.1629,0.0011,4.52,1.2357,10.5416,0.6553,,1006.9264,49.0206,271.3739,13.2114,251.0617,12.2225,239.8037,11.6745,225.1091,10.9591,213.0746,10.3732,185.4245,9.0271,56.4593,3.0849,15.2162,0.8314,14.0773,0.7692,13.446,0.7347,12.6221,0.6897,11.9473,0.6528,10.3969,0.5681,0.0,0.0,0.0,0.0,0.0,0.0,0.0,,0.0,0.0,0.0,0.0,0.0,0.0,0.0,0.0,0.0,0.0,0.0,0.0,0.0,0.0,0.0,0.0,0.0,0.0,0.0,0.0,0.0,0.0,0.0,0.0,0.0,0.0,0.0,0.0,0.676,0.6998,0.2875
700,64,0.001,3,10,100,32,8,128,184,435241,73,30,"{'sourceA': ['event_time', 'mcc_code', 'term_id'], 'sourceB': ['event_time', 'tr_type', 'amount']}",gender/checkpoints_large_30/model_64_0.001_3_10_100_128_32_8_128epoch=10.ckpt,10,30,0.0,43.9633,3.0822,0.0011,4.5216,1.2319,10.6134,0.6591,,1011.4952,49.2332,272.1938,13.2487,251.9543,12.2635,240.7671,11.719,226.226,11.0113,214.4408,10.4376,187.1749,9.1105,56.7963,3.1238,15.2839,0.8406,14.1474,0.7781,13.5193,0.7436,12.7028,0.6986,12.041,0.6623,10.51,0.578,0.0,0.0,0.0,0.0,0.0,0.0,0.0,,0.0,0.0,0.0,0.0,0.0,0.0,0.0,0.0,0.0,0.0,0.0,0.0,0.0,0.0,0.0,0.0,0.0,0.0,0.0,0.0,0.0,0.0,0.0,0.0,0.0,0.0,0.0,0.0,0.644,0.7237,0.2875
701,64,0.001,3,10,100,32,8,128,184,435241,73,30,"{'sourceA': ['event_time', 'mcc_code', 'term_id'], 'sourceB': ['event_time', 'tr_type', 'amount']}",gender/checkpoints_large_30/model_64_0.001_3_10_100_128_32_8_128epoch=11.ckpt,11,30,0.0,44.4741,3.0583,0.0011,4.5584,1.2322,11.0683,0.659,,1027.9092,50.0354,273.7193,13.3238,253.7244,12.3505,242.7007,11.8139,228.5259,11.1239,216.9762,10.5617,189.6437,9.2313,56.2813,3.1285,14.987,0.8331,13.8922,0.7722,13.2886,0.7387,12.5125,0.6955,11.8801,0.6604,10.3836,0.5772,0.0,0.0,0.0,0.0,0.0,0.0,0.0,,0.0,0.0,0.0,0.0,0.0,0.0,0.0,0.0,0.0,0.0,0.0,0.0,0.0,0.0,0.0,0.0,0.0,0.0,0.0,0.0,0.0,0.0,0.0,0.0,0.0,0.0,0.0,0.0,0.66,0.7168,0.2875
702,64,0.001,3,10,100,32,8,128,184,435241,73,30,"{'sourceA': ['event_time', 'mcc_code', 'term_id'], 'sourceB': ['event_time', 'tr_type', 'amount']}",gender/checkpoints_large_30/model_64_0.001_3_10_100_128_32_8_128epoch=12.ckpt,12,30,0.0,44.8426,3.1355,0.001,4.5671,1.2289,10.7099,0.6623,,1030.3224,50.1315,275.2611,13.3931,255.3891,12.4262,244.4449,11.8937,230.0457,11.1931,218.3552,10.6243,191.7708,9.3308,55.007,3.0326,14.6957,0.8102,13.6348,0.7517,13.0505,0.7195,12.2817,0.6771,11.6576,0.6427,10.2383,0.5645,0.0,0.0,0.0,0.0,0.0,0.0,0.0,,0.0,0.0,0.0,0.0,0.0,0.0,0.0,0.0,0.0,0.0,0.0,0.0,0.0,0.0,0.0,0.0,0.0,0.0,0.0,0.0,0.0,0.0,0.0,0.0,0.0,0.0,0.0,0.0,0.656,0.7,0.2875
703,64,0.001,3,10,100,32,8,128,184,435241,73,30,"{'sourceA': ['event_time', 'mcc_code', 'term_id'], 'sourceB': ['event_time', 'tr_type', 'amount']}",gender/checkpoints_large_30/model_64_0.001_3_10_100_128_32_8_128epoch=13.ckpt,13,30,0.0,45.2288,3.1136,0.0011,4.5772,1.2294,11.0645,0.6621,,1045.1613,50.8605,275.9666,13.4293,256.3484,12.4746,245.4325,11.9434,231.4105,11.2611,219.762,10.6942,191.3906,9.3136,56.8262,3.1019,15.0045,0.819,13.9379,0.7608,13.3443,0.7284,12.582,0.6868,11.9486,0.6522,10.4061,0.568,0.0,0.0,0.0,0.0,0.0,0.0,0.0,,0.0,0.0,0.0,0.0,0.0,0.0,0.0,0.0,0.0,0.0,0.0,0.0,0.0,0.0,0.0,0.0,0.0,0.0,0.0,0.0,0.0,0.0,0.0,0.0,0.0,0.0,0.0,0.0,0.66,0.6966,0.2875
704,64,0.001,3,10,100,32,8,128,184,435241,73,30,"{'sourceA': ['event_time', 'mcc_code', 'term_id'], 'sourceB': ['event_time', 'tr_type', 'amount']}",gender/checkpoints_large_30/model_64_0.001_3_10_100_128_32_8_128epoch=14.ckpt,14,30,0.0,46.2008,3.0931,0.0011,4.5407,1.2408,11.6355,0.65,,1060.4829,51.6272,276.1558,13.444,256.3521,12.4799,245.5315,11.9531,231.4446,11.2674,220.0334,10.7118,191.8327,9.3389,54.0651,3.0204,14.0789,0.7865,13.0692,0.7301,12.5176,0.6993,11.7994,0.6592,11.2176,0.6267,9.7799,0.5464,0.0,0.0,0.0,0.0,0.0,0.0,0.0,,0.0,0.0,0.0,0.0,0.0,0.0,0.0,0.0,0.0,0.0,0.0,0.0,0.0,0.0,0.0,0.0,0.0,0.0,0.0,0.0,0.0,0.0,0.0,0.0,0.0,0.0,0.0,0.0,0.672,0.7114,0.2875
705,64,0.001,3,10,100,32,8,128,184,435241,73,30,"{'sourceA': ['event_time', 'mcc_code', 'term_id'], 'sourceB': ['event_time', 'tr_type', 'amount']}",gender/checkpoints_large_30/model_64_0.001_3_10_100_128_32_8_128epoch=15.ckpt,15,30,0.0,45.9585,3.1372,0.001,4.5659,1.2292,11.4109,0.6621,,1060.714,51.6387,277.3862,13.504,257.6883,12.545,246.8985,12.0198,232.896,11.3381,221.3158,10.7743,192.7352,9.3829,51.8401,2.9557,13.5567,0.7729,12.594,0.7181,12.0666,0.688,11.3823,0.649,10.8163,0.6167,9.4195,0.5371,0.0,0.0,0.0,0.0,0.0,0.0,0.0,,0.0,0.0,0.0,0.0,0.0,0.0,0.0,0.0,0.0,0.0,0.0,0.0,0.0,0.0,0.0,0.0,0.0,0.0,0.0,0.0,0.0,0.0,0.0,0.0,0.0,0.0,0.0,0.0,0.648,0.7135,0.2875
706,64,0.001,3,10,100,32,8,128,184,435241,73,30,"{'sourceA': ['event_time', 'mcc_code', 'term_id'], 'sourceB': ['event_time', 'tr_type', 'amount']}",gender/checkpoints_large_30/model_64_0.001_3_10_100_128_32_8_128epoch=16.ckpt,16,30,0.0,46.5107,3.1468,0.001,4.577,1.2339,11.7819,0.6569,,1070.2014,52.0746,277.9541,13.5249,258.5534,12.5809,247.7505,12.0552,233.7422,11.3736,222.457,10.8245,194.6984,9.4738,53.4594,2.9849,13.8845,0.7752,12.9154,0.7211,12.3758,0.691,11.676,0.6519,11.1123,0.6204,9.7257,0.543,0.0,0.0,0.0,0.0,0.0,0.0,0.0,,0.0,0.0,0.0,0.0,0.0,0.0,0.0,0.0,0.0,0.0,0.0,0.0,0.0,0.0,0.0,0.0,0.0,0.0,0.0,0.0,0.0,0.0,0.0,0.0,0.0,0.0,0.0,0.0,0.656,0.6975,0.2875
707,64,0.001,3,10,100,32,8,128,184,435241,73,30,"{'sourceA': ['event_time', 'mcc_code', 'term_id'], 'sourceB': ['event_time', 'tr_type', 'amount']}",gender/checkpoints_large_30/model_64_0.001_3_10_100_128_32_8_128epoch=17.ckpt,17,30,0.0,46.9518,3.0135,0.001,4.5839,1.2353,11.5778,0.6557,,1078.5884,52.4783,278.5198,13.5513,258.9343,12.5984,248.091,12.0708,234.2278,11.3963,222.5692,10.829,195.0569,9.4904,55.2149,3.0786,14.2579,0.795,13.2553,0.7391,12.7002,0.7081,11.9905,0.6686,11.3937,0.6353,9.9853,0.5568,0.0,0.0,0.0,0.0,0.0,0.0,0.0,,0.0,0.0,0.0,0.0,0.0,0.0,0.0,0.0,0.0,0.0,0.0,0.0,0.0,0.0,0.0,0.0,0.0,0.0,0.0,0.0,0.0,0.0,0.0,0.0,0.0,0.0,0.0,0.0,0.652,0.6984,0.2875
708,64,0.001,3,10,100,32,8,128,184,435241,73,30,"{'sourceA': ['event_time', 'mcc_code', 'term_id'], 'sourceB': ['event_time', 'tr_type', 'amount']}",gender/checkpoints_large_30/model_64_0.001_3_10_100_128_32_8_128epoch=18.ckpt,18,30,0.0,47.2563,3.1591,0.0009,4.5804,1.2315,11.0946,0.66,,1088.2836,52.9675,280.1471,13.6349,260.5428,12.6808,249.6513,12.1507,235.7189,11.4726,224.3695,10.9202,195.8655,9.5329,56.12,3.0991,14.4465,0.7978,13.4355,0.7419,12.8739,0.7109,12.1554,0.6712,11.5702,0.6389,10.1003,0.5578,0.0,0.0,0.0,0.0,0.0,0.0,0.0,,0.0,0.0,0.0,0.0,0.0,0.0,0.0,0.0,0.0,0.0,0.0,0.0,0.0,0.0,0.0,0.0,0.0,0.0,0.0,0.0,0.0,0.0,0.0,0.0,0.0,0.0,0.0,0.0,0.692,0.7206,0.2875
709,64,0.001,3,10,100,32,8,128,184,435241,73,30,"{'sourceA': ['event_time', 'mcc_code', 'term_id'], 'sourceB': ['event_time', 'tr_type', 'amount']}",gender/checkpoints_large_30/model_64_0.001_3_10_100_128_32_8_128epoch=19.ckpt,19,30,0.0,47.6396,3.0425,0.0009,4.5675,1.2329,11.2131,0.658,,1100.5232,53.5103,280.9303,13.6596,261.4826,12.714,250.9411,12.2014,237.2509,11.5358,226.0973,10.9934,198.7445,9.6635,55.0683,3.0541,14.0573,0.7796,13.0841,0.7257,12.5567,0.6964,11.8716,0.6584,11.3135,0.6275,9.9448,0.5515,0.0,0.0,0.0,0.0,0.0,0.0,0.0,,0.0,0.0,0.0,0.0,0.0,0.0,0.0,0.0,0.0,0.0,0.0,0.0,0.0,0.0,0.0,0.0,0.0,0.0,0.0,0.0,0.0,0.0,0.0,0.0,0.0,0.0,0.0,0.0,0.672,0.7273,0.2875
710,64,0.001,3,10,100,32,8,128,184,435241,73,30,"{'sourceA': ['event_time', 'mcc_code', 'term_id'], 'sourceB': ['event_time', 'tr_type', 'amount']}",gender/checkpoints_large_30/model_64_0.001_3_10_100_128_32_8_128epoch=20.ckpt,20,30,0.0,47.2936,3.0885,0.0009,4.6123,1.2278,11.3438,0.6636,,1091.8918,53.1061,281.1428,13.6739,261.7384,12.7301,250.959,12.2058,237.1034,11.5319,225.5123,10.9682,196.2687,9.5459,52.7408,2.9482,13.5798,0.7591,12.6426,0.7067,12.1219,0.6776,11.4526,0.6402,10.8927,0.6089,9.4802,0.5299,0.0,0.0,0.0,0.0,0.0,0.0,0.0,,0.0,0.0,0.0,0.0,0.0,0.0,0.0,0.0,0.0,0.0,0.0,0.0,0.0,0.0,0.0,0.0,0.0,0.0,0.0,0.0,0.0,0.0,0.0,0.0,0.0,0.0,0.0,0.0,0.68,0.7165,0.2875
711,64,0.001,3,10,100,32,8,128,184,435241,73,30,"{'sourceA': ['event_time', 'mcc_code', 'term_id'], 'sourceB': ['event_time', 'tr_type', 'amount']}",gender/checkpoints_large_30/model_64_0.001_3_10_100_128_32_8_128epoch=21.ckpt,21,30,0.0,47.359,3.067,0.0009,4.6392,1.2275,11.3827,0.664,,1099.0438,53.4641,281.9067,13.7136,262.3976,12.7646,251.6015,12.2394,237.5918,11.5579,226.0757,10.9977,196.9807,9.5823,53.4138,2.9687,13.7007,0.7615,12.7526,0.7088,12.2279,0.6796,11.547,0.6418,10.9873,0.6107,9.5733,0.5321,0.0,0.0,0.0,0.0,0.0,0.0,0.0,,0.0,0.0,0.0,0.0,0.0,0.0,0.0,0.0,0.0,0.0,0.0,0.0,0.0,0.0,0.0,0.0,0.0,0.0,0.0,0.0,0.0,0.0,0.0,0.0,0.0,0.0,0.0,0.0,0.668,0.741,0.2875
712,64,0.001,3,10,100,32,8,128,184,435241,73,30,"{'sourceA': ['event_time', 'mcc_code', 'term_id'], 'sourceB': ['event_time', 'tr_type', 'amount']}",gender/checkpoints_large_30/model_64_0.001_3_10_100_128_32_8_128epoch=22.ckpt,22,30,0.0,47.8199,3.1914,0.0009,4.604,1.2293,11.6164,0.6621,,1102.6243,53.6793,281.869,13.7223,262.5116,12.7799,251.8691,12.2618,238.1852,11.5956,226.9837,11.0503,198.4287,9.6601,53.6824,2.996,13.7231,0.7659,12.7806,0.7133,12.2625,0.6844,11.5963,0.6472,11.0509,0.6167,9.6607,0.5392,0.0,0.0,0.0,0.0,0.0,0.0,0.0,,0.0,0.0,0.0,0.0,0.0,0.0,0.0,0.0,0.0,0.0,0.0,0.0,0.0,0.0,0.0,0.0,0.0,0.0,0.0,0.0,0.0,0.0,0.0,0.0,0.0,0.0,0.0,0.0,0.684,0.7229,0.2875
713,64,0.001,3,10,100,32,8,128,184,435241,73,30,"{'sourceA': ['event_time', 'mcc_code', 'term_id'], 'sourceB': ['event_time', 'tr_type', 'amount']}",gender/checkpoints_large_30/model_64_0.001_3_10_100_128_32_8_128epoch=23.ckpt,23,30,0.0,47.3862,3.095,0.0009,4.6432,1.2219,11.3182,0.6699,,1099.1016,53.4677,281.6723,13.7024,262.3909,12.7645,251.8522,12.2518,238.0666,11.5812,226.9818,11.0419,198.5181,9.6573,52.7658,2.9421,13.5226,0.754,12.5969,0.7024,12.091,0.6742,11.4291,0.6373,10.897,0.6076,9.5305,0.5314,0.0,0.0,0.0,0.0,0.0,0.0,0.0,,0.0,0.0,0.0,0.0,0.0,0.0,0.0,0.0,0.0,0.0,0.0,0.0,0.0,0.0,0.0,0.0,0.0,0.0,0.0,0.0,0.0,0.0,0.0,0.0,0.0,0.0,0.0,0.0,0.692,0.7152,0.2875
714,64,0.001,3,10,100,32,8,128,184,435241,73,30,"{'sourceA': ['event_time', 'mcc_code', 'term_id'], 'sourceB': ['event_time', 'tr_type', 'amount']}",gender/checkpoints_large_30/model_64_0.001_3_10_100_128_32_8_128epoch=24.ckpt,24,30,0.0,47.6641,3.1752,0.0008,4.6577,1.2255,11.3743,0.6663,,1105.634,53.7983,282.8383,13.7624,263.3458,12.814,252.8156,12.3016,238.9054,11.6247,227.4495,11.0673,198.8142,9.674,52.0694,2.9036,13.3202,0.7428,12.4022,0.6916,11.9063,0.664,11.2512,0.6274,10.7116,0.5973,9.3631,0.5221,0.0,0.0,0.0,0.0,0.0,0.0,0.0,,0.0,0.0,0.0,0.0,0.0,0.0,0.0,0.0,0.0,0.0,0.0,0.0,0.0,0.0,0.0,0.0,0.0,0.0,0.0,0.0,0.0,0.0,0.0,0.0,0.0,0.0,0.0,0.0,0.676,0.7229,0.2875
715,64,0.001,3,10,100,32,8,128,184,435241,73,30,"{'sourceA': ['event_time', 'mcc_code', 'term_id'], 'sourceB': ['event_time', 'tr_type', 'amount']}",gender/checkpoints_large_30/model_64_0.001_3_10_100_128_32_8_128epoch=25.ckpt,25,30,0.0,47.8168,3.103,0.0009,4.634,1.2233,11.5414,0.669,,1106.2668,53.8549,282.7037,13.7625,263.4019,12.8228,252.7848,12.306,238.9321,11.6316,227.6453,11.0821,198.9371,9.6846,51.9021,2.9414,13.2635,0.7517,12.3579,0.7003,11.8598,0.6721,11.2098,0.6353,10.6803,0.6053,9.3334,0.5289,0.0,0.0,0.0,0.0,0.0,0.0,0.0,,0.0,0.0,0.0,0.0,0.0,0.0,0.0,0.0,0.0,0.0,0.0,0.0,0.0,0.0,0.0,0.0,0.0,0.0,0.0,0.0,0.0,0.0,0.0,0.0,0.0,0.0,0.0,0.0,0.692,0.743,0.2875
716,64,0.001,3,10,100,32,8,128,184,435241,73,30,"{'sourceA': ['event_time', 'mcc_code', 'term_id'], 'sourceB': ['event_time', 'tr_type', 'amount']}",gender/checkpoints_large_30/model_64_0.001_3_10_100_128_32_8_128epoch=26.ckpt,26,30,0.0,47.8293,3.0446,0.0008,4.648,1.2241,11.4796,0.6677,,1109.0626,53.9365,283.5425,13.7894,264.2617,12.8517,253.638,12.3351,239.63,11.6538,228.1865,11.0973,199.4416,9.6993,51.3939,2.8774,13.1393,0.7356,12.2459,0.6856,11.7536,0.658,11.1044,0.6217,10.5742,0.592,9.2421,0.5174,0.0,0.0,0.0,0.0,0.0,0.0,0.0,,0.0,0.0,0.0,0.0,0.0,0.0,0.0,0.0,0.0,0.0,0.0,0.0,0.0,0.0,0.0,0.0,0.0,0.0,0.0,0.0,0.0,0.0,0.0,0.0,0.0,0.0,0.0,0.0,0.7,0.7256,0.2875
717,64,0.001,3,10,100,32,8,128,184,435241,73,30,"{'sourceA': ['event_time', 'mcc_code', 'term_id'], 'sourceB': ['event_time', 'tr_type', 'amount']}",gender/checkpoints_large_30/model_64_0.001_3_10_100_128_32_8_128epoch=27.ckpt,27,30,0.0,48.2286,3.1239,0.0009,4.6347,1.2262,11.7494,0.6653,,1109.8983,53.9899,283.1486,13.7735,263.8123,12.8329,253.338,12.3234,239.5895,11.6546,228.4344,11.112,200.0087,9.7292,51.5853,2.9156,13.16,0.7438,12.2613,0.693,11.7745,0.6655,11.1355,0.6294,10.6171,0.6001,9.2959,0.5254,0.0,0.0,0.0,0.0,0.0,0.0,0.0,,0.0,0.0,0.0,0.0,0.0,0.0,0.0,0.0,0.0,0.0,0.0,0.0,0.0,0.0,0.0,0.0,0.0,0.0,0.0,0.0,0.0,0.0,0.0,0.0,0.0,0.0,0.0,0.0,0.676,0.7161,0.2875
718,64,0.001,3,10,100,32,8,128,184,435241,73,30,"{'sourceA': ['event_time', 'mcc_code', 'term_id'], 'sourceB': ['event_time', 'tr_type', 'amount']}",gender/checkpoints_large_30/model_64_0.001_3_10_100_128_32_8_128epoch=28.ckpt,28,30,0.0,48.242,3.1545,0.0009,4.6441,1.2275,11.7101,0.6643,,1116.9552,54.3528,283.5611,13.7985,264.3332,12.8629,253.8538,12.3529,240.1106,11.6842,228.8124,11.1344,199.8693,9.726,52.018,2.9084,13.2058,0.7384,12.3103,0.6883,11.8223,0.661,11.1822,0.6252,10.6561,0.5958,9.3082,0.5204,0.0,0.0,0.0,0.0,0.0,0.0,0.0,,0.0,0.0,0.0,0.0,0.0,0.0,0.0,0.0,0.0,0.0,0.0,0.0,0.0,0.0,0.0,0.0,0.0,0.0,0.0,0.0,0.0,0.0,0.0,0.0,0.0,0.0,0.0,0.0,0.704,0.7391,0.2875
719,64,0.001,3,10,100,32,8,128,184,435241,73,30,"{'sourceA': ['event_time', 'mcc_code', 'term_id'], 'sourceB': ['event_time', 'tr_type', 'amount']}",gender/checkpoints_large_30/model_64_0.001_3_10_100_128_32_8_128epoch=29.ckpt,29,30,0.0,47.6767,3.0571,0.0008,4.6811,1.2173,11.8644,0.6749,,1105.888,53.8096,283.3786,13.7885,264.0423,12.8476,253.4756,12.3335,239.5574,11.6562,228.3663,11.1117,199.1736,9.6913,49.7885,2.7973,12.7581,0.7168,11.8875,0.6679,11.4118,0.6411,10.7852,0.6059,10.2813,0.5776,8.9671,0.5038,0.0,0.0,0.0,0.0,0.0,0.0,0.0,,0.0,0.0,0.0,0.0,0.0,0.0,0.0,0.0,0.0,0.0,0.0,0.0,0.0,0.0,0.0,0.0,0.0,0.0,0.0,0.0,0.0,0.0,0.0,0.0,0.0,0.0,0.0,0.0,0.708,0.7241,0.2875
720,64,0.001,3,10,100,64,8,128,184,435241,73,30,"{'sourceA': ['event_time', 'mcc_code', 'term_id'], 'sourceB': ['event_time', 'tr_type', 'amount']}",gender/checkpoints_large_30/model_64_0.001_3_10_100_128_64_8_128epoch=00.ckpt,0,30,0.29740763,37.1068,3.2976,0.0018,4.0705,1.3218,6.3656,0.5828,,653.2151,32.231,231.5151,11.4234,205.9754,10.1632,192.1352,9.4803,173.8588,8.5785,159.0637,7.8485,134.7975,6.6512,35.3982,2.2214,12.546,0.7873,11.1619,0.7005,10.4119,0.6534,9.4215,0.5913,8.6198,0.5409,7.3048,0.4584,0.0,0.0,0.0,0.0,0.0,0.0,0.0,,0.0,0.0,0.0,0.0,0.0,0.0,0.0,0.0,0.0,0.0,0.0,0.0,0.0,0.0,0.0,0.0,0.0,0.0,0.0,0.0,0.0,0.0,0.0,0.0,0.0,0.0,0.0,0.0,0.624,0.655,0.2875
721,64,0.001,3,10,100,64,8,128,184,435241,73,30,"{'sourceA': ['event_time', 'mcc_code', 'term_id'], 'sourceB': ['event_time', 'tr_type', 'amount']}",gender/checkpoints_large_30/model_64_0.001_3_10_100_128_64_8_128epoch=01.ckpt,1,30,0.33096594,40.7146,3.2488,0.0016,4.0528,1.2932,9.4425,0.6048,,793.6229,38.8864,249.3342,12.217,225.8102,11.0644,213.0802,10.4406,196.2198,9.6145,182.869,8.9603,159.3723,7.809,44.3557,2.6509,13.9353,0.8328,12.6206,0.7543,11.9091,0.7117,10.9667,0.6554,10.2206,0.6108,8.9073,0.5323,0.0,0.0,0.0,0.0,0.0,0.0,0.0,,0.0,0.0,0.0,0.0,0.0,0.0,0.0,0.0,0.0,0.0,0.0,0.0,0.0,0.0,0.0,0.0,0.0,0.0,0.0,0.0,0.0,0.0,0.0,0.0,0.0,0.0,0.0,0.0,0.672,0.7266,0.2875
722,64,0.001,3,10,100,64,8,128,184,435241,73,30,"{'sourceA': ['event_time', 'mcc_code', 'term_id'], 'sourceB': ['event_time', 'tr_type', 'amount']}",gender/checkpoints_large_30/model_64_0.001_3_10_100_128_64_8_128epoch=02.ckpt,2,30,0.35819128,43.3194,3.2458,0.0014,4.1926,1.2742,9.2603,0.6205,,894.0609,43.7305,262.6345,12.846,239.9619,11.7371,227.6272,11.1337,211.7294,10.3562,198.8577,9.7266,174.4508,8.5328,50.3548,2.7668,14.7919,0.8128,13.515,0.7426,12.8203,0.7044,11.9249,0.6552,11.1999,0.6154,9.8253,0.5399,0.0,0.0,0.0,0.0,0.0,0.0,0.0,,0.0,0.0,0.0,0.0,0.0,0.0,0.0,0.0,0.0,0.0,0.0,0.0,0.0,0.0,0.0,0.0,0.0,0.0,0.0,0.0,0.0,0.0,0.0,0.0,0.0,0.0,0.0,0.0,0.692,0.7085,0.2875
723,64,0.001,3,10,100,64,8,128,184,435241,73,30,"{'sourceA': ['event_time', 'mcc_code', 'term_id'], 'sourceB': ['event_time', 'tr_type', 'amount']}",gender/checkpoints_large_30/model_64_0.001_3_10_100_128_64_8_128epoch=03.ckpt,3,30,0.36825284,44.9966,3.1881,0.0012,4.3816,1.2467,10.7503,0.6453,,956.5445,46.6294,271.7247,13.246,250.0888,12.1913,238.1718,11.6103,222.6302,10.8527,210.2524,10.2493,184.7143,9.0044,50.4558,2.8417,14.3329,0.8072,13.1917,0.743,12.5631,0.7076,11.7433,0.6614,11.0904,0.6246,9.7433,0.5488,0.0,0.0,0.0,0.0,0.0,0.0,0.0,,0.0,0.0,0.0,0.0,0.0,0.0,0.0,0.0,0.0,0.0,0.0,0.0,0.0,0.0,0.0,0.0,0.0,0.0,0.0,0.0,0.0,0.0,0.0,0.0,0.0,0.0,0.0,0.0,0.684,0.721,0.2875
724,64,0.001,3,10,100,64,8,128,184,435241,73,30,"{'sourceA': ['event_time', 'mcc_code', 'term_id'], 'sourceB': ['event_time', 'tr_type', 'amount']}",gender/checkpoints_large_30/model_64_0.001_3_10_100_128_64_8_128epoch=04.ckpt,4,30,0.37801847,46.7858,3.223,0.0011,4.478,1.2398,10.8212,0.6521,,1000.2474,48.7578,277.7743,13.5403,256.6931,12.5127,244.7628,11.9311,229.4476,11.1846,217.3345,10.5941,191.7155,9.3453,50.3359,2.7422,13.9786,0.7615,12.9177,0.7037,12.3173,0.671,11.5466,0.629,10.937,0.5958,9.6478,0.5256,0.0,0.0,0.0,0.0,0.0,0.0,0.0,,0.0,0.0,0.0,0.0,0.0,0.0,0.0,0.0,0.0,0.0,0.0,0.0,0.0,0.0,0.0,0.0,0.0,0.0,0.0,0.0,0.0,0.0,0.0,0.0,0.0,0.0,0.0,0.0,0.66,0.6983,0.2875
725,64,0.001,3,10,100,64,8,128,184,435241,73,30,"{'sourceA': ['event_time', 'mcc_code', 'term_id'], 'sourceB': ['event_time', 'tr_type', 'amount']}",gender/checkpoints_large_30/model_64_0.001_3_10_100_128_64_8_128epoch=05.ckpt,5,30,0.38547584,47.9995,3.1112,0.001,4.5501,1.229,11.9084,0.6627,,1036.0043,50.4355,282.5322,13.7544,261.6356,12.7371,250.12,12.1765,235.025,11.4417,222.9701,10.8548,196.2988,9.5564,47.6388,2.6085,12.9917,0.7114,12.0309,0.6588,11.5013,0.6298,10.8072,0.5918,10.2529,0.5614,9.0265,0.4942,0.0,0.0,0.0,0.0,0.0,0.0,0.0,,0.0,0.0,0.0,0.0,0.0,0.0,0.0,0.0,0.0,0.0,0.0,0.0,0.0,0.0,0.0,0.0,0.0,0.0,0.0,0.0,0.0,0.0,0.0,0.0,0.0,0.0,0.0,0.0,0.668,0.7109,0.2875
726,64,0.001,3,10,100,64,8,128,184,435241,73,30,"{'sourceA': ['event_time', 'mcc_code', 'term_id'], 'sourceB': ['event_time', 'tr_type', 'amount']}",gender/checkpoints_large_30/model_64_0.001_3_10_100_128_64_8_128epoch=06.ckpt,6,30,0.38571262,49.7089,3.1222,0.001,4.5985,1.2362,12.8438,0.6553,,1076.8209,52.4203,287.5943,14.0003,267.1823,13.0066,255.6933,12.4473,240.8146,11.723,229.1708,11.1562,202.2787,9.8471,53.1683,2.8412,14.2,0.7588,13.1922,0.705,12.6249,0.6746,11.8903,0.6354,11.3154,0.6047,9.9876,0.5337,0.0,0.0,0.0,0.0,0.0,0.0,0.0,,0.0,0.0,0.0,0.0,0.0,0.0,0.0,0.0,0.0,0.0,0.0,0.0,0.0,0.0,0.0,0.0,0.0,0.0,0.0,0.0,0.0,0.0,0.0,0.0,0.0,0.0,0.0,0.0,0.696,0.7254,0.2875
727,64,0.001,3,10,100,64,8,128,184,435241,73,30,"{'sourceA': ['event_time', 'mcc_code', 'term_id'], 'sourceB': ['event_time', 'tr_type', 'amount']}",gender/checkpoints_large_30/model_64_0.001_3_10_100_128_64_8_128epoch=07.ckpt,7,30,0.39666194,50.2495,3.2262,0.0009,4.6561,1.2281,12.9483,0.6625,,1104.4368,53.6929,289.2079,14.06,269.3076,13.0926,258.2501,12.555,243.4545,11.8357,231.794,11.2688,205.1881,9.9753,48.7536,2.6915,12.7666,0.7048,11.8882,0.6563,11.4,0.6293,10.7469,0.5933,10.2322,0.5649,9.0577,0.5,0.0,0.0,0.0,0.0,0.0,0.0,0.0,,0.0,0.0,0.0,0.0,0.0,0.0,0.0,0.0,0.0,0.0,0.0,0.0,0.0,0.0,0.0,0.0,0.0,0.0,0.0,0.0,0.0,0.0,0.0,0.0,0.0,0.0,0.0,0.0,0.692,0.7316,0.2875
728,64,0.001,3,10,100,64,8,128,184,435241,73,30,"{'sourceA': ['event_time', 'mcc_code', 'term_id'], 'sourceB': ['event_time', 'tr_type', 'amount']}",gender/checkpoints_large_30/model_64_0.001_3_10_100_128_64_8_128epoch=08.ckpt,8,30,0.39760888,50.3713,3.1597,0.0008,4.708,1.2199,12.476,0.6719,,1110.0518,53.9857,291.1837,14.1613,271.6378,13.2107,260.6963,12.6786,246.2149,11.9743,234.831,11.4206,206.9323,10.0638,49.9029,2.6801,13.0903,0.703,12.2116,0.6559,11.7197,0.6294,11.0687,0.5945,10.5569,0.567,9.3027,0.4996,0.0,0.0,0.0,0.0,0.0,0.0,0.0,,0.0,0.0,0.0,0.0,0.0,0.0,0.0,0.0,0.0,0.0,0.0,0.0,0.0,0.0,0.0,0.0,0.0,0.0,0.0,0.0,0.0,0.0,0.0,0.0,0.0,0.0,0.0,0.0,0.7,0.7672,0.2875
729,64,0.001,3,10,100,64,8,128,184,435241,73,30,"{'sourceA': ['event_time', 'mcc_code', 'term_id'], 'sourceB': ['event_time', 'tr_type', 'amount']}",gender/checkpoints_large_30/model_64_0.001_3_10_100_128_64_8_128epoch=09.ckpt,9,30,0.39802316,51.2248,3.0754,0.0009,4.6726,1.2214,13.5379,0.6703,,1131.2853,55.0154,292.7108,14.2348,273.3884,13.2951,262.4475,12.763,247.8492,12.0531,236.0171,11.4777,208.8878,10.1584,49.1857,2.6484,12.7264,0.6852,11.8863,0.64,11.4106,0.6144,10.7759,0.5802,10.2615,0.5525,9.082,0.489,0.0,0.0,0.0,0.0,0.0,0.0,0.0,,0.0,0.0,0.0,0.0,0.0,0.0,0.0,0.0,0.0,0.0,0.0,0.0,0.0,0.0,0.0,0.0,0.0,0.0,0.0,0.0,0.0,0.0,0.0,0.0,0.0,0.0,0.0,0.0,0.688,0.7415,0.2875
730,64,0.001,3,10,100,64,8,128,184,435241,73,30,"{'sourceA': ['event_time', 'mcc_code', 'term_id'], 'sourceB': ['event_time', 'tr_type', 'amount']}",gender/checkpoints_large_30/model_64_0.001_3_10_100_128_64_8_128epoch=10.ckpt,10,30,0.39979878,51.1611,3.1819,0.0008,4.6968,1.2175,13.1136,0.6747,,1132.2738,55.0701,293.2875,14.2645,273.9492,13.324,263.0908,12.7959,248.722,12.097,237.3114,11.5421,209.4092,10.185,48.7149,2.6493,12.6184,0.6862,11.7864,0.641,11.3192,0.6156,10.701,0.582,10.2101,0.5553,9.0096,0.49,0.0,0.0,0.0,0.0,0.0,0.0,0.0,,0.0,0.0,0.0,0.0,0.0,0.0,0.0,0.0,0.0,0.0,0.0,0.0,0.0,0.0,0.0,0.0,0.0,0.0,0.0,0.0,0.0,0.0,0.0,0.0,0.0,0.0,0.0,0.0,0.728,0.7549,0.2875
731,64,0.001,3,10,100,64,8,128,184,435241,73,30,"{'sourceA': ['event_time', 'mcc_code', 'term_id'], 'sourceB': ['event_time', 'tr_type', 'amount']}",gender/checkpoints_large_30/model_64_0.001_3_10_100_128_64_8_128epoch=11.ckpt,11,30,0.39849672,51.2605,3.0082,0.0007,4.7214,1.2161,13.7511,0.6756,,1141.3356,55.4707,294.3918,14.3079,275.2377,13.377,264.5629,12.8582,250.2735,12.1637,239.0299,11.6172,211.6857,10.2883,50.2836,2.7013,12.97,0.6968,12.1261,0.6514,11.6558,0.6262,11.0263,0.5924,10.5309,0.5657,9.3262,0.501,0.0,0.0,0.0,0.0,0.0,0.0,0.0,,0.0,0.0,0.0,0.0,0.0,0.0,0.0,0.0,0.0,0.0,0.0,0.0,0.0,0.0,0.0,0.0,0.0,0.0,0.0,0.0,0.0,0.0,0.0,0.0,0.0,0.0,0.0,0.0,0.708,0.7654,0.2875
732,64,0.001,3,10,100,64,8,128,184,435241,73,30,"{'sourceA': ['event_time', 'mcc_code', 'term_id'], 'sourceB': ['event_time', 'tr_type', 'amount']}",gender/checkpoints_large_30/model_64_0.001_3_10_100_128_64_8_128epoch=12.ckpt,12,30,0.39754972,51.492,3.0085,0.0007,4.7174,1.2128,13.5305,0.6797,,1142.2173,55.5346,295.1284,14.3491,276.1356,13.4257,265.2356,12.8957,250.9157,12.1995,239.3616,11.6378,211.2678,10.2718,49.1016,2.6749,12.687,0.6911,11.8705,0.6467,11.4019,0.6211,10.7864,0.5876,10.2897,0.5605,9.082,0.4948,0.0,0.0,0.0,0.0,0.0,0.0,0.0,,0.0,0.0,0.0,0.0,0.0,0.0,0.0,0.0,0.0,0.0,0.0,0.0,0.0,0.0,0.0,0.0,0.0,0.0,0.0,0.0,0.0,0.0,0.0,0.0,0.0,0.0,0.0,0.0,0.732,0.7724,0.2875
733,64,0.001,3,10,100,64,8,128,184,435241,73,30,"{'sourceA': ['event_time', 'mcc_code', 'term_id'], 'sourceB': ['event_time', 'tr_type', 'amount']}",gender/checkpoints_large_30/model_64_0.001_3_10_100_128_64_8_128epoch=13.ckpt,13,30,0.4024621,52.0957,3.0168,0.0007,4.7079,1.221,14.0168,0.6701,,1161.8076,56.4595,295.7282,14.3713,276.7085,13.447,265.9883,12.926,252.0907,12.2507,240.7933,11.7016,213.7316,10.3865,51.6393,2.7774,13.1443,0.707,12.299,0.6615,11.8225,0.6359,11.2048,0.6026,10.7026,0.5756,9.4998,0.5109,0.0,0.0,0.0,0.0,0.0,0.0,0.0,,0.0,0.0,0.0,0.0,0.0,0.0,0.0,0.0,0.0,0.0,0.0,0.0,0.0,0.0,0.0,0.0,0.0,0.0,0.0,0.0,0.0,0.0,0.0,0.0,0.0,0.0,0.0,0.0,0.696,0.747,0.2875
734,64,0.001,3,10,100,64,8,128,184,435241,73,30,"{'sourceA': ['event_time', 'mcc_code', 'term_id'], 'sourceB': ['event_time', 'tr_type', 'amount']}",gender/checkpoints_large_30/model_64_0.001_3_10_100_128_64_8_128epoch=14.ckpt,14,30,0.40305397,51.987,3.0539,0.0007,4.7151,1.2146,14.5316,0.6773,,1164.6174,56.6086,297.0259,14.4376,278.2004,13.5225,267.5235,13.0035,253.3734,12.3157,241.9433,11.7602,214.5723,10.4297,50.5647,2.7323,12.8961,0.6968,12.0788,0.6527,11.6152,0.6276,11.0008,0.5944,10.5046,0.5676,9.3162,0.5034,0.0,0.0,0.0,0.0,0.0,0.0,0.0,,0.0,0.0,0.0,0.0,0.0,0.0,0.0,0.0,0.0,0.0,0.0,0.0,0.0,0.0,0.0,0.0,0.0,0.0,0.0,0.0,0.0,0.0,0.0,0.0,0.0,0.0,0.0,0.0,0.696,0.763,0.2875
735,64,0.001,3,10,100,64,8,128,184,435241,73,30,"{'sourceA': ['event_time', 'mcc_code', 'term_id'], 'sourceB': ['event_time', 'tr_type', 'amount']}",gender/checkpoints_large_30/model_64_0.001_3_10_100_128_64_8_128epoch=15.ckpt,15,30,0.40447444,52.1969,3.114,0.0006,4.7168,1.2168,13.8466,0.6746,,1167.6481,56.7059,296.1043,14.3801,277.2068,13.4623,266.4775,12.9413,252.3889,12.2571,241.1909,11.7132,214.6056,10.4221,53.5732,2.8164,13.5857,0.7142,12.7186,0.6686,12.2263,0.6428,11.5799,0.6088,11.0662,0.5818,9.8464,0.5176,0.0,0.0,0.0,0.0,0.0,0.0,0.0,,0.0,0.0,0.0,0.0,0.0,0.0,0.0,0.0,0.0,0.0,0.0,0.0,0.0,0.0,0.0,0.0,0.0,0.0,0.0,0.0,0.0,0.0,0.0,0.0,0.0,0.0,0.0,0.0,0.728,0.7675,0.2875
736,64,0.001,3,10,100,64,8,128,184,435241,73,30,"{'sourceA': ['event_time', 'mcc_code', 'term_id'], 'sourceB': ['event_time', 'tr_type', 'amount']}",gender/checkpoints_large_30/model_64_0.001_3_10_100_128_64_8_128epoch=16.ckpt,16,30,0.40755206,52.0232,3.1941,0.0007,4.712,1.2103,13.4916,0.6821,,1165.3965,56.6405,296.2442,14.398,277.6101,13.4924,266.9137,12.9725,252.8036,12.2867,241.618,11.7431,213.7587,10.3891,50.7973,2.7252,12.9127,0.6928,12.1005,0.6492,11.6342,0.6242,11.0192,0.5912,10.5316,0.565,9.3173,0.4999,0.0,0.0,0.0,0.0,0.0,0.0,0.0,,0.0,0.0,0.0,0.0,0.0,0.0,0.0,0.0,0.0,0.0,0.0,0.0,0.0,0.0,0.0,0.0,0.0,0.0,0.0,0.0,0.0,0.0,0.0,0.0,0.0,0.0,0.0,0.0,0.72,0.7585,0.2875
737,64,0.001,3,10,100,64,8,128,184,435241,73,30,"{'sourceA': ['event_time', 'mcc_code', 'term_id'], 'sourceB': ['event_time', 'tr_type', 'amount']}",gender/checkpoints_large_30/model_64_0.001_3_10_100_128_64_8_128epoch=17.ckpt,17,30,0.40802556,52.2545,3.2655,0.0008,4.7068,1.2122,14.2223,0.68,,1179.0728,57.2813,297.1707,14.437,278.4123,13.5257,267.7261,13.0066,253.6226,12.3214,242.2379,11.7683,213.9118,10.3922,52.1324,2.7792,13.1393,0.7005,12.3099,0.6563,11.8374,0.6311,11.2139,0.5978,10.7105,0.571,9.4581,0.5042,0.0,0.0,0.0,0.0,0.0,0.0,0.0,,0.0,0.0,0.0,0.0,0.0,0.0,0.0,0.0,0.0,0.0,0.0,0.0,0.0,0.0,0.0,0.0,0.0,0.0,0.0,0.0,0.0,0.0,0.0,0.0,0.0,0.0,0.0,0.0,0.688,0.7439,0.2875
738,64,0.001,3,10,100,64,8,128,184,435241,73,30,"{'sourceA': ['event_time', 'mcc_code', 'term_id'], 'sourceB': ['event_time', 'tr_type', 'amount']}",gender/checkpoints_large_30/model_64_0.001_3_10_100_128_64_8_128epoch=18.ckpt,18,30,0.40601328,52.4867,2.9351,0.0007,4.6822,1.2091,14.138,0.6831,,1176.5609,57.1521,297.1645,14.4349,278.3321,13.5201,267.5218,12.995,253.4575,12.3118,242.1145,11.7609,214.4064,10.4149,51.6776,2.7945,13.0522,0.7058,12.2251,0.6611,11.7502,0.6354,11.1325,0.602,10.6343,0.5751,9.4173,0.5093,0.0,0.0,0.0,0.0,0.0,0.0,0.0,,0.0,0.0,0.0,0.0,0.0,0.0,0.0,0.0,0.0,0.0,0.0,0.0,0.0,0.0,0.0,0.0,0.0,0.0,0.0,0.0,0.0,0.0,0.0,0.0,0.0,0.0,0.0,0.0,0.716,0.7503,0.2875
739,64,0.001,3,10,100,64,8,128,184,435241,73,30,"{'sourceA': ['event_time', 'mcc_code', 'term_id'], 'sourceB': ['event_time', 'tr_type', 'amount']}",gender/checkpoints_large_30/model_64_0.001_3_10_100_128_64_8_128epoch=19.ckpt,19,30,0.40447444,52.6015,3.1531,0.0007,4.7148,1.2101,14.3311,0.6827,,1180.0999,57.3642,297.9251,14.482,279.1261,13.5682,268.3523,13.0445,253.9723,12.3455,242.4519,11.7855,213.195,10.3633,49.5048,2.6843,12.4979,0.6777,11.7092,0.6349,11.2573,0.6104,10.6541,0.5777,10.1708,0.5515,8.9435,0.4849,0.0,0.0,0.0,0.0,0.0,0.0,0.0,,0.0,0.0,0.0,0.0,0.0,0.0,0.0,0.0,0.0,0.0,0.0,0.0,0.0,0.0,0.0,0.0,0.0,0.0,0.0,0.0,0.0,0.0,0.0,0.0,0.0,0.0,0.0,0.0,0.672,0.7454,0.2875
740,64,0.001,3,10,100,64,8,128,184,435241,73,30,"{'sourceA': ['event_time', 'mcc_code', 'term_id'], 'sourceB': ['event_time', 'tr_type', 'amount']}",gender/checkpoints_large_30/model_64_0.001_3_10_100_128_64_8_128epoch=20.ckpt,20,30,0.40796635,52.6173,2.953,0.0007,4.7041,1.2109,14.0307,0.6815,,1185.8865,57.6282,297.4183,14.4531,278.8173,13.5491,268.2128,13.0338,254.1256,12.3492,242.7803,11.7979,214.4593,10.4217,50.8627,2.7295,12.7563,0.6846,11.9585,0.6417,11.5036,0.6173,10.8994,0.5849,10.4128,0.5588,9.1982,0.4936,0.0,0.0,0.0,0.0,0.0,0.0,0.0,,0.0,0.0,0.0,0.0,0.0,0.0,0.0,0.0,0.0,0.0,0.0,0.0,0.0,0.0,0.0,0.0,0.0,0.0,0.0,0.0,0.0,0.0,0.0,0.0,0.0,0.0,0.0,0.0,0.688,0.7516,0.2875
741,64,0.001,3,10,100,64,8,128,184,435241,73,30,"{'sourceA': ['event_time', 'mcc_code', 'term_id'], 'sourceB': ['event_time', 'tr_type', 'amount']}",gender/checkpoints_large_30/model_64_0.001_3_10_100_128_64_8_128epoch=21.ckpt,21,30,0.4071969,52.9054,3.0821,0.0007,4.712,1.2148,14.2993,0.6771,,1194.3468,58.0272,298.2693,14.4914,279.7699,13.5926,269.1083,13.0746,255.1366,12.3958,243.8191,11.8459,215.5669,10.4733,50.925,2.7283,12.7177,0.6814,11.9289,0.6391,11.4743,0.6147,10.8786,0.5828,10.396,0.557,9.1914,0.4924,0.0,0.0,0.0,0.0,0.0,0.0,0.0,,0.0,0.0,0.0,0.0,0.0,0.0,0.0,0.0,0.0,0.0,0.0,0.0,0.0,0.0,0.0,0.0,0.0,0.0,0.0,0.0,0.0,0.0,0.0,0.0,0.0,0.0,0.0,0.0,0.704,0.7541,0.2875
742,64,0.001,3,10,100,64,8,128,184,435241,73,30,"{'sourceA': ['event_time', 'mcc_code', 'term_id'], 'sourceB': ['event_time', 'tr_type', 'amount']}",gender/checkpoints_large_30/model_64_0.001_3_10_100_128_64_8_128epoch=22.ckpt,22,30,0.41299722,52.8939,3.1086,0.0007,4.7072,1.2117,14.7327,0.6808,,1190.5062,57.8628,298.5576,14.511,279.8393,13.6012,269.1705,13.0826,255.1223,12.3998,243.7425,11.8467,214.6706,10.4337,50.9757,2.7386,12.7838,0.6868,11.9823,0.6437,11.5255,0.6192,10.9239,0.5869,10.4367,0.5607,9.1919,0.4938,0.0,0.0,0.0,0.0,0.0,0.0,0.0,,0.0,0.0,0.0,0.0,0.0,0.0,0.0,0.0,0.0,0.0,0.0,0.0,0.0,0.0,0.0,0.0,0.0,0.0,0.0,0.0,0.0,0.0,0.0,0.0,0.0,0.0,0.0,0.0,0.704,0.7584,0.2875
743,64,0.001,3,10,100,64,8,128,184,435241,73,30,"{'sourceA': ['event_time', 'mcc_code', 'term_id'], 'sourceB': ['event_time', 'tr_type', 'amount']}",gender/checkpoints_large_30/model_64_0.001_3_10_100_128_64_8_128epoch=23.ckpt,23,30,0.41074803,52.8356,2.907,0.0007,4.7267,1.2119,14.4262,0.6807,,1192.2174,57.9513,298.5814,14.5134,279.8996,13.6054,269.2305,13.0868,255.1609,12.4029,243.9105,11.856,214.9449,10.448,50.8774,2.7549,12.7418,0.6899,11.9446,0.6468,11.4893,0.6221,10.8889,0.5896,10.4088,0.5636,9.1727,0.4967,0.0,0.0,0.0,0.0,0.0,0.0,0.0,,0.0,0.0,0.0,0.0,0.0,0.0,0.0,0.0,0.0,0.0,0.0,0.0,0.0,0.0,0.0,0.0,0.0,0.0,0.0,0.0,0.0,0.0,0.0,0.0,0.0,0.0,0.0,0.0,0.716,0.7677,0.2875
744,64,0.001,3,10,100,64,8,128,184,435241,73,30,"{'sourceA': ['event_time', 'mcc_code', 'term_id'], 'sourceB': ['event_time', 'tr_type', 'amount']}",gender/checkpoints_large_30/model_64_0.001_3_10_100_128_64_8_128epoch=24.ckpt,24,30,0.4112808,52.7732,2.9361,0.0007,4.7308,1.2088,14.8351,0.6841,,1190.319,57.8467,299.3254,14.5465,280.6113,13.6371,269.9686,13.1198,255.8238,12.4324,244.386,11.8766,214.8697,10.4422,51.2943,2.773,12.8988,0.6973,12.0923,0.6537,11.6337,0.6289,11.0242,0.596,10.5313,0.5693,9.2594,0.5006,0.0,0.0,0.0,0.0,0.0,0.0,0.0,,0.0,0.0,0.0,0.0,0.0,0.0,0.0,0.0,0.0,0.0,0.0,0.0,0.0,0.0,0.0,0.0,0.0,0.0,0.0,0.0,0.0,0.0,0.0,0.0,0.0,0.0,0.0,0.0,0.716,0.7648,0.2875
745,64,0.001,3,10,100,64,8,128,184,435241,73,30,"{'sourceA': ['event_time', 'mcc_code', 'term_id'], 'sourceB': ['event_time', 'tr_type', 'amount']}",gender/checkpoints_large_30/model_64_0.001_3_10_100_128_64_8_128epoch=25.ckpt,25,30,0.4104522,52.8713,3.0307,0.0007,4.7219,1.2092,14.997,0.6835,,1192.2552,57.9352,298.6529,14.5124,280.0426,13.6081,269.4671,13.0942,255.5977,12.4203,244.383,11.8753,215.677,10.4804,51.3114,2.7596,12.8532,0.6913,12.0523,0.6482,11.5971,0.6237,11.0002,0.5916,10.5176,0.5656,9.2821,0.4992,0.0,0.0,0.0,0.0,0.0,0.0,0.0,,0.0,0.0,0.0,0.0,0.0,0.0,0.0,0.0,0.0,0.0,0.0,0.0,0.0,0.0,0.0,0.0,0.0,0.0,0.0,0.0,0.0,0.0,0.0,0.0,0.0,0.0,0.0,0.0,0.688,0.7583,0.2875
746,64,0.001,3,10,100,64,8,128,184,435241,73,30,"{'sourceA': ['event_time', 'mcc_code', 'term_id'], 'sourceB': ['event_time', 'tr_type', 'amount']}",gender/checkpoints_large_30/model_64_0.001_3_10_100_128_64_8_128epoch=26.ckpt,26,30,0.41057053,52.9244,3.0056,0.0007,4.7075,1.21,14.4977,0.6824,,1193.6003,57.9998,297.5436,14.4583,278.9537,13.555,268.4089,13.0426,254.5754,12.3704,243.3485,11.8249,215.3008,10.462,50.9855,2.7524,12.7098,0.6861,11.9157,0.6433,11.4653,0.6189,10.8744,0.587,10.3948,0.5612,9.1967,0.4965,0.0,0.0,0.0,0.0,0.0,0.0,0.0,,0.0,0.0,0.0,0.0,0.0,0.0,0.0,0.0,0.0,0.0,0.0,0.0,0.0,0.0,0.0,0.0,0.0,0.0,0.0,0.0,0.0,0.0,0.0,0.0,0.0,0.0,0.0,0.0,0.712,0.7576,0.2875
747,64,0.001,3,10,100,64,8,128,184,435241,73,30,"{'sourceA': ['event_time', 'mcc_code', 'term_id'], 'sourceB': ['event_time', 'tr_type', 'amount']}",gender/checkpoints_large_30/model_64_0.001_3_10_100_128_64_8_128epoch=27.ckpt,27,30,0.41116247,52.866,3.134,0.0006,4.7406,1.2091,14.384,0.6837,,1195.8406,58.1271,299.0376,14.5356,280.3048,13.625,269.6916,13.1091,255.6419,12.4262,244.3562,11.8776,215.3187,10.4662,48.4661,2.6699,12.1197,0.6677,11.3604,0.6258,10.9303,0.6021,10.3609,0.5708,9.9035,0.5456,8.7266,0.4807,0.0,0.0,0.0,0.0,0.0,0.0,0.0,,0.0,0.0,0.0,0.0,0.0,0.0,0.0,0.0,0.0,0.0,0.0,0.0,0.0,0.0,0.0,0.0,0.0,0.0,0.0,0.0,0.0,0.0,0.0,0.0,0.0,0.0,0.0,0.0,0.7,0.7502,0.2875
748,64,0.001,3,10,100,64,8,128,184,435241,73,30,"{'sourceA': ['event_time', 'mcc_code', 'term_id'], 'sourceB': ['event_time', 'tr_type', 'amount']}",gender/checkpoints_large_30/model_64_0.001_3_10_100_128_64_8_128epoch=28.ckpt,28,30,0.40932763,52.9093,3.1255,0.0006,4.7306,1.2083,14.3703,0.6848,,1195.7754,58.1371,298.2872,14.5024,279.7955,13.6033,269.2329,13.0898,255.4934,12.4218,244.1232,11.869,215.3537,10.4702,49.8398,2.7168,12.4326,0.6777,11.6619,0.6357,11.2216,0.6117,10.6489,0.5805,10.175,0.5546,8.9759,0.4893,0.0,0.0,0.0,0.0,0.0,0.0,0.0,,0.0,0.0,0.0,0.0,0.0,0.0,0.0,0.0,0.0,0.0,0.0,0.0,0.0,0.0,0.0,0.0,0.0,0.0,0.0,0.0,0.0,0.0,0.0,0.0,0.0,0.0,0.0,0.0,0.684,0.7649,0.2875
749,64,0.001,3,10,100,64,8,128,184,435241,73,30,"{'sourceA': ['event_time', 'mcc_code', 'term_id'], 'sourceB': ['event_time', 'tr_type', 'amount']}",gender/checkpoints_large_30/model_64_0.001_3_10_100_128_64_8_128epoch=29.ckpt,29,30,0.4091501,53.5442,3.323,0.0007,4.6552,1.2161,14.7471,0.676,,1209.2543,58.7851,298.613,14.5164,280.076,13.6153,269.6538,13.1086,255.7767,12.434,244.7128,11.8961,217.2961,10.5634,51.6207,2.8076,12.7472,0.6933,11.9559,0.6503,11.511,0.6261,10.9186,0.5939,10.4463,0.5682,9.2759,0.5045,0.0,0.0,0.0,0.0,0.0,0.0,0.0,,0.0,0.0,0.0,0.0,0.0,0.0,0.0,0.0,0.0,0.0,0.0,0.0,0.0,0.0,0.0,0.0,0.0,0.0,0.0,0.0,0.0,0.0,0.0,0.0,0.0,0.0,0.0,0.0,0.696,0.7696,0.2875
750,64,0.001,3,10,100,128,8,128,184,435241,73,30,"{'sourceA': ['event_time', 'mcc_code', 'term_id'], 'sourceB': ['event_time', 'tr_type', 'amount']}",gender/checkpoints_large_30/model_64_0.001_3_10_100_128_128_8_128epoch=00.ckpt,0,30,0.31196734,43.7312,3.1606,0.0013,3.9842,1.2803,7.9406,0.617,,855.2071,41.8171,250.8789,12.2672,225.891,11.0454,212.5902,10.395,194.8475,9.5275,181.2357,8.8619,159.0804,7.7786,34.9034,2.3509,10.2391,0.6896,9.2193,0.6209,8.6764,0.5844,7.9523,0.5356,7.3967,0.4982,6.4925,0.4373,0.0,0.0,0.0,0.0,0.0,0.0,0.0,,0.0,0.0,0.0,0.0,0.0,0.0,0.0,0.0,0.0,0.0,0.0,0.0,0.0,0.0,0.0,0.0,0.0,0.0,0.0,0.0,0.0,0.0,0.0,0.0,0.0,0.0,0.0,0.0,0.6,0.6276,0.2875
751,64,0.001,3,10,100,128,8,128,184,435241,73,30,"{'sourceA': ['event_time', 'mcc_code', 'term_id'], 'sourceB': ['event_time', 'tr_type', 'amount']}",gender/checkpoints_large_30/model_64_0.001_3_10_100_128_128_8_128epoch=01.ckpt,1,30,0.35185844,46.5491,3.0821,0.0008,4.3897,1.2446,9.7106,0.6478,,1013.5857,49.3726,270.4133,13.172,248.1802,12.0891,235.8347,11.4877,219.2117,10.678,206.3074,10.0494,183.3699,8.9321,47.4064,2.7836,12.6475,0.7426,11.6076,0.6816,11.0302,0.6477,10.2527,0.602,9.6492,0.5666,8.5764,0.5036,0.0,0.0,0.0,0.0,0.0,0.0,0.0,,0.0,0.0,0.0,0.0,0.0,0.0,0.0,0.0,0.0,0.0,0.0,0.0,0.0,0.0,0.0,0.0,0.0,0.0,0.0,0.0,0.0,0.0,0.0,0.0,0.0,0.0,0.0,0.0,0.644,0.6648,0.2875
752,64,0.001,3,10,100,128,8,128,184,435241,73,30,"{'sourceA': ['event_time', 'mcc_code', 'term_id'], 'sourceB': ['event_time', 'tr_type', 'amount']}",gender/checkpoints_large_30/model_64_0.001_3_10_100_128_128_8_128epoch=02.ckpt,2,30,0.3719815,48.8084,2.9448,0.0008,4.6651,1.2476,10.1687,0.6439,,1115.5309,54.2561,281.2954,13.6814,259.8148,12.6366,247.8794,12.0561,231.8107,11.2746,219.3387,10.668,194.9805,9.4833,48.7467,2.7849,12.2921,0.7023,11.3534,0.6486,10.8319,0.6188,10.1297,0.5787,9.5847,0.5476,8.5203,0.4868,0.0,0.0,0.0,0.0,0.0,0.0,0.0,,0.0,0.0,0.0,0.0,0.0,0.0,0.0,0.0,0.0,0.0,0.0,0.0,0.0,0.0,0.0,0.0,0.0,0.0,0.0,0.0,0.0,0.0,0.0,0.0,0.0,0.0,0.0,0.0,0.652,0.6764,0.2875
753,64,0.001,3,10,100,128,8,128,184,435241,73,30,"{'sourceA': ['event_time', 'mcc_code', 'term_id'], 'sourceB': ['event_time', 'tr_type', 'amount']}",gender/checkpoints_large_30/model_64_0.001_3_10_100_128_128_8_128epoch=03.ckpt,3,30,0.37813684,48.7601,3.0377,0.0008,4.8809,1.2202,11.2983,0.6722,,1141.2556,55.4838,287.2849,13.9668,266.4789,12.9553,254.5372,12.3747,238.5594,11.5979,225.5903,10.9674,198.9846,9.6739,51.3814,2.9464,12.9341,0.7417,11.9974,0.688,11.4597,0.6571,10.7404,0.6159,10.1565,0.5824,8.9586,0.5137,0.0,0.0,0.0,0.0,0.0,0.0,0.0,,0.0,0.0,0.0,0.0,0.0,0.0,0.0,0.0,0.0,0.0,0.0,0.0,0.0,0.0,0.0,0.0,0.0,0.0,0.0,0.0,0.0,0.0,0.0,0.0,0.0,0.0,0.0,0.0,0.632,0.6728,0.2875
754,64,0.001,3,10,100,128,8,128,184,435241,73,30,"{'sourceA': ['event_time', 'mcc_code', 'term_id'], 'sourceB': ['event_time', 'tr_type', 'amount']}",gender/checkpoints_large_30/model_64_0.001_3_10_100_128_128_8_128epoch=04.ckpt,4,30,0.38867188,49.6758,3.1435,0.0007,4.9505,1.2168,12.1625,0.6761,,1175.0552,57.1823,290.4077,14.1323,270.0773,13.1429,258.4779,12.5784,242.7954,11.8153,230.2716,11.2058,200.2744,9.7461,46.0402,2.6806,11.3786,0.6625,10.582,0.6161,10.1275,0.5896,9.513,0.5539,9.0223,0.5253,7.847,0.4569,0.0,0.0,0.0,0.0,0.0,0.0,0.0,,0.0,0.0,0.0,0.0,0.0,0.0,0.0,0.0,0.0,0.0,0.0,0.0,0.0,0.0,0.0,0.0,0.0,0.0,0.0,0.0,0.0,0.0,0.0,0.0,0.0,0.0,0.0,0.0,0.684,0.6839,0.2875
755,64,0.001,3,10,100,128,8,128,184,435241,73,30,"{'sourceA': ['event_time', 'mcc_code', 'term_id'], 'sourceB': ['event_time', 'tr_type', 'amount']}",gender/checkpoints_large_30/model_64_0.001_3_10_100_128_128_8_128epoch=05.ckpt,5,30,0.39411697,50.747,3.0582,0.0007,4.9429,1.2175,11.3302,0.6747,,1201.0072,58.4239,291.8567,14.1976,271.4723,13.206,259.9005,12.6431,244.269,11.8826,231.6866,11.2706,202.2904,9.8406,45.9963,2.6922,11.1776,0.6542,10.3969,0.6085,9.9537,0.5826,9.355,0.5476,8.8732,0.5194,7.7473,0.4535,0.0,0.0,0.0,0.0,0.0,0.0,0.0,,0.0,0.0,0.0,0.0,0.0,0.0,0.0,0.0,0.0,0.0,0.0,0.0,0.0,0.0,0.0,0.0,0.0,0.0,0.0,0.0,0.0,0.0,0.0,0.0,0.0,0.0,0.0,0.0,0.7,0.7022,0.2875
756,64,0.001,3,10,100,128,8,128,184,435241,73,30,"{'sourceA': ['event_time', 'mcc_code', 'term_id'], 'sourceB': ['event_time', 'tr_type', 'amount']}",gender/checkpoints_large_30/model_64_0.001_3_10_100_128_128_8_128epoch=06.ckpt,6,30,0.3960701,51.4024,3.0652,0.0007,4.962,1.2191,11.542,0.6728,,1233.1385,59.9757,295.157,14.3554,274.9727,13.3738,263.5535,12.8184,248.2295,12.073,235.6048,11.459,205.9309,10.0158,46.6605,2.7355,11.1684,0.6548,10.4046,0.61,9.9726,0.5846,9.3927,0.5507,8.915,0.5226,7.7922,0.4568,0.0,0.0,0.0,0.0,0.0,0.0,0.0,,0.0,0.0,0.0,0.0,0.0,0.0,0.0,0.0,0.0,0.0,0.0,0.0,0.0,0.0,0.0,0.0,0.0,0.0,0.0,0.0,0.0,0.0,0.0,0.0,0.0,0.0,0.0,0.0,0.68,0.7258,0.2875
757,64,0.001,3,10,100,128,8,128,184,435241,73,30,"{'sourceA': ['event_time', 'mcc_code', 'term_id'], 'sourceB': ['event_time', 'tr_type', 'amount']}",gender/checkpoints_large_30/model_64_0.001_3_10_100_128_128_8_128epoch=07.ckpt,7,30,0.39719456,51.6407,3.2573,0.0007,4.9745,1.2171,11.7229,0.6746,,1247.9862,60.6749,296.3105,14.4061,276.493,13.4426,265.2316,12.8951,250.3606,12.1721,238.3326,11.5873,209.2854,10.1751,50.2926,2.7857,11.941,0.6614,11.1424,0.6172,10.6886,0.592,10.0893,0.5588,9.6046,0.532,8.434,0.4672,0.0,0.0,0.0,0.0,0.0,0.0,0.0,,0.0,0.0,0.0,0.0,0.0,0.0,0.0,0.0,0.0,0.0,0.0,0.0,0.0,0.0,0.0,0.0,0.0,0.0,0.0,0.0,0.0,0.0,0.0,0.0,0.0,0.0,0.0,0.0,0.68,0.7345,0.2875
758,64,0.001,3,10,100,128,8,128,184,435241,73,30,"{'sourceA': ['event_time', 'mcc_code', 'term_id'], 'sourceB': ['event_time', 'tr_type', 'amount']}",gender/checkpoints_large_30/model_64_0.001_3_10_100_128_128_8_128epoch=08.ckpt,8,30,0.39808238,52.062,3.0106,0.0006,5.0349,1.2228,12.2319,0.6687,,1283.8512,62.3908,297.0192,14.4341,277.5019,13.4856,266.4574,12.9489,251.9653,12.2447,240.2569,11.6757,212.8835,10.3454,55.0872,3.0441,12.7444,0.7043,11.907,0.658,11.4331,0.6318,10.8113,0.5974,10.3089,0.5697,9.1344,0.5048,0.0,0.0,0.0,0.0,0.0,0.0,0.0,,0.0,0.0,0.0,0.0,0.0,0.0,0.0,0.0,0.0,0.0,0.0,0.0,0.0,0.0,0.0,0.0,0.0,0.0,0.0,0.0,0.0,0.0,0.0,0.0,0.0,0.0,0.0,0.0,0.688,0.7206,0.2875
759,64,0.001,3,10,100,128,8,128,184,435241,73,30,"{'sourceA': ['event_time', 'mcc_code', 'term_id'], 'sourceB': ['event_time', 'tr_type', 'amount']}",gender/checkpoints_large_30/model_64_0.001_3_10_100_128_128_8_128epoch=09.ckpt,9,30,0.39660272,52.3776,2.9203,0.0007,5.0323,1.2234,11.6792,0.6679,,1293.7065,62.8937,297.2183,14.4493,277.6102,13.496,266.4385,12.9529,251.8496,12.2437,240.0394,11.6695,209.4397,10.1819,52.4961,2.958,12.0605,0.6796,11.2649,0.6348,10.8116,0.6092,10.2196,0.5758,9.7403,0.5488,8.4987,0.4789,0.0,0.0,0.0,0.0,0.0,0.0,0.0,,0.0,0.0,0.0,0.0,0.0,0.0,0.0,0.0,0.0,0.0,0.0,0.0,0.0,0.0,0.0,0.0,0.0,0.0,0.0,0.0,0.0,0.0,0.0,0.0,0.0,0.0,0.0,0.0,0.692,0.736,0.2875
760,64,0.001,3,10,100,128,8,128,184,435241,73,30,"{'sourceA': ['event_time', 'mcc_code', 'term_id'], 'sourceB': ['event_time', 'tr_type', 'amount']}",gender/checkpoints_large_30/model_64_0.001_3_10_100_128_128_8_128epoch=10.ckpt,10,30,0.40477034,52.1797,3.0007,0.0006,5.0536,1.2168,12.1703,0.6748,,1289.1965,62.637,298.0908,14.4831,278.6929,13.5406,267.7348,13.0082,253.1559,12.2999,241.5095,11.734,213.7637,10.3859,54.2858,3.0031,12.5521,0.6944,11.7353,0.6492,11.2738,0.6237,10.6599,0.5897,10.1695,0.5626,9.0012,0.498,0.0,0.0,0.0,0.0,0.0,0.0,0.0,,0.0,0.0,0.0,0.0,0.0,0.0,0.0,0.0,0.0,0.0,0.0,0.0,0.0,0.0,0.0,0.0,0.0,0.0,0.0,0.0,0.0,0.0,0.0,0.0,0.0,0.0,0.0,0.0,0.668,0.7256,0.2875
761,64,0.001,3,10,100,128,8,128,184,435241,73,30,"{'sourceA': ['event_time', 'mcc_code', 'term_id'], 'sourceB': ['event_time', 'tr_type', 'amount']}",gender/checkpoints_large_30/model_64_0.001_3_10_100_128_128_8_128epoch=11.ckpt,11,30,0.40696022,52.5377,2.8315,0.0006,5.0493,1.2195,12.2609,0.6719,,1297.6674,63.0457,298.9625,14.5247,279.4716,13.5778,268.6318,13.0512,254.2869,12.3542,242.6922,11.7909,213.7677,10.3857,54.1049,3.0052,12.4649,0.6924,11.6523,0.6472,11.2003,0.6221,10.6022,0.5889,10.1188,0.562,8.9128,0.4951,0.0,0.0,0.0,0.0,0.0,0.0,0.0,,0.0,0.0,0.0,0.0,0.0,0.0,0.0,0.0,0.0,0.0,0.0,0.0,0.0,0.0,0.0,0.0,0.0,0.0,0.0,0.0,0.0,0.0,0.0,0.0,0.0,0.0,0.0,0.0,0.7,0.7232,0.2875
762,64,0.001,3,10,100,128,8,128,184,435241,73,30,"{'sourceA': ['event_time', 'mcc_code', 'term_id'], 'sourceB': ['event_time', 'tr_type', 'amount']}",gender/checkpoints_large_30/model_64_0.001_3_10_100_128_128_8_128epoch=12.ckpt,12,30,0.4024621,52.2353,3.0003,0.0006,5.0618,1.2131,12.2265,0.6791,,1294.1683,62.9023,299.5893,14.5614,280.3002,13.6238,269.5342,13.1005,255.036,12.3959,243.231,11.8221,213.4499,10.3746,54.1033,2.9152,12.5245,0.6748,11.7181,0.6314,11.268,0.6071,10.6619,0.5745,10.1684,0.5479,8.9234,0.4808,0.0,0.0,0.0,0.0,0.0,0.0,0.0,,0.0,0.0,0.0,0.0,0.0,0.0,0.0,0.0,0.0,0.0,0.0,0.0,0.0,0.0,0.0,0.0,0.0,0.0,0.0,0.0,0.0,0.0,0.0,0.0,0.0,0.0,0.0,0.0,0.7,0.7238,0.2875
763,64,0.001,3,10,100,128,8,128,184,435241,73,30,"{'sourceA': ['event_time', 'mcc_code', 'term_id'], 'sourceB': ['event_time', 'tr_type', 'amount']}",gender/checkpoints_large_30/model_64_0.001_3_10_100_128_128_8_128epoch=13.ckpt,13,30,0.4088542,52.4438,2.9522,0.0006,5.0298,1.2136,12.3071,0.6783,,1291.9828,62.7919,299.4832,14.5552,280.0151,13.6091,269.2133,13.0841,254.5942,12.3736,242.9045,11.8054,213.7113,10.3866,51.1274,2.8096,11.8514,0.6513,11.081,0.6089,10.6535,0.5854,10.075,0.5536,9.6124,0.5282,8.4572,0.4647,0.0,0.0,0.0,0.0,0.0,0.0,0.0,,0.0,0.0,0.0,0.0,0.0,0.0,0.0,0.0,0.0,0.0,0.0,0.0,0.0,0.0,0.0,0.0,0.0,0.0,0.0,0.0,0.0,0.0,0.0,0.0,0.0,0.0,0.0,0.0,0.688,0.7318,0.2875
764,64,0.001,3,10,100,128,8,128,184,435241,73,30,"{'sourceA': ['event_time', 'mcc_code', 'term_id'], 'sourceB': ['event_time', 'tr_type', 'amount']}",gender/checkpoints_large_30/model_64_0.001_3_10_100_128_128_8_128epoch=14.ckpt,14,30,0.4051255,52.5648,2.9061,0.0006,5.0225,1.2111,12.5572,0.681,,1292.6959,62.8103,299.5983,14.5571,280.2935,13.6191,269.5578,13.0974,255.2391,12.4017,243.736,11.8428,214.3977,10.4173,48.8224,2.7686,11.3152,0.6417,10.5861,0.6003,10.1806,0.5773,9.6398,0.5467,9.2054,0.522,8.0974,0.4592,0.0,0.0,0.0,0.0,0.0,0.0,0.0,,0.0,0.0,0.0,0.0,0.0,0.0,0.0,0.0,0.0,0.0,0.0,0.0,0.0,0.0,0.0,0.0,0.0,0.0,0.0,0.0,0.0,0.0,0.0,0.0,0.0,0.0,0.0,0.0,0.692,0.7383,0.2875
765,64,0.001,3,10,100,128,8,128,184,435241,73,30,"{'sourceA': ['event_time', 'mcc_code', 'term_id'], 'sourceB': ['event_time', 'tr_type', 'amount']}",gender/checkpoints_large_30/model_64_0.001_3_10_100_128_128_8_128epoch=15.ckpt,15,30,0.4050663,53.0671,2.8982,0.0006,5.0001,1.2182,12.8013,0.6732,,1316.1354,63.9361,300.2483,14.5857,281.3571,13.668,270.7849,13.1544,256.6729,12.4688,245.4278,11.9226,218.1139,10.5957,54.939,2.9986,12.5332,0.6841,11.7446,0.641,11.3033,0.6169,10.7142,0.5848,10.2448,0.5592,9.1047,0.4969,0.0,0.0,0.0,0.0,0.0,0.0,0.0,,0.0,0.0,0.0,0.0,0.0,0.0,0.0,0.0,0.0,0.0,0.0,0.0,0.0,0.0,0.0,0.0,0.0,0.0,0.0,0.0,0.0,0.0,0.0,0.0,0.0,0.0,0.0,0.0,0.704,0.7539,0.2875
766,64,0.001,3,10,100,128,8,128,184,435241,73,30,"{'sourceA': ['event_time', 'mcc_code', 'term_id'], 'sourceB': ['event_time', 'tr_type', 'amount']}",gender/checkpoints_large_30/model_64_0.001_3_10_100_128_128_8_128epoch=16.ckpt,16,30,0.40826234,52.914,2.9138,0.0006,4.992,1.2139,12.8523,0.6781,,1306.6399,63.4991,299.6689,14.5631,280.5596,13.6344,269.8548,13.1142,255.8057,12.4315,244.4485,11.8795,216.7799,10.5349,55.2352,2.9837,12.6678,0.6843,11.86,0.6406,11.4075,0.6162,10.8136,0.5841,10.3335,0.5582,9.1639,0.495,0.0,0.0,0.0,0.0,0.0,0.0,0.0,,0.0,0.0,0.0,0.0,0.0,0.0,0.0,0.0,0.0,0.0,0.0,0.0,0.0,0.0,0.0,0.0,0.0,0.0,0.0,0.0,0.0,0.0,0.0,0.0,0.0,0.0,0.0,0.0,0.712,0.7439,0.2875
767,64,0.001,3,10,100,128,8,128,184,435241,73,30,"{'sourceA': ['event_time', 'mcc_code', 'term_id'], 'sourceB': ['event_time', 'tr_type', 'amount']}",gender/checkpoints_large_30/model_64_0.001_3_10_100_128_128_8_128epoch=17.ckpt,17,30,0.4064867,52.6946,3.2371,0.0006,4.9721,1.2055,12.6533,0.6873,,1294.3219,62.8987,300.4306,14.5997,281.3848,13.6742,270.6078,13.1504,256.234,12.4519,244.579,11.8855,215.9036,10.492,51.4892,2.8276,11.9514,0.6563,11.1937,0.6147,10.765,0.5912,10.1932,0.5598,9.7296,0.5343,8.5888,0.4717,0.0,0.0,0.0,0.0,0.0,0.0,0.0,,0.0,0.0,0.0,0.0,0.0,0.0,0.0,0.0,0.0,0.0,0.0,0.0,0.0,0.0,0.0,0.0,0.0,0.0,0.0,0.0,0.0,0.0,0.0,0.0,0.0,0.0,0.0,0.0,0.696,0.723,0.2875
768,64,0.001,3,10,100,128,8,128,184,435241,73,30,"{'sourceA': ['event_time', 'mcc_code', 'term_id'], 'sourceB': ['event_time', 'tr_type', 'amount']}",gender/checkpoints_large_30/model_64_0.001_3_10_100_128_128_8_128epoch=18.ckpt,18,30,0.4148319,53.0009,3.0941,0.0006,4.9741,1.2126,13.3193,0.6793,,1307.826,63.5237,300.0228,14.5727,281.1915,13.658,270.5137,13.1394,256.4444,12.456,245.1757,11.9087,218.0857,10.5929,52.9436,2.9275,12.1456,0.6716,11.3832,0.6294,10.951,0.6055,10.3814,0.574,9.9252,0.5488,8.8286,0.4882,0.0,0.0,0.0,0.0,0.0,0.0,0.0,,0.0,0.0,0.0,0.0,0.0,0.0,0.0,0.0,0.0,0.0,0.0,0.0,0.0,0.0,0.0,0.0,0.0,0.0,0.0,0.0,0.0,0.0,0.0,0.0,0.0,0.0,0.0,0.0,0.716,0.7635,0.2875
769,64,0.001,3,10,100,128,8,128,184,435241,73,30,"{'sourceA': ['event_time', 'mcc_code', 'term_id'], 'sourceB': ['event_time', 'tr_type', 'amount']}",gender/checkpoints_large_30/model_64_0.001_3_10_100_128_128_8_128epoch=19.ckpt,19,30,0.4050071,53.0737,2.9711,0.0006,4.9774,1.2115,12.4643,0.6804,,1315.4602,63.9124,301.2306,14.6355,282.3329,13.7173,271.7975,13.2054,257.4877,12.5102,245.9569,11.95,217.655,10.5749,50.2631,2.7888,11.5099,0.6386,10.7878,0.5985,10.3853,0.5762,9.8385,0.5459,9.3979,0.5214,8.3165,0.4614,0.0,0.0,0.0,0.0,0.0,0.0,0.0,,0.0,0.0,0.0,0.0,0.0,0.0,0.0,0.0,0.0,0.0,0.0,0.0,0.0,0.0,0.0,0.0,0.0,0.0,0.0,0.0,0.0,0.0,0.0,0.0,0.0,0.0,0.0,0.0,0.72,0.7541,0.2875
770,64,0.001,3,10,100,128,8,128,184,435241,73,30,"{'sourceA': ['event_time', 'mcc_code', 'term_id'], 'sourceB': ['event_time', 'tr_type', 'amount']}",gender/checkpoints_large_30/model_64_0.001_3_10_100_128_128_8_128epoch=20.ckpt,20,30,0.39950284,52.8985,2.9639,0.0006,5.0037,1.21,12.5965,0.6824,,1311.7942,63.7404,301.2958,14.64,282.4446,13.724,271.869,13.2102,257.6311,12.5183,246.2316,11.9644,218.2548,10.605,52.0596,2.8261,11.9572,0.6491,11.209,0.6085,10.7893,0.5857,10.2243,0.555,9.7719,0.5305,8.6616,0.4702,0.0,0.0,0.0,0.0,0.0,0.0,0.0,,0.0,0.0,0.0,0.0,0.0,0.0,0.0,0.0,0.0,0.0,0.0,0.0,0.0,0.0,0.0,0.0,0.0,0.0,0.0,0.0,0.0,0.0,0.0,0.0,0.0,0.0,0.0,0.0,0.692,0.7453,0.2875
771,64,0.001,3,10,100,128,8,128,184,435241,73,30,"{'sourceA': ['event_time', 'mcc_code', 'term_id'], 'sourceB': ['event_time', 'tr_type', 'amount']}",gender/checkpoints_large_30/model_64_0.001_3_10_100_128_128_8_128epoch=21.ckpt,21,30,0.412642,53.0438,3.2098,0.0006,4.952,1.2091,13.0159,0.6832,,1307.819,63.5477,301.0229,14.6269,282.1819,13.7114,271.4529,13.1901,257.3709,12.5058,245.8413,11.9456,218.994,10.6411,52.4287,2.8782,12.0676,0.6625,11.3123,0.621,10.8822,0.5974,10.3177,0.5664,9.8554,0.541,8.7792,0.4819,0.0,0.0,0.0,0.0,0.0,0.0,0.0,,0.0,0.0,0.0,0.0,0.0,0.0,0.0,0.0,0.0,0.0,0.0,0.0,0.0,0.0,0.0,0.0,0.0,0.0,0.0,0.0,0.0,0.0,0.0,0.0,0.0,0.0,0.0,0.0,0.728,0.7579,0.2875
772,64,0.001,3,10,100,128,8,128,184,435241,73,30,"{'sourceA': ['event_time', 'mcc_code', 'term_id'], 'sourceB': ['event_time', 'tr_type', 'amount']}",gender/checkpoints_large_30/model_64_0.001_3_10_100_128_128_8_128epoch=22.ckpt,22,30,0.41317466,52.9969,3.1721,0.0006,4.952,1.2081,12.9922,0.6844,,1308.1069,63.5605,301.0232,14.6266,282.33,13.7183,271.7103,13.2023,257.9133,12.5319,246.4256,11.9737,218.8426,10.6335,54.6456,2.955,12.5751,0.68,11.7942,0.6378,11.3506,0.6138,10.7742,0.5826,10.2943,0.5567,9.1421,0.4944,0.0,0.0,0.0,0.0,0.0,0.0,0.0,,0.0,0.0,0.0,0.0,0.0,0.0,0.0,0.0,0.0,0.0,0.0,0.0,0.0,0.0,0.0,0.0,0.0,0.0,0.0,0.0,0.0,0.0,0.0,0.0,0.0,0.0,0.0,0.0,0.72,0.7511,0.2875
773,64,0.001,3,10,100,128,8,128,184,435241,73,30,"{'sourceA': ['event_time', 'mcc_code', 'term_id'], 'sourceB': ['event_time', 'tr_type', 'amount']}",gender/checkpoints_large_30/model_64_0.001_3_10_100_128_128_8_128epoch=23.ckpt,23,30,0.40867665,52.887,2.8579,0.0006,4.9753,1.2069,13.0006,0.6858,,1307.7628,63.5408,301.0638,14.6279,282.4336,13.7227,271.844,13.2082,257.8576,12.5286,246.6208,11.9827,218.9533,10.6384,53.4299,2.9101,12.3003,0.67,11.5391,0.6285,11.1064,0.6049,10.535,0.5738,10.0759,0.5488,8.9455,0.4872,0.0,0.0,0.0,0.0,0.0,0.0,0.0,,0.0,0.0,0.0,0.0,0.0,0.0,0.0,0.0,0.0,0.0,0.0,0.0,0.0,0.0,0.0,0.0,0.0,0.0,0.0,0.0,0.0,0.0,0.0,0.0,0.0,0.0,0.0,0.0,0.732,0.7646,0.2875
774,64,0.001,3,10,100,128,8,128,184,435241,73,30,"{'sourceA': ['event_time', 'mcc_code', 'term_id'], 'sourceB': ['event_time', 'tr_type', 'amount']}",gender/checkpoints_large_30/model_64_0.001_3_10_100_128_128_8_128epoch=24.ckpt,24,30,0.4140625,53.194,2.9657,0.0007,4.9683,1.2109,12.7567,0.6813,,1318.6437,64.0741,301.583,14.6542,282.9324,13.7479,272.2546,13.2291,258.3089,12.5515,246.873,11.9958,219.5381,10.6676,52.3588,2.8765,11.9748,0.6579,11.2343,0.6172,10.8103,0.5939,10.2566,0.5635,9.8025,0.5385,8.7171,0.4789,0.0,0.0,0.0,0.0,0.0,0.0,0.0,,0.0,0.0,0.0,0.0,0.0,0.0,0.0,0.0,0.0,0.0,0.0,0.0,0.0,0.0,0.0,0.0,0.0,0.0,0.0,0.0,0.0,0.0,0.0,0.0,0.0,0.0,0.0,0.0,0.724,0.7598,0.2875
775,64,0.001,3,10,100,128,8,128,184,435241,73,30,"{'sourceA': ['event_time', 'mcc_code', 'term_id'], 'sourceB': ['event_time', 'tr_type', 'amount']}",gender/checkpoints_large_30/model_64_0.001_3_10_100_128_128_8_128epoch=25.ckpt,25,30,0.4105706,52.6256,2.8416,0.0006,4.9947,1.2037,13.0451,0.6894,,1302.1104,63.2663,301.4683,14.6476,282.8166,13.7414,272.3463,13.2326,258.1165,12.5412,246.7543,11.9892,218.4647,10.6147,51.845,2.8315,12.0033,0.6556,11.2607,0.615,10.8438,0.5922,10.2772,0.5613,9.8248,0.5366,8.6984,0.4751,0.0,0.0,0.0,0.0,0.0,0.0,0.0,,0.0,0.0,0.0,0.0,0.0,0.0,0.0,0.0,0.0,0.0,0.0,0.0,0.0,0.0,0.0,0.0,0.0,0.0,0.0,0.0,0.0,0.0,0.0,0.0,0.0,0.0,0.0,0.0,0.732,0.7531,0.2875
776,64,0.001,3,10,100,128,8,128,184,435241,73,30,"{'sourceA': ['event_time', 'mcc_code', 'term_id'], 'sourceB': ['event_time', 'tr_type', 'amount']}",gender/checkpoints_large_30/model_64_0.001_3_10_100_128_128_8_128epoch=26.ckpt,26,30,0.41104403,53.1077,2.9758,0.0007,4.9502,1.2083,13.1343,0.684,,1313.9982,63.8407,301.7814,14.6621,283.0678,13.7529,272.3854,13.2339,258.3237,12.5507,246.7003,11.986,218.3837,10.6102,53.6507,2.9339,12.3218,0.6738,11.5577,0.632,11.1215,0.6082,10.5474,0.5768,10.0728,0.5508,8.9166,0.4876,0.0,0.0,0.0,0.0,0.0,0.0,0.0,,0.0,0.0,0.0,0.0,0.0,0.0,0.0,0.0,0.0,0.0,0.0,0.0,0.0,0.0,0.0,0.0,0.0,0.0,0.0,0.0,0.0,0.0,0.0,0.0,0.0,0.0,0.0,0.0,0.712,0.7415,0.2875
777,64,0.001,3,10,100,128,8,128,184,435241,73,30,"{'sourceA': ['event_time', 'mcc_code', 'term_id'], 'sourceB': ['event_time', 'tr_type', 'amount']}",gender/checkpoints_large_30/model_64_0.001_3_10_100_128_128_8_128epoch=27.ckpt,27,30,0.4082031,53.1771,2.7986,0.0007,4.9378,1.2081,12.4743,0.6842,,1309.3324,63.5909,301.8573,14.6604,282.9877,13.744,272.2118,13.2206,257.9594,12.5284,246.1239,11.9536,217.7691,10.5765,53.0121,2.919,12.2216,0.673,11.4576,0.6309,11.0213,0.6069,10.4442,0.5751,9.965,0.5487,8.817,0.4855,0.0,0.0,0.0,0.0,0.0,0.0,0.0,,0.0,0.0,0.0,0.0,0.0,0.0,0.0,0.0,0.0,0.0,0.0,0.0,0.0,0.0,0.0,0.0,0.0,0.0,0.0,0.0,0.0,0.0,0.0,0.0,0.0,0.0,0.0,0.0,0.696,0.7584,0.2875
778,64,0.001,3,10,100,128,8,128,184,435241,73,30,"{'sourceA': ['event_time', 'mcc_code', 'term_id'], 'sourceB': ['event_time', 'tr_type', 'amount']}",gender/checkpoints_large_30/model_64_0.001_3_10_100_128_128_8_128epoch=28.ckpt,28,30,0.40731537,53.6546,3.2171,0.0007,4.8978,1.2117,12.5802,0.6802,,1319.7474,64.117,301.4695,14.6462,282.8719,13.7427,272.2362,13.226,258.2421,12.5461,246.5789,11.9795,219.0884,10.6439,55.19,2.9804,12.607,0.6808,11.8293,0.6388,11.3845,0.6148,10.7993,0.5832,10.3116,0.5568,9.162,0.4948,0.0,0.0,0.0,0.0,0.0,0.0,0.0,,0.0,0.0,0.0,0.0,0.0,0.0,0.0,0.0,0.0,0.0,0.0,0.0,0.0,0.0,0.0,0.0,0.0,0.0,0.0,0.0,0.0,0.0,0.0,0.0,0.0,0.0,0.0,0.0,0.684,0.7343,0.2875
779,64,0.001,3,10,100,128,8,128,184,435241,73,30,"{'sourceA': ['event_time', 'mcc_code', 'term_id'], 'sourceB': ['event_time', 'tr_type', 'amount']}",gender/checkpoints_large_30/model_64_0.001_3_10_100_128_128_8_128epoch=29.ckpt,29,30,0.4097419,53.0342,3.2417,0.0007,4.9312,1.2035,13.3758,0.6897,,1306.2712,63.4885,302.4069,14.6978,283.7117,13.7892,273.0687,13.2719,258.8916,12.5829,247.2948,12.0192,219.3247,10.6598,49.2302,2.7472,11.397,0.636,10.6924,0.5967,10.2913,0.5743,9.757,0.5445,9.3199,0.5201,8.2658,0.4613,0.0,0.0,0.0,0.0,0.0,0.0,0.0,,0.0,0.0,0.0,0.0,0.0,0.0,0.0,0.0,0.0,0.0,0.0,0.0,0.0,0.0,0.0,0.0,0.0,0.0,0.0,0.0,0.0,0.0,0.0,0.0,0.0,0.0,0.0,0.0,0.732,0.7511,0.2875
780,64,0.001,3,10,100,256,8,128,184,435241,73,30,"{'sourceA': ['event_time', 'mcc_code', 'term_id'], 'sourceB': ['event_time', 'tr_type', 'amount']}",gender/checkpoints_large_30/model_64_0.001_3_10_100_128_256_8_128epoch=00.ckpt,0,30,0.34475616,48.7197,3.0543,0.0003,4.8593,1.2247,9.5818,0.6681,,1101.9973,53.5894,283.0075,13.7625,260.6492,12.6752,247.9192,12.0561,231.4319,11.2544,217.513,10.5775,189.7544,9.2276,47.6243,2.7293,12.2305,0.7009,11.2643,0.6455,10.7142,0.614,10.0016,0.5732,9.4001,0.5387,8.2005,0.47,0.0,0.0,0.0,0.0,0.0,0.0,0.0,,0.0,0.0,0.0,0.0,0.0,0.0,0.0,0.0,0.0,0.0,0.0,0.0,0.0,0.0,0.0,0.0,0.0,0.0,0.0,0.0,0.0,0.0,0.0,0.0,0.0,0.0,0.0,0.0,0.64,0.6709,0.2875
781,64,0.001,3,10,100,256,8,128,184,435241,73,30,"{'sourceA': ['event_time', 'mcc_code', 'term_id'], 'sourceB': ['event_time', 'tr_type', 'amount']}",gender/checkpoints_large_30/model_64_0.001_3_10_100_128_256_8_128epoch=01.ckpt,1,30,0.36772016,49.6179,3.0824,0.0003,5.2901,1.22,10.8935,0.6722,,1225.4993,59.5631,292.703,14.2263,271.5578,13.1986,259.6254,12.6186,243.7975,11.8493,230.1528,11.1861,205.1237,9.9697,48.3528,2.713,11.5488,0.648,10.7145,0.6012,10.2437,0.5748,9.6192,0.5397,9.0808,0.5095,8.0933,0.4541,0.0,0.0,0.0,0.0,0.0,0.0,0.0,,0.0,0.0,0.0,0.0,0.0,0.0,0.0,0.0,0.0,0.0,0.0,0.0,0.0,0.0,0.0,0.0,0.0,0.0,0.0,0.0,0.0,0.0,0.0,0.0,0.0,0.0,0.0,0.0,0.676,0.6953,0.2875
782,64,0.001,3,10,100,256,8,128,184,435241,73,30,"{'sourceA': ['event_time', 'mcc_code', 'term_id'], 'sourceB': ['event_time', 'tr_type', 'amount']}",gender/checkpoints_large_30/model_64_0.001_3_10_100_128_256_8_128epoch=02.ckpt,2,30,0.38109607,50.4077,3.0507,0.0005,5.2859,1.221,11.6,0.6705,,1285.9092,62.449,295.7092,14.3609,275.4441,13.3767,264.0178,12.8218,248.3428,12.0605,234.9934,11.4122,208.803,10.1403,57.8188,3.1709,13.2961,0.7292,12.3849,0.6792,11.8711,0.651,11.1663,0.6124,10.5661,0.5795,9.3885,0.5149,0.0,0.0,0.0,0.0,0.0,0.0,0.0,,0.0,0.0,0.0,0.0,0.0,0.0,0.0,0.0,0.0,0.0,0.0,0.0,0.0,0.0,0.0,0.0,0.0,0.0,0.0,0.0,0.0,0.0,0.0,0.0,0.0,0.0,0.0,0.0,0.664,0.6892,0.2875
783,64,0.001,3,10,100,256,8,128,184,435241,73,30,"{'sourceA': ['event_time', 'mcc_code', 'term_id'], 'sourceB': ['event_time', 'tr_type', 'amount']}",gender/checkpoints_large_30/model_64_0.001_3_10_100_128_256_8_128epoch=03.ckpt,3,30,0.39251897,50.7084,3.0995,0.0004,5.3658,1.2168,11.7762,0.6754,,1314.7122,63.8355,297.2774,14.4342,277.2962,13.464,265.8907,12.9102,250.3911,12.1577,237.6095,11.5371,210.0943,10.2011,57.0993,3.1142,12.9111,0.7042,12.0433,0.6568,11.5479,0.6298,10.8747,0.5931,10.3196,0.5628,9.1246,0.4977,0.0,0.0,0.0,0.0,0.0,0.0,0.0,,0.0,0.0,0.0,0.0,0.0,0.0,0.0,0.0,0.0,0.0,0.0,0.0,0.0,0.0,0.0,0.0,0.0,0.0,0.0,0.0,0.0,0.0,0.0,0.0,0.0,0.0,0.0,0.0,0.644,0.7029,0.2875
784,64,0.001,3,10,100,256,8,128,184,435241,73,30,"{'sourceA': ['event_time', 'mcc_code', 'term_id'], 'sourceB': ['event_time', 'tr_type', 'amount']}",gender/checkpoints_large_30/model_64_0.001_3_10_100_128_256_8_128epoch=04.ckpt,4,30,0.3943537,51.0783,3.2599,0.0005,5.3456,1.2141,12.4427,0.6782,,1338.7283,65.0374,298.9328,14.5226,279.2386,13.5658,267.9887,13.0193,252.5883,12.2711,239.2459,11.6229,209.0672,10.1568,55.8138,3.0565,12.463,0.6825,11.6419,0.6375,11.1729,0.6119,10.5308,0.5767,9.9746,0.5462,8.7164,0.4773,0.0,0.0,0.0,0.0,0.0,0.0,0.0,,0.0,0.0,0.0,0.0,0.0,0.0,0.0,0.0,0.0,0.0,0.0,0.0,0.0,0.0,0.0,0.0,0.0,0.0,0.0,0.0,0.0,0.0,0.0,0.0,0.0,0.0,0.0,0.0,0.656,0.6815,0.2875
785,64,0.001,3,10,100,256,8,128,184,435241,73,30,"{'sourceA': ['event_time', 'mcc_code', 'term_id'], 'sourceB': ['event_time', 'tr_type', 'amount']}",gender/checkpoints_large_30/model_64_0.001_3_10_100_128_256_8_128epoch=05.ckpt,5,30,0.4014559,52.3696,3.008,0.0005,5.3176,1.2306,12.9678,0.66,,1380.31,67.0064,300.1854,14.5723,280.9905,13.6405,269.9822,13.1061,254.9092,12.3744,242.3429,11.7644,212.7207,10.3264,62.0058,3.3292,13.4848,0.724,12.6225,0.6777,12.128,0.6512,11.4509,0.6148,10.8864,0.5845,9.5558,0.5131,0.0,0.0,0.0,0.0,0.0,0.0,0.0,,0.0,0.0,0.0,0.0,0.0,0.0,0.0,0.0,0.0,0.0,0.0,0.0,0.0,0.0,0.0,0.0,0.0,0.0,0.0,0.0,0.0,0.0,0.0,0.0,0.0,0.0,0.0,0.0,0.672,0.6853,0.2875
786,64,0.001,3,10,100,256,8,128,184,435241,73,30,"{'sourceA': ['event_time', 'mcc_code', 'term_id'], 'sourceB': ['event_time', 'tr_type', 'amount']}",gender/checkpoints_large_30/model_64_0.001_3_10_100_128_256_8_128epoch=06.ckpt,6,30,0.4040601,51.7808,3.0713,0.0004,5.4528,1.2157,13.6839,0.6762,,1370.18,66.5001,301.9419,14.6544,282.9113,13.7308,271.8658,13.1947,257.1314,12.4796,244.6281,11.8727,215.3499,10.4518,63.9433,3.3584,14.091,0.7401,13.2029,0.6934,12.6874,0.6664,11.9998,0.6302,11.4163,0.5996,10.0499,0.5278,0.0,0.0,0.0,0.0,0.0,0.0,0.0,,0.0,0.0,0.0,0.0,0.0,0.0,0.0,0.0,0.0,0.0,0.0,0.0,0.0,0.0,0.0,0.0,0.0,0.0,0.0,0.0,0.0,0.0,0.0,0.0,0.0,0.0,0.0,0.0,0.676,0.7352,0.2875
787,64,0.001,3,10,100,256,8,128,184,435241,73,30,"{'sourceA': ['event_time', 'mcc_code', 'term_id'], 'sourceB': ['event_time', 'tr_type', 'amount']}",gender/checkpoints_large_30/model_64_0.001_3_10_100_128_256_8_128epoch=07.ckpt,7,30,0.39453125,51.8428,3.3391,0.0004,5.3808,1.2142,13.441,0.6774,,1365.4683,66.2805,300.8914,14.6054,282.0414,13.6904,271.1045,13.1596,256.8381,12.4671,244.7199,11.8788,216.5584,10.5119,56.6475,3.2136,12.4827,0.7081,11.7007,0.6638,11.247,0.638,10.6551,0.6045,10.1524,0.5759,8.9841,0.5097,0.0,0.0,0.0,0.0,0.0,0.0,0.0,,0.0,0.0,0.0,0.0,0.0,0.0,0.0,0.0,0.0,0.0,0.0,0.0,0.0,0.0,0.0,0.0,0.0,0.0,0.0,0.0,0.0,0.0,0.0,0.0,0.0,0.0,0.0,0.0,0.676,0.7209,0.2875
788,64,0.001,3,10,100,256,8,128,184,435241,73,30,"{'sourceA': ['event_time', 'mcc_code', 'term_id'], 'sourceB': ['event_time', 'tr_type', 'amount']}",gender/checkpoints_large_30/model_64_0.001_3_10_100_128_256_8_128epoch=08.ckpt,8,30,0.40116006,51.5043,3.3286,0.0003,5.6039,1.2066,13.5811,0.6863,,1366.4503,66.3696,301.9467,14.6658,283.3476,13.7624,272.4292,13.2321,258.0152,12.532,246.0583,11.9512,216.0524,10.4938,55.384,3.1498,12.2383,0.696,11.4844,0.6531,11.0419,0.628,10.4577,0.5947,9.9731,0.5672,8.7569,0.498,0.0,0.0,0.0,0.0,0.0,0.0,0.0,,0.0,0.0,0.0,0.0,0.0,0.0,0.0,0.0,0.0,0.0,0.0,0.0,0.0,0.0,0.0,0.0,0.0,0.0,0.0,0.0,0.0,0.0,0.0,0.0,0.0,0.0,0.0,0.0,0.676,0.7109,0.2875
789,64,0.001,3,10,100,256,8,128,184,435241,73,30,"{'sourceA': ['event_time', 'mcc_code', 'term_id'], 'sourceB': ['event_time', 'tr_type', 'amount']}",gender/checkpoints_large_30/model_64_0.001_3_10_100_128_256_8_128epoch=09.ckpt,9,30,0.41015622,51.6938,3.1535,0.0003,5.5854,1.2084,13.6528,0.6841,,1366.2673,66.3125,301.487,14.6328,283.1324,13.742,272.3936,13.2208,258.3102,12.5372,246.4184,11.9601,217.6493,10.5637,56.9172,3.2065,12.5596,0.7076,11.795,0.6645,11.3476,0.6393,10.7609,0.6062,10.2655,0.5783,9.067,0.5108,0.0,0.0,0.0,0.0,0.0,0.0,0.0,,0.0,0.0,0.0,0.0,0.0,0.0,0.0,0.0,0.0,0.0,0.0,0.0,0.0,0.0,0.0,0.0,0.0,0.0,0.0,0.0,0.0,0.0,0.0,0.0,0.0,0.0,0.0,0.0,0.672,0.7141,0.2875
790,64,0.001,3,10,100,256,8,128,184,435241,73,30,"{'sourceA': ['event_time', 'mcc_code', 'term_id'], 'sourceB': ['event_time', 'tr_type', 'amount']}",gender/checkpoints_large_30/model_64_0.001_3_10_100_128_256_8_128epoch=10.ckpt,10,30,0.40713775,52.47,3.1834,0.0004,5.4653,1.2144,13.6721,0.6773,,1373.3253,66.6567,301.8514,14.6509,283.2495,13.748,272.4746,13.225,258.0809,12.5264,245.7823,11.9295,216.2815,10.4976,57.8034,3.1281,12.705,0.6875,11.922,0.6452,11.4685,0.6206,10.8626,0.5878,10.345,0.5598,9.1033,0.4926,0.0,0.0,0.0,0.0,0.0,0.0,0.0,,0.0,0.0,0.0,0.0,0.0,0.0,0.0,0.0,0.0,0.0,0.0,0.0,0.0,0.0,0.0,0.0,0.0,0.0,0.0,0.0,0.0,0.0,0.0,0.0,0.0,0.0,0.0,0.0,0.688,0.7362,0.2875
791,64,0.001,3,10,100,256,8,128,184,435241,73,30,"{'sourceA': ['event_time', 'mcc_code', 'term_id'], 'sourceB': ['event_time', 'tr_type', 'amount']}",gender/checkpoints_large_30/model_64_0.001_3_10_100_128_256_8_128epoch=11.ckpt,11,30,0.40920928,52.1174,3.0986,0.0004,5.5399,1.2117,13.478,0.6807,,1371.0724,66.5701,301.627,14.645,282.9011,13.7358,271.9799,13.2055,257.6216,12.5084,245.2763,11.909,215.8611,10.4808,56.6311,3.1293,12.4585,0.6884,11.685,0.6457,11.2339,0.6208,10.6409,0.588,10.1309,0.5598,8.916,0.4927,0.0,0.0,0.0,0.0,0.0,0.0,0.0,,0.0,0.0,0.0,0.0,0.0,0.0,0.0,0.0,0.0,0.0,0.0,0.0,0.0,0.0,0.0,0.0,0.0,0.0,0.0,0.0,0.0,0.0,0.0,0.0,0.0,0.0,0.0,0.0,0.664,0.7152,0.2875
792,64,0.001,3,10,100,256,8,128,184,435241,73,30,"{'sourceA': ['event_time', 'mcc_code', 'term_id'], 'sourceB': ['event_time', 'tr_type', 'amount']}",gender/checkpoints_large_30/model_64_0.001_3_10_100_128_256_8_128epoch=12.ckpt,12,30,0.40772966,52.0404,3.0557,0.0003,5.5062,1.2055,13.6016,0.6874,,1355.316,65.7742,301.7081,14.6421,283.1877,13.7432,272.2943,13.2146,258.1221,12.5268,245.7921,11.9284,217.7666,10.5683,57.8723,3.2337,12.883,0.7199,12.0922,0.6757,11.627,0.6497,11.0219,0.6159,10.4954,0.5865,9.2987,0.5196,0.0,0.0,0.0,0.0,0.0,0.0,0.0,,0.0,0.0,0.0,0.0,0.0,0.0,0.0,0.0,0.0,0.0,0.0,0.0,0.0,0.0,0.0,0.0,0.0,0.0,0.0,0.0,0.0,0.0,0.0,0.0,0.0,0.0,0.0,0.0,0.664,0.7234,0.2875
793,64,0.001,3,10,100,256,8,128,184,435241,73,30,"{'sourceA': ['event_time', 'mcc_code', 'term_id'], 'sourceB': ['event_time', 'tr_type', 'amount']}",gender/checkpoints_large_30/model_64_0.001_3_10_100_128_256_8_128epoch=13.ckpt,13,30,0.40778884,52.8167,3.3445,0.0004,5.3931,1.2112,13.3403,0.681,,1366.9908,66.3789,302.9089,14.7088,284.4965,13.8147,273.7881,13.2947,259.4165,12.5969,246.7641,11.9825,215.5628,10.4674,59.1326,3.24,13.1031,0.718,12.3066,0.6743,11.8434,0.6489,11.2217,0.6149,10.6744,0.5849,9.3247,0.5109,0.0,0.0,0.0,0.0,0.0,0.0,0.0,,0.0,0.0,0.0,0.0,0.0,0.0,0.0,0.0,0.0,0.0,0.0,0.0,0.0,0.0,0.0,0.0,0.0,0.0,0.0,0.0,0.0,0.0,0.0,0.0,0.0,0.0,0.0,0.0,0.688,0.7282,0.2875
794,64,0.001,3,10,100,256,8,128,184,435241,73,30,"{'sourceA': ['event_time', 'mcc_code', 'term_id'], 'sourceB': ['event_time', 'tr_type', 'amount']}",gender/checkpoints_large_30/model_64_0.001_3_10_100_128_256_8_128epoch=14.ckpt,14,30,0.41370738,52.557,3.0527,0.0004,5.488,1.2102,13.6921,0.6818,,1371.3745,66.562,302.5234,14.6835,284.3397,13.8009,273.9245,13.2954,260.0086,12.62,248.0193,12.0381,220.6294,10.7086,57.3247,3.1955,12.6458,0.7049,11.8857,0.6626,11.4503,0.6383,10.8686,0.6059,10.3674,0.5779,9.2225,0.5141,0.0,0.0,0.0,0.0,0.0,0.0,0.0,,0.0,0.0,0.0,0.0,0.0,0.0,0.0,0.0,0.0,0.0,0.0,0.0,0.0,0.0,0.0,0.0,0.0,0.0,0.0,0.0,0.0,0.0,0.0,0.0,0.0,0.0,0.0,0.0,0.692,0.7429,0.2875
795,64,0.001,3,10,100,256,8,128,184,435241,73,30,"{'sourceA': ['event_time', 'mcc_code', 'term_id'], 'sourceB': ['event_time', 'tr_type', 'amount']}",gender/checkpoints_large_30/model_64_0.001_3_10_100_128_256_8_128epoch=15.ckpt,15,30,0.41542378,52.0922,3.0365,0.0003,5.5554,1.2071,13.7833,0.6852,,1368.4838,66.4045,302.9264,14.6993,284.3495,13.7978,273.6609,13.2792,259.3208,12.5833,246.9561,11.9833,219.3719,10.6448,55.3751,3.1105,12.2578,0.6885,11.5061,0.6463,11.0736,0.622,10.4933,0.5894,9.993,0.5613,8.8768,0.4986,0.0,0.0,0.0,0.0,0.0,0.0,0.0,,0.0,0.0,0.0,0.0,0.0,0.0,0.0,0.0,0.0,0.0,0.0,0.0,0.0,0.0,0.0,0.0,0.0,0.0,0.0,0.0,0.0,0.0,0.0,0.0,0.0,0.0,0.0,0.0,0.66,0.742,0.2875
796,64,0.001,3,10,100,256,8,128,184,435241,73,30,"{'sourceA': ['event_time', 'mcc_code', 'term_id'], 'sourceB': ['event_time', 'tr_type', 'amount']}",gender/checkpoints_large_30/model_64_0.001_3_10_100_128_256_8_128epoch=16.ckpt,16,30,0.40861747,52.3336,3.0544,0.0003,5.5755,1.2068,13.9115,0.6862,,1376.1594,66.8284,303.4764,14.7373,285.0962,13.8447,274.5013,13.3302,260.364,12.6437,248.3095,12.0583,219.8514,10.6763,58.0046,3.1516,12.7914,0.695,12.0167,0.6529,11.5701,0.6286,10.9742,0.5963,10.4661,0.5687,9.2666,0.5035,0.0,0.0,0.0,0.0,0.0,0.0,0.0,,0.0,0.0,0.0,0.0,0.0,0.0,0.0,0.0,0.0,0.0,0.0,0.0,0.0,0.0,0.0,0.0,0.0,0.0,0.0,0.0,0.0,0.0,0.0,0.0,0.0,0.0,0.0,0.0,0.68,0.7549,0.2875
797,64,0.001,3,10,100,256,8,128,184,435241,73,30,"{'sourceA': ['event_time', 'mcc_code', 'term_id'], 'sourceB': ['event_time', 'tr_type', 'amount']}",gender/checkpoints_large_30/model_64_0.001_3_10_100_128_256_8_128epoch=17.ckpt,17,30,0.40553972,52.6948,3.3417,0.0003,5.4364,1.2076,13.9113,0.6851,,1368.3412,66.4694,302.5952,14.6991,284.035,13.7975,273.4833,13.2849,259.415,12.6015,247.2775,12.0119,218.3681,10.6076,56.784,3.1136,12.5572,0.6885,11.787,0.6463,11.3491,0.6223,10.7653,0.5903,10.2616,0.5627,9.0619,0.4969,0.0,0.0,0.0,0.0,0.0,0.0,0.0,,0.0,0.0,0.0,0.0,0.0,0.0,0.0,0.0,0.0,0.0,0.0,0.0,0.0,0.0,0.0,0.0,0.0,0.0,0.0,0.0,0.0,0.0,0.0,0.0,0.0,0.0,0.0,0.0,0.684,0.7484,0.2875
798,64,0.001,3,10,100,256,8,128,184,435241,73,30,"{'sourceA': ['event_time', 'mcc_code', 'term_id'], 'sourceB': ['event_time', 'tr_type', 'amount']}",gender/checkpoints_large_30/model_64_0.001_3_10_100_128_256_8_128epoch=18.ckpt,18,30,0.41133997,52.611,2.9629,0.0003,5.521,1.2081,13.8432,0.6843,,1373.7367,66.6808,303.606,14.737,285.0884,13.8381,274.2865,13.3138,259.8573,12.6134,247.3258,12.0051,217.52,10.5584,59.1682,3.2624,13.0766,0.721,12.279,0.677,11.8138,0.6514,11.1923,0.6171,10.6526,0.5874,9.3688,0.5166,0.0,0.0,0.0,0.0,0.0,0.0,0.0,,0.0,0.0,0.0,0.0,0.0,0.0,0.0,0.0,0.0,0.0,0.0,0.0,0.0,0.0,0.0,0.0,0.0,0.0,0.0,0.0,0.0,0.0,0.0,0.0,0.0,0.0,0.0,0.0,0.696,0.7549,0.2875
799,64,0.001,3,10,100,256,8,128,184,435241,73,30,"{'sourceA': ['event_time', 'mcc_code', 'term_id'], 'sourceB': ['event_time', 'tr_type', 'amount']}",gender/checkpoints_large_30/model_64_0.001_3_10_100_128_256_8_128epoch=19.ckpt,19,30,0.41009703,52.4043,2.9384,0.0003,5.5367,1.2071,13.3015,0.6855,,1376.3525,66.7977,303.6895,14.7388,285.1855,13.8407,274.5439,13.3243,260.1827,12.6273,247.9294,12.0326,218.9583,10.6266,58.6683,3.1689,12.945,0.6992,12.1563,0.6566,11.7027,0.6321,11.0905,0.599,10.5682,0.5708,9.3333,0.5041,0.0,0.0,0.0,0.0,0.0,0.0,0.0,,0.0,0.0,0.0,0.0,0.0,0.0,0.0,0.0,0.0,0.0,0.0,0.0,0.0,0.0,0.0,0.0,0.0,0.0,0.0,0.0,0.0,0.0,0.0,0.0,0.0,0.0,0.0,0.0,0.684,0.7335,0.2875
800,64,0.001,3,10,100,256,8,128,184,435241,73,30,"{'sourceA': ['event_time', 'mcc_code', 'term_id'], 'sourceB': ['event_time', 'tr_type', 'amount']}",gender/checkpoints_large_30/model_64_0.001_3_10_100_128_256_8_128epoch=20.ckpt,20,30,0.414536,52.5072,2.97,0.0004,5.4974,1.2059,14.1156,0.6869,,1366.6532,66.3487,303.3122,14.7253,284.7485,13.8241,273.9194,13.2983,259.5231,12.5994,247.1428,11.9984,218.3798,10.602,57.9026,3.1817,12.8508,0.7061,12.0643,0.6629,11.6055,0.6377,10.9955,0.6042,10.471,0.5754,9.2523,0.5084,0.0,0.0,0.0,0.0,0.0,0.0,0.0,,0.0,0.0,0.0,0.0,0.0,0.0,0.0,0.0,0.0,0.0,0.0,0.0,0.0,0.0,0.0,0.0,0.0,0.0,0.0,0.0,0.0,0.0,0.0,0.0,0.0,0.0,0.0,0.0,0.672,0.7417,0.2875
801,64,0.001,3,10,100,256,8,128,184,435241,73,30,"{'sourceA': ['event_time', 'mcc_code', 'term_id'], 'sourceB': ['event_time', 'tr_type', 'amount']}",gender/checkpoints_large_30/model_64_0.001_3_10_100_128_256_8_128epoch=21.ckpt,21,30,0.41412166,52.6891,3.2734,0.0004,5.4222,1.2063,13.9968,0.6863,,1368.611,66.4333,303.1366,14.7145,284.5345,13.8115,273.6822,13.2847,259.5385,12.5982,247.4648,12.0121,219.8354,10.671,56.2502,3.1578,12.459,0.6994,11.6944,0.6565,11.2484,0.6315,10.6671,0.5988,10.1709,0.571,9.0353,0.5072,0.0,0.0,0.0,0.0,0.0,0.0,0.0,,0.0,0.0,0.0,0.0,0.0,0.0,0.0,0.0,0.0,0.0,0.0,0.0,0.0,0.0,0.0,0.0,0.0,0.0,0.0,0.0,0.0,0.0,0.0,0.0,0.0,0.0,0.0,0.0,0.688,0.7373,0.2875
802,64,0.001,3,10,100,256,8,128,184,435241,73,30,"{'sourceA': ['event_time', 'mcc_code', 'term_id'], 'sourceB': ['event_time', 'tr_type', 'amount']}",gender/checkpoints_large_30/model_64_0.001_3_10_100_128_256_8_128epoch=22.ckpt,22,30,0.41352978,52.3065,3.3199,0.0004,5.4601,1.2031,14.407,0.69,,1360.0193,66.028,302.7504,14.6983,284.2689,13.8011,273.5238,13.2794,259.3943,12.5934,247.4268,12.0124,219.5242,10.6577,56.211,3.1312,12.513,0.697,11.7491,0.6545,11.305,0.6297,10.721,0.5972,10.2264,0.5697,9.0732,0.5054,0.0,0.0,0.0,0.0,0.0,0.0,0.0,,0.0,0.0,0.0,0.0,0.0,0.0,0.0,0.0,0.0,0.0,0.0,0.0,0.0,0.0,0.0,0.0,0.0,0.0,0.0,0.0,0.0,0.0,0.0,0.0,0.0,0.0,0.0,0.0,0.704,0.7396,0.2875
803,64,0.001,3,10,100,256,8,128,184,435241,73,30,"{'sourceA': ['event_time', 'mcc_code', 'term_id'], 'sourceB': ['event_time', 'tr_type', 'amount']}",gender/checkpoints_large_30/model_64_0.001_3_10_100_128_256_8_128epoch=23.ckpt,23,30,0.40630913,52.5021,2.9017,0.0004,5.476,1.2049,13.9583,0.6878,,1363.9957,66.1993,302.9001,14.7008,284.4375,13.8047,273.8607,13.2914,259.7694,12.6075,247.8822,12.0306,220.7884,10.7156,55.966,3.1016,12.4283,0.6888,11.6707,0.6468,11.2368,0.6227,10.6586,0.5907,10.1708,0.5637,9.0591,0.502,0.0,0.0,0.0,0.0,0.0,0.0,0.0,,0.0,0.0,0.0,0.0,0.0,0.0,0.0,0.0,0.0,0.0,0.0,0.0,0.0,0.0,0.0,0.0,0.0,0.0,0.0,0.0,0.0,0.0,0.0,0.0,0.0,0.0,0.0,0.0,0.692,0.7627,0.2875
804,64,0.001,3,10,100,256,8,128,184,435241,73,30,"{'sourceA': ['event_time', 'mcc_code', 'term_id'], 'sourceB': ['event_time', 'tr_type', 'amount']}",gender/checkpoints_large_30/model_64_0.001_3_10_100_128_256_8_128epoch=24.ckpt,24,30,0.40429688,52.4594,3.0408,0.0004,5.4607,1.2049,14.2042,0.688,,1366.0848,66.3367,303.2747,14.7269,284.6326,13.8217,273.9366,13.3023,259.6095,12.6066,247.5463,12.0208,218.4971,10.6102,57.6207,3.1662,12.792,0.7029,12.0056,0.6597,11.5545,0.6349,10.9502,0.6017,10.4414,0.5737,9.2161,0.5064,0.0,0.0,0.0,0.0,0.0,0.0,0.0,,0.0,0.0,0.0,0.0,0.0,0.0,0.0,0.0,0.0,0.0,0.0,0.0,0.0,0.0,0.0,0.0,0.0,0.0,0.0,0.0,0.0,0.0,0.0,0.0,0.0,0.0,0.0,0.0,0.688,0.7566,0.2875
805,64,0.001,3,10,100,256,8,128,184,435241,73,30,"{'sourceA': ['event_time', 'mcc_code', 'term_id'], 'sourceB': ['event_time', 'tr_type', 'amount']}",gender/checkpoints_large_30/model_64_0.001_3_10_100_128_256_8_128epoch=25.ckpt,25,30,0.41145837,52.1489,3.0124,0.0003,5.4917,1.2004,13.7588,0.693,,1355.9921,65.8245,303.3023,14.7233,284.6791,13.8193,273.9256,13.2973,259.7742,12.6103,247.4741,12.0132,218.5574,10.6095,55.7604,3.0894,12.4722,0.691,11.7064,0.6486,11.2642,0.6241,10.6823,0.5919,10.1765,0.5638,8.9874,0.498,0.0,0.0,0.0,0.0,0.0,0.0,0.0,,0.0,0.0,0.0,0.0,0.0,0.0,0.0,0.0,0.0,0.0,0.0,0.0,0.0,0.0,0.0,0.0,0.0,0.0,0.0,0.0,0.0,0.0,0.0,0.0,0.0,0.0,0.0,0.0,0.692,0.7563,0.2875
806,64,0.001,3,10,100,256,8,128,184,435241,73,30,"{'sourceA': ['event_time', 'mcc_code', 'term_id'], 'sourceB': ['event_time', 'tr_type', 'amount']}",gender/checkpoints_large_30/model_64_0.001_3_10_100_128_256_8_128epoch=26.ckpt,26,30,0.41631156,52.1547,3.0059,0.0003,5.4942,1.1972,14.6111,0.6965,,1351.8508,65.6129,303.8643,14.7482,285.1173,13.8383,274.4198,13.3191,260.0193,12.6202,247.862,12.0301,220.8427,10.7187,52.1651,2.9041,11.7255,0.6528,11.0021,0.6125,10.5893,0.5895,10.0336,0.5586,9.5645,0.5325,8.5219,0.4744,0.0,0.0,0.0,0.0,0.0,0.0,0.0,,0.0,0.0,0.0,0.0,0.0,0.0,0.0,0.0,0.0,0.0,0.0,0.0,0.0,0.0,0.0,0.0,0.0,0.0,0.0,0.0,0.0,0.0,0.0,0.0,0.0,0.0,0.0,0.0,0.716,0.7579,0.2875
807,64,0.001,3,10,100,256,8,128,184,435241,73,30,"{'sourceA': ['event_time', 'mcc_code', 'term_id'], 'sourceB': ['event_time', 'tr_type', 'amount']}",gender/checkpoints_large_30/model_64_0.001_3_10_100_128_256_8_128epoch=27.ckpt,27,30,0.40542138,52.5878,3.2109,0.0003,5.4406,1.202,14.1945,0.6909,,1358.3911,65.9536,303.4941,14.7355,285.0017,13.8376,274.415,13.3236,260.1255,12.6298,247.831,12.0329,219.2191,10.6437,54.3145,3.0501,12.135,0.6815,11.3956,0.6399,10.9723,0.6162,10.401,0.5841,9.9094,0.5565,8.7654,0.4922,0.0,0.0,0.0,0.0,0.0,0.0,0.0,,0.0,0.0,0.0,0.0,0.0,0.0,0.0,0.0,0.0,0.0,0.0,0.0,0.0,0.0,0.0,0.0,0.0,0.0,0.0,0.0,0.0,0.0,0.0,0.0,0.0,0.0,0.0,0.0,0.676,0.7478,0.2875
808,64,0.001,3,10,100,256,8,128,184,435241,73,30,"{'sourceA': ['event_time', 'mcc_code', 'term_id'], 'sourceB': ['event_time', 'tr_type', 'amount']}",gender/checkpoints_large_30/model_64_0.001_3_10_100_128_256_8_128epoch=28.ckpt,28,30,0.41051137,52.0158,3.1105,0.0003,5.4832,1.1959,14.2995,0.6982,,1347.797,65.413,303.9437,14.7514,285.1223,13.8379,274.4979,13.3223,259.8665,12.6122,247.6069,12.0172,219.5067,10.6534,55.9581,3.0974,12.6192,0.6985,11.8378,0.6552,11.3966,0.6308,10.7892,0.5972,10.2802,0.569,9.1135,0.5045,0.0,0.0,0.0,0.0,0.0,0.0,0.0,,0.0,0.0,0.0,0.0,0.0,0.0,0.0,0.0,0.0,0.0,0.0,0.0,0.0,0.0,0.0,0.0,0.0,0.0,0.0,0.0,0.0,0.0,0.0,0.0,0.0,0.0,0.0,0.0,0.708,0.7755,0.2875
809,64,0.001,3,10,100,256,8,128,184,435241,73,30,"{'sourceA': ['event_time', 'mcc_code', 'term_id'], 'sourceB': ['event_time', 'tr_type', 'amount']}",gender/checkpoints_large_30/model_64_0.001_3_10_100_128_256_8_128epoch=29.ckpt,29,30,0.40897253,52.3374,3.1547,0.0003,5.4274,1.2006,13.6339,0.6927,,1355.2748,65.766,303.4246,14.724,284.7783,13.8191,274.0735,13.2997,259.5824,12.5965,247.3633,12.0035,219.3227,10.6428,56.9969,3.2117,12.7607,0.719,11.9765,0.6749,11.5263,0.6495,10.9169,0.6151,10.403,0.5862,9.2237,0.5197,0.0,0.0,0.0,0.0,0.0,0.0,0.0,,0.0,0.0,0.0,0.0,0.0,0.0,0.0,0.0,0.0,0.0,0.0,0.0,0.0,0.0,0.0,0.0,0.0,0.0,0.0,0.0,0.0,0.0,0.0,0.0,0.0,0.0,0.0,0.0,0.696,0.7556,0.2875
810,64,0.001,3,10,100,512,8,128,184,435241,73,30,"{'sourceA': ['event_time', 'mcc_code', 'term_id'], 'sourceB': ['event_time', 'tr_type', 'amount']}",gender/checkpoints_large_30/model_64_0.001_3_10_100_128_512_8_128epoch=00.ckpt,0,30,0.35949337,49.9474,3.2282,0.0002,5.8824,1.2044,10.7223,0.6889,,1291.5381,62.7462,295.0059,14.3321,273.3681,13.2809,261.2844,12.6939,245.0904,11.9071,231.7389,11.2585,203.355,9.8795,52.059,2.8911,11.891,0.6604,11.0189,0.6119,10.5318,0.5849,9.879,0.5486,9.3409,0.5187,8.1968,0.4552,0.0,0.0,0.0,0.0,0.0,0.0,0.0,,0.0,0.0,0.0,0.0,0.0,0.0,0.0,0.0,0.0,0.0,0.0,0.0,0.0,0.0,0.0,0.0,0.0,0.0,0.0,0.0,0.0,0.0,0.0,0.0,0.0,0.0,0.0,0.0,0.684,0.6851,0.2875
811,64,0.001,3,10,100,512,8,128,184,435241,73,30,"{'sourceA': ['event_time', 'mcc_code', 'term_id'], 'sourceB': ['event_time', 'tr_type', 'amount']}",gender/checkpoints_large_30/model_64_0.001_3_10_100_128_512_8_128epoch=01.ckpt,1,30,0.3783736,52.3322,3.2549,0.0003,5.7808,1.229,11.7428,0.6615,,1384.2249,67.2286,297.4546,14.4467,276.1106,13.4101,264.2041,12.8318,248.8933,12.0882,235.9467,11.4594,208.8645,10.1441,58.0694,3.203,12.4785,0.6883,11.5831,0.6389,11.0836,0.6114,10.4413,0.5759,9.8982,0.546,8.762,0.4833,0.0,0.0,0.0,0.0,0.0,0.0,0.0,,0.0,0.0,0.0,0.0,0.0,0.0,0.0,0.0,0.0,0.0,0.0,0.0,0.0,0.0,0.0,0.0,0.0,0.0,0.0,0.0,0.0,0.0,0.0,0.0,0.0,0.0,0.0,0.0,0.672,0.7342,0.2875
812,64,0.001,3,10,100,512,8,128,184,435241,73,30,"{'sourceA': ['event_time', 'mcc_code', 'term_id'], 'sourceB': ['event_time', 'tr_type', 'amount']}",gender/checkpoints_large_30/model_64_0.001_3_10_100_128_512_8_128epoch=02.ckpt,2,30,0.39322913,52.3806,3.1804,0.0002,5.8664,1.2216,12.9994,0.6693,,1391.6465,67.6449,299.3921,14.5528,279.3778,13.58,268.1001,13.0318,253.4481,12.3196,241.1649,11.7225,214.138,10.4088,51.2167,3.0128,11.0185,0.6482,10.2819,0.6048,9.8669,0.5804,9.3276,0.5487,8.8756,0.5221,7.8809,0.4636,0.0,0.0,0.0,0.0,0.0,0.0,0.0,,0.0,0.0,0.0,0.0,0.0,0.0,0.0,0.0,0.0,0.0,0.0,0.0,0.0,0.0,0.0,0.0,0.0,0.0,0.0,0.0,0.0,0.0,0.0,0.0,0.0,0.0,0.0,0.0,0.692,0.7298,0.2875
813,64,0.001,3,10,100,512,8,128,184,435241,73,30,"{'sourceA': ['event_time', 'mcc_code', 'term_id'], 'sourceB': ['event_time', 'tr_type', 'amount']}",gender/checkpoints_large_30/model_64_0.001_3_10_100_128_512_8_128epoch=03.ckpt,3,30,0.39056578,53.7291,3.1081,0.0003,5.5965,1.2318,12.9311,0.6579,,1415.5066,68.7243,300.0073,14.5657,280.4013,13.6138,269.3345,13.0765,254.9333,12.3773,243.3251,11.8137,218.6672,10.6165,54.7117,3.1194,11.5958,0.6611,10.838,0.6179,10.4102,0.5935,9.8536,0.5618,9.4049,0.5362,8.4519,0.4819,0.0,0.0,0.0,0.0,0.0,0.0,0.0,,0.0,0.0,0.0,0.0,0.0,0.0,0.0,0.0,0.0,0.0,0.0,0.0,0.0,0.0,0.0,0.0,0.0,0.0,0.0,0.0,0.0,0.0,0.0,0.0,0.0,0.0,0.0,0.0,0.708,0.7364,0.2875
814,64,0.001,3,10,100,512,8,128,184,435241,73,30,"{'sourceA': ['event_time', 'mcc_code', 'term_id'], 'sourceB': ['event_time', 'tr_type', 'amount']}",gender/checkpoints_large_30/model_64_0.001_3_10_100_128_512_8_128epoch=04.ckpt,4,30,0.3960701,54.1445,3.3258,0.0003,5.4721,1.2272,12.9325,0.663,,1403.2501,68.1541,300.1931,14.58,280.9292,13.6444,270.0413,13.1156,255.7912,12.4235,244.3335,11.867,217.3083,10.5544,52.9251,3.0799,11.3221,0.6589,10.5955,0.6166,10.1849,0.5927,9.6474,0.5614,9.2153,0.5363,8.196,0.477,0.0,0.0,0.0,0.0,0.0,0.0,0.0,,0.0,0.0,0.0,0.0,0.0,0.0,0.0,0.0,0.0,0.0,0.0,0.0,0.0,0.0,0.0,0.0,0.0,0.0,0.0,0.0,0.0,0.0,0.0,0.0,0.0,0.0,0.0,0.0,0.684,0.7418,0.2875
815,64,0.001,3,10,100,512,8,128,184,435241,73,30,"{'sourceA': ['event_time', 'mcc_code', 'term_id'], 'sourceB': ['event_time', 'tr_type', 'amount']}",gender/checkpoints_large_30/model_64_0.001_3_10_100_128_512_8_128epoch=05.ckpt,5,30,0.4005682,54.1484,3.0878,0.0003,5.5369,1.2315,12.8727,0.6577,,1423.9618,69.1696,298.981,14.5231,280.0404,13.6031,269.2093,13.077,255.0644,12.3899,243.9233,11.8487,218.3262,10.6053,58.6148,3.2135,12.307,0.6747,11.5274,0.632,11.0815,0.6075,10.4993,0.5756,10.0407,0.5505,8.987,0.4927,0.0,0.0,0.0,0.0,0.0,0.0,0.0,,0.0,0.0,0.0,0.0,0.0,0.0,0.0,0.0,0.0,0.0,0.0,0.0,0.0,0.0,0.0,0.0,0.0,0.0,0.0,0.0,0.0,0.0,0.0,0.0,0.0,0.0,0.0,0.0,0.692,0.7455,0.2875
816,64,0.001,3,10,100,512,8,128,184,435241,73,30,"{'sourceA': ['event_time', 'mcc_code', 'term_id'], 'sourceB': ['event_time', 'tr_type', 'amount']}",gender/checkpoints_large_30/model_64_0.001_3_10_100_128_512_8_128epoch=06.ckpt,6,30,0.40305403,54.0261,3.1962,0.0003,5.4637,1.2137,13.1679,0.6776,,1372.1992,66.7247,298.255,14.503,279.1475,13.5738,268.0126,13.0324,254.0749,12.3547,243.1336,11.8226,215.513,10.4796,46.7434,2.7989,10.1599,0.6084,9.509,0.5694,9.1297,0.5467,8.655,0.5182,8.2823,0.4959,7.3414,0.4396,0.0,0.0,0.0,0.0,0.0,0.0,0.0,,0.0,0.0,0.0,0.0,0.0,0.0,0.0,0.0,0.0,0.0,0.0,0.0,0.0,0.0,0.0,0.0,0.0,0.0,0.0,0.0,0.0,0.0,0.0,0.0,0.0,0.0,0.0,0.0,0.716,0.7384,0.2875
817,64,0.001,3,10,100,512,8,128,184,435241,73,30,"{'sourceA': ['event_time', 'mcc_code', 'term_id'], 'sourceB': ['event_time', 'tr_type', 'amount']}",gender/checkpoints_large_30/model_64_0.001_3_10_100_128_512_8_128epoch=07.ckpt,7,30,0.40453365,55.0462,3.1197,0.0003,5.4637,1.2364,13.5634,0.6533,,1430.5984,69.4931,299.9091,14.5684,281.2337,13.6613,270.5816,13.1438,257.0991,12.4889,246.2841,11.9636,220.1078,10.692,54.8836,3.0859,11.5057,0.6469,10.7893,0.6066,10.3806,0.5837,9.8634,0.5546,9.4485,0.5312,8.4442,0.4748,0.0,0.0,0.0,0.0,0.0,0.0,0.0,,0.0,0.0,0.0,0.0,0.0,0.0,0.0,0.0,0.0,0.0,0.0,0.0,0.0,0.0,0.0,0.0,0.0,0.0,0.0,0.0,0.0,0.0,0.0,0.0,0.0,0.0,0.0,0.0,0.68,0.7315,0.2875
818,64,0.001,3,10,100,512,8,128,184,435241,73,30,"{'sourceA': ['event_time', 'mcc_code', 'term_id'], 'sourceB': ['event_time', 'tr_type', 'amount']}",gender/checkpoints_large_30/model_64_0.001_3_10_100_128_512_8_128epoch=08.ckpt,8,30,0.40784797,53.9002,3.1604,0.0003,5.4387,1.2157,13.8114,0.6751,,1381.9065,67.1507,298.7857,14.5188,279.937,13.6029,269.2129,13.0818,255.1409,12.398,244.0999,11.8615,218.6285,10.6238,49.821,2.9667,10.7719,0.6414,10.0924,0.601,9.7058,0.578,9.1984,0.5477,8.8004,0.524,7.8821,0.4694,0.0,0.0,0.0,0.0,0.0,0.0,0.0,,0.0,0.0,0.0,0.0,0.0,0.0,0.0,0.0,0.0,0.0,0.0,0.0,0.0,0.0,0.0,0.0,0.0,0.0,0.0,0.0,0.0,0.0,0.0,0.0,0.0,0.0,0.0,0.0,0.756,0.7713,0.2875
819,64,0.001,3,10,100,512,8,128,184,435241,73,30,"{'sourceA': ['event_time', 'mcc_code', 'term_id'], 'sourceB': ['event_time', 'tr_type', 'amount']}",gender/checkpoints_large_30/model_64_0.001_3_10_100_128_512_8_128epoch=09.ckpt,9,30,0.4079664,54.5983,3.324,0.0003,5.3289,1.2146,13.2091,0.6767,,1387.8657,67.4522,300.2529,14.5927,281.8086,13.6963,271.3649,13.1887,257.5054,12.5151,246.337,11.9723,215.8322,10.4897,51.3005,3.0332,11.0984,0.6562,10.4167,0.6159,10.0306,0.5931,9.5183,0.5628,9.1055,0.5384,7.9779,0.4717,0.0,0.0,0.0,0.0,0.0,0.0,0.0,,0.0,0.0,0.0,0.0,0.0,0.0,0.0,0.0,0.0,0.0,0.0,0.0,0.0,0.0,0.0,0.0,0.0,0.0,0.0,0.0,0.0,0.0,0.0,0.0,0.0,0.0,0.0,0.0,0.708,0.7566,0.2875
820,64,0.001,3,10,100,512,8,128,184,435241,73,30,"{'sourceA': ['event_time', 'mcc_code', 'term_id'], 'sourceB': ['event_time', 'tr_type', 'amount']}",gender/checkpoints_large_30/model_64_0.001_3_10_100_128_512_8_128epoch=10.ckpt,10,30,0.41317472,54.634,2.9754,0.0003,5.293,1.2193,13.0875,0.6713,,1378.043,66.9406,298.5051,14.5003,279.8747,13.5954,269.3544,13.0843,255.5315,12.4128,244.4958,11.8768,217.6639,10.5734,52.7769,3.1139,11.4323,0.6745,10.7188,0.6324,10.3159,0.6086,9.7865,0.5774,9.3638,0.5525,8.3362,0.4918,0.0,0.0,0.0,0.0,0.0,0.0,0.0,,0.0,0.0,0.0,0.0,0.0,0.0,0.0,0.0,0.0,0.0,0.0,0.0,0.0,0.0,0.0,0.0,0.0,0.0,0.0,0.0,0.0,0.0,0.0,0.0,0.0,0.0,0.0,0.0,0.732,0.7438,0.2875
821,64,0.001,3,10,100,512,8,128,184,435241,73,30,"{'sourceA': ['event_time', 'mcc_code', 'term_id'], 'sourceB': ['event_time', 'tr_type', 'amount']}",gender/checkpoints_large_30/model_64_0.001_3_10_100_128_512_8_128epoch=11.ckpt,11,30,0.4093869,54.3279,3.2847,0.0003,5.2605,1.2114,13.0905,0.6802,,1364.3278,66.3098,298.4775,14.5068,280.0143,13.6094,269.5598,13.1013,255.8342,12.4342,244.5449,11.8855,216.0245,10.4993,52.0109,3.0995,11.3786,0.6781,10.6747,0.6361,10.2762,0.6124,9.7529,0.5812,9.3225,0.5556,8.2353,0.4908,0.0,0.0,0.0,0.0,0.0,0.0,0.0,,0.0,0.0,0.0,0.0,0.0,0.0,0.0,0.0,0.0,0.0,0.0,0.0,0.0,0.0,0.0,0.0,0.0,0.0,0.0,0.0,0.0,0.0,0.0,0.0,0.0,0.0,0.0,0.0,0.696,0.7466,0.2875
822,64,0.001,3,10,100,512,8,128,184,435241,73,30,"{'sourceA': ['event_time', 'mcc_code', 'term_id'], 'sourceB': ['event_time', 'tr_type', 'amount']}",gender/checkpoints_large_30/model_64_0.001_3_10_100_128_512_8_128epoch=12.ckpt,12,30,0.40719697,54.5312,3.2365,0.0003,5.2952,1.2132,12.7971,0.6781,,1368.8201,66.4943,299.6742,14.5575,281.0368,13.6522,270.5218,13.1414,256.7024,12.47,245.3413,11.9181,218.9358,10.6354,54.7185,3.1373,11.9795,0.6868,11.2344,0.6441,10.8141,0.62,10.2617,0.5884,9.8075,0.5623,8.7519,0.5018,0.0,0.0,0.0,0.0,0.0,0.0,0.0,,0.0,0.0,0.0,0.0,0.0,0.0,0.0,0.0,0.0,0.0,0.0,0.0,0.0,0.0,0.0,0.0,0.0,0.0,0.0,0.0,0.0,0.0,0.0,0.0,0.0,0.0,0.0,0.0,0.712,0.7654,0.2875
823,64,0.001,3,10,100,512,8,128,184,435241,73,30,"{'sourceA': ['event_time', 'mcc_code', 'term_id'], 'sourceB': ['event_time', 'tr_type', 'amount']}",gender/checkpoints_large_30/model_64_0.001_3_10_100_128_512_8_128epoch=13.ckpt,13,30,0.41347066,54.6862,3.1566,0.0003,5.3136,1.2156,13.4192,0.6753,,1366.5773,66.381,299.169,14.532,280.3687,13.6188,269.7782,13.1044,255.922,12.4313,244.6794,11.8852,217.6293,10.5713,49.3238,2.8951,10.7979,0.6338,10.1193,0.594,9.7371,0.5715,9.237,0.5422,8.8312,0.5183,7.8549,0.461,0.0,0.0,0.0,0.0,0.0,0.0,0.0,,0.0,0.0,0.0,0.0,0.0,0.0,0.0,0.0,0.0,0.0,0.0,0.0,0.0,0.0,0.0,0.0,0.0,0.0,0.0,0.0,0.0,0.0,0.0,0.0,0.0,0.0,0.0,0.0,0.72,0.779,0.2875
824,64,0.001,3,10,100,512,8,128,184,435241,73,30,"{'sourceA': ['event_time', 'mcc_code', 'term_id'], 'sourceB': ['event_time', 'tr_type', 'amount']}",gender/checkpoints_large_30/model_64_0.001_3_10_100_128_512_8_128epoch=14.ckpt,14,30,0.41027462,54.9351,3.0044,0.0003,5.3433,1.2161,13.2867,0.675,,1374.8234,66.782,300.3018,14.5872,281.8489,13.6908,271.4771,13.187,257.5747,12.5117,246.5386,11.9756,218.5429,10.6157,51.1719,3.0036,11.1774,0.6561,10.4906,0.6158,10.1046,0.5931,9.5871,0.5627,9.1763,0.5386,8.1343,0.4775,0.0,0.0,0.0,0.0,0.0,0.0,0.0,,0.0,0.0,0.0,0.0,0.0,0.0,0.0,0.0,0.0,0.0,0.0,0.0,0.0,0.0,0.0,0.0,0.0,0.0,0.0,0.0,0.0,0.0,0.0,0.0,0.0,0.0,0.0,0.0,0.74,0.7617,0.2875
825,64,0.001,3,10,100,512,8,128,184,435241,73,30,"{'sourceA': ['event_time', 'mcc_code', 'term_id'], 'sourceB': ['event_time', 'tr_type', 'amount']}",gender/checkpoints_large_30/model_64_0.001_3_10_100_128_512_8_128epoch=15.ckpt,15,30,0.40642756,54.2143,3.018,0.0003,5.3642,1.2031,13.5084,0.6895,,1351.1383,65.6556,301.2073,14.6365,282.7849,13.7413,272.566,13.2447,258.938,12.5825,247.7902,12.0408,219.9911,10.69,50.0399,2.8924,11.1553,0.6448,10.473,0.6054,10.0946,0.5835,9.5899,0.5543,9.177,0.5305,8.1474,0.4709,0.0,0.0,0.0,0.0,0.0,0.0,0.0,,0.0,0.0,0.0,0.0,0.0,0.0,0.0,0.0,0.0,0.0,0.0,0.0,0.0,0.0,0.0,0.0,0.0,0.0,0.0,0.0,0.0,0.0,0.0,0.0,0.0,0.0,0.0,0.0,0.704,0.7435,0.2875
826,64,0.001,3,10,100,512,8,128,184,435241,73,30,"{'sourceA': ['event_time', 'mcc_code', 'term_id'], 'sourceB': ['event_time', 'tr_type', 'amount']}",gender/checkpoints_large_30/model_64_0.001_3_10_100_128_512_8_128epoch=16.ckpt,16,30,0.41329315,54.7897,3.3462,0.0003,5.2269,1.2049,13.7299,0.6873,,1351.8695,65.7088,301.682,14.6635,283.1346,13.762,272.8273,13.261,259.3951,12.6081,248.6498,12.0858,221.7504,10.7784,50.3056,2.9424,11.2261,0.6566,10.536,0.6163,10.1524,0.5938,9.6526,0.5646,9.2527,0.5412,8.2517,0.4827,0.0,0.0,0.0,0.0,0.0,0.0,0.0,,0.0,0.0,0.0,0.0,0.0,0.0,0.0,0.0,0.0,0.0,0.0,0.0,0.0,0.0,0.0,0.0,0.0,0.0,0.0,0.0,0.0,0.0,0.0,0.0,0.0,0.0,0.0,0.0,0.748,0.7764,0.2875
827,64,0.001,3,10,100,512,8,128,184,435241,73,30,"{'sourceA': ['event_time', 'mcc_code', 'term_id'], 'sourceB': ['event_time', 'tr_type', 'amount']}",gender/checkpoints_large_30/model_64_0.001_3_10_100_128_512_8_128epoch=17.ckpt,17,30,0.41749525,55.5601,2.9392,0.0003,5.2694,1.2172,13.4282,0.6735,,1379.0486,66.9859,301.8406,14.6616,283.4005,13.7659,273.1623,13.2686,259.7596,12.6176,248.9929,12.0946,221.6844,10.7681,54.9798,3.0611,12.0338,0.67,11.2986,0.6291,10.8904,0.6063,10.3561,0.5766,9.9268,0.5527,8.8381,0.4921,0.0,0.0,0.0,0.0,0.0,0.0,0.0,,0.0,0.0,0.0,0.0,0.0,0.0,0.0,0.0,0.0,0.0,0.0,0.0,0.0,0.0,0.0,0.0,0.0,0.0,0.0,0.0,0.0,0.0,0.0,0.0,0.0,0.0,0.0,0.0,0.732,0.7535,0.2875
828,64,0.001,3,10,100,512,8,128,184,435241,73,30,"{'sourceA': ['event_time', 'mcc_code', 'term_id'], 'sourceB': ['event_time', 'tr_type', 'amount']}",gender/checkpoints_large_30/model_64_0.001_3_10_100_128_512_8_128epoch=18.ckpt,18,30,0.41104403,55.5864,3.3001,0.0003,5.2063,1.2146,13.3505,0.6763,,1374.7153,66.8069,301.977,14.6751,283.4953,13.777,273.0114,13.2675,259.4398,12.608,248.3898,12.071,222.0498,10.7909,51.8076,2.9425,11.3803,0.6464,10.6838,0.6068,10.2887,0.5844,9.7773,0.5553,9.3608,0.5317,8.3682,0.4753,0.0,0.0,0.0,0.0,0.0,0.0,0.0,,0.0,0.0,0.0,0.0,0.0,0.0,0.0,0.0,0.0,0.0,0.0,0.0,0.0,0.0,0.0,0.0,0.0,0.0,0.0,0.0,0.0,0.0,0.0,0.0,0.0,0.0,0.0,0.0,0.708,0.7581,0.2875
829,64,0.001,3,10,100,512,8,128,184,435241,73,30,"{'sourceA': ['event_time', 'mcc_code', 'term_id'], 'sourceB': ['event_time', 'tr_type', 'amount']}",gender/checkpoints_large_30/model_64_0.001_3_10_100_128_512_8_128epoch=19.ckpt,19,30,0.41335228,54.8987,3.172,0.0003,5.2096,1.207,13.4832,0.685,,1348.6882,65.5506,301.5842,14.658,283.1833,13.7636,272.8271,13.2603,259.4356,12.6094,248.7418,12.0897,223.1724,10.8469,49.6106,2.8746,11.0936,0.6428,10.4167,0.6036,10.0358,0.5815,9.5432,0.553,9.1498,0.5302,8.2093,0.4757,0.0,0.0,0.0,0.0,0.0,0.0,0.0,,0.0,0.0,0.0,0.0,0.0,0.0,0.0,0.0,0.0,0.0,0.0,0.0,0.0,0.0,0.0,0.0,0.0,0.0,0.0,0.0,0.0,0.0,0.0,0.0,0.0,0.0,0.0,0.0,0.696,0.761,0.2875
830,64,0.001,3,10,100,512,8,128,184,435241,73,30,"{'sourceA': ['event_time', 'mcc_code', 'term_id'], 'sourceB': ['event_time', 'tr_type', 'amount']}",gender/checkpoints_large_30/model_64_0.001_3_10_100_128_512_8_128epoch=20.ckpt,20,30,0.4140625,54.9801,2.8731,0.0002,5.2811,1.2073,13.9534,0.6842,,1350.3853,65.5927,301.2909,14.6347,282.9975,13.7461,272.8024,13.2509,259.5642,12.6079,249.1997,12.1045,224.7764,10.9181,49.1623,2.8658,10.9688,0.6394,10.3028,0.6006,9.9317,0.5789,9.4497,0.5508,9.0724,0.5288,8.1832,0.477,0.0,0.0,0.0,0.0,0.0,0.0,0.0,,0.0,0.0,0.0,0.0,0.0,0.0,0.0,0.0,0.0,0.0,0.0,0.0,0.0,0.0,0.0,0.0,0.0,0.0,0.0,0.0,0.0,0.0,0.0,0.0,0.0,0.0,0.0,0.0,0.708,0.7533,0.2875
831,64,0.001,3,10,100,512,8,128,184,435241,73,30,"{'sourceA': ['event_time', 'mcc_code', 'term_id'], 'sourceB': ['event_time', 'tr_type', 'amount']}",gender/checkpoints_large_30/model_64_0.001_3_10_100_128_512_8_128epoch=21.ckpt,21,30,0.41637078,54.8828,3.1519,0.0003,5.2564,1.2046,13.5563,0.6876,,1341.805,65.1761,301.4066,14.6403,283.1375,13.753,272.9312,13.2572,259.5863,12.609,248.8616,12.0881,223.1626,10.8398,48.0964,2.8729,10.8038,0.6453,10.1489,0.6062,9.7831,0.5844,9.3047,0.5558,8.9203,0.5328,7.9992,0.4778,0.0,0.0,0.0,0.0,0.0,0.0,0.0,,0.0,0.0,0.0,0.0,0.0,0.0,0.0,0.0,0.0,0.0,0.0,0.0,0.0,0.0,0.0,0.0,0.0,0.0,0.0,0.0,0.0,0.0,0.0,0.0,0.0,0.0,0.0,0.0,0.748,0.771,0.2875
832,64,0.001,3,10,100,512,8,128,184,435241,73,30,"{'sourceA': ['event_time', 'mcc_code', 'term_id'], 'sourceB': ['event_time', 'tr_type', 'amount']}",gender/checkpoints_large_30/model_64_0.001_3_10_100_128_512_8_128epoch=22.ckpt,22,30,0.4202178,55.0937,3.3051,0.0003,5.208,1.208,13.1593,0.6837,,1346.2498,65.4252,301.151,14.6354,282.9212,13.7494,272.5319,13.2445,259.3404,12.6035,248.8794,12.0951,223.6235,10.8677,49.5464,2.8308,11.0833,0.6332,10.4124,0.5949,10.0301,0.5731,9.5446,0.5453,9.1596,0.5233,8.2301,0.4702,0.0,0.0,0.0,0.0,0.0,0.0,0.0,,0.0,0.0,0.0,0.0,0.0,0.0,0.0,0.0,0.0,0.0,0.0,0.0,0.0,0.0,0.0,0.0,0.0,0.0,0.0,0.0,0.0,0.0,0.0,0.0,0.0,0.0,0.0,0.0,0.72,0.772,0.2875
833,64,0.001,3,10,100,512,8,128,184,435241,73,30,"{'sourceA': ['event_time', 'mcc_code', 'term_id'], 'sourceB': ['event_time', 'tr_type', 'amount']}",gender/checkpoints_large_30/model_64_0.001_3_10_100_128_512_8_128epoch=23.ckpt,23,30,0.41773203,54.8372,2.8141,0.0003,5.272,1.2042,14.3794,0.6878,,1338.7961,65.0747,300.6703,14.6146,282.5315,13.733,272.4163,13.2413,259.3413,12.6058,248.9974,12.103,225.0992,10.9414,46.0954,2.758,10.3522,0.6194,9.7277,0.582,9.3794,0.5612,8.9292,0.5343,8.5731,0.5129,7.7503,0.4637,0.0,0.0,0.0,0.0,0.0,0.0,0.0,,0.0,0.0,0.0,0.0,0.0,0.0,0.0,0.0,0.0,0.0,0.0,0.0,0.0,0.0,0.0,0.0,0.0,0.0,0.0,0.0,0.0,0.0,0.0,0.0,0.0,0.0,0.0,0.0,0.712,0.7725,0.2875
834,64,0.001,3,10,100,512,8,128,184,435241,73,30,"{'sourceA': ['event_time', 'mcc_code', 'term_id'], 'sourceB': ['event_time', 'tr_type', 'amount']}",gender/checkpoints_large_30/model_64_0.001_3_10_100_128_512_8_128epoch=24.ckpt,24,30,0.41329315,55.0229,2.9325,0.0003,5.2417,1.2032,13.9736,0.6889,,1339.9082,65.1078,302.051,14.677,284.0968,13.8046,274.0046,13.3142,261.0528,12.6849,250.7181,12.1827,226.8775,11.0243,49.8977,2.8819,11.2483,0.6497,10.5797,0.611,10.2038,0.5893,9.7215,0.5615,9.3367,0.5393,8.4488,0.488,0.0,0.0,0.0,0.0,0.0,0.0,0.0,,0.0,0.0,0.0,0.0,0.0,0.0,0.0,0.0,0.0,0.0,0.0,0.0,0.0,0.0,0.0,0.0,0.0,0.0,0.0,0.0,0.0,0.0,0.0,0.0,0.0,0.0,0.0,0.0,0.72,0.7711,0.2875
835,64,0.001,3,10,100,512,8,128,184,435241,73,30,"{'sourceA': ['event_time', 'mcc_code', 'term_id'], 'sourceB': ['event_time', 'tr_type', 'amount']}",gender/checkpoints_large_30/model_64_0.001_3_10_100_128_512_8_128epoch=25.ckpt,25,30,0.41506866,55.0992,2.8408,0.0003,5.207,1.206,14.1317,0.686,,1339.8676,65.0993,301.2809,14.6381,283.0655,13.7531,273.0667,13.2673,260.031,12.634,249.9076,12.1421,226.2696,10.9936,51.6106,2.9614,11.6051,0.6659,10.9034,0.6256,10.5183,0.6035,10.0162,0.5747,9.6262,0.5524,8.7157,0.5001,0.0,0.0,0.0,0.0,0.0,0.0,0.0,,0.0,0.0,0.0,0.0,0.0,0.0,0.0,0.0,0.0,0.0,0.0,0.0,0.0,0.0,0.0,0.0,0.0,0.0,0.0,0.0,0.0,0.0,0.0,0.0,0.0,0.0,0.0,0.0,0.696,0.7557,0.2875
836,64,0.001,3,10,100,512,8,128,184,435241,73,30,"{'sourceA': ['event_time', 'mcc_code', 'term_id'], 'sourceB': ['event_time', 'tr_type', 'amount']}",gender/checkpoints_large_30/model_64_0.001_3_10_100_128_512_8_128epoch=26.ckpt,26,30,0.412938,55.277,2.8129,0.0003,5.2335,1.2076,14.2689,0.684,,1343.7897,65.2792,301.0679,14.6254,282.8216,13.739,272.7589,13.2502,259.6341,12.6126,249.3786,12.1144,225.5529,10.957,48.8886,2.8491,10.9532,0.6383,10.2894,0.5996,9.9233,0.5783,9.4458,0.5505,9.0727,0.5287,8.2059,0.4782,0.0,0.0,0.0,0.0,0.0,0.0,0.0,,0.0,0.0,0.0,0.0,0.0,0.0,0.0,0.0,0.0,0.0,0.0,0.0,0.0,0.0,0.0,0.0,0.0,0.0,0.0,0.0,0.0,0.0,0.0,0.0,0.0,0.0,0.0,0.0,0.696,0.7348,0.2875
837,64,0.001,3,10,100,512,8,128,184,435241,73,30,"{'sourceA': ['event_time', 'mcc_code', 'term_id'], 'sourceB': ['event_time', 'tr_type', 'amount']}",gender/checkpoints_large_30/model_64_0.001_3_10_100_128_512_8_128epoch=27.ckpt,27,30,0.41672584,54.679,3.1121,0.0003,5.1893,1.1986,12.8781,0.6943,,1322.6039,64.2755,301.1439,14.6349,283.0427,13.7552,272.9435,13.2644,259.8064,12.626,249.5812,12.1291,224.8835,10.9288,49.7505,2.901,11.3277,0.6605,10.6468,0.6208,10.2669,0.5987,9.7728,0.5699,9.3881,0.5474,8.4591,0.4933,0.0,0.0,0.0,0.0,0.0,0.0,0.0,,0.0,0.0,0.0,0.0,0.0,0.0,0.0,0.0,0.0,0.0,0.0,0.0,0.0,0.0,0.0,0.0,0.0,0.0,0.0,0.0,0.0,0.0,0.0,0.0,0.0,0.0,0.0,0.0,0.68,0.7371,0.2875
838,64,0.001,3,10,100,512,8,128,184,435241,73,30,"{'sourceA': ['event_time', 'mcc_code', 'term_id'], 'sourceB': ['event_time', 'tr_type', 'amount']}",gender/checkpoints_large_30/model_64_0.001_3_10_100_128_512_8_128epoch=28.ckpt,28,30,0.41062975,54.8721,2.9686,0.0003,5.1839,1.2005,13.8664,0.6922,,1331.7874,64.7156,301.4783,14.6497,283.2856,13.7657,273.1966,13.2755,260.0646,12.6373,249.5522,12.1265,225.1921,10.9428,45.4913,2.7193,10.2979,0.6156,9.6765,0.5784,9.3319,0.5578,8.8833,0.531,8.5242,0.5095,7.6921,0.4598,0.0,0.0,0.0,0.0,0.0,0.0,0.0,,0.0,0.0,0.0,0.0,0.0,0.0,0.0,0.0,0.0,0.0,0.0,0.0,0.0,0.0,0.0,0.0,0.0,0.0,0.0,0.0,0.0,0.0,0.0,0.0,0.0,0.0,0.0,0.0,0.7,0.7533,0.2875
839,64,0.001,3,10,100,512,8,128,184,435241,73,30,"{'sourceA': ['event_time', 'mcc_code', 'term_id'], 'sourceB': ['event_time', 'tr_type', 'amount']}",gender/checkpoints_large_30/model_64_0.001_3_10_100_128_512_8_128epoch=29.ckpt,29,30,0.41820547,55.4761,3.1699,0.0003,5.1634,1.2065,13.3735,0.6853,,1346.7892,65.4507,302.7678,14.7138,284.6251,13.8321,274.4276,13.3365,261.3868,12.7028,251.1413,12.2049,227.0012,11.0317,49.2799,2.8423,11.0785,0.639,10.4146,0.6007,10.0415,0.5791,9.5643,0.5516,9.1894,0.53,8.3061,0.4791,0.0,0.0,0.0,0.0,0.0,0.0,0.0,,0.0,0.0,0.0,0.0,0.0,0.0,0.0,0.0,0.0,0.0,0.0,0.0,0.0,0.0,0.0,0.0,0.0,0.0,0.0,0.0,0.0,0.0,0.0,0.0,0.0,0.0,0.0,0.0,0.708,0.7557,0.2875
840,64,0.001,3,10,100,1024,8,128,184,435241,73,30,"{'sourceA': ['event_time', 'mcc_code', 'term_id'], 'sourceB': ['event_time', 'tr_type', 'amount']}",gender/checkpoints_large_30/model_64_0.001_3_10_100_128_1024_8_128epoch=00.ckpt,0,30,0.35795456,46.788,3.3444,0.0,7.42,1.2088,10.4828,0.6843,,1458.6377,70.8473,298.843,14.5151,278.388,13.5216,266.7657,12.957,251.232,12.2026,238.1072,11.5651,212.6346,10.3279,57.8734,3.3277,11.857,0.6818,11.0454,0.6351,10.5843,0.6086,9.968,0.5732,9.4472,0.5432,8.4366,0.4851,0.0,0.0,0.0,0.0,0.0,0.0,0.0,,0.0,0.0,0.0,0.0,0.0,0.0,0.0,0.0,0.0,0.0,0.0,0.0,0.0,0.0,0.0,0.0,0.0,0.0,0.0,0.0,0.0,0.0,0.0,0.0,0.0,0.0,0.0,0.0,0.68,0.6712,0.2875
841,64,0.001,3,10,100,1024,8,128,184,435241,73,30,"{'sourceA': ['event_time', 'mcc_code', 'term_id'], 'sourceB': ['event_time', 'tr_type', 'amount']}",gender/checkpoints_large_30/model_64_0.001_3_10_100_128_1024_8_128epoch=01.ckpt,1,30,0.37079784,47.4973,3.3443,0.0,7.7753,1.2095,11.6416,0.6835,,1478.2917,71.8072,302.1343,14.676,282.4368,13.7192,271.0357,13.1654,255.3495,12.4035,242.0915,11.7595,215.0824,10.4475,62.6203,3.3425,12.7984,0.6831,11.964,0.6386,11.481,0.6128,10.8166,0.5774,10.255,0.5474,9.1109,0.4863,0.0,0.0,0.0,0.0,0.0,0.0,0.0,,0.0,0.0,0.0,0.0,0.0,0.0,0.0,0.0,0.0,0.0,0.0,0.0,0.0,0.0,0.0,0.0,0.0,0.0,0.0,0.0,0.0,0.0,0.0,0.0,0.0,0.0,0.0,0.0,0.64,0.6969,0.2875
842,64,0.001,3,10,100,1024,8,128,184,435241,73,30,"{'sourceA': ['event_time', 'mcc_code', 'term_id'], 'sourceB': ['event_time', 'tr_type', 'amount']}",gender/checkpoints_large_30/model_64_0.001_3_10_100_128_1024_8_128epoch=02.ckpt,2,30,0.38174716,48.7956,3.3451,0.0,7.7231,1.224,12.4504,0.6672,,1522.1223,73.9135,300.778,14.6056,281.4471,13.6669,270.2274,13.1221,255.0427,12.3847,243.2358,11.8114,220.059,10.686,59.7568,3.4465,11.8082,0.681,11.0493,0.6373,10.6088,0.6119,10.0127,0.5775,9.5492,0.5507,8.6393,0.4983,0.0,0.0,0.0,0.0,0.0,0.0,0.0,,0.0,0.0,0.0,0.0,0.0,0.0,0.0,0.0,0.0,0.0,0.0,0.0,0.0,0.0,0.0,0.0,0.0,0.0,0.0,0.0,0.0,0.0,0.0,0.0,0.0,0.0,0.0,0.0,0.708,0.737,0.2875
843,64,0.001,3,10,100,1024,8,128,184,435241,73,30,"{'sourceA': ['event_time', 'mcc_code', 'term_id'], 'sourceB': ['event_time', 'tr_type', 'amount']}",gender/checkpoints_large_30/model_64_0.001_3_10_100_128_1024_8_128epoch=03.ckpt,3,30,0.3818656,48.9468,3.3327,0.0,7.7587,1.216,12.3766,0.6762,,1502.5885,72.9934,301.4824,14.6456,281.6183,13.6806,270.0263,13.1175,254.7028,12.3731,242.7546,11.7926,215.9636,10.4912,56.3223,3.1802,11.3006,0.6381,10.556,0.596,10.1215,0.5715,9.5472,0.5391,9.0993,0.5138,8.0951,0.4571,0.0,0.0,0.0,0.0,0.0,0.0,0.0,,0.0,0.0,0.0,0.0,0.0,0.0,0.0,0.0,0.0,0.0,0.0,0.0,0.0,0.0,0.0,0.0,0.0,0.0,0.0,0.0,0.0,0.0,0.0,0.0,0.0,0.0,0.0,0.0,0.696,0.7332,0.2875
844,64,0.001,3,10,100,1024,8,128,184,435241,73,30,"{'sourceA': ['event_time', 'mcc_code', 'term_id'], 'sourceB': ['event_time', 'tr_type', 'amount']}",gender/checkpoints_large_30/model_64_0.001_3_10_100_128_1024_8_128epoch=04.ckpt,4,30,0.38861272,49.9272,3.3526,0.0,7.463,1.2161,12.4479,0.6753,,1519.0912,73.8241,301.7521,14.6644,282.3531,13.7217,271.3089,13.1849,256.4554,12.4631,244.3663,11.8756,216.6709,10.5297,59.631,3.3641,11.8451,0.6682,11.0836,0.6253,10.6501,0.6008,10.067,0.5679,9.5925,0.5412,8.5053,0.4798,0.0,0.0,0.0,0.0,0.0,0.0,0.0,,0.0,0.0,0.0,0.0,0.0,0.0,0.0,0.0,0.0,0.0,0.0,0.0,0.0,0.0,0.0,0.0,0.0,0.0,0.0,0.0,0.0,0.0,0.0,0.0,0.0,0.0,0.0,0.0,0.68,0.6913,0.2875
845,64,0.001,3,10,100,1024,8,128,184,435241,73,30,"{'sourceA': ['event_time', 'mcc_code', 'term_id'], 'sourceB': ['event_time', 'tr_type', 'amount']}",gender/checkpoints_large_30/model_64_0.001_3_10_100_128_1024_8_128epoch=05.ckpt,5,30,0.39417613,50.4573,3.3416,0.0,7.3075,1.2174,12.5817,0.6743,,1501.8119,72.9943,302.3764,14.6967,282.96,13.753,271.6984,13.2057,256.792,12.4812,244.5945,11.8883,213.1491,10.3599,59.7267,3.2958,12.0254,0.6636,11.2533,0.621,10.8054,0.5963,10.2126,0.5635,9.7275,0.5368,8.4769,0.4678,0.0,0.0,0.0,0.0,0.0,0.0,0.0,,0.0,0.0,0.0,0.0,0.0,0.0,0.0,0.0,0.0,0.0,0.0,0.0,0.0,0.0,0.0,0.0,0.0,0.0,0.0,0.0,0.0,0.0,0.0,0.0,0.0,0.0,0.0,0.0,0.696,0.7467,0.2875
846,64,0.001,3,10,100,1024,8,128,184,435241,73,30,"{'sourceA': ['event_time', 'mcc_code', 'term_id'], 'sourceB': ['event_time', 'tr_type', 'amount']}",gender/checkpoints_large_30/model_64_0.001_3_10_100_128_1024_8_128epoch=06.ckpt,6,30,0.389027,50.0642,3.3193,0.0,7.1091,1.2161,11.5136,0.6755,,1512.917,73.5175,302.2591,14.6877,283.0744,13.7555,272.2323,13.2286,257.9448,12.5344,246.5086,11.9786,216.7053,10.5304,57.7469,3.3317,11.537,0.6656,10.8047,0.6234,10.3909,0.5995,9.8456,0.568,9.409,0.5429,8.2715,0.4772,0.0,0.0,0.0,0.0,0.0,0.0,0.0,,0.0,0.0,0.0,0.0,0.0,0.0,0.0,0.0,0.0,0.0,0.0,0.0,0.0,0.0,0.0,0.0,0.0,0.0,0.0,0.0,0.0,0.0,0.0,0.0,0.0,0.0,0.0,0.0,0.708,0.7641,0.2875
847,64,0.001,3,10,100,1024,8,128,184,435241,73,30,"{'sourceA': ['event_time', 'mcc_code', 'term_id'], 'sourceB': ['event_time', 'tr_type', 'amount']}",gender/checkpoints_large_30/model_64_0.001_3_10_100_128_1024_8_128epoch=07.ckpt,7,30,0.3967803,51.7614,3.3228,0.0,6.591,1.2212,13.1212,0.6698,,1536.672,74.5981,305.7676,14.8436,286.8787,13.9266,276.3387,13.4149,262.2703,12.732,251.2069,12.1949,223.8862,10.8686,68.156,3.5679,13.5617,0.7099,12.7239,0.6661,12.2564,0.6416,11.6325,0.609,11.1418,0.5833,9.93,0.5198,0.0,0.0,0.0,0.0,0.0,0.0,0.0,,0.0,0.0,0.0,0.0,0.0,0.0,0.0,0.0,0.0,0.0,0.0,0.0,0.0,0.0,0.0,0.0,0.0,0.0,0.0,0.0,0.0,0.0,0.0,0.0,0.0,0.0,0.0,0.0,0.7,0.7254,0.2875
848,64,0.001,3,10,100,1024,8,128,184,435241,73,30,"{'sourceA': ['event_time', 'mcc_code', 'term_id'], 'sourceB': ['event_time', 'tr_type', 'amount']}",gender/checkpoints_large_30/model_64_0.001_3_10_100_128_1024_8_128epoch=08.ckpt,8,30,0.3995621,51.5541,3.2826,0.0,6.4106,1.2143,12.1839,0.6772,,1500.8551,72.8736,303.9653,14.7589,285.008,13.8385,274.3023,13.3187,259.9595,12.6223,248.2898,12.0556,218.994,10.6332,60.5084,3.3674,12.2546,0.682,11.4904,0.6395,11.0588,0.6154,10.4805,0.5833,10.01,0.5571,8.829,0.4914,0.0,0.0,0.0,0.0,0.0,0.0,0.0,,0.0,0.0,0.0,0.0,0.0,0.0,0.0,0.0,0.0,0.0,0.0,0.0,0.0,0.0,0.0,0.0,0.0,0.0,0.0,0.0,0.0,0.0,0.0,0.0,0.0,0.0,0.0,0.0,0.708,0.7473,0.2875
849,64,0.001,3,10,100,1024,8,128,184,435241,73,30,"{'sourceA': ['event_time', 'mcc_code', 'term_id'], 'sourceB': ['event_time', 'tr_type', 'amount']}",gender/checkpoints_large_30/model_64_0.001_3_10_100_128_1024_8_128epoch=09.ckpt,9,30,0.40198863,52.302,3.3449,1e-04,6.2932,1.2172,12.215,0.6746,,1515.8947,73.665,305.0672,14.8248,286.4862,13.9218,275.8817,13.4065,262.1487,12.7391,250.8552,12.1903,218.6772,10.6266,56.3607,3.2237,11.3423,0.6487,10.6515,0.6092,10.2572,0.5867,9.7466,0.5575,9.3268,0.5335,8.1304,0.465,0.0,0.0,0.0,0.0,0.0,0.0,0.0,,0.0,0.0,0.0,0.0,0.0,0.0,0.0,0.0,0.0,0.0,0.0,0.0,0.0,0.0,0.0,0.0,0.0,0.0,0.0,0.0,0.0,0.0,0.0,0.0,0.0,0.0,0.0,0.0,0.676,0.7389,0.2875
850,64,0.001,3,10,100,1024,8,128,184,435241,73,30,"{'sourceA': ['event_time', 'mcc_code', 'term_id'], 'sourceB': ['event_time', 'tr_type', 'amount']}",gender/checkpoints_large_30/model_64_0.001_3_10_100_128_1024_8_128epoch=10.ckpt,10,30,0.4001539,52.723,3.2658,1e-04,5.9837,1.2165,12.4002,0.675,,1485.7491,72.1547,303.6447,14.7464,284.7527,13.8289,273.8645,13.3001,259.4989,12.6024,247.757,12.0322,217.3627,10.5561,52.7132,3.0232,10.7731,0.6178,10.1028,0.5794,9.7165,0.5573,9.2068,0.528,8.7902,0.5041,7.7119,0.4423,0.0,0.0,0.0,0.0,0.0,0.0,0.0,,0.0,0.0,0.0,0.0,0.0,0.0,0.0,0.0,0.0,0.0,0.0,0.0,0.0,0.0,0.0,0.0,0.0,0.0,0.0,0.0,0.0,0.0,0.0,0.0,0.0,0.0,0.0,0.0,0.688,0.7188,0.2875
851,64,0.001,3,10,100,1024,8,128,184,435241,73,30,"{'sourceA': ['event_time', 'mcc_code', 'term_id'], 'sourceB': ['event_time', 'tr_type', 'amount']}",gender/checkpoints_large_30/model_64_0.001_3_10_100_128_1024_8_128epoch=11.ckpt,11,30,0.40139678,52.5757,3.2656,0.0002,6.0649,1.2162,12.7337,0.6753,,1487.0563,72.2344,304.6351,14.7978,285.8059,13.8831,275.2626,13.371,260.9574,12.6761,249.3383,12.1117,218.7192,10.6244,54.6204,3.1021,11.1894,0.6355,10.4978,0.5962,10.1105,0.5742,9.5851,0.5444,9.1583,0.5201,8.0337,0.4563,0.0,0.0,0.0,0.0,0.0,0.0,0.0,,0.0,0.0,0.0,0.0,0.0,0.0,0.0,0.0,0.0,0.0,0.0,0.0,0.0,0.0,0.0,0.0,0.0,0.0,0.0,0.0,0.0,0.0,0.0,0.0,0.0,0.0,0.0,0.0,0.692,0.7498,0.2875
852,64,0.001,3,10,100,1024,8,128,184,435241,73,30,"{'sourceA': ['event_time', 'mcc_code', 'term_id'], 'sourceB': ['event_time', 'tr_type', 'amount']}",gender/checkpoints_large_30/model_64_0.001_3_10_100_128_1024_8_128epoch=12.ckpt,12,30,0.40471116,52.1877,3.3438,0.0002,5.9924,1.207,12.0819,0.6854,,1454.3494,70.6229,303.0627,14.7167,284.4693,13.8138,273.6646,13.2891,259.2625,12.5897,247.4072,12.014,216.2231,10.4997,52.5463,3.0537,10.9498,0.6363,10.278,0.5973,9.8876,0.5746,9.3673,0.5444,8.9389,0.5195,7.8122,0.454,0.0,0.0,0.0,0.0,0.0,0.0,0.0,,0.0,0.0,0.0,0.0,0.0,0.0,0.0,0.0,0.0,0.0,0.0,0.0,0.0,0.0,0.0,0.0,0.0,0.0,0.0,0.0,0.0,0.0,0.0,0.0,0.0,0.0,0.0,0.0,0.724,0.7467,0.2875
853,64,0.001,3,10,100,1024,8,128,184,435241,73,30,"{'sourceA': ['event_time', 'mcc_code', 'term_id'], 'sourceB': ['event_time', 'tr_type', 'amount']}",gender/checkpoints_large_30/model_64_0.001_3_10_100_128_1024_8_128epoch=13.ckpt,13,30,0.4067235,52.5095,3.3478,0.0002,6.065,1.2118,12.5941,0.6798,,1474.4148,71.581,304.2001,14.7685,285.8662,13.8785,275.1851,13.3599,260.6582,12.6546,248.4713,12.063,219.0323,10.6338,58.9074,3.2657,12.1537,0.6738,11.4212,0.6332,10.9945,0.6095,10.4141,0.5773,9.9272,0.5503,8.751,0.4851,0.0,0.0,0.0,0.0,0.0,0.0,0.0,,0.0,0.0,0.0,0.0,0.0,0.0,0.0,0.0,0.0,0.0,0.0,0.0,0.0,0.0,0.0,0.0,0.0,0.0,0.0,0.0,0.0,0.0,0.0,0.0,0.0,0.0,0.0,0.0,0.696,0.7282,0.2875
854,64,0.001,3,10,100,1024,8,128,184,435241,73,30,"{'sourceA': ['event_time', 'mcc_code', 'term_id'], 'sourceB': ['event_time', 'tr_type', 'amount']}",gender/checkpoints_large_30/model_64_0.001_3_10_100_128_1024_8_128epoch=14.ckpt,14,30,0.4110441,51.9408,3.3517,0.0002,6.1126,1.2116,12.1936,0.6802,,1471.2224,71.4535,303.5966,14.7449,284.9302,13.8383,274.3174,13.3229,260.2149,12.638,249.0369,12.0951,221.054,10.736,60.8015,3.366,12.5468,0.6946,11.7754,0.6519,11.3368,0.6276,10.754,0.5953,10.292,0.5698,9.1355,0.5057,0.0,0.0,0.0,0.0,0.0,0.0,0.0,,0.0,0.0,0.0,0.0,0.0,0.0,0.0,0.0,0.0,0.0,0.0,0.0,0.0,0.0,0.0,0.0,0.0,0.0,0.0,0.0,0.0,0.0,0.0,0.0,0.0,0.0,0.0,0.0,0.72,0.7499,0.2875
855,64,0.001,3,10,100,1024,8,128,184,435241,73,30,"{'sourceA': ['event_time', 'mcc_code', 'term_id'], 'sourceB': ['event_time', 'tr_type', 'amount']}",gender/checkpoints_large_30/model_64_0.001_3_10_100_128_1024_8_128epoch=15.ckpt,15,30,0.40767047,52.218,3.3411,0.0002,6.101,1.2098,12.7198,0.6824,,1464.1086,71.136,303.6516,14.7534,285.0306,13.8487,274.1923,13.3221,259.7659,12.6211,248.1918,12.0588,215.3114,10.4612,57.6361,3.2255,11.9535,0.669,11.2205,0.6279,10.7938,0.6041,10.2259,0.5723,9.7703,0.5468,8.4759,0.4743,0.0,0.0,0.0,0.0,0.0,0.0,0.0,,0.0,0.0,0.0,0.0,0.0,0.0,0.0,0.0,0.0,0.0,0.0,0.0,0.0,0.0,0.0,0.0,0.0,0.0,0.0,0.0,0.0,0.0,0.0,0.0,0.0,0.0,0.0,0.0,0.708,0.7482,0.2875
856,64,0.001,3,10,100,1024,8,128,184,435241,73,30,"{'sourceA': ['event_time', 'mcc_code', 'term_id'], 'sourceB': ['event_time', 'tr_type', 'amount']}",gender/checkpoints_large_30/model_64_0.001_3_10_100_128_1024_8_128epoch=16.ckpt,16,30,0.40761125,52.2268,3.3521,0.0002,6.1025,1.2022,13.0289,0.6909,,1449.0494,70.4492,304.1925,14.7891,285.5502,13.8827,274.7337,13.3569,260.2983,12.6551,248.3516,12.0742,217.047,10.5523,52.9638,3.122,11.1184,0.6554,10.4371,0.6152,10.0417,0.5919,9.5141,0.5608,9.0774,0.5351,7.9332,0.4676,0.0,0.0,0.0,0.0,0.0,0.0,0.0,,0.0,0.0,0.0,0.0,0.0,0.0,0.0,0.0,0.0,0.0,0.0,0.0,0.0,0.0,0.0,0.0,0.0,0.0,0.0,0.0,0.0,0.0,0.0,0.0,0.0,0.0,0.0,0.0,0.708,0.7697,0.2875
857,64,0.001,3,10,100,1024,8,128,184,435241,73,30,"{'sourceA': ['event_time', 'mcc_code', 'term_id'], 'sourceB': ['event_time', 'tr_type', 'amount']}",gender/checkpoints_large_30/model_64_0.001_3_10_100_128_1024_8_128epoch=17.ckpt,17,30,0.4095644,52.4984,3.2652,0.0002,6.1196,1.2091,12.9902,0.6831,,1465.8916,71.2149,304.9079,14.8128,286.0722,13.8978,275.449,13.3817,261.1019,12.6847,249.4112,12.1167,217.7257,10.5774,55.3922,3.1086,11.5217,0.6466,10.8099,0.6067,10.4085,0.5841,9.8664,0.5537,9.4246,0.5289,8.2273,0.4617,0.0,0.0,0.0,0.0,0.0,0.0,0.0,,0.0,0.0,0.0,0.0,0.0,0.0,0.0,0.0,0.0,0.0,0.0,0.0,0.0,0.0,0.0,0.0,0.0,0.0,0.0,0.0,0.0,0.0,0.0,0.0,0.0,0.0,0.0,0.0,0.7,0.7578,0.2875
858,64,0.001,3,10,100,1024,8,128,184,435241,73,30,"{'sourceA': ['event_time', 'mcc_code', 'term_id'], 'sourceB': ['event_time', 'tr_type', 'amount']}",gender/checkpoints_large_30/model_64_0.001_3_10_100_128_1024_8_128epoch=18.ckpt,18,30,0.40352747,52.7615,3.3335,0.0002,5.9826,1.211,12.9236,0.6808,,1464.1527,71.0868,304.8399,14.8004,286.1627,13.8936,275.4358,13.3728,261.0775,12.6757,249.4909,12.1132,219.2884,10.6468,57.1522,3.2483,11.8992,0.6763,11.1702,0.6349,10.7514,0.6111,10.191,0.5792,9.7387,0.5535,8.5598,0.4865,0.0,0.0,0.0,0.0,0.0,0.0,0.0,,0.0,0.0,0.0,0.0,0.0,0.0,0.0,0.0,0.0,0.0,0.0,0.0,0.0,0.0,0.0,0.0,0.0,0.0,0.0,0.0,0.0,0.0,0.0,0.0,0.0,0.0,0.0,0.0,0.688,0.7367,0.2875
859,64,0.001,3,10,100,1024,8,128,184,435241,73,30,"{'sourceA': ['event_time', 'mcc_code', 'term_id'], 'sourceB': ['event_time', 'tr_type', 'amount']}",gender/checkpoints_large_30/model_64_0.001_3_10_100_128_1024_8_128epoch=19.ckpt,19,30,0.41311553,52.9563,3.2804,0.0002,6.083,1.2138,13.0567,0.6779,,1471.5072,71.4814,304.0135,14.7681,285.5693,13.8721,275.0201,13.3597,260.9679,12.677,249.7929,12.1342,220.418,10.7072,61.4191,3.333,12.6892,0.6886,11.9193,0.6468,11.479,0.6229,10.8925,0.5911,10.4261,0.5658,9.2,0.4992,0.0,0.0,0.0,0.0,0.0,0.0,0.0,,0.0,0.0,0.0,0.0,0.0,0.0,0.0,0.0,0.0,0.0,0.0,0.0,0.0,0.0,0.0,0.0,0.0,0.0,0.0,0.0,0.0,0.0,0.0,0.0,0.0,0.0,0.0,0.0,0.708,0.7601,0.2875
860,64,0.001,3,10,100,1024,8,128,184,435241,73,30,"{'sourceA': ['event_time', 'mcc_code', 'term_id'], 'sourceB': ['event_time', 'tr_type', 'amount']}",gender/checkpoints_large_30/model_64_0.001_3_10_100_128_1024_8_128epoch=20.ckpt,20,30,0.40737447,52.444,3.1263,0.0002,6.1472,1.2066,12.731,0.6858,,1451.1859,70.4699,305.4349,14.832,286.9988,13.9367,276.2345,13.414,262.049,12.7252,250.5286,12.1657,222.2323,10.7917,56.3919,3.1055,11.869,0.6536,11.1525,0.6142,10.7343,0.5911,10.183,0.5608,9.7353,0.5361,8.6358,0.4756,0.0,0.0,0.0,0.0,0.0,0.0,0.0,,0.0,0.0,0.0,0.0,0.0,0.0,0.0,0.0,0.0,0.0,0.0,0.0,0.0,0.0,0.0,0.0,0.0,0.0,0.0,0.0,0.0,0.0,0.0,0.0,0.0,0.0,0.0,0.0,0.696,0.7439,0.2875
861,64,0.001,3,10,100,1024,8,128,184,435241,73,30,"{'sourceA': ['event_time', 'mcc_code', 'term_id'], 'sourceB': ['event_time', 'tr_type', 'amount']}",gender/checkpoints_large_30/model_64_0.001_3_10_100_128_1024_8_128epoch=21.ckpt,21,30,0.40873578,52.1602,3.332,0.0002,6.2057,1.2039,12.5501,0.6888,,1446.6322,70.2505,304.5618,14.7899,286.1594,13.8963,275.6004,13.3835,261.5379,12.7006,250.0692,12.1437,220.6022,10.7128,58.0339,3.2477,12.218,0.6837,11.4797,0.6424,11.0561,0.6187,10.492,0.5872,10.0319,0.5614,8.8498,0.4953,0.0,0.0,0.0,0.0,0.0,0.0,0.0,,0.0,0.0,0.0,0.0,0.0,0.0,0.0,0.0,0.0,0.0,0.0,0.0,0.0,0.0,0.0,0.0,0.0,0.0,0.0,0.0,0.0,0.0,0.0,0.0,0.0,0.0,0.0,0.0,0.708,0.7522,0.2875
862,64,0.001,3,10,100,1024,8,128,184,435241,73,30,"{'sourceA': ['event_time', 'mcc_code', 'term_id'], 'sourceB': ['event_time', 'tr_type', 'amount']}",gender/checkpoints_large_30/model_64_0.001_3_10_100_128_1024_8_128epoch=22.ckpt,22,30,0.4107481,52.3506,3.1918,0.0002,6.1856,1.207,12.7444,0.6853,,1453.8185,70.605,305.6382,14.8434,287.1821,13.9471,276.461,13.4264,262.293,12.7383,250.9058,12.1853,221.9572,10.7794,54.9999,3.1154,11.5627,0.655,10.8645,0.6154,10.4589,0.5924,9.9229,0.5621,9.4921,0.5377,8.3969,0.4756,0.0,0.0,0.0,0.0,0.0,0.0,0.0,,0.0,0.0,0.0,0.0,0.0,0.0,0.0,0.0,0.0,0.0,0.0,0.0,0.0,0.0,0.0,0.0,0.0,0.0,0.0,0.0,0.0,0.0,0.0,0.0,0.0,0.0,0.0,0.0,0.716,0.744,0.2875
863,64,0.001,3,10,100,1024,8,128,184,435241,73,30,"{'sourceA': ['event_time', 'mcc_code', 'term_id'], 'sourceB': ['event_time', 'tr_type', 'amount']}",gender/checkpoints_large_30/model_64_0.001_3_10_100_128_1024_8_128epoch=23.ckpt,23,30,0.41489112,52.3679,3.2856,0.0002,6.1822,1.2076,12.6736,0.6848,,1453.1473,70.5802,305.2179,14.8246,286.7451,13.9274,276.1555,13.413,262.1693,12.7337,250.6857,12.176,219.1636,10.6449,59.7127,3.2634,12.542,0.6854,11.7829,0.644,11.3478,0.6202,10.7731,0.5888,10.3012,0.563,9.0059,0.4922,0.0,0.0,0.0,0.0,0.0,0.0,0.0,,0.0,0.0,0.0,0.0,0.0,0.0,0.0,0.0,0.0,0.0,0.0,0.0,0.0,0.0,0.0,0.0,0.0,0.0,0.0,0.0,0.0,0.0,0.0,0.0,0.0,0.0,0.0,0.0,0.712,0.7726,0.2875
864,64,0.001,3,10,100,1024,8,128,184,435241,73,30,"{'sourceA': ['event_time', 'mcc_code', 'term_id'], 'sourceB': ['event_time', 'tr_type', 'amount']}",gender/checkpoints_large_30/model_64_0.001_3_10_100_128_1024_8_128epoch=24.ckpt,24,30,0.40962353,52.3564,3.2536,0.0002,6.0889,1.2057,13.5043,0.6868,,1446.1381,70.2513,305.5339,14.8424,286.8748,13.936,276.2182,13.4183,261.8348,12.7196,250.2744,12.158,219.3417,10.6553,56.0706,3.1032,11.8464,0.6556,11.1229,0.6156,10.7097,0.5927,10.152,0.5619,9.7038,0.5371,8.5045,0.4707,0.0,0.0,0.0,0.0,0.0,0.0,0.0,,0.0,0.0,0.0,0.0,0.0,0.0,0.0,0.0,0.0,0.0,0.0,0.0,0.0,0.0,0.0,0.0,0.0,0.0,0.0,0.0,0.0,0.0,0.0,0.0,0.0,0.0,0.0,0.0,0.696,0.7596,0.2875
865,64,0.001,3,10,100,1024,8,128,184,435241,73,30,"{'sourceA': ['event_time', 'mcc_code', 'term_id'], 'sourceB': ['event_time', 'tr_type', 'amount']}",gender/checkpoints_large_30/model_64_0.001_3_10_100_128_1024_8_128epoch=25.ckpt,25,30,0.40684184,52.3046,3.117,0.0002,6.1628,1.2041,12.8865,0.6887,,1443.7925,70.119,305.9221,14.8574,287.232,13.9497,276.482,13.4276,261.9927,12.7239,250.3616,12.159,222.3055,10.7965,59.0311,3.2219,12.508,0.6827,11.7438,0.641,11.3043,0.617,10.7119,0.5847,10.2363,0.5587,9.0892,0.4961,0.0,0.0,0.0,0.0,0.0,0.0,0.0,,0.0,0.0,0.0,0.0,0.0,0.0,0.0,0.0,0.0,0.0,0.0,0.0,0.0,0.0,0.0,0.0,0.0,0.0,0.0,0.0,0.0,0.0,0.0,0.0,0.0,0.0,0.0,0.0,0.724,0.7466,0.2875
866,64,0.001,3,10,100,1024,8,128,184,435241,73,30,"{'sourceA': ['event_time', 'mcc_code', 'term_id'], 'sourceB': ['event_time', 'tr_type', 'amount']}",gender/checkpoints_large_30/model_64_0.001_3_10_100_128_1024_8_128epoch=26.ckpt,26,30,0.41323388,52.7514,3.327,0.0002,6.0901,1.2086,13.1372,0.6836,,1454.3108,70.6122,305.2019,14.8187,286.743,13.9224,276.0441,13.403,261.8113,12.7119,250.485,12.162,220.8665,10.7239,59.4502,3.2687,12.4762,0.686,11.7217,0.6445,11.2843,0.6204,10.7025,0.5884,10.2395,0.563,9.0287,0.4964,0.0,0.0,0.0,0.0,0.0,0.0,0.0,,0.0,0.0,0.0,0.0,0.0,0.0,0.0,0.0,0.0,0.0,0.0,0.0,0.0,0.0,0.0,0.0,0.0,0.0,0.0,0.0,0.0,0.0,0.0,0.0,0.0,0.0,0.0,0.0,0.716,0.7581,0.2875
867,64,0.001,3,10,100,1024,8,128,184,435241,73,30,"{'sourceA': ['event_time', 'mcc_code', 'term_id'], 'sourceB': ['event_time', 'tr_type', 'amount']}",gender/checkpoints_large_30/model_64_0.001_3_10_100_128_1024_8_128epoch=27.ckpt,27,30,0.40589488,52.5578,3.3136,0.0002,6.0684,1.2069,12.4141,0.6854,,1444.3789,70.1158,304.684,14.7906,286.2164,13.8941,275.6313,13.3802,261.3613,12.6875,250.0719,12.1395,222.09,10.7811,59.5689,3.2304,12.5657,0.6814,11.8041,0.6401,11.3676,0.6165,10.779,0.5845,10.3134,0.5593,9.1594,0.4967,0.0,0.0,0.0,0.0,0.0,0.0,0.0,,0.0,0.0,0.0,0.0,0.0,0.0,0.0,0.0,0.0,0.0,0.0,0.0,0.0,0.0,0.0,0.0,0.0,0.0,0.0,0.0,0.0,0.0,0.0,0.0,0.0,0.0,0.0,0.0,0.732,0.7733,0.2875
868,64,0.001,3,10,100,1024,8,128,184,435241,73,30,"{'sourceA': ['event_time', 'mcc_code', 'term_id'], 'sourceB': ['event_time', 'tr_type', 'amount']}",gender/checkpoints_large_30/model_64_0.001_3_10_100_128_1024_8_128epoch=28.ckpt,28,30,0.41151753,52.5247,3.2472,0.0002,6.1859,1.2046,13.0177,0.6883,,1447.1693,70.2808,306.3786,14.8791,287.9978,13.9864,277.3527,13.4695,262.9084,12.768,251.0545,12.1923,220.1084,10.6894,59.2245,3.243,12.5384,0.6866,11.7861,0.6454,11.3505,0.6215,10.7594,0.5892,10.2743,0.5626,9.0078,0.4933,0.0,0.0,0.0,0.0,0.0,0.0,0.0,,0.0,0.0,0.0,0.0,0.0,0.0,0.0,0.0,0.0,0.0,0.0,0.0,0.0,0.0,0.0,0.0,0.0,0.0,0.0,0.0,0.0,0.0,0.0,0.0,0.0,0.0,0.0,0.0,0.716,0.7679,0.2875
869,64,0.001,3,10,100,1024,8,128,184,435241,73,30,"{'sourceA': ['event_time', 'mcc_code', 'term_id'], 'sourceB': ['event_time', 'tr_type', 'amount']}",gender/checkpoints_large_30/model_64_0.001_3_10_100_128_1024_8_128epoch=29.ckpt,29,30,0.41536462,52.8239,3.3142,0.0002,6.1265,1.2081,13.2212,0.6839,,1457.3169,70.7289,305.7945,14.8413,287.4674,13.9518,276.8448,13.4363,262.6854,12.7491,251.2065,12.192,223.4695,10.8458,60.1752,3.3277,12.6268,0.6983,11.87,0.6564,11.4314,0.6322,10.8467,0.5998,10.3728,0.5736,9.2275,0.5103,0.0,0.0,0.0,0.0,0.0,0.0,0.0,,0.0,0.0,0.0,0.0,0.0,0.0,0.0,0.0,0.0,0.0,0.0,0.0,0.0,0.0,0.0,0.0,0.0,0.0,0.0,0.0,0.0,0.0,0.0,0.0,0.0,0.0,0.0,0.0,0.728,0.759,0.2875
870,64,0.001,3,10,100,32,4,128,184,435241,73,30,"{'sourceA': ['event_time', 'mcc_code', 'term_id'], 'sourceB': ['event_time', 'tr_type', 'amount']}",gender/checkpoints_large_30/model_64_0.001_3_10_100_128_32_4_128epoch=00.ckpt,0,30,0.24053027,27.7068,3.3436,0.0009,4.6423,1.3858,4.9616,0.5336,,545.3472,27.1097,203.8951,10.1358,179.8576,8.9409,167.1261,8.308,150.5236,7.4827,137.2689,6.8238,115.3598,5.7346,37.0076,2.3239,13.8364,0.8689,12.2052,0.7664,11.3413,0.7122,10.2146,0.6414,9.3151,0.585,7.8284,0.4916,0.0,0.0,0.0,0.0,0.0,0.0,0.0,,0.0,0.0,0.0,0.0,0.0,0.0,0.0,0.0,0.0,0.0,0.0,0.0,0.0,0.0,0.0,0.0,0.0,0.0,0.0,0.0,0.0,0.0,0.0,0.0,0.0,0.0,0.0,0.0,0.596,0.6285,0.2875
871,64,0.001,3,10,100,32,4,128,184,435241,73,30,"{'sourceA': ['event_time', 'mcc_code', 'term_id'], 'sourceB': ['event_time', 'tr_type', 'amount']}",gender/checkpoints_large_30/model_64_0.001_3_10_100_128_32_4_128epoch=01.ckpt,1,30,0.2668679,31.4491,3.3297,0.0012,4.3174,1.3287,5.9797,0.5725,,630.3018,31.0542,211.4627,10.4185,188.4655,9.2855,176.241,8.6832,160.9724,7.9309,149.9975,7.3902,130.6953,6.4392,48.9857,2.8279,16.4344,0.9488,14.6471,0.8456,13.6971,0.7907,12.5104,0.7222,11.6575,0.673,10.1574,0.5864,0.0,0.0,0.0,0.0,0.0,0.0,0.0,,0.0,0.0,0.0,0.0,0.0,0.0,0.0,0.0,0.0,0.0,0.0,0.0,0.0,0.0,0.0,0.0,0.0,0.0,0.0,0.0,0.0,0.0,0.0,0.0,0.0,0.0,0.0,0.0,0.652,0.6722,0.2875
872,64,0.001,3,10,100,32,4,128,184,435241,73,30,"{'sourceA': ['event_time', 'mcc_code', 'term_id'], 'sourceB': ['event_time', 'tr_type', 'amount']}",gender/checkpoints_large_30/model_64_0.001_3_10_100_128_32_4_128epoch=02.ckpt,2,30,0.29285038,34.732,3.284,0.0015,4.1683,1.3004,5.2971,0.5966,,696.3164,34.1402,224.2783,10.9963,200.1915,9.8153,187.7109,9.2034,172.1118,8.4386,160.5241,7.8705,137.6173,6.7473,51.7626,2.9743,16.6724,0.958,14.8818,0.8551,13.954,0.8018,12.7944,0.7352,11.933,0.6857,10.2302,0.5878,0.0,0.0,0.0,0.0,0.0,0.0,0.0,,0.0,0.0,0.0,0.0,0.0,0.0,0.0,0.0,0.0,0.0,0.0,0.0,0.0,0.0,0.0,0.0,0.0,0.0,0.0,0.0,0.0,0.0,0.0,0.0,0.0,0.0,0.0,0.0,0.632,0.6534,0.2875
873,64,0.001,3,10,100,32,4,128,184,435241,73,30,"{'sourceA': ['event_time', 'mcc_code', 'term_id'], 'sourceB': ['event_time', 'tr_type', 'amount']}",gender/checkpoints_large_30/model_64_0.001_3_10_100_128_32_4_128epoch=03.ckpt,3,30,0.32031253,37.9529,3.3067,0.0017,4.1467,1.2873,7.0289,0.6081,,776.2971,37.9879,237.4609,11.6201,214.6595,10.5043,202.1673,9.893,186.6388,9.1331,174.8245,8.555,150.855,7.3821,54.6346,3.0367,16.7121,0.9289,15.1074,0.8397,14.2282,0.7908,13.1353,0.7301,12.3039,0.6839,10.6169,0.5901,0.0,0.0,0.0,0.0,0.0,0.0,0.0,,0.0,0.0,0.0,0.0,0.0,0.0,0.0,0.0,0.0,0.0,0.0,0.0,0.0,0.0,0.0,0.0,0.0,0.0,0.0,0.0,0.0,0.0,0.0,0.0,0.0,0.0,0.0,0.0,0.616,0.6447,0.2875
874,64,0.001,3,10,100,32,4,128,184,435241,73,30,"{'sourceA': ['event_time', 'mcc_code', 'term_id'], 'sourceB': ['event_time', 'tr_type', 'amount']}",gender/checkpoints_large_30/model_64_0.001_3_10_100_128_32_4_128epoch=04.ckpt,4,30,0.3384825,41.2627,3.2427,0.0017,4.1618,1.2899,7.8752,0.6056,,835.3769,40.7364,249.5998,12.1715,227.4617,11.092,215.0904,10.4887,199.5334,9.7301,187.1844,9.1279,161.2215,7.8618,58.258,3.1678,17.4067,0.9465,15.8628,0.8625,15.0001,0.8156,13.9152,0.7566,13.054,0.7098,11.2434,0.6114,0.0,0.0,0.0,0.0,0.0,0.0,0.0,,0.0,0.0,0.0,0.0,0.0,0.0,0.0,0.0,0.0,0.0,0.0,0.0,0.0,0.0,0.0,0.0,0.0,0.0,0.0,0.0,0.0,0.0,0.0,0.0,0.0,0.0,0.0,0.0,0.64,0.6489,0.2875
875,64,0.001,3,10,100,32,4,128,184,435241,73,30,"{'sourceA': ['event_time', 'mcc_code', 'term_id'], 'sourceB': ['event_time', 'tr_type', 'amount']}",gender/checkpoints_large_30/model_64_0.001_3_10_100_128_32_4_128epoch=05.ckpt,5,30,0.3436908,41.5662,3.2664,0.0015,4.2574,1.2535,9.1148,0.6386,,864.0155,42.1494,257.429,12.5582,235.8428,11.5051,223.7925,10.9173,208.3596,10.1644,195.6073,9.5423,165.8196,8.0892,54.5575,3.0185,16.2551,0.8994,14.8921,0.8239,14.1312,0.7818,13.1567,0.7279,12.3515,0.6834,10.4705,0.5793,0.0,0.0,0.0,0.0,0.0,0.0,0.0,,0.0,0.0,0.0,0.0,0.0,0.0,0.0,0.0,0.0,0.0,0.0,0.0,0.0,0.0,0.0,0.0,0.0,0.0,0.0,0.0,0.0,0.0,0.0,0.0,0.0,0.0,0.0,0.0,0.648,0.6456,0.2875
876,64,0.001,3,10,100,32,4,128,184,435241,73,30,"{'sourceA': ['event_time', 'mcc_code', 'term_id'], 'sourceB': ['event_time', 'tr_type', 'amount']}",gender/checkpoints_large_30/model_64_0.001_3_10_100_128_32_4_128epoch=06.ckpt,6,30,0.35132575,42.6589,3.271,0.0014,4.3695,1.2458,9.266,0.6465,,921.0562,44.9196,265.5195,12.9493,244.1491,11.9071,232.3245,11.3304,216.917,10.579,204.3213,9.9647,173.9392,8.4829,58.8251,3.1835,16.9579,0.9177,15.5931,0.8439,14.8379,0.803,13.8538,0.7497,13.0494,0.7062,11.109,0.6012,0.0,0.0,0.0,0.0,0.0,0.0,0.0,,0.0,0.0,0.0,0.0,0.0,0.0,0.0,0.0,0.0,0.0,0.0,0.0,0.0,0.0,0.0,0.0,0.0,0.0,0.0,0.0,0.0,0.0,0.0,0.0,0.0,0.0,0.0,0.0,0.68,0.6812,0.2875
877,64,0.001,3,10,100,32,4,128,184,435241,73,30,"{'sourceA': ['event_time', 'mcc_code', 'term_id'], 'sourceB': ['event_time', 'tr_type', 'amount']}",gender/checkpoints_large_30/model_64_0.001_3_10_100_128_32_4_128epoch=07.ckpt,7,30,0.36825284,44.0569,3.1233,0.0012,4.4453,1.2487,9.3963,0.6433,,957.0504,46.6022,270.5582,13.1744,249.4932,12.1487,237.713,11.5751,222.4218,10.8305,209.5081,10.2017,178.8545,8.7091,56.3316,3.0447,15.9249,0.8607,14.6851,0.7937,13.9917,0.7563,13.0917,0.7076,12.3316,0.6665,10.5273,0.569,0.0,0.0,0.0,0.0,0.0,0.0,0.0,,0.0,0.0,0.0,0.0,0.0,0.0,0.0,0.0,0.0,0.0,0.0,0.0,0.0,0.0,0.0,0.0,0.0,0.0,0.0,0.0,0.0,0.0,0.0,0.0,0.0,0.0,0.0,0.0,0.672,0.6877,0.2875
878,64,0.001,3,10,100,32,4,128,184,435241,73,30,"{'sourceA': ['event_time', 'mcc_code', 'term_id'], 'sourceB': ['event_time', 'tr_type', 'amount']}",gender/checkpoints_large_30/model_64_0.001_3_10_100_128_32_4_128epoch=08.ckpt,8,30,0.36008525,44.6613,3.1976,0.001,4.4972,1.2422,10.1451,0.6495,,991.154,48.2807,275.1449,13.4027,254.6547,12.4046,243.1567,11.8445,228.0247,11.1074,215.4098,10.493,184.5842,8.9914,58.0558,3.0901,16.1163,0.8578,14.9161,0.7939,14.2426,0.7581,13.3563,0.7109,12.6174,0.6716,10.8118,0.5755,0.0,0.0,0.0,0.0,0.0,0.0,0.0,,0.0,0.0,0.0,0.0,0.0,0.0,0.0,0.0,0.0,0.0,0.0,0.0,0.0,0.0,0.0,0.0,0.0,0.0,0.0,0.0,0.0,0.0,0.0,0.0,0.0,0.0,0.0,0.0,0.672,0.6626,0.2875
879,64,0.001,3,10,100,32,4,128,184,435241,73,30,"{'sourceA': ['event_time', 'mcc_code', 'term_id'], 'sourceB': ['event_time', 'tr_type', 'amount']}",gender/checkpoints_large_30/model_64_0.001_3_10_100_128_32_4_128epoch=09.ckpt,9,30,0.3726326,45.0254,3.1673,0.0011,4.5642,1.2332,10.391,0.6582,,1013.5656,49.3657,277.9049,13.5354,257.6273,12.5477,246.2766,11.9949,231.3551,11.2681,218.7469,10.6541,185.885,9.0535,57.2483,3.0418,15.6967,0.834,14.5513,0.7732,13.9102,0.7391,13.0674,0.6943,12.3553,0.6565,10.4992,0.5579,0.0,0.0,0.0,0.0,0.0,0.0,0.0,,0.0,0.0,0.0,0.0,0.0,0.0,0.0,0.0,0.0,0.0,0.0,0.0,0.0,0.0,0.0,0.0,0.0,0.0,0.0,0.0,0.0,0.0,0.0,0.0,0.0,0.0,0.0,0.0,0.68,0.6827,0.2875
880,64,0.001,3,10,100,32,4,128,184,435241,73,30,"{'sourceA': ['event_time', 'mcc_code', 'term_id'], 'sourceB': ['event_time', 'tr_type', 'amount']}",gender/checkpoints_large_30/model_64_0.001_3_10_100_128_32_4_128epoch=10.ckpt,10,30,0.372455,45.3239,3.1497,0.001,4.5958,1.2359,10.6078,0.6551,,1027.7129,50.0213,278.72,13.566,258.79,12.5959,247.6555,12.054,232.6992,11.326,220.5647,10.7354,189.6927,9.2328,59.2385,3.1188,16.0657,0.8458,14.9169,0.7854,14.2751,0.7516,13.413,0.7062,12.7136,0.6693,10.9341,0.5757,0.0,0.0,0.0,0.0,0.0,0.0,0.0,,0.0,0.0,0.0,0.0,0.0,0.0,0.0,0.0,0.0,0.0,0.0,0.0,0.0,0.0,0.0,0.0,0.0,0.0,0.0,0.0,0.0,0.0,0.0,0.0,0.0,0.0,0.0,0.0,0.624,0.6529,0.2875
881,64,0.001,3,10,100,32,4,128,184,435241,73,30,"{'sourceA': ['event_time', 'mcc_code', 'term_id'], 'sourceB': ['event_time', 'tr_type', 'amount']}",gender/checkpoints_large_30/model_64_0.001_3_10_100_128_32_4_128epoch=11.ckpt,11,30,0.37748578,45.3086,3.1765,0.001,4.6109,1.2227,10.5915,0.6691,,1027.3352,50.001,279.7397,13.6151,259.897,12.6493,248.6598,12.1024,233.7447,11.3765,221.3681,10.7741,189.6296,9.2294,55.785,3.0087,15.1901,0.8193,14.1126,0.7611,13.5024,0.7282,12.6925,0.6846,12.0204,0.6483,10.297,0.5554,0.0,0.0,0.0,0.0,0.0,0.0,0.0,,0.0,0.0,0.0,0.0,0.0,0.0,0.0,0.0,0.0,0.0,0.0,0.0,0.0,0.0,0.0,0.0,0.0,0.0,0.0,0.0,0.0,0.0,0.0,0.0,0.0,0.0,0.0,0.0,0.672,0.6723,0.2875
882,64,0.001,3,10,100,32,4,128,184,435241,73,30,"{'sourceA': ['event_time', 'mcc_code', 'term_id'], 'sourceB': ['event_time', 'tr_type', 'amount']}",gender/checkpoints_large_30/model_64_0.001_3_10_100_128_32_4_128epoch=12.ckpt,12,30,0.37494087,45.309,3.1819,0.001,4.658,1.2205,10.5602,0.6712,,1034.0739,50.3123,280.7419,13.6594,261.0294,12.7002,250.1049,12.1687,235.3884,11.4527,223.3138,10.8652,191.8864,9.3361,57.4197,3.0087,15.5889,0.8168,14.4943,0.7595,13.8877,0.7277,13.0706,0.6849,12.4001,0.6497,10.655,0.5583,0.0,0.0,0.0,0.0,0.0,0.0,0.0,,0.0,0.0,0.0,0.0,0.0,0.0,0.0,0.0,0.0,0.0,0.0,0.0,0.0,0.0,0.0,0.0,0.0,0.0,0.0,0.0,0.0,0.0,0.0,0.0,0.0,0.0,0.0,0.0,0.652,0.6559,0.2875
883,64,0.001,3,10,100,32,4,128,184,435241,73,30,"{'sourceA': ['event_time', 'mcc_code', 'term_id'], 'sourceB': ['event_time', 'tr_type', 'amount']}",gender/checkpoints_large_30/model_64_0.001_3_10_100_128_32_4_128epoch=13.ckpt,13,30,0.37647966,45.7236,3.2123,0.0011,4.6442,1.2184,10.8056,0.6733,,1043.3799,50.762,281.5809,13.6993,261.7006,12.7321,250.6385,12.1939,235.9617,11.4799,223.8308,10.8897,193.6848,9.4231,57.229,3.0075,15.4446,0.8116,14.3542,0.7543,13.7474,0.7224,12.9424,0.6801,12.277,0.6452,10.6235,0.5583,0.0,0.0,0.0,0.0,0.0,0.0,0.0,,0.0,0.0,0.0,0.0,0.0,0.0,0.0,0.0,0.0,0.0,0.0,0.0,0.0,0.0,0.0,0.0,0.0,0.0,0.0,0.0,0.0,0.0,0.0,0.0,0.0,0.0,0.0,0.0,0.68,0.6854,0.2875
884,64,0.001,3,10,100,32,4,128,184,435241,73,30,"{'sourceA': ['event_time', 'mcc_code', 'term_id'], 'sourceB': ['event_time', 'tr_type', 'amount']}",gender/checkpoints_large_30/model_64_0.001_3_10_100_128_32_4_128epoch=14.ckpt,14,30,0.3844697,45.9266,3.1008,0.0011,4.664,1.2224,10.4907,0.6685,,1058.27,51.4548,281.9446,13.7086,262.5754,12.7668,251.8866,12.2471,237.6694,11.5559,226.0148,10.9892,197.131,9.5848,59.8732,3.1079,15.9514,0.828,14.8556,0.7711,14.2509,0.7397,13.4465,0.698,12.7871,0.6638,11.153,0.5789,0.0,0.0,0.0,0.0,0.0,0.0,0.0,,0.0,0.0,0.0,0.0,0.0,0.0,0.0,0.0,0.0,0.0,0.0,0.0,0.0,0.0,0.0,0.0,0.0,0.0,0.0,0.0,0.0,0.0,0.0,0.0,0.0,0.0,0.0,0.0,0.684,0.6953,0.2875
885,64,0.001,3,10,100,32,4,128,184,435241,73,30,"{'sourceA': ['event_time', 'mcc_code', 'term_id'], 'sourceB': ['event_time', 'tr_type', 'amount']}",gender/checkpoints_large_30/model_64_0.001_3_10_100_128_32_4_128epoch=15.ckpt,15,30,0.38322678,46.0267,3.2061,0.001,4.6842,1.2154,10.8504,0.6763,,1058.547,51.4974,282.4992,13.7433,262.929,12.7913,251.8912,12.2543,237.6096,11.5595,225.8363,10.9867,196.4421,9.5567,57.7419,3.0456,15.4098,0.8128,14.3423,0.7565,13.7402,0.7247,12.9612,0.6836,12.319,0.6498,10.7156,0.5652,0.0,0.0,0.0,0.0,0.0,0.0,0.0,,0.0,0.0,0.0,0.0,0.0,0.0,0.0,0.0,0.0,0.0,0.0,0.0,0.0,0.0,0.0,0.0,0.0,0.0,0.0,0.0,0.0,0.0,0.0,0.0,0.0,0.0,0.0,0.0,0.684,0.7027,0.2875
886,64,0.001,3,10,100,32,4,128,184,435241,73,30,"{'sourceA': ['event_time', 'mcc_code', 'term_id'], 'sourceB': ['event_time', 'tr_type', 'amount']}",gender/checkpoints_large_30/model_64_0.001_3_10_100_128_32_4_128epoch=16.ckpt,16,30,0.38506156,46.3523,3.1484,0.001,4.6782,1.2153,11.1449,0.6763,,1068.653,51.9585,283.4643,13.7822,264.0653,12.839,253.2486,12.3131,238.9236,11.6166,227.0343,11.0385,198.0052,9.6271,58.1855,3.0038,15.4339,0.7968,14.3777,0.7422,13.7888,0.7118,13.0088,0.6716,12.3615,0.6382,10.7809,0.5566,0.0,0.0,0.0,0.0,0.0,0.0,0.0,,0.0,0.0,0.0,0.0,0.0,0.0,0.0,0.0,0.0,0.0,0.0,0.0,0.0,0.0,0.0,0.0,0.0,0.0,0.0,0.0,0.0,0.0,0.0,0.0,0.0,0.0,0.0,0.0,0.64,0.6743,0.2875
887,64,0.001,3,10,100,32,4,128,184,435241,73,30,"{'sourceA': ['event_time', 'mcc_code', 'term_id'], 'sourceB': ['event_time', 'tr_type', 'amount']}",gender/checkpoints_large_30/model_64_0.001_3_10_100_128_32_4_128epoch=17.ckpt,17,30,0.38204306,47.1689,3.1216,0.0011,4.669,1.2237,11.2906,0.6671,,1092.0791,53.082,284.7398,13.8402,265.7282,12.9161,255.1635,12.4026,241.0433,11.7162,229.2158,11.1413,202.0766,9.8222,59.8111,3.099,15.5946,0.808,14.5534,0.7541,13.9748,0.7241,13.2015,0.684,12.5537,0.6504,11.0673,0.5734,0.0,0.0,0.0,0.0,0.0,0.0,0.0,,0.0,0.0,0.0,0.0,0.0,0.0,0.0,0.0,0.0,0.0,0.0,0.0,0.0,0.0,0.0,0.0,0.0,0.0,0.0,0.0,0.0,0.0,0.0,0.0,0.0,0.0,0.0,0.0,0.668,0.7176,0.2875
888,64,0.001,3,10,100,32,4,128,184,435241,73,30,"{'sourceA': ['event_time', 'mcc_code', 'term_id'], 'sourceB': ['event_time', 'tr_type', 'amount']}",gender/checkpoints_large_30/model_64_0.001_3_10_100_128_32_4_128epoch=18.ckpt,18,30,0.38955966,47.3561,3.1062,0.001,4.6699,1.2209,11.2088,0.6697,,1096.1731,53.2878,284.789,13.8443,265.8958,12.9259,255.0986,12.401,240.9803,11.7147,229.2105,11.1425,202.1477,9.8269,60.4142,3.0924,15.6958,0.8034,14.6545,0.7501,14.0594,0.7197,13.2813,0.6798,12.6327,0.6466,11.1411,0.5703,0.0,0.0,0.0,0.0,0.0,0.0,0.0,,0.0,0.0,0.0,0.0,0.0,0.0,0.0,0.0,0.0,0.0,0.0,0.0,0.0,0.0,0.0,0.0,0.0,0.0,0.0,0.0,0.0,0.0,0.0,0.0,0.0,0.0,0.0,0.0,0.72,0.7327,0.2875
889,64,0.001,3,10,100,32,4,128,184,435241,73,30,"{'sourceA': ['event_time', 'mcc_code', 'term_id'], 'sourceB': ['event_time', 'tr_type', 'amount']}",gender/checkpoints_large_30/model_64_0.001_3_10_100_128_32_4_128epoch=19.ckpt,19,30,0.38884947,47.1777,3.1178,0.0011,4.687,1.2149,11.2279,0.6766,,1095.6927,53.2747,284.9315,13.8539,266.038,12.9353,255.3989,12.418,241.2605,11.7305,229.3246,11.1502,202.2515,9.8339,60.7691,3.1213,15.8028,0.8117,14.7549,0.7579,14.1649,0.7275,13.3807,0.6873,12.7187,0.6533,11.2172,0.5761,0.0,0.0,0.0,0.0,0.0,0.0,0.0,,0.0,0.0,0.0,0.0,0.0,0.0,0.0,0.0,0.0,0.0,0.0,0.0,0.0,0.0,0.0,0.0,0.0,0.0,0.0,0.0,0.0,0.0,0.0,0.0,0.0,0.0,0.0,0.0,0.664,0.7183,0.2875
890,64,0.001,3,10,100,32,4,128,184,435241,73,30,"{'sourceA': ['event_time', 'mcc_code', 'term_id'], 'sourceB': ['event_time', 'tr_type', 'amount']}",gender/checkpoints_large_30/model_64_0.001_3_10_100_128_32_4_128epoch=20.ckpt,20,30,0.38482478,47.6681,3.0804,0.0011,4.6593,1.222,11.1771,0.6687,,1110.5896,53.9819,285.4139,13.873,266.7196,12.9643,256.1466,12.4504,242.2251,11.7737,230.5771,11.2075,203.9857,9.915,62.6959,3.1795,16.1124,0.8171,15.0571,0.7636,14.4602,0.7333,13.6743,0.6935,13.0167,0.6601,11.5156,0.584,0.0,0.0,0.0,0.0,0.0,0.0,0.0,,0.0,0.0,0.0,0.0,0.0,0.0,0.0,0.0,0.0,0.0,0.0,0.0,0.0,0.0,0.0,0.0,0.0,0.0,0.0,0.0,0.0,0.0,0.0,0.0,0.0,0.0,0.0,0.0,0.632,0.6873,0.2875
891,64,0.001,3,10,100,32,4,128,184,435241,73,30,"{'sourceA': ['event_time', 'mcc_code', 'term_id'], 'sourceB': ['event_time', 'tr_type', 'amount']}",gender/checkpoints_large_30/model_64_0.001_3_10_100_128_32_4_128epoch=21.ckpt,21,30,0.3855942,47.5699,3.1143,0.0011,4.7074,1.2202,11.2226,0.6709,,1112.2186,54.0617,286.2941,13.9159,267.6819,13.0112,257.0919,12.4965,243.0305,11.813,231.095,11.2329,203.7488,9.9036,62.2672,3.1546,16.0281,0.812,14.9861,0.7592,14.3932,0.7292,13.606,0.6893,12.9378,0.6555,11.4068,0.5779,0.0,0.0,0.0,0.0,0.0,0.0,0.0,,0.0,0.0,0.0,0.0,0.0,0.0,0.0,0.0,0.0,0.0,0.0,0.0,0.0,0.0,0.0,0.0,0.0,0.0,0.0,0.0,0.0,0.0,0.0,0.0,0.0,0.0,0.0,0.0,0.688,0.7192,0.2875
892,64,0.001,3,10,100,32,4,128,184,435241,73,30,"{'sourceA': ['event_time', 'mcc_code', 'term_id'], 'sourceB': ['event_time', 'tr_type', 'amount']}",gender/checkpoints_large_30/model_64_0.001_3_10_100_128_32_4_128epoch=22.ckpt,22,30,0.38654125,47.6258,3.0911,0.0011,4.7047,1.2176,11.3897,0.6736,,1113.7494,54.1211,285.9538,13.8955,267.4036,12.9941,256.9531,12.4863,243.1648,11.8162,231.5697,11.2528,204.2687,9.9261,60.7274,3.0997,15.5917,0.7958,14.5802,0.7442,14.0104,0.7151,13.2586,0.6767,12.6264,0.6445,11.1378,0.5685,0.0,0.0,0.0,0.0,0.0,0.0,0.0,,0.0,0.0,0.0,0.0,0.0,0.0,0.0,0.0,0.0,0.0,0.0,0.0,0.0,0.0,0.0,0.0,0.0,0.0,0.0,0.0,0.0,0.0,0.0,0.0,0.0,0.0,0.0,0.0,0.68,0.7077,0.2875
893,64,0.001,3,10,100,32,4,128,184,435241,73,30,"{'sourceA': ['event_time', 'mcc_code', 'term_id'], 'sourceB': ['event_time', 'tr_type', 'amount']}",gender/checkpoints_large_30/model_64_0.001_3_10_100_128_32_4_128epoch=23.ckpt,23,30,0.38642284,47.9166,3.1136,0.001,4.6744,1.2202,11.0201,0.6706,,1119.5885,54.4212,286.2502,13.9141,267.6135,13.0082,257.3091,12.5073,243.3393,11.8283,231.9624,11.2753,205.6015,9.9939,62.8046,3.1696,16.0575,0.8104,15.0121,0.7576,14.4341,0.7284,13.6504,0.6889,13.0122,0.6567,11.5335,0.5821,0.0,0.0,0.0,0.0,0.0,0.0,0.0,,0.0,0.0,0.0,0.0,0.0,0.0,0.0,0.0,0.0,0.0,0.0,0.0,0.0,0.0,0.0,0.0,0.0,0.0,0.0,0.0,0.0,0.0,0.0,0.0,0.0,0.0,0.0,0.0,0.716,0.7333,0.2875
894,64,0.001,3,10,100,32,4,128,184,435241,73,30,"{'sourceA': ['event_time', 'mcc_code', 'term_id'], 'sourceB': ['event_time', 'tr_type', 'amount']}",gender/checkpoints_large_30/model_64_0.001_3_10_100_128_32_4_128epoch=24.ckpt,24,30,0.38950044,47.8282,3.149,0.0011,4.6901,1.2178,11.162,0.6736,,1119.7781,54.4315,286.8862,13.9453,268.3067,13.0422,257.9094,12.5368,243.7927,11.8506,232.186,11.2864,205.0931,9.9694,61.034,3.1346,15.6369,0.8031,14.6242,0.7511,14.0575,0.722,13.288,0.6824,12.6554,0.65,11.1787,0.5741,0.0,0.0,0.0,0.0,0.0,0.0,0.0,,0.0,0.0,0.0,0.0,0.0,0.0,0.0,0.0,0.0,0.0,0.0,0.0,0.0,0.0,0.0,0.0,0.0,0.0,0.0,0.0,0.0,0.0,0.0,0.0,0.0,0.0,0.0,0.0,0.676,0.7061,0.2875
895,64,0.001,3,10,100,32,4,128,184,435241,73,30,"{'sourceA': ['event_time', 'mcc_code', 'term_id'], 'sourceB': ['event_time', 'tr_type', 'amount']}",gender/checkpoints_large_30/model_64_0.001_3_10_100_128_32_4_128epoch=25.ckpt,25,30,0.3943537,48.1933,3.1629,0.0011,4.6651,1.2202,11.036,0.6709,,1124.5243,54.6652,286.5404,13.9293,267.9557,13.0258,257.6256,12.5237,243.637,11.8437,232.118,11.2837,205.3931,9.9845,61.6413,3.1641,15.7068,0.8062,14.6881,0.7539,14.1219,0.7249,13.3551,0.6855,12.7236,0.6531,11.2587,0.5779,0.0,0.0,0.0,0.0,0.0,0.0,0.0,,0.0,0.0,0.0,0.0,0.0,0.0,0.0,0.0,0.0,0.0,0.0,0.0,0.0,0.0,0.0,0.0,0.0,0.0,0.0,0.0,0.0,0.0,0.0,0.0,0.0,0.0,0.0,0.0,0.672,0.7094,0.2875
896,64,0.001,3,10,100,32,4,128,184,435241,73,30,"{'sourceA': ['event_time', 'mcc_code', 'term_id'], 'sourceB': ['event_time', 'tr_type', 'amount']}",gender/checkpoints_large_30/model_64_0.001_3_10_100_128_32_4_128epoch=26.ckpt,26,30,0.38955966,48.1498,3.1361,0.001,4.6889,1.2212,11.482,0.6697,,1130.1027,54.9481,286.9106,13.9502,268.3591,13.0482,258.1309,12.5509,244.232,11.8751,232.8135,11.3199,206.3691,10.0341,62.5903,3.2151,15.8904,0.8163,14.863,0.7635,14.2965,0.7344,13.5267,0.6948,12.8943,0.6624,11.4297,0.5871,0.0,0.0,0.0,0.0,0.0,0.0,0.0,,0.0,0.0,0.0,0.0,0.0,0.0,0.0,0.0,0.0,0.0,0.0,0.0,0.0,0.0,0.0,0.0,0.0,0.0,0.0,0.0,0.0,0.0,0.0,0.0,0.0,0.0,0.0,0.0,0.664,0.7068,0.2875
897,64,0.001,3,10,100,32,4,128,184,435241,73,30,"{'sourceA': ['event_time', 'mcc_code', 'term_id'], 'sourceB': ['event_time', 'tr_type', 'amount']}",gender/checkpoints_large_30/model_64_0.001_3_10_100_128_32_4_128epoch=27.ckpt,27,30,0.39151278,48.3047,3.1177,0.001,4.7006,1.2207,11.431,0.6706,,1134.8793,55.1759,287.392,13.9725,268.9086,13.0739,258.53,12.5693,244.4705,11.8857,232.8125,11.3189,206.534,10.0413,63.2288,3.2475,16.0118,0.8224,14.982,0.7695,14.4038,0.7398,13.6205,0.6996,12.9709,0.6662,11.5069,0.591,0.0,0.0,0.0,0.0,0.0,0.0,0.0,,0.0,0.0,0.0,0.0,0.0,0.0,0.0,0.0,0.0,0.0,0.0,0.0,0.0,0.0,0.0,0.0,0.0,0.0,0.0,0.0,0.0,0.0,0.0,0.0,0.0,0.0,0.0,0.0,0.664,0.7222,0.2875
898,64,0.001,3,10,100,32,4,128,184,435241,73,30,"{'sourceA': ['event_time', 'mcc_code', 'term_id'], 'sourceB': ['event_time', 'tr_type', 'amount']}",gender/checkpoints_large_30/model_64_0.001_3_10_100_128_32_4_128epoch=28.ckpt,28,30,0.39021072,48.2893,3.1215,0.001,4.7056,1.2196,11.6419,0.6714,,1139.3666,55.3897,288.0027,14.0011,269.7035,13.1115,259.4594,12.6135,245.6589,11.9426,234.154,11.3833,207.7817,10.1012,62.8115,3.2235,15.8771,0.8148,14.8683,0.763,14.3036,0.7341,13.5428,0.695,12.9085,0.6625,11.4547,0.5879,0.0,0.0,0.0,0.0,0.0,0.0,0.0,,0.0,0.0,0.0,0.0,0.0,0.0,0.0,0.0,0.0,0.0,0.0,0.0,0.0,0.0,0.0,0.0,0.0,0.0,0.0,0.0,0.0,0.0,0.0,0.0,0.0,0.0,0.0,0.0,0.652,0.6886,0.2875
899,64,0.001,3,10,100,32,4,128,184,435241,73,30,"{'sourceA': ['event_time', 'mcc_code', 'term_id'], 'sourceB': ['event_time', 'tr_type', 'amount']}",gender/checkpoints_large_30/model_64_0.001_3_10_100_128_32_4_128epoch=29.ckpt,29,30,0.38884944,48.7682,3.1562,0.0011,4.6597,1.2251,11.2623,0.6655,,1148.7975,55.8505,287.4624,13.9754,269.1714,13.0862,259.0783,12.5955,245.5169,11.9362,234.2823,11.39,208.7425,10.1483,63.2112,3.2744,15.8173,0.8194,14.8108,0.7672,14.2555,0.7384,13.5093,0.6998,12.8911,0.6678,11.4858,0.595,0.0,0.0,0.0,0.0,0.0,0.0,0.0,,0.0,0.0,0.0,0.0,0.0,0.0,0.0,0.0,0.0,0.0,0.0,0.0,0.0,0.0,0.0,0.0,0.0,0.0,0.0,0.0,0.0,0.0,0.0,0.0,0.0,0.0,0.0,0.0,0.68,0.7003,0.2875
900,64,0.001,3,10,100,32,8,128,184,435241,73,30,"{'sourceA': ['event_time', 'mcc_code', 'term_id'], 'sourceB': ['event_time', 'tr_type', 'amount']}",gender/checkpoints_large_30/model_64_0.001_3_10_100_128_32_8_128epoch=00.ckpt,0,30,0.0,30.5513,3.3345,0.0011,4.6772,1.3269,5.9274,0.5824,,526.2486,26.2806,225.4432,11.2585,197.3402,9.8551,181.6962,9.0738,161.9791,8.0891,147.2348,7.3528,121.6941,6.0773,26.4655,1.6918,11.3377,0.7248,9.9244,0.6344,9.1377,0.5841,8.1461,0.5207,7.4046,0.4733,6.1201,0.3912,0.0,0.0,0.0,0.0,0.0,0.0,0.0,,0.0,0.0,0.0,0.0,0.0,0.0,0.0,0.0,0.0,0.0,0.0,0.0,0.0,0.0,0.0,0.0,0.0,0.0,0.0,0.0,0.0,0.0,0.0,0.0,0.0,0.0,0.0,0.0,0.62,0.6083,0.2875
901,64,0.001,3,10,100,32,8,128,184,435241,73,30,"{'sourceA': ['event_time', 'mcc_code', 'term_id'], 'sourceB': ['event_time', 'tr_type', 'amount']}",gender/checkpoints_large_30/model_64_0.001_3_10_100_128_32_8_128epoch=01.ckpt,1,30,0.0,32.7611,3.3357,0.0013,4.4442,1.3331,7.6664,0.5722,,629.0944,31.1457,228.0373,11.2898,204.3384,10.1165,191.1506,9.4636,174.6766,8.648,162.2081,8.0307,137.0094,6.7832,37.2871,2.2788,13.516,0.826,12.1114,0.7402,11.3297,0.6924,10.3533,0.6327,9.6143,0.5876,8.1207,0.4963,0.0,0.0,0.0,0.0,0.0,0.0,0.0,,0.0,0.0,0.0,0.0,0.0,0.0,0.0,0.0,0.0,0.0,0.0,0.0,0.0,0.0,0.0,0.0,0.0,0.0,0.0,0.0,0.0,0.0,0.0,0.0,0.0,0.0,0.0,0.0,0.64,0.6437,0.2875
902,64,0.001,3,10,100,32,8,128,184,435241,73,30,"{'sourceA': ['event_time', 'mcc_code', 'term_id'], 'sourceB': ['event_time', 'tr_type', 'amount']}",gender/checkpoints_large_30/model_64_0.001_3_10_100_128_32_8_128epoch=02.ckpt,2,30,0.0,36.0817,3.2995,0.0016,4.2547,1.3401,8.5355,0.565,,727.57,35.749,235.5501,11.5737,212.9672,10.4641,201.0327,9.8777,185.769,9.1277,173.4766,8.5237,147.3451,7.2398,46.3325,2.7204,15.0001,0.8807,13.562,0.7963,12.802,0.7517,11.83,0.6946,11.0472,0.6486,9.3831,0.5509,0.0,0.0,0.0,0.0,0.0,0.0,0.0,,0.0,0.0,0.0,0.0,0.0,0.0,0.0,0.0,0.0,0.0,0.0,0.0,0.0,0.0,0.0,0.0,0.0,0.0,0.0,0.0,0.0,0.0,0.0,0.0,0.0,0.0,0.0,0.0,0.652,0.6945,0.2875
903,64,0.001,3,10,100,32,8,128,184,435241,73,30,"{'sourceA': ['event_time', 'mcc_code', 'term_id'], 'sourceB': ['event_time', 'tr_type', 'amount']}",gender/checkpoints_large_30/model_64_0.001_3_10_100_128_32_8_128epoch=03.ckpt,3,30,0.0,37.2876,3.2956,0.0015,4.1925,1.3075,8.6471,0.5895,,808.7522,39.575,243.0339,11.8925,221.1878,10.8235,209.4751,10.2503,194.8057,9.5325,182.899,8.9499,157.8467,7.724,57.0152,3.1177,17.1333,0.9369,15.5932,0.8527,14.7675,0.8075,13.7334,0.751,12.894,0.7051,11.1278,0.6085,0.0,0.0,0.0,0.0,0.0,0.0,0.0,,0.0,0.0,0.0,0.0,0.0,0.0,0.0,0.0,0.0,0.0,0.0,0.0,0.0,0.0,0.0,0.0,0.0,0.0,0.0,0.0,0.0,0.0,0.0,0.0,0.0,0.0,0.0,0.0,0.684,0.7122,0.2875
904,64,0.001,3,10,100,32,8,128,184,435241,73,30,"{'sourceA': ['event_time', 'mcc_code', 'term_id'], 'sourceB': ['event_time', 'tr_type', 'amount']}",gender/checkpoints_large_30/model_64_0.001_3_10_100_128_32_8_128epoch=04.ckpt,4,30,0.0,37.4411,3.2702,0.0014,4.2669,1.2667,8.7629,0.6262,,850.2316,41.5853,249.3686,12.1967,228.0095,11.1521,216.5131,10.5898,201.0445,9.8332,188.5374,9.2215,164.1159,8.027,61.1874,3.2516,17.946,0.9537,16.4088,0.872,15.5815,0.828,14.4683,0.7689,13.5682,0.721,11.8107,0.6276,0.0,0.0,0.0,0.0,0.0,0.0,0.0,,0.0,0.0,0.0,0.0,0.0,0.0,0.0,0.0,0.0,0.0,0.0,0.0,0.0,0.0,0.0,0.0,0.0,0.0,0.0,0.0,0.0,0.0,0.0,0.0,0.0,0.0,0.0,0.0,0.676,0.6919,0.2875
905,64,0.001,3,10,100,32,8,128,184,435241,73,30,"{'sourceA': ['event_time', 'mcc_code', 'term_id'], 'sourceB': ['event_time', 'tr_type', 'amount']}",gender/checkpoints_large_30/model_64_0.001_3_10_100_128_32_8_128epoch=05.ckpt,5,30,0.0,39.4113,3.2476,0.0013,4.2826,1.2728,9.0134,0.6202,,905.2416,44.1606,255.0217,12.4408,233.976,11.4141,222.3732,10.8481,207.375,10.1164,195.5128,9.5377,170.3469,8.3101,65.427,3.4146,18.4319,0.9619,16.9108,0.8826,16.0722,0.8388,14.9882,0.7822,14.1308,0.7375,12.312,0.6426,0.0,0.0,0.0,0.0,0.0,0.0,0.0,,0.0,0.0,0.0,0.0,0.0,0.0,0.0,0.0,0.0,0.0,0.0,0.0,0.0,0.0,0.0,0.0,0.0,0.0,0.0,0.0,0.0,0.0,0.0,0.0,0.0,0.0,0.0,0.0,0.656,0.7088,0.2875
906,64,0.001,3,10,100,32,8,128,184,435241,73,30,"{'sourceA': ['event_time', 'mcc_code', 'term_id'], 'sourceB': ['event_time', 'tr_type', 'amount']}",gender/checkpoints_large_30/model_64_0.001_3_10_100_128_32_8_128epoch=06.ckpt,6,30,0.0,40.1997,3.184,0.0012,4.3618,1.2481,9.084,0.644,,926.4597,45.1792,259.1129,12.6357,238.2554,11.6186,226.8018,11.0601,211.7537,10.3263,199.8008,9.7434,173.4927,8.4604,62.4353,3.3567,17.462,0.9388,16.0563,0.8632,15.2845,0.8217,14.2704,0.7672,13.4648,0.7239,11.6919,0.6286,0.0,0.0,0.0,0.0,0.0,0.0,0.0,,0.0,0.0,0.0,0.0,0.0,0.0,0.0,0.0,0.0,0.0,0.0,0.0,0.0,0.0,0.0,0.0,0.0,0.0,0.0,0.0,0.0,0.0,0.0,0.0,0.0,0.0,0.0,0.0,0.664,0.6981,0.2875
907,64,0.001,3,10,100,32,8,128,184,435241,73,30,"{'sourceA': ['event_time', 'mcc_code', 'term_id'], 'sourceB': ['event_time', 'tr_type', 'amount']}",gender/checkpoints_large_30/model_64_0.001_3_10_100_128_32_8_128epoch=07.ckpt,7,30,0.0,41.7004,3.1194,0.0012,4.4189,1.2481,9.6519,0.6434,,962.9935,46.9025,264.1718,12.8665,243.5345,11.8613,232.2076,11.3097,217.2873,10.583,205.1029,9.9895,178.9914,8.7178,60.188,3.2375,16.511,0.8881,15.2211,0.8187,14.5132,0.7807,13.5807,0.7305,12.8191,0.6895,11.1871,0.6017,0.0,0.0,0.0,0.0,0.0,0.0,0.0,,0.0,0.0,0.0,0.0,0.0,0.0,0.0,0.0,0.0,0.0,0.0,0.0,0.0,0.0,0.0,0.0,0.0,0.0,0.0,0.0,0.0,0.0,0.0,0.0,0.0,0.0,0.0,0.0,0.64,0.6947,0.2875
908,64,0.001,3,10,100,32,8,128,184,435241,73,30,"{'sourceA': ['event_time', 'mcc_code', 'term_id'], 'sourceB': ['event_time', 'tr_type', 'amount']}",gender/checkpoints_large_30/model_64_0.001_3_10_100_128_32_8_128epoch=08.ckpt,8,30,0.0,43.0716,3.1687,0.0012,4.473,1.2414,9.8036,0.6498,,986.9189,48.0692,268.9602,13.1001,248.6738,12.112,237.4397,11.5648,222.6118,10.8426,210.6443,10.2597,183.345,8.9301,62.5139,3.2732,17.0366,0.892,15.7516,0.8248,15.04,0.7875,14.1008,0.7383,13.3427,0.6986,11.6135,0.6081,0.0,0.0,0.0,0.0,0.0,0.0,0.0,,0.0,0.0,0.0,0.0,0.0,0.0,0.0,0.0,0.0,0.0,0.0,0.0,0.0,0.0,0.0,0.0,0.0,0.0,0.0,0.0,0.0,0.0,0.0,0.0,0.0,0.0,0.0,0.0,0.628,0.6686,0.2875
909,64,0.001,3,10,100,32,8,128,184,435241,73,30,"{'sourceA': ['event_time', 'mcc_code', 'term_id'], 'sourceB': ['event_time', 'tr_type', 'amount']}",gender/checkpoints_large_30/model_64_0.001_3_10_100_128_32_8_128epoch=09.ckpt,9,30,0.0,43.8197,3.1629,0.0011,4.52,1.2357,10.5416,0.6553,,1006.9264,49.0206,271.3739,13.2114,251.0617,12.2225,239.8037,11.6745,225.1091,10.9591,213.0746,10.3732,185.4245,9.0271,56.4593,3.0849,15.2162,0.8314,14.0773,0.7692,13.446,0.7347,12.6221,0.6897,11.9473,0.6528,10.3969,0.5681,0.0,0.0,0.0,0.0,0.0,0.0,0.0,,0.0,0.0,0.0,0.0,0.0,0.0,0.0,0.0,0.0,0.0,0.0,0.0,0.0,0.0,0.0,0.0,0.0,0.0,0.0,0.0,0.0,0.0,0.0,0.0,0.0,0.0,0.0,0.0,0.676,0.6998,0.2875
910,64,0.001,3,10,100,32,8,128,184,435241,73,30,"{'sourceA': ['event_time', 'mcc_code', 'term_id'], 'sourceB': ['event_time', 'tr_type', 'amount']}",gender/checkpoints_large_30/model_64_0.001_3_10_100_128_32_8_128epoch=10.ckpt,10,30,0.0,43.9633,3.0822,0.0011,4.5216,1.2319,10.6134,0.6591,,1011.4952,49.2332,272.1938,13.2487,251.9543,12.2635,240.7671,11.719,226.226,11.0113,214.4408,10.4376,187.1749,9.1105,56.7963,3.1238,15.2839,0.8406,14.1474,0.7781,13.5193,0.7436,12.7028,0.6986,12.041,0.6623,10.51,0.578,0.0,0.0,0.0,0.0,0.0,0.0,0.0,,0.0,0.0,0.0,0.0,0.0,0.0,0.0,0.0,0.0,0.0,0.0,0.0,0.0,0.0,0.0,0.0,0.0,0.0,0.0,0.0,0.0,0.0,0.0,0.0,0.0,0.0,0.0,0.0,0.644,0.7237,0.2875
911,64,0.001,3,10,100,32,8,128,184,435241,73,30,"{'sourceA': ['event_time', 'mcc_code', 'term_id'], 'sourceB': ['event_time', 'tr_type', 'amount']}",gender/checkpoints_large_30/model_64_0.001_3_10_100_128_32_8_128epoch=11.ckpt,11,30,0.0,44.4741,3.0583,0.0011,4.5584,1.2322,11.0683,0.659,,1027.9092,50.0354,273.7193,13.3238,253.7244,12.3505,242.7007,11.8139,228.5259,11.1239,216.9762,10.5617,189.6437,9.2313,56.2813,3.1285,14.987,0.8331,13.8922,0.7722,13.2886,0.7387,12.5125,0.6955,11.8801,0.6604,10.3836,0.5772,0.0,0.0,0.0,0.0,0.0,0.0,0.0,,0.0,0.0,0.0,0.0,0.0,0.0,0.0,0.0,0.0,0.0,0.0,0.0,0.0,0.0,0.0,0.0,0.0,0.0,0.0,0.0,0.0,0.0,0.0,0.0,0.0,0.0,0.0,0.0,0.66,0.7168,0.2875
912,64,0.001,3,10,100,32,8,128,184,435241,73,30,"{'sourceA': ['event_time', 'mcc_code', 'term_id'], 'sourceB': ['event_time', 'tr_type', 'amount']}",gender/checkpoints_large_30/model_64_0.001_3_10_100_128_32_8_128epoch=12.ckpt,12,30,0.0,44.8426,3.1355,0.001,4.5671,1.2289,10.7099,0.6623,,1030.3224,50.1315,275.2611,13.3931,255.3891,12.4262,244.4449,11.8937,230.0457,11.1931,218.3552,10.6243,191.7708,9.3308,55.007,3.0326,14.6957,0.8102,13.6348,0.7517,13.0505,0.7195,12.2817,0.6771,11.6576,0.6427,10.2383,0.5645,0.0,0.0,0.0,0.0,0.0,0.0,0.0,,0.0,0.0,0.0,0.0,0.0,0.0,0.0,0.0,0.0,0.0,0.0,0.0,0.0,0.0,0.0,0.0,0.0,0.0,0.0,0.0,0.0,0.0,0.0,0.0,0.0,0.0,0.0,0.0,0.656,0.7,0.2875
913,64,0.001,3,10,100,32,8,128,184,435241,73,30,"{'sourceA': ['event_time', 'mcc_code', 'term_id'], 'sourceB': ['event_time', 'tr_type', 'amount']}",gender/checkpoints_large_30/model_64_0.001_3_10_100_128_32_8_128epoch=13.ckpt,13,30,0.0,45.2288,3.1136,0.0011,4.5772,1.2294,11.0645,0.6621,,1045.1613,50.8605,275.9666,13.4293,256.3484,12.4746,245.4325,11.9434,231.4105,11.2611,219.762,10.6942,191.3906,9.3136,56.8262,3.1019,15.0045,0.819,13.9379,0.7608,13.3443,0.7284,12.582,0.6868,11.9486,0.6522,10.4061,0.568,0.0,0.0,0.0,0.0,0.0,0.0,0.0,,0.0,0.0,0.0,0.0,0.0,0.0,0.0,0.0,0.0,0.0,0.0,0.0,0.0,0.0,0.0,0.0,0.0,0.0,0.0,0.0,0.0,0.0,0.0,0.0,0.0,0.0,0.0,0.0,0.66,0.6966,0.2875
914,64,0.001,3,10,100,32,8,128,184,435241,73,30,"{'sourceA': ['event_time', 'mcc_code', 'term_id'], 'sourceB': ['event_time', 'tr_type', 'amount']}",gender/checkpoints_large_30/model_64_0.001_3_10_100_128_32_8_128epoch=14.ckpt,14,30,0.0,46.2008,3.0931,0.0011,4.5407,1.2408,11.6355,0.65,,1060.4829,51.6272,276.1558,13.444,256.3521,12.4799,245.5315,11.9531,231.4446,11.2674,220.0334,10.7118,191.8327,9.3389,54.0651,3.0204,14.0789,0.7865,13.0692,0.7301,12.5176,0.6993,11.7994,0.6592,11.2176,0.6267,9.7799,0.5464,0.0,0.0,0.0,0.0,0.0,0.0,0.0,,0.0,0.0,0.0,0.0,0.0,0.0,0.0,0.0,0.0,0.0,0.0,0.0,0.0,0.0,0.0,0.0,0.0,0.0,0.0,0.0,0.0,0.0,0.0,0.0,0.0,0.0,0.0,0.0,0.672,0.7114,0.2875
915,64,0.001,3,10,100,32,8,128,184,435241,73,30,"{'sourceA': ['event_time', 'mcc_code', 'term_id'], 'sourceB': ['event_time', 'tr_type', 'amount']}",gender/checkpoints_large_30/model_64_0.001_3_10_100_128_32_8_128epoch=15.ckpt,15,30,0.0,45.9585,3.1372,0.001,4.5659,1.2292,11.4109,0.6621,,1060.714,51.6387,277.3862,13.504,257.6883,12.545,246.8985,12.0198,232.896,11.3381,221.3158,10.7743,192.7352,9.3829,51.8401,2.9557,13.5567,0.7729,12.594,0.7181,12.0666,0.688,11.3823,0.649,10.8163,0.6167,9.4195,0.5371,0.0,0.0,0.0,0.0,0.0,0.0,0.0,,0.0,0.0,0.0,0.0,0.0,0.0,0.0,0.0,0.0,0.0,0.0,0.0,0.0,0.0,0.0,0.0,0.0,0.0,0.0,0.0,0.0,0.0,0.0,0.0,0.0,0.0,0.0,0.0,0.648,0.7135,0.2875
916,64,0.001,3,10,100,32,8,128,184,435241,73,30,"{'sourceA': ['event_time', 'mcc_code', 'term_id'], 'sourceB': ['event_time', 'tr_type', 'amount']}",gender/checkpoints_large_30/model_64_0.001_3_10_100_128_32_8_128epoch=16.ckpt,16,30,0.0,46.5107,3.1468,0.001,4.577,1.2339,11.7819,0.6569,,1070.2014,52.0746,277.9541,13.5249,258.5534,12.5809,247.7505,12.0552,233.7422,11.3736,222.457,10.8245,194.6984,9.4738,53.4594,2.9849,13.8845,0.7752,12.9154,0.7211,12.3758,0.691,11.676,0.6519,11.1123,0.6204,9.7257,0.543,0.0,0.0,0.0,0.0,0.0,0.0,0.0,,0.0,0.0,0.0,0.0,0.0,0.0,0.0,0.0,0.0,0.0,0.0,0.0,0.0,0.0,0.0,0.0,0.0,0.0,0.0,0.0,0.0,0.0,0.0,0.0,0.0,0.0,0.0,0.0,0.656,0.6975,0.2875
917,64,0.001,3,10,100,32,8,128,184,435241,73,30,"{'sourceA': ['event_time', 'mcc_code', 'term_id'], 'sourceB': ['event_time', 'tr_type', 'amount']}",gender/checkpoints_large_30/model_64_0.001_3_10_100_128_32_8_128epoch=17.ckpt,17,30,0.0,46.9518,3.0135,0.001,4.5839,1.2353,11.5778,0.6557,,1078.5884,52.4783,278.5198,13.5513,258.9343,12.5984,248.091,12.0708,234.2278,11.3963,222.5692,10.829,195.0569,9.4904,55.2149,3.0786,14.2579,0.795,13.2553,0.7391,12.7002,0.7081,11.9905,0.6686,11.3937,0.6353,9.9853,0.5568,0.0,0.0,0.0,0.0,0.0,0.0,0.0,,0.0,0.0,0.0,0.0,0.0,0.0,0.0,0.0,0.0,0.0,0.0,0.0,0.0,0.0,0.0,0.0,0.0,0.0,0.0,0.0,0.0,0.0,0.0,0.0,0.0,0.0,0.0,0.0,0.652,0.6984,0.2875
918,64,0.001,3,10,100,32,8,128,184,435241,73,30,"{'sourceA': ['event_time', 'mcc_code', 'term_id'], 'sourceB': ['event_time', 'tr_type', 'amount']}",gender/checkpoints_large_30/model_64_0.001_3_10_100_128_32_8_128epoch=18.ckpt,18,30,0.0,47.2563,3.1591,0.0009,4.5804,1.2315,11.0946,0.66,,1088.2836,52.9675,280.1471,13.6349,260.5428,12.6808,249.6513,12.1507,235.7189,11.4726,224.3695,10.9202,195.8655,9.5329,56.12,3.0991,14.4465,0.7978,13.4355,0.7419,12.8739,0.7109,12.1554,0.6712,11.5702,0.6389,10.1003,0.5578,0.0,0.0,0.0,0.0,0.0,0.0,0.0,,0.0,0.0,0.0,0.0,0.0,0.0,0.0,0.0,0.0,0.0,0.0,0.0,0.0,0.0,0.0,0.0,0.0,0.0,0.0,0.0,0.0,0.0,0.0,0.0,0.0,0.0,0.0,0.0,0.692,0.7206,0.2875
919,64,0.001,3,10,100,32,8,128,184,435241,73,30,"{'sourceA': ['event_time', 'mcc_code', 'term_id'], 'sourceB': ['event_time', 'tr_type', 'amount']}",gender/checkpoints_large_30/model_64_0.001_3_10_100_128_32_8_128epoch=19.ckpt,19,30,0.0,47.6396,3.0425,0.0009,4.5675,1.2329,11.2131,0.658,,1100.5232,53.5103,280.9303,13.6596,261.4826,12.714,250.9411,12.2014,237.2509,11.5358,226.0973,10.9934,198.7445,9.6635,55.0683,3.0541,14.0573,0.7796,13.0841,0.7257,12.5567,0.6964,11.8716,0.6584,11.3135,0.6275,9.9448,0.5515,0.0,0.0,0.0,0.0,0.0,0.0,0.0,,0.0,0.0,0.0,0.0,0.0,0.0,0.0,0.0,0.0,0.0,0.0,0.0,0.0,0.0,0.0,0.0,0.0,0.0,0.0,0.0,0.0,0.0,0.0,0.0,0.0,0.0,0.0,0.0,0.672,0.7273,0.2875
920,64,0.001,3,10,100,32,8,128,184,435241,73,30,"{'sourceA': ['event_time', 'mcc_code', 'term_id'], 'sourceB': ['event_time', 'tr_type', 'amount']}",gender/checkpoints_large_30/model_64_0.001_3_10_100_128_32_8_128epoch=20.ckpt,20,30,0.0,47.2936,3.0885,0.0009,4.6123,1.2278,11.3438,0.6636,,1091.8918,53.1061,281.1428,13.6739,261.7384,12.7301,250.959,12.2058,237.1034,11.5319,225.5123,10.9682,196.2687,9.5459,52.7408,2.9482,13.5798,0.7591,12.6426,0.7067,12.1219,0.6776,11.4526,0.6402,10.8927,0.6089,9.4802,0.5299,0.0,0.0,0.0,0.0,0.0,0.0,0.0,,0.0,0.0,0.0,0.0,0.0,0.0,0.0,0.0,0.0,0.0,0.0,0.0,0.0,0.0,0.0,0.0,0.0,0.0,0.0,0.0,0.0,0.0,0.0,0.0,0.0,0.0,0.0,0.0,0.68,0.7165,0.2875
921,64,0.001,3,10,100,32,8,128,184,435241,73,30,"{'sourceA': ['event_time', 'mcc_code', 'term_id'], 'sourceB': ['event_time', 'tr_type', 'amount']}",gender/checkpoints_large_30/model_64_0.001_3_10_100_128_32_8_128epoch=21.ckpt,21,30,0.0,47.359,3.067,0.0009,4.6392,1.2275,11.3827,0.664,,1099.0438,53.4641,281.9067,13.7136,262.3976,12.7646,251.6015,12.2394,237.5918,11.5579,226.0757,10.9977,196.9807,9.5823,53.4138,2.9687,13.7007,0.7615,12.7526,0.7088,12.2279,0.6796,11.547,0.6418,10.9873,0.6107,9.5733,0.5321,0.0,0.0,0.0,0.0,0.0,0.0,0.0,,0.0,0.0,0.0,0.0,0.0,0.0,0.0,0.0,0.0,0.0,0.0,0.0,0.0,0.0,0.0,0.0,0.0,0.0,0.0,0.0,0.0,0.0,0.0,0.0,0.0,0.0,0.0,0.0,0.668,0.741,0.2875
922,64,0.001,3,10,100,32,8,128,184,435241,73,30,"{'sourceA': ['event_time', 'mcc_code', 'term_id'], 'sourceB': ['event_time', 'tr_type', 'amount']}",gender/checkpoints_large_30/model_64_0.001_3_10_100_128_32_8_128epoch=22.ckpt,22,30,0.0,47.8199,3.1914,0.0009,4.604,1.2293,11.6164,0.6621,,1102.6243,53.6793,281.869,13.7223,262.5116,12.7799,251.8691,12.2618,238.1852,11.5956,226.9837,11.0503,198.4287,9.6601,53.6824,2.996,13.7231,0.7659,12.7806,0.7133,12.2625,0.6844,11.5963,0.6472,11.0509,0.6167,9.6607,0.5392,0.0,0.0,0.0,0.0,0.0,0.0,0.0,,0.0,0.0,0.0,0.0,0.0,0.0,0.0,0.0,0.0,0.0,0.0,0.0,0.0,0.0,0.0,0.0,0.0,0.0,0.0,0.0,0.0,0.0,0.0,0.0,0.0,0.0,0.0,0.0,0.684,0.7229,0.2875
923,64,0.001,3,10,100,32,8,128,184,435241,73,30,"{'sourceA': ['event_time', 'mcc_code', 'term_id'], 'sourceB': ['event_time', 'tr_type', 'amount']}",gender/checkpoints_large_30/model_64_0.001_3_10_100_128_32_8_128epoch=23.ckpt,23,30,0.0,47.3862,3.095,0.0009,4.6432,1.2219,11.3182,0.6699,,1099.1016,53.4677,281.6723,13.7024,262.3909,12.7645,251.8522,12.2518,238.0666,11.5812,226.9818,11.0419,198.5181,9.6573,52.7658,2.9421,13.5226,0.754,12.5969,0.7024,12.091,0.6742,11.4291,0.6373,10.897,0.6076,9.5305,0.5314,0.0,0.0,0.0,0.0,0.0,0.0,0.0,,0.0,0.0,0.0,0.0,0.0,0.0,0.0,0.0,0.0,0.0,0.0,0.0,0.0,0.0,0.0,0.0,0.0,0.0,0.0,0.0,0.0,0.0,0.0,0.0,0.0,0.0,0.0,0.0,0.692,0.7152,0.2875
924,64,0.001,3,10,100,32,8,128,184,435241,73,30,"{'sourceA': ['event_time', 'mcc_code', 'term_id'], 'sourceB': ['event_time', 'tr_type', 'amount']}",gender/checkpoints_large_30/model_64_0.001_3_10_100_128_32_8_128epoch=24.ckpt,24,30,0.0,47.6641,3.1752,0.0008,4.6577,1.2255,11.3743,0.6663,,1105.634,53.7983,282.8383,13.7624,263.3458,12.814,252.8156,12.3016,238.9054,11.6247,227.4495,11.0673,198.8142,9.674,52.0694,2.9036,13.3202,0.7428,12.4022,0.6916,11.9063,0.664,11.2512,0.6274,10.7116,0.5973,9.3631,0.5221,0.0,0.0,0.0,0.0,0.0,0.0,0.0,,0.0,0.0,0.0,0.0,0.0,0.0,0.0,0.0,0.0,0.0,0.0,0.0,0.0,0.0,0.0,0.0,0.0,0.0,0.0,0.0,0.0,0.0,0.0,0.0,0.0,0.0,0.0,0.0,0.676,0.7229,0.2875
925,64,0.001,3,10,100,32,8,128,184,435241,73,30,"{'sourceA': ['event_time', 'mcc_code', 'term_id'], 'sourceB': ['event_time', 'tr_type', 'amount']}",gender/checkpoints_large_30/model_64_0.001_3_10_100_128_32_8_128epoch=25.ckpt,25,30,0.0,47.8168,3.103,0.0009,4.634,1.2233,11.5414,0.669,,1106.2668,53.8549,282.7037,13.7625,263.4019,12.8228,252.7848,12.306,238.9321,11.6316,227.6453,11.0821,198.9371,9.6846,51.9021,2.9414,13.2635,0.7517,12.3579,0.7003,11.8598,0.6721,11.2098,0.6353,10.6803,0.6053,9.3334,0.5289,0.0,0.0,0.0,0.0,0.0,0.0,0.0,,0.0,0.0,0.0,0.0,0.0,0.0,0.0,0.0,0.0,0.0,0.0,0.0,0.0,0.0,0.0,0.0,0.0,0.0,0.0,0.0,0.0,0.0,0.0,0.0,0.0,0.0,0.0,0.0,0.692,0.743,0.2875
926,64,0.001,3,10,100,32,8,128,184,435241,73,30,"{'sourceA': ['event_time', 'mcc_code', 'term_id'], 'sourceB': ['event_time', 'tr_type', 'amount']}",gender/checkpoints_large_30/model_64_0.001_3_10_100_128_32_8_128epoch=26.ckpt,26,30,0.0,47.8293,3.0446,0.0008,4.648,1.2241,11.4796,0.6677,,1109.0626,53.9365,283.5425,13.7894,264.2617,12.8517,253.638,12.3351,239.63,11.6538,228.1865,11.0973,199.4416,9.6993,51.3939,2.8774,13.1393,0.7356,12.2459,0.6856,11.7536,0.658,11.1044,0.6217,10.5742,0.592,9.2421,0.5174,0.0,0.0,0.0,0.0,0.0,0.0,0.0,,0.0,0.0,0.0,0.0,0.0,0.0,0.0,0.0,0.0,0.0,0.0,0.0,0.0,0.0,0.0,0.0,0.0,0.0,0.0,0.0,0.0,0.0,0.0,0.0,0.0,0.0,0.0,0.0,0.7,0.7256,0.2875
927,64,0.001,3,10,100,32,8,128,184,435241,73,30,"{'sourceA': ['event_time', 'mcc_code', 'term_id'], 'sourceB': ['event_time', 'tr_type', 'amount']}",gender/checkpoints_large_30/model_64_0.001_3_10_100_128_32_8_128epoch=27.ckpt,27,30,0.0,48.2286,3.1239,0.0009,4.6347,1.2262,11.7494,0.6653,,1109.8983,53.9899,283.1486,13.7735,263.8123,12.8329,253.338,12.3234,239.5895,11.6546,228.4344,11.112,200.0087,9.7292,51.5853,2.9156,13.16,0.7438,12.2613,0.693,11.7745,0.6655,11.1355,0.6294,10.6171,0.6001,9.2959,0.5254,0.0,0.0,0.0,0.0,0.0,0.0,0.0,,0.0,0.0,0.0,0.0,0.0,0.0,0.0,0.0,0.0,0.0,0.0,0.0,0.0,0.0,0.0,0.0,0.0,0.0,0.0,0.0,0.0,0.0,0.0,0.0,0.0,0.0,0.0,0.0,0.676,0.7161,0.2875
928,64,0.001,3,10,100,32,8,128,184,435241,73,30,"{'sourceA': ['event_time', 'mcc_code', 'term_id'], 'sourceB': ['event_time', 'tr_type', 'amount']}",gender/checkpoints_large_30/model_64_0.001_3_10_100_128_32_8_128epoch=28.ckpt,28,30,0.0,48.242,3.1545,0.0009,4.6441,1.2275,11.7101,0.6643,,1116.9552,54.3528,283.5611,13.7985,264.3332,12.8629,253.8538,12.3529,240.1106,11.6842,228.8124,11.1344,199.8693,9.726,52.018,2.9084,13.2058,0.7384,12.3103,0.6883,11.8223,0.661,11.1822,0.6252,10.6561,0.5958,9.3082,0.5204,0.0,0.0,0.0,0.0,0.0,0.0,0.0,,0.0,0.0,0.0,0.0,0.0,0.0,0.0,0.0,0.0,0.0,0.0,0.0,0.0,0.0,0.0,0.0,0.0,0.0,0.0,0.0,0.0,0.0,0.0,0.0,0.0,0.0,0.0,0.0,0.704,0.7391,0.2875
929,64,0.001,3,10,100,32,8,128,184,435241,73,30,"{'sourceA': ['event_time', 'mcc_code', 'term_id'], 'sourceB': ['event_time', 'tr_type', 'amount']}",gender/checkpoints_large_30/model_64_0.001_3_10_100_128_32_8_128epoch=29.ckpt,29,30,0.0,47.6767,3.0571,0.0008,4.6811,1.2173,11.8644,0.6749,,1105.888,53.8096,283.3786,13.7885,264.0423,12.8476,253.4756,12.3335,239.5574,11.6562,228.3663,11.1117,199.1736,9.6913,49.7885,2.7973,12.7581,0.7168,11.8875,0.6679,11.4118,0.6411,10.7852,0.6059,10.2813,0.5776,8.9671,0.5038,0.0,0.0,0.0,0.0,0.0,0.0,0.0,,0.0,0.0,0.0,0.0,0.0,0.0,0.0,0.0,0.0,0.0,0.0,0.0,0.0,0.0,0.0,0.0,0.0,0.0,0.0,0.0,0.0,0.0,0.0,0.0,0.0,0.0,0.0,0.0,0.708,0.7241,0.2875
930,64,0.001,3,10,100,32,16,128,184,435241,73,30,"{'sourceA': ['event_time', 'mcc_code', 'term_id'], 'sourceB': ['event_time', 'tr_type', 'amount']}",gender/checkpoints_large_30/model_64_0.001_3_10_100_128_32_16_128epoch=00.ckpt,0,30,0.28628075,35.6251,3.3381,0.0016,4.6316,1.3663,6.7597,0.5563,,470.49,23.6055,240.3533,12.059,211.7058,10.6217,196.1473,9.8411,176.4484,8.8528,160.4033,8.0478,121.8397,6.113,18.619,1.2471,9.5117,0.6371,8.378,0.5612,7.7623,0.5199,6.9827,0.4677,6.3477,0.4252,4.8216,0.323,0.0,0.0,0.0,0.0,0.0,0.0,0.0,,0.0,0.0,0.0,0.0,0.0,0.0,0.0,0.0,0.0,0.0,0.0,0.0,0.0,0.0,0.0,0.0,0.0,0.0,0.0,0.0,0.0,0.0,0.0,0.0,0.0,0.0,0.0,0.0,0.568,0.5831,0.2875
931,64,0.001,3,10,100,32,16,128,184,435241,73,30,"{'sourceA': ['event_time', 'mcc_code', 'term_id'], 'sourceB': ['event_time', 'tr_type', 'amount']}",gender/checkpoints_large_30/model_64_0.001_3_10_100_128_32_16_128epoch=01.ckpt,1,30,0.31830013,36.5893,3.3318,0.0017,4.4705,1.3501,8.8789,0.563,,572.6419,28.4466,245.5403,12.1975,218.8728,10.8727,204.655,10.1665,185.7369,9.2267,171.2065,8.5049,142.5613,7.0819,19.0606,1.3915,8.1729,0.5966,7.2853,0.5318,6.812,0.4973,6.1823,0.4513,5.6987,0.416,4.7452,0.3464,0.0,0.0,0.0,0.0,0.0,0.0,0.0,,0.0,0.0,0.0,0.0,0.0,0.0,0.0,0.0,0.0,0.0,0.0,0.0,0.0,0.0,0.0,0.0,0.0,0.0,0.0,0.0,0.0,0.0,0.0,0.0,0.0,0.0,0.0,0.0,0.616,0.6267,0.2875
932,64,0.001,3,10,100,32,16,128,184,435241,73,30,"{'sourceA': ['event_time', 'mcc_code', 'term_id'], 'sourceB': ['event_time', 'tr_type', 'amount']}",gender/checkpoints_large_30/model_64_0.001_3_10_100_128_32_16_128epoch=02.ckpt,2,30,0.33380684,35.8637,3.3338,0.0017,4.3196,1.3038,8.6206,0.5986,,646.7879,31.9984,246.9513,12.2174,221.8469,10.9754,208.5455,10.3173,191.4292,9.4705,178.7332,8.8424,155.0079,7.6687,23.6284,1.648,9.0216,0.6292,8.1045,0.5652,7.6186,0.5314,6.9933,0.4877,6.5295,0.4554,5.6627,0.3949,0.0,0.0,0.0,0.0,0.0,0.0,0.0,,0.0,0.0,0.0,0.0,0.0,0.0,0.0,0.0,0.0,0.0,0.0,0.0,0.0,0.0,0.0,0.0,0.0,0.0,0.0,0.0,0.0,0.0,0.0,0.0,0.0,0.0,0.0,0.0,0.66,0.6324,0.2875
933,64,0.001,3,10,100,32,16,128,184,435241,73,30,"{'sourceA': ['event_time', 'mcc_code', 'term_id'], 'sourceB': ['event_time', 'tr_type', 'amount']}",gender/checkpoints_large_30/model_64_0.001_3_10_100_128_32_16_128epoch=03.ckpt,3,30,0.35617903,37.2007,3.3212,0.0018,4.2665,1.2841,8.6627,0.6139,,720.1173,35.4293,254.5611,12.5243,230.7435,11.3524,217.8281,10.717,201.0799,9.893,188.5865,9.2783,166.2047,8.1772,32.495,2.0236,11.487,0.7153,10.4122,0.6484,9.8294,0.6121,9.0736,0.565,8.5099,0.5299,7.4999,0.467,0.0,0.0,0.0,0.0,0.0,0.0,0.0,,0.0,0.0,0.0,0.0,0.0,0.0,0.0,0.0,0.0,0.0,0.0,0.0,0.0,0.0,0.0,0.0,0.0,0.0,0.0,0.0,0.0,0.0,0.0,0.0,0.0,0.0,0.0,0.0,0.604,0.6188,0.2875
934,64,0.001,3,10,100,32,16,128,184,435241,73,30,"{'sourceA': ['event_time', 'mcc_code', 'term_id'], 'sourceB': ['event_time', 'tr_type', 'amount']}",gender/checkpoints_large_30/model_64_0.001_3_10_100_128_32_16_128epoch=04.ckpt,4,30,0.35256866,37.9503,3.2944,0.0016,4.2738,1.2664,9.4138,0.6292,,767.3766,37.7102,259.0695,12.7311,235.8635,11.5907,223.1617,10.9666,206.5644,10.1509,193.9921,9.5331,171.086,8.4075,35.0403,2.119,11.8297,0.7154,10.7701,0.6513,10.1901,0.6162,9.4322,0.5704,8.8581,0.5357,7.8122,0.4724,0.0,0.0,0.0,0.0,0.0,0.0,0.0,,0.0,0.0,0.0,0.0,0.0,0.0,0.0,0.0,0.0,0.0,0.0,0.0,0.0,0.0,0.0,0.0,0.0,0.0,0.0,0.0,0.0,0.0,0.0,0.0,0.0,0.0,0.0,0.0,0.636,0.643,0.2875
935,64,0.001,3,10,100,32,16,128,184,435241,73,30,"{'sourceA': ['event_time', 'mcc_code', 'term_id'], 'sourceB': ['event_time', 'tr_type', 'amount']}",gender/checkpoints_large_30/model_64_0.001_3_10_100_128_32_16_128epoch=05.ckpt,5,30,0.36671403,38.9072,3.294,0.0015,4.2776,1.2597,9.5768,0.6351,,809.1425,39.7435,262.5712,12.897,240.1441,11.7954,227.8153,11.1898,212.0499,10.4155,200.1253,9.8298,177.6791,8.7273,40.3003,2.355,13.0777,0.7642,11.9607,0.6989,11.3466,0.6631,10.5614,0.6172,9.9675,0.5825,8.8495,0.5171,0.0,0.0,0.0,0.0,0.0,0.0,0.0,,0.0,0.0,0.0,0.0,0.0,0.0,0.0,0.0,0.0,0.0,0.0,0.0,0.0,0.0,0.0,0.0,0.0,0.0,0.0,0.0,0.0,0.0,0.0,0.0,0.0,0.0,0.0,0.0,0.672,0.6666,0.2875
936,64,0.001,3,10,100,32,16,128,184,435241,73,30,"{'sourceA': ['event_time', 'mcc_code', 'term_id'], 'sourceB': ['event_time', 'tr_type', 'amount']}",gender/checkpoints_large_30/model_64_0.001_3_10_100_128_32_16_128epoch=06.ckpt,6,30,0.37298772,39.1736,3.2697,0.0013,4.2938,1.2392,10.269,0.6526,,840.8755,41.2372,263.3249,12.9137,241.5434,11.8455,229.5661,11.2581,214.1458,10.5019,202.6214,9.9367,181.6004,8.9058,40.153,2.3912,12.5741,0.7488,11.534,0.6869,10.9621,0.6528,10.2258,0.609,9.6755,0.5762,8.6717,0.5164,0.0,0.0,0.0,0.0,0.0,0.0,0.0,,0.0,0.0,0.0,0.0,0.0,0.0,0.0,0.0,0.0,0.0,0.0,0.0,0.0,0.0,0.0,0.0,0.0,0.0,0.0,0.0,0.0,0.0,0.0,0.0,0.0,0.0,0.0,0.0,0.676,0.6894,0.2875
937,64,0.001,3,10,100,32,16,128,184,435241,73,30,"{'sourceA': ['event_time', 'mcc_code', 'term_id'], 'sourceB': ['event_time', 'tr_type', 'amount']}",gender/checkpoints_large_30/model_64_0.001_3_10_100_128_32_16_128epoch=07.ckpt,7,30,0.37535512,40.4272,3.2768,0.0011,4.3049,1.2326,10.4382,0.6602,,859.9472,42.1129,267.0993,13.0802,245.806,12.0375,233.9762,11.4581,218.7398,10.712,207.2768,10.1506,185.1272,9.0659,42.4402,2.4153,13.1819,0.7502,12.131,0.6904,11.5472,0.6572,10.7953,0.6144,10.2296,0.5822,9.1364,0.52,0.0,0.0,0.0,0.0,0.0,0.0,0.0,,0.0,0.0,0.0,0.0,0.0,0.0,0.0,0.0,0.0,0.0,0.0,0.0,0.0,0.0,0.0,0.0,0.0,0.0,0.0,0.0,0.0,0.0,0.0,0.0,0.0,0.0,0.0,0.0,0.68,0.6959,0.2875
938,64,0.001,3,10,100,32,16,128,184,435241,73,30,"{'sourceA': ['event_time', 'mcc_code', 'term_id'], 'sourceB': ['event_time', 'tr_type', 'amount']}",gender/checkpoints_large_30/model_64_0.001_3_10_100_128_32_16_128epoch=08.ckpt,8,30,0.3885535,42.2835,3.2429,0.0011,4.2949,1.2401,10.8179,0.6521,,899.8823,43.9982,270.1206,13.2071,248.828,12.166,237.0557,11.5904,222.0422,10.8564,210.8515,10.3092,188.2649,9.2049,43.0659,2.5317,12.9272,0.7599,11.9082,0.7,11.3448,0.6669,10.6263,0.6247,10.0908,0.5932,9.0098,0.5297,0.0,0.0,0.0,0.0,0.0,0.0,0.0,,0.0,0.0,0.0,0.0,0.0,0.0,0.0,0.0,0.0,0.0,0.0,0.0,0.0,0.0,0.0,0.0,0.0,0.0,0.0,0.0,0.0,0.0,0.0,0.0,0.0,0.0,0.0,0.0,0.68,0.6964,0.2875
939,64,0.001,3,10,100,32,16,128,184,435241,73,30,"{'sourceA': ['event_time', 'mcc_code', 'term_id'], 'sourceB': ['event_time', 'tr_type', 'amount']}",gender/checkpoints_large_30/model_64_0.001_3_10_100_128_32_16_128epoch=09.ckpt,9,30,0.39524147,43.2753,3.2203,0.001,4.3189,1.2359,10.7141,0.6564,,913.1613,44.5897,272.2423,13.2936,251.1517,12.2637,239.4104,11.6904,224.321,10.9536,213.1958,10.4104,190.3728,9.2959,45.2642,2.5666,13.4947,0.7652,12.4492,0.7059,11.8672,0.6729,11.1193,0.6305,10.5678,0.5992,9.4365,0.5351,0.0,0.0,0.0,0.0,0.0,0.0,0.0,,0.0,0.0,0.0,0.0,0.0,0.0,0.0,0.0,0.0,0.0,0.0,0.0,0.0,0.0,0.0,0.0,0.0,0.0,0.0,0.0,0.0,0.0,0.0,0.0,0.0,0.0,0.0,0.0,0.68,0.6847,0.2875
940,64,0.001,3,10,100,32,16,128,184,435241,73,30,"{'sourceA': ['event_time', 'mcc_code', 'term_id'], 'sourceB': ['event_time', 'tr_type', 'amount']}",gender/checkpoints_large_30/model_64_0.001_3_10_100_128_32_16_128epoch=10.ckpt,10,30,0.38553497,42.9595,3.1926,0.0009,4.3579,1.2203,10.6917,0.673,,911.3691,44.4964,274.7582,13.4147,253.8475,12.3938,242.1528,11.8228,226.9657,11.0813,215.2955,10.5115,191.5791,9.3536,45.7513,2.5911,13.793,0.7812,12.7433,0.7217,12.1562,0.6885,11.3938,0.6453,10.808,0.6121,9.6174,0.5447,0.0,0.0,0.0,0.0,0.0,0.0,0.0,,0.0,0.0,0.0,0.0,0.0,0.0,0.0,0.0,0.0,0.0,0.0,0.0,0.0,0.0,0.0,0.0,0.0,0.0,0.0,0.0,0.0,0.0,0.0,0.0,0.0,0.0,0.0,0.0,0.68,0.7009,0.2875
941,64,0.001,3,10,100,32,16,128,184,435241,73,30,"{'sourceA': ['event_time', 'mcc_code', 'term_id'], 'sourceB': ['event_time', 'tr_type', 'amount']}",gender/checkpoints_large_30/model_64_0.001_3_10_100_128_32_16_128epoch=11.ckpt,11,30,0.3953598,43.935,3.2385,0.0009,4.3497,1.2292,11.1315,0.6638,,931.5386,45.492,275.1862,13.4388,254.3638,12.4219,242.8012,11.8573,227.8819,11.1287,216.4483,10.5703,193.0455,9.4274,45.9817,2.5943,13.5835,0.7664,12.5557,0.7084,11.9849,0.6762,11.2485,0.6346,10.6841,0.6028,9.5289,0.5376,0.0,0.0,0.0,0.0,0.0,0.0,0.0,,0.0,0.0,0.0,0.0,0.0,0.0,0.0,0.0,0.0,0.0,0.0,0.0,0.0,0.0,0.0,0.0,0.0,0.0,0.0,0.0,0.0,0.0,0.0,0.0,0.0,0.0,0.0,0.0,0.692,0.7244,0.2875
942,64,0.001,3,10,100,32,16,128,184,435241,73,30,"{'sourceA': ['event_time', 'mcc_code', 'term_id'], 'sourceB': ['event_time', 'tr_type', 'amount']}",gender/checkpoints_large_30/model_64_0.001_3_10_100_128_32_16_128epoch=12.ckpt,12,30,0.3948272,44.9685,3.2301,0.001,4.338,1.2391,11.4632,0.6536,,949.1757,46.3462,275.9875,13.4759,255.1853,12.4602,243.6408,11.8965,228.6759,11.1658,217.4918,10.6197,194.5937,9.5016,50.5604,2.7591,14.7012,0.8023,13.5931,0.7418,12.9782,0.7082,12.181,0.6647,11.5853,0.6322,10.3655,0.5657,0.0,0.0,0.0,0.0,0.0,0.0,0.0,,0.0,0.0,0.0,0.0,0.0,0.0,0.0,0.0,0.0,0.0,0.0,0.0,0.0,0.0,0.0,0.0,0.0,0.0,0.0,0.0,0.0,0.0,0.0,0.0,0.0,0.0,0.0,0.0,0.7,0.7089,0.2875
943,64,0.001,3,10,100,32,16,128,184,435241,73,30,"{'sourceA': ['event_time', 'mcc_code', 'term_id'], 'sourceB': ['event_time', 'tr_type', 'amount']}",gender/checkpoints_large_30/model_64_0.001_3_10_100_128_32_16_128epoch=13.ckpt,13,30,0.39068422,44.2872,3.204,0.0009,4.374,1.2214,11.7464,0.6719,,944.1956,46.0652,276.9912,13.5138,256.3685,12.5077,244.8472,11.9456,229.744,11.2087,218.2919,10.65,194.866,9.5071,46.5304,2.6251,13.6502,0.7701,12.634,0.7128,12.0662,0.6807,11.3219,0.6387,10.7575,0.6069,9.6031,0.5418,0.0,0.0,0.0,0.0,0.0,0.0,0.0,,0.0,0.0,0.0,0.0,0.0,0.0,0.0,0.0,0.0,0.0,0.0,0.0,0.0,0.0,0.0,0.0,0.0,0.0,0.0,0.0,0.0,0.0,0.0,0.0,0.0,0.0,0.0,0.0,0.692,0.7071,0.2875
944,64,0.001,3,10,100,32,16,128,184,435241,73,30,"{'sourceA': ['event_time', 'mcc_code', 'term_id'], 'sourceB': ['event_time', 'tr_type', 'amount']}",gender/checkpoints_large_30/model_64_0.001_3_10_100_128_32_16_128epoch=14.ckpt,14,30,0.39535987,44.8683,3.2016,0.0009,4.3823,1.2228,11.7022,0.6706,,953.5051,46.5443,277.757,13.5584,257.2984,12.5597,245.9392,12.0053,231.132,11.2825,220.0174,10.7399,197.2611,9.6291,47.2405,2.6696,13.7612,0.7777,12.7476,0.7204,12.1848,0.6886,11.4512,0.6471,10.9006,0.616,9.7731,0.5523,0.0,0.0,0.0,0.0,0.0,0.0,0.0,,0.0,0.0,0.0,0.0,0.0,0.0,0.0,0.0,0.0,0.0,0.0,0.0,0.0,0.0,0.0,0.0,0.0,0.0,0.0,0.0,0.0,0.0,0.0,0.0,0.0,0.0,0.0,0.0,0.684,0.6962,0.2875
945,64,0.001,3,10,100,32,16,128,184,435241,73,30,"{'sourceA': ['event_time', 'mcc_code', 'term_id'], 'sourceB': ['event_time', 'tr_type', 'amount']}",gender/checkpoints_large_30/model_64_0.001_3_10_100_128_32_16_128epoch=15.ckpt,15,30,0.3953007,44.5698,3.1742,0.0008,4.4461,1.2158,11.1478,0.6777,,957.2405,46.7175,277.2864,13.5328,256.8943,12.5376,245.4868,11.9808,230.5814,11.2534,219.2654,10.7011,195.6297,9.5476,45.6979,2.6744,13.2374,0.7747,12.2639,0.7177,11.7193,0.6859,11.0078,0.6442,10.4676,0.6126,9.3392,0.5466,0.0,0.0,0.0,0.0,0.0,0.0,0.0,,0.0,0.0,0.0,0.0,0.0,0.0,0.0,0.0,0.0,0.0,0.0,0.0,0.0,0.0,0.0,0.0,0.0,0.0,0.0,0.0,0.0,0.0,0.0,0.0,0.0,0.0,0.0,0.0,0.692,0.7092,0.2875
946,64,0.001,3,10,100,32,16,128,184,435241,73,30,"{'sourceA': ['event_time', 'mcc_code', 'term_id'], 'sourceB': ['event_time', 'tr_type', 'amount']}",gender/checkpoints_large_30/model_64_0.001_3_10_100_128_32_16_128epoch=16.ckpt,16,30,0.4029356,45.6293,3.1939,0.0009,4.388,1.2229,11.6629,0.6697,,975.0411,47.5401,278.5272,13.5802,258.373,12.5975,247.183,12.0519,232.5123,11.3366,221.4527,10.7974,198.728,9.6894,49.1455,2.7225,14.0388,0.7777,13.0229,0.7214,12.4589,0.6902,11.7194,0.6492,11.162,0.6183,10.0166,0.5549,0.0,0.0,0.0,0.0,0.0,0.0,0.0,,0.0,0.0,0.0,0.0,0.0,0.0,0.0,0.0,0.0,0.0,0.0,0.0,0.0,0.0,0.0,0.0,0.0,0.0,0.0,0.0,0.0,0.0,0.0,0.0,0.0,0.0,0.0,0.0,0.672,0.7039,0.2875
947,64,0.001,3,10,100,32,16,128,184,435241,73,30,"{'sourceA': ['event_time', 'mcc_code', 'term_id'], 'sourceB': ['event_time', 'tr_type', 'amount']}",gender/checkpoints_large_30/model_64_0.001_3_10_100_128_32_16_128epoch=17.ckpt,17,30,0.40234375,45.7978,3.1698,0.0009,4.4249,1.2226,11.3583,0.6706,,982.0322,47.9175,279.4001,13.6331,259.1472,12.6449,247.9764,12.0998,233.2427,11.3809,222.0489,10.8347,198.4641,9.6839,47.6921,2.7213,13.569,0.7742,12.5854,0.7181,12.0429,0.6872,11.3274,0.6463,10.7837,0.6153,9.6384,0.55,0.0,0.0,0.0,0.0,0.0,0.0,0.0,,0.0,0.0,0.0,0.0,0.0,0.0,0.0,0.0,0.0,0.0,0.0,0.0,0.0,0.0,0.0,0.0,0.0,0.0,0.0,0.0,0.0,0.0,0.0,0.0,0.0,0.0,0.0,0.0,0.684,0.7269,0.2875
948,64,0.001,3,10,100,32,16,128,184,435241,73,30,"{'sourceA': ['event_time', 'mcc_code', 'term_id'], 'sourceB': ['event_time', 'tr_type', 'amount']}",gender/checkpoints_large_30/model_64_0.001_3_10_100_128_32_16_128epoch=18.ckpt,18,30,0.39198628,46.5572,3.1608,0.0009,4.4095,1.2269,11.4796,0.6659,,988.0056,48.183,280.1324,13.6615,259.9667,12.678,248.736,12.1303,234.1012,11.4166,222.6999,10.8606,199.4122,9.7249,50.1882,2.8018,14.23,0.7944,13.2057,0.7372,12.6352,0.7054,11.8918,0.6639,11.3126,0.6315,10.1296,0.5655,0.0,0.0,0.0,0.0,0.0,0.0,0.0,,0.0,0.0,0.0,0.0,0.0,0.0,0.0,0.0,0.0,0.0,0.0,0.0,0.0,0.0,0.0,0.0,0.0,0.0,0.0,0.0,0.0,0.0,0.0,0.0,0.0,0.0,0.0,0.0,0.672,0.7077,0.2875
949,64,0.001,3,10,100,32,16,128,184,435241,73,30,"{'sourceA': ['event_time', 'mcc_code', 'term_id'], 'sourceB': ['event_time', 'tr_type', 'amount']}",gender/checkpoints_large_30/model_64_0.001_3_10_100_128_32_16_128epoch=19.ckpt,19,30,0.39725378,46.7791,3.1923,0.0009,4.3847,1.2225,11.6337,0.6706,,990.2924,48.2969,280.6115,13.6855,260.454,12.7024,249.3247,12.1596,234.8279,11.4526,223.7301,10.9114,200.62,9.7843,50.3641,2.7903,14.2713,0.7907,13.2461,0.7339,12.6801,0.7025,11.9428,0.6617,11.3784,0.6304,10.2031,0.5653,0.0,0.0,0.0,0.0,0.0,0.0,0.0,,0.0,0.0,0.0,0.0,0.0,0.0,0.0,0.0,0.0,0.0,0.0,0.0,0.0,0.0,0.0,0.0,0.0,0.0,0.0,0.0,0.0,0.0,0.0,0.0,0.0,0.0,0.0,0.0,0.672,0.7098,0.2875
950,64,0.001,3,10,100,32,16,128,184,435241,73,30,"{'sourceA': ['event_time', 'mcc_code', 'term_id'], 'sourceB': ['event_time', 'tr_type', 'amount']}",gender/checkpoints_large_30/model_64_0.001_3_10_100_128_32_16_128epoch=20.ckpt,20,30,0.40299475,47.0974,3.0971,0.0009,4.386,1.2302,11.3892,0.6623,,1001.4801,48.8179,280.8256,13.6891,260.9458,12.72,249.9662,12.1848,235.7598,11.4923,224.6076,10.9487,201.3796,9.8164,50.4328,2.7925,14.1419,0.7831,13.1408,0.7276,12.5879,0.697,11.8725,0.6574,11.3108,0.6263,10.1411,0.5615,0.0,0.0,0.0,0.0,0.0,0.0,0.0,,0.0,0.0,0.0,0.0,0.0,0.0,0.0,0.0,0.0,0.0,0.0,0.0,0.0,0.0,0.0,0.0,0.0,0.0,0.0,0.0,0.0,0.0,0.0,0.0,0.0,0.0,0.0,0.0,0.7,0.7057,0.2875
951,64,0.001,3,10,100,32,16,128,184,435241,73,30,"{'sourceA': ['event_time', 'mcc_code', 'term_id'], 'sourceB': ['event_time', 'tr_type', 'amount']}",gender/checkpoints_large_30/model_64_0.001_3_10_100_128_32_16_128epoch=21.ckpt,21,30,0.40417853,46.9479,3.14,0.0009,4.3975,1.2229,11.3583,0.6702,,994.3345,48.4758,281.4566,13.7216,261.3086,12.7393,250.1187,12.1938,235.7657,11.494,224.5291,10.9462,201.0424,9.8012,49.9214,2.7355,14.1308,0.7743,13.1192,0.7189,12.5574,0.6881,11.8368,0.6486,11.2727,0.6177,10.0935,0.5531,0.0,0.0,0.0,0.0,0.0,0.0,0.0,,0.0,0.0,0.0,0.0,0.0,0.0,0.0,0.0,0.0,0.0,0.0,0.0,0.0,0.0,0.0,0.0,0.0,0.0,0.0,0.0,0.0,0.0,0.0,0.0,0.0,0.0,0.0,0.0,0.696,0.7229,0.2875
952,64,0.001,3,10,100,32,16,128,184,435241,73,30,"{'sourceA': ['event_time', 'mcc_code', 'term_id'], 'sourceB': ['event_time', 'tr_type', 'amount']}",gender/checkpoints_large_30/model_64_0.001_3_10_100_128_32_16_128epoch=22.ckpt,22,30,0.397964,46.9706,3.1153,0.0009,4.3986,1.2246,11.9094,0.6681,,1001.5241,48.8158,281.4513,13.7184,261.5635,12.749,250.4106,12.2054,236.1909,11.5123,225.0204,10.9678,202.285,9.8597,51.1241,2.7712,14.3671,0.7788,13.3519,0.7237,12.7825,0.6929,12.0567,0.6535,11.4865,0.6226,10.3259,0.5597,0.0,0.0,0.0,0.0,0.0,0.0,0.0,,0.0,0.0,0.0,0.0,0.0,0.0,0.0,0.0,0.0,0.0,0.0,0.0,0.0,0.0,0.0,0.0,0.0,0.0,0.0,0.0,0.0,0.0,0.0,0.0,0.0,0.0,0.0,0.0,0.676,0.6845,0.2875
953,64,0.001,3,10,100,32,16,128,184,435241,73,30,"{'sourceA': ['event_time', 'mcc_code', 'term_id'], 'sourceB': ['event_time', 'tr_type', 'amount']}",gender/checkpoints_large_30/model_64_0.001_3_10_100_128_32_16_128epoch=23.ckpt,23,30,0.404652,47.0595,3.1275,0.0009,4.4002,1.2181,11.7584,0.6757,,997.3669,48.6497,282.5226,13.7809,262.5076,12.8046,251.363,12.261,236.9121,11.5561,225.7282,11.0106,202.0167,9.854,49.9445,2.7343,14.1477,0.7745,13.1454,0.7197,12.5873,0.6891,11.8637,0.6495,11.3036,0.6188,10.1163,0.5538,0.0,0.0,0.0,0.0,0.0,0.0,0.0,,0.0,0.0,0.0,0.0,0.0,0.0,0.0,0.0,0.0,0.0,0.0,0.0,0.0,0.0,0.0,0.0,0.0,0.0,0.0,0.0,0.0,0.0,0.0,0.0,0.0,0.0,0.0,0.0,0.7,0.7105,0.2875
954,64,0.001,3,10,100,32,16,128,184,435241,73,30,"{'sourceA': ['event_time', 'mcc_code', 'term_id'], 'sourceB': ['event_time', 'tr_type', 'amount']}",gender/checkpoints_large_30/model_64_0.001_3_10_100_128_32_16_128epoch=24.ckpt,24,30,0.40110084,46.97,3.1767,0.0009,4.4174,1.2184,11.8102,0.675,,999.1718,48.73,281.8765,13.7472,262.1224,12.7838,251.0202,12.2424,236.94,11.5557,225.7991,11.0123,202.8586,9.8935,48.875,2.7249,13.7881,0.7687,12.8219,0.7148,12.2788,0.6846,11.59,0.6462,11.0451,0.6158,9.9229,0.5532,0.0,0.0,0.0,0.0,0.0,0.0,0.0,,0.0,0.0,0.0,0.0,0.0,0.0,0.0,0.0,0.0,0.0,0.0,0.0,0.0,0.0,0.0,0.0,0.0,0.0,0.0,0.0,0.0,0.0,0.0,0.0,0.0,0.0,0.0,0.0,0.696,0.7047,0.2875
955,64,0.001,3,10,100,32,16,128,184,435241,73,30,"{'sourceA': ['event_time', 'mcc_code', 'term_id'], 'sourceB': ['event_time', 'tr_type', 'amount']}",gender/checkpoints_large_30/model_64_0.001_3_10_100_128_32_16_128epoch=25.ckpt,25,30,0.40110084,47.0886,3.2158,0.0009,4.4157,1.2161,11.5585,0.6773,,1000.4633,48.7951,282.8221,13.7939,262.7262,12.8138,251.6199,12.2721,237.3763,11.5774,225.962,11.0207,202.7885,9.8905,48.9443,2.6897,13.8361,0.7604,12.853,0.7063,12.3097,0.6765,11.6128,0.6382,11.0544,0.6075,9.9207,0.5452,0.0,0.0,0.0,0.0,0.0,0.0,0.0,,0.0,0.0,0.0,0.0,0.0,0.0,0.0,0.0,0.0,0.0,0.0,0.0,0.0,0.0,0.0,0.0,0.0,0.0,0.0,0.0,0.0,0.0,0.0,0.0,0.0,0.0,0.0,0.0,0.684,0.7244,0.2875
956,64,0.001,3,10,100,32,16,128,184,435241,73,30,"{'sourceA': ['event_time', 'mcc_code', 'term_id'], 'sourceB': ['event_time', 'tr_type', 'amount']}",gender/checkpoints_large_30/model_64_0.001_3_10_100_128_32_16_128epoch=26.ckpt,26,30,0.40553978,47.0457,3.1788,0.0009,4.4287,1.2157,11.5841,0.6778,,999.4683,48.7159,282.1139,13.7507,262.424,12.791,251.3656,12.252,237.1056,11.557,225.9527,11.0133,202.8982,9.8896,49.9012,2.7427,14.0853,0.7742,13.1022,0.7201,12.5501,0.6898,11.8381,0.6507,11.2813,0.6201,10.1302,0.5568,0.0,0.0,0.0,0.0,0.0,0.0,0.0,,0.0,0.0,0.0,0.0,0.0,0.0,0.0,0.0,0.0,0.0,0.0,0.0,0.0,0.0,0.0,0.0,0.0,0.0,0.0,0.0,0.0,0.0,0.0,0.0,0.0,0.0,0.0,0.0,0.704,0.7223,0.2875
957,64,0.001,3,10,100,32,16,128,184,435241,73,30,"{'sourceA': ['event_time', 'mcc_code', 'term_id'], 'sourceB': ['event_time', 'tr_type', 'amount']}",gender/checkpoints_large_30/model_64_0.001_3_10_100_128_32_16_128epoch=27.ckpt,27,30,0.41234615,47.9615,3.2297,0.001,4.3695,1.2264,11.5851,0.6666,,1015.4653,49.5463,282.1803,13.7681,262.6081,12.8131,251.6783,12.2798,237.6348,11.5946,226.6673,11.0595,204.1594,9.9613,50.0131,2.741,13.8978,0.7617,12.9338,0.7089,12.3955,0.6794,11.7039,0.6414,11.1637,0.6118,10.0551,0.5511,0.0,0.0,0.0,0.0,0.0,0.0,0.0,,0.0,0.0,0.0,0.0,0.0,0.0,0.0,0.0,0.0,0.0,0.0,0.0,0.0,0.0,0.0,0.0,0.0,0.0,0.0,0.0,0.0,0.0,0.0,0.0,0.0,0.0,0.0,0.0,0.7,0.7157,0.2875
958,64,0.001,3,10,100,32,16,128,184,435241,73,30,"{'sourceA': ['event_time', 'mcc_code', 'term_id'], 'sourceB': ['event_time', 'tr_type', 'amount']}",gender/checkpoints_large_30/model_64_0.001_3_10_100_128_32_16_128epoch=28.ckpt,28,30,0.40441522,47.3432,3.197,0.0009,4.4155,1.2188,11.5064,0.6745,,1008.2361,49.1702,282.5917,13.7816,262.7752,12.8152,251.8069,12.2803,237.6058,11.5877,226.703,11.056,203.5052,9.9247,49.3626,2.7348,13.8355,0.7665,12.8653,0.7128,12.3283,0.683,11.633,0.6445,11.0992,0.6149,9.9635,0.552,0.0,0.0,0.0,0.0,0.0,0.0,0.0,,0.0,0.0,0.0,0.0,0.0,0.0,0.0,0.0,0.0,0.0,0.0,0.0,0.0,0.0,0.0,0.0,0.0,0.0,0.0,0.0,0.0,0.0,0.0,0.0,0.0,0.0,0.0,0.0,0.72,0.742,0.2875
959,64,0.001,3,10,100,32,16,128,184,435241,73,30,"{'sourceA': ['event_time', 'mcc_code', 'term_id'], 'sourceB': ['event_time', 'tr_type', 'amount']}",gender/checkpoints_large_30/model_64_0.001_3_10_100_128_32_16_128epoch=29.ckpt,29,30,0.40755212,47.5179,3.1851,0.0009,4.4126,1.2185,11.8031,0.6749,,1011.6041,49.3467,282.9056,13.8003,263.3253,12.8452,252.3591,12.3102,238.3107,11.6249,227.2489,11.0853,203.8567,9.9443,48.1321,2.6662,13.4606,0.7456,12.529,0.694,12.0072,0.6651,11.3388,0.6281,10.8125,0.5989,9.6995,0.5373,0.0,0.0,0.0,0.0,0.0,0.0,0.0,,0.0,0.0,0.0,0.0,0.0,0.0,0.0,0.0,0.0,0.0,0.0,0.0,0.0,0.0,0.0,0.0,0.0,0.0,0.0,0.0,0.0,0.0,0.0,0.0,0.0,0.0,0.0,0.0,0.704,0.723,0.2875
960,64,0.001,3,10,100,32,24,128,184,435241,73,30,"{'sourceA': ['event_time', 'mcc_code', 'term_id'], 'sourceB': ['event_time', 'tr_type', 'amount']}",gender/checkpoints_large_30/model_64_0.001_3_10_100_128_32_24_128epoch=00.ckpt,0,30,0.2947443,35.258,3.3357,0.0015,4.5447,1.2865,7.1652,0.617,,519.1861,25.7721,241.8567,12.0056,213.481,10.5971,197.8746,9.8224,177.5768,8.8148,161.6369,8.0236,137.5051,6.8257,21.2066,1.4167,9.8788,0.6599,8.7198,0.5825,8.0824,0.5399,7.2533,0.4845,6.6022,0.441,5.6165,0.3752,0.0,0.0,0.0,0.0,0.0,0.0,0.0,,0.0,0.0,0.0,0.0,0.0,0.0,0.0,0.0,0.0,0.0,0.0,0.0,0.0,0.0,0.0,0.0,0.0,0.0,0.0,0.0,0.0,0.0,0.0,0.0,0.0,0.0,0.0,0.0,0.636,0.6603,0.2875
961,64,0.001,3,10,100,32,24,128,184,435241,73,30,"{'sourceA': ['event_time', 'mcc_code', 'term_id'], 'sourceB': ['event_time', 'tr_type', 'amount']}",gender/checkpoints_large_30/model_64_0.001_3_10_100_128_32_24_128epoch=01.ckpt,1,30,0.32747394,37.588,3.3298,0.0018,4.3893,1.3296,8.3952,0.5778,,636.2794,31.5745,249.1482,12.3637,221.3968,10.9865,206.3072,10.2377,187.9059,9.3246,174.2335,8.6461,148.3954,7.3639,28.2403,1.8027,11.0581,0.7059,9.8264,0.6272,9.1566,0.5845,8.3399,0.5324,7.7331,0.4936,6.5863,0.4204,0.0,0.0,0.0,0.0,0.0,0.0,0.0,,0.0,0.0,0.0,0.0,0.0,0.0,0.0,0.0,0.0,0.0,0.0,0.0,0.0,0.0,0.0,0.0,0.0,0.0,0.0,0.0,0.0,0.0,0.0,0.0,0.0,0.0,0.0,0.0,0.68,0.6669,0.2875
962,64,0.001,3,10,100,32,24,128,184,435241,73,30,"{'sourceA': ['event_time', 'mcc_code', 'term_id'], 'sourceB': ['event_time', 'tr_type', 'amount']}",gender/checkpoints_large_30/model_64_0.001_3_10_100_128_32_24_128epoch=02.ckpt,2,30,0.341205,37.5997,3.3135,0.0019,4.3139,1.317,9.0439,0.5851,,722.932,35.6918,251.5819,12.4208,226.0037,11.158,212.1235,10.4727,195.0469,9.6296,182.2652,8.9986,158.3445,7.8176,34.4228,2.0562,11.9792,0.7156,10.7613,0.6428,10.1004,0.6033,9.2872,0.5548,8.6786,0.5184,7.5396,0.4504,0.0,0.0,0.0,0.0,0.0,0.0,0.0,,0.0,0.0,0.0,0.0,0.0,0.0,0.0,0.0,0.0,0.0,0.0,0.0,0.0,0.0,0.0,0.0,0.0,0.0,0.0,0.0,0.0,0.0,0.0,0.0,0.0,0.0,0.0,0.0,0.652,0.6381,0.2875
963,64,0.001,3,10,100,32,24,128,184,435241,73,30,"{'sourceA': ['event_time', 'mcc_code', 'term_id'], 'sourceB': ['event_time', 'tr_type', 'amount']}",gender/checkpoints_large_30/model_64_0.001_3_10_100_128_32_24_128epoch=03.ckpt,3,30,0.34960935,38.0833,3.3098,0.0018,4.2821,1.2867,10.0584,0.61,,796.1529,39.1085,258.202,12.6834,234.198,11.5043,221.3159,10.8715,204.8453,10.0624,192.1274,9.4377,168.1482,8.2598,37.3739,2.2395,12.1208,0.7263,10.994,0.6588,10.3893,0.6225,9.6161,0.5762,9.0191,0.5404,7.8934,0.473,0.0,0.0,0.0,0.0,0.0,0.0,0.0,,0.0,0.0,0.0,0.0,0.0,0.0,0.0,0.0,0.0,0.0,0.0,0.0,0.0,0.0,0.0,0.0,0.0,0.0,0.0,0.0,0.0,0.0,0.0,0.0,0.0,0.0,0.0,0.0,0.68,0.6665,0.2875
964,64,0.001,3,10,100,32,24,128,184,435241,73,30,"{'sourceA': ['event_time', 'mcc_code', 'term_id'], 'sourceB': ['event_time', 'tr_type', 'amount']}",gender/checkpoints_large_30/model_64_0.001_3_10_100_128_32_24_128epoch=04.ckpt,4,30,0.36665484,38.126,3.303,0.0016,4.287,1.2633,9.8259,0.6302,,846.1415,41.488,259.2475,12.7114,236.9894,11.6201,224.852,11.0249,209.5814,10.2762,197.8842,9.7026,173.7546,8.5195,41.0508,2.5118,12.5775,0.7696,11.4976,0.7035,10.9087,0.6675,10.1679,0.6222,9.6004,0.5874,8.4297,0.5158,0.0,0.0,0.0,0.0,0.0,0.0,0.0,,0.0,0.0,0.0,0.0,0.0,0.0,0.0,0.0,0.0,0.0,0.0,0.0,0.0,0.0,0.0,0.0,0.0,0.0,0.0,0.0,0.0,0.0,0.0,0.0,0.0,0.0,0.0,0.0,0.692,0.6888,0.2875
965,64,0.001,3,10,100,32,24,128,184,435241,73,30,"{'sourceA': ['event_time', 'mcc_code', 'term_id'], 'sourceB': ['event_time', 'tr_type', 'amount']}",gender/checkpoints_large_30/model_64_0.001_3_10_100_128_32_24_128epoch=05.ckpt,5,30,0.36967328,38.3416,3.2734,0.0014,4.2801,1.2463,10.2446,0.6461,,878.4417,43.0015,261.8832,12.8197,239.6413,11.7309,227.5895,11.141,212.2245,10.3888,199.9964,9.7902,174.5326,8.5437,42.0687,2.5763,12.5416,0.768,11.4765,0.7028,10.8993,0.6675,10.1635,0.6224,9.5779,0.5865,8.3584,0.5119,0.0,0.0,0.0,0.0,0.0,0.0,0.0,,0.0,0.0,0.0,0.0,0.0,0.0,0.0,0.0,0.0,0.0,0.0,0.0,0.0,0.0,0.0,0.0,0.0,0.0,0.0,0.0,0.0,0.0,0.0,0.0,0.0,0.0,0.0,0.0,0.66,0.7054,0.2875
966,64,0.001,3,10,100,32,24,128,184,435241,73,30,"{'sourceA': ['event_time', 'mcc_code', 'term_id'], 'sourceB': ['event_time', 'tr_type', 'amount']}",gender/checkpoints_large_30/model_64_0.001_3_10_100_128_32_24_128epoch=06.ckpt,6,30,0.37683475,38.7848,3.2929,0.0012,4.3382,1.225,10.5842,0.6683,,911.6396,44.6554,266.1005,13.0346,244.2546,11.9645,232.2176,11.3749,217.2392,10.6412,205.4081,10.0616,180.6969,8.8512,45.7569,2.6881,13.3561,0.7846,12.2596,0.7202,11.6554,0.6847,10.9036,0.6406,10.3098,0.6057,9.0695,0.5328,0.0,0.0,0.0,0.0,0.0,0.0,0.0,,0.0,0.0,0.0,0.0,0.0,0.0,0.0,0.0,0.0,0.0,0.0,0.0,0.0,0.0,0.0,0.0,0.0,0.0,0.0,0.0,0.0,0.0,0.0,0.0,0.0,0.0,0.0,0.0,0.692,0.7201,0.2875
967,64,0.001,3,10,100,32,24,128,184,435241,73,30,"{'sourceA': ['event_time', 'mcc_code', 'term_id'], 'sourceB': ['event_time', 'tr_type', 'amount']}",gender/checkpoints_large_30/model_64_0.001_3_10_100_128_32_24_128epoch=07.ckpt,7,30,0.37488165,39.5198,3.2621,0.001,4.3757,1.2254,10.3777,0.6682,,931.4393,45.5549,266.5631,13.0371,245.0747,11.9861,233.2784,11.4092,218.2351,10.6735,206.3379,10.0916,181.5282,8.8782,46.6424,2.7743,13.3483,0.7939,12.2723,0.7299,11.6816,0.6948,10.9283,0.65,10.3325,0.6146,9.0901,0.5407,0.0,0.0,0.0,0.0,0.0,0.0,0.0,,0.0,0.0,0.0,0.0,0.0,0.0,0.0,0.0,0.0,0.0,0.0,0.0,0.0,0.0,0.0,0.0,0.0,0.0,0.0,0.0,0.0,0.0,0.0,0.0,0.0,0.0,0.0,0.0,0.664,0.6934,0.2875
968,64,0.001,3,10,100,32,24,128,184,435241,73,30,"{'sourceA': ['event_time', 'mcc_code', 'term_id'], 'sourceB': ['event_time', 'tr_type', 'amount']}",gender/checkpoints_large_30/model_64_0.001_3_10_100_128_32_24_128epoch=08.ckpt,8,30,0.39015153,41.1128,3.2341,0.001,4.3667,1.2319,9.8751,0.6614,,956.5076,46.7382,268.8451,13.1367,247.2827,12.0831,235.6037,11.5124,220.5768,10.7781,208.3888,10.1826,182.5699,8.921,46.8869,2.8072,13.1785,0.789,12.1215,0.7257,11.549,0.6915,10.8124,0.6474,10.215,0.6116,8.9494,0.5358,0.0,0.0,0.0,0.0,0.0,0.0,0.0,,0.0,0.0,0.0,0.0,0.0,0.0,0.0,0.0,0.0,0.0,0.0,0.0,0.0,0.0,0.0,0.0,0.0,0.0,0.0,0.0,0.0,0.0,0.0,0.0,0.0,0.0,0.0,0.0,0.664,0.6688,0.2875
969,64,0.001,3,10,100,32,24,128,184,435241,73,30,"{'sourceA': ['event_time', 'mcc_code', 'term_id'], 'sourceB': ['event_time', 'tr_type', 'amount']}",gender/checkpoints_large_30/model_64_0.001_3_10_100_128_32_24_128epoch=09.ckpt,9,30,0.39370263,41.734,3.269,0.0008,4.4169,1.2334,10.3635,0.6599,,989.7971,48.3797,270.7563,13.2341,249.8952,12.2145,238.4606,11.6556,223.7906,10.9385,211.7844,10.3517,184.8878,9.037,51.8244,2.9776,14.1764,0.8145,13.0842,0.7518,12.4855,0.7174,11.7174,0.6732,11.0887,0.6371,9.6805,0.5562,0.0,0.0,0.0,0.0,0.0,0.0,0.0,,0.0,0.0,0.0,0.0,0.0,0.0,0.0,0.0,0.0,0.0,0.0,0.0,0.0,0.0,0.0,0.0,0.0,0.0,0.0,0.0,0.0,0.0,0.0,0.0,0.0,0.0,0.0,0.0,0.688,0.7074,0.2875
970,64,0.001,3,10,100,32,24,128,184,435241,73,30,"{'sourceA': ['event_time', 'mcc_code', 'term_id'], 'sourceB': ['event_time', 'tr_type', 'amount']}",gender/checkpoints_large_30/model_64_0.001_3_10_100_128_32_24_128epoch=10.ckpt,10,30,0.38867185,41.8424,3.138,0.0008,4.4351,1.2329,11.217,0.6599,,1004.2121,49.0266,272.0424,13.2814,251.3531,12.2713,239.9938,11.7167,225.398,11.0041,213.8271,10.4392,189.1323,9.2336,51.6201,2.9631,13.9839,0.8027,12.9204,0.7417,12.3365,0.7081,11.5863,0.6651,10.9915,0.6309,9.7221,0.5581,0.0,0.0,0.0,0.0,0.0,0.0,0.0,,0.0,0.0,0.0,0.0,0.0,0.0,0.0,0.0,0.0,0.0,0.0,0.0,0.0,0.0,0.0,0.0,0.0,0.0,0.0,0.0,0.0,0.0,0.0,0.0,0.0,0.0,0.0,0.0,0.728,0.7154,0.2875
971,64,0.001,3,10,100,32,24,128,184,435241,73,30,"{'sourceA': ['event_time', 'mcc_code', 'term_id'], 'sourceB': ['event_time', 'tr_type', 'amount']}",gender/checkpoints_large_30/model_64_0.001_3_10_100_128_32_24_128epoch=11.ckpt,11,30,0.38961878,41.2164,3.1227,0.0007,4.4756,1.2189,11.1873,0.6744,,997.4764,48.7152,271.7429,13.2715,251.1004,12.2633,239.7271,11.7079,225.4673,11.0115,213.8742,10.4453,188.2548,9.1941,52.8404,2.9996,14.3953,0.8172,13.3018,0.7551,12.6993,0.7209,11.9439,0.678,11.3298,0.6432,9.9726,0.5661,0.0,0.0,0.0,0.0,0.0,0.0,0.0,,0.0,0.0,0.0,0.0,0.0,0.0,0.0,0.0,0.0,0.0,0.0,0.0,0.0,0.0,0.0,0.0,0.0,0.0,0.0,0.0,0.0,0.0,0.0,0.0,0.0,0.0,0.0,0.0,0.684,0.7215,0.2875
972,64,0.001,3,10,100,32,24,128,184,435241,73,30,"{'sourceA': ['event_time', 'mcc_code', 'term_id'], 'sourceB': ['event_time', 'tr_type', 'amount']}",gender/checkpoints_large_30/model_64_0.001_3_10_100_128_32_24_128epoch=12.ckpt,12,30,0.38997394,41.6826,3.1637,0.0007,4.4888,1.2203,11.4823,0.673,,1013.5392,49.4747,272.4877,13.3011,252.3471,12.318,240.9476,11.7616,226.6669,11.0645,215.2796,10.5086,188.2547,9.1894,50.7978,2.9302,13.6569,0.7878,12.6474,0.7296,12.0761,0.6966,11.3604,0.6553,10.7897,0.6224,9.4352,0.5443,0.0,0.0,0.0,0.0,0.0,0.0,0.0,,0.0,0.0,0.0,0.0,0.0,0.0,0.0,0.0,0.0,0.0,0.0,0.0,0.0,0.0,0.0,0.0,0.0,0.0,0.0,0.0,0.0,0.0,0.0,0.0,0.0,0.0,0.0,0.0,0.688,0.7085,0.2875
973,64,0.001,3,10,100,32,24,128,184,435241,73,30,"{'sourceA': ['event_time', 'mcc_code', 'term_id'], 'sourceB': ['event_time', 'tr_type', 'amount']}",gender/checkpoints_large_30/model_64_0.001_3_10_100_128_32_24_128epoch=13.ckpt,13,30,0.3960109,41.9659,3.1487,0.0007,4.5041,1.2188,11.1284,0.6746,,1014.7842,49.5154,272.7343,13.3078,252.362,12.3138,241.2973,11.7739,226.7888,11.0659,214.9927,10.4904,187.682,9.1578,51.2725,2.9762,13.78,0.7999,12.7507,0.7401,12.1917,0.7077,11.4586,0.6651,10.8626,0.6305,9.4827,0.5504,0.0,0.0,0.0,0.0,0.0,0.0,0.0,,0.0,0.0,0.0,0.0,0.0,0.0,0.0,0.0,0.0,0.0,0.0,0.0,0.0,0.0,0.0,0.0,0.0,0.0,0.0,0.0,0.0,0.0,0.0,0.0,0.0,0.0,0.0,0.0,0.664,0.6987,0.2875
974,64,0.001,3,10,100,32,24,128,184,435241,73,30,"{'sourceA': ['event_time', 'mcc_code', 'term_id'], 'sourceB': ['event_time', 'tr_type', 'amount']}",gender/checkpoints_large_30/model_64_0.001_3_10_100_128_32_24_128epoch=14.ckpt,14,30,0.40086412,42.317,3.0946,0.0006,4.5194,1.2216,10.9419,0.6717,,1032.2218,50.3453,273.4844,13.3388,253.4364,12.361,242.2265,11.8143,227.7665,11.109,216.3056,10.55,191.3074,9.3308,53.5387,3.1073,14.1849,0.8233,13.1451,0.7629,12.5637,0.7292,11.8137,0.6856,11.2192,0.6511,9.9226,0.5759,0.0,0.0,0.0,0.0,0.0,0.0,0.0,,0.0,0.0,0.0,0.0,0.0,0.0,0.0,0.0,0.0,0.0,0.0,0.0,0.0,0.0,0.0,0.0,0.0,0.0,0.0,0.0,0.0,0.0,0.0,0.0,0.0,0.0,0.0,0.0,0.64,0.6849,0.2875
975,64,0.001,3,10,100,32,24,128,184,435241,73,30,"{'sourceA': ['event_time', 'mcc_code', 'term_id'], 'sourceB': ['event_time', 'tr_type', 'amount']}",gender/checkpoints_large_30/model_64_0.001_3_10_100_128_32_24_128epoch=15.ckpt,15,30,0.39411697,42.1823,3.1178,0.0006,4.5351,1.2133,10.9846,0.6805,,1028.1355,50.1791,273.5642,13.3516,253.2789,12.3615,242.1279,11.8173,227.6638,11.1113,216.1443,10.5491,190.1494,9.2804,50.8503,2.8784,13.5301,0.7659,12.5269,0.7091,11.9753,0.6779,11.26,0.6374,10.6902,0.6051,9.4045,0.5323,0.0,0.0,0.0,0.0,0.0,0.0,0.0,,0.0,0.0,0.0,0.0,0.0,0.0,0.0,0.0,0.0,0.0,0.0,0.0,0.0,0.0,0.0,0.0,0.0,0.0,0.0,0.0,0.0,0.0,0.0,0.0,0.0,0.0,0.0,0.0,0.656,0.6906,0.2875
976,64,0.001,3,10,100,32,24,128,184,435241,73,30,"{'sourceA': ['event_time', 'mcc_code', 'term_id'], 'sourceB': ['event_time', 'tr_type', 'amount']}",gender/checkpoints_large_30/model_64_0.001_3_10_100_128_32_24_128epoch=16.ckpt,16,30,0.39453128,42.8617,3.1535,0.0006,4.5356,1.2164,11.1341,0.677,,1038.9591,50.6705,274.3388,13.3796,254.4776,12.411,243.391,11.8703,229.0709,11.1719,217.8472,10.6245,191.6036,9.3446,53.3288,3.0473,14.0816,0.8046,13.0621,0.7464,12.493,0.7139,11.758,0.6719,11.1819,0.639,9.8348,0.562,0.0,0.0,0.0,0.0,0.0,0.0,0.0,,0.0,0.0,0.0,0.0,0.0,0.0,0.0,0.0,0.0,0.0,0.0,0.0,0.0,0.0,0.0,0.0,0.0,0.0,0.0,0.0,0.0,0.0,0.0,0.0,0.0,0.0,0.0,0.0,0.664,0.6992,0.2875
977,64,0.001,3,10,100,32,24,128,184,435241,73,30,"{'sourceA': ['event_time', 'mcc_code', 'term_id'], 'sourceB': ['event_time', 'tr_type', 'amount']}",gender/checkpoints_large_30/model_64_0.001_3_10_100_128_32_24_128epoch=17.ckpt,17,30,0.4011009,43.0672,3.1631,0.0006,4.5268,1.2178,10.8727,0.6757,,1047.4868,51.0946,275.4972,13.4383,255.3588,12.456,244.1241,11.908,229.5678,11.1979,217.8819,10.6279,190.5702,9.2957,51.0816,2.9641,13.4349,0.7796,12.4528,0.7226,11.9049,0.6908,11.1951,0.6496,10.6252,0.6165,9.2933,0.5393,0.0,0.0,0.0,0.0,0.0,0.0,0.0,,0.0,0.0,0.0,0.0,0.0,0.0,0.0,0.0,0.0,0.0,0.0,0.0,0.0,0.0,0.0,0.0,0.0,0.0,0.0,0.0,0.0,0.0,0.0,0.0,0.0,0.0,0.0,0.0,0.692,0.7213,0.2875
978,64,0.001,3,10,100,32,24,128,184,435241,73,30,"{'sourceA': ['event_time', 'mcc_code', 'term_id'], 'sourceB': ['event_time', 'tr_type', 'amount']}",gender/checkpoints_large_30/model_64_0.001_3_10_100_128_32_24_128epoch=18.ckpt,18,30,0.39790478,43.4056,3.1161,0.0007,4.5308,1.2207,11.2108,0.6724,,1055.7412,51.4851,274.8265,13.4024,254.9382,12.4325,243.9013,11.8943,229.5676,11.1953,218.1458,10.6383,191.6407,9.3457,53.207,2.9991,13.8506,0.7807,12.8483,0.7242,12.2921,0.6929,11.5697,0.6521,10.9941,0.6197,9.6583,0.5444,0.0,0.0,0.0,0.0,0.0,0.0,0.0,,0.0,0.0,0.0,0.0,0.0,0.0,0.0,0.0,0.0,0.0,0.0,0.0,0.0,0.0,0.0,0.0,0.0,0.0,0.0,0.0,0.0,0.0,0.0,0.0,0.0,0.0,0.0,0.0,0.676,0.7269,0.2875
979,64,0.001,3,10,100,32,24,128,184,435241,73,30,"{'sourceA': ['event_time', 'mcc_code', 'term_id'], 'sourceB': ['event_time', 'tr_type', 'amount']}",gender/checkpoints_large_30/model_64_0.001_3_10_100_128_32_24_128epoch=19.ckpt,19,30,0.4015152,43.5105,3.0971,0.0006,4.5477,1.215,11.2599,0.6788,,1052.9569,51.3293,275.9928,13.454,256.0363,12.4812,244.9699,11.9417,230.4527,11.2341,218.9162,10.6717,193.1164,9.414,53.8508,3.0437,14.115,0.7978,13.0943,0.7401,12.5284,0.7081,11.7859,0.6661,11.1959,0.6328,9.8765,0.5582,0.0,0.0,0.0,0.0,0.0,0.0,0.0,,0.0,0.0,0.0,0.0,0.0,0.0,0.0,0.0,0.0,0.0,0.0,0.0,0.0,0.0,0.0,0.0,0.0,0.0,0.0,0.0,0.0,0.0,0.0,0.0,0.0,0.0,0.0,0.0,0.688,0.7153,0.2875
980,64,0.001,3,10,100,32,24,128,184,435241,73,30,"{'sourceA': ['event_time', 'mcc_code', 'term_id'], 'sourceB': ['event_time', 'tr_type', 'amount']}",gender/checkpoints_large_30/model_64_0.001_3_10_100_128_32_24_128epoch=20.ckpt,20,30,0.39790478,43.9822,3.2781,0.0006,4.5242,1.2197,11.6336,0.6737,,1067.1067,52.0387,276.8584,13.5013,257.4707,12.5559,246.56,12.0238,232.5286,11.3395,221.232,10.7886,195.2061,9.5195,54.9731,3.0738,14.2626,0.7975,13.2639,0.7416,12.7018,0.7102,11.9789,0.6698,11.397,0.6373,10.0562,0.5623,0.0,0.0,0.0,0.0,0.0,0.0,0.0,,0.0,0.0,0.0,0.0,0.0,0.0,0.0,0.0,0.0,0.0,0.0,0.0,0.0,0.0,0.0,0.0,0.0,0.0,0.0,0.0,0.0,0.0,0.0,0.0,0.0,0.0,0.0,0.0,0.652,0.7104,0.2875
981,64,0.001,3,10,100,32,24,128,184,435241,73,30,"{'sourceA': ['event_time', 'mcc_code', 'term_id'], 'sourceB': ['event_time', 'tr_type', 'amount']}",gender/checkpoints_large_30/model_64_0.001_3_10_100_128_32_24_128epoch=21.ckpt,21,30,0.40210697,43.8104,3.1902,0.0006,4.5556,1.2145,11.8621,0.6794,,1066.7552,52.0199,277.7411,13.5439,258.1465,12.5884,247.1414,12.0518,233.0238,11.3633,221.6177,10.8071,194.8792,9.5032,54.2062,3.037,14.1132,0.7907,13.1175,0.7349,12.5583,0.7036,11.8409,0.6634,11.2613,0.6309,9.9026,0.5548,0.0,0.0,0.0,0.0,0.0,0.0,0.0,,0.0,0.0,0.0,0.0,0.0,0.0,0.0,0.0,0.0,0.0,0.0,0.0,0.0,0.0,0.0,0.0,0.0,0.0,0.0,0.0,0.0,0.0,0.0,0.0,0.0,0.0,0.0,0.0,0.68,0.6975,0.2875
982,64,0.001,3,10,100,32,24,128,184,435241,73,30,"{'sourceA': ['event_time', 'mcc_code', 'term_id'], 'sourceB': ['event_time', 'tr_type', 'amount']}",gender/checkpoints_large_30/model_64_0.001_3_10_100_128_32_24_128epoch=22.ckpt,22,30,0.40820312,44.3952,3.2647,0.0006,4.497,1.2181,12.1833,0.6757,,1072.6858,52.3172,277.6983,13.5439,258.0842,12.5873,247.0654,12.0499,232.9622,11.3621,221.5613,10.806,195.5195,9.5359,56.9864,3.1639,14.7527,0.8191,13.7107,0.7612,13.1253,0.7287,12.3761,0.6871,11.7704,0.6535,10.387,0.5767,0.0,0.0,0.0,0.0,0.0,0.0,0.0,,0.0,0.0,0.0,0.0,0.0,0.0,0.0,0.0,0.0,0.0,0.0,0.0,0.0,0.0,0.0,0.0,0.0,0.0,0.0,0.0,0.0,0.0,0.0,0.0,0.0,0.0,0.0,0.0,0.676,0.7002,0.2875
983,64,0.001,3,10,100,32,24,128,184,435241,73,30,"{'sourceA': ['event_time', 'mcc_code', 'term_id'], 'sourceB': ['event_time', 'tr_type', 'amount']}",gender/checkpoints_large_30/model_64_0.001_3_10_100_128_32_24_128epoch=23.ckpt,23,30,0.4051255,44.1755,3.2021,0.0006,4.531,1.2193,11.698,0.6743,,1071.2645,52.2581,276.8421,13.5048,257.3103,12.552,246.2339,12.0117,232.1248,11.3234,220.8014,10.7711,194.5635,9.4911,54.3583,3.0264,14.0476,0.7821,13.0565,0.7269,12.4944,0.6956,11.7785,0.6558,11.2039,0.6238,9.8726,0.5497,0.0,0.0,0.0,0.0,0.0,0.0,0.0,,0.0,0.0,0.0,0.0,0.0,0.0,0.0,0.0,0.0,0.0,0.0,0.0,0.0,0.0,0.0,0.0,0.0,0.0,0.0,0.0,0.0,0.0,0.0,0.0,0.0,0.0,0.0,0.0,0.644,0.6839,0.2875
984,64,0.001,3,10,100,32,24,128,184,435241,73,30,"{'sourceA': ['event_time', 'mcc_code', 'term_id'], 'sourceB': ['event_time', 'tr_type', 'amount']}",gender/checkpoints_large_30/model_64_0.001_3_10_100_128_32_24_128epoch=24.ckpt,24,30,0.40477034,44.3278,3.1506,0.0006,4.5499,1.22,11.8183,0.6734,,1078.6469,52.5888,278.2405,13.5655,258.6731,12.6115,247.603,12.0717,233.4937,11.3839,222.1466,10.8306,195.626,9.5376,55.7579,3.116,14.3829,0.8038,13.3714,0.7473,12.7992,0.7153,12.0699,0.6745,11.4833,0.6417,10.1124,0.5651,0.0,0.0,0.0,0.0,0.0,0.0,0.0,,0.0,0.0,0.0,0.0,0.0,0.0,0.0,0.0,0.0,0.0,0.0,0.0,0.0,0.0,0.0,0.0,0.0,0.0,0.0,0.0,0.0,0.0,0.0,0.0,0.0,0.0,0.0,0.0,0.684,0.7111,0.2875
985,64,0.001,3,10,100,32,24,128,184,435241,73,30,"{'sourceA': ['event_time', 'mcc_code', 'term_id'], 'sourceB': ['event_time', 'tr_type', 'amount']}",gender/checkpoints_large_30/model_64_0.001_3_10_100_128_32_24_128epoch=25.ckpt,25,30,0.40104163,44.37,3.1641,0.0006,4.5369,1.2193,11.7264,0.6742,,1081.32,52.7178,278.5292,13.5792,258.9181,12.6231,247.8241,12.0822,233.5433,11.386,221.9878,10.8226,195.5197,9.5322,55.9647,3.1411,14.4155,0.8091,13.4005,0.7521,12.8264,0.7199,12.0872,0.6784,11.4892,0.6448,10.1193,0.568,0.0,0.0,0.0,0.0,0.0,0.0,0.0,,0.0,0.0,0.0,0.0,0.0,0.0,0.0,0.0,0.0,0.0,0.0,0.0,0.0,0.0,0.0,0.0,0.0,0.0,0.0,0.0,0.0,0.0,0.0,0.0,0.0,0.0,0.0,0.0,0.692,0.7044,0.2875
986,64,0.001,3,10,100,32,24,128,184,435241,73,30,"{'sourceA': ['event_time', 'mcc_code', 'term_id'], 'sourceB': ['event_time', 'tr_type', 'amount']}",gender/checkpoints_large_30/model_64_0.001_3_10_100_128_32_24_128epoch=26.ckpt,26,30,0.40003547,44.532,3.1863,0.0006,4.5432,1.2213,11.7309,0.6723,,1081.9578,52.7518,278.4375,13.5755,258.8596,12.6209,247.9182,12.0875,233.6765,11.3931,222.2636,10.8367,195.2987,9.522,54.9642,3.0825,14.1448,0.7933,13.1502,0.7375,12.5944,0.7063,11.8709,0.6657,11.2911,0.6332,9.9213,0.5564,0.0,0.0,0.0,0.0,0.0,0.0,0.0,,0.0,0.0,0.0,0.0,0.0,0.0,0.0,0.0,0.0,0.0,0.0,0.0,0.0,0.0,0.0,0.0,0.0,0.0,0.0,0.0,0.0,0.0,0.0,0.0,0.0,0.0,0.0,0.0,0.68,0.7126,0.2875
987,64,0.001,3,10,100,32,24,128,184,435241,73,30,"{'sourceA': ['event_time', 'mcc_code', 'term_id'], 'sourceB': ['event_time', 'tr_type', 'amount']}",gender/checkpoints_large_30/model_64_0.001_3_10_100_128_32_24_128epoch=27.ckpt,27,30,0.39760894,44.1117,3.1638,0.0006,4.5557,1.2148,11.9123,0.679,,1077.5667,52.5167,278.2702,13.5619,258.6836,12.6073,247.8101,12.0774,233.7369,11.3915,222.365,10.8373,196.039,9.5542,55.7084,3.0757,14.3861,0.7943,13.3735,0.7384,12.8114,0.7073,12.0838,0.6672,11.4959,0.6347,10.1349,0.5596,0.0,0.0,0.0,0.0,0.0,0.0,0.0,,0.0,0.0,0.0,0.0,0.0,0.0,0.0,0.0,0.0,0.0,0.0,0.0,0.0,0.0,0.0,0.0,0.0,0.0,0.0,0.0,0.0,0.0,0.0,0.0,0.0,0.0,0.0,0.0,0.66,0.6881,0.2875
988,64,0.001,3,10,100,32,24,128,184,435241,73,30,"{'sourceA': ['event_time', 'mcc_code', 'term_id'], 'sourceB': ['event_time', 'tr_type', 'amount']}",gender/checkpoints_large_30/model_64_0.001_3_10_100_128_32_24_128epoch=28.ckpt,28,30,0.4001539,43.8834,3.1508,0.0006,4.5755,1.2108,11.7419,0.6833,,1072.0631,52.2647,277.6761,13.5371,257.944,12.5752,247.0774,12.0454,232.9499,11.3567,221.5907,10.8029,194.8727,9.5003,53.0542,2.9768,13.7416,0.771,12.7651,0.7162,12.2274,0.6861,11.5282,0.6468,10.9661,0.6153,9.6439,0.5411,0.0,0.0,0.0,0.0,0.0,0.0,0.0,,0.0,0.0,0.0,0.0,0.0,0.0,0.0,0.0,0.0,0.0,0.0,0.0,0.0,0.0,0.0,0.0,0.0,0.0,0.0,0.0,0.0,0.0,0.0,0.0,0.0,0.0,0.0,0.0,0.696,0.7113,0.2875
989,64,0.001,3,10,100,32,24,128,184,435241,73,30,"{'sourceA': ['event_time', 'mcc_code', 'term_id'], 'sourceB': ['event_time', 'tr_type', 'amount']}",gender/checkpoints_large_30/model_64_0.001_3_10_100_128_32_24_128epoch=29.ckpt,29,30,0.4022254,44.4626,3.1091,0.0006,4.547,1.2144,11.7958,0.6793,,1080.4469,52.6535,278.0607,13.5508,258.4956,12.5973,247.7468,12.0735,233.7816,11.3929,222.6858,10.8522,196.6912,9.5854,55.335,3.0549,14.2408,0.7862,13.2388,0.7309,12.6883,0.7005,11.9731,0.661,11.4048,0.6296,10.0735,0.5561,0.0,0.0,0.0,0.0,0.0,0.0,0.0,,0.0,0.0,0.0,0.0,0.0,0.0,0.0,0.0,0.0,0.0,0.0,0.0,0.0,0.0,0.0,0.0,0.0,0.0,0.0,0.0,0.0,0.0,0.0,0.0,0.0,0.0,0.0,0.0,0.66,0.7139,0.2875
990,64,0.001,3,10,100,32,32,128,184,435241,73,30,"{'sourceA': ['event_time', 'mcc_code', 'term_id'], 'sourceB': ['event_time', 'tr_type', 'amount']}",gender/checkpoints_large_30/model_64_0.001_3_10_100_128_32_32_128epoch=00.ckpt,0,30,0.29859138,38.701,3.3359,0.0018,4.5919,1.3761,6.5086,0.5541,,493.7114,24.7606,250.7844,12.5773,221.0358,11.0854,203.7987,10.2209,180.6627,9.0606,163.5819,8.204,139.1432,6.9783,20.0186,1.2694,10.1686,0.6448,8.9624,0.5683,8.2635,0.524,7.3254,0.4645,6.6328,0.4206,5.6419,0.3578,0.0,0.0,0.0,0.0,0.0,0.0,0.0,,0.0,0.0,0.0,0.0,0.0,0.0,0.0,0.0,0.0,0.0,0.0,0.0,0.0,0.0,0.0,0.0,0.0,0.0,0.0,0.0,0.0,0.0,0.0,0.0,0.0,0.0,0.0,0.0,0.54,0.4904,0.2875
991,64,0.001,3,10,100,32,32,128,184,435241,73,30,"{'sourceA': ['event_time', 'mcc_code', 'term_id'], 'sourceB': ['event_time', 'tr_type', 'amount']}",gender/checkpoints_large_30/model_64_0.001_3_10_100_128_32_32_128epoch=01.ckpt,1,30,0.32279828,37.6039,3.3417,0.0017,4.43,1.3044,7.3482,0.6041,,589.1582,29.3709,252.3026,12.5779,224.5941,11.1965,209.1958,10.4289,188.477,9.396,171.5879,8.5541,141.4079,7.0495,20.4377,1.3872,8.7523,0.594,7.7911,0.5288,7.2569,0.4926,6.5382,0.4438,5.9523,0.404,4.9054,0.3329,0.0,0.0,0.0,0.0,0.0,0.0,0.0,,0.0,0.0,0.0,0.0,0.0,0.0,0.0,0.0,0.0,0.0,0.0,0.0,0.0,0.0,0.0,0.0,0.0,0.0,0.0,0.0,0.0,0.0,0.0,0.0,0.0,0.0,0.0,0.0,0.596,0.606,0.2875
992,64,0.001,3,10,100,32,32,128,184,435241,73,30,"{'sourceA': ['event_time', 'mcc_code', 'term_id'], 'sourceB': ['event_time', 'tr_type', 'amount']}",gender/checkpoints_large_30/model_64_0.001_3_10_100_128_32_32_128epoch=02.ckpt,2,30,0.346295,39.5306,3.33,0.0018,4.3787,1.3134,9.0059,0.5925,,685.1016,33.9247,259.5771,12.8537,233.4582,11.5603,218.5461,10.8219,199.2184,9.8649,183.6668,9.0948,153.6652,7.6092,27.5301,1.7978,10.4308,0.6812,9.3813,0.6126,8.782,0.5735,8.0054,0.5228,7.3805,0.482,6.1749,0.4032,0.0,0.0,0.0,0.0,0.0,0.0,0.0,,0.0,0.0,0.0,0.0,0.0,0.0,0.0,0.0,0.0,0.0,0.0,0.0,0.0,0.0,0.0,0.0,0.0,0.0,0.0,0.0,0.0,0.0,0.0,0.0,0.0,0.0,0.0,0.0,0.664,0.641,0.2875
993,64,0.001,3,10,100,32,32,128,184,435241,73,30,"{'sourceA': ['event_time', 'mcc_code', 'term_id'], 'sourceB': ['event_time', 'tr_type', 'amount']}",gender/checkpoints_large_30/model_64_0.001_3_10_100_128_32_32_128epoch=03.ckpt,3,30,0.35570553,38.8737,3.3203,0.0017,4.3559,1.2714,8.881,0.6255,,741.5732,36.5911,258.2099,12.7407,234.1577,11.5539,220.578,10.8839,202.7765,10.0055,188.8988,9.3207,161.5256,7.9701,28.3494,1.8436,9.871,0.6419,8.9516,0.5821,8.4324,0.5484,7.7519,0.5041,7.2214,0.4696,6.1749,0.4016,0.0,0.0,0.0,0.0,0.0,0.0,0.0,,0.0,0.0,0.0,0.0,0.0,0.0,0.0,0.0,0.0,0.0,0.0,0.0,0.0,0.0,0.0,0.0,0.0,0.0,0.0,0.0,0.0,0.0,0.0,0.0,0.0,0.0,0.0,0.0,0.62,0.6437,0.2875
994,64,0.001,3,10,100,32,32,128,184,435241,73,30,"{'sourceA': ['event_time', 'mcc_code', 'term_id'], 'sourceB': ['event_time', 'tr_type', 'amount']}",gender/checkpoints_large_30/model_64_0.001_3_10_100_128_32_32_128epoch=04.ckpt,4,30,0.37843275,39.1297,3.3171,0.0016,4.3811,1.2483,9.2098,0.6479,,788.1508,38.7931,263.2596,12.9578,239.9032,11.8081,226.6447,11.1556,209.109,10.2924,194.7255,9.5845,166.62,8.2011,32.3376,2.1024,10.8015,0.7022,9.8432,0.6399,9.2992,0.6046,8.5797,0.5578,7.9895,0.5194,6.8364,0.4445,0.0,0.0,0.0,0.0,0.0,0.0,0.0,,0.0,0.0,0.0,0.0,0.0,0.0,0.0,0.0,0.0,0.0,0.0,0.0,0.0,0.0,0.0,0.0,0.0,0.0,0.0,0.0,0.0,0.0,0.0,0.0,0.0,0.0,0.0,0.0,0.656,0.663,0.2875
995,64,0.001,3,10,100,32,32,128,184,435241,73,30,"{'sourceA': ['event_time', 'mcc_code', 'term_id'], 'sourceB': ['event_time', 'tr_type', 'amount']}",gender/checkpoints_large_30/model_64_0.001_3_10_100_128_32_32_128epoch=05.ckpt,5,30,0.37967566,40.6131,3.3119,0.0016,4.3362,1.2551,9.8275,0.6404,,824.5666,40.5283,266.3613,13.0919,243.0295,11.9451,229.9002,11.2998,212.7527,10.457,199.2413,9.7929,173.7209,8.5386,34.4389,2.1078,11.1249,0.6809,10.1504,0.6213,9.602,0.5877,8.8858,0.5439,8.3215,0.5093,7.2556,0.4441,0.0,0.0,0.0,0.0,0.0,0.0,0.0,,0.0,0.0,0.0,0.0,0.0,0.0,0.0,0.0,0.0,0.0,0.0,0.0,0.0,0.0,0.0,0.0,0.0,0.0,0.0,0.0,0.0,0.0,0.0,0.0,0.0,0.0,0.0,0.0,0.652,0.6628,0.2875
996,64,0.001,3,10,100,32,32,128,184,435241,73,30,"{'sourceA': ['event_time', 'mcc_code', 'term_id'], 'sourceB': ['event_time', 'tr_type', 'amount']}",gender/checkpoints_large_30/model_64_0.001_3_10_100_128_32_32_128epoch=06.ckpt,6,30,0.38151038,41.5116,3.2919,0.0015,4.3553,1.2597,10.5644,0.635,,875.2896,42.9359,268.9832,13.1945,246.5854,12.0958,234.2164,11.4891,218.0151,10.6944,205.0062,10.0562,178.4932,8.7557,33.5761,2.1071,10.3182,0.6475,9.459,0.5936,8.9845,0.5638,8.3631,0.5248,7.864,0.4935,6.847,0.4297,0.0,0.0,0.0,0.0,0.0,0.0,0.0,,0.0,0.0,0.0,0.0,0.0,0.0,0.0,0.0,0.0,0.0,0.0,0.0,0.0,0.0,0.0,0.0,0.0,0.0,0.0,0.0,0.0,0.0,0.0,0.0,0.0,0.0,0.0,0.0,0.652,0.6601,0.2875
997,64,0.001,3,10,100,32,32,128,184,435241,73,30,"{'sourceA': ['event_time', 'mcc_code', 'term_id'], 'sourceB': ['event_time', 'tr_type', 'amount']}",gender/checkpoints_large_30/model_64_0.001_3_10_100_128_32_32_128epoch=07.ckpt,7,30,0.38364112,42.6613,3.2931,0.0014,4.3559,1.2516,10.3119,0.6432,,897.4246,43.9834,271.9336,13.3276,249.7676,12.2413,237.114,11.6211,220.6891,10.8161,206.8235,10.1366,180.6516,8.8539,34.8208,2.1538,10.5513,0.6526,9.6912,0.5994,9.2002,0.5691,8.5629,0.5296,8.0249,0.4964,7.0094,0.4336,0.0,0.0,0.0,0.0,0.0,0.0,0.0,,0.0,0.0,0.0,0.0,0.0,0.0,0.0,0.0,0.0,0.0,0.0,0.0,0.0,0.0,0.0,0.0,0.0,0.0,0.0,0.0,0.0,0.0,0.0,0.0,0.0,0.0,0.0,0.0,0.668,0.659,0.2875
998,64,0.001,3,10,100,32,32,128,184,435241,73,30,"{'sourceA': ['event_time', 'mcc_code', 'term_id'], 'sourceB': ['event_time', 'tr_type', 'amount']}",gender/checkpoints_large_30/model_64_0.001_3_10_100_128_32_32_128epoch=08.ckpt,8,30,0.3866004,42.7906,3.2065,0.0011,4.3987,1.2347,10.1971,0.659,,915.7989,44.7789,274.0624,13.4005,252.6279,12.3525,240.5597,11.7624,224.5467,10.9794,211.7339,10.3529,185.3034,9.0606,37.3702,2.2394,11.1834,0.6702,10.3088,0.6177,9.8163,0.5882,9.1629,0.5491,8.64,0.5177,7.5615,0.4531,0.0,0.0,0.0,0.0,0.0,0.0,0.0,,0.0,0.0,0.0,0.0,0.0,0.0,0.0,0.0,0.0,0.0,0.0,0.0,0.0,0.0,0.0,0.0,0.0,0.0,0.0,0.0,0.0,0.0,0.0,0.0,0.0,0.0,0.0,0.0,0.644,0.6607,0.2875
999,64,0.001,3,10,100,32,32,128,184,435241,73,30,"{'sourceA': ['event_time', 'mcc_code', 'term_id'], 'sourceB': ['event_time', 'tr_type', 'amount']}",gender/checkpoints_large_30/model_64_0.001_3_10_100_128_32_32_128epoch=09.ckpt,9,30,0.38955972,43.531,3.1593,0.0011,4.4189,1.2429,9.6892,0.6503,,933.7787,45.6748,272.8715,13.3472,251.6353,12.3085,239.9111,11.735,224.5356,10.9829,211.7141,10.3558,183.9342,8.997,35.9839,2.1488,10.5153,0.6279,9.697,0.5791,9.2452,0.5521,8.6527,0.5167,8.1586,0.4872,7.088,0.4233,0.0,0.0,0.0,0.0,0.0,0.0,0.0,,0.0,0.0,0.0,0.0,0.0,0.0,0.0,0.0,0.0,0.0,0.0,0.0,0.0,0.0,0.0,0.0,0.0,0.0,0.0,0.0,0.0,0.0,0.0,0.0,0.0,0.0,0.0,0.0,0.664,0.6635,0.2875
1000,64,0.001,3,10,100,32,32,128,184,435241,73,30,"{'sourceA': ['event_time', 'mcc_code', 'term_id'], 'sourceB': ['event_time', 'tr_type', 'amount']}",gender/checkpoints_large_30/model_64_0.001_3_10_100_128_32_32_128epoch=10.ckpt,10,30,0.39352512,43.741,3.2127,0.001,4.4228,1.2376,10.6477,0.6561,,945.8306,46.2663,274.5548,13.4301,253.6314,12.4066,241.9604,11.8357,226.4795,11.0785,214.0245,10.4692,187.3682,9.1653,35.5483,2.1792,10.3189,0.6326,9.5325,0.5844,9.0939,0.5575,8.512,0.5218,8.0439,0.4931,7.0421,0.4317,0.0,0.0,0.0,0.0,0.0,0.0,0.0,,0.0,0.0,0.0,0.0,0.0,0.0,0.0,0.0,0.0,0.0,0.0,0.0,0.0,0.0,0.0,0.0,0.0,0.0,0.0,0.0,0.0,0.0,0.0,0.0,0.0,0.0,0.0,0.0,0.648,0.6802,0.2875
1001,64,0.001,3,10,100,32,32,128,184,435241,73,30,"{'sourceA': ['event_time', 'mcc_code', 'term_id'], 'sourceB': ['event_time', 'tr_type', 'amount']}",gender/checkpoints_large_30/model_64_0.001_3_10_100_128_32_32_128epoch=11.ckpt,11,30,0.397964,43.9634,3.2115,0.001,4.4515,1.2339,10.2058,0.6597,,952.3204,46.5467,275.9526,13.4878,254.8858,12.4581,243.2875,11.8912,227.7472,11.1316,214.802,10.4989,186.2792,9.1048,36.8904,2.2654,10.6897,0.6565,9.8736,0.6063,9.4243,0.5787,8.8223,0.5418,8.3209,0.511,7.216,0.4431,0.0,0.0,0.0,0.0,0.0,0.0,0.0,,0.0,0.0,0.0,0.0,0.0,0.0,0.0,0.0,0.0,0.0,0.0,0.0,0.0,0.0,0.0,0.0,0.0,0.0,0.0,0.0,0.0,0.0,0.0,0.0,0.0,0.0,0.0,0.0,0.668,0.6689,0.2875
1002,64,0.001,3,10,100,32,32,128,184,435241,73,30,"{'sourceA': ['event_time', 'mcc_code', 'term_id'], 'sourceB': ['event_time', 'tr_type', 'amount']}",gender/checkpoints_large_30/model_64_0.001_3_10_100_128_32_32_128epoch=12.ckpt,12,30,0.39115766,43.596,3.2095,0.0009,4.4864,1.2205,10.4747,0.6737,,950.0796,46.4205,276.775,13.5231,255.856,12.501,244.3597,11.9393,228.6745,11.1729,216.0582,10.5565,187.7434,9.1731,34.7904,2.1792,10.1351,0.6348,9.369,0.5868,8.9481,0.5605,8.3737,0.5245,7.9117,0.4956,6.8749,0.4306,0.0,0.0,0.0,0.0,0.0,0.0,0.0,,0.0,0.0,0.0,0.0,0.0,0.0,0.0,0.0,0.0,0.0,0.0,0.0,0.0,0.0,0.0,0.0,0.0,0.0,0.0,0.0,0.0,0.0,0.0,0.0,0.0,0.0,0.0,0.0,0.664,0.6777,0.2875
1003,64,0.001,3,10,100,32,32,128,184,435241,73,30,"{'sourceA': ['event_time', 'mcc_code', 'term_id'], 'sourceB': ['event_time', 'tr_type', 'amount']}",gender/checkpoints_large_30/model_64_0.001_3_10_100_128_32_32_128epoch=13.ckpt,13,30,0.39251897,44.4085,3.2121,0.0009,4.4674,1.2301,10.2917,0.6633,,970.4842,47.3884,277.354,13.5431,256.6279,12.531,245.197,11.9729,229.8563,11.2238,217.2625,10.6088,189.2352,9.2403,37.4172,2.26,10.6934,0.6459,9.8943,0.5976,9.4536,0.571,8.8622,0.5353,8.3766,0.506,7.296,0.4407,0.0,0.0,0.0,0.0,0.0,0.0,0.0,,0.0,0.0,0.0,0.0,0.0,0.0,0.0,0.0,0.0,0.0,0.0,0.0,0.0,0.0,0.0,0.0,0.0,0.0,0.0,0.0,0.0,0.0,0.0,0.0,0.0,0.0,0.0,0.0,0.648,0.6967,0.2875
1004,64,0.001,3,10,100,32,32,128,184,435241,73,30,"{'sourceA': ['event_time', 'mcc_code', 'term_id'], 'sourceB': ['event_time', 'tr_type', 'amount']}",gender/checkpoints_large_30/model_64_0.001_3_10_100_128_32_32_128epoch=14.ckpt,14,30,0.39802322,43.6569,3.2065,0.0008,4.524,1.2111,10.6071,0.6833,,959.0375,46.8822,278.6976,13.624,257.5846,12.5919,246.072,12.0291,230.3748,11.2618,217.6507,10.6398,190.0436,9.2902,34.5002,2.19,10.0258,0.6364,9.2663,0.5882,8.8521,0.5619,8.2874,0.5261,7.8297,0.497,6.8366,0.434,0.0,0.0,0.0,0.0,0.0,0.0,0.0,,0.0,0.0,0.0,0.0,0.0,0.0,0.0,0.0,0.0,0.0,0.0,0.0,0.0,0.0,0.0,0.0,0.0,0.0,0.0,0.0,0.0,0.0,0.0,0.0,0.0,0.0,0.0,0.0,0.68,0.7058,0.2875
1005,64,0.001,3,10,100,32,32,128,184,435241,73,30,"{'sourceA': ['event_time', 'mcc_code', 'term_id'], 'sourceB': ['event_time', 'tr_type', 'amount']}",gender/checkpoints_large_30/model_64_0.001_3_10_100_128_32_32_128epoch=15.ckpt,15,30,0.4024621,44.3403,3.1471,0.0008,4.5081,1.2178,10.9506,0.6758,,973.8707,47.5312,279.3666,13.6349,258.5244,12.6177,247.1458,12.0623,231.7207,11.3095,219.1566,10.6963,191.0721,9.3256,36.0331,2.2822,10.3365,0.6547,9.5654,0.6058,9.1444,0.5792,8.5736,0.543,8.1088,0.5136,7.0696,0.4478,0.0,0.0,0.0,0.0,0.0,0.0,0.0,,0.0,0.0,0.0,0.0,0.0,0.0,0.0,0.0,0.0,0.0,0.0,0.0,0.0,0.0,0.0,0.0,0.0,0.0,0.0,0.0,0.0,0.0,0.0,0.0,0.0,0.0,0.0,0.0,0.628,0.6895,0.2875
1006,64,0.001,3,10,100,32,32,128,184,435241,73,30,"{'sourceA': ['event_time', 'mcc_code', 'term_id'], 'sourceB': ['event_time', 'tr_type', 'amount']}",gender/checkpoints_large_30/model_64_0.001_3_10_100_128_32_32_128epoch=16.ckpt,16,30,0.40044978,44.8578,3.2449,0.0009,4.5023,1.2246,11.4394,0.6694,,982.4375,47.9989,279.0753,13.6348,258.7264,12.6406,247.4489,12.0896,232.0497,11.3372,219.4157,10.72,190.6344,9.3138,38.8122,2.3762,11.0251,0.675,10.2212,0.6258,9.7757,0.5985,9.1673,0.5613,8.6682,0.5307,7.5312,0.4611,0.0,0.0,0.0,0.0,0.0,0.0,0.0,,0.0,0.0,0.0,0.0,0.0,0.0,0.0,0.0,0.0,0.0,0.0,0.0,0.0,0.0,0.0,0.0,0.0,0.0,0.0,0.0,0.0,0.0,0.0,0.0,0.0,0.0,0.0,0.0,0.704,0.6781,0.2875
1007,64,0.001,3,10,100,32,32,128,184,435241,73,30,"{'sourceA': ['event_time', 'mcc_code', 'term_id'], 'sourceB': ['event_time', 'tr_type', 'amount']}",gender/checkpoints_large_30/model_64_0.001_3_10_100_128_32_32_128epoch=17.ckpt,17,30,0.4037051,44.8847,3.1796,0.0008,4.5274,1.2203,10.8894,0.6734,,991.4631,48.4114,279.6342,13.6541,259.0325,12.6481,247.7262,12.096,232.6304,11.3589,220.2722,10.7555,193.8922,9.4674,37.1276,2.3389,10.4715,0.6597,9.7001,0.6111,9.2767,0.5844,8.7114,0.5488,8.2486,0.5196,7.2607,0.4574,0.0,0.0,0.0,0.0,0.0,0.0,0.0,,0.0,0.0,0.0,0.0,0.0,0.0,0.0,0.0,0.0,0.0,0.0,0.0,0.0,0.0,0.0,0.0,0.0,0.0,0.0,0.0,0.0,0.0,0.0,0.0,0.0,0.0,0.0,0.0,0.668,0.6937,0.2875
1008,64,0.001,3,10,100,32,32,128,184,435241,73,30,"{'sourceA': ['event_time', 'mcc_code', 'term_id'], 'sourceB': ['event_time', 'tr_type', 'amount']}",gender/checkpoints_large_30/model_64_0.001_3_10_100_128_32_32_128epoch=18.ckpt,18,30,0.39494553,45.0327,3.1263,0.0008,4.5447,1.2224,10.9128,0.6712,,1001.4393,48.8817,279.8814,13.6614,259.44,12.6636,248.1792,12.114,233.0433,11.3752,220.5927,10.7675,192.6329,9.4027,40.3986,2.4628,11.2906,0.6883,10.466,0.638,10.0117,0.6103,9.4011,0.5731,8.8988,0.5425,7.7709,0.4737,0.0,0.0,0.0,0.0,0.0,0.0,0.0,,0.0,0.0,0.0,0.0,0.0,0.0,0.0,0.0,0.0,0.0,0.0,0.0,0.0,0.0,0.0,0.0,0.0,0.0,0.0,0.0,0.0,0.0,0.0,0.0,0.0,0.0,0.0,0.0,0.672,0.6794,0.2875
1009,64,0.001,3,10,100,32,32,128,184,435241,73,30,"{'sourceA': ['event_time', 'mcc_code', 'term_id'], 'sourceB': ['event_time', 'tr_type', 'amount']}",gender/checkpoints_large_30/model_64_0.001_3_10_100_128_32_32_128epoch=19.ckpt,19,30,0.40056813,45.2902,3.1686,0.0008,4.5272,1.2239,10.4749,0.6697,,1001.8806,48.8965,279.6962,13.6505,259.3678,12.6584,248.1877,12.1127,233.1962,11.3811,221.0229,10.787,192.8531,9.4121,40.138,2.5043,11.2054,0.6991,10.391,0.6483,9.9431,0.6204,9.3425,0.5829,8.8548,0.5525,7.7262,0.482,0.0,0.0,0.0,0.0,0.0,0.0,0.0,,0.0,0.0,0.0,0.0,0.0,0.0,0.0,0.0,0.0,0.0,0.0,0.0,0.0,0.0,0.0,0.0,0.0,0.0,0.0,0.0,0.0,0.0,0.0,0.0,0.0,0.0,0.0,0.0,0.648,0.6869,0.2875
1010,64,0.001,3,10,100,32,32,128,184,435241,73,30,"{'sourceA': ['event_time', 'mcc_code', 'term_id'], 'sourceB': ['event_time', 'tr_type', 'amount']}",gender/checkpoints_large_30/model_64_0.001_3_10_100_128_32_32_128epoch=20.ckpt,20,30,0.4057765,44.8767,3.1887,0.0008,4.5733,1.2163,10.9847,0.6778,,999.2018,48.7478,280.917,13.705,260.5664,12.7122,249.4335,12.1691,234.6645,11.4485,222.525,10.8563,195.3173,9.5289,40.5433,2.4854,11.3984,0.6988,10.5727,0.6481,10.1209,0.6204,9.5217,0.5837,9.0291,0.5535,7.9251,0.4858,0.0,0.0,0.0,0.0,0.0,0.0,0.0,,0.0,0.0,0.0,0.0,0.0,0.0,0.0,0.0,0.0,0.0,0.0,0.0,0.0,0.0,0.0,0.0,0.0,0.0,0.0,0.0,0.0,0.0,0.0,0.0,0.0,0.0,0.0,0.0,0.668,0.6979,0.2875
1011,64,0.001,3,10,100,32,32,128,184,435241,73,30,"{'sourceA': ['event_time', 'mcc_code', 'term_id'], 'sourceB': ['event_time', 'tr_type', 'amount']}",gender/checkpoints_large_30/model_64_0.001_3_10_100_128_32_32_128epoch=21.ckpt,21,30,0.40607244,44.9372,3.2084,0.0009,4.5415,1.215,10.999,0.6794,,1001.3949,48.8973,280.8045,13.7115,260.4826,12.7192,249.1391,12.1653,234.2409,11.4378,222.159,10.8478,194.6438,9.5043,38.5252,2.4119,10.803,0.6763,10.0212,0.6274,9.5848,0.6001,9.0116,0.5642,8.5468,0.5351,7.4883,0.4688,0.0,0.0,0.0,0.0,0.0,0.0,0.0,,0.0,0.0,0.0,0.0,0.0,0.0,0.0,0.0,0.0,0.0,0.0,0.0,0.0,0.0,0.0,0.0,0.0,0.0,0.0,0.0,0.0,0.0,0.0,0.0,0.0,0.0,0.0,0.0,0.66,0.6956,0.2875
1012,64,0.001,3,10,100,32,32,128,184,435241,73,30,"{'sourceA': ['event_time', 'mcc_code', 'term_id'], 'sourceB': ['event_time', 'tr_type', 'amount']}",gender/checkpoints_large_30/model_64_0.001_3_10_100_128_32_32_128epoch=22.ckpt,22,30,0.40909097,44.8879,3.2291,0.0008,4.5771,1.2137,11.1946,0.6807,,1002.8735,48.9598,280.9104,13.7139,260.666,12.7256,249.4937,12.1802,234.6769,11.4568,222.6537,10.8698,195.6868,9.5533,39.6864,2.4599,11.1164,0.689,10.3152,0.6394,9.8731,0.612,9.2868,0.5756,8.811,0.5461,7.7438,0.48,0.0,0.0,0.0,0.0,0.0,0.0,0.0,,0.0,0.0,0.0,0.0,0.0,0.0,0.0,0.0,0.0,0.0,0.0,0.0,0.0,0.0,0.0,0.0,0.0,0.0,0.0,0.0,0.0,0.0,0.0,0.0,0.0,0.0,0.0,0.0,0.676,0.7003,0.2875
1013,64,0.001,3,10,100,32,32,128,184,435241,73,30,"{'sourceA': ['event_time', 'mcc_code', 'term_id'], 'sourceB': ['event_time', 'tr_type', 'amount']}",gender/checkpoints_large_30/model_64_0.001_3_10_100_128_32_32_128epoch=23.ckpt,23,30,0.405303,44.991,3.2559,0.0008,4.5618,1.2107,11.0327,0.6843,,1004.8777,49.0853,281.7508,13.7627,261.4746,12.7723,249.9857,12.2111,235.0919,11.4835,223.0019,10.893,195.9648,9.5723,38.2302,2.4217,10.7191,0.679,9.9477,0.6301,9.5106,0.6024,8.944,0.5666,8.484,0.5374,7.4554,0.4723,0.0,0.0,0.0,0.0,0.0,0.0,0.0,,0.0,0.0,0.0,0.0,0.0,0.0,0.0,0.0,0.0,0.0,0.0,0.0,0.0,0.0,0.0,0.0,0.0,0.0,0.0,0.0,0.0,0.0,0.0,0.0,0.0,0.0,0.0,0.0,0.664,0.6779,0.2875
1014,64,0.001,3,10,100,32,32,128,184,435241,73,30,"{'sourceA': ['event_time', 'mcc_code', 'term_id'], 'sourceB': ['event_time', 'tr_type', 'amount']}",gender/checkpoints_large_30/model_64_0.001_3_10_100_128_32_32_128epoch=24.ckpt,24,30,0.4015152,45.0687,3.2598,0.0008,4.5676,1.2128,11.3571,0.6817,,1006.5076,49.1306,281.9439,13.7625,261.5503,12.7671,250.2213,12.214,235.2872,11.4851,223.3109,10.9005,196.1714,9.5757,39.6735,2.4642,11.1134,0.6903,10.3095,0.6404,9.863,0.6126,9.2743,0.5761,8.8023,0.5467,7.7325,0.4803,0.0,0.0,0.0,0.0,0.0,0.0,0.0,,0.0,0.0,0.0,0.0,0.0,0.0,0.0,0.0,0.0,0.0,0.0,0.0,0.0,0.0,0.0,0.0,0.0,0.0,0.0,0.0,0.0,0.0,0.0,0.0,0.0,0.0,0.0,0.0,0.66,0.7055,0.2875
1015,64,0.001,3,10,100,32,32,128,184,435241,73,30,"{'sourceA': ['event_time', 'mcc_code', 'term_id'], 'sourceB': ['event_time', 'tr_type', 'amount']}",gender/checkpoints_large_30/model_64_0.001_3_10_100_128_32_32_128epoch=25.ckpt,25,30,0.40542138,45.1414,3.1883,0.0008,4.5759,1.2155,11.5805,0.6785,,1013.4924,49.4529,281.6228,13.7416,261.3617,12.753,250.1915,12.208,235.5537,11.4937,223.5652,10.9088,196.5722,9.5916,39.4973,2.49,10.9753,0.6919,10.1857,0.6421,9.7503,0.6147,9.1799,0.5787,8.7127,0.5493,7.6607,0.483,0.0,0.0,0.0,0.0,0.0,0.0,0.0,,0.0,0.0,0.0,0.0,0.0,0.0,0.0,0.0,0.0,0.0,0.0,0.0,0.0,0.0,0.0,0.0,0.0,0.0,0.0,0.0,0.0,0.0,0.0,0.0,0.0,0.0,0.0,0.0,0.68,0.6935,0.2875
1016,64,0.001,3,10,100,32,32,128,184,435241,73,30,"{'sourceA': ['event_time', 'mcc_code', 'term_id'], 'sourceB': ['event_time', 'tr_type', 'amount']}",gender/checkpoints_large_30/model_64_0.001_3_10_100_128_32_32_128epoch=26.ckpt,26,30,0.4003314,45.0235,3.2582,0.0008,4.5807,1.212,11.3566,0.6827,,1014.3215,49.5255,281.9503,13.7666,261.6919,12.7774,250.5871,12.2352,235.8021,11.5133,223.9181,10.9331,196.4644,9.5926,39.1401,2.4995,10.8797,0.6948,10.098,0.6449,9.6695,0.6175,9.099,0.5811,8.6404,0.5518,7.5811,0.4841,0.0,0.0,0.0,0.0,0.0,0.0,0.0,,0.0,0.0,0.0,0.0,0.0,0.0,0.0,0.0,0.0,0.0,0.0,0.0,0.0,0.0,0.0,0.0,0.0,0.0,0.0,0.0,0.0,0.0,0.0,0.0,0.0,0.0,0.0,0.0,0.664,0.7046,0.2875
1017,64,0.001,3,10,100,32,32,128,184,435241,73,30,"{'sourceA': ['event_time', 'mcc_code', 'term_id'], 'sourceB': ['event_time', 'tr_type', 'amount']}",gender/checkpoints_large_30/model_64_0.001_3_10_100_128_32_32_128epoch=27.ckpt,27,30,0.400509,44.8597,3.1848,0.0008,4.6104,1.2107,11.4904,0.6837,,1017.4156,49.6651,282.4316,13.7869,262.1241,12.7956,250.972,12.2512,236.1214,11.5263,224.0494,10.937,196.7826,9.6059,41.2222,2.5845,11.4432,0.7174,10.6204,0.6659,10.1685,0.6375,9.5668,0.5998,9.0777,0.5691,7.9729,0.4999,0.0,0.0,0.0,0.0,0.0,0.0,0.0,,0.0,0.0,0.0,0.0,0.0,0.0,0.0,0.0,0.0,0.0,0.0,0.0,0.0,0.0,0.0,0.0,0.0,0.0,0.0,0.0,0.0,0.0,0.0,0.0,0.0,0.0,0.0,0.0,0.692,0.702,0.2875
1018,64,0.001,3,10,100,32,32,128,184,435241,73,30,"{'sourceA': ['event_time', 'mcc_code', 'term_id'], 'sourceB': ['event_time', 'tr_type', 'amount']}",gender/checkpoints_large_30/model_64_0.001_3_10_100_128_32_32_128epoch=28.ckpt,28,30,0.41157672,45.107,3.1998,0.0008,4.577,1.2143,11.0706,0.6797,,1018.0221,49.7066,281.3425,13.737,261.1304,12.7501,250.1599,12.2145,235.5781,11.5025,223.7996,10.9274,197.1055,9.624,41.4748,2.5576,11.462,0.7068,10.6386,0.656,10.1917,0.6285,9.5976,0.5918,9.1177,0.5622,8.0302,0.4952,0.0,0.0,0.0,0.0,0.0,0.0,0.0,,0.0,0.0,0.0,0.0,0.0,0.0,0.0,0.0,0.0,0.0,0.0,0.0,0.0,0.0,0.0,0.0,0.0,0.0,0.0,0.0,0.0,0.0,0.0,0.0,0.0,0.0,0.0,0.0,0.676,0.6984,0.2875
1019,64,0.001,3,10,100,32,32,128,184,435241,73,30,"{'sourceA': ['event_time', 'mcc_code', 'term_id'], 'sourceB': ['event_time', 'tr_type', 'amount']}",gender/checkpoints_large_30/model_64_0.001_3_10_100_128_32_32_128epoch=29.ckpt,29,30,0.41039303,45.4748,3.1974,0.0008,4.5442,1.2146,11.7736,0.6796,,1024.4872,50.034,282.5787,13.8006,262.3972,12.815,251.3693,12.2764,236.5581,11.553,224.9032,10.9838,198.9044,9.7141,40.4747,2.5057,11.1639,0.6911,10.3666,0.6418,9.9309,0.6148,9.3458,0.5786,8.8853,0.5501,7.8582,0.4865,0.0,0.0,0.0,0.0,0.0,0.0,0.0,,0.0,0.0,0.0,0.0,0.0,0.0,0.0,0.0,0.0,0.0,0.0,0.0,0.0,0.0,0.0,0.0,0.0,0.0,0.0,0.0,0.0,0.0,0.0,0.0,0.0,0.0,0.0,0.0,0.664,0.6931,0.2875
1020,64,0.001,3,10,100,32,64,128,184,435241,73,30,"{'sourceA': ['event_time', 'mcc_code', 'term_id'], 'sourceB': ['event_time', 'tr_type', 'amount']}",gender/checkpoints_large_30/model_64_0.001_3_10_100_128_32_64_128epoch=00.ckpt,0,30,0.3078835,38.7007,3.2676,0.0017,4.526,1.3224,7.1324,0.5892,,527.4004,26.0073,252.3124,12.4421,222.5557,10.9747,205.5642,10.1368,183.9071,9.0689,168.6789,8.3179,143.9491,7.0985,20.5527,1.3338,9.8325,0.6381,8.6729,0.5628,8.0108,0.5199,7.1668,0.4651,6.5734,0.4266,5.6097,0.364,0.0,0.0,0.0,0.0,0.0,0.0,0.0,,0.0,0.0,0.0,0.0,0.0,0.0,0.0,0.0,0.0,0.0,0.0,0.0,0.0,0.0,0.0,0.0,0.0,0.0,0.0,0.0,0.0,0.0,0.0,0.0,0.0,0.0,0.0,0.0,0.544,0.5406,0.2875
1021,64,0.001,3,10,100,32,64,128,184,435241,73,30,"{'sourceA': ['event_time', 'mcc_code', 'term_id'], 'sourceB': ['event_time', 'tr_type', 'amount']}",gender/checkpoints_large_30/model_64_0.001_3_10_100_128_32_64_128epoch=01.ckpt,1,30,0.3390152,38.6488,3.3094,0.0019,4.3871,1.324,7.8814,0.5841,,659.7702,32.4775,253.0753,12.4578,225.9674,11.1234,210.9066,10.382,191.4924,9.4263,175.8382,8.6557,148.0007,7.2854,27.5411,1.7644,10.5642,0.6768,9.4327,0.6043,8.804,0.564,7.9936,0.5121,7.3401,0.4702,6.1781,0.3958,0.0,0.0,0.0,0.0,0.0,0.0,0.0,,0.0,0.0,0.0,0.0,0.0,0.0,0.0,0.0,0.0,0.0,0.0,0.0,0.0,0.0,0.0,0.0,0.0,0.0,0.0,0.0,0.0,0.0,0.0,0.0,0.0,0.0,0.0,0.0,0.596,0.5773,0.2875
1022,64,0.001,3,10,100,32,64,128,184,435241,73,30,"{'sourceA': ['event_time', 'mcc_code', 'term_id'], 'sourceB': ['event_time', 'tr_type', 'amount']}",gender/checkpoints_large_30/model_64_0.001_3_10_100_128_32_64_128epoch=02.ckpt,2,30,0.35517284,40.1282,3.2864,0.0019,4.3094,1.3153,9.2574,0.5868,,764.8222,37.5392,258.9626,12.7105,234.3978,11.5048,220.8247,10.8386,203.2888,9.9779,189.479,9.3001,164.9089,8.0941,32.1312,1.9993,10.8793,0.677,9.8473,0.6127,9.2771,0.5773,8.5404,0.5314,7.9603,0.4953,6.928,0.4311,0.0,0.0,0.0,0.0,0.0,0.0,0.0,,0.0,0.0,0.0,0.0,0.0,0.0,0.0,0.0,0.0,0.0,0.0,0.0,0.0,0.0,0.0,0.0,0.0,0.0,0.0,0.0,0.0,0.0,0.0,0.0,0.0,0.0,0.0,0.0,0.592,0.616,0.2875
1023,64,0.001,3,10,100,32,64,128,184,435241,73,30,"{'sourceA': ['event_time', 'mcc_code', 'term_id'], 'sourceB': ['event_time', 'tr_type', 'amount']}",gender/checkpoints_large_30/model_64_0.001_3_10_100_128_32_64_128epoch=03.ckpt,3,30,0.3717448,39.2212,3.2968,0.0017,4.3204,1.2695,8.5022,0.6266,,823.9466,40.4102,259.9491,12.7491,236.5121,11.5997,223.7635,10.9744,206.5213,10.1288,192.482,9.4402,165.4316,8.1135,37.4014,2.2551,11.7999,0.7115,10.736,0.6473,10.1573,0.6124,9.3746,0.5652,8.7373,0.5268,7.5094,0.4528,0.0,0.0,0.0,0.0,0.0,0.0,0.0,,0.0,0.0,0.0,0.0,0.0,0.0,0.0,0.0,0.0,0.0,0.0,0.0,0.0,0.0,0.0,0.0,0.0,0.0,0.0,0.0,0.0,0.0,0.0,0.0,0.0,0.0,0.0,0.0,0.6,0.6243,0.2875
1024,64,0.001,3,10,100,32,64,128,184,435241,73,30,"{'sourceA': ['event_time', 'mcc_code', 'term_id'], 'sourceB': ['event_time', 'tr_type', 'amount']}",gender/checkpoints_large_30/model_64_0.001_3_10_100_128_32_64_128epoch=04.ckpt,4,30,0.37837362,39.526,3.2964,0.0015,4.3961,1.2482,9.3939,0.6462,,879.5816,43.0865,265.6032,13.0106,243.4587,11.9259,231.1554,11.3232,214.9812,10.5309,201.2485,9.8582,172.1998,8.4353,41.7456,2.4649,12.6057,0.7443,11.5547,0.6823,10.9708,0.6478,10.2032,0.6024,9.5514,0.564,8.1727,0.4826,0.0,0.0,0.0,0.0,0.0,0.0,0.0,,0.0,0.0,0.0,0.0,0.0,0.0,0.0,0.0,0.0,0.0,0.0,0.0,0.0,0.0,0.0,0.0,0.0,0.0,0.0,0.0,0.0,0.0,0.0,0.0,0.0,0.0,0.0,0.0,0.66,0.6794,0.2875
1025,64,0.001,3,10,100,32,64,128,184,435241,73,30,"{'sourceA': ['event_time', 'mcc_code', 'term_id'], 'sourceB': ['event_time', 'tr_type', 'amount']}",gender/checkpoints_large_30/model_64_0.001_3_10_100_128_32_64_128epoch=05.ckpt,5,30,0.38352272,40.8026,3.3008,0.0013,4.4155,1.2602,10.0728,0.6346,,930.6171,45.5011,268.1592,13.1112,246.1214,12.0337,234.0471,11.4434,217.8976,10.6538,204.5104,9.9992,176.5644,8.6328,47.0642,2.7025,13.5616,0.7787,12.4471,0.7147,11.8365,0.6797,11.0198,0.6328,10.3427,0.5939,8.9294,0.5127,0.0,0.0,0.0,0.0,0.0,0.0,0.0,,0.0,0.0,0.0,0.0,0.0,0.0,0.0,0.0,0.0,0.0,0.0,0.0,0.0,0.0,0.0,0.0,0.0,0.0,0.0,0.0,0.0,0.0,0.0,0.0,0.0,0.0,0.0,0.0,0.668,0.6402,0.2875
1026,64,0.001,3,10,100,32,64,128,184,435241,73,30,"{'sourceA': ['event_time', 'mcc_code', 'term_id'], 'sourceB': ['event_time', 'tr_type', 'amount']}",gender/checkpoints_large_30/model_64_0.001_3_10_100_128_32_64_128epoch=06.ckpt,6,30,0.38393706,41.2771,3.2833,0.0012,4.4524,1.2362,10.1919,0.6571,,946.676,46.2695,273.3187,13.3587,251.5035,12.2924,239.1496,11.6886,223.1086,10.9046,209.4901,10.239,182.0844,8.8995,43.1452,2.5254,12.4566,0.7291,11.4624,0.6709,10.8993,0.638,10.1683,0.5952,9.5476,0.5588,8.2986,0.4857,0.0,0.0,0.0,0.0,0.0,0.0,0.0,,0.0,0.0,0.0,0.0,0.0,0.0,0.0,0.0,0.0,0.0,0.0,0.0,0.0,0.0,0.0,0.0,0.0,0.0,0.0,0.0,0.0,0.0,0.0,0.0,0.0,0.0,0.0,0.0,0.672,0.6856,0.2875
1027,64,0.001,3,10,100,32,64,128,184,435241,73,30,"{'sourceA': ['event_time', 'mcc_code', 'term_id'], 'sourceB': ['event_time', 'tr_type', 'amount']}",gender/checkpoints_large_30/model_64_0.001_3_10_100_128_32_64_128epoch=07.ckpt,7,30,0.38671872,41.3315,3.2996,0.001,4.5513,1.2384,9.4205,0.656,,967.0074,47.3069,271.111,13.263,249.9475,12.2277,238.1626,11.6511,222.8533,10.9022,209.7022,10.2588,180.906,8.8501,45.2243,2.6468,12.6791,0.7421,11.6894,0.6841,11.1382,0.6519,10.4222,0.61,9.8072,0.574,8.4605,0.4952,0.0,0.0,0.0,0.0,0.0,0.0,0.0,,0.0,0.0,0.0,0.0,0.0,0.0,0.0,0.0,0.0,0.0,0.0,0.0,0.0,0.0,0.0,0.0,0.0,0.0,0.0,0.0,0.0,0.0,0.0,0.0,0.0,0.0,0.0,0.0,0.696,0.7205,0.2875
1028,64,0.001,3,10,100,32,64,128,184,435241,73,30,"{'sourceA': ['event_time', 'mcc_code', 'term_id'], 'sourceB': ['event_time', 'tr_type', 'amount']}",gender/checkpoints_large_30/model_64_0.001_3_10_100_128_32_64_128epoch=08.ckpt,8,30,0.38926375,42.1042,3.2837,0.001,4.5788,1.2379,10.2656,0.6564,,998.5583,48.7863,274.9682,13.434,253.9492,12.4071,242.084,11.8274,226.6878,11.0752,213.4552,10.4287,185.841,9.0796,48.6984,2.6868,13.4098,0.7399,12.3848,0.6833,11.8061,0.6514,11.0553,0.6099,10.4099,0.5743,9.0632,0.5,0.0,0.0,0.0,0.0,0.0,0.0,0.0,,0.0,0.0,0.0,0.0,0.0,0.0,0.0,0.0,0.0,0.0,0.0,0.0,0.0,0.0,0.0,0.0,0.0,0.0,0.0,0.0,0.0,0.0,0.0,0.0,0.0,0.0,0.0,0.0,0.64,0.6882,0.2875
1029,64,0.001,3,10,100,32,64,128,184,435241,73,30,"{'sourceA': ['event_time', 'mcc_code', 'term_id'], 'sourceB': ['event_time', 'tr_type', 'amount']}",gender/checkpoints_large_30/model_64_0.001_3_10_100_128_32_64_128epoch=09.ckpt,9,30,0.39482716,42.8822,3.2818,0.001,4.6045,1.2422,10.6509,0.652,,1016.78,49.6998,275.2568,13.4545,254.4466,12.4373,242.7169,11.8639,227.4037,11.1154,214.2604,10.473,185.8614,9.0848,46.8347,2.6868,12.6788,0.7273,11.7203,0.6724,11.18,0.6414,10.4746,0.6009,9.8692,0.5662,8.5611,0.4911,0.0,0.0,0.0,0.0,0.0,0.0,0.0,,0.0,0.0,0.0,0.0,0.0,0.0,0.0,0.0,0.0,0.0,0.0,0.0,0.0,0.0,0.0,0.0,0.0,0.0,0.0,0.0,0.0,0.0,0.0,0.0,0.0,0.0,0.0,0.0,0.648,0.6892,0.2875
1030,64,0.001,3,10,100,32,64,128,184,435241,73,30,"{'sourceA': ['event_time', 'mcc_code', 'term_id'], 'sourceB': ['event_time', 'tr_type', 'amount']}",gender/checkpoints_large_30/model_64_0.001_3_10_100_128_32_64_128epoch=10.ckpt,10,30,0.39240062,41.736,3.2792,0.0009,4.6735,1.2198,10.794,0.6753,,1005.8231,49.1969,276.1656,13.5078,255.1555,12.4802,243.6861,11.9192,228.3334,11.1683,215.2798,10.5298,186.7376,9.1337,45.8545,2.6366,12.5901,0.7239,11.6323,0.6688,11.1094,0.6388,10.4095,0.5985,9.8144,0.5643,8.5132,0.4895,0.0,0.0,0.0,0.0,0.0,0.0,0.0,,0.0,0.0,0.0,0.0,0.0,0.0,0.0,0.0,0.0,0.0,0.0,0.0,0.0,0.0,0.0,0.0,0.0,0.0,0.0,0.0,0.0,0.0,0.0,0.0,0.0,0.0,0.0,0.0,0.652,0.7163,0.2875
1031,64,0.001,3,10,100,32,64,128,184,435241,73,30,"{'sourceA': ['event_time', 'mcc_code', 'term_id'], 'sourceB': ['event_time', 'tr_type', 'amount']}",gender/checkpoints_large_30/model_64_0.001_3_10_100_128_32_64_128epoch=11.ckpt,11,30,0.3974905,41.9813,3.2706,0.0008,4.6905,1.2215,11.1109,0.6731,,1016.5367,49.6985,276.1723,13.5021,255.3859,12.4858,244.0313,11.9307,228.9073,11.1913,216.3819,10.5789,188.8216,9.2315,44.2098,2.5265,12.0109,0.6864,11.1069,0.6347,10.6131,0.6065,9.9553,0.5689,9.4106,0.5378,8.212,0.4693,0.0,0.0,0.0,0.0,0.0,0.0,0.0,,0.0,0.0,0.0,0.0,0.0,0.0,0.0,0.0,0.0,0.0,0.0,0.0,0.0,0.0,0.0,0.0,0.0,0.0,0.0,0.0,0.0,0.0,0.0,0.0,0.0,0.0,0.0,0.0,0.648,0.6773,0.2875
1032,64,0.001,3,10,100,32,64,128,184,435241,73,30,"{'sourceA': ['event_time', 'mcc_code', 'term_id'], 'sourceB': ['event_time', 'tr_type', 'amount']}",gender/checkpoints_large_30/model_64_0.001_3_10_100_128_32_64_128epoch=12.ckpt,12,30,0.39358428,41.9879,3.2663,0.0008,4.7195,1.2208,10.7905,0.6743,,1023.313,50.024,276.4168,13.5125,255.7548,12.5024,244.3138,11.9431,229.1693,11.2028,216.5412,10.5855,189.046,9.2414,44.4085,2.5753,11.9956,0.6956,11.0989,0.6436,10.6024,0.6148,9.9452,0.5767,9.3972,0.5449,8.204,0.4758,0.0,0.0,0.0,0.0,0.0,0.0,0.0,,0.0,0.0,0.0,0.0,0.0,0.0,0.0,0.0,0.0,0.0,0.0,0.0,0.0,0.0,0.0,0.0,0.0,0.0,0.0,0.0,0.0,0.0,0.0,0.0,0.0,0.0,0.0,0.0,0.688,0.6953,0.2875
1033,64,0.001,3,10,100,32,64,128,184,435241,73,30,"{'sourceA': ['event_time', 'mcc_code', 'term_id'], 'sourceB': ['event_time', 'tr_type', 'amount']}",gender/checkpoints_large_30/model_64_0.001_3_10_100_128_32_64_128epoch=13.ckpt,13,30,0.39038828,41.9311,3.2591,0.0007,4.7383,1.2153,11.7028,0.6797,,1032.1202,50.4405,278.1744,13.5946,257.6792,12.593,246.2068,12.0323,230.9013,11.2843,217.7733,10.6427,189.2709,9.2498,46.0457,2.6707,12.4101,0.7198,11.4958,0.6668,10.9839,0.6371,10.3011,0.5975,9.7155,0.5635,8.4439,0.4898,0.0,0.0,0.0,0.0,0.0,0.0,0.0,,0.0,0.0,0.0,0.0,0.0,0.0,0.0,0.0,0.0,0.0,0.0,0.0,0.0,0.0,0.0,0.0,0.0,0.0,0.0,0.0,0.0,0.0,0.0,0.0,0.0,0.0,0.0,0.0,0.672,0.707,0.2875
1034,64,0.001,3,10,100,32,64,128,184,435241,73,30,"{'sourceA': ['event_time', 'mcc_code', 'term_id'], 'sourceB': ['event_time', 'tr_type', 'amount']}",gender/checkpoints_large_30/model_64_0.001_3_10_100_128_32_64_128epoch=14.ckpt,14,30,0.4033499,42.0711,3.2654,0.0007,4.7632,1.2171,11.8418,0.6776,,1042.5198,50.9114,278.421,13.5967,258.1579,12.6071,247.065,12.0654,232.5526,11.3567,220.6288,10.7744,193.4518,9.4472,48.599,2.737,12.9791,0.7309,12.0345,0.6777,11.5174,0.6486,10.8409,0.6105,10.285,0.5792,9.0181,0.5079,0.0,0.0,0.0,0.0,0.0,0.0,0.0,,0.0,0.0,0.0,0.0,0.0,0.0,0.0,0.0,0.0,0.0,0.0,0.0,0.0,0.0,0.0,0.0,0.0,0.0,0.0,0.0,0.0,0.0,0.0,0.0,0.0,0.0,0.0,0.0,0.652,0.6752,0.2875
1035,64,0.001,3,10,100,32,64,128,184,435241,73,30,"{'sourceA': ['event_time', 'mcc_code', 'term_id'], 'sourceB': ['event_time', 'tr_type', 'amount']}",gender/checkpoints_large_30/model_64_0.001_3_10_100_128_32_64_128epoch=15.ckpt,15,30,0.3984375,42.0542,3.2578,0.0007,4.7733,1.2124,11.4764,0.6827,,1038.201,50.6961,278.946,13.6211,258.5563,12.6255,247.1615,12.0691,232.3548,11.346,220.0663,10.746,192.8293,9.416,46.3625,2.7022,12.4568,0.726,11.5462,0.673,11.0374,0.6433,10.3762,0.6048,9.8274,0.5728,8.6111,0.5019,0.0,0.0,0.0,0.0,0.0,0.0,0.0,,0.0,0.0,0.0,0.0,0.0,0.0,0.0,0.0,0.0,0.0,0.0,0.0,0.0,0.0,0.0,0.0,0.0,0.0,0.0,0.0,0.0,0.0,0.0,0.0,0.0,0.0,0.0,0.0,0.66,0.7245,0.2875
1036,64,0.001,3,10,100,32,64,128,184,435241,73,30,"{'sourceA': ['event_time', 'mcc_code', 'term_id'], 'sourceB': ['event_time', 'tr_type', 'amount']}",gender/checkpoints_large_30/model_64_0.001_3_10_100_128_32_64_128epoch=16.ckpt,16,30,0.3968395,42.2074,3.2547,0.0007,4.7735,1.2147,11.328,0.68,,1051.1959,51.3376,280.0985,13.6793,259.5791,12.6772,248.3025,12.1264,233.6218,11.4095,221.4002,10.8126,194.3664,9.4923,47.9473,2.7712,12.7759,0.7384,11.84,0.6843,11.3256,0.6546,10.656,0.6159,10.0985,0.5837,8.8655,0.5124,0.0,0.0,0.0,0.0,0.0,0.0,0.0,,0.0,0.0,0.0,0.0,0.0,0.0,0.0,0.0,0.0,0.0,0.0,0.0,0.0,0.0,0.0,0.0,0.0,0.0,0.0,0.0,0.0,0.0,0.0,0.0,0.0,0.0,0.0,0.0,0.648,0.6796,0.2875
1037,64,0.001,3,10,100,32,64,128,184,435241,73,30,"{'sourceA': ['event_time', 'mcc_code', 'term_id'], 'sourceB': ['event_time', 'tr_type', 'amount']}",gender/checkpoints_large_30/model_64_0.001_3_10_100_128_32_64_128epoch=17.ckpt,17,30,0.40015385,41.9282,3.2469,0.0006,4.7993,1.2065,11.1307,0.689,,1049.447,51.2394,280.5666,13.6987,260.1505,12.7019,248.8216,12.1488,234.2765,11.4386,222.0159,10.84,196.2142,9.5802,48.0495,2.7808,12.8459,0.7434,11.9111,0.6893,11.3924,0.6593,10.7265,0.6208,10.1651,0.5883,8.9838,0.5199,0.0,0.0,0.0,0.0,0.0,0.0,0.0,,0.0,0.0,0.0,0.0,0.0,0.0,0.0,0.0,0.0,0.0,0.0,0.0,0.0,0.0,0.0,0.0,0.0,0.0,0.0,0.0,0.0,0.0,0.0,0.0,0.0,0.0,0.0,0.0,0.668,0.6841,0.2875
1038,64,0.001,3,10,100,32,64,128,184,435241,73,30,"{'sourceA': ['event_time', 'mcc_code', 'term_id'], 'sourceB': ['event_time', 'tr_type', 'amount']}",gender/checkpoints_large_30/model_64_0.001_3_10_100_128_32_64_128epoch=18.ckpt,18,30,0.40246218,42.4448,3.2454,0.0007,4.7751,1.2159,12.0433,0.6785,,1064.4606,51.9812,279.5451,13.6511,259.3266,12.6638,248.2275,12.1218,233.5694,11.406,221.4693,10.8151,194.342,9.4904,47.246,2.7961,12.4076,0.7343,11.5102,0.6812,11.0175,0.652,10.3669,0.6135,9.8299,0.5818,8.6258,0.5105,0.0,0.0,0.0,0.0,0.0,0.0,0.0,,0.0,0.0,0.0,0.0,0.0,0.0,0.0,0.0,0.0,0.0,0.0,0.0,0.0,0.0,0.0,0.0,0.0,0.0,0.0,0.0,0.0,0.0,0.0,0.0,0.0,0.0,0.0,0.0,0.676,0.7017,0.2875
1039,64,0.001,3,10,100,32,64,128,184,435241,73,30,"{'sourceA': ['event_time', 'mcc_code', 'term_id'], 'sourceB': ['event_time', 'tr_type', 'amount']}",gender/checkpoints_large_30/model_64_0.001_3_10_100_128_32_64_128epoch=19.ckpt,19,30,0.40358666,42.0883,3.2676,0.0006,4.8001,1.2116,11.6639,0.6836,,1054.0735,51.4685,278.3881,13.5932,258.0326,12.5993,246.9268,12.057,232.402,11.3478,220.2238,10.7531,193.6595,9.4561,48.3415,2.7655,12.7673,0.7304,11.8338,0.677,11.3245,0.6478,10.6583,0.6097,10.0998,0.5778,8.8815,0.5081,0.0,0.0,0.0,0.0,0.0,0.0,0.0,,0.0,0.0,0.0,0.0,0.0,0.0,0.0,0.0,0.0,0.0,0.0,0.0,0.0,0.0,0.0,0.0,0.0,0.0,0.0,0.0,0.0,0.0,0.0,0.0,0.0,0.0,0.0,0.0,0.672,0.7017,0.2875
1040,64,0.001,3,10,100,32,64,128,184,435241,73,30,"{'sourceA': ['event_time', 'mcc_code', 'term_id'], 'sourceB': ['event_time', 'tr_type', 'amount']}",gender/checkpoints_large_30/model_64_0.001_3_10_100_128_32_64_128epoch=20.ckpt,20,30,0.3953598,42.1555,3.2637,0.0006,4.8244,1.2082,12.1788,0.6874,,1062.7388,51.8727,280.4964,13.6911,260.3484,12.7077,249.3346,12.1701,234.7286,11.4572,222.4751,10.8591,196.2856,9.5808,50.6426,2.8853,13.3665,0.7615,12.4064,0.7068,11.8815,0.6769,11.1855,0.6373,10.6016,0.604,9.3536,0.5329,0.0,0.0,0.0,0.0,0.0,0.0,0.0,,0.0,0.0,0.0,0.0,0.0,0.0,0.0,0.0,0.0,0.0,0.0,0.0,0.0,0.0,0.0,0.0,0.0,0.0,0.0,0.0,0.0,0.0,0.0,0.0,0.0,0.0,0.0,0.0,0.68,0.7285,0.2875
1041,64,0.001,3,10,100,32,64,128,184,435241,73,30,"{'sourceA': ['event_time', 'mcc_code', 'term_id'], 'sourceB': ['event_time', 'tr_type', 'amount']}",gender/checkpoints_large_30/model_64_0.001_3_10_100_128_32_64_128epoch=21.ckpt,21,30,0.39902934,41.6703,3.2654,0.0005,4.8538,1.2017,12.2154,0.695,,1053.5416,51.4524,279.8116,13.6653,259.7097,12.6836,248.5242,12.1373,233.9043,11.4233,221.6184,10.8233,194.9152,9.5192,50.6099,2.889,13.4416,0.7673,12.4759,0.7122,11.9386,0.6815,11.2363,0.6414,10.6461,0.6077,9.3633,0.5345,0.0,0.0,0.0,0.0,0.0,0.0,0.0,,0.0,0.0,0.0,0.0,0.0,0.0,0.0,0.0,0.0,0.0,0.0,0.0,0.0,0.0,0.0,0.0,0.0,0.0,0.0,0.0,0.0,0.0,0.0,0.0,0.0,0.0,0.0,0.0,0.632,0.6846,0.2875
1042,64,0.001,3,10,100,32,64,128,184,435241,73,30,"{'sourceA': ['event_time', 'mcc_code', 'term_id'], 'sourceB': ['event_time', 'tr_type', 'amount']}",gender/checkpoints_large_30/model_64_0.001_3_10_100_128_32_64_128epoch=22.ckpt,22,30,0.39678028,41.9113,3.2642,0.0006,4.8545,1.204,12.4991,0.6924,,1065.6713,52.0607,281.7941,13.7663,261.4832,12.7741,250.337,12.2296,235.6928,11.5142,223.5198,10.9195,196.676,9.6081,49.6282,2.8217,13.1231,0.7461,12.1773,0.6924,11.6582,0.6629,10.9762,0.6241,10.4093,0.5918,9.1592,0.5208,0.0,0.0,0.0,0.0,0.0,0.0,0.0,,0.0,0.0,0.0,0.0,0.0,0.0,0.0,0.0,0.0,0.0,0.0,0.0,0.0,0.0,0.0,0.0,0.0,0.0,0.0,0.0,0.0,0.0,0.0,0.0,0.0,0.0,0.0,0.0,0.628,0.7052,0.2875
1043,64,0.001,3,10,100,32,64,128,184,435241,73,30,"{'sourceA': ['event_time', 'mcc_code', 'term_id'], 'sourceB': ['event_time', 'tr_type', 'amount']}",gender/checkpoints_large_30/model_64_0.001_3_10_100_128_32_64_128epoch=23.ckpt,23,30,0.40400094,42.0681,3.2696,0.0006,4.8278,1.2064,12.5331,0.6895,,1065.4447,52.055,280.2992,13.6947,260.1455,12.7101,248.9299,12.1621,234.5257,11.4583,222.5516,10.8733,196.3366,9.5925,47.1675,2.7938,12.4089,0.735,11.5167,0.6822,11.0202,0.6527,10.3825,0.615,9.8524,0.5836,8.6919,0.5148,0.0,0.0,0.0,0.0,0.0,0.0,0.0,,0.0,0.0,0.0,0.0,0.0,0.0,0.0,0.0,0.0,0.0,0.0,0.0,0.0,0.0,0.0,0.0,0.0,0.0,0.0,0.0,0.0,0.0,0.0,0.0,0.0,0.0,0.0,0.0,0.672,0.7007,0.2875
1044,64,0.001,3,10,100,32,64,128,184,435241,73,30,"{'sourceA': ['event_time', 'mcc_code', 'term_id'], 'sourceB': ['event_time', 'tr_type', 'amount']}",gender/checkpoints_large_30/model_64_0.001_3_10_100_128_32_64_128epoch=24.ckpt,24,30,0.40435603,42.3289,3.2597,0.0006,4.8356,1.2107,12.3256,0.6847,,1074.5249,52.4577,280.9981,13.7182,260.9903,12.7414,249.9213,12.201,235.3992,11.4921,223.4819,10.9103,197.5574,9.6446,49.4437,2.8146,12.93,0.7361,12.0093,0.6836,11.5,0.6547,10.8318,0.6166,10.2834,0.5854,9.0905,0.5175,0.0,0.0,0.0,0.0,0.0,0.0,0.0,,0.0,0.0,0.0,0.0,0.0,0.0,0.0,0.0,0.0,0.0,0.0,0.0,0.0,0.0,0.0,0.0,0.0,0.0,0.0,0.0,0.0,0.0,0.0,0.0,0.0,0.0,0.0,0.0,0.644,0.691,0.2875
1045,64,0.001,3,10,100,32,64,128,184,435241,73,30,"{'sourceA': ['event_time', 'mcc_code', 'term_id'], 'sourceB': ['event_time', 'tr_type', 'amount']}",gender/checkpoints_large_30/model_64_0.001_3_10_100_128_32_64_128epoch=25.ckpt,25,30,0.4021662,41.5959,3.2378,0.0005,4.8725,1.2,12.1245,0.6967,,1060.8081,51.8026,280.5926,13.7022,260.4676,12.7194,249.5068,12.1842,235.0358,11.4775,223.2348,10.9013,197.5606,9.6475,49.0443,2.8344,12.9726,0.7497,12.0422,0.696,11.5354,0.6667,10.8664,0.628,10.3208,0.5965,9.1338,0.5279,0.0,0.0,0.0,0.0,0.0,0.0,0.0,,0.0,0.0,0.0,0.0,0.0,0.0,0.0,0.0,0.0,0.0,0.0,0.0,0.0,0.0,0.0,0.0,0.0,0.0,0.0,0.0,0.0,0.0,0.0,0.0,0.0,0.0,0.0,0.0,0.668,0.7149,0.2875
1046,64,0.001,3,10,100,32,64,128,184,435241,73,30,"{'sourceA': ['event_time', 'mcc_code', 'term_id'], 'sourceB': ['event_time', 'tr_type', 'amount']}",gender/checkpoints_large_30/model_64_0.001_3_10_100_128_32_64_128epoch=26.ckpt,26,30,0.40027228,41.8141,3.2576,0.0005,4.8702,1.202,11.9277,0.6942,,1069.739,52.2472,281.1191,13.7302,261.0643,12.7507,250.1675,12.2184,235.9002,11.5216,224.1243,10.9465,198.504,9.6951,50.4622,2.8879,13.2611,0.7589,12.315,0.7048,11.801,0.6754,11.128,0.6368,10.5725,0.6051,9.3639,0.5359,0.0,0.0,0.0,0.0,0.0,0.0,0.0,,0.0,0.0,0.0,0.0,0.0,0.0,0.0,0.0,0.0,0.0,0.0,0.0,0.0,0.0,0.0,0.0,0.0,0.0,0.0,0.0,0.0,0.0,0.0,0.0,0.0,0.0,0.0,0.0,0.664,0.6793,0.2875
1047,64,0.001,3,10,100,32,64,128,184,435241,73,30,"{'sourceA': ['event_time', 'mcc_code', 'term_id'], 'sourceB': ['event_time', 'tr_type', 'amount']}",gender/checkpoints_large_30/model_64_0.001_3_10_100_128_32_64_128epoch=27.ckpt,27,30,0.39997628,41.725,3.2237,0.0005,4.9026,1.2022,12.4207,0.6942,,1068.3883,52.1762,280.4591,13.6966,260.4984,12.7218,249.5417,12.1867,235.0244,11.4777,223.0829,10.8946,196.6153,9.602,51.6557,2.9913,13.56,0.7852,12.5949,0.7293,12.0651,0.6987,11.3632,0.658,10.7859,0.6246,9.5062,0.5505,0.0,0.0,0.0,0.0,0.0,0.0,0.0,,0.0,0.0,0.0,0.0,0.0,0.0,0.0,0.0,0.0,0.0,0.0,0.0,0.0,0.0,0.0,0.0,0.0,0.0,0.0,0.0,0.0,0.0,0.0,0.0,0.0,0.0,0.0,0.0,0.664,0.6921,0.2875
1048,64,0.001,3,10,100,32,64,128,184,435241,73,30,"{'sourceA': ['event_time', 'mcc_code', 'term_id'], 'sourceB': ['event_time', 'tr_type', 'amount']}",gender/checkpoints_large_30/model_64_0.001_3_10_100_128_32_64_128epoch=28.ckpt,28,30,0.4090909,41.8692,3.2258,0.0005,4.895,1.2029,12.3944,0.6933,,1071.4918,52.2993,281.2989,13.7301,261.1854,12.7484,250.1401,12.2093,235.728,11.5058,223.8501,10.9261,197.9069,9.6598,50.6053,2.8828,13.2854,0.7568,12.3355,0.7027,11.8138,0.673,11.1331,0.6342,10.5722,0.6023,9.3469,0.5325,0.0,0.0,0.0,0.0,0.0,0.0,0.0,,0.0,0.0,0.0,0.0,0.0,0.0,0.0,0.0,0.0,0.0,0.0,0.0,0.0,0.0,0.0,0.0,0.0,0.0,0.0,0.0,0.0,0.0,0.0,0.0,0.0,0.0,0.0,0.0,0.68,0.6979,0.2875
1049,64,0.001,3,10,100,32,64,128,184,435241,73,30,"{'sourceA': ['event_time', 'mcc_code', 'term_id'], 'sourceB': ['event_time', 'tr_type', 'amount']}",gender/checkpoints_large_30/model_64_0.001_3_10_100_128_32_64_128epoch=29.ckpt,29,30,0.40423766,41.8998,3.2036,0.0005,4.9102,1.2059,13.0584,0.69,,1078.0153,52.6154,281.2454,13.7269,261.5042,12.7634,250.6783,12.235,236.4254,11.5394,224.7796,10.971,198.8644,9.7061,52.9696,2.9657,13.8193,0.7737,12.8493,0.7194,12.3174,0.6896,11.6171,0.6504,11.0448,0.6184,9.7714,0.5471,0.0,0.0,0.0,0.0,0.0,0.0,0.0,,0.0,0.0,0.0,0.0,0.0,0.0,0.0,0.0,0.0,0.0,0.0,0.0,0.0,0.0,0.0,0.0,0.0,0.0,0.0,0.0,0.0,0.0,0.0,0.0,0.0,0.0,0.0,0.0,0.676,0.6964,0.2875
1050,64,0.001,3,10,100,32,128,128,184,435241,73,30,"{'sourceA': ['event_time', 'mcc_code', 'term_id'], 'sourceB': ['event_time', 'tr_type', 'amount']}",gender/checkpoints_large_30/model_64_0.001_3_10_100_128_32_128_128epoch=00.ckpt,0,30,0.31640625,40.1386,3.2286,0.002,4.4018,1.3399,7.2676,0.5752,,542.8464,26.7389,251.2154,12.3741,221.1667,10.894,204.6707,10.0814,183.7096,9.0489,167.4762,8.2493,143.6964,7.078,18.765,1.2881,8.684,0.5961,7.6452,0.5248,7.075,0.4857,6.3504,0.4359,5.7893,0.3974,4.9673,0.341,0.0,0.0,0.0,0.0,0.0,0.0,0.0,,0.0,0.0,0.0,0.0,0.0,0.0,0.0,0.0,0.0,0.0,0.0,0.0,0.0,0.0,0.0,0.0,0.0,0.0,0.0,0.0,0.0,0.0,0.0,0.0,0.0,0.0,0.0,0.0,0.62,0.5975,0.2875
1051,64,0.001,3,10,100,32,128,128,184,435241,73,30,"{'sourceA': ['event_time', 'mcc_code', 'term_id'], 'sourceB': ['event_time', 'tr_type', 'amount']}",gender/checkpoints_large_30/model_64_0.001_3_10_100_128_32_128_128epoch=01.ckpt,1,30,0.35144413,39.1796,3.1673,0.002,4.2288,1.3012,9.0297,0.6012,,685.9966,33.7901,252.7277,12.4486,226.2872,11.1462,212.0591,10.4454,193.6537,9.5388,178.5669,8.7957,154.2269,7.5968,21.6751,1.4796,7.9853,0.5451,7.1499,0.4881,6.7003,0.4574,6.1188,0.4177,5.6421,0.3851,4.873,0.3326,0.0,0.0,0.0,0.0,0.0,0.0,0.0,,0.0,0.0,0.0,0.0,0.0,0.0,0.0,0.0,0.0,0.0,0.0,0.0,0.0,0.0,0.0,0.0,0.0,0.0,0.0,0.0,0.0,0.0,0.0,0.0,0.0,0.0,0.0,0.0,0.636,0.6391,0.2875
1052,64,0.001,3,10,100,32,128,128,184,435241,73,30,"{'sourceA': ['event_time', 'mcc_code', 'term_id'], 'sourceB': ['event_time', 'tr_type', 'amount']}",gender/checkpoints_large_30/model_64_0.001_3_10_100_128_32_128_128epoch=02.ckpt,2,30,0.36156484,38.4741,3.2359,0.0018,4.2171,1.2411,9.8327,0.6537,,775.6486,38.1106,259.1085,12.731,234.3083,11.5125,221.0113,10.8591,203.4378,9.9957,189.1886,9.2956,161.6607,7.943,31.2151,1.9889,10.4275,0.6644,9.4295,0.6008,8.8944,0.5667,8.1871,0.5217,7.6137,0.4851,6.5059,0.4145,0.0,0.0,0.0,0.0,0.0,0.0,0.0,,0.0,0.0,0.0,0.0,0.0,0.0,0.0,0.0,0.0,0.0,0.0,0.0,0.0,0.0,0.0,0.0,0.0,0.0,0.0,0.0,0.0,0.0,0.0,0.0,0.0,0.0,0.0,0.0,0.632,0.6583,0.2875
1053,64,0.001,3,10,100,32,128,128,184,435241,73,30,"{'sourceA': ['event_time', 'mcc_code', 'term_id'], 'sourceB': ['event_time', 'tr_type', 'amount']}",gender/checkpoints_large_30/model_64_0.001_3_10_100_128_32_128_128epoch=03.ckpt,3,30,0.3725734,40.3353,3.1803,0.0017,4.2676,1.2618,9.5133,0.6327,,845.1081,41.4568,260.9335,12.8001,237.9897,11.6746,225.2523,11.0498,208.9539,10.2502,195.4755,9.5891,169.5316,8.3164,37.7055,2.3326,11.6419,0.7202,10.6182,0.6569,10.0499,0.6217,9.3227,0.5767,8.7214,0.5395,7.5639,0.4679,0.0,0.0,0.0,0.0,0.0,0.0,0.0,,0.0,0.0,0.0,0.0,0.0,0.0,0.0,0.0,0.0,0.0,0.0,0.0,0.0,0.0,0.0,0.0,0.0,0.0,0.0,0.0,0.0,0.0,0.0,0.0,0.0,0.0,0.0,0.0,0.612,0.6498,0.2875
1054,64,0.001,3,10,100,32,128,128,184,435241,73,30,"{'sourceA': ['event_time', 'mcc_code', 'term_id'], 'sourceB': ['event_time', 'tr_type', 'amount']}",gender/checkpoints_large_30/model_64_0.001_3_10_100_128_32_128_128epoch=04.ckpt,4,30,0.3858902,40.6966,3.1385,0.0015,4.3178,1.2494,9.226,0.6446,,880.3325,43.1125,264.7204,12.9641,242.1354,11.8581,229.7205,11.2501,213.2149,10.4418,199.6982,9.7798,172.7193,8.4586,38.9349,2.394,11.7079,0.7199,10.709,0.6585,10.16,0.6247,9.43,0.5798,8.8322,0.5431,7.6389,0.4697,0.0,0.0,0.0,0.0,0.0,0.0,0.0,,0.0,0.0,0.0,0.0,0.0,0.0,0.0,0.0,0.0,0.0,0.0,0.0,0.0,0.0,0.0,0.0,0.0,0.0,0.0,0.0,0.0,0.0,0.0,0.0,0.0,0.0,0.0,0.0,0.632,0.6607,0.2875
1055,64,0.001,3,10,100,32,128,128,184,435241,73,30,"{'sourceA': ['event_time', 'mcc_code', 'term_id'], 'sourceB': ['event_time', 'tr_type', 'amount']}",gender/checkpoints_large_30/model_64_0.001_3_10_100_128_32_128_128epoch=05.ckpt,5,30,0.3863044,40.2923,3.1217,0.0012,4.3863,1.2297,9.2954,0.6647,,908.6329,44.5197,267.8471,13.1235,245.7837,12.0425,233.3059,11.4311,216.574,10.6113,202.8688,9.9398,175.2135,8.5848,38.2759,2.3416,11.283,0.6903,10.3536,0.6334,9.8279,0.6012,9.1231,0.5581,8.5458,0.5228,7.3808,0.4515,0.0,0.0,0.0,0.0,0.0,0.0,0.0,,0.0,0.0,0.0,0.0,0.0,0.0,0.0,0.0,0.0,0.0,0.0,0.0,0.0,0.0,0.0,0.0,0.0,0.0,0.0,0.0,0.0,0.0,0.0,0.0,0.0,0.0,0.0,0.0,0.612,0.6524,0.2875
1056,64,0.001,3,10,100,32,128,128,184,435241,73,30,"{'sourceA': ['event_time', 'mcc_code', 'term_id'], 'sourceB': ['event_time', 'tr_type', 'amount']}",gender/checkpoints_large_30/model_64_0.001_3_10_100_128_32_128_128epoch=06.ckpt,6,30,0.3939986,41.7955,3.1004,0.0012,4.382,1.2422,9.3212,0.6515,,949.3283,46.442,271.1196,13.2634,249.7361,12.2173,237.8715,11.6369,221.5899,10.8404,207.8686,10.1691,179.827,8.7973,38.372,2.3136,10.9587,0.6607,10.0944,0.6086,9.6148,0.5797,8.9567,0.54,8.4021,0.5066,7.2686,0.4382,0.0,0.0,0.0,0.0,0.0,0.0,0.0,,0.0,0.0,0.0,0.0,0.0,0.0,0.0,0.0,0.0,0.0,0.0,0.0,0.0,0.0,0.0,0.0,0.0,0.0,0.0,0.0,0.0,0.0,0.0,0.0,0.0,0.0,0.0,0.0,0.632,0.6519,0.2875
1057,64,0.001,3,10,100,32,128,128,184,435241,73,30,"{'sourceA': ['event_time', 'mcc_code', 'term_id'], 'sourceB': ['event_time', 'tr_type', 'amount']}",gender/checkpoints_large_30/model_64_0.001_3_10_100_128_32_128_128epoch=07.ckpt,7,30,0.3870739,41.7327,3.1031,0.0011,4.4307,1.231,9.9074,0.6633,,963.4582,47.1169,273.0426,13.3528,251.3747,12.2932,239.3299,11.7042,223.1586,10.9133,209.1464,10.2281,180.4418,8.8243,39.381,2.4227,11.1605,0.6866,10.2749,0.6321,9.7825,0.6018,9.1215,0.5612,8.5488,0.5259,7.3755,0.4537,0.0,0.0,0.0,0.0,0.0,0.0,0.0,,0.0,0.0,0.0,0.0,0.0,0.0,0.0,0.0,0.0,0.0,0.0,0.0,0.0,0.0,0.0,0.0,0.0,0.0,0.0,0.0,0.0,0.0,0.0,0.0,0.0,0.0,0.0,0.0,0.636,0.6488,0.2875
1058,64,0.001,3,10,100,32,128,128,184,435241,73,30,"{'sourceA': ['event_time', 'mcc_code', 'term_id'], 'sourceB': ['event_time', 'tr_type', 'amount']}",gender/checkpoints_large_30/model_64_0.001_3_10_100_128_32_128_128epoch=08.ckpt,8,30,0.39441282,41.7465,3.1643,0.0009,4.4895,1.2174,10.4806,0.6776,,973.2097,47.5776,275.6883,13.4777,254.0626,12.4204,241.983,11.8299,225.7332,11.0355,212.6215,10.3945,184.4524,9.0174,38.8336,2.4165,11.0007,0.6845,10.1378,0.6308,9.6558,0.6008,9.0073,0.5605,8.4842,0.5279,7.3601,0.458,0.0,0.0,0.0,0.0,0.0,0.0,0.0,,0.0,0.0,0.0,0.0,0.0,0.0,0.0,0.0,0.0,0.0,0.0,0.0,0.0,0.0,0.0,0.0,0.0,0.0,0.0,0.0,0.0,0.0,0.0,0.0,0.0,0.0,0.0,0.0,0.636,0.6689,0.2875
1059,64,0.001,3,10,100,32,128,128,184,435241,73,30,"{'sourceA': ['event_time', 'mcc_code', 'term_id'], 'sourceB': ['event_time', 'tr_type', 'amount']}",gender/checkpoints_large_30/model_64_0.001_3_10_100_128_32_128_128epoch=09.ckpt,9,30,0.39914772,41.8227,3.1646,0.0008,4.5393,1.2161,11.081,0.6795,,980.1177,47.9576,275.1587,13.4636,253.1869,12.3886,241.0471,11.7945,224.7389,10.9966,210.8055,10.3148,182.3707,8.9235,35.8674,2.3004,10.0694,0.6458,9.2654,0.5942,8.8211,0.5658,8.2243,0.5275,7.7144,0.4948,6.6739,0.428,0.0,0.0,0.0,0.0,0.0,0.0,0.0,,0.0,0.0,0.0,0.0,0.0,0.0,0.0,0.0,0.0,0.0,0.0,0.0,0.0,0.0,0.0,0.0,0.0,0.0,0.0,0.0,0.0,0.0,0.0,0.0,0.0,0.0,0.0,0.0,0.696,0.7002,0.2875
1060,64,0.001,3,10,100,32,128,128,184,435241,73,30,"{'sourceA': ['event_time', 'mcc_code', 'term_id'], 'sourceB': ['event_time', 'tr_type', 'amount']}",gender/checkpoints_large_30/model_64_0.001_3_10_100_128_32_128_128epoch=10.ckpt,10,30,0.39541903,41.8672,3.1456,0.0008,4.5677,1.2137,10.6616,0.6817,,993.9477,48.6111,277.0144,13.548,255.3909,12.4904,243.2844,11.8983,227.6179,11.1321,214.3083,10.4812,186.9389,9.1426,39.7653,2.4784,11.0826,0.6907,10.2175,0.6368,9.7332,0.6066,9.1064,0.5676,8.5739,0.5344,7.4789,0.4661,0.0,0.0,0.0,0.0,0.0,0.0,0.0,,0.0,0.0,0.0,0.0,0.0,0.0,0.0,0.0,0.0,0.0,0.0,0.0,0.0,0.0,0.0,0.0,0.0,0.0,0.0,0.0,0.0,0.0,0.0,0.0,0.0,0.0,0.0,0.0,0.664,0.6913,0.2875
1061,64,0.001,3,10,100,32,128,128,184,435241,73,30,"{'sourceA': ['event_time', 'mcc_code', 'term_id'], 'sourceB': ['event_time', 'tr_type', 'amount']}",gender/checkpoints_large_30/model_64_0.001_3_10_100_128_32_128_128epoch=11.ckpt,11,30,0.3938802,42.1865,3.2161,0.0008,4.5916,1.2145,11.1028,0.6809,,1005.3304,49.1806,277.6477,13.5825,256.0648,12.5266,244.1059,11.9416,228.4379,11.1751,215.1667,10.5259,187.9953,9.1967,40.6174,2.4489,11.2175,0.6763,10.3455,0.6237,9.8624,0.5946,9.2294,0.5564,8.6932,0.5241,7.5954,0.4579,0.0,0.0,0.0,0.0,0.0,0.0,0.0,,0.0,0.0,0.0,0.0,0.0,0.0,0.0,0.0,0.0,0.0,0.0,0.0,0.0,0.0,0.0,0.0,0.0,0.0,0.0,0.0,0.0,0.0,0.0,0.0,0.0,0.0,0.0,0.0,0.656,0.6923,0.2875
1062,64,0.001,3,10,100,32,128,128,184,435241,73,30,"{'sourceA': ['event_time', 'mcc_code', 'term_id'], 'sourceB': ['event_time', 'tr_type', 'amount']}",gender/checkpoints_large_30/model_64_0.001_3_10_100_128_32_128_128epoch=12.ckpt,12,30,0.39926612,42.1426,3.1385,0.0008,4.5982,1.2142,10.7756,0.6807,,1009.6895,49.3452,277.5799,13.5658,256.2093,12.5214,244.2697,11.9379,228.445,11.1645,215.5504,10.5343,188.9233,9.233,40.1274,2.4327,11.0317,0.6688,10.1823,0.6173,9.7078,0.5885,9.0789,0.5504,8.5665,0.5193,7.5082,0.4552,0.0,0.0,0.0,0.0,0.0,0.0,0.0,,0.0,0.0,0.0,0.0,0.0,0.0,0.0,0.0,0.0,0.0,0.0,0.0,0.0,0.0,0.0,0.0,0.0,0.0,0.0,0.0,0.0,0.0,0.0,0.0,0.0,0.0,0.0,0.0,0.668,0.6823,0.2875
1063,64,0.001,3,10,100,32,128,128,184,435241,73,30,"{'sourceA': ['event_time', 'mcc_code', 'term_id'], 'sourceB': ['event_time', 'tr_type', 'amount']}",gender/checkpoints_large_30/model_64_0.001_3_10_100_128_32_128_128epoch=13.ckpt,13,30,0.39340675,41.7962,3.1523,0.0007,4.6443,1.2097,10.8377,0.6849,,1016.3752,49.6615,277.5615,13.5621,256.5025,12.5331,244.7284,11.9578,229.4109,11.2093,216.5663,10.5817,190.3993,9.3032,39.8042,2.4006,10.8701,0.6556,10.0454,0.6058,9.5843,0.578,8.9844,0.5418,8.4814,0.5115,7.4566,0.4497,0.0,0.0,0.0,0.0,0.0,0.0,0.0,,0.0,0.0,0.0,0.0,0.0,0.0,0.0,0.0,0.0,0.0,0.0,0.0,0.0,0.0,0.0,0.0,0.0,0.0,0.0,0.0,0.0,0.0,0.0,0.0,0.0,0.0,0.0,0.0,0.672,0.7009,0.2875
1064,64,0.001,3,10,100,32,128,128,184,435241,73,30,"{'sourceA': ['event_time', 'mcc_code', 'term_id'], 'sourceB': ['event_time', 'tr_type', 'amount']}",gender/checkpoints_large_30/model_64_0.001_3_10_100_128_32_128_128epoch=14.ckpt,14,30,0.3981416,41.7879,3.1647,0.0007,4.6609,1.2075,11.2788,0.688,,1013.5887,49.5717,277.2862,13.5613,255.9922,12.5198,244.2175,11.944,228.3889,11.1698,215.0459,10.5173,187.7182,9.1808,38.7645,2.3883,10.6048,0.6534,9.7904,0.6032,9.3401,0.5754,8.7347,0.5381,8.2244,0.5067,7.1793,0.4423,0.0,0.0,0.0,0.0,0.0,0.0,0.0,,0.0,0.0,0.0,0.0,0.0,0.0,0.0,0.0,0.0,0.0,0.0,0.0,0.0,0.0,0.0,0.0,0.0,0.0,0.0,0.0,0.0,0.0,0.0,0.0,0.0,0.0,0.0,0.0,0.668,0.6717,0.2875
1065,64,0.001,3,10,100,32,128,128,184,435241,73,30,"{'sourceA': ['event_time', 'mcc_code', 'term_id'], 'sourceB': ['event_time', 'tr_type', 'amount']}",gender/checkpoints_large_30/model_64_0.001_3_10_100_128_32_128_128epoch=15.ckpt,15,30,0.3958333,41.8698,3.1524,0.0007,4.6788,1.2109,10.7927,0.6842,,1022.8447,50.0027,277.719,13.5765,256.7053,12.5493,244.9926,11.9767,229.5627,11.2224,216.4158,10.5797,188.7477,9.2271,40.5267,2.4461,11.0037,0.6642,10.1711,0.6139,9.707,0.5859,9.0956,0.549,8.5747,0.5175,7.4785,0.4514,0.0,0.0,0.0,0.0,0.0,0.0,0.0,,0.0,0.0,0.0,0.0,0.0,0.0,0.0,0.0,0.0,0.0,0.0,0.0,0.0,0.0,0.0,0.0,0.0,0.0,0.0,0.0,0.0,0.0,0.0,0.0,0.0,0.0,0.0,0.0,0.676,0.6952,0.2875
1066,64,0.001,3,10,100,32,128,128,184,435241,73,30,"{'sourceA': ['event_time', 'mcc_code', 'term_id'], 'sourceB': ['event_time', 'tr_type', 'amount']}",gender/checkpoints_large_30/model_64_0.001_3_10_100_128_32_128_128epoch=16.ckpt,16,30,0.39790487,41.7674,3.1627,0.0007,4.7143,1.2086,11.4908,0.6865,,1026.0931,50.1545,277.6817,13.5728,256.5769,12.5413,244.9009,11.9705,229.2313,11.2046,216.3255,10.5738,190.8663,9.3294,41.5078,2.4883,11.2329,0.6734,10.3791,0.6222,9.9068,0.5939,9.2729,0.5559,8.7509,0.5246,7.721,0.4629,0.0,0.0,0.0,0.0,0.0,0.0,0.0,,0.0,0.0,0.0,0.0,0.0,0.0,0.0,0.0,0.0,0.0,0.0,0.0,0.0,0.0,0.0,0.0,0.0,0.0,0.0,0.0,0.0,0.0,0.0,0.0,0.0,0.0,0.0,0.0,0.632,0.6851,0.2875
1067,64,0.001,3,10,100,32,128,128,184,435241,73,30,"{'sourceA': ['event_time', 'mcc_code', 'term_id'], 'sourceB': ['event_time', 'tr_type', 'amount']}",gender/checkpoints_large_30/model_64_0.001_3_10_100_128_32_128_128epoch=17.ckpt,17,30,0.3993845,41.8568,3.1387,0.0006,4.7097,1.2067,10.9311,0.6885,,1026.1862,50.1471,277.6187,13.5665,256.4766,12.5334,244.5015,11.9482,229.3169,11.2061,216.8329,10.5961,191.313,9.349,41.7467,2.5221,11.2939,0.6823,10.4338,0.6304,9.9467,0.6009,9.3289,0.5636,8.8211,0.5329,7.7829,0.4702,0.0,0.0,0.0,0.0,0.0,0.0,0.0,,0.0,0.0,0.0,0.0,0.0,0.0,0.0,0.0,0.0,0.0,0.0,0.0,0.0,0.0,0.0,0.0,0.0,0.0,0.0,0.0,0.0,0.0,0.0,0.0,0.0,0.0,0.0,0.0,0.652,0.6893,0.2875
1068,64,0.001,3,10,100,32,128,128,184,435241,73,30,"{'sourceA': ['event_time', 'mcc_code', 'term_id'], 'sourceB': ['event_time', 'tr_type', 'amount']}",gender/checkpoints_large_30/model_64_0.001_3_10_100_128_32_128_128epoch=18.ckpt,18,30,0.39784563,41.8935,3.1456,0.0006,4.723,1.2096,11.4953,0.6851,,1034.8425,50.5623,278.2447,13.595,257.1873,12.5662,245.2911,11.9849,229.9443,11.2351,217.1545,10.6101,191.4898,9.3562,40.4826,2.4686,10.8848,0.6638,10.0611,0.6135,9.5957,0.5851,8.9953,0.5485,8.495,0.518,7.491,0.4568,0.0,0.0,0.0,0.0,0.0,0.0,0.0,,0.0,0.0,0.0,0.0,0.0,0.0,0.0,0.0,0.0,0.0,0.0,0.0,0.0,0.0,0.0,0.0,0.0,0.0,0.0,0.0,0.0,0.0,0.0,0.0,0.0,0.0,0.0,0.0,0.632,0.6903,0.2875
1069,64,0.001,3,10,100,32,128,128,184,435241,73,30,"{'sourceA': ['event_time', 'mcc_code', 'term_id'], 'sourceB': ['event_time', 'tr_type', 'amount']}",gender/checkpoints_large_30/model_64_0.001_3_10_100_128_32_128_128epoch=19.ckpt,19,30,0.39701703,41.6941,3.1367,0.0006,4.7513,1.2047,10.9704,0.6903,,1038.116,50.705,278.5859,13.607,257.498,12.577,245.621,11.9969,230.3612,11.2516,217.835,10.6398,192.5685,9.4057,43.3305,2.5757,11.628,0.6912,10.7478,0.6389,10.2521,0.6094,9.6152,0.5715,9.0923,0.5405,8.0377,0.4778,0.0,0.0,0.0,0.0,0.0,0.0,0.0,,0.0,0.0,0.0,0.0,0.0,0.0,0.0,0.0,0.0,0.0,0.0,0.0,0.0,0.0,0.0,0.0,0.0,0.0,0.0,0.0,0.0,0.0,0.0,0.0,0.0,0.0,0.0,0.0,0.688,0.6966,0.2875
1070,64,0.001,3,10,100,32,128,128,184,435241,73,30,"{'sourceA': ['event_time', 'mcc_code', 'term_id'], 'sourceB': ['event_time', 'tr_type', 'amount']}",gender/checkpoints_large_30/model_64_0.001_3_10_100_128_32_128_128epoch=20.ckpt,20,30,0.3963068,40.6199,3.1472,0.0006,4.8119,1.1901,11.5595,0.7073,,1021.3639,49.9093,278.8639,13.6268,257.643,12.5898,245.8444,12.0133,230.4354,11.2603,218.0708,10.6561,191.6419,9.3646,40.223,2.4171,10.9821,0.6599,10.1464,0.6097,9.6817,0.5818,9.0749,0.5453,8.588,0.5161,7.5472,0.4535,0.0,0.0,0.0,0.0,0.0,0.0,0.0,,0.0,0.0,0.0,0.0,0.0,0.0,0.0,0.0,0.0,0.0,0.0,0.0,0.0,0.0,0.0,0.0,0.0,0.0,0.0,0.0,0.0,0.0,0.0,0.0,0.0,0.0,0.0,0.0,0.668,0.6896,0.2875
1071,64,0.001,3,10,100,32,128,128,184,435241,73,30,"{'sourceA': ['event_time', 'mcc_code', 'term_id'], 'sourceB': ['event_time', 'tr_type', 'amount']}",gender/checkpoints_large_30/model_64_0.001_3_10_100_128_32_128_128epoch=21.ckpt,21,30,0.3936434,40.9906,3.1531,0.0006,4.8022,1.1967,11.3441,0.6997,,1030.5337,50.3305,277.8772,13.5713,256.9418,12.5488,245.0857,11.9698,229.7955,11.223,217.2646,10.611,191.9791,9.3761,41.7149,2.4948,11.2482,0.6727,10.4007,0.622,9.9208,0.5933,9.3019,0.5563,8.7946,0.526,7.7711,0.4648,0.0,0.0,0.0,0.0,0.0,0.0,0.0,,0.0,0.0,0.0,0.0,0.0,0.0,0.0,0.0,0.0,0.0,0.0,0.0,0.0,0.0,0.0,0.0,0.0,0.0,0.0,0.0,0.0,0.0,0.0,0.0,0.0,0.0,0.0,0.0,0.62,0.6757,0.2875
1072,64,0.001,3,10,100,32,128,128,184,435241,73,30,"{'sourceA': ['event_time', 'mcc_code', 'term_id'], 'sourceB': ['event_time', 'tr_type', 'amount']}",gender/checkpoints_large_30/model_64_0.001_3_10_100_128_32_128_128epoch=22.ckpt,22,30,0.39565575,40.9333,3.1394,0.0006,4.7937,1.1962,11.5167,0.7003,,1032.3323,50.4347,278.2768,13.5953,257.0642,12.5589,245.2798,11.9832,230.0463,11.2389,217.5189,10.6269,192.0847,9.3843,42.5529,2.6071,11.4706,0.7028,10.5962,0.6492,10.1105,0.6194,9.4826,0.581,8.9662,0.5493,7.9178,0.4851,0.0,0.0,0.0,0.0,0.0,0.0,0.0,,0.0,0.0,0.0,0.0,0.0,0.0,0.0,0.0,0.0,0.0,0.0,0.0,0.0,0.0,0.0,0.0,0.0,0.0,0.0,0.0,0.0,0.0,0.0,0.0,0.0,0.0,0.0,0.0,0.66,0.6834,0.2875
1073,64,0.001,3,10,100,32,128,128,184,435241,73,30,"{'sourceA': ['event_time', 'mcc_code', 'term_id'], 'sourceB': ['event_time', 'tr_type', 'amount']}",gender/checkpoints_large_30/model_64_0.001_3_10_100_128_32_128_128epoch=23.ckpt,23,30,0.39530066,40.815,3.1498,0.0006,4.8076,1.1944,11.5159,0.7024,,1033.1167,50.4617,278.6905,13.6124,257.6986,12.5871,245.8674,12.0092,230.5067,11.2589,217.7348,10.6351,191.6656,9.3617,42.5684,2.5285,11.4831,0.6821,10.6182,0.6307,10.1307,0.6018,9.4978,0.5642,8.9715,0.5329,7.8974,0.4691,0.0,0.0,0.0,0.0,0.0,0.0,0.0,,0.0,0.0,0.0,0.0,0.0,0.0,0.0,0.0,0.0,0.0,0.0,0.0,0.0,0.0,0.0,0.0,0.0,0.0,0.0,0.0,0.0,0.0,0.0,0.0,0.0,0.0,0.0,0.0,0.636,0.6854,0.2875
1074,64,0.001,3,10,100,32,128,128,184,435241,73,30,"{'sourceA': ['event_time', 'mcc_code', 'term_id'], 'sourceB': ['event_time', 'tr_type', 'amount']}",gender/checkpoints_large_30/model_64_0.001_3_10_100_128_32_128_128epoch=24.ckpt,24,30,0.39553738,40.6154,3.18,0.0006,4.8539,1.1936,12.0854,0.7033,,1040.1218,50.7902,279.4257,13.6446,258.3729,12.6166,246.4977,12.0367,231.1761,11.2886,218.7066,10.6797,193.0188,9.4253,44.9322,2.6456,12.0709,0.7107,11.1614,0.6572,10.6484,0.627,9.9866,0.588,9.4479,0.5563,8.3382,0.4909,0.0,0.0,0.0,0.0,0.0,0.0,0.0,,0.0,0.0,0.0,0.0,0.0,0.0,0.0,0.0,0.0,0.0,0.0,0.0,0.0,0.0,0.0,0.0,0.0,0.0,0.0,0.0,0.0,0.0,0.0,0.0,0.0,0.0,0.0,0.0,0.664,0.6985,0.2875
1075,64,0.001,3,10,100,32,128,128,184,435241,73,30,"{'sourceA': ['event_time', 'mcc_code', 'term_id'], 'sourceB': ['event_time', 'tr_type', 'amount']}",gender/checkpoints_large_30/model_64_0.001_3_10_100_128_32_128_128epoch=25.ckpt,25,30,0.39695784,40.7426,3.1768,0.0006,4.8208,1.1938,11.3392,0.7029,,1039.6768,50.7703,278.9092,13.6199,257.9083,12.5944,246.2051,12.0229,230.8032,11.2708,218.4374,10.6669,193.3136,9.44,44.3803,2.6513,11.9057,0.7113,11.0092,0.6577,10.5097,0.6279,9.8522,0.5886,9.3244,0.557,8.2519,0.493,0.0,0.0,0.0,0.0,0.0,0.0,0.0,,0.0,0.0,0.0,0.0,0.0,0.0,0.0,0.0,0.0,0.0,0.0,0.0,0.0,0.0,0.0,0.0,0.0,0.0,0.0,0.0,0.0,0.0,0.0,0.0,0.0,0.0,0.0,0.0,0.68,0.7121,0.2875
1076,64,0.001,3,10,100,32,128,128,184,435241,73,30,"{'sourceA': ['event_time', 'mcc_code', 'term_id'], 'sourceB': ['event_time', 'tr_type', 'amount']}",gender/checkpoints_large_30/model_64_0.001_3_10_100_128_32_128_128epoch=26.ckpt,26,30,0.39245975,41.069,3.1981,0.0007,4.812,1.1984,11.8016,0.6976,,1049.5792,51.2523,279.3765,13.6423,258.4935,12.6226,246.7409,12.0487,231.4951,11.3042,219.2138,10.7045,194.0999,9.4782,43.4464,2.6057,11.5646,0.6936,10.7001,0.6417,10.2136,0.6126,9.5825,0.5747,9.0742,0.5442,8.0346,0.4819,0.0,0.0,0.0,0.0,0.0,0.0,0.0,,0.0,0.0,0.0,0.0,0.0,0.0,0.0,0.0,0.0,0.0,0.0,0.0,0.0,0.0,0.0,0.0,0.0,0.0,0.0,0.0,0.0,0.0,0.0,0.0,0.0,0.0,0.0,0.0,0.656,0.6947,0.2875
1077,64,0.001,3,10,100,32,128,128,184,435241,73,30,"{'sourceA': ['event_time', 'mcc_code', 'term_id'], 'sourceB': ['event_time', 'tr_type', 'amount']}",gender/checkpoints_large_30/model_64_0.001_3_10_100_128_32_128_128epoch=27.ckpt,27,30,0.39814156,40.6617,3.2651,0.0006,4.8276,1.1912,11.3569,0.7062,,1039.2372,50.7589,279.5155,13.6522,258.4676,12.6242,246.7946,12.054,231.5517,11.3095,219.0743,10.7001,194.0593,9.4783,42.7877,2.573,11.5083,0.692,10.6417,0.6399,10.1611,0.611,9.5335,0.5733,9.0198,0.5424,7.9899,0.4805,0.0,0.0,0.0,0.0,0.0,0.0,0.0,,0.0,0.0,0.0,0.0,0.0,0.0,0.0,0.0,0.0,0.0,0.0,0.0,0.0,0.0,0.0,0.0,0.0,0.0,0.0,0.0,0.0,0.0,0.0,0.0,0.0,0.0,0.0,0.0,0.66,0.6975,0.2875
1078,64,0.001,3,10,100,32,128,128,184,435241,73,30,"{'sourceA': ['event_time', 'mcc_code', 'term_id'], 'sourceB': ['event_time', 'tr_type', 'amount']}",gender/checkpoints_large_30/model_64_0.001_3_10_100_128_32_128_128epoch=28.ckpt,28,30,0.39571494,40.4239,3.2332,0.0006,4.8691,1.1902,11.9239,0.707,,1048.4434,51.1937,279.9731,13.6706,259.0622,12.6496,247.3094,12.0757,232.053,11.3308,219.8037,10.7326,194.7287,9.5083,43.735,2.5905,11.6789,0.6918,10.8066,0.6401,10.3163,0.611,9.6799,0.5734,9.1689,0.5431,8.123,0.4811,0.0,0.0,0.0,0.0,0.0,0.0,0.0,,0.0,0.0,0.0,0.0,0.0,0.0,0.0,0.0,0.0,0.0,0.0,0.0,0.0,0.0,0.0,0.0,0.0,0.0,0.0,0.0,0.0,0.0,0.0,0.0,0.0,0.0,0.0,0.0,0.628,0.7016,0.2875
1079,64,0.001,3,10,100,32,128,128,184,435241,73,30,"{'sourceA': ['event_time', 'mcc_code', 'term_id'], 'sourceB': ['event_time', 'tr_type', 'amount']}",gender/checkpoints_large_30/model_64_0.001_3_10_100_128_32_128_128epoch=29.ckpt,29,30,0.3955966,40.1447,3.2424,0.0006,4.8956,1.1871,11.7089,0.7108,,1041.5549,50.8617,280.0183,13.674,259.0073,12.648,247.1636,12.0696,232.0665,11.3324,219.8753,10.7371,194.9965,9.5222,42.5688,2.5305,11.4445,0.6803,10.5857,0.6293,10.1017,0.6005,9.4847,0.5638,8.9864,0.5342,7.9696,0.4737,0.0,0.0,0.0,0.0,0.0,0.0,0.0,,0.0,0.0,0.0,0.0,0.0,0.0,0.0,0.0,0.0,0.0,0.0,0.0,0.0,0.0,0.0,0.0,0.0,0.0,0.0,0.0,0.0,0.0,0.0,0.0,0.0,0.0,0.0,0.0,0.64,0.6864,0.2875
1080,64,0.001,3,10,100,32,8,64,184,435241,73,30,"{'sourceA': ['event_time', 'mcc_code', 'term_id'], 'sourceB': ['event_time', 'tr_type', 'amount']}",gender/checkpoints_large_30/model_64_0.001_3_10_100_64_32_8_64epoch=00.ckpt,0,30,0.23668326,25.3931,6.1294,0.0037,4.0429,1.3255,5.4217,0.5819,,386.3837,19.1736,233.2222,11.5732,204.1196,10.1291,187.9018,9.3243,165.9639,8.2357,148.5247,7.3703,119.3462,5.9223,18.1934,1.1815,10.9816,0.7131,9.6112,0.6242,8.8476,0.5746,7.8146,0.5075,6.9935,0.4542,5.6196,0.3649,0.0,0.0,0.0,0.0,0.0,0.0,0.0,,0.0,0.0,0.0,0.0,0.0,0.0,0.0,0.0,0.0,0.0,0.0,0.0,0.0,0.0,0.0,0.0,0.0,0.0,0.0,0.0,0.0,0.0,0.0,0.0,0.0,0.0,0.0,0.0,0.58,0.5748,0.2875
1081,64,0.001,3,10,100,32,8,64,184,435241,73,30,"{'sourceA': ['event_time', 'mcc_code', 'term_id'], 'sourceB': ['event_time', 'tr_type', 'amount']}",gender/checkpoints_large_30/model_64_0.001_3_10_100_64_32_8_64epoch=01.ckpt,1,30,0.286991,26.8715,6.1959,0.0053,3.8549,1.3809,5.7641,0.5376,,470.81,23.2685,232.693,11.5002,205.9231,10.1772,190.9979,9.4396,171.7688,8.4892,156.7681,7.7478,132.9821,6.5723,24.3786,1.5198,12.0489,0.7511,10.6627,0.6647,9.8899,0.6166,8.8942,0.5545,8.1175,0.5061,6.8858,0.4293,0.0,0.0,0.0,0.0,0.0,0.0,0.0,,0.0,0.0,0.0,0.0,0.0,0.0,0.0,0.0,0.0,0.0,0.0,0.0,0.0,0.0,0.0,0.0,0.0,0.0,0.0,0.0,0.0,0.0,0.0,0.0,0.0,0.0,0.0,0.0,0.576,0.5758,0.2875
1082,64,0.001,3,10,100,32,8,64,184,435241,73,30,"{'sourceA': ['event_time', 'mcc_code', 'term_id'], 'sourceB': ['event_time', 'tr_type', 'amount']}",gender/checkpoints_large_30/model_64_0.001_3_10_100_64_32_8_64epoch=02.ckpt,2,30,0.30829778,27.1832,5.647,0.005,3.7235,1.3535,7.1052,0.5538,,524.2546,25.7734,236.5428,11.6289,211.0085,10.3736,197.1124,9.6904,178.9381,8.797,166.1502,8.1683,145.6843,7.1621,31.8455,1.8717,14.3686,0.8445,12.8176,0.7533,11.9735,0.7037,10.8695,0.6388,10.0927,0.5932,8.8495,0.5201,0.0,0.0,0.0,0.0,0.0,0.0,0.0,,0.0,0.0,0.0,0.0,0.0,0.0,0.0,0.0,0.0,0.0,0.0,0.0,0.0,0.0,0.0,0.0,0.0,0.0,0.0,0.0,0.0,0.0,0.0,0.0,0.0,0.0,0.0,0.0,0.6,0.6368,0.2875
1083,64,0.001,3,10,100,32,8,64,184,435241,73,30,"{'sourceA': ['event_time', 'mcc_code', 'term_id'], 'sourceB': ['event_time', 'tr_type', 'amount']}",gender/checkpoints_large_30/model_64_0.001_3_10_100_64_32_8_64epoch=03.ckpt,3,30,0.32546163,27.2274,5.5562,0.0058,3.6922,1.3345,7.5365,0.5676,,571.3412,28.0074,238.412,11.6871,213.8268,10.4819,200.7862,9.8426,184.4497,9.0418,172.3361,8.448,150.6904,7.3869,33.6121,1.9679,14.0258,0.8212,12.5795,0.7365,11.8123,0.6916,10.8512,0.6353,10.1386,0.5936,8.8651,0.519,0.0,0.0,0.0,0.0,0.0,0.0,0.0,,0.0,0.0,0.0,0.0,0.0,0.0,0.0,0.0,0.0,0.0,0.0,0.0,0.0,0.0,0.0,0.0,0.0,0.0,0.0,0.0,0.0,0.0,0.0,0.0,0.0,0.0,0.0,0.0,0.624,0.6075,0.2875
1084,64,0.001,3,10,100,32,8,64,184,435241,73,30,"{'sourceA': ['event_time', 'mcc_code', 'term_id'], 'sourceB': ['event_time', 'tr_type', 'amount']}",gender/checkpoints_large_30/model_64_0.001_3_10_100_64_32_8_64epoch=04.ckpt,4,30,0.33481294,27.5628,4.9847,0.0051,3.7092,1.3228,8.1897,0.5759,,609.3404,29.8351,243.4274,11.9189,219.9585,10.7698,207.004,10.1355,190.5689,9.3308,178.1765,8.724,155.6487,7.621,37.6016,2.1103,15.0216,0.8431,13.5734,0.7618,12.7739,0.7169,11.7598,0.66,10.995,0.6171,9.6049,0.5391,0.0,0.0,0.0,0.0,0.0,0.0,0.0,,0.0,0.0,0.0,0.0,0.0,0.0,0.0,0.0,0.0,0.0,0.0,0.0,0.0,0.0,0.0,0.0,0.0,0.0,0.0,0.0,0.0,0.0,0.0,0.0,0.0,0.0,0.0,0.0,0.636,0.6468,0.2875
1085,64,0.001,3,10,100,32,8,64,184,435241,73,30,"{'sourceA': ['event_time', 'mcc_code', 'term_id'], 'sourceB': ['event_time', 'tr_type', 'amount']}",gender/checkpoints_large_30/model_64_0.001_3_10_100_64_32_8_64epoch=05.ckpt,5,30,0.34369084,27.6797,5.3317,0.0045,3.7487,1.2985,9.1356,0.5954,,635.7428,31.0794,248.2415,12.1357,225.1096,11.0049,212.482,10.3876,196.2058,9.5919,183.9965,8.995,162.1209,7.9256,38.5916,2.1821,15.069,0.852,13.6649,0.7726,12.8983,0.7293,11.9103,0.6734,11.1692,0.6315,9.8412,0.5565,0.0,0.0,0.0,0.0,0.0,0.0,0.0,,0.0,0.0,0.0,0.0,0.0,0.0,0.0,0.0,0.0,0.0,0.0,0.0,0.0,0.0,0.0,0.0,0.0,0.0,0.0,0.0,0.0,0.0,0.0,0.0,0.0,0.0,0.0,0.0,0.624,0.6526,0.2875
1086,64,0.001,3,10,100,32,8,64,184,435241,73,30,"{'sourceA': ['event_time', 'mcc_code', 'term_id'], 'sourceB': ['event_time', 'tr_type', 'amount']}",gender/checkpoints_large_30/model_64_0.001_3_10_100_64_32_8_64epoch=06.ckpt,6,30,0.35280535,28.332,5.2183,0.0044,3.8054,1.3004,9.4288,0.5933,,660.4508,32.2786,251.5763,12.2954,229.0037,11.1922,216.5743,10.5848,200.8038,9.814,188.3986,9.2077,166.1736,8.1215,38.4295,2.215,14.6384,0.8437,13.325,0.768,12.6017,0.7264,11.6841,0.6735,10.9623,0.6319,9.6691,0.5573,0.0,0.0,0.0,0.0,0.0,0.0,0.0,,0.0,0.0,0.0,0.0,0.0,0.0,0.0,0.0,0.0,0.0,0.0,0.0,0.0,0.0,0.0,0.0,0.0,0.0,0.0,0.0,0.0,0.0,0.0,0.0,0.0,0.0,0.0,0.0,0.652,0.6444,0.2875
1087,64,0.001,3,10,100,32,8,64,184,435241,73,30,"{'sourceA': ['event_time', 'mcc_code', 'term_id'], 'sourceB': ['event_time', 'tr_type', 'amount']}",gender/checkpoints_large_30/model_64_0.001_3_10_100_64_32_8_64epoch=07.ckpt,7,30,0.3640507,28.6872,5.2345,0.0038,3.8754,1.2979,9.1697,0.5947,,682.3936,33.2827,254.3374,12.4049,232.6246,11.3459,220.5425,10.7566,205.4616,10.0211,193.6598,9.4455,172.919,8.4339,39.2211,2.202,14.6183,0.8207,13.3703,0.7507,12.6759,0.7117,11.8091,0.663,11.1308,0.6249,9.9387,0.558,0.0,0.0,0.0,0.0,0.0,0.0,0.0,,0.0,0.0,0.0,0.0,0.0,0.0,0.0,0.0,0.0,0.0,0.0,0.0,0.0,0.0,0.0,0.0,0.0,0.0,0.0,0.0,0.0,0.0,0.0,0.0,0.0,0.0,0.0,0.0,0.652,0.6835,0.2875
1088,64,0.001,3,10,100,32,8,64,184,435241,73,30,"{'sourceA': ['event_time', 'mcc_code', 'term_id'], 'sourceB': ['event_time', 'tr_type', 'amount']}",gender/checkpoints_large_30/model_64_0.001_3_10_100_64_32_8_64epoch=08.ckpt,8,30,0.36647728,28.8829,5.8063,0.0033,3.9381,1.2807,9.6767,0.6101,,694.0188,33.8691,258.6417,12.6221,237.1791,11.5747,225.1969,10.9899,210.0324,10.2499,198.2544,9.6751,176.9486,8.6353,40.3626,2.2692,15.042,0.8457,13.7938,0.7755,13.097,0.7363,12.215,0.6867,11.53,0.6482,10.2909,0.5786,0.0,0.0,0.0,0.0,0.0,0.0,0.0,,0.0,0.0,0.0,0.0,0.0,0.0,0.0,0.0,0.0,0.0,0.0,0.0,0.0,0.0,0.0,0.0,0.0,0.0,0.0,0.0,0.0,0.0,0.0,0.0,0.0,0.0,0.0,0.0,0.672,0.6836,0.2875
1089,64,0.001,3,10,100,32,8,64,184,435241,73,30,"{'sourceA': ['event_time', 'mcc_code', 'term_id'], 'sourceB': ['event_time', 'tr_type', 'amount']}",gender/checkpoints_large_30/model_64_0.001_3_10_100_64_32_8_64epoch=09.ckpt,9,30,0.36973247,29.516,5.5999,0.0034,3.9375,1.2896,8.9562,0.6018,,713.255,34.8193,260.9795,12.7404,239.5379,11.6936,227.5758,11.1097,212.2581,10.3619,200.4631,9.7861,178.394,8.7088,40.5457,2.2953,14.8356,0.8399,13.6168,0.7709,12.9368,0.7324,12.066,0.6831,11.3955,0.6451,10.141,0.5741,0.0,0.0,0.0,0.0,0.0,0.0,0.0,,0.0,0.0,0.0,0.0,0.0,0.0,0.0,0.0,0.0,0.0,0.0,0.0,0.0,0.0,0.0,0.0,0.0,0.0,0.0,0.0,0.0,0.0,0.0,0.0,0.0,0.0,0.0,0.0,0.656,0.6826,0.2875
1090,64,0.001,3,10,100,32,8,64,184,435241,73,30,"{'sourceA': ['event_time', 'mcc_code', 'term_id'], 'sourceB': ['event_time', 'tr_type', 'amount']}",gender/checkpoints_large_30/model_64_0.001_3_10_100_64_32_8_64epoch=10.ckpt,10,30,0.36801606,29.4026,5.2208,0.0032,3.9648,1.2758,9.8175,0.6142,,712.1917,34.7271,262.2745,12.7887,241.2594,11.764,229.4529,11.1883,214.4391,10.4562,202.519,9.875,180.5707,8.8048,42.7537,2.3778,15.7446,0.8757,14.4831,0.8055,13.7743,0.7661,12.873,0.716,12.1575,0.6762,10.8399,0.6029,0.0,0.0,0.0,0.0,0.0,0.0,0.0,,0.0,0.0,0.0,0.0,0.0,0.0,0.0,0.0,0.0,0.0,0.0,0.0,0.0,0.0,0.0,0.0,0.0,0.0,0.0,0.0,0.0,0.0,0.0,0.0,0.0,0.0,0.0,0.0,0.672,0.6768,0.2875
1091,64,0.001,3,10,100,32,8,64,184,435241,73,30,"{'sourceA': ['event_time', 'mcc_code', 'term_id'], 'sourceB': ['event_time', 'tr_type', 'amount']}",gender/checkpoints_large_30/model_64_0.001_3_10_100_64_32_8_64epoch=11.ckpt,11,30,0.37529594,29.5767,5.1893,0.0033,3.977,1.2753,9.7463,0.6148,,718.9771,35.0956,263.5854,12.8664,242.7102,11.8475,230.9312,11.2725,215.9977,10.5435,204.4442,9.9796,182.1765,8.8926,42.253,2.333,15.4904,0.8553,14.2636,0.7876,13.5714,0.7494,12.6938,0.7009,12.0148,0.6634,10.7062,0.5912,0.0,0.0,0.0,0.0,0.0,0.0,0.0,,0.0,0.0,0.0,0.0,0.0,0.0,0.0,0.0,0.0,0.0,0.0,0.0,0.0,0.0,0.0,0.0,0.0,0.0,0.0,0.0,0.0,0.0,0.0,0.0,0.0,0.0,0.0,0.0,0.656,0.6698,0.2875
1092,64,0.001,3,10,100,32,8,64,184,435241,73,30,"{'sourceA': ['event_time', 'mcc_code', 'term_id'], 'sourceB': ['event_time', 'tr_type', 'amount']}",gender/checkpoints_large_30/model_64_0.001_3_10_100_64_32_8_64epoch=12.ckpt,12,30,0.3794981,29.686,5.0663,0.003,4.0091,1.2735,9.8557,0.6167,,721.3342,35.2096,264.4007,12.9059,243.7506,11.8979,232.1314,11.3307,217.1792,10.6009,205.3711,10.0245,183.0999,8.9374,41.8044,2.311,15.3231,0.8471,14.1264,0.7809,13.453,0.7437,12.5865,0.6958,11.9021,0.658,10.6114,0.5866,0.0,0.0,0.0,0.0,0.0,0.0,0.0,,0.0,0.0,0.0,0.0,0.0,0.0,0.0,0.0,0.0,0.0,0.0,0.0,0.0,0.0,0.0,0.0,0.0,0.0,0.0,0.0,0.0,0.0,0.0,0.0,0.0,0.0,0.0,0.0,0.7,0.689,0.2875
1093,64,0.001,3,10,100,32,8,64,184,435241,73,30,"{'sourceA': ['event_time', 'mcc_code', 'term_id'], 'sourceB': ['event_time', 'tr_type', 'amount']}",gender/checkpoints_large_30/model_64_0.001_3_10_100_64_32_8_64epoch=13.ckpt,13,30,0.38216144,29.7423,5.188,0.0028,4.0238,1.2697,10.0507,0.6197,,726.7372,35.4415,265.3252,12.9394,244.5722,11.9273,233.2757,11.3764,218.5156,10.6566,207.0017,10.095,185.2328,9.0334,41.9859,2.3362,15.3287,0.8529,14.1297,0.7862,13.4771,0.7499,12.6243,0.7024,11.9591,0.6654,10.7015,0.5954,0.0,0.0,0.0,0.0,0.0,0.0,0.0,,0.0,0.0,0.0,0.0,0.0,0.0,0.0,0.0,0.0,0.0,0.0,0.0,0.0,0.0,0.0,0.0,0.0,0.0,0.0,0.0,0.0,0.0,0.0,0.0,0.0,0.0,0.0,0.0,0.656,0.6857,0.2875
1094,64,0.001,3,10,100,32,8,64,184,435241,73,30,"{'sourceA': ['event_time', 'mcc_code', 'term_id'], 'sourceB': ['event_time', 'tr_type', 'amount']}",gender/checkpoints_large_30/model_64_0.001_3_10_100_64_32_8_64epoch=14.ckpt,14,30,0.38180634,30.0935,5.5573,0.0029,4.0049,1.2764,10.0822,0.613,,733.3148,35.7462,265.8697,12.9601,245.2063,11.9528,233.8449,11.399,219.3313,10.6915,207.9131,10.1349,186.1689,9.075,42.618,2.3262,15.4515,0.8434,14.2506,0.7778,13.5903,0.7418,12.7469,0.6958,12.0833,0.6595,10.8196,0.5906,0.0,0.0,0.0,0.0,0.0,0.0,0.0,,0.0,0.0,0.0,0.0,0.0,0.0,0.0,0.0,0.0,0.0,0.0,0.0,0.0,0.0,0.0,0.0,0.0,0.0,0.0,0.0,0.0,0.0,0.0,0.0,0.0,0.0,0.0,0.0,0.664,0.6893,0.2875
1095,64,0.001,3,10,100,32,8,64,184,435241,73,30,"{'sourceA': ['event_time', 'mcc_code', 'term_id'], 'sourceB': ['event_time', 'tr_type', 'amount']}",gender/checkpoints_large_30/model_64_0.001_3_10_100_64_32_8_64epoch=15.ckpt,15,30,0.38512075,30.1384,5.4717,0.0026,4.01,1.2709,10.1417,0.6188,,733.2552,35.7456,267.151,13.0234,246.4816,12.0158,235.0517,11.4586,220.2609,10.7375,208.7097,10.1744,186.4144,9.0876,41.9755,2.3139,15.2932,0.843,14.1099,0.7778,13.4556,0.7417,12.6089,0.6951,11.9477,0.6586,10.6714,0.5883,0.0,0.0,0.0,0.0,0.0,0.0,0.0,,0.0,0.0,0.0,0.0,0.0,0.0,0.0,0.0,0.0,0.0,0.0,0.0,0.0,0.0,0.0,0.0,0.0,0.0,0.0,0.0,0.0,0.0,0.0,0.0,0.0,0.0,0.0,0.0,0.656,0.6765,0.2875
1096,64,0.001,3,10,100,32,8,64,184,435241,73,30,"{'sourceA': ['event_time', 'mcc_code', 'term_id'], 'sourceB': ['event_time', 'tr_type', 'amount']}",gender/checkpoints_large_30/model_64_0.001_3_10_100_64_32_8_64epoch=16.ckpt,16,30,0.38636363,30.2362,4.9585,0.0026,4.0433,1.2723,10.2742,0.6172,,741.5669,36.1395,268.0059,13.061,247.6289,12.0679,236.3858,11.52,221.7521,10.8069,210.2818,10.2479,188.2199,9.1727,42.5694,2.3243,15.3848,0.84,14.2151,0.7761,13.5697,0.7409,12.7296,0.695,12.0712,0.6591,10.8047,0.5899,0.0,0.0,0.0,0.0,0.0,0.0,0.0,,0.0,0.0,0.0,0.0,0.0,0.0,0.0,0.0,0.0,0.0,0.0,0.0,0.0,0.0,0.0,0.0,0.0,0.0,0.0,0.0,0.0,0.0,0.0,0.0,0.0,0.0,0.0,0.0,0.68,0.6973,0.2875
1097,64,0.001,3,10,100,32,8,64,184,435241,73,30,"{'sourceA': ['event_time', 'mcc_code', 'term_id'], 'sourceB': ['event_time', 'tr_type', 'amount']}",gender/checkpoints_large_30/model_64_0.001_3_10_100_64_32_8_64epoch=17.ckpt,17,30,0.38547584,30.4079,5.233,0.0026,4.0126,1.2707,10.2457,0.6187,,742.8554,36.2037,268.4545,13.0834,248.0083,12.0869,236.8286,11.5421,222.1645,10.8274,210.6991,10.2686,188.6047,9.1918,43.657,2.3702,15.7769,0.8565,14.5752,0.7913,13.9182,0.7556,13.0564,0.7088,12.3826,0.6723,11.0841,0.6018,0.0,0.0,0.0,0.0,0.0,0.0,0.0,,0.0,0.0,0.0,0.0,0.0,0.0,0.0,0.0,0.0,0.0,0.0,0.0,0.0,0.0,0.0,0.0,0.0,0.0,0.0,0.0,0.0,0.0,0.0,0.0,0.0,0.0,0.0,0.0,0.68,0.6939,0.2875
1098,64,0.001,3,10,100,32,8,64,184,435241,73,30,"{'sourceA': ['event_time', 'mcc_code', 'term_id'], 'sourceB': ['event_time', 'tr_type', 'amount']}",gender/checkpoints_large_30/model_64_0.001_3_10_100_64_32_8_64epoch=18.ckpt,18,30,0.3861269,30.8499,5.1762,0.0026,4.0019,1.2836,10.0197,0.6064,,754.5857,36.7648,268.3742,13.0757,248.1275,12.0892,236.9837,11.5463,222.6298,10.8469,211.409,10.3002,189.3073,9.2234,43.8678,2.3817,15.6019,0.8471,14.4249,0.7832,13.777,0.748,12.9426,0.7027,12.2903,0.6673,11.0054,0.5975,0.0,0.0,0.0,0.0,0.0,0.0,0.0,,0.0,0.0,0.0,0.0,0.0,0.0,0.0,0.0,0.0,0.0,0.0,0.0,0.0,0.0,0.0,0.0,0.0,0.0,0.0,0.0,0.0,0.0,0.0,0.0,0.0,0.0,0.0,0.0,0.648,0.6973,0.2875
1099,64,0.001,3,10,100,32,8,64,184,435241,73,30,"{'sourceA': ['event_time', 'mcc_code', 'term_id'], 'sourceB': ['event_time', 'tr_type', 'amount']}",gender/checkpoints_large_30/model_64_0.001_3_10_100_64_32_8_64epoch=19.ckpt,19,30,0.38512075,30.5301,5.2018,0.0024,4.043,1.2684,10.3767,0.6208,,749.7582,36.5399,269.4148,13.1301,249.1714,12.1435,237.8457,11.5916,223.3693,10.886,211.9339,10.3287,189.4971,9.2353,42.3305,2.332,15.2109,0.838,14.0679,0.775,13.4285,0.7398,12.6112,0.6947,11.9656,0.6592,10.6988,0.5894,0.0,0.0,0.0,0.0,0.0,0.0,0.0,,0.0,0.0,0.0,0.0,0.0,0.0,0.0,0.0,0.0,0.0,0.0,0.0,0.0,0.0,0.0,0.0,0.0,0.0,0.0,0.0,0.0,0.0,0.0,0.0,0.0,0.0,0.0,0.0,0.672,0.6952,0.2875
1100,64,0.001,3,10,100,32,8,64,184,435241,73,30,"{'sourceA': ['event_time', 'mcc_code', 'term_id'], 'sourceB': ['event_time', 'tr_type', 'amount']}",gender/checkpoints_large_30/model_64_0.001_3_10_100_64_32_8_64epoch=20.ckpt,20,30,0.3851799,30.4863,5.6605,0.0024,4.0271,1.262,10.162,0.6276,,747.1985,36.4273,269.6414,13.1455,249.3549,12.1565,238.0857,11.6071,223.563,10.8991,212.1023,10.3404,189.4059,9.2339,42.7031,2.3459,15.4103,0.8466,14.2509,0.7829,13.6068,0.7475,12.7768,0.7019,12.1218,0.6659,10.8247,0.5947,0.0,0.0,0.0,0.0,0.0,0.0,0.0,,0.0,0.0,0.0,0.0,0.0,0.0,0.0,0.0,0.0,0.0,0.0,0.0,0.0,0.0,0.0,0.0,0.0,0.0,0.0,0.0,0.0,0.0,0.0,0.0,0.0,0.0,0.0,0.0,0.66,0.7006,0.2875
1101,64,0.001,3,10,100,32,8,64,184,435241,73,30,"{'sourceA': ['event_time', 'mcc_code', 'term_id'], 'sourceB': ['event_time', 'tr_type', 'amount']}",gender/checkpoints_large_30/model_64_0.001_3_10_100_64_32_8_64epoch=21.ckpt,21,30,0.38973725,30.5345,6.0662,0.0025,4.0039,1.2627,10.3427,0.6271,,749.727,36.5736,269.911,13.167,249.7107,12.1815,238.5305,11.6361,224.1584,10.935,212.8193,10.3819,189.9543,9.2665,42.0468,2.3337,15.1374,0.8402,14.0045,0.7773,13.3775,0.7425,12.5714,0.6977,11.9355,0.6624,10.6532,0.5913,0.0,0.0,0.0,0.0,0.0,0.0,0.0,,0.0,0.0,0.0,0.0,0.0,0.0,0.0,0.0,0.0,0.0,0.0,0.0,0.0,0.0,0.0,0.0,0.0,0.0,0.0,0.0,0.0,0.0,0.0,0.0,0.0,0.0,0.0,0.0,0.7,0.7086,0.2875
1102,64,0.001,3,10,100,32,8,64,184,435241,73,30,"{'sourceA': ['event_time', 'mcc_code', 'term_id'], 'sourceB': ['event_time', 'tr_type', 'amount']}",gender/checkpoints_large_30/model_64_0.001_3_10_100_64_32_8_64epoch=22.ckpt,22,30,0.38955966,30.6202,4.6567,0.0024,4.0408,1.2666,10.4091,0.6227,,753.725,36.7361,270.3289,13.1757,250.1654,12.1929,238.9617,11.6469,224.4722,10.9406,213.0242,10.3827,190.2,9.2702,42.6093,2.3413,15.2822,0.8397,14.1423,0.7771,13.5089,0.7423,12.6898,0.6973,12.0426,0.6617,10.7523,0.5908,0.0,0.0,0.0,0.0,0.0,0.0,0.0,,0.0,0.0,0.0,0.0,0.0,0.0,0.0,0.0,0.0,0.0,0.0,0.0,0.0,0.0,0.0,0.0,0.0,0.0,0.0,0.0,0.0,0.0,0.0,0.0,0.0,0.0,0.0,0.0,0.684,0.7068,0.2875
1103,64,0.001,3,10,100,32,8,64,184,435241,73,30,"{'sourceA': ['event_time', 'mcc_code', 'term_id'], 'sourceB': ['event_time', 'tr_type', 'amount']}",gender/checkpoints_large_30/model_64_0.001_3_10_100_64_32_8_64epoch=23.ckpt,23,30,0.38991478,30.5901,5.6586,0.0024,3.9933,1.2605,10.4024,0.629,,749.0227,36.5472,270.5779,13.2023,250.2579,12.2109,238.9595,11.6596,224.3294,10.9457,212.7543,10.3809,189.9994,9.2707,42.2877,2.3016,15.2761,0.8314,14.1289,0.769,13.491,0.7343,12.665,0.6893,12.0115,0.6538,10.7268,0.5838,0.0,0.0,0.0,0.0,0.0,0.0,0.0,,0.0,0.0,0.0,0.0,0.0,0.0,0.0,0.0,0.0,0.0,0.0,0.0,0.0,0.0,0.0,0.0,0.0,0.0,0.0,0.0,0.0,0.0,0.0,0.0,0.0,0.0,0.0,0.0,0.664,0.7115,0.2875
1104,64,0.001,3,10,100,32,8,64,184,435241,73,30,"{'sourceA': ['event_time', 'mcc_code', 'term_id'], 'sourceB': ['event_time', 'tr_type', 'amount']}",gender/checkpoints_large_30/model_64_0.001_3_10_100_64_32_8_64epoch=24.ckpt,24,30,0.38701475,30.701,5.0543,0.0024,3.9866,1.2616,10.4539,0.6283,,751.5286,36.6566,270.5601,13.1968,250.2054,12.204,238.9746,11.6562,224.3348,10.9422,212.5694,10.3683,188.7786,9.2079,42.4815,2.3414,15.2939,0.8429,14.1433,0.7795,13.5085,0.7445,12.6809,0.6989,12.0159,0.6623,10.671,0.5882,0.0,0.0,0.0,0.0,0.0,0.0,0.0,,0.0,0.0,0.0,0.0,0.0,0.0,0.0,0.0,0.0,0.0,0.0,0.0,0.0,0.0,0.0,0.0,0.0,0.0,0.0,0.0,0.0,0.0,0.0,0.0,0.0,0.0,0.0,0.0,0.684,0.7158,0.2875
1105,64,0.001,3,10,100,32,8,64,184,435241,73,30,"{'sourceA': ['event_time', 'mcc_code', 'term_id'], 'sourceB': ['event_time', 'tr_type', 'amount']}",gender/checkpoints_large_30/model_64_0.001_3_10_100_64_32_8_64epoch=25.ckpt,25,30,0.39074337,30.9029,5.3134,0.0026,3.9702,1.2658,10.5788,0.6233,,757.7382,36.9354,270.9739,13.2084,250.8084,12.2255,239.5807,11.6782,224.8822,10.9617,213.27,10.3957,189.7181,9.2477,42.2871,2.3445,15.1223,0.8384,13.9969,0.776,13.3703,0.7413,12.55,0.6958,11.902,0.6599,10.5876,0.587,0.0,0.0,0.0,0.0,0.0,0.0,0.0,,0.0,0.0,0.0,0.0,0.0,0.0,0.0,0.0,0.0,0.0,0.0,0.0,0.0,0.0,0.0,0.0,0.0,0.0,0.0,0.0,0.0,0.0,0.0,0.0,0.0,0.0,0.0,0.0,0.628,0.6742,0.2875
1106,64,0.001,3,10,100,32,8,64,184,435241,73,30,"{'sourceA': ['event_time', 'mcc_code', 'term_id'], 'sourceB': ['event_time', 'tr_type', 'amount']}",gender/checkpoints_large_30/model_64_0.001_3_10_100_64_32_8_64epoch=26.ckpt,26,30,0.39376184,30.7196,5.3716,0.0025,3.9752,1.2586,10.4003,0.6309,,752.486,36.6793,271.3036,13.2245,251.0182,12.2357,239.7077,11.6844,225.063,10.9705,213.2948,10.3969,189.3269,9.2286,42.7548,2.3262,15.4149,0.8387,14.2624,0.776,13.6197,0.741,12.7876,0.6957,12.119,0.6594,10.7572,0.5853,0.0,0.0,0.0,0.0,0.0,0.0,0.0,,0.0,0.0,0.0,0.0,0.0,0.0,0.0,0.0,0.0,0.0,0.0,0.0,0.0,0.0,0.0,0.0,0.0,0.0,0.0,0.0,0.0,0.0,0.0,0.0,0.0,0.0,0.0,0.0,0.668,0.6901,0.2875
1107,64,0.001,3,10,100,32,8,64,184,435241,73,30,"{'sourceA': ['event_time', 'mcc_code', 'term_id'], 'sourceB': ['event_time', 'tr_type', 'amount']}",gender/checkpoints_large_30/model_64_0.001_3_10_100_64_32_8_64epoch=27.ckpt,27,30,0.39145362,30.9079,4.7343,0.0025,3.985,1.2634,10.1192,0.6255,,757.8208,36.9062,271.7868,13.2361,251.7243,12.2591,240.5411,11.7144,226.0397,11.0082,214.4158,10.4421,191.9303,9.3471,41.8971,2.2862,15.0261,0.8199,13.9169,0.7594,13.2986,0.7257,12.4969,0.6819,11.8542,0.6469,10.6111,0.579,0.0,0.0,0.0,0.0,0.0,0.0,0.0,,0.0,0.0,0.0,0.0,0.0,0.0,0.0,0.0,0.0,0.0,0.0,0.0,0.0,0.0,0.0,0.0,0.0,0.0,0.0,0.0,0.0,0.0,0.0,0.0,0.0,0.0,0.0,0.0,0.648,0.7027,0.2875
1108,64,0.001,3,10,100,32,8,64,184,435241,73,30,"{'sourceA': ['event_time', 'mcc_code', 'term_id'], 'sourceB': ['event_time', 'tr_type', 'amount']}",gender/checkpoints_large_30/model_64_0.001_3_10_100_64_32_8_64epoch=28.ckpt,28,30,0.39050663,30.7464,5.0122,0.0025,3.9883,1.2556,10.2145,0.6334,,754.9367,36.7848,272.3203,13.269,252.1812,12.2877,241.0464,11.7452,226.5283,11.0377,214.9014,10.4712,191.4089,9.3265,42.4402,2.2814,15.309,0.8229,14.1768,0.7621,13.5509,0.7284,12.7347,0.6846,12.0811,0.6494,10.7604,0.5784,0.0,0.0,0.0,0.0,0.0,0.0,0.0,,0.0,0.0,0.0,0.0,0.0,0.0,0.0,0.0,0.0,0.0,0.0,0.0,0.0,0.0,0.0,0.0,0.0,0.0,0.0,0.0,0.0,0.0,0.0,0.0,0.0,0.0,0.0,0.0,0.648,0.6977,0.2875
1109,64,0.001,3,10,100,32,8,64,184,435241,73,30,"{'sourceA': ['event_time', 'mcc_code', 'term_id'], 'sourceB': ['event_time', 'tr_type', 'amount']}",gender/checkpoints_large_30/model_64_0.001_3_10_100_64_32_8_64epoch=29.ckpt,29,30,0.38417378,30.841,4.7278,0.0025,4.004,1.2593,10.5076,0.6295,,758.2116,36.9287,272.4355,13.269,252.3266,12.2896,240.9526,11.7356,226.2174,11.0179,214.4789,10.4462,191.1866,9.3117,41.7744,2.2735,15.0101,0.8169,13.9022,0.7566,13.2755,0.7225,12.4637,0.6783,11.8169,0.6431,10.5336,0.5733,0.0,0.0,0.0,0.0,0.0,0.0,0.0,,0.0,0.0,0.0,0.0,0.0,0.0,0.0,0.0,0.0,0.0,0.0,0.0,0.0,0.0,0.0,0.0,0.0,0.0,0.0,0.0,0.0,0.0,0.0,0.0,0.0,0.0,0.0,0.0,0.656,0.7083,0.2875
1110,64,0.001,3,10,100,32,8,128,184,435241,73,30,"{'sourceA': ['event_time', 'mcc_code', 'term_id'], 'sourceB': ['event_time', 'tr_type', 'amount']}",gender/checkpoints_large_30/model_64_0.001_3_10_100_128_32_8_128epoch=00.ckpt,0,30,0.0,30.5513,3.3345,0.0011,4.6772,1.3269,5.9274,0.5824,,526.2486,26.2806,225.4432,11.2585,197.3402,9.8551,181.6962,9.0738,161.9791,8.0891,147.2348,7.3528,121.6941,6.0773,26.4655,1.6918,11.3377,0.7248,9.9244,0.6344,9.1377,0.5841,8.1461,0.5207,7.4046,0.4733,6.1201,0.3912,0.0,0.0,0.0,0.0,0.0,0.0,0.0,,0.0,0.0,0.0,0.0,0.0,0.0,0.0,0.0,0.0,0.0,0.0,0.0,0.0,0.0,0.0,0.0,0.0,0.0,0.0,0.0,0.0,0.0,0.0,0.0,0.0,0.0,0.0,0.0,0.62,0.6083,0.2875
1111,64,0.001,3,10,100,32,8,128,184,435241,73,30,"{'sourceA': ['event_time', 'mcc_code', 'term_id'], 'sourceB': ['event_time', 'tr_type', 'amount']}",gender/checkpoints_large_30/model_64_0.001_3_10_100_128_32_8_128epoch=01.ckpt,1,30,0.0,32.7611,3.3357,0.0013,4.4442,1.3331,7.6664,0.5722,,629.0944,31.1457,228.0373,11.2898,204.3384,10.1165,191.1506,9.4636,174.6766,8.648,162.2081,8.0307,137.0094,6.7832,37.2871,2.2788,13.516,0.826,12.1114,0.7402,11.3297,0.6924,10.3533,0.6327,9.6143,0.5876,8.1207,0.4963,0.0,0.0,0.0,0.0,0.0,0.0,0.0,,0.0,0.0,0.0,0.0,0.0,0.0,0.0,0.0,0.0,0.0,0.0,0.0,0.0,0.0,0.0,0.0,0.0,0.0,0.0,0.0,0.0,0.0,0.0,0.0,0.0,0.0,0.0,0.0,0.64,0.6437,0.2875
1112,64,0.001,3,10,100,32,8,128,184,435241,73,30,"{'sourceA': ['event_time', 'mcc_code', 'term_id'], 'sourceB': ['event_time', 'tr_type', 'amount']}",gender/checkpoints_large_30/model_64_0.001_3_10_100_128_32_8_128epoch=02.ckpt,2,30,0.0,36.0817,3.2995,0.0016,4.2547,1.3401,8.5355,0.565,,727.57,35.749,235.5501,11.5737,212.9672,10.4641,201.0327,9.8777,185.769,9.1277,173.4766,8.5237,147.3451,7.2398,46.3325,2.7204,15.0001,0.8807,13.562,0.7963,12.802,0.7517,11.83,0.6946,11.0472,0.6486,9.3831,0.5509,0.0,0.0,0.0,0.0,0.0,0.0,0.0,,0.0,0.0,0.0,0.0,0.0,0.0,0.0,0.0,0.0,0.0,0.0,0.0,0.0,0.0,0.0,0.0,0.0,0.0,0.0,0.0,0.0,0.0,0.0,0.0,0.0,0.0,0.0,0.0,0.652,0.6945,0.2875
1113,64,0.001,3,10,100,32,8,128,184,435241,73,30,"{'sourceA': ['event_time', 'mcc_code', 'term_id'], 'sourceB': ['event_time', 'tr_type', 'amount']}",gender/checkpoints_large_30/model_64_0.001_3_10_100_128_32_8_128epoch=03.ckpt,3,30,0.0,37.2876,3.2956,0.0015,4.1925,1.3075,8.6471,0.5895,,808.7522,39.575,243.0339,11.8925,221.1878,10.8235,209.4751,10.2503,194.8057,9.5325,182.899,8.9499,157.8467,7.724,57.0152,3.1177,17.1333,0.9369,15.5932,0.8527,14.7675,0.8075,13.7334,0.751,12.894,0.7051,11.1278,0.6085,0.0,0.0,0.0,0.0,0.0,0.0,0.0,,0.0,0.0,0.0,0.0,0.0,0.0,0.0,0.0,0.0,0.0,0.0,0.0,0.0,0.0,0.0,0.0,0.0,0.0,0.0,0.0,0.0,0.0,0.0,0.0,0.0,0.0,0.0,0.0,0.684,0.7122,0.2875
1114,64,0.001,3,10,100,32,8,128,184,435241,73,30,"{'sourceA': ['event_time', 'mcc_code', 'term_id'], 'sourceB': ['event_time', 'tr_type', 'amount']}",gender/checkpoints_large_30/model_64_0.001_3_10_100_128_32_8_128epoch=04.ckpt,4,30,0.0,37.4411,3.2702,0.0014,4.2669,1.2667,8.7629,0.6262,,850.2316,41.5853,249.3686,12.1967,228.0095,11.1521,216.5131,10.5898,201.0445,9.8332,188.5374,9.2215,164.1159,8.027,61.1874,3.2516,17.946,0.9537,16.4088,0.872,15.5815,0.828,14.4683,0.7689,13.5682,0.721,11.8107,0.6276,0.0,0.0,0.0,0.0,0.0,0.0,0.0,,0.0,0.0,0.0,0.0,0.0,0.0,0.0,0.0,0.0,0.0,0.0,0.0,0.0,0.0,0.0,0.0,0.0,0.0,0.0,0.0,0.0,0.0,0.0,0.0,0.0,0.0,0.0,0.0,0.676,0.6919,0.2875
1115,64,0.001,3,10,100,32,8,128,184,435241,73,30,"{'sourceA': ['event_time', 'mcc_code', 'term_id'], 'sourceB': ['event_time', 'tr_type', 'amount']}",gender/checkpoints_large_30/model_64_0.001_3_10_100_128_32_8_128epoch=05.ckpt,5,30,0.0,39.4113,3.2476,0.0013,4.2826,1.2728,9.0134,0.6202,,905.2416,44.1606,255.0217,12.4408,233.976,11.4141,222.3732,10.8481,207.375,10.1164,195.5128,9.5377,170.3469,8.3101,65.427,3.4146,18.4319,0.9619,16.9108,0.8826,16.0722,0.8388,14.9882,0.7822,14.1308,0.7375,12.312,0.6426,0.0,0.0,0.0,0.0,0.0,0.0,0.0,,0.0,0.0,0.0,0.0,0.0,0.0,0.0,0.0,0.0,0.0,0.0,0.0,0.0,0.0,0.0,0.0,0.0,0.0,0.0,0.0,0.0,0.0,0.0,0.0,0.0,0.0,0.0,0.0,0.656,0.7088,0.2875
1116,64,0.001,3,10,100,32,8,128,184,435241,73,30,"{'sourceA': ['event_time', 'mcc_code', 'term_id'], 'sourceB': ['event_time', 'tr_type', 'amount']}",gender/checkpoints_large_30/model_64_0.001_3_10_100_128_32_8_128epoch=06.ckpt,6,30,0.0,40.1997,3.184,0.0012,4.3618,1.2481,9.084,0.644,,926.4597,45.1792,259.1129,12.6357,238.2554,11.6186,226.8018,11.0601,211.7537,10.3263,199.8008,9.7434,173.4927,8.4604,62.4353,3.3567,17.462,0.9388,16.0563,0.8632,15.2845,0.8217,14.2704,0.7672,13.4648,0.7239,11.6919,0.6286,0.0,0.0,0.0,0.0,0.0,0.0,0.0,,0.0,0.0,0.0,0.0,0.0,0.0,0.0,0.0,0.0,0.0,0.0,0.0,0.0,0.0,0.0,0.0,0.0,0.0,0.0,0.0,0.0,0.0,0.0,0.0,0.0,0.0,0.0,0.0,0.664,0.6981,0.2875
1117,64,0.001,3,10,100,32,8,128,184,435241,73,30,"{'sourceA': ['event_time', 'mcc_code', 'term_id'], 'sourceB': ['event_time', 'tr_type', 'amount']}",gender/checkpoints_large_30/model_64_0.001_3_10_100_128_32_8_128epoch=07.ckpt,7,30,0.0,41.7004,3.1194,0.0012,4.4189,1.2481,9.6519,0.6434,,962.9935,46.9025,264.1718,12.8665,243.5345,11.8613,232.2076,11.3097,217.2873,10.583,205.1029,9.9895,178.9914,8.7178,60.188,3.2375,16.511,0.8881,15.2211,0.8187,14.5132,0.7807,13.5807,0.7305,12.8191,0.6895,11.1871,0.6017,0.0,0.0,0.0,0.0,0.0,0.0,0.0,,0.0,0.0,0.0,0.0,0.0,0.0,0.0,0.0,0.0,0.0,0.0,0.0,0.0,0.0,0.0,0.0,0.0,0.0,0.0,0.0,0.0,0.0,0.0,0.0,0.0,0.0,0.0,0.0,0.64,0.6947,0.2875
1118,64,0.001,3,10,100,32,8,128,184,435241,73,30,"{'sourceA': ['event_time', 'mcc_code', 'term_id'], 'sourceB': ['event_time', 'tr_type', 'amount']}",gender/checkpoints_large_30/model_64_0.001_3_10_100_128_32_8_128epoch=08.ckpt,8,30,0.0,43.0716,3.1687,0.0012,4.473,1.2414,9.8036,0.6498,,986.9189,48.0692,268.9602,13.1001,248.6738,12.112,237.4397,11.5648,222.6118,10.8426,210.6443,10.2597,183.345,8.9301,62.5139,3.2732,17.0366,0.892,15.7516,0.8248,15.04,0.7875,14.1008,0.7383,13.3427,0.6986,11.6135,0.6081,0.0,0.0,0.0,0.0,0.0,0.0,0.0,,0.0,0.0,0.0,0.0,0.0,0.0,0.0,0.0,0.0,0.0,0.0,0.0,0.0,0.0,0.0,0.0,0.0,0.0,0.0,0.0,0.0,0.0,0.0,0.0,0.0,0.0,0.0,0.0,0.628,0.6686,0.2875
1119,64,0.001,3,10,100,32,8,128,184,435241,73,30,"{'sourceA': ['event_time', 'mcc_code', 'term_id'], 'sourceB': ['event_time', 'tr_type', 'amount']}",gender/checkpoints_large_30/model_64_0.001_3_10_100_128_32_8_128epoch=09.ckpt,9,30,0.0,43.8197,3.1629,0.0011,4.52,1.2357,10.5416,0.6553,,1006.9264,49.0206,271.3739,13.2114,251.0617,12.2225,239.8037,11.6745,225.1091,10.9591,213.0746,10.3732,185.4245,9.0271,56.4593,3.0849,15.2162,0.8314,14.0773,0.7692,13.446,0.7347,12.6221,0.6897,11.9473,0.6528,10.3969,0.5681,0.0,0.0,0.0,0.0,0.0,0.0,0.0,,0.0,0.0,0.0,0.0,0.0,0.0,0.0,0.0,0.0,0.0,0.0,0.0,0.0,0.0,0.0,0.0,0.0,0.0,0.0,0.0,0.0,0.0,0.0,0.0,0.0,0.0,0.0,0.0,0.676,0.6998,0.2875
1120,64,0.001,3,10,100,32,8,128,184,435241,73,30,"{'sourceA': ['event_time', 'mcc_code', 'term_id'], 'sourceB': ['event_time', 'tr_type', 'amount']}",gender/checkpoints_large_30/model_64_0.001_3_10_100_128_32_8_128epoch=10.ckpt,10,30,0.0,43.9633,3.0822,0.0011,4.5216,1.2319,10.6134,0.6591,,1011.4952,49.2332,272.1938,13.2487,251.9543,12.2635,240.7671,11.719,226.226,11.0113,214.4408,10.4376,187.1749,9.1105,56.7963,3.1238,15.2839,0.8406,14.1474,0.7781,13.5193,0.7436,12.7028,0.6986,12.041,0.6623,10.51,0.578,0.0,0.0,0.0,0.0,0.0,0.0,0.0,,0.0,0.0,0.0,0.0,0.0,0.0,0.0,0.0,0.0,0.0,0.0,0.0,0.0,0.0,0.0,0.0,0.0,0.0,0.0,0.0,0.0,0.0,0.0,0.0,0.0,0.0,0.0,0.0,0.644,0.7237,0.2875
1121,64,0.001,3,10,100,32,8,128,184,435241,73,30,"{'sourceA': ['event_time', 'mcc_code', 'term_id'], 'sourceB': ['event_time', 'tr_type', 'amount']}",gender/checkpoints_large_30/model_64_0.001_3_10_100_128_32_8_128epoch=11.ckpt,11,30,0.0,44.4741,3.0583,0.0011,4.5584,1.2322,11.0683,0.659,,1027.9092,50.0354,273.7193,13.3238,253.7244,12.3505,242.7007,11.8139,228.5259,11.1239,216.9762,10.5617,189.6437,9.2313,56.2813,3.1285,14.987,0.8331,13.8922,0.7722,13.2886,0.7387,12.5125,0.6955,11.8801,0.6604,10.3836,0.5772,0.0,0.0,0.0,0.0,0.0,0.0,0.0,,0.0,0.0,0.0,0.0,0.0,0.0,0.0,0.0,0.0,0.0,0.0,0.0,0.0,0.0,0.0,0.0,0.0,0.0,0.0,0.0,0.0,0.0,0.0,0.0,0.0,0.0,0.0,0.0,0.66,0.7168,0.2875
1122,64,0.001,3,10,100,32,8,128,184,435241,73,30,"{'sourceA': ['event_time', 'mcc_code', 'term_id'], 'sourceB': ['event_time', 'tr_type', 'amount']}",gender/checkpoints_large_30/model_64_0.001_3_10_100_128_32_8_128epoch=12.ckpt,12,30,0.0,44.8426,3.1355,0.001,4.5671,1.2289,10.7099,0.6623,,1030.3224,50.1315,275.2611,13.3931,255.3891,12.4262,244.4449,11.8937,230.0457,11.1931,218.3552,10.6243,191.7708,9.3308,55.007,3.0326,14.6957,0.8102,13.6348,0.7517,13.0505,0.7195,12.2817,0.6771,11.6576,0.6427,10.2383,0.5645,0.0,0.0,0.0,0.0,0.0,0.0,0.0,,0.0,0.0,0.0,0.0,0.0,0.0,0.0,0.0,0.0,0.0,0.0,0.0,0.0,0.0,0.0,0.0,0.0,0.0,0.0,0.0,0.0,0.0,0.0,0.0,0.0,0.0,0.0,0.0,0.656,0.7,0.2875
1123,64,0.001,3,10,100,32,8,128,184,435241,73,30,"{'sourceA': ['event_time', 'mcc_code', 'term_id'], 'sourceB': ['event_time', 'tr_type', 'amount']}",gender/checkpoints_large_30/model_64_0.001_3_10_100_128_32_8_128epoch=13.ckpt,13,30,0.0,45.2288,3.1136,0.0011,4.5772,1.2294,11.0645,0.6621,,1045.1613,50.8605,275.9666,13.4293,256.3484,12.4746,245.4325,11.9434,231.4105,11.2611,219.762,10.6942,191.3906,9.3136,56.8262,3.1019,15.0045,0.819,13.9379,0.7608,13.3443,0.7284,12.582,0.6868,11.9486,0.6522,10.4061,0.568,0.0,0.0,0.0,0.0,0.0,0.0,0.0,,0.0,0.0,0.0,0.0,0.0,0.0,0.0,0.0,0.0,0.0,0.0,0.0,0.0,0.0,0.0,0.0,0.0,0.0,0.0,0.0,0.0,0.0,0.0,0.0,0.0,0.0,0.0,0.0,0.66,0.6966,0.2875
1124,64,0.001,3,10,100,32,8,128,184,435241,73,30,"{'sourceA': ['event_time', 'mcc_code', 'term_id'], 'sourceB': ['event_time', 'tr_type', 'amount']}",gender/checkpoints_large_30/model_64_0.001_3_10_100_128_32_8_128epoch=14.ckpt,14,30,0.0,46.2008,3.0931,0.0011,4.5407,1.2408,11.6355,0.65,,1060.4829,51.6272,276.1558,13.444,256.3521,12.4799,245.5315,11.9531,231.4446,11.2674,220.0334,10.7118,191.8327,9.3389,54.0651,3.0204,14.0789,0.7865,13.0692,0.7301,12.5176,0.6993,11.7994,0.6592,11.2176,0.6267,9.7799,0.5464,0.0,0.0,0.0,0.0,0.0,0.0,0.0,,0.0,0.0,0.0,0.0,0.0,0.0,0.0,0.0,0.0,0.0,0.0,0.0,0.0,0.0,0.0,0.0,0.0,0.0,0.0,0.0,0.0,0.0,0.0,0.0,0.0,0.0,0.0,0.0,0.672,0.7114,0.2875
1125,64,0.001,3,10,100,32,8,128,184,435241,73,30,"{'sourceA': ['event_time', 'mcc_code', 'term_id'], 'sourceB': ['event_time', 'tr_type', 'amount']}",gender/checkpoints_large_30/model_64_0.001_3_10_100_128_32_8_128epoch=15.ckpt,15,30,0.0,45.9585,3.1372,0.001,4.5659,1.2292,11.4109,0.6621,,1060.714,51.6387,277.3862,13.504,257.6883,12.545,246.8985,12.0198,232.896,11.3381,221.3158,10.7743,192.7352,9.3829,51.8401,2.9557,13.5567,0.7729,12.594,0.7181,12.0666,0.688,11.3823,0.649,10.8163,0.6167,9.4195,0.5371,0.0,0.0,0.0,0.0,0.0,0.0,0.0,,0.0,0.0,0.0,0.0,0.0,0.0,0.0,0.0,0.0,0.0,0.0,0.0,0.0,0.0,0.0,0.0,0.0,0.0,0.0,0.0,0.0,0.0,0.0,0.0,0.0,0.0,0.0,0.0,0.648,0.7135,0.2875
1126,64,0.001,3,10,100,32,8,128,184,435241,73,30,"{'sourceA': ['event_time', 'mcc_code', 'term_id'], 'sourceB': ['event_time', 'tr_type', 'amount']}",gender/checkpoints_large_30/model_64_0.001_3_10_100_128_32_8_128epoch=16.ckpt,16,30,0.0,46.5107,3.1468,0.001,4.577,1.2339,11.7819,0.6569,,1070.2014,52.0746,277.9541,13.5249,258.5534,12.5809,247.7505,12.0552,233.7422,11.3736,222.457,10.8245,194.6984,9.4738,53.4594,2.9849,13.8845,0.7752,12.9154,0.7211,12.3758,0.691,11.676,0.6519,11.1123,0.6204,9.7257,0.543,0.0,0.0,0.0,0.0,0.0,0.0,0.0,,0.0,0.0,0.0,0.0,0.0,0.0,0.0,0.0,0.0,0.0,0.0,0.0,0.0,0.0,0.0,0.0,0.0,0.0,0.0,0.0,0.0,0.0,0.0,0.0,0.0,0.0,0.0,0.0,0.656,0.6975,0.2875
1127,64,0.001,3,10,100,32,8,128,184,435241,73,30,"{'sourceA': ['event_time', 'mcc_code', 'term_id'], 'sourceB': ['event_time', 'tr_type', 'amount']}",gender/checkpoints_large_30/model_64_0.001_3_10_100_128_32_8_128epoch=17.ckpt,17,30,0.0,46.9518,3.0135,0.001,4.5839,1.2353,11.5778,0.6557,,1078.5884,52.4783,278.5198,13.5513,258.9343,12.5984,248.091,12.0708,234.2278,11.3963,222.5692,10.829,195.0569,9.4904,55.2149,3.0786,14.2579,0.795,13.2553,0.7391,12.7002,0.7081,11.9905,0.6686,11.3937,0.6353,9.9853,0.5568,0.0,0.0,0.0,0.0,0.0,0.0,0.0,,0.0,0.0,0.0,0.0,0.0,0.0,0.0,0.0,0.0,0.0,0.0,0.0,0.0,0.0,0.0,0.0,0.0,0.0,0.0,0.0,0.0,0.0,0.0,0.0,0.0,0.0,0.0,0.0,0.652,0.6984,0.2875
1128,64,0.001,3,10,100,32,8,128,184,435241,73,30,"{'sourceA': ['event_time', 'mcc_code', 'term_id'], 'sourceB': ['event_time', 'tr_type', 'amount']}",gender/checkpoints_large_30/model_64_0.001_3_10_100_128_32_8_128epoch=18.ckpt,18,30,0.0,47.2563,3.1591,0.0009,4.5804,1.2315,11.0946,0.66,,1088.2836,52.9675,280.1471,13.6349,260.5428,12.6808,249.6513,12.1507,235.7189,11.4726,224.3695,10.9202,195.8655,9.5329,56.12,3.0991,14.4465,0.7978,13.4355,0.7419,12.8739,0.7109,12.1554,0.6712,11.5702,0.6389,10.1003,0.5578,0.0,0.0,0.0,0.0,0.0,0.0,0.0,,0.0,0.0,0.0,0.0,0.0,0.0,0.0,0.0,0.0,0.0,0.0,0.0,0.0,0.0,0.0,0.0,0.0,0.0,0.0,0.0,0.0,0.0,0.0,0.0,0.0,0.0,0.0,0.0,0.692,0.7206,0.2875
1129,64,0.001,3,10,100,32,8,128,184,435241,73,30,"{'sourceA': ['event_time', 'mcc_code', 'term_id'], 'sourceB': ['event_time', 'tr_type', 'amount']}",gender/checkpoints_large_30/model_64_0.001_3_10_100_128_32_8_128epoch=19.ckpt,19,30,0.0,47.6396,3.0425,0.0009,4.5675,1.2329,11.2131,0.658,,1100.5232,53.5103,280.9303,13.6596,261.4826,12.714,250.9411,12.2014,237.2509,11.5358,226.0973,10.9934,198.7445,9.6635,55.0683,3.0541,14.0573,0.7796,13.0841,0.7257,12.5567,0.6964,11.8716,0.6584,11.3135,0.6275,9.9448,0.5515,0.0,0.0,0.0,0.0,0.0,0.0,0.0,,0.0,0.0,0.0,0.0,0.0,0.0,0.0,0.0,0.0,0.0,0.0,0.0,0.0,0.0,0.0,0.0,0.0,0.0,0.0,0.0,0.0,0.0,0.0,0.0,0.0,0.0,0.0,0.0,0.672,0.7273,0.2875
1130,64,0.001,3,10,100,32,8,128,184,435241,73,30,"{'sourceA': ['event_time', 'mcc_code', 'term_id'], 'sourceB': ['event_time', 'tr_type', 'amount']}",gender/checkpoints_large_30/model_64_0.001_3_10_100_128_32_8_128epoch=20.ckpt,20,30,0.0,47.2936,3.0885,0.0009,4.6123,1.2278,11.3438,0.6636,,1091.8918,53.1061,281.1428,13.6739,261.7384,12.7301,250.959,12.2058,237.1034,11.5319,225.5123,10.9682,196.2687,9.5459,52.7408,2.9482,13.5798,0.7591,12.6426,0.7067,12.1219,0.6776,11.4526,0.6402,10.8927,0.6089,9.4802,0.5299,0.0,0.0,0.0,0.0,0.0,0.0,0.0,,0.0,0.0,0.0,0.0,0.0,0.0,0.0,0.0,0.0,0.0,0.0,0.0,0.0,0.0,0.0,0.0,0.0,0.0,0.0,0.0,0.0,0.0,0.0,0.0,0.0,0.0,0.0,0.0,0.68,0.7165,0.2875
1131,64,0.001,3,10,100,32,8,128,184,435241,73,30,"{'sourceA': ['event_time', 'mcc_code', 'term_id'], 'sourceB': ['event_time', 'tr_type', 'amount']}",gender/checkpoints_large_30/model_64_0.001_3_10_100_128_32_8_128epoch=21.ckpt,21,30,0.0,47.359,3.067,0.0009,4.6392,1.2275,11.3827,0.664,,1099.0438,53.4641,281.9067,13.7136,262.3976,12.7646,251.6015,12.2394,237.5918,11.5579,226.0757,10.9977,196.9807,9.5823,53.4138,2.9687,13.7007,0.7615,12.7526,0.7088,12.2279,0.6796,11.547,0.6418,10.9873,0.6107,9.5733,0.5321,0.0,0.0,0.0,0.0,0.0,0.0,0.0,,0.0,0.0,0.0,0.0,0.0,0.0,0.0,0.0,0.0,0.0,0.0,0.0,0.0,0.0,0.0,0.0,0.0,0.0,0.0,0.0,0.0,0.0,0.0,0.0,0.0,0.0,0.0,0.0,0.668,0.741,0.2875
1132,64,0.001,3,10,100,32,8,128,184,435241,73,30,"{'sourceA': ['event_time', 'mcc_code', 'term_id'], 'sourceB': ['event_time', 'tr_type', 'amount']}",gender/checkpoints_large_30/model_64_0.001_3_10_100_128_32_8_128epoch=22.ckpt,22,30,0.0,47.8199,3.1914,0.0009,4.604,1.2293,11.6164,0.6621,,1102.6243,53.6793,281.869,13.7223,262.5116,12.7799,251.8691,12.2618,238.1852,11.5956,226.9837,11.0503,198.4287,9.6601,53.6824,2.996,13.7231,0.7659,12.7806,0.7133,12.2625,0.6844,11.5963,0.6472,11.0509,0.6167,9.6607,0.5392,0.0,0.0,0.0,0.0,0.0,0.0,0.0,,0.0,0.0,0.0,0.0,0.0,0.0,0.0,0.0,0.0,0.0,0.0,0.0,0.0,0.0,0.0,0.0,0.0,0.0,0.0,0.0,0.0,0.0,0.0,0.0,0.0,0.0,0.0,0.0,0.684,0.7229,0.2875
1133,64,0.001,3,10,100,32,8,128,184,435241,73,30,"{'sourceA': ['event_time', 'mcc_code', 'term_id'], 'sourceB': ['event_time', 'tr_type', 'amount']}",gender/checkpoints_large_30/model_64_0.001_3_10_100_128_32_8_128epoch=23.ckpt,23,30,0.0,47.3862,3.095,0.0009,4.6432,1.2219,11.3182,0.6699,,1099.1016,53.4677,281.6723,13.7024,262.3909,12.7645,251.8522,12.2518,238.0666,11.5812,226.9818,11.0419,198.5181,9.6573,52.7658,2.9421,13.5226,0.754,12.5969,0.7024,12.091,0.6742,11.4291,0.6373,10.897,0.6076,9.5305,0.5314,0.0,0.0,0.0,0.0,0.0,0.0,0.0,,0.0,0.0,0.0,0.0,0.0,0.0,0.0,0.0,0.0,0.0,0.0,0.0,0.0,0.0,0.0,0.0,0.0,0.0,0.0,0.0,0.0,0.0,0.0,0.0,0.0,0.0,0.0,0.0,0.692,0.7152,0.2875
1134,64,0.001,3,10,100,32,8,128,184,435241,73,30,"{'sourceA': ['event_time', 'mcc_code', 'term_id'], 'sourceB': ['event_time', 'tr_type', 'amount']}",gender/checkpoints_large_30/model_64_0.001_3_10_100_128_32_8_128epoch=24.ckpt,24,30,0.0,47.6641,3.1752,0.0008,4.6577,1.2255,11.3743,0.6663,,1105.634,53.7983,282.8383,13.7624,263.3458,12.814,252.8156,12.3016,238.9054,11.6247,227.4495,11.0673,198.8142,9.674,52.0694,2.9036,13.3202,0.7428,12.4022,0.6916,11.9063,0.664,11.2512,0.6274,10.7116,0.5973,9.3631,0.5221,0.0,0.0,0.0,0.0,0.0,0.0,0.0,,0.0,0.0,0.0,0.0,0.0,0.0,0.0,0.0,0.0,0.0,0.0,0.0,0.0,0.0,0.0,0.0,0.0,0.0,0.0,0.0,0.0,0.0,0.0,0.0,0.0,0.0,0.0,0.0,0.676,0.7229,0.2875
1135,64,0.001,3,10,100,32,8,128,184,435241,73,30,"{'sourceA': ['event_time', 'mcc_code', 'term_id'], 'sourceB': ['event_time', 'tr_type', 'amount']}",gender/checkpoints_large_30/model_64_0.001_3_10_100_128_32_8_128epoch=25.ckpt,25,30,0.0,47.8168,3.103,0.0009,4.634,1.2233,11.5414,0.669,,1106.2668,53.8549,282.7037,13.7625,263.4019,12.8228,252.7848,12.306,238.9321,11.6316,227.6453,11.0821,198.9371,9.6846,51.9021,2.9414,13.2635,0.7517,12.3579,0.7003,11.8598,0.6721,11.2098,0.6353,10.6803,0.6053,9.3334,0.5289,0.0,0.0,0.0,0.0,0.0,0.0,0.0,,0.0,0.0,0.0,0.0,0.0,0.0,0.0,0.0,0.0,0.0,0.0,0.0,0.0,0.0,0.0,0.0,0.0,0.0,0.0,0.0,0.0,0.0,0.0,0.0,0.0,0.0,0.0,0.0,0.692,0.743,0.2875
1136,64,0.001,3,10,100,32,8,128,184,435241,73,30,"{'sourceA': ['event_time', 'mcc_code', 'term_id'], 'sourceB': ['event_time', 'tr_type', 'amount']}",gender/checkpoints_large_30/model_64_0.001_3_10_100_128_32_8_128epoch=26.ckpt,26,30,0.0,47.8293,3.0446,0.0008,4.648,1.2241,11.4796,0.6677,,1109.0626,53.9365,283.5425,13.7894,264.2617,12.8517,253.638,12.3351,239.63,11.6538,228.1865,11.0973,199.4416,9.6993,51.3939,2.8774,13.1393,0.7356,12.2459,0.6856,11.7536,0.658,11.1044,0.6217,10.5742,0.592,9.2421,0.5174,0.0,0.0,0.0,0.0,0.0,0.0,0.0,,0.0,0.0,0.0,0.0,0.0,0.0,0.0,0.0,0.0,0.0,0.0,0.0,0.0,0.0,0.0,0.0,0.0,0.0,0.0,0.0,0.0,0.0,0.0,0.0,0.0,0.0,0.0,0.0,0.7,0.7256,0.2875
1137,64,0.001,3,10,100,32,8,128,184,435241,73,30,"{'sourceA': ['event_time', 'mcc_code', 'term_id'], 'sourceB': ['event_time', 'tr_type', 'amount']}",gender/checkpoints_large_30/model_64_0.001_3_10_100_128_32_8_128epoch=27.ckpt,27,30,0.0,48.2286,3.1239,0.0009,4.6347,1.2262,11.7494,0.6653,,1109.8983,53.9899,283.1486,13.7735,263.8123,12.8329,253.338,12.3234,239.5895,11.6546,228.4344,11.112,200.0087,9.7292,51.5853,2.9156,13.16,0.7438,12.2613,0.693,11.7745,0.6655,11.1355,0.6294,10.6171,0.6001,9.2959,0.5254,0.0,0.0,0.0,0.0,0.0,0.0,0.0,,0.0,0.0,0.0,0.0,0.0,0.0,0.0,0.0,0.0,0.0,0.0,0.0,0.0,0.0,0.0,0.0,0.0,0.0,0.0,0.0,0.0,0.0,0.0,0.0,0.0,0.0,0.0,0.0,0.676,0.7161,0.2875
1138,64,0.001,3,10,100,32,8,128,184,435241,73,30,"{'sourceA': ['event_time', 'mcc_code', 'term_id'], 'sourceB': ['event_time', 'tr_type', 'amount']}",gender/checkpoints_large_30/model_64_0.001_3_10_100_128_32_8_128epoch=28.ckpt,28,30,0.0,48.242,3.1545,0.0009,4.6441,1.2275,11.7101,0.6643,,1116.9552,54.3528,283.5611,13.7985,264.3332,12.8629,253.8538,12.3529,240.1106,11.6842,228.8124,11.1344,199.8693,9.726,52.018,2.9084,13.2058,0.7384,12.3103,0.6883,11.8223,0.661,11.1822,0.6252,10.6561,0.5958,9.3082,0.5204,0.0,0.0,0.0,0.0,0.0,0.0,0.0,,0.0,0.0,0.0,0.0,0.0,0.0,0.0,0.0,0.0,0.0,0.0,0.0,0.0,0.0,0.0,0.0,0.0,0.0,0.0,0.0,0.0,0.0,0.0,0.0,0.0,0.0,0.0,0.0,0.704,0.7391,0.2875
1139,64,0.001,3,10,100,32,8,128,184,435241,73,30,"{'sourceA': ['event_time', 'mcc_code', 'term_id'], 'sourceB': ['event_time', 'tr_type', 'amount']}",gender/checkpoints_large_30/model_64_0.001_3_10_100_128_32_8_128epoch=29.ckpt,29,30,0.0,47.6767,3.0571,0.0008,4.6811,1.2173,11.8644,0.6749,,1105.888,53.8096,283.3786,13.7885,264.0423,12.8476,253.4756,12.3335,239.5574,11.6562,228.3663,11.1117,199.1736,9.6913,49.7885,2.7973,12.7581,0.7168,11.8875,0.6679,11.4118,0.6411,10.7852,0.6059,10.2813,0.5776,8.9671,0.5038,0.0,0.0,0.0,0.0,0.0,0.0,0.0,,0.0,0.0,0.0,0.0,0.0,0.0,0.0,0.0,0.0,0.0,0.0,0.0,0.0,0.0,0.0,0.0,0.0,0.0,0.0,0.0,0.0,0.0,0.0,0.0,0.0,0.0,0.0,0.0,0.708,0.7241,0.2875
1140,64,0.001,3,10,100,32,8,256,184,435241,73,30,"{'sourceA': ['event_time', 'mcc_code', 'term_id'], 'sourceB': ['event_time', 'tr_type', 'amount']}",gender/checkpoints_large_30/model_64_0.001_3_10_100_256_32_8_256epoch=00.ckpt,0,30,0.27260888,37.2035,1.6791,0.0002,5.1518,1.3492,5.7291,0.5611,,576.9934,28.9857,228.8508,11.4965,200.0499,10.0497,184.327,9.2598,163.6538,8.2213,147.2835,7.3989,111.6208,5.6074,30.6112,1.8962,12.1412,0.7521,10.6132,0.6574,9.7791,0.6058,8.6823,0.5378,7.8138,0.484,5.9218,0.3668,0.0,0.0,0.0,0.0,0.0,0.0,0.0,,0.0,0.0,0.0,0.0,0.0,0.0,0.0,0.0,0.0,0.0,0.0,0.0,0.0,0.0,0.0,0.0,0.0,0.0,0.0,0.0,0.0,0.0,0.0,0.0,0.0,0.0,0.0,0.0,0.624,0.6406,0.2875
1141,64,0.001,3,10,100,32,8,256,184,435241,73,30,"{'sourceA': ['event_time', 'mcc_code', 'term_id'], 'sourceB': ['event_time', 'tr_type', 'amount']}",gender/checkpoints_large_30/model_64_0.001_3_10_100_256_32_8_256epoch=01.ckpt,1,30,0.30166906,40.0024,1.6789,0.0003,4.8238,1.2601,7.3531,0.6399,,669.1175,33.2529,231.3865,11.4991,205.0468,10.1901,190.6263,9.4735,171.9202,8.5438,156.369,7.771,126.5157,6.2874,39.5357,2.4066,13.6718,0.8322,12.1155,0.7375,11.2634,0.6856,10.1581,0.6183,9.2393,0.5624,7.4754,0.455,0.0,0.0,0.0,0.0,0.0,0.0,0.0,,0.0,0.0,0.0,0.0,0.0,0.0,0.0,0.0,0.0,0.0,0.0,0.0,0.0,0.0,0.0,0.0,0.0,0.0,0.0,0.0,0.0,0.0,0.0,0.0,0.0,0.0,0.0,0.0,0.652,0.6652,0.2875
1142,64,0.001,3,10,100,32,8,256,184,435241,73,30,"{'sourceA': ['event_time', 'mcc_code', 'term_id'], 'sourceB': ['event_time', 'tr_type', 'amount']}",gender/checkpoints_large_30/model_64_0.001_3_10_100_256_32_8_256epoch=02.ckpt,2,30,0.32682294,47.3461,1.678,0.0005,4.575,1.3019,7.5739,0.6011,,794.2712,39.1409,237.137,11.6859,212.9076,10.4919,199.7039,9.8412,182.7729,9.0069,169.051,8.3307,141.8669,6.9911,48.804,2.8206,14.5709,0.8421,13.0821,0.7561,12.2708,0.7092,11.2305,0.6491,10.3874,0.6003,8.717,0.5038,0.0,0.0,0.0,0.0,0.0,0.0,0.0,,0.0,0.0,0.0,0.0,0.0,0.0,0.0,0.0,0.0,0.0,0.0,0.0,0.0,0.0,0.0,0.0,0.0,0.0,0.0,0.0,0.0,0.0,0.0,0.0,0.0,0.0,0.0,0.0,0.64,0.6399,0.2875
1143,64,0.001,3,10,100,32,8,256,184,435241,73,30,"{'sourceA': ['event_time', 'mcc_code', 'term_id'], 'sourceB': ['event_time', 'tr_type', 'amount']}",gender/checkpoints_large_30/model_64_0.001_3_10_100_256_32_8_256epoch=03.ckpt,3,30,0.33658853,51.2571,1.6774,0.0005,4.4849,1.2768,7.8121,0.6216,,849.7712,41.8997,245.5816,12.1089,221.5288,10.9229,208.5194,10.2815,191.2954,9.4322,177.404,8.7473,153.1105,7.5494,49.3125,2.833,14.2512,0.8187,12.8554,0.7385,12.1004,0.6952,11.1009,0.6377,10.2948,0.5914,8.885,0.5104,0.0,0.0,0.0,0.0,0.0,0.0,0.0,,0.0,0.0,0.0,0.0,0.0,0.0,0.0,0.0,0.0,0.0,0.0,0.0,0.0,0.0,0.0,0.0,0.0,0.0,0.0,0.0,0.0,0.0,0.0,0.0,0.0,0.0,0.0,0.0,0.656,0.6785,0.2875
1144,64,0.001,3,10,100,32,8,256,184,435241,73,30,"{'sourceA': ['event_time', 'mcc_code', 'term_id'], 'sourceB': ['event_time', 'tr_type', 'amount']}",gender/checkpoints_large_30/model_64_0.001_3_10_100_256_32_8_256epoch=04.ckpt,4,30,0.35890153,54.8657,1.6776,0.0005,4.4727,1.2549,8.0932,0.6419,,907.7393,44.5815,255.8987,12.5679,233.0912,11.4477,220.5403,10.8313,204.3255,10.035,191.171,9.3889,165.9334,8.1494,53.7556,2.9877,15.1541,0.8422,13.8035,0.7672,13.0602,0.7259,12.1,0.6725,11.321,0.6292,9.8264,0.5461,0.0,0.0,0.0,0.0,0.0,0.0,0.0,,0.0,0.0,0.0,0.0,0.0,0.0,0.0,0.0,0.0,0.0,0.0,0.0,0.0,0.0,0.0,0.0,0.0,0.0,0.0,0.0,0.0,0.0,0.0,0.0,0.0,0.0,0.0,0.0,0.708,0.7232,0.2875
1145,64,0.001,3,10,100,32,8,256,184,435241,73,30,"{'sourceA': ['event_time', 'mcc_code', 'term_id'], 'sourceB': ['event_time', 'tr_type', 'amount']}",gender/checkpoints_large_30/model_64_0.001_3_10_100_256_32_8_256epoch=05.ckpt,5,30,0.36215675,56.916,1.6763,0.0005,4.5544,1.2314,9.4509,0.6645,,967.182,47.3628,265.0572,12.9798,242.4844,11.8744,230.1186,11.2689,214.0355,10.4813,200.8581,9.836,173.3399,8.4884,54.8961,3.0379,15.0443,0.8325,13.7631,0.7616,13.0613,0.7228,12.1484,0.6723,11.4005,0.6309,9.8386,0.5445,0.0,0.0,0.0,0.0,0.0,0.0,0.0,,0.0,0.0,0.0,0.0,0.0,0.0,0.0,0.0,0.0,0.0,0.0,0.0,0.0,0.0,0.0,0.0,0.0,0.0,0.0,0.0,0.0,0.0,0.0,0.0,0.0,0.0,0.0,0.0,0.672,0.7037,0.2875
1146,64,0.001,3,10,100,32,8,256,184,435241,73,30,"{'sourceA': ['event_time', 'mcc_code', 'term_id'], 'sourceB': ['event_time', 'tr_type', 'amount']}",gender/checkpoints_large_30/model_64_0.001_3_10_100_256_32_8_256epoch=06.ckpt,6,30,0.37062028,60.994,1.6671,0.0004,4.6314,1.2379,10.3036,0.6565,,1013.1629,49.429,271.1974,13.2309,248.7933,12.1378,236.3943,11.5329,219.7078,10.7188,205.033,10.0029,175.3045,8.5526,57.4793,3.0902,15.3857,0.8272,14.1147,0.7588,13.4112,0.721,12.4646,0.6701,11.632,0.6254,9.9455,0.5347,0.0,0.0,0.0,0.0,0.0,0.0,0.0,,0.0,0.0,0.0,0.0,0.0,0.0,0.0,0.0,0.0,0.0,0.0,0.0,0.0,0.0,0.0,0.0,0.0,0.0,0.0,0.0,0.0,0.0,0.0,0.0,0.0,0.0,0.0,0.0,0.72,0.7264,0.2875
1147,64,0.001,3,10,100,32,8,256,184,435241,73,30,"{'sourceA': ['event_time', 'mcc_code', 'term_id'], 'sourceB': ['event_time', 'tr_type', 'amount']}",gender/checkpoints_large_30/model_64_0.001_3_10_100_256_32_8_256epoch=07.ckpt,7,30,0.3859493,63.0338,1.6738,0.0005,4.713,1.2303,10.1521,0.6648,,1038.9308,50.8,274.9189,13.4426,252.9297,12.3674,240.8788,11.7781,224.9949,11.0015,211.1336,10.3237,180.4554,8.8236,52.444,2.9287,13.8776,0.775,12.7676,0.713,12.1593,0.679,11.3575,0.6343,10.6578,0.5952,9.1092,0.5087,0.0,0.0,0.0,0.0,0.0,0.0,0.0,,0.0,0.0,0.0,0.0,0.0,0.0,0.0,0.0,0.0,0.0,0.0,0.0,0.0,0.0,0.0,0.0,0.0,0.0,0.0,0.0,0.0,0.0,0.0,0.0,0.0,0.0,0.0,0.0,0.684,0.7135,0.2875
1148,64,0.001,3,10,100,32,8,256,184,435241,73,30,"{'sourceA': ['event_time', 'mcc_code', 'term_id'], 'sourceB': ['event_time', 'tr_type', 'amount']}",gender/checkpoints_large_30/model_64_0.001_3_10_100_256_32_8_256epoch=08.ckpt,8,30,0.38624525,65.8442,1.6757,0.0004,4.7893,1.2286,10.3127,0.6672,,1081.0641,52.8578,280.8782,13.7333,259.3203,12.6793,247.4369,12.0982,231.0139,11.2953,215.9993,10.5611,185.8163,9.0854,55.0387,2.9499,14.3,0.7664,13.2024,0.7076,12.5974,0.6752,11.7613,0.6304,10.9969,0.5894,9.4602,0.507,0.0,0.0,0.0,0.0,0.0,0.0,0.0,,0.0,0.0,0.0,0.0,0.0,0.0,0.0,0.0,0.0,0.0,0.0,0.0,0.0,0.0,0.0,0.0,0.0,0.0,0.0,0.0,0.0,0.0,0.0,0.0,0.0,0.0,0.0,0.0,0.672,0.689,0.2875
1149,64,0.001,3,10,100,32,8,256,184,435241,73,30,"{'sourceA': ['event_time', 'mcc_code', 'term_id'], 'sourceB': ['event_time', 'tr_type', 'amount']}",gender/checkpoints_large_30/model_64_0.001_3_10_100_256_32_8_256epoch=09.ckpt,9,30,0.3877249,67.9288,1.6734,0.0004,4.8358,1.2233,10.863,0.6716,,1118.1547,54.4985,283.9271,13.8385,262.5238,12.7953,250.9643,12.2319,235.1496,11.4611,221.9694,10.8187,193.7346,9.4426,52.9565,2.9169,13.447,0.7407,12.4333,0.6848,11.8858,0.6547,11.1368,0.6134,10.5126,0.579,9.1754,0.5054,0.0,0.0,0.0,0.0,0.0,0.0,0.0,,0.0,0.0,0.0,0.0,0.0,0.0,0.0,0.0,0.0,0.0,0.0,0.0,0.0,0.0,0.0,0.0,0.0,0.0,0.0,0.0,0.0,0.0,0.0,0.0,0.0,0.0,0.0,0.0,0.696,0.7256,0.2875
1150,64,0.001,3,10,100,32,8,256,184,435241,73,30,"{'sourceA': ['event_time', 'mcc_code', 'term_id'], 'sourceB': ['event_time', 'tr_type', 'amount']}",gender/checkpoints_large_30/model_64_0.001_3_10_100_256_32_8_256epoch=10.ckpt,10,30,0.39589253,68.8416,1.6648,0.0004,4.8612,1.2265,11.6365,0.6674,,1146.277,55.839,287.0615,13.9837,265.995,12.9575,254.4827,12.3967,239.0499,11.6449,225.5691,10.9882,195.882,9.5421,54.2454,2.9166,13.5846,0.7304,12.5877,0.6768,12.0429,0.6475,11.3126,0.6082,10.6746,0.5739,9.2697,0.4984,0.0,0.0,0.0,0.0,0.0,0.0,0.0,,0.0,0.0,0.0,0.0,0.0,0.0,0.0,0.0,0.0,0.0,0.0,0.0,0.0,0.0,0.0,0.0,0.0,0.0,0.0,0.0,0.0,0.0,0.0,0.0,0.0,0.0,0.0,0.0,0.688,0.7382,0.2875
1151,64,0.001,3,10,100,32,8,256,184,435241,73,30,"{'sourceA': ['event_time', 'mcc_code', 'term_id'], 'sourceB': ['event_time', 'tr_type', 'amount']}",gender/checkpoints_large_30/model_64_0.001_3_10_100_256_32_8_256epoch=11.ckpt,11,30,0.3951231,69.5444,1.6626,0.0004,4.8767,1.2207,11.6836,0.6731,,1153.8726,56.1621,288.0317,14.0193,266.8391,12.9878,255.3779,12.4299,239.7889,11.6712,226.737,11.0359,197.5346,9.6145,50.744,2.7988,12.6668,0.6986,11.7348,0.6472,11.2308,0.6194,10.5452,0.5816,9.9712,0.55,8.687,0.4791,0.0,0.0,0.0,0.0,0.0,0.0,0.0,,0.0,0.0,0.0,0.0,0.0,0.0,0.0,0.0,0.0,0.0,0.0,0.0,0.0,0.0,0.0,0.0,0.0,0.0,0.0,0.0,0.0,0.0,0.0,0.0,0.0,0.0,0.0,0.0,0.684,0.6845,0.2875
1152,64,0.001,3,10,100,32,8,256,184,435241,73,30,"{'sourceA': ['event_time', 'mcc_code', 'term_id'], 'sourceB': ['event_time', 'tr_type', 'amount']}",gender/checkpoints_large_30/model_64_0.001_3_10_100_256_32_8_256epoch=12.ckpt,12,30,0.38748816,70.2493,1.6739,0.0004,4.9092,1.2166,11.6235,0.6779,,1167.643,56.8896,288.7434,14.0681,267.9902,13.0569,256.5615,12.5001,241.2272,11.753,228.0519,11.1111,198.5409,9.6733,49.7232,2.7541,12.2959,0.6811,11.4122,0.6321,10.9255,0.6051,10.2725,0.569,9.7114,0.5379,8.4547,0.4683,0.0,0.0,0.0,0.0,0.0,0.0,0.0,,0.0,0.0,0.0,0.0,0.0,0.0,0.0,0.0,0.0,0.0,0.0,0.0,0.0,0.0,0.0,0.0,0.0,0.0,0.0,0.0,0.0,0.0,0.0,0.0,0.0,0.0,0.0,0.0,0.672,0.7149,0.2875
1153,64,0.001,3,10,100,32,8,256,184,435241,73,30,"{'sourceA': ['event_time', 'mcc_code', 'term_id'], 'sourceB': ['event_time', 'tr_type', 'amount']}",gender/checkpoints_large_30/model_64_0.001_3_10_100_256_32_8_256epoch=13.ckpt,13,30,0.3945904,71.2372,1.6706,0.0004,4.9283,1.2157,11.9522,0.6791,,1189.2493,57.9601,291.6569,14.2144,270.9795,13.2067,259.3848,12.6416,244.3914,11.9108,231.4753,11.2814,200.88,9.7902,51.3684,2.7672,12.5978,0.6786,11.7047,0.6305,11.2039,0.6036,10.5562,0.5687,9.9983,0.5386,8.6768,0.4674,0.0,0.0,0.0,0.0,0.0,0.0,0.0,,0.0,0.0,0.0,0.0,0.0,0.0,0.0,0.0,0.0,0.0,0.0,0.0,0.0,0.0,0.0,0.0,0.0,0.0,0.0,0.0,0.0,0.0,0.0,0.0,0.0,0.0,0.0,0.0,0.676,0.7022,0.2875
1154,64,0.001,3,10,100,32,8,256,184,435241,73,30,"{'sourceA': ['event_time', 'mcc_code', 'term_id'], 'sourceB': ['event_time', 'tr_type', 'amount']}",gender/checkpoints_large_30/model_64_0.001_3_10_100_256_32_8_256epoch=14.ckpt,14,30,0.40074575,71.773,1.669,0.0004,4.9606,1.2135,11.6896,0.6809,,1196.8726,58.3016,291.8864,14.2182,271.0482,13.2032,259.4872,12.64,244.4293,11.9065,231.1102,11.2577,200.7289,9.7778,49.6218,2.7393,12.1015,0.668,11.2375,0.6203,10.7582,0.5939,10.1339,0.5594,9.5817,0.5289,8.3221,0.4594,0.0,0.0,0.0,0.0,0.0,0.0,0.0,,0.0,0.0,0.0,0.0,0.0,0.0,0.0,0.0,0.0,0.0,0.0,0.0,0.0,0.0,0.0,0.0,0.0,0.0,0.0,0.0,0.0,0.0,0.0,0.0,0.0,0.0,0.0,0.0,0.672,0.7195,0.2875
1155,64,0.001,3,10,100,32,8,256,184,435241,73,30,"{'sourceA': ['event_time', 'mcc_code', 'term_id'], 'sourceB': ['event_time', 'tr_type', 'amount']}",gender/checkpoints_large_30/model_64_0.001_3_10_100_256_32_8_256epoch=15.ckpt,15,30,0.4005682,72.1578,1.6725,0.0004,4.9968,1.2109,11.8891,0.6843,,1217.8951,59.3346,293.0614,14.2777,272.468,13.2744,261.0078,12.716,245.9114,11.9806,232.6758,11.3357,201.2607,9.8052,51.692,2.8144,12.4386,0.6772,11.5646,0.6296,11.0782,0.6031,10.4374,0.5683,9.8756,0.5377,8.5423,0.4651,0.0,0.0,0.0,0.0,0.0,0.0,0.0,,0.0,0.0,0.0,0.0,0.0,0.0,0.0,0.0,0.0,0.0,0.0,0.0,0.0,0.0,0.0,0.0,0.0,0.0,0.0,0.0,0.0,0.0,0.0,0.0,0.0,0.0,0.0,0.0,0.676,0.6992,0.2875
1156,64,0.001,3,10,100,32,8,256,184,435241,73,30,"{'sourceA': ['event_time', 'mcc_code', 'term_id'], 'sourceB': ['event_time', 'tr_type', 'amount']}",gender/checkpoints_large_30/model_64_0.001_3_10_100_256_32_8_256epoch=16.ckpt,16,30,0.40701944,73.923,1.6723,0.0004,4.9581,1.2147,12.1048,0.6797,,1230.3801,59.917,293.8253,14.3087,273.5933,13.3234,262.5232,12.7843,247.5233,12.0539,234.5916,11.4241,203.2516,9.8979,48.2922,2.6936,11.5326,0.6432,10.7385,0.599,10.304,0.5747,9.7152,0.5419,9.2077,0.5136,7.9776,0.445,0.0,0.0,0.0,0.0,0.0,0.0,0.0,,0.0,0.0,0.0,0.0,0.0,0.0,0.0,0.0,0.0,0.0,0.0,0.0,0.0,0.0,0.0,0.0,0.0,0.0,0.0,0.0,0.0,0.0,0.0,0.0,0.0,0.0,0.0,0.0,0.696,0.7195,0.2875
1157,64,0.001,3,10,100,32,8,256,184,435241,73,30,"{'sourceA': ['event_time', 'mcc_code', 'term_id'], 'sourceB': ['event_time', 'tr_type', 'amount']}",gender/checkpoints_large_30/model_64_0.001_3_10_100_256_32_8_256epoch=17.ckpt,17,30,0.39772722,74.435,1.6658,0.0004,4.975,1.2147,12.5403,0.6797,,1250.4489,60.8453,294.8246,14.3458,274.5916,13.3613,263.4436,12.8188,248.6083,12.097,235.499,11.4591,205.2366,9.9866,50.1896,2.7769,11.8334,0.6547,11.0213,0.6098,10.5739,0.585,9.9784,0.5521,9.4523,0.523,8.2376,0.4558,0.0,0.0,0.0,0.0,0.0,0.0,0.0,,0.0,0.0,0.0,0.0,0.0,0.0,0.0,0.0,0.0,0.0,0.0,0.0,0.0,0.0,0.0,0.0,0.0,0.0,0.0,0.0,0.0,0.0,0.0,0.0,0.0,0.0,0.0,0.0,0.68,0.7065,0.2875
1158,64,0.001,3,10,100,32,8,256,184,435241,73,30,"{'sourceA': ['event_time', 'mcc_code', 'term_id'], 'sourceB': ['event_time', 'tr_type', 'amount']}",gender/checkpoints_large_30/model_64_0.001_3_10_100_256_32_8_256epoch=18.ckpt,18,30,0.40429688,75.1083,1.6603,0.0004,4.9966,1.2176,12.5353,0.6755,,1272.6984,61.9269,296.0475,14.4051,276.1621,13.4375,265.1414,12.9012,250.5019,12.1889,238.0074,11.581,207.2429,10.084,48.7821,2.789,11.3474,0.6488,10.5852,0.6052,10.1628,0.581,9.6017,0.549,9.1227,0.5216,7.9435,0.4542,0.0,0.0,0.0,0.0,0.0,0.0,0.0,,0.0,0.0,0.0,0.0,0.0,0.0,0.0,0.0,0.0,0.0,0.0,0.0,0.0,0.0,0.0,0.0,0.0,0.0,0.0,0.0,0.0,0.0,0.0,0.0,0.0,0.0,0.0,0.0,0.712,0.7181,0.2875
1159,64,0.001,3,10,100,32,8,256,184,435241,73,30,"{'sourceA': ['event_time', 'mcc_code', 'term_id'], 'sourceB': ['event_time', 'tr_type', 'amount']}",gender/checkpoints_large_30/model_64_0.001_3_10_100_256_32_8_256epoch=19.ckpt,19,30,0.41051137,75.7033,1.6718,0.0004,4.9752,1.2121,12.4911,0.6824,,1269.8135,61.8227,296.5343,14.4372,276.5536,13.4644,265.4474,12.9237,250.6812,12.2048,237.7725,11.5763,207.4969,10.1023,49.3968,2.7597,11.5354,0.6445,10.7582,0.601,10.3261,0.5769,9.7517,0.5448,9.2495,0.5168,8.0718,0.451,0.0,0.0,0.0,0.0,0.0,0.0,0.0,,0.0,0.0,0.0,0.0,0.0,0.0,0.0,0.0,0.0,0.0,0.0,0.0,0.0,0.0,0.0,0.0,0.0,0.0,0.0,0.0,0.0,0.0,0.0,0.0,0.0,0.0,0.0,0.0,0.684,0.715,0.2875
1160,64,0.001,3,10,100,32,8,256,184,435241,73,30,"{'sourceA': ['event_time', 'mcc_code', 'term_id'], 'sourceB': ['event_time', 'tr_type', 'amount']}",gender/checkpoints_large_30/model_64_0.001_3_10_100_256_32_8_256epoch=20.ckpt,20,30,0.40796635,75.5474,1.6675,0.0004,5.0001,1.2089,12.637,0.6859,,1276.1255,62.1395,297.5748,14.4901,277.8179,13.528,266.8941,12.9961,252.3448,12.2877,239.5561,11.6649,207.1165,10.0853,50.8871,2.8332,11.8662,0.6607,11.0783,0.6168,10.6427,0.5925,10.0626,0.5602,9.5526,0.5318,8.259,0.4598,0.0,0.0,0.0,0.0,0.0,0.0,0.0,,0.0,0.0,0.0,0.0,0.0,0.0,0.0,0.0,0.0,0.0,0.0,0.0,0.0,0.0,0.0,0.0,0.0,0.0,0.0,0.0,0.0,0.0,0.0,0.0,0.0,0.0,0.0,0.0,0.672,0.7082,0.2875
1161,64,0.001,3,10,100,32,8,256,184,435241,73,30,"{'sourceA': ['event_time', 'mcc_code', 'term_id'], 'sourceB': ['event_time', 'tr_type', 'amount']}",gender/checkpoints_large_30/model_64_0.001_3_10_100_256_32_8_256epoch=21.ckpt,21,30,0.41133994,75.6356,1.6674,0.0004,5.0043,1.2092,12.7067,0.6855,,1280.5464,62.3293,296.6,14.4367,277.0191,13.4836,266.2594,12.9599,251.768,12.2545,239.2077,11.6432,206.7058,10.0612,51.9044,2.9055,12.0221,0.673,11.2284,0.6285,10.7923,0.6041,10.2049,0.5712,9.6958,0.5427,8.3784,0.469,0.0,0.0,0.0,0.0,0.0,0.0,0.0,,0.0,0.0,0.0,0.0,0.0,0.0,0.0,0.0,0.0,0.0,0.0,0.0,0.0,0.0,0.0,0.0,0.0,0.0,0.0,0.0,0.0,0.0,0.0,0.0,0.0,0.0,0.0,0.0,0.68,0.7126,0.2875
1162,64,0.001,3,10,100,32,8,256,184,435241,73,30,"{'sourceA': ['event_time', 'mcc_code', 'term_id'], 'sourceB': ['event_time', 'tr_type', 'amount']}",gender/checkpoints_large_30/model_64_0.001_3_10_100_256_32_8_256epoch=22.ckpt,22,30,0.40755212,75.7181,1.6728,0.0004,5.0113,1.2079,13.3674,0.6876,,1285.5841,62.6488,297.7936,14.512,278.1356,13.554,267.2406,13.0231,252.7562,12.3173,240.1989,11.7053,207.6978,10.1215,50.6118,2.8248,11.7238,0.6543,10.9498,0.6111,10.5209,0.5872,9.9507,0.5554,9.4563,0.5278,8.1768,0.4564,0.0,0.0,0.0,0.0,0.0,0.0,0.0,,0.0,0.0,0.0,0.0,0.0,0.0,0.0,0.0,0.0,0.0,0.0,0.0,0.0,0.0,0.0,0.0,0.0,0.0,0.0,0.0,0.0,0.0,0.0,0.0,0.0,0.0,0.0,0.0,0.656,0.688,0.2875
1163,64,0.001,3,10,100,32,8,256,184,435241,73,30,"{'sourceA': ['event_time', 'mcc_code', 'term_id'], 'sourceB': ['event_time', 'tr_type', 'amount']}",gender/checkpoints_large_30/model_64_0.001_3_10_100_256_32_8_256epoch=23.ckpt,23,30,0.4042969,75.839,1.667,0.0004,5.0112,1.2033,13.4402,0.6923,,1285.4054,62.6396,298.0438,14.5241,278.3621,13.565,267.5075,13.036,253.1309,12.3354,240.5859,11.7241,208.1654,10.1442,50.3016,2.8621,11.6633,0.6636,10.8931,0.6198,10.4683,0.5956,9.9057,0.5636,9.4148,0.5357,8.1461,0.4635,0.0,0.0,0.0,0.0,0.0,0.0,0.0,,0.0,0.0,0.0,0.0,0.0,0.0,0.0,0.0,0.0,0.0,0.0,0.0,0.0,0.0,0.0,0.0,0.0,0.0,0.0,0.0,0.0,0.0,0.0,0.0,0.0,0.0,0.0,0.0,0.704,0.7066,0.2875
1164,64,0.001,3,10,100,32,8,256,184,435241,73,30,"{'sourceA': ['event_time', 'mcc_code', 'term_id'], 'sourceB': ['event_time', 'tr_type', 'amount']}",gender/checkpoints_large_30/model_64_0.001_3_10_100_256_32_8_256epoch=24.ckpt,24,30,0.41057053,77.0551,1.6666,0.0004,4.9894,1.2161,13.3579,0.6781,,1307.3528,63.6402,298.3114,14.5214,278.8533,13.5742,268.0764,13.0496,253.7463,12.352,241.3752,11.7498,211.9558,10.3177,52.2108,2.8902,11.9134,0.6595,11.1364,0.6165,10.706,0.5926,10.1337,0.561,9.6396,0.5336,8.4647,0.4686,0.0,0.0,0.0,0.0,0.0,0.0,0.0,,0.0,0.0,0.0,0.0,0.0,0.0,0.0,0.0,0.0,0.0,0.0,0.0,0.0,0.0,0.0,0.0,0.0,0.0,0.0,0.0,0.0,0.0,0.0,0.0,0.0,0.0,0.0,0.0,0.672,0.7291,0.2875
1165,64,0.001,3,10,100,32,8,256,184,435241,73,30,"{'sourceA': ['event_time', 'mcc_code', 'term_id'], 'sourceB': ['event_time', 'tr_type', 'amount']}",gender/checkpoints_large_30/model_64_0.001_3_10_100_256_32_8_256epoch=25.ckpt,25,30,0.4059541,77.2712,1.6657,0.0004,4.9889,1.2146,13.094,0.6795,,1312.6677,63.8737,298.316,14.5159,279.0113,13.5765,268.2021,13.0506,253.8321,12.3513,241.5976,11.756,210.9322,10.2638,52.5188,2.922,11.9354,0.664,11.163,0.6211,10.7305,0.597,10.1556,0.565,9.6661,0.5378,8.4392,0.4695,0.0,0.0,0.0,0.0,0.0,0.0,0.0,,0.0,0.0,0.0,0.0,0.0,0.0,0.0,0.0,0.0,0.0,0.0,0.0,0.0,0.0,0.0,0.0,0.0,0.0,0.0,0.0,0.0,0.0,0.0,0.0,0.0,0.0,0.0,0.0,0.676,0.7181,0.2875
1166,64,0.001,3,10,100,32,8,256,184,435241,73,30,"{'sourceA': ['event_time', 'mcc_code', 'term_id'], 'sourceB': ['event_time', 'tr_type', 'amount']}",gender/checkpoints_large_30/model_64_0.001_3_10_100_256_32_8_256epoch=26.ckpt,26,30,0.4083807,77.7237,1.6646,0.0004,4.9894,1.2134,13.8256,0.6807,,1318.9062,64.1799,298.7404,14.5371,279.3252,13.5924,268.5066,13.0659,254.3427,12.3767,242.0775,11.7798,211.6072,10.2971,53.0697,2.9537,12.0206,0.669,11.2394,0.6256,10.8041,0.6013,10.2342,0.5696,9.7406,0.5421,8.5146,0.4739,0.0,0.0,0.0,0.0,0.0,0.0,0.0,,0.0,0.0,0.0,0.0,0.0,0.0,0.0,0.0,0.0,0.0,0.0,0.0,0.0,0.0,0.0,0.0,0.0,0.0,0.0,0.0,0.0,0.0,0.0,0.0,0.0,0.0,0.0,0.0,0.684,0.7091,0.2875
1167,64,0.001,3,10,100,32,8,256,184,435241,73,30,"{'sourceA': ['event_time', 'mcc_code', 'term_id'], 'sourceB': ['event_time', 'tr_type', 'amount']}",gender/checkpoints_large_30/model_64_0.001_3_10_100_256_32_8_256epoch=27.ckpt,27,30,0.41518706,77.5455,1.6684,0.0004,5.0031,1.2111,13.452,0.6828,,1322.2949,64.2989,298.886,14.5339,279.459,13.5892,268.6237,13.0623,254.5384,12.3774,242.1855,11.7767,211.9038,10.3042,52.8246,3.0018,11.9403,0.6785,11.1642,0.6344,10.7313,0.6098,10.1686,0.5778,9.6751,0.5498,8.4654,0.4811,0.0,0.0,0.0,0.0,0.0,0.0,0.0,,0.0,0.0,0.0,0.0,0.0,0.0,0.0,0.0,0.0,0.0,0.0,0.0,0.0,0.0,0.0,0.0,0.0,0.0,0.0,0.0,0.0,0.0,0.0,0.0,0.0,0.0,0.0,0.0,0.676,0.6957,0.2875
1168,64,0.001,3,10,100,32,8,256,184,435241,73,30,"{'sourceA': ['event_time', 'mcc_code', 'term_id'], 'sourceB': ['event_time', 'tr_type', 'amount']}",gender/checkpoints_large_30/model_64_0.001_3_10_100_256_32_8_256epoch=28.ckpt,28,30,0.40820312,77.0472,1.6681,0.0004,5.0121,1.2037,13.3437,0.6913,,1315.9575,64.0417,299.4195,14.5714,280.0241,13.6275,269.1584,13.0987,254.8787,12.4038,242.3031,11.7918,210.1395,10.2265,51.9706,2.9155,11.8248,0.6634,11.0589,0.6204,10.6298,0.5963,10.0658,0.5647,9.5692,0.5368,8.2989,0.4656,0.0,0.0,0.0,0.0,0.0,0.0,0.0,,0.0,0.0,0.0,0.0,0.0,0.0,0.0,0.0,0.0,0.0,0.0,0.0,0.0,0.0,0.0,0.0,0.0,0.0,0.0,0.0,0.0,0.0,0.0,0.0,0.0,0.0,0.0,0.0,0.724,0.7288,0.2875
1169,64,0.001,3,10,100,32,8,256,184,435241,73,30,"{'sourceA': ['event_time', 'mcc_code', 'term_id'], 'sourceB': ['event_time', 'tr_type', 'amount']}",gender/checkpoints_large_30/model_64_0.001_3_10_100_256_32_8_256epoch=29.ckpt,29,30,0.41175425,78.6551,1.664,0.0004,4.9669,1.2151,13.5786,0.6789,,1343.8514,65.396,299.1525,14.5577,279.8308,13.6174,269.0228,13.0915,254.9891,12.4086,243.025,11.8264,212.0508,10.3191,53.7765,3.0334,11.9711,0.6753,11.1979,0.6316,10.7654,0.6073,10.2038,0.5756,9.7251,0.5486,8.4856,0.4787,0.0,0.0,0.0,0.0,0.0,0.0,0.0,,0.0,0.0,0.0,0.0,0.0,0.0,0.0,0.0,0.0,0.0,0.0,0.0,0.0,0.0,0.0,0.0,0.0,0.0,0.0,0.0,0.0,0.0,0.0,0.0,0.0,0.0,0.0,0.0,0.68,0.7156,0.2875
1170,64,0.001,3,10,100,32,8,512,184,435241,73,30,"{'sourceA': ['event_time', 'mcc_code', 'term_id'], 'sourceB': ['event_time', 'tr_type', 'amount']}",gender/checkpoints_large_30/model_64_0.001_3_10_100_512_32_8_512epoch=00.ckpt,0,30,0.28065816,42.6294,1.0,1e-04,5.6311,1.2864,6.403,0.6279,,657.0429,33.4502,227.1876,11.5662,197.5607,10.0579,181.0693,9.2183,159.4239,8.1163,140.4672,7.1512,106.0635,5.3997,29.4715,1.961,10.1904,0.6781,8.8615,0.5896,8.1218,0.5404,7.1509,0.4758,6.3006,0.4192,4.7574,0.3166,0.0,0.0,0.0,0.0,0.0,0.0,0.0,,0.0,0.0,0.0,0.0,0.0,0.0,0.0,0.0,0.0,0.0,0.0,0.0,0.0,0.0,0.0,0.0,0.0,0.0,0.0,0.0,0.0,0.0,0.0,0.0,0.0,0.0,0.0,0.0,0.564,0.5734,0.2875
1171,64,0.001,3,10,100,32,8,512,184,435241,73,30,"{'sourceA': ['event_time', 'mcc_code', 'term_id'], 'sourceB': ['event_time', 'tr_type', 'amount']}",gender/checkpoints_large_30/model_64_0.001_3_10_100_512_32_8_512epoch=01.ckpt,1,30,0.3064039,55.8027,1.0,1e-04,5.2905,1.3362,7.1823,0.5833,,774.7866,38.9239,232.2741,11.669,205.9811,10.3481,191.9613,9.6438,173.828,8.7328,158.9904,7.9874,131.8498,6.6239,39.6817,2.4763,11.8962,0.7424,10.5496,0.6583,9.8315,0.6135,8.9028,0.5556,8.1429,0.5081,6.7529,0.4214,0.0,0.0,0.0,0.0,0.0,0.0,0.0,,0.0,0.0,0.0,0.0,0.0,0.0,0.0,0.0,0.0,0.0,0.0,0.0,0.0,0.0,0.0,0.0,0.0,0.0,0.0,0.0,0.0,0.0,0.0,0.0,0.0,0.0,0.0,0.0,0.628,0.6231,0.2875
1172,64,0.001,3,10,100,32,8,512,184,435241,73,30,"{'sourceA': ['event_time', 'mcc_code', 'term_id'], 'sourceB': ['event_time', 'tr_type', 'amount']}",gender/checkpoints_large_30/model_64_0.001_3_10_100_512_32_8_512epoch=02.ckpt,2,30,0.33463544,65.0584,1.0,1e-04,5.1015,1.2788,7.8656,0.6252,,881.5877,43.8189,245.7899,12.2169,220.6628,10.9679,206.8938,10.2836,189.4362,9.4158,174.6003,8.6784,150.5204,7.4816,45.5955,2.702,12.7122,0.7533,11.4126,0.6763,10.7005,0.6341,9.7976,0.5806,9.0303,0.5351,7.7849,0.4613,0.0,0.0,0.0,0.0,0.0,0.0,0.0,,0.0,0.0,0.0,0.0,0.0,0.0,0.0,0.0,0.0,0.0,0.0,0.0,0.0,0.0,0.0,0.0,0.0,0.0,0.0,0.0,0.0,0.0,0.0,0.0,0.0,0.0,0.0,0.0,0.644,0.6564,0.2875
1173,64,0.001,3,10,100,32,8,512,184,435241,73,30,"{'sourceA': ['event_time', 'mcc_code', 'term_id'], 'sourceB': ['event_time', 'tr_type', 'amount']}",gender/checkpoints_large_30/model_64_0.001_3_10_100_512_32_8_512epoch=03.ckpt,3,30,0.35795453,72.7975,1.0,1e-04,5.1093,1.2688,9.2437,0.6316,,955.6521,47.0792,259.4427,12.7812,237.1785,11.6844,224.6421,11.0668,208.359,10.2646,193.8796,9.5513,166.4688,8.2009,60.2003,3.2886,16.3433,0.8928,14.9408,0.8162,14.1511,0.773,13.1254,0.717,12.2132,0.6672,10.4865,0.5729,0.0,0.0,0.0,0.0,0.0,0.0,0.0,,0.0,0.0,0.0,0.0,0.0,0.0,0.0,0.0,0.0,0.0,0.0,0.0,0.0,0.0,0.0,0.0,0.0,0.0,0.0,0.0,0.0,0.0,0.0,0.0,0.0,0.0,0.0,0.0,0.688,0.7113,0.2875
1174,64,0.001,3,10,100,32,8,512,184,435241,73,30,"{'sourceA': ['event_time', 'mcc_code', 'term_id'], 'sourceB': ['event_time', 'tr_type', 'amount']}",gender/checkpoints_large_30/model_64_0.001_3_10_100_512_32_8_512epoch=04.ckpt,4,30,0.3704427,76.2216,1.0,1e-04,5.1753,1.255,9.6855,0.644,,1035.5394,50.9098,270.3241,13.2898,248.6932,12.2264,236.5142,11.6276,220.2205,10.8266,205.8367,10.1195,178.259,8.7637,61.9791,3.2689,16.1794,0.8533,14.8848,0.7851,14.1558,0.7466,13.1806,0.6952,12.3197,0.6498,10.6692,0.5627,0.0,0.0,0.0,0.0,0.0,0.0,0.0,,0.0,0.0,0.0,0.0,0.0,0.0,0.0,0.0,0.0,0.0,0.0,0.0,0.0,0.0,0.0,0.0,0.0,0.0,0.0,0.0,0.0,0.0,0.0,0.0,0.0,0.0,0.0,0.0,0.648,0.6873,0.2875
1175,64,0.001,3,10,100,32,8,512,184,435241,73,30,"{'sourceA': ['event_time', 'mcc_code', 'term_id'], 'sourceB': ['event_time', 'tr_type', 'amount']}",gender/checkpoints_large_30/model_64_0.001_3_10_100_512_32_8_512epoch=05.ckpt,5,30,0.3777817,78.3659,1.0,1e-04,5.2948,1.2307,10.3826,0.6666,,1071.5096,52.4116,277.2573,13.5617,255.6927,12.5069,243.6185,11.9163,227.6477,11.1351,213.4198,10.4392,187.4613,9.1694,58.9829,3.1643,15.2621,0.8188,14.075,0.7551,13.4104,0.7194,12.5312,0.6723,11.748,0.6303,10.3191,0.5536,0.0,0.0,0.0,0.0,0.0,0.0,0.0,,0.0,0.0,0.0,0.0,0.0,0.0,0.0,0.0,0.0,0.0,0.0,0.0,0.0,0.0,0.0,0.0,0.0,0.0,0.0,0.0,0.0,0.0,0.0,0.0,0.0,0.0,0.0,0.0,0.668,0.6743,0.2875
1176,64,0.001,3,10,100,32,8,512,184,435241,73,30,"{'sourceA': ['event_time', 'mcc_code', 'term_id'], 'sourceB': ['event_time', 'tr_type', 'amount']}",gender/checkpoints_large_30/model_64_0.001_3_10_100_512_32_8_512epoch=06.ckpt,6,30,0.3856534,81.487,1.0,1e-04,5.3667,1.2226,11.3264,0.6749,,1127.4166,55.1662,283.8858,13.891,263.2081,12.8792,251.5447,12.3085,235.6684,11.5316,221.7141,10.8488,193.0299,9.4453,61.4725,3.2399,15.4789,0.8158,14.3515,0.7564,13.7155,0.7229,12.8499,0.6773,12.089,0.6372,10.525,0.5547,0.0,0.0,0.0,0.0,0.0,0.0,0.0,,0.0,0.0,0.0,0.0,0.0,0.0,0.0,0.0,0.0,0.0,0.0,0.0,0.0,0.0,0.0,0.0,0.0,0.0,0.0,0.0,0.0,0.0,0.0,0.0,0.0,0.0,0.0,0.0,0.656,0.6754,0.2875
1177,64,0.001,3,10,100,32,8,512,184,435241,73,30,"{'sourceA': ['event_time', 'mcc_code', 'term_id'], 'sourceB': ['event_time', 'tr_type', 'amount']}",gender/checkpoints_large_30/model_64_0.001_3_10_100_512_32_8_512epoch=07.ckpt,7,30,0.3901515,85.6715,1.0,1e-04,5.395,1.2254,11.3589,0.6723,,1184.1925,57.9864,286.7804,14.0428,266.2003,13.035,254.5166,12.4629,238.5293,11.6801,224.2547,10.9811,195.5153,9.5738,55.7976,3.0512,13.5127,0.7389,12.543,0.6859,11.9925,0.6558,11.2392,0.6146,10.5666,0.5778,9.2124,0.5038,0.0,0.0,0.0,0.0,0.0,0.0,0.0,,0.0,0.0,0.0,0.0,0.0,0.0,0.0,0.0,0.0,0.0,0.0,0.0,0.0,0.0,0.0,0.0,0.0,0.0,0.0,0.0,0.0,0.0,0.0,0.0,0.0,0.0,0.0,0.0,0.7,0.7025,0.2875
1178,64,0.001,3,10,100,32,8,512,184,435241,73,30,"{'sourceA': ['event_time', 'mcc_code', 'term_id'], 'sourceB': ['event_time', 'tr_type', 'amount']}",gender/checkpoints_large_30/model_64_0.001_3_10_100_512_32_8_512epoch=08.ckpt,8,30,0.3964844,88.8374,1.0,1e-04,5.4783,1.2173,11.7842,0.6805,,1226.5786,59.8837,291.4716,14.2301,271.0547,13.2334,259.4137,12.665,243.5876,11.8924,228.5789,11.1596,186.7474,9.1173,56.0834,3.1008,13.3271,0.7368,12.3936,0.6852,11.8613,0.6558,11.1377,0.6158,10.4514,0.5778,8.5387,0.4721,0.0,0.0,0.0,0.0,0.0,0.0,0.0,,0.0,0.0,0.0,0.0,0.0,0.0,0.0,0.0,0.0,0.0,0.0,0.0,0.0,0.0,0.0,0.0,0.0,0.0,0.0,0.0,0.0,0.0,0.0,0.0,0.0,0.0,0.0,0.0,0.676,0.703,0.2875
1179,64,0.001,3,10,100,32,8,512,184,435241,73,30,"{'sourceA': ['event_time', 'mcc_code', 'term_id'], 'sourceB': ['event_time', 'tr_type', 'amount']}",gender/checkpoints_large_30/model_64_0.001_3_10_100_512_32_8_512epoch=09.ckpt,9,30,0.39778644,93.672,1.0,1e-04,5.5046,1.2282,11.8175,0.6689,,1283.7634,62.7337,294.584,14.3955,274.438,13.411,262.937,12.849,247.1702,12.0785,232.4564,11.3595,201.727,9.8578,61.3903,3.2845,14.0872,0.7537,13.1238,0.7022,12.5738,0.6727,11.8198,0.6324,11.1162,0.5947,9.6467,0.5161,0.0,0.0,0.0,0.0,0.0,0.0,0.0,,0.0,0.0,0.0,0.0,0.0,0.0,0.0,0.0,0.0,0.0,0.0,0.0,0.0,0.0,0.0,0.0,0.0,0.0,0.0,0.0,0.0,0.0,0.0,0.0,0.0,0.0,0.0,0.0,0.684,0.7241,0.2875
1180,64,0.001,3,10,100,32,8,512,184,435241,73,30,"{'sourceA': ['event_time', 'mcc_code', 'term_id'], 'sourceB': ['event_time', 'tr_type', 'amount']}",gender/checkpoints_large_30/model_64_0.001_3_10_100_512_32_8_512epoch=10.ckpt,10,30,0.39358428,91.9066,1.0,1e-04,5.5673,1.2103,12.4349,0.6858,,1287.8513,62.8198,295.0051,14.39,275.1209,13.4201,263.8708,12.8713,248.9217,12.1421,235.5294,11.4888,204.1785,9.9596,59.809,3.1982,13.7003,0.7326,12.7769,0.6832,12.2544,0.6553,11.5602,0.6182,10.9382,0.5849,9.4822,0.5071,0.0,0.0,0.0,0.0,0.0,0.0,0.0,,0.0,0.0,0.0,0.0,0.0,0.0,0.0,0.0,0.0,0.0,0.0,0.0,0.0,0.0,0.0,0.0,0.0,0.0,0.0,0.0,0.0,0.0,0.0,0.0,0.0,0.0,0.0,0.0,0.668,0.7077,0.2875
1181,64,0.001,3,10,100,32,8,512,184,435241,73,30,"{'sourceA': ['event_time', 'mcc_code', 'term_id'], 'sourceB': ['event_time', 'tr_type', 'amount']}",gender/checkpoints_large_30/model_64_0.001_3_10_100_512_32_8_512epoch=11.ckpt,11,30,0.40175182,94.3534,1.0,1e-04,5.5593,1.2189,12.0619,0.6773,,1319.6931,64.4569,296.2784,14.4709,276.8231,13.5207,265.5779,12.9714,250.4011,12.2302,236.8343,11.5675,205.7227,10.048,61.2085,3.2933,13.7417,0.7394,12.8393,0.6908,12.3177,0.6628,11.6138,0.6249,10.9846,0.591,9.5416,0.5134,0.0,0.0,0.0,0.0,0.0,0.0,0.0,,0.0,0.0,0.0,0.0,0.0,0.0,0.0,0.0,0.0,0.0,0.0,0.0,0.0,0.0,0.0,0.0,0.0,0.0,0.0,0.0,0.0,0.0,0.0,0.0,0.0,0.0,0.0,0.0,0.66,0.6826,0.2875
1182,64,0.001,3,10,100,32,8,512,184,435241,73,30,"{'sourceA': ['event_time', 'mcc_code', 'term_id'], 'sourceB': ['event_time', 'tr_type', 'amount']}",gender/checkpoints_large_30/model_64_0.001_3_10_100_512_32_8_512epoch=12.ckpt,12,30,0.4011008,94.4429,1.0,1e-04,5.5792,1.209,12.4647,0.6869,,1320.7273,64.3391,297.1667,14.4764,277.5702,13.5218,266.5216,12.9836,251.316,12.2428,237.6086,11.5751,204.3552,9.9551,57.9287,3.1993,13.0341,0.7198,12.1746,0.6724,11.69,0.6456,11.023,0.6088,10.4218,0.5756,8.9633,0.495,0.0,0.0,0.0,0.0,0.0,0.0,0.0,,0.0,0.0,0.0,0.0,0.0,0.0,0.0,0.0,0.0,0.0,0.0,0.0,0.0,0.0,0.0,0.0,0.0,0.0,0.0,0.0,0.0,0.0,0.0,0.0,0.0,0.0,0.0,0.0,0.676,0.7182,0.2875
1183,64,0.001,3,10,100,32,8,512,184,435241,73,30,"{'sourceA': ['event_time', 'mcc_code', 'term_id'], 'sourceB': ['event_time', 'tr_type', 'amount']}",gender/checkpoints_large_30/model_64_0.001_3_10_100_512_32_8_512epoch=13.ckpt,13,30,0.40447438,95.8948,1.0,1e-04,5.5985,1.208,12.8419,0.6882,,1340.3334,65.319,298.6479,14.5541,279.0926,13.6011,268.3072,13.0755,253.3804,12.3481,239.6434,11.6786,206.2142,10.0495,60.4133,3.2488,13.4611,0.7239,12.5796,0.6765,12.0935,0.6503,11.4207,0.6142,10.8015,0.5809,9.2948,0.4998,0.0,0.0,0.0,0.0,0.0,0.0,0.0,,0.0,0.0,0.0,0.0,0.0,0.0,0.0,0.0,0.0,0.0,0.0,0.0,0.0,0.0,0.0,0.0,0.0,0.0,0.0,0.0,0.0,0.0,0.0,0.0,0.0,0.0,0.0,0.0,0.672,0.6979,0.2875
1184,64,0.001,3,10,100,32,8,512,184,435241,73,30,"{'sourceA': ['event_time', 'mcc_code', 'term_id'], 'sourceB': ['event_time', 'tr_type', 'amount']}",gender/checkpoints_large_30/model_64_0.001_3_10_100_512_32_8_512epoch=14.ckpt,14,30,0.40465194,96.8527,1.0,1e-04,5.5903,1.2094,12.1632,0.6866,,1350.3053,65.7805,297.3642,14.4862,278.0502,13.5453,266.859,13.0001,251.499,12.2518,236.6818,11.53,202.2245,9.8514,59.2866,3.1946,13.0561,0.7035,12.2081,0.6578,11.7167,0.6314,11.0423,0.595,10.3918,0.56,8.8789,0.4784,0.0,0.0,0.0,0.0,0.0,0.0,0.0,,0.0,0.0,0.0,0.0,0.0,0.0,0.0,0.0,0.0,0.0,0.0,0.0,0.0,0.0,0.0,0.0,0.0,0.0,0.0,0.0,0.0,0.0,0.0,0.0,0.0,0.0,0.0,0.0,0.7,0.7329,0.2875
1185,64,0.001,3,10,100,32,8,512,184,435241,73,30,"{'sourceA': ['event_time', 'mcc_code', 'term_id'], 'sourceB': ['event_time', 'tr_type', 'amount']}",gender/checkpoints_large_30/model_64_0.001_3_10_100_512_32_8_512epoch=15.ckpt,15,30,0.4069602,97.0613,1.0,1e-04,5.6325,1.2053,12.6721,0.6903,,1366.7866,66.5288,298.4343,14.5264,279.5537,13.6074,268.7146,13.0798,253.8611,12.3568,240.7214,11.7172,205.7643,10.0156,59.0788,3.2214,12.8997,0.7034,12.0836,0.6589,11.6151,0.6333,10.9731,0.5983,10.4051,0.5674,8.8941,0.485,0.0,0.0,0.0,0.0,0.0,0.0,0.0,,0.0,0.0,0.0,0.0,0.0,0.0,0.0,0.0,0.0,0.0,0.0,0.0,0.0,0.0,0.0,0.0,0.0,0.0,0.0,0.0,0.0,0.0,0.0,0.0,0.0,0.0,0.0,0.0,0.676,0.708,0.2875
1186,64,0.001,3,10,100,32,8,512,184,435241,73,30,"{'sourceA': ['event_time', 'mcc_code', 'term_id'], 'sourceB': ['event_time', 'tr_type', 'amount']}",gender/checkpoints_large_30/model_64_0.001_3_10_100_512_32_8_512epoch=16.ckpt,16,30,0.41128072,99.1313,1.0,1e-04,5.6214,1.2081,12.2978,0.6873,,1382.0862,67.3066,299.2658,14.574,279.8454,13.6283,268.9439,13.0974,253.9734,12.3683,240.9313,11.7332,208.1001,10.1343,60.0189,3.2065,12.996,0.6943,12.1527,0.6493,11.6792,0.624,11.0291,0.5892,10.4628,0.559,9.037,0.4828,0.0,0.0,0.0,0.0,0.0,0.0,0.0,,0.0,0.0,0.0,0.0,0.0,0.0,0.0,0.0,0.0,0.0,0.0,0.0,0.0,0.0,0.0,0.0,0.0,0.0,0.0,0.0,0.0,0.0,0.0,0.0,0.0,0.0,0.0,0.0,0.68,0.7039,0.2875
1187,64,0.001,3,10,100,32,8,512,184,435241,73,30,"{'sourceA': ['event_time', 'mcc_code', 'term_id'], 'sourceB': ['event_time', 'tr_type', 'amount']}",gender/checkpoints_large_30/model_64_0.001_3_10_100_512_32_8_512epoch=17.ckpt,17,30,0.40595406,100.5422,1.0,1e-04,5.6386,1.2093,12.6593,0.686,,1402.0609,68.2444,301.1449,14.658,281.971,13.7247,271.0886,13.1951,255.9423,12.4578,242.0053,11.7794,207.687,10.109,58.9483,3.2686,12.6613,0.7021,11.8552,0.6574,11.3977,0.632,10.7608,0.5967,10.1749,0.5642,8.732,0.4842,0.0,0.0,0.0,0.0,0.0,0.0,0.0,,0.0,0.0,0.0,0.0,0.0,0.0,0.0,0.0,0.0,0.0,0.0,0.0,0.0,0.0,0.0,0.0,0.0,0.0,0.0,0.0,0.0,0.0,0.0,0.0,0.0,0.0,0.0,0.0,0.708,0.7209,0.2875
1188,64,0.001,3,10,100,32,8,512,184,435241,73,30,"{'sourceA': ['event_time', 'mcc_code', 'term_id'], 'sourceB': ['event_time', 'tr_type', 'amount']}",gender/checkpoints_large_30/model_64_0.001_3_10_100_512_32_8_512epoch=18.ckpt,18,30,0.40287638,100.8981,1.0,1e-04,5.653,1.2062,13.0021,0.6895,,1402.627,68.2645,300.6156,14.6307,281.5399,13.7023,270.6611,13.1728,255.8603,12.4525,241.9808,11.777,207.7811,10.1125,59.6832,3.2194,12.7915,0.69,11.9798,0.6462,11.5169,0.6212,10.8871,0.5873,10.2965,0.5554,8.8413,0.4769,0.0,0.0,0.0,0.0,0.0,0.0,0.0,,0.0,0.0,0.0,0.0,0.0,0.0,0.0,0.0,0.0,0.0,0.0,0.0,0.0,0.0,0.0,0.0,0.0,0.0,0.0,0.0,0.0,0.0,0.0,0.0,0.0,0.0,0.0,0.0,0.688,0.7215,0.2875
1189,64,0.001,3,10,100,32,8,512,184,435241,73,30,"{'sourceA': ['event_time', 'mcc_code', 'term_id'], 'sourceB': ['event_time', 'tr_type', 'amount']}",gender/checkpoints_large_30/model_64_0.001_3_10_100_512_32_8_512epoch=19.ckpt,19,30,0.40654585,102.343,1.0,1e-04,5.6548,1.2113,13.4594,0.6845,,1423.3704,69.3645,302.8159,14.757,283.7456,13.8277,272.9536,13.3017,258.037,12.5748,244.5308,11.9166,210.1511,10.2412,55.2658,3.1281,11.7576,0.6655,11.0171,0.6236,10.5981,0.5999,10.0189,0.5671,9.4945,0.5374,8.1596,0.4618,0.0,0.0,0.0,0.0,0.0,0.0,0.0,,0.0,0.0,0.0,0.0,0.0,0.0,0.0,0.0,0.0,0.0,0.0,0.0,0.0,0.0,0.0,0.0,0.0,0.0,0.0,0.0,0.0,0.0,0.0,0.0,0.0,0.0,0.0,0.0,0.72,0.7234,0.2875
1190,64,0.001,3,10,100,32,8,512,184,435241,73,30,"{'sourceA': ['event_time', 'mcc_code', 'term_id'], 'sourceB': ['event_time', 'tr_type', 'amount']}",gender/checkpoints_large_30/model_64_0.001_3_10_100_512_32_8_512epoch=20.ckpt,20,30,0.41471356,101.2998,1.0,1e-04,5.6738,1.1996,13.8246,0.6972,,1413.837,68.8941,302.8321,14.7565,283.8378,13.831,273.0868,13.3071,258.4486,12.5938,245.7123,11.9732,210.2456,10.2449,56.4865,3.1591,12.0989,0.6766,11.3401,0.6342,10.9105,0.6102,10.3257,0.5775,9.8169,0.549,8.3999,0.4698,0.0,0.0,0.0,0.0,0.0,0.0,0.0,,0.0,0.0,0.0,0.0,0.0,0.0,0.0,0.0,0.0,0.0,0.0,0.0,0.0,0.0,0.0,0.0,0.0,0.0,0.0,0.0,0.0,0.0,0.0,0.0,0.0,0.0,0.0,0.0,0.692,0.7232,0.2875
1191,64,0.001,3,10,100,32,8,512,184,435241,73,30,"{'sourceA': ['event_time', 'mcc_code', 'term_id'], 'sourceB': ['event_time', 'tr_type', 'amount']}",gender/checkpoints_large_30/model_64_0.001_3_10_100_512_32_8_512epoch=21.ckpt,21,30,0.41542375,102.3248,1.0,1e-04,5.6576,1.2072,12.6707,0.6883,,1426.517,69.4544,301.8933,14.6986,282.9379,13.7757,272.1856,13.2522,257.6295,12.5435,244.4555,11.9021,210.8483,10.2658,57.7056,3.1868,12.2122,0.6744,11.4454,0.6321,11.0105,0.6081,10.4216,0.5755,9.8887,0.5461,8.5292,0.471,0.0,0.0,0.0,0.0,0.0,0.0,0.0,,0.0,0.0,0.0,0.0,0.0,0.0,0.0,0.0,0.0,0.0,0.0,0.0,0.0,0.0,0.0,0.0,0.0,0.0,0.0,0.0,0.0,0.0,0.0,0.0,0.0,0.0,0.0,0.0,0.728,0.7461,0.2875
1192,64,0.001,3,10,100,32,8,512,184,435241,73,30,"{'sourceA': ['event_time', 'mcc_code', 'term_id'], 'sourceB': ['event_time', 'tr_type', 'amount']}",gender/checkpoints_large_30/model_64_0.001_3_10_100_512_32_8_512epoch=22.ckpt,22,30,0.413885,102.3758,1.0,1e-04,5.6735,1.2043,13.3179,0.6917,,1435.2203,69.8523,302.9781,14.746,284.1748,13.8308,273.5288,13.3127,258.9503,12.6031,245.8887,11.9674,212.5967,10.3471,56.7894,3.1583,11.9884,0.6667,11.2444,0.6253,10.8231,0.6019,10.2463,0.5698,9.7294,0.5411,8.4121,0.4678,0.0,0.0,0.0,0.0,0.0,0.0,0.0,,0.0,0.0,0.0,0.0,0.0,0.0,0.0,0.0,0.0,0.0,0.0,0.0,0.0,0.0,0.0,0.0,0.0,0.0,0.0,0.0,0.0,0.0,0.0,0.0,0.0,0.0,0.0,0.0,0.712,0.7294,0.2875
1193,64,0.001,3,10,100,32,8,512,184,435241,73,30,"{'sourceA': ['event_time', 'mcc_code', 'term_id'], 'sourceB': ['event_time', 'tr_type', 'amount']}",gender/checkpoints_large_30/model_64_0.001_3_10_100_512_32_8_512epoch=23.ckpt,23,30,0.4099787,102.7495,1.0,1e-04,5.6535,1.2068,13.4016,0.6884,,1445.9231,70.3362,302.3272,14.7065,283.6196,13.7965,273.0003,13.28,258.4889,12.5741,245.4015,11.9374,212.0315,10.3142,59.399,3.2253,12.4197,0.6744,11.6512,0.6326,11.2149,0.609,10.6188,0.5766,10.0812,0.5474,8.7103,0.473,0.0,0.0,0.0,0.0,0.0,0.0,0.0,,0.0,0.0,0.0,0.0,0.0,0.0,0.0,0.0,0.0,0.0,0.0,0.0,0.0,0.0,0.0,0.0,0.0,0.0,0.0,0.0,0.0,0.0,0.0,0.0,0.0,0.0,0.0,0.0,0.708,0.7439,0.2875
1194,64,0.001,3,10,100,32,8,512,184,435241,73,30,"{'sourceA': ['event_time', 'mcc_code', 'term_id'], 'sourceB': ['event_time', 'tr_type', 'amount']}",gender/checkpoints_large_30/model_64_0.001_3_10_100_512_32_8_512epoch=24.ckpt,24,30,0.40873578,103.4327,1.0,1e-04,5.663,1.2074,13.0767,0.688,,1447.7933,70.4692,302.6524,14.7312,283.7981,13.8135,273.323,13.3036,258.8126,12.5973,246.0731,11.9772,214.0589,10.419,59.7848,3.3113,12.4977,0.6922,11.7191,0.6491,11.2865,0.6251,10.6873,0.5919,10.1613,0.5628,8.8393,0.4896,0.0,0.0,0.0,0.0,0.0,0.0,0.0,,0.0,0.0,0.0,0.0,0.0,0.0,0.0,0.0,0.0,0.0,0.0,0.0,0.0,0.0,0.0,0.0,0.0,0.0,0.0,0.0,0.0,0.0,0.0,0.0,0.0,0.0,0.0,0.0,0.712,0.743,0.2875
1195,64,0.001,3,10,100,32,8,512,184,435241,73,30,"{'sourceA': ['event_time', 'mcc_code', 'term_id'], 'sourceB': ['event_time', 'tr_type', 'amount']}",gender/checkpoints_large_30/model_64_0.001_3_10_100_512_32_8_512epoch=25.ckpt,25,30,0.40719697,101.4103,1.0,1e-04,5.687,1.1898,13.5105,0.7078,,1426.8724,69.4385,302.8894,14.7401,284.0397,13.8227,273.4316,13.3065,258.9944,12.6039,246.1773,11.9802,210.3229,10.2353,53.7553,3.0415,11.4109,0.6456,10.7008,0.6054,10.3011,0.5828,9.7572,0.5521,9.2744,0.5247,7.9236,0.4483,0.0,0.0,0.0,0.0,0.0,0.0,0.0,,0.0,0.0,0.0,0.0,0.0,0.0,0.0,0.0,0.0,0.0,0.0,0.0,0.0,0.0,0.0,0.0,0.0,0.0,0.0,0.0,0.0,0.0,0.0,0.0,0.0,0.0,0.0,0.0,0.696,0.7249,0.2875
1196,64,0.001,3,10,100,32,8,512,184,435241,73,30,"{'sourceA': ['event_time', 'mcc_code', 'term_id'], 'sourceB': ['event_time', 'tr_type', 'amount']}",gender/checkpoints_large_30/model_64_0.001_3_10_100_512_32_8_512epoch=26.ckpt,26,30,0.41092566,102.7047,1.0,1e-04,5.6809,1.1983,13.508,0.6983,,1450.6389,70.638,303.0275,14.7557,284.273,13.8425,273.7742,13.3313,259.1674,12.62,246.3595,11.9963,212.6106,10.3529,56.3241,3.1744,11.7657,0.6631,11.0375,0.6221,10.6299,0.5991,10.0627,0.5671,9.5654,0.5391,8.2551,0.4652,0.0,0.0,0.0,0.0,0.0,0.0,0.0,,0.0,0.0,0.0,0.0,0.0,0.0,0.0,0.0,0.0,0.0,0.0,0.0,0.0,0.0,0.0,0.0,0.0,0.0,0.0,0.0,0.0,0.0,0.0,0.0,0.0,0.0,0.0,0.0,0.708,0.754,0.2875
1197,64,0.001,3,10,100,32,8,512,184,435241,73,30,"{'sourceA': ['event_time', 'mcc_code', 'term_id'], 'sourceB': ['event_time', 'tr_type', 'amount']}",gender/checkpoints_large_30/model_64_0.001_3_10_100_512_32_8_512epoch=27.ckpt,27,30,0.4104522,103.7698,1.0,1e-04,5.674,1.2056,13.3647,0.6902,,1465.0701,71.3794,304.0987,14.8159,285.3442,13.9022,274.7271,13.3849,260.2544,12.6798,247.3601,12.0516,214.1864,10.4353,56.0127,3.1264,11.6263,0.6489,10.9093,0.6089,10.5034,0.5863,9.9501,0.5554,9.4571,0.5279,8.1888,0.4571,0.0,0.0,0.0,0.0,0.0,0.0,0.0,,0.0,0.0,0.0,0.0,0.0,0.0,0.0,0.0,0.0,0.0,0.0,0.0,0.0,0.0,0.0,0.0,0.0,0.0,0.0,0.0,0.0,0.0,0.0,0.0,0.0,0.0,0.0,0.0,0.712,0.7592,0.2875
1198,64,0.001,3,10,100,32,8,512,184,435241,73,30,"{'sourceA': ['event_time', 'mcc_code', 'term_id'], 'sourceB': ['event_time', 'tr_type', 'amount']}",gender/checkpoints_large_30/model_64_0.001_3_10_100_512_32_8_512epoch=28.ckpt,28,30,0.41915247,104.7802,1.0,1e-04,5.6611,1.2024,13.4703,0.6934,,1474.9844,71.8262,304.0632,14.8067,285.4549,13.9006,275.0243,13.3926,260.5115,12.6859,247.6346,12.0589,213.0166,10.3731,59.6703,3.2976,12.3008,0.6798,11.548,0.6382,11.1261,0.6149,10.539,0.5824,10.018,0.5536,8.6176,0.4762,0.0,0.0,0.0,0.0,0.0,0.0,0.0,,0.0,0.0,0.0,0.0,0.0,0.0,0.0,0.0,0.0,0.0,0.0,0.0,0.0,0.0,0.0,0.0,0.0,0.0,0.0,0.0,0.0,0.0,0.0,0.0,0.0,0.0,0.0,0.0,0.736,0.7488,0.2875
1199,64,0.001,3,10,100,32,8,512,184,435241,73,30,"{'sourceA': ['event_time', 'mcc_code', 'term_id'], 'sourceB': ['event_time', 'tr_type', 'amount']}",gender/checkpoints_large_30/model_64_0.001_3_10_100_512_32_8_512epoch=29.ckpt,29,30,0.4147135,104.1856,1.0,1e-04,5.6655,1.1959,13.8783,0.6998,,1474.9055,71.7218,304.2725,14.7962,285.6722,13.8917,275.1364,13.3794,260.5572,12.6704,248.0421,12.0618,212.662,10.3413,56.7781,3.1859,11.7133,0.6573,10.9973,0.6171,10.5917,0.5943,10.0304,0.5628,9.5487,0.5358,8.1867,0.4594,0.0,0.0,0.0,0.0,0.0,0.0,0.0,,0.0,0.0,0.0,0.0,0.0,0.0,0.0,0.0,0.0,0.0,0.0,0.0,0.0,0.0,0.0,0.0,0.0,0.0,0.0,0.0,0.0,0.0,0.0,0.0,0.0,0.0,0.0,0.0,0.76,0.7869,0.2875
1200,64,0.001,3,10,100,32,8,1024,184,435241,73,30,"{'sourceA': ['event_time', 'mcc_code', 'term_id'], 'sourceB': ['event_time', 'tr_type', 'amount']}",gender/checkpoints_large_30/model_64_0.001_3_10_100_1024_32_8_1024epoch=00.ckpt,0,30,0.27846825,47.1975,1.0,0.0002,4.9564,1.2985,6.9942,0.6291,,758.9067,40.3396,233.5717,12.4155,202.323,10.7545,184.4623,9.8051,159.6591,8.4867,139.5239,7.4164,107.2089,5.6987,28.5555,1.9622,8.7886,0.6039,7.6128,0.5231,6.9408,0.4769,6.0075,0.4128,5.2499,0.3607,4.034,0.2772,0.0,0.0,0.0,0.0,0.0,0.0,0.0,,0.0,0.0,0.0,0.0,0.0,0.0,0.0,0.0,0.0,0.0,0.0,0.0,0.0,0.0,0.0,0.0,0.0,0.0,0.0,0.0,0.0,0.0,0.0,0.0,0.0,0.0,0.0,0.0,0.616,0.6193,0.2875
1201,64,0.001,3,10,100,32,8,1024,184,435241,73,30,"{'sourceA': ['event_time', 'mcc_code', 'term_id'], 'sourceB': ['event_time', 'tr_type', 'amount']}",gender/checkpoints_large_30/model_64_0.001_3_10_100_1024_32_8_1024epoch=01.ckpt,1,30,0.31356537,65.3199,1.0,0.0003,4.601,1.311,6.6253,0.6099,,873.689,44.7328,241.0295,12.3407,214.4248,10.9785,199.1583,10.1969,177.0198,9.0634,156.8172,8.029,122.6007,6.2771,41.646,2.5855,11.4891,0.7133,10.221,0.6346,9.4932,0.5894,8.438,0.5239,7.475,0.4641,5.844,0.3628,0.0,0.0,0.0,0.0,0.0,0.0,0.0,,0.0,0.0,0.0,0.0,0.0,0.0,0.0,0.0,0.0,0.0,0.0,0.0,0.0,0.0,0.0,0.0,0.0,0.0,0.0,0.0,0.0,0.0,0.0,0.0,0.0,0.0,0.0,0.0,0.612,0.6309,0.2875
1202,64,0.001,3,10,100,32,8,1024,184,435241,73,30,"{'sourceA': ['event_time', 'mcc_code', 'term_id'], 'sourceB': ['event_time', 'tr_type', 'amount']}",gender/checkpoints_large_30/model_64_0.001_3_10_100_1024_32_8_1024epoch=02.ckpt,2,30,0.33445784,75.8294,1.0,0.0004,4.4288,1.2732,8.2006,0.6394,,936.7118,47.114,253.164,12.7335,227.1585,11.4254,212.3415,10.6802,192.0645,9.6603,174.6546,8.7846,133.4929,6.7143,47.4417,2.8591,12.822,0.7727,11.5049,0.6933,10.7545,0.6481,9.7275,0.5862,8.8457,0.5331,6.761,0.4075,0.0,0.0,0.0,0.0,0.0,0.0,0.0,,0.0,0.0,0.0,0.0,0.0,0.0,0.0,0.0,0.0,0.0,0.0,0.0,0.0,0.0,0.0,0.0,0.0,0.0,0.0,0.0,0.0,0.0,0.0,0.0,0.0,0.0,0.0,0.0,0.644,0.6829,0.2875
1203,64,0.001,3,10,100,32,8,1024,184,435241,73,30,"{'sourceA': ['event_time', 'mcc_code', 'term_id'], 'sourceB': ['event_time', 'tr_type', 'amount']}",gender/checkpoints_large_30/model_64_0.001_3_10_100_1024_32_8_1024epoch=03.ckpt,3,30,0.36002603,80.7686,1.0,0.0004,4.3843,1.2483,9.3514,0.6593,,1023.0806,50.9032,263.7242,13.1216,239.1455,11.8986,224.7527,11.1825,204.3327,10.1665,185.2656,9.2179,149.6026,7.4435,52.5242,3.0542,13.5394,0.7873,12.2775,0.7139,11.5386,0.671,10.4903,0.61,9.5114,0.5531,7.6805,0.4466,0.0,0.0,0.0,0.0,0.0,0.0,0.0,,0.0,0.0,0.0,0.0,0.0,0.0,0.0,0.0,0.0,0.0,0.0,0.0,0.0,0.0,0.0,0.0,0.0,0.0,0.0,0.0,0.0,0.0,0.0,0.0,0.0,0.0,0.0,0.0,0.668,0.7038,0.2875
1204,64,0.001,3,10,100,32,8,1024,184,435241,73,30,"{'sourceA': ['event_time', 'mcc_code', 'term_id'], 'sourceB': ['event_time', 'tr_type', 'amount']}",gender/checkpoints_large_30/model_64_0.001_3_10_100_1024_32_8_1024epoch=04.ckpt,4,30,0.37014675,86.791,1.0,0.0004,4.3879,1.2654,10.4798,0.6412,,1114.6049,55.3173,268.7924,13.34,245.5861,12.1883,232.2989,11.5289,213.9301,10.6172,197.1895,9.7864,164.6688,8.1724,52.7935,3.0675,12.7314,0.7397,11.6322,0.6759,11.0029,0.6393,10.1328,0.5887,9.3399,0.5427,7.7996,0.4532,0.0,0.0,0.0,0.0,0.0,0.0,0.0,,0.0,0.0,0.0,0.0,0.0,0.0,0.0,0.0,0.0,0.0,0.0,0.0,0.0,0.0,0.0,0.0,0.0,0.0,0.0,0.0,0.0,0.0,0.0,0.0,0.0,0.0,0.0,0.0,0.676,0.7181,0.2875
1205,64,0.001,3,10,100,32,8,1024,184,435241,73,30,"{'sourceA': ['event_time', 'mcc_code', 'term_id'], 'sourceB': ['event_time', 'tr_type', 'amount']}",gender/checkpoints_large_30/model_64_0.001_3_10_100_1024_32_8_1024epoch=05.ckpt,5,30,0.3779001,88.4286,1.0,0.0004,4.5276,1.227,10.4306,0.6772,,1131.447,56.041,275.9772,13.6693,253.5134,12.5566,240.5867,11.9163,223.0073,11.0456,206.2159,10.2139,170.0119,8.4208,50.617,2.9251,12.3463,0.7135,11.3413,0.6554,10.763,0.622,9.9766,0.5765,9.2254,0.5331,7.6057,0.4395,0.0,0.0,0.0,0.0,0.0,0.0,0.0,,0.0,0.0,0.0,0.0,0.0,0.0,0.0,0.0,0.0,0.0,0.0,0.0,0.0,0.0,0.0,0.0,0.0,0.0,0.0,0.0,0.0,0.0,0.0,0.0,0.0,0.0,0.0,0.0,0.68,0.7079,0.2875
1206,64,0.001,3,10,100,32,8,1024,184,435241,73,30,"{'sourceA': ['event_time', 'mcc_code', 'term_id'], 'sourceB': ['event_time', 'tr_type', 'amount']}",gender/checkpoints_large_30/model_64_0.001_3_10_100_1024_32_8_1024epoch=06.ckpt,6,30,0.39145356,94.2705,1.0,0.0004,4.6276,1.2337,12.0211,0.6694,,1186.4197,58.6062,283.7786,14.018,262.0786,12.946,249.4652,12.323,232.1399,11.4671,215.6427,10.6522,182.7751,9.0286,48.1376,2.8195,11.514,0.6744,10.6335,0.6228,10.1218,0.5928,9.4188,0.5517,8.7495,0.5125,7.4159,0.4344,0.0,0.0,0.0,0.0,0.0,0.0,0.0,,0.0,0.0,0.0,0.0,0.0,0.0,0.0,0.0,0.0,0.0,0.0,0.0,0.0,0.0,0.0,0.0,0.0,0.0,0.0,0.0,0.0,0.0,0.0,0.0,0.0,0.0,0.0,0.0,0.696,0.6896,0.2875
1207,64,0.001,3,10,100,32,8,1024,184,435241,73,30,"{'sourceA': ['event_time', 'mcc_code', 'term_id'], 'sourceB': ['event_time', 'tr_type', 'amount']}",gender/checkpoints_large_30/model_64_0.001_3_10_100_1024_32_8_1024epoch=07.ckpt,7,30,0.39198628,97.2723,1.0,0.0004,4.7244,1.2158,12.548,0.6861,,1224.9264,60.3228,289.5536,14.2594,267.962,13.1961,255.711,12.5928,238.6582,11.753,223.253,10.9943,186.436,9.1812,46.1194,2.8547,10.9019,0.6748,10.089,0.6245,9.6277,0.5959,8.9857,0.5562,8.4056,0.5203,7.0195,0.4345,0.0,0.0,0.0,0.0,0.0,0.0,0.0,,0.0,0.0,0.0,0.0,0.0,0.0,0.0,0.0,0.0,0.0,0.0,0.0,0.0,0.0,0.0,0.0,0.0,0.0,0.0,0.0,0.0,0.0,0.0,0.0,0.0,0.0,0.0,0.0,0.664,0.7091,0.2875
1208,64,0.001,3,10,100,32,8,1024,184,435241,73,30,"{'sourceA': ['event_time', 'mcc_code', 'term_id'], 'sourceB': ['event_time', 'tr_type', 'amount']}",gender/checkpoints_large_30/model_64_0.001_3_10_100_1024_32_8_1024epoch=08.ckpt,8,30,0.39571497,101.8896,1.0,0.0004,4.7999,1.2193,12.7677,0.6822,,1281.2063,63.0495,295.4945,14.5416,274.8781,13.527,262.7267,12.9291,245.8624,12.0991,229.2077,11.2796,192.3546,9.466,46.2231,2.783,10.6608,0.6419,9.917,0.5971,9.4786,0.5707,8.8702,0.5341,8.2693,0.4979,6.9397,0.4178,0.0,0.0,0.0,0.0,0.0,0.0,0.0,,0.0,0.0,0.0,0.0,0.0,0.0,0.0,0.0,0.0,0.0,0.0,0.0,0.0,0.0,0.0,0.0,0.0,0.0,0.0,0.0,0.0,0.0,0.0,0.0,0.0,0.0,0.0,0.0,0.668,0.7145,0.2875
1209,64,0.001,3,10,100,32,8,1024,184,435241,73,30,"{'sourceA': ['event_time', 'mcc_code', 'term_id'], 'sourceB': ['event_time', 'tr_type', 'amount']}",gender/checkpoints_large_30/model_64_0.001_3_10_100_1024_32_8_1024epoch=09.ckpt,9,30,0.39938447,103.072,1.0,0.0004,4.8768,1.202,12.5925,0.6991,,1298.2589,63.7086,296.6459,14.5571,276.1578,13.5517,264.4668,12.978,248.3461,12.1869,232.536,11.4111,195.8123,9.609,47.0716,2.761,10.7556,0.6309,10.0128,0.5873,9.5889,0.5624,9.0044,0.5282,8.4312,0.4945,7.0997,0.4164,0.0,0.0,0.0,0.0,0.0,0.0,0.0,,0.0,0.0,0.0,0.0,0.0,0.0,0.0,0.0,0.0,0.0,0.0,0.0,0.0,0.0,0.0,0.0,0.0,0.0,0.0,0.0,0.0,0.0,0.0,0.0,0.0,0.0,0.0,0.0,0.664,0.6918,0.2875
1210,64,0.001,3,10,100,32,8,1024,184,435241,73,30,"{'sourceA': ['event_time', 'mcc_code', 'term_id'], 'sourceB': ['event_time', 'tr_type', 'amount']}",gender/checkpoints_large_30/model_64_0.001_3_10_100_1024_32_8_1024epoch=10.ckpt,10,30,0.4016927,105.0906,1.0,0.0004,4.8904,1.2047,13.7622,0.6954,,1313.804,64.3693,299.3781,14.6679,279.1919,13.6789,267.8596,13.1237,251.8807,12.3408,236.4902,11.5867,199.592,9.7789,49.0611,2.8991,11.1796,0.6606,10.4258,0.6161,10.0026,0.5911,9.4059,0.5558,8.8312,0.5219,7.4533,0.4404,0.0,0.0,0.0,0.0,0.0,0.0,0.0,,0.0,0.0,0.0,0.0,0.0,0.0,0.0,0.0,0.0,0.0,0.0,0.0,0.0,0.0,0.0,0.0,0.0,0.0,0.0,0.0,0.0,0.0,0.0,0.0,0.0,0.0,0.0,0.0,0.684,0.7109,0.2875
1211,64,0.001,3,10,100,32,8,1024,184,435241,73,30,"{'sourceA': ['event_time', 'mcc_code', 'term_id'], 'sourceB': ['event_time', 'tr_type', 'amount']}",gender/checkpoints_large_30/model_64_0.001_3_10_100_1024_32_8_1024epoch=11.ckpt,11,30,0.4022254,106.7316,1.0,0.0004,4.9027,1.2014,13.9115,0.6968,,1324.0121,64.6797,298.2374,14.5693,277.9456,13.578,266.4573,13.0168,250.4773,12.2361,235.0363,11.4818,192.6441,9.4109,47.5924,2.8872,10.7203,0.6503,9.9909,0.6061,9.578,0.581,9.0036,0.5462,8.4485,0.5125,6.9247,0.4201,0.0,0.0,0.0,0.0,0.0,0.0,0.0,,0.0,0.0,0.0,0.0,0.0,0.0,0.0,0.0,0.0,0.0,0.0,0.0,0.0,0.0,0.0,0.0,0.0,0.0,0.0,0.0,0.0,0.0,0.0,0.0,0.0,0.0,0.0,0.0,0.724,0.7383,0.2875
1212,64,0.001,3,10,100,32,8,1024,184,435241,73,30,"{'sourceA': ['event_time', 'mcc_code', 'term_id'], 'sourceB': ['event_time', 'tr_type', 'amount']}",gender/checkpoints_large_30/model_64_0.001_3_10_100_1024_32_8_1024epoch=12.ckpt,12,30,0.40761128,105.9483,1.0,0.0003,4.9365,1.1938,14.191,0.7072,,1332.4336,65.3259,300.7657,14.7458,280.5847,13.7564,269.1611,13.1963,253.1469,12.4112,237.978,11.6675,199.1547,9.7641,42.7597,2.6592,9.652,0.6002,9.0044,0.56,8.6378,0.5372,8.1239,0.5052,7.6371,0.4749,6.3912,0.3975,0.0,0.0,0.0,0.0,0.0,0.0,0.0,,0.0,0.0,0.0,0.0,0.0,0.0,0.0,0.0,0.0,0.0,0.0,0.0,0.0,0.0,0.0,0.0,0.0,0.0,0.0,0.0,0.0,0.0,0.0,0.0,0.0,0.0,0.0,0.0,0.684,0.7105,0.2875
1213,64,0.001,3,10,100,32,8,1024,184,435241,73,30,"{'sourceA': ['event_time', 'mcc_code', 'term_id'], 'sourceB': ['event_time', 'tr_type', 'amount']}",gender/checkpoints_large_30/model_64_0.001_3_10_100_1024_32_8_1024epoch=13.ckpt,13,30,0.40873578,107.7419,1.0,0.0003,4.936,1.2018,14.3664,0.6993,,1360.1699,66.8215,301.8132,14.8273,282.0655,13.8571,270.835,13.3054,254.9194,12.5235,239.6641,11.774,201.4367,9.896,48.2756,2.8818,10.7121,0.6395,10.0112,0.5976,9.6126,0.5738,9.0477,0.5401,8.5062,0.5078,7.1495,0.4268,0.0,0.0,0.0,0.0,0.0,0.0,0.0,,0.0,0.0,0.0,0.0,0.0,0.0,0.0,0.0,0.0,0.0,0.0,0.0,0.0,0.0,0.0,0.0,0.0,0.0,0.0,0.0,0.0,0.0,0.0,0.0,0.0,0.0,0.0,0.0,0.696,0.7133,0.2875
1214,64,0.001,3,10,100,32,8,1024,184,435241,73,30,"{'sourceA': ['event_time', 'mcc_code', 'term_id'], 'sourceB': ['event_time', 'tr_type', 'amount']}",gender/checkpoints_large_30/model_64_0.001_3_10_100_1024_32_8_1024epoch=14.ckpt,14,30,0.40909088,108.293,1.0,0.0003,4.9665,1.1963,12.9171,0.7053,,1375.7817,67.5714,303.1543,14.8894,283.3459,13.9165,271.9072,13.3547,256.0465,12.5757,241.4918,11.8608,202.9576,9.9682,44.2531,2.7244,9.7512,0.6003,9.114,0.5611,8.7461,0.5384,8.2359,0.507,7.7678,0.4782,6.5283,0.4019,0.0,0.0,0.0,0.0,0.0,0.0,0.0,,0.0,0.0,0.0,0.0,0.0,0.0,0.0,0.0,0.0,0.0,0.0,0.0,0.0,0.0,0.0,0.0,0.0,0.0,0.0,0.0,0.0,0.0,0.0,0.0,0.0,0.0,0.0,0.0,0.692,0.7344,0.2875
1215,64,0.001,3,10,100,32,8,1024,184,435241,73,30,"{'sourceA': ['event_time', 'mcc_code', 'term_id'], 'sourceB': ['event_time', 'tr_type', 'amount']}",gender/checkpoints_large_30/model_64_0.001_3_10_100_1024_32_8_1024epoch=15.ckpt,15,30,0.4070194,111.2624,1.0,0.0004,4.9366,1.2032,14.378,0.6958,,1395.4869,68.2614,303.5184,14.8468,283.7942,13.882,272.6185,13.3354,256.6558,12.5545,241.2693,11.8019,205.1585,10.0355,44.8551,2.7709,9.756,0.6027,9.122,0.5635,8.7628,0.5413,8.2497,0.5096,7.7551,0.4791,6.5944,0.4074,0.0,0.0,0.0,0.0,0.0,0.0,0.0,,0.0,0.0,0.0,0.0,0.0,0.0,0.0,0.0,0.0,0.0,0.0,0.0,0.0,0.0,0.0,0.0,0.0,0.0,0.0,0.0,0.0,0.0,0.0,0.0,0.0,0.0,0.0,0.0,0.668,0.7034,0.2875
1216,64,0.001,3,10,100,32,8,1024,184,435241,73,30,"{'sourceA': ['event_time', 'mcc_code', 'term_id'], 'sourceB': ['event_time', 'tr_type', 'amount']}",gender/checkpoints_large_30/model_64_0.001_3_10_100_1024_32_8_1024epoch=16.ckpt,16,30,0.412938,111.225,1.0,0.0004,4.9313,1.1929,13.9463,0.7048,,1384.801,67.5198,301.6547,14.708,281.9938,13.7494,271.0593,13.2163,255.5623,12.4607,240.9147,11.7465,203.0794,9.9017,44.3802,2.7523,9.6675,0.5995,9.0374,0.5605,8.6869,0.5387,8.1903,0.5079,7.7209,0.4788,6.5083,0.4036,0.0,0.0,0.0,0.0,0.0,0.0,0.0,,0.0,0.0,0.0,0.0,0.0,0.0,0.0,0.0,0.0,0.0,0.0,0.0,0.0,0.0,0.0,0.0,0.0,0.0,0.0,0.0,0.0,0.0,0.0,0.0,0.0,0.0,0.0,0.0,0.676,0.7217,0.2875
1217,64,0.001,3,10,100,32,8,1024,184,435241,73,30,"{'sourceA': ['event_time', 'mcc_code', 'term_id'], 'sourceB': ['event_time', 'tr_type', 'amount']}",gender/checkpoints_large_30/model_64_0.001_3_10_100_1024_32_8_1024epoch=17.ckpt,17,30,0.4124053,113.4996,1.0,0.0004,4.9165,1.2071,13.5637,0.6921,,1419.4646,69.6487,303.6974,14.9015,283.856,13.9279,272.7394,13.3825,257.1706,12.6186,242.4177,11.8947,204.4939,10.0339,48.7249,2.9605,10.4248,0.6334,9.7437,0.592,9.3621,0.5688,8.8277,0.5364,8.3213,0.5056,7.0195,0.4265,0.0,0.0,0.0,0.0,0.0,0.0,0.0,,0.0,0.0,0.0,0.0,0.0,0.0,0.0,0.0,0.0,0.0,0.0,0.0,0.0,0.0,0.0,0.0,0.0,0.0,0.0,0.0,0.0,0.0,0.0,0.0,0.0,0.0,0.0,0.0,0.708,0.7183,0.2875
1218,64,0.001,3,10,100,32,8,1024,184,435241,73,30,"{'sourceA': ['event_time', 'mcc_code', 'term_id'], 'sourceB': ['event_time', 'tr_type', 'amount']}",gender/checkpoints_large_30/model_64_0.001_3_10_100_1024_32_8_1024epoch=18.ckpt,18,30,0.4109257,113.025,1.0,0.0003,4.946,1.1904,14.5506,0.7084,,1415.6499,69.134,304.8928,14.8896,285.3849,13.9369,274.2873,13.395,258.7027,12.6339,243.5804,11.8954,203.9824,9.9616,45.4966,2.859,9.7987,0.6158,9.1718,0.5764,8.8151,0.554,8.3143,0.5225,7.8283,0.4919,6.5557,0.412,0.0,0.0,0.0,0.0,0.0,0.0,0.0,,0.0,0.0,0.0,0.0,0.0,0.0,0.0,0.0,0.0,0.0,0.0,0.0,0.0,0.0,0.0,0.0,0.0,0.0,0.0,0.0,0.0,0.0,0.0,0.0,0.0,0.0,0.0,0.0,0.692,0.7324,0.2875
1219,64,0.001,3,10,100,32,8,1024,184,435241,73,30,"{'sourceA': ['event_time', 'mcc_code', 'term_id'], 'sourceB': ['event_time', 'tr_type', 'amount']}",gender/checkpoints_large_30/model_64_0.001_3_10_100_1024_32_8_1024epoch=19.ckpt,19,30,0.4150095,115.2123,1.0,0.0004,4.9202,1.2035,12.7046,0.6967,,1445.1174,70.8298,304.1791,14.9088,285.0092,13.9692,273.7598,13.4178,258.3279,12.6615,242.3184,11.8768,204.6979,10.0329,49.7214,3.0685,10.4657,0.6459,9.8062,0.6052,9.4191,0.5813,8.8881,0.5485,8.3373,0.5145,7.0429,0.4346,0.0,0.0,0.0,0.0,0.0,0.0,0.0,,0.0,0.0,0.0,0.0,0.0,0.0,0.0,0.0,0.0,0.0,0.0,0.0,0.0,0.0,0.0,0.0,0.0,0.0,0.0,0.0,0.0,0.0,0.0,0.0,0.0,0.0,0.0,0.0,0.7,0.7333,0.2875
1220,64,0.001,3,10,100,32,8,1024,184,435241,73,30,"{'sourceA': ['event_time', 'mcc_code', 'term_id'], 'sourceB': ['event_time', 'tr_type', 'amount']}",gender/checkpoints_large_30/model_64_0.001_3_10_100_1024_32_8_1024epoch=20.ckpt,20,30,0.41364822,115.7499,1.0,0.0004,4.922,1.1993,14.34,0.6975,,1448.4907,70.6971,305.5269,14.912,286.2474,13.971,275.2665,13.4351,260.312,12.7052,246.1341,12.0132,207.9754,10.1508,48.0436,2.9085,10.1337,0.6135,9.4943,0.5748,9.1301,0.5527,8.634,0.5227,8.1638,0.4942,6.8981,0.4176,0.0,0.0,0.0,0.0,0.0,0.0,0.0,,0.0,0.0,0.0,0.0,0.0,0.0,0.0,0.0,0.0,0.0,0.0,0.0,0.0,0.0,0.0,0.0,0.0,0.0,0.0,0.0,0.0,0.0,0.0,0.0,0.0,0.0,0.0,0.0,0.672,0.6992,0.2875
1221,64,0.001,3,10,100,32,8,1024,184,435241,73,30,"{'sourceA': ['event_time', 'mcc_code', 'term_id'], 'sourceB': ['event_time', 'tr_type', 'amount']}",gender/checkpoints_large_30/model_64_0.001_3_10_100_1024_32_8_1024epoch=21.ckpt,21,30,0.41169503,116.7054,1.0,0.0004,4.9172,1.203,14.2424,0.6928,,1459.7455,71.2415,304.8814,14.8794,285.5147,13.9343,274.49,13.3962,259.4842,12.6639,245.6923,11.9908,208.8446,10.1925,48.8306,3.001,10.1987,0.6268,9.5509,0.587,9.1821,0.5643,8.6801,0.5335,8.2188,0.5051,6.9862,0.4294,0.0,0.0,0.0,0.0,0.0,0.0,0.0,,0.0,0.0,0.0,0.0,0.0,0.0,0.0,0.0,0.0,0.0,0.0,0.0,0.0,0.0,0.0,0.0,0.0,0.0,0.0,0.0,0.0,0.0,0.0,0.0,0.0,0.0,0.0,0.0,0.692,0.7247,0.2875
1222,64,0.001,3,10,100,32,8,1024,184,435241,73,30,"{'sourceA': ['event_time', 'mcc_code', 'term_id'], 'sourceB': ['event_time', 'tr_type', 'amount']}",gender/checkpoints_large_30/model_64_0.001_3_10_100_1024_32_8_1024epoch=22.ckpt,22,30,0.41560134,116.6251,1.0,0.0004,4.8963,1.2025,14.0113,0.6957,,1470.5671,71.9413,305.5671,14.9486,286.2995,14.006,275.0456,13.4554,259.8225,12.7107,244.8159,11.9766,207.5805,10.155,51.1651,3.0812,10.6315,0.6402,9.9611,0.5999,9.5696,0.5763,9.0399,0.5444,8.5178,0.5129,7.2223,0.4349,0.0,0.0,0.0,0.0,0.0,0.0,0.0,,0.0,0.0,0.0,0.0,0.0,0.0,0.0,0.0,0.0,0.0,0.0,0.0,0.0,0.0,0.0,0.0,0.0,0.0,0.0,0.0,0.0,0.0,0.0,0.0,0.0,0.0,0.0,0.0,0.68,0.7028,0.2875
1223,64,0.001,3,10,100,32,8,1024,184,435241,73,30,"{'sourceA': ['event_time', 'mcc_code', 'term_id'], 'sourceB': ['event_time', 'tr_type', 'amount']}",gender/checkpoints_large_30/model_64_0.001_3_10_100_1024_32_8_1024epoch=23.ckpt,23,30,0.41938916,117.4227,1.0,0.0004,4.9023,1.2039,14.0009,0.6925,,1473.396,71.9835,305.4388,14.9224,286.1383,13.9794,275.2028,13.4452,260.2539,12.7148,246.3164,12.0339,209.9348,10.2565,50.1164,3.0002,10.3893,0.6219,9.7328,0.5826,9.3608,0.5604,8.8523,0.5299,8.3783,0.5016,7.1408,0.4275,0.0,0.0,0.0,0.0,0.0,0.0,0.0,,0.0,0.0,0.0,0.0,0.0,0.0,0.0,0.0,0.0,0.0,0.0,0.0,0.0,0.0,0.0,0.0,0.0,0.0,0.0,0.0,0.0,0.0,0.0,0.0,0.0,0.0,0.0,0.0,0.684,0.7232,0.2875
1224,64,0.001,3,10,100,32,8,1024,184,435241,73,30,"{'sourceA': ['event_time', 'mcc_code', 'term_id'], 'sourceB': ['event_time', 'tr_type', 'amount']}",gender/checkpoints_large_30/model_64_0.001_3_10_100_1024_32_8_1024epoch=24.ckpt,24,30,0.41181344,116.766,1.0,0.0004,4.909,1.1947,15.202,0.7027,,1464.8066,71.4723,305.9853,14.9299,286.8085,13.9942,276.0955,13.4715,261.5036,12.7595,247.679,12.085,208.8613,10.191,47.9894,2.9579,10.0246,0.6179,9.3963,0.5792,9.0453,0.5575,8.5673,0.5281,8.1144,0.5001,6.8426,0.4218,0.0,0.0,0.0,0.0,0.0,0.0,0.0,,0.0,0.0,0.0,0.0,0.0,0.0,0.0,0.0,0.0,0.0,0.0,0.0,0.0,0.0,0.0,0.0,0.0,0.0,0.0,0.0,0.0,0.0,0.0,0.0,0.0,0.0,0.0,0.0,0.708,0.7347,0.2875
1225,64,0.001,3,10,100,32,8,1024,184,435241,73,30,"{'sourceA': ['event_time', 'mcc_code', 'term_id'], 'sourceB': ['event_time', 'tr_type', 'amount']}",gender/checkpoints_large_30/model_64_0.001_3_10_100_1024_32_8_1024epoch=25.ckpt,25,30,0.4235914,117.893,1.0,0.0004,4.901,1.1982,15.6992,0.7001,,1478.8667,72.3986,306.8134,15.0202,287.6345,14.0813,276.7062,13.5463,261.9125,12.8221,248.1002,12.1459,208.4677,10.2056,49.8647,2.9632,10.3452,0.6148,9.6985,0.5763,9.33,0.5544,8.8312,0.5248,8.3655,0.4971,7.0292,0.4177,0.0,0.0,0.0,0.0,0.0,0.0,0.0,,0.0,0.0,0.0,0.0,0.0,0.0,0.0,0.0,0.0,0.0,0.0,0.0,0.0,0.0,0.0,0.0,0.0,0.0,0.0,0.0,0.0,0.0,0.0,0.0,0.0,0.0,0.0,0.0,0.704,0.7477,0.2875
1226,64,0.001,3,10,100,32,8,1024,184,435241,73,30,"{'sourceA': ['event_time', 'mcc_code', 'term_id'], 'sourceB': ['event_time', 'tr_type', 'amount']}",gender/checkpoints_large_30/model_64_0.001_3_10_100_1024_32_8_1024epoch=26.ckpt,26,30,0.41352987,118.0701,1.0,0.0004,4.8938,1.199,15.3161,0.7007,,1478.3013,72.5191,307.0737,15.0637,287.8251,14.1195,276.8774,13.5824,261.7841,12.842,247.5087,12.1417,209.6782,10.2859,50.6847,3.035,10.5282,0.6304,9.8683,0.5909,9.4929,0.5684,8.9755,0.5375,8.486,0.5081,7.189,0.4305,0.0,0.0,0.0,0.0,0.0,0.0,0.0,,0.0,0.0,0.0,0.0,0.0,0.0,0.0,0.0,0.0,0.0,0.0,0.0,0.0,0.0,0.0,0.0,0.0,0.0,0.0,0.0,0.0,0.0,0.0,0.0,0.0,0.0,0.0,0.0,0.708,0.7632,0.2875
1227,64,0.001,3,10,100,32,8,1024,184,435241,73,30,"{'sourceA': ['event_time', 'mcc_code', 'term_id'], 'sourceB': ['event_time', 'tr_type', 'amount']}",gender/checkpoints_large_30/model_64_0.001_3_10_100_1024_32_8_1024epoch=27.ckpt,27,30,0.4116359,118.6063,1.0,0.0004,4.9013,1.1998,15.957,0.6999,,1492.4415,73.1902,308.2748,15.118,289.348,14.1898,278.5815,13.6618,263.7396,12.934,249.4935,12.2353,209.3037,10.2644,48.8115,2.9429,10.0824,0.6079,9.4634,0.5706,9.1112,0.5493,8.6258,0.5201,8.1599,0.492,6.8454,0.4127,0.0,0.0,0.0,0.0,0.0,0.0,0.0,,0.0,0.0,0.0,0.0,0.0,0.0,0.0,0.0,0.0,0.0,0.0,0.0,0.0,0.0,0.0,0.0,0.0,0.0,0.0,0.0,0.0,0.0,0.0,0.0,0.0,0.0,0.0,0.0,0.712,0.736,0.2875
1228,64,0.001,3,10,100,32,8,1024,184,435241,73,30,"{'sourceA': ['event_time', 'mcc_code', 'term_id'], 'sourceB': ['event_time', 'tr_type', 'amount']}",gender/checkpoints_large_30/model_64_0.001_3_10_100_1024_32_8_1024epoch=28.ckpt,28,30,0.42015857,118.1638,1.0,0.0004,4.8805,1.1943,14.5778,0.7042,,1476.2933,72.1736,305.8547,14.9527,286.8172,14.022,275.94,13.4903,261.009,12.7603,246.9719,12.0741,207.4078,10.1398,49.7715,2.9758,10.3115,0.6165,9.6697,0.5782,9.303,0.5562,8.7996,0.5261,8.3264,0.4978,6.9925,0.4181,0.0,0.0,0.0,0.0,0.0,0.0,0.0,,0.0,0.0,0.0,0.0,0.0,0.0,0.0,0.0,0.0,0.0,0.0,0.0,0.0,0.0,0.0,0.0,0.0,0.0,0.0,0.0,0.0,0.0,0.0,0.0,0.0,0.0,0.0,0.0,0.7,0.7262,0.2875
1229,64,0.001,3,10,100,32,8,1024,184,435241,73,30,"{'sourceA': ['event_time', 'mcc_code', 'term_id'], 'sourceB': ['event_time', 'tr_type', 'amount']}",gender/checkpoints_large_30/model_64_0.001_3_10_100_1024_32_8_1024epoch=29.ckpt,29,30,0.4182647,119.0412,1.0,0.0004,4.8752,1.1958,14.6331,0.7028,,1484.5209,72.6506,306.0354,14.977,286.9757,14.0442,275.9814,13.5062,260.8397,12.7652,246.4496,12.0609,205.0586,10.0353,49.0713,2.9251,10.1161,0.603,9.4861,0.5654,9.1226,0.5438,8.6221,0.514,8.1465,0.4856,6.7783,0.404,0.0,0.0,0.0,0.0,0.0,0.0,0.0,,0.0,0.0,0.0,0.0,0.0,0.0,0.0,0.0,0.0,0.0,0.0,0.0,0.0,0.0,0.0,0.0,0.0,0.0,0.0,0.0,0.0,0.0,0.0,0.0,0.0,0.0,0.0,0.0,0.696,0.7477,0.2875
1230,64,0.001,3,10,100,32,8,2048,184,435241,73,30,"{'sourceA': ['event_time', 'mcc_code', 'term_id'], 'sourceB': ['event_time', 'tr_type', 'amount']}",gender/checkpoints_large_30/model_64_0.001_3_10_100_2048_32_8_2048epoch=00.ckpt,0,30,0.26799244,54.9781,1.0,0.0002,5.02,1.3314,7.2443,0.6189,,798.2773,42.7503,241.3111,12.923,210.4096,11.2681,192.7406,10.3219,169.6792,9.0869,150.0075,8.0334,62.1025,3.3258,26.7235,1.8931,8.0782,0.5723,7.0438,0.499,6.4523,0.4571,5.6803,0.4024,5.0217,0.3557,2.079,0.1473,0.0,0.0,0.0,0.0,0.0,0.0,0.0,,0.0,0.0,0.0,0.0,0.0,0.0,0.0,0.0,0.0,0.0,0.0,0.0,0.0,0.0,0.0,0.0,0.0,0.0,0.0,0.0,0.0,0.0,0.0,0.0,0.0,0.0,0.0,0.0,0.656,0.6377,0.2875
1231,64,0.001,3,10,100,32,8,2048,184,435241,73,30,"{'sourceA': ['event_time', 'mcc_code', 'term_id'], 'sourceB': ['event_time', 'tr_type', 'amount']}",gender/checkpoints_large_30/model_64_0.001_3_10_100_2048_32_8_2048epoch=01.ckpt,1,30,0.3091856,72.4376,1.0,0.0004,4.5738,1.2973,7.9804,0.635,,974.4701,50.2881,250.0779,12.9054,221.8798,11.4502,206.3025,10.6464,185.7188,9.5841,168.4092,8.6909,86.5641,4.4672,38.4093,2.4626,9.857,0.632,8.7455,0.5607,8.1315,0.5214,7.3202,0.4693,6.638,0.4256,3.412,0.2188,0.0,0.0,0.0,0.0,0.0,0.0,0.0,,0.0,0.0,0.0,0.0,0.0,0.0,0.0,0.0,0.0,0.0,0.0,0.0,0.0,0.0,0.0,0.0,0.0,0.0,0.0,0.0,0.0,0.0,0.0,0.0,0.0,0.0,0.0,0.0,0.676,0.6854,0.2875
1232,64,0.001,3,10,100,32,8,2048,184,435241,73,30,"{'sourceA': ['event_time', 'mcc_code', 'term_id'], 'sourceB': ['event_time', 'tr_type', 'amount']}",gender/checkpoints_large_30/model_64_0.001_3_10_100_2048_32_8_2048epoch=02.ckpt,2,30,0.32498816,81.2114,1.0,0.0004,4.2659,1.246,8.5236,0.6641,,1096.2637,54.6905,250.9418,12.519,225.8486,11.2672,212.117,10.5821,194.1802,9.6873,179.0558,8.9327,106.4171,5.3089,56.8061,3.3473,13.0033,0.7662,11.703,0.6896,10.9915,0.6477,10.062,0.5929,9.2783,0.5467,5.5143,0.3249,0.0,0.0,0.0,0.0,0.0,0.0,0.0,,0.0,0.0,0.0,0.0,0.0,0.0,0.0,0.0,0.0,0.0,0.0,0.0,0.0,0.0,0.0,0.0,0.0,0.0,0.0,0.0,0.0,0.0,0.0,0.0,0.0,0.0,0.0,0.0,0.704,0.7128,0.2875
1233,64,0.001,3,10,100,32,8,2048,184,435241,73,30,"{'sourceA': ['event_time', 'mcc_code', 'term_id'], 'sourceB': ['event_time', 'tr_type', 'amount']}",gender/checkpoints_large_30/model_64_0.001_3_10_100_2048_32_8_2048epoch=03.ckpt,3,30,0.33883762,87.3478,1.0,0.0005,4.2296,1.2274,9.6981,0.6787,,1175.5629,58.2973,263.7345,13.0789,239.6849,11.8862,226.3571,11.2253,208.2218,10.3259,191.5482,9.4991,138.0142,6.8443,55.8432,3.3886,12.5283,0.7602,11.3858,0.6909,10.7527,0.6525,9.8912,0.6002,9.0992,0.5521,6.5561,0.3978,0.0,0.0,0.0,0.0,0.0,0.0,0.0,,0.0,0.0,0.0,0.0,0.0,0.0,0.0,0.0,0.0,0.0,0.0,0.0,0.0,0.0,0.0,0.0,0.0,0.0,0.0,0.0,0.0,0.0,0.0,0.0,0.0,0.0,0.0,0.0,0.648,0.6751,0.2875
1234,64,0.001,3,10,100,32,8,2048,184,435241,73,30,"{'sourceA': ['event_time', 'mcc_code', 'term_id'], 'sourceB': ['event_time', 'tr_type', 'amount']}",gender/checkpoints_large_30/model_64_0.001_3_10_100_2048_32_8_2048epoch=04.ckpt,4,30,0.3699692,95.1393,1.0,0.0005,4.2616,1.2283,9.5787,0.6757,,1262.2728,62.3096,275.3539,13.5923,251.9649,12.4378,238.4399,11.7701,219.602,10.8402,202.7219,10.007,159.8868,7.8925,61.4584,3.4152,13.4066,0.745,12.2678,0.6817,11.6093,0.6451,10.6921,0.5942,9.8703,0.5485,7.7847,0.4326,0.0,0.0,0.0,0.0,0.0,0.0,0.0,,0.0,0.0,0.0,0.0,0.0,0.0,0.0,0.0,0.0,0.0,0.0,0.0,0.0,0.0,0.0,0.0,0.0,0.0,0.0,0.0,0.0,0.0,0.0,0.0,0.0,0.0,0.0,0.0,0.668,0.7034,0.2875
1235,64,0.001,3,10,100,32,8,2048,184,435241,73,30,"{'sourceA': ['event_time', 'mcc_code', 'term_id'], 'sourceB': ['event_time', 'tr_type', 'amount']}",gender/checkpoints_large_30/model_64_0.001_3_10_100_2048_32_8_2048epoch=05.ckpt,5,30,0.36245266,99.2317,1.0,0.0005,4.3562,1.2136,10.4013,0.6884,,1293.786,63.5314,282.7085,13.8824,260.6383,12.7986,248.0702,12.1815,229.9373,11.2911,211.9609,10.4083,173.6485,8.527,60.1763,3.3712,13.1493,0.7366,12.1228,0.6791,11.5382,0.6464,10.6948,0.5991,9.8587,0.5523,8.0767,0.4525,0.0,0.0,0.0,0.0,0.0,0.0,0.0,,0.0,0.0,0.0,0.0,0.0,0.0,0.0,0.0,0.0,0.0,0.0,0.0,0.0,0.0,0.0,0.0,0.0,0.0,0.0,0.0,0.0,0.0,0.0,0.0,0.0,0.0,0.0,0.0,0.684,0.6924,0.2875
1236,64,0.001,3,10,100,32,8,2048,184,435241,73,30,"{'sourceA': ['event_time', 'mcc_code', 'term_id'], 'sourceB': ['event_time', 'tr_type', 'amount']}",gender/checkpoints_large_30/model_64_0.001_3_10_100_2048_32_8_2048epoch=06.ckpt,6,30,0.3816288,104.8459,1.0,0.0005,4.4124,1.2164,11.1094,0.6835,,1359.2921,66.6798,290.5416,14.2525,269.5079,13.2207,257.2579,12.6197,240.003,11.7733,223.3817,10.9579,187.9166,9.2182,58.5474,3.2522,12.5142,0.6951,11.6082,0.6448,11.0806,0.6155,10.3374,0.5742,9.6215,0.5345,8.0939,0.4496,0.0,0.0,0.0,0.0,0.0,0.0,0.0,,0.0,0.0,0.0,0.0,0.0,0.0,0.0,0.0,0.0,0.0,0.0,0.0,0.0,0.0,0.0,0.0,0.0,0.0,0.0,0.0,0.0,0.0,0.0,0.0,0.0,0.0,0.0,0.0,0.696,0.6937,0.2875
1237,64,0.001,3,10,100,32,8,2048,184,435241,73,30,"{'sourceA': ['event_time', 'mcc_code', 'term_id'], 'sourceB': ['event_time', 'tr_type', 'amount']}",gender/checkpoints_large_30/model_64_0.001_3_10_100_2048_32_8_2048epoch=07.ckpt,7,30,0.39133528,108.384,1.0,0.0005,4.4694,1.2102,10.8609,0.6904,,1411.4661,69.2342,296.0828,14.5232,275.4855,13.5129,263.3801,12.9191,246.254,12.0791,230.0603,11.2848,182.6609,8.9597,55.1105,3.197,11.5605,0.6706,10.7563,0.624,10.2836,0.5966,9.615,0.5578,8.9827,0.5211,7.132,0.4137,0.0,0.0,0.0,0.0,0.0,0.0,0.0,,0.0,0.0,0.0,0.0,0.0,0.0,0.0,0.0,0.0,0.0,0.0,0.0,0.0,0.0,0.0,0.0,0.0,0.0,0.0,0.0,0.0,0.0,0.0,0.0,0.0,0.0,0.0,0.0,0.696,0.707,0.2875
1238,64,0.001,3,10,100,32,8,2048,184,435241,73,30,"{'sourceA': ['event_time', 'mcc_code', 'term_id'], 'sourceB': ['event_time', 'tr_type', 'amount']}",gender/checkpoints_large_30/model_64_0.001_3_10_100_2048_32_8_2048epoch=08.ckpt,8,30,0.3929924,111.5444,1.0,0.0005,4.4701,1.2061,11.9538,0.6944,,1428.9143,69.9523,298.1161,14.5942,277.6256,13.5911,265.5886,13.0019,248.4461,12.1626,231.6522,11.3405,196.3065,9.6102,55.4263,3.1937,11.5637,0.6663,10.7688,0.6205,10.3019,0.5936,9.637,0.5553,8.9856,0.5178,7.6146,0.4388,0.0,0.0,0.0,0.0,0.0,0.0,0.0,,0.0,0.0,0.0,0.0,0.0,0.0,0.0,0.0,0.0,0.0,0.0,0.0,0.0,0.0,0.0,0.0,0.0,0.0,0.0,0.0,0.0,0.0,0.0,0.0,0.0,0.0,0.0,0.0,0.672,0.6857,0.2875
1239,64,0.001,3,10,100,32,8,2048,184,435241,73,30,"{'sourceA': ['event_time', 'mcc_code', 'term_id'], 'sourceB': ['event_time', 'tr_type', 'amount']}",gender/checkpoints_large_30/model_64_0.001_3_10_100_2048_32_8_2048epoch=09.ckpt,9,30,0.39784563,116.3958,1.0,0.0005,4.4672,1.2083,13.7042,0.6899,,1477.9518,72.2389,300.4475,14.6852,280.6631,13.7182,269.003,13.1482,251.8563,12.3102,235.1506,11.4936,200.8881,9.8189,55.8701,3.1938,11.3576,0.6493,10.6097,0.6065,10.169,0.5813,9.5208,0.5443,8.8893,0.5082,7.5941,0.4341,0.0,0.0,0.0,0.0,0.0,0.0,0.0,,0.0,0.0,0.0,0.0,0.0,0.0,0.0,0.0,0.0,0.0,0.0,0.0,0.0,0.0,0.0,0.0,0.0,0.0,0.0,0.0,0.0,0.0,0.0,0.0,0.0,0.0,0.0,0.0,0.668,0.7081,0.2875
1240,64,0.001,3,10,100,32,8,2048,184,435241,73,30,"{'sourceA': ['event_time', 'mcc_code', 'term_id'], 'sourceB': ['event_time', 'tr_type', 'amount']}",gender/checkpoints_large_30/model_64_0.001_3_10_100_2048_32_8_2048epoch=10.ckpt,10,30,0.4050071,117.3932,1.0,0.0005,4.5033,1.2009,13.5791,0.6977,,1484.2288,72.4606,303.5123,14.8176,283.3981,13.8356,271.7364,13.2663,255.0335,12.4508,240.1858,11.726,206.3517,10.0742,55.8337,3.2081,11.4175,0.656,10.6609,0.6126,10.2222,0.5873,9.5939,0.5512,9.0353,0.5192,7.7625,0.446,0.0,0.0,0.0,0.0,0.0,0.0,0.0,,0.0,0.0,0.0,0.0,0.0,0.0,0.0,0.0,0.0,0.0,0.0,0.0,0.0,0.0,0.0,0.0,0.0,0.0,0.0,0.0,0.0,0.0,0.0,0.0,0.0,0.0,0.0,0.0,0.672,0.6956,0.2875
1241,64,0.001,3,10,100,32,8,2048,184,435241,73,30,"{'sourceA': ['event_time', 'mcc_code', 'term_id'], 'sourceB': ['event_time', 'tr_type', 'amount']}",gender/checkpoints_large_30/model_64_0.001_3_10_100_2048_32_8_2048epoch=11.ckpt,11,30,0.40518472,117.9642,1.0,0.0005,4.5111,1.1965,13.8031,0.7014,,1496.274,72.8945,303.0992,14.7662,283.0793,13.7909,271.5359,13.2285,255.3665,12.4408,240.8259,11.7324,207.6666,10.117,55.1216,3.1777,11.1659,0.6437,10.4284,0.6012,10.0032,0.5767,9.4075,0.5423,8.8718,0.5114,7.6503,0.441,0.0,0.0,0.0,0.0,0.0,0.0,0.0,,0.0,0.0,0.0,0.0,0.0,0.0,0.0,0.0,0.0,0.0,0.0,0.0,0.0,0.0,0.0,0.0,0.0,0.0,0.0,0.0,0.0,0.0,0.0,0.0,0.0,0.0,0.0,0.0,0.668,0.7167,0.2875
1242,64,0.001,3,10,100,32,8,2048,184,435241,73,30,"{'sourceA': ['event_time', 'mcc_code', 'term_id'], 'sourceB': ['event_time', 'tr_type', 'amount']}",gender/checkpoints_large_30/model_64_0.001_3_10_100_2048_32_8_2048epoch=12.ckpt,12,30,0.40944603,119.1053,1.0,0.0005,4.5296,1.1945,14.6032,0.7042,,1504.5352,73.3669,305.794,14.9117,286.2194,13.9572,274.7926,13.4,258.6022,12.6104,243.9628,11.8966,211.4586,10.3115,59.1757,3.3519,12.0274,0.6813,11.2575,0.6377,10.808,0.6122,10.1712,0.5761,9.5954,0.5435,8.317,0.4711,0.0,0.0,0.0,0.0,0.0,0.0,0.0,,0.0,0.0,0.0,0.0,0.0,0.0,0.0,0.0,0.0,0.0,0.0,0.0,0.0,0.0,0.0,0.0,0.0,0.0,0.0,0.0,0.0,0.0,0.0,0.0,0.0,0.0,0.0,0.0,0.7,0.7228,0.2875
1243,64,0.001,3,10,100,32,8,2048,184,435241,73,30,"{'sourceA': ['event_time', 'mcc_code', 'term_id'], 'sourceB': ['event_time', 'tr_type', 'amount']}",gender/checkpoints_large_30/model_64_0.001_3_10_100_2048_32_8_2048epoch=13.ckpt,13,30,0.40991953,122.1622,1.0,0.0005,4.4827,1.1987,13.8404,0.6986,,1529.129,74.4677,305.6436,14.8847,286.0139,13.9287,274.5233,13.3691,258.0836,12.5685,243.1443,11.841,210.5544,10.2539,56.9426,3.2695,11.3817,0.6535,10.6508,0.6115,10.2229,0.587,9.6107,0.5518,9.0544,0.5199,7.8407,0.4502,0.0,0.0,0.0,0.0,0.0,0.0,0.0,,0.0,0.0,0.0,0.0,0.0,0.0,0.0,0.0,0.0,0.0,0.0,0.0,0.0,0.0,0.0,0.0,0.0,0.0,0.0,0.0,0.0,0.0,0.0,0.0,0.0,0.0,0.0,0.0,0.712,0.7424,0.2875
1244,64,0.001,3,10,100,32,8,2048,184,435241,73,30,"{'sourceA': ['event_time', 'mcc_code', 'term_id'], 'sourceB': ['event_time', 'tr_type', 'amount']}",gender/checkpoints_large_30/model_64_0.001_3_10_100_2048_32_8_2048epoch=14.ckpt,14,30,0.413885,122.512,1.0,0.0005,4.5034,1.1976,14.7571,0.7007,,1558.4094,76.0435,307.4834,15.0038,288.3399,14.0697,277.2221,13.5272,261.3744,12.7539,247.1886,12.0617,214.3517,10.4594,54.612,3.162,10.7753,0.6239,10.1044,0.585,9.7148,0.5625,9.1595,0.5303,8.6623,0.5015,7.5116,0.4349,0.0,0.0,0.0,0.0,0.0,0.0,0.0,,0.0,0.0,0.0,0.0,0.0,0.0,0.0,0.0,0.0,0.0,0.0,0.0,0.0,0.0,0.0,0.0,0.0,0.0,0.0,0.0,0.0,0.0,0.0,0.0,0.0,0.0,0.0,0.0,0.696,0.7226,0.2875
1245,64,0.001,3,10,100,32,8,2048,184,435241,73,30,"{'sourceA': ['event_time', 'mcc_code', 'term_id'], 'sourceB': ['event_time', 'tr_type', 'amount']}",gender/checkpoints_large_30/model_64_0.001_3_10_100_2048_32_8_2048epoch=15.ckpt,15,30,0.41151753,122.1992,1.0,0.0005,4.5182,1.1867,14.7703,0.7144,,1542.4701,75.4005,308.106,15.0611,288.6924,14.1121,277.8012,13.5797,262.0277,12.8087,248.535,12.1491,215.566,10.5375,49.7095,2.9533,9.9294,0.5899,9.3038,0.5527,8.9528,0.5319,8.4444,0.5017,8.0096,0.4759,6.9471,0.4127,0.0,0.0,0.0,0.0,0.0,0.0,0.0,,0.0,0.0,0.0,0.0,0.0,0.0,0.0,0.0,0.0,0.0,0.0,0.0,0.0,0.0,0.0,0.0,0.0,0.0,0.0,0.0,0.0,0.0,0.0,0.0,0.0,0.0,0.0,0.0,0.684,0.7094,0.2875
1246,64,0.001,3,10,100,32,8,2048,184,435241,73,30,"{'sourceA': ['event_time', 'mcc_code', 'term_id'], 'sourceB': ['event_time', 'tr_type', 'amount']}",gender/checkpoints_large_30/model_64_0.001_3_10_100_2048_32_8_2048epoch=16.ckpt,16,30,0.41938925,124.9116,1.0,0.0005,4.4831,1.1936,14.6651,0.7051,,1568.2559,76.5623,307.2053,14.9978,288.0734,14.0637,277.0886,13.5275,261.3451,12.7589,246.8328,12.0504,209.4295,10.2244,50.2325,3.0571,9.84,0.5989,9.2272,0.5616,8.8754,0.5402,8.3711,0.5095,7.9063,0.4812,6.7082,0.4083,0.0,0.0,0.0,0.0,0.0,0.0,0.0,,0.0,0.0,0.0,0.0,0.0,0.0,0.0,0.0,0.0,0.0,0.0,0.0,0.0,0.0,0.0,0.0,0.0,0.0,0.0,0.0,0.0,0.0,0.0,0.0,0.0,0.0,0.0,0.0,0.672,0.7076,0.2875
1247,64,0.001,3,10,100,32,8,2048,184,435241,73,30,"{'sourceA': ['event_time', 'mcc_code', 'term_id'], 'sourceB': ['event_time', 'tr_type', 'amount']}",gender/checkpoints_large_30/model_64_0.001_3_10_100_2048_32_8_2048epoch=17.ckpt,17,30,0.41583806,126.7247,1.0,0.0006,4.4706,1.1974,14.1589,0.7013,,1585.62,77.4784,308.8408,15.0909,289.6705,14.1542,278.5954,13.6131,263.0867,12.8552,249.2352,12.1784,216.5799,10.5828,53.0437,3.1116,10.3316,0.6061,9.6903,0.5684,9.3198,0.5467,8.801,0.5163,8.3377,0.4891,7.2452,0.425,0.0,0.0,0.0,0.0,0.0,0.0,0.0,,0.0,0.0,0.0,0.0,0.0,0.0,0.0,0.0,0.0,0.0,0.0,0.0,0.0,0.0,0.0,0.0,0.0,0.0,0.0,0.0,0.0,0.0,0.0,0.0,0.0,0.0,0.0,0.0,0.676,0.7304,0.2875
1248,64,0.001,3,10,100,32,8,2048,184,435241,73,30,"{'sourceA': ['event_time', 'mcc_code', 'term_id'], 'sourceB': ['event_time', 'tr_type', 'amount']}",gender/checkpoints_large_30/model_64_0.001_3_10_100_2048_32_8_2048epoch=18.ckpt,18,30,0.41317472,127.4276,1.0,0.0006,4.4695,1.2001,15.6253,0.7001,,1604.1017,78.5698,310.3791,15.2026,291.408,14.2733,280.5541,13.7417,265.2094,12.9901,251.6769,12.3273,217.7838,10.6672,54.9099,3.1501,10.6246,0.6095,9.9752,0.5723,9.6036,0.5509,9.0784,0.5208,8.6151,0.4942,7.4549,0.4277,0.0,0.0,0.0,0.0,0.0,0.0,0.0,,0.0,0.0,0.0,0.0,0.0,0.0,0.0,0.0,0.0,0.0,0.0,0.0,0.0,0.0,0.0,0.0,0.0,0.0,0.0,0.0,0.0,0.0,0.0,0.0,0.0,0.0,0.0,0.0,0.688,0.7072,0.2875
1249,64,0.001,3,10,100,32,8,2048,184,435241,73,30,"{'sourceA': ['event_time', 'mcc_code', 'term_id'], 'sourceB': ['event_time', 'tr_type', 'amount']}",gender/checkpoints_large_30/model_64_0.001_3_10_100_2048_32_8_2048epoch=19.ckpt,19,30,0.4168442,128.9966,1.0,0.0006,4.4343,1.1991,14.8994,0.6975,,1605.0295,78.1999,308.6042,15.0357,289.6841,14.1139,278.7503,13.5812,263.833,12.8544,250.8031,12.2196,218.392,10.6404,55.4767,3.2362,10.6667,0.6222,10.0127,0.5841,9.6348,0.562,9.1192,0.532,8.6688,0.5057,7.5486,0.4403,0.0,0.0,0.0,0.0,0.0,0.0,0.0,,0.0,0.0,0.0,0.0,0.0,0.0,0.0,0.0,0.0,0.0,0.0,0.0,0.0,0.0,0.0,0.0,0.0,0.0,0.0,0.0,0.0,0.0,0.0,0.0,0.0,0.0,0.0,0.0,0.696,0.7109,0.2875
1250,64,0.001,3,10,100,32,8,2048,184,435241,73,30,"{'sourceA': ['event_time', 'mcc_code', 'term_id'], 'sourceB': ['event_time', 'tr_type', 'amount']}",gender/checkpoints_large_30/model_64_0.001_3_10_100_2048_32_8_2048epoch=20.ckpt,20,30,0.41228694,129.2601,1.0,0.0006,4.4312,1.1969,15.6042,0.6993,,1613.8022,78.5361,309.0778,15.0414,290.3626,14.1306,279.623,13.6079,264.6334,12.8785,251.7344,12.2507,219.2056,10.6677,54.2754,3.1572,10.3949,0.6047,9.7655,0.5681,9.4043,0.5471,8.9001,0.5177,8.4663,0.4925,7.3723,0.4289,0.0,0.0,0.0,0.0,0.0,0.0,0.0,,0.0,0.0,0.0,0.0,0.0,0.0,0.0,0.0,0.0,0.0,0.0,0.0,0.0,0.0,0.0,0.0,0.0,0.0,0.0,0.0,0.0,0.0,0.0,0.0,0.0,0.0,0.0,0.0,0.68,0.6995,0.2875
1251,64,0.001,3,10,100,32,8,2048,184,435241,73,30,"{'sourceA': ['event_time', 'mcc_code', 'term_id'], 'sourceB': ['event_time', 'tr_type', 'amount']}",gender/checkpoints_large_30/model_64_0.001_3_10_100_2048_32_8_2048epoch=21.ckpt,21,30,0.42175663,130.8229,1.0,0.0006,4.4195,1.1994,15.7393,0.6965,,1622.3894,78.9782,308.963,15.0404,290.2845,14.1311,279.4334,13.6029,264.6594,12.8837,251.9122,12.2631,219.7023,10.6951,56.7205,3.2341,10.8017,0.6159,10.1487,0.5787,9.7693,0.557,9.2528,0.5276,8.8071,0.5022,7.681,0.438,0.0,0.0,0.0,0.0,0.0,0.0,0.0,,0.0,0.0,0.0,0.0,0.0,0.0,0.0,0.0,0.0,0.0,0.0,0.0,0.0,0.0,0.0,0.0,0.0,0.0,0.0,0.0,0.0,0.0,0.0,0.0,0.0,0.0,0.0,0.0,0.704,0.7472,0.2875
1252,64,0.001,3,10,100,32,8,2048,184,435241,73,30,"{'sourceA': ['event_time', 'mcc_code', 'term_id'], 'sourceB': ['event_time', 'tr_type', 'amount']}",gender/checkpoints_large_30/model_64_0.001_3_10_100_2048_32_8_2048epoch=22.ckpt,22,30,0.41341144,129.3722,1.0,0.0006,4.4377,1.195,15.1665,0.7046,,1627.7571,79.6393,310.8563,15.2089,291.9027,14.2816,280.9421,13.7453,266.0117,13.0148,253.0412,12.3802,220.2906,10.7779,56.8663,3.2054,10.8599,0.6121,10.1977,0.5748,9.8148,0.5532,9.2932,0.5238,8.8401,0.4983,7.6959,0.4338,0.0,0.0,0.0,0.0,0.0,0.0,0.0,,0.0,0.0,0.0,0.0,0.0,0.0,0.0,0.0,0.0,0.0,0.0,0.0,0.0,0.0,0.0,0.0,0.0,0.0,0.0,0.0,0.0,0.0,0.0,0.0,0.0,0.0,0.0,0.0,0.676,0.7402,0.2875
1253,64,0.001,3,10,100,32,8,2048,184,435241,73,30,"{'sourceA': ['event_time', 'mcc_code', 'term_id'], 'sourceB': ['event_time', 'tr_type', 'amount']}",gender/checkpoints_large_30/model_64_0.001_3_10_100_2048_32_8_2048epoch=23.ckpt,23,30,0.41128075,131.3788,1.0,0.0006,4.4185,1.2024,15.7996,0.6949,,1648.9474,80.5018,310.125,15.1403,291.5192,14.232,280.8128,13.7093,265.6945,12.9712,252.1769,12.3113,217.4354,10.6152,53.7515,3.123,10.1093,0.5874,9.5028,0.5521,9.1538,0.5318,8.661,0.5032,8.2203,0.4776,7.0878,0.4118,0.0,0.0,0.0,0.0,0.0,0.0,0.0,,0.0,0.0,0.0,0.0,0.0,0.0,0.0,0.0,0.0,0.0,0.0,0.0,0.0,0.0,0.0,0.0,0.0,0.0,0.0,0.0,0.0,0.0,0.0,0.0,0.0,0.0,0.0,0.0,0.68,0.7307,0.2875
1254,64,0.001,3,10,100,32,8,2048,184,435241,73,30,"{'sourceA': ['event_time', 'mcc_code', 'term_id'], 'sourceB': ['event_time', 'tr_type', 'amount']}",gender/checkpoints_large_30/model_64_0.001_3_10_100_2048_32_8_2048epoch=24.ckpt,24,30,0.41637075,130.8479,1.0,0.0006,4.4257,1.1974,15.9729,0.7017,,1635.4187,80.0398,311.0768,15.2246,292.3355,14.3073,281.5323,13.7786,266.7085,13.0531,253.797,12.4212,220.7912,10.8058,53.7195,3.1663,10.2181,0.6023,9.6025,0.566,9.2476,0.5451,8.7607,0.5164,8.3366,0.4914,7.2524,0.4275,0.0,0.0,0.0,0.0,0.0,0.0,0.0,,0.0,0.0,0.0,0.0,0.0,0.0,0.0,0.0,0.0,0.0,0.0,0.0,0.0,0.0,0.0,0.0,0.0,0.0,0.0,0.0,0.0,0.0,0.0,0.0,0.0,0.0,0.0,0.0,0.7,0.7304,0.2875
1255,64,0.001,3,10,100,32,8,2048,184,435241,73,30,"{'sourceA': ['event_time', 'mcc_code', 'term_id'], 'sourceB': ['event_time', 'tr_type', 'amount']}",gender/checkpoints_large_30/model_64_0.001_3_10_100_2048_32_8_2048epoch=25.ckpt,25,30,0.4186198,131.1867,1.0,0.0006,4.4086,1.1969,15.2703,0.7019,,1654.7218,80.8748,310.8352,15.1921,292.2547,14.284,281.5385,13.7602,266.5352,13.027,253.695,12.3994,220.3161,10.768,55.5181,3.2127,10.4289,0.6035,9.8055,0.5674,9.446,0.5466,8.9426,0.5175,8.5118,0.4926,7.3919,0.4277,0.0,0.0,0.0,0.0,0.0,0.0,0.0,,0.0,0.0,0.0,0.0,0.0,0.0,0.0,0.0,0.0,0.0,0.0,0.0,0.0,0.0,0.0,0.0,0.0,0.0,0.0,0.0,0.0,0.0,0.0,0.0,0.0,0.0,0.0,0.0,0.664,0.7236,0.2875
1256,64,0.001,3,10,100,32,8,2048,184,435241,73,30,"{'sourceA': ['event_time', 'mcc_code', 'term_id'], 'sourceB': ['event_time', 'tr_type', 'amount']}",gender/checkpoints_large_30/model_64_0.001_3_10_100_2048_32_8_2048epoch=26.ckpt,26,30,0.41477278,131.1424,1.0,0.0006,4.3844,1.1943,16.3775,0.7054,,1662.048,81.3955,310.9468,15.228,292.2852,14.3141,281.6228,13.7919,266.8327,13.0676,254.1764,12.4478,219.9384,10.771,54.649,3.2127,10.2241,0.601,9.6105,0.565,9.2599,0.5444,8.7736,0.5158,8.3575,0.4913,7.2317,0.4251,0.0,0.0,0.0,0.0,0.0,0.0,0.0,,0.0,0.0,0.0,0.0,0.0,0.0,0.0,0.0,0.0,0.0,0.0,0.0,0.0,0.0,0.0,0.0,0.0,0.0,0.0,0.0,0.0,0.0,0.0,0.0,0.0,0.0,0.0,0.0,0.696,0.7129,0.2875
1257,64,0.001,3,10,100,32,8,2048,184,435241,73,30,"{'sourceA': ['event_time', 'mcc_code', 'term_id'], 'sourceB': ['event_time', 'tr_type', 'amount']}",gender/checkpoints_large_30/model_64_0.001_3_10_100_2048_32_8_2048epoch=27.ckpt,27,30,0.4186198,132.1004,1.0,0.0006,4.3772,1.1894,15.3634,0.7087,,1654.5869,80.6578,311.0271,15.1619,292.4371,14.2557,281.7048,13.7325,266.8359,13.0077,254.0519,12.3845,218.8464,10.6683,55.472,3.19,10.4276,0.5997,9.8043,0.5638,9.4445,0.5431,8.946,0.5145,8.5174,0.4898,7.3371,0.4219,0.0,0.0,0.0,0.0,0.0,0.0,0.0,,0.0,0.0,0.0,0.0,0.0,0.0,0.0,0.0,0.0,0.0,0.0,0.0,0.0,0.0,0.0,0.0,0.0,0.0,0.0,0.0,0.0,0.0,0.0,0.0,0.0,0.0,0.0,0.0,0.696,0.729,0.2875
1258,64,0.001,3,10,100,32,8,2048,184,435241,73,30,"{'sourceA': ['event_time', 'mcc_code', 'term_id'], 'sourceB': ['event_time', 'tr_type', 'amount']}",gender/checkpoints_large_30/model_64_0.001_3_10_100_2048_32_8_2048epoch=28.ckpt,28,30,0.42163828,130.6925,1.0,0.0006,4.379,1.1849,16.066,0.715,,1642.4536,80.2242,310.8042,15.181,291.8594,14.2556,281.0953,13.7299,266.108,12.9978,253.1668,12.3657,215.5785,10.5297,51.8182,3.0451,9.8056,0.5762,9.2079,0.5411,8.8683,0.5211,8.3955,0.4934,7.9872,0.4694,6.8013,0.3997,0.0,0.0,0.0,0.0,0.0,0.0,0.0,,0.0,0.0,0.0,0.0,0.0,0.0,0.0,0.0,0.0,0.0,0.0,0.0,0.0,0.0,0.0,0.0,0.0,0.0,0.0,0.0,0.0,0.0,0.0,0.0,0.0,0.0,0.0,0.0,0.7,0.7617,0.2875
1259,64,0.001,3,10,100,32,8,2048,184,435241,73,30,"{'sourceA': ['event_time', 'mcc_code', 'term_id'], 'sourceB': ['event_time', 'tr_type', 'amount']}",gender/checkpoints_large_30/model_64_0.001_3_10_100_2048_32_8_2048epoch=29.ckpt,29,30,0.4166075,134.016,1.0,0.0006,4.3506,1.1975,14.9862,0.6987,,1689.0492,82.238,311.3319,15.1584,292.7095,14.2517,282.0912,13.7347,267.5679,13.0276,255.3667,12.4335,222.136,10.8156,57.9774,3.3414,10.6866,0.6159,10.0474,0.5791,9.6829,0.558,9.1844,0.5293,8.7656,0.5052,7.6249,0.4394,0.0,0.0,0.0,0.0,0.0,0.0,0.0,,0.0,0.0,0.0,0.0,0.0,0.0,0.0,0.0,0.0,0.0,0.0,0.0,0.0,0.0,0.0,0.0,0.0,0.0,0.0,0.0,0.0,0.0,0.0,0.0,0.0,0.0,0.0,0.0,0.692,0.7403,0.2875
1260,64,0.001,3,10,100,32,8,4096,184,435241,73,30,"{'sourceA': ['event_time', 'mcc_code', 'term_id'], 'sourceB': ['event_time', 'tr_type', 'amount']}",gender/checkpoints_large_30/model_64_0.001_3_10_100_4096_32_8_4096epoch=00.ckpt,0,30,0.23360562,155.6185,1.0,0.0011,3.3187,1.1355,7.8733,0.7769,,4765.0493,231.9715,312.7831,15.2269,288.4376,14.0417,273.9632,13.337,255.4017,12.4334,240.839,11.7245,203.8957,9.926,137.803,8.2842,9.0455,0.5438,8.3415,0.5015,7.9229,0.4763,7.3861,0.444,6.965,0.4187,5.8966,0.3545,0.0,0.0,0.0,0.0,0.0,0.0,0.0,,0.0,0.0,0.0,0.0,0.0,0.0,0.0,0.0,0.0,0.0,0.0,0.0,0.0,0.0,0.0,0.0,0.0,0.0,0.0,0.0,0.0,0.0,0.0,0.0,0.0,0.0,0.0,0.0,0.544,0.5601,0.2875
1261,64,0.001,3,10,100,32,8,4096,184,435241,73,30,"{'sourceA': ['event_time', 'mcc_code', 'term_id'], 'sourceB': ['event_time', 'tr_type', 'amount']}",gender/checkpoints_large_30/model_64_0.001_3_10_100_4096_32_8_4096epoch=01.ckpt,1,30,0.30669978,161.8821,1.0,0.001,3.4267,1.1328,9.7654,0.7805,,4725.008,229.6008,320.569,15.5773,298.3959,14.4999,285.9561,13.8954,269.8169,13.1111,256.7722,12.4772,212.5184,10.3268,124.2904,7.5204,8.4325,0.5102,7.8492,0.4749,7.522,0.4551,7.0975,0.4294,6.7543,0.4087,5.5903,0.3382,0.0,0.0,0.0,0.0,0.0,0.0,0.0,,0.0,0.0,0.0,0.0,0.0,0.0,0.0,0.0,0.0,0.0,0.0,0.0,0.0,0.0,0.0,0.0,0.0,0.0,0.0,0.0,0.0,0.0,0.0,0.0,0.0,0.0,0.0,0.0,0.58,0.6081,0.2875
1262,64,0.001,3,10,100,32,8,4096,184,435241,73,30,"{'sourceA': ['event_time', 'mcc_code', 'term_id'], 'sourceB': ['event_time', 'tr_type', 'amount']}",gender/checkpoints_large_30/model_64_0.001_3_10_100_4096_32_8_4096epoch=02.ckpt,2,30,0.32818416,159.789,1.0,0.001,3.4904,1.1314,9.5562,0.7833,,4579.2495,222.9697,320.3601,15.5988,299.2154,14.5692,287.4836,13.998,271.9112,13.2397,258.8683,12.6046,162.7664,7.9253,117.6812,6.9279,8.2329,0.4847,7.6895,0.4527,7.388,0.4349,6.9878,0.4114,6.6526,0.3916,4.1829,0.2462,0.0,0.0,0.0,0.0,0.0,0.0,0.0,,0.0,0.0,0.0,0.0,0.0,0.0,0.0,0.0,0.0,0.0,0.0,0.0,0.0,0.0,0.0,0.0,0.0,0.0,0.0,0.0,0.0,0.0,0.0,0.0,0.0,0.0,0.0,0.0,0.624,0.6641,0.2875
1263,64,0.001,3,10,100,32,8,4096,184,435241,73,30,"{'sourceA': ['event_time', 'mcc_code', 'term_id'], 'sourceB': ['event_time', 'tr_type', 'amount']}",gender/checkpoints_large_30/model_64_0.001_3_10_100_4096_32_8_4096epoch=03.ckpt,3,30,0.34682766,160.9736,1.0,0.001,3.5313,1.1538,10.0203,0.7563,,4584.669,225.1002,315.8,15.5053,293.8169,14.426,281.5939,13.8258,265.501,13.0357,251.9644,12.3711,150.9164,7.4098,126.6316,7.5908,8.7226,0.5229,8.1154,0.4865,7.7778,0.4662,7.3333,0.4396,6.9594,0.4172,4.1684,0.2499,0.0,0.0,0.0,0.0,0.0,0.0,0.0,,0.0,0.0,0.0,0.0,0.0,0.0,0.0,0.0,0.0,0.0,0.0,0.0,0.0,0.0,0.0,0.0,0.0,0.0,0.0,0.0,0.0,0.0,0.0,0.0,0.0,0.0,0.0,0.0,0.644,0.6933,0.2875
1264,64,0.001,3,10,100,32,8,4096,184,435241,73,30,"{'sourceA': ['event_time', 'mcc_code', 'term_id'], 'sourceB': ['event_time', 'tr_type', 'amount']}",gender/checkpoints_large_30/model_64_0.001_3_10_100_4096_32_8_4096epoch=04.ckpt,4,30,0.35742188,158.5735,1.0,0.0009,3.603,1.1493,11.5297,0.763,,4408.741,216.8842,319.0449,15.6951,297.3306,14.6269,285.1916,14.0298,268.8106,13.2239,254.4758,12.5187,143.876,7.0779,132.7944,7.617,9.6099,0.5512,8.9558,0.5137,8.5902,0.4927,8.0968,0.4644,7.665,0.4397,4.3336,0.2486,0.0,0.0,0.0,0.0,0.0,0.0,0.0,,0.0,0.0,0.0,0.0,0.0,0.0,0.0,0.0,0.0,0.0,0.0,0.0,0.0,0.0,0.0,0.0,0.0,0.0,0.0,0.0,0.0,0.0,0.0,0.0,0.0,0.0,0.0,0.0,0.652,0.6631,0.2875
1265,64,0.001,3,10,100,32,8,4096,184,435241,73,30,"{'sourceA': ['event_time', 'mcc_code', 'term_id'], 'sourceB': ['event_time', 'tr_type', 'amount']}",gender/checkpoints_large_30/model_64_0.001_3_10_100_4096_32_8_4096epoch=05.ckpt,5,30,0.35718513,157.7113,1.0,0.0009,3.6596,1.1453,12.1822,0.7658,,4320.268,210.859,319.1975,15.579,298.8051,14.5838,287.243,14.0194,271.6016,13.256,258.707,12.6267,150.6121,7.3509,105.76,6.2741,7.8139,0.4636,7.3147,0.4339,7.0317,0.4171,6.6488,0.3944,6.3331,0.3757,3.687,0.2187,0.0,0.0,0.0,0.0,0.0,0.0,0.0,,0.0,0.0,0.0,0.0,0.0,0.0,0.0,0.0,0.0,0.0,0.0,0.0,0.0,0.0,0.0,0.0,0.0,0.0,0.0,0.0,0.0,0.0,0.0,0.0,0.0,0.0,0.0,0.0,0.672,0.6815,0.2875
1266,64,0.001,3,10,100,32,8,4096,184,435241,73,30,"{'sourceA': ['event_time', 'mcc_code', 'term_id'], 'sourceB': ['event_time', 'tr_type', 'amount']}",gender/checkpoints_large_30/model_64_0.001_3_10_100_4096_32_8_4096epoch=06.ckpt,6,30,0.3555279,153.6131,1.0,0.0008,3.6874,1.1407,11.6364,0.7711,,4241.731,206.9517,317.298,15.4808,296.037,14.4435,284.1757,13.8648,268.7757,13.1134,255.895,12.485,162.1995,7.9136,128.3269,7.7655,9.5994,0.5809,8.9561,0.542,8.5973,0.5203,8.1314,0.4921,7.7417,0.4685,4.9071,0.2969,0.0,0.0,0.0,0.0,0.0,0.0,0.0,,0.0,0.0,0.0,0.0,0.0,0.0,0.0,0.0,0.0,0.0,0.0,0.0,0.0,0.0,0.0,0.0,0.0,0.0,0.0,0.0,0.0,0.0,0.0,0.0,0.0,0.0,0.0,0.0,0.692,0.7047,0.2875
1267,64,0.001,3,10,100,32,8,4096,184,435241,73,30,"{'sourceA': ['event_time', 'mcc_code', 'term_id'], 'sourceB': ['event_time', 'tr_type', 'amount']}",gender/checkpoints_large_30/model_64_0.001_3_10_100_4096_32_8_4096epoch=07.ckpt,7,30,0.36689156,157.5296,1.0,0.0009,3.7075,1.1566,11.497,0.7566,,4350.8135,213.8387,321.7424,15.8134,300.8111,14.7846,288.8085,14.1947,272.3133,13.384,255.8992,12.5772,142.7126,7.0142,132.7751,7.8587,9.8187,0.5812,9.1799,0.5433,8.8137,0.5217,8.3103,0.4919,7.8094,0.4622,4.3552,0.2578,0.0,0.0,0.0,0.0,0.0,0.0,0.0,,0.0,0.0,0.0,0.0,0.0,0.0,0.0,0.0,0.0,0.0,0.0,0.0,0.0,0.0,0.0,0.0,0.0,0.0,0.0,0.0,0.0,0.0,0.0,0.0,0.0,0.0,0.0,0.0,0.688,0.6811,0.2875
1268,64,0.001,3,10,100,32,8,4096,184,435241,73,30,"{'sourceA': ['event_time', 'mcc_code', 'term_id'], 'sourceB': ['event_time', 'tr_type', 'amount']}",gender/checkpoints_large_30/model_64_0.001_3_10_100_4096_32_8_4096epoch=08.ckpt,8,30,0.36659563,154.2439,1.0,0.0009,3.7137,1.143,10.8115,0.768,,4246.997,207.3368,315.9127,15.4227,294.5819,14.3814,282.8763,13.8099,267.5563,13.062,255.0001,12.449,151.9831,7.4198,108.3573,6.6415,8.0602,0.494,7.5159,0.4607,7.2173,0.4424,6.8264,0.4184,6.506,0.3988,3.8777,0.2377,0.0,0.0,0.0,0.0,0.0,0.0,0.0,,0.0,0.0,0.0,0.0,0.0,0.0,0.0,0.0,0.0,0.0,0.0,0.0,0.0,0.0,0.0,0.0,0.0,0.0,0.0,0.0,0.0,0.0,0.0,0.0,0.0,0.0,0.0,0.0,0.684,0.656,0.2875
1269,64,0.001,3,10,100,32,8,4096,184,435241,73,30,"{'sourceA': ['event_time', 'mcc_code', 'term_id'], 'sourceB': ['event_time', 'tr_type', 'amount']}",gender/checkpoints_large_30/model_64_0.001_3_10_100_4096_32_8_4096epoch=09.ckpt,9,30,0.37576944,155.546,1.0,0.0009,3.681,1.1436,10.6004,0.7671,,4317.2617,210.4664,317.1141,15.4593,296.1358,14.4366,284.2473,13.8571,269.1034,13.1188,256.1597,12.4878,154.7917,7.5461,141.3334,8.0694,10.3813,0.5927,9.6945,0.5535,9.3054,0.5313,8.8096,0.503,8.3859,0.4788,5.0674,0.2893,0.0,0.0,0.0,0.0,0.0,0.0,0.0,,0.0,0.0,0.0,0.0,0.0,0.0,0.0,0.0,0.0,0.0,0.0,0.0,0.0,0.0,0.0,0.0,0.0,0.0,0.0,0.0,0.0,0.0,0.0,0.0,0.0,0.0,0.0,0.0,0.628,0.6505,0.2875
1270,64,0.001,3,10,100,32,8,4096,184,435241,73,30,"{'sourceA': ['event_time', 'mcc_code', 'term_id'], 'sourceB': ['event_time', 'tr_type', 'amount']}",gender/checkpoints_large_30/model_64_0.001_3_10_100_4096_32_8_4096epoch=10.ckpt,10,30,0.3790246,155.3726,1.0,0.0008,3.7447,1.1531,11.8244,0.7549,,4355.5493,212.3321,316.1474,15.4121,295.9215,14.4261,284.579,13.8732,270.0088,13.1629,257.8084,12.5681,156.353,7.6222,132.183,7.7258,9.5945,0.5608,8.9807,0.5249,8.6365,0.5048,8.1943,0.4789,7.824,0.4573,4.745,0.2773,0.0,0.0,0.0,0.0,0.0,0.0,0.0,,0.0,0.0,0.0,0.0,0.0,0.0,0.0,0.0,0.0,0.0,0.0,0.0,0.0,0.0,0.0,0.0,0.0,0.0,0.0,0.0,0.0,0.0,0.0,0.0,0.0,0.0,0.0,0.0,0.676,0.6939,0.2875
1271,64,0.001,3,10,100,32,8,4096,184,435241,73,30,"{'sourceA': ['event_time', 'mcc_code', 'term_id'], 'sourceB': ['event_time', 'tr_type', 'amount']}",gender/checkpoints_large_30/model_64_0.001_3_10_100_4096_32_8_4096epoch=11.ckpt,11,30,0.38334516,154.2674,1.0,0.0009,3.726,1.1596,13.276,0.747,,4268.289,208.3035,312.2625,15.2392,292.4252,14.2711,281.4348,13.7347,267.1221,13.0362,253.7673,12.3845,153.9684,7.5141,144.688,7.744,10.5852,0.5665,9.9127,0.5306,9.5402,0.5106,9.055,0.4846,8.6023,0.4604,5.2193,0.2793,0.0,0.0,0.0,0.0,0.0,0.0,0.0,,0.0,0.0,0.0,0.0,0.0,0.0,0.0,0.0,0.0,0.0,0.0,0.0,0.0,0.0,0.0,0.0,0.0,0.0,0.0,0.0,0.0,0.0,0.0,0.0,0.0,0.0,0.0,0.0,0.684,0.6845,0.2875
1272,64,0.001,3,10,100,32,8,4096,184,435241,73,30,"{'sourceA': ['event_time', 'mcc_code', 'term_id'], 'sourceB': ['event_time', 'tr_type', 'amount']}",gender/checkpoints_large_30/model_64_0.001_3_10_100_4096_32_8_4096epoch=12.ckpt,12,30,0.39092094,151.9021,1.0,0.0008,3.7841,1.1516,12.6544,0.7569,,4199.214,204.8702,315.6746,15.4011,295.4704,14.4153,284.1696,13.864,268.9168,13.1198,255.4731,12.464,172.3755,8.4098,138.3342,7.6629,10.3992,0.5761,9.7336,0.5392,9.3614,0.5186,8.8589,0.4907,8.416,0.4662,5.6785,0.3146,0.0,0.0,0.0,0.0,0.0,0.0,0.0,,0.0,0.0,0.0,0.0,0.0,0.0,0.0,0.0,0.0,0.0,0.0,0.0,0.0,0.0,0.0,0.0,0.0,0.0,0.0,0.0,0.0,0.0,0.0,0.0,0.0,0.0,0.0,0.0,0.676,0.6804,0.2875
1273,64,0.001,3,10,100,32,8,4096,184,435241,73,30,"{'sourceA': ['event_time', 'mcc_code', 'term_id'], 'sourceB': ['event_time', 'tr_type', 'amount']}",gender/checkpoints_large_30/model_64_0.001_3_10_100_4096_32_8_4096epoch=13.ckpt,13,30,0.38926372,150.3466,1.0,0.0008,3.8027,1.1534,13.277,0.7554,,4144.513,202.5475,314.1569,15.3532,294.0462,14.3704,283.0152,13.8313,268.0119,13.0981,254.6168,12.4434,147.2309,7.1954,122.5384,7.2287,9.2885,0.5479,8.6939,0.5129,8.3677,0.4936,7.9241,0.4675,7.5281,0.4441,4.3531,0.2568,0.0,0.0,0.0,0.0,0.0,0.0,0.0,,0.0,0.0,0.0,0.0,0.0,0.0,0.0,0.0,0.0,0.0,0.0,0.0,0.0,0.0,0.0,0.0,0.0,0.0,0.0,0.0,0.0,0.0,0.0,0.0,0.0,0.0,0.0,0.0,0.644,0.6511,0.2875
1274,64,0.001,3,10,100,32,8,4096,184,435241,73,30,"{'sourceA': ['event_time', 'mcc_code', 'term_id'], 'sourceB': ['event_time', 'tr_type', 'amount']}",gender/checkpoints_large_30/model_64_0.001_3_10_100_4096_32_8_4096epoch=14.ckpt,14,30,0.39103928,150.9014,1.0,0.0008,3.7709,1.1593,12.3843,0.7476,,4170.756,203.555,311.1423,15.1854,291.3946,14.2216,280.5748,13.6935,266.1702,12.9905,254.5762,12.4247,153.3918,7.4863,129.9921,7.5399,9.6975,0.5625,9.082,0.5268,8.7448,0.5072,8.2959,0.4812,7.9345,0.4602,4.7808,0.2773,0.0,0.0,0.0,0.0,0.0,0.0,0.0,,0.0,0.0,0.0,0.0,0.0,0.0,0.0,0.0,0.0,0.0,0.0,0.0,0.0,0.0,0.0,0.0,0.0,0.0,0.0,0.0,0.0,0.0,0.0,0.0,0.0,0.0,0.0,0.0,0.684,0.7098,0.2875
1275,64,0.001,3,10,100,32,8,4096,184,435241,73,30,"{'sourceA': ['event_time', 'mcc_code', 'term_id'], 'sourceB': ['event_time', 'tr_type', 'amount']}",gender/checkpoints_large_30/model_64_0.001_3_10_100_4096_32_8_4096epoch=15.ckpt,15,30,0.3875473,148.8769,1.0,0.0008,3.844,1.1494,13.6103,0.7601,,4089.3435,199.6402,314.4137,15.3496,294.6147,14.383,283.8348,13.8567,269.641,13.1638,258.1348,12.602,164.2343,8.0179,136.3835,7.8887,10.486,0.6065,9.8257,0.5683,9.4662,0.5475,8.9928,0.5202,8.609,0.498,5.4774,0.3168,0.0,0.0,0.0,0.0,0.0,0.0,0.0,,0.0,0.0,0.0,0.0,0.0,0.0,0.0,0.0,0.0,0.0,0.0,0.0,0.0,0.0,0.0,0.0,0.0,0.0,0.0,0.0,0.0,0.0,0.0,0.0,0.0,0.0,0.0,0.0,0.664,0.7029,0.2875
1276,64,0.001,3,10,100,32,8,4096,184,435241,73,30,"{'sourceA': ['event_time', 'mcc_code', 'term_id'], 'sourceB': ['event_time', 'tr_type', 'amount']}",gender/checkpoints_large_30/model_64_0.001_3_10_100_4096_32_8_4096epoch=16.ckpt,16,30,0.38429213,149.8493,1.0,0.0008,3.798,1.1486,13.6806,0.7614,,4084.9304,199.6719,314.5957,15.3775,294.4679,14.3936,283.6214,13.8635,268.6809,13.1332,255.827,12.5049,149.4923,7.3072,133.3468,7.8449,10.2695,0.6042,9.6125,0.5655,9.2584,0.5447,8.7707,0.516,8.3511,0.4913,4.88,0.2871,0.0,0.0,0.0,0.0,0.0,0.0,0.0,,0.0,0.0,0.0,0.0,0.0,0.0,0.0,0.0,0.0,0.0,0.0,0.0,0.0,0.0,0.0,0.0,0.0,0.0,0.0,0.0,0.0,0.0,0.0,0.0,0.0,0.0,0.0,0.0,0.68,0.6979,0.2875
1277,64,0.001,3,10,100,32,8,4096,184,435241,73,30,"{'sourceA': ['event_time', 'mcc_code', 'term_id'], 'sourceB': ['event_time', 'tr_type', 'amount']}",gender/checkpoints_large_30/model_64_0.001_3_10_100_4096_32_8_4096epoch=17.ckpt,17,30,0.3981416,149.8598,1.0,0.0008,3.8404,1.1523,13.4578,0.7563,,4093.3647,200.0043,313.0659,15.2966,293.0676,14.3195,282.0368,13.7805,267.8515,13.0874,256.5044,12.533,158.5982,7.7492,107.2178,6.6592,8.2002,0.5093,7.6763,0.4768,7.3874,0.4588,7.0159,0.4357,6.7186,0.4173,4.1542,0.258,0.0,0.0,0.0,0.0,0.0,0.0,0.0,,0.0,0.0,0.0,0.0,0.0,0.0,0.0,0.0,0.0,0.0,0.0,0.0,0.0,0.0,0.0,0.0,0.0,0.0,0.0,0.0,0.0,0.0,0.0,0.0,0.0,0.0,0.0,0.0,0.66,0.6986,0.2875
1278,64,0.001,3,10,100,32,8,4096,184,435241,73,30,"{'sourceA': ['event_time', 'mcc_code', 'term_id'], 'sourceB': ['event_time', 'tr_type', 'amount']}",gender/checkpoints_large_30/model_64_0.001_3_10_100_4096_32_8_4096epoch=18.ckpt,18,30,0.39938447,148.499,1.0,0.0008,3.8256,1.1472,14.5864,0.7634,,3995.938,195.471,313.1886,15.3204,293.0343,14.3345,281.8843,13.7891,266.7509,13.0488,254.0027,12.4252,144.5859,7.0728,100.8968,6.4756,7.908,0.5075,7.3991,0.4749,7.1175,0.4568,6.7354,0.4323,6.4135,0.4116,3.6508,0.2343,0.0,0.0,0.0,0.0,0.0,0.0,0.0,,0.0,0.0,0.0,0.0,0.0,0.0,0.0,0.0,0.0,0.0,0.0,0.0,0.0,0.0,0.0,0.0,0.0,0.0,0.0,0.0,0.0,0.0,0.0,0.0,0.0,0.0,0.0,0.0,0.7,0.7012,0.2875
1279,64,0.001,3,10,100,32,8,4096,184,435241,73,30,"{'sourceA': ['event_time', 'mcc_code', 'term_id'], 'sourceB': ['event_time', 'tr_type', 'amount']}",gender/checkpoints_large_30/model_64_0.001_3_10_100_4096_32_8_4096epoch=19.ckpt,19,30,0.39784563,148.6929,1.0,0.0008,3.7834,1.1539,13.3455,0.7551,,4008.0828,196.0656,310.4719,15.1875,290.2457,14.1981,279.0487,13.6504,264.4189,12.9347,252.4074,12.3472,139.7598,6.8367,116.4004,7.134,9.0165,0.5526,8.4292,0.5166,8.104,0.4967,7.6791,0.4706,7.3303,0.4493,4.0588,0.2488,0.0,0.0,0.0,0.0,0.0,0.0,0.0,,0.0,0.0,0.0,0.0,0.0,0.0,0.0,0.0,0.0,0.0,0.0,0.0,0.0,0.0,0.0,0.0,0.0,0.0,0.0,0.0,0.0,0.0,0.0,0.0,0.0,0.0,0.0,0.0,0.676,0.6812,0.2875
1280,64,0.001,3,10,100,32,8,4096,184,435241,73,30,"{'sourceA': ['event_time', 'mcc_code', 'term_id'], 'sourceB': ['event_time', 'tr_type', 'amount']}",gender/checkpoints_large_30/model_64_0.001_3_10_100_4096_32_8_4096epoch=20.ckpt,20,30,0.39938447,147.5709,1.0,0.0008,3.8324,1.1584,13.8111,0.7491,,4033.0132,196.9554,310.7631,15.1764,291.098,14.216,280.2077,13.6842,265.2186,12.9522,251.4625,12.2804,159.5426,7.7914,110.5928,6.7471,8.5217,0.5199,7.9825,0.487,7.6838,0.4688,7.2728,0.4437,6.8956,0.4207,4.375,0.2669,0.0,0.0,0.0,0.0,0.0,0.0,0.0,,0.0,0.0,0.0,0.0,0.0,0.0,0.0,0.0,0.0,0.0,0.0,0.0,0.0,0.0,0.0,0.0,0.0,0.0,0.0,0.0,0.0,0.0,0.0,0.0,0.0,0.0,0.0,0.0,0.612,0.68,0.2875
1281,64,0.001,3,10,100,32,8,4096,184,435241,73,30,"{'sourceA': ['event_time', 'mcc_code', 'term_id'], 'sourceB': ['event_time', 'tr_type', 'amount']}",gender/checkpoints_large_30/model_64_0.001_3_10_100_4096_32_8_4096epoch=21.ckpt,21,30,0.40151513,145.8002,1.0,0.0008,3.7819,1.1573,14.2329,0.7503,,3972.1775,194.193,307.7048,15.0432,288.0053,14.0801,277.2738,13.5554,262.8309,12.8494,250.7368,12.2581,158.5795,7.7527,116.8823,7.1628,9.0543,0.5549,8.4746,0.5193,8.1588,0.5,7.7339,0.474,7.378,0.4521,4.6662,0.286,0.0,0.0,0.0,0.0,0.0,0.0,0.0,,0.0,0.0,0.0,0.0,0.0,0.0,0.0,0.0,0.0,0.0,0.0,0.0,0.0,0.0,0.0,0.0,0.0,0.0,0.0,0.0,0.0,0.0,0.0,0.0,0.0,0.0,0.0,0.0,0.668,0.6841,0.2875
1282,64,0.001,3,10,100,32,8,4096,184,435241,73,30,"{'sourceA': ['event_time', 'mcc_code', 'term_id'], 'sourceB': ['event_time', 'tr_type', 'amount']}",gender/checkpoints_large_30/model_64_0.001_3_10_100_4096_32_8_4096epoch=22.ckpt,22,30,0.40536216,146.5398,1.0,0.0008,3.7749,1.1591,13.407,0.7481,,3968.398,193.9861,307.3061,15.022,287.1763,14.038,275.864,13.485,260.7847,12.7479,248.019,12.1238,163.2568,7.9804,115.0098,6.8045,8.9062,0.5269,8.3228,0.4924,7.9949,0.473,7.5579,0.4472,7.1879,0.4253,4.7314,0.2799,0.0,0.0,0.0,0.0,0.0,0.0,0.0,,0.0,0.0,0.0,0.0,0.0,0.0,0.0,0.0,0.0,0.0,0.0,0.0,0.0,0.0,0.0,0.0,0.0,0.0,0.0,0.0,0.0,0.0,0.0,0.0,0.0,0.0,0.0,0.0,0.656,0.6806,0.2875
1283,64,0.001,3,10,100,32,8,4096,184,435241,73,30,"{'sourceA': ['event_time', 'mcc_code', 'term_id'], 'sourceB': ['event_time', 'tr_type', 'amount']}",gender/checkpoints_large_30/model_64_0.001_3_10_100_4096_32_8_4096epoch=23.ckpt,23,30,0.40607244,145.6958,1.0,0.0008,3.7698,1.1568,13.0651,0.7513,,3937.4116,192.5695,307.0863,15.0189,287.0824,14.0405,276.3004,13.5132,261.4836,12.7885,249.1472,12.1852,150.5136,7.3613,109.6333,6.8735,8.5505,0.5361,7.9935,0.5012,7.6933,0.4823,7.2807,0.4565,6.9373,0.4349,4.1909,0.2627,0.0,0.0,0.0,0.0,0.0,0.0,0.0,,0.0,0.0,0.0,0.0,0.0,0.0,0.0,0.0,0.0,0.0,0.0,0.0,0.0,0.0,0.0,0.0,0.0,0.0,0.0,0.0,0.0,0.0,0.0,0.0,0.0,0.0,0.0,0.0,0.692,0.7211,0.2875
1284,64,0.001,3,10,100,32,8,4096,184,435241,73,30,"{'sourceA': ['event_time', 'mcc_code', 'term_id'], 'sourceB': ['event_time', 'tr_type', 'amount']}",gender/checkpoints_large_30/model_64_0.001_3_10_100_4096_32_8_4096epoch=24.ckpt,24,30,0.40459278,146.2779,1.0,0.0008,3.7568,1.1594,13.5471,0.7482,,3940.5996,192.7802,308.4178,15.0883,288.3298,14.1055,277.1395,13.5581,262.5444,12.8441,249.7797,12.2196,150.6876,7.3719,112.422,6.9026,8.7989,0.5402,8.2258,0.5051,7.9066,0.4855,7.4902,0.4599,7.126,0.4375,4.299,0.264,0.0,0.0,0.0,0.0,0.0,0.0,0.0,,0.0,0.0,0.0,0.0,0.0,0.0,0.0,0.0,0.0,0.0,0.0,0.0,0.0,0.0,0.0,0.0,0.0,0.0,0.0,0.0,0.0,0.0,0.0,0.0,0.0,0.0,0.0,0.0,0.668,0.728,0.2875
1285,64,0.001,3,10,100,32,8,4096,184,435241,73,30,"{'sourceA': ['event_time', 'mcc_code', 'term_id'], 'sourceB': ['event_time', 'tr_type', 'amount']}",gender/checkpoints_large_30/model_64_0.001_3_10_100_4096_32_8_4096epoch=25.ckpt,25,30,0.40222538,143.0964,1.0,0.0008,3.7828,1.1565,13.2108,0.7521,,3878.139,189.8847,306.142,14.9896,286.1243,14.0095,275.2127,13.4752,261.0145,12.78,249.1515,12.1992,144.0249,7.0519,109.529,6.9412,8.6463,0.5479,8.0809,0.5121,7.7727,0.4926,7.3718,0.4672,7.0367,0.4459,4.0677,0.2578,0.0,0.0,0.0,0.0,0.0,0.0,0.0,,0.0,0.0,0.0,0.0,0.0,0.0,0.0,0.0,0.0,0.0,0.0,0.0,0.0,0.0,0.0,0.0,0.0,0.0,0.0,0.0,0.0,0.0,0.0,0.0,0.0,0.0,0.0,0.0,0.66,0.712,0.2875
1286,64,0.001,3,10,100,32,8,4096,184,435241,73,30,"{'sourceA': ['event_time', 'mcc_code', 'term_id'], 'sourceB': ['event_time', 'tr_type', 'amount']}",gender/checkpoints_large_30/model_64_0.001_3_10_100_4096_32_8_4096epoch=26.ckpt,26,30,0.39825994,144.6422,1.0,0.0008,3.7829,1.1555,14.2457,0.7537,,3871.7751,189.7448,307.5763,15.0734,287.3605,14.0827,276.2977,13.5406,262.0596,12.8428,250.4513,12.2739,138.7389,6.7992,99.8761,6.39,7.9342,0.5076,7.4127,0.4743,7.1274,0.456,6.7601,0.4325,6.4606,0.4133,3.5789,0.229,0.0,0.0,0.0,0.0,0.0,0.0,0.0,,0.0,0.0,0.0,0.0,0.0,0.0,0.0,0.0,0.0,0.0,0.0,0.0,0.0,0.0,0.0,0.0,0.0,0.0,0.0,0.0,0.0,0.0,0.0,0.0,0.0,0.0,0.0,0.0,0.704,0.7042,0.2875
1287,64,0.001,3,10,100,32,8,4096,184,435241,73,30,"{'sourceA': ['event_time', 'mcc_code', 'term_id'], 'sourceB': ['event_time', 'tr_type', 'amount']}",gender/checkpoints_large_30/model_64_0.001_3_10_100_4096_32_8_4096epoch=27.ckpt,27,30,0.40601322,145.2592,1.0,0.0009,3.7481,1.1623,13.2825,0.7453,,3880.1255,190.1888,304.5042,14.9256,284.0026,13.9207,272.5487,13.3593,257.2927,12.6115,244.4977,11.9843,140.4919,6.8864,103.7186,6.8486,8.1396,0.5375,7.5916,0.5013,7.2854,0.4811,6.8776,0.4541,6.5356,0.4315,3.7555,0.248,0.0,0.0,0.0,0.0,0.0,0.0,0.0,,0.0,0.0,0.0,0.0,0.0,0.0,0.0,0.0,0.0,0.0,0.0,0.0,0.0,0.0,0.0,0.0,0.0,0.0,0.0,0.0,0.0,0.0,0.0,0.0,0.0,0.0,0.0,0.0,0.664,0.6934,0.2875
1288,64,0.001,3,10,100,32,8,4096,184,435241,73,30,"{'sourceA': ['event_time', 'mcc_code', 'term_id'], 'sourceB': ['event_time', 'tr_type', 'amount']}",gender/checkpoints_large_30/model_64_0.001_3_10_100_4096_32_8_4096epoch=28.ckpt,28,30,0.4038826,145.7059,1.0,0.0009,3.7595,1.1591,15.324,0.7493,,3886.3816,190.3299,308.9338,15.1296,289.3577,14.1709,278.5523,13.6417,264.242,12.9409,252.2942,12.3557,137.3153,6.7248,104.8243,6.5042,8.3326,0.517,7.8046,0.4843,7.5132,0.4662,7.1272,0.4422,6.8049,0.4222,3.7037,0.2298,0.0,0.0,0.0,0.0,0.0,0.0,0.0,,0.0,0.0,0.0,0.0,0.0,0.0,0.0,0.0,0.0,0.0,0.0,0.0,0.0,0.0,0.0,0.0,0.0,0.0,0.0,0.0,0.0,0.0,0.0,0.0,0.0,0.0,0.0,0.0,0.684,0.7035,0.2875
1289,64,0.001,3,10,100,32,8,4096,184,435241,73,30,"{'sourceA': ['event_time', 'mcc_code', 'term_id'], 'sourceB': ['event_time', 'tr_type', 'amount']}",gender/checkpoints_large_30/model_64_0.001_3_10_100_4096_32_8_4096epoch=29.ckpt,29,30,0.41074812,146.198,1.0,0.0008,3.7519,1.1621,14.4414,0.7452,,3885.72,190.1559,307.3613,15.0414,287.0514,14.0475,275.8242,13.498,261.1008,12.7775,248.2391,12.1481,151.6336,7.4205,102.0529,6.5048,8.0724,0.5145,7.539,0.4805,7.2441,0.4617,6.8574,0.4371,6.5196,0.4156,3.9824,0.2538,0.0,0.0,0.0,0.0,0.0,0.0,0.0,,0.0,0.0,0.0,0.0,0.0,0.0,0.0,0.0,0.0,0.0,0.0,0.0,0.0,0.0,0.0,0.0,0.0,0.0,0.0,0.0,0.0,0.0,0.0,0.0,0.0,0.0,0.0,0.0,0.66,0.693,0.2875
